Rolling 0 - Variant 0 - 10_20 - Fit Metrics
Returns: [-151.5, -151.5, 0, 0, 946.9999999999482, -215.4999999999945, 0, 0, 0, 0, 0, 771.99999999998, 2183.0, 0, -151.5, 0, 0, 0, 0, 0, -151.5, 0, 0, -151.5, 0, 0, 0]
Sharpe Ratio: 0.224
Annualized Sharpe: 3.555
Sharpe 95% CI: (np.float64(-1.212), np.float64(10.237))
Win Rate (%): 11.11
Max Drawdown: -454.5
Profit Factor: 4.01
Expectancy: 108.481
Total Trades: 27

Rolling 0 - Variant 0 - 10_20 - Test Metrics
Returns: [0, -151.5, -454.5, -151.5, 0, 386.0000000000115, 0, -303.0, -151.5, -151.5, -151.5, 0, 0, -303.0, 0, -151.5, 0, 0, 0, -151.5, 820.5000000000134, 2334.5, 0, -151.5, 0, 0, 0, 0, 0, 436.00000000000597, 0, -151.5, 0, 0, 0, 0, 2486, -151.5, 0, 0, 0, 0, 0, 0, -151.5, 0, -90.50000000000826, -468.5, 0, -303.0, 0, 0, -151.5, 0, 0, -151.5, 0, -151.5, -151.5, -151.5, 0, -151.5, -151.5, 0, -151.5, -303.0, 0, 0, 0, 2486, 0, -151.5, 0, 0, 0, 0, -151.5, 0, -151.5, -303.0, 0, -303.0, -151.5, -151.5, 0, -303.0, -303.0, -151.5, 0, 0, 0, -14.0, -151.5, 0, -151.5, 0, 0, 997.0000000000107, 0, 109.50000000002524, 0, 223.5000000000016, 0, -303.0, 0, 0, -151.5, -151.5, 0, 0, 1595.499999999971, 2486, 0, 0, 0, 0, 0, -151.5, -151.5, 0, 0, 0, -454.5, 0, -151.5, 0, 0, 0, 2486, -151.5, -151.5, -151.5, 0, -606.0, 0, -303.0, 0, -151.5, 0, -303.0, 2243.999999999994, 0, 0, 0, 0, 0, 0, 0, -151.5, -151.5, 0, -151.5, 0, -151.5, 535.9999999999949, 0, 0, 0, -151.5, 98.49999999995985, 411.0000000000087, 0, 0, 0, 0, 0, 0, 672.0000000000465, 0, -303.0, -454.5, 1797.0000000000337, -151.5, 0, 798.4999999999937, -151.5, -454.5, 0, -151.5, 0, 0, -454.5, 0, 0, 0, 0, 0, 0, 0, 0, 746.9999999999827, -151.5, 0, -303.0, 0, 0, -151.5, 0, 0, 0, 4246.999999999973, 0, 509.5000000000367, 0, 0, 0, -151.5, 0, 0, -151.5, 0, -303.0, 0, -151.5, 0, -151.5, 0, 0, -151.5, 0, 0, -303.0, 0, -303.0, -151.5, 0, 0, 0, 0, -151.5, 0, 398.50000000003786, -303.0, -303.0, 0, -151.5, 0, 0, 0, 0, 0, -151.5, -151.5, 0, -151.5, -151.5, 0, 0, -151.5, 0, -151.5, -303.0, 0, 121.99999999999608, -151.5, 0, 0, 323.49999999999056, 0, -151.5, 0, 0, -151.5, 0, 0, 0, 0, 0, -303.0, 235.99999999997246, -151.5, -151.5, 0, -151.5, -151.5, -151.5, 0, 0, -151.5, 0, 0, 0, 0, 0, -151.5, 0]
Sharpe Ratio: 0.07
Annualized Sharpe: 1.117
Sharpe 95% CI: (np.float64(-0.648), np.float64(3.096))
Win Rate (%): 9.09
Max Drawdown: -4677.0
Profit Factor: 1.491
Expectancy: 34.512
Total Trades: 286



Rolling 0 - Variant 1 - 10_15 - Fit Metrics
Returns: [-151.5, -151.5, 0, 0, 946.9999999999482, -215.4999999999945, 0, 0, 0, 0, 0, 771.99999999998, 1558.0, 0, -151.5, 0, 0, 0, 0, 0, -151.5, 0, 0, -151.5, 0, 0, 0]
Sharpe Ratio: 0.221
Annualized Sharpe: 3.504
Sharpe 95% CI: (np.float64(-1.52), np.float64(10.048))
Win Rate (%): 11.11
Max Drawdown: -454.5
Profit Factor: 3.368
Expectancy: 85.333
Total Trades: 27

Rolling 0 - Variant 1 - 10_15 - Test Metrics
Returns: [0, -151.5, -454.5, -151.5, 0, 386.0000000000115, 0, -303.0, -151.5, -151.5, -151.5, 0, 0, -303.0, 0, -151.5, 0, 0, 0, -151.5, 820.5000000000134, 1709.5, 0, -151.5, 0, 0, 0, 0, 0, 436.00000000000597, 0, -151.5, 0, 0, 0, 0, 1861, -151.5, 0, 0, 0, 0, 0, 0, -151.5, 0, -90.50000000000826, -468.5, 0, -303.0, 0, 0, -151.5, 0, 0, -151.5, 0, -151.5, -151.5, -151.5, 0, -151.5, -151.5, 0, -151.5, -303.0, 0, 0, 0, 1861, 0, -151.5, 0, 0, 0, 0, -151.5, 0, -151.5, -303.0, 0, -303.0, -151.5, -151.5, 0, -303.0, -303.0, -151.5, 0, 0, 0, -14.0, -151.5, 0, -151.5, 0, 0, 997.0000000000107, 0, 109.50000000002524, 0, 223.5000000000016, 0, -303.0, 0, 0, -151.5, -151.5, 0, 0, 1595.499999999971, 1861, 0, 0, 0, 0, 0, -151.5, -151.5, 0, 0, 0, -454.5, 0, -151.5, 0, 0, 0, 1861, -151.5, -151.5, -151.5, 0, -606.0, 0, -303.0, 0, -151.5, 0, -303.0, 2243.999999999994, 0, 0, 0, 0, 0, 0, 0, -151.5, -151.5, 0, -151.5, 0, -151.5, 535.9999999999949, 0, 0, 0, -151.5, 98.49999999995985, 411.0000000000087, 0, 0, 0, 0, 0, 0, 672.0000000000465, 0, -303.0, -454.5, 1709.5, -151.5, 0, 1861, -151.5, -454.5, 0, -151.5, 0, 0, -454.5, 0, 0, 0, 0, 0, 0, 0, 0, 746.9999999999827, -151.5, 0, -303.0, 0, 0, -151.5, 0, 0, 0, 3722, 0, 509.5000000000367, 0, 0, 0, -151.5, 0, 0, -151.5, 0, -303.0, 0, -151.5, 0, -151.5, 0, 0, -151.5, 0, 0, -303.0, 0, -303.0, -151.5, 0, 0, 0, 0, -151.5, 0, 398.50000000003786, -303.0, -303.0, 0, -151.5, 0, 0, 0, 0, 0, -151.5, -151.5, 0, -151.5, -151.5, 0, 0, -151.5, 0, -151.5, -303.0, 0, 121.99999999999608, -151.5, 0, 0, 323.49999999999056, 0, -151.5, 0, 0, -151.5, 0, 0, 0, 0, 0, -303.0, 235.99999999997246, -151.5, -151.5, 0, -151.5, -151.5, -151.5, 0, 0, -151.5, 0, 0, 0, 0, 0, -151.5, 0]
Sharpe Ratio: 0.058
Annualized Sharpe: 0.921
Sharpe 95% CI: (np.float64(-0.867), np.float64(2.864))
Win Rate (%): 9.09
Max Drawdown: -4677.0
Profit Factor: 1.358
Expectancy: 25.159
Total Trades: 286



Rolling 0 - Variant 2 - 10_12 - Fit Metrics
Returns: [-151.5, -151.5, 0, 0, 946.9999999999482, -215.4999999999945, 0, 0, 0, 0, 0, 771.99999999998, 1183.0, 0, -151.5, 0, 0, 0, 0, 0, -151.5, 0, 0, -151.5, 0, 0, 0]
Sharpe Ratio: 0.213
Annualized Sharpe: 3.387
Sharpe 95% CI: (np.float64(-1.754), np.float64(9.884))
Win Rate (%): 11.11
Max Drawdown: -454.5
Profit Factor: 2.983
Expectancy: 71.444
Total Trades: 27

Rolling 0 - Variant 2 - 10_12 - Test Metrics
Returns: [0, -151.5, -454.5, -151.5, 0, 386.0000000000115, 0, -303.0, -151.5, -151.5, -151.5, 0, 0, -303.0, 0, -151.5, 0, 0, 0, -151.5, 820.5000000000134, 1334.5, 0, -151.5, 0, 0, 0, 0, 0, 436.00000000000597, 0, -151.5, 0, 0, 0, 0, 1486, -151.5, 0, 0, 0, 0, 0, 0, -151.5, 0, -90.50000000000826, -468.5, 0, -303.0, 0, 0, -151.5, 0, 0, -151.5, 0, -151.5, -151.5, -151.5, 0, -151.5, -151.5, 0, -151.5, -303.0, 0, 0, 0, 1486, 0, -151.5, 0, 0, 0, 0, -151.5, 0, -151.5, -303.0, 0, -303.0, -151.5, -151.5, 0, -303.0, -303.0, -151.5, 0, 0, 0, -14.0, -151.5, 0, -151.5, 0, 0, 997.0000000000107, 0, 109.50000000002524, 0, 223.5000000000016, 0, -303.0, 0, 0, -151.5, -151.5, 0, 0, 1595.499999999971, 1486, 0, 0, 0, 0, 0, -151.5, -151.5, 0, 0, 0, -454.5, 0, -151.5, 0, 0, 0, 1486, 1486, -151.5, -151.5, 0, -606.0, 0, -303.0, 0, -151.5, 0, -303.0, 2669.0, 0, 0, 0, 0, 0, 0, 0, -151.5, -151.5, 0, -151.5, 0, -151.5, 535.9999999999949, 0, 0, 0, -151.5, 98.49999999995985, 411.0000000000087, 0, 0, 0, 0, 0, 0, 672.0000000000465, 0, -303.0, -454.5, 1334.5, -151.5, 0, 1486, -151.5, -454.5, 0, -151.5, 0, 0, 1183.0, 0, 0, 0, 0, 0, 0, 0, 0, 1334.5, -151.5, 0, -303.0, 0, 0, -151.5, 0, 0, 0, 2972, 0, 1334.5, 0, 0, 0, -151.5, 0, 0, -151.5, 0, -303.0, 0, -151.5, 0, -151.5, 0, 0, -151.5, 0, 0, -303.0, 0, -303.0, -151.5, 0, 0, 0, 0, -151.5, 0, 398.50000000003786, -303.0, -303.0, 0, -151.5, 0, 0, 0, 0, 0, -151.5, -151.5, 0, -151.5, -151.5, 0, 0, -151.5, 0, -151.5, -303.0, 0, 121.99999999999608, -151.5, 0, 0, 323.49999999999056, 0, -151.5, 0, 0, -151.5, 0, 0, 0, 0, 0, -303.0, 235.99999999997246, -151.5, -151.5, 0, -151.5, -151.5, -151.5, 0, 0, -151.5, 0, 0, 0, 0, 0, -151.5, 0]
Sharpe Ratio: 0.076
Annualized Sharpe: 1.206
Sharpe 95% CI: (np.float64(-0.573), np.float64(3.134))
Win Rate (%): 9.79
Max Drawdown: -4677.0
Profit Factor: 1.458
Expectancy: 31.234
Total Trades: 286



Rolling 0 - Variant 3 - 10_8 - Fit Metrics
Returns: [-151.5, -151.5, 0, 0, 1259.4999999999961, -215.4999999999945, 0, 0, 0, 0, 0, 834.5, 683.0, 0, -151.5, 0, 0, 0, 0, 0, -151.5, 0, 0, -151.5, 0, 0, 0]
Sharpe Ratio: 0.204
Annualized Sharpe: 3.238
Sharpe 95% CI: (np.float64(-1.861), np.float64(9.686))
Win Rate (%): 11.11
Max Drawdown: -454.5
Profit Factor: 2.854
Expectancy: 66.815
Total Trades: 27

Rolling 0 - Variant 3 - 10_8 - Test Metrics
Returns: [0, -151.5, -454.5, -151.5, 0, 986, 0, -303.0, -151.5, -151.5, -151.5, 0, 0, -303.0, 0, -151.5, 0, 0, 0, -151.5, 683.0, 834.5, 0, -151.5, 0, 0, 0, 0, 0, 436.00000000000597, 0, -151.5, 0, 0, 0, 0, 986, -151.5, 0, 0, 0, 0, 0, 0, -151.5, 0, -90.50000000000826, -468.5, 0, -303.0, 0, 0, 986, 0, 0, -151.5, 0, -151.5, -151.5, -151.5, 0, 986, -151.5, 0, -151.5, -303.0, 0, 0, 0, 986, 0, -151.5, 0, 0, 0, 0, -151.5, 0, -151.5, -303.0, 0, -303.0, -151.5, -151.5, 0, -303.0, -303.0, -151.5, 0, 0, 0, -14.0, -151.5, 0, -151.5, 0, 0, 834.5, 0, 834.5, 0, 223.5000000000016, 0, -303.0, 0, 0, -151.5, -151.5, 0, 0, 1820.5, 986, 0, 0, 0, 0, 0, -151.5, -151.5, 0, 0, 0, -454.5, 0, -151.5, 0, 0, 0, 986, 986, -151.5, -151.5, 0, -606.0, 0, 834.5, 0, -151.5, 0, -303.0, 1669.0, 0, 0, 0, 0, 0, 0, 0, -151.5, -151.5, 0, -151.5, 0, 986, 535.9999999999949, 0, 0, 0, -151.5, 98.49999999995985, 411.0000000000087, 0, 0, 0, 0, 0, 0, 834.5, 0, -303.0, -454.5, 834.5, -151.5, 0, 986, -151.5, -454.5, 0, -151.5, 0, 0, 683.0, 0, 0, 0, 0, 0, 0, 0, 0, 834.5, -151.5, 0, -303.0, 0, 0, -151.5, 0, 0, 0, 1972, 0, 834.5, 0, 0, 0, -151.5, 0, 0, -151.5, 0, -303.0, 0, -151.5, 0, -151.5, 0, 0, -151.5, 0, 0, -303.0, 0, -303.0, -151.5, 0, 0, 0, 0, -151.5, 0, 398.50000000003786, -303.0, -303.0, 0, -151.5, 0, 0, 0, 0, 0, -151.5, -151.5, 0, -151.5, -151.5, 0, 0, -151.5, 0, -151.5, -303.0, 0, 121.99999999999608, -151.5, 0, 0, 323.49999999999056, 0, -151.5, 0, 0, -151.5, 0, 0, 0, 0, 0, -303.0, 235.99999999997246, -151.5, -151.5, 0, -151.5, -151.5, -151.5, 0, 0, -151.5, 0, 0, 0, 0, 0, -151.5, 0]
Sharpe Ratio: 0.077
Annualized Sharpe: 1.23
Sharpe 95% CI: (np.float64(-0.551), np.float64(3.123))
Win Rate (%): 11.19
Max Drawdown: -4677.0
Profit Factor: 1.394
Expectancy: 25.858
Total Trades: 286



Rolling 0 - Variant 4 - 10_10 - Fit Metrics
Returns: [-151.5, -151.5, 0, 0, 946.9999999999482, -215.4999999999945, 0, 0, 0, 0, 0, 771.99999999998, 933.0, 0, -151.5, 0, 0, 0, 0, 0, -151.5, 0, 0, -151.5, 0, 0, 0]
Sharpe Ratio: 0.204
Annualized Sharpe: 3.236
Sharpe 95% CI: (np.float64(-1.952), np.float64(9.657))
Win Rate (%): 11.11
Max Drawdown: -454.5
Profit Factor: 2.726
Expectancy: 62.185
Total Trades: 27

Rolling 0 - Variant 4 - 10_10 - Test Metrics
Returns: [0, -151.5, -454.5, -151.5, 0, 1236, 0, -303.0, -151.5, -151.5, -151.5, 0, 0, -303.0, 0, -151.5, 0, 0, 0, -151.5, 933.0, 1084.5, 0, -151.5, 0, 0, 0, 0, 0, 436.00000000000597, 0, -151.5, 0, 0, 0, 0, 1236, -151.5, 0, 0, 0, 0, 0, 0, -151.5, 0, -90.50000000000826, -468.5, 0, -303.0, 0, 0, -151.5, 0, 0, -151.5, 0, -151.5, -151.5, -151.5, 0, -151.5, -151.5, 0, -151.5, -303.0, 0, 0, 0, 1236, 0, -151.5, 0, 0, 0, 0, -151.5, 0, -151.5, -303.0, 0, -303.0, -151.5, -151.5, 0, -303.0, -303.0, -151.5, 0, 0, 0, -14.0, -151.5, 0, -151.5, 0, 0, 1084.5, 0, 1084.5, 0, 223.5000000000016, 0, -303.0, 0, 0, -151.5, -151.5, 0, 0, 1595.499999999971, 1236, 0, 0, 0, 0, 0, -151.5, -151.5, 0, 0, 0, -454.5, 0, -151.5, 0, 0, 0, 1236, 1236, -151.5, -151.5, 0, -606.0, 0, -303.0, 0, -151.5, 0, -303.0, 2169.0, 0, 0, 0, 0, 0, 0, 0, -151.5, -151.5, 0, -151.5, 0, -151.5, 535.9999999999949, 0, 0, 0, -151.5, 98.49999999995985, 411.0000000000087, 0, 0, 0, 0, 0, 0, 1084.5, 0, -303.0, -454.5, 1084.5, -151.5, 0, 1236, -151.5, -454.5, 0, -151.5, 0, 0, 933.0, 0, 0, 0, 0, 0, 0, 0, 0, 1084.5, -151.5, 0, -303.0, 0, 0, -151.5, 0, 0, 0, 2472, 0, 1084.5, 0, 0, 0, -151.5, 0, 0, -151.5, 0, -303.0, 0, -151.5, 0, -151.5, 0, 0, -151.5, 0, 0, -303.0, 0, -303.0, -151.5, 0, 0, 0, 0, -151.5, 0, 398.50000000003786, -303.0, -303.0, 0, -151.5, 0, 0, 0, 0, 0, -151.5, -151.5, 0, -151.5, -151.5, 0, 0, -151.5, 0, -151.5, -303.0, 0, 121.99999999999608, -151.5, 0, 0, 323.49999999999056, 0, -151.5, 0, 0, -151.5, 0, 0, 0, 0, 0, -303.0, 235.99999999997246, -151.5, -151.5, 0, -151.5, -151.5, -151.5, 0, 0, -151.5, 0, 0, 0, 0, 0, -151.5, 0]
Sharpe Ratio: 0.071
Annualized Sharpe: 1.133
Sharpe 95% CI: (np.float64(-0.642), np.float64(3.038))
Win Rate (%): 9.79
Max Drawdown: -4677.0
Profit Factor: 1.391
Expectancy: 26.645
Total Trades: 286



Rolling 1 - Variant 0 - 10_20 - Fit Metrics
Returns: [-151.5, -151.5, 0, 0, 946.9999999999482, -215.4999999999945, 0, 0, 0, 0, 0, 771.99999999998, 2183.0, 0, -151.5, 0, 0, 0, 0, 0, -151.5, 0, 0, -151.5, 0, 0, 0, 0, -151.5, -454.5, -151.5, 0, 386.0000000000115, 0, -303.0, -151.5, -151.5, -151.5, 0, 0, -303.0, 0, -151.5, 0, 0, 0, -151.5, 820.5000000000134, 2334.5, 0, -151.5, 0, 0]
Sharpe Ratio: 0.159
Annualized Sharpe: 2.521
Sharpe 95% CI: (np.float64(-1.147), np.float64(7.233))
Win Rate (%): 11.32
Max Drawdown: -2189.5
Profit Factor: 2.293
Expectancy: 79.198
Total Trades: 53

Rolling 1 - Variant 0 - 10_20 - Test Metrics
Returns: [0, 0, 0, 436.00000000000597, 0, -151.5, 0, 0, 0, 0, 2486, -151.5, 0, 0, 0, 0, 0, 0, -151.5, 0, -90.50000000000826, -468.5, 0, -303.0, 0, 0, -151.5, 0, 0, -151.5, 0, -151.5, -151.5, -151.5, 0, -151.5, -151.5, 0, -151.5, -303.0, 0, 0, 0, 2486, 0, -151.5, 0, 0, 0, 0, -151.5, 0, -151.5, -303.0, 0, -303.0, -151.5, -151.5, 0, -303.0, -303.0, -151.5, 0, 0, 0, -14.0, -151.5, 0, -151.5, 0, 0, 997.0000000000107, 0, 109.50000000002524, 0, 223.5000000000016, 0, -303.0, 0, 0, -151.5, -151.5, 0, 0, 1595.499999999971, 2486, 0, 0, 0, 0, 0, -151.5, -151.5, 0, 0, 0, -454.5, 0, -151.5, 0, 0, 0, 2486, -151.5, -151.5, -151.5, 0, -606.0, 0, -303.0, 0, -151.5, 0, -303.0, 2243.999999999994, 0, 0, 0, 0, 0, 0, 0, -151.5, -151.5, 0, -151.5, 0, -151.5, 535.9999999999949, 0, 0, 0, -151.5, 98.49999999995985, 411.0000000000087, 0, 0, 0, 0, 0, 0, 672.0000000000465, 0, -303.0, -454.5, 1797.0000000000337, -151.5, 0, 798.4999999999937, -151.5, -454.5, 0, -151.5, 0, 0, -454.5, 0, 0, 0, 0, 0, 0, 0, 0, 746.9999999999827, -151.5, 0, -303.0, 0, 0, -151.5, 0, 0, 0, 4246.999999999973, 0, 509.5000000000367, 0, 0, 0, -151.5, 0, 0, -151.5, 0, -303.0, 0, -151.5, 0, -151.5, 0, 0, -151.5, 0, 0, -303.0, 0, -303.0, -151.5, 0, 0, 0, 0, -151.5, 0, 398.50000000003786, -303.0, -303.0, 0, -151.5, 0, 0, 0, 0, 0, -151.5, -151.5, 0, -151.5, -151.5, 0, 0, -151.5, 0, -151.5, -303.0, 0, 121.99999999999608, -151.5, 0, 0, 323.49999999999056, 0, -151.5, 0, 0, -151.5, 0, 0, 0, 0, 0, -303.0, 235.99999999997246, -151.5, -151.5, 0, -151.5, -151.5, -151.5, 0, 0, -151.5, 0, 0, 0, 0, 0, -151.5, 0]
Sharpe Ratio: 0.068
Annualized Sharpe: 1.076
Sharpe 95% CI: (np.float64(-0.622), np.float64(3.174))
Win Rate (%): 8.85
Max Drawdown: -4677.0
Profit Factor: 1.482
Expectancy: 33.085
Total Trades: 260



Rolling 1 - Variant 1 - 10_10 - Fit Metrics
Returns: [-151.5, -151.5, 0, 0, 946.9999999999482, -215.4999999999945, 0, 0, 0, 0, 0, 771.99999999998, 933.0, 0, -151.5, 0, 0, 0, 0, 0, -151.5, 0, 0, -151.5, 0, 0, 0, 0, -151.5, -454.5, -151.5, 0, 1236, 0, -303.0, -151.5, -151.5, -151.5, 0, 0, -303.0, 0, -151.5, 0, 0, 0, -151.5, 933.0, 1084.5, 0, -151.5, 0, 0]
Sharpe Ratio: 0.142
Annualized Sharpe: 2.247
Sharpe 95% CI: (np.float64(-1.591), np.float64(6.799))
Win Rate (%): 11.32
Max Drawdown: -1363.5
Profit Factor: 1.82
Expectancy: 50.189
Total Trades: 53

Rolling 1 - Variant 1 - 10_10 - Test Metrics
Returns: [0, 0, 0, 436.00000000000597, 0, -151.5, 0, 0, 0, 0, 1236, -151.5, 0, 0, 0, 0, 0, 0, -151.5, 0, -90.50000000000826, -468.5, 0, -303.0, 0, 0, -151.5, 0, 0, -151.5, 0, -151.5, -151.5, -151.5, 0, -151.5, -151.5, 0, -151.5, -303.0, 0, 0, 0, 1236, 0, -151.5, 0, 0, 0, 0, -151.5, 0, -151.5, -303.0, 0, -303.0, -151.5, -151.5, 0, -303.0, -303.0, -151.5, 0, 0, 0, -14.0, -151.5, 0, -151.5, 0, 0, 1084.5, 0, 1084.5, 0, 223.5000000000016, 0, -303.0, 0, 0, -151.5, -151.5, 0, 0, 1595.499999999971, 1236, 0, 0, 0, 0, 0, -151.5, -151.5, 0, 0, 0, -454.5, 0, -151.5, 0, 0, 0, 1236, 1236, -151.5, -151.5, 0, -606.0, 0, -303.0, 0, -151.5, 0, -303.0, 2169.0, 0, 0, 0, 0, 0, 0, 0, -151.5, -151.5, 0, -151.5, 0, -151.5, 535.9999999999949, 0, 0, 0, -151.5, 98.49999999995985, 411.0000000000087, 0, 0, 0, 0, 0, 0, 1084.5, 0, -303.0, -454.5, 1084.5, -151.5, 0, 1236, -151.5, -454.5, 0, -151.5, 0, 0, 933.0, 0, 0, 0, 0, 0, 0, 0, 0, 1084.5, -151.5, 0, -303.0, 0, 0, -151.5, 0, 0, 0, 2472, 0, 1084.5, 0, 0, 0, -151.5, 0, 0, -151.5, 0, -303.0, 0, -151.5, 0, -151.5, 0, 0, -151.5, 0, 0, -303.0, 0, -303.0, -151.5, 0, 0, 0, 0, -151.5, 0, 398.50000000003786, -303.0, -303.0, 0, -151.5, 0, 0, 0, 0, 0, -151.5, -151.5, 0, -151.5, -151.5, 0, 0, -151.5, 0, -151.5, -303.0, 0, 121.99999999999608, -151.5, 0, 0, 323.49999999999056, 0, -151.5, 0, 0, -151.5, 0, 0, 0, 0, 0, -303.0, 235.99999999997246, -151.5, -151.5, 0, -151.5, -151.5, -151.5, 0, 0, -151.5, 0, 0, 0, 0, 0, -151.5, 0]
Sharpe Ratio: 0.069
Annualized Sharpe: 1.094
Sharpe 95% CI: (np.float64(-0.686), np.float64(3.261))
Win Rate (%): 9.62
Max Drawdown: -4677.0
Profit Factor: 1.385
Expectancy: 25.537
Total Trades: 260



Rolling 1 - Variant 2 - 10_15 - Fit Metrics
Returns: [-151.5, -151.5, 0, 0, 946.9999999999482, -215.4999999999945, 0, 0, 0, 0, 0, 771.99999999998, 1558.0, 0, -151.5, 0, 0, 0, 0, 0, -151.5, 0, 0, -151.5, 0, 0, 0, 0, -151.5, -454.5, -151.5, 0, 386.0000000000115, 0, -303.0, -151.5, -151.5, -151.5, 0, 0, -303.0, 0, -151.5, 0, 0, 0, -151.5, 820.5000000000134, 1709.5, 0, -151.5, 0, 0]
Sharpe Ratio: 0.14
Annualized Sharpe: 2.218
Sharpe 95% CI: (np.float64(-1.564), np.float64(6.873))
Win Rate (%): 11.32
Max Drawdown: -2189.5
Profit Factor: 1.908
Expectancy: 55.613
Total Trades: 53

Rolling 1 - Variant 2 - 10_15 - Test Metrics
Returns: [0, 0, 0, 436.00000000000597, 0, -151.5, 0, 0, 0, 0, 1861, -151.5, 0, 0, 0, 0, 0, 0, -151.5, 0, -90.50000000000826, -468.5, 0, -303.0, 0, 0, -151.5, 0, 0, -151.5, 0, -151.5, -151.5, -151.5, 0, -151.5, -151.5, 0, -151.5, -303.0, 0, 0, 0, 1861, 0, -151.5, 0, 0, 0, 0, -151.5, 0, -151.5, -303.0, 0, -303.0, -151.5, -151.5, 0, -303.0, -303.0, -151.5, 0, 0, 0, -14.0, -151.5, 0, -151.5, 0, 0, 997.0000000000107, 0, 109.50000000002524, 0, 223.5000000000016, 0, -303.0, 0, 0, -151.5, -151.5, 0, 0, 1595.499999999971, 1861, 0, 0, 0, 0, 0, -151.5, -151.5, 0, 0, 0, -454.5, 0, -151.5, 0, 0, 0, 1861, -151.5, -151.5, -151.5, 0, -606.0, 0, -303.0, 0, -151.5, 0, -303.0, 2243.999999999994, 0, 0, 0, 0, 0, 0, 0, -151.5, -151.5, 0, -151.5, 0, -151.5, 535.9999999999949, 0, 0, 0, -151.5, 98.49999999995985, 411.0000000000087, 0, 0, 0, 0, 0, 0, 672.0000000000465, 0, -303.0, -454.5, 1709.5, -151.5, 0, 1861, -151.5, -454.5, 0, -151.5, 0, 0, -454.5, 0, 0, 0, 0, 0, 0, 0, 0, 746.9999999999827, -151.5, 0, -303.0, 0, 0, -151.5, 0, 0, 0, 3722, 0, 509.5000000000367, 0, 0, 0, -151.5, 0, 0, -151.5, 0, -303.0, 0, -151.5, 0, -151.5, 0, 0, -151.5, 0, 0, -303.0, 0, -303.0, -151.5, 0, 0, 0, 0, -151.5, 0, 398.50000000003786, -303.0, -303.0, 0, -151.5, 0, 0, 0, 0, 0, -151.5, -151.5, 0, -151.5, -151.5, 0, 0, -151.5, 0, -151.5, -303.0, 0, 121.99999999999608, -151.5, 0, 0, 323.49999999999056, 0, -151.5, 0, 0, -151.5, 0, 0, 0, 0, 0, -303.0, 235.99999999997246, -151.5, -151.5, 0, -151.5, -151.5, -151.5, 0, 0, -151.5, 0, 0, 0, 0, 0, -151.5, 0]
Sharpe Ratio: 0.058
Annualized Sharpe: 0.917
Sharpe 95% CI: (np.float64(-0.815), np.float64(3.057))
Win Rate (%): 8.85
Max Drawdown: -4677.0
Profit Factor: 1.367
Expectancy: 25.2
Total Trades: 260



Rolling 1 - Variant 3 - 10_12 - Fit Metrics
Returns: [-151.5, -151.5, 0, 0, 946.9999999999482, -215.4999999999945, 0, 0, 0, 0, 0, 771.99999999998, 1183.0, 0, -151.5, 0, 0, 0, 0, 0, -151.5, 0, 0, -151.5, 0, 0, 0, 0, -151.5, -454.5, -151.5, 0, 386.0000000000115, 0, -303.0, -151.5, -151.5, -151.5, 0, 0, -303.0, 0, -151.5, 0, 0, 0, -151.5, 820.5000000000134, 1334.5, 0, -151.5, 0, 0]
Sharpe Ratio: 0.121
Annualized Sharpe: 1.916
Sharpe 95% CI: (np.float64(-1.881), np.float64(6.461))
Win Rate (%): 11.32
Max Drawdown: -2189.5
Profit Factor: 1.677
Expectancy: 41.462
Total Trades: 53

Rolling 1 - Variant 3 - 10_12 - Test Metrics
Returns: [0, 0, 0, 436.00000000000597, 0, -151.5, 0, 0, 0, 0, 1486, -151.5, 0, 0, 0, 0, 0, 0, -151.5, 0, -90.50000000000826, -468.5, 0, -303.0, 0, 0, -151.5, 0, 0, -151.5, 0, -151.5, -151.5, -151.5, 0, -151.5, -151.5, 0, -151.5, -303.0, 0, 0, 0, 1486, 0, -151.5, 0, 0, 0, 0, -151.5, 0, -151.5, -303.0, 0, -303.0, -151.5, -151.5, 0, -303.0, -303.0, -151.5, 0, 0, 0, -14.0, -151.5, 0, -151.5, 0, 0, 997.0000000000107, 0, 109.50000000002524, 0, 223.5000000000016, 0, -303.0, 0, 0, -151.5, -151.5, 0, 0, 1595.499999999971, 1486, 0, 0, 0, 0, 0, -151.5, -151.5, 0, 0, 0, -454.5, 0, -151.5, 0, 0, 0, 1486, 1486, -151.5, -151.5, 0, -606.0, 0, -303.0, 0, -151.5, 0, -303.0, 2669.0, 0, 0, 0, 0, 0, 0, 0, -151.5, -151.5, 0, -151.5, 0, -151.5, 535.9999999999949, 0, 0, 0, -151.5, 98.49999999995985, 411.0000000000087, 0, 0, 0, 0, 0, 0, 672.0000000000465, 0, -303.0, -454.5, 1334.5, -151.5, 0, 1486, -151.5, -454.5, 0, -151.5, 0, 0, 1183.0, 0, 0, 0, 0, 0, 0, 0, 0, 1334.5, -151.5, 0, -303.0, 0, 0, -151.5, 0, 0, 0, 2972, 0, 1334.5, 0, 0, 0, -151.5, 0, 0, -151.5, 0, -303.0, 0, -151.5, 0, -151.5, 0, 0, -151.5, 0, 0, -303.0, 0, -303.0, -151.5, 0, 0, 0, 0, -151.5, 0, 398.50000000003786, -303.0, -303.0, 0, -151.5, 0, 0, 0, 0, 0, -151.5, -151.5, 0, -151.5, -151.5, 0, 0, -151.5, 0, -151.5, -303.0, 0, 121.99999999999608, -151.5, 0, 0, 323.49999999999056, 0, -151.5, 0, 0, -151.5, 0, 0, 0, 0, 0, -303.0, 235.99999999997246, -151.5, -151.5, 0, -151.5, -151.5, -151.5, 0, 0, -151.5, 0, 0, 0, 0, 0, -151.5, 0]
Sharpe Ratio: 0.08
Annualized Sharpe: 1.27
Sharpe 95% CI: (np.float64(-0.47), np.float64(3.427))
Win Rate (%): 9.62
Max Drawdown: -4677.0
Profit Factor: 1.503
Expectancy: 33.325
Total Trades: 260



Rolling 1 - Variant 4 - 10_8 - Fit Metrics
Returns: [-151.5, -151.5, 0, 0, 1259.4999999999961, -215.4999999999945, 0, 0, 0, 0, 0, 834.5, 683.0, 0, -151.5, 0, 0, 0, 0, 0, -151.5, 0, 0, -151.5, 0, 0, 0, 0, -151.5, -454.5, -151.5, 0, 986, 0, -303.0, -151.5, -151.5, -151.5, 0, 0, -303.0, 0, -151.5, 0, 0, 0, -151.5, 683.0, 834.5, 0, -151.5, 0, 0]
Sharpe Ratio: 0.118
Annualized Sharpe: 1.867
Sharpe 95% CI: (np.float64(-1.944), np.float64(6.488))
Win Rate (%): 11.32
Max Drawdown: -1589.5
Profit Factor: 1.627
Expectancy: 38.396
Total Trades: 53

Rolling 1 - Variant 4 - 10_8 - Test Metrics
Returns: [0, 0, 0, 436.00000000000597, 0, -151.5, 0, 0, 0, 0, 986, -151.5, 0, 0, 0, 0, 0, 0, -151.5, 0, -90.50000000000826, -468.5, 0, -303.0, 0, 0, 986, 0, 0, -151.5, 0, -151.5, -151.5, -151.5, 0, 986, -151.5, 0, -151.5, -303.0, 0, 0, 0, 986, 0, -151.5, 0, 0, 0, 0, -151.5, 0, -151.5, -303.0, 0, -303.0, -151.5, -151.5, 0, -303.0, -303.0, -151.5, 0, 0, 0, -14.0, -151.5, 0, -151.5, 0, 0, 834.5, 0, 834.5, 0, 223.5000000000016, 0, -303.0, 0, 0, -151.5, -151.5, 0, 0, 1820.5, 986, 0, 0, 0, 0, 0, -151.5, -151.5, 0, 0, 0, -454.5, 0, -151.5, 0, 0, 0, 986, 986, -151.5, -151.5, 0, -606.0, 0, 834.5, 0, -151.5, 0, -303.0, 1669.0, 0, 0, 0, 0, 0, 0, 0, -151.5, -151.5, 0, -151.5, 0, 986, 535.9999999999949, 0, 0, 0, -151.5, 98.49999999995985, 411.0000000000087, 0, 0, 0, 0, 0, 0, 834.5, 0, -303.0, -454.5, 834.5, -151.5, 0, 986, -151.5, -454.5, 0, -151.5, 0, 0, 683.0, 0, 0, 0, 0, 0, 0, 0, 0, 834.5, -151.5, 0, -303.0, 0, 0, -151.5, 0, 0, 0, 1972, 0, 834.5, 0, 0, 0, -151.5, 0, 0, -151.5, 0, -303.0, 0, -151.5, 0, -151.5, 0, 0, -151.5, 0, 0, -303.0, 0, -303.0, -151.5, 0, 0, 0, 0, -151.5, 0, 398.50000000003786, -303.0, -303.0, 0, -151.5, 0, 0, 0, 0, 0, -151.5, -151.5, 0, -151.5, -151.5, 0, 0, -151.5, 0, -151.5, -303.0, 0, 121.99999999999608, -151.5, 0, 0, 323.49999999999056, 0, -151.5, 0, 0, -151.5, 0, 0, 0, 0, 0, -303.0, 235.99999999997246, -151.5, -151.5, 0, -151.5, -151.5, -151.5, 0, 0, -151.5, 0, 0, 0, 0, 0, -151.5, 0]
Sharpe Ratio: 0.082
Annualized Sharpe: 1.307
Sharpe 95% CI: (np.float64(-0.491), np.float64(3.398))
Win Rate (%): 11.15
Max Drawdown: -4677.0
Profit Factor: 1.435
Expectancy: 27.556
Total Trades: 260



Rolling 2 - Variant 0 - 10_20 - Fit Metrics
Returns: [-151.5, -151.5, 0, 0, 946.9999999999482, -215.4999999999945, 0, 0, 0, 0, 0, 771.99999999998, 2183.0, 0, -151.5, 0, 0, 0, 0, 0, -151.5, 0, 0, -151.5, 0, 0, 0, 0, -151.5, -454.5, -151.5, 0, 386.0000000000115, 0, -303.0, -151.5, -151.5, -151.5, 0, 0, -303.0, 0, -151.5, 0, 0, 0, -151.5, 820.5000000000134, 2334.5, 0, -151.5, 0, 0, 0, 0, 0, 436.00000000000597, 0, -151.5, 0, 0, 0, 0, 2486, -151.5, 0, 0, 0, 0, 0, 0, -151.5, 0, -90.50000000000826, -468.5, 0, -303.0, 0, 0]
Sharpe Ratio: 0.147
Annualized Sharpe: 2.326
Sharpe 95% CI: (np.float64(-0.77), np.float64(5.995))
Win Rate (%): 10.13
Max Drawdown: -2189.5
Profit Factor: 2.272
Expectancy: 73.456
Total Trades: 79

Rolling 2 - Variant 0 - 10_20 - Test Metrics
Returns: [-151.5, 0, 0, -151.5, 0, -151.5, -151.5, -151.5, 0, -151.5, -151.5, 0, -151.5, -303.0, 0, 0, 0, 2486, 0, -151.5, 0, 0, 0, 0, -151.5, 0, -151.5, -303.0, 0, -303.0, -151.5, -151.5, 0, -303.0, -303.0, -151.5, 0, 0, 0, -14.0, -151.5, 0, -151.5, 0, 0, 997.0000000000107, 0, 109.50000000002524, 0, 223.5000000000016, 0, -303.0, 0, 0, -151.5, -151.5, 0, 0, 1595.499999999971, 2486, 0, 0, 0, 0, 0, -151.5, -151.5, 0, 0, 0, -454.5, 0, -151.5, 0, 0, 0, 2486, -151.5, -151.5, -151.5, 0, -606.0, 0, -303.0, 0, -151.5, 0, -303.0, 2243.999999999994, 0, 0, 0, 0, 0, 0, 0, -151.5, -151.5, 0, -151.5, 0, -151.5, 535.9999999999949, 0, 0, 0, -151.5, 98.49999999995985, 411.0000000000087, 0, 0, 0, 0, 0, 0, 672.0000000000465, 0, -303.0, -454.5, 1797.0000000000337, -151.5, 0, 798.4999999999937, -151.5, -454.5, 0, -151.5, 0, 0, -454.5, 0, 0, 0, 0, 0, 0, 0, 0, 746.9999999999827, -151.5, 0, -303.0, 0, 0, -151.5, 0, 0, 0, 4246.999999999973, 0, 509.5000000000367, 0, 0, 0, -151.5, 0, 0, -151.5, 0, -303.0, 0, -151.5, 0, -151.5, 0, 0, -151.5, 0, 0, -303.0, 0, -303.0, -151.5, 0, 0, 0, 0, -151.5, 0, 398.50000000003786, -303.0, -303.0, 0, -151.5, 0, 0, 0, 0, 0, -151.5, -151.5, 0, -151.5, -151.5, 0, 0, -151.5, 0, -151.5, -303.0, 0, 121.99999999999608, -151.5, 0, 0, 323.49999999999056, 0, -151.5, 0, 0, -151.5, 0, 0, 0, 0, 0, -303.0, 235.99999999997246, -151.5, -151.5, 0, -151.5, -151.5, -151.5, 0, 0, -151.5, 0, 0, 0, 0, 0, -151.5, 0]
Sharpe Ratio: 0.062
Annualized Sharpe: 0.976
Sharpe 95% CI: (np.float64(-0.873), np.float64(3.087))
Win Rate (%): 8.97
Max Drawdown: -4677.0
Profit Factor: 1.423
Expectancy: 29.9
Total Trades: 234



Rolling 2 - Variant 1 - 10_15 - Fit Metrics
Returns: [-151.5, -151.5, 0, 0, 946.9999999999482, -215.4999999999945, 0, 0, 0, 0, 0, 771.99999999998, 1558.0, 0, -151.5, 0, 0, 0, 0, 0, -151.5, 0, 0, -151.5, 0, 0, 0, 0, -151.5, -454.5, -151.5, 0, 386.0000000000115, 0, -303.0, -151.5, -151.5, -151.5, 0, 0, -303.0, 0, -151.5, 0, 0, 0, -151.5, 820.5000000000134, 1709.5, 0, -151.5, 0, 0, 0, 0, 0, 436.00000000000597, 0, -151.5, 0, 0, 0, 0, 1861, -151.5, 0, 0, 0, 0, 0, 0, -151.5, 0, -90.50000000000826, -468.5, 0, -303.0, 0, 0]
Sharpe Ratio: 0.125
Annualized Sharpe: 1.992
Sharpe 95% CI: (np.float64(-1.181), np.float64(5.647))
Win Rate (%): 10.13
Max Drawdown: -2189.5
Profit Factor: 1.861
Expectancy: 49.722
Total Trades: 79

Rolling 2 - Variant 1 - 10_15 - Test Metrics
Returns: [-151.5, 0, 0, -151.5, 0, -151.5, -151.5, -151.5, 0, -151.5, -151.5, 0, -151.5, -303.0, 0, 0, 0, 1861, 0, -151.5, 0, 0, 0, 0, -151.5, 0, -151.5, -303.0, 0, -303.0, -151.5, -151.5, 0, -303.0, -303.0, -151.5, 0, 0, 0, -14.0, -151.5, 0, -151.5, 0, 0, 997.0000000000107, 0, 109.50000000002524, 0, 223.5000000000016, 0, -303.0, 0, 0, -151.5, -151.5, 0, 0, 1595.499999999971, 1861, 0, 0, 0, 0, 0, -151.5, -151.5, 0, 0, 0, -454.5, 0, -151.5, 0, 0, 0, 1861, -151.5, -151.5, -151.5, 0, -606.0, 0, -303.0, 0, -151.5, 0, -303.0, 2243.999999999994, 0, 0, 0, 0, 0, 0, 0, -151.5, -151.5, 0, -151.5, 0, -151.5, 535.9999999999949, 0, 0, 0, -151.5, 98.49999999995985, 411.0000000000087, 0, 0, 0, 0, 0, 0, 672.0000000000465, 0, -303.0, -454.5, 1709.5, -151.5, 0, 1861, -151.5, -454.5, 0, -151.5, 0, 0, -454.5, 0, 0, 0, 0, 0, 0, 0, 0, 746.9999999999827, -151.5, 0, -303.0, 0, 0, -151.5, 0, 0, 0, 3722, 0, 509.5000000000367, 0, 0, 0, -151.5, 0, 0, -151.5, 0, -303.0, 0, -151.5, 0, -151.5, 0, 0, -151.5, 0, 0, -303.0, 0, -303.0, -151.5, 0, 0, 0, 0, -151.5, 0, 398.50000000003786, -303.0, -303.0, 0, -151.5, 0, 0, 0, 0, 0, -151.5, -151.5, 0, -151.5, -151.5, 0, 0, -151.5, 0, -151.5, -303.0, 0, 121.99999999999608, -151.5, 0, 0, 323.49999999999056, 0, -151.5, 0, 0, -151.5, 0, 0, 0, 0, 0, -303.0, 235.99999999997246, -151.5, -151.5, 0, -151.5, -151.5, -151.5, 0, 0, -151.5, 0, 0, 0, 0, 0, -151.5, 0]
Sharpe Ratio: 0.054
Annualized Sharpe: 0.857
Sharpe 95% CI: (np.float64(-1.012), np.float64(2.948))
Win Rate (%): 8.97
Max Drawdown: -4677.0
Profit Factor: 1.337
Expectancy: 23.81
Total Trades: 234



Rolling 2 - Variant 2 - 10_10 - Fit Metrics
Returns: [-151.5, -151.5, 0, 0, 946.9999999999482, -215.4999999999945, 0, 0, 0, 0, 0, 771.99999999998, 933.0, 0, -151.5, 0, 0, 0, 0, 0, -151.5, 0, 0, -151.5, 0, 0, 0, 0, -151.5, -454.5, -151.5, 0, 1236, 0, -303.0, -151.5, -151.5, -151.5, 0, 0, -303.0, 0, -151.5, 0, 0, 0, -151.5, 933.0, 1084.5, 0, -151.5, 0, 0, 0, 0, 0, 436.00000000000597, 0, -151.5, 0, 0, 0, 0, 1236, -151.5, 0, 0, 0, 0, 0, 0, -151.5, 0, -90.50000000000826, -468.5, 0, -303.0, 0, 0]
Sharpe Ratio: 0.115
Annualized Sharpe: 1.818
Sharpe 95% CI: (np.float64(-1.492), np.float64(5.529))
Win Rate (%): 10.13
Max Drawdown: -1363.5
Profit Factor: 1.661
Expectancy: 38.171
Total Trades: 79

Rolling 2 - Variant 2 - 10_10 - Test Metrics
Returns: [-151.5, 0, 0, -151.5, 0, -151.5, -151.5, -151.5, 0, -151.5, -151.5, 0, -151.5, -303.0, 0, 0, 0, 1236, 0, -151.5, 0, 0, 0, 0, -151.5, 0, -151.5, -303.0, 0, -303.0, -151.5, -151.5, 0, -303.0, -303.0, -151.5, 0, 0, 0, -14.0, -151.5, 0, -151.5, 0, 0, 1084.5, 0, 1084.5, 0, 223.5000000000016, 0, -303.0, 0, 0, -151.5, -151.5, 0, 0, 1595.499999999971, 1236, 0, 0, 0, 0, 0, -151.5, -151.5, 0, 0, 0, -454.5, 0, -151.5, 0, 0, 0, 1236, 1236, -151.5, -151.5, 0, -606.0, 0, -303.0, 0, -151.5, 0, -303.0, 2169.0, 0, 0, 0, 0, 0, 0, 0, -151.5, -151.5, 0, -151.5, 0, -151.5, 535.9999999999949, 0, 0, 0, -151.5, 98.49999999995985, 411.0000000000087, 0, 0, 0, 0, 0, 0, 1084.5, 0, -303.0, -454.5, 1084.5, -151.5, 0, 1236, -151.5, -454.5, 0, -151.5, 0, 0, 933.0, 0, 0, 0, 0, 0, 0, 0, 0, 1084.5, -151.5, 0, -303.0, 0, 0, -151.5, 0, 0, 0, 2472, 0, 1084.5, 0, 0, 0, -151.5, 0, 0, -151.5, 0, -303.0, 0, -151.5, 0, -151.5, 0, 0, -151.5, 0, 0, -303.0, 0, -303.0, -151.5, 0, 0, 0, 0, -151.5, 0, 398.50000000003786, -303.0, -303.0, 0, -151.5, 0, 0, 0, 0, 0, -151.5, -151.5, 0, -151.5, -151.5, 0, 0, -151.5, 0, -151.5, -303.0, 0, 121.99999999999608, -151.5, 0, 0, 323.49999999999056, 0, -151.5, 0, 0, -151.5, 0, 0, 0, 0, 0, -303.0, 235.99999999997246, -151.5, -151.5, 0, -151.5, -151.5, -151.5, 0, 0, -151.5, 0, 0, 0, 0, 0, -151.5, 0]
Sharpe Ratio: 0.071
Annualized Sharpe: 1.125
Sharpe 95% CI: (np.float64(-0.818), np.float64(3.235))
Win Rate (%): 9.83
Max Drawdown: -4677.0
Profit Factor: 1.395
Expectancy: 26.855
Total Trades: 234



Rolling 2 - Variant 3 - 10_12 - Fit Metrics
Returns: [-151.5, -151.5, 0, 0, 946.9999999999482, -215.4999999999945, 0, 0, 0, 0, 0, 771.99999999998, 1183.0, 0, -151.5, 0, 0, 0, 0, 0, -151.5, 0, 0, -151.5, 0, 0, 0, 0, -151.5, -454.5, -151.5, 0, 386.0000000000115, 0, -303.0, -151.5, -151.5, -151.5, 0, 0, -303.0, 0, -151.5, 0, 0, 0, -151.5, 820.5000000000134, 1334.5, 0, -151.5, 0, 0, 0, 0, 0, 436.00000000000597, 0, -151.5, 0, 0, 0, 0, 1486, -151.5, 0, 0, 0, 0, 0, 0, -151.5, 0, -90.50000000000826, -468.5, 0, -303.0, 0, 0]
Sharpe Ratio: 0.105
Annualized Sharpe: 1.666
Sharpe 95% CI: (np.float64(-1.558), np.float64(5.287))
Win Rate (%): 10.13
Max Drawdown: -2189.5
Profit Factor: 1.614
Expectancy: 35.481
Total Trades: 79

Rolling 2 - Variant 3 - 10_12 - Test Metrics
Returns: [-151.5, 0, 0, -151.5, 0, -151.5, -151.5, -151.5, 0, -151.5, -151.5, 0, -151.5, -303.0, 0, 0, 0, 1486, 0, -151.5, 0, 0, 0, 0, -151.5, 0, -151.5, -303.0, 0, -303.0, -151.5, -151.5, 0, -303.0, -303.0, -151.5, 0, 0, 0, -14.0, -151.5, 0, -151.5, 0, 0, 997.0000000000107, 0, 109.50000000002524, 0, 223.5000000000016, 0, -303.0, 0, 0, -151.5, -151.5, 0, 0, 1595.499999999971, 1486, 0, 0, 0, 0, 0, -151.5, -151.5, 0, 0, 0, -454.5, 0, -151.5, 0, 0, 0, 1486, 1486, -151.5, -151.5, 0, -606.0, 0, -303.0, 0, -151.5, 0, -303.0, 2669.0, 0, 0, 0, 0, 0, 0, 0, -151.5, -151.5, 0, -151.5, 0, -151.5, 535.9999999999949, 0, 0, 0, -151.5, 98.49999999995985, 411.0000000000087, 0, 0, 0, 0, 0, 0, 672.0000000000465, 0, -303.0, -454.5, 1334.5, -151.5, 0, 1486, -151.5, -454.5, 0, -151.5, 0, 0, 1183.0, 0, 0, 0, 0, 0, 0, 0, 0, 1334.5, -151.5, 0, -303.0, 0, 0, -151.5, 0, 0, 0, 2972, 0, 1334.5, 0, 0, 0, -151.5, 0, 0, -151.5, 0, -303.0, 0, -151.5, 0, -151.5, 0, 0, -151.5, 0, 0, -303.0, 0, -303.0, -151.5, 0, 0, 0, 0, -151.5, 0, 398.50000000003786, -303.0, -303.0, 0, -151.5, 0, 0, 0, 0, 0, -151.5, -151.5, 0, -151.5, -151.5, 0, 0, -151.5, 0, -151.5, -303.0, 0, 121.99999999999608, -151.5, 0, 0, 323.49999999999056, 0, -151.5, 0, 0, -151.5, 0, 0, 0, 0, 0, -303.0, 235.99999999997246, -151.5, -151.5, 0, -151.5, -151.5, -151.5, 0, 0, -151.5, 0, 0, 0, 0, 0, -151.5, 0]
Sharpe Ratio: 0.081
Annualized Sharpe: 1.285
Sharpe 95% CI: (np.float64(-0.595), np.float64(3.354))
Win Rate (%): 9.83
Max Drawdown: -4677.0
Profit Factor: 1.506
Expectancy: 34.44
Total Trades: 234



Rolling 2 - Variant 4 - 10_8 - Fit Metrics
Returns: [-151.5, -151.5, 0, 0, 1259.4999999999961, -215.4999999999945, 0, 0, 0, 0, 0, 834.5, 683.0, 0, -151.5, 0, 0, 0, 0, 0, -151.5, 0, 0, -151.5, 0, 0, 0, 0, -151.5, -454.5, -151.5, 0, 986, 0, -303.0, -151.5, -151.5, -151.5, 0, 0, -303.0, 0, -151.5, 0, 0, 0, -151.5, 683.0, 834.5, 0, -151.5, 0, 0, 0, 0, 0, 436.00000000000597, 0, -151.5, 0, 0, 0, 0, 986, -151.5, 0, 0, 0, 0, 0, 0, -151.5, 0, -90.50000000000826, -468.5, 0, -303.0, 0, 0]
Sharpe Ratio: 0.09
Annualized Sharpe: 1.424
Sharpe 95% CI: (np.float64(-1.877), np.float64(5.038))
Win Rate (%): 10.13
Max Drawdown: -1589.5
Profit Factor: 1.469
Expectancy: 27.095
Total Trades: 79

Rolling 2 - Variant 4 - 10_8 - Test Metrics
Returns: [986, 0, 0, -151.5, 0, -151.5, -151.5, -151.5, 0, 986, -151.5, 0, -151.5, -303.0, 0, 0, 0, 986, 0, -151.5, 0, 0, 0, 0, -151.5, 0, -151.5, -303.0, 0, -303.0, -151.5, -151.5, 0, -303.0, -303.0, -151.5, 0, 0, 0, -14.0, -151.5, 0, -151.5, 0, 0, 834.5, 0, 834.5, 0, 223.5000000000016, 0, -303.0, 0, 0, -151.5, -151.5, 0, 0, 1820.5, 986, 0, 0, 0, 0, 0, -151.5, -151.5, 0, 0, 0, -454.5, 0, -151.5, 0, 0, 0, 986, 986, -151.5, -151.5, 0, -606.0, 0, 834.5, 0, -151.5, 0, -303.0, 1669.0, 0, 0, 0, 0, 0, 0, 0, -151.5, -151.5, 0, -151.5, 0, 986, 535.9999999999949, 0, 0, 0, -151.5, 98.49999999995985, 411.0000000000087, 0, 0, 0, 0, 0, 0, 834.5, 0, -303.0, -454.5, 834.5, -151.5, 0, 986, -151.5, -454.5, 0, -151.5, 0, 0, 683.0, 0, 0, 0, 0, 0, 0, 0, 0, 834.5, -151.5, 0, -303.0, 0, 0, -151.5, 0, 0, 0, 1972, 0, 834.5, 0, 0, 0, -151.5, 0, 0, -151.5, 0, -303.0, 0, -151.5, 0, -151.5, 0, 0, -151.5, 0, 0, -303.0, 0, -303.0, -151.5, 0, 0, 0, 0, -151.5, 0, 398.50000000003786, -303.0, -303.0, 0, -151.5, 0, 0, 0, 0, 0, -151.5, -151.5, 0, -151.5, -151.5, 0, 0, -151.5, 0, -151.5, -303.0, 0, 121.99999999999608, -151.5, 0, 0, 323.49999999999056, 0, -151.5, 0, 0, -151.5, 0, 0, 0, 0, 0, -303.0, 235.99999999997246, -151.5, -151.5, 0, -151.5, -151.5, -151.5, 0, 0, -151.5, 0, 0, 0, 0, 0, -151.5, 0]
Sharpe Ratio: 0.088
Annualized Sharpe: 1.395
Sharpe 95% CI: (np.float64(-0.549), np.float64(3.441))
Win Rate (%): 11.54
Max Drawdown: -4677.0
Profit Factor: 1.466
Expectancy: 30.167
Total Trades: 234



Rolling 3 - Variant 0 - 20_4 - Fit Metrics
Returns: [-144.5, -144.5, 0, 0, 629.7499999999981, -176.49999999999724, 0, 0, 0, 0, 0, 348.5, 204.0, 0, -144.5, 0, 0, 0, 0, 0, -144.5, 0, 0, -144.5, 0, 0, 0, 0, -144.5, 204.0, -144.5, 0, 493, 0, -289.0, -144.5, -144.5, -144.5, 0, 0, -289.0, 0, 493, 0, 0, 0, -144.5, 204.0, 348.5, 0, -144.5, 0, 0, 0, 0, 0, 218.00000000000298, 0, -144.5, 0, 0, 0, 0, 493, 493, 0, 0, 0, 0, 0, 0, -25.749999999984055, 0, -114.00000000000412, -440.5, 0, -289.0, 0, 0, 493, 0, 0, 493, 0, -144.5, -144.5, 493, 0, 493, -144.5, 0, -144.5, 348.5, 0, 0, 0, 493, 0, -144.5, 0, 0, 0, 0, -144.5, 0]
Sharpe Ratio: 0.126
Annualized Sharpe: 1.998
Sharpe 95% CI: (np.float64(-0.962), np.float64(5.14))
Win Rate (%): 16.19
Max Drawdown: -1037.0
Profit Factor: 1.589
Expectancy: 24.505
Total Trades: 105

Rolling 3 - Variant 0 - 20_4 - Test Metrics
Returns: [-144.5, -95.24999999999233, 0, -289.0, -144.5, -144.5, 0, -289.0, -289.0, 55.500000000020876, 0, 0, 0, -7.0, -144.5, 0, 493, 0, 0, 348.5, 0, 348.5, 0, 111.7500000000008, 0, -289.0, 0, 0, -144.5, -144.5, 0, 0, 841.5, 493, 0, 0, 0, 0, 0, -144.5, -144.5, 0, 0, 0, -433.5, 0, -144.5, 0, 0, 0, 493, 493, -144.5, -144.5, 0, 59.5, 0, 348.5, 0, 493, 0, 348.5, 697.0, 0, 0, 0, 0, 0, 0, 0, -144.5, -144.5, 0, -144.5, 0, 493, 267.99999999999744, 0, 0, 0, -144.5, 49.24999999997993, 205.50000000000435, 0, 0, 0, 0, 0, 0, 348.5, 0, 167.25000000000654, -433.5, 348.5, -144.5, 0, 493, -144.5, -433.5, 0, -144.5, 0, 0, 204.0, 0, 0, 0, 0, 0, 0, 0, 0, 348.5, -144.5, 0, -289.0, 0, 0, -144.5, 0, 0, 0, 986, 0, 348.5, 0, 0, 0, -144.5, 0, 0, -144.5, 0, -238.99999999999037, 0, -144.5, 0, -144.5, 0, 0, -144.5, 0, 0, -289.0, 0, -289.0, -144.5, 0, 0, 0, 0, -32.000000000025004, 0, 199.25000000001893, 348.5, -289.0, 0, 80.50000000001812, 0, 0, 0, 0, 0, -144.5, -144.5, 0, -144.5, -144.5, 0, 0, 493, 0, 55.499999999993115, 348.5, 0, -7.750000000001961, -144.5, 0, 0, 161.74999999999528, 0, -144.5, 0, 0, -144.5, 0, 0, 0, 0, 0, -289.0, 117.99999999998623, -144.5, -144.5, 0, 280.5000000000239, -144.5, -144.5, 0, 0, -144.5, 0, 0, 0, 0, 0, -144.5, 0]
Sharpe Ratio: 0.051
Annualized Sharpe: 0.803
Sharpe 95% CI: (np.float64(-1.284), np.float64(3.047))
Win Rate (%): 16.83
Max Drawdown: -2094.75
Profit Factor: 1.207
Expectancy: 9.864
Total Trades: 208



Rolling 3 - Variant 1 - 10_20 - Fit Metrics
Returns: [-151.5, -151.5, 0, 0, 946.9999999999482, -215.4999999999945, 0, 0, 0, 0, 0, 771.99999999998, 2183.0, 0, -151.5, 0, 0, 0, 0, 0, -151.5, 0, 0, -151.5, 0, 0, 0, 0, -151.5, -454.5, -151.5, 0, 386.0000000000115, 0, -303.0, -151.5, -151.5, -151.5, 0, 0, -303.0, 0, -151.5, 0, 0, 0, -151.5, 820.5000000000134, 2334.5, 0, -151.5, 0, 0, 0, 0, 0, 436.00000000000597, 0, -151.5, 0, 0, 0, 0, 2486, -151.5, 0, 0, 0, 0, 0, 0, -151.5, 0, -90.50000000000826, -468.5, 0, -303.0, 0, 0, -151.5, 0, 0, -151.5, 0, -151.5, -151.5, -151.5, 0, -151.5, -151.5, 0, -151.5, -303.0, 0, 0, 0, 2486, 0, -151.5, 0, 0, 0, 0, -151.5, 0]
Sharpe Ratio: 0.123
Annualized Sharpe: 1.952
Sharpe 95% CI: (np.float64(-0.737), np.float64(5.146))
Win Rate (%): 8.57
Max Drawdown: -2680.0
Profit Factor: 2.014
Expectancy: 61.629
Total Trades: 105

Rolling 3 - Variant 1 - 10_20 - Test Metrics
Returns: [-151.5, -303.0, 0, -303.0, -151.5, -151.5, 0, -303.0, -303.0, -151.5, 0, 0, 0, -14.0, -151.5, 0, -151.5, 0, 0, 997.0000000000107, 0, 109.50000000002524, 0, 223.5000000000016, 0, -303.0, 0, 0, -151.5, -151.5, 0, 0, 1595.499999999971, 2486, 0, 0, 0, 0, 0, -151.5, -151.5, 0, 0, 0, -454.5, 0, -151.5, 0, 0, 0, 2486, -151.5, -151.5, -151.5, 0, -606.0, 0, -303.0, 0, -151.5, 0, -303.0, 2243.999999999994, 0, 0, 0, 0, 0, 0, 0, -151.5, -151.5, 0, -151.5, 0, -151.5, 535.9999999999949, 0, 0, 0, -151.5, 98.49999999995985, 411.0000000000087, 0, 0, 0, 0, 0, 0, 672.0000000000465, 0, -303.0, -454.5, 1797.0000000000337, -151.5, 0, 798.4999999999937, -151.5, -454.5, 0, -151.5, 0, 0, -454.5, 0, 0, 0, 0, 0, 0, 0, 0, 746.9999999999827, -151.5, 0, -303.0, 0, 0, -151.5, 0, 0, 0, 4246.999999999973, 0, 509.5000000000367, 0, 0, 0, -151.5, 0, 0, -151.5, 0, -303.0, 0, -151.5, 0, -151.5, 0, 0, -151.5, 0, 0, -303.0, 0, -303.0, -151.5, 0, 0, 0, 0, -151.5, 0, 398.50000000003786, -303.0, -303.0, 0, -151.5, 0, 0, 0, 0, 0, -151.5, -151.5, 0, -151.5, -151.5, 0, 0, -151.5, 0, -151.5, -303.0, 0, 121.99999999999608, -151.5, 0, 0, 323.49999999999056, 0, -151.5, 0, 0, -151.5, 0, 0, 0, 0, 0, -303.0, 235.99999999997246, -151.5, -151.5, 0, -151.5, -151.5, -151.5, 0, 0, -151.5, 0, 0, 0, 0, 0, -151.5, 0]
Sharpe Ratio: 0.063
Annualized Sharpe: 0.997
Sharpe 95% CI: (np.float64(-0.965), np.float64(3.374))
Win Rate (%): 9.62
Max Drawdown: -4677.0
Profit Factor: 1.43
Expectancy: 30.425
Total Trades: 208



Rolling 3 - Variant 2 - 20_12 - Fit Metrics
Returns: [-144.5, -144.5, 0, 0, 473.4999999999741, -176.49999999999724, 0, 0, 0, 0, 0, 317.24999999999, 1204.0, 0, -144.5, 0, 0, 0, 0, 0, -144.5, 0, 0, -144.5, 0, 0, 0, 0, -144.5, -433.5, -144.5, 0, 193.00000000000574, 0, -289.0, -144.5, -144.5, -144.5, 0, 0, -289.0, 0, -144.5, 0, 0, 0, -144.5, 272.7500000000067, 1348.5, 0, -144.5, 0, 0, 0, 0, 0, 218.00000000000298, 0, -144.5, 0, 0, 0, 0, 1493, 536.7499999999817, 0, 0, 0, 0, 0, 0, -25.749999999984055, 0, -114.00000000000412, -440.5, 0, -289.0, 0, 0, -144.5, 0, 0, 468.0000000000032, 0, -144.5, -144.5, 767.999999999998, 0, -144.5, -144.5, 0, -144.5, 523.500000000009, 0, 0, 0, 918.0000000000091, 0, -144.5, 0, 0, 0, 0, -144.5, 0]
Sharpe Ratio: 0.112
Annualized Sharpe: 1.777
Sharpe 95% CI: (np.float64(-1.077), np.float64(4.916))
Win Rate (%): 12.38
Max Drawdown: -2263.5
Profit Factor: 1.668
Expectancy: 33.314
Total Trades: 105

Rolling 3 - Variant 2 - 20_12 - Test Metrics
Returns: [-144.5, -95.24999999999233, 0, -289.0, -144.5, -144.5, 0, -289.0, -289.0, 55.500000000020876, 0, 0, 0, -7.0, -144.5, 0, 261.74999999998425, 0, 0, 429.75000000000534, 0, -13.99999999998738, 0, 111.7500000000008, 0, -289.0, 0, 0, -144.5, -144.5, 0, 0, 728.9999999999854, 1493, 0, 0, 0, 0, 0, -144.5, -144.5, 0, 0, 0, -433.5, 0, -144.5, 0, 0, 0, -144.5, -144.5, -144.5, -144.5, 0, -578.0, 0, -289.0, 0, 874.2500000000001, 0, -289.0, 984.499999999997, 0, 0, 0, 0, 0, 0, 0, -144.5, -144.5, 0, -144.5, 0, 342.9999999999892, 267.99999999999744, 0, 0, 0, -144.5, 49.24999999997993, 205.50000000000435, 0, 0, 0, 0, 0, 0, 267.25000000002325, 0, 167.25000000000654, -433.5, 829.7500000000168, -144.5, 0, 399.2499999999969, -144.5, -433.5, 0, -144.5, 0, 0, -433.5, 0, 0, 0, 0, 0, 0, 0, 0, 304.74999999999136, -144.5, 0, -289.0, 0, 0, -144.5, 0, 0, 0, 2123.4999999999864, 0, 186.00000000001836, 0, 0, 0, -144.5, 0, 0, -144.5, 0, -238.99999999999037, 0, -144.5, 0, -144.5, 0, 0, -144.5, 0, 0, -289.0, 0, -289.0, -144.5, 0, 0, 0, 0, -32.000000000025004, 0, 199.25000000001893, 479.7499999999999, -289.0, 0, 80.50000000001812, 0, 0, 0, 0, 0, -144.5, -144.5, 0, -144.5, -144.5, 0, 0, 836.7500000000042, 0, 55.499999999993115, 173.50000000001972, 0, -7.750000000001961, -144.5, 0, 0, 161.74999999999528, 0, -144.5, 0, 0, -144.5, 0, 0, 0, 0, 0, -289.0, 117.99999999998623, -144.5, -144.5, 0, 280.5000000000239, -144.5, -144.5, 0, 0, -144.5, 0, 0, 0, 0, 0, -144.5, 0]
Sharpe Ratio: 0.012
Annualized Sharpe: 0.189
Sharpe 95% CI: (np.float64(-1.855), np.float64(2.38))
Win Rate (%): 13.46
Max Drawdown: -2312.0
Profit Factor: 1.056
Expectancy: 3.163
Total Trades: 208



Rolling 3 - Variant 3 - 10_8 - Fit Metrics
Returns: [-151.5, -151.5, 0, 0, 1259.4999999999961, -215.4999999999945, 0, 0, 0, 0, 0, 834.5, 683.0, 0, -151.5, 0, 0, 0, 0, 0, -151.5, 0, 0, -151.5, 0, 0, 0, 0, -151.5, -454.5, -151.5, 0, 986, 0, -303.0, -151.5, -151.5, -151.5, 0, 0, -303.0, 0, -151.5, 0, 0, 0, -151.5, 683.0, 834.5, 0, -151.5, 0, 0, 0, 0, 0, 436.00000000000597, 0, -151.5, 0, 0, 0, 0, 986, -151.5, 0, 0, 0, 0, 0, 0, -151.5, 0, -90.50000000000826, -468.5, 0, -303.0, 0, 0, 986, 0, 0, -151.5, 0, -151.5, -151.5, -151.5, 0, 986, -151.5, 0, -151.5, -303.0, 0, 0, 0, 986, 0, -151.5, 0, 0, 0, 0, -151.5, 0]
Sharpe Ratio: 0.109
Annualized Sharpe: 1.727
Sharpe 95% CI: (np.float64(-1.101), np.float64(4.862))
Win Rate (%): 10.48
Max Drawdown: -1589.5
Profit Factor: 1.59
Expectancy: 34.129
Total Trades: 105

Rolling 3 - Variant 3 - 10_8 - Test Metrics
Returns: [-151.5, -303.0, 0, -303.0, -151.5, -151.5, 0, -303.0, -303.0, -151.5, 0, 0, 0, -14.0, -151.5, 0, -151.5, 0, 0, 834.5, 0, 834.5, 0, 223.5000000000016, 0, -303.0, 0, 0, -151.5, -151.5, 0, 0, 1820.5, 986, 0, 0, 0, 0, 0, -151.5, -151.5, 0, 0, 0, -454.5, 0, -151.5, 0, 0, 0, 986, 986, -151.5, -151.5, 0, -606.0, 0, 834.5, 0, -151.5, 0, -303.0, 1669.0, 0, 0, 0, 0, 0, 0, 0, -151.5, -151.5, 0, -151.5, 0, 986, 535.9999999999949, 0, 0, 0, -151.5, 98.49999999995985, 411.0000000000087, 0, 0, 0, 0, 0, 0, 834.5, 0, -303.0, -454.5, 834.5, -151.5, 0, 986, -151.5, -454.5, 0, -151.5, 0, 0, 683.0, 0, 0, 0, 0, 0, 0, 0, 0, 834.5, -151.5, 0, -303.0, 0, 0, -151.5, 0, 0, 0, 1972, 0, 834.5, 0, 0, 0, -151.5, 0, 0, -151.5, 0, -303.0, 0, -151.5, 0, -151.5, 0, 0, -151.5, 0, 0, -303.0, 0, -303.0, -151.5, 0, 0, 0, 0, -151.5, 0, 398.50000000003786, -303.0, -303.0, 0, -151.5, 0, 0, 0, 0, 0, -151.5, -151.5, 0, -151.5, -151.5, 0, 0, -151.5, 0, -151.5, -303.0, 0, 121.99999999999608, -151.5, 0, 0, 323.49999999999056, 0, -151.5, 0, 0, -151.5, 0, 0, 0, 0, 0, -303.0, 235.99999999997246, -151.5, -151.5, 0, -151.5, -151.5, -151.5, 0, 0, -151.5, 0, 0, 0, 0, 0, -151.5, 0]
Sharpe Ratio: 0.079
Annualized Sharpe: 1.25
Sharpe 95% CI: (np.float64(-0.8), np.float64(3.499))
Win Rate (%): 11.54
Max Drawdown: -4677.0
Profit Factor: 1.411
Expectancy: 27.0
Total Trades: 208



Rolling 3 - Variant 4 - 20_15 - Fit Metrics
Returns: [-144.5, -144.5, 0, 0, 473.4999999999741, -176.49999999999724, 0, 0, 0, 0, 0, 317.24999999999, 1579.0, 0, -144.5, 0, 0, 0, 0, 0, -144.5, 0, 0, -144.5, 0, 0, 0, 0, -144.5, -433.5, -144.5, 0, 193.00000000000574, 0, -289.0, -144.5, -144.5, -144.5, 0, 0, -289.0, 0, -144.5, 0, 0, 0, -144.5, 272.7500000000067, 1086.0000000000025, 0, -144.5, 0, 0, 0, 0, 0, 218.00000000000298, 0, -144.5, 0, 0, 0, 0, 1093.0000000000177, 536.7499999999817, 0, 0, 0, 0, 0, 0, -25.749999999984055, 0, -114.00000000000412, -440.5, 0, -289.0, 0, 0, -144.5, 0, 0, 468.0000000000032, 0, -144.5, -144.5, 767.999999999998, 0, -144.5, -144.5, 0, -144.5, 523.500000000009, 0, 0, 0, 918.0000000000091, 0, -144.5, 0, 0, 0, 0, -144.5, 0]
Sharpe Ratio: 0.106
Annualized Sharpe: 1.688
Sharpe 95% CI: (np.float64(-1.167), np.float64(4.929))
Win Rate (%): 12.38
Max Drawdown: -2263.5
Profit Factor: 1.613
Expectancy: 30.576
Total Trades: 105

Rolling 3 - Variant 4 - 20_15 - Test Metrics
Returns: [-144.5, -95.24999999999233, 0, -289.0, -144.5, -144.5, 0, -289.0, -289.0, 55.500000000020876, 0, 0, 0, -7.0, -144.5, 0, 261.74999999998425, 0, 0, 429.75000000000534, 0, -13.99999999998738, 0, 111.7500000000008, 0, -289.0, 0, 0, -144.5, -144.5, 0, 0, 728.9999999999854, 1868, 0, 0, 0, 0, 0, -144.5, -144.5, 0, 0, 0, -433.5, 0, -144.5, 0, 0, 0, -144.5, -144.5, -144.5, -144.5, 0, -578.0, 0, -289.0, 0, 874.2500000000001, 0, -289.0, 984.499999999997, 0, 0, 0, 0, 0, 0, 0, -144.5, -144.5, 0, -144.5, 0, 342.9999999999892, 267.99999999999744, 0, 0, 0, -144.5, 49.24999999997993, 205.50000000000435, 0, 0, 0, 0, 0, 0, 267.25000000002325, 0, 167.25000000000654, -433.5, 829.7500000000168, -144.5, 0, 399.2499999999969, -144.5, -433.5, 0, -144.5, 0, 0, -433.5, 0, 0, 0, 0, 0, 0, 0, 0, 304.74999999999136, -144.5, 0, -289.0, 0, 0, -144.5, 0, 0, 0, 2123.4999999999864, 0, 186.00000000001836, 0, 0, 0, -144.5, 0, 0, -144.5, 0, -238.99999999999037, 0, -144.5, 0, -144.5, 0, 0, -144.5, 0, 0, -289.0, 0, -289.0, -144.5, 0, 0, 0, 0, -32.000000000025004, 0, 199.25000000001893, 479.7499999999999, -289.0, 0, 80.50000000001812, 0, 0, 0, 0, 0, -144.5, -144.5, 0, -144.5, -144.5, 0, 0, 836.7500000000042, 0, 55.499999999993115, 173.50000000001972, 0, -7.750000000001961, -144.5, 0, 0, 161.74999999999528, 0, -144.5, 0, 0, -144.5, 0, 0, 0, 0, 0, -289.0, 117.99999999998623, -144.5, -144.5, 0, 280.5000000000239, -144.5, -144.5, 0, 0, -144.5, 0, 0, 0, 0, 0, -144.5, 0]
Sharpe Ratio: 0.018
Annualized Sharpe: 0.285
Sharpe 95% CI: (np.float64(-1.735), np.float64(2.519))
Win Rate (%): 13.46
Max Drawdown: -2312.0
Profit Factor: 1.087
Expectancy: 4.966
Total Trades: 208



Rolling 4 - Variant 0 - 10_20 - Fit Metrics
Returns: [-151.5, -151.5, 0, 0, 946.9999999999482, -215.4999999999945, 0, 0, 0, 0, 0, 771.99999999998, 2183.0, 0, -151.5, 0, 0, 0, 0, 0, -151.5, 0, 0, -151.5, 0, 0, 0, 0, -151.5, -454.5, -151.5, 0, 386.0000000000115, 0, -303.0, -151.5, -151.5, -151.5, 0, 0, -303.0, 0, -151.5, 0, 0, 0, -151.5, 820.5000000000134, 2334.5, 0, -151.5, 0, 0, 0, 0, 0, 436.00000000000597, 0, -151.5, 0, 0, 0, 0, 2486, -151.5, 0, 0, 0, 0, 0, 0, -151.5, 0, -90.50000000000826, -468.5, 0, -303.0, 0, 0, -151.5, 0, 0, -151.5, 0, -151.5, -151.5, -151.5, 0, -151.5, -151.5, 0, -151.5, -303.0, 0, 0, 0, 2486, 0, -151.5, 0, 0, 0, 0, -151.5, 0, -151.5, -303.0, 0, -303.0, -151.5, -151.5, 0, -303.0, -303.0, -151.5, 0, 0, 0, -14.0, -151.5, 0, -151.5, 0, 0, 997.0000000000107, 0, 109.50000000002524, 0, 223.5000000000016, 0, -303.0]
Sharpe Ratio: 0.088
Annualized Sharpe: 1.401
Sharpe 95% CI: (np.float64(-1.118), np.float64(4.353))
Win Rate (%): 9.16
Max Drawdown: -2680.0
Profit Factor: 1.608
Expectancy: 40.939
Total Trades: 131

Rolling 4 - Variant 0 - 10_20 - Test Metrics
Returns: [0, 0, -151.5, -151.5, 0, 0, 1595.499999999971, 2486, 0, 0, 0, 0, 0, -151.5, -151.5, 0, 0, 0, -454.5, 0, -151.5, 0, 0, 0, 2486, -151.5, -151.5, -151.5, 0, -606.0, 0, -303.0, 0, -151.5, 0, -303.0, 2243.999999999994, 0, 0, 0, 0, 0, 0, 0, -151.5, -151.5, 0, -151.5, 0, -151.5, 535.9999999999949, 0, 0, 0, -151.5, 98.49999999995985, 411.0000000000087, 0, 0, 0, 0, 0, 0, 672.0000000000465, 0, -303.0, -454.5, 1797.0000000000337, -151.5, 0, 798.4999999999937, -151.5, -454.5, 0, -151.5, 0, 0, -454.5, 0, 0, 0, 0, 0, 0, 0, 0, 746.9999999999827, -151.5, 0, -303.0, 0, 0, -151.5, 0, 0, 0, 4246.999999999973, 0, 509.5000000000367, 0, 0, 0, -151.5, 0, 0, -151.5, 0, -303.0, 0, -151.5, 0, -151.5, 0, 0, -151.5, 0, 0, -303.0, 0, -303.0, -151.5, 0, 0, 0, 0, -151.5, 0, 398.50000000003786, -303.0, -303.0, 0, -151.5, 0, 0, 0, 0, 0, -151.5, -151.5, 0, -151.5, -151.5, 0, 0, -151.5, 0, -151.5, -303.0, 0, 121.99999999999608, -151.5, 0, 0, 323.49999999999056, 0, -151.5, 0, 0, -151.5, 0, 0, 0, 0, 0, -303.0, 235.99999999997246, -151.5, -151.5, 0, -151.5, -151.5, -151.5, 0, 0, -151.5, 0, 0, 0, 0, 0, -151.5, 0]
Sharpe Ratio: 0.08
Annualized Sharpe: 1.276
Sharpe 95% CI: (np.float64(-0.802), np.float64(3.826))
Win Rate (%): 9.34
Max Drawdown: -4677.0
Profit Factor: 1.606
Expectancy: 40.86
Total Trades: 182



Rolling 4 - Variant 1 - 20_3 - Fit Metrics
Returns: [-144.5, -144.5, 0, 0, 504.74999999999807, -176.49999999999724, 0, 0, 0, 0, 0, 223.5, 79.0, 0, -144.5, 0, 0, 0, 0, 0, -144.5, 0, 0, -144.5, 0, 0, 0, 0, -144.5, 79.0, -144.5, 0, 368, 0, -289.0, -144.5, -144.5, -144.5, 0, 0, -289.0, 0, 368, 0, 0, 0, -144.5, 79.0, 223.5, 0, -144.5, 0, 0, 0, 0, 0, 218.00000000000298, 0, -144.5, 0, 0, 0, 0, 368, 368, 0, 0, 0, 0, 0, 0, -25.749999999984055, 0, 398.49999999999585, 72.0, 0, -289.0, 0, 0, 368, 0, 0, 368, 0, -144.5, -144.5, 368, 0, 368, -144.5, 0, -144.5, 223.5, 0, 0, 0, 368, 0, -144.5, 0, 0, 0, 0, -144.5, 0, -144.5, -95.24999999999233, 0, -289.0, -144.5, 368, 0, -289.0, 223.5, 55.500000000020876, 0, 0, 0, -7.0, -144.5, 0, 368, 0, 0, 223.5, 0, 223.5, 0, 111.7500000000008, 0, -289.0]
Sharpe Ratio: 0.085
Annualized Sharpe: 1.352
Sharpe 95% CI: (np.float64(-1.37), np.float64(4.113))
Win Rate (%): 19.85
Max Drawdown: -1287.0
Profit Factor: 1.339
Expectancy: 13.504
Total Trades: 131

Rolling 4 - Variant 1 - 20_3 - Test Metrics
Returns: [0, 0, -144.5, -144.5, 0, 0, 591.5, 368, 0, 0, 0, 0, 0, -144.5, -144.5, 0, 0, 0, -433.5, 0, -144.5, 0, 0, 0, 368, 368, -144.5, -144.5, 0, -65.5, 0, 223.5, 0, 368, 0, 223.5, 447.0, 0, 0, 0, 0, 0, 0, 0, -144.5, -144.5, 0, -144.5, 0, 368, 267.99999999999744, 0, 0, 0, -144.5, 49.24999999997993, 368, 0, 0, 0, 0, 0, 0, 223.5, 0, 223.5, -433.5, 223.5, -144.5, 0, 368, -144.5, -433.5, 0, -144.5, 0, 0, 79.0, 0, 0, 0, 0, 0, 0, 0, 0, 223.5, -144.5, 0, -289.0, 0, 0, -144.5, 0, 0, 0, 736, 0, 223.5, 0, 0, 0, -144.5, 0, 0, -144.5, 0, -238.99999999999037, 0, -144.5, 0, -144.5, 0, 0, -144.5, 0, 0, -289.0, 0, -289.0, -144.5, 0, 0, 0, 0, -32.000000000025004, 0, 199.25000000001893, 223.5, -289.0, 0, 80.50000000001812, 0, 0, 0, 0, 0, -144.5, -144.5, 0, -144.5, -144.5, 0, 0, 368, 0, 55.499999999993115, 223.5, 0, -7.750000000001961, -144.5, 0, 0, 368, 0, -144.5, 0, 0, -144.5, 0, 0, 0, 0, 0, -289.0, 368, -144.5, -144.5, 0, 368, -144.5, -144.5, 0, 0, -144.5, 0, 0, 0, 0, 0, -144.5, 0]
Sharpe Ratio: 0.014
Annualized Sharpe: 0.221
Sharpe 95% CI: (np.float64(-2.096), np.float64(2.654))
Win Rate (%): 15.93
Max Drawdown: -2118.25
Profit Factor: 1.051
Expectancy: 2.298
Total Trades: 182



Rolling 4 - Variant 2 - 20_4 - Fit Metrics
Returns: [-144.5, -144.5, 0, 0, 629.7499999999981, -176.49999999999724, 0, 0, 0, 0, 0, 348.5, 204.0, 0, -144.5, 0, 0, 0, 0, 0, -144.5, 0, 0, -144.5, 0, 0, 0, 0, -144.5, 204.0, -144.5, 0, 493, 0, -289.0, -144.5, -144.5, -144.5, 0, 0, -289.0, 0, 493, 0, 0, 0, -144.5, 204.0, 348.5, 0, -144.5, 0, 0, 0, 0, 0, 218.00000000000298, 0, -144.5, 0, 0, 0, 0, 493, 493, 0, 0, 0, 0, 0, 0, -25.749999999984055, 0, -114.00000000000412, -440.5, 0, -289.0, 0, 0, 493, 0, 0, 493, 0, -144.5, -144.5, 493, 0, 493, -144.5, 0, -144.5, 348.5, 0, 0, 0, 493, 0, -144.5, 0, 0, 0, 0, -144.5, 0, -144.5, -95.24999999999233, 0, -289.0, -144.5, -144.5, 0, -289.0, -289.0, 55.500000000020876, 0, 0, 0, -7.0, -144.5, 0, 493, 0, 0, 348.5, 0, 348.5, 0, 111.7500000000008, 0, -289.0]
Sharpe Ratio: 0.082
Annualized Sharpe: 1.307
Sharpe 95% CI: (np.float64(-1.388), np.float64(4.021))
Win Rate (%): 16.79
Max Drawdown: -1780.75
Profit Factor: 1.337
Expectancy: 15.985
Total Trades: 131

Rolling 4 - Variant 2 - 20_4 - Test Metrics
Returns: [0, 0, -144.5, -144.5, 0, 0, 841.5, 493, 0, 0, 0, 0, 0, -144.5, -144.5, 0, 0, 0, -433.5, 0, -144.5, 0, 0, 0, 493, 493, -144.5, -144.5, 0, 59.5, 0, 348.5, 0, 493, 0, 348.5, 697.0, 0, 0, 0, 0, 0, 0, 0, -144.5, -144.5, 0, -144.5, 0, 493, 267.99999999999744, 0, 0, 0, -144.5, 49.24999999997993, 205.50000000000435, 0, 0, 0, 0, 0, 0, 348.5, 0, 167.25000000000654, -433.5, 348.5, -144.5, 0, 493, -144.5, -433.5, 0, -144.5, 0, 0, 204.0, 0, 0, 0, 0, 0, 0, 0, 0, 348.5, -144.5, 0, -289.0, 0, 0, -144.5, 0, 0, 0, 986, 0, 348.5, 0, 0, 0, -144.5, 0, 0, -144.5, 0, -238.99999999999037, 0, -144.5, 0, -144.5, 0, 0, -144.5, 0, 0, -289.0, 0, -289.0, -144.5, 0, 0, 0, 0, -32.000000000025004, 0, 199.25000000001893, 348.5, -289.0, 0, 80.50000000001812, 0, 0, 0, 0, 0, -144.5, -144.5, 0, -144.5, -144.5, 0, 0, 493, 0, 55.499999999993115, 348.5, 0, -7.750000000001961, -144.5, 0, 0, 161.74999999999528, 0, -144.5, 0, 0, -144.5, 0, 0, 0, 0, 0, -289.0, 117.99999999998623, -144.5, -144.5, 0, 280.5000000000239, -144.5, -144.5, 0, 0, -144.5, 0, 0, 0, 0, 0, -144.5, 0]
Sharpe Ratio: 0.071
Annualized Sharpe: 1.128
Sharpe 95% CI: (np.float64(-1.132), np.float64(3.558))
Win Rate (%): 16.48
Max Drawdown: -2094.75
Profit Factor: 1.313
Expectancy: 13.905
Total Trades: 182



Rolling 4 - Variant 3 - 10_8 - Fit Metrics
Returns: [-151.5, -151.5, 0, 0, 1259.4999999999961, -215.4999999999945, 0, 0, 0, 0, 0, 834.5, 683.0, 0, -151.5, 0, 0, 0, 0, 0, -151.5, 0, 0, -151.5, 0, 0, 0, 0, -151.5, -454.5, -151.5, 0, 986, 0, -303.0, -151.5, -151.5, -151.5, 0, 0, -303.0, 0, -151.5, 0, 0, 0, -151.5, 683.0, 834.5, 0, -151.5, 0, 0, 0, 0, 0, 436.00000000000597, 0, -151.5, 0, 0, 0, 0, 986, -151.5, 0, 0, 0, 0, 0, 0, -151.5, 0, -90.50000000000826, -468.5, 0, -303.0, 0, 0, 986, 0, 0, -151.5, 0, -151.5, -151.5, -151.5, 0, 986, -151.5, 0, -151.5, -303.0, 0, 0, 0, 986, 0, -151.5, 0, 0, 0, 0, -151.5, 0, -151.5, -303.0, 0, -303.0, -151.5, -151.5, 0, -303.0, -303.0, -151.5, 0, 0, 0, -14.0, -151.5, 0, -151.5, 0, 0, 834.5, 0, 834.5, 0, 223.5000000000016, 0, -303.0]
Sharpe Ratio: 0.075
Annualized Sharpe: 1.195
Sharpe 95% CI: (np.float64(-1.47), np.float64(3.954))
Win Rate (%): 10.69
Max Drawdown: -2438.0
Profit Factor: 1.357
Expectancy: 23.191
Total Trades: 131

Rolling 4 - Variant 3 - 10_8 - Test Metrics
Returns: [0, 0, -151.5, -151.5, 0, 0, 1820.5, 986, 0, 0, 0, 0, 0, -151.5, -151.5, 0, 0, 0, -454.5, 0, -151.5, 0, 0, 0, 986, 986, -151.5, -151.5, 0, -606.0, 0, 834.5, 0, -151.5, 0, -303.0, 1669.0, 0, 0, 0, 0, 0, 0, 0, -151.5, -151.5, 0, -151.5, 0, 986, 535.9999999999949, 0, 0, 0, -151.5, 98.49999999995985, 411.0000000000087, 0, 0, 0, 0, 0, 0, 834.5, 0, -303.0, -454.5, 834.5, -151.5, 0, 986, -151.5, -454.5, 0, -151.5, 0, 0, 683.0, 0, 0, 0, 0, 0, 0, 0, 0, 834.5, -151.5, 0, -303.0, 0, 0, -151.5, 0, 0, 0, 1972, 0, 834.5, 0, 0, 0, -151.5, 0, 0, -151.5, 0, -303.0, 0, -151.5, 0, -151.5, 0, 0, -151.5, 0, 0, -303.0, 0, -303.0, -151.5, 0, 0, 0, 0, -151.5, 0, 398.50000000003786, -303.0, -303.0, 0, -151.5, 0, 0, 0, 0, 0, -151.5, -151.5, 0, -151.5, -151.5, 0, 0, -151.5, 0, -151.5, -303.0, 0, 121.99999999999608, -151.5, 0, 0, 323.49999999999056, 0, -151.5, 0, 0, -151.5, 0, 0, 0, 0, 0, -303.0, 235.99999999997246, -151.5, -151.5, 0, -151.5, -151.5, -151.5, 0, 0, -151.5, 0, 0, 0, 0, 0, -151.5, 0]
Sharpe Ratio: 0.097
Annualized Sharpe: 1.533
Sharpe 95% CI: (np.float64(-0.682), np.float64(4.065))
Win Rate (%): 11.54
Max Drawdown: -4677.0
Profit Factor: 1.55
Expectancy: 33.854
Total Trades: 182



Rolling 4 - Variant 4 - 20_12 - Fit Metrics
Returns: [-144.5, -144.5, 0, 0, 473.4999999999741, -176.49999999999724, 0, 0, 0, 0, 0, 317.24999999999, 1204.0, 0, -144.5, 0, 0, 0, 0, 0, -144.5, 0, 0, -144.5, 0, 0, 0, 0, -144.5, -433.5, -144.5, 0, 193.00000000000574, 0, -289.0, -144.5, -144.5, -144.5, 0, 0, -289.0, 0, -144.5, 0, 0, 0, -144.5, 272.7500000000067, 1348.5, 0, -144.5, 0, 0, 0, 0, 0, 218.00000000000298, 0, -144.5, 0, 0, 0, 0, 1493, 536.7499999999817, 0, 0, 0, 0, 0, 0, -25.749999999984055, 0, -114.00000000000412, -440.5, 0, -289.0, 0, 0, -144.5, 0, 0, 468.0000000000032, 0, -144.5, -144.5, 767.999999999998, 0, -144.5, -144.5, 0, -144.5, 523.500000000009, 0, 0, 0, 918.0000000000091, 0, -144.5, 0, 0, 0, 0, -144.5, 0, -144.5, -95.24999999999233, 0, -289.0, -144.5, -144.5, 0, -289.0, -289.0, 55.500000000020876, 0, 0, 0, -7.0, -144.5, 0, 261.74999999998425, 0, 0, 429.75000000000534, 0, -13.99999999998738, 0, 111.7500000000008, 0, -289.0]
Sharpe Ratio: 0.069
Annualized Sharpe: 1.096
Sharpe 95% CI: (np.float64(-1.554), np.float64(4.024))
Win Rate (%): 12.98
Max Drawdown: -2263.5
Profit Factor: 1.354
Expectancy: 19.134
Total Trades: 131

Rolling 4 - Variant 4 - 20_12 - Test Metrics
Returns: [0, 0, -144.5, -144.5, 0, 0, 728.9999999999854, 1493, 0, 0, 0, 0, 0, -144.5, -144.5, 0, 0, 0, -433.5, 0, -144.5, 0, 0, 0, -144.5, -144.5, -144.5, -144.5, 0, -578.0, 0, -289.0, 0, 874.2500000000001, 0, -289.0, 984.499999999997, 0, 0, 0, 0, 0, 0, 0, -144.5, -144.5, 0, -144.5, 0, 342.9999999999892, 267.99999999999744, 0, 0, 0, -144.5, 49.24999999997993, 205.50000000000435, 0, 0, 0, 0, 0, 0, 267.25000000002325, 0, 167.25000000000654, -433.5, 829.7500000000168, -144.5, 0, 399.2499999999969, -144.5, -433.5, 0, -144.5, 0, 0, -433.5, 0, 0, 0, 0, 0, 0, 0, 0, 304.74999999999136, -144.5, 0, -289.0, 0, 0, -144.5, 0, 0, 0, 2123.4999999999864, 0, 186.00000000001836, 0, 0, 0, -144.5, 0, 0, -144.5, 0, -238.99999999999037, 0, -144.5, 0, -144.5, 0, 0, -144.5, 0, 0, -289.0, 0, -289.0, -144.5, 0, 0, 0, 0, -32.000000000025004, 0, 199.25000000001893, 479.7499999999999, -289.0, 0, 80.50000000001812, 0, 0, 0, 0, 0, -144.5, -144.5, 0, -144.5, -144.5, 0, 0, 836.7500000000042, 0, 55.499999999993115, 173.50000000001972, 0, -7.750000000001961, -144.5, 0, 0, 161.74999999999528, 0, -144.5, 0, 0, -144.5, 0, 0, 0, 0, 0, -289.0, 117.99999999998623, -144.5, -144.5, 0, 280.5000000000239, -144.5, -144.5, 0, 0, -144.5, 0, 0, 0, 0, 0, -144.5, 0]
Sharpe Ratio: 0.033
Annualized Sharpe: 0.519
Sharpe 95% CI: (np.float64(-1.67), np.float64(3.012))
Win Rate (%): 13.19
Max Drawdown: -2312.0
Profit Factor: 1.166
Expectancy: 9.063
Total Trades: 182



Rolling 5 - Variant 0 - 10_20 - Fit Metrics
Returns: [-151.5, -151.5, 0, 0, 946.9999999999482, -215.4999999999945, 0, 0, 0, 0, 0, 771.99999999998, 2183.0, 0, -151.5, 0, 0, 0, 0, 0, -151.5, 0, 0, -151.5, 0, 0, 0, 0, -151.5, -454.5, -151.5, 0, 386.0000000000115, 0, -303.0, -151.5, -151.5, -151.5, 0, 0, -303.0, 0, -151.5, 0, 0, 0, -151.5, 820.5000000000134, 2334.5, 0, -151.5, 0, 0, 0, 0, 0, 436.00000000000597, 0, -151.5, 0, 0, 0, 0, 2486, -151.5, 0, 0, 0, 0, 0, 0, -151.5, 0, -90.50000000000826, -468.5, 0, -303.0, 0, 0, -151.5, 0, 0, -151.5, 0, -151.5, -151.5, -151.5, 0, -151.5, -151.5, 0, -151.5, -303.0, 0, 0, 0, 2486, 0, -151.5, 0, 0, 0, 0, -151.5, 0, -151.5, -303.0, 0, -303.0, -151.5, -151.5, 0, -303.0, -303.0, -151.5, 0, 0, 0, -14.0, -151.5, 0, -151.5, 0, 0, 997.0000000000107, 0, 109.50000000002524, 0, 223.5000000000016, 0, -303.0, 0, 0, -151.5, -151.5, 0, 0, 1595.499999999971, 2486, 0, 0, 0, 0, 0, -151.5, -151.5, 0, 0, 0, -454.5, 0, -151.5, 0, 0, 0, 2486, -151.5]
Sharpe Ratio: 0.129
Annualized Sharpe: 2.042
Sharpe 95% CI: (np.float64(-0.236), np.float64(4.723))
Win Rate (%): 9.55
Max Drawdown: -2680.0
Profit Factor: 2.038
Expectancy: 67.306
Total Trades: 157

Rolling 5 - Variant 0 - 10_20 - Test Metrics
Returns: [-151.5, -151.5, 0, -606.0, 0, -303.0, 0, -151.5, 0, -303.0, 2243.999999999994, 0, 0, 0, 0, 0, 0, 0, -151.5, -151.5, 0, -151.5, 0, -151.5, 535.9999999999949, 0, 0, 0, -151.5, 98.49999999995985, 411.0000000000087, 0, 0, 0, 0, 0, 0, 672.0000000000465, 0, -303.0, -454.5, 1797.0000000000337, -151.5, 0, 798.4999999999937, -151.5, -454.5, 0, -151.5, 0, 0, -454.5, 0, 0, 0, 0, 0, 0, 0, 0, 746.9999999999827, -151.5, 0, -303.0, 0, 0, -151.5, 0, 0, 0, 4246.999999999973, 0, 509.5000000000367, 0, 0, 0, -151.5, 0, 0, -151.5, 0, -303.0, 0, -151.5, 0, -151.5, 0, 0, -151.5, 0, 0, -303.0, 0, -303.0, -151.5, 0, 0, 0, 0, -151.5, 0, 398.50000000003786, -303.0, -303.0, 0, -151.5, 0, 0, 0, 0, 0, -151.5, -151.5, 0, -151.5, -151.5, 0, 0, -151.5, 0, -151.5, -303.0, 0, 121.99999999999608, -151.5, 0, 0, 323.49999999999056, 0, -151.5, 0, 0, -151.5, 0, 0, 0, 0, 0, -303.0, 235.99999999997246, -151.5, -151.5, 0, -151.5, -151.5, -151.5, 0, 0, -151.5, 0, 0, 0, 0, 0, -151.5, 0]
Sharpe Ratio: 0.032
Annualized Sharpe: 0.501
Sharpe 95% CI: (np.float64(-1.547), np.float64(3.348))
Win Rate (%): 8.97
Max Drawdown: -4677.0
Profit Factor: 1.205
Expectancy: 14.311
Total Trades: 156



Rolling 5 - Variant 1 - 10_8 - Fit Metrics
Returns: [-151.5, -151.5, 0, 0, 1259.4999999999961, -215.4999999999945, 0, 0, 0, 0, 0, 834.5, 683.0, 0, -151.5, 0, 0, 0, 0, 0, -151.5, 0, 0, -151.5, 0, 0, 0, 0, -151.5, -454.5, -151.5, 0, 986, 0, -303.0, -151.5, -151.5, -151.5, 0, 0, -303.0, 0, -151.5, 0, 0, 0, -151.5, 683.0, 834.5, 0, -151.5, 0, 0, 0, 0, 0, 436.00000000000597, 0, -151.5, 0, 0, 0, 0, 986, -151.5, 0, 0, 0, 0, 0, 0, -151.5, 0, -90.50000000000826, -468.5, 0, -303.0, 0, 0, 986, 0, 0, -151.5, 0, -151.5, -151.5, -151.5, 0, 986, -151.5, 0, -151.5, -303.0, 0, 0, 0, 986, 0, -151.5, 0, 0, 0, 0, -151.5, 0, -151.5, -303.0, 0, -303.0, -151.5, -151.5, 0, -303.0, -303.0, -151.5, 0, 0, 0, -14.0, -151.5, 0, -151.5, 0, 0, 834.5, 0, 834.5, 0, 223.5000000000016, 0, -303.0, 0, 0, -151.5, -151.5, 0, 0, 1820.5, 986, 0, 0, 0, 0, 0, -151.5, -151.5, 0, 0, 0, -454.5, 0, -151.5, 0, 0, 0, 986, 986]
Sharpe Ratio: 0.122
Annualized Sharpe: 1.93
Sharpe 95% CI: (np.float64(-0.416), np.float64(4.55))
Win Rate (%): 11.46
Max Drawdown: -2438.0
Profit Factor: 1.679
Expectancy: 42.067
Total Trades: 157

Rolling 5 - Variant 1 - 10_8 - Test Metrics
Returns: [-151.5, -151.5, 0, -606.0, 0, 834.5, 0, -151.5, 0, -303.0, 1669.0, 0, 0, 0, 0, 0, 0, 0, -151.5, -151.5, 0, -151.5, 0, 986, 535.9999999999949, 0, 0, 0, -151.5, 98.49999999995985, 411.0000000000087, 0, 0, 0, 0, 0, 0, 834.5, 0, -303.0, -454.5, 834.5, -151.5, 0, 986, -151.5, -454.5, 0, -151.5, 0, 0, 683.0, 0, 0, 0, 0, 0, 0, 0, 0, 834.5, -151.5, 0, -303.0, 0, 0, -151.5, 0, 0, 0, 1972, 0, 834.5, 0, 0, 0, -151.5, 0, 0, -151.5, 0, -303.0, 0, -151.5, 0, -151.5, 0, 0, -151.5, 0, 0, -303.0, 0, -303.0, -151.5, 0, 0, 0, 0, -151.5, 0, 398.50000000003786, -303.0, -303.0, 0, -151.5, 0, 0, 0, 0, 0, -151.5, -151.5, 0, -151.5, -151.5, 0, 0, -151.5, 0, -151.5, -303.0, 0, 121.99999999999608, -151.5, 0, 0, 323.49999999999056, 0, -151.5, 0, 0, -151.5, 0, 0, 0, 0, 0, -303.0, 235.99999999997246, -151.5, -151.5, 0, -151.5, -151.5, -151.5, 0, 0, -151.5, 0, 0, 0, 0, 0, -151.5, 0]
Sharpe Ratio: 0.052
Annualized Sharpe: 0.826
Sharpe 95% CI: (np.float64(-1.402), np.float64(3.519))
Win Rate (%): 10.9
Max Drawdown: -4677.0
Profit Factor: 1.26
Expectancy: 16.635
Total Trades: 156



Rolling 5 - Variant 2 - 10_10 - Fit Metrics
Returns: [-151.5, -151.5, 0, 0, 946.9999999999482, -215.4999999999945, 0, 0, 0, 0, 0, 771.99999999998, 933.0, 0, -151.5, 0, 0, 0, 0, 0, -151.5, 0, 0, -151.5, 0, 0, 0, 0, -151.5, -454.5, -151.5, 0, 1236, 0, -303.0, -151.5, -151.5, -151.5, 0, 0, -303.0, 0, -151.5, 0, 0, 0, -151.5, 933.0, 1084.5, 0, -151.5, 0, 0, 0, 0, 0, 436.00000000000597, 0, -151.5, 0, 0, 0, 0, 1236, -151.5, 0, 0, 0, 0, 0, 0, -151.5, 0, -90.50000000000826, -468.5, 0, -303.0, 0, 0, -151.5, 0, 0, -151.5, 0, -151.5, -151.5, -151.5, 0, -151.5, -151.5, 0, -151.5, -303.0, 0, 0, 0, 1236, 0, -151.5, 0, 0, 0, 0, -151.5, 0, -151.5, -303.0, 0, -303.0, -151.5, -151.5, 0, -303.0, -303.0, -151.5, 0, 0, 0, -14.0, -151.5, 0, -151.5, 0, 0, 1084.5, 0, 1084.5, 0, 223.5000000000016, 0, -303.0, 0, 0, -151.5, -151.5, 0, 0, 1595.499999999971, 1236, 0, 0, 0, 0, 0, -151.5, -151.5, 0, 0, 0, -454.5, 0, -151.5, 0, 0, 0, 1236, 1236]
Sharpe Ratio: 0.113
Annualized Sharpe: 1.794
Sharpe 95% CI: (np.float64(-0.512), np.float64(4.436))
Win Rate (%): 10.19
Max Drawdown: -3882.0
Profit Factor: 1.646
Expectancy: 41.271
Total Trades: 157

Rolling 5 - Variant 2 - 10_10 - Test Metrics
Returns: [-151.5, -151.5, 0, -606.0, 0, -303.0, 0, -151.5, 0, -303.0, 2169.0, 0, 0, 0, 0, 0, 0, 0, -151.5, -151.5, 0, -151.5, 0, -151.5, 535.9999999999949, 0, 0, 0, -151.5, 98.49999999995985, 411.0000000000087, 0, 0, 0, 0, 0, 0, 1084.5, 0, -303.0, -454.5, 1084.5, -151.5, 0, 1236, -151.5, -454.5, 0, -151.5, 0, 0, 933.0, 0, 0, 0, 0, 0, 0, 0, 0, 1084.5, -151.5, 0, -303.0, 0, 0, -151.5, 0, 0, 0, 2472, 0, 1084.5, 0, 0, 0, -151.5, 0, 0, -151.5, 0, -303.0, 0, -151.5, 0, -151.5, 0, 0, -151.5, 0, 0, -303.0, 0, -303.0, -151.5, 0, 0, 0, 0, -151.5, 0, 398.50000000003786, -303.0, -303.0, 0, -151.5, 0, 0, 0, 0, 0, -151.5, -151.5, 0, -151.5, -151.5, 0, 0, -151.5, 0, -151.5, -303.0, 0, 121.99999999999608, -151.5, 0, 0, 323.49999999999056, 0, -151.5, 0, 0, -151.5, 0, 0, 0, 0, 0, -303.0, 235.99999999997246, -151.5, -151.5, 0, -151.5, -151.5, -151.5, 0, 0, -151.5, 0, 0, 0, 0, 0, -151.5, 0]
Sharpe Ratio: 0.049
Annualized Sharpe: 0.774
Sharpe 95% CI: (np.float64(-1.455), np.float64(3.517))
Win Rate (%): 9.62
Max Drawdown: -4677.0
Profit Factor: 1.27
Expectancy: 18.077
Total Trades: 156



Rolling 5 - Variant 3 - 10_12 - Fit Metrics
Returns: [-151.5, -151.5, 0, 0, 946.9999999999482, -215.4999999999945, 0, 0, 0, 0, 0, 771.99999999998, 1183.0, 0, -151.5, 0, 0, 0, 0, 0, -151.5, 0, 0, -151.5, 0, 0, 0, 0, -151.5, -454.5, -151.5, 0, 386.0000000000115, 0, -303.0, -151.5, -151.5, -151.5, 0, 0, -303.0, 0, -151.5, 0, 0, 0, -151.5, 820.5000000000134, 1334.5, 0, -151.5, 0, 0, 0, 0, 0, 436.00000000000597, 0, -151.5, 0, 0, 0, 0, 1486, -151.5, 0, 0, 0, 0, 0, 0, -151.5, 0, -90.50000000000826, -468.5, 0, -303.0, 0, 0, -151.5, 0, 0, -151.5, 0, -151.5, -151.5, -151.5, 0, -151.5, -151.5, 0, -151.5, -303.0, 0, 0, 0, 1486, 0, -151.5, 0, 0, 0, 0, -151.5, 0, -151.5, -303.0, 0, -303.0, -151.5, -151.5, 0, -303.0, -303.0, -151.5, 0, 0, 0, -14.0, -151.5, 0, -151.5, 0, 0, 997.0000000000107, 0, 109.50000000002524, 0, 223.5000000000016, 0, -303.0, 0, 0, -151.5, -151.5, 0, 0, 1595.499999999971, 1486, 0, 0, 0, 0, 0, -151.5, -151.5, 0, 0, 0, -454.5, 0, -151.5, 0, 0, 0, 1486, 1486]
Sharpe Ratio: 0.104
Annualized Sharpe: 1.654
Sharpe 95% CI: (np.float64(-0.698), np.float64(4.346))
Win Rate (%): 10.19
Max Drawdown: -3632.0
Profit Factor: 1.619
Expectancy: 39.519
Total Trades: 157

Rolling 5 - Variant 3 - 10_12 - Test Metrics
Returns: [-151.5, -151.5, 0, -606.0, 0, -303.0, 0, -151.5, 0, -303.0, 2669.0, 0, 0, 0, 0, 0, 0, 0, -151.5, -151.5, 0, -151.5, 0, -151.5, 535.9999999999949, 0, 0, 0, -151.5, 98.49999999995985, 411.0000000000087, 0, 0, 0, 0, 0, 0, 672.0000000000465, 0, -303.0, -454.5, 1334.5, -151.5, 0, 1486, -151.5, -454.5, 0, -151.5, 0, 0, 1183.0, 0, 0, 0, 0, 0, 0, 0, 0, 1334.5, -151.5, 0, -303.0, 0, 0, -151.5, 0, 0, 0, 2972, 0, 1334.5, 0, 0, 0, -151.5, 0, 0, -151.5, 0, -303.0, 0, -151.5, 0, -151.5, 0, 0, -151.5, 0, 0, -303.0, 0, -303.0, -151.5, 0, 0, 0, 0, -151.5, 0, 398.50000000003786, -303.0, -303.0, 0, -151.5, 0, 0, 0, 0, 0, -151.5, -151.5, 0, -151.5, -151.5, 0, 0, -151.5, 0, -151.5, -303.0, 0, 121.99999999999608, -151.5, 0, 0, 323.49999999999056, 0, -151.5, 0, 0, -151.5, 0, 0, 0, 0, 0, -303.0, 235.99999999997246, -151.5, -151.5, 0, -151.5, -151.5, -151.5, 0, 0, -151.5, 0, 0, 0, 0, 0, -151.5, 0]
Sharpe Ratio: 0.069
Annualized Sharpe: 1.102
Sharpe 95% CI: (np.float64(-1.08), np.float64(3.876))
Win Rate (%): 9.62
Max Drawdown: -4677.0
Profit Factor: 1.446
Expectancy: 29.856
Total Trades: 156



Rolling 5 - Variant 4 - 10_15 - Fit Metrics
Returns: [-151.5, -151.5, 0, 0, 946.9999999999482, -215.4999999999945, 0, 0, 0, 0, 0, 771.99999999998, 1558.0, 0, -151.5, 0, 0, 0, 0, 0, -151.5, 0, 0, -151.5, 0, 0, 0, 0, -151.5, -454.5, -151.5, 0, 386.0000000000115, 0, -303.0, -151.5, -151.5, -151.5, 0, 0, -303.0, 0, -151.5, 0, 0, 0, -151.5, 820.5000000000134, 1709.5, 0, -151.5, 0, 0, 0, 0, 0, 436.00000000000597, 0, -151.5, 0, 0, 0, 0, 1861, -151.5, 0, 0, 0, 0, 0, 0, -151.5, 0, -90.50000000000826, -468.5, 0, -303.0, 0, 0, -151.5, 0, 0, -151.5, 0, -151.5, -151.5, -151.5, 0, -151.5, -151.5, 0, -151.5, -303.0, 0, 0, 0, 1861, 0, -151.5, 0, 0, 0, 0, -151.5, 0, -151.5, -303.0, 0, -303.0, -151.5, -151.5, 0, -303.0, -303.0, -151.5, 0, 0, 0, -14.0, -151.5, 0, -151.5, 0, 0, 997.0000000000107, 0, 109.50000000002524, 0, 223.5000000000016, 0, -303.0, 0, 0, -151.5, -151.5, 0, 0, 1595.499999999971, 1861, 0, 0, 0, 0, 0, -151.5, -151.5, 0, 0, 0, -454.5, 0, -151.5, 0, 0, 0, 1861, -151.5]
Sharpe Ratio: 0.104
Annualized Sharpe: 1.645
Sharpe 95% CI: (np.float64(-0.688), np.float64(4.322))
Win Rate (%): 9.55
Max Drawdown: -3257.0
Profit Factor: 1.67
Expectancy: 43.42
Total Trades: 157

Rolling 5 - Variant 4 - 10_15 - Test Metrics
Returns: [-151.5, -151.5, 0, -606.0, 0, -303.0, 0, -151.5, 0, -303.0, 2243.999999999994, 0, 0, 0, 0, 0, 0, 0, -151.5, -151.5, 0, -151.5, 0, -151.5, 535.9999999999949, 0, 0, 0, -151.5, 98.49999999995985, 411.0000000000087, 0, 0, 0, 0, 0, 0, 672.0000000000465, 0, -303.0, -454.5, 1709.5, -151.5, 0, 1861, -151.5, -454.5, 0, -151.5, 0, 0, -454.5, 0, 0, 0, 0, 0, 0, 0, 0, 746.9999999999827, -151.5, 0, -303.0, 0, 0, -151.5, 0, 0, 0, 3722, 0, 509.5000000000367, 0, 0, 0, -151.5, 0, 0, -151.5, 0, -303.0, 0, -151.5, 0, -151.5, 0, 0, -151.5, 0, 0, -303.0, 0, -303.0, -151.5, 0, 0, 0, 0, -151.5, 0, 398.50000000003786, -303.0, -303.0, 0, -151.5, 0, 0, 0, 0, 0, -151.5, -151.5, 0, -151.5, -151.5, 0, 0, -151.5, 0, -151.5, -303.0, 0, 121.99999999999608, -151.5, 0, 0, 323.49999999999056, 0, -151.5, 0, 0, -151.5, 0, 0, 0, 0, 0, -303.0, 235.99999999997246, -151.5, -151.5, 0, -151.5, -151.5, -151.5, 0, 0, -151.5, 0, 0, 0, 0, 0, -151.5, 0]
Sharpe Ratio: 0.039
Annualized Sharpe: 0.619
Sharpe 95% CI: (np.float64(-1.496), np.float64(3.425))
Win Rate (%): 8.97
Max Drawdown: -4677.0
Profit Factor: 1.246
Expectancy: 17.196
Total Trades: 156



Rolling 6 - Variant 0 - 20_4 - Fit Metrics
Returns: [-144.5, -144.5, 0, 0, 629.7499999999981, -176.49999999999724, 0, 0, 0, 0, 0, 348.5, 204.0, 0, -144.5, 0, 0, 0, 0, 0, -144.5, 0, 0, -144.5, 0, 0, 0, 0, -144.5, 204.0, -144.5, 0, 493, 0, -289.0, -144.5, -144.5, -144.5, 0, 0, -289.0, 0, 493, 0, 0, 0, -144.5, 204.0, 348.5, 0, -144.5, 0, 0, 0, 0, 0, 218.00000000000298, 0, -144.5, 0, 0, 0, 0, 493, 493, 0, 0, 0, 0, 0, 0, -25.749999999984055, 0, -114.00000000000412, -440.5, 0, -289.0, 0, 0, 493, 0, 0, 493, 0, -144.5, -144.5, 493, 0, 493, -144.5, 0, -144.5, 348.5, 0, 0, 0, 493, 0, -144.5, 0, 0, 0, 0, -144.5, 0, -144.5, -95.24999999999233, 0, -289.0, -144.5, -144.5, 0, -289.0, -289.0, 55.500000000020876, 0, 0, 0, -7.0, -144.5, 0, 493, 0, 0, 348.5, 0, 348.5, 0, 111.7500000000008, 0, -289.0, 0, 0, -144.5, -144.5, 0, 0, 841.5, 493, 0, 0, 0, 0, 0, -144.5, -144.5, 0, 0, 0, -433.5, 0, -144.5, 0, 0, 0, 493, 493, -144.5, -144.5, 0, 59.5, 0, 348.5, 0, 493, 0, 348.5, 697.0, 0, 0, 0, 0, 0, 0, 0, -144.5, -144.5, 0, -144.5, 0, 493, 267.99999999999744, 0]
Sharpe Ratio: 0.137
Annualized Sharpe: 2.182
Sharpe 95% CI: (np.float64(-0.06), np.float64(4.524))
Win Rate (%): 18.03
Max Drawdown: -1780.75
Profit Factor: 1.649
Expectancy: 28.653
Total Trades: 183

Rolling 6 - Variant 0 - 20_4 - Test Metrics
Returns: [0, 0, -144.5, 49.24999999997993, 205.50000000000435, 0, 0, 0, 0, 0, 0, 348.5, 0, 167.25000000000654, -433.5, 348.5, -144.5, 0, 493, -144.5, -433.5, 0, -144.5, 0, 0, 204.0, 0, 0, 0, 0, 0, 0, 0, 0, 348.5, -144.5, 0, -289.0, 0, 0, -144.5, 0, 0, 0, 986, 0, 348.5, 0, 0, 0, -144.5, 0, 0, -144.5, 0, -238.99999999999037, 0, -144.5, 0, -144.5, 0, 0, -144.5, 0, 0, -289.0, 0, -289.0, -144.5, 0, 0, 0, 0, -32.000000000025004, 0, 199.25000000001893, 348.5, -289.0, 0, 80.50000000001812, 0, 0, 0, 0, 0, -144.5, -144.5, 0, -144.5, -144.5, 0, 0, 493, 0, 55.499999999993115, 348.5, 0, -7.750000000001961, -144.5, 0, 0, 161.74999999999528, 0, -144.5, 0, 0, -144.5, 0, 0, 0, 0, 0, -289.0, 117.99999999998623, -144.5, -144.5, 0, 280.5000000000239, -144.5, -144.5, 0, 0, -144.5, 0, 0, 0, 0, 0, -144.5, 0]
Sharpe Ratio: -0.028
Annualized Sharpe: -0.438
Sharpe 95% CI: (np.float64(-3.069), np.float64(2.419))
Win Rate (%): 14.62
Max Drawdown: -2094.75
Profit Factor: 0.9
Expectancy: -4.76
Total Trades: 130



Rolling 6 - Variant 1 - 10_8 - Fit Metrics
Returns: [-151.5, -151.5, 0, 0, 1259.4999999999961, -215.4999999999945, 0, 0, 0, 0, 0, 834.5, 683.0, 0, -151.5, 0, 0, 0, 0, 0, -151.5, 0, 0, -151.5, 0, 0, 0, 0, -151.5, -454.5, -151.5, 0, 986, 0, -303.0, -151.5, -151.5, -151.5, 0, 0, -303.0, 0, -151.5, 0, 0, 0, -151.5, 683.0, 834.5, 0, -151.5, 0, 0, 0, 0, 0, 436.00000000000597, 0, -151.5, 0, 0, 0, 0, 986, -151.5, 0, 0, 0, 0, 0, 0, -151.5, 0, -90.50000000000826, -468.5, 0, -303.0, 0, 0, 986, 0, 0, -151.5, 0, -151.5, -151.5, -151.5, 0, 986, -151.5, 0, -151.5, -303.0, 0, 0, 0, 986, 0, -151.5, 0, 0, 0, 0, -151.5, 0, -151.5, -303.0, 0, -303.0, -151.5, -151.5, 0, -303.0, -303.0, -151.5, 0, 0, 0, -14.0, -151.5, 0, -151.5, 0, 0, 834.5, 0, 834.5, 0, 223.5000000000016, 0, -303.0, 0, 0, -151.5, -151.5, 0, 0, 1820.5, 986, 0, 0, 0, 0, 0, -151.5, -151.5, 0, 0, 0, -454.5, 0, -151.5, 0, 0, 0, 986, 986, -151.5, -151.5, 0, -606.0, 0, 834.5, 0, -151.5, 0, -303.0, 1669.0, 0, 0, 0, 0, 0, 0, 0, -151.5, -151.5, 0, -151.5, 0, 986, 535.9999999999949, 0]
Sharpe Ratio: 0.133
Annualized Sharpe: 2.111
Sharpe 95% CI: (np.float64(-0.061), np.float64(4.539))
Win Rate (%): 12.02
Max Drawdown: -2438.0
Profit Factor: 1.763
Expectancy: 48.153
Total Trades: 183

Rolling 6 - Variant 1 - 10_8 - Test Metrics
Returns: [0, 0, -151.5, 98.49999999995985, 411.0000000000087, 0, 0, 0, 0, 0, 0, 834.5, 0, -303.0, -454.5, 834.5, -151.5, 0, 986, -151.5, -454.5, 0, -151.5, 0, 0, 683.0, 0, 0, 0, 0, 0, 0, 0, 0, 834.5, -151.5, 0, -303.0, 0, 0, -151.5, 0, 0, 0, 1972, 0, 834.5, 0, 0, 0, -151.5, 0, 0, -151.5, 0, -303.0, 0, -151.5, 0, -151.5, 0, 0, -151.5, 0, 0, -303.0, 0, -303.0, -151.5, 0, 0, 0, 0, -151.5, 0, 398.50000000003786, -303.0, -303.0, 0, -151.5, 0, 0, 0, 0, 0, -151.5, -151.5, 0, -151.5, -151.5, 0, 0, -151.5, 0, -151.5, -303.0, 0, 121.99999999999608, -151.5, 0, 0, 323.49999999999056, 0, -151.5, 0, 0, -151.5, 0, 0, 0, 0, 0, -303.0, 235.99999999997246, -151.5, -151.5, 0, -151.5, -151.5, -151.5, 0, 0, -151.5, 0, 0, 0, 0, 0, -151.5, 0]
Sharpe Ratio: 0.01
Annualized Sharpe: 0.165
Sharpe 95% CI: (np.float64(-2.311), np.float64(3.14))
Win Rate (%): 10.0
Max Drawdown: -4677.0
Profit Factor: 1.047
Expectancy: 2.981
Total Trades: 130



Rolling 6 - Variant 2 - 10_20 - Fit Metrics
Returns: [-151.5, -151.5, 0, 0, 946.9999999999482, -215.4999999999945, 0, 0, 0, 0, 0, 771.99999999998, 2183.0, 0, -151.5, 0, 0, 0, 0, 0, -151.5, 0, 0, -151.5, 0, 0, 0, 0, -151.5, -454.5, -151.5, 0, 386.0000000000115, 0, -303.0, -151.5, -151.5, -151.5, 0, 0, -303.0, 0, -151.5, 0, 0, 0, -151.5, 820.5000000000134, 2334.5, 0, -151.5, 0, 0, 0, 0, 0, 436.00000000000597, 0, -151.5, 0, 0, 0, 0, 2486, -151.5, 0, 0, 0, 0, 0, 0, -151.5, 0, -90.50000000000826, -468.5, 0, -303.0, 0, 0, -151.5, 0, 0, -151.5, 0, -151.5, -151.5, -151.5, 0, -151.5, -151.5, 0, -151.5, -303.0, 0, 0, 0, 2486, 0, -151.5, 0, 0, 0, 0, -151.5, 0, -151.5, -303.0, 0, -303.0, -151.5, -151.5, 0, -303.0, -303.0, -151.5, 0, 0, 0, -14.0, -151.5, 0, -151.5, 0, 0, 997.0000000000107, 0, 109.50000000002524, 0, 223.5000000000016, 0, -303.0, 0, 0, -151.5, -151.5, 0, 0, 1595.499999999971, 2486, 0, 0, 0, 0, 0, -151.5, -151.5, 0, 0, 0, -454.5, 0, -151.5, 0, 0, 0, 2486, -151.5, -151.5, -151.5, 0, -606.0, 0, -303.0, 0, -151.5, 0, -303.0, 2243.999999999994, 0, 0, 0, 0, 0, 0, 0, -151.5, -151.5, 0, -151.5, 0, -151.5, 535.9999999999949, 0]
Sharpe Ratio: 0.117
Annualized Sharpe: 1.855
Sharpe 95% CI: (np.float64(-0.264), np.float64(4.321))
Win Rate (%): 9.29
Max Drawdown: -2680.0
Profit Factor: 1.889
Expectancy: 60.516
Total Trades: 183

Rolling 6 - Variant 2 - 10_20 - Test Metrics
Returns: [0, 0, -151.5, 98.49999999995985, 411.0000000000087, 0, 0, 0, 0, 0, 0, 672.0000000000465, 0, -303.0, -454.5, 1797.0000000000337, -151.5, 0, 798.4999999999937, -151.5, -454.5, 0, -151.5, 0, 0, -454.5, 0, 0, 0, 0, 0, 0, 0, 0, 746.9999999999827, -151.5, 0, -303.0, 0, 0, -151.5, 0, 0, 0, 4246.999999999973, 0, 509.5000000000367, 0, 0, 0, -151.5, 0, 0, -151.5, 0, -303.0, 0, -151.5, 0, -151.5, 0, 0, -151.5, 0, 0, -303.0, 0, -303.0, -151.5, 0, 0, 0, 0, -151.5, 0, 398.50000000003786, -303.0, -303.0, 0, -151.5, 0, 0, 0, 0, 0, -151.5, -151.5, 0, -151.5, -151.5, 0, 0, -151.5, 0, -151.5, -303.0, 0, 121.99999999999608, -151.5, 0, 0, 323.49999999999056, 0, -151.5, 0, 0, -151.5, 0, 0, 0, 0, 0, -303.0, 235.99999999997246, -151.5, -151.5, 0, -151.5, -151.5, -151.5, 0, 0, -151.5, 0, 0, 0, 0, 0, -151.5, 0]
Sharpe Ratio: 0.03
Annualized Sharpe: 0.471
Sharpe 95% CI: (np.float64(-1.762), np.float64(3.647))
Win Rate (%): 9.23
Max Drawdown: -4677.0
Profit Factor: 1.2
Expectancy: 13.269
Total Trades: 130



Rolling 6 - Variant 3 - 20_3 - Fit Metrics
Returns: [-144.5, -144.5, 0, 0, 504.74999999999807, -176.49999999999724, 0, 0, 0, 0, 0, 223.5, 79.0, 0, -144.5, 0, 0, 0, 0, 0, -144.5, 0, 0, -144.5, 0, 0, 0, 0, -144.5, 79.0, -144.5, 0, 368, 0, -289.0, -144.5, -144.5, -144.5, 0, 0, -289.0, 0, 368, 0, 0, 0, -144.5, 79.0, 223.5, 0, -144.5, 0, 0, 0, 0, 0, 218.00000000000298, 0, -144.5, 0, 0, 0, 0, 368, 368, 0, 0, 0, 0, 0, 0, -25.749999999984055, 0, 398.49999999999585, 72.0, 0, -289.0, 0, 0, 368, 0, 0, 368, 0, -144.5, -144.5, 368, 0, 368, -144.5, 0, -144.5, 223.5, 0, 0, 0, 368, 0, -144.5, 0, 0, 0, 0, -144.5, 0, -144.5, -95.24999999999233, 0, -289.0, -144.5, 368, 0, -289.0, 223.5, 55.500000000020876, 0, 0, 0, -7.0, -144.5, 0, 368, 0, 0, 223.5, 0, 223.5, 0, 111.7500000000008, 0, -289.0, 0, 0, -144.5, -144.5, 0, 0, 591.5, 368, 0, 0, 0, 0, 0, -144.5, -144.5, 0, 0, 0, -433.5, 0, -144.5, 0, 0, 0, 368, 368, -144.5, -144.5, 0, -65.5, 0, 223.5, 0, 368, 0, 223.5, 447.0, 0, 0, 0, 0, 0, 0, 0, -144.5, -144.5, 0, -144.5, 0, 368, 267.99999999999744, 0]
Sharpe Ratio: 0.112
Annualized Sharpe: 1.784
Sharpe 95% CI: (np.float64(-0.47), np.float64(4.127))
Win Rate (%): 19.67
Max Drawdown: -1287.0
Profit Factor: 1.477
Expectancy: 18.68
Total Trades: 183

Rolling 6 - Variant 3 - 20_3 - Test Metrics
Returns: [0, 0, -144.5, 49.24999999997993, 368, 0, 0, 0, 0, 0, 0, 223.5, 0, 223.5, -433.5, 223.5, -144.5, 0, 368, -144.5, -433.5, 0, -144.5, 0, 0, 79.0, 0, 0, 0, 0, 0, 0, 0, 0, 223.5, -144.5, 0, -289.0, 0, 0, -144.5, 0, 0, 0, 736, 0, 223.5, 0, 0, 0, -144.5, 0, 0, -144.5, 0, -238.99999999999037, 0, -144.5, 0, -144.5, 0, 0, -144.5, 0, 0, -289.0, 0, -289.0, -144.5, 0, 0, 0, 0, -32.000000000025004, 0, 199.25000000001893, 223.5, -289.0, 0, 80.50000000001812, 0, 0, 0, 0, 0, -144.5, -144.5, 0, -144.5, -144.5, 0, 0, 368, 0, 55.499999999993115, 223.5, 0, -7.750000000001961, -144.5, 0, 0, 368, 0, -144.5, 0, 0, -144.5, 0, 0, 0, 0, 0, -289.0, 368, -144.5, -144.5, 0, 368, -144.5, -144.5, 0, 0, -144.5, 0, 0, 0, 0, 0, -144.5, 0]
Sharpe Ratio: -0.061
Annualized Sharpe: -0.966
Sharpe 95% CI: (np.float64(-3.654), np.float64(1.791))
Win Rate (%): 14.62
Max Drawdown: -2118.25
Profit Factor: 0.802
Expectancy: -9.471
Total Trades: 130



Rolling 6 - Variant 4 - 10_5 - Fit Metrics
Returns: [-151.5, -151.5, 0, 0, 884.4999999999961, -215.4999999999945, 0, 0, 0, 0, 0, 459.5, 308.0, 0, -151.5, 0, 0, 0, 0, 0, -151.5, 0, 0, -151.5, 0, 0, 0, 0, -151.5, -454.5, -151.5, 0, 611, 0, -303.0, -151.5, -151.5, -151.5, 0, 0, 459.5, 0, -151.5, 0, 0, 0, -151.5, 308.0, 459.5, 0, -151.5, 0, 0, 0, 0, 0, 611, 0, -151.5, 0, 0, 0, 0, 611, 611, 0, 0, 0, 0, 0, 0, -151.5, 0, -90.50000000000826, -468.5, 0, -303.0, 0, 0, 611, 0, 0, -151.5, 0, -151.5, -151.5, -151.5, 0, 611, -151.5, 0, -151.5, 459.5, 0, 0, 0, 611, 0, -151.5, 0, 0, 0, 0, -151.5, 0, -151.5, -303.0, 0, -303.0, -151.5, 611, 0, -303.0, -303.0, -151.5, 0, 0, 0, -14.0, -151.5, 0, -151.5, 0, 0, 459.5, 0, 459.5, 0, 223.5000000000016, 0, -303.0, 0, 0, -151.5, -151.5, 0, 0, 1070.5, 611, 0, 0, 0, 0, 0, -151.5, -151.5, 0, 0, 0, -454.5, 0, -151.5, 0, 0, 0, 611, 611, -151.5, -151.5, 0, 156.5, 0, 459.5, 0, -151.5, 0, -303.0, 919.0, 0, 0, 0, 0, 0, 0, 0, -151.5, -151.5, 0, -151.5, 0, 611, 611, 0]
Sharpe Ratio: 0.108
Annualized Sharpe: 1.722
Sharpe 95% CI: (np.float64(-0.436), np.float64(4.117))
Win Rate (%): 14.75
Max Drawdown: -1675.5
Profit Factor: 1.498
Expectancy: 27.32
Total Trades: 183

Rolling 6 - Variant 4 - 10_5 - Test Metrics
Returns: [0, 0, -151.5, 98.49999999995985, 611, 0, 0, 0, 0, 0, 0, 459.5, 0, -303.0, -454.5, 459.5, -151.5, 0, 611, -151.5, -454.5, 0, -151.5, 0, 0, 308.0, 0, 0, 0, 0, 0, 0, 0, 0, 459.5, -151.5, 0, -303.0, 0, 0, -151.5, 0, 0, 0, 1222, 0, 459.5, 0, 0, 0, -151.5, 0, 0, 611, 0, -303.0, 0, -151.5, 0, -151.5, 0, 0, -151.5, 0, 0, -303.0, 0, -303.0, -151.5, 0, 0, 0, 0, -151.5, 0, 398.50000000003786, -303.0, -303.0, 0, -151.5, 0, 0, 0, 0, 0, -151.5, -151.5, 0, -151.5, -151.5, 0, 0, -151.5, 0, -151.5, -303.0, 0, 121.99999999999608, -151.5, 0, 0, 611, 0, -151.5, 0, 0, -151.5, 0, 0, 0, 0, 0, -303.0, 611, -151.5, -151.5, 0, 611, -151.5, -151.5, 0, 0, -151.5, 0, 0, 0, 0, 0, -151.5, 0]
Sharpe Ratio: -0.008
Annualized Sharpe: -0.12
Sharpe 95% CI: (np.float64(-2.721), np.float64(2.663))
Win Rate (%): 11.54
Max Drawdown: -3267.0
Profit Factor: 0.971
Expectancy: -1.731
Total Trades: 130



Rolling 7 - Variant 0 - 10_8 - Fit Metrics
Returns: [-151.5, -151.5, 0, 0, 1259.4999999999961, -215.4999999999945, 0, 0, 0, 0, 0, 834.5, 683.0, 0, -151.5, 0, 0, 0, 0, 0, -151.5, 0, 0, -151.5, 0, 0, 0, 0, -151.5, -454.5, -151.5, 0, 986, 0, -303.0, -151.5, -151.5, -151.5, 0, 0, -303.0, 0, -151.5, 0, 0, 0, -151.5, 683.0, 834.5, 0, -151.5, 0, 0, 0, 0, 0, 436.00000000000597, 0, -151.5, 0, 0, 0, 0, 986, -151.5, 0, 0, 0, 0, 0, 0, -151.5, 0, -90.50000000000826, -468.5, 0, -303.0, 0, 0, 986, 0, 0, -151.5, 0, -151.5, -151.5, -151.5, 0, 986, -151.5, 0, -151.5, -303.0, 0, 0, 0, 986, 0, -151.5, 0, 0, 0, 0, -151.5, 0, -151.5, -303.0, 0, -303.0, -151.5, -151.5, 0, -303.0, -303.0, -151.5, 0, 0, 0, -14.0, -151.5, 0, -151.5, 0, 0, 834.5, 0, 834.5, 0, 223.5000000000016, 0, -303.0, 0, 0, -151.5, -151.5, 0, 0, 1820.5, 986, 0, 0, 0, 0, 0, -151.5, -151.5, 0, 0, 0, -454.5, 0, -151.5, 0, 0, 0, 986, 986, -151.5, -151.5, 0, -606.0, 0, 834.5, 0, -151.5, 0, -303.0, 1669.0, 0, 0, 0, 0, 0, 0, 0, -151.5, -151.5, 0, -151.5, 0, 986, 535.9999999999949, 0, 0, 0, -151.5, 98.49999999995985, 411.0000000000087, 0, 0, 0, 0, 0, 0, 834.5, 0, -303.0, -454.5, 834.5, -151.5, 0, 986, -151.5, -454.5, 0, -151.5, 0, 0, 683.0]
Sharpe Ratio: 0.143
Annualized Sharpe: 2.271
Sharpe 95% CI: (np.float64(0.237), np.float64(4.519))
Win Rate (%): 13.4
Max Drawdown: -2438.0
Profit Factor: 1.811
Expectancy: 51.873
Total Trades: 209

Rolling 7 - Variant 0 - 10_8 - Test Metrics
Returns: [0, 0, 0, 0, 0, 0, 0, 0, 834.5, -151.5, 0, -303.0, 0, 0, -151.5, 0, 0, 0, 1972, 0, 834.5, 0, 0, 0, -151.5, 0, 0, -151.5, 0, -303.0, 0, -151.5, 0, -151.5, 0, 0, -151.5, 0, 0, -303.0, 0, -303.0, -151.5, 0, 0, 0, 0, -151.5, 0, 398.50000000003786, -303.0, -303.0, 0, -151.5, 0, 0, 0, 0, 0, -151.5, -151.5, 0, -151.5, -151.5, 0, 0, -151.5, 0, -151.5, -303.0, 0, 121.99999999999608, -151.5, 0, 0, 323.49999999999056, 0, -151.5, 0, 0, -151.5, 0, 0, 0, 0, 0, -303.0, 235.99999999997246, -151.5, -151.5, 0, -151.5, -151.5, -151.5, 0, 0, -151.5, 0, 0, 0, 0, 0, -151.5, 0]
Sharpe Ratio: -0.061
Annualized Sharpe: -0.967
Sharpe 95% CI: (np.float64(-3.58), np.float64(2.354))
Win Rate (%): 6.73
Max Drawdown: -4677.0
Profit Factor: 0.742
Expectancy: -15.788
Total Trades: 104



Rolling 7 - Variant 1 - 20_4 - Fit Metrics
Returns: [-144.5, -144.5, 0, 0, 629.7499999999981, -176.49999999999724, 0, 0, 0, 0, 0, 348.5, 204.0, 0, -144.5, 0, 0, 0, 0, 0, -144.5, 0, 0, -144.5, 0, 0, 0, 0, -144.5, 204.0, -144.5, 0, 493, 0, -289.0, -144.5, -144.5, -144.5, 0, 0, -289.0, 0, 493, 0, 0, 0, -144.5, 204.0, 348.5, 0, -144.5, 0, 0, 0, 0, 0, 218.00000000000298, 0, -144.5, 0, 0, 0, 0, 493, 493, 0, 0, 0, 0, 0, 0, -25.749999999984055, 0, -114.00000000000412, -440.5, 0, -289.0, 0, 0, 493, 0, 0, 493, 0, -144.5, -144.5, 493, 0, 493, -144.5, 0, -144.5, 348.5, 0, 0, 0, 493, 0, -144.5, 0, 0, 0, 0, -144.5, 0, -144.5, -95.24999999999233, 0, -289.0, -144.5, -144.5, 0, -289.0, -289.0, 55.500000000020876, 0, 0, 0, -7.0, -144.5, 0, 493, 0, 0, 348.5, 0, 348.5, 0, 111.7500000000008, 0, -289.0, 0, 0, -144.5, -144.5, 0, 0, 841.5, 493, 0, 0, 0, 0, 0, -144.5, -144.5, 0, 0, 0, -433.5, 0, -144.5, 0, 0, 0, 493, 493, -144.5, -144.5, 0, 59.5, 0, 348.5, 0, 493, 0, 348.5, 697.0, 0, 0, 0, 0, 0, 0, 0, -144.5, -144.5, 0, -144.5, 0, 493, 267.99999999999744, 0, 0, 0, -144.5, 49.24999999997993, 205.50000000000435, 0, 0, 0, 0, 0, 0, 348.5, 0, 167.25000000000654, -433.5, 348.5, -144.5, 0, 493, -144.5, -433.5, 0, -144.5, 0, 0, 204.0]
Sharpe Ratio: 0.129
Annualized Sharpe: 2.054
Sharpe 95% CI: (np.float64(-0.027), np.float64(4.262))
Win Rate (%): 19.14
Max Drawdown: -1780.75
Profit Factor: 1.589
Expectancy: 26.864
Total Trades: 209

Rolling 7 - Variant 1 - 20_4 - Test Metrics
Returns: [0, 0, 0, 0, 0, 0, 0, 0, 348.5, -144.5, 0, -289.0, 0, 0, -144.5, 0, 0, 0, 986, 0, 348.5, 0, 0, 0, -144.5, 0, 0, -144.5, 0, -238.99999999999037, 0, -144.5, 0, -144.5, 0, 0, -144.5, 0, 0, -289.0, 0, -289.0, -144.5, 0, 0, 0, 0, -32.000000000025004, 0, 199.25000000001893, 348.5, -289.0, 0, 80.50000000001812, 0, 0, 0, 0, 0, -144.5, -144.5, 0, -144.5, -144.5, 0, 0, 493, 0, 55.499999999993115, 348.5, 0, -7.750000000001961, -144.5, 0, 0, 161.74999999999528, 0, -144.5, 0, 0, -144.5, 0, 0, 0, 0, 0, -289.0, 117.99999999998623, -144.5, -144.5, 0, 280.5000000000239, -144.5, -144.5, 0, 0, -144.5, 0, 0, 0, 0, 0, -144.5, 0]
Sharpe Ratio: -0.058
Annualized Sharpe: -0.921
Sharpe 95% CI: (np.float64(-3.745), np.float64(2.235))
Win Rate (%): 11.54
Max Drawdown: -2094.75
Profit Factor: 0.792
Expectancy: -9.517
Total Trades: 104



Rolling 7 - Variant 2 - 10_10 - Fit Metrics
Returns: [-151.5, -151.5, 0, 0, 946.9999999999482, -215.4999999999945, 0, 0, 0, 0, 0, 771.99999999998, 933.0, 0, -151.5, 0, 0, 0, 0, 0, -151.5, 0, 0, -151.5, 0, 0, 0, 0, -151.5, -454.5, -151.5, 0, 1236, 0, -303.0, -151.5, -151.5, -151.5, 0, 0, -303.0, 0, -151.5, 0, 0, 0, -151.5, 933.0, 1084.5, 0, -151.5, 0, 0, 0, 0, 0, 436.00000000000597, 0, -151.5, 0, 0, 0, 0, 1236, -151.5, 0, 0, 0, 0, 0, 0, -151.5, 0, -90.50000000000826, -468.5, 0, -303.0, 0, 0, -151.5, 0, 0, -151.5, 0, -151.5, -151.5, -151.5, 0, -151.5, -151.5, 0, -151.5, -303.0, 0, 0, 0, 1236, 0, -151.5, 0, 0, 0, 0, -151.5, 0, -151.5, -303.0, 0, -303.0, -151.5, -151.5, 0, -303.0, -303.0, -151.5, 0, 0, 0, -14.0, -151.5, 0, -151.5, 0, 0, 1084.5, 0, 1084.5, 0, 223.5000000000016, 0, -303.0, 0, 0, -151.5, -151.5, 0, 0, 1595.499999999971, 1236, 0, 0, 0, 0, 0, -151.5, -151.5, 0, 0, 0, -454.5, 0, -151.5, 0, 0, 0, 1236, 1236, -151.5, -151.5, 0, -606.0, 0, -303.0, 0, -151.5, 0, -303.0, 2169.0, 0, 0, 0, 0, 0, 0, 0, -151.5, -151.5, 0, -151.5, 0, -151.5, 535.9999999999949, 0, 0, 0, -151.5, 98.49999999995985, 411.0000000000087, 0, 0, 0, 0, 0, 0, 1084.5, 0, -303.0, -454.5, 1084.5, -151.5, 0, 1236, -151.5, -454.5, 0, -151.5, 0, 0, 933.0]
Sharpe Ratio: 0.122
Annualized Sharpe: 1.93
Sharpe 95% CI: (np.float64(-0.127), np.float64(4.246))
Win Rate (%): 11.48
Max Drawdown: -3882.0
Profit Factor: 1.704
Expectancy: 47.567
Total Trades: 209

Rolling 7 - Variant 2 - 10_10 - Test Metrics
Returns: [0, 0, 0, 0, 0, 0, 0, 0, 1084.5, -151.5, 0, -303.0, 0, 0, -151.5, 0, 0, 0, 2472, 0, 1084.5, 0, 0, 0, -151.5, 0, 0, -151.5, 0, -303.0, 0, -151.5, 0, -151.5, 0, 0, -151.5, 0, 0, -303.0, 0, -303.0, -151.5, 0, 0, 0, 0, -151.5, 0, 398.50000000003786, -303.0, -303.0, 0, -151.5, 0, 0, 0, 0, 0, -151.5, -151.5, 0, -151.5, -151.5, 0, 0, -151.5, 0, -151.5, -303.0, 0, 121.99999999999608, -151.5, 0, 0, 323.49999999999056, 0, -151.5, 0, 0, -151.5, 0, 0, 0, 0, 0, -303.0, 235.99999999997246, -151.5, -151.5, 0, -151.5, -151.5, -151.5, 0, 0, -151.5, 0, 0, 0, 0, 0, -151.5, 0]
Sharpe Ratio: -0.02
Annualized Sharpe: -0.313
Sharpe 95% CI: (np.float64(-2.868), np.float64(3.044))
Win Rate (%): 6.73
Max Drawdown: -4677.0
Profit Factor: 0.899
Expectancy: -6.173
Total Trades: 104



Rolling 7 - Variant 3 - 10_12 - Fit Metrics
Returns: [-151.5, -151.5, 0, 0, 946.9999999999482, -215.4999999999945, 0, 0, 0, 0, 0, 771.99999999998, 1183.0, 0, -151.5, 0, 0, 0, 0, 0, -151.5, 0, 0, -151.5, 0, 0, 0, 0, -151.5, -454.5, -151.5, 0, 386.0000000000115, 0, -303.0, -151.5, -151.5, -151.5, 0, 0, -303.0, 0, -151.5, 0, 0, 0, -151.5, 820.5000000000134, 1334.5, 0, -151.5, 0, 0, 0, 0, 0, 436.00000000000597, 0, -151.5, 0, 0, 0, 0, 1486, -151.5, 0, 0, 0, 0, 0, 0, -151.5, 0, -90.50000000000826, -468.5, 0, -303.0, 0, 0, -151.5, 0, 0, -151.5, 0, -151.5, -151.5, -151.5, 0, -151.5, -151.5, 0, -151.5, -303.0, 0, 0, 0, 1486, 0, -151.5, 0, 0, 0, 0, -151.5, 0, -151.5, -303.0, 0, -303.0, -151.5, -151.5, 0, -303.0, -303.0, -151.5, 0, 0, 0, -14.0, -151.5, 0, -151.5, 0, 0, 997.0000000000107, 0, 109.50000000002524, 0, 223.5000000000016, 0, -303.0, 0, 0, -151.5, -151.5, 0, 0, 1595.499999999971, 1486, 0, 0, 0, 0, 0, -151.5, -151.5, 0, 0, 0, -454.5, 0, -151.5, 0, 0, 0, 1486, 1486, -151.5, -151.5, 0, -606.0, 0, -303.0, 0, -151.5, 0, -303.0, 2669.0, 0, 0, 0, 0, 0, 0, 0, -151.5, -151.5, 0, -151.5, 0, -151.5, 535.9999999999949, 0, 0, 0, -151.5, 98.49999999995985, 411.0000000000087, 0, 0, 0, 0, 0, 0, 672.0000000000465, 0, -303.0, -454.5, 1334.5, -151.5, 0, 1486, -151.5, -454.5, 0, -151.5, 0, 0, 1183.0]
Sharpe Ratio: 0.119
Annualized Sharpe: 1.894
Sharpe 95% CI: (np.float64(-0.134), np.float64(4.22))
Win Rate (%): 11.48
Max Drawdown: -3632.0
Profit Factor: 1.744
Expectancy: 50.258
Total Trades: 209

Rolling 7 - Variant 3 - 10_12 - Test Metrics
Returns: [0, 0, 0, 0, 0, 0, 0, 0, 1334.5, -151.5, 0, -303.0, 0, 0, -151.5, 0, 0, 0, 2972, 0, 1334.5, 0, 0, 0, -151.5, 0, 0, -151.5, 0, -303.0, 0, -151.5, 0, -151.5, 0, 0, -151.5, 0, 0, -303.0, 0, -303.0, -151.5, 0, 0, 0, 0, -151.5, 0, 398.50000000003786, -303.0, -303.0, 0, -151.5, 0, 0, 0, 0, 0, -151.5, -151.5, 0, -151.5, -151.5, 0, 0, -151.5, 0, -151.5, -303.0, 0, 121.99999999999608, -151.5, 0, 0, 323.49999999999056, 0, -151.5, 0, 0, -151.5, 0, 0, 0, 0, 0, -303.0, 235.99999999997246, -151.5, -151.5, 0, -151.5, -151.5, -151.5, 0, 0, -151.5, 0, 0, 0, 0, 0, -151.5, 0]
Sharpe Ratio: 0.009
Annualized Sharpe: 0.148
Sharpe 95% CI: (np.float64(-2.356), np.float64(3.517))
Win Rate (%): 6.73
Max Drawdown: -4677.0
Profit Factor: 1.056
Expectancy: 3.442
Total Trades: 104



Rolling 7 - Variant 4 - 10_20 - Fit Metrics
Returns: [-151.5, -151.5, 0, 0, 946.9999999999482, -215.4999999999945, 0, 0, 0, 0, 0, 771.99999999998, 2183.0, 0, -151.5, 0, 0, 0, 0, 0, -151.5, 0, 0, -151.5, 0, 0, 0, 0, -151.5, -454.5, -151.5, 0, 386.0000000000115, 0, -303.0, -151.5, -151.5, -151.5, 0, 0, -303.0, 0, -151.5, 0, 0, 0, -151.5, 820.5000000000134, 2334.5, 0, -151.5, 0, 0, 0, 0, 0, 436.00000000000597, 0, -151.5, 0, 0, 0, 0, 2486, -151.5, 0, 0, 0, 0, 0, 0, -151.5, 0, -90.50000000000826, -468.5, 0, -303.0, 0, 0, -151.5, 0, 0, -151.5, 0, -151.5, -151.5, -151.5, 0, -151.5, -151.5, 0, -151.5, -303.0, 0, 0, 0, 2486, 0, -151.5, 0, 0, 0, 0, -151.5, 0, -151.5, -303.0, 0, -303.0, -151.5, -151.5, 0, -303.0, -303.0, -151.5, 0, 0, 0, -14.0, -151.5, 0, -151.5, 0, 0, 997.0000000000107, 0, 109.50000000002524, 0, 223.5000000000016, 0, -303.0, 0, 0, -151.5, -151.5, 0, 0, 1595.499999999971, 2486, 0, 0, 0, 0, 0, -151.5, -151.5, 0, 0, 0, -454.5, 0, -151.5, 0, 0, 0, 2486, -151.5, -151.5, -151.5, 0, -606.0, 0, -303.0, 0, -151.5, 0, -303.0, 2243.999999999994, 0, 0, 0, 0, 0, 0, 0, -151.5, -151.5, 0, -151.5, 0, -151.5, 535.9999999999949, 0, 0, 0, -151.5, 98.49999999995985, 411.0000000000087, 0, 0, 0, 0, 0, 0, 672.0000000000465, 0, -303.0, -454.5, 1797.0000000000337, -151.5, 0, 798.4999999999937, -151.5, -454.5, 0, -151.5, 0, 0, -454.5]
Sharpe Ratio: 0.118
Annualized Sharpe: 1.875
Sharpe 95% CI: (np.float64(-0.113), np.float64(4.155))
Win Rate (%): 10.53
Max Drawdown: -2680.0
Profit Factor: 1.854
Expectancy: 60.187
Total Trades: 209

Rolling 7 - Variant 4 - 10_20 - Test Metrics
Returns: [0, 0, 0, 0, 0, 0, 0, 0, 746.9999999999827, -151.5, 0, -303.0, 0, 0, -151.5, 0, 0, 0, 4246.999999999973, 0, 509.5000000000367, 0, 0, 0, -151.5, 0, 0, -151.5, 0, -303.0, 0, -151.5, 0, -151.5, 0, 0, -151.5, 0, 0, -303.0, 0, -303.0, -151.5, 0, 0, 0, 0, -151.5, 0, 398.50000000003786, -303.0, -303.0, 0, -151.5, 0, 0, 0, 0, 0, -151.5, -151.5, 0, -151.5, -151.5, 0, 0, -151.5, 0, -151.5, -303.0, 0, 121.99999999999608, -151.5, 0, 0, 323.49999999999056, 0, -151.5, 0, 0, -151.5, 0, 0, 0, 0, 0, -303.0, 235.99999999997246, -151.5, -151.5, 0, -151.5, -151.5, -151.5, 0, 0, -151.5, 0, 0, 0, 0, 0, -151.5, 0]
Sharpe Ratio: 0.005
Annualized Sharpe: 0.075
Sharpe 95% CI: (np.float64(-2.122), np.float64(3.631))
Win Rate (%): 6.73
Max Drawdown: -4677.0
Profit Factor: 1.035
Expectancy: 2.12
Total Trades: 104



Rolling 8 - Variant 0 - 10_8 - Fit Metrics
Returns: [-151.5, -151.5, 0, 0, 1259.4999999999961, -215.4999999999945, 0, 0, 0, 0, 0, 834.5, 683.0, 0, -151.5, 0, 0, 0, 0, 0, -151.5, 0, 0, -151.5, 0, 0, 0, 0, -151.5, -454.5, -151.5, 0, 986, 0, -303.0, -151.5, -151.5, -151.5, 0, 0, -303.0, 0, -151.5, 0, 0, 0, -151.5, 683.0, 834.5, 0, -151.5, 0, 0, 0, 0, 0, 436.00000000000597, 0, -151.5, 0, 0, 0, 0, 986, -151.5, 0, 0, 0, 0, 0, 0, -151.5, 0, -90.50000000000826, -468.5, 0, -303.0, 0, 0, 986, 0, 0, -151.5, 0, -151.5, -151.5, -151.5, 0, 986, -151.5, 0, -151.5, -303.0, 0, 0, 0, 986, 0, -151.5, 0, 0, 0, 0, -151.5, 0, -151.5, -303.0, 0, -303.0, -151.5, -151.5, 0, -303.0, -303.0, -151.5, 0, 0, 0, -14.0, -151.5, 0, -151.5, 0, 0, 834.5, 0, 834.5, 0, 223.5000000000016, 0, -303.0, 0, 0, -151.5, -151.5, 0, 0, 1820.5, 986, 0, 0, 0, 0, 0, -151.5, -151.5, 0, 0, 0, -454.5, 0, -151.5, 0, 0, 0, 986, 986, -151.5, -151.5, 0, -606.0, 0, 834.5, 0, -151.5, 0, -303.0, 1669.0, 0, 0, 0, 0, 0, 0, 0, -151.5, -151.5, 0, -151.5, 0, 986, 535.9999999999949, 0, 0, 0, -151.5, 98.49999999995985, 411.0000000000087, 0, 0, 0, 0, 0, 0, 834.5, 0, -303.0, -454.5, 834.5, -151.5, 0, 986, -151.5, -454.5, 0, -151.5, 0, 0, 683.0, 0, 0, 0, 0, 0, 0, 0, 0, 834.5, -151.5, 0, -303.0, 0, 0, -151.5, 0, 0, 0, 1972, 0, 834.5, 0, 0, 0, -151.5, 0]
Sharpe Ratio: 0.157
Annualized Sharpe: 2.486
Sharpe 95% CI: (np.float64(0.534), np.float64(4.611))
Win Rate (%): 13.19
Max Drawdown: -2438.0
Profit Factor: 1.972
Expectancy: 58.404
Total Trades: 235

Rolling 8 - Variant 0 - 10_8 - Test Metrics
Returns: [0, -151.5, 0, -303.0, 0, -151.5, 0, -151.5, 0, 0, -151.5, 0, 0, -303.0, 0, -303.0, -151.5, 0, 0, 0, 0, -151.5, 0, 398.50000000003786, -303.0, -303.0, 0, -151.5, 0, 0, 0, 0, 0, -151.5, -151.5, 0, -151.5, -151.5, 0, 0, -151.5, 0, -151.5, -303.0, 0, 121.99999999999608, -151.5, 0, 0, 323.49999999999056, 0, -151.5, 0, 0, -151.5, 0, 0, 0, 0, 0, -303.0, 235.99999999997246, -151.5, -151.5, 0, -151.5, -151.5, -151.5, 0, 0, -151.5, 0, 0, 0, 0, 0, -151.5, 0]
Sharpe Ratio: -0.457
Annualized Sharpe: -7.252
Sharpe 95% CI: (np.float64(-10.772), np.float64(-3.653))
Win Rate (%): 5.13
Max Drawdown: -4525.5
Profit Factor: 0.193
Expectancy: -58.019
Total Trades: 78



Rolling 8 - Variant 1 - 10_12 - Fit Metrics
Returns: [-151.5, -151.5, 0, 0, 946.9999999999482, -215.4999999999945, 0, 0, 0, 0, 0, 771.99999999998, 1183.0, 0, -151.5, 0, 0, 0, 0, 0, -151.5, 0, 0, -151.5, 0, 0, 0, 0, -151.5, -454.5, -151.5, 0, 386.0000000000115, 0, -303.0, -151.5, -151.5, -151.5, 0, 0, -303.0, 0, -151.5, 0, 0, 0, -151.5, 820.5000000000134, 1334.5, 0, -151.5, 0, 0, 0, 0, 0, 436.00000000000597, 0, -151.5, 0, 0, 0, 0, 1486, -151.5, 0, 0, 0, 0, 0, 0, -151.5, 0, -90.50000000000826, -468.5, 0, -303.0, 0, 0, -151.5, 0, 0, -151.5, 0, -151.5, -151.5, -151.5, 0, -151.5, -151.5, 0, -151.5, -303.0, 0, 0, 0, 1486, 0, -151.5, 0, 0, 0, 0, -151.5, 0, -151.5, -303.0, 0, -303.0, -151.5, -151.5, 0, -303.0, -303.0, -151.5, 0, 0, 0, -14.0, -151.5, 0, -151.5, 0, 0, 997.0000000000107, 0, 109.50000000002524, 0, 223.5000000000016, 0, -303.0, 0, 0, -151.5, -151.5, 0, 0, 1595.499999999971, 1486, 0, 0, 0, 0, 0, -151.5, -151.5, 0, 0, 0, -454.5, 0, -151.5, 0, 0, 0, 1486, 1486, -151.5, -151.5, 0, -606.0, 0, -303.0, 0, -151.5, 0, -303.0, 2669.0, 0, 0, 0, 0, 0, 0, 0, -151.5, -151.5, 0, -151.5, 0, -151.5, 535.9999999999949, 0, 0, 0, -151.5, 98.49999999995985, 411.0000000000087, 0, 0, 0, 0, 0, 0, 672.0000000000465, 0, -303.0, -454.5, 1334.5, -151.5, 0, 1486, -151.5, -454.5, 0, -151.5, 0, 0, 1183.0, 0, 0, 0, 0, 0, 0, 0, 0, 1334.5, -151.5, 0, -303.0, 0, 0, -151.5, 0, 0, 0, 2972, 0, 1334.5, 0, 0, 0, -151.5, 0]
Sharpe Ratio: 0.143
Annualized Sharpe: 2.272
Sharpe 95% CI: (np.float64(0.385), np.float64(4.386))
Win Rate (%): 11.49
Max Drawdown: -3632.0
Profit Factor: 2.034
Expectancy: 65.479
Total Trades: 235

Rolling 8 - Variant 1 - 10_12 - Test Metrics
Returns: [0, -151.5, 0, -303.0, 0, -151.5, 0, -151.5, 0, 0, -151.5, 0, 0, -303.0, 0, -303.0, -151.5, 0, 0, 0, 0, -151.5, 0, 398.50000000003786, -303.0, -303.0, 0, -151.5, 0, 0, 0, 0, 0, -151.5, -151.5, 0, -151.5, -151.5, 0, 0, -151.5, 0, -151.5, -303.0, 0, 121.99999999999608, -151.5, 0, 0, 323.49999999999056, 0, -151.5, 0, 0, -151.5, 0, 0, 0, 0, 0, -303.0, 235.99999999997246, -151.5, -151.5, 0, -151.5, -151.5, -151.5, 0, 0, -151.5, 0, 0, 0, 0, 0, -151.5, 0]
Sharpe Ratio: -0.457
Annualized Sharpe: -7.252
Sharpe 95% CI: (np.float64(-10.772), np.float64(-3.653))
Win Rate (%): 5.13
Max Drawdown: -4525.5
Profit Factor: 0.193
Expectancy: -58.019
Total Trades: 78



Rolling 8 - Variant 2 - 10_10 - Fit Metrics
Returns: [-151.5, -151.5, 0, 0, 946.9999999999482, -215.4999999999945, 0, 0, 0, 0, 0, 771.99999999998, 933.0, 0, -151.5, 0, 0, 0, 0, 0, -151.5, 0, 0, -151.5, 0, 0, 0, 0, -151.5, -454.5, -151.5, 0, 1236, 0, -303.0, -151.5, -151.5, -151.5, 0, 0, -303.0, 0, -151.5, 0, 0, 0, -151.5, 933.0, 1084.5, 0, -151.5, 0, 0, 0, 0, 0, 436.00000000000597, 0, -151.5, 0, 0, 0, 0, 1236, -151.5, 0, 0, 0, 0, 0, 0, -151.5, 0, -90.50000000000826, -468.5, 0, -303.0, 0, 0, -151.5, 0, 0, -151.5, 0, -151.5, -151.5, -151.5, 0, -151.5, -151.5, 0, -151.5, -303.0, 0, 0, 0, 1236, 0, -151.5, 0, 0, 0, 0, -151.5, 0, -151.5, -303.0, 0, -303.0, -151.5, -151.5, 0, -303.0, -303.0, -151.5, 0, 0, 0, -14.0, -151.5, 0, -151.5, 0, 0, 1084.5, 0, 1084.5, 0, 223.5000000000016, 0, -303.0, 0, 0, -151.5, -151.5, 0, 0, 1595.499999999971, 1236, 0, 0, 0, 0, 0, -151.5, -151.5, 0, 0, 0, -454.5, 0, -151.5, 0, 0, 0, 1236, 1236, -151.5, -151.5, 0, -606.0, 0, -303.0, 0, -151.5, 0, -303.0, 2169.0, 0, 0, 0, 0, 0, 0, 0, -151.5, -151.5, 0, -151.5, 0, -151.5, 535.9999999999949, 0, 0, 0, -151.5, 98.49999999995985, 411.0000000000087, 0, 0, 0, 0, 0, 0, 1084.5, 0, -303.0, -454.5, 1084.5, -151.5, 0, 1236, -151.5, -454.5, 0, -151.5, 0, 0, 933.0, 0, 0, 0, 0, 0, 0, 0, 0, 1084.5, -151.5, 0, -303.0, 0, 0, -151.5, 0, 0, 0, 2472, 0, 1084.5, 0, 0, 0, -151.5, 0]
Sharpe Ratio: 0.142
Annualized Sharpe: 2.256
Sharpe 95% CI: (np.float64(0.363), np.float64(4.346))
Win Rate (%): 11.49
Max Drawdown: -3882.0
Profit Factor: 1.929
Expectancy: 58.83
Total Trades: 235

Rolling 8 - Variant 2 - 10_10 - Test Metrics
Returns: [0, -151.5, 0, -303.0, 0, -151.5, 0, -151.5, 0, 0, -151.5, 0, 0, -303.0, 0, -303.0, -151.5, 0, 0, 0, 0, -151.5, 0, 398.50000000003786, -303.0, -303.0, 0, -151.5, 0, 0, 0, 0, 0, -151.5, -151.5, 0, -151.5, -151.5, 0, 0, -151.5, 0, -151.5, -303.0, 0, 121.99999999999608, -151.5, 0, 0, 323.49999999999056, 0, -151.5, 0, 0, -151.5, 0, 0, 0, 0, 0, -303.0, 235.99999999997246, -151.5, -151.5, 0, -151.5, -151.5, -151.5, 0, 0, -151.5, 0, 0, 0, 0, 0, -151.5, 0]
Sharpe Ratio: -0.457
Annualized Sharpe: -7.252
Sharpe 95% CI: (np.float64(-10.772), np.float64(-3.653))
Win Rate (%): 5.13
Max Drawdown: -4525.5
Profit Factor: 0.193
Expectancy: -58.019
Total Trades: 78



Rolling 8 - Variant 3 - 20_4 - Fit Metrics
Returns: [-144.5, -144.5, 0, 0, 629.7499999999981, -176.49999999999724, 0, 0, 0, 0, 0, 348.5, 204.0, 0, -144.5, 0, 0, 0, 0, 0, -144.5, 0, 0, -144.5, 0, 0, 0, 0, -144.5, 204.0, -144.5, 0, 493, 0, -289.0, -144.5, -144.5, -144.5, 0, 0, -289.0, 0, 493, 0, 0, 0, -144.5, 204.0, 348.5, 0, -144.5, 0, 0, 0, 0, 0, 218.00000000000298, 0, -144.5, 0, 0, 0, 0, 493, 493, 0, 0, 0, 0, 0, 0, -25.749999999984055, 0, -114.00000000000412, -440.5, 0, -289.0, 0, 0, 493, 0, 0, 493, 0, -144.5, -144.5, 493, 0, 493, -144.5, 0, -144.5, 348.5, 0, 0, 0, 493, 0, -144.5, 0, 0, 0, 0, -144.5, 0, -144.5, -95.24999999999233, 0, -289.0, -144.5, -144.5, 0, -289.0, -289.0, 55.500000000020876, 0, 0, 0, -7.0, -144.5, 0, 493, 0, 0, 348.5, 0, 348.5, 0, 111.7500000000008, 0, -289.0, 0, 0, -144.5, -144.5, 0, 0, 841.5, 493, 0, 0, 0, 0, 0, -144.5, -144.5, 0, 0, 0, -433.5, 0, -144.5, 0, 0, 0, 493, 493, -144.5, -144.5, 0, 59.5, 0, 348.5, 0, 493, 0, 348.5, 697.0, 0, 0, 0, 0, 0, 0, 0, -144.5, -144.5, 0, -144.5, 0, 493, 267.99999999999744, 0, 0, 0, -144.5, 49.24999999997993, 205.50000000000435, 0, 0, 0, 0, 0, 0, 348.5, 0, 167.25000000000654, -433.5, 348.5, -144.5, 0, 493, -144.5, -433.5, 0, -144.5, 0, 0, 204.0, 0, 0, 0, 0, 0, 0, 0, 0, 348.5, -144.5, 0, -289.0, 0, 0, -144.5, 0, 0, 0, 986, 0, 348.5, 0, 0, 0, -144.5, 0]
Sharpe Ratio: 0.133
Annualized Sharpe: 2.117
Sharpe 95% CI: (np.float64(0.142), np.float64(4.222))
Win Rate (%): 18.3
Max Drawdown: -1780.75
Profit Factor: 1.641
Expectancy: 27.979
Total Trades: 235

Rolling 8 - Variant 3 - 20_4 - Test Metrics
Returns: [0, -144.5, 0, -238.99999999999037, 0, -144.5, 0, -144.5, 0, 0, -144.5, 0, 0, -289.0, 0, -289.0, -144.5, 0, 0, 0, 0, -32.000000000025004, 0, 199.25000000001893, 348.5, -289.0, 0, 80.50000000001812, 0, 0, 0, 0, 0, -144.5, -144.5, 0, -144.5, -144.5, 0, 0, 493, 0, 55.499999999993115, 348.5, 0, -7.750000000001961, -144.5, 0, 0, 161.74999999999528, 0, -144.5, 0, 0, -144.5, 0, 0, 0, 0, 0, -289.0, 117.99999999998623, -144.5, -144.5, 0, 280.5000000000239, -144.5, -144.5, 0, 0, -144.5, 0, 0, 0, 0, 0, -144.5, 0]
Sharpe Ratio: -0.187
Annualized Sharpe: -2.972
Sharpe 95% CI: (np.float64(-6.404), np.float64(0.643))
Win Rate (%): 11.54
Max Drawdown: -1950.25
Profit Factor: 0.517
Expectancy: -25.003
Total Trades: 78



Rolling 8 - Variant 4 - 10_20 - Fit Metrics
Returns: [-151.5, -151.5, 0, 0, 946.9999999999482, -215.4999999999945, 0, 0, 0, 0, 0, 771.99999999998, 2183.0, 0, -151.5, 0, 0, 0, 0, 0, -151.5, 0, 0, -151.5, 0, 0, 0, 0, -151.5, -454.5, -151.5, 0, 386.0000000000115, 0, -303.0, -151.5, -151.5, -151.5, 0, 0, -303.0, 0, -151.5, 0, 0, 0, -151.5, 820.5000000000134, 2334.5, 0, -151.5, 0, 0, 0, 0, 0, 436.00000000000597, 0, -151.5, 0, 0, 0, 0, 2486, -151.5, 0, 0, 0, 0, 0, 0, -151.5, 0, -90.50000000000826, -468.5, 0, -303.0, 0, 0, -151.5, 0, 0, -151.5, 0, -151.5, -151.5, -151.5, 0, -151.5, -151.5, 0, -151.5, -303.0, 0, 0, 0, 2486, 0, -151.5, 0, 0, 0, 0, -151.5, 0, -151.5, -303.0, 0, -303.0, -151.5, -151.5, 0, -303.0, -303.0, -151.5, 0, 0, 0, -14.0, -151.5, 0, -151.5, 0, 0, 997.0000000000107, 0, 109.50000000002524, 0, 223.5000000000016, 0, -303.0, 0, 0, -151.5, -151.5, 0, 0, 1595.499999999971, 2486, 0, 0, 0, 0, 0, -151.5, -151.5, 0, 0, 0, -454.5, 0, -151.5, 0, 0, 0, 2486, -151.5, -151.5, -151.5, 0, -606.0, 0, -303.0, 0, -151.5, 0, -303.0, 2243.999999999994, 0, 0, 0, 0, 0, 0, 0, -151.5, -151.5, 0, -151.5, 0, -151.5, 535.9999999999949, 0, 0, 0, -151.5, 98.49999999995985, 411.0000000000087, 0, 0, 0, 0, 0, 0, 672.0000000000465, 0, -303.0, -454.5, 1797.0000000000337, -151.5, 0, 798.4999999999937, -151.5, -454.5, 0, -151.5, 0, 0, -454.5, 0, 0, 0, 0, 0, 0, 0, 0, 746.9999999999827, -151.5, 0, -303.0, 0, 0, -151.5, 0, 0, 0, 4246.999999999973, 0, 509.5000000000367, 0, 0, 0, -151.5, 0]
Sharpe Ratio: 0.132
Annualized Sharpe: 2.103
Sharpe 95% CI: (np.float64(0.212), np.float64(4.203))
Win Rate (%): 10.64
Max Drawdown: -2680.0
Profit Factor: 2.119
Expectancy: 73.723
Total Trades: 235

Rolling 8 - Variant 4 - 10_20 - Test Metrics
Returns: [0, -151.5, 0, -303.0, 0, -151.5, 0, -151.5, 0, 0, -151.5, 0, 0, -303.0, 0, -303.0, -151.5, 0, 0, 0, 0, -151.5, 0, 398.50000000003786, -303.0, -303.0, 0, -151.5, 0, 0, 0, 0, 0, -151.5, -151.5, 0, -151.5, -151.5, 0, 0, -151.5, 0, -151.5, -303.0, 0, 121.99999999999608, -151.5, 0, 0, 323.49999999999056, 0, -151.5, 0, 0, -151.5, 0, 0, 0, 0, 0, -303.0, 235.99999999997246, -151.5, -151.5, 0, -151.5, -151.5, -151.5, 0, 0, -151.5, 0, 0, 0, 0, 0, -151.5, 0]
Sharpe Ratio: -0.457
Annualized Sharpe: -7.252
Sharpe 95% CI: (np.float64(-10.772), np.float64(-3.653))
Win Rate (%): 5.13
Max Drawdown: -4525.5
Profit Factor: 0.193
Expectancy: -58.019
Total Trades: 78



Rolling 9 - Variant 0 - 10_8 - Fit Metrics
Returns: [-151.5, -151.5, 0, 0, 1259.4999999999961, -215.4999999999945, 0, 0, 0, 0, 0, 834.5, 683.0, 0, -151.5, 0, 0, 0, 0, 0, -151.5, 0, 0, -151.5, 0, 0, 0, 0, -151.5, -454.5, -151.5, 0, 986, 0, -303.0, -151.5, -151.5, -151.5, 0, 0, -303.0, 0, -151.5, 0, 0, 0, -151.5, 683.0, 834.5, 0, -151.5, 0, 0, 0, 0, 0, 436.00000000000597, 0, -151.5, 0, 0, 0, 0, 986, -151.5, 0, 0, 0, 0, 0, 0, -151.5, 0, -90.50000000000826, -468.5, 0, -303.0, 0, 0, 986, 0, 0, -151.5, 0, -151.5, -151.5, -151.5, 0, 986, -151.5, 0, -151.5, -303.0, 0, 0, 0, 986, 0, -151.5, 0, 0, 0, 0, -151.5, 0, -151.5, -303.0, 0, -303.0, -151.5, -151.5, 0, -303.0, -303.0, -151.5, 0, 0, 0, -14.0, -151.5, 0, -151.5, 0, 0, 834.5, 0, 834.5, 0, 223.5000000000016, 0, -303.0, 0, 0, -151.5, -151.5, 0, 0, 1820.5, 986, 0, 0, 0, 0, 0, -151.5, -151.5, 0, 0, 0, -454.5, 0, -151.5, 0, 0, 0, 986, 986, -151.5, -151.5, 0, -606.0, 0, 834.5, 0, -151.5, 0, -303.0, 1669.0, 0, 0, 0, 0, 0, 0, 0, -151.5, -151.5, 0, -151.5, 0, 986, 535.9999999999949, 0, 0, 0, -151.5, 98.49999999995985, 411.0000000000087, 0, 0, 0, 0, 0, 0, 834.5, 0, -303.0, -454.5, 834.5, -151.5, 0, 986, -151.5, -454.5, 0, -151.5, 0, 0, 683.0, 0, 0, 0, 0, 0, 0, 0, 0, 834.5, -151.5, 0, -303.0, 0, 0, -151.5, 0, 0, 0, 1972, 0, 834.5, 0, 0, 0, -151.5, 0, 0, -151.5, 0, -303.0, 0, -151.5, 0, -151.5, 0, 0, -151.5, 0, 0, -303.0, 0, -303.0, -151.5, 0, 0, 0, 0, -151.5, 0, 398.50000000003786, -303.0, -303.0]
Sharpe Ratio: 0.125
Annualized Sharpe: 1.98
Sharpe 95% CI: (np.float64(0.121), np.float64(3.974))
Win Rate (%): 12.26
Max Drawdown: -2438.0
Profit Factor: 1.707
Expectancy: 44.826
Total Trades: 261

Rolling 9 - Variant 0 - 10_8 - Test Metrics
Returns: [0, -151.5, 0, 0, 0, 0, 0, -151.5, -151.5, 0, -151.5, -151.5, 0, 0, -151.5, 0, -151.5, -303.0, 0, 121.99999999999608, -151.5, 0, 0, 323.49999999999056, 0, -151.5, 0, 0, -151.5, 0, 0, 0, 0, 0, -303.0, 235.99999999997246, -151.5, -151.5, 0, -151.5, -151.5, -151.5, 0, 0, -151.5, 0, 0, 0, 0, 0, -151.5, 0]
Sharpe Ratio: -0.433
Annualized Sharpe: -6.873
Sharpe 95% CI: (np.float64(-11.094), np.float64(-2.557))
Win Rate (%): 5.77
Max Drawdown: -2500.0
Profit Factor: 0.214
Expectancy: -48.077
Total Trades: 52



Rolling 9 - Variant 1 - 10_12 - Fit Metrics
Returns: [-151.5, -151.5, 0, 0, 946.9999999999482, -215.4999999999945, 0, 0, 0, 0, 0, 771.99999999998, 1183.0, 0, -151.5, 0, 0, 0, 0, 0, -151.5, 0, 0, -151.5, 0, 0, 0, 0, -151.5, -454.5, -151.5, 0, 386.0000000000115, 0, -303.0, -151.5, -151.5, -151.5, 0, 0, -303.0, 0, -151.5, 0, 0, 0, -151.5, 820.5000000000134, 1334.5, 0, -151.5, 0, 0, 0, 0, 0, 436.00000000000597, 0, -151.5, 0, 0, 0, 0, 1486, -151.5, 0, 0, 0, 0, 0, 0, -151.5, 0, -90.50000000000826, -468.5, 0, -303.0, 0, 0, -151.5, 0, 0, -151.5, 0, -151.5, -151.5, -151.5, 0, -151.5, -151.5, 0, -151.5, -303.0, 0, 0, 0, 1486, 0, -151.5, 0, 0, 0, 0, -151.5, 0, -151.5, -303.0, 0, -303.0, -151.5, -151.5, 0, -303.0, -303.0, -151.5, 0, 0, 0, -14.0, -151.5, 0, -151.5, 0, 0, 997.0000000000107, 0, 109.50000000002524, 0, 223.5000000000016, 0, -303.0, 0, 0, -151.5, -151.5, 0, 0, 1595.499999999971, 1486, 0, 0, 0, 0, 0, -151.5, -151.5, 0, 0, 0, -454.5, 0, -151.5, 0, 0, 0, 1486, 1486, -151.5, -151.5, 0, -606.0, 0, -303.0, 0, -151.5, 0, -303.0, 2669.0, 0, 0, 0, 0, 0, 0, 0, -151.5, -151.5, 0, -151.5, 0, -151.5, 535.9999999999949, 0, 0, 0, -151.5, 98.49999999995985, 411.0000000000087, 0, 0, 0, 0, 0, 0, 672.0000000000465, 0, -303.0, -454.5, 1334.5, -151.5, 0, 1486, -151.5, -454.5, 0, -151.5, 0, 0, 1183.0, 0, 0, 0, 0, 0, 0, 0, 0, 1334.5, -151.5, 0, -303.0, 0, 0, -151.5, 0, 0, 0, 2972, 0, 1334.5, 0, 0, 0, -151.5, 0, 0, -151.5, 0, -303.0, 0, -151.5, 0, -151.5, 0, 0, -151.5, 0, 0, -303.0, 0, -303.0, -151.5, 0, 0, 0, 0, -151.5, 0, 398.50000000003786, -303.0, -303.0]
Sharpe Ratio: 0.117
Annualized Sharpe: 1.852
Sharpe 95% CI: (np.float64(0.0), np.float64(3.828))
Win Rate (%): 10.73
Max Drawdown: -3632.0
Profit Factor: 1.772
Expectancy: 51.195
Total Trades: 261

Rolling 9 - Variant 1 - 10_12 - Test Metrics
Returns: [0, -151.5, 0, 0, 0, 0, 0, -151.5, -151.5, 0, -151.5, -151.5, 0, 0, -151.5, 0, -151.5, -303.0, 0, 121.99999999999608, -151.5, 0, 0, 323.49999999999056, 0, -151.5, 0, 0, -151.5, 0, 0, 0, 0, 0, -303.0, 235.99999999997246, -151.5, -151.5, 0, -151.5, -151.5, -151.5, 0, 0, -151.5, 0, 0, 0, 0, 0, -151.5, 0]
Sharpe Ratio: -0.433
Annualized Sharpe: -6.873
Sharpe 95% CI: (np.float64(-11.094), np.float64(-2.557))
Win Rate (%): 5.77
Max Drawdown: -2500.0
Profit Factor: 0.214
Expectancy: -48.077
Total Trades: 52



Rolling 9 - Variant 2 - 10_10 - Fit Metrics
Returns: [-151.5, -151.5, 0, 0, 946.9999999999482, -215.4999999999945, 0, 0, 0, 0, 0, 771.99999999998, 933.0, 0, -151.5, 0, 0, 0, 0, 0, -151.5, 0, 0, -151.5, 0, 0, 0, 0, -151.5, -454.5, -151.5, 0, 1236, 0, -303.0, -151.5, -151.5, -151.5, 0, 0, -303.0, 0, -151.5, 0, 0, 0, -151.5, 933.0, 1084.5, 0, -151.5, 0, 0, 0, 0, 0, 436.00000000000597, 0, -151.5, 0, 0, 0, 0, 1236, -151.5, 0, 0, 0, 0, 0, 0, -151.5, 0, -90.50000000000826, -468.5, 0, -303.0, 0, 0, -151.5, 0, 0, -151.5, 0, -151.5, -151.5, -151.5, 0, -151.5, -151.5, 0, -151.5, -303.0, 0, 0, 0, 1236, 0, -151.5, 0, 0, 0, 0, -151.5, 0, -151.5, -303.0, 0, -303.0, -151.5, -151.5, 0, -303.0, -303.0, -151.5, 0, 0, 0, -14.0, -151.5, 0, -151.5, 0, 0, 1084.5, 0, 1084.5, 0, 223.5000000000016, 0, -303.0, 0, 0, -151.5, -151.5, 0, 0, 1595.499999999971, 1236, 0, 0, 0, 0, 0, -151.5, -151.5, 0, 0, 0, -454.5, 0, -151.5, 0, 0, 0, 1236, 1236, -151.5, -151.5, 0, -606.0, 0, -303.0, 0, -151.5, 0, -303.0, 2169.0, 0, 0, 0, 0, 0, 0, 0, -151.5, -151.5, 0, -151.5, 0, -151.5, 535.9999999999949, 0, 0, 0, -151.5, 98.49999999995985, 411.0000000000087, 0, 0, 0, 0, 0, 0, 1084.5, 0, -303.0, -454.5, 1084.5, -151.5, 0, 1236, -151.5, -454.5, 0, -151.5, 0, 0, 933.0, 0, 0, 0, 0, 0, 0, 0, 0, 1084.5, -151.5, 0, -303.0, 0, 0, -151.5, 0, 0, 0, 2472, 0, 1084.5, 0, 0, 0, -151.5, 0, 0, -151.5, 0, -303.0, 0, -151.5, 0, -151.5, 0, 0, -151.5, 0, 0, -303.0, 0, -303.0, -151.5, 0, 0, 0, 0, -151.5, 0, 398.50000000003786, -303.0, -303.0]
Sharpe Ratio: 0.114
Annualized Sharpe: 1.804
Sharpe 95% CI: (np.float64(-0.04), np.float64(3.748))
Win Rate (%): 10.73
Max Drawdown: -3882.0
Profit Factor: 1.682
Expectancy: 45.209
Total Trades: 261

Rolling 9 - Variant 2 - 10_10 - Test Metrics
Returns: [0, -151.5, 0, 0, 0, 0, 0, -151.5, -151.5, 0, -151.5, -151.5, 0, 0, -151.5, 0, -151.5, -303.0, 0, 121.99999999999608, -151.5, 0, 0, 323.49999999999056, 0, -151.5, 0, 0, -151.5, 0, 0, 0, 0, 0, -303.0, 235.99999999997246, -151.5, -151.5, 0, -151.5, -151.5, -151.5, 0, 0, -151.5, 0, 0, 0, 0, 0, -151.5, 0]
Sharpe Ratio: -0.433
Annualized Sharpe: -6.873
Sharpe 95% CI: (np.float64(-11.094), np.float64(-2.557))
Win Rate (%): 5.77
Max Drawdown: -2500.0
Profit Factor: 0.214
Expectancy: -48.077
Total Trades: 52



Rolling 9 - Variant 3 - 10_20 - Fit Metrics
Returns: [-151.5, -151.5, 0, 0, 946.9999999999482, -215.4999999999945, 0, 0, 0, 0, 0, 771.99999999998, 2183.0, 0, -151.5, 0, 0, 0, 0, 0, -151.5, 0, 0, -151.5, 0, 0, 0, 0, -151.5, -454.5, -151.5, 0, 386.0000000000115, 0, -303.0, -151.5, -151.5, -151.5, 0, 0, -303.0, 0, -151.5, 0, 0, 0, -151.5, 820.5000000000134, 2334.5, 0, -151.5, 0, 0, 0, 0, 0, 436.00000000000597, 0, -151.5, 0, 0, 0, 0, 2486, -151.5, 0, 0, 0, 0, 0, 0, -151.5, 0, -90.50000000000826, -468.5, 0, -303.0, 0, 0, -151.5, 0, 0, -151.5, 0, -151.5, -151.5, -151.5, 0, -151.5, -151.5, 0, -151.5, -303.0, 0, 0, 0, 2486, 0, -151.5, 0, 0, 0, 0, -151.5, 0, -151.5, -303.0, 0, -303.0, -151.5, -151.5, 0, -303.0, -303.0, -151.5, 0, 0, 0, -14.0, -151.5, 0, -151.5, 0, 0, 997.0000000000107, 0, 109.50000000002524, 0, 223.5000000000016, 0, -303.0, 0, 0, -151.5, -151.5, 0, 0, 1595.499999999971, 2486, 0, 0, 0, 0, 0, -151.5, -151.5, 0, 0, 0, -454.5, 0, -151.5, 0, 0, 0, 2486, -151.5, -151.5, -151.5, 0, -606.0, 0, -303.0, 0, -151.5, 0, -303.0, 2243.999999999994, 0, 0, 0, 0, 0, 0, 0, -151.5, -151.5, 0, -151.5, 0, -151.5, 535.9999999999949, 0, 0, 0, -151.5, 98.49999999995985, 411.0000000000087, 0, 0, 0, 0, 0, 0, 672.0000000000465, 0, -303.0, -454.5, 1797.0000000000337, -151.5, 0, 798.4999999999937, -151.5, -454.5, 0, -151.5, 0, 0, -454.5, 0, 0, 0, 0, 0, 0, 0, 0, 746.9999999999827, -151.5, 0, -303.0, 0, 0, -151.5, 0, 0, 0, 4246.999999999973, 0, 509.5000000000367, 0, 0, 0, -151.5, 0, 0, -151.5, 0, -303.0, 0, -151.5, 0, -151.5, 0, 0, -151.5, 0, 0, -303.0, 0, -303.0, -151.5, 0, 0, 0, 0, -151.5, 0, 398.50000000003786, -303.0, -303.0]
Sharpe Ratio: 0.11
Annualized Sharpe: 1.749
Sharpe 95% CI: (np.float64(-0.05), np.float64(3.782))
Win Rate (%): 9.96
Max Drawdown: -2680.0
Profit Factor: 1.854
Expectancy: 58.619
Total Trades: 261

Rolling 9 - Variant 3 - 10_20 - Test Metrics
Returns: [0, -151.5, 0, 0, 0, 0, 0, -151.5, -151.5, 0, -151.5, -151.5, 0, 0, -151.5, 0, -151.5, -303.0, 0, 121.99999999999608, -151.5, 0, 0, 323.49999999999056, 0, -151.5, 0, 0, -151.5, 0, 0, 0, 0, 0, -303.0, 235.99999999997246, -151.5, -151.5, 0, -151.5, -151.5, -151.5, 0, 0, -151.5, 0, 0, 0, 0, 0, -151.5, 0]
Sharpe Ratio: -0.433
Annualized Sharpe: -6.873
Sharpe 95% CI: (np.float64(-11.094), np.float64(-2.557))
Win Rate (%): 5.77
Max Drawdown: -2500.0
Profit Factor: 0.214
Expectancy: -48.077
Total Trades: 52



Rolling 9 - Variant 4 - 10_15 - Fit Metrics
Returns: [-151.5, -151.5, 0, 0, 946.9999999999482, -215.4999999999945, 0, 0, 0, 0, 0, 771.99999999998, 1558.0, 0, -151.5, 0, 0, 0, 0, 0, -151.5, 0, 0, -151.5, 0, 0, 0, 0, -151.5, -454.5, -151.5, 0, 386.0000000000115, 0, -303.0, -151.5, -151.5, -151.5, 0, 0, -303.0, 0, -151.5, 0, 0, 0, -151.5, 820.5000000000134, 1709.5, 0, -151.5, 0, 0, 0, 0, 0, 436.00000000000597, 0, -151.5, 0, 0, 0, 0, 1861, -151.5, 0, 0, 0, 0, 0, 0, -151.5, 0, -90.50000000000826, -468.5, 0, -303.0, 0, 0, -151.5, 0, 0, -151.5, 0, -151.5, -151.5, -151.5, 0, -151.5, -151.5, 0, -151.5, -303.0, 0, 0, 0, 1861, 0, -151.5, 0, 0, 0, 0, -151.5, 0, -151.5, -303.0, 0, -303.0, -151.5, -151.5, 0, -303.0, -303.0, -151.5, 0, 0, 0, -14.0, -151.5, 0, -151.5, 0, 0, 997.0000000000107, 0, 109.50000000002524, 0, 223.5000000000016, 0, -303.0, 0, 0, -151.5, -151.5, 0, 0, 1595.499999999971, 1861, 0, 0, 0, 0, 0, -151.5, -151.5, 0, 0, 0, -454.5, 0, -151.5, 0, 0, 0, 1861, -151.5, -151.5, -151.5, 0, -606.0, 0, -303.0, 0, -151.5, 0, -303.0, 2243.999999999994, 0, 0, 0, 0, 0, 0, 0, -151.5, -151.5, 0, -151.5, 0, -151.5, 535.9999999999949, 0, 0, 0, -151.5, 98.49999999995985, 411.0000000000087, 0, 0, 0, 0, 0, 0, 672.0000000000465, 0, -303.0, -454.5, 1709.5, -151.5, 0, 1861, -151.5, -454.5, 0, -151.5, 0, 0, -454.5, 0, 0, 0, 0, 0, 0, 0, 0, 746.9999999999827, -151.5, 0, -303.0, 0, 0, -151.5, 0, 0, 0, 3722, 0, 509.5000000000367, 0, 0, 0, -151.5, 0, 0, -151.5, 0, -303.0, 0, -151.5, 0, -151.5, 0, 0, -151.5, 0, 0, -303.0, 0, -303.0, -151.5, 0, 0, 0, 0, -151.5, 0, 398.50000000003786, -303.0, -303.0]
Sharpe Ratio: 0.099
Annualized Sharpe: 1.564
Sharpe 95% CI: (np.float64(-0.261), np.float64(3.562))
Win Rate (%): 9.96
Max Drawdown: -3257.0
Profit Factor: 1.67
Expectancy: 45.975
Total Trades: 261

Rolling 9 - Variant 4 - 10_15 - Test Metrics
Returns: [0, -151.5, 0, 0, 0, 0, 0, -151.5, -151.5, 0, -151.5, -151.5, 0, 0, -151.5, 0, -151.5, -303.0, 0, 121.99999999999608, -151.5, 0, 0, 323.49999999999056, 0, -151.5, 0, 0, -151.5, 0, 0, 0, 0, 0, -303.0, 235.99999999997246, -151.5, -151.5, 0, -151.5, -151.5, -151.5, 0, 0, -151.5, 0, 0, 0, 0, 0, -151.5, 0]
Sharpe Ratio: -0.433
Annualized Sharpe: -6.873
Sharpe 95% CI: (np.float64(-11.094), np.float64(-2.557))
Win Rate (%): 5.77
Max Drawdown: -2500.0
Profit Factor: 0.214
Expectancy: -48.077
Total Trades: 52



Rolling 10 - Variant 0 - 10_8 - Fit Metrics
Returns: [-151.5, -151.5, 0, 0, 1259.4999999999961, -215.4999999999945, 0, 0, 0, 0, 0, 834.5, 683.0, 0, -151.5, 0, 0, 0, 0, 0, -151.5, 0, 0, -151.5, 0, 0, 0, 0, -151.5, -454.5, -151.5, 0, 986, 0, -303.0, -151.5, -151.5, -151.5, 0, 0, -303.0, 0, -151.5, 0, 0, 0, -151.5, 683.0, 834.5, 0, -151.5, 0, 0, 0, 0, 0, 436.00000000000597, 0, -151.5, 0, 0, 0, 0, 986, -151.5, 0, 0, 0, 0, 0, 0, -151.5, 0, -90.50000000000826, -468.5, 0, -303.0, 0, 0, 986, 0, 0, -151.5, 0, -151.5, -151.5, -151.5, 0, 986, -151.5, 0, -151.5, -303.0, 0, 0, 0, 986, 0, -151.5, 0, 0, 0, 0, -151.5, 0, -151.5, -303.0, 0, -303.0, -151.5, -151.5, 0, -303.0, -303.0, -151.5, 0, 0, 0, -14.0, -151.5, 0, -151.5, 0, 0, 834.5, 0, 834.5, 0, 223.5000000000016, 0, -303.0, 0, 0, -151.5, -151.5, 0, 0, 1820.5, 986, 0, 0, 0, 0, 0, -151.5, -151.5, 0, 0, 0, -454.5, 0, -151.5, 0, 0, 0, 986, 986, -151.5, -151.5, 0, -606.0, 0, 834.5, 0, -151.5, 0, -303.0, 1669.0, 0, 0, 0, 0, 0, 0, 0, -151.5, -151.5, 0, -151.5, 0, 986, 535.9999999999949, 0, 0, 0, -151.5, 98.49999999995985, 411.0000000000087, 0, 0, 0, 0, 0, 0, 834.5, 0, -303.0, -454.5, 834.5, -151.5, 0, 986, -151.5, -454.5, 0, -151.5, 0, 0, 683.0, 0, 0, 0, 0, 0, 0, 0, 0, 834.5, -151.5, 0, -303.0, 0, 0, -151.5, 0, 0, 0, 1972, 0, 834.5, 0, 0, 0, -151.5, 0, 0, -151.5, 0, -303.0, 0, -151.5, 0, -151.5, 0, 0, -151.5, 0, 0, -303.0, 0, -303.0, -151.5, 0, 0, 0, 0, -151.5, 0, 398.50000000003786, -303.0, -303.0, 0, -151.5, 0, 0, 0, 0, 0, -151.5, -151.5, 0, -151.5, -151.5, 0, 0, -151.5, 0, -151.5, -303.0, 0, 121.99999999999608, -151.5, 0, 0, 323.49999999999056, 0, -151.5]
Sharpe Ratio: 0.106
Annualized Sharpe: 1.678
Sharpe 95% CI: (np.float64(-0.089), np.float64(3.597))
Win Rate (%): 11.85
Max Drawdown: -3570.0
Profit Factor: 1.575
Expectancy: 36.51
Total Trades: 287

Rolling 10 - Variant 0 - 10_8 - Test Metrics
Returns: [0, 0, -151.5, 0, 0, 0, 0, 0, -303.0, 235.99999999997246, -151.5, -151.5, 0, -151.5, -151.5, -151.5, 0, 0, -151.5, 0, 0, 0, 0, 0, -151.5, 0]
Sharpe Ratio: -0.475
Annualized Sharpe: -7.539
Sharpe 95% CI: (np.float64(-13.396), np.float64(-1.683))
Win Rate (%): 3.85
Max Drawdown: -1279.0
Profit Factor: 0.156
Expectancy: -49.192
Total Trades: 26



Rolling 10 - Variant 1 - 10_12 - Fit Metrics
Returns: [-151.5, -151.5, 0, 0, 946.9999999999482, -215.4999999999945, 0, 0, 0, 0, 0, 771.99999999998, 1183.0, 0, -151.5, 0, 0, 0, 0, 0, -151.5, 0, 0, -151.5, 0, 0, 0, 0, -151.5, -454.5, -151.5, 0, 386.0000000000115, 0, -303.0, -151.5, -151.5, -151.5, 0, 0, -303.0, 0, -151.5, 0, 0, 0, -151.5, 820.5000000000134, 1334.5, 0, -151.5, 0, 0, 0, 0, 0, 436.00000000000597, 0, -151.5, 0, 0, 0, 0, 1486, -151.5, 0, 0, 0, 0, 0, 0, -151.5, 0, -90.50000000000826, -468.5, 0, -303.0, 0, 0, -151.5, 0, 0, -151.5, 0, -151.5, -151.5, -151.5, 0, -151.5, -151.5, 0, -151.5, -303.0, 0, 0, 0, 1486, 0, -151.5, 0, 0, 0, 0, -151.5, 0, -151.5, -303.0, 0, -303.0, -151.5, -151.5, 0, -303.0, -303.0, -151.5, 0, 0, 0, -14.0, -151.5, 0, -151.5, 0, 0, 997.0000000000107, 0, 109.50000000002524, 0, 223.5000000000016, 0, -303.0, 0, 0, -151.5, -151.5, 0, 0, 1595.499999999971, 1486, 0, 0, 0, 0, 0, -151.5, -151.5, 0, 0, 0, -454.5, 0, -151.5, 0, 0, 0, 1486, 1486, -151.5, -151.5, 0, -606.0, 0, -303.0, 0, -151.5, 0, -303.0, 2669.0, 0, 0, 0, 0, 0, 0, 0, -151.5, -151.5, 0, -151.5, 0, -151.5, 535.9999999999949, 0, 0, 0, -151.5, 98.49999999995985, 411.0000000000087, 0, 0, 0, 0, 0, 0, 672.0000000000465, 0, -303.0, -454.5, 1334.5, -151.5, 0, 1486, -151.5, -454.5, 0, -151.5, 0, 0, 1183.0, 0, 0, 0, 0, 0, 0, 0, 0, 1334.5, -151.5, 0, -303.0, 0, 0, -151.5, 0, 0, 0, 2972, 0, 1334.5, 0, 0, 0, -151.5, 0, 0, -151.5, 0, -303.0, 0, -151.5, 0, -151.5, 0, 0, -151.5, 0, 0, -303.0, 0, -303.0, -151.5, 0, 0, 0, 0, -151.5, 0, 398.50000000003786, -303.0, -303.0, 0, -151.5, 0, 0, 0, 0, 0, -151.5, -151.5, 0, -151.5, -151.5, 0, 0, -151.5, 0, -151.5, -303.0, 0, 121.99999999999608, -151.5, 0, 0, 323.49999999999056, 0, -151.5]
Sharpe Ratio: 0.101
Annualized Sharpe: 1.596
Sharpe 95% CI: (np.float64(-0.164), np.float64(3.485))
Win Rate (%): 10.45
Max Drawdown: -3632.0
Profit Factor: 1.64
Expectancy: 42.303
Total Trades: 287

Rolling 10 - Variant 1 - 10_12 - Test Metrics
Returns: [0, 0, -151.5, 0, 0, 0, 0, 0, -303.0, 235.99999999997246, -151.5, -151.5, 0, -151.5, -151.5, -151.5, 0, 0, -151.5, 0, 0, 0, 0, 0, -151.5, 0]
Sharpe Ratio: -0.475
Annualized Sharpe: -7.539
Sharpe 95% CI: (np.float64(-13.396), np.float64(-1.683))
Win Rate (%): 3.85
Max Drawdown: -1279.0
Profit Factor: 0.156
Expectancy: -49.192
Total Trades: 26



Rolling 10 - Variant 2 - 10_10 - Fit Metrics
Returns: [-151.5, -151.5, 0, 0, 946.9999999999482, -215.4999999999945, 0, 0, 0, 0, 0, 771.99999999998, 933.0, 0, -151.5, 0, 0, 0, 0, 0, -151.5, 0, 0, -151.5, 0, 0, 0, 0, -151.5, -454.5, -151.5, 0, 1236, 0, -303.0, -151.5, -151.5, -151.5, 0, 0, -303.0, 0, -151.5, 0, 0, 0, -151.5, 933.0, 1084.5, 0, -151.5, 0, 0, 0, 0, 0, 436.00000000000597, 0, -151.5, 0, 0, 0, 0, 1236, -151.5, 0, 0, 0, 0, 0, 0, -151.5, 0, -90.50000000000826, -468.5, 0, -303.0, 0, 0, -151.5, 0, 0, -151.5, 0, -151.5, -151.5, -151.5, 0, -151.5, -151.5, 0, -151.5, -303.0, 0, 0, 0, 1236, 0, -151.5, 0, 0, 0, 0, -151.5, 0, -151.5, -303.0, 0, -303.0, -151.5, -151.5, 0, -303.0, -303.0, -151.5, 0, 0, 0, -14.0, -151.5, 0, -151.5, 0, 0, 1084.5, 0, 1084.5, 0, 223.5000000000016, 0, -303.0, 0, 0, -151.5, -151.5, 0, 0, 1595.499999999971, 1236, 0, 0, 0, 0, 0, -151.5, -151.5, 0, 0, 0, -454.5, 0, -151.5, 0, 0, 0, 1236, 1236, -151.5, -151.5, 0, -606.0, 0, -303.0, 0, -151.5, 0, -303.0, 2169.0, 0, 0, 0, 0, 0, 0, 0, -151.5, -151.5, 0, -151.5, 0, -151.5, 535.9999999999949, 0, 0, 0, -151.5, 98.49999999995985, 411.0000000000087, 0, 0, 0, 0, 0, 0, 1084.5, 0, -303.0, -454.5, 1084.5, -151.5, 0, 1236, -151.5, -454.5, 0, -151.5, 0, 0, 933.0, 0, 0, 0, 0, 0, 0, 0, 0, 1084.5, -151.5, 0, -303.0, 0, 0, -151.5, 0, 0, 0, 2472, 0, 1084.5, 0, 0, 0, -151.5, 0, 0, -151.5, 0, -303.0, 0, -151.5, 0, -151.5, 0, 0, -151.5, 0, 0, -303.0, 0, -303.0, -151.5, 0, 0, 0, 0, -151.5, 0, 398.50000000003786, -303.0, -303.0, 0, -151.5, 0, 0, 0, 0, 0, -151.5, -151.5, 0, -151.5, -151.5, 0, 0, -151.5, 0, -151.5, -303.0, 0, 121.99999999999608, -151.5, 0, 0, 323.49999999999056, 0, -151.5]
Sharpe Ratio: 0.097
Annualized Sharpe: 1.532
Sharpe 95% CI: (np.float64(-0.224), np.float64(3.435))
Win Rate (%): 10.45
Max Drawdown: -3882.0
Profit Factor: 1.558
Expectancy: 36.859
Total Trades: 287

Rolling 10 - Variant 2 - 10_10 - Test Metrics
Returns: [0, 0, -151.5, 0, 0, 0, 0, 0, -303.0, 235.99999999997246, -151.5, -151.5, 0, -151.5, -151.5, -151.5, 0, 0, -151.5, 0, 0, 0, 0, 0, -151.5, 0]
Sharpe Ratio: -0.475
Annualized Sharpe: -7.539
Sharpe 95% CI: (np.float64(-13.396), np.float64(-1.683))
Win Rate (%): 3.85
Max Drawdown: -1279.0
Profit Factor: 0.156
Expectancy: -49.192
Total Trades: 26



Rolling 10 - Variant 3 - 10_20 - Fit Metrics
Returns: [-151.5, -151.5, 0, 0, 946.9999999999482, -215.4999999999945, 0, 0, 0, 0, 0, 771.99999999998, 2183.0, 0, -151.5, 0, 0, 0, 0, 0, -151.5, 0, 0, -151.5, 0, 0, 0, 0, -151.5, -454.5, -151.5, 0, 386.0000000000115, 0, -303.0, -151.5, -151.5, -151.5, 0, 0, -303.0, 0, -151.5, 0, 0, 0, -151.5, 820.5000000000134, 2334.5, 0, -151.5, 0, 0, 0, 0, 0, 436.00000000000597, 0, -151.5, 0, 0, 0, 0, 2486, -151.5, 0, 0, 0, 0, 0, 0, -151.5, 0, -90.50000000000826, -468.5, 0, -303.0, 0, 0, -151.5, 0, 0, -151.5, 0, -151.5, -151.5, -151.5, 0, -151.5, -151.5, 0, -151.5, -303.0, 0, 0, 0, 2486, 0, -151.5, 0, 0, 0, 0, -151.5, 0, -151.5, -303.0, 0, -303.0, -151.5, -151.5, 0, -303.0, -303.0, -151.5, 0, 0, 0, -14.0, -151.5, 0, -151.5, 0, 0, 997.0000000000107, 0, 109.50000000002524, 0, 223.5000000000016, 0, -303.0, 0, 0, -151.5, -151.5, 0, 0, 1595.499999999971, 2486, 0, 0, 0, 0, 0, -151.5, -151.5, 0, 0, 0, -454.5, 0, -151.5, 0, 0, 0, 2486, -151.5, -151.5, -151.5, 0, -606.0, 0, -303.0, 0, -151.5, 0, -303.0, 2243.999999999994, 0, 0, 0, 0, 0, 0, 0, -151.5, -151.5, 0, -151.5, 0, -151.5, 535.9999999999949, 0, 0, 0, -151.5, 98.49999999995985, 411.0000000000087, 0, 0, 0, 0, 0, 0, 672.0000000000465, 0, -303.0, -454.5, 1797.0000000000337, -151.5, 0, 798.4999999999937, -151.5, -454.5, 0, -151.5, 0, 0, -454.5, 0, 0, 0, 0, 0, 0, 0, 0, 746.9999999999827, -151.5, 0, -303.0, 0, 0, -151.5, 0, 0, 0, 4246.999999999973, 0, 509.5000000000367, 0, 0, 0, -151.5, 0, 0, -151.5, 0, -303.0, 0, -151.5, 0, -151.5, 0, 0, -151.5, 0, 0, -303.0, 0, -303.0, -151.5, 0, 0, 0, 0, -151.5, 0, 398.50000000003786, -303.0, -303.0, 0, -151.5, 0, 0, 0, 0, 0, -151.5, -151.5, 0, -151.5, -151.5, 0, 0, -151.5, 0, -151.5, -303.0, 0, 121.99999999999608, -151.5, 0, 0, 323.49999999999056, 0, -151.5]
Sharpe Ratio: 0.096
Annualized Sharpe: 1.528
Sharpe 95% CI: (np.float64(-0.147), np.float64(3.489))
Win Rate (%): 9.76
Max Drawdown: -3570.0
Profit Factor: 1.719
Expectancy: 49.054
Total Trades: 287

Rolling 10 - Variant 3 - 10_20 - Test Metrics
Returns: [0, 0, -151.5, 0, 0, 0, 0, 0, -303.0, 235.99999999997246, -151.5, -151.5, 0, -151.5, -151.5, -151.5, 0, 0, -151.5, 0, 0, 0, 0, 0, -151.5, 0]
Sharpe Ratio: -0.475
Annualized Sharpe: -7.539
Sharpe 95% CI: (np.float64(-13.396), np.float64(-1.683))
Win Rate (%): 3.85
Max Drawdown: -1279.0
Profit Factor: 0.156
Expectancy: -49.192
Total Trades: 26



Rolling 10 - Variant 4 - 20_4 - Fit Metrics
Returns: [-144.5, -144.5, 0, 0, 629.7499999999981, -176.49999999999724, 0, 0, 0, 0, 0, 348.5, 204.0, 0, -144.5, 0, 0, 0, 0, 0, -144.5, 0, 0, -144.5, 0, 0, 0, 0, -144.5, 204.0, -144.5, 0, 493, 0, -289.0, -144.5, -144.5, -144.5, 0, 0, -289.0, 0, 493, 0, 0, 0, -144.5, 204.0, 348.5, 0, -144.5, 0, 0, 0, 0, 0, 218.00000000000298, 0, -144.5, 0, 0, 0, 0, 493, 493, 0, 0, 0, 0, 0, 0, -25.749999999984055, 0, -114.00000000000412, -440.5, 0, -289.0, 0, 0, 493, 0, 0, 493, 0, -144.5, -144.5, 493, 0, 493, -144.5, 0, -144.5, 348.5, 0, 0, 0, 493, 0, -144.5, 0, 0, 0, 0, -144.5, 0, -144.5, -95.24999999999233, 0, -289.0, -144.5, -144.5, 0, -289.0, -289.0, 55.500000000020876, 0, 0, 0, -7.0, -144.5, 0, 493, 0, 0, 348.5, 0, 348.5, 0, 111.7500000000008, 0, -289.0, 0, 0, -144.5, -144.5, 0, 0, 841.5, 493, 0, 0, 0, 0, 0, -144.5, -144.5, 0, 0, 0, -433.5, 0, -144.5, 0, 0, 0, 493, 493, -144.5, -144.5, 0, 59.5, 0, 348.5, 0, 493, 0, 348.5, 697.0, 0, 0, 0, 0, 0, 0, 0, -144.5, -144.5, 0, -144.5, 0, 493, 267.99999999999744, 0, 0, 0, -144.5, 49.24999999997993, 205.50000000000435, 0, 0, 0, 0, 0, 0, 348.5, 0, 167.25000000000654, -433.5, 348.5, -144.5, 0, 493, -144.5, -433.5, 0, -144.5, 0, 0, 204.0, 0, 0, 0, 0, 0, 0, 0, 0, 348.5, -144.5, 0, -289.0, 0, 0, -144.5, 0, 0, 0, 986, 0, 348.5, 0, 0, 0, -144.5, 0, 0, -144.5, 0, -238.99999999999037, 0, -144.5, 0, -144.5, 0, 0, -144.5, 0, 0, -289.0, 0, -289.0, -144.5, 0, 0, 0, 0, -32.000000000025004, 0, 199.25000000001893, 348.5, -289.0, 0, 80.50000000001812, 0, 0, 0, 0, 0, -144.5, -144.5, 0, -144.5, -144.5, 0, 0, 493, 0, 55.499999999993115, 348.5, 0, -7.750000000001961, -144.5, 0, 0, 161.74999999999528, 0, -144.5]
Sharpe Ratio: 0.096
Annualized Sharpe: 1.526
Sharpe 95% CI: (np.float64(-0.243), np.float64(3.404))
Win Rate (%): 17.42
Max Drawdown: -1954.75
Profit Factor: 1.426
Expectancy: 19.257
Total Trades: 287

Rolling 10 - Variant 4 - 20_4 - Test Metrics
Returns: [0, 0, -144.5, 0, 0, 0, 0, 0, -289.0, 117.99999999998623, -144.5, -144.5, 0, 280.5000000000239, -144.5, -144.5, 0, 0, -144.5, 0, 0, 0, 0, 0, -144.5, 0]
Sharpe Ratio: -0.322
Annualized Sharpe: -5.105
Sharpe 95% CI: (np.float64(-10.781), np.float64(0.722))
Win Rate (%): 7.69
Max Drawdown: -902.0
Profit Factor: 0.306
Expectancy: -34.692
Total Trades: 26

