


Rolling 0 - Variant 0 - atr_0.5_1 - Fit Metrics
Contracts: [10, 11, 6, 10, 10, 7, 7, 6, 7, 7, 7, 6, 7, 10, 8, 8, 8, 8, 8, 7, 7, 7, 7, 7, 8, 7, 8, 8, 8, 5, 7, 7, 7, 7, 5, 7, 7, 7, 6, 7, 6, 6, 6, 6, 6, 6, 5, 8, 8, 7, 8, 8, 7, 5, 6, 6, 6, 6, 6, 6, 5, 9, 5, 10, 5, 5, 6, 6, 6, 6, 6, 7, 8, 7, 7, 7, 7, 7, 7, 8, 8, 8, 8, 9, 9, 9, 9, 10, 11, 11, 8, 10, 7, 7, 7, 7, 7, 8, 9, 9, 10, 10, 9, 9, 9, 11, 11, 11, 11, 11, 11, 11, 10, 10, 10, 10, 9, 10, 10, 10, 9, 10, 10, 11, 11, 11, 11, 9, 10, 10, 9, 10, 10, 10, 10, 10, 10, 10, 10, 10, 10, 11, 12, 10, 10, 9, 10, 8, 12, 10, 10, 10, 10, 12, 12, 14, 13, 13, 13, 15, 13, 13, 13, 12, 12, 12, 12, 12, 12, 12, 12, 12, 11, 11, 15, 13, 14, 14, 15, 12, 13, 12, 12, 12, 12, 11, 16, 17, 15, 11, 14, 14, 12, 12, 12, 11, 11, 10, 11, 7, 8, 13, 13, 13, 11, 7, 9, 8, 8, 8, 8, 7, 7, 8, 8, 8, 8, 8, 8, 8, 9, 7, 8, 8, 8, 8, 8, 9, 9, 9, 9, 7, 7, 5, 5, 5, 5, 7, 5, 6, 7, 7, 8, 8, 8, 8, 8, 8, 8, 10, 9, 9, 9, 9, 9, 8, 8, 8, 8, 8, 7, 7, 7, 7, 9, 11, 9, 9, 9, 10, 10, 10, 11, 13, 12, 12]
Trade Returns: [-0.0054515267817429, 0.004957, 0.004625695852505188, 0.004232635228581386, 0.004159661134190184, 0.004400493200502402, 0.00030508904082877117, 0.0027546305259350517, -0.0029766972402540336, -0.000543160968849999, 0.002802317902827812, -0.0016528456732253214, -0.004109387447011621, -0.004175650476833664, 0.004026003650199737, 0.004108488922609042, 0.002028944380687938, 0.0009568860185196345, -0.003157207351503864, 0.0016037186939477659, -0.00024408625401074386, 0.0003996986856642995]
Daily Returns: [-0.0054515267817429, 0.004957, 0, 0, 0, 0, 0, 0, 0, 0, 0, 0, 0.004625695852505188, 0, 0, 0.004232635228581386, 0, 0, 0, 0, 0, 0, 0, 0, 0, 0, 0, 0, 0, 0, 0, 0.004159661134190184, 0, 0, 0.004400493200502402, 0, 0, 0, 0, 0, 0.00030508904082877117, 0, 0, -0.000765227683168981, 0, 0, 0.002802317902827812, 0, 0, 0, 0, -0.0016528456732253214, 0, 0, 0, 0, 0, 0, 0, 0, -0.004109387447011621, 0, 0, 0, 0, 0, -0.004175650476833664, 0.00813449257280878, 0, 0, 0, 0, 0, 0, 0, 0, 0, 0, 0.002028944380687938, -0.0022003213329842295, 0, 0.0016037186939477659, 0.00015561243165355566, 0, 0, 0, 0, 0, 0, 0, 0, 0, 0, 0, 0, 0, 0, 0, 0]
Start Date: 2022-02-03
End Date: 2022-05-29
Sharpe Ratio: 0.121
Annualized Sharpe: 1.913
Sharpe 95% CI: (np.float64(-1.315), np.float64(4.607))
Sortino Ratio: 0.107
CAGR: 0.049
Calmar Ratio: 4.981
Daily Win Rate (%): 0.636
Max Drawdown: 0.01
Profit Factor: 1.854
Expectancy: 0.000866
Average Win: 0.002954
Average Loss: 0.002789
Total Trades: 22
Total Days: 99

Rolling 0 - Variant 0 - atr_0.5_1 - Test Metrics
Contracts: [10, 11, 6, 10, 10, 7, 7, 6, 7, 7, 7, 6, 7, 10, 8, 8, 8, 8, 8, 7, 7, 7, 7, 7, 8, 7, 8, 8, 8, 5, 7, 7, 7, 7, 5, 7, 7, 7, 6, 7, 6, 6, 6, 6, 6, 6, 5, 8, 8, 7, 8, 8, 7, 5, 6, 6, 6, 6, 6, 6, 5, 9, 5, 10, 5, 5, 6, 6, 6, 6, 6, 7, 8, 7, 7, 7, 7, 7, 7, 8, 8, 8, 8, 9, 9, 9, 9, 10, 11, 11, 8, 10, 7, 7, 7, 7, 7, 8, 9, 9, 10, 10, 9, 9, 9, 11, 11, 11, 11, 11, 11, 11, 10, 10, 10, 10, 9, 10, 10, 10, 9, 10, 10, 11, 11, 11, 11, 9, 10, 10, 9, 10, 10, 10, 10, 10, 10, 10, 10, 10, 10, 11, 12, 10, 10, 9, 10, 8, 12, 10, 10, 10, 10, 12, 12, 14, 13, 13, 13, 15, 13, 13, 13, 12, 12, 12, 12, 12, 12, 12, 12, 12, 11, 11, 15, 13, 14, 14, 15, 12, 13, 12, 12, 12, 12, 11, 16, 17, 15, 11, 14, 14, 12, 12, 12, 11, 11, 10, 11, 7, 8, 13, 13, 13, 11, 7, 9, 8, 8, 8, 8, 7, 7, 8, 8, 8, 8, 8, 8, 8, 9, 7, 8, 8, 8, 8, 8, 9, 9, 9, 9, 7, 7, 5, 5, 5, 5, 7, 5, 6, 7, 7, 8, 8, 8, 8, 8, 8, 8, 10, 9, 9, 9, 9, 9, 8, 8, 8, 8, 8, 7, 7, 7, 7, 9, 11, 9, 9, 9, 10, 10, 10, 11, 13, 12, 12]
Trade Returns: [0.0033304752268334846, 0.0035482778153537306, 0.0010420610904401336, 0.0035808960524176914, 0.00018300236404332243, 0.0030259454527723586, -0.0018905023842560361, -0.0007920834667640266, -0.004005589230766817, -0.001854472853951008, 0.0052440858591843035, 0.004036343530333688, 0.004310921019176963, -0.00016858390906863163, 0.00472287176921671, 0.0031971665765120802, -0.003129027047485647, -0.0002751969249727202, -2.463418356754658e-05, -0.001681847055220219, -0.002611193198980052, -0.004868018057738922, 0.0040119676883575, 0.004614698191302028, 0.004593500572518186, -0.0036426817262685896, -0.000452956174490982, 0.004241603015613683, 0.003868444320502856, 8.225660902677517e-05, -0.0031772653418245295, 0.00029690180537161556, -0.004044472404964077, -0.00011004494560229217, 0.0023006155051105617, -0.000938920573672277, -0.0029095772452190577, -0.002711087275389696, 0.000979012103828015, 0.0034468325351399765, -0.004258355004378328, -0.0016682066706828118, 0.0010490957633453315, -0.0004536359594307191, -0.0034227000184140753, -0.004467481190440744, -0.002975137982293534, 0.0034449574500691076, -0.00361722427282585, 0.0028842484270488493, -0.004912595995826733, -0.00417816844120792, -0.003121115071046765, 0.0034030874626196166, 0.0035722562519892413, -0.0038166887455868157, 0.0011551170538850362, -0.00166138009271643, -0.004755133451172502, 0.005709749354644305, 0.0050315581806473705, 0.002142579394432247, -0.0016666795594734959, -0.003664641528516704, -0.0014293618971016999, -0.002714611636923919, 0.0020648364406094157, -0.003131013569068962, 0.0005513992364935284, 0.002272637920603759, -0.0037098091223333753, 0.004897856827824155, -0.004289922226953195, 0.0033632473944049247, 0.003898681516120874, -0.002215805322812264, -0.0038314653836655967, 0.003933899262870224, -0.004432867457475848, -0.002449573866602329, 0.0006209273766656409, -0.0023590610995361623, -0.005250225435642883, -0.0012453490241367145, 0.0035563442155409257, -0.004015710912634494, 0.0036846677110549935, -0.005702709860915914, 0.0015451035453778784, -0.003455029422847231, -4.207771538752083e-05, 0.0004469148961085994, -0.003960524454548695, 0.0006338628932433748, 0.004507269200618782, -0.005857723889277831, 0.003769056054176192, 0.0035397257183767245, 0.00035817212563705694, -0.0016347676052107343, 0.0022945020994399037, -0.0018815583541093642, -0.00378937614415964, 0.003155996570621405, -0.00133192754628584, 0.0036475403504846416, 0.002670693787445291, 0.0009382276595201754, -0.004143627604189875, -0.0022438527874922413, -0.0012840612643205604, -0.003465158442400936, -0.004614338473589087, 0.0045797037365464905, 0.0030271225974126074, -0.0004787848967429911, -0.001493607396162199, -0.0010286966437012001, 0.0028822051271427543, -0.0040717705891635874, 0.002961618051026964, 0.0002067110799235494, 0.0025154634358245304, -0.0027815284204882208, -0.002287180243437325, -0.0005771671821900628, -0.003291769093634842, -0.0036273201976968904, 0.0029581714051953346, 0.00302832227347152, -0.000703553227853119, 0.00028864455584290286, -0.0045933312676523196, 0.004966788211532804, -0.00469135642324983, -0.000578971583400048, 0.004770692491876035, 0.001448290509237652, 0.00039779376230617903, -0.0034948814399198957, -0.004333443373775864, 0.003418589505903965, -0.0019314428999275867, 0.004372085828563851, -0.0022474827203452412, -0.0022307706488049477, 0.0026301647796456193, -0.0038196643217802643, 0.0018704636704707702, -0.006353139654389003, 0.0004991623494468391, -0.0012056804583079886, 0.0010057474882757998, 0.0032690180235764982, -0.004565564692725639, 0.004120284303056044, -0.0026968503798170083, 0.0001063204092198387, 0.003632544404684173, -0.004309047764335724, -0.00663404535616825, 0.0024064315705133884, 0.0030159365571431223, -0.003953659065641386, -0.004120026406098636, 0.00099991907706174, -0.000877573161613427, 0.004224648849617053, 0.004676680707617184, 0.002587384232408674, 0.0007837260697502032, 0.0017348826582219005, -0.0013561177247009362, -0.0011952124799654972, -0.006872172556803055, 0.007295722637991909, -0.005021466758096601, 0.004381826924990385, -0.00246761845908579, 0.005950108301556558, 0.0010156739918502908, -0.0048298466620593445, 0.003125565709988012, 0.0017724979416144974, -0.0026607569022118636, 0.00120064044204936, 0.0002166409706963169, 0.0019939771212311606, 0.004435958610243785, 0.003966289539436432, 0.003767456037216736, -0.004268215992012289, 0.004152644286252157, -0.0009917042017327216, 0.002108846048700911, 0.003065271249658475, -0.004265666684903246, 0.002978544605930143, -0.003786526323857163, -0.003722588784176128, -0.005353599345653351, 0.002045713981086781, -0.004488645902371339, 0.003131280670779094, 0.0024377968072396105, -0.0037443766224808544, 0.005279754142587161, 0.006851866565418037, 0.001363206994458986, -0.00697255410444886, 0.004589093441684578, -0.002692094588219079, 0.0030359174188532277, -0.0018897523557510159, -0.0020742197427797513, 0.002958251361083655, -0.0032191770580060884, 0.004202592349140559, 0.002882206696487337, 0.0023538504447342605, -0.00018224048668103257, 0.0005590781299826455, 0.003176745229102843, 0.0034128825681232276, -3.376149583841572e-05, -0.0036161353206439475, -0.005205313588524119, 0.0032776456830092286, -0.003678659058360053, -9.446822151696691e-05, -0.005426726566453017, 0.0016648237759145038, -0.003676562121042256, 6.57020056488481e-05, -0.0009357914751338622, 0.002972798184884971, -0.00046734564713151014, -0.003398589498114969, 0.00176952872834138, 0.0027304054734506463, -0.004083931601462132, 0.0002985573176842707, 0.0034449703986563327, -0.0045160971595214535, 0.0010819574555562433, -0.0035661865843912123, 0.00045655349068604004, 0.0036392776365914902, -0.0031519894694899495, 0.0037448891958299377, 0.004275776852546357, 0.0035781815550845514, -0.002279272700480732, 0.005234174052813406]
Daily Returns: [0, 0, 0.0033304752268334846, 0, 0, 0, 0, 0.0035482778153537306, 0.0010420610904401336, 0.0035808960524176914, 0, 0, 0, 0, 0, 0, 0, 0, 0, 0, 0, 0.00018300236404332243, 0.0003433596017522959, 0, 0, 0, 0, 0, 0, 0, 0, -0.004005589230766817, 0, 0, 0, 0, 0, 0, 0, 0, 0, 0, 0, 0, 0, 0, -0.001854472853951008, 0, 0.0052440858591843035, 0, 0, 0.00817868064044202, 0.00472287176921671, 0, 0, 0, 0.0031971665765120802, 0, -0.003404223972458367, 0, 0, -2.463418356754658e-05, 0, 0, 0, 0, 0, 0, 0, 0, -0.001681847055220219, 0, 0, 0, 0, 0, -0.002611193198980052, 0, -0.004868018057738922, 0.0040119676883575, 0, 0, 0.004614698191302028, 0, 0, 0, 0, 0.004593500572518186, 0, 0, 0, 0, 0, 0, 0, 0, -0.0036426817262685896, 0, 0, 0, 0, 0, 0, 0, 0, 0, 0, 0, 0, 0, 0, -0.000452956174490982, 0, 0, 0, 0, 0, 0.004241603015613683, 0, 0, 0, 0, 0, 0, 0.003950700929529631, 0, 0, 0, -0.0031772653418245295, 0, 0.00029690180537161556, 0, 0, 0, 0, -0.004044472404964077, 0, 0, 0, 0, 0, 0, -0.00011004494560229217, 0, 0, 0, 0, 0, 0, 0, 0, 0, 0.0023006155051105617, 0, 0, 0, 0, 0, -0.000938920573672277, 0, 0, 0, 0, 0, -0.0029095772452190577, -0.002711087275389696, 0, 0, 0, 0.000979012103828015, 0, 0.0034468325351399765, 0, -0.004258355004378328, 0, 0, 0, 0, -0.0016682066706828118, 0, 0, 0.0010490957633453315, 0, -0.0004536359594307191, 0, 0, 0, -0.0034227000184140753, 0, 0, 0, 0, -0.004467481190440744, 0, 0, 0, 0, 0, 0, 0, -0.002975137982293534, 0, 0.0034449574500691076, 0, -0.00361722427282585, 0, 0, 0, 0.0028842484270488493, 0, 0, 0, 0, 0, -0.004912595995826733, 0, -0.00417816844120792, 0, 0, 0, 0, 0, 0, -0.003121115071046765, 0, 0.0034030874626196166, 0.0035722562519892413, 0, 0, 0, 0, 0, 0, 0, 0, 0, -0.0038166887455868157, 0.0011551170538850362, 0, 0, -0.00166138009271643, -0.004755133451172502, 0, 0, 0.005709749354644305, 0, 0, 0, 0.0050315581806473705, 0, 0, 0, 0, 0, 0.002142579394432247, 0, 0, -0.0016666795594734959, 0, 0, 0, 0, 0, 0, -0.005094003425618404, 0, 0, 0, -0.002714611636923919, 0, 0.0020648364406094157, 0, -0.003131013569068962, 0, 0, 0, 0.0005513992364935284, 0, 0, 0, 0.002272637920603759, 0, -0.0037098091223333753, 0, 0, 0, 0.004897856827824155, 0, 0, 0, -0.004289922226953195, 0.0033632473944049247, 0, 0, 0.0016828761933086103, 0, 0, 0, 0, 0, 0, 0, 0, -0.0038314653836655967, 0, 0, 0, 0, 0, 0, 0, 0, 0, 0, 0.003933899262870224, 0, -0.004432867457475848, 0, 0, 0, 0, -0.002449573866602329, 0, 0, 0, 0, 0, 0, 0, 0, 0, 0, 0, 0, 0, 0, 0, 0, 0.0006209273766656409, 0, 0, 0, 0, -0.0023590610995361623, 0, 0, -0.006495574459779597, 0, 0, 0.0035563442155409257, 0, -0.004015710912634494, 0, 0, 0, 0, 0, 0.0036846677110549935, 0, 0, 0, 0, 0, -0.005702709860915914, 0, 0, 0, 0, 0, 0, 0, 0, 0.0015451035453778784, 0, 0, -0.0034971071382347515, 0, 0, 0.0004469148961085994, 0, 0, 0, 0, 0, 0, -0.003960524454548695, 0, 0, 0, 0, 0, 0.0006338628932433748, 0, 0, -0.0013504546886590483, 0, 0, 0.003769056054176192, 0, 0, 0, 0, 0, 0.0035397257183767245, 0, 0, 0, 0, 0.00035817212563705694, 0, 0, 0, 0, 0, 0, 0, -0.0016347676052107343, 0, 0, 0, 0, 0, 0, 0, 0.0022945020994399037, 0, 0, 0, 0, 0, 0, 0, 0, 0, -0.0018815583541093642, -0.000633379573538235, 0, 0, -0.00133192754628584, 0, 0.0036475403504846416, 0.002670693787445291, 0, 0, 0, 0.0009382276595201754, 0, -0.004143627604189875, -0.0022438527874922413, 0, 0, 0, 0, -0.0012840612643205604, 0, 0, 0, -0.008079496915990024, 0, 0, 0, 0, 0, 0, 0, 0, 0, 0, 0, 0, 0, 0.0045797037365464905, 0.0030271225974126074, 0, 0, 0, 0, 0, 0, 0, 0, -0.0004787848967429911, 0, -0.001493607396162199, 0, 0, 0, 0, 0, -0.0010286966437012001, 0, 0, 0, 0, 0, 0.0028822051271427543, 0, 0, 0, 0, 0, 0, 0, 0, 0, 0, 0, 0, 0, 0, 0, 0, 0, 0, 0, 0, 0, 0, 0, 0, 0, 0, 0, 0, 0, 0, -0.0040717705891635874, 0, 0, 0, 0, 0.0031683291309505136, 0.0025154634358245304, 0, 0, -0.0027815284204882208, 0, 0, 0, 0, 0, 0, 0, 0, 0, 0, 0, 0, -0.002287180243437325, 0, 0, 0, 0, 0, -0.0005771671821900628, 0, 0, 0, 0, 0, -0.003291769093634842, -0.0036273201976968904, 0, 0, 0.0029581714051953346, 0, 0.00302832227347152, -0.000703553227853119, 0.00028864455584290286, 0, 0, 0, 0, 0, 0, 0, 0, 0, 0, 0, -0.0045933312676523196, 0, 0, 0, 0, 0.004966788211532804, -0.00469135642324983, 0, 0, 0, 0, -0.000578971583400048, 0.006218983001113686, 0, 0.00039779376230617903, -0.00782832481369576, 0, 0, 0, 0, 0, 0, 0.0014871466059763784, 0.004372085828563851, 0, 0, 0, 0, 0, -0.0022474827203452412, 0, 0, 0, 0, -0.0022307706488049477, 0, 0, 0, 0, 0, 0.0026301647796456193, 0, 0, 0, 0, 0, -0.0038196643217802643, 0, 0.0018704636704707702, 0, 0, 0, 0, 0, -0.006353139654389003, 0, 0.0004991623494468391, 0, 0, -0.0012056804583079886, 0, 0, 0, 0, 0, 0, 0, 0, 0.0010057474882757998, 0.0032690180235764982, 0, 0, 0, -0.004565564692725639, 0.004120284303056044, 0, 0, 0, 0, 0, 0, 0, 0, -0.0026968503798170083, 0, 0, 0, 0, 0.0001063204092198387, 0, 0, 0, 0, 0, 0.003632544404684173, 0, 0, 0, -0.004309047764335724, 0, 0, 0, -0.00663404535616825, 0, 0, 0, 0, 0, 0.0024064315705133884, 0, 0, 0.0030159365571431223, 0, 0, 0, 0, 0, 0, 0, 0, 0, 0, 0, 0, 0, 0, 0, 0, 0, 0, 0, -0.003953659065641386, 0, 0, 0, 0, 0, 0, -0.004120026406098636, 0, 0.00099991907706174, 0, 0, 0, 0, 0, 0, 0, -0.000877573161613427, 0, 0.008901329557234237, 0, 0, 0, 0, 0.002587384232408674, 0, 0, 0, 0, 0, 0, 0, 0, 0, 0, 0, 0.0007837260697502032, 0, 0, 0, 0, 0, 0, 0, 0, 0.0003787649335209643, -0.0011952124799654972, 0, 0, 0, 0, 0, 0, 0.00042355008118885335, 0, 0, 0, 0, 0, 0, -0.005021466758096601, 0, 0, 0, 0.004381826924990385, 0, -0.00246761845908579, 0.005950108301556558, 0, 0, 0.0010156739918502908, -0.0048298466620593445, 0, 0.003125565709988012, 0, 0.0017724979416144974, 0, 0, -0.0026607569022118636, 0, 0, 0, 0.00120064044204936, 0, 0, 0, 0, 0, 0, 0, 0, 0, 0, 0, 0, 0, 0, 0, 0, 0.0002166409706963169, 0, 0, 0.0019939771212311606, 0, 0, 0.004435958610243785, 0.003966289539436432, 0, 0, 0, 0, 0, 0.003767456037216736, 0, 0, 0, 0, -0.004268215992012289, 0, 0, 0, 0.004152644286252157, 0, 0, -0.0009917042017327216, 0, 0, 0, 0, 0, 0, 0.002108846048700911, 0, 0, 0, 0, 0, -0.0012003954352447707, 0, 0, 0, 0, 0, 0, 0, 0, 0, 0, 0, 0, -0.004530570502103148, 0, 0, 0, -0.005353599345653351, 0, 0, 0.002045713981086781, 0, 0, 0, 0, 0, -0.004488645902371339, 0, 0, 0.003131280670779094, 0, 0, 0, 0, 0, 0, 0, 0, 0, 0, 0.0024377968072396105, 0, 0.0015353775201063066, 0, 0, 0, 0, 0.006851866565418037, 0.001363206994458986, -0.00697255410444886, 0.004589093441684578, 0, 0, 0, 0, 0, 0, 0, 0, 0, -0.002692094588219079, 0, 0, 0, 0, 0, 0.0011461650631022118, 0, 0, 0, 0, -0.0020742197427797513, 0, 0, 0, 0, 0, 0, 0.002958251361083655, 0, 0, 0, -0.0032191770580060884, 0, 0, 0, 0.004202592349140559, 0, 0, 0, 0.002882206696487337, 0, 0.0023538504447342605, 0, 0, 0, 0, 0, 0, 0, 0.0003768376433016129, 0.006555866301387655, 0, 0, 0, 0, 0, 0, 0, 0, -0.0036161353206439475, 0, -0.005205313588524119, 0, 0, 0, 0, 0, 0, 0, 0, 0, 0, 0, -0.0004010133753508242, 0, 0, 0, 0, 0, 0, 0, 0, 0, 0, 0, -9.446822151696691e-05, 0, 0, 0, 0, 0, 0, -0.005426726566453017, 0, 0, 0, 0, 0.0016648237759145038, 0, 0, 0, 0, 0, 0, -0.003676562121042256, 0, 6.57020056488481e-05, -0.0009357914751338622, 0, 0, 0.002972798184884971, 0, 0, -0.00046734564713151014, 0, -0.003398589498114969, 0, 0, 0, 0.00176952872834138, 0, 0, 0.0027304054734506463, 0, 0, -0.004083931601462132, 0, 0, 0, 0, 0.0002985573176842707, 0.0034449703986563327, -0.0045160971595214535, 0.0010819574555562433, 0, 0, 0, 0, 0, 0, 0, -0.0035661865843912123, 0, 0, 0, 0, 0.00045655349068604004, 0, 0, 0.0004872881671015407, 0, 0, 0, 0.0037448891958299377, 0, 0, 0, 0, 0, 0.004275776852546357, 0, 0, 0, 0, 0, 0, 0, 0, 0, 0, 0.0035781815550845514, -0.002279272700480732, 0.005234174052813406, 0, 0, 0, 0, 0, 0]
Start Date: 2022-05-30
End Date: 2025-11-06
Sharpe Ratio: -0.003
Annualized Sharpe: -0.046
Sharpe 95% CI: (np.float64(-0.979), np.float64(0.927))
Sortino Ratio: -0.003
CAGR: -0.001
Calmar Ratio: -0.02
Daily Win Rate (%): 0.508
Max Drawdown: 0.071
Profit Factor: 0.987
Expectancy: -1.9e-05
Average Win: 0.002843
Average Loss: 0.002973
Total Trades: 254
Total Days: 1078



Rolling 0 - Variant 1 - atr_2_0.25 - Fit Metrics
Contracts: [10, 11, 6, 10, 10, 7, 7, 6, 7, 7, 7, 6, 7, 10, 8, 8, 8, 8, 8, 7, 7, 7, 7, 7, 8, 7, 8, 7, 8, 5, 7, 7, 7, 7, 5, 7, 7, 6, 6, 6, 6, 6, 6, 6, 6, 6, 5, 7, 8, 7, 8, 8, 7, 5, 6, 5, 6, 6, 6, 6, 5, 9, 5, 10, 5, 5, 6, 6, 6, 6, 6, 7, 8, 7, 6, 7, 7, 7, 7, 8, 8, 8, 8, 9, 9, 9, 9, 10, 11, 11, 8, 10, 7, 7, 7, 7, 7, 8, 9, 9, 10, 10, 9, 9, 9, 10, 11, 11, 11, 11, 10, 11, 10, 10, 10, 10, 9, 10, 10, 10, 9, 10, 10, 11, 11, 11, 11, 9, 10, 10, 9, 10, 9, 10, 10, 10, 10, 10, 10, 10, 9, 11, 12, 10, 10, 9, 10, 8, 12, 10, 10, 10, 10, 12, 12, 13, 13, 13, 13, 14, 13, 13, 13, 12, 12, 12, 12, 12, 12, 12, 12, 11, 11, 11, 14, 13, 14, 13, 14, 12, 13, 12, 12, 12, 12, 11, 16, 16, 15, 11, 13, 14, 12, 11, 12, 10, 11, 10, 10, 6, 8, 13, 13, 13, 11, 7, 9, 8, 8, 8, 7, 7, 7, 8, 8, 8, 8, 8, 8, 8, 8, 7, 7, 7, 8, 8, 8, 8, 8, 9, 9, 7, 7, 5, 5, 5, 5, 6, 5, 6, 7, 7, 7, 7, 7, 7, 8, 8, 8, 9, 8, 8, 9, 9, 9, 7, 8, 8, 8, 8, 7, 7, 7, 7, 9, 11, 9, 9, 9, 10, 10, 10, 11, 12, 12, 12]
Trade Returns: [-0.011676735970793486, 0.004972625, 0.004670285088452802, 0.004227745532063758, 0.00418551122657487, 0.004427725953720835, 0.0003069687822498555, 0.0027823807319626395, -0.0029519823614855153, -0.0005465065129871369, 0.0028102034575431213, -0.0016629314528695863, -0.00643865009129327, 0.003950646204259459, 0.004034644677881378, 0.004129969462828721, 0.002039508743106435, 0.0009618582176499912, -0.003173597160059642, 0.0016120704814220046, -0.000245355351589383, 0.00040177738167646113]
Daily Returns: [-0.011676735970793486, 0.004972625, 0, 0, 0, 0, 0, 0, 0, 0, 0, 0, 0.004670285088452802, 0, 0, 0.004227745532063758, 0, 0, 0, 0, 0, 0, 0, 0, 0, 0, 0, 0, 0, 0, 0, 0.00418551122657487, 0, 0, 0.004427725953720835, 0, 0, 0, 0, 0, 0.0003069687822498555, 0, 0, -0.0007161081425100127, 0, 0, 0.0028102034575431213, 0, 0, 0, 0, -0.0016629314528695863, 0, 0, 0, 0, 0, 0, 0, 0, -0.00643865009129327, 0, 0, 0, 0, 0, 0.003950646204259459, 0.0081646141407101, 0, 0, 0, 0, 0, 0, 0, 0, 0, 0, 0.002039508743106435, -0.0022117389424096507, 0, 0.0016120704814220046, 0.00015642203008707815, 0, 0, 0, 0, 0, 0, 0, 0, 0, 0, 0, 0, 0, 0, 0, 0]
Start Date: 2022-02-03
End Date: 2022-05-29
Sharpe Ratio: 0.096
Annualized Sharpe: 1.53
Sharpe 95% CI: (np.float64(-1.498), np.float64(5.136))
Sortino Ratio: 0.042
CAGR: 0.049
Calmar Ratio: 6.001
Daily Win Rate (%): 0.682
Max Drawdown: 0.008
Profit Factor: 1.705
Expectancy: 0.000855
Average Win: 0.003034
Average Loss: 0.003814
Total Trades: 22
Total Days: 99

Rolling 0 - Variant 1 - atr_2_0.25 - Test Metrics
Contracts: [10, 11, 6, 10, 10, 7, 7, 6, 7, 7, 7, 6, 7, 10, 8, 8, 8, 8, 8, 7, 7, 7, 7, 7, 8, 7, 8, 7, 8, 5, 7, 7, 7, 7, 5, 7, 7, 6, 6, 6, 6, 6, 6, 6, 6, 6, 5, 7, 8, 7, 8, 8, 7, 5, 6, 5, 6, 6, 6, 6, 5, 9, 5, 10, 5, 5, 6, 6, 6, 6, 6, 7, 8, 7, 6, 7, 7, 7, 7, 8, 8, 8, 8, 9, 9, 9, 9, 10, 11, 11, 8, 10, 7, 7, 7, 7, 7, 8, 9, 9, 10, 10, 9, 9, 9, 10, 11, 11, 11, 11, 10, 11, 10, 10, 10, 10, 9, 10, 10, 10, 9, 10, 10, 11, 11, 11, 11, 9, 10, 10, 9, 10, 9, 10, 10, 10, 10, 10, 10, 10, 9, 11, 12, 10, 10, 9, 10, 8, 12, 10, 10, 10, 10, 12, 12, 13, 13, 13, 13, 14, 13, 13, 13, 12, 12, 12, 12, 12, 12, 12, 12, 11, 11, 11, 14, 13, 14, 13, 14, 12, 13, 12, 12, 12, 12, 11, 16, 16, 15, 11, 13, 14, 12, 11, 12, 10, 11, 10, 10, 6, 8, 13, 13, 13, 11, 7, 9, 8, 8, 8, 7, 7, 7, 8, 8, 8, 8, 8, 8, 8, 8, 7, 7, 7, 8, 8, 8, 8, 8, 9, 9, 7, 7, 5, 5, 5, 5, 6, 5, 6, 7, 7, 7, 7, 7, 7, 8, 8, 8, 9, 8, 8, 9, 9, 9, 7, 8, 8, 8, 8, 7, 7, 7, 7, 9, 11, 9, 9, 9, 10, 10, 10, 11, 12, 12, 12]
Trade Returns: [0.003378750210544131, 0.003575530159598386, 0.000921969026824201, 0.00363360218097139, 0.00018504940354372893, 0.003059787003802614, -0.001911580878046112, -0.0008009318571784241, -0.009941228784093235, -0.0018752206166248013, 0.004545314308860433, 0.00410277274740578, 0.003738844940585815, -0.00017067808093322248, 0.004772446515167654, 0.0032276691066200273, -0.0014336933617879813, -0.0002781208364853756, -2.4895989585378656e-05, -0.0017006314880511262, -0.0023090795813213317, -0.0034672826887721555, 0.004037069494533643, 0.004667751532263086, 0.0046340361467520795, -0.003674678478205117, -0.0003809020789136262, 0.004280408378764095, 0.003912413148983364, 8.299632827400775e-05, -0.003505711502487984, 0.0002993774950676194, -0.0033988339696455726, -0.00011121450521824945, 0.002319793244586361, -0.0009467135547608389, -0.000763591645931653, -0.002162346788353407, 0.0009899574466584083, 0.003477805875890558, -0.0018491566865741892, -0.0016733742294347143, 0.0010523509661318432, -0.0004550420509829373, -0.006841942077049058, -0.005803373738145463, -0.0025691736285202065, 0.003464226915303055, 0.0009060162187981355, 0.0028808541851113763, -0.007457174138005849, -0.003788614276805224, -0.00027582605733794555, 0.003398427745745492, 0.003612614819540779, -0.005989645538083327, 0.0011602027238440742, -0.0016686862261850214, -0.0075538835852538705, 0.0057510734052393965, 0.005018450584079161, 0.0021534325555537938, -0.0016786175456013769, -0.005301598639579328, -0.0014400116170153348, -0.00045887236801432564, 0.0020858897858824633, -0.002940339500310702, 0.0005541421550492836, 0.0022879002708623424, -0.005435732405626797, 0.004946022770736883, -0.0022413370685038974, 0.0033786688027284276, 0.003916497840741682, -0.002225891680565738, -0.002465349413412513, 0.003978955460029931, -0.004454392860535619, -0.0024615218861896203, 0.0006239520241124116, -0.002373068149673992, -0.006414889334005088, -0.0011376468704668184, 0.0032630199503678823, -0.008899289708894925, 0.003706587807155072, -0.010389984957764794, 0.0015615968586436726, 0.0031761028352147646, -4.2245072631144113e-05, 0.00044957478906561434, -0.0036689497449407704, 0.0006362004549179236, 0.004505079049140056, -0.005472383143174747, 0.0037874853323541726, 0.0035514024136541252, 0.0003593494672587517, -0.0016465315061517534, 0.002302068732546308, -0.0016989702637882885, -0.0005353440448150586, 0.0031664060412696206, -0.0013363140053003091, 0.003523977707053506, 0.0026702625281378404, 0.0009381920636991762, -0.0010215435003194707, -0.0022512258690610375, -0.0011650106369664758, -0.013484411773225381, -0.017863551491923153, 0.004633205984746071, 0.0030731068143027393, -0.0004860207952671833, -0.0015161461306521667, -0.0010327882895151599, 0.0028990991148404297, -0.00625849858928498, 0.003013044664566077, 0.0002102897037817669, 0.0025748724694777754, 0.002504942642752604, -0.00231422531405657, -0.0005871834383313673, -0.0034945674081161616, -0.0074500256472521285, 0.003026115537657352, 0.0028936038639375246, -0.0007148390534275699, 0.0002712037614782029, 0.0008489752153017527, 0.005025813835554964, -0.0017288154449379084, -0.0005850795802978663, 0.004802014619586874, 0.0014635329120162377, 0.0004019741886712458, -0.006708577204052196, -0.007667726082121796, 0.0034581372224284073, -0.0018008362817350347, 0.004428885757282564, -0.0022855771897302172, -0.0022542516368121725, 0.002654219591837338, -0.007530115106414421, 0.0017729721953679337, -0.0075738197849790695, 0.00047379962246378305, -0.0012319796109128247, 0.0010276403632876472, 0.0033015455423691985, 0.0005620260907343422, 0.00419088969480183, -0.002370372903113572, 0.00010802713431839185, 0.0037426605207914855, -0.00736260259412281, -0.008675591759070412, 0.002282398939519236, 0.0030809075460030855, -0.003982988877603354, -0.006055475770497601, 0.0010213937305692373, -0.000898334277594354, 0.003915067640035415, 0.004787418382060546, 0.0024073814009475817, 0.0008005239072302664, 0.0017747071713311476, -0.0013871924786731096, -0.0012226382161502028, -0.010485565685090681, 0.0074511385768044405, -0.0028608937008375566, 0.004484073225005376, -0.0024757372919391243, 0.006014492821233145, 0.0010425266386548213, -0.007008294354925678, 0.0032342937711112582, 0.0015953893670691166, -0.0027375047794980845, 0.0012353672333029696, 0.00022270280532719634, 0.002010560279148691, 0.004547144676416766, 0.004089644859048301, 0.0038751953690303923, -0.00510329059551003, 0.0042563134512254, -0.0009066265389083964, 0.002168736002910581, 0.00276982711337878, -0.00038916218633586267, 0.0030125426052700194, -0.0042176850449507555, 0.0012416272702041175, -0.00457892152375527, 0.0021003549904701833, -0.007797686877225876, 0.0031776038663006165, 0.002495976872642778, -0.003488610675386924, 0.004802840321695391, 0.007035617781368247, 0.001395047261439465, -0.0061192022029965204, 0.004617927232080663, -0.0027548859310446553, 0.003099079192057776, -0.0019339513547755786, -0.0021226935458338206, 0.0030449495857003696, -0.0027256338587234815, 0.003696153157207697, 0.002938359317156695, 0.0024086557731205892, -0.00016316426424530192, 0.0005005464644469675, 0.0028332713144158957, 0.0030347513823509153, -3.457190751367623e-05, -0.002748159657533252, -0.007593180805827725, 0.0029366280099792615, 0.0012364834166489853, -9.607376157892776e-05, -0.001638732728081719, 0.0014809177325634665, -0.003433927928834445, 6.678935222458415e-05, -0.0009512774818460444, 0.0030220405741505133, -0.00047506358744147287, -0.0029211086079051155, 0.0017979039583744265, 0.002762980319796047, -0.0005530091685156098, 0.00030223554544653997, 0.003487399628905104, -0.004137488488477095, 0.0011003661594252978, -0.0025330002268912897, 0.0004616782841599591, 0.0037116648578937603, -0.003187124219361343, 0.003808718660895075, 0.004288897596782438, 0.0033775136094747237, -0.002305191459479076, 0.005275009360188967]
Daily Returns: [0, 0, 0.003378750210544131, 0, 0, 0, 0, 0.003575530159598386, 0.000921969026824201, 0.00363360218097139, 0, 0, 0, 0, 0, 0, 0, 0, 0, 0, 0, 0.00018504940354372893, 0.000347274268578078, 0, 0, 0, 0, 0, 0, 0, 0, -0.009941228784093235, 0, 0, 0, 0, 0, 0, 0, 0, 0, 0, 0, 0, 0, 0, -0.0018752206166248013, 0, 0.004545314308860433, 0, 0, 0.007670939607058372, 0.004772446515167654, 0, 0, 0, 0.0032276691066200273, 0, -0.0017118141982733568, 0, 0, -2.4895989585378656e-05, 0, 0, 0, 0, 0, 0, 0, 0, -0.0017006314880511262, 0, 0, 0, 0, 0, -0.0023090795813213317, 0, -0.0034672826887721555, 0.004037069494533643, 0, 0, 0.004667751532263086, 0, 0, 0, 0, 0.0046340361467520795, 0, 0, 0, 0, 0, 0, 0, 0, -0.003674678478205117, 0, 0, 0, 0, 0, 0, 0, 0, 0, 0, 0, 0, 0, 0, -0.0003809020789136262, 0, 0, 0, 0, 0, 0.004280408378764095, 0, 0, 0, 0, 0, 0, 0.003995409477257372, 0, 0, 0, -0.003505711502487984, 0, 0.0002993774950676194, 0, 0, 0, 0, -0.0033988339696455726, 0, 0, 0, 0, 0, 0, -0.00011121450521824945, 0, 0, 0, 0, 0, 0, 0, 0, 0, 0.002319793244586361, 0, 0, 0, 0, 0, -0.0009467135547608389, 0, 0, 0, 0, 0, -0.000763591645931653, -0.002162346788353407, 0, 0, 0, 0.0009899574466584083, 0, 0.003477805875890558, 0, -0.0018491566865741892, 0, 0, 0, 0, -0.0016733742294347143, 0, 0, 0.0010523509661318432, 0, -0.0004550420509829373, 0, 0, 0, -0.006841942077049058, 0, 0, 0, 0, -0.005803373738145463, 0, 0, 0, 0, 0, 0, 0, -0.0025691736285202065, 0, 0.003464226915303055, 0, 0.0009060162187981355, 0, 0, 0, 0.0028808541851113763, 0, 0, 0, 0, 0, -0.007457174138005849, 0, -0.003788614276805224, 0, 0, 0, 0, 0, 0, -0.00027582605733794555, 0, 0.003398427745745492, 0.003612614819540779, 0, 0, 0, 0, 0, 0, 0, 0, 0, -0.005989645538083327, 0.0011602027238440742, 0, 0, -0.0016686862261850214, -0.0075538835852538705, 0, 0, 0.0057510734052393965, 0, 0, 0, 0.005018450584079161, 0, 0, 0, 0, 0, 0.0021534325555537938, 0, 0, -0.0016786175456013769, 0, 0, 0, 0, 0, 0, -0.0067416102565946625, 0, 0, 0, -0.00045887236801432564, 0, 0.0020858897858824633, 0, -0.002940339500310702, 0, 0, 0, 0.0005541421550492836, 0, 0, 0, 0.0022879002708623424, 0, -0.005435732405626797, 0, 0, 0, 0.004946022770736883, 0, 0, 0, -0.0022413370685038974, 0.0033786688027284276, 0, 0, 0.0016906061601759436, 0, 0, 0, 0, 0, 0, 0, 0, -0.002465349413412513, 0, 0, 0, 0, 0, 0, 0, 0, 0, 0, 0.003978955460029931, 0, -0.004454392860535619, 0, 0, 0, 0, -0.0024615218861896203, 0, 0, 0, 0, 0, 0, 0, 0, 0, 0, 0, 0, 0, 0, 0, 0, 0.0006239520241124116, 0, 0, 0, 0, -0.002373068149673992, 0, 0, -0.007552536204471907, 0, 0, 0.0032630199503678823, 0, -0.008899289708894925, 0, 0, 0, 0, 0, 0.003706587807155072, 0, 0, 0, 0, 0, -0.010389984957764794, 0, 0, 0, 0, 0, 0, 0, 0, 0.0015615968586436726, 0, 0, 0.0031338577625836207, 0, 0, 0.00044957478906561434, 0, 0, 0, 0, 0, 0, -0.0036689497449407704, 0, 0, 0, 0, 0, 0.0006362004549179236, 0, 0, -0.000967304094034691, 0, 0, 0.0037874853323541726, 0, 0, 0, 0, 0, 0.0035514024136541252, 0, 0, 0, 0, 0.0003593494672587517, 0, 0, 0, 0, 0, 0, 0, -0.0016465315061517534, 0, 0, 0, 0, 0, 0, 0, 0.002302068732546308, 0, 0, 0, 0, 0, 0, 0, 0, 0, -0.0016989702637882885, 0.002631061996454562, 0, 0, -0.0013363140053003091, 0, 0.003523977707053506, 0.0026702625281378404, 0, 0, 0, 0.0009381920636991762, 0, -0.0010215435003194707, -0.0022512258690610375, 0, 0, 0, 0, -0.0011650106369664758, 0, 0, 0, -0.031347963265148535, 0, 0, 0, 0, 0, 0, 0, 0, 0, 0, 0, 0, 0, 0.004633205984746071, 0.0030731068143027393, 0, 0, 0, 0, 0, 0, 0, 0, -0.0004860207952671833, 0, -0.0015161461306521667, 0, 0, 0, 0, 0, -0.0010327882895151599, 0, 0, 0, 0, 0, 0.0028990991148404297, 0, 0, 0, 0, 0, 0, 0, 0, 0, 0, 0, 0, 0, 0, 0, 0, 0, 0, 0, 0, 0, 0, 0, 0, 0, 0, 0, 0, 0, 0, -0.00625849858928498, 0, 0, 0, 0, 0.003223334368347844, 0.0025748724694777754, 0, 0, 0.002504942642752604, 0, 0, 0, 0, 0, 0, 0, 0, 0, 0, 0, 0, -0.00231422531405657, 0, 0, 0, 0, 0, -0.0005871834383313673, 0, 0, 0, 0, 0, -0.0034945674081161616, -0.0074500256472521285, 0, 0, 0.003026115537657352, 0, 0.0028936038639375246, -0.0007148390534275699, 0.0002712037614782029, 0, 0, 0, 0, 0, 0, 0, 0, 0, 0, 0, 0.0008489752153017527, 0, 0, 0, 0, 0.005025813835554964, -0.0017288154449379084, 0, 0, 0, 0, -0.0005850795802978663, 0.006265547531603112, 0, 0.0004019741886712458, -0.01437630328617399, 0, 0, 0, 0, 0, 0, 0.0016573009406933726, 0.004428885757282564, 0, 0, 0, 0, 0, -0.0022855771897302172, 0, 0, 0, 0, -0.0022542516368121725, 0, 0, 0, 0, 0, 0.002654219591837338, 0, 0, 0, 0, 0, -0.007530115106414421, 0, 0.0017729721953679337, 0, 0, 0, 0, 0, -0.0075738197849790695, 0, 0.00047379962246378305, 0, 0, -0.0012319796109128247, 0, 0, 0, 0, 0, 0, 0, 0, 0.0010276403632876472, 0.0033015455423691985, 0, 0, 0, 0.0005620260907343422, 0.00419088969480183, 0, 0, 0, 0, 0, 0, 0, 0, -0.002370372903113572, 0, 0, 0, 0, 0.00010802713431839185, 0, 0, 0, 0, 0, 0.0037426605207914855, 0, 0, 0, -0.00736260259412281, 0, 0, 0, -0.008675591759070412, 0, 0, 0, 0, 0, 0.002282398939519236, 0, 0, 0.0030809075460030855, 0, 0, 0, 0, 0, 0, 0, 0, 0, 0, 0, 0, 0, 0, 0, 0, 0, 0, 0, -0.003982988877603354, 0, 0, 0, 0, 0, 0, -0.006055475770497601, 0, 0.0010213937305692373, 0, 0, 0, 0, 0, 0, 0, -0.000898334277594354, 0, 0.008702486022095961, 0, 0, 0, 0, 0.0024073814009475817, 0, 0, 0, 0, 0, 0, 0, 0, 0, 0, 0, 0.0008005239072302664, 0, 0, 0, 0, 0, 0, 0, 0, 0.00038751469265803796, -0.0012226382161502028, 0, 0, 0, 0, 0, 0, -0.0030344271082862403, 0, 0, 0, 0, 0, 0, -0.0028608937008375566, 0, 0, 0, 0.004484073225005376, 0, -0.0024757372919391243, 0.006014492821233145, 0, 0, 0.0010425266386548213, -0.007008294354925678, 0, 0.0032342937711112582, 0, 0.0015953893670691166, 0, 0, -0.0027375047794980845, 0, 0, 0, 0.0012353672333029696, 0, 0, 0, 0, 0, 0, 0, 0, 0, 0, 0, 0, 0, 0, 0, 0, 0.00022270280532719634, 0, 0, 0.002010560279148691, 0, 0, 0.004547144676416766, 0.004089644859048301, 0, 0, 0, 0, 0, 0.0038751953690303923, 0, 0, 0, 0, -0.00510329059551003, 0, 0, 0, 0.0042563134512254, 0, 0, -0.0009066265389083964, 0, 0, 0, 0, 0, 0, 0.002168736002910581, 0, 0, 0, 0, 0, 0.0023806649270429175, 0, 0, 0, 0, 0, 0, 0, 0, 0, 0, 0, 0, 3.6484830523381443e-05, 0, 0, 0, -0.00457892152375527, 0, 0, 0.0021003549904701833, 0, 0, 0, 0, 0, -0.007797686877225876, 0, 0, 0.0031776038663006165, 0, 0, 0, 0, 0, 0, 0, 0, 0, 0, 0.002495976872642778, 0, 0.001314229646308467, 0, 0, 0, 0, 0.007035617781368247, 0.001395047261439465, -0.0061192022029965204, 0.004617927232080663, 0, 0, 0, 0, 0, 0, 0, 0, 0, -0.0027548859310446553, 0, 0, 0, 0, 0, 0.0011651278372821975, 0, 0, 0, 0, -0.0021226935458338206, 0, 0, 0, 0, 0, 0, 0.0030449495857003696, 0, 0, 0, -0.0027256338587234815, 0, 0, 0, 0.003696153157207697, 0, 0, 0, 0.002938359317156695, 0, 0.0024086557731205892, 0, 0, 0, 0, 0, 0, 0, 0.0003373822002016656, 0.0058334507892531355, 0, 0, 0, 0, 0, 0, 0, 0, -0.002748159657533252, 0, -0.007593180805827725, 0, 0, 0, 0, 0, 0, 0, 0, 0, 0, 0, 0.004173111426628247, 0, 0, 0, 0, 0, 0, 0, 0, 0, 0, 0, -9.607376157892776e-05, 0, 0, 0, 0, 0, 0, -0.001638732728081719, 0, 0, 0, 0, 0.0014809177325634665, 0, 0, 0, 0, 0, 0, -0.003433927928834445, 0, 6.678935222458415e-05, -0.0009512774818460444, 0, 0, 0.0030220405741505133, 0, 0, -0.00047506358744147287, 0, -0.0029211086079051155, 0, 0, 0, 0.0017979039583744265, 0, 0, 0.002762980319796047, 0, 0, -0.0005530091685156098, 0, 0, 0, 0, 0.00030223554544653997, 0.003487399628905104, -0.004137488488477095, 0.0011003661594252978, 0, 0, 0, 0, 0, 0, 0, -0.0025330002268912897, 0, 0, 0, 0, 0.0004616782841599591, 0, 0, 0.0005245406385324175, 0, 0, 0, 0.003808718660895075, 0, 0, 0, 0, 0, 0.004288897596782438, 0, 0, 0, 0, 0, 0, 0, 0, 0, 0, 0.0033775136094747237, -0.002305191459479076, 0.005275009360188967, 0, 0, 0, 0, 0, 0]
Start Date: 2022-05-30
End Date: 2025-11-06
Sharpe Ratio: -0.007
Annualized Sharpe: -0.115
Sharpe 95% CI: (np.float64(-0.983), np.float64(0.971))
Sortino Ratio: -0.004
CAGR: -0.004
Calmar Ratio: -0.044
Daily Win Rate (%): 0.535
Max Drawdown: 0.091
Profit Factor: 0.961
Expectancy: -6e-05
Average Win: 0.002762
Average Loss: 0.003313
Total Trades: 254
Total Days: 1078



Rolling 0 - Variant 2 - atr_1_0.5 - Fit Metrics
Contracts: [10, 11, 6, 10, 10, 7, 7, 6, 7, 7, 7, 6, 7, 10, 8, 8, 8, 8, 8, 7, 7, 7, 7, 7, 8, 7, 8, 7, 8, 5, 7, 7, 7, 7, 5, 7, 7, 6, 6, 6, 6, 6, 6, 6, 6, 6, 5, 7, 8, 7, 8, 8, 7, 5, 6, 6, 6, 6, 6, 6, 5, 9, 5, 10, 5, 5, 6, 6, 6, 6, 6, 7, 8, 7, 6, 7, 7, 7, 7, 8, 8, 8, 8, 9, 9, 9, 9, 10, 11, 11, 7, 10, 7, 7, 7, 7, 7, 8, 9, 9, 9, 10, 9, 9, 9, 10, 11, 11, 11, 11, 10, 11, 10, 10, 10, 10, 9, 10, 10, 10, 9, 10, 10, 10, 10, 11, 11, 9, 10, 10, 9, 9, 9, 9, 10, 10, 9, 9, 10, 10, 9, 10, 12, 10, 10, 9, 10, 8, 12, 10, 10, 10, 10, 12, 12, 13, 13, 13, 13, 14, 13, 13, 13, 12, 12, 12, 12, 12, 12, 12, 12, 11, 11, 11, 14, 12, 14, 13, 14, 12, 13, 12, 12, 12, 12, 11, 15, 16, 14, 11, 13, 14, 11, 11, 12, 10, 10, 10, 10, 6, 8, 13, 13, 13, 11, 7, 9, 7, 8, 8, 7, 7, 7, 8, 7, 7, 8, 8, 8, 8, 8, 7, 7, 7, 8, 8, 8, 8, 8, 8, 8, 7, 7, 5, 5, 5, 5, 6, 5, 6, 7, 7, 7, 7, 7, 7, 7, 8, 8, 9, 8, 8, 8, 9, 8, 7, 7, 7, 7, 7, 7, 7, 7, 7, 8, 10, 9, 9, 8, 10, 10, 10, 10, 12, 12, 11]
Trade Returns: [-0.010718831787336817, 0.00498825, 0.0046813552206734724, 0.004223558773163428, 0.004181383725276355, 0.004423377776117584, 0.0003066686560283416, 0.0027904232494972135, -0.002949071837514659, -0.0005459723523180458, 0.0027981971045630974, -0.0016613069168586317, -0.008209685092666534, 0.003937385420108388, 0.004046351405206647, 0.0041291698825648366, 0.0020391155089685073, 0.0009616731408309022, -0.003172987096173165, 0.0016117596050280614, -0.0002453081126824148, 0.00040170000744677487]
Daily Returns: [-0.010718831787336817, 0.00498825, 0, 0, 0, 0, 0, 0, 0, 0, 0, 0, 0.0046813552206734724, 0, 0, 0.004223558773163428, 0, 0, 0, 0, 0, 0, 0, 0, 0, 0, 0, 0, 0, 0, 0, 0.004181383725276355, 0, 0, 0.004423377776117584, 0, 0, 0, 0, 0, 0.0003066686560283416, 0, 0, -0.0007046209403354912, 0, 0, 0.0027981971045630974, 0, 0, 0, 0, -0.0016613069168586317, 0, 0, 0, 0, 0, 0, 0, 0, -0.008209685092666534, 0, 0, 0, 0, 0, 0.003937385420108388, 0.008175521287771484, 0, 0, 0, 0, 0, 0, 0, 0, 0, 0, 0.0020391155089685073, -0.0022113139553422627, 0, 0.0016117596050280614, 0.00015639189476436007, 0, 0, 0, 0, 0, 0, 0, 0, 0, 0, 0, 0, 0, 0, 0, 0]
Start Date: 2022-02-03
End Date: 2022-05-29
Sharpe Ratio: 0.092
Annualized Sharpe: 1.456
Sharpe 95% CI: (np.float64(-1.59), np.float64(5.116))
Sortino Ratio: 0.041
CAGR: 0.046
Calmar Ratio: 4.708
Daily Win Rate (%): 0.682
Max Drawdown: 0.01
Profit Factor: 1.655
Expectancy: 0.000819
Average Win: 0.003035
Average Loss: 0.003929
Total Trades: 22
Total Days: 99

Rolling 0 - Variant 2 - atr_1_0.5 - Test Metrics
Contracts: [10, 11, 6, 10, 10, 7, 7, 6, 7, 7, 7, 6, 7, 10, 8, 8, 8, 8, 8, 7, 7, 7, 7, 7, 8, 7, 8, 7, 8, 5, 7, 7, 7, 7, 5, 7, 7, 6, 6, 6, 6, 6, 6, 6, 6, 6, 5, 7, 8, 7, 8, 8, 7, 5, 6, 6, 6, 6, 6, 6, 5, 9, 5, 10, 5, 5, 6, 6, 6, 6, 6, 7, 8, 7, 6, 7, 7, 7, 7, 8, 8, 8, 8, 9, 9, 9, 9, 10, 11, 11, 7, 10, 7, 7, 7, 7, 7, 8, 9, 9, 9, 10, 9, 9, 9, 10, 11, 11, 11, 11, 10, 11, 10, 10, 10, 10, 9, 10, 10, 10, 9, 10, 10, 10, 10, 11, 11, 9, 10, 10, 9, 9, 9, 9, 10, 10, 9, 9, 10, 10, 9, 10, 12, 10, 10, 9, 10, 8, 12, 10, 10, 10, 10, 12, 12, 13, 13, 13, 13, 14, 13, 13, 13, 12, 12, 12, 12, 12, 12, 12, 12, 11, 11, 11, 14, 12, 14, 13, 14, 12, 13, 12, 12, 12, 12, 11, 15, 16, 14, 11, 13, 14, 11, 11, 12, 10, 10, 10, 10, 6, 8, 13, 13, 13, 11, 7, 9, 7, 8, 8, 7, 7, 7, 8, 7, 7, 8, 8, 8, 8, 8, 7, 7, 7, 8, 8, 8, 8, 8, 8, 8, 7, 7, 5, 5, 5, 5, 6, 5, 6, 7, 7, 7, 7, 7, 7, 7, 8, 8, 9, 8, 8, 8, 9, 8, 7, 7, 7, 7, 7, 7, 7, 7, 7, 8, 10, 9, 9, 8, 10, 10, 10, 10, 12, 12, 11]
Trade Returns: [0.0033601802202619796, 0.003555066840301177, 0.0009199025035549011, 0.0036377863450091814, 0.00018463426474793195, 0.0030529239619230763, -0.0019073062898451374, -0.0007991374281062068, -0.007869527910870432, -0.001871012971669646, 0.004535096354247691, 0.004093591273663671, 0.0037305120017606646, -0.0001702990965066155, 0.004752764470894713, 0.0032115238205373932, -0.0014305604006260523, -0.0002775122055918445, -2.4841492861075616e-05, -0.0016968220634067902, -0.002304024374933157, -0.0034596743293424967, 0.004017586520632926, 0.0046696222483392814, 0.004623913359716184, -0.0036666882990460847, -0.0004560857176585377, 0.004271034063005623, 0.0038951841869159054, 8.282298564251544e-05, -0.0034980606699844038, 0.00029875015185511233, -0.0033917358962202533, -0.00011097105328506544, 0.0023149335877077418, -0.000944738858771781, -0.0007620182210398576, -0.0021578877494627603, 0.0009877377457732151, 0.0034776761256723734, -0.0018453352399481313, -0.0016699096595851636, 0.0010501685242462243, -0.00045409934172293377, -0.00675614934624817, -0.005790845209035379, -0.0025636248347626427, 0.0034673279819429957, 0.0009040544135265305, 0.0028640541927486213, -0.007441143291366795, -0.0037804627197346144, -0.006130156666226019, 0.0033988864863833262, 0.003592683866155607, -0.0075325544582676715, 0.0011663028375172243, -0.0016774496235502845, -0.007593620782295333, 0.005781558412719216, 0.005037099431911919, 0.0021487685701767254, -0.0014764885422918262, -0.005328372779214861, -0.0014473229227261277, -0.00046121247245365016, 0.00210732514370879, -0.002955289990964909, 0.0005569574956057078, 0.0022995813837615466, -0.0054633334807951996, 0.004487979554438933, -0.0022537814420262427, 0.003397470254957398, 0.003938218383011004, -0.002238187849208036, -0.002477769074406871, 0.0040167495008459255, -0.004479042527482163, -0.0024752047130850033, 0.0006274157915173463, -0.00238633423951698, -0.006450518970630172, -0.0011439583706890513, 0.003265771381056442, -0.007907436295943692, 0.0037273488100628043, -0.01130996690525668, 0.0015717206717556856, -0.006924259948949144, -4.295096395823676e-05, 0.00045209404495929974, -0.003730322902920209, 0.0006468824843620172, 0.004178266767336903, -0.005058369983654603, 0.003808591014388253, 0.003610665279471914, 0.0003653244203647105, -0.0016552091889707405, 0.0023404715121736783, -0.001727780876307376, -0.0004899941603263629, 0.002897313485318821, -0.0013585759177710355, 0.0035835153790660652, 0.002715499172973973, 0.000858587614402788, -0.0009349411392703122, -0.0022886436421503268, -0.001174273481351182, -0.006231360315908146, -0.009166499214916038, 0.0046201355420811396, 0.0030749649101899854, -0.00048632053953554893, -0.0015170797669716678, -0.001050046340337181, 0.0029320017571783322, -0.0062623602796806396, 0.00301491662371447, 0.00021041996088471703, 0.0025923468625653956, -0.005492117637855206, -0.002334137586184313, -0.0005875480321918697, -0.003524697794942498, -0.007183043941073525, 0.0030306132928039466, 0.0029402452163793595, -0.0007207935958933313, 0.00027354273753302043, 0.0008560514297022507, 0.005069276622818436, -0.0017298589322709396, -0.0005899631521151334, 0.004822924107999244, 0.0014757253044939461, 0.00040531801860625786, -0.006916902868672481, -0.00865473817243513, 0.0035104642881869713, -0.0018179048729977294, 0.004488664220212154, -0.002307142370411003, -0.00227302476931909, 0.002453923684763014, -0.007602813283049079, 0.0017902201779036845, -0.007647368410053616, 0.00047828041725945397, -0.0012478693407395056, 0.0010408753924689546, 0.003344022091854068, 0.0005692328256456939, 0.004225379871559826, -0.00543544770179416, 0.00010892763932317842, 0.0035533736830676414, -0.008073246697537268, -0.008207634153747591, 0.0023124062271784565, 0.003121319583260224, -0.004035364654805916, -0.006135427109172018, 0.0009485204565530752, -0.0008274902702717641, 0.003982660357358025, 0.00485051887732498, 0.0024393626307375365, 0.0008110571376820534, 0.001797934384584142, -0.0014053153495672554, -0.001238633759148116, -0.014123689278835876, 0.007546628504949156, -0.0029090351536411206, 0.004544622044731504, -0.0025169407499861535, 0.00598701468606729, 0.0010603562315622194, -0.0071280252799591865, 0.0028773826275730135, 0.00162284095331429, -0.0027845322281340756, 0.0012566488003401082, 0.00019832342850700696, 0.0020063581516592847, 0.004614822091518915, 0.004148971144139006, 0.003943926923608962, -0.0051933339260108, 0.003800193394455227, -0.0009226435521712149, 0.0022070855889808638, 0.0028187172456136424, -0.00039602855562803353, 0.003065728793720793, -0.0042918283407766145, 0.0012634815933774718, -0.004657703217366973, 0.002135719962488589, -0.00819477505657398, 0.0032193259555811466, 0.0022584059164478137, -0.0068510992490105225, 0.004889331660869477, 0.007187651930331423, 0.001424978000296335, -0.0061990495525672835, 0.004613384043979647, -0.002813907903411899, 0.0031739485310481406, -0.0019755021586645716, -0.002168227902601225, 0.003110193454214637, -0.006589481310179385, 0.0037658373220733244, 0.0030013954791146707, 0.0024695191224303145, -0.00016727703952099397, 0.0005131655238521538, 0.0029159984094742565, 0.0031109633058440853, -3.100774395227653e-05, -0.002816950306179994, -0.007783786687631549, 0.0030109530630999643, 0.0012678180664386957, -9.850765825704652e-05, -0.0016801913025395838, 0.0015178797675500766, -0.003079566873350728, 5.987579527754253e-05, -0.0008528139234806267, 0.0027089722478325935, -0.0004868369481965415, -0.002993536841617319, 0.0018426164327974787, 0.0028201609111530536, -0.0005037373039078633, 0.00030978058323187686, 0.00357443245403915, -0.003770947909268628, 0.0010027843987059537, -0.00230754627478931, 0.0004730521373066753, 0.003803061771236636, -0.0032653073845500843, 0.003564301807170983, 0.003994957248683566, 0.0034616518085956506, -0.00236241863693351, 0.004973434061333187]
Daily Returns: [0, 0, 0.0033601802202619796, 0, 0, 0, 0, 0.003555066840301177, 0.0009199025035549011, 0.0036377863450091814, 0, 0, 0, 0, 0, 0, 0, 0, 0, 0, 0, 0.00018463426474793195, 0.00034648024397173206, 0, 0, 0, 0, 0, 0, 0, 0, -0.007869527910870432, 0, 0, 0, 0, 0, 0, 0, 0, 0, 0, 0, 0, 0, 0, -0.001871012971669646, 0, 0.004535096354247691, 0, 0, 0.007653804178917719, 0.004752764470894713, 0, 0, 0, 0.0032115238205373932, 0, -0.0017080726062178968, 0, 0, -2.4841492861075616e-05, 0, 0, 0, 0, 0, 0, 0, 0, -0.0016968220634067902, 0, 0, 0, 0, 0, -0.002304024374933157, 0, -0.0034596743293424967, 0.004017586520632926, 0, 0, 0.0046696222483392814, 0, 0, 0, 0, 0.004623913359716184, 0, 0, 0, 0, 0, 0, 0, 0, -0.0036666882990460847, 0, 0, 0, 0, 0, 0, 0, 0, 0, 0, 0, 0, 0, 0, -0.0004560857176585377, 0, 0, 0, 0, 0, 0.004271034063005623, 0, 0, 0, 0, 0, 0, 0.003978007172558421, 0, 0, 0, -0.0034980606699844038, 0, 0.00029875015185511233, 0, 0, 0, 0, -0.0033917358962202533, 0, 0, 0, 0, 0, 0, -0.00011097105328506544, 0, 0, 0, 0, 0, 0, 0, 0, 0, 0.0023149335877077418, 0, 0, 0, 0, 0, -0.000944738858771781, 0, 0, 0, 0, 0, -0.0007620182210398576, -0.0021578877494627603, 0, 0, 0, 0.0009877377457732151, 0, 0.0034776761256723734, 0, -0.0018453352399481313, 0, 0, 0, 0, -0.0016699096595851636, 0, 0, 0.0010501685242462243, 0, -0.00045409934172293377, 0, 0, 0, -0.00675614934624817, 0, 0, 0, 0, -0.005790845209035379, 0, 0, 0, 0, 0, 0, 0, -0.0025636248347626427, 0, 0.0034673279819429957, 0, 0.0009040544135265305, 0, 0, 0, 0.0028640541927486213, 0, 0, 0, 0, 0, -0.007441143291366795, 0, -0.0037804627197346144, 0, 0, 0, 0, 0, 0, -0.006130156666226019, 0, 0.0033988864863833262, 0.003592683866155607, 0, 0, 0, 0, 0, 0, 0, 0, 0, -0.0075325544582676715, 0.0011663028375172243, 0, 0, -0.0016774496235502845, -0.007593620782295333, 0, 0, 0.005781558412719216, 0, 0, 0, 0.005037099431911919, 0, 0, 0, 0, 0, 0.0021487685701767254, 0, 0, -0.0014764885422918262, 0, 0, 0, 0, 0, 0, -0.006775695701940988, 0, 0, 0, -0.00046121247245365016, 0, 0.00210732514370879, 0, -0.002955289990964909, 0, 0, 0, 0.0005569574956057078, 0, 0, 0, 0.0022995813837615466, 0, -0.0054633334807951996, 0, 0, 0, 0.004487979554438933, 0, 0, 0, -0.0022537814420262427, 0.003397470254957398, 0, 0, 0.0017000305338029684, 0, 0, 0, 0, 0, 0, 0, 0, -0.002477769074406871, 0, 0, 0, 0, 0, 0, 0, 0, 0, 0, 0.0040167495008459255, 0, -0.004479042527482163, 0, 0, 0, 0, -0.0024752047130850033, 0, 0, 0, 0, 0, 0, 0, 0, 0, 0, 0, 0, 0, 0, 0, 0, 0.0006274157915173463, 0, 0, 0, 0, -0.00238633423951698, 0, 0, -0.007594477341319223, 0, 0, 0.003265771381056442, 0, -0.007907436295943692, 0, 0, 0, 0, 0, 0.0037273488100628043, 0, 0, 0, 0, 0, -0.01130996690525668, 0, 0, 0, 0, 0, 0, 0, 0, 0.0015717206717556856, 0, 0, -0.006967210912907381, 0, 0, 0.00045209404495929974, 0, 0, 0, 0, 0, 0, -0.003730322902920209, 0, 0, 0, 0, 0, 0.0006468824843620172, 0, 0, -0.0008801032163177, 0, 0, 0.003808591014388253, 0, 0, 0, 0, 0, 0.003610665279471914, 0, 0, 0, 0, 0.0003653244203647105, 0, 0, 0, 0, 0, 0, 0, -0.0016552091889707405, 0, 0, 0, 0, 0, 0, 0, 0.0023404715121736783, 0, 0, 0, 0, 0, 0, 0, 0, 0, -0.001727780876307376, 0.002407319324992458, 0, 0, -0.0013585759177710355, 0, 0.0035835153790660652, 0.002715499172973973, 0, 0, 0, 0.000858587614402788, 0, -0.0009349411392703122, -0.0022886436421503268, 0, 0, 0, 0, -0.001174273481351182, 0, 0, 0, -0.015397859530824183, 0, 0, 0, 0, 0, 0, 0, 0, 0, 0, 0, 0, 0, 0.0046201355420811396, 0.0030749649101899854, 0, 0, 0, 0, 0, 0, 0, 0, -0.00048632053953554893, 0, -0.0015170797669716678, 0, 0, 0, 0, 0, -0.001050046340337181, 0, 0, 0, 0, 0, 0.0029320017571783322, 0, 0, 0, 0, 0, 0, 0, 0, 0, 0, 0, 0, 0, 0, 0, 0, 0, 0, 0, 0, 0, 0, 0, 0, 0, 0, 0, 0, 0, 0, -0.0062623602796806396, 0, 0, 0, 0, 0.0032253365845991873, 0.0025923468625653956, 0, 0, -0.005492117637855206, 0, 0, 0, 0, 0, 0, 0, 0, 0, 0, 0, 0, -0.002334137586184313, 0, 0, 0, 0, 0, -0.0005875480321918697, 0, 0, 0, 0, 0, -0.003524697794942498, -0.007183043941073525, 0, 0, 0.0030306132928039466, 0, 0.0029402452163793595, -0.0007207935958933313, 0.00027354273753302043, 0, 0, 0, 0, 0, 0, 0, 0, 0, 0, 0, 0.0008560514297022507, 0, 0, 0, 0, 0.005069276622818436, -0.0017298589322709396, 0, 0, 0, 0, -0.0005899631521151334, 0.0062986494124931906, 0, 0.00040531801860625786, -0.015571641041107611, 0, 0, 0, 0, 0, 0, 0.0016925594151892419, 0.004488664220212154, 0, 0, 0, 0, 0, -0.002307142370411003, 0, 0, 0, 0, -0.00227302476931909, 0, 0, 0, 0, 0, 0.002453923684763014, 0, 0, 0, 0, 0, -0.007602813283049079, 0, 0.0017902201779036845, 0, 0, 0, 0, 0, -0.007647368410053616, 0, 0.00047828041725945397, 0, 0, -0.0012478693407395056, 0, 0, 0, 0, 0, 0, 0, 0, 0.0010408753924689546, 0.003344022091854068, 0, 0, 0, 0.0005692328256456939, 0.004225379871559826, 0, 0, 0, 0, 0, 0, 0, 0, -0.00543544770179416, 0, 0, 0, 0, 0.00010892763932317842, 0, 0, 0, 0, 0, 0.0035533736830676414, 0, 0, 0, -0.008073246697537268, 0, 0, 0, -0.008207634153747591, 0, 0, 0, 0, 0, 0.0023124062271784565, 0, 0, 0.003121319583260224, 0, 0, 0, 0, 0, 0, 0, 0, 0, 0, 0, 0, 0, 0, 0, 0, 0, 0, 0, -0.004035364654805916, 0, 0, 0, 0, 0, 0, -0.006135427109172018, 0, 0.0009485204565530752, 0, 0, 0, 0, 0, 0, 0, -0.0008274902702717641, 0, 0.008833179234683006, 0, 0, 0, 0, 0.0024393626307375365, 0, 0, 0, 0, 0, 0, 0, 0, 0, 0, 0, 0.0008110571376820534, 0, 0, 0, 0, 0, 0, 0, 0, 0.0003926190350168866, -0.001238633759148116, 0, 0, 0, 0, 0, 0, -0.00657706077388672, 0, 0, 0, 0, 0, 0, -0.0029090351536411206, 0, 0, 0, 0.004544622044731504, 0, -0.0025169407499861535, 0.00598701468606729, 0, 0, 0.0010603562315622194, -0.0071280252799591865, 0, 0.0028773826275730135, 0, 0.00162284095331429, 0, 0, -0.0027845322281340756, 0, 0, 0, 0.0012566488003401082, 0, 0, 0, 0, 0, 0, 0, 0, 0, 0, 0, 0, 0, 0, 0, 0, 0.00019832342850700696, 0, 0, 0.0020063581516592847, 0, 0, 0.004614822091518915, 0.004148971144139006, 0, 0, 0, 0, 0, 0.003943926923608962, 0, 0, 0, 0, -0.0051933339260108, 0, 0, 0, 0.003800193394455227, 0, 0, -0.0009226435521712149, 0, 0, 0, 0, 0, 0, 0.0022070855889808638, 0, 0, 0, 0, 0, 0.0024226886899856087, 0, 0, 0, 0, 0, 0, 0, 0, 0, 0, 0, 0, 3.738204632165016e-05, 0, 0, 0, -0.004657703217366973, 0, 0, 0.002135719962488589, 0, 0, 0, 0, 0, -0.00819477505657398, 0, 0, 0.0032193259555811466, 0, 0, 0, 0, 0, 0, 0, 0, 0, 0, 0.0022584059164478137, 0, -0.001961767588141045, 0, 0, 0, 0, 0.007187651930331423, 0.001424978000296335, -0.0061990495525672835, 0.004613384043979647, 0, 0, 0, 0, 0, 0, 0, 0, 0, -0.002813907903411899, 0, 0, 0, 0, 0, 0.001198446372383569, 0, 0, 0, 0, -0.002168227902601225, 0, 0, 0, 0, 0, 0, 0.003110193454214637, 0, 0, 0, -0.006589481310179385, 0, 0, 0, 0.0037658373220733244, 0, 0, 0, 0.0030013954791146707, 0, 0.0024695191224303145, 0, 0, 0, 0, 0, 0, 0, 0.00034588848433115985, 0.005995953971366065, 0, 0, 0, 0, 0, 0, 0, 0, -0.002816950306179994, 0, -0.007783786687631549, 0, 0, 0, 0, 0, 0, 0, 0, 0, 0, 0, 0.00427877112953866, 0, 0, 0, 0, 0, 0, 0, 0, 0, 0, 0, -9.850765825704652e-05, 0, 0, 0, 0, 0, 0, -0.0016801913025395838, 0, 0, 0, 0, 0.0015178797675500766, 0, 0, 0, 0, 0, 0, -0.003079566873350728, 0, 5.987579527754253e-05, -0.0008528139234806267, 0, 0, 0.0027089722478325935, 0, 0, -0.0004868369481965415, 0, -0.002993536841617319, 0, 0, 0, 0.0018426164327974787, 0, 0, 0.0028201609111530536, 0, 0, -0.0005037373039078633, 0, 0, 0, 0, 0.00030978058323187686, 0.00357443245403915, -0.003770947909268628, 0.0010027843987059537, 0, 0, 0, 0, 0, 0, 0, -0.00230754627478931, 0, 0, 0, 0, 0.0004730521373066753, 0, 0, 0.0005377543866865518, 0, 0, 0, 0.003564301807170983, 0, 0, 0, 0, 0, 0.003994957248683566, 0, 0, 0, 0, 0, 0, 0, 0, 0, 0, 0.0034616518085956506, -0.00236241863693351, 0.004973434061333187, 0, 0, 0, 0, 0, 0]
Start Date: 2022-05-30
End Date: 2025-11-06
Sharpe Ratio: -0.02
Annualized Sharpe: -0.318
Sharpe 95% CI: (np.float64(-1.204), np.float64(0.702))
Sortino Ratio: -0.012
CAGR: -0.01
Calmar Ratio: -0.092
Daily Win Rate (%): 0.528
Max Drawdown: 0.104
Profit Factor: 0.903
Expectancy: -0.000155
Average Win: 0.002752
Average Loss: 0.003402
Total Trades: 254
Total Days: 1078



Rolling 0 - Variant 3 - atr_0.75_0.5 - Fit Metrics
Contracts: [10, 11, 6, 10, 10, 7, 7, 6, 7, 7, 7, 6, 7, 10, 8, 8, 8, 8, 8, 7, 7, 7, 7, 7, 8, 7, 8, 7, 8, 5, 7, 7, 7, 7, 5, 7, 7, 6, 6, 6, 6, 6, 6, 6, 6, 6, 5, 7, 7, 7, 8, 7, 6, 5, 5, 5, 6, 6, 6, 6, 5, 9, 5, 9, 5, 5, 6, 6, 6, 6, 6, 6, 8, 7, 6, 7, 7, 7, 7, 8, 8, 8, 8, 9, 9, 9, 9, 10, 11, 11, 7, 10, 7, 7, 7, 7, 7, 8, 9, 9, 9, 9, 9, 9, 9, 10, 11, 11, 11, 11, 10, 10, 10, 10, 10, 10, 9, 10, 10, 10, 9, 10, 10, 10, 10, 11, 11, 9, 9, 10, 9, 9, 9, 9, 10, 9, 9, 9, 10, 10, 9, 10, 12, 10, 10, 9, 10, 8, 12, 10, 10, 10, 10, 12, 12, 13, 13, 13, 13, 14, 13, 13, 13, 12, 12, 12, 12, 12, 12, 12, 12, 11, 11, 11, 14, 13, 14, 14, 15, 12, 13, 12, 12, 12, 12, 11, 16, 16, 15, 11, 14, 14, 12, 12, 12, 11, 11, 10, 10, 6, 8, 13, 13, 13, 11, 7, 9, 8, 8, 8, 7, 7, 7, 8, 8, 8, 8, 8, 8, 8, 8, 7, 7, 7, 8, 8, 8, 9, 8, 9, 9, 7, 7, 5, 5, 5, 5, 6, 5, 6, 7, 7, 7, 7, 8, 8, 8, 8, 8, 9, 8, 8, 9, 9, 9, 8, 8, 8, 8, 8, 7, 7, 7, 7, 9, 11, 9, 9, 9, 10, 10, 10, 11, 12, 12, 12]
Trade Returns: [-0.008129916459573722, 0.0036757499999999998, 0.0034487569535674306, 0.0031262205196883044, 0.004111059789246026, 0.0032737588723884496, 0.00030665357084412007, 0.002058402025047799, -0.002951080979116513, -0.000545945503898752, 0.002079878431957617, -0.0016636337654651568, -0.006174655117646301, 0.0029056005934775917, 0.00299655085132436, 0.0030619019413172617, 0.002040172866525577, 0.0009621707889868689, -0.003174627480284027, 0.0016125955129312538, -0.00024543513215299375, 0.0004019080570208706]
Daily Returns: [-0.008129916459573722, 0.0036757499999999998, 0, 0, 0, 0, 0, 0, 0, 0, 0, 0, 0.0034487569535674306, 0, 0, 0.0031262205196883044, 0, 0, 0, 0, 0, 0, 0, 0, 0, 0, 0, 0, 0, 0, 0, 0.004111059789246026, 0, 0, 0.0032737588723884496, 0, 0, 0, 0, 0, 0.00030665357084412007, 0, 0, -0.0014386244579674664, 0, 0, 0.002079878431957617, 0, 0, 0, 0, -0.0016636337654651568, 0, 0, 0, 0, 0, 0, 0, 0, -0.006174655117646301, 0, 0, 0, 0, 0, 0.0029056005934775917, 0.006058452792641621, 0, 0, 0, 0, 0, 0, 0, 0, 0, 0, 0.002040172866525577, -0.002212456691297158, 0, 0.0016125955129312538, 0.00015647292486787684, 0, 0, 0, 0, 0, 0, 0, 0, 0, 0, 0, 0, 0, 0, 0, 0]
Start Date: 2022-02-03
End Date: 2022-05-29
Sharpe Ratio: 0.087
Annualized Sharpe: 1.375
Sharpe 95% CI: (np.float64(-1.682), np.float64(4.995))
Sortino Ratio: 0.044
CAGR: 0.034
Calmar Ratio: 4.318
Daily Win Rate (%): 0.682
Max Drawdown: 0.008
Profit Factor: 1.576
Expectancy: 0.000599
Average Win: 0.002404
Average Loss: 0.003269
Total Trades: 22
Total Days: 99

Rolling 0 - Variant 3 - atr_0.75_0.5 - Test Metrics
Contracts: [10, 11, 6, 10, 10, 7, 7, 6, 7, 7, 7, 6, 7, 10, 8, 8, 8, 8, 8, 7, 7, 7, 7, 7, 8, 7, 8, 7, 8, 5, 7, 7, 7, 7, 5, 7, 7, 6, 6, 6, 6, 6, 6, 6, 6, 6, 5, 7, 7, 7, 8, 7, 6, 5, 5, 5, 6, 6, 6, 6, 5, 9, 5, 9, 5, 5, 6, 6, 6, 6, 6, 6, 8, 7, 6, 7, 7, 7, 7, 8, 8, 8, 8, 9, 9, 9, 9, 10, 11, 11, 7, 10, 7, 7, 7, 7, 7, 8, 9, 9, 9, 9, 9, 9, 9, 10, 11, 11, 11, 11, 10, 10, 10, 10, 10, 10, 9, 10, 10, 10, 9, 10, 10, 10, 10, 11, 11, 9, 9, 10, 9, 9, 9, 9, 10, 9, 9, 9, 10, 10, 9, 10, 12, 10, 10, 9, 10, 8, 12, 10, 10, 10, 10, 12, 12, 13, 13, 13, 13, 14, 13, 13, 13, 12, 12, 12, 12, 12, 12, 12, 12, 11, 11, 11, 14, 13, 14, 14, 15, 12, 13, 12, 12, 12, 12, 11, 16, 16, 15, 11, 14, 14, 12, 12, 12, 11, 11, 10, 10, 6, 8, 13, 13, 13, 11, 7, 9, 8, 8, 8, 7, 7, 7, 8, 8, 8, 8, 8, 8, 8, 8, 7, 7, 7, 8, 8, 8, 9, 8, 9, 9, 7, 7, 5, 5, 5, 5, 6, 5, 6, 7, 7, 7, 7, 8, 8, 8, 8, 8, 9, 8, 8, 9, 9, 9, 8, 8, 8, 8, 8, 7, 7, 7, 7, 9, 11, 9, 9, 9, 10, 10, 10, 11, 12, 12, 12]
Trade Returns: [0.002487407030694563, 0.0026377843660264247, 0.0009202429692125821, 0.002702380036465763, 0.00018503834298047478, 0.0028021772821376187, -0.0019119576787566303, -0.0008010900350586365, -0.005950661840283889, -0.0018755915194530117, 0.0033848862535615005, 0.0030611501785315753, 0.0034913810376894935, -0.0001711290038912056, 0.0035528489568215963, 0.002412471684053814, -0.0014403991307955634, -0.0002794235587934597, -2.5012635379988112e-05, -0.001700967286466308, -0.0023198998485098815, -0.0030481220315925588, 0.0029987560789540026, 0.003489797801226197, 0.0034455057368556747, -0.003173934184952166, -0.0003842642016514203, 0.00266653412341356, 0.0029380607693677324, 8.381053946048573e-05, -0.0035308829160822946, 0.00030232431824269546, -0.003432174441222937, -0.0001117355943189028, 0.001736603163487856, -0.0009565659644122769, -0.000773040935274075, -0.0021891260859767943, 0.0009901531123842294, 0.002591004325052225, -0.0018721075651985007, -0.0016941823324060977, 0.0021922748748428615, -0.00046018599280590297, -0.0051775890648637765, -0.005788135028373979, -0.002596293098160632, 0.002584534436449376, 0.0025481583040768705, 0.0021504491296757767, -0.007407889245823923, -0.003828452711057261, -0.004688773519052958, 0.0025507813466360075, 0.0027056631355965896, -0.00576156205871423, 0.00117971472268091, -0.0016967167052457017, -0.007237923066003587, 0.004358329028849098, 0.0037964999984408786, 0.002176041363250309, 0.0030983713105772128, -0.005505923190530877, -0.0014606733026535422, -0.00046548575207688424, 0.0015604171971614548, -0.002982590020292971, 0.0005624272354793586, 0.0023225386292704186, -0.005628763391382364, 0.0033548071035149306, -0.002050920050615387, 0.00435875932566537, 0.002945506968432874, -0.002262645132207488, -0.002500122093555852, 0.002979313058435737, -0.004531851993932708, -0.0025045210935005853, 0.0006354868324710331, -0.0024158056633208926, -0.005939583250415009, -0.0011586648401494294, 0.0024345376772573406, -0.005949481147009361, 0.0027653248434182844, -0.008631064868332318, 0.0015855415051445124, -0.005233910546960159, -4.325442795203109e-05, 0.0030240653558661155, -0.0037567080160500928, 0.0006514752312933415, 0.0030975393384069195, -0.00509426010076848, 0.0028272612509297112, 0.0027008829966493324, 0.0003686603380987236, -0.0016760249168114353, 0.0023615900144034713, -0.0017432788594036813, -0.0004943970234203138, 0.0029519483968517383, -0.0012339051588705424, 0.0025169134071672005, 0.0023603522562581384, 0.0008675352578472444, -0.005643148699753351, -0.0023095344255294353, 0.002616966484513759, -0.004728160164298496, -0.006976481929482311, 0.003448530366801412, 0.0034924324089571786, -0.00048721101504519153, -0.0015198533886163464, -0.0010574656159579026, 0.002164549504295764, -0.006172386442885358, 0.0022222298256998623, 0.00021095328566871888, 0.0018984338646570742, 0.001831277114812353, -0.0023276009317281555, -0.0005885710946367142, -0.004914537623145917, -0.00543527215288521, 0.0022306499011888045, 0.0021287030377017857, -0.0007196657484445495, 0.00027277490535739245, 0.003092608743143392, 0.003754221900866166, -0.0017317176876804335, -0.0005877210187400031, 0.003580720011922472, 0.0014719332317104053, 0.00040427803074885897, 0.0023060096865288983, -0.006427884689217574, 0.0025447640097806964, -0.0017942574769388004, 0.0032756055969642523, -0.002279830213365526, -0.0022644057830213875, 0.001924998536509216, 0.0025128750229879418, 0.0029935136406197094, -0.009427973715768645, 0.0004726055533185317, -0.0012202686063353476, 0.00247342779798482, 0.002390965644071715, 0.003070857960173915, 0.0030568557353284425, -0.004024307157412979, 0.00010875707421531642, 0.0027001348984857483, -0.005994765577754344, -0.009916643159960142, 0.0026599860844146745, 0.002252480450276415, -0.005982454214764745, -0.006171429567920132, 0.0010131038087663748, -0.0008927467803789696, 0.0028907354811419706, 0.003541193740302404, 0.0026322389810714986, 0.0007936642994422781, 0.0017690765149347397, -0.0013827990717941961, 0.0033034652390126263, -0.010405158168623762, 0.005486527474381285, 0.0035936345480381453, 0.0033038077337211725, -0.002539598059127553, 0.004068923223298259, 0.0010349298241712054, -0.007313571011327134, 0.0023652538328442453, 0.0029975015991708593, -0.0027146130038049315, 0.0012250086296007722, 0.00022107768604268945, 0.0020315266059034902, 0.003347828012512118, 0.0030045856561330088, 0.002861243530519829, -0.006452844542719434, 0.003127603035727254, -0.0009042012847753591, 0.0021629293163723524, 0.002047372289053184, -0.0003881224720919889, 0.00221423472467779, -0.00420945532510124, 0.0012392015539766522, -0.004540574059461995, 0.003681609382558536, -0.006811051845206957, 0.002345664053156643, 0.0024936784820587827, -0.005725236872620563, 0.0035598475878619736, 0.005247919332876216, 0.0013993853287539418, -0.006094878240728389, 0.006905163096583233, 0.003325258591836762, 0.0023019611772044568, -0.0019282006796844642, 0.0023601955722741224, 0.002253427641917657, -0.00483097489987554, 0.00273050827788776, 0.0021650166401707416, 0.0028463441765913945, 0.002529336237621425, 0.0004979701478016218, 0.002379090453987551, 0.0025490240785002284, -3.442630944634763e-05, 0.0025176106267868164, -0.007870885885706386, 0.0021525261248076487, 0.002258171111691459, -9.517018812638514e-05, -0.0016237141351498146, 0.0016764926336764938, -0.00551102749376594, 6.628378853377654e-05, -0.0009440772401481189, 0.002215378734219907, -0.0004718438937373054, -0.0029013017545387126, 0.0021621972709299415, 0.002024929687801512, -0.0061075066665762555, 0.0003022706489205574, 0.0025776259127859224, -0.004098571717374239, 0.0010900059384401143, -0.0025355931351970485, 0.0024846994920549137, 0.0027307328676208125, -0.00318707151562652, 0.0028115237016408737, 0.0031786662328295097, 0.00247576062938988, -0.0023097802020747584, 0.003908739350334907]
Daily Returns: [0, 0, 0.002487407030694563, 0, 0, 0, 0, 0.0026377843660264247, 0.0009202429692125821, 0.002702380036465763, 0, 0, 0, 0, 0, 0, 0, 0, 0, 0, 0, 0.00018503834298047478, 8.912956832235193e-05, 0, 0, 0, 0, 0, 0, 0, 0, -0.005950661840283889, 0, 0, 0, 0, 0, 0, 0, 0, 0, 0, 0, 0, 0, 0, -0.0018755915194530117, 0, 0.0033848862535615005, 0, 0, 0.006381402212329863, 0.0035528489568215963, 0, 0, 0, 0.002412471684053814, 0, -0.001719822689589023, 0, 0, -2.5012635379988112e-05, 0, 0, 0, 0, 0, 0, 0, 0, -0.001700967286466308, 0, 0, 0, 0, 0, -0.0023198998485098815, 0, -0.0030481220315925588, 0.0029987560789540026, 0, 0, 0.003489797801226197, 0, 0, 0, 0, 0.0034455057368556747, 0, 0, 0, 0, 0, 0, 0, 0, -0.003173934184952166, 0, 0, 0, 0, 0, 0, 0, 0, 0, 0, 0, 0, 0, 0, -0.0003842642016514203, 0, 0, 0, 0, 0, 0.00266653412341356, 0, 0, 0, 0, 0, 0, 0.003021871308828218, 0, 0, 0, -0.0035308829160822946, 0, 0.00030232431824269546, 0, 0, 0, 0, -0.003432174441222937, 0, 0, 0, 0, 0, 0, -0.0001117355943189028, 0, 0, 0, 0, 0, 0, 0, 0, 0, 0.001736603163487856, 0, 0, 0, 0, 0, -0.0009565659644122769, 0, 0, 0, 0, 0, -0.000773040935274075, -0.0021891260859767943, 0, 0, 0, 0.0009901531123842294, 0, 0.002591004325052225, 0, -0.0018721075651985007, 0, 0, 0, 0, -0.0016941823324060977, 0, 0, 0.0021922748748428615, 0, -0.00046018599280590297, 0, 0, 0, -0.0051775890648637765, 0, 0, 0, 0, -0.005788135028373979, 0, 0, 0, 0, 0, 0, 0, -0.002596293098160632, 0, 0.002584534436449376, 0, 0.0025481583040768705, 0, 0, 0, 0.0021504491296757767, 0, 0, 0, 0, 0, -0.007407889245823923, 0, -0.003828452711057261, 0, 0, 0, 0, 0, 0, -0.004688773519052958, 0, 0.0025507813466360075, 0.0027056631355965896, 0, 0, 0, 0, 0, 0, 0, 0, 0, -0.00576156205871423, 0.00117971472268091, 0, 0, -0.0016967167052457017, -0.007237923066003587, 0, 0, 0.004358329028849098, 0, 0, 0, 0.0037964999984408786, 0, 0, 0, 0, 0, 0.002176041363250309, 0, 0, 0.0030983713105772128, 0, 0, 0, 0, 0, 0, -0.006966596493184419, 0, 0, 0, -0.00046548575207688424, 0, 0.0015604171971614548, 0, -0.002982590020292971, 0, 0, 0, 0.0005624272354793586, 0, 0, 0, 0.0023225386292704186, 0, -0.005628763391382364, 0, 0, 0, 0.0033548071035149306, 0, 0, 0, -0.002050920050615387, 0.00435875932566537, 0, 0, 0.0006828618362253857, 0, 0, 0, 0, 0, 0, 0, 0, -0.002500122093555852, 0, 0, 0, 0, 0, 0, 0, 0, 0, 0, 0.002979313058435737, 0, -0.004531851993932708, 0, 0, 0, 0, -0.0025045210935005853, 0, 0, 0, 0, 0, 0, 0, 0, 0, 0, 0, 0, 0, 0, 0, 0, 0.0006354868324710331, 0, 0, 0, 0, -0.0024158056633208926, 0, 0, -0.0070982480905644385, 0, 0, 0.0024345376772573406, 0, -0.005949481147009361, 0, 0, 0, 0, 0, 0.0027653248434182844, 0, 0, 0, 0, 0, -0.008631064868332318, 0, 0, 0, 0, 0, 0, 0, 0, 0.0015855415051445124, 0, 0, -0.00527716497491219, 0, 0, 0.0030240653558661155, 0, 0, 0, 0, 0, 0, -0.0037567080160500928, 0, 0, 0, 0, 0, 0.0006514752312933415, 0, 0, -0.0019967207623615606, 0, 0, 0.0028272612509297112, 0, 0, 0, 0, 0, 0.0027008829966493324, 0, 0, 0, 0, 0.0003686603380987236, 0, 0, 0, 0, 0, 0, 0, -0.0016760249168114353, 0, 0, 0, 0, 0, 0, 0, 0.0023615900144034713, 0, 0, 0, 0, 0, 0, 0, 0, 0, -0.0017432788594036813, 0.0024575513734314243, 0, 0, -0.0012339051588705424, 0, 0.0025169134071672005, 0.0023603522562581384, 0, 0, 0, 0.0008675352578472444, 0, -0.005643148699753351, -0.0023095344255294353, 0, 0, 0, 0, 0.002616966484513759, 0, 0, 0, -0.011704642093780807, 0, 0, 0, 0, 0, 0, 0, 0, 0, 0, 0, 0, 0, 0.003448530366801412, 0.0034924324089571786, 0, 0, 0, 0, 0, 0, 0, 0, -0.00048721101504519153, 0, -0.0015198533886163464, 0, 0, 0, 0, 0, -0.0010574656159579026, 0, 0, 0, 0, 0, 0.002164549504295764, 0, 0, 0, 0, 0, 0, 0, 0, 0, 0, 0, 0, 0, 0, 0, 0, 0, 0, 0, 0, 0, 0, 0, 0, 0, 0, 0, 0, 0, 0, -0.006172386442885358, 0, 0, 0, 0, 0.0024331831113685812, 0.0018984338646570742, 0, 0, 0.001831277114812353, 0, 0, 0, 0, 0, 0, 0, 0, 0, 0, 0, 0, -0.0023276009317281555, 0, 0, 0, 0, 0, -0.0005885710946367142, 0, 0, 0, 0, 0, -0.004914537623145917, -0.00543527215288521, 0, 0, 0.0022306499011888045, 0, 0.0021287030377017857, -0.0007196657484445495, 0.00027277490535739245, 0, 0, 0, 0, 0, 0, 0, 0, 0, 0, 0, 0.003092608743143392, 0, 0, 0, 0, 0.003754221900866166, -0.0017317176876804335, 0, 0, 0, 0, -0.0005877210187400031, 0.005052653243632878, 0, 0.00040427803074885897, -0.004121875002688675, 0, 0, 0, 0, 0, 0, 0.000750506532841896, 0.0032756055969642523, 0, 0, 0, 0, 0, -0.002279830213365526, 0, 0, 0, 0, -0.0022644057830213875, 0, 0, 0, 0, 0, 0.001924998536509216, 0, 0, 0, 0, 0, 0.0025128750229879418, 0, 0.0029935136406197094, 0, 0, 0, 0, 0, -0.009427973715768645, 0, 0.0004726055533185317, 0, 0, -0.0012202686063353476, 0, 0, 0, 0, 0, 0, 0, 0, 0.00247342779798482, 0.002390965644071715, 0, 0, 0, 0.003070857960173915, 0.0030568557353284425, 0, 0, 0, 0, 0, 0, 0, 0, -0.004024307157412979, 0, 0, 0, 0, 0.00010875707421531642, 0, 0, 0, 0, 0, 0.0027001348984857483, 0, 0, 0, -0.005994765577754344, 0, 0, 0, -0.009916643159960142, 0, 0, 0, 0, 0, 0.0026599860844146745, 0, 0, 0.002252480450276415, 0, 0, 0, 0, 0, 0, 0, 0, 0, 0, 0, 0, 0, 0, 0, 0, 0, 0, 0, -0.005982454214764745, 0, 0, 0, 0, 0, 0, -0.006171429567920132, 0, 0.0010131038087663748, 0, 0, 0, 0, 0, 0, 0, -0.0008927467803789696, 0, 0.006431929221444374, 0, 0, 0, 0, 0.0026322389810714986, 0, 0, 0, 0, 0, 0, 0, 0, 0, 0, 0, 0.0007936642994422781, 0, 0, 0, 0, 0, 0, 0, 0, 0.00038627744314054355, 0.0033034652390126263, 0, 0, 0, 0, 0, 0, -0.004918630694242477, 0, 0, 0, 0, 0, 0, 0.0035936345480381453, 0, 0, 0, 0.0033038077337211725, 0, -0.002539598059127553, 0.004068923223298259, 0, 0, 0.0010349298241712054, -0.007313571011327134, 0, 0.0023652538328442453, 0, 0.0029975015991708593, 0, 0, -0.0027146130038049315, 0, 0, 0, 0.0012250086296007722, 0, 0, 0, 0, 0, 0, 0, 0, 0, 0, 0, 0, 0, 0, 0, 0, 0.00022107768604268945, 0, 0, 0.0020315266059034902, 0, 0, 0.003347828012512118, 0.0030045856561330088, 0, 0, 0, 0, 0, 0.002861243530519829, 0, 0, 0, 0, -0.006452844542719434, 0, 0, 0, 0.003127603035727254, 0, 0, -0.0009042012847753591, 0, 0, 0, 0, 0, 0, 0.0021629293163723524, 0, 0, 0, 0, 0, 0.0016592498169611953, 0, 0, 0, 0, 0, 0, 0, 0, 0, 0, 0, 0, -0.0007560190464467981, 0, 0, 0, -0.004540574059461995, 0, 0, 0.003681609382558536, 0, 0, 0, 0, 0, -0.006811051845206957, 0, 0, 0.002345664053156643, 0, 0, 0, 0, 0, 0, 0, 0, 0, 0, 0.0024936784820587827, 0, -0.0021653892847585897, 0, 0, 0, 0, 0.005247919332876216, 0.0013993853287539418, -0.006094878240728389, 0.006905163096583233, 0, 0, 0, 0, 0, 0, 0, 0, 0, 0.003325258591836762, 0, 0, 0, 0, 0, 0.00037376049751999254, 0, 0, 0, 0, 0.0023601955722741224, 0, 0, 0, 0, 0, 0, 0.002253427641917657, 0, 0, 0, -0.00483097489987554, 0, 0, 0, 0.00273050827788776, 0, 0, 0, 0.0021650166401707416, 0, 0.0028463441765913945, 0, 0, 0, 0, 0, 0, 0, 0.0030273063854230464, 0.004893688223041432, 0, 0, 0, 0, 0, 0, 0, 0, 0.0025176106267868164, 0, -0.007870885885706386, 0, 0, 0, 0, 0, 0, 0, 0, 0, 0, 0, 0.0044106972364991075, 0, 0, 0, 0, 0, 0, 0, 0, 0, 0, 0, -9.517018812638514e-05, 0, 0, 0, 0, 0, 0, -0.0016237141351498146, 0, 0, 0, 0, 0.0016764926336764938, 0, 0, 0, 0, 0, 0, -0.00551102749376594, 0, 6.628378853377654e-05, -0.0009440772401481189, 0, 0, 0.002215378734219907, 0, 0, -0.0004718438937373054, 0, -0.0029013017545387126, 0, 0, 0, 0.0021621972709299415, 0, 0, 0.002024929687801512, 0, 0, -0.0061075066665762555, 0, 0, 0, 0, 0.0003022706489205574, 0.0025776259127859224, -0.004098571717374239, 0.0010900059384401143, 0, 0, 0, 0, 0, 0, 0, -0.0025355931351970485, 0, 0, 0, 0, 0.0024846994920549137, 0, 0, -0.0004563386480057074, 0, 0, 0, 0.0028115237016408737, 0, 0, 0, 0, 0, 0.0031786662328295097, 0, 0, 0, 0, 0, 0, 0, 0, 0, 0, 0.00247576062938988, -0.0023097802020747584, 0.003908739350334907, 0, 0, 0, 0, 0, 0]
Start Date: 2022-05-30
End Date: 2025-11-06
Sharpe Ratio: -0.008
Annualized Sharpe: -0.125
Sharpe 95% CI: (np.float64(-1.007), np.float64(0.899))
Sortino Ratio: -0.005
CAGR: -0.003
Calmar Ratio: -0.045
Daily Win Rate (%): 0.571
Max Drawdown: 0.077
Profit Factor: 0.962
Expectancy: -5.3e-05
Average Win: 0.002397
Average Loss: 0.003313
Total Trades: 254
Total Days: 1078



Rolling 0 - Variant 4 - atr_1.75_0.25 - Fit Metrics
Contracts: [10, 11, 6, 10, 10, 7, 7, 6, 7, 7, 7, 6, 7, 10, 8, 8, 8, 8, 8, 7, 7, 7, 7, 7, 8, 7, 7, 7, 8, 5, 7, 7, 7, 7, 5, 7, 7, 6, 6, 6, 6, 6, 6, 6, 6, 6, 5, 7, 7, 7, 8, 7, 6, 5, 6, 5, 6, 6, 6, 6, 5, 9, 5, 10, 5, 5, 6, 6, 6, 6, 6, 6, 8, 7, 6, 7, 7, 7, 7, 8, 8, 8, 8, 9, 9, 9, 9, 10, 11, 11, 7, 10, 7, 7, 7, 7, 7, 8, 9, 9, 9, 9, 9, 9, 9, 10, 11, 11, 11, 11, 10, 11, 10, 10, 10, 10, 9, 10, 10, 10, 9, 10, 10, 10, 11, 11, 11, 9, 10, 10, 9, 9, 9, 10, 10, 10, 10, 10, 10, 10, 9, 10, 12, 10, 10, 9, 10, 8, 12, 10, 10, 10, 10, 12, 12, 13, 13, 13, 13, 14, 13, 13, 13, 12, 12, 12, 12, 12, 12, 12, 12, 11, 11, 11, 14, 13, 14, 14, 15, 12, 13, 12, 12, 12, 12, 11, 16, 16, 15, 11, 14, 14, 12, 12, 12, 11, 11, 10, 10, 6, 8, 13, 13, 13, 11, 7, 9, 8, 8, 8, 8, 7, 7, 8, 8, 8, 8, 8, 8, 8, 8, 7, 7, 8, 8, 8, 8, 9, 8, 9, 9, 7, 7, 5, 5, 5, 5, 7, 5, 6, 7, 7, 7, 7, 8, 8, 8, 8, 8, 9, 8, 8, 9, 9, 9, 8, 8, 8, 8, 8, 7, 7, 7, 7, 9, 11, 9, 9, 9, 10, 10, 10, 11, 13, 12, 12]
Trade Returns: [-0.0116841841144166, 0.004332, 0.00406383703217748, 0.00367413997678291, 0.00481857190518348, 0.003845542755063797, 0.00030644818297467287, 0.0024227198441371936, -0.002948032141212094, -0.0005455799570965907, 0.0024374654924222434, -0.001661317108123561, -0.00643233299812181, 0.0034350689378729623, 0.0035103699114106966, 0.0035972397300112024, 0.0020406893560479377, 0.0009624138757771022, -0.0031754287600805854, 0.0016130038305629615, -0.0002454971775347667, 0.00040200968331197996]
Daily Returns: [-0.0116841841144166, 0.004332, 0, 0, 0, 0, 0, 0, 0, 0, 0, 0, 0.00406383703217748, 0, 0, 0.00367413997678291, 0, 0, 0, 0, 0, 0, 0, 0, 0, 0, 0, 0, 0, 0, 0, 0.00481857190518348, 0, 0, 0.003845542755063797, 0, 0, 0, 0, 0, 0.00030644818297467287, 0, 0, -0.001070892254171491, 0, 0, 0.0024374654924222434, 0, 0, 0, 0, -0.001661317108123561, 0, 0, 0, 0, 0, 0, 0, 0, -0.00643233299812181, 0, 0, 0, 0, 0, 0.0034350689378729623, 0.007107609641421899, 0, 0, 0, 0, 0, 0, 0, 0, 0, 0, 0.0020406893560479377, -0.002213014884303483, 0, 0.0016130038305629615, 0.00015651250577721328, 0, 0, 0, 0, 0, 0, 0, 0, 0, 0, 0, 0, 0, 0, 0, 0]
Start Date: 2022-02-03
End Date: 2022-05-29
Sharpe Ratio: 0.079
Annualized Sharpe: 1.26
Sharpe 95% CI: (np.float64(-1.687), np.float64(5.08))
Sortino Ratio: 0.033
CAGR: 0.038
Calmar Ratio: 4.682
Daily Win Rate (%): 0.682
Max Drawdown: 0.008
Profit Factor: 1.553
Expectancy: 0.000671
Average Win: 0.002764
Average Loss: 0.003813
Total Trades: 22
Total Days: 99

Rolling 0 - Variant 4 - atr_1.75_0.25 - Test Metrics
Contracts: [10, 11, 6, 10, 10, 7, 7, 6, 7, 7, 7, 6, 7, 10, 8, 8, 8, 8, 8, 7, 7, 7, 7, 7, 8, 7, 7, 7, 8, 5, 7, 7, 7, 7, 5, 7, 7, 6, 6, 6, 6, 6, 6, 6, 6, 6, 5, 7, 7, 7, 8, 7, 6, 5, 6, 5, 6, 6, 6, 6, 5, 9, 5, 10, 5, 5, 6, 6, 6, 6, 6, 6, 8, 7, 6, 7, 7, 7, 7, 8, 8, 8, 8, 9, 9, 9, 9, 10, 11, 11, 7, 10, 7, 7, 7, 7, 7, 8, 9, 9, 9, 9, 9, 9, 9, 10, 11, 11, 11, 11, 10, 11, 10, 10, 10, 10, 9, 10, 10, 10, 9, 10, 10, 10, 11, 11, 11, 9, 10, 10, 9, 9, 9, 10, 10, 10, 10, 10, 10, 10, 9, 10, 12, 10, 10, 9, 10, 8, 12, 10, 10, 10, 10, 12, 12, 13, 13, 13, 13, 14, 13, 13, 13, 12, 12, 12, 12, 12, 12, 12, 12, 11, 11, 11, 14, 13, 14, 14, 15, 12, 13, 12, 12, 12, 12, 11, 16, 16, 15, 11, 14, 14, 12, 12, 12, 11, 11, 10, 10, 6, 8, 13, 13, 13, 11, 7, 9, 8, 8, 8, 8, 7, 7, 8, 8, 8, 8, 8, 8, 8, 8, 7, 7, 8, 8, 8, 8, 9, 8, 9, 9, 7, 7, 5, 5, 5, 5, 7, 5, 6, 7, 7, 7, 7, 8, 8, 8, 8, 8, 9, 8, 8, 9, 9, 9, 8, 8, 8, 8, 8, 7, 7, 7, 7, 9, 11, 9, 9, 9, 10, 10, 10, 11, 13, 12, 12]
Trade Returns: [0.0029339521774960882, 0.0027189350062444364, 0.0009237047858227114, 0.0031703006637640732, 0.00018556283061915414, 0.003294161786742281, -0.0019164358586410137, -0.0008029699477742231, -0.009946974343194841, -0.0018799996429539022, 0.003974888259158684, 0.003591070241160184, 0.004091689864270758, -0.00017123819730009745, 0.004176180311385404, 0.0028218017736582365, -0.0014398357408917063, -0.0002793141089884163, -2.5002835229458325e-05, -0.001704958182079606, -0.0023189907689367584, -0.0030469248134009867, 0.0035304806002867013, 0.004093467309357997, 0.004032584060602007, -0.003167243213514713, -0.0003830357106415268, 0.003747575722638527, 0.003426970552764411, 8.350178960609732e-05, -0.0035234158107982478, 0.0003012068567320631, -0.003419531700969559, -0.00011169181432504549, 0.0020320751984714866, -0.0009527580191870781, -0.000769040365278597, -0.002177788403864017, 0.0009924785654486174, 0.0030465969248425415, -0.0018623905891769611, -0.0016853724510191507, 0.0025605310499645403, -0.00045762079648953394, -0.006880733448388997, -0.00500271836843154, -0.0025829904940776176, 0.0030345139620437675, 0.0009109013392687933, 0.0025144556843926017, -0.007503298909361698, -0.0038089116165010016, -0.00027754130220043955, 0.00296809551125582, 0.0031556020444612623, -0.00603315911926636, 0.0011686825254130701, -0.0016808682441074327, -0.007609122539284862, 0.005056308623436319, 0.004407044867699359, 0.002166852853077602, -0.0014813786260423501, -0.005346090409845776, -0.0014521613530239599, -0.00046276114960811296, 0.0018328419706603203, -0.002965183953816775, 0.0005589816433681252, 0.0023079801233430314, -0.005483177752988238, 0.00391907980376806, -0.002036948199139732, 0.0034110412233501353, 0.0034410293455749367, -0.002248211150415636, -0.0024859875425434085, 0.0034891891533169054, -0.004501012913206192, -0.002487400864192611, 0.0006308235103103015, -0.0023993866679464355, -0.006485572268471675, -0.0011501676993497744, 0.002849700815257362, -0.008890636057762528, 0.003240689340068605, -0.010478088668386364, 0.0015755354402294723, 0.0027849175003303406, -4.2638179338848446e-05, 0.0035318913337773704, -0.003703127821527131, 0.0006421490042001846, 0.003960307682373444, -0.005021379759007892, 0.0033176453301873693, 0.003122333508045755, 0.00036289474289926706, -0.0016598109294142579, 0.0023248547623128247, -0.001716283293675677, -0.0005408087443694134, 0.002877977715864229, -0.0013495230803603612, 0.0032336740361912854, 0.0027286755889849245, 0.0009479931760837554, -0.0010322052618842246, -0.002273427991705086, -0.0011747675585923596, -0.01084529487044614, -0.01581524931366222, 0.004049491382429794, 0.00413018899213089, -0.000488566383671516, -0.0015240750133334116, -0.001042399193003491, 0.00254484457988005, -0.00629129420013675, 0.002628814099590838, 0.0002114803027360545, 0.0022542915136253704, 0.0021696015397024283, -0.002330277944190448, -0.0005902798612183305, -0.0035188574690632403, -0.007501992194884862, 0.002630641429992437, 0.0025346114945393517, -0.0007204048105569019, 0.00027308936107245, 0.0008555894057230945, 0.004409281747055481, -0.0017386599941739001, -0.0005896442878287594, 0.0042063802036035785, 0.0014758327797093898, 0.0004053474939064938, 0.002750700019160775, -0.007659107444601377, 0.0029942912077362926, -0.0017996283658647718, 0.003846896122192529, -0.0022853655630250764, -0.002271799032000925, 0.0023021741561676844, 0.002962734074592839, 0.0035525466898028856, -0.008017743353393503, 0.0004737556518077626, -0.0012177549467148215, 0.0010163718685188017, 0.0028268124685550617, 0.0005561326490963979, 0.003586918551259445, -0.002343068266524833, 0.00010886884301880251, 0.003203655946263939, -0.0072967339039864, -0.008597406059851553, 0.0031490698240598147, 0.002650242488475642, -0.004303781739675301, -0.005999854975038643, 0.0010116762527567008, -0.0008898411039925151, 0.0033880180839024085, 0.004135886922099909, 0.0026236491976874754, 0.000793246905596192, 0.0017606505133897635, -0.0013762244613065376, 0.0038864533540093863, -0.01034960414141108, 0.006432360119326719, -0.0028907834544502917, 0.003851173216245779, -0.002500185466228519, 0.0052704467113187815, 0.0010300163143387325, -0.006924281326182577, 0.0027745015970597068, 0.0018012926131291678, -0.002703903842005816, 0.0012201628619756303, 0.00022008217149655426, 0.0020234230402210794, 0.003906823668976988, 0.0035231048215177787, 0.003337646959402705, -0.005049317049579648, 0.0036658757284418124, -0.0008974697624027011, 0.0021468124560522273, 0.0027153374590794515, -0.00038523661012658555, 0.0025892312986960904, -0.004175402662920012, 0.0012291646306562647, -0.004522634795812353, 0.0020728358337217738, -0.008687752102432895, 0.002743244158441468, 0.002475724551839506, -0.01298256072646264, 0.004148529308299371, 0.006147168483576743, 0.0013982995691213531, -0.006068416293884654, 0.008087192871388316, 0.0038960417118293483, 0.00268830241990072, -0.0019256112464023454, 0.0027682854173793313, 0.002624405092424471, -0.002702792780306887, 0.0037210378930651947, 0.0025387757875387916, 0.0033242275005084063, -0.00016171001095473053, 0.0004960844636676914, 0.0027958918544101377, 0.0029879172238226597, -3.426675458148974e-05, -0.0027239018778699837, -0.007525973355782713, 0.0025328559040243333, 0.0012254383398031963, -9.525585942029033e-05, -0.001624118272082724, 0.0016780081571688198, -0.0034039008629462714, 6.620333582560765e-05, -0.0009429314314319357, 0.0026040945272879294, -0.0004710879706663729, -0.002896651499189872, 0.0017828071993306713, 0.0023756124541112695, -0.0005485858072965197, 0.00029997068434082656, 0.003009646351624881, -0.004102261563947779, 0.0010909882218615523, -0.0025152218664305456, 0.0004584297334615357, 0.0031998923534705026, -0.0031663230757202833, 0.0032935103677884793, 0.003709361733630989, 0.0031501321191717857, -0.002291940245395591, 0.004570905571959241]
Daily Returns: [0, 0, 0.0029339521774960882, 0, 0, 0, 0, 0.0027189350062444364, 0.0009237047858227114, 0.0031703006637640732, 0, 0, 0, 0, 0, 0, 0, 0, 0, 0, 0, 0.00018556283061915414, 0.0005747559803270442, 0, 0, 0, 0, 0, 0, 0, 0, -0.009946974343194841, 0, 0, 0, 0, 0, 0, 0, 0, 0, 0, 0, 0, 0, 0, -0.0018799996429539022, 0, 0.003974888259158684, 0, 0, 0.007511521908130845, 0.004176180311385404, 0, 0, 0, 0.0028218017736582365, 0, -0.0017191498498801226, 0, 0, -2.5002835229458325e-05, 0, 0, 0, 0, 0, 0, 0, 0, -0.001704958182079606, 0, 0, 0, 0, 0, -0.0023189907689367584, 0, -0.0030469248134009867, 0.0035304806002867013, 0, 0, 0.004093467309357997, 0, 0, 0, 0, 0.004032584060602007, 0, 0, 0, 0, 0, 0, 0, 0, -0.003167243213514713, 0, 0, 0, 0, 0, 0, 0, 0, 0, 0, 0, 0, 0, 0, -0.0003830357106415268, 0, 0, 0, 0, 0, 0.003747575722638527, 0, 0, 0, 0, 0, 0, 0.0035104723423705084, 0, 0, 0, -0.0035234158107982478, 0, 0.0003012068567320631, 0, 0, 0, 0, -0.003419531700969559, 0, 0, 0, 0, 0, 0, -0.00011169181432504549, 0, 0, 0, 0, 0, 0, 0, 0, 0, 0.0020320751984714866, 0, 0, 0, 0, 0, -0.0009527580191870781, 0, 0, 0, 0, 0, -0.000769040365278597, -0.002177788403864017, 0, 0, 0, 0.0009924785654486174, 0, 0.0030465969248425415, 0, -0.0018623905891769611, 0, 0, 0, 0, -0.0016853724510191507, 0, 0, 0.0025605310499645403, 0, -0.00045762079648953394, 0, 0, 0, -0.006880733448388997, 0, 0, 0, 0, -0.00500271836843154, 0, 0, 0, 0, 0, 0, 0, -0.0025829904940776176, 0, 0.0030345139620437675, 0, 0.0009109013392687933, 0, 0, 0, 0.0025144556843926017, 0, 0, 0, 0, 0, -0.007503298909361698, 0, -0.0038089116165010016, 0, 0, 0, 0, 0, 0, -0.00027754130220043955, 0, 0.00296809551125582, 0.0031556020444612623, 0, 0, 0, 0, 0, 0, 0, 0, 0, -0.00603315911926636, 0.0011686825254130701, 0, 0, -0.0016808682441074327, -0.007609122539284862, 0, 0, 0.005056308623436319, 0, 0, 0, 0.004407044867699359, 0, 0, 0, 0, 0, 0.002166852853077602, 0, 0, -0.0014813786260423501, 0, 0, 0, 0, 0, 0, -0.006798251762869736, 0, 0, 0, -0.00046276114960811296, 0, 0.0018328419706603203, 0, -0.002965183953816775, 0, 0, 0, 0.0005589816433681252, 0, 0, 0, 0.0023079801233430314, 0, -0.005483177752988238, 0, 0, 0, 0.00391907980376806, 0, 0, 0, -0.002036948199139732, 0.0034110412233501353, 0, 0, 0.0011928181951593006, 0, 0, 0, 0, 0, 0, 0, 0, -0.0024859875425434085, 0, 0, 0, 0, 0, 0, 0, 0, 0, 0, 0.0034891891533169054, 0, -0.004501012913206192, 0, 0, 0, 0, -0.002487400864192611, 0, 0, 0, 0, 0, 0, 0, 0, 0, 0, 0, 0, 0, 0, 0, 0, 0.0006308235103103015, 0, 0, 0, 0, -0.0023993866679464355, 0, 0, -0.007635739967821449, 0, 0, 0.002849700815257362, 0, -0.008890636057762528, 0, 0, 0, 0, 0, 0.003240689340068605, 0, 0, 0, 0, 0, -0.010478088668386364, 0, 0, 0, 0, 0, 0, 0, 0, 0.0015755354402294723, 0, 0, 0.0027422793209914923, 0, 0, 0.0035318913337773704, 0, 0, 0, 0, 0, 0, -0.003703127821527131, 0, 0, 0, 0, 0, 0.0006421490042001846, 0, 0, -0.0010610720766344485, 0, 0, 0.0033176453301873693, 0, 0, 0, 0, 0, 0.003122333508045755, 0, 0, 0, 0, 0.00036289474289926706, 0, 0, 0, 0, 0, 0, 0, -0.0016598109294142579, 0, 0, 0, 0, 0, 0, 0, 0.0023248547623128247, 0, 0, 0, 0, 0, 0, 0, 0, 0, -0.001716283293675677, 0.0023371689714948157, 0, 0, -0.0013495230803603612, 0, 0.0032336740361912854, 0.0027286755889849245, 0, 0, 0, 0.0009479931760837554, 0, -0.0010322052618842246, -0.002273427991705086, 0, 0, 0, 0, -0.0011747675585923596, 0, 0, 0, -0.026660544184108362, 0, 0, 0, 0, 0, 0, 0, 0, 0, 0, 0, 0, 0, 0.004049491382429794, 0.00413018899213089, 0, 0, 0, 0, 0, 0, 0, 0, -0.000488566383671516, 0, -0.0015240750133334116, 0, 0, 0, 0, 0, -0.001042399193003491, 0, 0, 0, 0, 0, 0.00254484457988005, 0, 0, 0, 0, 0, 0, 0, 0, 0, 0, 0, 0, 0, 0, 0, 0, 0, 0, 0, 0, 0, 0, 0, 0, 0, 0, 0, 0, 0, 0, -0.00629129420013675, 0, 0, 0, 0, 0.0028402944023268924, 0.0022542915136253704, 0, 0, 0.0021696015397024283, 0, 0, 0, 0, 0, 0, 0, 0, 0, 0, 0, 0, -0.002330277944190448, 0, 0, 0, 0, 0, -0.0005902798612183305, 0, 0, 0, 0, 0, -0.0035188574690632403, -0.007501992194884862, 0, 0, 0.002630641429992437, 0, 0.0025346114945393517, -0.0007204048105569019, 0.00027308936107245, 0, 0, 0, 0, 0, 0, 0, 0, 0, 0, 0, 0.0008555894057230945, 0, 0, 0, 0, 0.004409281747055481, -0.0017386599941739001, 0, 0, 0, 0, -0.0005896442878287594, 0.005682212983312968, 0, 0.0004053474939064938, -0.004908407425440601, 0, 0, 0, 0, 0, 0, 0.0011946628418715208, 0.003846896122192529, 0, 0, 0, 0, 0, -0.0022853655630250764, 0, 0, 0, 0, -0.002271799032000925, 0, 0, 0, 0, 0, 0.0023021741561676844, 0, 0, 0, 0, 0, 0.002962734074592839, 0, 0.0035525466898028856, 0, 0, 0, 0, 0, -0.008017743353393503, 0, 0.0004737556518077626, 0, 0, -0.0012177549467148215, 0, 0, 0, 0, 0, 0, 0, 0, 0.0010163718685188017, 0.0028268124685550617, 0, 0, 0, 0.0005561326490963979, 0.003586918551259445, 0, 0, 0, 0, 0, 0, 0, 0, -0.002343068266524833, 0, 0, 0, 0, 0.00010886884301880251, 0, 0, 0, 0, 0, 0.003203655946263939, 0, 0, 0, -0.0072967339039864, 0, 0, 0, -0.008597406059851553, 0, 0, 0, 0, 0, 0.0031490698240598147, 0, 0, 0.002650242488475642, 0, 0, 0, 0, 0, 0, 0, 0, 0, 0, 0, 0, 0, 0, 0, 0, 0, 0, 0, -0.004303781739675301, 0, 0, 0, 0, 0, 0, -0.005999854975038643, 0, 0.0010116762527567008, 0, 0, 0, 0, 0, 0, 0, -0.0008898411039925151, 0, 0.007523905006002318, 0, 0, 0, 0, 0.0026236491976874754, 0, 0, 0, 0, 0, 0, 0, 0, 0, 0, 0, 0.000793246905596192, 0, 0, 0, 0, 0, 0, 0, 0, 0.00038442605208322597, 0.0038864533540093863, 0, 0, 0, 0, 0, 0, -0.0039172440220843615, 0, 0, 0, 0, 0, 0, -0.0028907834544502917, 0, 0, 0, 0.003851173216245779, 0, -0.002500185466228519, 0.0052704467113187815, 0, 0, 0.0010300163143387325, -0.006924281326182577, 0, 0.0027745015970597068, 0, 0.0018012926131291678, 0, 0, -0.002703903842005816, 0, 0, 0, 0.0012201628619756303, 0, 0, 0, 0, 0, 0, 0, 0, 0, 0, 0, 0, 0, 0, 0, 0, 0.00022008217149655426, 0, 0, 0.0020234230402210794, 0, 0, 0.003906823668976988, 0.0035231048215177787, 0, 0, 0, 0, 0, 0.003337646959402705, 0, 0, 0, 0, -0.005049317049579648, 0, 0, 0, 0.0036658757284418124, 0, 0, -0.0008974697624027011, 0, 0, 0, 0, 0, 0, 0.0021468124560522273, 0, 0, 0, 0, 0, 0.002330100848952866, 0, 0, 0, 0, 0, 0, 0, 0, 0, 0, 0, 0, -0.00035700673356765713, 0, 0, 0, -0.004522634795812353, 0, 0, 0.0020728358337217738, 0, 0, 0, 0, 0, -0.008687752102432895, 0, 0, 0.002743244158441468, 0, 0, 0, 0, 0, 0, 0, 0, 0, 0, 0.002475724551839506, 0, -0.00883403141816327, 0, 0, 0, 0, 0.006147168483576743, 0.0013982995691213531, -0.006068416293884654, 0.008087192871388316, 0, 0, 0, 0, 0, 0, 0, 0, 0, 0.0038960417118293483, 0, 0, 0, 0, 0, 0.0007626911734983748, 0, 0, 0, 0, 0.0027682854173793313, 0, 0, 0, 0, 0, 0, 0.002624405092424471, 0, 0, 0, -0.002702792780306887, 0, 0, 0, 0.0037210378930651947, 0, 0, 0, 0.0025387757875387916, 0, 0.0033242275005084063, 0, 0, 0, 0, 0, 0, 0, 0.0003343744527129609, 0.005749542323651308, 0, 0, 0, 0, 0, 0, 0, 0, -0.0027239018778699837, 0, -0.007525973355782713, 0, 0, 0, 0, 0, 0, 0, 0, 0, 0, 0, 0.00375829424382753, 0, 0, 0, 0, 0, 0, 0, 0, 0, 0, 0, -9.525585942029033e-05, 0, 0, 0, 0, 0, 0, -0.001624118272082724, 0, 0, 0, 0, 0.0016780081571688198, 0, 0, 0, 0, 0, 0, -0.0034039008629462714, 0, 6.620333582560765e-05, -0.0009429314314319357, 0, 0, 0.0026040945272879294, 0, 0, -0.0004710879706663729, 0, -0.002896651499189872, 0, 0, 0, 0.0017828071993306713, 0, 0, 0.0023756124541112695, 0, 0, -0.0005485858072965197, 0, 0, 0, 0, 0.00029997068434082656, 0.003009646351624881, -0.004102261563947779, 0.0010909882218615523, 0, 0, 0, 0, 0, 0, 0, -0.0025152218664305456, 0, 0, 0, 0, 0.0004584297334615357, 0, 0, 3.356927775021931e-05, 0, 0, 0, 0.0032935103677884793, 0, 0, 0, 0, 0, 0.003709361733630989, 0, 0, 0, 0, 0, 0, 0, 0, 0, 0, 0.0031501321191717857, -0.002291940245395591, 0.004570905571959241, 0, 0, 0, 0, 0, 0]
Start Date: 2022-05-30
End Date: 2025-11-06
Sharpe Ratio: -0.003
Annualized Sharpe: -0.051
Sharpe 95% CI: (np.float64(-0.917), np.float64(1.033))
Sortino Ratio: -0.002
CAGR: -0.002
Calmar Ratio: -0.025
Daily Win Rate (%): 0.555
Max Drawdown: 0.076
Profit Factor: 0.983
Expectancy: -2.5e-05
Average Win: 0.002612
Average Loss: 0.003315
Total Trades: 254
Total Days: 1078



Rolling 1 - Variant 0 - atr_0.5_1 - Fit Metrics
Contracts: [10, 11, 6, 10, 10, 7, 7, 6, 7, 7, 7, 6, 7, 10, 8, 8, 8, 8, 8, 7, 7, 7, 7, 7, 8, 7, 8, 8, 8, 5, 7, 7, 7, 7, 5, 7, 7, 7, 6, 7, 6, 6, 6, 6, 6, 6, 5, 8, 8, 7, 8, 8, 7, 5, 6, 6, 6, 6, 6, 6, 5, 9, 5, 10, 5, 5, 6, 6, 6, 6, 6, 7, 8, 7, 7, 7, 7, 7, 7, 8, 8, 8, 8, 9, 9, 9, 9, 10, 11, 11, 8, 10, 7, 7, 7, 7, 7, 8, 9, 9, 10, 10, 9, 9, 9, 11, 11, 11, 11, 11, 11, 11, 10, 10, 10, 10, 9, 10, 10, 10, 9, 10, 10, 11, 11, 11, 11, 9, 10, 10, 9, 10, 10, 10, 10, 10, 10, 10, 10, 10, 10, 11, 12, 10, 10, 9, 10, 8, 12, 10, 10, 10, 10, 12, 12, 14, 13, 13, 13, 15, 13, 13, 13, 12, 12, 12, 12, 12, 12, 12, 12, 12, 11, 11, 15, 13, 14, 14, 15, 12, 13, 12, 12, 12, 12, 11, 16, 17, 15, 11, 14, 14, 12, 12, 12, 11, 11, 10, 11, 7, 8, 13, 13, 13, 11, 7, 9, 8, 8, 8, 8, 7, 7, 8, 8, 8, 8, 8, 8, 8, 9, 7, 8, 8, 8, 8, 8, 9, 9, 9, 9, 7, 7, 5, 5, 5, 5, 7, 5, 6, 7, 7, 8, 8, 8, 8, 8, 8, 8, 10, 9, 9, 9, 9, 9, 8, 8, 8, 8, 8, 7, 7, 7, 7, 9, 11, 9, 9, 9, 10, 10, 10, 11, 13, 12, 12]
Trade Returns: [-0.0054515267817429, 0.004957, 0.004625695852505188, 0.004232635228581386, 0.004159661134190184, 0.004400493200502402, 0.00030508904082877117, 0.0027546305259350517, -0.0029766972402540336, -0.000543160968849999, 0.002802317902827812, -0.0016528456732253214, -0.004109387447011621, -0.004175650476833664, 0.004026003650199737, 0.004108488922609042, 0.002028944380687938, 0.0009568860185196345, -0.003157207351503864, 0.0016037186939477659, -0.00024408625401074386, 0.0003996986856642995, 0.0033304752268334846, 0.0035482778153537306, 0.0010420610904401336, 0.0035808960524176914, 0.00018300236404332243, 0.0030259454527723586, -0.0018905023842560361, -0.0007920834667640266, -0.004005589230766817, -0.001854472853951008, 0.0052440858591843035, 0.004036343530333688, 0.004310921019176963, -0.00016858390906863163, 0.00472287176921671, 0.0031971665765120802, -0.003129027047485647, -0.0002751969249727202, -2.463418356754658e-05, -0.001681847055220219, -0.002611193198980052, -0.004868018057738922, 0.0040119676883575, 0.004614698191302028, 0.004593500572518186, -0.0036426817262685896]
Daily Returns: [-0.0054515267817429, 0.004957, 0, 0, 0, 0, 0, 0, 0, 0, 0, 0, 0.004625695852505188, 0, 0, 0.004232635228581386, 0, 0, 0, 0, 0, 0, 0, 0, 0, 0, 0, 0, 0, 0, 0, 0.004159661134190184, 0, 0, 0.004400493200502402, 0, 0, 0, 0, 0, 0.00030508904082877117, 0, 0, -0.000765227683168981, 0, 0, 0.002802317902827812, 0, 0, 0, 0, -0.0016528456732253214, 0, 0, 0, 0, 0, 0, 0, 0, -0.004109387447011621, 0, 0, 0, 0, 0, -0.004175650476833664, 0.00813449257280878, 0, 0, 0, 0, 0, 0, 0, 0, 0, 0, 0.002028944380687938, -0.0022003213329842295, 0, 0.0016037186939477659, 0.00015561243165355566, 0, 0, 0, 0, 0, 0, 0, 0, 0, 0, 0, 0, 0, 0, 0, 0, 0, 0, 0.0033304752268334846, 0, 0, 0, 0, 0.0035482778153537306, 0.0010420610904401336, 0.0035808960524176914, 0, 0, 0, 0, 0, 0, 0, 0, 0, 0, 0, 0.00018300236404332243, 0.0003433596017522959, 0, 0, 0, 0, 0, 0, 0, 0, -0.004005589230766817, 0, 0, 0, 0, 0, 0, 0, 0, 0, 0, 0, 0, 0, 0, -0.001854472853951008, 0, 0.0052440858591843035, 0, 0, 0.00817868064044202, 0.00472287176921671, 0, 0, 0, 0.0031971665765120802, 0, -0.003404223972458367, 0, 0, -2.463418356754658e-05, 0, 0, 0, 0, 0, 0, 0, 0, -0.001681847055220219, 0, 0, 0, 0, 0, -0.002611193198980052, 0, -0.004868018057738922, 0.0040119676883575, 0, 0, 0.004614698191302028, 0, 0, 0, 0, 0.004593500572518186, 0, 0, 0, 0, 0, 0, 0, 0, -0.0036426817262685896, 0]
Start Date: 2022-02-03
End Date: 2022-09-20
Sharpe Ratio: 0.133
Annualized Sharpe: 2.105
Sharpe 95% CI: (np.float64(0.047), np.float64(4.085))
Sortino Ratio: 0.139
CAGR: 0.057
Calmar Ratio: 4.541
Daily Win Rate (%): 0.583
Max Drawdown: 0.013
Profit Factor: 1.922
Expectancy: 0.000907
Average Win: 0.003243
Average Loss: 0.002363
Total Trades: 48
Total Days: 197

Rolling 1 - Variant 0 - atr_0.5_1 - Test Metrics
Contracts: [10, 11, 6, 10, 10, 7, 7, 6, 7, 7, 7, 6, 7, 10, 8, 8, 8, 8, 8, 7, 7, 7, 7, 7, 8, 7, 8, 8, 8, 5, 7, 7, 7, 7, 5, 7, 7, 7, 6, 7, 6, 6, 6, 6, 6, 6, 5, 8, 8, 7, 8, 8, 7, 5, 6, 6, 6, 6, 6, 6, 5, 9, 5, 10, 5, 5, 6, 6, 6, 6, 6, 7, 8, 7, 7, 7, 7, 7, 7, 8, 8, 8, 8, 9, 9, 9, 9, 10, 11, 11, 8, 10, 7, 7, 7, 7, 7, 8, 9, 9, 10, 10, 9, 9, 9, 11, 11, 11, 11, 11, 11, 11, 10, 10, 10, 10, 9, 10, 10, 10, 9, 10, 10, 11, 11, 11, 11, 9, 10, 10, 9, 10, 10, 10, 10, 10, 10, 10, 10, 10, 10, 11, 12, 10, 10, 9, 10, 8, 12, 10, 10, 10, 10, 12, 12, 14, 13, 13, 13, 15, 13, 13, 13, 12, 12, 12, 12, 12, 12, 12, 12, 12, 11, 11, 15, 13, 14, 14, 15, 12, 13, 12, 12, 12, 12, 11, 16, 17, 15, 11, 14, 14, 12, 12, 12, 11, 11, 10, 11, 7, 8, 13, 13, 13, 11, 7, 9, 8, 8, 8, 8, 7, 7, 8, 8, 8, 8, 8, 8, 8, 9, 7, 8, 8, 8, 8, 8, 9, 9, 9, 9, 7, 7, 5, 5, 5, 5, 7, 5, 6, 7, 7, 8, 8, 8, 8, 8, 8, 8, 10, 9, 9, 9, 9, 9, 8, 8, 8, 8, 8, 7, 7, 7, 7, 9, 11, 9, 9, 9, 10, 10, 10, 11, 13, 12, 12]
Trade Returns: [-0.000452956174490982, 0.004241603015613683, 0.003868444320502856, 8.225660902677517e-05, -0.0031772653418245295, 0.00029690180537161556, -0.004044472404964077, -0.00011004494560229217, 0.0023006155051105617, -0.000938920573672277, -0.0029095772452190577, -0.002711087275389696, 0.000979012103828015, 0.0034468325351399765, -0.004258355004378328, -0.0016682066706828118, 0.0010490957633453315, -0.0004536359594307191, -0.0034227000184140753, -0.004467481190440744, -0.002975137982293534, 0.0034449574500691076, -0.00361722427282585, 0.0028842484270488493, -0.004912595995826733, -0.00417816844120792, -0.003121115071046765, 0.0034030874626196166, 0.0035722562519892413, -0.0038166887455868157, 0.0011551170538850362, -0.00166138009271643, -0.004755133451172502, 0.005709749354644305, 0.0050315581806473705, 0.002142579394432247, -0.0016666795594734959, -0.003664641528516704, -0.0014293618971016999, -0.002714611636923919, 0.0020648364406094157, -0.003131013569068962, 0.0005513992364935284, 0.002272637920603759, -0.0037098091223333753, 0.004897856827824155, -0.004289922226953195, 0.0033632473944049247, 0.003898681516120874, -0.002215805322812264, -0.0038314653836655967, 0.003933899262870224, -0.004432867457475848, -0.002449573866602329, 0.0006209273766656409, -0.0023590610995361623, -0.005250225435642883, -0.0012453490241367145, 0.0035563442155409257, -0.004015710912634494, 0.0036846677110549935, -0.005702709860915914, 0.0015451035453778784, -0.003455029422847231, -4.207771538752083e-05, 0.0004469148961085994, -0.003960524454548695, 0.0006338628932433748, 0.004507269200618782, -0.005857723889277831, 0.003769056054176192, 0.0035397257183767245, 0.00035817212563705694, -0.0016347676052107343, 0.0022945020994399037, -0.0018815583541093642, -0.00378937614415964, 0.003155996570621405, -0.00133192754628584, 0.0036475403504846416, 0.002670693787445291, 0.0009382276595201754, -0.004143627604189875, -0.0022438527874922413, -0.0012840612643205604, -0.003465158442400936, -0.004614338473589087, 0.0045797037365464905, 0.0030271225974126074, -0.0004787848967429911, -0.001493607396162199, -0.0010286966437012001, 0.0028822051271427543, -0.0040717705891635874, 0.002961618051026964, 0.0002067110799235494, 0.0025154634358245304, -0.0027815284204882208, -0.002287180243437325, -0.0005771671821900628, -0.003291769093634842, -0.0036273201976968904, 0.0029581714051953346, 0.00302832227347152, -0.000703553227853119, 0.00028864455584290286, -0.0045933312676523196, 0.004966788211532804, -0.00469135642324983, -0.000578971583400048, 0.004770692491876035, 0.001448290509237652, 0.00039779376230617903, -0.0034948814399198957, -0.004333443373775864, 0.003418589505903965, -0.0019314428999275867, 0.004372085828563851, -0.0022474827203452412, -0.0022307706488049477, 0.0026301647796456193, -0.0038196643217802643, 0.0018704636704707702, -0.006353139654389003, 0.0004991623494468391, -0.0012056804583079886, 0.0010057474882757998, 0.0032690180235764982, -0.004565564692725639, 0.004120284303056044, -0.0026968503798170083, 0.0001063204092198387, 0.003632544404684173, -0.004309047764335724, -0.00663404535616825, 0.0024064315705133884, 0.0030159365571431223, -0.003953659065641386, -0.004120026406098636, 0.00099991907706174, -0.000877573161613427, 0.004224648849617053, 0.004676680707617184, 0.002587384232408674, 0.0007837260697502032, 0.0017348826582219005, -0.0013561177247009362, -0.0011952124799654972, -0.006872172556803055, 0.007295722637991909, -0.005021466758096601, 0.004381826924990385, -0.00246761845908579, 0.005950108301556558, 0.0010156739918502908, -0.0048298466620593445, 0.003125565709988012, 0.0017724979416144974, -0.0026607569022118636, 0.00120064044204936, 0.0002166409706963169, 0.0019939771212311606, 0.004435958610243785, 0.003966289539436432, 0.003767456037216736, -0.004268215992012289, 0.004152644286252157, -0.0009917042017327216, 0.002108846048700911, 0.003065271249658475, -0.004265666684903246, 0.002978544605930143, -0.003786526323857163, -0.003722588784176128, -0.005353599345653351, 0.002045713981086781, -0.004488645902371339, 0.003131280670779094, 0.0024377968072396105, -0.0037443766224808544, 0.005279754142587161, 0.006851866565418037, 0.001363206994458986, -0.00697255410444886, 0.004589093441684578, -0.002692094588219079, 0.0030359174188532277, -0.0018897523557510159, -0.0020742197427797513, 0.002958251361083655, -0.0032191770580060884, 0.004202592349140559, 0.002882206696487337, 0.0023538504447342605, -0.00018224048668103257, 0.0005590781299826455, 0.003176745229102843, 0.0034128825681232276, -3.376149583841572e-05, -0.0036161353206439475, -0.005205313588524119, 0.0032776456830092286, -0.003678659058360053, -9.446822151696691e-05, -0.005426726566453017, 0.0016648237759145038, -0.003676562121042256, 6.57020056488481e-05, -0.0009357914751338622, 0.002972798184884971, -0.00046734564713151014, -0.003398589498114969, 0.00176952872834138, 0.0027304054734506463, -0.004083931601462132, 0.0002985573176842707, 0.0034449703986563327, -0.0045160971595214535, 0.0010819574555562433, -0.0035661865843912123, 0.00045655349068604004, 0.0036392776365914902, -0.0031519894694899495, 0.0037448891958299377, 0.004275776852546357, 0.0035781815550845514, -0.002279272700480732, 0.005234174052813406]
Daily Returns: [0, 0, 0, 0, 0, 0, 0, 0, 0, 0, 0, 0, 0, -0.000452956174490982, 0, 0, 0, 0, 0, 0.004241603015613683, 0, 0, 0, 0, 0, 0, 0.003950700929529631, 0, 0, 0, -0.0031772653418245295, 0, 0.00029690180537161556, 0, 0, 0, 0, -0.004044472404964077, 0, 0, 0, 0, 0, 0, -0.00011004494560229217, 0, 0, 0, 0, 0, 0, 0, 0, 0, 0.0023006155051105617, 0, 0, 0, 0, 0, -0.000938920573672277, 0, 0, 0, 0, 0, -0.0029095772452190577, -0.002711087275389696, 0, 0, 0, 0.000979012103828015, 0, 0.0034468325351399765, 0, -0.004258355004378328, 0, 0, 0, 0, -0.0016682066706828118, 0, 0, 0.0010490957633453315, 0, -0.0004536359594307191, 0, 0, 0, -0.0034227000184140753, 0, 0, 0, 0, -0.004467481190440744, 0, 0, 0, 0, 0, 0, 0, -0.002975137982293534, 0, 0.0034449574500691076, 0, -0.00361722427282585, 0, 0, 0, 0.0028842484270488493, 0, 0, 0, 0, 0, -0.004912595995826733, 0, -0.00417816844120792, 0, 0, 0, 0, 0, 0, -0.003121115071046765, 0, 0.0034030874626196166, 0.0035722562519892413, 0, 0, 0, 0, 0, 0, 0, 0, 0, -0.0038166887455868157, 0.0011551170538850362, 0, 0, -0.00166138009271643, -0.004755133451172502, 0, 0, 0.005709749354644305, 0, 0, 0, 0.0050315581806473705, 0, 0, 0, 0, 0, 0.002142579394432247, 0, 0, -0.0016666795594734959, 0, 0, 0, 0, 0, 0, -0.005094003425618404, 0, 0, 0, -0.002714611636923919, 0, 0.0020648364406094157, 0, -0.003131013569068962, 0, 0, 0, 0.0005513992364935284, 0, 0, 0, 0.002272637920603759, 0, -0.0037098091223333753, 0, 0, 0, 0.004897856827824155, 0, 0, 0, -0.004289922226953195, 0.0033632473944049247, 0, 0, 0.0016828761933086103, 0, 0, 0, 0, 0, 0, 0, 0, -0.0038314653836655967, 0, 0, 0, 0, 0, 0, 0, 0, 0, 0, 0.003933899262870224, 0, -0.004432867457475848, 0, 0, 0, 0, -0.002449573866602329, 0, 0, 0, 0, 0, 0, 0, 0, 0, 0, 0, 0, 0, 0, 0, 0, 0.0006209273766656409, 0, 0, 0, 0, -0.0023590610995361623, 0, 0, -0.006495574459779597, 0, 0, 0.0035563442155409257, 0, -0.004015710912634494, 0, 0, 0, 0, 0, 0.0036846677110549935, 0, 0, 0, 0, 0, -0.005702709860915914, 0, 0, 0, 0, 0, 0, 0, 0, 0.0015451035453778784, 0, 0, -0.0034971071382347515, 0, 0, 0.0004469148961085994, 0, 0, 0, 0, 0, 0, -0.003960524454548695, 0, 0, 0, 0, 0, 0.0006338628932433748, 0, 0, -0.0013504546886590483, 0, 0, 0.003769056054176192, 0, 0, 0, 0, 0, 0.0035397257183767245, 0, 0, 0, 0, 0.00035817212563705694, 0, 0, 0, 0, 0, 0, 0, -0.0016347676052107343, 0, 0, 0, 0, 0, 0, 0, 0.0022945020994399037, 0, 0, 0, 0, 0, 0, 0, 0, 0, -0.0018815583541093642, -0.000633379573538235, 0, 0, -0.00133192754628584, 0, 0.0036475403504846416, 0.002670693787445291, 0, 0, 0, 0.0009382276595201754, 0, -0.004143627604189875, -0.0022438527874922413, 0, 0, 0, 0, -0.0012840612643205604, 0, 0, 0, -0.008079496915990024, 0, 0, 0, 0, 0, 0, 0, 0, 0, 0, 0, 0, 0, 0.0045797037365464905, 0.0030271225974126074, 0, 0, 0, 0, 0, 0, 0, 0, -0.0004787848967429911, 0, -0.001493607396162199, 0, 0, 0, 0, 0, -0.0010286966437012001, 0, 0, 0, 0, 0, 0.0028822051271427543, 0, 0, 0, 0, 0, 0, 0, 0, 0, 0, 0, 0, 0, 0, 0, 0, 0, 0, 0, 0, 0, 0, 0, 0, 0, 0, 0, 0, 0, 0, -0.0040717705891635874, 0, 0, 0, 0, 0.0031683291309505136, 0.0025154634358245304, 0, 0, -0.0027815284204882208, 0, 0, 0, 0, 0, 0, 0, 0, 0, 0, 0, 0, -0.002287180243437325, 0, 0, 0, 0, 0, -0.0005771671821900628, 0, 0, 0, 0, 0, -0.003291769093634842, -0.0036273201976968904, 0, 0, 0.0029581714051953346, 0, 0.00302832227347152, -0.000703553227853119, 0.00028864455584290286, 0, 0, 0, 0, 0, 0, 0, 0, 0, 0, 0, -0.0045933312676523196, 0, 0, 0, 0, 0.004966788211532804, -0.00469135642324983, 0, 0, 0, 0, -0.000578971583400048, 0.006218983001113686, 0, 0.00039779376230617903, -0.00782832481369576, 0, 0, 0, 0, 0, 0, 0.0014871466059763784, 0.004372085828563851, 0, 0, 0, 0, 0, -0.0022474827203452412, 0, 0, 0, 0, -0.0022307706488049477, 0, 0, 0, 0, 0, 0.0026301647796456193, 0, 0, 0, 0, 0, -0.0038196643217802643, 0, 0.0018704636704707702, 0, 0, 0, 0, 0, -0.006353139654389003, 0, 0.0004991623494468391, 0, 0, -0.0012056804583079886, 0, 0, 0, 0, 0, 0, 0, 0, 0.0010057474882757998, 0.0032690180235764982, 0, 0, 0, -0.004565564692725639, 0.004120284303056044, 0, 0, 0, 0, 0, 0, 0, 0, -0.0026968503798170083, 0, 0, 0, 0, 0.0001063204092198387, 0, 0, 0, 0, 0, 0.003632544404684173, 0, 0, 0, -0.004309047764335724, 0, 0, 0, -0.00663404535616825, 0, 0, 0, 0, 0, 0.0024064315705133884, 0, 0, 0.0030159365571431223, 0, 0, 0, 0, 0, 0, 0, 0, 0, 0, 0, 0, 0, 0, 0, 0, 0, 0, 0, -0.003953659065641386, 0, 0, 0, 0, 0, 0, -0.004120026406098636, 0, 0.00099991907706174, 0, 0, 0, 0, 0, 0, 0, -0.000877573161613427, 0, 0.008901329557234237, 0, 0, 0, 0, 0.002587384232408674, 0, 0, 0, 0, 0, 0, 0, 0, 0, 0, 0, 0.0007837260697502032, 0, 0, 0, 0, 0, 0, 0, 0, 0.0003787649335209643, -0.0011952124799654972, 0, 0, 0, 0, 0, 0, 0.00042355008118885335, 0, 0, 0, 0, 0, 0, -0.005021466758096601, 0, 0, 0, 0.004381826924990385, 0, -0.00246761845908579, 0.005950108301556558, 0, 0, 0.0010156739918502908, -0.0048298466620593445, 0, 0.003125565709988012, 0, 0.0017724979416144974, 0, 0, -0.0026607569022118636, 0, 0, 0, 0.00120064044204936, 0, 0, 0, 0, 0, 0, 0, 0, 0, 0, 0, 0, 0, 0, 0, 0, 0.0002166409706963169, 0, 0, 0.0019939771212311606, 0, 0, 0.004435958610243785, 0.003966289539436432, 0, 0, 0, 0, 0, 0.003767456037216736, 0, 0, 0, 0, -0.004268215992012289, 0, 0, 0, 0.004152644286252157, 0, 0, -0.0009917042017327216, 0, 0, 0, 0, 0, 0, 0.002108846048700911, 0, 0, 0, 0, 0, -0.0012003954352447707, 0, 0, 0, 0, 0, 0, 0, 0, 0, 0, 0, 0, -0.004530570502103148, 0, 0, 0, -0.005353599345653351, 0, 0, 0.002045713981086781, 0, 0, 0, 0, 0, -0.004488645902371339, 0, 0, 0.003131280670779094, 0, 0, 0, 0, 0, 0, 0, 0, 0, 0, 0.0024377968072396105, 0, 0.0015353775201063066, 0, 0, 0, 0, 0.006851866565418037, 0.001363206994458986, -0.00697255410444886, 0.004589093441684578, 0, 0, 0, 0, 0, 0, 0, 0, 0, -0.002692094588219079, 0, 0, 0, 0, 0, 0.0011461650631022118, 0, 0, 0, 0, -0.0020742197427797513, 0, 0, 0, 0, 0, 0, 0.002958251361083655, 0, 0, 0, -0.0032191770580060884, 0, 0, 0, 0.004202592349140559, 0, 0, 0, 0.002882206696487337, 0, 0.0023538504447342605, 0, 0, 0, 0, 0, 0, 0, 0.0003768376433016129, 0.006555866301387655, 0, 0, 0, 0, 0, 0, 0, 0, -0.0036161353206439475, 0, -0.005205313588524119, 0, 0, 0, 0, 0, 0, 0, 0, 0, 0, 0, -0.0004010133753508242, 0, 0, 0, 0, 0, 0, 0, 0, 0, 0, 0, -9.446822151696691e-05, 0, 0, 0, 0, 0, 0, -0.005426726566453017, 0, 0, 0, 0, 0.0016648237759145038, 0, 0, 0, 0, 0, 0, -0.003676562121042256, 0, 6.57020056488481e-05, -0.0009357914751338622, 0, 0, 0.002972798184884971, 0, 0, -0.00046734564713151014, 0, -0.003398589498114969, 0, 0, 0, 0.00176952872834138, 0, 0, 0.0027304054734506463, 0, 0, -0.004083931601462132, 0, 0, 0, 0, 0.0002985573176842707, 0.0034449703986563327, -0.0045160971595214535, 0.0010819574555562433, 0, 0, 0, 0, 0, 0, 0, -0.0035661865843912123, 0, 0, 0, 0, 0.00045655349068604004, 0, 0, 0.0004872881671015407, 0, 0, 0, 0.0037448891958299377, 0, 0, 0, 0, 0, 0.004275776852546357, 0, 0, 0, 0, 0, 0, 0, 0, 0, 0, 0.0035781815550845514, -0.002279272700480732, 0.005234174052813406, 0, 0, 0, 0, 0, 0]
Start Date: 2022-09-21
End Date: 2025-11-06
Sharpe Ratio: -0.019
Annualized Sharpe: -0.308
Sharpe 95% CI: (np.float64(-1.313), np.float64(0.697))
Sortino Ratio: -0.017
CAGR: -0.008
Calmar Ratio: -0.11
Daily Win Rate (%): 0.504
Max Drawdown: 0.071
Profit Factor: 0.915
Expectancy: -0.000129
Average Win: 0.002759
Average Loss: 0.003068
Total Trades: 228
Total Days: 980



Rolling 1 - Variant 1 - atr_0.75_1 - Fit Metrics
Contracts: [10, 11, 6, 10, 10, 7, 7, 6, 7, 7, 7, 6, 7, 10, 8, 8, 8, 8, 8, 7, 7, 7, 7, 7, 8, 7, 8, 7, 8, 5, 7, 7, 7, 7, 5, 7, 7, 7, 6, 6, 6, 6, 6, 6, 6, 6, 5, 8, 8, 8, 8, 8, 7, 5, 6, 6, 6, 6, 6, 6, 6, 9, 5, 10, 5, 5, 6, 6, 6, 6, 6, 7, 8, 7, 7, 7, 7, 7, 7, 8, 8, 8, 8, 9, 9, 9, 9, 10, 11, 11, 7, 10, 7, 7, 7, 7, 7, 8, 9, 9, 10, 10, 9, 9, 9, 11, 11, 11, 11, 11, 11, 11, 10, 10, 10, 10, 9, 10, 10, 10, 9, 10, 10, 11, 11, 11, 11, 9, 10, 10, 9, 10, 10, 10, 10, 10, 10, 10, 10, 10, 10, 11, 12, 10, 10, 9, 10, 8, 12, 10, 10, 10, 10, 12, 12, 13, 13, 13, 13, 15, 13, 13, 13, 12, 12, 12, 12, 12, 12, 12, 12, 12, 11, 11, 15, 13, 14, 14, 15, 12, 13, 12, 12, 12, 12, 11, 16, 16, 15, 11, 14, 14, 12, 12, 12, 11, 11, 10, 10, 6, 8, 13, 13, 13, 11, 7, 9, 8, 8, 8, 8, 7, 7, 8, 8, 8, 8, 8, 8, 8, 8, 7, 7, 8, 8, 8, 8, 9, 9, 9, 9, 7, 7, 5, 5, 5, 5, 7, 5, 6, 7, 7, 8, 8, 8, 8, 8, 8, 8, 9, 9, 9, 9, 9, 9, 8, 8, 8, 8, 8, 7, 7, 7, 7, 9, 11, 9, 9, 9, 10, 10, 10, 11, 13, 12, 12]
Trade Returns: [-0.00814843700459709, 0.0013944999999999663, 0.0021491822083590144, 0.006457220191208521, 0.004186758866476518, 0.006680096816209547, 0.0003063728802697711, 0.002895262746888569, -0.002945918847096969, -0.0005454459342316128, -0.004449779521673773, -0.001671607452133888, -0.0062044776655622936, 0.004271630260438621, 0.0011622829606586554, 0.006290316074538393, 0.0020444701960765097, 0.0009641933278001201, -0.003181294303299057, 0.0016159928248493064, -0.0002459513647855392, 0.00040275361280810087, 0.005102248010270904, 0.005405908231602061, 0.0009172583125426706, 0.005519342935177649, 0.00018343868133021917, 0.003033158639184233, -0.0018949952971627042, -0.0007939694832545593, -0.0059631761225510576, -0.0018588951392908481, 0.0027841573127806067, 0.006169277045012293, 0.003705118102993419, -0.00016914413596378285, 0.003800324382494091, 0.004864428104951891, -0.001419865533973315, -0.00027543457494971985, -2.4655462606486877e-05, -0.0016858509255722265, -0.002613449055042852, -0.0034348276807784225, 0.0026112507637300743, 0.007016170875544393, 0.004586318036907974, -0.003637011923115574]
Daily Returns: [-0.00814843700459709, 0.0013944999999999663, 0, 0, 0, 0, 0, 0, 0, 0, 0, 0, 0.0021491822083590144, 0, 0, 0.006457220191208521, 0, 0, 0, 0, 0, 0, 0, 0, 0, 0, 0, 0, 0, 0, 0, 0.004186758866476518, 0, 0, 0.006680096816209547, 0, 0, 0, 0, 0, 0.0003063728802697711, 0, 0, -0.0005961020344400131, 0, 0, -0.004449779521673773, 0, 0, 0, 0, -0.001671607452133888, 0, 0, 0, 0, 0, 0, 0, 0, -0.0062044776655622936, 0, 0, 0, 0, 0, 0.004271630260438621, 0.007452599035197048, 0, 0, 0, 0, 0, 0, 0, 0, 0, 0, 0.0020444701960765097, -0.0022171009754989373, 0, 0.0016159928248493064, 0.00015680224802256168, 0, 0, 0, 0, 0, 0, 0, 0, 0, 0, 0, 0, 0, 0, 0, 0, 0, 0, 0.005102248010270904, 0, 0, 0, 0, 0.005405908231602061, 0.0009172583125426706, 0.005519342935177649, 0, 0, 0, 0, 0, 0, 0, 0, 0, 0, 0, 0.00018343868133021917, 0.00034419385876696966, 0, 0, 0, 0, 0, 0, 0, 0, -0.0059631761225510576, 0, 0, 0, 0, 0, 0, 0, 0, 0, 0, 0, 0, 0, 0, -0.0018588951392908481, 0, 0.0027841573127806067, 0, 0, 0.00970525101204193, 0.003800324382494091, 0, 0, 0, 0.004864428104951891, 0, -0.001695300108923035, 0, 0, -2.4655462606486877e-05, 0, 0, 0, 0, 0, 0, 0, 0, -0.0016858509255722265, 0, 0, 0, 0, 0, -0.002613449055042852, 0, -0.0034348276807784225, 0.0026112507637300743, 0, 0, 0.007016170875544393, 0, 0, 0, 0, 0.004586318036907974, 0, 0, 0, 0, 0, 0, 0, 0, -0.003637011923115574, 0]
Start Date: 2022-02-03
End Date: 2022-09-20
Sharpe Ratio: 0.122
Annualized Sharpe: 1.942
Sharpe 95% CI: (np.float64(-0.167), np.float64(3.918))
Sortino Ratio: 0.099
CAGR: 0.059
Calmar Ratio: 4.605
Daily Win Rate (%): 0.583
Max Drawdown: 0.013
Profit Factor: 1.886
Expectancy: 0.000945
Average Win: 0.003447
Average Loss: 0.002558
Total Trades: 48
Total Days: 197

Rolling 1 - Variant 1 - atr_0.75_1 - Test Metrics
Contracts: [10, 11, 6, 10, 10, 7, 7, 6, 7, 7, 7, 6, 7, 10, 8, 8, 8, 8, 8, 7, 7, 7, 7, 7, 8, 7, 8, 7, 8, 5, 7, 7, 7, 7, 5, 7, 7, 7, 6, 6, 6, 6, 6, 6, 6, 6, 5, 8, 8, 8, 8, 8, 7, 5, 6, 6, 6, 6, 6, 6, 6, 9, 5, 10, 5, 5, 6, 6, 6, 6, 6, 7, 8, 7, 7, 7, 7, 7, 7, 8, 8, 8, 8, 9, 9, 9, 9, 10, 11, 11, 7, 10, 7, 7, 7, 7, 7, 8, 9, 9, 10, 10, 9, 9, 9, 11, 11, 11, 11, 11, 11, 11, 10, 10, 10, 10, 9, 10, 10, 10, 9, 10, 10, 11, 11, 11, 11, 9, 10, 10, 9, 10, 10, 10, 10, 10, 10, 10, 10, 10, 10, 11, 12, 10, 10, 9, 10, 8, 12, 10, 10, 10, 10, 12, 12, 13, 13, 13, 13, 15, 13, 13, 13, 12, 12, 12, 12, 12, 12, 12, 12, 12, 11, 11, 15, 13, 14, 14, 15, 12, 13, 12, 12, 12, 12, 11, 16, 16, 15, 11, 14, 14, 12, 12, 12, 11, 11, 10, 10, 6, 8, 13, 13, 13, 11, 7, 9, 8, 8, 8, 8, 7, 7, 8, 8, 8, 8, 8, 8, 8, 8, 7, 7, 8, 8, 8, 8, 9, 9, 9, 9, 7, 7, 5, 5, 5, 5, 7, 5, 6, 7, 7, 8, 8, 8, 8, 8, 8, 8, 9, 9, 9, 9, 9, 9, 8, 8, 8, 8, 8, 7, 7, 7, 7, 9, 11, 9, 9, 9, 10, 10, 10, 11, 13, 12, 12]
Trade Returns: [-0.000451417989006902, 0.006384548984706618, 0.005848588503717839, 8.181576646437733e-05, -0.0034696457378949066, 0.00029510510385558845, -0.00335049200797543, -0.00011014000490929691, -0.0043545685275944825, -0.0009394773109707934, -0.0007554776482138361, -0.0021393521130116996, 0.0009813450652217507, 0.005232853680330459, -0.0018294503564918034, -0.0016555085159450597, 0.0010410969517274497, -0.0004501808174244378, -0.005064969344715099, -0.006605193191150021, -0.002956932393468841, 0.0036598861189917156, 0.0008941409601141395, 0.0012242004106950354, -0.007245119363767, -0.003737693965179601, -0.00458521790494816, 0.005117769301115344, 0.0054260951446667436, -0.005598491819334913, 0.0011461371197034021, -0.0016484792320694127, -0.0070318099195945775, -0.008952194002800683, 0.007534307098974234, 0.0021278793443623763, -0.0014717449172020225, -0.005438973665907781, -0.001442815048310783, -0.0004597696402680739, 0.0031981771526410872, -0.0029460720583283995, 0.0005546106125565813, 0.00229009777607832, -0.005550578108042472, 0.007516417982650243, -0.0022377613096239597, 0.003373266491378453, 0.004348921265155609, -0.0022213877311106707, -0.0024697968274037083, 0.003970190226314223, -0.004435743922669104, -0.002451170464751605, 0.0006231193635655323, -0.0023701505707255234, -0.0064070530516712795, -0.00124974259563034, 0.005437867918427503, -0.005978044363361028, 0.005604838644336161, -0.008465386477170144, 0.0015513946297328362, -0.005121365493804939, -4.231953780373682e-05, 0.00044902074421791826, -0.0036754239557936544, 0.0006373272325279257, 0.006852922633952058, -0.005482069133484149, 0.0008915765210258219, 0.005449257689207608, 0.0003584716484706916, -0.0016498237639649097, 0.002296427081473089, -0.001883132206533737, -0.0005341345154329794, 0.003158644780846641, -0.0013330434828359788, 0.0035160327214845567, 0.0026642262472345466, 0.0009360842734077711, -0.006088629751455789, -0.00224572854570999, -0.0012837131696311547, -0.005104472542062217, -0.006821460306235052, -0.0024128739698944086, 0.0030222050246073383, -0.0004813639279097199, -0.0015016408066586447, -0.0010346088571751614, 0.004394216355146609, -0.006098275100422231, 0.004560251547894872, 0.0002079183232541915, 0.003910964181462911, -0.004106794667018775, -0.002302572491491881, -0.0005814608088508345, -0.004861584460613132, -0.005376422075047178, 0.0046339305278574865, 0.0047551061124347285, -0.000708272393796587, 0.0002698350170947613, 0.0008411716607124679, 0.004016154414628671, -0.0017002286805575305, -0.0005796941756319778, 0.0026641563535059216, 0.0014531456831722539, 0.0003991253704481861, -0.005158920508201132, -0.006393609852899455, 0.005266454174128924, -0.0019415965030707256, 0.006061192936312515, -0.0022555274876166565, -0.002233548569599967, 0.0040283409561402885, -0.005668080899682917, 0.001878041318117286, -0.00939446783127945, 0.0005009531186342663, -0.0012158731661100802, 0.0010120660800895622, 0.0026819369510888134, 0.0005538590284351675, 0.0062973093217345765, -0.004009869620889436, 0.00010703407132451711, 0.005675713199696921, -0.0059820295574678165, -0.009895448229927687, 0.002431666364548485, 0.0047350076151626815, -0.0059561833577176275, -0.0061441664760871085, 0.0010086504607396574, -0.000888788945841518, 0.005929269367510543, 0.0030793139804472865, 0.002620538835783842, 0.0007919510401751904, 0.0017523578173795887, -0.001369753757996298, -0.0012072470634557377, -0.01035340883983189, 0.0014789661429100225, -0.002869024743470276, 0.005475516537208035, -0.002469683934591535, 0.009039903298342075, 0.0010266182833882774, -0.007254895822709267, 0.004840620911002905, 0.0017959541392898058, -0.0026959046739641014, 0.0012165434020106876, 0.00021912012091860575, 0.001995161818146821, 0.006772945772131668, 0.006071356913349435, -0.0009433642242039879, -0.006354531154698084, 0.005072271907115507, -0.0008937276568083841, 0.002137853062086343, 0.004761249190804213, -0.0003836323137100722, 0.004500663998109672, -0.00414957270511763, 0.0012215514597896304, -0.004509235268516268, 0.002073605816965083, -0.006698474101004364, 0.00479501138225436, 0.0024413111573470926, -0.005605299526836529, 0.008029102668887747, 0.0014650531446168706, 0.001375079097914415, -0.006052290565534807, 0.004617941761398456, -0.002715507714237157, 0.003880672468625297, -0.0019062322688486843, -0.0020905821980504806, 0.0030686638060430666, -0.004768079053541833, 0.006434820196679123, 0.004391053662775002, 0.0023670575402236324, -0.0001832605955731887, 0.000562208197941961, 0.0048337043186827385, 0.0029319871133351824, -3.3910675731342875e-05, -0.0026955958199336625, -0.007793519766008573, 0.004950074011207132, 0.0013645985098829315, -9.404860990794058e-05, -0.00160762862971685, 0.0016566529969918198, -0.005445917783462607, 6.549639452829339e-05, -0.0009328631545958728, -0.0006339479634046391, -0.00046756322615222444, -0.0028749682188887234, 0.001769423274259337, -0.0005121177413117467, -0.0060696530374317525, 0.0003004117843258042, 0.005275528199848117, -0.004050265612014692, 0.001077146409809304, -0.0025132417103741014, 0.00045806791663738334, 0.004590604399355961, -0.003159445327858247, 0.0027246826030069148, 0.0040107963701089735, 0.005530723673970545, -0.0022808466900100335, 0.007919567924965233]
Daily Returns: [0, 0, 0, 0, 0, 0, 0, 0, 0, 0, 0, 0, 0, -0.000451417989006902, 0, 0, 0, 0, 0, 0.006384548984706618, 0, 0, 0, 0, 0, 0, 0.005930404270182216, 0, 0, 0, -0.0034696457378949066, 0, 0.00029510510385558845, 0, 0, 0, 0, -0.00335049200797543, 0, 0, 0, 0, 0, 0, -0.00011014000490929691, 0, 0, 0, 0, 0, 0, 0, 0, 0, -0.0043545685275944825, 0, 0, 0, 0, 0, -0.0009394773109707934, 0, 0, 0, 0, 0, -0.0007554776482138361, -0.0021393521130116996, 0, 0, 0, 0.0009813450652217507, 0, 0.005232853680330459, 0, -0.0018294503564918034, 0, 0, 0, 0, -0.0016555085159450597, 0, 0, 0.0010410969517274497, 0, -0.0004501808174244378, 0, 0, 0, -0.005064969344715099, 0, 0, 0, 0, -0.006605193191150021, 0, 0, 0, 0, 0, 0, 0, -0.002956932393468841, 0, 0.0036598861189917156, 0, 0.0008941409601141395, 0, 0, 0, 0.0012242004106950354, 0, 0, 0, 0, 0, -0.007245119363767, 0, -0.003737693965179601, 0, 0, 0, 0, 0, 0, -0.00458521790494816, 0, 0.005117769301115344, 0.0054260951446667436, 0, 0, 0, 0, 0, 0, 0, 0, 0, -0.005598491819334913, 0.0011461371197034021, 0, 0, -0.0016484792320694127, -0.0070318099195945775, 0, 0, -0.008952194002800683, 0, 0, 0, 0.007534307098974234, 0, 0, 0, 0, 0, 0.0021278793443623763, 0, 0, -0.0014717449172020225, 0, 0, 0, 0, 0, 0, -0.006881788714218564, 0, 0, 0, -0.0004597696402680739, 0, 0.0031981771526410872, 0, -0.0029460720583283995, 0, 0, 0, 0.0005546106125565813, 0, 0, 0, 0.00229009777607832, 0, -0.005550578108042472, 0, 0, 0, 0.007516417982650243, 0, 0, 0, -0.0022377613096239597, 0.003373266491378453, 0, 0, 0.002127533534044938, 0, 0, 0, 0, 0, 0, 0, 0, -0.0024697968274037083, 0, 0, 0, 0, 0, 0, 0, 0, 0, 0, 0.003970190226314223, 0, -0.004435743922669104, 0, 0, 0, 0, -0.002451170464751605, 0, 0, 0, 0, 0, 0, 0, 0, 0, 0, 0, 0, 0, 0, 0, 0, 0.0006231193635655323, 0, 0, 0, 0, -0.0023701505707255234, 0, 0, -0.0076567956473016195, 0, 0, 0.005437867918427503, 0, -0.005978044363361028, 0, 0, 0, 0, 0, 0.005604838644336161, 0, 0, 0, 0, 0, -0.008465386477170144, 0, 0, 0, 0, 0, 0, 0, 0, 0.0015513946297328362, 0, 0, -0.005163685031608676, 0, 0, 0.00044902074421791826, 0, 0, 0, 0, 0, 0, -0.0036754239557936544, 0, 0, 0, 0, 0, 0.0006373272325279257, 0, 0, 0.0013708535004679093, 0, 0, 0.0008915765210258219, 0, 0, 0, 0, 0, 0.005449257689207608, 0, 0, 0, 0, 0.0003584716484706916, 0, 0, 0, 0, 0, 0, 0, -0.0016498237639649097, 0, 0, 0, 0, 0, 0, 0, 0.002296427081473089, 0, 0, 0, 0, 0, 0, 0, 0, 0, -0.001883132206533737, 0.0026245102654136616, 0, 0, -0.0013330434828359788, 0, 0.0035160327214845567, 0.0026642262472345466, 0, 0, 0, 0.0009360842734077711, 0, -0.006088629751455789, -0.00224572854570999, 0, 0, 0, 0, -0.0012837131696311547, 0, 0, 0, -0.01192593284829727, 0, 0, 0, 0, 0, 0, 0, 0, 0, 0, 0, 0, 0, -0.0024128739698944086, 0.0030222050246073383, 0, 0, 0, 0, 0, 0, 0, 0, -0.0004813639279097199, 0, -0.0015016408066586447, 0, 0, 0, 0, 0, -0.0010346088571751614, 0, 0, 0, 0, 0, 0.004394216355146609, 0, 0, 0, 0, 0, 0, 0, 0, 0, 0, 0, 0, 0, 0, 0, 0, 0, 0, 0, 0, 0, 0, 0, 0, 0, 0, 0, 0, 0, 0, -0.006098275100422231, 0, 0, 0, 0, 0.0047681698711490635, 0.003910964181462911, 0, 0, -0.004106794667018775, 0, 0, 0, 0, 0, 0, 0, 0, 0, 0, 0, 0, -0.002302572491491881, 0, 0, 0, 0, 0, -0.0005814608088508345, 0, 0, 0, 0, 0, -0.004861584460613132, -0.005376422075047178, 0, 0, 0.0046339305278574865, 0, 0.0047551061124347285, -0.000708272393796587, 0.0002698350170947613, 0, 0, 0, 0, 0, 0, 0, 0, 0, 0, 0, 0.0008411716607124679, 0, 0, 0, 0, 0.004016154414628671, -0.0017002286805575305, 0, 0, 0, 0, -0.0005796941756319778, 0.004117302036678176, 0, 0.0003991253704481861, -0.011552530361100587, 0, 0, 0, 0, 0, 0, 0.0033248576710581987, 0.006061192936312515, 0, 0, 0, 0, 0, -0.0022555274876166565, 0, 0, 0, 0, -0.002233548569599967, 0, 0, 0, 0, 0, 0.0040283409561402885, 0, 0, 0, 0, 0, -0.005668080899682917, 0, 0.001878041318117286, 0, 0, 0, 0, 0, -0.00939446783127945, 0, 0.0005009531186342663, 0, 0, -0.0012158731661100802, 0, 0, 0, 0, 0, 0, 0, 0, 0.0010120660800895622, 0.0026819369510888134, 0, 0, 0, 0.0005538590284351675, 0.0062973093217345765, 0, 0, 0, 0, 0, 0, 0, 0, -0.004009869620889436, 0, 0, 0, 0, 0.00010703407132451711, 0, 0, 0, 0, 0, 0.005675713199696921, 0, 0, 0, -0.0059820295574678165, 0, 0, 0, -0.009895448229927687, 0, 0, 0, 0, 0, 0.002431666364548485, 0, 0, 0.0047350076151626815, 0, 0, 0, 0, 0, 0, 0, 0, 0, 0, 0, 0, 0, 0, 0, 0, 0, 0, 0, -0.0059561833577176275, 0, 0, 0, 0, 0, 0, -0.0061441664760871085, 0, 0.0010086504607396574, 0, 0, 0, 0, 0, 0, 0, -0.000888788945841518, 0, 0.00900858334795783, 0, 0, 0, 0, 0.002620538835783842, 0, 0, 0, 0, 0, 0, 0, 0, 0, 0, 0, 0.0007919510401751904, 0, 0, 0, 0, 0, 0, 0, 0, 0.00038260405938329075, -0.0012072470634557377, 0, 0, 0, 0, 0, 0, -0.008874442696921867, 0, 0, 0, 0, 0, 0, -0.002869024743470276, 0, 0, 0, 0.005475516537208035, 0, -0.002469683934591535, 0.009039903298342075, 0, 0, 0.0010266182833882774, -0.007254895822709267, 0, 0.004840620911002905, 0, 0.0017959541392898058, 0, 0, -0.0026959046739641014, 0, 0, 0, 0.0012165434020106876, 0, 0, 0, 0, 0, 0, 0, 0, 0, 0, 0, 0, 0, 0, 0, 0, 0.00021912012091860575, 0, 0, 0.001995161818146821, 0, 0, 0.006772945772131668, 0.006071356913349435, 0, 0, 0, 0, 0, -0.0009433642242039879, 0, 0, 0, 0, -0.006354531154698084, 0, 0, 0, 0.005072271907115507, 0, 0, -0.0008937276568083841, 0, 0, 0, 0, 0, 0, 0.002137853062086343, 0, 0, 0, 0, 0, 0.004377616877094141, 0, 0, 0, 0, 0, 0, 0, 0, 0, 0, 0, 0, 0.001572642752781673, 0, 0, 0, -0.004509235268516268, 0, 0, 0.002073605816965083, 0, 0, 0, 0, 0, -0.006698474101004364, 0, 0, 0.00479501138225436, 0, 0, 0, 0, 0, 0, 0, 0, 0, 0, 0.0024413111573470926, 0, 0.0024238031420512184, 0, 0, 0, 0, 0.0014650531446168706, 0.001375079097914415, -0.006052290565534807, 0.004617941761398456, 0, 0, 0, 0, 0, 0, 0, 0, 0, -0.002715507714237157, 0, 0, 0, 0, 0, 0.001974440199776613, 0, 0, 0, 0, -0.0020905821980504806, 0, 0, 0, 0, 0, 0, 0.0030686638060430666, 0, 0, 0, -0.004768079053541833, 0, 0, 0, 0.006434820196679123, 0, 0, 0, 0.004391053662775002, 0, 0.0023670575402236324, 0, 0, 0, 0, 0, 0, 0, 0.0003789476023687723, 0.007731780756286578, 0, 0, 0, 0, 0, 0, 0, 0, -0.0026955958199336625, 0, -0.007793519766008573, 0, 0, 0, 0, 0, 0, 0, 0, 0, 0, 0, 0.006314672521090064, 0, 0, 0, 0, 0, 0, 0, 0, 0, 0, 0, -9.404860990794058e-05, 0, 0, 0, 0, 0, 0, -0.00160762862971685, 0, 0, 0, 0, 0.0016566529969918198, 0, 0, 0, 0, 0, 0, -0.005445917783462607, 0, 6.549639452829339e-05, -0.0009328631545958728, 0, 0, -0.0006339479634046391, 0, 0, -0.00046756322615222444, 0, -0.0028749682188887234, 0, 0, 0, 0.001769423274259337, 0, 0, -0.0005121177413117467, 0, 0, -0.0060696530374317525, 0, 0, 0, 0, 0.0003004117843258042, 0.005275528199848117, -0.004050265612014692, 0.001077146409809304, 0, 0, 0, 0, 0, 0, 0, -0.0025132417103741014, 0, 0, 0, 0, 0.00045806791663738334, 0, 0, 0.0014311590714977144, 0, 0, 0, 0.0027246826030069148, 0, 0, 0, 0, 0, 0.0040107963701089735, 0, 0, 0, 0, 0, 0, 0, 0, 0, 0, 0.005530723673970545, -0.0022808466900100335, 0.007919567924965233, 0, 0, 0, 0, 0, 0]
Start Date: 2022-09-21
End Date: 2025-11-06
Sharpe Ratio: -0.015
Annualized Sharpe: -0.241
Sharpe 95% CI: (np.float64(-1.231), np.float64(0.77))
Sortino Ratio: -0.011
CAGR: -0.008
Calmar Ratio: -0.088
Daily Win Rate (%): 0.5
Max Drawdown: 0.088
Profit Factor: 0.926
Expectancy: -0.000125
Average Win: 0.00313
Average Loss: 0.00338
Total Trades: 228
Total Days: 980



Rolling 1 - Variant 2 - atr_0.5_2 - Fit Metrics
Contracts: [10, 11, 6, 10, 10, 7, 7, 6, 7, 7, 7, 6, 7, 10, 8, 8, 8, 8, 8, 7, 7, 7, 7, 7, 7, 7, 8, 7, 8, 5, 7, 7, 7, 7, 5, 7, 7, 7, 6, 7, 6, 6, 6, 6, 6, 6, 5, 8, 8, 7, 8, 8, 7, 5, 6, 6, 6, 6, 6, 6, 6, 9, 5, 10, 5, 5, 6, 6, 6, 6, 6, 7, 8, 7, 7, 7, 7, 7, 7, 8, 8, 8, 8, 9, 9, 9, 9, 10, 11, 11, 8, 10, 7, 7, 7, 7, 7, 8, 9, 9, 10, 10, 9, 9, 9, 11, 11, 12, 11, 11, 11, 11, 10, 10, 10, 10, 10, 10, 10, 10, 9, 10, 10, 11, 11, 11, 11, 9, 10, 10, 10, 10, 10, 10, 10, 10, 10, 10, 10, 10, 10, 11, 12, 10, 10, 9, 11, 8, 12, 10, 10, 10, 10, 12, 12, 14, 13, 13, 13, 15, 14, 13, 13, 12, 12, 12, 12, 12, 12, 12, 12, 12, 12, 11, 15, 13, 14, 14, 15, 13, 13, 12, 13, 13, 12, 12, 16, 17, 15, 11, 14, 14, 12, 12, 13, 11, 11, 11, 11, 7, 9, 13, 13, 13, 11, 8, 10, 8, 8, 8, 8, 8, 8, 8, 8, 8, 8, 8, 8, 9, 9, 7, 8, 8, 8, 8, 8, 9, 9, 9, 9, 7, 7, 5, 5, 5, 5, 7, 6, 6, 7, 7, 8, 8, 8, 8, 8, 8, 8, 10, 9, 9, 9, 9, 9, 8, 8, 8, 8, 8, 7, 7, 7, 7, 9, 11, 9, 9, 9, 10, 11, 11, 11, 13, 12, 12]
Trade Returns: [-0.005470920800943085, 0.0013944999999999663, 0.002143422608625658, 0.007063302379107181, 0.004173049772802944, 0.0035516303286535315, 0.0003063258348693812, 0.002894818055490141, -0.0029883495192259864, -0.0005453622033732896, -0.0030115122288061126, -0.0016690113617214039, -0.004149810499524365, -0.004216896505982967, 0.001165697452307092, 0.0036116921490945996, 0.0020559420068287015, 0.0009695924523265958, -0.0031990911141855714, 0.001625062032392732, -0.00024732944331552314, 0.00040501082091681285, 0.006863644405298083, 0.004472595989560419, 0.0009194082103428142, 0.007354814430237336, 0.00018320966236014388, 0.0030293725041163956, -0.001892637016644133, -0.000792979531846186, -0.003551452939609003, -0.0018565739215058777, 0.0027806742458708683, 0.008199525275319058, 0.004308551234667522, -0.00016849163328341523, 0.0037856615050936683, 0.0027328498203192924, -0.0031316834162634674, -0.0002754312856981111, -2.4655168088766495e-05, -0.0016837493340541986, -0.0026134178323140803, -0.004872176283778299, 0.0022881172073749975, 0.009382331297385249, 0.004583598197875597, -0.0036348648952739242]
Daily Returns: [-0.005470920800943085, 0.0013944999999999663, 0, 0, 0, 0, 0, 0, 0, 0, 0, 0, 0.002143422608625658, 0, 0, 0.007063302379107181, 0, 0, 0, 0, 0, 0, 0, 0, 0, 0, 0, 0, 0, 0, 0, 0.004173049772802944, 0, 0, 0.0035516303286535315, 0, 0, 0, 0, 0, 0.0003063258348693812, 0, 0, -0.0006388936671091349, 0, 0, -0.0030115122288061126, 0, 0, 0, 0, -0.0016690113617214039, 0, 0, 0, 0, 0, 0, 0, 0, -0.004149810499524365, 0, 0, 0, 0, 0, -0.004216896505982967, 0.004777389601401691, 0, 0, 0, 0, 0, 0, 0, 0, 0, 0, 0.0020559420068287015, -0.0022294986618589755, 0, 0.001625062032392732, 0.0001576813776012897, 0, 0, 0, 0, 0, 0, 0, 0, 0, 0, 0, 0, 0, 0, 0, 0, 0, 0, 0.006863644405298083, 0, 0, 0, 0, 0.004472595989560419, 0.0009194082103428142, 0.007354814430237336, 0, 0, 0, 0, 0, 0, 0, 0, 0, 0, 0, 0.00018320966236014388, 0.0003437559556260765, 0, 0, 0, 0, 0, 0, 0, 0, -0.003551452939609003, 0, 0, 0, 0, 0, 0, 0, 0, 0, 0, 0, 0, 0, 0, -0.0018565739215058777, 0, 0.0027806742458708683, 0, 0, 0.012339584876703166, 0.0037856615050936683, 0, 0, 0, 0.0027328498203192924, 0, -0.0034071147019615784, 0, 0, -2.4655168088766495e-05, 0, 0, 0, 0, 0, 0, 0, 0, -0.0016837493340541986, 0, 0, 0, 0, 0, -0.0026134178323140803, 0, -0.004872176283778299, 0.0022881172073749975, 0, 0, 0.009382331297385249, 0, 0, 0, 0, 0.004583598197875597, 0, 0, 0, 0, 0, 0, 0, 0, -0.0036348648952739242, 0]
Start Date: 2022-02-03
End Date: 2022-09-20
Sharpe Ratio: 0.115
Annualized Sharpe: 1.825
Sharpe 95% CI: (np.float64(-0.259), np.float64(3.619))
Sortino Ratio: 0.14
CAGR: 0.055
Calmar Ratio: 4.044
Daily Win Rate (%): 0.562
Max Drawdown: 0.014
Profit Factor: 1.845
Expectancy: 0.00088
Average Win: 0.003416
Average Loss: 0.002381
Total Trades: 48
Total Days: 197

Rolling 1 - Variant 2 - atr_0.5_2 - Test Metrics
Contracts: [10, 11, 6, 10, 10, 7, 7, 6, 7, 7, 7, 6, 7, 10, 8, 8, 8, 8, 8, 7, 7, 7, 7, 7, 7, 7, 8, 7, 8, 5, 7, 7, 7, 7, 5, 7, 7, 7, 6, 7, 6, 6, 6, 6, 6, 6, 5, 8, 8, 7, 8, 8, 7, 5, 6, 6, 6, 6, 6, 6, 6, 9, 5, 10, 5, 5, 6, 6, 6, 6, 6, 7, 8, 7, 7, 7, 7, 7, 7, 8, 8, 8, 8, 9, 9, 9, 9, 10, 11, 11, 8, 10, 7, 7, 7, 7, 7, 8, 9, 9, 10, 10, 9, 9, 9, 11, 11, 12, 11, 11, 11, 11, 10, 10, 10, 10, 10, 10, 10, 10, 9, 10, 10, 11, 11, 11, 11, 9, 10, 10, 10, 10, 10, 10, 10, 10, 10, 10, 10, 10, 10, 11, 12, 10, 10, 9, 11, 8, 12, 10, 10, 10, 10, 12, 12, 14, 13, 13, 13, 15, 14, 13, 13, 12, 12, 12, 12, 12, 12, 12, 12, 12, 12, 11, 15, 13, 14, 14, 15, 13, 13, 12, 13, 13, 12, 12, 16, 17, 15, 11, 14, 14, 12, 12, 13, 11, 11, 11, 11, 7, 9, 13, 13, 13, 11, 8, 10, 8, 8, 8, 8, 8, 8, 8, 8, 8, 8, 8, 8, 9, 9, 7, 8, 8, 8, 8, 8, 9, 9, 9, 9, 7, 7, 5, 5, 5, 5, 7, 6, 6, 7, 7, 8, 8, 8, 8, 8, 8, 8, 10, 9, 9, 9, 9, 9, 8, 8, 8, 8, 8, 7, 7, 7, 7, 9, 11, 9, 9, 9, 10, 11, 11, 11, 13, 12, 12]
Trade Returns: [-0.00045004181189221035, 0.008561036665585832, 0.007782472318909333, 8.140971198143389e-05, -0.0031704223746235375, 0.0002938329303853868, -0.004002834742724002, -0.0001101386892177816, -0.0029221992715988596, -0.0009340953627177509, -0.0028773129703418927, -0.0026809373030261974, 0.000980120515754594, 0.007008116936778102, -0.004210870581520075, -0.0016495260297807717, 0.001037328539274979, -0.0004485530064646679, -0.003384331740906361, -0.004417230910282121, -0.0029401062444459453, 0.00365531820138723, -0.003574506484546746, 0.001222678046293053, -0.004861409223031564, -0.004129174370573934, -0.0030885048968329176, 0.005139445387022899, 0.0040071767208090005, -0.003751362465751436, 0.0011352716730304903, -0.0016328692744456972, -0.004673397501097419, -0.005930991737877676, 0.01006852401723588, 0.0021201457384889557, -0.0016570984296308052, -0.003643459188112673, -0.0014210696951837054, -0.0026987916191640684, 0.004219753914215332, -0.0031128236729281995, 0.0005470008233060113, 0.0022544524781586946, -0.0036802328160834693, 0.003951275794065433, -0.00425968435816039, 0.003339439856604038, 0.004305456053065581, -0.002199281291363559, -0.0038094031343334496, 0.0039111962681105915, -0.004406831646353223, -0.002656497778021545, 0.0006191708227209663, -0.002352348196564695, -0.005235363702113823, -0.0012418282112190337, 0.0019407350630356673, -0.00405505231071805, 0.00751207626935886, -0.005664849216380259, 0.001529231496891039, -0.0034195918871992156, -4.164465189938958e-05, 0.00044564016429000616, -0.003919719529185743, 0.0006273065621863491, 0.009101617509286456, -0.0057971727815355, 0.0008859218337574049, 0.005620005705860337, 0.0003521044604849945, -0.0016253485035717433, 0.0022555084894940896, -0.001850174097717055, -0.003726052466065909, 0.003103191419980435, -0.001309321918068234, 0.003465581751883639, 0.0026258973230494508, 0.000922698943582169, -0.0040751091600420225, -0.002205853864085026, -0.0012625378651508745, -0.0034070021284964207, -0.004537344003284614, -0.002376020937284004, 0.0029759080067448622, -0.0005213817311314799, -0.0014786508699630866, -0.0010181088656876927, 0.006525591493010479, -0.004031108543499504, 0.0037994800601906585, 0.00020446644604370863, 0.004154659393230899, -0.0027468392294078383, -0.0022608805243601376, -0.0005713800716485683, -0.003253842906188898, -0.0035853915217621503, 0.00445374086831268, 0.006226099309071189, -0.0007453917128070458, 0.0002853179826088371, -0.004519075676881423, 0.0039431484073588685, -0.004612351460474952, -0.0005695487866789635, 0.002617503641392924, 0.001427765715711825, 0.0003921643708135934, -0.003445442898469979, -0.004271930608823172, 0.006939616245686841, -0.001897251137565634, 0.006460902899439119, -0.002203038856486352, -0.00219454439968102, 0.0053705944365527985, -0.0037337955281286097, 0.0018282567133995028, -0.006210042864782339, 0.0004892696437217219, -0.0011785415957584473, 0.0010635332815564407, 0.002818178197244733, -0.004458252441639093, 0.005510502845002196, -0.0028553714690916477, 0.00010460145838568263, 0.000423581900695236, -0.004244924827635537, -0.006534903281311312, 0.0023702601677422727, 0.006174146900229065, -0.003882217970977187, -0.004382396384961871, 0.000981833185027287, -0.0008619207929077682, 0.0027996302776830385, 0.003284760376263038, 0.002541118455675181, 0.0007719366821342452, 0.00171279140933637, -0.0013388790317020612, -0.001179998812486781, -0.006784594435227839, 0.0015726300195532243, -0.0049380927307174, 0.005923675769590746, -0.0026953080216921507, 0.011997624268341552, 0.0009993621636918853, -0.0047523562717949825, 0.00461217897579509, 0.001743924070162336, -0.0029919295598971607, 0.0013505273049600963, 0.00021301034799535364, 0.001983709536833882, 0.004509800241610476, 0.007095413626742247, -0.004450273946733197, -0.0041833544206526675, 0.0049301433947338555, -0.000979926646588272, 0.0020837766651615928, 0.006190292614230829, -0.004215063055745592, 0.006000125431268902, -0.0037295877408084314, -0.0036668168977574294, -0.005268406881718219, 0.0023079606502477423, -0.004407618337391432, 0.0006297849066303176, 0.0023811893954531847, -0.0036576360245556524, 0.010517381635382317, 0.0014262656896932826, 0.0013387255662917416, -0.006867330239421435, 0.0046055091295606485, -0.0026438126999724794, 0.003777752103681457, -0.001855770386650544, -0.0020353459704812492, 0.0036074605066149703, -0.003169495622858098, 0.00014180572117087579, 0.0037789954013654715, 0.0023153376564532704, -0.00017926562630719698, 0.0005499502045177346, 0.00045246830644634067, 0.002880655378239132, -3.331869022098959e-05, -0.003568705597915341, -0.005136795466469854, 0.006616845196504416, -0.003629724397043781, -9.289947630904974e-05, -0.005354925131443843, 0.0016370517009449983, -0.003615331087995934, 6.460380608003352e-05, -0.0009201508657457754, -0.0006253010875497364, -0.0004611818020382649, -0.0033537446497690906, 0.0017461009866439172, -0.0005053794222365849, -0.00404300314831553, 0.0002958659857787777, 0.006977521132867188, -0.004441095599409202, 0.0010639712858017702, -0.0035216511579144144, 0.0004508317871134129, 0.004969930892599203, -0.0034192225595691384, 0.0026833423681561063, 0.003947004721155005, 0.002494941665378763, -0.0022515099819780393, 0.010538208063429248]
Daily Returns: [0, 0, 0, 0, 0, 0, 0, 0, 0, 0, 0, 0, 0, -0.00045004181189221035, 0, 0, 0, 0, 0, 0.008561036665585832, 0, 0, 0, 0, 0, 0, 0.007863882030890766, 0, 0, 0, -0.0031704223746235375, 0, 0.0002938329303853868, 0, 0, 0, 0, -0.004002834742724002, 0, 0, 0, 0, 0, 0, -0.0001101386892177816, 0, 0, 0, 0, 0, 0, 0, 0, 0, -0.0029221992715988596, 0, 0, 0, 0, 0, -0.0009340953627177509, 0, 0, 0, 0, 0, -0.0028773129703418927, -0.0026809373030261974, 0, 0, 0, 0.000980120515754594, 0, 0.007008116936778102, 0, -0.004210870581520075, 0, 0, 0, 0, -0.0016495260297807717, 0, 0, 0.001037328539274979, 0, -0.0004485530064646679, 0, 0, 0, -0.003384331740906361, 0, 0, 0, 0, -0.004417230910282121, 0, 0, 0, 0, 0, 0, 0, -0.0029401062444459453, 0, 0.00365531820138723, 0, -0.003574506484546746, 0, 0, 0, 0.001222678046293053, 0, 0, 0, 0, 0, -0.004861409223031564, 0, -0.004129174370573934, 0, 0, 0, 0, 0, 0, -0.0030885048968329176, 0, 0.005139445387022899, 0.0040071767208090005, 0, 0, 0, 0, 0, 0, 0, 0, 0, -0.003751362465751436, 0.0011352716730304903, 0, 0, -0.0016328692744456972, -0.004673397501097419, 0, 0, -0.005930991737877676, 0, 0, 0, 0.01006852401723588, 0, 0, 0, 0, 0, 0.0021201457384889557, 0, 0, -0.0016570984296308052, 0, 0, 0, 0, 0, 0, -0.005064528883296378, 0, 0, 0, -0.0026987916191640684, 0, 0.004219753914215332, 0, -0.0031128236729281995, 0, 0, 0, 0.0005470008233060113, 0, 0, 0, 0.0022544524781586946, 0, -0.0036802328160834693, 0, 0, 0, 0.003951275794065433, 0, 0, 0, -0.00425968435816039, 0.003339439856604038, 0, 0, 0.0021061747617020215, 0, 0, 0, 0, 0, 0, 0, 0, -0.0038094031343334496, 0, 0, 0, 0, 0, 0, 0, 0, 0, 0, 0.0039111962681105915, 0, -0.004406831646353223, 0, 0, 0, 0, -0.002656497778021545, 0, 0, 0, 0, 0, 0, 0, 0, 0, 0, 0, 0, 0, 0, 0, 0, 0.0006191708227209663, 0, 0, 0, 0, -0.002352348196564695, 0, 0, -0.006477191913332857, 0, 0, 0.0019407350630356673, 0, -0.00405505231071805, 0, 0, 0, 0, 0, 0.00751207626935886, 0, 0, 0, 0, 0, -0.005664849216380259, 0, 0, 0, 0, 0, 0, 0, 0, 0.001529231496891039, 0, 0, -0.003461236539098605, 0, 0, 0.00044564016429000616, 0, 0, 0, 0, 0, 0, -0.003919719529185743, 0, 0, 0, 0, 0, 0.0006273065621863491, 0, 0, 0.003304444727750956, 0, 0, 0.0008859218337574049, 0, 0, 0, 0, 0, 0.005620005705860337, 0, 0, 0, 0, 0.0003521044604849945, 0, 0, 0, 0, 0, 0, 0, -0.0016253485035717433, 0, 0, 0, 0, 0, 0, 0, 0.0022555084894940896, 0, 0, 0, 0, 0, 0, 0, 0, 0, -0.001850174097717055, -0.0006228610460854741, 0, 0, -0.001309321918068234, 0, 0.003465581751883639, 0.0026258973230494508, 0, 0, 0, 0.000922698943582169, 0, -0.0040751091600420225, -0.002205853864085026, 0, 0, 0, 0, -0.0012625378651508745, 0, 0, 0, -0.007944346131781035, 0, 0, 0, 0, 0, 0, 0, 0, 0, 0, 0, 0, 0, -0.002376020937284004, 0.0029759080067448622, 0, 0, 0, 0, 0, 0, 0, 0, -0.0005213817311314799, 0, -0.0014786508699630866, 0, 0, 0, 0, 0, -0.0010181088656876927, 0, 0, 0, 0, 0, 0.006525591493010479, 0, 0, 0, 0, 0, 0, 0, 0, 0, 0, 0, 0, 0, 0, 0, 0, 0, 0, 0, 0, 0, 0, 0, 0, 0, 0, 0, 0, 0, 0, -0.004031108543499504, 0, 0, 0, 0, 0.004003946506234367, 0.004154659393230899, 0, 0, -0.0027468392294078383, 0, 0, 0, 0, 0, 0, 0, 0, 0, 0, 0, 0, -0.0022608805243601376, 0, 0, 0, 0, 0, -0.0005713800716485683, 0, 0, 0, 0, 0, -0.003253842906188898, -0.0035853915217621503, 0, 0, 0.00445374086831268, 0, 0.006226099309071189, -0.0007453917128070458, 0.0002853179826088371, 0, 0, 0, 0, 0, 0, 0, 0, 0, 0, 0, -0.004519075676881423, 0, 0, 0, 0, 0.0039431484073588685, -0.004612351460474952, 0, 0, 0, 0, -0.0005695487866789635, 0.004045269357104749, 0, 0.0003921643708135934, -0.007717373507293151, 0, 0, 0, 0, 0, 0, 0.0050423651081212065, 0.006460902899439119, 0, 0, 0, 0, 0, -0.002203038856486352, 0, 0, 0, 0, -0.00219454439968102, 0, 0, 0, 0, 0, 0.0053705944365527985, 0, 0, 0, 0, 0, -0.0037337955281286097, 0, 0.0018282567133995028, 0, 0, 0, 0, 0, -0.006210042864782339, 0, 0.0004892696437217219, 0, 0, -0.0011785415957584473, 0, 0, 0, 0, 0, 0, 0, 0, 0.0010635332815564407, 0.002818178197244733, 0, 0, 0, -0.004458252441639093, 0.005510502845002196, 0, 0, 0, 0, 0, 0, 0, 0, -0.0028553714690916477, 0, 0, 0, 0, 0.00010460145838568263, 0, 0, 0, 0, 0, 0.000423581900695236, 0, 0, 0, -0.004244924827635537, 0, 0, 0, -0.006534903281311312, 0, 0, 0, 0, 0, 0.0023702601677422727, 0, 0, 0.006174146900229065, 0, 0, 0, 0, 0, 0, 0, 0, 0, 0, 0, 0, 0, 0, 0, 0, 0, 0, 0, -0.003882217970977187, 0, 0, 0, 0, 0, 0, -0.004382396384961871, 0, 0.000981833185027287, 0, 0, 0, 0, 0, 0, 0, -0.0008619207929077682, 0, 0.006084390653946076, 0, 0, 0, 0, 0.002541118455675181, 0, 0, 0, 0, 0, 0, 0, 0, 0, 0, 0, 0.0007719366821342452, 0, 0, 0, 0, 0, 0, 0, 0, 0.0003739123776343089, -0.001179998812486781, 0, 0, 0, 0, 0, 0, -0.005211964415674614, 0, 0, 0, 0, 0, 0, -0.0049380927307174, 0, 0, 0, 0.005923675769590746, 0, -0.0026953080216921507, 0.011997624268341552, 0, 0, 0.0009993621636918853, -0.0047523562717949825, 0, 0.00461217897579509, 0, 0.001743924070162336, 0, 0, -0.0029919295598971607, 0, 0, 0, 0.0013505273049600963, 0, 0, 0, 0, 0, 0, 0, 0, 0, 0, 0, 0, 0, 0, 0, 0, 0.00021301034799535364, 0, 0, 0.001983709536833882, 0, 0, 0.004509800241610476, 0.007095413626742247, 0, 0, 0, 0, 0, -0.004450273946733197, 0, 0, 0, 0, -0.0041833544206526675, 0, 0, 0, 0.0049301433947338555, 0, 0, -0.000979926646588272, 0, 0, 0, 0, 0, 0, 0.0020837766651615928, 0, 0, 0, 0, 0, 0.0019752295584852374, 0, 0, 0, 0, 0, 0, 0, 0, 0, 0, 0, 0, -0.001396279207296959, 0, 0, 0, -0.005268406881718219, 0, 0, 0.0023079606502477423, 0, 0, 0, 0, 0, -0.004407618337391432, 0, 0, 0.0006297849066303176, 0, 0, 0, 0, 0, 0, 0, 0, 0, 0, 0.0023811893954531847, 0, 0.006859745610826665, 0, 0, 0, 0, 0.0014262656896932826, 0.0013387255662917416, -0.006867330239421435, 0.0046055091295606485, 0, 0, 0, 0, 0, 0, 0, 0, 0, -0.0026438126999724794, 0, 0, 0, 0, 0, 0.0019219817170309133, 0, 0, 0, 0, -0.0020353459704812492, 0, 0, 0, 0, 0, 0, 0.0036074605066149703, 0, 0, 0, -0.003169495622858098, 0, 0, 0, 0.00014180572117087579, 0, 0, 0, 0.0037789954013654715, 0, 0.0023153376564532704, 0, 0, 0, 0, 0, 0, 0, 0.0003706845782105376, 0.003299804994464483, 0, 0, 0, 0, 0, 0, 0, 0, -0.003568705597915341, 0, -0.005136795466469854, 0, 0, 0, 0, 0, 0, 0, 0, 0, 0, 0, 0.0029871207994606346, 0, 0, 0, 0, 0, 0, 0, 0, 0, 0, 0, -9.289947630904974e-05, 0, 0, 0, 0, 0, 0, -0.005354925131443843, 0, 0, 0, 0, 0.0016370517009449983, 0, 0, 0, 0, 0, 0, -0.003615331087995934, 0, 6.460380608003352e-05, -0.0009201508657457754, 0, 0, -0.0006253010875497364, 0, 0, -0.0004611818020382649, 0, -0.0033537446497690906, 0, 0, 0, 0.0017461009866439172, 0, 0, -0.0005053794222365849, 0, 0, -0.00404300314831553, 0, 0, 0, 0, 0.0002958659857787777, 0.006977521132867188, -0.004441095599409202, 0.0010639712858017702, 0, 0, 0, 0, 0, 0, 0, -0.0035216511579144144, 0, 0, 0, 0, 0.0004508317871134129, 0, 0, 0.0015507083330300645, 0, 0, 0, 0.0026833423681561063, 0, 0, 0, 0, 0, 0.003947004721155005, 0, 0, 0, 0, 0, 0, 0, 0, 0, 0, 0.002494941665378763, -0.0022515099819780393, 0.010538208063429248, 0, 0, 0, 0, 0, 0]
Start Date: 2022-09-21
End Date: 2025-11-06
Sharpe Ratio: -0.006
Annualized Sharpe: -0.094
Sharpe 95% CI: (np.float64(-1.109), np.float64(0.908))
Sortino Ratio: -0.006
CAGR: -0.003
Calmar Ratio: -0.048
Daily Win Rate (%): 0.478
Max Drawdown: 0.062
Profit Factor: 0.972
Expectancy: -4.4e-05
Average Win: 0.003217
Average Loss: 0.003031
Total Trades: 228
Total Days: 980



Rolling 1 - Variant 3 - atr_1_0.5 - Fit Metrics
Contracts: [10, 11, 6, 10, 10, 7, 7, 6, 7, 7, 7, 6, 7, 10, 8, 8, 8, 8, 8, 7, 7, 7, 7, 7, 8, 7, 8, 7, 8, 5, 7, 7, 7, 7, 5, 7, 7, 6, 6, 6, 6, 6, 6, 6, 6, 6, 5, 7, 8, 7, 8, 8, 7, 5, 6, 6, 6, 6, 6, 6, 5, 9, 5, 10, 5, 5, 6, 6, 6, 6, 6, 7, 8, 7, 6, 7, 7, 7, 7, 8, 8, 8, 8, 9, 9, 9, 9, 10, 11, 11, 7, 10, 7, 7, 7, 7, 7, 8, 9, 9, 9, 10, 9, 9, 9, 10, 11, 11, 11, 11, 10, 11, 10, 10, 10, 10, 9, 10, 10, 10, 9, 10, 10, 10, 10, 11, 11, 9, 10, 10, 9, 9, 9, 9, 10, 10, 9, 9, 10, 10, 9, 10, 12, 10, 10, 9, 10, 8, 12, 10, 10, 10, 10, 12, 12, 13, 13, 13, 13, 14, 13, 13, 13, 12, 12, 12, 12, 12, 12, 12, 12, 11, 11, 11, 14, 12, 14, 13, 14, 12, 13, 12, 12, 12, 12, 11, 15, 16, 14, 11, 13, 14, 11, 11, 12, 10, 10, 10, 10, 6, 8, 13, 13, 13, 11, 7, 9, 7, 8, 8, 7, 7, 7, 8, 7, 7, 8, 8, 8, 8, 8, 7, 7, 7, 8, 8, 8, 8, 8, 8, 8, 7, 7, 5, 5, 5, 5, 6, 5, 6, 7, 7, 7, 7, 7, 7, 7, 8, 8, 9, 8, 8, 8, 9, 8, 7, 7, 7, 7, 7, 7, 7, 7, 7, 8, 10, 9, 9, 8, 10, 10, 10, 10, 12, 12, 11]
Trade Returns: [-0.010718831787336817, 0.00498825, 0.0046813552206734724, 0.004223558773163428, 0.004181383725276355, 0.004423377776117584, 0.0003066686560283416, 0.0027904232494972135, -0.002949071837514659, -0.0005459723523180458, 0.0027981971045630974, -0.0016613069168586317, -0.008209685092666534, 0.003937385420108388, 0.004046351405206647, 0.0041291698825648366, 0.0020391155089685073, 0.0009616731408309022, -0.003172987096173165, 0.0016117596050280614, -0.0002453081126824148, 0.00040170000744677487, 0.0033601802202619796, 0.003555066840301177, 0.0009199025035549011, 0.0036377863450091814, 0.00018463426474793195, 0.0030529239619230763, -0.0019073062898451374, -0.0007991374281062068, -0.007869527910870432, -0.001871012971669646, 0.004535096354247691, 0.004093591273663671, 0.0037305120017606646, -0.0001702990965066155, 0.004752764470894713, 0.0032115238205373932, -0.0014305604006260523, -0.0002775122055918445, -2.4841492861075616e-05, -0.0016968220634067902, -0.002304024374933157, -0.0034596743293424967, 0.004017586520632926, 0.0046696222483392814, 0.004623913359716184, -0.0036666882990460847]
Daily Returns: [-0.010718831787336817, 0.00498825, 0, 0, 0, 0, 0, 0, 0, 0, 0, 0, 0.0046813552206734724, 0, 0, 0.004223558773163428, 0, 0, 0, 0, 0, 0, 0, 0, 0, 0, 0, 0, 0, 0, 0, 0.004181383725276355, 0, 0, 0.004423377776117584, 0, 0, 0, 0, 0, 0.0003066686560283416, 0, 0, -0.0007046209403354912, 0, 0, 0.0027981971045630974, 0, 0, 0, 0, -0.0016613069168586317, 0, 0, 0, 0, 0, 0, 0, 0, -0.008209685092666534, 0, 0, 0, 0, 0, 0.003937385420108388, 0.008175521287771484, 0, 0, 0, 0, 0, 0, 0, 0, 0, 0, 0.0020391155089685073, -0.0022113139553422627, 0, 0.0016117596050280614, 0.00015639189476436007, 0, 0, 0, 0, 0, 0, 0, 0, 0, 0, 0, 0, 0, 0, 0, 0, 0, 0, 0.0033601802202619796, 0, 0, 0, 0, 0.003555066840301177, 0.0009199025035549011, 0.0036377863450091814, 0, 0, 0, 0, 0, 0, 0, 0, 0, 0, 0, 0.00018463426474793195, 0.00034648024397173206, 0, 0, 0, 0, 0, 0, 0, 0, -0.007869527910870432, 0, 0, 0, 0, 0, 0, 0, 0, 0, 0, 0, 0, 0, 0, -0.001871012971669646, 0, 0.004535096354247691, 0, 0, 0.007653804178917719, 0.004752764470894713, 0, 0, 0, 0.0032115238205373932, 0, -0.0017080726062178968, 0, 0, -2.4841492861075616e-05, 0, 0, 0, 0, 0, 0, 0, 0, -0.0016968220634067902, 0, 0, 0, 0, 0, -0.002304024374933157, 0, -0.0034596743293424967, 0.004017586520632926, 0, 0, 0.0046696222483392814, 0, 0, 0, 0, 0.004623913359716184, 0, 0, 0, 0, 0, 0, 0, 0, -0.0036666882990460847, 0]
Start Date: 2022-02-03
End Date: 2022-09-20
Sharpe Ratio: 0.11
Annualized Sharpe: 1.753
Sharpe 95% CI: (np.float64(-0.403), np.float64(4.147))
Sortino Ratio: 0.063
CAGR: 0.053
Calmar Ratio: 5.399
Daily Win Rate (%): 0.604
Max Drawdown: 0.01
Profit Factor: 1.772
Expectancy: 0.000852
Average Win: 0.003237
Average Loss: 0.002788
Total Trades: 48
Total Days: 197

Rolling 1 - Variant 3 - atr_1_0.5 - Test Metrics
Contracts: [10, 11, 6, 10, 10, 7, 7, 6, 7, 7, 7, 6, 7, 10, 8, 8, 8, 8, 8, 7, 7, 7, 7, 7, 8, 7, 8, 7, 8, 5, 7, 7, 7, 7, 5, 7, 7, 6, 6, 6, 6, 6, 6, 6, 6, 6, 5, 7, 8, 7, 8, 8, 7, 5, 6, 6, 6, 6, 6, 6, 5, 9, 5, 10, 5, 5, 6, 6, 6, 6, 6, 7, 8, 7, 6, 7, 7, 7, 7, 8, 8, 8, 8, 9, 9, 9, 9, 10, 11, 11, 7, 10, 7, 7, 7, 7, 7, 8, 9, 9, 9, 10, 9, 9, 9, 10, 11, 11, 11, 11, 10, 11, 10, 10, 10, 10, 9, 10, 10, 10, 9, 10, 10, 10, 10, 11, 11, 9, 10, 10, 9, 9, 9, 9, 10, 10, 9, 9, 10, 10, 9, 10, 12, 10, 10, 9, 10, 8, 12, 10, 10, 10, 10, 12, 12, 13, 13, 13, 13, 14, 13, 13, 13, 12, 12, 12, 12, 12, 12, 12, 12, 11, 11, 11, 14, 12, 14, 13, 14, 12, 13, 12, 12, 12, 12, 11, 15, 16, 14, 11, 13, 14, 11, 11, 12, 10, 10, 10, 10, 6, 8, 13, 13, 13, 11, 7, 9, 7, 8, 8, 7, 7, 7, 8, 7, 7, 8, 8, 8, 8, 8, 7, 7, 7, 8, 8, 8, 8, 8, 8, 8, 7, 7, 5, 5, 5, 5, 6, 5, 6, 7, 7, 7, 7, 7, 7, 7, 8, 8, 9, 8, 8, 8, 9, 8, 7, 7, 7, 7, 7, 7, 7, 7, 7, 8, 10, 9, 9, 8, 10, 10, 10, 10, 12, 12, 11]
Trade Returns: [-0.0004560857176585377, 0.004271034063005623, 0.0038951841869159054, 8.282298564251544e-05, -0.0034980606699844038, 0.00029875015185511233, -0.0033917358962202533, -0.00011097105328506544, 0.0023149335877077418, -0.000944738858771781, -0.0007620182210398576, -0.0021578877494627603, 0.0009877377457732151, 0.0034776761256723734, -0.0018453352399481313, -0.0016699096595851636, 0.0010501685242462243, -0.00045409934172293377, -0.00675614934624817, -0.005790845209035379, -0.0025636248347626427, 0.0034673279819429957, 0.0009040544135265305, 0.0028640541927486213, -0.007441143291366795, -0.0037804627197346144, -0.006130156666226019, 0.0033988864863833262, 0.003592683866155607, -0.0075325544582676715, 0.0011663028375172243, -0.0016774496235502845, -0.007593620782295333, 0.005781558412719216, 0.005037099431911919, 0.0021487685701767254, -0.0014764885422918262, -0.005328372779214861, -0.0014473229227261277, -0.00046121247245365016, 0.00210732514370879, -0.002955289990964909, 0.0005569574956057078, 0.0022995813837615466, -0.0054633334807951996, 0.004487979554438933, -0.0022537814420262427, 0.003397470254957398, 0.003938218383011004, -0.002238187849208036, -0.002477769074406871, 0.0040167495008459255, -0.004479042527482163, -0.0024752047130850033, 0.0006274157915173463, -0.00238633423951698, -0.006450518970630172, -0.0011439583706890513, 0.003265771381056442, -0.007907436295943692, 0.0037273488100628043, -0.01130996690525668, 0.0015717206717556856, -0.006924259948949144, -4.295096395823676e-05, 0.00045209404495929974, -0.003730322902920209, 0.0006468824843620172, 0.004178266767336903, -0.005058369983654603, 0.003808591014388253, 0.003610665279471914, 0.0003653244203647105, -0.0016552091889707405, 0.0023404715121736783, -0.001727780876307376, -0.0004899941603263629, 0.002897313485318821, -0.0013585759177710355, 0.0035835153790660652, 0.002715499172973973, 0.000858587614402788, -0.0009349411392703122, -0.0022886436421503268, -0.001174273481351182, -0.006231360315908146, -0.009166499214916038, 0.0046201355420811396, 0.0030749649101899854, -0.00048632053953554893, -0.0015170797669716678, -0.001050046340337181, 0.0029320017571783322, -0.0062623602796806396, 0.00301491662371447, 0.00021041996088471703, 0.0025923468625653956, -0.005492117637855206, -0.002334137586184313, -0.0005875480321918697, -0.003524697794942498, -0.007183043941073525, 0.0030306132928039466, 0.0029402452163793595, -0.0007207935958933313, 0.00027354273753302043, 0.0008560514297022507, 0.005069276622818436, -0.0017298589322709396, -0.0005899631521151334, 0.004822924107999244, 0.0014757253044939461, 0.00040531801860625786, -0.006916902868672481, -0.00865473817243513, 0.0035104642881869713, -0.0018179048729977294, 0.004488664220212154, -0.002307142370411003, -0.00227302476931909, 0.002453923684763014, -0.007602813283049079, 0.0017902201779036845, -0.007647368410053616, 0.00047828041725945397, -0.0012478693407395056, 0.0010408753924689546, 0.003344022091854068, 0.0005692328256456939, 0.004225379871559826, -0.00543544770179416, 0.00010892763932317842, 0.0035533736830676414, -0.008073246697537268, -0.008207634153747591, 0.0023124062271784565, 0.003121319583260224, -0.004035364654805916, -0.006135427109172018, 0.0009485204565530752, -0.0008274902702717641, 0.003982660357358025, 0.00485051887732498, 0.0024393626307375365, 0.0008110571376820534, 0.001797934384584142, -0.0014053153495672554, -0.001238633759148116, -0.014123689278835876, 0.007546628504949156, -0.0029090351536411206, 0.004544622044731504, -0.0025169407499861535, 0.00598701468606729, 0.0010603562315622194, -0.0071280252799591865, 0.0028773826275730135, 0.00162284095331429, -0.0027845322281340756, 0.0012566488003401082, 0.00019832342850700696, 0.0020063581516592847, 0.004614822091518915, 0.004148971144139006, 0.003943926923608962, -0.0051933339260108, 0.003800193394455227, -0.0009226435521712149, 0.0022070855889808638, 0.0028187172456136424, -0.00039602855562803353, 0.003065728793720793, -0.0042918283407766145, 0.0012634815933774718, -0.004657703217366973, 0.002135719962488589, -0.00819477505657398, 0.0032193259555811466, 0.0022584059164478137, -0.0068510992490105225, 0.004889331660869477, 0.007187651930331423, 0.001424978000296335, -0.0061990495525672835, 0.004613384043979647, -0.002813907903411899, 0.0031739485310481406, -0.0019755021586645716, -0.002168227902601225, 0.003110193454214637, -0.006589481310179385, 0.0037658373220733244, 0.0030013954791146707, 0.0024695191224303145, -0.00016727703952099397, 0.0005131655238521538, 0.0029159984094742565, 0.0031109633058440853, -3.100774395227653e-05, -0.002816950306179994, -0.007783786687631549, 0.0030109530630999643, 0.0012678180664386957, -9.850765825704652e-05, -0.0016801913025395838, 0.0015178797675500766, -0.003079566873350728, 5.987579527754253e-05, -0.0008528139234806267, 0.0027089722478325935, -0.0004868369481965415, -0.002993536841617319, 0.0018426164327974787, 0.0028201609111530536, -0.0005037373039078633, 0.00030978058323187686, 0.00357443245403915, -0.003770947909268628, 0.0010027843987059537, -0.00230754627478931, 0.0004730521373066753, 0.003803061771236636, -0.0032653073845500843, 0.003564301807170983, 0.003994957248683566, 0.0034616518085956506, -0.00236241863693351, 0.004973434061333187]
Daily Returns: [0, 0, 0, 0, 0, 0, 0, 0, 0, 0, 0, 0, 0, -0.0004560857176585377, 0, 0, 0, 0, 0, 0.004271034063005623, 0, 0, 0, 0, 0, 0, 0.003978007172558421, 0, 0, 0, -0.0034980606699844038, 0, 0.00029875015185511233, 0, 0, 0, 0, -0.0033917358962202533, 0, 0, 0, 0, 0, 0, -0.00011097105328506544, 0, 0, 0, 0, 0, 0, 0, 0, 0, 0.0023149335877077418, 0, 0, 0, 0, 0, -0.000944738858771781, 0, 0, 0, 0, 0, -0.0007620182210398576, -0.0021578877494627603, 0, 0, 0, 0.0009877377457732151, 0, 0.0034776761256723734, 0, -0.0018453352399481313, 0, 0, 0, 0, -0.0016699096595851636, 0, 0, 0.0010501685242462243, 0, -0.00045409934172293377, 0, 0, 0, -0.00675614934624817, 0, 0, 0, 0, -0.005790845209035379, 0, 0, 0, 0, 0, 0, 0, -0.0025636248347626427, 0, 0.0034673279819429957, 0, 0.0009040544135265305, 0, 0, 0, 0.0028640541927486213, 0, 0, 0, 0, 0, -0.007441143291366795, 0, -0.0037804627197346144, 0, 0, 0, 0, 0, 0, -0.006130156666226019, 0, 0.0033988864863833262, 0.003592683866155607, 0, 0, 0, 0, 0, 0, 0, 0, 0, -0.0075325544582676715, 0.0011663028375172243, 0, 0, -0.0016774496235502845, -0.007593620782295333, 0, 0, 0.005781558412719216, 0, 0, 0, 0.005037099431911919, 0, 0, 0, 0, 0, 0.0021487685701767254, 0, 0, -0.0014764885422918262, 0, 0, 0, 0, 0, 0, -0.006775695701940988, 0, 0, 0, -0.00046121247245365016, 0, 0.00210732514370879, 0, -0.002955289990964909, 0, 0, 0, 0.0005569574956057078, 0, 0, 0, 0.0022995813837615466, 0, -0.0054633334807951996, 0, 0, 0, 0.004487979554438933, 0, 0, 0, -0.0022537814420262427, 0.003397470254957398, 0, 0, 0.0017000305338029684, 0, 0, 0, 0, 0, 0, 0, 0, -0.002477769074406871, 0, 0, 0, 0, 0, 0, 0, 0, 0, 0, 0.0040167495008459255, 0, -0.004479042527482163, 0, 0, 0, 0, -0.0024752047130850033, 0, 0, 0, 0, 0, 0, 0, 0, 0, 0, 0, 0, 0, 0, 0, 0, 0.0006274157915173463, 0, 0, 0, 0, -0.00238633423951698, 0, 0, -0.007594477341319223, 0, 0, 0.003265771381056442, 0, -0.007907436295943692, 0, 0, 0, 0, 0, 0.0037273488100628043, 0, 0, 0, 0, 0, -0.01130996690525668, 0, 0, 0, 0, 0, 0, 0, 0, 0.0015717206717556856, 0, 0, -0.006967210912907381, 0, 0, 0.00045209404495929974, 0, 0, 0, 0, 0, 0, -0.003730322902920209, 0, 0, 0, 0, 0, 0.0006468824843620172, 0, 0, -0.0008801032163177, 0, 0, 0.003808591014388253, 0, 0, 0, 0, 0, 0.003610665279471914, 0, 0, 0, 0, 0.0003653244203647105, 0, 0, 0, 0, 0, 0, 0, -0.0016552091889707405, 0, 0, 0, 0, 0, 0, 0, 0.0023404715121736783, 0, 0, 0, 0, 0, 0, 0, 0, 0, -0.001727780876307376, 0.002407319324992458, 0, 0, -0.0013585759177710355, 0, 0.0035835153790660652, 0.002715499172973973, 0, 0, 0, 0.000858587614402788, 0, -0.0009349411392703122, -0.0022886436421503268, 0, 0, 0, 0, -0.001174273481351182, 0, 0, 0, -0.015397859530824183, 0, 0, 0, 0, 0, 0, 0, 0, 0, 0, 0, 0, 0, 0.0046201355420811396, 0.0030749649101899854, 0, 0, 0, 0, 0, 0, 0, 0, -0.00048632053953554893, 0, -0.0015170797669716678, 0, 0, 0, 0, 0, -0.001050046340337181, 0, 0, 0, 0, 0, 0.0029320017571783322, 0, 0, 0, 0, 0, 0, 0, 0, 0, 0, 0, 0, 0, 0, 0, 0, 0, 0, 0, 0, 0, 0, 0, 0, 0, 0, 0, 0, 0, 0, -0.0062623602796806396, 0, 0, 0, 0, 0.0032253365845991873, 0.0025923468625653956, 0, 0, -0.005492117637855206, 0, 0, 0, 0, 0, 0, 0, 0, 0, 0, 0, 0, -0.002334137586184313, 0, 0, 0, 0, 0, -0.0005875480321918697, 0, 0, 0, 0, 0, -0.003524697794942498, -0.007183043941073525, 0, 0, 0.0030306132928039466, 0, 0.0029402452163793595, -0.0007207935958933313, 0.00027354273753302043, 0, 0, 0, 0, 0, 0, 0, 0, 0, 0, 0, 0.0008560514297022507, 0, 0, 0, 0, 0.005069276622818436, -0.0017298589322709396, 0, 0, 0, 0, -0.0005899631521151334, 0.0062986494124931906, 0, 0.00040531801860625786, -0.015571641041107611, 0, 0, 0, 0, 0, 0, 0.0016925594151892419, 0.004488664220212154, 0, 0, 0, 0, 0, -0.002307142370411003, 0, 0, 0, 0, -0.00227302476931909, 0, 0, 0, 0, 0, 0.002453923684763014, 0, 0, 0, 0, 0, -0.007602813283049079, 0, 0.0017902201779036845, 0, 0, 0, 0, 0, -0.007647368410053616, 0, 0.00047828041725945397, 0, 0, -0.0012478693407395056, 0, 0, 0, 0, 0, 0, 0, 0, 0.0010408753924689546, 0.003344022091854068, 0, 0, 0, 0.0005692328256456939, 0.004225379871559826, 0, 0, 0, 0, 0, 0, 0, 0, -0.00543544770179416, 0, 0, 0, 0, 0.00010892763932317842, 0, 0, 0, 0, 0, 0.0035533736830676414, 0, 0, 0, -0.008073246697537268, 0, 0, 0, -0.008207634153747591, 0, 0, 0, 0, 0, 0.0023124062271784565, 0, 0, 0.003121319583260224, 0, 0, 0, 0, 0, 0, 0, 0, 0, 0, 0, 0, 0, 0, 0, 0, 0, 0, 0, -0.004035364654805916, 0, 0, 0, 0, 0, 0, -0.006135427109172018, 0, 0.0009485204565530752, 0, 0, 0, 0, 0, 0, 0, -0.0008274902702717641, 0, 0.008833179234683006, 0, 0, 0, 0, 0.0024393626307375365, 0, 0, 0, 0, 0, 0, 0, 0, 0, 0, 0, 0.0008110571376820534, 0, 0, 0, 0, 0, 0, 0, 0, 0.0003926190350168866, -0.001238633759148116, 0, 0, 0, 0, 0, 0, -0.00657706077388672, 0, 0, 0, 0, 0, 0, -0.0029090351536411206, 0, 0, 0, 0.004544622044731504, 0, -0.0025169407499861535, 0.00598701468606729, 0, 0, 0.0010603562315622194, -0.0071280252799591865, 0, 0.0028773826275730135, 0, 0.00162284095331429, 0, 0, -0.0027845322281340756, 0, 0, 0, 0.0012566488003401082, 0, 0, 0, 0, 0, 0, 0, 0, 0, 0, 0, 0, 0, 0, 0, 0, 0.00019832342850700696, 0, 0, 0.0020063581516592847, 0, 0, 0.004614822091518915, 0.004148971144139006, 0, 0, 0, 0, 0, 0.003943926923608962, 0, 0, 0, 0, -0.0051933339260108, 0, 0, 0, 0.003800193394455227, 0, 0, -0.0009226435521712149, 0, 0, 0, 0, 0, 0, 0.0022070855889808638, 0, 0, 0, 0, 0, 0.0024226886899856087, 0, 0, 0, 0, 0, 0, 0, 0, 0, 0, 0, 0, 3.738204632165016e-05, 0, 0, 0, -0.004657703217366973, 0, 0, 0.002135719962488589, 0, 0, 0, 0, 0, -0.00819477505657398, 0, 0, 0.0032193259555811466, 0, 0, 0, 0, 0, 0, 0, 0, 0, 0, 0.0022584059164478137, 0, -0.001961767588141045, 0, 0, 0, 0, 0.007187651930331423, 0.001424978000296335, -0.0061990495525672835, 0.004613384043979647, 0, 0, 0, 0, 0, 0, 0, 0, 0, -0.002813907903411899, 0, 0, 0, 0, 0, 0.001198446372383569, 0, 0, 0, 0, -0.002168227902601225, 0, 0, 0, 0, 0, 0, 0.003110193454214637, 0, 0, 0, -0.006589481310179385, 0, 0, 0, 0.0037658373220733244, 0, 0, 0, 0.0030013954791146707, 0, 0.0024695191224303145, 0, 0, 0, 0, 0, 0, 0, 0.00034588848433115985, 0.005995953971366065, 0, 0, 0, 0, 0, 0, 0, 0, -0.002816950306179994, 0, -0.007783786687631549, 0, 0, 0, 0, 0, 0, 0, 0, 0, 0, 0, 0.00427877112953866, 0, 0, 0, 0, 0, 0, 0, 0, 0, 0, 0, -9.850765825704652e-05, 0, 0, 0, 0, 0, 0, -0.0016801913025395838, 0, 0, 0, 0, 0.0015178797675500766, 0, 0, 0, 0, 0, 0, -0.003079566873350728, 0, 5.987579527754253e-05, -0.0008528139234806267, 0, 0, 0.0027089722478325935, 0, 0, -0.0004868369481965415, 0, -0.002993536841617319, 0, 0, 0, 0.0018426164327974787, 0, 0, 0.0028201609111530536, 0, 0, -0.0005037373039078633, 0, 0, 0, 0, 0.00030978058323187686, 0.00357443245403915, -0.003770947909268628, 0.0010027843987059537, 0, 0, 0, 0, 0, 0, 0, -0.00230754627478931, 0, 0, 0, 0, 0.0004730521373066753, 0, 0, 0.0005377543866865518, 0, 0, 0, 0.003564301807170983, 0, 0, 0, 0, 0, 0.003994957248683566, 0, 0, 0, 0, 0, 0, 0, 0, 0, 0, 0.0034616518085956506, -0.00236241863693351, 0.004973434061333187, 0, 0, 0, 0, 0, 0]
Start Date: 2022-09-21
End Date: 2025-11-06
Sharpe Ratio: -0.035
Annualized Sharpe: -0.551
Sharpe 95% CI: (np.float64(-1.484), np.float64(0.444))
Sortino Ratio: -0.02
CAGR: -0.016
Calmar Ratio: -0.157
Daily Win Rate (%): 0.526
Max Drawdown: 0.104
Profit Factor: 0.837
Expectancy: -0.000273
Average Win: 0.002671
Average Loss: 0.003545
Total Trades: 228
Total Days: 980



Rolling 1 - Variant 4 - atr_2_0.25 - Fit Metrics
Contracts: [10, 11, 6, 10, 10, 7, 7, 6, 7, 7, 7, 6, 7, 10, 8, 8, 8, 8, 8, 7, 7, 7, 7, 7, 8, 7, 8, 7, 8, 5, 7, 7, 7, 7, 5, 7, 7, 6, 6, 6, 6, 6, 6, 6, 6, 6, 5, 7, 8, 7, 8, 8, 7, 5, 6, 5, 6, 6, 6, 6, 5, 9, 5, 10, 5, 5, 6, 6, 6, 6, 6, 7, 8, 7, 6, 7, 7, 7, 7, 8, 8, 8, 8, 9, 9, 9, 9, 10, 11, 11, 8, 10, 7, 7, 7, 7, 7, 8, 9, 9, 10, 10, 9, 9, 9, 10, 11, 11, 11, 11, 10, 11, 10, 10, 10, 10, 9, 10, 10, 10, 9, 10, 10, 11, 11, 11, 11, 9, 10, 10, 9, 10, 9, 10, 10, 10, 10, 10, 10, 10, 9, 11, 12, 10, 10, 9, 10, 8, 12, 10, 10, 10, 10, 12, 12, 13, 13, 13, 13, 14, 13, 13, 13, 12, 12, 12, 12, 12, 12, 12, 12, 11, 11, 11, 14, 13, 14, 13, 14, 12, 13, 12, 12, 12, 12, 11, 16, 16, 15, 11, 13, 14, 12, 11, 12, 10, 11, 10, 10, 6, 8, 13, 13, 13, 11, 7, 9, 8, 8, 8, 7, 7, 7, 8, 8, 8, 8, 8, 8, 8, 8, 7, 7, 7, 8, 8, 8, 8, 8, 9, 9, 7, 7, 5, 5, 5, 5, 6, 5, 6, 7, 7, 7, 7, 7, 7, 8, 8, 8, 9, 8, 8, 9, 9, 9, 7, 8, 8, 8, 8, 7, 7, 7, 7, 9, 11, 9, 9, 9, 10, 10, 10, 11, 12, 12, 12]
Trade Returns: [-0.011676735970793486, 0.004972625, 0.004670285088452802, 0.004227745532063758, 0.00418551122657487, 0.004427725953720835, 0.0003069687822498555, 0.0027823807319626395, -0.0029519823614855153, -0.0005465065129871369, 0.0028102034575431213, -0.0016629314528695863, -0.00643865009129327, 0.003950646204259459, 0.004034644677881378, 0.004129969462828721, 0.002039508743106435, 0.0009618582176499912, -0.003173597160059642, 0.0016120704814220046, -0.000245355351589383, 0.00040177738167646113, 0.003378750210544131, 0.003575530159598386, 0.000921969026824201, 0.00363360218097139, 0.00018504940354372893, 0.003059787003802614, -0.001911580878046112, -0.0008009318571784241, -0.009941228784093235, -0.0018752206166248013, 0.004545314308860433, 0.00410277274740578, 0.003738844940585815, -0.00017067808093322248, 0.004772446515167654, 0.0032276691066200273, -0.0014336933617879813, -0.0002781208364853756, -2.4895989585378656e-05, -0.0017006314880511262, -0.0023090795813213317, -0.0034672826887721555, 0.004037069494533643, 0.004667751532263086, 0.0046340361467520795, -0.003674678478205117]
Daily Returns: [-0.011676735970793486, 0.004972625, 0, 0, 0, 0, 0, 0, 0, 0, 0, 0, 0.004670285088452802, 0, 0, 0.004227745532063758, 0, 0, 0, 0, 0, 0, 0, 0, 0, 0, 0, 0, 0, 0, 0, 0.00418551122657487, 0, 0, 0.004427725953720835, 0, 0, 0, 0, 0, 0.0003069687822498555, 0, 0, -0.0007161081425100127, 0, 0, 0.0028102034575431213, 0, 0, 0, 0, -0.0016629314528695863, 0, 0, 0, 0, 0, 0, 0, 0, -0.00643865009129327, 0, 0, 0, 0, 0, 0.003950646204259459, 0.0081646141407101, 0, 0, 0, 0, 0, 0, 0, 0, 0, 0, 0.002039508743106435, -0.0022117389424096507, 0, 0.0016120704814220046, 0.00015642203008707815, 0, 0, 0, 0, 0, 0, 0, 0, 0, 0, 0, 0, 0, 0, 0, 0, 0, 0, 0.003378750210544131, 0, 0, 0, 0, 0.003575530159598386, 0.000921969026824201, 0.00363360218097139, 0, 0, 0, 0, 0, 0, 0, 0, 0, 0, 0, 0.00018504940354372893, 0.000347274268578078, 0, 0, 0, 0, 0, 0, 0, 0, -0.009941228784093235, 0, 0, 0, 0, 0, 0, 0, 0, 0, 0, 0, 0, 0, 0, -0.0018752206166248013, 0, 0.004545314308860433, 0, 0, 0.007670939607058372, 0.004772446515167654, 0, 0, 0, 0.0032276691066200273, 0, -0.0017118141982733568, 0, 0, -2.4895989585378656e-05, 0, 0, 0, 0, 0, 0, 0, 0, -0.0017006314880511262, 0, 0, 0, 0, 0, -0.0023090795813213317, 0, -0.0034672826887721555, 0.004037069494533643, 0, 0, 0.004667751532263086, 0, 0, 0, 0, 0.0046340361467520795, 0, 0, 0, 0, 0, 0, 0, 0, -0.003674678478205117, 0]
Start Date: 2022-02-03
End Date: 2022-09-20
Sharpe Ratio: 0.105
Annualized Sharpe: 1.662
Sharpe 95% CI: (np.float64(-0.504), np.float64(4.128))
Sortino Ratio: 0.057
CAGR: 0.052
Calmar Ratio: 4.375
Daily Win Rate (%): 0.604
Max Drawdown: 0.012
Profit Factor: 1.732
Expectancy: 0.000827
Average Win: 0.003241
Average Loss: 0.002857
Total Trades: 48
Total Days: 197

Rolling 1 - Variant 4 - atr_2_0.25 - Test Metrics
Contracts: [10, 11, 6, 10, 10, 7, 7, 6, 7, 7, 7, 6, 7, 10, 8, 8, 8, 8, 8, 7, 7, 7, 7, 7, 8, 7, 8, 7, 8, 5, 7, 7, 7, 7, 5, 7, 7, 6, 6, 6, 6, 6, 6, 6, 6, 6, 5, 7, 8, 7, 8, 8, 7, 5, 6, 5, 6, 6, 6, 6, 5, 9, 5, 10, 5, 5, 6, 6, 6, 6, 6, 7, 8, 7, 6, 7, 7, 7, 7, 8, 8, 8, 8, 9, 9, 9, 9, 10, 11, 11, 8, 10, 7, 7, 7, 7, 7, 8, 9, 9, 10, 10, 9, 9, 9, 10, 11, 11, 11, 11, 10, 11, 10, 10, 10, 10, 9, 10, 10, 10, 9, 10, 10, 11, 11, 11, 11, 9, 10, 10, 9, 10, 9, 10, 10, 10, 10, 10, 10, 10, 9, 11, 12, 10, 10, 9, 10, 8, 12, 10, 10, 10, 10, 12, 12, 13, 13, 13, 13, 14, 13, 13, 13, 12, 12, 12, 12, 12, 12, 12, 12, 11, 11, 11, 14, 13, 14, 13, 14, 12, 13, 12, 12, 12, 12, 11, 16, 16, 15, 11, 13, 14, 12, 11, 12, 10, 11, 10, 10, 6, 8, 13, 13, 13, 11, 7, 9, 8, 8, 8, 7, 7, 7, 8, 8, 8, 8, 8, 8, 8, 8, 7, 7, 7, 8, 8, 8, 8, 8, 9, 9, 7, 7, 5, 5, 5, 5, 6, 5, 6, 7, 7, 7, 7, 7, 7, 8, 8, 8, 9, 8, 8, 9, 9, 9, 7, 8, 8, 8, 8, 7, 7, 7, 7, 9, 11, 9, 9, 9, 10, 10, 10, 11, 12, 12, 12]
Trade Returns: [-0.0003809020789136262, 0.004280408378764095, 0.003912413148983364, 8.299632827400775e-05, -0.003505711502487984, 0.0002993774950676194, -0.0033988339696455726, -0.00011121450521824945, 0.002319793244586361, -0.0009467135547608389, -0.000763591645931653, -0.002162346788353407, 0.0009899574466584083, 0.003477805875890558, -0.0018491566865741892, -0.0016733742294347143, 0.0010523509661318432, -0.0004550420509829373, -0.006841942077049058, -0.005803373738145463, -0.0025691736285202065, 0.003464226915303055, 0.0009060162187981355, 0.0028808541851113763, -0.007457174138005849, -0.003788614276805224, -0.00027582605733794555, 0.003398427745745492, 0.003612614819540779, -0.005989645538083327, 0.0011602027238440742, -0.0016686862261850214, -0.0075538835852538705, 0.0057510734052393965, 0.005018450584079161, 0.0021534325555537938, -0.0016786175456013769, -0.005301598639579328, -0.0014400116170153348, -0.00045887236801432564, 0.0020858897858824633, -0.002940339500310702, 0.0005541421550492836, 0.0022879002708623424, -0.005435732405626797, 0.004946022770736883, -0.0022413370685038974, 0.0033786688027284276, 0.003916497840741682, -0.002225891680565738, -0.002465349413412513, 0.003978955460029931, -0.004454392860535619, -0.0024615218861896203, 0.0006239520241124116, -0.002373068149673992, -0.006414889334005088, -0.0011376468704668184, 0.0032630199503678823, -0.008899289708894925, 0.003706587807155072, -0.010389984957764794, 0.0015615968586436726, 0.0031761028352147646, -4.2245072631144113e-05, 0.00044957478906561434, -0.0036689497449407704, 0.0006362004549179236, 0.004505079049140056, -0.005472383143174747, 0.0037874853323541726, 0.0035514024136541252, 0.0003593494672587517, -0.0016465315061517534, 0.002302068732546308, -0.0016989702637882885, -0.0005353440448150586, 0.0031664060412696206, -0.0013363140053003091, 0.003523977707053506, 0.0026702625281378404, 0.0009381920636991762, -0.0010215435003194707, -0.0022512258690610375, -0.0011650106369664758, -0.013484411773225381, -0.017863551491923153, 0.004633205984746071, 0.0030731068143027393, -0.0004860207952671833, -0.0015161461306521667, -0.0010327882895151599, 0.0028990991148404297, -0.00625849858928498, 0.003013044664566077, 0.0002102897037817669, 0.0025748724694777754, 0.002504942642752604, -0.00231422531405657, -0.0005871834383313673, -0.0034945674081161616, -0.0074500256472521285, 0.003026115537657352, 0.0028936038639375246, -0.0007148390534275699, 0.0002712037614782029, 0.0008489752153017527, 0.005025813835554964, -0.0017288154449379084, -0.0005850795802978663, 0.004802014619586874, 0.0014635329120162377, 0.0004019741886712458, -0.006708577204052196, -0.007667726082121796, 0.0034581372224284073, -0.0018008362817350347, 0.004428885757282564, -0.0022855771897302172, -0.0022542516368121725, 0.002654219591837338, -0.007530115106414421, 0.0017729721953679337, -0.0075738197849790695, 0.00047379962246378305, -0.0012319796109128247, 0.0010276403632876472, 0.0033015455423691985, 0.0005620260907343422, 0.00419088969480183, -0.002370372903113572, 0.00010802713431839185, 0.0037426605207914855, -0.00736260259412281, -0.008675591759070412, 0.002282398939519236, 0.0030809075460030855, -0.003982988877603354, -0.006055475770497601, 0.0010213937305692373, -0.000898334277594354, 0.003915067640035415, 0.004787418382060546, 0.0024073814009475817, 0.0008005239072302664, 0.0017747071713311476, -0.0013871924786731096, -0.0012226382161502028, -0.010485565685090681, 0.0074511385768044405, -0.0028608937008375566, 0.004484073225005376, -0.0024757372919391243, 0.006014492821233145, 0.0010425266386548213, -0.007008294354925678, 0.0032342937711112582, 0.0015953893670691166, -0.0027375047794980845, 0.0012353672333029696, 0.00022270280532719634, 0.002010560279148691, 0.004547144676416766, 0.004089644859048301, 0.0038751953690303923, -0.00510329059551003, 0.0042563134512254, -0.0009066265389083964, 0.002168736002910581, 0.00276982711337878, -0.00038916218633586267, 0.0030125426052700194, -0.0042176850449507555, 0.0012416272702041175, -0.00457892152375527, 0.0021003549904701833, -0.007797686877225876, 0.0031776038663006165, 0.002495976872642778, -0.003488610675386924, 0.004802840321695391, 0.007035617781368247, 0.001395047261439465, -0.0061192022029965204, 0.004617927232080663, -0.0027548859310446553, 0.003099079192057776, -0.0019339513547755786, -0.0021226935458338206, 0.0030449495857003696, -0.0027256338587234815, 0.003696153157207697, 0.002938359317156695, 0.0024086557731205892, -0.00016316426424530192, 0.0005005464644469675, 0.0028332713144158957, 0.0030347513823509153, -3.457190751367623e-05, -0.002748159657533252, -0.007593180805827725, 0.0029366280099792615, 0.0012364834166489853, -9.607376157892776e-05, -0.001638732728081719, 0.0014809177325634665, -0.003433927928834445, 6.678935222458415e-05, -0.0009512774818460444, 0.0030220405741505133, -0.00047506358744147287, -0.0029211086079051155, 0.0017979039583744265, 0.002762980319796047, -0.0005530091685156098, 0.00030223554544653997, 0.003487399628905104, -0.004137488488477095, 0.0011003661594252978, -0.0025330002268912897, 0.0004616782841599591, 0.0037116648578937603, -0.003187124219361343, 0.003808718660895075, 0.004288897596782438, 0.0033775136094747237, -0.002305191459479076, 0.005275009360188967]
Daily Returns: [0, 0, 0, 0, 0, 0, 0, 0, 0, 0, 0, 0, 0, -0.0003809020789136262, 0, 0, 0, 0, 0, 0.004280408378764095, 0, 0, 0, 0, 0, 0, 0.003995409477257372, 0, 0, 0, -0.003505711502487984, 0, 0.0002993774950676194, 0, 0, 0, 0, -0.0033988339696455726, 0, 0, 0, 0, 0, 0, -0.00011121450521824945, 0, 0, 0, 0, 0, 0, 0, 0, 0, 0.002319793244586361, 0, 0, 0, 0, 0, -0.0009467135547608389, 0, 0, 0, 0, 0, -0.000763591645931653, -0.002162346788353407, 0, 0, 0, 0.0009899574466584083, 0, 0.003477805875890558, 0, -0.0018491566865741892, 0, 0, 0, 0, -0.0016733742294347143, 0, 0, 0.0010523509661318432, 0, -0.0004550420509829373, 0, 0, 0, -0.006841942077049058, 0, 0, 0, 0, -0.005803373738145463, 0, 0, 0, 0, 0, 0, 0, -0.0025691736285202065, 0, 0.003464226915303055, 0, 0.0009060162187981355, 0, 0, 0, 0.0028808541851113763, 0, 0, 0, 0, 0, -0.007457174138005849, 0, -0.003788614276805224, 0, 0, 0, 0, 0, 0, -0.00027582605733794555, 0, 0.003398427745745492, 0.003612614819540779, 0, 0, 0, 0, 0, 0, 0, 0, 0, -0.005989645538083327, 0.0011602027238440742, 0, 0, -0.0016686862261850214, -0.0075538835852538705, 0, 0, 0.0057510734052393965, 0, 0, 0, 0.005018450584079161, 0, 0, 0, 0, 0, 0.0021534325555537938, 0, 0, -0.0016786175456013769, 0, 0, 0, 0, 0, 0, -0.0067416102565946625, 0, 0, 0, -0.00045887236801432564, 0, 0.0020858897858824633, 0, -0.002940339500310702, 0, 0, 0, 0.0005541421550492836, 0, 0, 0, 0.0022879002708623424, 0, -0.005435732405626797, 0, 0, 0, 0.004946022770736883, 0, 0, 0, -0.0022413370685038974, 0.0033786688027284276, 0, 0, 0.0016906061601759436, 0, 0, 0, 0, 0, 0, 0, 0, -0.002465349413412513, 0, 0, 0, 0, 0, 0, 0, 0, 0, 0, 0.003978955460029931, 0, -0.004454392860535619, 0, 0, 0, 0, -0.0024615218861896203, 0, 0, 0, 0, 0, 0, 0, 0, 0, 0, 0, 0, 0, 0, 0, 0, 0.0006239520241124116, 0, 0, 0, 0, -0.002373068149673992, 0, 0, -0.007552536204471907, 0, 0, 0.0032630199503678823, 0, -0.008899289708894925, 0, 0, 0, 0, 0, 0.003706587807155072, 0, 0, 0, 0, 0, -0.010389984957764794, 0, 0, 0, 0, 0, 0, 0, 0, 0.0015615968586436726, 0, 0, 0.0031338577625836207, 0, 0, 0.00044957478906561434, 0, 0, 0, 0, 0, 0, -0.0036689497449407704, 0, 0, 0, 0, 0, 0.0006362004549179236, 0, 0, -0.000967304094034691, 0, 0, 0.0037874853323541726, 0, 0, 0, 0, 0, 0.0035514024136541252, 0, 0, 0, 0, 0.0003593494672587517, 0, 0, 0, 0, 0, 0, 0, -0.0016465315061517534, 0, 0, 0, 0, 0, 0, 0, 0.002302068732546308, 0, 0, 0, 0, 0, 0, 0, 0, 0, -0.0016989702637882885, 0.002631061996454562, 0, 0, -0.0013363140053003091, 0, 0.003523977707053506, 0.0026702625281378404, 0, 0, 0, 0.0009381920636991762, 0, -0.0010215435003194707, -0.0022512258690610375, 0, 0, 0, 0, -0.0011650106369664758, 0, 0, 0, -0.031347963265148535, 0, 0, 0, 0, 0, 0, 0, 0, 0, 0, 0, 0, 0, 0.004633205984746071, 0.0030731068143027393, 0, 0, 0, 0, 0, 0, 0, 0, -0.0004860207952671833, 0, -0.0015161461306521667, 0, 0, 0, 0, 0, -0.0010327882895151599, 0, 0, 0, 0, 0, 0.0028990991148404297, 0, 0, 0, 0, 0, 0, 0, 0, 0, 0, 0, 0, 0, 0, 0, 0, 0, 0, 0, 0, 0, 0, 0, 0, 0, 0, 0, 0, 0, 0, -0.00625849858928498, 0, 0, 0, 0, 0.003223334368347844, 0.0025748724694777754, 0, 0, 0.002504942642752604, 0, 0, 0, 0, 0, 0, 0, 0, 0, 0, 0, 0, -0.00231422531405657, 0, 0, 0, 0, 0, -0.0005871834383313673, 0, 0, 0, 0, 0, -0.0034945674081161616, -0.0074500256472521285, 0, 0, 0.003026115537657352, 0, 0.0028936038639375246, -0.0007148390534275699, 0.0002712037614782029, 0, 0, 0, 0, 0, 0, 0, 0, 0, 0, 0, 0.0008489752153017527, 0, 0, 0, 0, 0.005025813835554964, -0.0017288154449379084, 0, 0, 0, 0, -0.0005850795802978663, 0.006265547531603112, 0, 0.0004019741886712458, -0.01437630328617399, 0, 0, 0, 0, 0, 0, 0.0016573009406933726, 0.004428885757282564, 0, 0, 0, 0, 0, -0.0022855771897302172, 0, 0, 0, 0, -0.0022542516368121725, 0, 0, 0, 0, 0, 0.002654219591837338, 0, 0, 0, 0, 0, -0.007530115106414421, 0, 0.0017729721953679337, 0, 0, 0, 0, 0, -0.0075738197849790695, 0, 0.00047379962246378305, 0, 0, -0.0012319796109128247, 0, 0, 0, 0, 0, 0, 0, 0, 0.0010276403632876472, 0.0033015455423691985, 0, 0, 0, 0.0005620260907343422, 0.00419088969480183, 0, 0, 0, 0, 0, 0, 0, 0, -0.002370372903113572, 0, 0, 0, 0, 0.00010802713431839185, 0, 0, 0, 0, 0, 0.0037426605207914855, 0, 0, 0, -0.00736260259412281, 0, 0, 0, -0.008675591759070412, 0, 0, 0, 0, 0, 0.002282398939519236, 0, 0, 0.0030809075460030855, 0, 0, 0, 0, 0, 0, 0, 0, 0, 0, 0, 0, 0, 0, 0, 0, 0, 0, 0, -0.003982988877603354, 0, 0, 0, 0, 0, 0, -0.006055475770497601, 0, 0.0010213937305692373, 0, 0, 0, 0, 0, 0, 0, -0.000898334277594354, 0, 0.008702486022095961, 0, 0, 0, 0, 0.0024073814009475817, 0, 0, 0, 0, 0, 0, 0, 0, 0, 0, 0, 0.0008005239072302664, 0, 0, 0, 0, 0, 0, 0, 0, 0.00038751469265803796, -0.0012226382161502028, 0, 0, 0, 0, 0, 0, -0.0030344271082862403, 0, 0, 0, 0, 0, 0, -0.0028608937008375566, 0, 0, 0, 0.004484073225005376, 0, -0.0024757372919391243, 0.006014492821233145, 0, 0, 0.0010425266386548213, -0.007008294354925678, 0, 0.0032342937711112582, 0, 0.0015953893670691166, 0, 0, -0.0027375047794980845, 0, 0, 0, 0.0012353672333029696, 0, 0, 0, 0, 0, 0, 0, 0, 0, 0, 0, 0, 0, 0, 0, 0, 0.00022270280532719634, 0, 0, 0.002010560279148691, 0, 0, 0.004547144676416766, 0.004089644859048301, 0, 0, 0, 0, 0, 0.0038751953690303923, 0, 0, 0, 0, -0.00510329059551003, 0, 0, 0, 0.0042563134512254, 0, 0, -0.0009066265389083964, 0, 0, 0, 0, 0, 0, 0.002168736002910581, 0, 0, 0, 0, 0, 0.0023806649270429175, 0, 0, 0, 0, 0, 0, 0, 0, 0, 0, 0, 0, 3.6484830523381443e-05, 0, 0, 0, -0.00457892152375527, 0, 0, 0.0021003549904701833, 0, 0, 0, 0, 0, -0.007797686877225876, 0, 0, 0.0031776038663006165, 0, 0, 0, 0, 0, 0, 0, 0, 0, 0, 0.002495976872642778, 0, 0.001314229646308467, 0, 0, 0, 0, 0.007035617781368247, 0.001395047261439465, -0.0061192022029965204, 0.004617927232080663, 0, 0, 0, 0, 0, 0, 0, 0, 0, -0.0027548859310446553, 0, 0, 0, 0, 0, 0.0011651278372821975, 0, 0, 0, 0, -0.0021226935458338206, 0, 0, 0, 0, 0, 0, 0.0030449495857003696, 0, 0, 0, -0.0027256338587234815, 0, 0, 0, 0.003696153157207697, 0, 0, 0, 0.002938359317156695, 0, 0.0024086557731205892, 0, 0, 0, 0, 0, 0, 0, 0.0003373822002016656, 0.0058334507892531355, 0, 0, 0, 0, 0, 0, 0, 0, -0.002748159657533252, 0, -0.007593180805827725, 0, 0, 0, 0, 0, 0, 0, 0, 0, 0, 0, 0.004173111426628247, 0, 0, 0, 0, 0, 0, 0, 0, 0, 0, 0, -9.607376157892776e-05, 0, 0, 0, 0, 0, 0, -0.001638732728081719, 0, 0, 0, 0, 0.0014809177325634665, 0, 0, 0, 0, 0, 0, -0.003433927928834445, 0, 6.678935222458415e-05, -0.0009512774818460444, 0, 0, 0.0030220405741505133, 0, 0, -0.00047506358744147287, 0, -0.0029211086079051155, 0, 0, 0, 0.0017979039583744265, 0, 0, 0.002762980319796047, 0, 0, -0.0005530091685156098, 0, 0, 0, 0, 0.00030223554544653997, 0.003487399628905104, -0.004137488488477095, 0.0011003661594252978, 0, 0, 0, 0, 0, 0, 0, -0.0025330002268912897, 0, 0, 0, 0, 0.0004616782841599591, 0, 0, 0.0005245406385324175, 0, 0, 0, 0.003808718660895075, 0, 0, 0, 0, 0, 0.004288897596782438, 0, 0, 0, 0, 0, 0, 0, 0, 0, 0, 0.0033775136094747237, -0.002305191459479076, 0.005275009360188967, 0, 0, 0, 0, 0, 0]
Start Date: 2022-09-21
End Date: 2025-11-06
Sharpe Ratio: -0.019
Annualized Sharpe: -0.299
Sharpe 95% CI: (np.float64(-1.193), np.float64(0.774))
Sortino Ratio: -0.009
CAGR: -0.01
Calmar Ratio: -0.107
Daily Win Rate (%): 0.535
Max Drawdown: 0.091
Profit Factor: 0.9
Expectancy: -0.000159
Average Win: 0.002681
Average Loss: 0.003428
Total Trades: 228
Total Days: 980



Rolling 2 - Variant 0 - atr_0.25_4 - Fit Metrics
Contracts: [10, 11, 6, 10, 10, 7, 6, 6, 6, 6, 6, 6, 7, 10, 8, 8, 8, 8, 8, 7, 7, 7, 7, 7, 7, 7, 7, 7, 8, 5, 7, 7, 7, 7, 5, 7, 6, 6, 6, 6, 6, 6, 6, 6, 6, 6, 5, 7, 7, 7, 8, 7, 6, 5, 6, 6, 6, 6, 6, 6, 5, 9, 5, 10, 5, 5, 6, 6, 6, 6, 6, 7, 8, 7, 7, 7, 7, 7, 7, 8, 8, 8, 8, 9, 9, 9, 9, 10, 11, 11, 8, 10, 7, 7, 7, 7, 7, 9, 9, 9, 10, 10, 9, 10, 10, 11, 11, 12, 11, 11, 11, 11, 11, 10, 10, 10, 10, 10, 10, 10, 10, 10, 10, 11, 11, 12, 11, 10, 10, 11, 10, 10, 10, 10, 10, 10, 10, 10, 11, 11, 10, 11, 13, 10, 10, 9, 11, 9, 12, 10, 10, 10, 10, 13, 12, 14, 14, 14, 14, 15, 14, 13, 14, 12, 12, 12, 12, 12, 12, 12, 12, 12, 12, 12, 15, 13, 15, 14, 15, 13, 14, 12, 13, 13, 13, 12, 16, 17, 15, 12, 14, 15, 12, 12, 13, 11, 11, 11, 11, 7, 9, 14, 14, 14, 12, 8, 10, 8, 8, 8, 8, 8, 8, 8, 8, 8, 8, 9, 8, 9, 9, 7, 8, 8, 8, 8, 8, 9, 9, 9, 9, 7, 7, 6, 5, 5, 5, 7, 6, 6, 8, 8, 8, 8, 8, 8, 8, 8, 9, 10, 9, 9, 9, 10, 9, 8, 8, 8, 8, 8, 8, 8, 7, 8, 9, 11, 9, 9, 9, 11, 11, 11, 11, 13, 12, 12]
Trade Returns: [-0.0028620588589212347, 0.0013944999999999663, -0.0025974086823431983, -0.0023543001309382673, 0.004221442148990723, 0.003079408576372763, 0.0003100090556062336, 0.002510916248678037, -0.001327922814374787, -0.00047307217124611934, -0.0015532407469505247, -0.0016407888046029856, -0.002181871974037282, -0.0021866429490049423, -0.0022415958589465977, 0.003635393079390315, -0.0030399599347226114, -0.0028878948433865848, -0.003160805786531552, 0.001650345110071621, -0.00025117110990235687, 0.00041130326801338933, 0.006958290244638641, 0.003967113864546667, 0.0009324679769154015, 0.00745918882720302, 0.0001857721845125609, 0.0030717359482652206, -0.0021337365005965597, -0.0008042290486823401, -0.0018405671350609045, -0.0025816257752014748, 0.0024257771806986614, 0.008348145696345734, 0.0037594279657072417, -0.00017161417579948407, 0.003855830674630639, 0.0027833100215598713, -0.0016617427688535497, -0.0002800898113858525, -2.507229177462484e-05, -0.001712367522285013, -0.002325433684975115, -0.0022029911131688233, 0.0023199392636062024, 0.009609922720561955, 0.004065380883973386, -0.0018625235998450261, -0.00045490324605690016, 0.008581367597603754, 0.007938316966229922, -0.0025511499249212424, -0.0016452522343035582, 0.0002971660540457418, -0.002058184797651313, -0.0001120020960184649, -0.001271420432050394, -0.0009431087110769285, -0.001491768784314391, -0.0014055743366318712, -0.001774695262353661, 0.0071068348888666975, -0.0021849299057145094, -0.0014442856720954702, 0.0010419812659503945, -0.0014093581837943986, -0.0017669578595770634, -0.0022729064722641014]
Daily Returns: [-0.0028620588589212347, 0.0013944999999999663, 0, 0, 0, 0, 0, 0, 0, 0, 0, 0, -0.0025974086823431983, 0, 0, -0.0023543001309382673, 0, 0, 0, 0, 0, 0, 0, 0, 0, 0, 0, 0, 0, 0, 0, 0.004221442148990723, 0, 0, 0.003079408576372763, 0, 0, 0, 0, 0, 0.0003100090556062336, 0, 0, 0.0007099212630571307, 0, 0, -0.0015532407469505247, 0, 0, 0, 0, -0.0016407888046029856, 0, 0, 0, 0, 0, 0, 0, 0, -0.002181871974037282, 0, 0, 0, 0, 0, -0.0021866429490049423, 0.001393797220443717, 0, 0, 0, 0, 0, 0, 0, 0, 0, 0, -0.0030399599347226114, -0.006048700629918137, 0, 0.001650345110071621, 0.00016013215811103246, 0, 0, 0, 0, 0, 0, 0, 0, 0, 0, 0, 0, 0, 0, 0, 0, 0, 0, 0.006958290244638641, 0, 0, 0, 0, 0.003967113864546667, 0.0009324679769154015, 0.00745918882720302, 0, 0, 0, 0, 0, 0, 0, 0, 0, 0, 0, 0.0001857721845125609, 0.00013377039898632083, 0, 0, 0, 0, 0, 0, 0, 0, -0.0018405671350609045, 0, 0, 0, 0, 0, 0, 0, 0, 0, 0, 0, 0, 0, 0, -0.0025816257752014748, 0, 0.0024257771806986614, 0, 0, 0.01193595948625349, 0.003855830674630639, 0, 0, 0, 0.0027833100215598713, 0, -0.0019418325802394022, 0, 0, -2.507229177462484e-05, 0, 0, 0, 0, 0, 0, 0, 0, -0.001712367522285013, 0, 0, 0, 0, 0, -0.002325433684975115, 0, -0.0022029911131688233, 0.0023199392636062024, 0, 0, 0.009609922720561955, 0, 0, 0, 0, 0.004065380883973386, 0, 0, 0, 0, 0, 0, 0, 0, -0.0018625235998450261, 0, 0, 0, 0, 0, 0, 0, 0, 0, 0, 0, 0, 0, 0, -0.00045490324605690016, 0, 0, 0, 0, 0, 0.008581367597603754, 0, 0, 0, 0, 0, 0, 0.005387167041308679, 0, 0, 0, -0.0016452522343035582, 0, 0.0002971660540457418, 0, 0, 0, 0, -0.002058184797651313, 0, 0, 0, 0, 0, 0, -0.0001120020960184649, 0, 0, 0, 0, 0, 0, 0, 0, 0, -0.001271420432050394, 0, 0, 0, 0, 0, -0.0009431087110769285, 0, 0, 0, 0, 0, -0.001491768784314391, -0.0014055743366318712, 0, 0, 0, -0.001774695262353661, 0, 0.0071068348888666975, 0, -0.0021849299057145094, 0, 0, 0, 0, -0.0014442856720954702, 0, 0, 0.0010419812659503945, 0, -0.0014093581837943986, 0, 0, 0, -0.0017669578595770634, 0, 0, 0, 0, -0.0022729064722641014, 0, 0, 0]
Start Date: 2022-02-03
End Date: 2023-01-12
Sharpe Ratio: 0.07
Annualized Sharpe: 1.114
Sharpe 95% CI: (np.float64(-0.805), np.float64(2.566))
Sortino Ratio: 0.107
CAGR: 0.028
Calmar Ratio: 1.85
Daily Win Rate (%): 0.397
Max Drawdown: 0.015
Profit Factor: 1.474
Expectancy: 0.000482
Average Win: 0.003775
Average Loss: 0.001687
Total Trades: 68
Total Days: 295

Rolling 2 - Variant 0 - atr_0.25_4 - Test Metrics
Contracts: [10, 11, 6, 10, 10, 7, 6, 6, 6, 6, 6, 6, 7, 10, 8, 8, 8, 8, 8, 7, 7, 7, 7, 7, 7, 7, 7, 7, 8, 5, 7, 7, 7, 7, 5, 7, 6, 6, 6, 6, 6, 6, 6, 6, 6, 6, 5, 7, 7, 7, 8, 7, 6, 5, 6, 6, 6, 6, 6, 6, 5, 9, 5, 10, 5, 5, 6, 6, 6, 6, 6, 7, 8, 7, 7, 7, 7, 7, 7, 8, 8, 8, 8, 9, 9, 9, 9, 10, 11, 11, 8, 10, 7, 7, 7, 7, 7, 9, 9, 9, 10, 10, 9, 10, 10, 11, 11, 12, 11, 11, 11, 11, 11, 10, 10, 10, 10, 10, 10, 10, 10, 10, 10, 11, 11, 12, 11, 10, 10, 11, 10, 10, 10, 10, 10, 10, 10, 10, 11, 11, 10, 11, 13, 10, 10, 9, 11, 9, 12, 10, 10, 10, 10, 13, 12, 14, 14, 14, 14, 15, 14, 13, 14, 12, 12, 12, 12, 12, 12, 12, 12, 12, 12, 12, 15, 13, 15, 14, 15, 13, 14, 12, 13, 13, 13, 12, 16, 17, 15, 12, 14, 15, 12, 12, 13, 11, 11, 11, 11, 7, 9, 14, 14, 14, 12, 8, 10, 8, 8, 8, 8, 8, 8, 8, 8, 8, 8, 9, 8, 9, 9, 7, 8, 8, 8, 8, 8, 9, 9, 9, 9, 7, 7, 6, 5, 5, 5, 7, 6, 6, 8, 8, 8, 8, 8, 8, 8, 8, 9, 10, 9, 9, 9, 10, 9, 8, 8, 8, 8, 8, 8, 8, 7, 8, 9, 11, 9, 9, 9, 11, 11, 11, 11, 13, 12, 12]
Trade Returns: [-0.0025802454075006627, 0.0036681972988686774, -0.001832080370946073, 0.0012269702684550921, -0.002495416683986991, -0.0021156590827564633, -0.0016102284494883313, 0.0051376017130188864, -0.001984635546494592, -0.0019465019910450726, 0.0011329251066855305, -0.0020542889417528095, -0.0024309749311947405, -0.00306325108560272, 0.009969669270301584, 0.002122532978128143, -0.0016569604615644174, -0.0018745712317412438, -0.0014157974892300522, -0.001420057237792359, 0.004276698865894219, -0.0015861501964999454, 0.0006113335945009405, 0.0022355664401822206, -0.0019275056433153898, 0.003918248932440427, -0.002192424918529852, 0.003304774934075644, 0.004734345167095057, -0.00241733094154137, -0.0019550211171945686, -0.002207755297533168, -0.0025950134617720184, -0.0024091988946443655, 0.0006113918576298413, -0.0018897608220857206, -0.0026730707733065794, -0.0012262360104420787, 0.0019202554648715905, -0.002098649692605881, 0.0072945105729274266, -0.0028467218643855323, -0.0021825722132286433, -0.0017700047863104366, -4.109143632966873e-05, -0.002201199524145397, -0.0020143780960419698, 0.0006178518933757789, 0.008806743944919126, -0.0029434511612778528, 0.0008747818003901041, 0.006023044904755484, 0.00034577077698229374, -0.0022028918513783947, 0.0024391965922373523, -0.0021148204827451077, -0.0019411499028071087, 0.003049950572635976, -0.0023531069098384387, 0.003416079482308644, -0.0017664262768832015, 0.0009095640085238155, -0.002058665412222822, -0.0022885672201551025, -0.0012369100265618783, -0.0017573806178675544, -0.0025379609948085725, -0.0024522185031795175, -0.0024462198376308344, -0.000512346553515947, -0.002756174943061815, -0.0011162039509129888, 0.006304517686916329, -0.0023287809667641474, 0.0037323659830292627, 0.00020086817749290377, 0.004081558998367565, -0.001430516881838436, -0.0019287107422423975, -0.0019457639680208782, -0.0018316154960635756, -0.0020041922980302694, 0.004689231132937171, -0.0018703903845636418, -0.0007344857990716048, 0.00027978641618600343, -0.0025114172467859703, 0.004191356782908426, -0.0025483126603759528, -0.0005601419648044374, 0.002574248013691238, 0.0014042317168479312, 0.0003857093523189989, -0.001791927904806007, -0.0021587109162654584, 0.006799697208270748, -0.0024382836590699252, 0.006334949575507804, -0.0019241667207405963, -0.0023034460098947562, 0.005125811847274838, -0.002134153006974257, -0.002248939670016834, -0.0031389331179451216, -0.0028613301595034443, -0.0012463522594715758, 0.0010445625790383513, 0.002767961589865637, -0.002477034885385002, 0.005411677694365655, -0.0015488945831826056, 0.00010306989724720622, 0.0004175940346809762, -0.0022307076484032622, -0.0033370244831068393, 0.0023244423752907424, 0.006669530304660123, -0.001999848321241165, -0.0022492474805731123, 0.0009624242448778477, -0.0008415526535510873, -0.0022953157387359357, 0.0032070724858051375, 0.0024809200449238808, 0.0008258789821536879, 0.00180506236360774, -0.0014108767368922169, -0.0012435424472070392, -0.0037556169317231633, -0.004100562346853408, -0.00279254377111113, 0.005779831405898298, -0.0025900593418119, 0.012232663700175818, 0.0009753422605256573, -0.002383595139592, 0.00450082523811526, 0.0016980079085853288, -0.0019532009443799527, -0.0016203353432327956, -0.0017156295059431211, 0.002002889245034435, 0.004397186440184911, -0.002356439116477008, -0.002258616528869659, -0.002099560033369586, 0.004797129141951012, -0.0022094277218258377, -0.0019762180453688416, 0.006087164511799805, -0.002166065401913512, -0.0016326290076418741, -0.0018714362750988098, -0.001867940543406152, -0.0026346685731656726, 0.0022517903415543356, -0.002276593460086145, 0.0006162961367347976, 0.002346364663669157, -0.0018747730937969285, 0.010361971812552504, 0.0014029450390457207, 0.001316866937176036, -0.003996331085216217, 0.004593459505335143, -0.002652830691694905, 0.0037152875864947888, -0.0016149622850597331, -0.0016115870975054614, 0.0035465350817849707, -0.0016063905163335775, 0.0001394104688217925, 0.004239521846916671, 0.0025963046064950914, -0.00017584282855215075, -0.001892645763600399, 0.000444913757108846, -0.0018476340870723354, -3.291783655366998e-05, -0.0018032678248416797, -0.0029490732665242944, 0.006373885037380216, -0.0018811494737250073, -0.0021985248789744656, -0.0026854964872927126, 0.0016041079648641261, -0.0018600005365386166, 6.319448304454256e-05, -0.0009000791711333436, -0.0006116488052167019, -0.0022038235818191694, -0.001966976567318429, 0.0017085603752526992, -0.0016773581647589505, -0.0020536727436954515, 0.00028929512197880034, -0.0018885856427419685, -0.002253288369742814, 0.0010426287143286716, -0.0018376112014425094, -0.002049726712010725, 0.004906745597234608, -0.002110510619955168, 0.0026235918833772656, 0.003891958505710052, 0.00246028129174202, -0.0030161694406933112, 0.01025499855464937]
Daily Returns: [0, 0, 0, 0, -0.0025802454075006627, 0, 0.0036681972988686774, 0, -0.001832080370946073, 0, 0, 0, 0.0012269702684550921, 0, 0, 0, 0, 0, -0.002495416683986991, 0, -0.0021156590827564633, 0, 0, 0, 0, 0, 0, -0.0016102284494883313, 0, 0.0051376017130188864, -0.001984635546494592, 0, 0, 0, 0, 0, 0, 0, 0, 0, -0.0019465019910450726, 0.0011329251066855305, 0, 0, -0.0020542889417528095, -0.0024309749311947405, 0, 0, -0.00306325108560272, 0, 0, 0, 0.009969669270301584, 0, 0, 0, 0, 0, 0.002122532978128143, 0, 0, -0.0016569604615644174, 0, 0, 0, 0, 0, 0, -0.003290368720971296, 0, 0, 0, -0.001420057237792359, 0, 0.004276698865894219, 0, -0.0015861501964999454, 0, 0, 0, 0.0006113335945009405, 0, 0, 0, 0.0022355664401822206, 0, -0.0019275056433153898, 0, 0, 0, 0.003918248932440427, 0, 0, 0, -0.002192424918529852, 0.003304774934075644, 0, 0, 0.0023170142255536865, 0, 0, 0, 0, 0, 0, 0, 0, -0.0019550211171945686, 0, 0, 0, 0, 0, 0, 0, 0, 0, 0, -0.002207755297533168, 0, -0.0025950134617720184, 0, 0, 0, 0, -0.0024091988946443655, 0, 0, 0, 0, 0, 0, 0, 0, 0, 0, 0, 0, 0, 0, 0, 0, 0.0006113918576298413, 0, 0, 0, 0, -0.0018897608220857206, 0, 0, -0.003899306783748658, 0, 0, 0.0019202554648715905, 0, -0.002098649692605881, 0, 0, 0, 0, 0, 0.0072945105729274266, 0, 0, 0, 0, 0, -0.0028467218643855323, 0, 0, 0, 0, 0, 0, 0, 0, -0.0021825722132286433, 0, 0, -0.0018110962226401055, 0, 0, -0.002201199524145397, 0, 0, 0, 0, 0, 0, -0.0020143780960419698, 0, 0, 0, 0, 0, 0.0006178518933757789, 0, 0, 0.005863292783641273, 0, 0, 0.0008747818003901041, 0, 0, 0, 0, 0, 0.006023044904755484, 0, 0, 0, 0, 0.00034577077698229374, 0, 0, 0, 0, 0, 0, 0, -0.0022028918513783947, 0, 0, 0, 0, 0, 0, 0, 0.0024391965922373523, 0, 0, 0, 0, 0, 0, 0, 0, 0, -0.0021148204827451077, 0.0011088006698288673, 0, 0, -0.0023531069098384387, 0, 0.003416079482308644, -0.0017664262768832015, 0, 0, 0, 0.0009095640085238155, 0, -0.002058665412222822, -0.0022885672201551025, 0, 0, 0, 0, -0.0012369100265618783, 0, 0, 0, -0.004295341612676127, 0, 0, 0, 0, 0, 0, 0, 0, 0, 0, 0, 0, 0, -0.0024522185031795175, -0.0024462198376308344, 0, 0, 0, 0, 0, 0, 0, 0, -0.000512346553515947, 0, -0.002756174943061815, 0, 0, 0, 0, 0, -0.0011162039509129888, 0, 0, 0, 0, 0, 0.006304517686916329, 0, 0, 0, 0, 0, 0, 0, 0, 0, 0, 0, 0, 0, 0, 0, 0, 0, 0, 0, 0, 0, 0, 0, 0, 0, 0, 0, 0, 0, 0, -0.0023287809667641474, 0, 0, 0, 0, 0.003933234160522167, 0.004081558998367565, 0, 0, -0.001430516881838436, 0, 0, 0, 0, 0, 0, 0, 0, 0, 0, 0, 0, -0.0019287107422423975, 0, 0, 0, 0, 0, -0.0019457639680208782, 0, 0, 0, 0, 0, -0.0018316154960635756, -0.0020041922980302694, 0, 0, 0.004689231132937171, 0, -0.0018703903845636418, -0.0007344857990716048, 0.00027978641618600343, 0, 0, 0, 0, 0, 0, 0, 0, 0, 0, 0, -0.0025114172467859703, 0, 0, 0, 0, 0.004191356782908426, -0.0025483126603759528, 0, 0, 0, 0, -0.0005601419648044374, 0.003978479730539169, 0, 0.0003857093523189989, -0.003950638821071465, 0, 0, 0, 0, 0, 0, 0.0043614135492008235, 0.006334949575507804, 0, 0, 0, 0, 0, -0.0019241667207405963, 0, 0, 0, 0, -0.0023034460098947562, 0, 0, 0, 0, 0, 0.005125811847274838, 0, 0, 0, 0, 0, -0.002134153006974257, 0, -0.002248939670016834, 0, 0, 0, 0, 0, -0.0031389331179451216, 0, -0.0028613301595034443, 0, 0, -0.0012463522594715758, 0, 0, 0, 0, 0, 0, 0, 0, 0.0010445625790383513, 0.002767961589865637, 0, 0, 0, -0.002477034885385002, 0.005411677694365655, 0, 0, 0, 0, 0, 0, 0, 0, -0.0015488945831826056, 0, 0, 0, 0, 0.00010306989724720622, 0, 0, 0, 0, 0, 0.0004175940346809762, 0, 0, 0, -0.0022307076484032622, 0, 0, 0, -0.0033370244831068393, 0, 0, 0, 0, 0, 0.0023244423752907424, 0, 0, 0.006669530304660123, 0, 0, 0, 0, 0, 0, 0, 0, 0, 0, 0, 0, 0, 0, 0, 0, 0, 0, 0, -0.001999848321241165, 0, 0, 0, 0, 0, 0, -0.0022492474805731123, 0, 0.0009624242448778477, 0, 0, 0, 0, 0, 0, 0, -0.0008415526535510873, 0, 0.0009117567470692018, 0, 0, 0, 0, 0.0024809200449238808, 0, 0, 0, 0, 0, 0, 0, 0, 0, 0, 0, 0.0008258789821536879, 0, 0, 0, 0, 0, 0, 0, 0, 0.00039418562671552303, -0.0012435424472070392, 0, 0, 0, 0, 0, 0, -0.007856179278576571, 0, 0, 0, 0, 0, 0, -0.00279254377111113, 0, 0, 0, 0.005779831405898298, 0, -0.0025900593418119, 0.012232663700175818, 0, 0, 0.0009753422605256573, -0.002383595139592, 0, 0.00450082523811526, 0, 0.0016980079085853288, 0, 0, -0.0019532009443799527, 0, 0, 0, -0.0016203353432327956, 0, 0, 0, 0, 0, 0, 0, 0, 0, 0, 0, 0, 0, 0, 0, 0, -0.0017156295059431211, 0, 0, 0.002002889245034435, 0, 0, 0.004397186440184911, -0.002356439116477008, 0, 0, 0, 0, 0, -0.002258616528869659, 0, 0, 0, 0, -0.002099560033369586, 0, 0, 0, 0.004797129141951012, 0, 0, -0.0022094277218258377, 0, 0, 0, 0, 0, 0, -0.0019762180453688416, 0, 0, 0, 0, 0, 0.003921099109886293, 0, 0, 0, 0, 0, 0, 0, 0, 0, 0, 0, 0, -0.005372005826146836, 0, 0, 0, -0.0026346685731656726, 0, 0, 0.0022517903415543356, 0, 0, 0, 0, 0, -0.002276593460086145, 0, 0, 0.0006162961367347976, 0, 0, 0, 0, 0, 0, 0, 0, 0, 0, 0.002346364663669157, 0, 0.008487198718755576, 0, 0, 0, 0, 0.0014029450390457207, 0.001316866937176036, -0.003996331085216217, 0.004593459505335143, 0, 0, 0, 0, 0, 0, 0, 0, 0, -0.002652830691694905, 0, 0, 0, 0, 0, 0.002100325301435056, 0, 0, 0, 0, -0.0016115870975054614, 0, 0, 0, 0, 0, 0, 0.0035465350817849707, 0, 0, 0, -0.0016063905163335775, 0, 0, 0, 0.0001394104688217925, 0, 0, 0, 0.004239521846916671, 0, 0.0025963046064950914, 0, 0, 0, 0, 0, 0, 0, -0.0020684885921525495, -0.0014356381665171594, 0, 0, 0, 0, 0, 0, 0, 0, -0.0018032678248416797, 0, -0.0029490732665242944, 0, 0, 0, 0, 0, 0, 0, 0, 0, 0, 0, 0.004492735563655209, 0, 0, 0, 0, 0, 0, 0, 0, 0, 0, 0, -0.0021985248789744656, 0, 0, 0, 0, 0, 0, -0.0026854964872927126, 0, 0, 0, 0, 0.0016041079648641261, 0, 0, 0, 0, 0, 0, -0.0018600005365386166, 0, 6.319448304454256e-05, -0.0009000791711333436, 0, 0, -0.0006116488052167019, 0, 0, -0.0022038235818191694, 0, -0.001966976567318429, 0, 0, 0, 0.0017085603752526992, 0, 0, -0.0016773581647589505, 0, 0, -0.0020536727436954515, 0, 0, 0, 0, 0.00028929512197880034, -0.0018885856427419685, -0.002253288369742814, 0.0010426287143286716, 0, 0, 0, 0, 0, 0, 0, -0.0018376112014425094, 0, 0, 0, 0, -0.002049726712010725, 0, 0, 0.00279623497727944, 0, 0, 0, 0.0026235918833772656, 0, 0, 0, 0, 0, 0.003891958505710052, 0, 0, 0, 0, 0, 0, 0, 0, 0, 0, 0.00246028129174202, -0.0030161694406933112, 0.01025499855464937, 0, 0, 0, 0, 0, 0]
Start Date: 2023-01-13
End Date: 2025-11-06
Sharpe Ratio: 0.009
Annualized Sharpe: 0.146
Sharpe 95% CI: (np.float64(-0.934), np.float64(1.134))
Sortino Ratio: 0.014
CAGR: 0.003
Calmar Ratio: 0.128
Daily Win Rate (%): 0.394
Max Drawdown: 0.024
Profit Factor: 1.046
Expectancy: 5.6e-05
Average Win: 0.003269
Average Loss: 0.002034
Total Trades: 208
Total Days: 882



Rolling 2 - Variant 1 - atr_0.5_1 - Fit Metrics
Contracts: [10, 11, 6, 10, 10, 7, 7, 6, 7, 7, 7, 6, 7, 10, 8, 8, 8, 8, 8, 7, 7, 7, 7, 7, 8, 7, 8, 8, 8, 5, 7, 7, 7, 7, 5, 7, 7, 7, 6, 7, 6, 6, 6, 6, 6, 6, 5, 8, 8, 7, 8, 8, 7, 5, 6, 6, 6, 6, 6, 6, 5, 9, 5, 10, 5, 5, 6, 6, 6, 6, 6, 7, 8, 7, 7, 7, 7, 7, 7, 8, 8, 8, 8, 9, 9, 9, 9, 10, 11, 11, 8, 10, 7, 7, 7, 7, 7, 8, 9, 9, 10, 10, 9, 9, 9, 11, 11, 11, 11, 11, 11, 11, 10, 10, 10, 10, 9, 10, 10, 10, 9, 10, 10, 11, 11, 11, 11, 9, 10, 10, 9, 10, 10, 10, 10, 10, 10, 10, 10, 10, 10, 11, 12, 10, 10, 9, 10, 8, 12, 10, 10, 10, 10, 12, 12, 14, 13, 13, 13, 15, 13, 13, 13, 12, 12, 12, 12, 12, 12, 12, 12, 12, 11, 11, 15, 13, 14, 14, 15, 12, 13, 12, 12, 12, 12, 11, 16, 17, 15, 11, 14, 14, 12, 12, 12, 11, 11, 10, 11, 7, 8, 13, 13, 13, 11, 7, 9, 8, 8, 8, 8, 7, 7, 8, 8, 8, 8, 8, 8, 8, 9, 7, 8, 8, 8, 8, 8, 9, 9, 9, 9, 7, 7, 5, 5, 5, 5, 7, 5, 6, 7, 7, 8, 8, 8, 8, 8, 8, 8, 10, 9, 9, 9, 9, 9, 8, 8, 8, 8, 8, 7, 7, 7, 7, 9, 11, 9, 9, 9, 10, 10, 10, 11, 13, 12, 12]
Trade Returns: [-0.0054515267817429, 0.004957, 0.004625695852505188, 0.004232635228581386, 0.004159661134190184, 0.004400493200502402, 0.00030508904082877117, 0.0027546305259350517, -0.0029766972402540336, -0.000543160968849999, 0.002802317902827812, -0.0016528456732253214, -0.004109387447011621, -0.004175650476833664, 0.004026003650199737, 0.004108488922609042, 0.002028944380687938, 0.0009568860185196345, -0.003157207351503864, 0.0016037186939477659, -0.00024408625401074386, 0.0003996986856642995, 0.0033304752268334846, 0.0035482778153537306, 0.0010420610904401336, 0.0035808960524176914, 0.00018300236404332243, 0.0030259454527723586, -0.0018905023842560361, -0.0007920834667640266, -0.004005589230766817, -0.001854472853951008, 0.0052440858591843035, 0.004036343530333688, 0.004310921019176963, -0.00016858390906863163, 0.00472287176921671, 0.0031971665765120802, -0.003129027047485647, -0.0002751969249727202, -2.463418356754658e-05, -0.001681847055220219, -0.002611193198980052, -0.004868018057738922, 0.0040119676883575, 0.004614698191302028, 0.004593500572518186, -0.0036426817262685896, -0.000452956174490982, 0.004241603015613683, 0.003868444320502856, 8.225660902677517e-05, -0.0031772653418245295, 0.00029690180537161556, -0.004044472404964077, -0.00011004494560229217, 0.0023006155051105617, -0.000938920573672277, -0.0029095772452190577, -0.002711087275389696, 0.000979012103828015, 0.0034468325351399765, -0.004258355004378328, -0.0016682066706828118, 0.0010490957633453315, -0.0004536359594307191, -0.0034227000184140753, -0.004467481190440744]
Daily Returns: [-0.0054515267817429, 0.004957, 0, 0, 0, 0, 0, 0, 0, 0, 0, 0, 0.004625695852505188, 0, 0, 0.004232635228581386, 0, 0, 0, 0, 0, 0, 0, 0, 0, 0, 0, 0, 0, 0, 0, 0.004159661134190184, 0, 0, 0.004400493200502402, 0, 0, 0, 0, 0, 0.00030508904082877117, 0, 0, -0.000765227683168981, 0, 0, 0.002802317902827812, 0, 0, 0, 0, -0.0016528456732253214, 0, 0, 0, 0, 0, 0, 0, 0, -0.004109387447011621, 0, 0, 0, 0, 0, -0.004175650476833664, 0.00813449257280878, 0, 0, 0, 0, 0, 0, 0, 0, 0, 0, 0.002028944380687938, -0.0022003213329842295, 0, 0.0016037186939477659, 0.00015561243165355566, 0, 0, 0, 0, 0, 0, 0, 0, 0, 0, 0, 0, 0, 0, 0, 0, 0, 0, 0.0033304752268334846, 0, 0, 0, 0, 0.0035482778153537306, 0.0010420610904401336, 0.0035808960524176914, 0, 0, 0, 0, 0, 0, 0, 0, 0, 0, 0, 0.00018300236404332243, 0.0003433596017522959, 0, 0, 0, 0, 0, 0, 0, 0, -0.004005589230766817, 0, 0, 0, 0, 0, 0, 0, 0, 0, 0, 0, 0, 0, 0, -0.001854472853951008, 0, 0.0052440858591843035, 0, 0, 0.00817868064044202, 0.00472287176921671, 0, 0, 0, 0.0031971665765120802, 0, -0.003404223972458367, 0, 0, -2.463418356754658e-05, 0, 0, 0, 0, 0, 0, 0, 0, -0.001681847055220219, 0, 0, 0, 0, 0, -0.002611193198980052, 0, -0.004868018057738922, 0.0040119676883575, 0, 0, 0.004614698191302028, 0, 0, 0, 0, 0.004593500572518186, 0, 0, 0, 0, 0, 0, 0, 0, -0.0036426817262685896, 0, 0, 0, 0, 0, 0, 0, 0, 0, 0, 0, 0, 0, 0, -0.000452956174490982, 0, 0, 0, 0, 0, 0.004241603015613683, 0, 0, 0, 0, 0, 0, 0.003950700929529631, 0, 0, 0, -0.0031772653418245295, 0, 0.00029690180537161556, 0, 0, 0, 0, -0.004044472404964077, 0, 0, 0, 0, 0, 0, -0.00011004494560229217, 0, 0, 0, 0, 0, 0, 0, 0, 0, 0.0023006155051105617, 0, 0, 0, 0, 0, -0.000938920573672277, 0, 0, 0, 0, 0, -0.0029095772452190577, -0.002711087275389696, 0, 0, 0, 0.000979012103828015, 0, 0.0034468325351399765, 0, -0.004258355004378328, 0, 0, 0, 0, -0.0016682066706828118, 0, 0, 0.0010490957633453315, 0, -0.0004536359594307191, 0, 0, 0, -0.0034227000184140753, 0, 0, 0, 0, -0.004467481190440744, 0, 0, 0]
Start Date: 2022-02-03
End Date: 2023-01-12
Sharpe Ratio: 0.069
Annualized Sharpe: 1.088
Sharpe 95% CI: (np.float64(-0.745), np.float64(2.726))
Sortino Ratio: 0.067
CAGR: 0.027
Calmar Ratio: 1.339
Daily Win Rate (%): 0.529
Max Drawdown: 0.02
Profit Factor: 1.411
Expectancy: 0.000459
Average Win: 0.002974
Average Loss: 0.002371
Total Trades: 68
Total Days: 295

Rolling 2 - Variant 1 - atr_0.5_1 - Test Metrics
Contracts: [10, 11, 6, 10, 10, 7, 7, 6, 7, 7, 7, 6, 7, 10, 8, 8, 8, 8, 8, 7, 7, 7, 7, 7, 8, 7, 8, 8, 8, 5, 7, 7, 7, 7, 5, 7, 7, 7, 6, 7, 6, 6, 6, 6, 6, 6, 5, 8, 8, 7, 8, 8, 7, 5, 6, 6, 6, 6, 6, 6, 5, 9, 5, 10, 5, 5, 6, 6, 6, 6, 6, 7, 8, 7, 7, 7, 7, 7, 7, 8, 8, 8, 8, 9, 9, 9, 9, 10, 11, 11, 8, 10, 7, 7, 7, 7, 7, 8, 9, 9, 10, 10, 9, 9, 9, 11, 11, 11, 11, 11, 11, 11, 10, 10, 10, 10, 9, 10, 10, 10, 9, 10, 10, 11, 11, 11, 11, 9, 10, 10, 9, 10, 10, 10, 10, 10, 10, 10, 10, 10, 10, 11, 12, 10, 10, 9, 10, 8, 12, 10, 10, 10, 10, 12, 12, 14, 13, 13, 13, 15, 13, 13, 13, 12, 12, 12, 12, 12, 12, 12, 12, 12, 11, 11, 15, 13, 14, 14, 15, 12, 13, 12, 12, 12, 12, 11, 16, 17, 15, 11, 14, 14, 12, 12, 12, 11, 11, 10, 11, 7, 8, 13, 13, 13, 11, 7, 9, 8, 8, 8, 8, 7, 7, 8, 8, 8, 8, 8, 8, 8, 9, 7, 8, 8, 8, 8, 8, 9, 9, 9, 9, 7, 7, 5, 5, 5, 5, 7, 5, 6, 7, 7, 8, 8, 8, 8, 8, 8, 8, 10, 9, 9, 9, 9, 9, 8, 8, 8, 8, 8, 7, 7, 7, 7, 9, 11, 9, 9, 9, 10, 10, 10, 11, 13, 12, 12]
Trade Returns: [-0.002975137982293534, 0.0034449574500691076, -0.00361722427282585, 0.0028842484270488493, -0.004912595995826733, -0.00417816844120792, -0.003121115071046765, 0.0034030874626196166, 0.0035722562519892413, -0.0038166887455868157, 0.0011551170538850362, -0.00166138009271643, -0.004755133451172502, 0.005709749354644305, 0.0050315581806473705, 0.002142579394432247, -0.0016666795594734959, -0.003664641528516704, -0.0014293618971016999, -0.002714611636923919, 0.0020648364406094157, -0.003131013569068962, 0.0005513992364935284, 0.002272637920603759, -0.0037098091223333753, 0.004897856827824155, -0.004289922226953195, 0.0033632473944049247, 0.003898681516120874, -0.002215805322812264, -0.0038314653836655967, 0.003933899262870224, -0.004432867457475848, -0.002449573866602329, 0.0006209273766656409, -0.0023590610995361623, -0.005250225435642883, -0.0012453490241367145, 0.0035563442155409257, -0.004015710912634494, 0.0036846677110549935, -0.005702709860915914, 0.0015451035453778784, -0.003455029422847231, -4.207771538752083e-05, 0.0004469148961085994, -0.003960524454548695, 0.0006338628932433748, 0.004507269200618782, -0.005857723889277831, 0.003769056054176192, 0.0035397257183767245, 0.00035817212563705694, -0.0016347676052107343, 0.0022945020994399037, -0.0018815583541093642, -0.00378937614415964, 0.003155996570621405, -0.00133192754628584, 0.0036475403504846416, 0.002670693787445291, 0.0009382276595201754, -0.004143627604189875, -0.0022438527874922413, -0.0012840612643205604, -0.003465158442400936, -0.004614338473589087, 0.0045797037365464905, 0.0030271225974126074, -0.0004787848967429911, -0.001493607396162199, -0.0010286966437012001, 0.0028822051271427543, -0.0040717705891635874, 0.002961618051026964, 0.0002067110799235494, 0.0025154634358245304, -0.0027815284204882208, -0.002287180243437325, -0.0005771671821900628, -0.003291769093634842, -0.0036273201976968904, 0.0029581714051953346, 0.00302832227347152, -0.000703553227853119, 0.00028864455584290286, -0.0045933312676523196, 0.004966788211532804, -0.00469135642324983, -0.000578971583400048, 0.004770692491876035, 0.001448290509237652, 0.00039779376230617903, -0.0034948814399198957, -0.004333443373775864, 0.003418589505903965, -0.0019314428999275867, 0.004372085828563851, -0.0022474827203452412, -0.0022307706488049477, 0.0026301647796456193, -0.0038196643217802643, 0.0018704636704707702, -0.006353139654389003, 0.0004991623494468391, -0.0012056804583079886, 0.0010057474882757998, 0.0032690180235764982, -0.004565564692725639, 0.004120284303056044, -0.0026968503798170083, 0.0001063204092198387, 0.003632544404684173, -0.004309047764335724, -0.00663404535616825, 0.0024064315705133884, 0.0030159365571431223, -0.003953659065641386, -0.004120026406098636, 0.00099991907706174, -0.000877573161613427, 0.004224648849617053, 0.004676680707617184, 0.002587384232408674, 0.0007837260697502032, 0.0017348826582219005, -0.0013561177247009362, -0.0011952124799654972, -0.006872172556803055, 0.007295722637991909, -0.005021466758096601, 0.004381826924990385, -0.00246761845908579, 0.005950108301556558, 0.0010156739918502908, -0.0048298466620593445, 0.003125565709988012, 0.0017724979416144974, -0.0026607569022118636, 0.00120064044204936, 0.0002166409706963169, 0.0019939771212311606, 0.004435958610243785, 0.003966289539436432, 0.003767456037216736, -0.004268215992012289, 0.004152644286252157, -0.0009917042017327216, 0.002108846048700911, 0.003065271249658475, -0.004265666684903246, 0.002978544605930143, -0.003786526323857163, -0.003722588784176128, -0.005353599345653351, 0.002045713981086781, -0.004488645902371339, 0.003131280670779094, 0.0024377968072396105, -0.0037443766224808544, 0.005279754142587161, 0.006851866565418037, 0.001363206994458986, -0.00697255410444886, 0.004589093441684578, -0.002692094588219079, 0.0030359174188532277, -0.0018897523557510159, -0.0020742197427797513, 0.002958251361083655, -0.0032191770580060884, 0.004202592349140559, 0.002882206696487337, 0.0023538504447342605, -0.00018224048668103257, 0.0005590781299826455, 0.003176745229102843, 0.0034128825681232276, -3.376149583841572e-05, -0.0036161353206439475, -0.005205313588524119, 0.0032776456830092286, -0.003678659058360053, -9.446822151696691e-05, -0.005426726566453017, 0.0016648237759145038, -0.003676562121042256, 6.57020056488481e-05, -0.0009357914751338622, 0.002972798184884971, -0.00046734564713151014, -0.003398589498114969, 0.00176952872834138, 0.0027304054734506463, -0.004083931601462132, 0.0002985573176842707, 0.0034449703986563327, -0.0045160971595214535, 0.0010819574555562433, -0.0035661865843912123, 0.00045655349068604004, 0.0036392776365914902, -0.0031519894694899495, 0.0037448891958299377, 0.004275776852546357, 0.0035781815550845514, -0.002279272700480732, 0.005234174052813406]
Daily Returns: [0, 0, 0, 0, -0.002975137982293534, 0, 0.0034449574500691076, 0, -0.00361722427282585, 0, 0, 0, 0.0028842484270488493, 0, 0, 0, 0, 0, -0.004912595995826733, 0, -0.00417816844120792, 0, 0, 0, 0, 0, 0, -0.003121115071046765, 0, 0.0034030874626196166, 0.0035722562519892413, 0, 0, 0, 0, 0, 0, 0, 0, 0, -0.0038166887455868157, 0.0011551170538850362, 0, 0, -0.00166138009271643, -0.004755133451172502, 0, 0, 0.005709749354644305, 0, 0, 0, 0.0050315581806473705, 0, 0, 0, 0, 0, 0.002142579394432247, 0, 0, -0.0016666795594734959, 0, 0, 0, 0, 0, 0, -0.005094003425618404, 0, 0, 0, -0.002714611636923919, 0, 0.0020648364406094157, 0, -0.003131013569068962, 0, 0, 0, 0.0005513992364935284, 0, 0, 0, 0.002272637920603759, 0, -0.0037098091223333753, 0, 0, 0, 0.004897856827824155, 0, 0, 0, -0.004289922226953195, 0.0033632473944049247, 0, 0, 0.0016828761933086103, 0, 0, 0, 0, 0, 0, 0, 0, -0.0038314653836655967, 0, 0, 0, 0, 0, 0, 0, 0, 0, 0, 0.003933899262870224, 0, -0.004432867457475848, 0, 0, 0, 0, -0.002449573866602329, 0, 0, 0, 0, 0, 0, 0, 0, 0, 0, 0, 0, 0, 0, 0, 0, 0.0006209273766656409, 0, 0, 0, 0, -0.0023590610995361623, 0, 0, -0.006495574459779597, 0, 0, 0.0035563442155409257, 0, -0.004015710912634494, 0, 0, 0, 0, 0, 0.0036846677110549935, 0, 0, 0, 0, 0, -0.005702709860915914, 0, 0, 0, 0, 0, 0, 0, 0, 0.0015451035453778784, 0, 0, -0.0034971071382347515, 0, 0, 0.0004469148961085994, 0, 0, 0, 0, 0, 0, -0.003960524454548695, 0, 0, 0, 0, 0, 0.0006338628932433748, 0, 0, -0.0013504546886590483, 0, 0, 0.003769056054176192, 0, 0, 0, 0, 0, 0.0035397257183767245, 0, 0, 0, 0, 0.00035817212563705694, 0, 0, 0, 0, 0, 0, 0, -0.0016347676052107343, 0, 0, 0, 0, 0, 0, 0, 0.0022945020994399037, 0, 0, 0, 0, 0, 0, 0, 0, 0, -0.0018815583541093642, -0.000633379573538235, 0, 0, -0.00133192754628584, 0, 0.0036475403504846416, 0.002670693787445291, 0, 0, 0, 0.0009382276595201754, 0, -0.004143627604189875, -0.0022438527874922413, 0, 0, 0, 0, -0.0012840612643205604, 0, 0, 0, -0.008079496915990024, 0, 0, 0, 0, 0, 0, 0, 0, 0, 0, 0, 0, 0, 0.0045797037365464905, 0.0030271225974126074, 0, 0, 0, 0, 0, 0, 0, 0, -0.0004787848967429911, 0, -0.001493607396162199, 0, 0, 0, 0, 0, -0.0010286966437012001, 0, 0, 0, 0, 0, 0.0028822051271427543, 0, 0, 0, 0, 0, 0, 0, 0, 0, 0, 0, 0, 0, 0, 0, 0, 0, 0, 0, 0, 0, 0, 0, 0, 0, 0, 0, 0, 0, 0, -0.0040717705891635874, 0, 0, 0, 0, 0.0031683291309505136, 0.0025154634358245304, 0, 0, -0.0027815284204882208, 0, 0, 0, 0, 0, 0, 0, 0, 0, 0, 0, 0, -0.002287180243437325, 0, 0, 0, 0, 0, -0.0005771671821900628, 0, 0, 0, 0, 0, -0.003291769093634842, -0.0036273201976968904, 0, 0, 0.0029581714051953346, 0, 0.00302832227347152, -0.000703553227853119, 0.00028864455584290286, 0, 0, 0, 0, 0, 0, 0, 0, 0, 0, 0, -0.0045933312676523196, 0, 0, 0, 0, 0.004966788211532804, -0.00469135642324983, 0, 0, 0, 0, -0.000578971583400048, 0.006218983001113686, 0, 0.00039779376230617903, -0.00782832481369576, 0, 0, 0, 0, 0, 0, 0.0014871466059763784, 0.004372085828563851, 0, 0, 0, 0, 0, -0.0022474827203452412, 0, 0, 0, 0, -0.0022307706488049477, 0, 0, 0, 0, 0, 0.0026301647796456193, 0, 0, 0, 0, 0, -0.0038196643217802643, 0, 0.0018704636704707702, 0, 0, 0, 0, 0, -0.006353139654389003, 0, 0.0004991623494468391, 0, 0, -0.0012056804583079886, 0, 0, 0, 0, 0, 0, 0, 0, 0.0010057474882757998, 0.0032690180235764982, 0, 0, 0, -0.004565564692725639, 0.004120284303056044, 0, 0, 0, 0, 0, 0, 0, 0, -0.0026968503798170083, 0, 0, 0, 0, 0.0001063204092198387, 0, 0, 0, 0, 0, 0.003632544404684173, 0, 0, 0, -0.004309047764335724, 0, 0, 0, -0.00663404535616825, 0, 0, 0, 0, 0, 0.0024064315705133884, 0, 0, 0.0030159365571431223, 0, 0, 0, 0, 0, 0, 0, 0, 0, 0, 0, 0, 0, 0, 0, 0, 0, 0, 0, -0.003953659065641386, 0, 0, 0, 0, 0, 0, -0.004120026406098636, 0, 0.00099991907706174, 0, 0, 0, 0, 0, 0, 0, -0.000877573161613427, 0, 0.008901329557234237, 0, 0, 0, 0, 0.002587384232408674, 0, 0, 0, 0, 0, 0, 0, 0, 0, 0, 0, 0.0007837260697502032, 0, 0, 0, 0, 0, 0, 0, 0, 0.0003787649335209643, -0.0011952124799654972, 0, 0, 0, 0, 0, 0, 0.00042355008118885335, 0, 0, 0, 0, 0, 0, -0.005021466758096601, 0, 0, 0, 0.004381826924990385, 0, -0.00246761845908579, 0.005950108301556558, 0, 0, 0.0010156739918502908, -0.0048298466620593445, 0, 0.003125565709988012, 0, 0.0017724979416144974, 0, 0, -0.0026607569022118636, 0, 0, 0, 0.00120064044204936, 0, 0, 0, 0, 0, 0, 0, 0, 0, 0, 0, 0, 0, 0, 0, 0, 0.0002166409706963169, 0, 0, 0.0019939771212311606, 0, 0, 0.004435958610243785, 0.003966289539436432, 0, 0, 0, 0, 0, 0.003767456037216736, 0, 0, 0, 0, -0.004268215992012289, 0, 0, 0, 0.004152644286252157, 0, 0, -0.0009917042017327216, 0, 0, 0, 0, 0, 0, 0.002108846048700911, 0, 0, 0, 0, 0, -0.0012003954352447707, 0, 0, 0, 0, 0, 0, 0, 0, 0, 0, 0, 0, -0.004530570502103148, 0, 0, 0, -0.005353599345653351, 0, 0, 0.002045713981086781, 0, 0, 0, 0, 0, -0.004488645902371339, 0, 0, 0.003131280670779094, 0, 0, 0, 0, 0, 0, 0, 0, 0, 0, 0.0024377968072396105, 0, 0.0015353775201063066, 0, 0, 0, 0, 0.006851866565418037, 0.001363206994458986, -0.00697255410444886, 0.004589093441684578, 0, 0, 0, 0, 0, 0, 0, 0, 0, -0.002692094588219079, 0, 0, 0, 0, 0, 0.0011461650631022118, 0, 0, 0, 0, -0.0020742197427797513, 0, 0, 0, 0, 0, 0, 0.002958251361083655, 0, 0, 0, -0.0032191770580060884, 0, 0, 0, 0.004202592349140559, 0, 0, 0, 0.002882206696487337, 0, 0.0023538504447342605, 0, 0, 0, 0, 0, 0, 0, 0.0003768376433016129, 0.006555866301387655, 0, 0, 0, 0, 0, 0, 0, 0, -0.0036161353206439475, 0, -0.005205313588524119, 0, 0, 0, 0, 0, 0, 0, 0, 0, 0, 0, -0.0004010133753508242, 0, 0, 0, 0, 0, 0, 0, 0, 0, 0, 0, -9.446822151696691e-05, 0, 0, 0, 0, 0, 0, -0.005426726566453017, 0, 0, 0, 0, 0.0016648237759145038, 0, 0, 0, 0, 0, 0, -0.003676562121042256, 0, 6.57020056488481e-05, -0.0009357914751338622, 0, 0, 0.002972798184884971, 0, 0, -0.00046734564713151014, 0, -0.003398589498114969, 0, 0, 0, 0.00176952872834138, 0, 0, 0.0027304054734506463, 0, 0, -0.004083931601462132, 0, 0, 0, 0, 0.0002985573176842707, 0.0034449703986563327, -0.0045160971595214535, 0.0010819574555562433, 0, 0, 0, 0, 0, 0, 0, -0.0035661865843912123, 0, 0, 0, 0, 0.00045655349068604004, 0, 0, 0.0004872881671015407, 0, 0, 0, 0.0037448891958299377, 0, 0, 0, 0, 0, 0.004275776852546357, 0, 0, 0, 0, 0, 0, 0, 0, 0, 0, 0.0035781815550845514, -0.002279272700480732, 0.005234174052813406, 0, 0, 0, 0, 0, 0]
Start Date: 2023-01-13
End Date: 2025-11-06
Sharpe Ratio: -0.012
Annualized Sharpe: -0.194
Sharpe 95% CI: (np.float64(-1.233), np.float64(0.829))
Sortino Ratio: -0.011
CAGR: -0.005
Calmar Ratio: -0.098
Daily Win Rate (%): 0.514
Max Drawdown: 0.053
Profit Factor: 0.947
Expectancy: -8.2e-05
Average Win: 0.002813
Average Loss: 0.003149
Total Trades: 208
Total Days: 882



Rolling 2 - Variant 2 - atr_0.5_2 - Fit Metrics
Contracts: [10, 11, 6, 10, 10, 7, 7, 6, 7, 7, 7, 6, 7, 10, 8, 8, 8, 8, 8, 7, 7, 7, 7, 7, 7, 7, 8, 7, 8, 5, 7, 7, 7, 7, 5, 7, 7, 7, 6, 7, 6, 6, 6, 6, 6, 6, 5, 8, 8, 7, 8, 8, 7, 5, 6, 6, 6, 6, 6, 6, 6, 9, 5, 10, 5, 5, 6, 6, 6, 6, 6, 7, 8, 7, 7, 7, 7, 7, 7, 8, 8, 8, 8, 9, 9, 9, 9, 10, 11, 11, 8, 10, 7, 7, 7, 7, 7, 8, 9, 9, 10, 10, 9, 9, 9, 11, 11, 12, 11, 11, 11, 11, 10, 10, 10, 10, 10, 10, 10, 10, 9, 10, 10, 11, 11, 11, 11, 9, 10, 10, 10, 10, 10, 10, 10, 10, 10, 10, 10, 10, 10, 11, 12, 10, 10, 9, 11, 8, 12, 10, 10, 10, 10, 12, 12, 14, 13, 13, 13, 15, 14, 13, 13, 12, 12, 12, 12, 12, 12, 12, 12, 12, 12, 11, 15, 13, 14, 14, 15, 13, 13, 12, 13, 13, 12, 12, 16, 17, 15, 11, 14, 14, 12, 12, 13, 11, 11, 11, 11, 7, 9, 13, 13, 13, 11, 8, 10, 8, 8, 8, 8, 8, 8, 8, 8, 8, 8, 8, 8, 9, 9, 7, 8, 8, 8, 8, 8, 9, 9, 9, 9, 7, 7, 5, 5, 5, 5, 7, 6, 6, 7, 7, 8, 8, 8, 8, 8, 8, 8, 10, 9, 9, 9, 9, 9, 8, 8, 8, 8, 8, 7, 7, 7, 7, 9, 11, 9, 9, 9, 10, 11, 11, 11, 13, 12, 12]
Trade Returns: [-0.005470920800943085, 0.0013944999999999663, 0.002143422608625658, 0.007063302379107181, 0.004173049772802944, 0.0035516303286535315, 0.0003063258348693812, 0.002894818055490141, -0.0029883495192259864, -0.0005453622033732896, -0.0030115122288061126, -0.0016690113617214039, -0.004149810499524365, -0.004216896505982967, 0.001165697452307092, 0.0036116921490945996, 0.0020559420068287015, 0.0009695924523265958, -0.0031990911141855714, 0.001625062032392732, -0.00024732944331552314, 0.00040501082091681285, 0.006863644405298083, 0.004472595989560419, 0.0009194082103428142, 0.007354814430237336, 0.00018320966236014388, 0.0030293725041163956, -0.001892637016644133, -0.000792979531846186, -0.003551452939609003, -0.0018565739215058777, 0.0027806742458708683, 0.008199525275319058, 0.004308551234667522, -0.00016849163328341523, 0.0037856615050936683, 0.0027328498203192924, -0.0031316834162634674, -0.0002754312856981111, -2.4655168088766495e-05, -0.0016837493340541986, -0.0026134178323140803, -0.004872176283778299, 0.0022881172073749975, 0.009382331297385249, 0.004583598197875597, -0.0036348648952739242, -0.00045004181189221035, 0.008561036665585832, 0.007782472318909333, 8.140971198143389e-05, -0.0031704223746235375, 0.0002938329303853868, -0.004002834742724002, -0.0001101386892177816, -0.0029221992715988596, -0.0009340953627177509, -0.0028773129703418927, -0.0026809373030261974, 0.000980120515754594, 0.007008116936778102, -0.004210870581520075, -0.0016495260297807717, 0.001037328539274979, -0.0004485530064646679, -0.003384331740906361, -0.004417230910282121]
Daily Returns: [-0.005470920800943085, 0.0013944999999999663, 0, 0, 0, 0, 0, 0, 0, 0, 0, 0, 0.002143422608625658, 0, 0, 0.007063302379107181, 0, 0, 0, 0, 0, 0, 0, 0, 0, 0, 0, 0, 0, 0, 0, 0.004173049772802944, 0, 0, 0.0035516303286535315, 0, 0, 0, 0, 0, 0.0003063258348693812, 0, 0, -0.0006388936671091349, 0, 0, -0.0030115122288061126, 0, 0, 0, 0, -0.0016690113617214039, 0, 0, 0, 0, 0, 0, 0, 0, -0.004149810499524365, 0, 0, 0, 0, 0, -0.004216896505982967, 0.004777389601401691, 0, 0, 0, 0, 0, 0, 0, 0, 0, 0, 0.0020559420068287015, -0.0022294986618589755, 0, 0.001625062032392732, 0.0001576813776012897, 0, 0, 0, 0, 0, 0, 0, 0, 0, 0, 0, 0, 0, 0, 0, 0, 0, 0, 0.006863644405298083, 0, 0, 0, 0, 0.004472595989560419, 0.0009194082103428142, 0.007354814430237336, 0, 0, 0, 0, 0, 0, 0, 0, 0, 0, 0, 0.00018320966236014388, 0.0003437559556260765, 0, 0, 0, 0, 0, 0, 0, 0, -0.003551452939609003, 0, 0, 0, 0, 0, 0, 0, 0, 0, 0, 0, 0, 0, 0, -0.0018565739215058777, 0, 0.0027806742458708683, 0, 0, 0.012339584876703166, 0.0037856615050936683, 0, 0, 0, 0.0027328498203192924, 0, -0.0034071147019615784, 0, 0, -2.4655168088766495e-05, 0, 0, 0, 0, 0, 0, 0, 0, -0.0016837493340541986, 0, 0, 0, 0, 0, -0.0026134178323140803, 0, -0.004872176283778299, 0.0022881172073749975, 0, 0, 0.009382331297385249, 0, 0, 0, 0, 0.004583598197875597, 0, 0, 0, 0, 0, 0, 0, 0, -0.0036348648952739242, 0, 0, 0, 0, 0, 0, 0, 0, 0, 0, 0, 0, 0, 0, -0.00045004181189221035, 0, 0, 0, 0, 0, 0.008561036665585832, 0, 0, 0, 0, 0, 0, 0.007863882030890766, 0, 0, 0, -0.0031704223746235375, 0, 0.0002938329303853868, 0, 0, 0, 0, -0.004002834742724002, 0, 0, 0, 0, 0, 0, -0.0001101386892177816, 0, 0, 0, 0, 0, 0, 0, 0, 0, -0.0029221992715988596, 0, 0, 0, 0, 0, -0.0009340953627177509, 0, 0, 0, 0, 0, -0.0028773129703418927, -0.0026809373030261974, 0, 0, 0, 0.000980120515754594, 0, 0.007008116936778102, 0, -0.004210870581520075, 0, 0, 0, 0, -0.0016495260297807717, 0, 0, 0.001037328539274979, 0, -0.0004485530064646679, 0, 0, 0, -0.003384331740906361, 0, 0, 0, 0, -0.004417230910282121, 0, 0, 0]
Start Date: 2022-02-03
End Date: 2023-01-12
Sharpe Ratio: 0.068
Annualized Sharpe: 1.085
Sharpe 95% CI: (np.float64(-0.775), np.float64(2.594))
Sortino Ratio: 0.082
CAGR: 0.031
Calmar Ratio: 1.474
Daily Win Rate (%): 0.5
Max Drawdown: 0.021
Profit Factor: 1.452
Expectancy: 0.00054
Average Win: 0.00347
Average Loss: 0.00239
Total Trades: 68
Total Days: 295

Rolling 2 - Variant 2 - atr_0.5_2 - Test Metrics
Contracts: [10, 11, 6, 10, 10, 7, 7, 6, 7, 7, 7, 6, 7, 10, 8, 8, 8, 8, 8, 7, 7, 7, 7, 7, 7, 7, 8, 7, 8, 5, 7, 7, 7, 7, 5, 7, 7, 7, 6, 7, 6, 6, 6, 6, 6, 6, 5, 8, 8, 7, 8, 8, 7, 5, 6, 6, 6, 6, 6, 6, 6, 9, 5, 10, 5, 5, 6, 6, 6, 6, 6, 7, 8, 7, 7, 7, 7, 7, 7, 8, 8, 8, 8, 9, 9, 9, 9, 10, 11, 11, 8, 10, 7, 7, 7, 7, 7, 8, 9, 9, 10, 10, 9, 9, 9, 11, 11, 12, 11, 11, 11, 11, 10, 10, 10, 10, 10, 10, 10, 10, 9, 10, 10, 11, 11, 11, 11, 9, 10, 10, 10, 10, 10, 10, 10, 10, 10, 10, 10, 10, 10, 11, 12, 10, 10, 9, 11, 8, 12, 10, 10, 10, 10, 12, 12, 14, 13, 13, 13, 15, 14, 13, 13, 12, 12, 12, 12, 12, 12, 12, 12, 12, 12, 11, 15, 13, 14, 14, 15, 13, 13, 12, 13, 13, 12, 12, 16, 17, 15, 11, 14, 14, 12, 12, 13, 11, 11, 11, 11, 7, 9, 13, 13, 13, 11, 8, 10, 8, 8, 8, 8, 8, 8, 8, 8, 8, 8, 8, 8, 9, 9, 7, 8, 8, 8, 8, 8, 9, 9, 9, 9, 7, 7, 5, 5, 5, 5, 7, 6, 6, 7, 7, 8, 8, 8, 8, 8, 8, 8, 10, 9, 9, 9, 9, 9, 8, 8, 8, 8, 8, 7, 7, 7, 7, 9, 11, 9, 9, 9, 10, 11, 11, 11, 13, 12, 12]
Trade Returns: [-0.0029401062444459453, 0.00365531820138723, -0.003574506484546746, 0.001222678046293053, -0.004861409223031564, -0.004129174370573934, -0.0030885048968329176, 0.005139445387022899, 0.0040071767208090005, -0.003751362465751436, 0.0011352716730304903, -0.0016328692744456972, -0.004673397501097419, -0.005930991737877676, 0.01006852401723588, 0.0021201457384889557, -0.0016570984296308052, -0.003643459188112673, -0.0014210696951837054, -0.0026987916191640684, 0.004219753914215332, -0.0031128236729281995, 0.0005470008233060113, 0.0022544524781586946, -0.0036802328160834693, 0.003951275794065433, -0.00425968435816039, 0.003339439856604038, 0.004305456053065581, -0.002199281291363559, -0.0038094031343334496, 0.0039111962681105915, -0.004406831646353223, -0.002656497778021545, 0.0006191708227209663, -0.002352348196564695, -0.005235363702113823, -0.0012418282112190337, 0.0019407350630356673, -0.00405505231071805, 0.00751207626935886, -0.005664849216380259, 0.001529231496891039, -0.0034195918871992156, -4.164465189938958e-05, 0.00044564016429000616, -0.003919719529185743, 0.0006273065621863491, 0.009101617509286456, -0.0057971727815355, 0.0008859218337574049, 0.005620005705860337, 0.0003521044604849945, -0.0016253485035717433, 0.0022555084894940896, -0.001850174097717055, -0.003726052466065909, 0.003103191419980435, -0.001309321918068234, 0.003465581751883639, 0.0026258973230494508, 0.000922698943582169, -0.0040751091600420225, -0.002205853864085026, -0.0012625378651508745, -0.0034070021284964207, -0.004537344003284614, -0.002376020937284004, 0.0029759080067448622, -0.0005213817311314799, -0.0014786508699630866, -0.0010181088656876927, 0.006525591493010479, -0.004031108543499504, 0.0037994800601906585, 0.00020446644604370863, 0.004154659393230899, -0.0027468392294078383, -0.0022608805243601376, -0.0005713800716485683, -0.003253842906188898, -0.0035853915217621503, 0.00445374086831268, 0.006226099309071189, -0.0007453917128070458, 0.0002853179826088371, -0.004519075676881423, 0.0039431484073588685, -0.004612351460474952, -0.0005695487866789635, 0.002617503641392924, 0.001427765715711825, 0.0003921643708135934, -0.003445442898469979, -0.004271930608823172, 0.006939616245686841, -0.001897251137565634, 0.006460902899439119, -0.002203038856486352, -0.00219454439968102, 0.0053705944365527985, -0.0037337955281286097, 0.0018282567133995028, -0.006210042864782339, 0.0004892696437217219, -0.0011785415957584473, 0.0010635332815564407, 0.002818178197244733, -0.004458252441639093, 0.005510502845002196, -0.0028553714690916477, 0.00010460145838568263, 0.000423581900695236, -0.004244924827635537, -0.006534903281311312, 0.0023702601677422727, 0.006174146900229065, -0.003882217970977187, -0.004382396384961871, 0.000981833185027287, -0.0008619207929077682, 0.0027996302776830385, 0.003284760376263038, 0.002541118455675181, 0.0007719366821342452, 0.00171279140933637, -0.0013388790317020612, -0.001179998812486781, -0.006784594435227839, 0.0015726300195532243, -0.0049380927307174, 0.005923675769590746, -0.0026953080216921507, 0.011997624268341552, 0.0009993621636918853, -0.0047523562717949825, 0.00461217897579509, 0.001743924070162336, -0.0029919295598971607, 0.0013505273049600963, 0.00021301034799535364, 0.001983709536833882, 0.004509800241610476, 0.007095413626742247, -0.004450273946733197, -0.0041833544206526675, 0.0049301433947338555, -0.000979926646588272, 0.0020837766651615928, 0.006190292614230829, -0.004215063055745592, 0.006000125431268902, -0.0037295877408084314, -0.0036668168977574294, -0.005268406881718219, 0.0023079606502477423, -0.004407618337391432, 0.0006297849066303176, 0.0023811893954531847, -0.0036576360245556524, 0.010517381635382317, 0.0014262656896932826, 0.0013387255662917416, -0.006867330239421435, 0.0046055091295606485, -0.0026438126999724794, 0.003777752103681457, -0.001855770386650544, -0.0020353459704812492, 0.0036074605066149703, -0.003169495622858098, 0.00014180572117087579, 0.0037789954013654715, 0.0023153376564532704, -0.00017926562630719698, 0.0005499502045177346, 0.00045246830644634067, 0.002880655378239132, -3.331869022098959e-05, -0.003568705597915341, -0.005136795466469854, 0.006616845196504416, -0.003629724397043781, -9.289947630904974e-05, -0.005354925131443843, 0.0016370517009449983, -0.003615331087995934, 6.460380608003352e-05, -0.0009201508657457754, -0.0006253010875497364, -0.0004611818020382649, -0.0033537446497690906, 0.0017461009866439172, -0.0005053794222365849, -0.00404300314831553, 0.0002958659857787777, 0.006977521132867188, -0.004441095599409202, 0.0010639712858017702, -0.0035216511579144144, 0.0004508317871134129, 0.004969930892599203, -0.0034192225595691384, 0.0026833423681561063, 0.003947004721155005, 0.002494941665378763, -0.0022515099819780393, 0.010538208063429248]
Daily Returns: [0, 0, 0, 0, -0.0029401062444459453, 0, 0.00365531820138723, 0, -0.003574506484546746, 0, 0, 0, 0.001222678046293053, 0, 0, 0, 0, 0, -0.004861409223031564, 0, -0.004129174370573934, 0, 0, 0, 0, 0, 0, -0.0030885048968329176, 0, 0.005139445387022899, 0.0040071767208090005, 0, 0, 0, 0, 0, 0, 0, 0, 0, -0.003751362465751436, 0.0011352716730304903, 0, 0, -0.0016328692744456972, -0.004673397501097419, 0, 0, -0.005930991737877676, 0, 0, 0, 0.01006852401723588, 0, 0, 0, 0, 0, 0.0021201457384889557, 0, 0, -0.0016570984296308052, 0, 0, 0, 0, 0, 0, -0.005064528883296378, 0, 0, 0, -0.0026987916191640684, 0, 0.004219753914215332, 0, -0.0031128236729281995, 0, 0, 0, 0.0005470008233060113, 0, 0, 0, 0.0022544524781586946, 0, -0.0036802328160834693, 0, 0, 0, 0.003951275794065433, 0, 0, 0, -0.00425968435816039, 0.003339439856604038, 0, 0, 0.0021061747617020215, 0, 0, 0, 0, 0, 0, 0, 0, -0.0038094031343334496, 0, 0, 0, 0, 0, 0, 0, 0, 0, 0, 0.0039111962681105915, 0, -0.004406831646353223, 0, 0, 0, 0, -0.002656497778021545, 0, 0, 0, 0, 0, 0, 0, 0, 0, 0, 0, 0, 0, 0, 0, 0, 0.0006191708227209663, 0, 0, 0, 0, -0.002352348196564695, 0, 0, -0.006477191913332857, 0, 0, 0.0019407350630356673, 0, -0.00405505231071805, 0, 0, 0, 0, 0, 0.00751207626935886, 0, 0, 0, 0, 0, -0.005664849216380259, 0, 0, 0, 0, 0, 0, 0, 0, 0.001529231496891039, 0, 0, -0.003461236539098605, 0, 0, 0.00044564016429000616, 0, 0, 0, 0, 0, 0, -0.003919719529185743, 0, 0, 0, 0, 0, 0.0006273065621863491, 0, 0, 0.003304444727750956, 0, 0, 0.0008859218337574049, 0, 0, 0, 0, 0, 0.005620005705860337, 0, 0, 0, 0, 0.0003521044604849945, 0, 0, 0, 0, 0, 0, 0, -0.0016253485035717433, 0, 0, 0, 0, 0, 0, 0, 0.0022555084894940896, 0, 0, 0, 0, 0, 0, 0, 0, 0, -0.001850174097717055, -0.0006228610460854741, 0, 0, -0.001309321918068234, 0, 0.003465581751883639, 0.0026258973230494508, 0, 0, 0, 0.000922698943582169, 0, -0.0040751091600420225, -0.002205853864085026, 0, 0, 0, 0, -0.0012625378651508745, 0, 0, 0, -0.007944346131781035, 0, 0, 0, 0, 0, 0, 0, 0, 0, 0, 0, 0, 0, -0.002376020937284004, 0.0029759080067448622, 0, 0, 0, 0, 0, 0, 0, 0, -0.0005213817311314799, 0, -0.0014786508699630866, 0, 0, 0, 0, 0, -0.0010181088656876927, 0, 0, 0, 0, 0, 0.006525591493010479, 0, 0, 0, 0, 0, 0, 0, 0, 0, 0, 0, 0, 0, 0, 0, 0, 0, 0, 0, 0, 0, 0, 0, 0, 0, 0, 0, 0, 0, 0, -0.004031108543499504, 0, 0, 0, 0, 0.004003946506234367, 0.004154659393230899, 0, 0, -0.0027468392294078383, 0, 0, 0, 0, 0, 0, 0, 0, 0, 0, 0, 0, -0.0022608805243601376, 0, 0, 0, 0, 0, -0.0005713800716485683, 0, 0, 0, 0, 0, -0.003253842906188898, -0.0035853915217621503, 0, 0, 0.00445374086831268, 0, 0.006226099309071189, -0.0007453917128070458, 0.0002853179826088371, 0, 0, 0, 0, 0, 0, 0, 0, 0, 0, 0, -0.004519075676881423, 0, 0, 0, 0, 0.0039431484073588685, -0.004612351460474952, 0, 0, 0, 0, -0.0005695487866789635, 0.004045269357104749, 0, 0.0003921643708135934, -0.007717373507293151, 0, 0, 0, 0, 0, 0, 0.0050423651081212065, 0.006460902899439119, 0, 0, 0, 0, 0, -0.002203038856486352, 0, 0, 0, 0, -0.00219454439968102, 0, 0, 0, 0, 0, 0.0053705944365527985, 0, 0, 0, 0, 0, -0.0037337955281286097, 0, 0.0018282567133995028, 0, 0, 0, 0, 0, -0.006210042864782339, 0, 0.0004892696437217219, 0, 0, -0.0011785415957584473, 0, 0, 0, 0, 0, 0, 0, 0, 0.0010635332815564407, 0.002818178197244733, 0, 0, 0, -0.004458252441639093, 0.005510502845002196, 0, 0, 0, 0, 0, 0, 0, 0, -0.0028553714690916477, 0, 0, 0, 0, 0.00010460145838568263, 0, 0, 0, 0, 0, 0.000423581900695236, 0, 0, 0, -0.004244924827635537, 0, 0, 0, -0.006534903281311312, 0, 0, 0, 0, 0, 0.0023702601677422727, 0, 0, 0.006174146900229065, 0, 0, 0, 0, 0, 0, 0, 0, 0, 0, 0, 0, 0, 0, 0, 0, 0, 0, 0, -0.003882217970977187, 0, 0, 0, 0, 0, 0, -0.004382396384961871, 0, 0.000981833185027287, 0, 0, 0, 0, 0, 0, 0, -0.0008619207929077682, 0, 0.006084390653946076, 0, 0, 0, 0, 0.002541118455675181, 0, 0, 0, 0, 0, 0, 0, 0, 0, 0, 0, 0.0007719366821342452, 0, 0, 0, 0, 0, 0, 0, 0, 0.0003739123776343089, -0.001179998812486781, 0, 0, 0, 0, 0, 0, -0.005211964415674614, 0, 0, 0, 0, 0, 0, -0.0049380927307174, 0, 0, 0, 0.005923675769590746, 0, -0.0026953080216921507, 0.011997624268341552, 0, 0, 0.0009993621636918853, -0.0047523562717949825, 0, 0.00461217897579509, 0, 0.001743924070162336, 0, 0, -0.0029919295598971607, 0, 0, 0, 0.0013505273049600963, 0, 0, 0, 0, 0, 0, 0, 0, 0, 0, 0, 0, 0, 0, 0, 0, 0.00021301034799535364, 0, 0, 0.001983709536833882, 0, 0, 0.004509800241610476, 0.007095413626742247, 0, 0, 0, 0, 0, -0.004450273946733197, 0, 0, 0, 0, -0.0041833544206526675, 0, 0, 0, 0.0049301433947338555, 0, 0, -0.000979926646588272, 0, 0, 0, 0, 0, 0, 0.0020837766651615928, 0, 0, 0, 0, 0, 0.0019752295584852374, 0, 0, 0, 0, 0, 0, 0, 0, 0, 0, 0, 0, -0.001396279207296959, 0, 0, 0, -0.005268406881718219, 0, 0, 0.0023079606502477423, 0, 0, 0, 0, 0, -0.004407618337391432, 0, 0, 0.0006297849066303176, 0, 0, 0, 0, 0, 0, 0, 0, 0, 0, 0.0023811893954531847, 0, 0.006859745610826665, 0, 0, 0, 0, 0.0014262656896932826, 0.0013387255662917416, -0.006867330239421435, 0.0046055091295606485, 0, 0, 0, 0, 0, 0, 0, 0, 0, -0.0026438126999724794, 0, 0, 0, 0, 0, 0.0019219817170309133, 0, 0, 0, 0, -0.0020353459704812492, 0, 0, 0, 0, 0, 0, 0.0036074605066149703, 0, 0, 0, -0.003169495622858098, 0, 0, 0, 0.00014180572117087579, 0, 0, 0, 0.0037789954013654715, 0, 0.0023153376564532704, 0, 0, 0, 0, 0, 0, 0, 0.0003706845782105376, 0.003299804994464483, 0, 0, 0, 0, 0, 0, 0, 0, -0.003568705597915341, 0, -0.005136795466469854, 0, 0, 0, 0, 0, 0, 0, 0, 0, 0, 0, 0.0029871207994606346, 0, 0, 0, 0, 0, 0, 0, 0, 0, 0, 0, -9.289947630904974e-05, 0, 0, 0, 0, 0, 0, -0.005354925131443843, 0, 0, 0, 0, 0.0016370517009449983, 0, 0, 0, 0, 0, 0, -0.003615331087995934, 0, 6.460380608003352e-05, -0.0009201508657457754, 0, 0, -0.0006253010875497364, 0, 0, -0.0004611818020382649, 0, -0.0033537446497690906, 0, 0, 0, 0.0017461009866439172, 0, 0, -0.0005053794222365849, 0, 0, -0.00404300314831553, 0, 0, 0, 0, 0.0002958659857787777, 0.006977521132867188, -0.004441095599409202, 0.0010639712858017702, 0, 0, 0, 0, 0, 0, 0, -0.0035216511579144144, 0, 0, 0, 0, 0.0004508317871134129, 0, 0, 0.0015507083330300645, 0, 0, 0, 0.0026833423681561063, 0, 0, 0, 0, 0, 0.003947004721155005, 0, 0, 0, 0, 0, 0, 0, 0, 0, 0, 0.002494941665378763, -0.0022515099819780393, 0.010538208063429248, 0, 0, 0, 0, 0, 0]
Start Date: 2023-01-13
End Date: 2025-11-06
Sharpe Ratio: -0.003
Annualized Sharpe: -0.047
Sharpe 95% CI: (np.float64(-1.117), np.float64(0.959))
Sortino Ratio: -0.003
CAGR: -0.002
Calmar Ratio: -0.04
Daily Win Rate (%): 0.49
Max Drawdown: 0.042
Profit Factor: 0.986
Expectancy: -2.2e-05
Average Win: 0.003186
Average Loss: 0.003108
Total Trades: 208
Total Days: 882



Rolling 2 - Variant 3 - atr_0.75_1 - Fit Metrics
Contracts: [10, 11, 6, 10, 10, 7, 7, 6, 7, 7, 7, 6, 7, 10, 8, 8, 8, 8, 8, 7, 7, 7, 7, 7, 8, 7, 8, 7, 8, 5, 7, 7, 7, 7, 5, 7, 7, 7, 6, 6, 6, 6, 6, 6, 6, 6, 5, 8, 8, 8, 8, 8, 7, 5, 6, 6, 6, 6, 6, 6, 6, 9, 5, 10, 5, 5, 6, 6, 6, 6, 6, 7, 8, 7, 7, 7, 7, 7, 7, 8, 8, 8, 8, 9, 9, 9, 9, 10, 11, 11, 7, 10, 7, 7, 7, 7, 7, 8, 9, 9, 10, 10, 9, 9, 9, 11, 11, 11, 11, 11, 11, 11, 10, 10, 10, 10, 9, 10, 10, 10, 9, 10, 10, 11, 11, 11, 11, 9, 10, 10, 9, 10, 10, 10, 10, 10, 10, 10, 10, 10, 10, 11, 12, 10, 10, 9, 10, 8, 12, 10, 10, 10, 10, 12, 12, 13, 13, 13, 13, 15, 13, 13, 13, 12, 12, 12, 12, 12, 12, 12, 12, 12, 11, 11, 15, 13, 14, 14, 15, 12, 13, 12, 12, 12, 12, 11, 16, 16, 15, 11, 14, 14, 12, 12, 12, 11, 11, 10, 10, 6, 8, 13, 13, 13, 11, 7, 9, 8, 8, 8, 8, 7, 7, 8, 8, 8, 8, 8, 8, 8, 8, 7, 7, 8, 8, 8, 8, 9, 9, 9, 9, 7, 7, 5, 5, 5, 5, 7, 5, 6, 7, 7, 8, 8, 8, 8, 8, 8, 8, 9, 9, 9, 9, 9, 9, 8, 8, 8, 8, 8, 7, 7, 7, 7, 9, 11, 9, 9, 9, 10, 10, 10, 11, 13, 12, 12]
Trade Returns: [-0.00814843700459709, 0.0013944999999999663, 0.0021491822083590144, 0.006457220191208521, 0.004186758866476518, 0.006680096816209547, 0.0003063728802697711, 0.002895262746888569, -0.002945918847096969, -0.0005454459342316128, -0.004449779521673773, -0.001671607452133888, -0.0062044776655622936, 0.004271630260438621, 0.0011622829606586554, 0.006290316074538393, 0.0020444701960765097, 0.0009641933278001201, -0.003181294303299057, 0.0016159928248493064, -0.0002459513647855392, 0.00040275361280810087, 0.005102248010270904, 0.005405908231602061, 0.0009172583125426706, 0.005519342935177649, 0.00018343868133021917, 0.003033158639184233, -0.0018949952971627042, -0.0007939694832545593, -0.0059631761225510576, -0.0018588951392908481, 0.0027841573127806067, 0.006169277045012293, 0.003705118102993419, -0.00016914413596378285, 0.003800324382494091, 0.004864428104951891, -0.001419865533973315, -0.00027543457494971985, -2.4655462606486877e-05, -0.0016858509255722265, -0.002613449055042852, -0.0034348276807784225, 0.0026112507637300743, 0.007016170875544393, 0.004586318036907974, -0.003637011923115574, -0.000451417989006902, 0.006384548984706618, 0.005848588503717839, 8.181576646437733e-05, -0.0034696457378949066, 0.00029510510385558845, -0.00335049200797543, -0.00011014000490929691, -0.0043545685275944825, -0.0009394773109707934, -0.0007554776482138361, -0.0021393521130116996, 0.0009813450652217507, 0.005232853680330459, -0.0018294503564918034, -0.0016555085159450597, 0.0010410969517274497, -0.0004501808174244378, -0.005064969344715099, -0.006605193191150021]
Daily Returns: [-0.00814843700459709, 0.0013944999999999663, 0, 0, 0, 0, 0, 0, 0, 0, 0, 0, 0.0021491822083590144, 0, 0, 0.006457220191208521, 0, 0, 0, 0, 0, 0, 0, 0, 0, 0, 0, 0, 0, 0, 0, 0.004186758866476518, 0, 0, 0.006680096816209547, 0, 0, 0, 0, 0, 0.0003063728802697711, 0, 0, -0.0005961020344400131, 0, 0, -0.004449779521673773, 0, 0, 0, 0, -0.001671607452133888, 0, 0, 0, 0, 0, 0, 0, 0, -0.0062044776655622936, 0, 0, 0, 0, 0, 0.004271630260438621, 0.007452599035197048, 0, 0, 0, 0, 0, 0, 0, 0, 0, 0, 0.0020444701960765097, -0.0022171009754989373, 0, 0.0016159928248493064, 0.00015680224802256168, 0, 0, 0, 0, 0, 0, 0, 0, 0, 0, 0, 0, 0, 0, 0, 0, 0, 0, 0.005102248010270904, 0, 0, 0, 0, 0.005405908231602061, 0.0009172583125426706, 0.005519342935177649, 0, 0, 0, 0, 0, 0, 0, 0, 0, 0, 0, 0.00018343868133021917, 0.00034419385876696966, 0, 0, 0, 0, 0, 0, 0, 0, -0.0059631761225510576, 0, 0, 0, 0, 0, 0, 0, 0, 0, 0, 0, 0, 0, 0, -0.0018588951392908481, 0, 0.0027841573127806067, 0, 0, 0.00970525101204193, 0.003800324382494091, 0, 0, 0, 0.004864428104951891, 0, -0.001695300108923035, 0, 0, -2.4655462606486877e-05, 0, 0, 0, 0, 0, 0, 0, 0, -0.0016858509255722265, 0, 0, 0, 0, 0, -0.002613449055042852, 0, -0.0034348276807784225, 0.0026112507637300743, 0, 0, 0.007016170875544393, 0, 0, 0, 0, 0.004586318036907974, 0, 0, 0, 0, 0, 0, 0, 0, -0.003637011923115574, 0, 0, 0, 0, 0, 0, 0, 0, 0, 0, 0, 0, 0, 0, -0.000451417989006902, 0, 0, 0, 0, 0, 0.006384548984706618, 0, 0, 0, 0, 0, 0, 0.005930404270182216, 0, 0, 0, -0.0034696457378949066, 0, 0.00029510510385558845, 0, 0, 0, 0, -0.00335049200797543, 0, 0, 0, 0, 0, 0, -0.00011014000490929691, 0, 0, 0, 0, 0, 0, 0, 0, 0, -0.0043545685275944825, 0, 0, 0, 0, 0, -0.0009394773109707934, 0, 0, 0, 0, 0, -0.0007554776482138361, -0.0021393521130116996, 0, 0, 0, 0.0009813450652217507, 0, 0.005232853680330459, 0, -0.0018294503564918034, 0, 0, 0, 0, -0.0016555085159450597, 0, 0, 0.0010410969517274497, 0, -0.0004501808174244378, 0, 0, 0, -0.005064969344715099, 0, 0, 0, 0, -0.006605193191150021, 0, 0, 0]
Start Date: 2022-02-03
End Date: 2023-01-12
Sharpe Ratio: 0.065
Annualized Sharpe: 1.03
Sharpe 95% CI: (np.float64(-0.787), np.float64(2.685))
Sortino Ratio: 0.053
CAGR: 0.029
Calmar Ratio: 1.266
Daily Win Rate (%): 0.515
Max Drawdown: 0.023
Profit Factor: 1.413
Expectancy: 0.000501
Average Win: 0.003325
Average Loss: 0.002495
Total Trades: 68
Total Days: 295

Rolling 2 - Variant 3 - atr_0.75_1 - Test Metrics
Contracts: [10, 11, 6, 10, 10, 7, 7, 6, 7, 7, 7, 6, 7, 10, 8, 8, 8, 8, 8, 7, 7, 7, 7, 7, 8, 7, 8, 7, 8, 5, 7, 7, 7, 7, 5, 7, 7, 7, 6, 6, 6, 6, 6, 6, 6, 6, 5, 8, 8, 8, 8, 8, 7, 5, 6, 6, 6, 6, 6, 6, 6, 9, 5, 10, 5, 5, 6, 6, 6, 6, 6, 7, 8, 7, 7, 7, 7, 7, 7, 8, 8, 8, 8, 9, 9, 9, 9, 10, 11, 11, 7, 10, 7, 7, 7, 7, 7, 8, 9, 9, 10, 10, 9, 9, 9, 11, 11, 11, 11, 11, 11, 11, 10, 10, 10, 10, 9, 10, 10, 10, 9, 10, 10, 11, 11, 11, 11, 9, 10, 10, 9, 10, 10, 10, 10, 10, 10, 10, 10, 10, 10, 11, 12, 10, 10, 9, 10, 8, 12, 10, 10, 10, 10, 12, 12, 13, 13, 13, 13, 15, 13, 13, 13, 12, 12, 12, 12, 12, 12, 12, 12, 12, 11, 11, 15, 13, 14, 14, 15, 12, 13, 12, 12, 12, 12, 11, 16, 16, 15, 11, 14, 14, 12, 12, 12, 11, 11, 10, 10, 6, 8, 13, 13, 13, 11, 7, 9, 8, 8, 8, 8, 7, 7, 8, 8, 8, 8, 8, 8, 8, 8, 7, 7, 8, 8, 8, 8, 9, 9, 9, 9, 7, 7, 5, 5, 5, 5, 7, 5, 6, 7, 7, 8, 8, 8, 8, 8, 8, 8, 9, 9, 9, 9, 9, 9, 8, 8, 8, 8, 8, 7, 7, 7, 7, 9, 11, 9, 9, 9, 10, 10, 10, 11, 13, 12, 12]
Trade Returns: [-0.002956932393468841, 0.0036598861189917156, 0.0008941409601141395, 0.0012242004106950354, -0.007245119363767, -0.003737693965179601, -0.00458521790494816, 0.005117769301115344, 0.0054260951446667436, -0.005598491819334913, 0.0011461371197034021, -0.0016484792320694127, -0.0070318099195945775, -0.008952194002800683, 0.007534307098974234, 0.0021278793443623763, -0.0014717449172020225, -0.005438973665907781, -0.001442815048310783, -0.0004597696402680739, 0.0031981771526410872, -0.0029460720583283995, 0.0005546106125565813, 0.00229009777607832, -0.005550578108042472, 0.007516417982650243, -0.0022377613096239597, 0.003373266491378453, 0.004348921265155609, -0.0022213877311106707, -0.0024697968274037083, 0.003970190226314223, -0.004435743922669104, -0.002451170464751605, 0.0006231193635655323, -0.0023701505707255234, -0.0064070530516712795, -0.00124974259563034, 0.005437867918427503, -0.005978044363361028, 0.005604838644336161, -0.008465386477170144, 0.0015513946297328362, -0.005121365493804939, -4.231953780373682e-05, 0.00044902074421791826, -0.0036754239557936544, 0.0006373272325279257, 0.006852922633952058, -0.005482069133484149, 0.0008915765210258219, 0.005449257689207608, 0.0003584716484706916, -0.0016498237639649097, 0.002296427081473089, -0.001883132206533737, -0.0005341345154329794, 0.003158644780846641, -0.0013330434828359788, 0.0035160327214845567, 0.0026642262472345466, 0.0009360842734077711, -0.006088629751455789, -0.00224572854570999, -0.0012837131696311547, -0.005104472542062217, -0.006821460306235052, -0.0024128739698944086, 0.0030222050246073383, -0.0004813639279097199, -0.0015016408066586447, -0.0010346088571751614, 0.004394216355146609, -0.006098275100422231, 0.004560251547894872, 0.0002079183232541915, 0.003910964181462911, -0.004106794667018775, -0.002302572491491881, -0.0005814608088508345, -0.004861584460613132, -0.005376422075047178, 0.0046339305278574865, 0.0047551061124347285, -0.000708272393796587, 0.0002698350170947613, 0.0008411716607124679, 0.004016154414628671, -0.0017002286805575305, -0.0005796941756319778, 0.0026641563535059216, 0.0014531456831722539, 0.0003991253704481861, -0.005158920508201132, -0.006393609852899455, 0.005266454174128924, -0.0019415965030707256, 0.006061192936312515, -0.0022555274876166565, -0.002233548569599967, 0.0040283409561402885, -0.005668080899682917, 0.001878041318117286, -0.00939446783127945, 0.0005009531186342663, -0.0012158731661100802, 0.0010120660800895622, 0.0026819369510888134, 0.0005538590284351675, 0.0062973093217345765, -0.004009869620889436, 0.00010703407132451711, 0.005675713199696921, -0.0059820295574678165, -0.009895448229927687, 0.002431666364548485, 0.0047350076151626815, -0.0059561833577176275, -0.0061441664760871085, 0.0010086504607396574, -0.000888788945841518, 0.005929269367510543, 0.0030793139804472865, 0.002620538835783842, 0.0007919510401751904, 0.0017523578173795887, -0.001369753757996298, -0.0012072470634557377, -0.01035340883983189, 0.0014789661429100225, -0.002869024743470276, 0.005475516537208035, -0.002469683934591535, 0.009039903298342075, 0.0010266182833882774, -0.007254895822709267, 0.004840620911002905, 0.0017959541392898058, -0.0026959046739641014, 0.0012165434020106876, 0.00021912012091860575, 0.001995161818146821, 0.006772945772131668, 0.006071356913349435, -0.0009433642242039879, -0.006354531154698084, 0.005072271907115507, -0.0008937276568083841, 0.002137853062086343, 0.004761249190804213, -0.0003836323137100722, 0.004500663998109672, -0.00414957270511763, 0.0012215514597896304, -0.004509235268516268, 0.002073605816965083, -0.006698474101004364, 0.00479501138225436, 0.0024413111573470926, -0.005605299526836529, 0.008029102668887747, 0.0014650531446168706, 0.001375079097914415, -0.006052290565534807, 0.004617941761398456, -0.002715507714237157, 0.003880672468625297, -0.0019062322688486843, -0.0020905821980504806, 0.0030686638060430666, -0.004768079053541833, 0.006434820196679123, 0.004391053662775002, 0.0023670575402236324, -0.0001832605955731887, 0.000562208197941961, 0.0048337043186827385, 0.0029319871133351824, -3.3910675731342875e-05, -0.0026955958199336625, -0.007793519766008573, 0.004950074011207132, 0.0013645985098829315, -9.404860990794058e-05, -0.00160762862971685, 0.0016566529969918198, -0.005445917783462607, 6.549639452829339e-05, -0.0009328631545958728, -0.0006339479634046391, -0.00046756322615222444, -0.0028749682188887234, 0.001769423274259337, -0.0005121177413117467, -0.0060696530374317525, 0.0003004117843258042, 0.005275528199848117, -0.004050265612014692, 0.001077146409809304, -0.0025132417103741014, 0.00045806791663738334, 0.004590604399355961, -0.003159445327858247, 0.0027246826030069148, 0.0040107963701089735, 0.005530723673970545, -0.0022808466900100335, 0.007919567924965233]
Daily Returns: [0, 0, 0, 0, -0.002956932393468841, 0, 0.0036598861189917156, 0, 0.0008941409601141395, 0, 0, 0, 0.0012242004106950354, 0, 0, 0, 0, 0, -0.007245119363767, 0, -0.003737693965179601, 0, 0, 0, 0, 0, 0, -0.00458521790494816, 0, 0.005117769301115344, 0.0054260951446667436, 0, 0, 0, 0, 0, 0, 0, 0, 0, -0.005598491819334913, 0.0011461371197034021, 0, 0, -0.0016484792320694127, -0.0070318099195945775, 0, 0, -0.008952194002800683, 0, 0, 0, 0.007534307098974234, 0, 0, 0, 0, 0, 0.0021278793443623763, 0, 0, -0.0014717449172020225, 0, 0, 0, 0, 0, 0, -0.006881788714218564, 0, 0, 0, -0.0004597696402680739, 0, 0.0031981771526410872, 0, -0.0029460720583283995, 0, 0, 0, 0.0005546106125565813, 0, 0, 0, 0.00229009777607832, 0, -0.005550578108042472, 0, 0, 0, 0.007516417982650243, 0, 0, 0, -0.0022377613096239597, 0.003373266491378453, 0, 0, 0.002127533534044938, 0, 0, 0, 0, 0, 0, 0, 0, -0.0024697968274037083, 0, 0, 0, 0, 0, 0, 0, 0, 0, 0, 0.003970190226314223, 0, -0.004435743922669104, 0, 0, 0, 0, -0.002451170464751605, 0, 0, 0, 0, 0, 0, 0, 0, 0, 0, 0, 0, 0, 0, 0, 0, 0.0006231193635655323, 0, 0, 0, 0, -0.0023701505707255234, 0, 0, -0.0076567956473016195, 0, 0, 0.005437867918427503, 0, -0.005978044363361028, 0, 0, 0, 0, 0, 0.005604838644336161, 0, 0, 0, 0, 0, -0.008465386477170144, 0, 0, 0, 0, 0, 0, 0, 0, 0.0015513946297328362, 0, 0, -0.005163685031608676, 0, 0, 0.00044902074421791826, 0, 0, 0, 0, 0, 0, -0.0036754239557936544, 0, 0, 0, 0, 0, 0.0006373272325279257, 0, 0, 0.0013708535004679093, 0, 0, 0.0008915765210258219, 0, 0, 0, 0, 0, 0.005449257689207608, 0, 0, 0, 0, 0.0003584716484706916, 0, 0, 0, 0, 0, 0, 0, -0.0016498237639649097, 0, 0, 0, 0, 0, 0, 0, 0.002296427081473089, 0, 0, 0, 0, 0, 0, 0, 0, 0, -0.001883132206533737, 0.0026245102654136616, 0, 0, -0.0013330434828359788, 0, 0.0035160327214845567, 0.0026642262472345466, 0, 0, 0, 0.0009360842734077711, 0, -0.006088629751455789, -0.00224572854570999, 0, 0, 0, 0, -0.0012837131696311547, 0, 0, 0, -0.01192593284829727, 0, 0, 0, 0, 0, 0, 0, 0, 0, 0, 0, 0, 0, -0.0024128739698944086, 0.0030222050246073383, 0, 0, 0, 0, 0, 0, 0, 0, -0.0004813639279097199, 0, -0.0015016408066586447, 0, 0, 0, 0, 0, -0.0010346088571751614, 0, 0, 0, 0, 0, 0.004394216355146609, 0, 0, 0, 0, 0, 0, 0, 0, 0, 0, 0, 0, 0, 0, 0, 0, 0, 0, 0, 0, 0, 0, 0, 0, 0, 0, 0, 0, 0, 0, -0.006098275100422231, 0, 0, 0, 0, 0.0047681698711490635, 0.003910964181462911, 0, 0, -0.004106794667018775, 0, 0, 0, 0, 0, 0, 0, 0, 0, 0, 0, 0, -0.002302572491491881, 0, 0, 0, 0, 0, -0.0005814608088508345, 0, 0, 0, 0, 0, -0.004861584460613132, -0.005376422075047178, 0, 0, 0.0046339305278574865, 0, 0.0047551061124347285, -0.000708272393796587, 0.0002698350170947613, 0, 0, 0, 0, 0, 0, 0, 0, 0, 0, 0, 0.0008411716607124679, 0, 0, 0, 0, 0.004016154414628671, -0.0017002286805575305, 0, 0, 0, 0, -0.0005796941756319778, 0.004117302036678176, 0, 0.0003991253704481861, -0.011552530361100587, 0, 0, 0, 0, 0, 0, 0.0033248576710581987, 0.006061192936312515, 0, 0, 0, 0, 0, -0.0022555274876166565, 0, 0, 0, 0, -0.002233548569599967, 0, 0, 0, 0, 0, 0.0040283409561402885, 0, 0, 0, 0, 0, -0.005668080899682917, 0, 0.001878041318117286, 0, 0, 0, 0, 0, -0.00939446783127945, 0, 0.0005009531186342663, 0, 0, -0.0012158731661100802, 0, 0, 0, 0, 0, 0, 0, 0, 0.0010120660800895622, 0.0026819369510888134, 0, 0, 0, 0.0005538590284351675, 0.0062973093217345765, 0, 0, 0, 0, 0, 0, 0, 0, -0.004009869620889436, 0, 0, 0, 0, 0.00010703407132451711, 0, 0, 0, 0, 0, 0.005675713199696921, 0, 0, 0, -0.0059820295574678165, 0, 0, 0, -0.009895448229927687, 0, 0, 0, 0, 0, 0.002431666364548485, 0, 0, 0.0047350076151626815, 0, 0, 0, 0, 0, 0, 0, 0, 0, 0, 0, 0, 0, 0, 0, 0, 0, 0, 0, -0.0059561833577176275, 0, 0, 0, 0, 0, 0, -0.0061441664760871085, 0, 0.0010086504607396574, 0, 0, 0, 0, 0, 0, 0, -0.000888788945841518, 0, 0.00900858334795783, 0, 0, 0, 0, 0.002620538835783842, 0, 0, 0, 0, 0, 0, 0, 0, 0, 0, 0, 0.0007919510401751904, 0, 0, 0, 0, 0, 0, 0, 0, 0.00038260405938329075, -0.0012072470634557377, 0, 0, 0, 0, 0, 0, -0.008874442696921867, 0, 0, 0, 0, 0, 0, -0.002869024743470276, 0, 0, 0, 0.005475516537208035, 0, -0.002469683934591535, 0.009039903298342075, 0, 0, 0.0010266182833882774, -0.007254895822709267, 0, 0.004840620911002905, 0, 0.0017959541392898058, 0, 0, -0.0026959046739641014, 0, 0, 0, 0.0012165434020106876, 0, 0, 0, 0, 0, 0, 0, 0, 0, 0, 0, 0, 0, 0, 0, 0, 0.00021912012091860575, 0, 0, 0.001995161818146821, 0, 0, 0.006772945772131668, 0.006071356913349435, 0, 0, 0, 0, 0, -0.0009433642242039879, 0, 0, 0, 0, -0.006354531154698084, 0, 0, 0, 0.005072271907115507, 0, 0, -0.0008937276568083841, 0, 0, 0, 0, 0, 0, 0.002137853062086343, 0, 0, 0, 0, 0, 0.004377616877094141, 0, 0, 0, 0, 0, 0, 0, 0, 0, 0, 0, 0, 0.001572642752781673, 0, 0, 0, -0.004509235268516268, 0, 0, 0.002073605816965083, 0, 0, 0, 0, 0, -0.006698474101004364, 0, 0, 0.00479501138225436, 0, 0, 0, 0, 0, 0, 0, 0, 0, 0, 0.0024413111573470926, 0, 0.0024238031420512184, 0, 0, 0, 0, 0.0014650531446168706, 0.001375079097914415, -0.006052290565534807, 0.004617941761398456, 0, 0, 0, 0, 0, 0, 0, 0, 0, -0.002715507714237157, 0, 0, 0, 0, 0, 0.001974440199776613, 0, 0, 0, 0, -0.0020905821980504806, 0, 0, 0, 0, 0, 0, 0.0030686638060430666, 0, 0, 0, -0.004768079053541833, 0, 0, 0, 0.006434820196679123, 0, 0, 0, 0.004391053662775002, 0, 0.0023670575402236324, 0, 0, 0, 0, 0, 0, 0, 0.0003789476023687723, 0.007731780756286578, 0, 0, 0, 0, 0, 0, 0, 0, -0.0026955958199336625, 0, -0.007793519766008573, 0, 0, 0, 0, 0, 0, 0, 0, 0, 0, 0, 0.006314672521090064, 0, 0, 0, 0, 0, 0, 0, 0, 0, 0, 0, -9.404860990794058e-05, 0, 0, 0, 0, 0, 0, -0.00160762862971685, 0, 0, 0, 0, 0.0016566529969918198, 0, 0, 0, 0, 0, 0, -0.005445917783462607, 0, 6.549639452829339e-05, -0.0009328631545958728, 0, 0, -0.0006339479634046391, 0, 0, -0.00046756322615222444, 0, -0.0028749682188887234, 0, 0, 0, 0.001769423274259337, 0, 0, -0.0005121177413117467, 0, 0, -0.0060696530374317525, 0, 0, 0, 0, 0.0003004117843258042, 0.005275528199848117, -0.004050265612014692, 0.001077146409809304, 0, 0, 0, 0, 0, 0, 0, -0.0025132417103741014, 0, 0, 0, 0, 0.00045806791663738334, 0, 0, 0.0014311590714977144, 0, 0, 0, 0.0027246826030069148, 0, 0, 0, 0, 0, 0.0040107963701089735, 0, 0, 0, 0, 0, 0, 0, 0, 0, 0, 0.005530723673970545, -0.0022808466900100335, 0.007919567924965233, 0, 0, 0, 0, 0, 0]
Start Date: 2023-01-13
End Date: 2025-11-06
Sharpe Ratio: -0.01
Annualized Sharpe: -0.158
Sharpe 95% CI: (np.float64(-1.165), np.float64(0.905))
Sortino Ratio: -0.007
CAGR: -0.005
Calmar Ratio: -0.078
Daily Win Rate (%): 0.514
Max Drawdown: 0.069
Profit Factor: 0.951
Expectancy: -8.3e-05
Average Win: 0.003149
Average Loss: 0.003506
Total Trades: 208
Total Days: 882



Rolling 2 - Variant 4 - atr_0.25_3 - Fit Metrics
Contracts: [10, 11, 6, 10, 10, 7, 6, 6, 6, 6, 6, 6, 7, 10, 8, 8, 8, 8, 8, 7, 7, 7, 7, 7, 7, 7, 7, 7, 8, 5, 7, 7, 7, 7, 5, 7, 6, 6, 6, 6, 6, 6, 6, 6, 6, 6, 5, 7, 7, 7, 8, 7, 6, 5, 6, 5, 6, 6, 6, 6, 5, 9, 5, 10, 5, 5, 6, 6, 6, 6, 6, 7, 8, 7, 6, 7, 7, 7, 7, 8, 8, 8, 8, 9, 9, 9, 9, 10, 11, 11, 8, 10, 7, 7, 7, 7, 7, 8, 9, 9, 10, 10, 9, 9, 9, 11, 11, 12, 11, 11, 11, 11, 10, 10, 10, 10, 10, 10, 10, 10, 10, 10, 10, 11, 11, 11, 11, 9, 10, 10, 10, 10, 10, 10, 10, 10, 10, 10, 11, 11, 10, 11, 12, 10, 10, 9, 11, 9, 12, 10, 10, 10, 10, 12, 12, 14, 13, 13, 13, 15, 14, 13, 14, 12, 12, 12, 12, 12, 12, 12, 12, 12, 12, 12, 15, 13, 15, 14, 15, 13, 13, 12, 13, 13, 13, 12, 16, 17, 15, 12, 14, 15, 12, 12, 13, 11, 11, 11, 11, 7, 9, 14, 14, 14, 12, 8, 10, 8, 8, 8, 8, 8, 8, 8, 8, 8, 8, 9, 8, 9, 9, 7, 8, 8, 8, 8, 8, 9, 9, 9, 9, 7, 7, 6, 5, 5, 5, 7, 6, 6, 8, 8, 8, 8, 8, 8, 8, 9, 9, 10, 9, 9, 9, 10, 9, 8, 8, 8, 8, 8, 8, 8, 7, 8, 9, 11, 9, 9, 9, 11, 11, 11, 11, 13, 12, 12]
Trade Returns: [-0.0028620588589212347, 0.0013944999999999663, -0.0025974086823431983, -0.0023543001309382673, 0.004221442148990723, 0.005735619200856212, 0.0003091903023161377, 0.0025042836823030547, -0.0013244238785817116, -0.0004718231442639015, -0.0015491426947412982, -0.0016364530499203285, -0.0021760848533625733, -0.0021808305256371635, -0.00223562433966962, 0.006333219332844941, -0.0030237155499185852, -0.00287241623343708, -0.0031438156189503214, 0.0016414460914824659, -0.00024981896031049097, 0.0004090885128366756, 0.005161012394665406, 0.0047406009943392205, 0.0009283827948084684, 0.005536480878817857, 0.00018564649954256408, 0.003069658137843414, -0.002132297596884865, -0.000803685550950649, -0.0018306602391556831, -0.0025798736095899856, 0.0024241265320411893, 0.006231977428742806, 0.0037647769482256877, -0.0001718574357521453, 0.0038612971834880625, 0.004942173299816706, -0.0016605147275822517, -0.0002798824784831851, -2.5053727135204633e-05, -0.001711207316459624, -0.0023237115946225986, -0.002201355897389471, 0.0023182134414914137, 0.0071693878352553425, 0.004072207374332431, -0.0018656384207360673, -0.0003805367862464266, 0.0064224862358736624, 0.005951883183635358, -0.002565779169667935, -0.001648008840810447, 0.0002988780423210522, -0.002070017556826208, -0.00011191916260972177, -0.0012787429592451016, -0.0009485364042573636, -0.0015048901090575061, -0.001417956144074621, -0.0017734949592014995, 0.005296168446944976, -0.0022042044439879293, -0.0014570547021002108, 0.0010512069370477333, -0.0014218234955592267, -0.0017826082755386414, -0.002293074160813064]
Daily Returns: [-0.0028620588589212347, 0.0013944999999999663, 0, 0, 0, 0, 0, 0, 0, 0, 0, 0, -0.0025974086823431983, 0, 0, -0.0023543001309382673, 0, 0, 0, 0, 0, 0, 0, 0, 0, 0, 0, 0, 0, 0, 0, 0.004221442148990723, 0, 0, 0.005735619200856212, 0, 0, 0, 0, 0, 0.0003091903023161377, 0, 0, 0.0007080366594574416, 0, 0, -0.0015491426947412982, 0, 0, 0, 0, -0.0016364530499203285, 0, 0, 0, 0, 0, 0, 0, 0, -0.0021760848533625733, 0, 0, 0, 0, 0, -0.0021808305256371635, 0.004097594993175321, 0, 0, 0, 0, 0, 0, 0, 0, 0, 0, -0.0030237155499185852, -0.0060162318523874015, 0, 0.0016414460914824659, 0.0001592695525261846, 0, 0, 0, 0, 0, 0, 0, 0, 0, 0, 0, 0, 0, 0, 0, 0, 0, 0, 0.005161012394665406, 0, 0, 0, 0, 0.0047406009943392205, 0.0009283827948084684, 0.005536480878817857, 0, 0, 0, 0, 0, 0, 0, 0, 0, 0, 0, 0.00018564649954256408, 0.00013367499000790017, 0, 0, 0, 0, 0, 0, 0, 0, -0.0018306602391556831, 0, 0, 0, 0, 0, 0, 0, 0, 0, 0, 0, 0, 0, 0, -0.0025798736095899856, 0, 0.0024241265320411893, 0, 0, 0.009824896941216348, 0.0038612971834880625, 0, 0, 0, 0.004942173299816706, 0, -0.0019403972060654368, 0, 0, -2.5053727135204633e-05, 0, 0, 0, 0, 0, 0, 0, 0, -0.001711207316459624, 0, 0, 0, 0, 0, -0.0023237115946225986, 0, -0.002201355897389471, 0.0023182134414914137, 0, 0, 0.0071693878352553425, 0, 0, 0, 0, 0.004072207374332431, 0, 0, 0, 0, 0, 0, 0, 0, -0.0018656384207360673, 0, 0, 0, 0, 0, 0, 0, 0, 0, 0, 0, 0, 0, 0, -0.0003805367862464266, 0, 0, 0, 0, 0, 0.0064224862358736624, 0, 0, 0, 0, 0, 0, 0.0033861040139674227, 0, 0, 0, -0.001648008840810447, 0, 0.0002988780423210522, 0, 0, 0, 0, -0.002070017556826208, 0, 0, 0, 0, 0, 0, -0.00011191916260972177, 0, 0, 0, 0, 0, 0, 0, 0, 0, -0.0012787429592451016, 0, 0, 0, 0, 0, -0.0009485364042573636, 0, 0, 0, 0, 0, -0.0015048901090575061, -0.001417956144074621, 0, 0, 0, -0.0017734949592014995, 0, 0.005296168446944976, 0, -0.0022042044439879293, 0, 0, 0, 0, -0.0014570547021002108, 0, 0, 0.0010512069370477333, 0, -0.0014218234955592267, 0, 0, 0, -0.0017826082755386414, 0, 0, 0, 0, -0.002293074160813064, 0, 0, 0]
Start Date: 2022-02-03
End Date: 2023-01-12
Sharpe Ratio: 0.064
Annualized Sharpe: 1.017
Sharpe 95% CI: (np.float64(-0.893), np.float64(2.556))
Sortino Ratio: 0.088
CAGR: 0.023
Calmar Ratio: 1.737
Daily Win Rate (%): 0.397
Max Drawdown: 0.013
Profit Factor: 1.388
Expectancy: 0.000395
Average Win: 0.003555
Average Loss: 0.001686
Total Trades: 68
Total Days: 295

Rolling 2 - Variant 4 - atr_0.25_3 - Test Metrics
Contracts: [10, 11, 6, 10, 10, 7, 6, 6, 6, 6, 6, 6, 7, 10, 8, 8, 8, 8, 8, 7, 7, 7, 7, 7, 7, 7, 7, 7, 8, 5, 7, 7, 7, 7, 5, 7, 6, 6, 6, 6, 6, 6, 6, 6, 6, 6, 5, 7, 7, 7, 8, 7, 6, 5, 6, 5, 6, 6, 6, 6, 5, 9, 5, 10, 5, 5, 6, 6, 6, 6, 6, 7, 8, 7, 6, 7, 7, 7, 7, 8, 8, 8, 8, 9, 9, 9, 9, 10, 11, 11, 8, 10, 7, 7, 7, 7, 7, 8, 9, 9, 10, 10, 9, 9, 9, 11, 11, 12, 11, 11, 11, 11, 10, 10, 10, 10, 10, 10, 10, 10, 10, 10, 10, 11, 11, 11, 11, 9, 10, 10, 10, 10, 10, 10, 10, 10, 10, 10, 11, 11, 10, 11, 12, 10, 10, 9, 11, 9, 12, 10, 10, 10, 10, 12, 12, 14, 13, 13, 13, 15, 14, 13, 14, 12, 12, 12, 12, 12, 12, 12, 12, 12, 12, 12, 15, 13, 15, 14, 15, 13, 13, 12, 13, 13, 13, 12, 16, 17, 15, 12, 14, 15, 12, 12, 13, 11, 11, 11, 11, 7, 9, 14, 14, 14, 12, 8, 10, 8, 8, 8, 8, 8, 8, 8, 8, 8, 8, 9, 8, 9, 9, 7, 8, 8, 8, 8, 8, 9, 9, 9, 9, 7, 7, 6, 5, 5, 5, 7, 6, 6, 8, 8, 8, 8, 8, 8, 8, 9, 9, 10, 9, 9, 9, 10, 9, 8, 8, 8, 8, 8, 8, 8, 7, 8, 9, 11, 9, 9, 9, 11, 11, 11, 11, 13, 12, 12]
Trade Returns: [-0.0022313897005927044, 0.003699719961640213, -0.0018477952665853254, 0.0012374753746114099, -0.0025167556014762545, -0.002134512397324237, -0.0016240031600764414, 0.005085051680546037, -0.0020022858565650952, -0.0019680772285062885, 0.0011455073332345632, -0.0020770776980916696, -0.0024579984922707358, -0.003097387154266324, 0.007509430746216773, 0.0021407290711027904, -0.0016755654514132108, -0.0018956967315739098, -0.00143178313758048, -0.0014361397701094767, 0.0032152135054385107, -0.0016040849613909586, 0.0005501522207777056, 0.0022635064137795278, -0.001951548479275691, 0.007490079434979582, -0.0022118941545463846, 0.003334187150009179, 0.004298706374882394, -0.0021958482282895416, -0.0019770096901054247, -0.002232489481451893, -0.002609587641540755, -0.002422764899654132, 0.0006148398837661708, -0.0017276852063124008, -0.002688155251656709, -0.0012331472830690007, 0.005375210655767139, -0.0020930949587626493, 0.005460382456041237, -0.0028676209752643757, -0.0022021031285326207, -0.0017858787664067689, -4.1460617041985316e-05, -0.002213295253972976, -0.0020324971730382477, 0.000623420711864281, 0.006619936599784077, -0.0029699645263098476, 0.000879719589380768, 0.005384448381554369, 0.0003498746506046017, -0.002227516574130387, 0.0022433627199099134, -0.0021399390628246964, -0.0019642551708801046, 0.003086287874150964, -0.0023805378815986386, 0.003456893636536434, -0.0017874932120053653, 0.0009203937323207979, -0.002083154372308498, -0.002084148176978485, -0.0012517343248591105, -0.0017784691246399776, -0.002568300196229027, -0.002481352291138049, -0.0024752104220861566, -0.0005184657377085361, -0.0027890013649594916, -0.0011262327572127276, 0.004722675829818866, -0.0023566090680279487, 0.004454821120376422, 0.00020313268877462628, 0.0038822840840039142, -0.001446927873064404, -0.0019514092658305217, -0.001969070076258672, -0.0017208354091218677, -0.0018827654352967572, 0.004563854937313149, 0.004693270320614119, -0.0007382096570776694, 0.0002830855919250295, -0.0025241582701747175, 0.003913393845888882, -0.0023805662826907885, -0.0005629975018085537, 0.0025873786158784862, 0.0014113758707639547, 0.0003876689173162566, -0.0018010281209297583, -0.0021696936016694533, 0.005076556303031855, -0.002454917274796974, 0.006378272031198172, -0.001937242011381006, -0.0023151615170006693, 0.003817508811823905, -0.0021515258394547545, -0.002267286383844244, -0.0031645985353513967, -0.0028808114971797714, -0.0011668348460843175, 0.0010524760408687044, 0.0027889092376795033, -0.0024957286945695395, 0.005969614813305884, -0.0015615992908788014, 0.00010359284978046929, 0.005592526046395757, -0.0022360878288061213, -0.003345090995082147, 0.0023300753910723633, 0.004952958927867146, -0.002008099702933532, -0.002258546557608393, 0.0009663990484685013, -0.0008450310999149974, -0.0023047806657818214, 0.0032203397061111136, 0.002491200145284402, 0.0008278820607646155, 0.0018044584580484042, -0.001410405561143794, -0.0012431265677826544, -0.00375435937284592, -0.004131586100122258, -0.0028258319633292744, 0.005777893113633235, -0.0026208365963812778, 0.009187079162238484, 0.0009748781222365129, -0.002382461957589896, 0.004643978746824902, 0.0016971987329261924, -0.0019522717350368827, -0.001619562982409272, -0.0017148121512373222, 0.002014439310552678, 0.006368526333922816, -0.0023507007981018783, -0.002253091894096083, -0.0020944352110572073, 0.004794832750805097, -0.002204011200232738, -0.0019713625472868607, 0.004521547344906523, -0.0021607329433589455, -0.0016311337769370337, -0.0018697255391952967, -0.0018662361897291895, -0.0026334106756469478, 0.002251033493747238, -0.002274505053024985, 0.005104885865370696, 0.0023503355375788055, -0.0018779384293747614, 0.007727585500899941, 0.0014053182046756402, 0.0013190913705002397, -0.004012848360470142, 0.004593459505335143, -0.002657305913195636, 0.0037215820127881848, -0.0016176939219929725, -0.0016143073187945454, 0.0035310938738246206, -0.0015994210855390597, 0.00621121843444991, 0.004746872198763708, 0.0025837170074437615, -0.00017499249117099828, -0.001883491741594881, 0.004579348219796925, -0.0018311136539038066, -3.2622965106999086e-05, -0.002010503230395354, -0.002923262089470998, 0.004702071231118249, -0.0018645927436361299, -0.002182781018182148, -0.0026619233029655204, 0.0015925698432137409, -0.0018466430884914737, 6.273981721287736e-05, -0.0008936037708854179, -0.0006072445112523491, -0.002187944887235214, -0.0019527732951532756, 0.0016961989524566924, -0.001665243039408432, -0.0020388148532126883, 0.00028720330495257543, -0.0018749336969941107, -0.002237117043546246, 0.0010351546149641392, -0.0018243027802530337, -0.002034854968841826, 0.004871072231703881, -0.002095241017154855, 0.002604571969671041, 0.0038637409555384718, 0.005406726408900534, -0.002985610372117001, 0.0075648183651998826]
Daily Returns: [0, 0, 0, 0, -0.0022313897005927044, 0, 0.003699719961640213, 0, -0.0018477952665853254, 0, 0, 0, 0.0012374753746114099, 0, 0, 0, 0, 0, -0.0025167556014762545, 0, -0.002134512397324237, 0, 0, 0, 0, 0, 0, -0.0016240031600764414, 0, 0.005085051680546037, -0.0020022858565650952, 0, 0, 0, 0, 0, 0, 0, 0, 0, -0.0019680772285062885, 0.0011455073332345632, 0, 0, -0.0020770776980916696, -0.0024579984922707358, 0, 0, -0.003097387154266324, 0, 0, 0, 0.007509430746216773, 0, 0, 0, 0, 0, 0.0021407290711027904, 0, 0, -0.0016755654514132108, 0, 0, 0, 0, 0, 0, -0.00332747986915439, 0, 0, 0, -0.0014361397701094767, 0, 0.0032152135054385107, 0, -0.0016040849613909586, 0, 0, 0, 0.0005501522207777056, 0, 0, 0, 0.0022635064137795278, 0, -0.001951548479275691, 0, 0, 0, 0.007490079434979582, 0, 0, 0, -0.0022118941545463846, 0.003334187150009179, 0, 0, 0.002102858146592852, 0, 0, 0, 0, 0, 0, 0, 0, -0.0019770096901054247, 0, 0, 0, 0, 0, 0, 0, 0, 0, 0, -0.002232489481451893, 0, -0.002609587641540755, 0, 0, 0, 0, -0.002422764899654132, 0, 0, 0, 0, 0, 0, 0, 0, 0, 0, 0, 0, 0, 0, 0, 0, 0.0006148398837661708, 0, 0, 0, 0, -0.0017276852063124008, 0, 0, -0.00392130253472571, 0, 0, 0.005375210655767139, 0, -0.0020930949587626493, 0, 0, 0, 0, 0, 0.005460382456041237, 0, 0, 0, 0, 0, -0.0028676209752643757, 0, 0, 0, 0, 0, 0, 0, 0, -0.0022021031285326207, 0, 0, -0.0018273393834487542, 0, 0, -0.002213295253972976, 0, 0, 0, 0, 0, 0, -0.0020324971730382477, 0, 0, 0, 0, 0, 0.000623420711864281, 0, 0, 0.0036499720734742298, 0, 0, 0.000879719589380768, 0, 0, 0, 0, 0, 0.005384448381554369, 0, 0, 0, 0, 0.0003498746506046017, 0, 0, 0, 0, 0, 0, 0, -0.002227516574130387, 0, 0, 0, 0, 0, 0, 0, 0.0022433627199099134, 0, 0, 0, 0, 0, 0, 0, 0, 0, -0.0021399390628246964, 0.0011220327032708593, 0, 0, -0.0023805378815986386, 0, 0.003456893636536434, -0.0017874932120053653, 0, 0, 0, 0.0009203937323207979, 0, -0.002083154372308498, -0.002084148176978485, 0, 0, 0, 0, -0.0012517343248591105, 0, 0, 0, -0.0043467693208690044, 0, 0, 0, 0, 0, 0, 0, 0, 0, 0, 0, 0, 0, -0.002481352291138049, -0.0024752104220861566, 0, 0, 0, 0, 0, 0, 0, 0, -0.0005184657377085361, 0, -0.0027890013649594916, 0, 0, 0, 0, 0, -0.0011262327572127276, 0, 0, 0, 0, 0, 0.004722675829818866, 0, 0, 0, 0, 0, 0, 0, 0, 0, 0, 0, 0, 0, 0, 0, 0, 0, 0, 0, 0, 0, 0, 0, 0, 0, 0, 0, 0, 0, 0, -0.0023566090680279487, 0, 0, 0, 0, 0.004657953809151048, 0.0038822840840039142, 0, 0, -0.001446927873064404, 0, 0, 0, 0, 0, 0, 0, 0, 0, 0, 0, 0, -0.0019514092658305217, 0, 0, 0, 0, 0, -0.001969070076258672, 0, 0, 0, 0, 0, -0.0017208354091218677, -0.0018827654352967572, 0, 0, 0.004563854937313149, 0, 0.004693270320614119, -0.0007382096570776694, 0.0002830855919250295, 0, 0, 0, 0, 0, 0, 0, 0, 0, 0, 0, -0.0025241582701747175, 0, 0, 0, 0, 0.003913393845888882, -0.0023805662826907885, 0, 0, 0, 0, -0.0005629975018085537, 0.003998754486642441, 0, 0.0003876689173162566, -0.003970721722599211, 0, 0, 0, 0, 0, 0, 0.0026216390282348813, 0.006378272031198172, 0, 0, 0, 0, 0, -0.001937242011381006, 0, 0, 0, 0, -0.0023151615170006693, 0, 0, 0, 0, 0, 0.003817508811823905, 0, 0, 0, 0, 0, -0.0021515258394547545, 0, -0.002267286383844244, 0, 0, 0, 0, 0, -0.0031645985353513967, 0, -0.0028808114971797714, 0, 0, -0.0011668348460843175, 0, 0, 0, 0, 0, 0, 0, 0, 0.0010524760408687044, 0.0027889092376795033, 0, 0, 0, -0.0024957286945695395, 0.005969614813305884, 0, 0, 0, 0, 0, 0, 0, 0, -0.0015615992908788014, 0, 0, 0, 0, 0.00010359284978046929, 0, 0, 0, 0, 0, 0.005592526046395757, 0, 0, 0, -0.0022360878288061213, 0, 0, 0, -0.003345090995082147, 0, 0, 0, 0, 0, 0.0023300753910723633, 0, 0, 0.004952958927867146, 0, 0, 0, 0, 0, 0, 0, 0, 0, 0, 0, 0, 0, 0, 0, 0, 0, 0, 0, -0.002008099702933532, 0, 0, 0, 0, 0, 0, -0.002258546557608393, 0, 0.0009663990484685013, 0, 0, 0, 0, 0, 0, 0, -0.0008450310999149974, 0, 0.0009155590403292922, 0, 0, 0, 0, 0.002491200145284402, 0, 0, 0, 0, 0, 0, 0, 0, 0, 0, 0, 0.0008278820607646155, 0, 0, 0, 0, 0, 0, 0, 0, 0.00039405289690461025, -0.0012431265677826544, 0, 0, 0, 0, 0, 0, -0.007885945472968179, 0, 0, 0, 0, 0, 0, -0.0028258319633292744, 0, 0, 0, 0.005777893113633235, 0, -0.0026208365963812778, 0.009187079162238484, 0, 0, 0.0009748781222365129, -0.002382461957589896, 0, 0.004643978746824902, 0, 0.0016971987329261924, 0, 0, -0.0019522717350368827, 0, 0, 0, -0.001619562982409272, 0, 0, 0, 0, 0, 0, 0, 0, 0, 0, 0, 0, 0, 0, 0, 0, -0.0017148121512373222, 0, 0, 0.002014439310552678, 0, 0, 0.006368526333922816, -0.0023507007981018783, 0, 0, 0, 0, 0, -0.002253091894096083, 0, 0, 0, 0, -0.0020944352110572073, 0, 0, 0, 0.004794832750805097, 0, 0, -0.002204011200232738, 0, 0, 0, 0, 0, 0, -0.0019713625472868607, 0, 0, 0, 0, 0, 0.002360814401547578, 0, 0, 0, 0, 0, 0, 0, 0, 0, 0, 0, 0, -0.00536709550586152, 0, 0, 0, -0.0026334106756469478, 0, 0, 0.002251033493747238, 0, 0, 0, 0, 0, -0.002274505053024985, 0, 0, 0.005104885865370696, 0, 0, 0, 0, 0, 0, 0, 0, 0, 0, 0.0023503355375788055, 0, 0.005849647071525179, 0, 0, 0, 0, 0.0014053182046756402, 0.0013190913705002397, -0.004012848360470142, 0.004593459505335143, 0, 0, 0, 0, 0, 0, 0, 0, 0, -0.002657305913195636, 0, 0, 0, 0, 0, 0.0021038880907952124, 0, 0, 0, 0, -0.0016143073187945454, 0, 0, 0, 0, 0, 0, 0.0035310938738246206, 0, 0, 0, -0.0015994210855390597, 0, 0, 0, 0.00621121843444991, 0, 0, 0, 0.004746872198763708, 0, 0.0025837170074437615, 0, 0, 0, 0, 0, 0, 0, -0.0020584842327658792, 0.0027156116007861194, 0, 0, 0, 0, 0, 0, 0, 0, -0.002010503230395354, 0, -0.002923262089470998, 0, 0, 0, 0, 0, 0, 0, 0, 0, 0, 0, 0.002837478487482119, 0, 0, 0, 0, 0, 0, 0, 0, 0, 0, 0, -0.002182781018182148, 0, 0, 0, 0, 0, 0, -0.0026619233029655204, 0, 0, 0, 0, 0.0015925698432137409, 0, 0, 0, 0, 0, 0, -0.0018466430884914737, 0, 6.273981721287736e-05, -0.0008936037708854179, 0, 0, -0.0006072445112523491, 0, 0, -0.002187944887235214, 0, -0.0019527732951532756, 0, 0, 0, 0.0016961989524566924, 0, 0, -0.001665243039408432, 0, 0, -0.0020388148532126883, 0, 0, 0, 0, 0.00028720330495257543, -0.0018749336969941107, -0.002237117043546246, 0.0010351546149641392, 0, 0, 0, 0, 0, 0, 0, -0.0018243027802530337, 0, 0, 0, 0, -0.002034854968841826, 0, 0, 0.0027758312145490256, 0, 0, 0, 0.002604571969671041, 0, 0, 0, 0, 0, 0.0038637409555384718, 0, 0, 0, 0, 0, 0, 0, 0, 0, 0, 0.005406726408900534, -0.002985610372117001, 0.0075648183651998826, 0, 0, 0, 0, 0, 0]
Start Date: 2023-01-13
End Date: 2025-11-06
Sharpe Ratio: 0.02
Annualized Sharpe: 0.32
Sharpe 95% CI: (np.float64(-0.72), np.float64(1.304))
Sortino Ratio: 0.03
CAGR: 0.007
Calmar Ratio: 0.272
Daily Win Rate (%): 0.399
Max Drawdown: 0.026
Profit Factor: 1.099
Expectancy: 0.000121
Average Win: 0.003364
Average Loss: 0.002033
Total Trades: 208
Total Days: 882



Rolling 3 - Variant 0 - atr_0.25_4 - Fit Metrics
Contracts: [10, 11, 6, 10, 10, 7, 6, 6, 6, 6, 6, 6, 7, 10, 8, 8, 8, 8, 8, 7, 7, 7, 7, 7, 7, 7, 7, 7, 8, 5, 7, 7, 7, 7, 5, 7, 6, 6, 6, 6, 6, 6, 6, 6, 6, 6, 5, 7, 7, 7, 8, 7, 6, 5, 6, 6, 6, 6, 6, 6, 5, 9, 5, 10, 5, 5, 6, 6, 6, 6, 6, 7, 8, 7, 7, 7, 7, 7, 7, 8, 8, 8, 8, 9, 9, 9, 9, 10, 11, 11, 8, 10, 7, 7, 7, 7, 7, 9, 9, 9, 10, 10, 9, 10, 10, 11, 11, 12, 11, 11, 11, 11, 11, 10, 10, 10, 10, 10, 10, 10, 10, 10, 10, 11, 11, 12, 11, 10, 10, 11, 10, 10, 10, 10, 10, 10, 10, 10, 11, 11, 10, 11, 13, 10, 10, 9, 11, 9, 12, 10, 10, 10, 10, 13, 12, 14, 14, 14, 14, 15, 14, 13, 14, 12, 12, 12, 12, 12, 12, 12, 12, 12, 12, 12, 15, 13, 15, 14, 15, 13, 14, 12, 13, 13, 13, 12, 16, 17, 15, 12, 14, 15, 12, 12, 13, 11, 11, 11, 11, 7, 9, 14, 14, 14, 12, 8, 10, 8, 8, 8, 8, 8, 8, 8, 8, 8, 8, 9, 8, 9, 9, 7, 8, 8, 8, 8, 8, 9, 9, 9, 9, 7, 7, 6, 5, 5, 5, 7, 6, 6, 8, 8, 8, 8, 8, 8, 8, 8, 9, 10, 9, 9, 9, 10, 9, 8, 8, 8, 8, 8, 8, 8, 7, 8, 9, 11, 9, 9, 9, 11, 11, 11, 11, 13, 12, 12]
Trade Returns: [-0.0028620588589212347, 0.0013944999999999663, -0.0025974086823431983, -0.0023543001309382673, 0.004221442148990723, 0.003079408576372763, 0.0003100090556062336, 0.002510916248678037, -0.001327922814374787, -0.00047307217124611934, -0.0015532407469505247, -0.0016407888046029856, -0.002181871974037282, -0.0021866429490049423, -0.0022415958589465977, 0.003635393079390315, -0.0030399599347226114, -0.0028878948433865848, -0.003160805786531552, 0.001650345110071621, -0.00025117110990235687, 0.00041130326801338933, 0.006958290244638641, 0.003967113864546667, 0.0009324679769154015, 0.00745918882720302, 0.0001857721845125609, 0.0030717359482652206, -0.0021337365005965597, -0.0008042290486823401, -0.0018405671350609045, -0.0025816257752014748, 0.0024257771806986614, 0.008348145696345734, 0.0037594279657072417, -0.00017161417579948407, 0.003855830674630639, 0.0027833100215598713, -0.0016617427688535497, -0.0002800898113858525, -2.507229177462484e-05, -0.001712367522285013, -0.002325433684975115, -0.0022029911131688233, 0.0023199392636062024, 0.009609922720561955, 0.004065380883973386, -0.0018625235998450261, -0.00045490324605690016, 0.008581367597603754, 0.007938316966229922, -0.0025511499249212424, -0.0016452522343035582, 0.0002971660540457418, -0.002058184797651313, -0.0001120020960184649, -0.001271420432050394, -0.0009431087110769285, -0.001491768784314391, -0.0014055743366318712, -0.001774695262353661, 0.0071068348888666975, -0.0021849299057145094, -0.0014442856720954702, 0.0010419812659503945, -0.0014093581837943986, -0.0017669578595770634, -0.0022729064722641014, -0.0025802454075006627, 0.0036681972988686774, -0.001832080370946073, 0.0012269702684550921, -0.002495416683986991, -0.0021156590827564633, -0.0016102284494883313, 0.0051376017130188864, -0.001984635546494592, -0.0019465019910450726, 0.0011329251066855305, -0.0020542889417528095, -0.0024309749311947405, -0.00306325108560272, 0.009969669270301584, 0.002122532978128143, -0.0016569604615644174, -0.0018745712317412438, -0.0014157974892300522, -0.001420057237792359, 0.004276698865894219, -0.0015861501964999454, 0.0006113335945009405, 0.0022355664401822206, -0.0019275056433153898, 0.003918248932440427, -0.002192424918529852, 0.003304774934075644]
Daily Returns: [-0.0028620588589212347, 0.0013944999999999663, 0, 0, 0, 0, 0, 0, 0, 0, 0, 0, -0.0025974086823431983, 0, 0, -0.0023543001309382673, 0, 0, 0, 0, 0, 0, 0, 0, 0, 0, 0, 0, 0, 0, 0, 0.004221442148990723, 0, 0, 0.003079408576372763, 0, 0, 0, 0, 0, 0.0003100090556062336, 0, 0, 0.0007099212630571307, 0, 0, -0.0015532407469505247, 0, 0, 0, 0, -0.0016407888046029856, 0, 0, 0, 0, 0, 0, 0, 0, -0.002181871974037282, 0, 0, 0, 0, 0, -0.0021866429490049423, 0.001393797220443717, 0, 0, 0, 0, 0, 0, 0, 0, 0, 0, -0.0030399599347226114, -0.006048700629918137, 0, 0.001650345110071621, 0.00016013215811103246, 0, 0, 0, 0, 0, 0, 0, 0, 0, 0, 0, 0, 0, 0, 0, 0, 0, 0, 0.006958290244638641, 0, 0, 0, 0, 0.003967113864546667, 0.0009324679769154015, 0.00745918882720302, 0, 0, 0, 0, 0, 0, 0, 0, 0, 0, 0, 0.0001857721845125609, 0.00013377039898632083, 0, 0, 0, 0, 0, 0, 0, 0, -0.0018405671350609045, 0, 0, 0, 0, 0, 0, 0, 0, 0, 0, 0, 0, 0, 0, -0.0025816257752014748, 0, 0.0024257771806986614, 0, 0, 0.01193595948625349, 0.003855830674630639, 0, 0, 0, 0.0027833100215598713, 0, -0.0019418325802394022, 0, 0, -2.507229177462484e-05, 0, 0, 0, 0, 0, 0, 0, 0, -0.001712367522285013, 0, 0, 0, 0, 0, -0.002325433684975115, 0, -0.0022029911131688233, 0.0023199392636062024, 0, 0, 0.009609922720561955, 0, 0, 0, 0, 0.004065380883973386, 0, 0, 0, 0, 0, 0, 0, 0, -0.0018625235998450261, 0, 0, 0, 0, 0, 0, 0, 0, 0, 0, 0, 0, 0, 0, -0.00045490324605690016, 0, 0, 0, 0, 0, 0.008581367597603754, 0, 0, 0, 0, 0, 0, 0.005387167041308679, 0, 0, 0, -0.0016452522343035582, 0, 0.0002971660540457418, 0, 0, 0, 0, -0.002058184797651313, 0, 0, 0, 0, 0, 0, -0.0001120020960184649, 0, 0, 0, 0, 0, 0, 0, 0, 0, -0.001271420432050394, 0, 0, 0, 0, 0, -0.0009431087110769285, 0, 0, 0, 0, 0, -0.001491768784314391, -0.0014055743366318712, 0, 0, 0, -0.001774695262353661, 0, 0.0071068348888666975, 0, -0.0021849299057145094, 0, 0, 0, 0, -0.0014442856720954702, 0, 0, 0.0010419812659503945, 0, -0.0014093581837943986, 0, 0, 0, -0.0017669578595770634, 0, 0, 0, 0, -0.0022729064722641014, 0, 0, 0, 0, 0, 0, 0, -0.0025802454075006627, 0, 0.0036681972988686774, 0, -0.001832080370946073, 0, 0, 0, 0.0012269702684550921, 0, 0, 0, 0, 0, -0.002495416683986991, 0, -0.0021156590827564633, 0, 0, 0, 0, 0, 0, -0.0016102284494883313, 0, 0.0051376017130188864, -0.001984635546494592, 0, 0, 0, 0, 0, 0, 0, 0, 0, -0.0019465019910450726, 0.0011329251066855305, 0, 0, -0.0020542889417528095, -0.0024309749311947405, 0, 0, -0.00306325108560272, 0, 0, 0, 0.009969669270301584, 0, 0, 0, 0, 0, 0.002122532978128143, 0, 0, -0.0016569604615644174, 0, 0, 0, 0, 0, 0, -0.003290368720971296, 0, 0, 0, -0.001420057237792359, 0, 0.004276698865894219, 0, -0.0015861501964999454, 0, 0, 0, 0.0006113335945009405, 0, 0, 0, 0.0022355664401822206, 0, -0.0019275056433153898, 0, 0, 0, 0.003918248932440427, 0, 0, 0, -0.002192424918529852, 0.003304774934075644, 0, 0]
Start Date: 2022-02-03
End Date: 2023-05-07
Sharpe Ratio: 0.057
Annualized Sharpe: 0.91
Sharpe 95% CI: (np.float64(-0.693), np.float64(2.244))
Sortino Ratio: 0.102
CAGR: 0.023
Calmar Ratio: 1.046
Daily Win Rate (%): 0.396
Max Drawdown: 0.022
Profit Factor: 1.35
Expectancy: 0.000377
Average Win: 0.003672
Average Loss: 0.001782
Total Trades: 96
Total Days: 393

Rolling 3 - Variant 0 - atr_0.25_4 - Test Metrics
Contracts: [10, 11, 6, 10, 10, 7, 6, 6, 6, 6, 6, 6, 7, 10, 8, 8, 8, 8, 8, 7, 7, 7, 7, 7, 7, 7, 7, 7, 8, 5, 7, 7, 7, 7, 5, 7, 6, 6, 6, 6, 6, 6, 6, 6, 6, 6, 5, 7, 7, 7, 8, 7, 6, 5, 6, 6, 6, 6, 6, 6, 5, 9, 5, 10, 5, 5, 6, 6, 6, 6, 6, 7, 8, 7, 7, 7, 7, 7, 7, 8, 8, 8, 8, 9, 9, 9, 9, 10, 11, 11, 8, 10, 7, 7, 7, 7, 7, 9, 9, 9, 10, 10, 9, 10, 10, 11, 11, 12, 11, 11, 11, 11, 11, 10, 10, 10, 10, 10, 10, 10, 10, 10, 10, 11, 11, 12, 11, 10, 10, 11, 10, 10, 10, 10, 10, 10, 10, 10, 11, 11, 10, 11, 13, 10, 10, 9, 11, 9, 12, 10, 10, 10, 10, 13, 12, 14, 14, 14, 14, 15, 14, 13, 14, 12, 12, 12, 12, 12, 12, 12, 12, 12, 12, 12, 15, 13, 15, 14, 15, 13, 14, 12, 13, 13, 13, 12, 16, 17, 15, 12, 14, 15, 12, 12, 13, 11, 11, 11, 11, 7, 9, 14, 14, 14, 12, 8, 10, 8, 8, 8, 8, 8, 8, 8, 8, 8, 8, 9, 8, 9, 9, 7, 8, 8, 8, 8, 8, 9, 9, 9, 9, 7, 7, 6, 5, 5, 5, 7, 6, 6, 8, 8, 8, 8, 8, 8, 8, 8, 9, 10, 9, 9, 9, 10, 9, 8, 8, 8, 8, 8, 8, 8, 7, 8, 9, 11, 9, 9, 9, 11, 11, 11, 11, 13, 12, 12]
Trade Returns: [0.004734345167095057, -0.00241733094154137, -0.0019550211171945686, -0.002207755297533168, -0.0025950134617720184, -0.0024091988946443655, 0.0006113918576298413, -0.0018897608220857206, -0.0026730707733065794, -0.0012262360104420787, 0.0019202554648715905, -0.002098649692605881, 0.0072945105729274266, -0.0028467218643855323, -0.0021825722132286433, -0.0017700047863104366, -4.109143632966873e-05, -0.002201199524145397, -0.0020143780960419698, 0.0006178518933757789, 0.008806743944919126, -0.0029434511612778528, 0.0008747818003901041, 0.006023044904755484, 0.00034577077698229374, -0.0022028918513783947, 0.0024391965922373523, -0.0021148204827451077, -0.0019411499028071087, 0.003049950572635976, -0.0023531069098384387, 0.003416079482308644, -0.0017664262768832015, 0.0009095640085238155, -0.002058665412222822, -0.0022885672201551025, -0.0012369100265618783, -0.0017573806178675544, -0.0025379609948085725, -0.0024522185031795175, -0.0024462198376308344, -0.000512346553515947, -0.002756174943061815, -0.0011162039509129888, 0.006304517686916329, -0.0023287809667641474, 0.0037323659830292627, 0.00020086817749290377, 0.004081558998367565, -0.001430516881838436, -0.0019287107422423975, -0.0019457639680208782, -0.0018316154960635756, -0.0020041922980302694, 0.004689231132937171, -0.0018703903845636418, -0.0007344857990716048, 0.00027978641618600343, -0.0025114172467859703, 0.004191356782908426, -0.0025483126603759528, -0.0005601419648044374, 0.002574248013691238, 0.0014042317168479312, 0.0003857093523189989, -0.001791927904806007, -0.0021587109162654584, 0.006799697208270748, -0.0024382836590699252, 0.006334949575507804, -0.0019241667207405963, -0.0023034460098947562, 0.005125811847274838, -0.002134153006974257, -0.002248939670016834, -0.0031389331179451216, -0.0028613301595034443, -0.0012463522594715758, 0.0010445625790383513, 0.002767961589865637, -0.002477034885385002, 0.005411677694365655, -0.0015488945831826056, 0.00010306989724720622, 0.0004175940346809762, -0.0022307076484032622, -0.0033370244831068393, 0.0023244423752907424, 0.006669530304660123, -0.001999848321241165, -0.0022492474805731123, 0.0009624242448778477, -0.0008415526535510873, -0.0022953157387359357, 0.0032070724858051375, 0.0024809200449238808, 0.0008258789821536879, 0.00180506236360774, -0.0014108767368922169, -0.0012435424472070392, -0.0037556169317231633, -0.004100562346853408, -0.00279254377111113, 0.005779831405898298, -0.0025900593418119, 0.012232663700175818, 0.0009753422605256573, -0.002383595139592, 0.00450082523811526, 0.0016980079085853288, -0.0019532009443799527, -0.0016203353432327956, -0.0017156295059431211, 0.002002889245034435, 0.004397186440184911, -0.002356439116477008, -0.002258616528869659, -0.002099560033369586, 0.004797129141951012, -0.0022094277218258377, -0.0019762180453688416, 0.006087164511799805, -0.002166065401913512, -0.0016326290076418741, -0.0018714362750988098, -0.001867940543406152, -0.0026346685731656726, 0.0022517903415543356, -0.002276593460086145, 0.0006162961367347976, 0.002346364663669157, -0.0018747730937969285, 0.010361971812552504, 0.0014029450390457207, 0.001316866937176036, -0.003996331085216217, 0.004593459505335143, -0.002652830691694905, 0.0037152875864947888, -0.0016149622850597331, -0.0016115870975054614, 0.0035465350817849707, -0.0016063905163335775, 0.0001394104688217925, 0.004239521846916671, 0.0025963046064950914, -0.00017584282855215075, -0.001892645763600399, 0.000444913757108846, -0.0018476340870723354, -3.291783655366998e-05, -0.0018032678248416797, -0.0029490732665242944, 0.006373885037380216, -0.0018811494737250073, -0.0021985248789744656, -0.0026854964872927126, 0.0016041079648641261, -0.0018600005365386166, 6.319448304454256e-05, -0.0009000791711333436, -0.0006116488052167019, -0.0022038235818191694, -0.001966976567318429, 0.0017085603752526992, -0.0016773581647589505, -0.0020536727436954515, 0.00028929512197880034, -0.0018885856427419685, -0.002253288369742814, 0.0010426287143286716, -0.0018376112014425094, -0.002049726712010725, 0.004906745597234608, -0.002110510619955168, 0.0026235918833772656, 0.003891958505710052, 0.00246028129174202, -0.0030161694406933112, 0.01025499855464937]
Daily Returns: [0.0023170142255536865, 0, 0, 0, 0, 0, 0, 0, 0, -0.0019550211171945686, 0, 0, 0, 0, 0, 0, 0, 0, 0, 0, -0.002207755297533168, 0, -0.0025950134617720184, 0, 0, 0, 0, -0.0024091988946443655, 0, 0, 0, 0, 0, 0, 0, 0, 0, 0, 0, 0, 0, 0, 0, 0, 0.0006113918576298413, 0, 0, 0, 0, -0.0018897608220857206, 0, 0, -0.003899306783748658, 0, 0, 0.0019202554648715905, 0, -0.002098649692605881, 0, 0, 0, 0, 0, 0.0072945105729274266, 0, 0, 0, 0, 0, -0.0028467218643855323, 0, 0, 0, 0, 0, 0, 0, 0, -0.0021825722132286433, 0, 0, -0.0018110962226401055, 0, 0, -0.002201199524145397, 0, 0, 0, 0, 0, 0, -0.0020143780960419698, 0, 0, 0, 0, 0, 0.0006178518933757789, 0, 0, 0.005863292783641273, 0, 0, 0.0008747818003901041, 0, 0, 0, 0, 0, 0.006023044904755484, 0, 0, 0, 0, 0.00034577077698229374, 0, 0, 0, 0, 0, 0, 0, -0.0022028918513783947, 0, 0, 0, 0, 0, 0, 0, 0.0024391965922373523, 0, 0, 0, 0, 0, 0, 0, 0, 0, -0.0021148204827451077, 0.0011088006698288673, 0, 0, -0.0023531069098384387, 0, 0.003416079482308644, -0.0017664262768832015, 0, 0, 0, 0.0009095640085238155, 0, -0.002058665412222822, -0.0022885672201551025, 0, 0, 0, 0, -0.0012369100265618783, 0, 0, 0, -0.004295341612676127, 0, 0, 0, 0, 0, 0, 0, 0, 0, 0, 0, 0, 0, -0.0024522185031795175, -0.0024462198376308344, 0, 0, 0, 0, 0, 0, 0, 0, -0.000512346553515947, 0, -0.002756174943061815, 0, 0, 0, 0, 0, -0.0011162039509129888, 0, 0, 0, 0, 0, 0.006304517686916329, 0, 0, 0, 0, 0, 0, 0, 0, 0, 0, 0, 0, 0, 0, 0, 0, 0, 0, 0, 0, 0, 0, 0, 0, 0, 0, 0, 0, 0, 0, -0.0023287809667641474, 0, 0, 0, 0, 0.003933234160522167, 0.004081558998367565, 0, 0, -0.001430516881838436, 0, 0, 0, 0, 0, 0, 0, 0, 0, 0, 0, 0, -0.0019287107422423975, 0, 0, 0, 0, 0, -0.0019457639680208782, 0, 0, 0, 0, 0, -0.0018316154960635756, -0.0020041922980302694, 0, 0, 0.004689231132937171, 0, -0.0018703903845636418, -0.0007344857990716048, 0.00027978641618600343, 0, 0, 0, 0, 0, 0, 0, 0, 0, 0, 0, -0.0025114172467859703, 0, 0, 0, 0, 0.004191356782908426, -0.0025483126603759528, 0, 0, 0, 0, -0.0005601419648044374, 0.003978479730539169, 0, 0.0003857093523189989, -0.003950638821071465, 0, 0, 0, 0, 0, 0, 0.0043614135492008235, 0.006334949575507804, 0, 0, 0, 0, 0, -0.0019241667207405963, 0, 0, 0, 0, -0.0023034460098947562, 0, 0, 0, 0, 0, 0.005125811847274838, 0, 0, 0, 0, 0, -0.002134153006974257, 0, -0.002248939670016834, 0, 0, 0, 0, 0, -0.0031389331179451216, 0, -0.0028613301595034443, 0, 0, -0.0012463522594715758, 0, 0, 0, 0, 0, 0, 0, 0, 0.0010445625790383513, 0.002767961589865637, 0, 0, 0, -0.002477034885385002, 0.005411677694365655, 0, 0, 0, 0, 0, 0, 0, 0, -0.0015488945831826056, 0, 0, 0, 0, 0.00010306989724720622, 0, 0, 0, 0, 0, 0.0004175940346809762, 0, 0, 0, -0.0022307076484032622, 0, 0, 0, -0.0033370244831068393, 0, 0, 0, 0, 0, 0.0023244423752907424, 0, 0, 0.006669530304660123, 0, 0, 0, 0, 0, 0, 0, 0, 0, 0, 0, 0, 0, 0, 0, 0, 0, 0, 0, -0.001999848321241165, 0, 0, 0, 0, 0, 0, -0.0022492474805731123, 0, 0.0009624242448778477, 0, 0, 0, 0, 0, 0, 0, -0.0008415526535510873, 0, 0.0009117567470692018, 0, 0, 0, 0, 0.0024809200449238808, 0, 0, 0, 0, 0, 0, 0, 0, 0, 0, 0, 0.0008258789821536879, 0, 0, 0, 0, 0, 0, 0, 0, 0.00039418562671552303, -0.0012435424472070392, 0, 0, 0, 0, 0, 0, -0.007856179278576571, 0, 0, 0, 0, 0, 0, -0.00279254377111113, 0, 0, 0, 0.005779831405898298, 0, -0.0025900593418119, 0.012232663700175818, 0, 0, 0.0009753422605256573, -0.002383595139592, 0, 0.00450082523811526, 0, 0.0016980079085853288, 0, 0, -0.0019532009443799527, 0, 0, 0, -0.0016203353432327956, 0, 0, 0, 0, 0, 0, 0, 0, 0, 0, 0, 0, 0, 0, 0, 0, -0.0017156295059431211, 0, 0, 0.002002889245034435, 0, 0, 0.004397186440184911, -0.002356439116477008, 0, 0, 0, 0, 0, -0.002258616528869659, 0, 0, 0, 0, -0.002099560033369586, 0, 0, 0, 0.004797129141951012, 0, 0, -0.0022094277218258377, 0, 0, 0, 0, 0, 0, -0.0019762180453688416, 0, 0, 0, 0, 0, 0.003921099109886293, 0, 0, 0, 0, 0, 0, 0, 0, 0, 0, 0, 0, -0.005372005826146836, 0, 0, 0, -0.0026346685731656726, 0, 0, 0.0022517903415543356, 0, 0, 0, 0, 0, -0.002276593460086145, 0, 0, 0.0006162961367347976, 0, 0, 0, 0, 0, 0, 0, 0, 0, 0, 0.002346364663669157, 0, 0.008487198718755576, 0, 0, 0, 0, 0.0014029450390457207, 0.001316866937176036, -0.003996331085216217, 0.004593459505335143, 0, 0, 0, 0, 0, 0, 0, 0, 0, -0.002652830691694905, 0, 0, 0, 0, 0, 0.002100325301435056, 0, 0, 0, 0, -0.0016115870975054614, 0, 0, 0, 0, 0, 0, 0.0035465350817849707, 0, 0, 0, -0.0016063905163335775, 0, 0, 0, 0.0001394104688217925, 0, 0, 0, 0.004239521846916671, 0, 0.0025963046064950914, 0, 0, 0, 0, 0, 0, 0, -0.0020684885921525495, -0.0014356381665171594, 0, 0, 0, 0, 0, 0, 0, 0, -0.0018032678248416797, 0, -0.0029490732665242944, 0, 0, 0, 0, 0, 0, 0, 0, 0, 0, 0, 0.004492735563655209, 0, 0, 0, 0, 0, 0, 0, 0, 0, 0, 0, -0.0021985248789744656, 0, 0, 0, 0, 0, 0, -0.0026854964872927126, 0, 0, 0, 0, 0.0016041079648641261, 0, 0, 0, 0, 0, 0, -0.0018600005365386166, 0, 6.319448304454256e-05, -0.0009000791711333436, 0, 0, -0.0006116488052167019, 0, 0, -0.0022038235818191694, 0, -0.001966976567318429, 0, 0, 0, 0.0017085603752526992, 0, 0, -0.0016773581647589505, 0, 0, -0.0020536727436954515, 0, 0, 0, 0, 0.00028929512197880034, -0.0018885856427419685, -0.002253288369742814, 0.0010426287143286716, 0, 0, 0, 0, 0, 0, 0, -0.0018376112014425094, 0, 0, 0, 0, -0.002049726712010725, 0, 0, 0.00279623497727944, 0, 0, 0, 0.0026235918833772656, 0, 0, 0, 0, 0, 0.003891958505710052, 0, 0, 0, 0, 0, 0, 0, 0, 0, 0, 0.00246028129174202, -0.0030161694406933112, 0.01025499855464937, 0, 0, 0, 0, 0, 0]
Start Date: 2023-05-08
End Date: 2025-11-06
Sharpe Ratio: 0.007
Annualized Sharpe: 0.119
Sharpe 95% CI: (np.float64(-1.022), np.float64(1.165))
Sortino Ratio: 0.011
CAGR: 0.002
Calmar Ratio: 0.101
Daily Win Rate (%): 0.394
Max Drawdown: 0.024
Profit Factor: 1.038
Expectancy: 4.6e-05
Average Win: 0.003245
Average Loss: 0.002038
Total Trades: 180
Total Days: 784



Rolling 3 - Variant 1 - atr_0.25_2 - Fit Metrics
Contracts: [10, 11, 6, 10, 10, 7, 6, 6, 6, 6, 6, 6, 7, 10, 8, 8, 8, 8, 8, 7, 7, 7, 7, 7, 7, 7, 7, 7, 8, 5, 7, 7, 7, 7, 5, 7, 6, 6, 6, 6, 6, 6, 6, 6, 6, 6, 5, 7, 7, 7, 8, 7, 6, 5, 6, 5, 6, 6, 6, 6, 5, 9, 5, 10, 5, 5, 6, 6, 6, 6, 6, 7, 8, 7, 6, 7, 7, 7, 7, 8, 8, 8, 8, 9, 9, 9, 9, 10, 11, 11, 8, 10, 7, 7, 7, 7, 7, 8, 9, 9, 10, 10, 9, 9, 10, 11, 11, 12, 11, 11, 11, 11, 11, 10, 10, 10, 10, 10, 10, 10, 10, 10, 10, 11, 11, 11, 11, 9, 10, 10, 10, 10, 10, 10, 10, 10, 10, 10, 10, 10, 10, 11, 12, 10, 10, 9, 11, 9, 12, 10, 10, 10, 10, 12, 12, 14, 13, 13, 13, 15, 14, 13, 14, 12, 12, 12, 12, 12, 12, 12, 12, 12, 12, 12, 15, 13, 14, 14, 15, 13, 13, 12, 13, 13, 13, 12, 16, 17, 15, 12, 14, 15, 12, 12, 13, 11, 11, 11, 11, 7, 9, 14, 14, 14, 12, 8, 10, 8, 8, 8, 8, 8, 8, 8, 8, 8, 8, 9, 8, 9, 9, 7, 8, 8, 8, 8, 8, 9, 9, 9, 9, 7, 7, 6, 5, 5, 5, 7, 6, 6, 8, 8, 8, 8, 8, 8, 8, 9, 9, 10, 9, 9, 9, 10, 9, 8, 8, 8, 8, 8, 8, 8, 7, 8, 9, 11, 9, 9, 9, 11, 11, 11, 11, 13, 12, 12]
Trade Returns: [-0.0028519130669272417, 0.004957, -0.002588216794124713, -0.0023459469521189286, 0.00420642903359948, 0.0037768024285579228, 0.0003086965370428791, 0.002425994393230988, -0.0013224117517672176, -0.00047106989299046284, -0.001546786048114515, -0.0016339597250258394, -0.0021727569559380623, -0.002177488108372, 0.004061579645388013, 0.004144646944603902, -0.003006675296754859, -0.0028561798151466233, -0.003125994206393061, 0.0016321120138351602, -0.00024840068042928813, 0.00040676544590433143, 0.0033819145261697685, 0.0031089380399181507, 0.0009262443191911875, 0.0036380300984067493, 0.00018590147458356655, 0.0037635465359440417, -0.002133749590446895, -0.0008042339929425151, -0.0018202688031566697, -0.0025816417148964805, 0.004580005012630371, 0.004115456995707519, 0.0037672028305422785, -0.00017196775868638122, 0.004817686492001315, 0.003261044033587818, -0.001662780972789467, -0.0002802650940324995, -2.5087986632195244e-05, -0.0017123780768268846, -0.002326889569318319, -0.0022043735566804794, 0.004073816392404485, 0.004734199683961813, 0.004080538152835539, -0.001869439567421927, -0.00038213674095864474, 0.004257891234650052, 0.0039522162858846915, -0.002581703030876911, -0.0016513728667552747, 0.000300741636401179, -0.0020828978517353778, -0.00011207220931574927, 0.002330360419754242, -0.0009510073475102415, -0.001513463446919689, -0.0014260464647611983, -0.0017747061816528308, 0.003501628217565922, -0.002216798759750302, -0.0014653984730390406, 0.0010572354696729471, -0.0014299688535239373, -0.00179283512536664, -0.002306253188737704, -0.002244297502284026, 0.0034654915259652985, -0.001858508152796431, 0.002858908464690238, -0.002527871223820836, -0.0021468332902049862, -0.0016311785584658008, 0.0033615818989833767, -0.002013820232632757, -0.001985139303160986, 0.0011554579629878524, -0.0020950997367406377, -0.0024793704167536145, 0.005761326066344613, 0.004993770354621885, 0.002150207878013915, -0.0016649994912075327, -0.001883699137666409, -0.001422704485112399, -0.0014270059607283613, 0.0020918154158573927, -0.0015938992860779267, 0.0005472610893544942, 0.002251594734264223, -0.0019412984123651639, 0.004913029611686007, -0.002205922743833107, 0.0033251660052105647]
Daily Returns: [-0.0028519130669272417, 0.004957, 0, 0, 0, 0, 0, 0, 0, 0, 0, 0, -0.002588216794124713, 0, 0, -0.0023459469521189286, 0, 0, 0, 0, 0, 0, 0, 0, 0, 0, 0, 0, 0, 0, 0, 0.00420642903359948, 0, 0, 0.0037768024285579228, 0, 0, 0, 0, 0, 0.0003086965370428791, 0, 0, 0.0006325127484733076, 0, 0, -0.001546786048114515, 0, 0, 0, 0, -0.0016339597250258394, 0, 0, 0, 0, 0, 0, 0, 0, -0.0021727569559380623, 0, 0, 0, 0, 0, -0.002177488108372, 0.008206226589991915, 0, 0, 0, 0, 0, 0, 0, 0, 0, 0, -0.003006675296754859, -0.005982174021539685, 0, 0.0016321120138351602, 0.0001583647654750433, 0, 0, 0, 0, 0, 0, 0, 0, 0, 0, 0, 0, 0, 0, 0, 0, 0, 0, 0.0033819145261697685, 0, 0, 0, 0, 0.0031089380399181507, 0.0009262443191911875, 0.0036380300984067493, 0, 0, 0, 0, 0, 0, 0, 0, 0, 0, 0, 0.00018590147458356655, 0.0008255629525546318, 0, 0, 0, 0, 0, 0, 0, 0, -0.0018202688031566697, 0, 0, 0, 0, 0, 0, 0, 0, 0, 0, 0, 0, 0, 0, -0.0025816417148964805, 0, 0.004580005012630371, 0, 0, 0.0077106920675634166, 0.004817686492001315, 0, 0, 0, 0.003261044033587818, 0, -0.0019430460668219665, 0, 0, -2.5087986632195244e-05, 0, 0, 0, 0, 0, 0, 0, 0, -0.0017123780768268846, 0, 0, 0, 0, 0, -0.002326889569318319, 0, -0.0022043735566804794, 0.004073816392404485, 0, 0, 0.004734199683961813, 0, 0, 0, 0, 0.004080538152835539, 0, 0, 0, 0, 0, 0, 0, 0, -0.001869439567421927, 0, 0, 0, 0, 0, 0, 0, 0, 0, 0, 0, 0, 0, 0, -0.00038213674095864474, 0, 0, 0, 0, 0, 0.004257891234650052, 0, 0, 0, 0, 0, 0, 0.0013705132550077804, 0, 0, 0, -0.0016513728667552747, 0, 0.000300741636401179, 0, 0, 0, 0, -0.0020828978517353778, 0, 0, 0, 0, 0, 0, -0.00011207220931574927, 0, 0, 0, 0, 0, 0, 0, 0, 0, 0.002330360419754242, 0, 0, 0, 0, 0, -0.0009510073475102415, 0, 0, 0, 0, 0, -0.001513463446919689, -0.0014260464647611983, 0, 0, 0, -0.0017747061816528308, 0, 0.003501628217565922, 0, -0.002216798759750302, 0, 0, 0, 0, -0.0014653984730390406, 0, 0, 0.0010572354696729471, 0, -0.0014299688535239373, 0, 0, 0, -0.00179283512536664, 0, 0, 0, 0, -0.002306253188737704, 0, 0, 0, 0, 0, 0, 0, -0.002244297502284026, 0, 0.0034654915259652985, 0, -0.001858508152796431, 0, 0, 0, 0.002858908464690238, 0, 0, 0, 0, 0, -0.002527871223820836, 0, -0.0021468332902049862, 0, 0, 0, 0, 0, 0, -0.0016311785584658008, 0, 0.0033615818989833767, -0.002013820232632757, 0, 0, 0, 0, 0, 0, 0, 0, 0, -0.001985139303160986, 0.0011554579629878524, 0, 0, -0.0020950997367406377, -0.0024793704167536145, 0, 0, 0.005761326066344613, 0, 0, 0, 0.004993770354621885, 0, 0, 0, 0, 0, 0.002150207878013915, 0, 0, -0.0016649994912075327, 0, 0, 0, 0, 0, 0, -0.003306403622778808, 0, 0, 0, -0.0014270059607283613, 0, 0.0020918154158573927, 0, -0.0015938992860779267, 0, 0, 0, 0.0005472610893544942, 0, 0, 0, 0.002251594734264223, 0, -0.0019412984123651639, 0, 0, 0, 0.004913029611686007, 0, 0, 0, -0.002205922743833107, 0.0033251660052105647, 0, 0]
Start Date: 2022-02-03
End Date: 2023-05-07
Sharpe Ratio: 0.056
Annualized Sharpe: 0.89
Sharpe 95% CI: (np.float64(-0.681), np.float64(2.358))
Sortino Ratio: 0.085
CAGR: 0.019
Calmar Ratio: 0.978
Daily Win Rate (%): 0.427
Max Drawdown: 0.02
Profit Factor: 1.309
Expectancy: 0.000311
Average Win: 0.003089
Average Loss: 0.001759
Total Trades: 96
Total Days: 393

Rolling 3 - Variant 1 - atr_0.25_2 - Test Metrics
Contracts: [10, 11, 6, 10, 10, 7, 6, 6, 6, 6, 6, 6, 7, 10, 8, 8, 8, 8, 8, 7, 7, 7, 7, 7, 7, 7, 7, 7, 8, 5, 7, 7, 7, 7, 5, 7, 6, 6, 6, 6, 6, 6, 6, 6, 6, 6, 5, 7, 7, 7, 8, 7, 6, 5, 6, 5, 6, 6, 6, 6, 5, 9, 5, 10, 5, 5, 6, 6, 6, 6, 6, 7, 8, 7, 6, 7, 7, 7, 7, 8, 8, 8, 8, 9, 9, 9, 9, 10, 11, 11, 8, 10, 7, 7, 7, 7, 7, 8, 9, 9, 10, 10, 9, 9, 10, 11, 11, 12, 11, 11, 11, 11, 11, 10, 10, 10, 10, 10, 10, 10, 10, 10, 10, 11, 11, 11, 11, 9, 10, 10, 10, 10, 10, 10, 10, 10, 10, 10, 10, 10, 10, 11, 12, 10, 10, 9, 11, 9, 12, 10, 10, 10, 10, 12, 12, 14, 13, 13, 13, 15, 14, 13, 14, 12, 12, 12, 12, 12, 12, 12, 12, 12, 12, 12, 15, 13, 14, 14, 15, 13, 13, 12, 13, 13, 13, 12, 16, 17, 15, 12, 14, 15, 12, 12, 13, 11, 11, 11, 11, 7, 9, 14, 14, 14, 12, 8, 10, 8, 8, 8, 8, 8, 8, 8, 8, 8, 8, 9, 8, 9, 9, 7, 8, 8, 8, 8, 8, 9, 9, 9, 9, 7, 7, 6, 5, 5, 5, 7, 6, 6, 8, 8, 8, 8, 8, 8, 8, 9, 9, 10, 9, 9, 9, 10, 9, 8, 8, 8, 8, 8, 8, 8, 7, 8, 9, 11, 9, 9, 9, 11, 11, 11, 11, 13, 12, 12]
Trade Returns: [0.003854683811279336, -0.002434328181900505, -0.001964522058611414, 0.003929918177864142, -0.002609146082345951, -0.002422353879670676, 0.0006130356838571614, -0.0018948585521188167, -0.0026802621967715635, -0.001229530925052332, 0.003517134274460067, -0.0020899006679294743, 0.003576100592709489, -0.002865008774539957, -0.0022036688828451093, -0.0017871513784639052, -4.1490214653498336e-05, -0.0022071486493439015, -0.0020339498151018378, 0.0006238671837585538, 0.004356690737200255, -0.002972090183874802, 0.003654655567669822, 0.003540794709017862, 0.00035155947480002963, -0.002227141722921375, 0.0022542104654427464, -0.002150258688990024, -0.0019737479923780275, 0.003101217322082794, -0.002392021400804568, 0.003594882621069938, -0.001796148865166429, 0.0009247314498220407, -0.0020929629863647024, -0.0020941808822032863, -0.001257050798414284, -0.0017860322987801908, -0.0023452593196779032, 0.0044900630407006745, -0.002485780684447931, -0.0005170677606271361, -0.0027815020940529524, -0.0011270367776321864, 0.0030915895701316763, -0.002350251483368681, 0.0029067849984728794, 0.00020289500791041432, 0.0025302832868713074, -0.0014471842271874934, -0.001949757887528504, -0.001963745467741977, -0.001719376721425747, -0.0018811667368200666, 0.002968692224290396, 0.0030491436426868385, -0.0007399656395854769, 0.00028284556300413425, -0.0025301663187205017, 0.004941947485983423, -0.0023907080678352184, -0.0005643440831127568, 0.004650094673553736, 0.0014118487879147058, 0.00038779863244518993, -0.0018016305164839552, -0.0021704206157401205, 0.003319860402527211, -0.0024600413667844167, 0.004634713716825862, -0.0019446646905883608, -0.002320686085657981, 0.0024837320238540192, -0.0020185042705140465, -0.002278740223175438, -0.003180621914279598, -0.002891871036423411, -0.0011727710740838647, 0.0010599817776433585, 0.0034451110720608836, -0.0025118644411741852, 0.003933897844000839, -0.001569531398747171, 0.0001038394490157697, 0.0036214014615953767, -0.0022284693915592415, -0.0033336686871247973, 0.0023220989722541325, 0.0032092640853539182, -0.0020047230603392097, -0.002254741156992048, 0.0009647724696608507, -0.0008436076387931122, -0.0022967939749415607, 0.005011618957058254, 0.0024869932637307454, 0.0008250456794649731, 0.0018013243907225576, -0.001407960307900201, -0.0012409682912906297, -0.003747833075540502, 0.007725193815717486, -0.002581059463962899, 0.0046785587134428284, -0.002633481107582066, 0.006086857592958318, 0.0009757931994823419, -0.0023846960947481875, 0.003050802276382679, 0.0016987940736564366, -0.0019541037282904444, -0.0016210857405567953, -0.0017179108378858837, 0.002019697536147998, 0.004210164515245211, -0.0023600173900567255, 0.004086556908196493, -0.0021027557758039176, 0.003929490694280579, -0.0021988143388211785, -0.001966704007339948, 0.0029638984197682045, -0.0021556168391068486, -0.0016297854810825535, -0.001868182910597877, -0.0018646993112112684, -0.0026358907019206125, 0.002247105745073891, -0.002272621877034773, 0.0033425422530467684, 0.00235452795063287, -0.0018812803350669036, 0.0050984918710002295, 0.006648282076338167, 0.0013145606762977873, -0.003998910739420082, 0.004577129451174134, -0.0026481908246076945, 0.002926779362269117, -0.0016121301757522168, -0.0016100211593870085, 0.0034214438240220348, -0.0015987088217760204, 0.0040921220546962555, 0.0031203624191637794, 0.002586752068730123, -0.00017519752238030105, -0.0018856989349183948, 0.0030138310051577677, -0.0018361249031938645, -3.271240932886689e-05, -0.00201601572072883, -0.0029312934153527567, 0.0030950046319944157, -0.0018697443087285926, -0.0021923197960693227, -0.0026692581311666564, 0.0015995603897910708, -0.0018547359383948461, 6.301528322341807e-05, -0.0008975269884846941, 0.00285113135287894, -0.0021899809426408866, -0.0019545944932201683, 0.001697783961864368, -0.001666796484716219, -0.0020407199656573382, 0.00028716761525839405, -0.00187470077279524, -0.002246914750188776, 0.0010396829555592375, -0.0018240757202954907, -0.002034601239903238, 0.003940377261384171, -0.002096921359842264, 0.003668065136394687, 0.004065785238533558, 0.003536720032239331, -0.0029929753243706165, 0.004991169152377847]
Daily Returns: [0.001420355629378831, 0, 0, 0, 0, 0, 0, 0, 0, -0.001964522058611414, 0, 0, 0, 0, 0, 0, 0, 0, 0, 0, 0.003929918177864142, 0, -0.002609146082345951, 0, 0, 0, 0, -0.002422353879670676, 0, 0, 0, 0, 0, 0, 0, 0, 0, 0, 0, 0, 0, 0, 0, 0, 0.0006130356838571614, 0, 0, 0, 0, -0.0018948585521188167, 0, 0, -0.0039097931218238955, 0, 0, 0.003517134274460067, 0, -0.0020899006679294743, 0, 0, 0, 0, 0, 0.003576100592709489, 0, 0, 0, 0, 0, -0.002865008774539957, 0, 0, 0, 0, 0, 0, 0, 0, -0.0022036688828451093, 0, 0, -0.0018286415931174035, 0, 0, -0.0022071486493439015, 0, 0, 0, 0, 0, 0, -0.0020339498151018378, 0, 0, 0, 0, 0, 0.0006238671837585538, 0, 0, 0.0013846005533254529, 0, 0, 0.003654655567669822, 0, 0, 0, 0, 0, 0.003540794709017862, 0, 0, 0, 0, 0.00035155947480002963, 0, 0, 0, 0, 0, 0, 0, -0.002227141722921375, 0, 0, 0, 0, 0, 0, 0, 0.0022542104654427464, 0, 0, 0, 0, 0, 0, 0, 0, 0, -0.002150258688990024, 0.0011274693297047664, 0, 0, -0.002392021400804568, 0, 0.003594882621069938, -0.001796148865166429, 0, 0, 0, 0.0009247314498220407, 0, -0.0020929629863647024, -0.0020941808822032863, 0, 0, 0, 0, -0.001257050798414284, 0, 0, 0, -0.004131291618458094, 0, 0, 0, 0, 0, 0, 0, 0, 0, 0, 0, 0, 0, 0.0044900630407006745, -0.002485780684447931, 0, 0, 0, 0, 0, 0, 0, 0, -0.0005170677606271361, 0, -0.0027815020940529524, 0, 0, 0, 0, 0, -0.0011270367776321864, 0, 0, 0, 0, 0, 0.0030915895701316763, 0, 0, 0, 0, 0, 0, 0, 0, 0, 0, 0, 0, 0, 0, 0, 0, 0, 0, 0, 0, 0, 0, 0, 0, 0, 0, 0, 0, 0, 0, -0.002350251483368681, 0, 0, 0, 0, 0.0031096800063832937, 0.0025302832868713074, 0, 0, -0.0014471842271874934, 0, 0, 0, 0, 0, 0, 0, 0, 0, 0, 0, 0, -0.001949757887528504, 0, 0, 0, 0, 0, -0.001963745467741977, 0, 0, 0, 0, 0, -0.001719376721425747, -0.0018811667368200666, 0, 0, 0.002968692224290396, 0, 0.0030491436426868385, -0.0007399656395854769, 0.00028284556300413425, 0, 0, 0, 0, 0, 0, 0, 0, 0, 0, 0, -0.0025301663187205017, 0, 0, 0, 0, 0.004941947485983423, -0.0023907080678352184, 0, 0, 0, 0, -0.0005643440831127568, 0.006061943461468442, 0, 0.00038779863244518993, -0.003972051132224076, 0, 0, 0, 0, 0, 0, 0.0008598190357427945, 0.004634713716825862, 0, 0, 0, 0, 0, -0.0019446646905883608, 0, 0, 0, 0, -0.002320686085657981, 0, 0, 0, 0, 0, 0.0024837320238540192, 0, 0, 0, 0, 0, -0.0020185042705140465, 0, -0.002278740223175438, 0, 0, 0, 0, 0, -0.003180621914279598, 0, -0.002891871036423411, 0, 0, -0.0011727710740838647, 0, 0, 0, 0, 0, 0, 0, 0, 0.0010599817776433585, 0.0034451110720608836, 0, 0, 0, -0.0025118644411741852, 0.003933897844000839, 0, 0, 0, 0, 0, 0, 0, 0, -0.001569531398747171, 0, 0, 0, 0, 0.0001038394490157697, 0, 0, 0, 0, 0, 0.0036214014615953767, 0, 0, 0, -0.0022284693915592415, 0, 0, 0, -0.0033336686871247973, 0, 0, 0, 0, 0, 0.0023220989722541325, 0, 0, 0.0032092640853539182, 0, 0, 0, 0, 0, 0, 0, 0, 0, 0, 0, 0, 0, 0, 0, 0, 0, 0, 0, -0.0020047230603392097, 0, 0, 0, 0, 0, 0, -0.002254741156992048, 0, 0.0009647724696608507, 0, 0, 0, 0, 0, 0, 0, -0.0008436076387931122, 0, 0.002714824982116693, 0, 0, 0, 0, 0.0024869932637307454, 0, 0, 0, 0, 0, 0, 0, 0, 0, 0, 0, 0.0008250456794649731, 0, 0, 0, 0, 0, 0, 0, 0, 0.0003933640828223566, -0.0012409682912906297, 0, 0, 0, 0, 0, 0, 0.003977360740176983, 0, 0, 0, 0, 0, 0, -0.002581059463962899, 0, 0, 0, 0.0046785587134428284, 0, -0.002633481107582066, 0.006086857592958318, 0, 0, 0.0009757931994823419, -0.0023846960947481875, 0, 0.003050802276382679, 0, 0.0016987940736564366, 0, 0, -0.0019541037282904444, 0, 0, 0, -0.0016210857405567953, 0, 0, 0, 0, 0, 0, 0, 0, 0, 0, 0, 0, 0, 0, 0, 0, -0.0017179108378858837, 0, 0, 0.002019697536147998, 0, 0, 0.004210164515245211, -0.0023600173900567255, 0, 0, 0, 0, 0, 0.004086556908196493, 0, 0, 0, 0, -0.0021027557758039176, 0, 0, 0, 0.003929490694280579, 0, 0, -0.0021988143388211785, 0, 0, 0, 0, 0, 0, -0.001966704007339948, 0, 0, 0, 0, 0, 0.0008082815806613559, 0, 0, 0, 0, 0, 0, 0, 0, 0, 0, 0, 0, -0.005362667702891699, 0, 0, 0, -0.0026358907019206125, 0, 0, 0.002247105745073891, 0, 0, 0, 0, 0, -0.002272621877034773, 0, 0, 0.0033425422530467684, 0, 0, 0, 0, 0, 0, 0, 0, 0, 0, 0.00235452795063287, 0, 0.0032172115359333257, 0, 0, 0, 0, 0.006648282076338167, 0.0013145606762977873, -0.003998910739420082, 0.004577129451174134, 0, 0, 0, 0, 0, 0, 0, 0, 0, -0.0026481908246076945, 0, 0, 0, 0, 0, 0.0013146491865169002, 0, 0, 0, 0, -0.0016100211593870085, 0, 0, 0, 0, 0, 0, 0.0034214438240220348, 0, 0, 0, -0.0015987088217760204, 0, 0, 0, 0.0040921220546962555, 0, 0, 0, 0.0031203624191637794, 0, 0.002586752068730123, 0, 0, 0, 0, 0, 0, 0, -0.002060896457298696, 0.0011449936926350363, 0, 0, 0, 0, 0, 0, 0, 0, -0.00201601572072883, 0, -0.0029312934153527567, 0, 0, 0, 0, 0, 0, 0, 0, 0, 0, 0, 0.0012252603232658231, 0, 0, 0, 0, 0, 0, 0, 0, 0, 0, 0, -0.0021923197960693227, 0, 0, 0, 0, 0, 0, -0.0026692581311666564, 0, 0, 0, 0, 0.0015995603897910708, 0, 0, 0, 0, 0, 0, -0.0018547359383948461, 0, 6.301528322341807e-05, -0.0008975269884846941, 0, 0, 0.00285113135287894, 0, 0, -0.0021899809426408866, 0, -0.0019545944932201683, 0, 0, 0, 0.001697783961864368, 0, 0, -0.001666796484716219, 0, 0, -0.0020407199656573382, 0, 0, 0, 0, 0.00028716761525839405, -0.00187470077279524, -0.002246914750188776, 0.0010396829555592375, 0, 0, 0, 0, 0, 0, 0, -0.0018240757202954907, 0, 0, 0, 0, -0.002034601239903238, 0, 0, 0.0018434559015419075, 0, 0, 0, 0.003668065136394687, 0, 0, 0, 0, 0, 0.004065785238533558, 0, 0, 0, 0, 0, 0, 0, 0, 0, 0, 0.003536720032239331, -0.0029929753243706165, 0.004991169152377847, 0, 0, 0, 0, 0, 0]
Start Date: 2023-05-08
End Date: 2025-11-06
Sharpe Ratio: 0.018
Annualized Sharpe: 0.282
Sharpe 95% CI: (np.float64(-0.831), np.float64(1.4))
Sortino Ratio: 0.028
CAGR: 0.005
Calmar Ratio: 0.234
Daily Win Rate (%): 0.428
Max Drawdown: 0.022
Profit Factor: 1.081
Expectancy: 9.3e-05
Average Win: 0.002923
Average Loss: 0.002022
Total Trades: 180
Total Days: 784



Rolling 3 - Variant 2 - atr_0.25_3 - Fit Metrics
Contracts: [10, 11, 6, 10, 10, 7, 6, 6, 6, 6, 6, 6, 7, 10, 8, 8, 8, 8, 8, 7, 7, 7, 7, 7, 7, 7, 7, 7, 8, 5, 7, 7, 7, 7, 5, 7, 6, 6, 6, 6, 6, 6, 6, 6, 6, 6, 5, 7, 7, 7, 8, 7, 6, 5, 6, 5, 6, 6, 6, 6, 5, 9, 5, 10, 5, 5, 6, 6, 6, 6, 6, 7, 8, 7, 6, 7, 7, 7, 7, 8, 8, 8, 8, 9, 9, 9, 9, 10, 11, 11, 8, 10, 7, 7, 7, 7, 7, 8, 9, 9, 10, 10, 9, 9, 9, 11, 11, 12, 11, 11, 11, 11, 10, 10, 10, 10, 10, 10, 10, 10, 10, 10, 10, 11, 11, 11, 11, 9, 10, 10, 10, 10, 10, 10, 10, 10, 10, 10, 11, 11, 10, 11, 12, 10, 10, 9, 11, 9, 12, 10, 10, 10, 10, 12, 12, 14, 13, 13, 13, 15, 14, 13, 14, 12, 12, 12, 12, 12, 12, 12, 12, 12, 12, 12, 15, 13, 15, 14, 15, 13, 13, 12, 13, 13, 13, 12, 16, 17, 15, 12, 14, 15, 12, 12, 13, 11, 11, 11, 11, 7, 9, 14, 14, 14, 12, 8, 10, 8, 8, 8, 8, 8, 8, 8, 8, 8, 8, 9, 8, 9, 9, 7, 8, 8, 8, 8, 8, 9, 9, 9, 9, 7, 7, 6, 5, 5, 5, 7, 6, 6, 8, 8, 8, 8, 8, 8, 8, 9, 9, 10, 9, 9, 9, 10, 9, 8, 8, 8, 8, 8, 8, 8, 7, 8, 9, 11, 9, 9, 9, 11, 11, 11, 11, 13, 12, 12]
Trade Returns: [-0.0028620588589212347, 0.0013944999999999663, -0.0025974086823431983, -0.0023543001309382673, 0.004221442148990723, 0.005735619200856212, 0.0003091903023161377, 0.0025042836823030547, -0.0013244238785817116, -0.0004718231442639015, -0.0015491426947412982, -0.0016364530499203285, -0.0021760848533625733, -0.0021808305256371635, -0.00223562433966962, 0.006333219332844941, -0.0030237155499185852, -0.00287241623343708, -0.0031438156189503214, 0.0016414460914824659, -0.00024981896031049097, 0.0004090885128366756, 0.005161012394665406, 0.0047406009943392205, 0.0009283827948084684, 0.005536480878817857, 0.00018564649954256408, 0.003069658137843414, -0.002132297596884865, -0.000803685550950649, -0.0018306602391556831, -0.0025798736095899856, 0.0024241265320411893, 0.006231977428742806, 0.0037647769482256877, -0.0001718574357521453, 0.0038612971834880625, 0.004942173299816706, -0.0016605147275822517, -0.0002798824784831851, -2.5053727135204633e-05, -0.001711207316459624, -0.0023237115946225986, -0.002201355897389471, 0.0023182134414914137, 0.0071693878352553425, 0.004072207374332431, -0.0018656384207360673, -0.0003805367862464266, 0.0064224862358736624, 0.005951883183635358, -0.002565779169667935, -0.001648008840810447, 0.0002988780423210522, -0.002070017556826208, -0.00011191916260972177, -0.0012787429592451016, -0.0009485364042573636, -0.0015048901090575061, -0.001417956144074621, -0.0017734949592014995, 0.005296168446944976, -0.0022042044439879293, -0.0014570547021002108, 0.0010512069370477333, -0.0014218234955592267, -0.0017826082755386414, -0.002293074160813064, -0.0022313897005927044, 0.003699719961640213, -0.0018477952665853254, 0.0012374753746114099, -0.0025167556014762545, -0.002134512397324237, -0.0016240031600764414, 0.005085051680546037, -0.0020022858565650952, -0.0019680772285062885, 0.0011455073332345632, -0.0020770776980916696, -0.0024579984922707358, -0.003097387154266324, 0.007509430746216773, 0.0021407290711027904, -0.0016755654514132108, -0.0018956967315739098, -0.00143178313758048, -0.0014361397701094767, 0.0032152135054385107, -0.0016040849613909586, 0.0005501522207777056, 0.0022635064137795278, -0.001951548479275691, 0.007490079434979582, -0.0022118941545463846, 0.003334187150009179]
Daily Returns: [-0.0028620588589212347, 0.0013944999999999663, 0, 0, 0, 0, 0, 0, 0, 0, 0, 0, -0.0025974086823431983, 0, 0, -0.0023543001309382673, 0, 0, 0, 0, 0, 0, 0, 0, 0, 0, 0, 0, 0, 0, 0, 0.004221442148990723, 0, 0, 0.005735619200856212, 0, 0, 0, 0, 0, 0.0003091903023161377, 0, 0, 0.0007080366594574416, 0, 0, -0.0015491426947412982, 0, 0, 0, 0, -0.0016364530499203285, 0, 0, 0, 0, 0, 0, 0, 0, -0.0021760848533625733, 0, 0, 0, 0, 0, -0.0021808305256371635, 0.004097594993175321, 0, 0, 0, 0, 0, 0, 0, 0, 0, 0, -0.0030237155499185852, -0.0060162318523874015, 0, 0.0016414460914824659, 0.0001592695525261846, 0, 0, 0, 0, 0, 0, 0, 0, 0, 0, 0, 0, 0, 0, 0, 0, 0, 0, 0.005161012394665406, 0, 0, 0, 0, 0.0047406009943392205, 0.0009283827948084684, 0.005536480878817857, 0, 0, 0, 0, 0, 0, 0, 0, 0, 0, 0, 0.00018564649954256408, 0.00013367499000790017, 0, 0, 0, 0, 0, 0, 0, 0, -0.0018306602391556831, 0, 0, 0, 0, 0, 0, 0, 0, 0, 0, 0, 0, 0, 0, -0.0025798736095899856, 0, 0.0024241265320411893, 0, 0, 0.009824896941216348, 0.0038612971834880625, 0, 0, 0, 0.004942173299816706, 0, -0.0019403972060654368, 0, 0, -2.5053727135204633e-05, 0, 0, 0, 0, 0, 0, 0, 0, -0.001711207316459624, 0, 0, 0, 0, 0, -0.0023237115946225986, 0, -0.002201355897389471, 0.0023182134414914137, 0, 0, 0.0071693878352553425, 0, 0, 0, 0, 0.004072207374332431, 0, 0, 0, 0, 0, 0, 0, 0, -0.0018656384207360673, 0, 0, 0, 0, 0, 0, 0, 0, 0, 0, 0, 0, 0, 0, -0.0003805367862464266, 0, 0, 0, 0, 0, 0.0064224862358736624, 0, 0, 0, 0, 0, 0, 0.0033861040139674227, 0, 0, 0, -0.001648008840810447, 0, 0.0002988780423210522, 0, 0, 0, 0, -0.002070017556826208, 0, 0, 0, 0, 0, 0, -0.00011191916260972177, 0, 0, 0, 0, 0, 0, 0, 0, 0, -0.0012787429592451016, 0, 0, 0, 0, 0, -0.0009485364042573636, 0, 0, 0, 0, 0, -0.0015048901090575061, -0.001417956144074621, 0, 0, 0, -0.0017734949592014995, 0, 0.005296168446944976, 0, -0.0022042044439879293, 0, 0, 0, 0, -0.0014570547021002108, 0, 0, 0.0010512069370477333, 0, -0.0014218234955592267, 0, 0, 0, -0.0017826082755386414, 0, 0, 0, 0, -0.002293074160813064, 0, 0, 0, 0, 0, 0, 0, -0.0022313897005927044, 0, 0.003699719961640213, 0, -0.0018477952665853254, 0, 0, 0, 0.0012374753746114099, 0, 0, 0, 0, 0, -0.0025167556014762545, 0, -0.002134512397324237, 0, 0, 0, 0, 0, 0, -0.0016240031600764414, 0, 0.005085051680546037, -0.0020022858565650952, 0, 0, 0, 0, 0, 0, 0, 0, 0, -0.0019680772285062885, 0.0011455073332345632, 0, 0, -0.0020770776980916696, -0.0024579984922707358, 0, 0, -0.003097387154266324, 0, 0, 0, 0.007509430746216773, 0, 0, 0, 0, 0, 0.0021407290711027904, 0, 0, -0.0016755654514132108, 0, 0, 0, 0, 0, 0, -0.00332747986915439, 0, 0, 0, -0.0014361397701094767, 0, 0.0032152135054385107, 0, -0.0016040849613909586, 0, 0, 0, 0.0005501522207777056, 0, 0, 0, 0.0022635064137795278, 0, -0.001951548479275691, 0, 0, 0, 0.007490079434979582, 0, 0, 0, -0.0022118941545463846, 0.003334187150009179, 0, 0]
Start Date: 2022-02-03
End Date: 2023-05-07
Sharpe Ratio: 0.052
Annualized Sharpe: 0.829
Sharpe 95% CI: (np.float64(-0.813), np.float64(2.237))
Sortino Ratio: 0.086
CAGR: 0.019
Calmar Ratio: 0.813
Daily Win Rate (%): 0.396
Max Drawdown: 0.024
Profit Factor: 1.294
Expectancy: 0.000316
Average Win: 0.003517
Average Loss: 0.001781
Total Trades: 96
Total Days: 393

Rolling 3 - Variant 2 - atr_0.25_3 - Test Metrics
Contracts: [10, 11, 6, 10, 10, 7, 6, 6, 6, 6, 6, 6, 7, 10, 8, 8, 8, 8, 8, 7, 7, 7, 7, 7, 7, 7, 7, 7, 8, 5, 7, 7, 7, 7, 5, 7, 6, 6, 6, 6, 6, 6, 6, 6, 6, 6, 5, 7, 7, 7, 8, 7, 6, 5, 6, 5, 6, 6, 6, 6, 5, 9, 5, 10, 5, 5, 6, 6, 6, 6, 6, 7, 8, 7, 6, 7, 7, 7, 7, 8, 8, 8, 8, 9, 9, 9, 9, 10, 11, 11, 8, 10, 7, 7, 7, 7, 7, 8, 9, 9, 10, 10, 9, 9, 9, 11, 11, 12, 11, 11, 11, 11, 10, 10, 10, 10, 10, 10, 10, 10, 10, 10, 10, 11, 11, 11, 11, 9, 10, 10, 10, 10, 10, 10, 10, 10, 10, 10, 11, 11, 10, 11, 12, 10, 10, 9, 11, 9, 12, 10, 10, 10, 10, 12, 12, 14, 13, 13, 13, 15, 14, 13, 14, 12, 12, 12, 12, 12, 12, 12, 12, 12, 12, 12, 15, 13, 15, 14, 15, 13, 13, 12, 13, 13, 13, 12, 16, 17, 15, 12, 14, 15, 12, 12, 13, 11, 11, 11, 11, 7, 9, 14, 14, 14, 12, 8, 10, 8, 8, 8, 8, 8, 8, 8, 8, 8, 8, 9, 8, 9, 9, 7, 8, 8, 8, 8, 8, 9, 9, 9, 9, 7, 7, 6, 5, 5, 5, 7, 6, 6, 8, 8, 8, 8, 8, 8, 8, 9, 9, 10, 9, 9, 9, 10, 9, 8, 8, 8, 8, 8, 8, 8, 7, 8, 9, 11, 9, 9, 9, 11, 11, 11, 11, 13, 12, 12]
Trade Returns: [0.004298706374882394, -0.0021958482282895416, -0.0019770096901054247, -0.002232489481451893, -0.002609587641540755, -0.002422764899654132, 0.0006148398837661708, -0.0017276852063124008, -0.002688155251656709, -0.0012331472830690007, 0.005375210655767139, -0.0020930949587626493, 0.005460382456041237, -0.0028676209752643757, -0.0022021031285326207, -0.0017858787664067689, -4.1460617041985316e-05, -0.002213295253972976, -0.0020324971730382477, 0.000623420711864281, 0.006619936599784077, -0.0029699645263098476, 0.000879719589380768, 0.005384448381554369, 0.0003498746506046017, -0.002227516574130387, 0.0022433627199099134, -0.0021399390628246964, -0.0019642551708801046, 0.003086287874150964, -0.0023805378815986386, 0.003456893636536434, -0.0017874932120053653, 0.0009203937323207979, -0.002083154372308498, -0.002084148176978485, -0.0012517343248591105, -0.0017784691246399776, -0.002568300196229027, -0.002481352291138049, -0.0024752104220861566, -0.0005184657377085361, -0.0027890013649594916, -0.0011262327572127276, 0.004722675829818866, -0.0023566090680279487, 0.004454821120376422, 0.00020313268877462628, 0.0038822840840039142, -0.001446927873064404, -0.0019514092658305217, -0.001969070076258672, -0.0017208354091218677, -0.0018827654352967572, 0.004563854937313149, 0.004693270320614119, -0.0007382096570776694, 0.0002830855919250295, -0.0025241582701747175, 0.003913393845888882, -0.0023805662826907885, -0.0005629975018085537, 0.0025873786158784862, 0.0014113758707639547, 0.0003876689173162566, -0.0018010281209297583, -0.0021696936016694533, 0.005076556303031855, -0.002454917274796974, 0.006378272031198172, -0.001937242011381006, -0.0023151615170006693, 0.003817508811823905, -0.0021515258394547545, -0.002267286383844244, -0.0031645985353513967, -0.0028808114971797714, -0.0011668348460843175, 0.0010524760408687044, 0.0027889092376795033, -0.0024957286945695395, 0.005969614813305884, -0.0015615992908788014, 0.00010359284978046929, 0.005592526046395757, -0.0022360878288061213, -0.003345090995082147, 0.0023300753910723633, 0.004952958927867146, -0.002008099702933532, -0.002258546557608393, 0.0009663990484685013, -0.0008450310999149974, -0.0023047806657818214, 0.0032203397061111136, 0.002491200145284402, 0.0008278820607646155, 0.0018044584580484042, -0.001410405561143794, -0.0012431265677826544, -0.00375435937284592, -0.004131586100122258, -0.0028258319633292744, 0.005777893113633235, -0.0026208365963812778, 0.009187079162238484, 0.0009748781222365129, -0.002382461957589896, 0.004643978746824902, 0.0016971987329261924, -0.0019522717350368827, -0.001619562982409272, -0.0017148121512373222, 0.002014439310552678, 0.006368526333922816, -0.0023507007981018783, -0.002253091894096083, -0.0020944352110572073, 0.004794832750805097, -0.002204011200232738, -0.0019713625472868607, 0.004521547344906523, -0.0021607329433589455, -0.0016311337769370337, -0.0018697255391952967, -0.0018662361897291895, -0.0026334106756469478, 0.002251033493747238, -0.002274505053024985, 0.005104885865370696, 0.0023503355375788055, -0.0018779384293747614, 0.007727585500899941, 0.0014053182046756402, 0.0013190913705002397, -0.004012848360470142, 0.004593459505335143, -0.002657305913195636, 0.0037215820127881848, -0.0016176939219929725, -0.0016143073187945454, 0.0035310938738246206, -0.0015994210855390597, 0.00621121843444991, 0.004746872198763708, 0.0025837170074437615, -0.00017499249117099828, -0.001883491741594881, 0.004579348219796925, -0.0018311136539038066, -3.2622965106999086e-05, -0.002010503230395354, -0.002923262089470998, 0.004702071231118249, -0.0018645927436361299, -0.002182781018182148, -0.0026619233029655204, 0.0015925698432137409, -0.0018466430884914737, 6.273981721287736e-05, -0.0008936037708854179, -0.0006072445112523491, -0.002187944887235214, -0.0019527732951532756, 0.0016961989524566924, -0.001665243039408432, -0.0020388148532126883, 0.00028720330495257543, -0.0018749336969941107, -0.002237117043546246, 0.0010351546149641392, -0.0018243027802530337, -0.002034854968841826, 0.004871072231703881, -0.002095241017154855, 0.002604571969671041, 0.0038637409555384718, 0.005406726408900534, -0.002985610372117001, 0.0075648183651998826]
Daily Returns: [0.002102858146592852, 0, 0, 0, 0, 0, 0, 0, 0, -0.0019770096901054247, 0, 0, 0, 0, 0, 0, 0, 0, 0, 0, -0.002232489481451893, 0, -0.002609587641540755, 0, 0, 0, 0, -0.002422764899654132, 0, 0, 0, 0, 0, 0, 0, 0, 0, 0, 0, 0, 0, 0, 0, 0, 0.0006148398837661708, 0, 0, 0, 0, -0.0017276852063124008, 0, 0, -0.00392130253472571, 0, 0, 0.005375210655767139, 0, -0.0020930949587626493, 0, 0, 0, 0, 0, 0.005460382456041237, 0, 0, 0, 0, 0, -0.0028676209752643757, 0, 0, 0, 0, 0, 0, 0, 0, -0.0022021031285326207, 0, 0, -0.0018273393834487542, 0, 0, -0.002213295253972976, 0, 0, 0, 0, 0, 0, -0.0020324971730382477, 0, 0, 0, 0, 0, 0.000623420711864281, 0, 0, 0.0036499720734742298, 0, 0, 0.000879719589380768, 0, 0, 0, 0, 0, 0.005384448381554369, 0, 0, 0, 0, 0.0003498746506046017, 0, 0, 0, 0, 0, 0, 0, -0.002227516574130387, 0, 0, 0, 0, 0, 0, 0, 0.0022433627199099134, 0, 0, 0, 0, 0, 0, 0, 0, 0, -0.0021399390628246964, 0.0011220327032708593, 0, 0, -0.0023805378815986386, 0, 0.003456893636536434, -0.0017874932120053653, 0, 0, 0, 0.0009203937323207979, 0, -0.002083154372308498, -0.002084148176978485, 0, 0, 0, 0, -0.0012517343248591105, 0, 0, 0, -0.0043467693208690044, 0, 0, 0, 0, 0, 0, 0, 0, 0, 0, 0, 0, 0, -0.002481352291138049, -0.0024752104220861566, 0, 0, 0, 0, 0, 0, 0, 0, -0.0005184657377085361, 0, -0.0027890013649594916, 0, 0, 0, 0, 0, -0.0011262327572127276, 0, 0, 0, 0, 0, 0.004722675829818866, 0, 0, 0, 0, 0, 0, 0, 0, 0, 0, 0, 0, 0, 0, 0, 0, 0, 0, 0, 0, 0, 0, 0, 0, 0, 0, 0, 0, 0, 0, -0.0023566090680279487, 0, 0, 0, 0, 0.004657953809151048, 0.0038822840840039142, 0, 0, -0.001446927873064404, 0, 0, 0, 0, 0, 0, 0, 0, 0, 0, 0, 0, -0.0019514092658305217, 0, 0, 0, 0, 0, -0.001969070076258672, 0, 0, 0, 0, 0, -0.0017208354091218677, -0.0018827654352967572, 0, 0, 0.004563854937313149, 0, 0.004693270320614119, -0.0007382096570776694, 0.0002830855919250295, 0, 0, 0, 0, 0, 0, 0, 0, 0, 0, 0, -0.0025241582701747175, 0, 0, 0, 0, 0.003913393845888882, -0.0023805662826907885, 0, 0, 0, 0, -0.0005629975018085537, 0.003998754486642441, 0, 0.0003876689173162566, -0.003970721722599211, 0, 0, 0, 0, 0, 0, 0.0026216390282348813, 0.006378272031198172, 0, 0, 0, 0, 0, -0.001937242011381006, 0, 0, 0, 0, -0.0023151615170006693, 0, 0, 0, 0, 0, 0.003817508811823905, 0, 0, 0, 0, 0, -0.0021515258394547545, 0, -0.002267286383844244, 0, 0, 0, 0, 0, -0.0031645985353513967, 0, -0.0028808114971797714, 0, 0, -0.0011668348460843175, 0, 0, 0, 0, 0, 0, 0, 0, 0.0010524760408687044, 0.0027889092376795033, 0, 0, 0, -0.0024957286945695395, 0.005969614813305884, 0, 0, 0, 0, 0, 0, 0, 0, -0.0015615992908788014, 0, 0, 0, 0, 0.00010359284978046929, 0, 0, 0, 0, 0, 0.005592526046395757, 0, 0, 0, -0.0022360878288061213, 0, 0, 0, -0.003345090995082147, 0, 0, 0, 0, 0, 0.0023300753910723633, 0, 0, 0.004952958927867146, 0, 0, 0, 0, 0, 0, 0, 0, 0, 0, 0, 0, 0, 0, 0, 0, 0, 0, 0, -0.002008099702933532, 0, 0, 0, 0, 0, 0, -0.002258546557608393, 0, 0.0009663990484685013, 0, 0, 0, 0, 0, 0, 0, -0.0008450310999149974, 0, 0.0009155590403292922, 0, 0, 0, 0, 0.002491200145284402, 0, 0, 0, 0, 0, 0, 0, 0, 0, 0, 0, 0.0008278820607646155, 0, 0, 0, 0, 0, 0, 0, 0, 0.00039405289690461025, -0.0012431265677826544, 0, 0, 0, 0, 0, 0, -0.007885945472968179, 0, 0, 0, 0, 0, 0, -0.0028258319633292744, 0, 0, 0, 0.005777893113633235, 0, -0.0026208365963812778, 0.009187079162238484, 0, 0, 0.0009748781222365129, -0.002382461957589896, 0, 0.004643978746824902, 0, 0.0016971987329261924, 0, 0, -0.0019522717350368827, 0, 0, 0, -0.001619562982409272, 0, 0, 0, 0, 0, 0, 0, 0, 0, 0, 0, 0, 0, 0, 0, 0, -0.0017148121512373222, 0, 0, 0.002014439310552678, 0, 0, 0.006368526333922816, -0.0023507007981018783, 0, 0, 0, 0, 0, -0.002253091894096083, 0, 0, 0, 0, -0.0020944352110572073, 0, 0, 0, 0.004794832750805097, 0, 0, -0.002204011200232738, 0, 0, 0, 0, 0, 0, -0.0019713625472868607, 0, 0, 0, 0, 0, 0.002360814401547578, 0, 0, 0, 0, 0, 0, 0, 0, 0, 0, 0, 0, -0.00536709550586152, 0, 0, 0, -0.0026334106756469478, 0, 0, 0.002251033493747238, 0, 0, 0, 0, 0, -0.002274505053024985, 0, 0, 0.005104885865370696, 0, 0, 0, 0, 0, 0, 0, 0, 0, 0, 0.0023503355375788055, 0, 0.005849647071525179, 0, 0, 0, 0, 0.0014053182046756402, 0.0013190913705002397, -0.004012848360470142, 0.004593459505335143, 0, 0, 0, 0, 0, 0, 0, 0, 0, -0.002657305913195636, 0, 0, 0, 0, 0, 0.0021038880907952124, 0, 0, 0, 0, -0.0016143073187945454, 0, 0, 0, 0, 0, 0, 0.0035310938738246206, 0, 0, 0, -0.0015994210855390597, 0, 0, 0, 0.00621121843444991, 0, 0, 0, 0.004746872198763708, 0, 0.0025837170074437615, 0, 0, 0, 0, 0, 0, 0, -0.0020584842327658792, 0.0027156116007861194, 0, 0, 0, 0, 0, 0, 0, 0, -0.002010503230395354, 0, -0.002923262089470998, 0, 0, 0, 0, 0, 0, 0, 0, 0, 0, 0, 0.002837478487482119, 0, 0, 0, 0, 0, 0, 0, 0, 0, 0, 0, -0.002182781018182148, 0, 0, 0, 0, 0, 0, -0.0026619233029655204, 0, 0, 0, 0, 0.0015925698432137409, 0, 0, 0, 0, 0, 0, -0.0018466430884914737, 0, 6.273981721287736e-05, -0.0008936037708854179, 0, 0, -0.0006072445112523491, 0, 0, -0.002187944887235214, 0, -0.0019527732951532756, 0, 0, 0, 0.0016961989524566924, 0, 0, -0.001665243039408432, 0, 0, -0.0020388148532126883, 0, 0, 0, 0, 0.00028720330495257543, -0.0018749336969941107, -0.002237117043546246, 0.0010351546149641392, 0, 0, 0, 0, 0, 0, 0, -0.0018243027802530337, 0, 0, 0, 0, -0.002034854968841826, 0, 0, 0.0027758312145490256, 0, 0, 0, 0.002604571969671041, 0, 0, 0, 0, 0, 0.0038637409555384718, 0, 0, 0, 0, 0, 0, 0, 0, 0, 0, 0.005406726408900534, -0.002985610372117001, 0.0075648183651998826, 0, 0, 0, 0, 0, 0]
Start Date: 2023-05-08
End Date: 2025-11-06
Sharpe Ratio: 0.02
Annualized Sharpe: 0.316
Sharpe 95% CI: (np.float64(-0.798), np.float64(1.37))
Sortino Ratio: 0.028
CAGR: 0.007
Calmar Ratio: 0.263
Daily Win Rate (%): 0.4
Max Drawdown: 0.026
Profit Factor: 1.098
Expectancy: 0.00012
Average Win: 0.003355
Average Loss: 0.002037
Total Trades: 180
Total Days: 784



Rolling 3 - Variant 3 - atr_0.25_6 - Fit Metrics
Contracts: [10, 11, 6, 10, 10, 7, 6, 6, 6, 6, 6, 6, 7, 10, 8, 8, 8, 8, 8, 7, 7, 7, 7, 7, 7, 7, 7, 7, 8, 5, 7, 7, 7, 7, 5, 7, 6, 6, 6, 6, 6, 6, 6, 6, 6, 6, 5, 7, 7, 7, 8, 7, 6, 5, 5, 5, 6, 6, 6, 6, 5, 9, 5, 9, 5, 5, 6, 6, 6, 6, 6, 7, 8, 7, 6, 7, 7, 7, 7, 8, 8, 8, 8, 9, 9, 9, 9, 10, 11, 11, 7, 10, 7, 7, 7, 7, 7, 8, 9, 9, 10, 10, 9, 9, 9, 11, 11, 11, 11, 11, 11, 11, 10, 10, 10, 10, 10, 10, 10, 10, 10, 10, 10, 11, 11, 12, 11, 10, 10, 11, 10, 10, 10, 10, 10, 10, 10, 10, 11, 11, 10, 11, 12, 10, 10, 9, 11, 9, 12, 10, 10, 10, 10, 13, 12, 14, 13, 14, 13, 15, 14, 13, 14, 12, 12, 12, 12, 12, 12, 12, 12, 12, 12, 12, 15, 13, 15, 14, 15, 13, 14, 12, 13, 13, 13, 12, 16, 17, 15, 12, 14, 15, 12, 12, 13, 11, 11, 11, 11, 7, 9, 14, 14, 14, 12, 8, 10, 8, 8, 8, 8, 8, 8, 8, 8, 8, 9, 9, 8, 9, 9, 7, 8, 8, 8, 8, 8, 9, 9, 9, 9, 7, 7, 6, 5, 5, 5, 7, 6, 6, 8, 8, 8, 8, 8, 8, 8, 8, 9, 10, 9, 9, 9, 10, 9, 8, 8, 8, 8, 8, 8, 8, 7, 8, 9, 11, 9, 9, 9, 11, 11, 11, 11, 13, 12, 12]
Trade Returns: [-0.0028620588589212347, 0.0013944999999999663, -0.0025974086823431983, -0.0023543001309382673, 0.004221442148990723, 0.003079408576372763, 0.0003100090556062336, 0.002510916248678037, -0.001327922814374787, -0.00047307217124611934, -0.0015532407469505247, -0.0016407888046029856, -0.002181871974037282, -0.0021866429490049423, -0.0022415958589465977, 0.003635393079390315, -0.0030399599347226114, -0.0028878948433865848, -0.003160805786531552, 0.001650345110071621, -0.00025117110990235687, 0.00041130326801338933, 0.007312149593938783, 0.0039657202545010884, 0.0009321417035338353, -0.002031942365708676, 0.00018786966456134146, 0.003106411186027505, -0.0021577485566083056, -0.0008132990307356836, -0.0018405671350609045, -0.002610867715636113, 0.002453325757927158, 0.0028969765704821575, 0.0038226833668985752, -0.00017449072628438945, 0.003920472346831247, 0.0028297890350100887, -0.00168941421709165, -0.0002847617779565963, -2.54906228594257e-05, -0.0017317298313963261, -0.0023642389442605338, -0.002239840254080007, 0.0023588316935886644, 0.009622092028561863, 0.004133324419887369, -0.0018935232867805165, -0.0003854038380973737, 0.008618627450980458, 0.012154090672402477, -0.0025826844758499367, -0.001672687624362711, 0.00030085649994342705, -0.0020836917242002414, -0.00011387089816529625, -0.001287205199614264, -0.0009548088328568294, -0.0015106995006012765, -0.0014234382224945943, -0.0017947263170543454, 0.004982610155116955, -0.0022127384501160353, -0.001462708483052527, 0.0010552918899253707, -0.001427342826734363, -0.0017895380167341456, -0.002302004276401576, -0.002240135928500417, 0.003714281074785653, -0.0018550542062396934, 0.0012423277253562988, -0.002526611982024468, -0.002142860973535871, -0.0016303656867453276, 0.0052019565895092285, -0.0020101015219884276, -0.001979114145746409, 0.0011519440425021051, -0.002088735556259736, -0.0024718231921447595, -0.0031148511823321373, 0.005705502570277877, 0.0021491340534976608, -0.0014744493549575936, -0.0019061036067875273, -0.0014396582602840286, -0.0014440630232076905, 0.006581345192065552, -0.0016129205022459446, 0.000551341885338868, 0.00226840797255886, -0.0019557662369053563, 0.003975679593339291, -0.002224432534455179, 0.003353129514627602]
Daily Returns: [-0.0028620588589212347, 0.0013944999999999663, 0, 0, 0, 0, 0, 0, 0, 0, 0, 0, -0.0025974086823431983, 0, 0, -0.0023543001309382673, 0, 0, 0, 0, 0, 0, 0, 0, 0, 0, 0, 0, 0, 0, 0, 0.004221442148990723, 0, 0, 0.003079408576372763, 0, 0, 0, 0, 0, 0.0003100090556062336, 0, 0, 0.0007099212630571307, 0, 0, -0.0015532407469505247, 0, 0, 0, 0, -0.0016407888046029856, 0, 0, 0, 0, 0, 0, 0, 0, -0.002181871974037282, 0, 0, 0, 0, 0, -0.0021866429490049423, 0.001393797220443717, 0, 0, 0, 0, 0, 0, 0, 0, 0, 0, -0.0030399599347226114, -0.006048700629918137, 0, 0.001650345110071621, 0.00016013215811103246, 0, 0, 0, 0, 0, 0, 0, 0, 0, 0, 0, 0, 0, 0, 0, 0, 0, 0, 0.007312149593938783, 0, 0, 0, 0, 0.0039657202545010884, 0.0009321417035338353, -0.002031942365708676, 0, 0, 0, 0, 0, 0, 0, 0, 0, 0, 0, 0.00018786966456134146, 0.00013536359868351574, 0, 0, 0, 0, 0, 0, 0, 0, -0.0018405671350609045, 0, 0, 0, 0, 0, 0, 0, 0, 0, 0, 0, 0, 0, 0, -0.002610867715636113, 0, 0.002453325757927158, 0, 0, 0.0065451692110963435, 0.003920472346831247, 0, 0, 0, 0.0028297890350100887, 0, -0.0019741759950482464, 0, 0, -2.54906228594257e-05, 0, 0, 0, 0, 0, 0, 0, 0, -0.0017317298313963261, 0, 0, 0, 0, 0, -0.0023642389442605338, 0, -0.002239840254080007, 0.0023588316935886644, 0, 0, 0.009622092028561863, 0, 0, 0, 0, 0.004133324419887369, 0, 0, 0, 0, 0, 0, 0, 0, -0.0018935232867805165, 0, 0, 0, 0, 0, 0, 0, 0, 0, 0, 0, 0, 0, 0, -0.0003854038380973737, 0, 0, 0, 0, 0, 0.008618627450980458, 0, 0, 0, 0, 0, 0, 0.00957140619655254, 0, 0, 0, -0.001672687624362711, 0, 0.00030085649994342705, 0, 0, 0, 0, -0.0020836917242002414, 0, 0, 0, 0, 0, 0, -0.00011387089816529625, 0, 0, 0, 0, 0, 0, 0, 0, 0, -0.001287205199614264, 0, 0, 0, 0, 0, -0.0009548088328568294, 0, 0, 0, 0, 0, -0.0015106995006012765, -0.0014234382224945943, 0, 0, 0, -0.0017947263170543454, 0, 0.004982610155116955, 0, -0.0022127384501160353, 0, 0, 0, 0, -0.001462708483052527, 0, 0, 0.0010552918899253707, 0, -0.001427342826734363, 0, 0, 0, -0.0017895380167341456, 0, 0, 0, 0, -0.002302004276401576, 0, 0, 0, 0, 0, 0, 0, -0.002240135928500417, 0, 0.003714281074785653, 0, -0.0018550542062396934, 0, 0, 0, 0.0012423277253562988, 0, 0, 0, 0, 0, -0.002526611982024468, 0, -0.002142860973535871, 0, 0, 0, 0, 0, 0, -0.0016303656867453276, 0, 0.0052019565895092285, -0.0020101015219884276, 0, 0, 0, 0, 0, 0, 0, 0, 0, -0.001979114145746409, 0.0011519440425021051, 0, 0, -0.002088735556259736, -0.0024718231921447595, 0, 0, -0.0031148511823321373, 0, 0, 0, 0.005705502570277877, 0, 0, 0, 0, 0, 0.0021491340534976608, 0, 0, -0.0014744493549575936, 0, 0, 0, 0, 0, 0, -0.003345761867071556, 0, 0, 0, -0.0014440630232076905, 0, 0.006581345192065552, 0, -0.0016129205022459446, 0, 0, 0, 0.000551341885338868, 0, 0, 0, 0.00226840797255886, 0, -0.0019557662369053563, 0, 0, 0, 0.003975679593339291, 0, 0, 0, -0.002224432534455179, 0.003353129514627602, 0, 0]
Start Date: 2022-02-03
End Date: 2023-05-07
Sharpe Ratio: 0.038
Annualized Sharpe: 0.598
Sharpe 95% CI: (np.float64(-1.063), np.float64(1.995))
Sortino Ratio: 0.063
CAGR: 0.014
Calmar Ratio: 0.575
Daily Win Rate (%): 0.385
Max Drawdown: 0.024
Profit Factor: 1.208
Expectancy: 0.000229
Average Win: 0.003453
Average Loss: 0.001792
Total Trades: 96
Total Days: 393

Rolling 3 - Variant 3 - atr_0.25_6 - Test Metrics
Contracts: [10, 11, 6, 10, 10, 7, 6, 6, 6, 6, 6, 6, 7, 10, 8, 8, 8, 8, 8, 7, 7, 7, 7, 7, 7, 7, 7, 7, 8, 5, 7, 7, 7, 7, 5, 7, 6, 6, 6, 6, 6, 6, 6, 6, 6, 6, 5, 7, 7, 7, 8, 7, 6, 5, 5, 5, 6, 6, 6, 6, 5, 9, 5, 9, 5, 5, 6, 6, 6, 6, 6, 7, 8, 7, 6, 7, 7, 7, 7, 8, 8, 8, 8, 9, 9, 9, 9, 10, 11, 11, 7, 10, 7, 7, 7, 7, 7, 8, 9, 9, 10, 10, 9, 9, 9, 11, 11, 11, 11, 11, 11, 11, 10, 10, 10, 10, 10, 10, 10, 10, 10, 10, 10, 11, 11, 12, 11, 10, 10, 11, 10, 10, 10, 10, 10, 10, 10, 10, 11, 11, 10, 11, 12, 10, 10, 9, 11, 9, 12, 10, 10, 10, 10, 13, 12, 14, 13, 14, 13, 15, 14, 13, 14, 12, 12, 12, 12, 12, 12, 12, 12, 12, 12, 12, 15, 13, 15, 14, 15, 13, 14, 12, 13, 13, 13, 12, 16, 17, 15, 12, 14, 15, 12, 12, 13, 11, 11, 11, 11, 7, 9, 14, 14, 14, 12, 8, 10, 8, 8, 8, 8, 8, 8, 8, 8, 8, 9, 9, 8, 9, 9, 7, 8, 8, 8, 8, 8, 9, 9, 9, 9, 7, 7, 6, 5, 5, 5, 7, 6, 6, 8, 8, 8, 8, 8, 8, 8, 8, 9, 10, 9, 9, 9, 10, 9, 8, 8, 8, 8, 8, 8, 8, 7, 8, 9, 11, 9, 9, 9, 11, 11, 11, 11, 13, 12, 12]
Trade Returns: [0.004323046801756419, -0.002208228189947568, -0.0019878413774582883, -0.002245144628154253, -0.002633307735818592, -0.002241107911709414, 0.0006203254547865483, -0.0017431511077710708, -0.0027121538290448186, -0.0012441425414731293, 0.0019486476422108704, -0.002098649692605881, 0.011182896035279272, -0.002877019367393588, -0.002203204014001348, -0.001786773542462715, -4.1481427173338624e-05, -0.0022331428393344787, -0.002033518527908365, 0.0006237346268044753, 0.013425822722333364, -0.00297145907896665, 0.0008875753704428272, 0.006052812642504537, 0.000347469400904757, -0.0022401152454444967, 0.002451231229595571, -0.0021252244562884066, -0.0019507198328052645, 0.003065000957633512, -0.002364689339593413, 0.003432983786195977, -0.001775151835036303, 0.000914049543204604, -0.002068808494176514, -0.0022998060668085107, -0.0012430497846725099, -0.0017661147381639603, -0.00255052676173623, -0.0024640011658223367, -0.0024579447870016376, -0.0005148212614217802, -0.0027694507974701174, -0.0011267980653419084, 0.007521388206536692, -0.0023400351092973857, 0.0037504808606803894, 0.00020183943984578565, 0.004101290668471673, -0.0014374042489009398, -0.001937971080022395, -0.0019551891855063394, -0.0017089653740426868, -0.0020135836017528587, 0.004374730661692204, -0.0018797608250284315, -0.0007381724183166796, 0.0002811323658583098, -0.0025240308589176835, 0.004211565538842832, -0.0023640000856270217, -0.0005629689455161321, 0.002587247305243816, 0.0014113044276413693, 0.00038764932137036955, -0.0018009371175707698, -0.0021695837723786442, 0.010349462313090767, -0.0024419814360698813, 0.006344580356061451, -0.0019270735151203455, -0.002315044359507316, 0.005841002096302615, -0.0021358727657491707, -0.0022507558060550557, -0.003141473688298286, -0.002865661051067465, -0.0012473657744842697, 0.0010454084810891512, 0.002770200784762765, -0.0024790331939044657, 0.005416083885843594, -0.0015501521686116695, 0.00010358762021043464, 0.000417933150952952, -0.0022325183860510494, -0.0033397393148732824, 0.002326338192023165, 0.010134805391438708, -0.0019946145598986613, -0.002243349257208765, 0.0009599030867074649, -0.0008393463394328185, -0.0022893122151769175, 0.0031986573815123644, 0.002474399676896573, 0.0008265531263513538, 0.0018003142730081375, -0.0014071721934219503, -0.00124027267277002, -0.003745729637764485, -0.00410387863152501, -0.0028063312086635582, 0.005764592040924597, -0.002602807066175548, 0.011960439071086128, 0.000972796795096231, -0.0023773804366106445, 0.004489026175450568, 0.0016935701741727122, -0.0019481048948768835, -0.0016160995135054983, -0.0017111469129040702, 0.0020277872945039343, 0.004933887511533626, -0.0023490164637621595, -0.00225147030386568, -0.002092930963746611, 0.004784535244346854, -0.0022024213547590593, -0.0019699373822043556, 0.009166685833332324, -0.002159167792722984, -0.0016224147520690869, -0.0018597497384847106, -0.001856297489713666, -0.002627769956538104, 0.0022458398353271247, -0.0022623272086633255, 0.000614674016286266, 0.002336054079321098, -0.0018665540152722232, 0.008447593359816267, 0.0013967829713237036, 0.0013110910126285758, -0.003985854478979612, 0.004593459505335143, -0.0026412103172080877, 0.003698943883608853, -0.0016078694223151096, -0.0016045237863777533, 0.003530968404024692, -0.0015993644535285277, 0.00013879847457695785, 0.004220949237531377, 0.0025849784537534067, -0.00017507770734802804, -0.001884409107078386, 0.0004429738692986705, -0.0018395817043785363, -3.2774109215918524e-05, -0.0017953940577449196, -0.0029361733077201656, 0.00959139307632552, -0.0018728745149118717, -0.0021818772117911966, -0.0026737148841581688, 0.001591907497711346, -0.0018458762952755108, 6.271371718683091e-05, -0.0008932320512957552, -0.0006069916850080041, -0.002187033383134521, -0.001951957981091703, 0.0016954893772229392, -0.0016645475931624566, -0.0020379619745779405, 0.00028708322910788597, -0.0018741500373711019, -0.0022361887131761254, 0.0010347255534061113, -0.001823538850942937, -0.0020340013138387485, 0.004869024572141819, -0.0020943645054654113, 0.002603480198084884, 0.0038621212269367446, 0.0024414923764902513, -0.002993191365601199, 0.009024392187732344]
Daily Returns: [0.0021148186118088506, 0, 0, 0, 0, 0, 0, 0, 0, -0.0019878413774582883, 0, 0, 0, 0, 0, 0, 0, 0, 0, 0, -0.002245144628154253, 0, -0.002633307735818592, 0, 0, 0, 0, -0.002241107911709414, 0, 0, 0, 0, 0, 0, 0, 0, 0, 0, 0, 0, 0, 0, 0, 0, 0.0006203254547865483, 0, 0, 0, 0, -0.0017431511077710708, 0, 0, -0.003956296370517948, 0, 0, 0.0019486476422108704, 0, -0.002098649692605881, 0, 0, 0, 0, 0, 0.011182896035279272, 0, 0, 0, 0, 0, -0.002877019367393588, 0, 0, 0, 0, 0, 0, 0, 0, -0.002203204014001348, 0, 0, -0.0018282549696360536, 0, 0, -0.0022331428393344787, 0, 0, 0, 0, 0, 0, -0.002033518527908365, 0, 0, 0, 0, 0, 0.0006237346268044753, 0, 0, 0.010454363643366714, 0, 0, 0.0008875753704428272, 0, 0, 0, 0, 0, 0.006052812642504537, 0, 0, 0, 0, 0.000347469400904757, 0, 0, 0, 0, 0, 0, 0, -0.0022401152454444967, 0, 0, 0, 0, 0, 0, 0, 0.002451231229595571, 0, 0, 0, 0, 0, 0, 0, 0, 0, -0.0021252244562884066, 0.0011142811248282475, 0, 0, -0.002364689339593413, 0, 0.003432983786195977, -0.001775151835036303, 0, 0, 0, 0.000914049543204604, 0, -0.002068808494176514, -0.0022998060668085107, 0, 0, 0, 0, -0.0012430497846725099, 0, 0, 0, -0.00431664149990019, 0, 0, 0, 0, 0, 0, 0, 0, 0, 0, 0, 0, 0, -0.0024640011658223367, -0.0024579447870016376, 0, 0, 0, 0, 0, 0, 0, 0, -0.0005148212614217802, 0, -0.0027694507974701174, 0, 0, 0, 0, 0, -0.0011267980653419084, 0, 0, 0, 0, 0, 0.007521388206536692, 0, 0, 0, 0, 0, 0, 0, 0, 0, 0, 0, 0, 0, 0, 0, 0, 0, 0, 0, 0, 0, 0, 0, 0, 0, 0, 0, 0, 0, 0, -0.0023400351092973857, 0, 0, 0, 0, 0.003952320300526175, 0.004101290668471673, 0, 0, -0.0014374042489009398, 0, 0, 0, 0, 0, 0, 0, 0, 0, 0, 0, 0, -0.001937971080022395, 0, 0, 0, 0, 0, -0.0019551891855063394, 0, 0, 0, 0, 0, -0.0017089653740426868, -0.0020135836017528587, 0, 0, 0.004374730661692204, 0, -0.0018797608250284315, -0.0007381724183166796, 0.0002811323658583098, 0, 0, 0, 0, 0, 0, 0, 0, 0, 0, 0, -0.0025240308589176835, 0, 0, 0, 0, 0.004211565538842832, -0.0023640000856270217, 0, 0, 0, 0, -0.0005629689455161321, 0.003998551732885185, 0, 0.00038764932137036955, -0.0039705208899494145, 0, 0, 0, 0, 0, 0, 0.007907480877020886, 0.006344580356061451, 0, 0, 0, 0, 0, -0.0019270735151203455, 0, 0, 0, 0, -0.002315044359507316, 0, 0, 0, 0, 0, 0.005841002096302615, 0, 0, 0, 0, 0, -0.0021358727657491707, 0, -0.0022507558060550557, 0, 0, 0, 0, 0, -0.003141473688298286, 0, -0.002865661051067465, 0, 0, -0.0012473657744842697, 0, 0, 0, 0, 0, 0, 0, 0, 0.0010454084810891512, 0.002770200784762765, 0, 0, 0, -0.0024790331939044657, 0.005416083885843594, 0, 0, 0, 0, 0, 0, 0, 0, -0.0015501521686116695, 0, 0, 0, 0, 0.00010358762021043464, 0, 0, 0, 0, 0, 0.000417933150952952, 0, 0, 0, -0.0022325183860510494, 0, 0, 0, -0.0033397393148732824, 0, 0, 0, 0, 0, 0.002326338192023165, 0, 0, 0.010134805391438708, 0, 0, 0, 0, 0, 0, 0, 0, 0, 0, 0, 0, 0, 0, 0, 0, 0, 0, 0, -0.0019946145598986613, 0, 0, 0, 0, 0, 0, -0.002243349257208765, 0, 0.0009599030867074649, 0, 0, 0, 0, 0, 0, 0, -0.0008393463394328185, 0, 0.0009093451663354469, 0, 0, 0, 0, 0.002474399676896573, 0, 0, 0, 0, 0, 0, 0, 0, 0, 0, 0, 0.0008265531263513538, 0, 0, 0, 0, 0, 0, 0, 0, 0.0003931420795861872, -0.00124027267277002, 0, 0, 0, 0, 0, 0, -0.007849608269289494, 0, 0, 0, 0, 0, 0, -0.0028063312086635582, 0, 0, 0, 0.005764592040924597, 0, -0.002602807066175548, 0.011960439071086128, 0, 0, 0.000972796795096231, -0.0023773804366106445, 0, 0.004489026175450568, 0, 0.0016935701741727122, 0, 0, -0.0019481048948768835, 0, 0, 0, -0.0016160995135054983, 0, 0, 0, 0, 0, 0, 0, 0, 0, 0, 0, 0, 0, 0, 0, 0, -0.0017111469129040702, 0, 0, 0.0020277872945039343, 0, 0, 0.004933887511533626, -0.0023490164637621595, 0, 0, 0, 0, 0, -0.00225147030386568, 0, 0, 0, 0, -0.002092930963746611, 0, 0, 0, 0.004784535244346854, 0, 0, -0.0022024213547590593, 0, 0, 0, 0, 0, 0, -0.0019699373822043556, 0, 0, 0, 0, 0, 0.00700751804060934, 0, 0, 0, 0, 0, 0, 0, 0, 0, 0, 0, 0, -0.005338461980267464, 0, 0, 0, -0.002627769956538104, 0, 0, 0.0022458398353271247, 0, 0, 0, 0, 0, -0.0022623272086633255, 0, 0, 0.000614674016286266, 0, 0, 0, 0, 0, 0, 0, 0, 0, 0, 0.002336054079321098, 0, 0.006581039344544044, 0, 0, 0, 0, 0.0013967829713237036, 0.0013110910126285758, -0.003985854478979612, 0.004593459505335143, 0, 0, 0, 0, 0, 0, 0, 0, 0, -0.0026412103172080877, 0, 0, 0, 0, 0, 0.0020910744612937433, 0, 0, 0, 0, -0.0016045237863777533, 0, 0, 0, 0, 0, 0, 0.003530968404024692, 0, 0, 0, -0.0015993644535285277, 0, 0, 0, 0.00013879847457695785, 0, 0, 0, 0.004220949237531377, 0, 0.0025849784537534067, 0, 0, 0, 0, 0, 0, 0, -0.002059486814426414, -0.0014293819442957843, 0, 0, 0, 0, 0, 0, 0, 0, -0.0017953940577449196, 0, -0.0029361733077201656, 0, 0, 0, 0, 0, 0, 0, 0, 0, 0, 0, 0.007718518561413649, 0, 0, 0, 0, 0, 0, 0, 0, 0, 0, 0, -0.0021818772117911966, 0, 0, 0, 0, 0, 0, -0.0026737148841581688, 0, 0, 0, 0, 0.001591907497711346, 0, 0, 0, 0, 0, 0, -0.0018458762952755108, 0, 6.271371718683091e-05, -0.0008932320512957552, 0, 0, -0.0006069916850080041, 0, 0, -0.002187033383134521, 0, -0.001951957981091703, 0, 0, 0, 0.0016954893772229392, 0, 0, -0.0016645475931624566, 0, 0, -0.0020379619745779405, 0, 0, 0, 0, 0.00028708322910788597, -0.0018741500373711019, -0.0022361887131761254, 0.0010347255534061113, 0, 0, 0, 0, 0, 0, 0, -0.001823538850942937, 0, 0, 0, 0, -0.0020340013138387485, 0, 0, 0.0027746600666764074, 0, 0, 0, 0.002603480198084884, 0, 0, 0, 0, 0, 0.0038621212269367446, 0, 0, 0, 0, 0, 0, 0, 0, 0, 0, 0.0024414923764902513, -0.002993191365601199, 0.009024392187732344, 0, 0, 0, 0, 0, 0]
Start Date: 2023-05-08
End Date: 2025-11-06
Sharpe Ratio: 0.024
Annualized Sharpe: 0.382
Sharpe 95% CI: (np.float64(-0.754), np.float64(1.375))
Sortino Ratio: 0.038
CAGR: 0.009
Calmar Ratio: 0.456
Daily Win Rate (%): 0.394
Max Drawdown: 0.02
Profit Factor: 1.131
Expectancy: 0.000162
Average Win: 0.003529
Average Loss: 0.002032
Total Trades: 180
Total Days: 784



Rolling 3 - Variant 4 - atr_0.25_5 - Fit Metrics
Contracts: [10, 11, 6, 10, 10, 7, 6, 6, 6, 6, 6, 6, 7, 10, 8, 8, 8, 8, 8, 7, 7, 7, 7, 7, 7, 7, 7, 7, 8, 5, 7, 7, 7, 7, 5, 7, 6, 6, 6, 6, 6, 6, 6, 6, 6, 6, 5, 7, 7, 7, 8, 7, 6, 5, 5, 5, 6, 6, 6, 6, 5, 9, 5, 9, 5, 5, 6, 6, 6, 6, 6, 7, 8, 7, 6, 7, 7, 7, 7, 8, 8, 8, 8, 9, 9, 9, 9, 10, 11, 11, 7, 10, 7, 7, 7, 7, 7, 8, 9, 9, 10, 10, 9, 9, 9, 11, 11, 12, 11, 11, 11, 11, 10, 10, 10, 10, 10, 10, 10, 10, 9, 10, 10, 11, 11, 12, 11, 10, 10, 11, 10, 10, 10, 10, 10, 10, 10, 10, 11, 11, 10, 11, 12, 10, 10, 9, 11, 9, 12, 10, 10, 10, 10, 12, 12, 14, 13, 14, 13, 15, 14, 13, 13, 12, 12, 12, 12, 12, 12, 12, 12, 12, 12, 12, 15, 13, 15, 14, 15, 13, 13, 12, 13, 13, 13, 12, 16, 17, 15, 11, 14, 14, 12, 12, 13, 11, 11, 11, 11, 7, 9, 14, 14, 14, 12, 8, 10, 8, 8, 8, 8, 8, 8, 8, 8, 8, 8, 8, 8, 9, 9, 7, 8, 8, 8, 8, 8, 9, 9, 9, 9, 7, 7, 6, 5, 5, 5, 7, 6, 6, 8, 8, 8, 8, 8, 8, 8, 8, 8, 10, 9, 9, 9, 9, 9, 8, 8, 8, 8, 8, 8, 8, 7, 8, 9, 11, 9, 9, 9, 11, 11, 11, 11, 13, 12, 12]
Trade Returns: [-0.0028620588589212347, 0.0013944999999999663, -0.0025974086823431983, -0.0023543001309382673, 0.004221442148990723, 0.003079408576372763, 0.0003100090556062336, 0.002510916248678037, -0.001327922814374787, -0.00047307217124611934, -0.0015532407469505247, -0.0016407888046029856, -0.002181871974037282, -0.0021866429490049423, -0.0022415958589465977, 0.003635393079390315, -0.0030399599347226114, -0.0028878948433865848, -0.003160805786531552, 0.001650345110071621, -0.00025117110990235687, 0.00041130326801338933, 0.008727586991139515, 0.003960155591823625, 0.0009308388900973022, -0.002029105050371057, 0.00018760809965780384, 0.0031020870406906265, -0.0021547542446705924, -0.0008121679769198897, -0.0018405671350609045, -0.0026072210035082196, 0.0024498901340508136, 0.0028929295751458734, 0.0038173585892359, -0.0001742485950587457, 0.003915031173926328, 0.0028258769234173137, -0.0016870852262124971, -0.00028436854795093133, -2.545541262484697e-05, -0.001729315232101572, -0.002360972763012638, -0.0022367386059342544, 0.002355557947974425, 0.009608769223336512, 0.0041276558624413606, -0.0018909371304133976, -0.0003846933756092128, 0.009096338359114945, 0.010093424744090166, -0.002583180814873772, -0.00167039875516685, 0.0003009145892023871, -0.0020840932041394015, -0.00011371360412339436, -0.0012874536579415149, -0.0009549929955930087, -0.0015079938669203988, -0.0014208850218696163, -0.0017922283649379586, 0.004975638510292729, -0.002208763845592198, -0.0014600752946418172, 0.0010533893607674895, -0.0014247722547071197, -0.0017863105511390723, -0.0022978451387216207, -0.0022360623804664062, 0.0037074991909046163, -0.0018516733455819139, 0.001240067745372672, -0.0025220213894958225, -0.002138972648813216, -0.0016274023483713465, 0.005192486146612094, -0.002006461414122124, -0.001975549972454112, 0.00114986540781289, -0.0020849708494977185, -0.002467358705442908, -0.0031092113743527556, 0.005695169051383015, 0.002145219426532455, -0.0014717593328244568, -0.0019026140141520972, -0.001437017586683037, -0.001441406181044274, 0.005455153037908804, -0.001609957767229702, 0.0005509424515479378, 0.0022667622547504797, -0.001954350112021368, 0.003972801782446946, -0.0022228287419996215, 0.0033507065577053274]
Daily Returns: [-0.0028620588589212347, 0.0013944999999999663, 0, 0, 0, 0, 0, 0, 0, 0, 0, 0, -0.0025974086823431983, 0, 0, -0.0023543001309382673, 0, 0, 0, 0, 0, 0, 0, 0, 0, 0, 0, 0, 0, 0, 0, 0.004221442148990723, 0, 0, 0.003079408576372763, 0, 0, 0, 0, 0, 0.0003100090556062336, 0, 0, 0.0007099212630571307, 0, 0, -0.0015532407469505247, 0, 0, 0, 0, -0.0016407888046029856, 0, 0, 0, 0, 0, 0, 0, 0, -0.002181871974037282, 0, 0, 0, 0, 0, -0.0021866429490049423, 0.001393797220443717, 0, 0, 0, 0, 0, 0, 0, 0, 0, 0, -0.0030399599347226114, -0.006048700629918137, 0, 0.001650345110071621, 0.00016013215811103246, 0, 0, 0, 0, 0, 0, 0, 0, 0, 0, 0, 0, 0, 0, 0, 0, 0, 0, 0.008727586991139515, 0, 0, 0, 0, 0.003960155591823625, 0.0009308388900973022, -0.002029105050371057, 0, 0, 0, 0, 0, 0, 0, 0, 0, 0, 0, 0.00018760809965780384, 0.00013516481910014438, 0, 0, 0, 0, 0, 0, 0, 0, -0.0018405671350609045, 0, 0, 0, 0, 0, 0, 0, 0, 0, 0, 0, 0, 0, 0, -0.0026072210035082196, 0, 0.0024498901340508136, 0, 0, 0.006536039569323028, 0.003915031173926328, 0, 0, 0, 0.0028258769234173137, 0, -0.0019714537741634284, 0, 0, -2.545541262484697e-05, 0, 0, 0, 0, 0, 0, 0, 0, -0.001729315232101572, 0, 0, 0, 0, 0, -0.002360972763012638, 0, -0.0022367386059342544, 0.002355557947974425, 0, 0, 0.009608769223336512, 0, 0, 0, 0, 0.0041276558624413606, 0, 0, 0, 0, 0, 0, 0, 0, -0.0018909371304133976, 0, 0, 0, 0, 0, 0, 0, 0, 0, 0, 0, 0, 0, 0, -0.0003846933756092128, 0, 0, 0, 0, 0, 0.009096338359114945, 0, 0, 0, 0, 0, 0, 0.007510243929216395, 0, 0, 0, -0.00167039875516685, 0, 0.0003009145892023871, 0, 0, 0, 0, -0.0020840932041394015, 0, 0, 0, 0, 0, 0, -0.00011371360412339436, 0, 0, 0, 0, 0, 0, 0, 0, 0, -0.0012874536579415149, 0, 0, 0, 0, 0, -0.0009549929955930087, 0, 0, 0, 0, 0, -0.0015079938669203988, -0.0014208850218696163, 0, 0, 0, -0.0017922283649379586, 0, 0.004975638510292729, 0, -0.002208763845592198, 0, 0, 0, 0, -0.0014600752946418172, 0, 0, 0.0010533893607674895, 0, -0.0014247722547071197, 0, 0, 0, -0.0017863105511390723, 0, 0, 0, 0, -0.0022978451387216207, 0, 0, 0, 0, 0, 0, 0, -0.0022360623804664062, 0, 0.0037074991909046163, 0, -0.0018516733455819139, 0, 0, 0, 0.001240067745372672, 0, 0, 0, 0, 0, -0.0025220213894958225, 0, -0.002138972648813216, 0, 0, 0, 0, 0, 0, -0.0016274023483713465, 0, 0.005192486146612094, -0.002006461414122124, 0, 0, 0, 0, 0, 0, 0, 0, 0, -0.001975549972454112, 0.00114986540781289, 0, 0, -0.0020849708494977185, -0.002467358705442908, 0, 0, -0.0031092113743527556, 0, 0, 0, 0.005695169051383015, 0, 0, 0, 0, 0, 0.002145219426532455, 0, 0, -0.0014717593328244568, 0, 0, 0, 0, 0, 0, -0.0033396316008351343, 0, 0, 0, -0.001441406181044274, 0, 0.005455153037908804, 0, -0.001609957767229702, 0, 0, 0, 0.0005509424515479378, 0, 0, 0, 0.0022667622547504797, 0, -0.001954350112021368, 0, 0, 0, 0.003972801782446946, 0, 0, 0, -0.0022228287419996215, 0.0033507065577053274, 0, 0]
Start Date: 2022-02-03
End Date: 2023-05-07
Sharpe Ratio: 0.036
Annualized Sharpe: 0.569
Sharpe 95% CI: (np.float64(-1.11), np.float64(1.971))
Sortino Ratio: 0.059
CAGR: 0.013
Calmar Ratio: 0.542
Daily Win Rate (%): 0.385
Max Drawdown: 0.024
Profit Factor: 1.196
Expectancy: 0.000216
Average Win: 0.003415
Average Loss: 0.00179
Total Trades: 96
Total Days: 393

Rolling 3 - Variant 4 - atr_0.25_5 - Test Metrics
Contracts: [10, 11, 6, 10, 10, 7, 6, 6, 6, 6, 6, 6, 7, 10, 8, 8, 8, 8, 8, 7, 7, 7, 7, 7, 7, 7, 7, 7, 8, 5, 7, 7, 7, 7, 5, 7, 6, 6, 6, 6, 6, 6, 6, 6, 6, 6, 5, 7, 7, 7, 8, 7, 6, 5, 5, 5, 6, 6, 6, 6, 5, 9, 5, 9, 5, 5, 6, 6, 6, 6, 6, 7, 8, 7, 6, 7, 7, 7, 7, 8, 8, 8, 8, 9, 9, 9, 9, 10, 11, 11, 7, 10, 7, 7, 7, 7, 7, 8, 9, 9, 10, 10, 9, 9, 9, 11, 11, 12, 11, 11, 11, 11, 10, 10, 10, 10, 10, 10, 10, 10, 9, 10, 10, 11, 11, 12, 11, 10, 10, 11, 10, 10, 10, 10, 10, 10, 10, 10, 11, 11, 10, 11, 12, 10, 10, 9, 11, 9, 12, 10, 10, 10, 10, 12, 12, 14, 13, 14, 13, 15, 14, 13, 13, 12, 12, 12, 12, 12, 12, 12, 12, 12, 12, 12, 15, 13, 15, 14, 15, 13, 13, 12, 13, 13, 13, 12, 16, 17, 15, 11, 14, 14, 12, 12, 13, 11, 11, 11, 11, 7, 9, 14, 14, 14, 12, 8, 10, 8, 8, 8, 8, 8, 8, 8, 8, 8, 8, 8, 8, 9, 9, 7, 8, 8, 8, 8, 8, 9, 9, 9, 9, 7, 7, 6, 5, 5, 5, 7, 6, 6, 8, 8, 8, 8, 8, 8, 8, 8, 8, 10, 9, 9, 9, 9, 9, 8, 8, 8, 8, 8, 8, 8, 7, 8, 9, 11, 9, 9, 9, 11, 11, 11, 11, 13, 12, 12]
Trade Returns: [0.004319933418819195, -0.00220664470306205, -0.001984209364681511, -0.0022410577099574646, -0.002631418932782196, -0.0024430867442770056, 0.0006200051308764869, -0.0017422479682357005, -0.0027107524511169635, -0.0012435004887187114, 0.0019472472063279177, -0.002098649692605881, 0.00928691660320599, -0.0028809245868572425, -0.0022051200136327005, -0.0017883308305054642, -4.151764567529395e-05, -0.002231983812131012, -0.0020350663535051864, 0.0006242103545311906, 0.011166838352911003, -0.002973724022382058, 0.0008871166373237832, 0.006070972601800798, 0.0003485056056728207, -0.002236046600483627, 0.0024585729216734836, -0.002131571221714752, -0.001956557902286453, 0.003074182408391287, -0.002371755031792322, 0.0034432964439842784, -0.0017804748835014796, 0.0009167859190880897, -0.0020749961811647767, -0.002306662036807381, -0.0012467955041305051, -0.0017714432686314347, -0.002558192679864086, -0.0024714846265492447, -0.0024653914494834205, -0.0005163930742462104, -0.0027778827841026216, -0.001015003748330198, 0.00801631899395027, -0.0023471832164083466, 0.003761986977065119, 0.00020245634315035535, 0.004113823341160675, -0.0014417786552777354, -0.001944481724363595, -0.0019611757550431117, -0.0017147162335114316, -0.0020203711743613365, 0.004389507259960588, -0.001886082374975931, -0.0007406595494369223, 0.0002820786745455408, -0.0023516447669554782, 0.003899447046822967, -0.002371145148205275, -0.0005647735570005009, 0.0025955454798439422, 0.0014158192384753187, 0.00038888767144568733, -0.0018066879948090402, -0.0021765243771756622, 0.008619286486209007, -0.0024540128758459945, 0.0063759164759225, -0.001936531102555798, -0.0023224480592152906, 0.006501716266049041, -0.0021449967582369152, -0.0022603912223022942, -0.003154952708209658, -0.002879752275871883, -0.0011632614658233873, 0.0010498028877637513, 0.0027818331971468623, -0.002489414080019291, 0.005438974388250975, -0.0015568244071605063, 0.00010393689762787348, 0.00041969486275787694, -0.002241925163178897, -0.0033538430170370237, 0.0023363486647946276, 0.007878233197477788, -0.002007649972037823, -0.002258039719469879, 0.0009661824061221238, -0.0008448415103766442, -0.0023042647933403577, 0.0032196165860197182, 0.002490639832381844, 0.0007608841185813916, 0.0018121402904440274, -0.0014163989942230992, -0.0012484166517724492, -0.003770355895297589, -0.0041211064021091336, -0.0028147422364406495, 0.00580254891352961, -0.002610583624388788, 0.013971815714860983, 0.0009791365627486012, -0.0023928587939775928, 0.004518413581272888, 0.0017046229110742296, -0.001960797164670336, -0.001626649391966878, -0.0017223113642435648, 0.002028179205693593, 0.004414341698821468, -0.002102748590049505, -0.002266830487731787, -0.002107179458685237, 0.004815902487091356, -0.0022174810502355326, -0.0019834373369115345, 0.00766963058456312, -0.0021739939476685677, -0.001636057526789786, -0.0018753589190626634, -0.001871848531224497, -0.0026449519567459815, 0.0022606609650941524, -0.002281382138440041, 0.0006187142237471748, 0.002355608398740276, -0.0018821415900623847, 0.008518907698230415, 0.001408469488283166, 0.0013220451388808758, -0.004011948101704327, 0.004593459505335143, -0.00266324841516335, 0.0037299403185350466, -0.0016213212122641169, -0.0016179194207178256, 0.0035604909222305982, -0.0016126893379851564, 0.0001399591346371823, 0.004256172298059132, 0.0026064582114375674, -0.00017652872535931397, -0.001900029567079738, 0.00044665280917366353, -0.0018548527835257165, -3.3046685359829424e-05, -0.0018103265081987313, -0.0026316782299846556, 0.008032830461065451, -0.0018879436914408002, -0.0019825601569678107, -0.0026951696538371583, 0.0016069183159021618, -0.0018632539759941345, 6.330522668118248e-05, -0.0009016563931649468, -0.0006127215737246996, -0.002207691229389933, -0.001970436192914653, 0.0017115714174318886, -0.0016803091675862318, -0.0020572918840055954, 0.00028980465197565007, -0.0018919110090129026, -0.0022572271553393326, 0.001044679448434509, -0.001840852946503742, -0.002053349320481327, 0.00491543543470916, -0.002114230047793992, 0.0026282249105873913, 0.0038988319745359968, 0.002464609444508221, -0.0030214624724909786, 0.009109887141269785]
Daily Returns: [0.002113288715757145, 0, 0, 0, 0, 0, 0, 0, 0, -0.001984209364681511, 0, 0, 0, 0, 0, 0, 0, 0, 0, 0, -0.0022410577099574646, 0, -0.002631418932782196, 0, 0, 0, 0, -0.0024430867442770056, 0, 0, 0, 0, 0, 0, 0, 0, 0, 0, 0, 0, 0, 0, 0, 0, 0.0006200051308764869, 0, 0, 0, 0, -0.0017422479682357005, 0, 0, -0.003954252939835675, 0, 0, 0.0019472472063279177, 0, -0.002098649692605881, 0, 0, 0, 0, 0, 0.00928691660320599, 0, 0, 0, 0, 0, -0.0028809245868572425, 0, 0, 0, 0, 0, 0, 0, 0, -0.0022051200136327005, 0, 0, -0.001829848476180758, 0, 0, -0.002231983812131012, 0, 0, 0, 0, 0, 0, -0.0020350663535051864, 0, 0, 0, 0, 0, 0.0006242103545311906, 0, 0, 0.008193114330528944, 0, 0, 0.0008871166373237832, 0, 0, 0, 0, 0, 0.006070972601800798, 0, 0, 0, 0, 0.0003485056056728207, 0, 0, 0, 0, 0, 0, 0, -0.002236046600483627, 0, 0, 0, 0, 0, 0, 0, 0.0024585729216734836, 0, 0, 0, 0, 0, 0, 0, 0, 0, -0.002131571221714752, 0.001117624506104834, 0, 0, -0.002371755031792322, 0, 0.0034432964439842784, -0.0017804748835014796, 0, 0, 0, 0.0009167859190880897, 0, -0.0020749961811647767, -0.002306662036807381, 0, 0, 0, 0, -0.0012467955041305051, 0, 0, 0, -0.004329635948495521, 0, 0, 0, 0, 0, 0, 0, 0, 0, 0, 0, 0, 0, -0.0024714846265492447, -0.0024653914494834205, 0, 0, 0, 0, 0, 0, 0, 0, -0.0005163930742462104, 0, -0.0027778827841026216, 0, 0, 0, 0, 0, -0.001015003748330198, 0, 0, 0, 0, 0, 0.00801631899395027, 0, 0, 0, 0, 0, 0, 0, 0, 0, 0, 0, 0, 0, 0, 0, 0, 0, 0, 0, 0, 0, 0, 0, 0, 0, 0, 0, 0, 0, 0, -0.0023471832164083466, 0, 0, 0, 0, 0.003964443320215475, 0.004113823341160675, 0, 0, -0.0014417786552777354, 0, 0, 0, 0, 0, 0, 0, 0, 0, 0, 0, 0, -0.001944481724363595, 0, 0, 0, 0, 0, -0.0019611757550431117, 0, 0, 0, 0, 0, -0.0017147162335114316, -0.0020203711743613365, 0, 0, 0.004389507259960588, 0, -0.001886082374975931, -0.0007406595494369223, 0.0002820786745455408, 0, 0, 0, 0, 0, 0, 0, 0, 0, 0, 0, -0.0023516447669554782, 0, 0, 0, 0, 0.003899447046822967, -0.002371145148205275, 0, 0, 0, 0, -0.0005647735570005009, 0.004011364718319261, 0, 0.00038888767144568733, -0.0039832123719847025, 0, 0, 0, 0, 0, 0, 0.0061652736103630125, 0.0063759164759225, 0, 0, 0, 0, 0, -0.001936531102555798, 0, 0, 0, 0, -0.0023224480592152906, 0, 0, 0, 0, 0, 0.006501716266049041, 0, 0, 0, 0, 0, -0.0021449967582369152, 0, -0.0022603912223022942, 0, 0, 0, 0, 0, -0.003154952708209658, 0, -0.002879752275871883, 0, 0, -0.0011632614658233873, 0, 0, 0, 0, 0, 0, 0, 0, 0.0010498028877637513, 0.0027818331971468623, 0, 0, 0, -0.002489414080019291, 0.005438974388250975, 0, 0, 0, 0, 0, 0, 0, 0, -0.0015568244071605063, 0, 0, 0, 0, 0.00010393689762787348, 0, 0, 0, 0, 0, 0.00041969486275787694, 0, 0, 0, -0.002241925163178897, 0, 0, 0, -0.0033538430170370237, 0, 0, 0, 0, 0, 0.0023363486647946276, 0, 0, 0.007878233197477788, 0, 0, 0, 0, 0, 0, 0, 0, 0, 0, 0, 0, 0, 0, 0, 0, 0, 0, 0, -0.002007649972037823, 0, 0, 0, 0, 0, 0, -0.002258039719469879, 0, 0.0009661824061221238, 0, 0, 0, 0, 0, 0, 0, -0.0008448415103766442, 0, 0.0009153517926793605, 0, 0, 0, 0, 0.002490639832381844, 0, 0, 0, 0, 0, 0, 0, 0, 0, 0, 0, 0.0007608841185813916, 0, 0, 0, 0, 0, 0, 0, 0, 0.00039574129622092823, -0.0012484166517724492, 0, 0, 0, 0, 0, 0, -0.007891462297406723, 0, 0, 0, 0, 0, 0, -0.0028147422364406495, 0, 0, 0, 0.00580254891352961, 0, -0.002610583624388788, 0.013971815714860983, 0, 0, 0.0009791365627486012, -0.0023928587939775928, 0, 0.004518413581272888, 0, 0.0017046229110742296, 0, 0, -0.001960797164670336, 0, 0, 0, -0.001626649391966878, 0, 0, 0, 0, 0, 0, 0, 0, 0, 0, 0, 0, 0, 0, 0, 0, -0.0017223113642435648, 0, 0, 0.002028179205693593, 0, 0, 0.004414341698821468, -0.002102748590049505, 0, 0, 0, 0, 0, -0.002266830487731787, 0, 0, 0, 0, -0.002107179458685237, 0, 0, 0, 0.004815902487091356, 0, 0, -0.0022174810502355326, 0, 0, 0, 0, 0, 0, -0.0019834373369115345, 0, 0, 0, 0, 0, 0.005495636636894553, 0, 0, 0, 0, 0, 0, 0, 0, 0, 0, 0, 0, -0.005383264977076947, 0, 0, 0, -0.0026449519567459815, 0, 0, 0.0022606609650941524, 0, 0, 0, 0, 0, -0.002281382138440041, 0, 0, 0.0006187142237471748, 0, 0, 0, 0, 0, 0, 0, 0, 0, 0, 0.002355608398740276, 0, 0.006636766108168031, 0, 0, 0, 0, 0.001408469488283166, 0.0013220451388808758, -0.004011948101704327, 0.004593459505335143, 0, 0, 0, 0, 0, 0, 0, 0, 0, -0.00266324841516335, 0, 0, 0, 0, 0, 0.0021086191062709295, 0, 0, 0, 0, -0.0016179194207178256, 0, 0, 0, 0, 0, 0, 0.0035604909222305982, 0, 0, 0, -0.0016126893379851564, 0, 0, 0, 0.0001399591346371823, 0, 0, 0, 0.004256172298059132, 0, 0.0026064582114375674, 0, 0, 0, 0, 0, 0, 0, -0.0020765582924390518, -0.0014412466597118823, 0, 0, 0, 0, 0, 0, 0, 0, -0.0018103265081987313, 0, -0.0026316782299846556, 0, 0, 0, 0, 0, 0, 0, 0, 0, 0, 0, 0.006144886769624651, 0, 0, 0, 0, 0, 0, 0, 0, 0, 0, 0, -0.0019825601569678107, 0, 0, 0, 0, 0, 0, -0.0026951696538371583, 0, 0, 0, 0, 0.0016069183159021618, 0, 0, 0, 0, 0, 0, -0.0018632539759941345, 0, 6.330522668118248e-05, -0.0009016563931649468, 0, 0, -0.0006127215737246996, 0, 0, -0.002207691229389933, 0, -0.001970436192914653, 0, 0, 0, 0.0017115714174318886, 0, 0, -0.0016803091675862318, 0, 0, -0.0020572918840055954, 0, 0, 0, 0, 0.00028980465197565007, -0.0018919110090129026, -0.0022572271553393326, 0.001044679448434509, 0, 0, 0, 0, 0, 0, 0, -0.001840852946503742, 0, 0, 0, 0, -0.002053349320481327, 0, 0, 0.0028012053869151685, 0, 0, 0, 0.0026282249105873913, 0, 0, 0, 0, 0, 0.0038988319745359968, 0, 0, 0, 0, 0, 0, 0, 0, 0, 0, 0.002464609444508221, -0.0030214624724909786, 0.009109887141269785, 0, 0, 0, 0, 0, 0]
Start Date: 2023-05-08
End Date: 2025-11-06
Sharpe Ratio: 0.018
Annualized Sharpe: 0.284
Sharpe 95% CI: (np.float64(-0.857), np.float64(1.298))
Sortino Ratio: 0.027
CAGR: 0.006
Calmar Ratio: 0.309
Daily Win Rate (%): 0.394
Max Drawdown: 0.021
Profit Factor: 1.094
Expectancy: 0.000116
Average Win: 0.003415
Average Loss: 0.002032
Total Trades: 180
Total Days: 784



Rolling 4 - Variant 0 - atr_0.25_4 - Fit Metrics
Contracts: [10, 11, 6, 10, 10, 7, 6, 6, 6, 6, 6, 6, 7, 10, 8, 8, 8, 8, 8, 7, 7, 7, 7, 7, 7, 7, 7, 7, 8, 5, 7, 7, 7, 7, 5, 7, 6, 6, 6, 6, 6, 6, 6, 6, 6, 6, 5, 7, 7, 7, 8, 7, 6, 5, 6, 6, 6, 6, 6, 6, 5, 9, 5, 10, 5, 5, 6, 6, 6, 6, 6, 7, 8, 7, 7, 7, 7, 7, 7, 8, 8, 8, 8, 9, 9, 9, 9, 10, 11, 11, 8, 10, 7, 7, 7, 7, 7, 9, 9, 9, 10, 10, 9, 10, 10, 11, 11, 12, 11, 11, 11, 11, 11, 10, 10, 10, 10, 10, 10, 10, 10, 10, 10, 11, 11, 12, 11, 10, 10, 11, 10, 10, 10, 10, 10, 10, 10, 10, 11, 11, 10, 11, 13, 10, 10, 9, 11, 9, 12, 10, 10, 10, 10, 13, 12, 14, 14, 14, 14, 15, 14, 13, 14, 12, 12, 12, 12, 12, 12, 12, 12, 12, 12, 12, 15, 13, 15, 14, 15, 13, 14, 12, 13, 13, 13, 12, 16, 17, 15, 12, 14, 15, 12, 12, 13, 11, 11, 11, 11, 7, 9, 14, 14, 14, 12, 8, 10, 8, 8, 8, 8, 8, 8, 8, 8, 8, 8, 9, 8, 9, 9, 7, 8, 8, 8, 8, 8, 9, 9, 9, 9, 7, 7, 6, 5, 5, 5, 7, 6, 6, 8, 8, 8, 8, 8, 8, 8, 8, 9, 10, 9, 9, 9, 10, 9, 8, 8, 8, 8, 8, 8, 8, 7, 8, 9, 11, 9, 9, 9, 11, 11, 11, 11, 13, 12, 12]
Trade Returns: [-0.0028620588589212347, 0.0013944999999999663, -0.0025974086823431983, -0.0023543001309382673, 0.004221442148990723, 0.003079408576372763, 0.0003100090556062336, 0.002510916248678037, -0.001327922814374787, -0.00047307217124611934, -0.0015532407469505247, -0.0016407888046029856, -0.002181871974037282, -0.0021866429490049423, -0.0022415958589465977, 0.003635393079390315, -0.0030399599347226114, -0.0028878948433865848, -0.003160805786531552, 0.001650345110071621, -0.00025117110990235687, 0.00041130326801338933, 0.006958290244638641, 0.003967113864546667, 0.0009324679769154015, 0.00745918882720302, 0.0001857721845125609, 0.0030717359482652206, -0.0021337365005965597, -0.0008042290486823401, -0.0018405671350609045, -0.0025816257752014748, 0.0024257771806986614, 0.008348145696345734, 0.0037594279657072417, -0.00017161417579948407, 0.003855830674630639, 0.0027833100215598713, -0.0016617427688535497, -0.0002800898113858525, -2.507229177462484e-05, -0.001712367522285013, -0.002325433684975115, -0.0022029911131688233, 0.0023199392636062024, 0.009609922720561955, 0.004065380883973386, -0.0018625235998450261, -0.00045490324605690016, 0.008581367597603754, 0.007938316966229922, -0.0025511499249212424, -0.0016452522343035582, 0.0002971660540457418, -0.002058184797651313, -0.0001120020960184649, -0.001271420432050394, -0.0009431087110769285, -0.001491768784314391, -0.0014055743366318712, -0.001774695262353661, 0.0071068348888666975, -0.0021849299057145094, -0.0014442856720954702, 0.0010419812659503945, -0.0014093581837943986, -0.0017669578595770634, -0.0022729064722641014, -0.0025802454075006627, 0.0036681972988686774, -0.001832080370946073, 0.0012269702684550921, -0.002495416683986991, -0.0021156590827564633, -0.0016102284494883313, 0.0051376017130188864, -0.001984635546494592, -0.0019465019910450726, 0.0011329251066855305, -0.0020542889417528095, -0.0024309749311947405, -0.00306325108560272, 0.009969669270301584, 0.002122532978128143, -0.0016569604615644174, -0.0018745712317412438, -0.0014157974892300522, -0.001420057237792359, 0.004276698865894219, -0.0015861501964999454, 0.0006113335945009405, 0.0022355664401822206, -0.0019275056433153898, 0.003918248932440427, -0.002192424918529852, 0.003304774934075644, 0.004734345167095057, -0.00241733094154137, -0.0019550211171945686, -0.002207755297533168, -0.0025950134617720184, -0.0024091988946443655, 0.0006113918576298413, -0.0018897608220857206, -0.0026730707733065794, -0.0012262360104420787, 0.0019202554648715905, -0.002098649692605881, 0.0072945105729274266, -0.0028467218643855323, -0.0021825722132286433, -0.0017700047863104366, -4.109143632966873e-05, -0.002201199524145397, -0.0020143780960419698, 0.0006178518933757789]
Daily Returns: [-0.0028620588589212347, 0.0013944999999999663, 0, 0, 0, 0, 0, 0, 0, 0, 0, 0, -0.0025974086823431983, 0, 0, -0.0023543001309382673, 0, 0, 0, 0, 0, 0, 0, 0, 0, 0, 0, 0, 0, 0, 0, 0.004221442148990723, 0, 0, 0.003079408576372763, 0, 0, 0, 0, 0, 0.0003100090556062336, 0, 0, 0.0007099212630571307, 0, 0, -0.0015532407469505247, 0, 0, 0, 0, -0.0016407888046029856, 0, 0, 0, 0, 0, 0, 0, 0, -0.002181871974037282, 0, 0, 0, 0, 0, -0.0021866429490049423, 0.001393797220443717, 0, 0, 0, 0, 0, 0, 0, 0, 0, 0, -0.0030399599347226114, -0.006048700629918137, 0, 0.001650345110071621, 0.00016013215811103246, 0, 0, 0, 0, 0, 0, 0, 0, 0, 0, 0, 0, 0, 0, 0, 0, 0, 0, 0.006958290244638641, 0, 0, 0, 0, 0.003967113864546667, 0.0009324679769154015, 0.00745918882720302, 0, 0, 0, 0, 0, 0, 0, 0, 0, 0, 0, 0.0001857721845125609, 0.00013377039898632083, 0, 0, 0, 0, 0, 0, 0, 0, -0.0018405671350609045, 0, 0, 0, 0, 0, 0, 0, 0, 0, 0, 0, 0, 0, 0, -0.0025816257752014748, 0, 0.0024257771806986614, 0, 0, 0.01193595948625349, 0.003855830674630639, 0, 0, 0, 0.0027833100215598713, 0, -0.0019418325802394022, 0, 0, -2.507229177462484e-05, 0, 0, 0, 0, 0, 0, 0, 0, -0.001712367522285013, 0, 0, 0, 0, 0, -0.002325433684975115, 0, -0.0022029911131688233, 0.0023199392636062024, 0, 0, 0.009609922720561955, 0, 0, 0, 0, 0.004065380883973386, 0, 0, 0, 0, 0, 0, 0, 0, -0.0018625235998450261, 0, 0, 0, 0, 0, 0, 0, 0, 0, 0, 0, 0, 0, 0, -0.00045490324605690016, 0, 0, 0, 0, 0, 0.008581367597603754, 0, 0, 0, 0, 0, 0, 0.005387167041308679, 0, 0, 0, -0.0016452522343035582, 0, 0.0002971660540457418, 0, 0, 0, 0, -0.002058184797651313, 0, 0, 0, 0, 0, 0, -0.0001120020960184649, 0, 0, 0, 0, 0, 0, 0, 0, 0, -0.001271420432050394, 0, 0, 0, 0, 0, -0.0009431087110769285, 0, 0, 0, 0, 0, -0.001491768784314391, -0.0014055743366318712, 0, 0, 0, -0.001774695262353661, 0, 0.0071068348888666975, 0, -0.0021849299057145094, 0, 0, 0, 0, -0.0014442856720954702, 0, 0, 0.0010419812659503945, 0, -0.0014093581837943986, 0, 0, 0, -0.0017669578595770634, 0, 0, 0, 0, -0.0022729064722641014, 0, 0, 0, 0, 0, 0, 0, -0.0025802454075006627, 0, 0.0036681972988686774, 0, -0.001832080370946073, 0, 0, 0, 0.0012269702684550921, 0, 0, 0, 0, 0, -0.002495416683986991, 0, -0.0021156590827564633, 0, 0, 0, 0, 0, 0, -0.0016102284494883313, 0, 0.0051376017130188864, -0.001984635546494592, 0, 0, 0, 0, 0, 0, 0, 0, 0, -0.0019465019910450726, 0.0011329251066855305, 0, 0, -0.0020542889417528095, -0.0024309749311947405, 0, 0, -0.00306325108560272, 0, 0, 0, 0.009969669270301584, 0, 0, 0, 0, 0, 0.002122532978128143, 0, 0, -0.0016569604615644174, 0, 0, 0, 0, 0, 0, -0.003290368720971296, 0, 0, 0, -0.001420057237792359, 0, 0.004276698865894219, 0, -0.0015861501964999454, 0, 0, 0, 0.0006113335945009405, 0, 0, 0, 0.0022355664401822206, 0, -0.0019275056433153898, 0, 0, 0, 0.003918248932440427, 0, 0, 0, -0.002192424918529852, 0.003304774934075644, 0, 0, 0.0023170142255536865, 0, 0, 0, 0, 0, 0, 0, 0, -0.0019550211171945686, 0, 0, 0, 0, 0, 0, 0, 0, 0, 0, -0.002207755297533168, 0, -0.0025950134617720184, 0, 0, 0, 0, -0.0024091988946443655, 0, 0, 0, 0, 0, 0, 0, 0, 0, 0, 0, 0, 0, 0, 0, 0, 0.0006113918576298413, 0, 0, 0, 0, -0.0018897608220857206, 0, 0, -0.003899306783748658, 0, 0, 0.0019202554648715905, 0, -0.002098649692605881, 0, 0, 0, 0, 0, 0.0072945105729274266, 0, 0, 0, 0, 0, -0.0028467218643855323, 0, 0, 0, 0, 0, 0, 0, 0, -0.0021825722132286433, 0, 0, -0.0018110962226401055, 0, 0, -0.002201199524145397, 0, 0, 0, 0, 0, 0, -0.0020143780960419698, 0, 0, 0, 0, 0, 0.0006178518933757789]
Start Date: 2022-02-03
End Date: 2023-08-29
Sharpe Ratio: 0.028
Annualized Sharpe: 0.441
Sharpe 95% CI: (np.float64(-1.043), np.float64(1.675))
Sortino Ratio: 0.05
CAGR: 0.01
Calmar Ratio: 0.439
Daily Win Rate (%): 0.371
Max Drawdown: 0.024
Profit Factor: 1.156
Expectancy: 0.00018
Average Win: 0.003598
Average Loss: 0.001834
Total Trades: 116
Total Days: 491

Rolling 4 - Variant 0 - atr_0.25_4 - Test Metrics
Contracts: [10, 11, 6, 10, 10, 7, 6, 6, 6, 6, 6, 6, 7, 10, 8, 8, 8, 8, 8, 7, 7, 7, 7, 7, 7, 7, 7, 7, 8, 5, 7, 7, 7, 7, 5, 7, 6, 6, 6, 6, 6, 6, 6, 6, 6, 6, 5, 7, 7, 7, 8, 7, 6, 5, 6, 6, 6, 6, 6, 6, 5, 9, 5, 10, 5, 5, 6, 6, 6, 6, 6, 7, 8, 7, 7, 7, 7, 7, 7, 8, 8, 8, 8, 9, 9, 9, 9, 10, 11, 11, 8, 10, 7, 7, 7, 7, 7, 9, 9, 9, 10, 10, 9, 10, 10, 11, 11, 12, 11, 11, 11, 11, 11, 10, 10, 10, 10, 10, 10, 10, 10, 10, 10, 11, 11, 12, 11, 10, 10, 11, 10, 10, 10, 10, 10, 10, 10, 10, 11, 11, 10, 11, 13, 10, 10, 9, 11, 9, 12, 10, 10, 10, 10, 13, 12, 14, 14, 14, 14, 15, 14, 13, 14, 12, 12, 12, 12, 12, 12, 12, 12, 12, 12, 12, 15, 13, 15, 14, 15, 13, 14, 12, 13, 13, 13, 12, 16, 17, 15, 12, 14, 15, 12, 12, 13, 11, 11, 11, 11, 7, 9, 14, 14, 14, 12, 8, 10, 8, 8, 8, 8, 8, 8, 8, 8, 8, 8, 9, 8, 9, 9, 7, 8, 8, 8, 8, 8, 9, 9, 9, 9, 7, 7, 6, 5, 5, 5, 7, 6, 6, 8, 8, 8, 8, 8, 8, 8, 8, 9, 10, 9, 9, 9, 10, 9, 8, 8, 8, 8, 8, 8, 8, 7, 8, 9, 11, 9, 9, 9, 11, 11, 11, 11, 13, 12, 12]
Trade Returns: [0.008806743944919126, -0.0029434511612778528, 0.0008747818003901041, 0.006023044904755484, 0.00034577077698229374, -0.0022028918513783947, 0.0024391965922373523, -0.0021148204827451077, -0.0019411499028071087, 0.003049950572635976, -0.0023531069098384387, 0.003416079482308644, -0.0017664262768832015, 0.0009095640085238155, -0.002058665412222822, -0.0022885672201551025, -0.0012369100265618783, -0.0017573806178675544, -0.0025379609948085725, -0.0024522185031795175, -0.0024462198376308344, -0.000512346553515947, -0.002756174943061815, -0.0011162039509129888, 0.006304517686916329, -0.0023287809667641474, 0.0037323659830292627, 0.00020086817749290377, 0.004081558998367565, -0.001430516881838436, -0.0019287107422423975, -0.0019457639680208782, -0.0018316154960635756, -0.0020041922980302694, 0.004689231132937171, -0.0018703903845636418, -0.0007344857990716048, 0.00027978641618600343, -0.0025114172467859703, 0.004191356782908426, -0.0025483126603759528, -0.0005601419648044374, 0.002574248013691238, 0.0014042317168479312, 0.0003857093523189989, -0.001791927904806007, -0.0021587109162654584, 0.006799697208270748, -0.0024382836590699252, 0.006334949575507804, -0.0019241667207405963, -0.0023034460098947562, 0.005125811847274838, -0.002134153006974257, -0.002248939670016834, -0.0031389331179451216, -0.0028613301595034443, -0.0012463522594715758, 0.0010445625790383513, 0.002767961589865637, -0.002477034885385002, 0.005411677694365655, -0.0015488945831826056, 0.00010306989724720622, 0.0004175940346809762, -0.0022307076484032622, -0.0033370244831068393, 0.0023244423752907424, 0.006669530304660123, -0.001999848321241165, -0.0022492474805731123, 0.0009624242448778477, -0.0008415526535510873, -0.0022953157387359357, 0.0032070724858051375, 0.0024809200449238808, 0.0008258789821536879, 0.00180506236360774, -0.0014108767368922169, -0.0012435424472070392, -0.0037556169317231633, -0.004100562346853408, -0.00279254377111113, 0.005779831405898298, -0.0025900593418119, 0.012232663700175818, 0.0009753422605256573, -0.002383595139592, 0.00450082523811526, 0.0016980079085853288, -0.0019532009443799527, -0.0016203353432327956, -0.0017156295059431211, 0.002002889245034435, 0.004397186440184911, -0.002356439116477008, -0.002258616528869659, -0.002099560033369586, 0.004797129141951012, -0.0022094277218258377, -0.0019762180453688416, 0.006087164511799805, -0.002166065401913512, -0.0016326290076418741, -0.0018714362750988098, -0.001867940543406152, -0.0026346685731656726, 0.0022517903415543356, -0.002276593460086145, 0.0006162961367347976, 0.002346364663669157, -0.0018747730937969285, 0.010361971812552504, 0.0014029450390457207, 0.001316866937176036, -0.003996331085216217, 0.004593459505335143, -0.002652830691694905, 0.0037152875864947888, -0.0016149622850597331, -0.0016115870975054614, 0.0035465350817849707, -0.0016063905163335775, 0.0001394104688217925, 0.004239521846916671, 0.0025963046064950914, -0.00017584282855215075, -0.001892645763600399, 0.000444913757108846, -0.0018476340870723354, -3.291783655366998e-05, -0.0018032678248416797, -0.0029490732665242944, 0.006373885037380216, -0.0018811494737250073, -0.0021985248789744656, -0.0026854964872927126, 0.0016041079648641261, -0.0018600005365386166, 6.319448304454256e-05, -0.0009000791711333436, -0.0006116488052167019, -0.0022038235818191694, -0.001966976567318429, 0.0017085603752526992, -0.0016773581647589505, -0.0020536727436954515, 0.00028929512197880034, -0.0018885856427419685, -0.002253288369742814, 0.0010426287143286716, -0.0018376112014425094, -0.002049726712010725, 0.004906745597234608, -0.002110510619955168, 0.0026235918833772656, 0.003891958505710052, 0.00246028129174202, -0.0030161694406933112, 0.01025499855464937]
Daily Returns: [0, 0, 0.005863292783641273, 0, 0, 0.0008747818003901041, 0, 0, 0, 0, 0, 0.006023044904755484, 0, 0, 0, 0, 0.00034577077698229374, 0, 0, 0, 0, 0, 0, 0, -0.0022028918513783947, 0, 0, 0, 0, 0, 0, 0, 0.0024391965922373523, 0, 0, 0, 0, 0, 0, 0, 0, 0, -0.0021148204827451077, 0.0011088006698288673, 0, 0, -0.0023531069098384387, 0, 0.003416079482308644, -0.0017664262768832015, 0, 0, 0, 0.0009095640085238155, 0, -0.002058665412222822, -0.0022885672201551025, 0, 0, 0, 0, -0.0012369100265618783, 0, 0, 0, -0.004295341612676127, 0, 0, 0, 0, 0, 0, 0, 0, 0, 0, 0, 0, 0, -0.0024522185031795175, -0.0024462198376308344, 0, 0, 0, 0, 0, 0, 0, 0, -0.000512346553515947, 0, -0.002756174943061815, 0, 0, 0, 0, 0, -0.0011162039509129888, 0, 0, 0, 0, 0, 0.006304517686916329, 0, 0, 0, 0, 0, 0, 0, 0, 0, 0, 0, 0, 0, 0, 0, 0, 0, 0, 0, 0, 0, 0, 0, 0, 0, 0, 0, 0, 0, 0, -0.0023287809667641474, 0, 0, 0, 0, 0.003933234160522167, 0.004081558998367565, 0, 0, -0.001430516881838436, 0, 0, 0, 0, 0, 0, 0, 0, 0, 0, 0, 0, -0.0019287107422423975, 0, 0, 0, 0, 0, -0.0019457639680208782, 0, 0, 0, 0, 0, -0.0018316154960635756, -0.0020041922980302694, 0, 0, 0.004689231132937171, 0, -0.0018703903845636418, -0.0007344857990716048, 0.00027978641618600343, 0, 0, 0, 0, 0, 0, 0, 0, 0, 0, 0, -0.0025114172467859703, 0, 0, 0, 0, 0.004191356782908426, -0.0025483126603759528, 0, 0, 0, 0, -0.0005601419648044374, 0.003978479730539169, 0, 0.0003857093523189989, -0.003950638821071465, 0, 0, 0, 0, 0, 0, 0.0043614135492008235, 0.006334949575507804, 0, 0, 0, 0, 0, -0.0019241667207405963, 0, 0, 0, 0, -0.0023034460098947562, 0, 0, 0, 0, 0, 0.005125811847274838, 0, 0, 0, 0, 0, -0.002134153006974257, 0, -0.002248939670016834, 0, 0, 0, 0, 0, -0.0031389331179451216, 0, -0.0028613301595034443, 0, 0, -0.0012463522594715758, 0, 0, 0, 0, 0, 0, 0, 0, 0.0010445625790383513, 0.002767961589865637, 0, 0, 0, -0.002477034885385002, 0.005411677694365655, 0, 0, 0, 0, 0, 0, 0, 0, -0.0015488945831826056, 0, 0, 0, 0, 0.00010306989724720622, 0, 0, 0, 0, 0, 0.0004175940346809762, 0, 0, 0, -0.0022307076484032622, 0, 0, 0, -0.0033370244831068393, 0, 0, 0, 0, 0, 0.0023244423752907424, 0, 0, 0.006669530304660123, 0, 0, 0, 0, 0, 0, 0, 0, 0, 0, 0, 0, 0, 0, 0, 0, 0, 0, 0, -0.001999848321241165, 0, 0, 0, 0, 0, 0, -0.0022492474805731123, 0, 0.0009624242448778477, 0, 0, 0, 0, 0, 0, 0, -0.0008415526535510873, 0, 0.0009117567470692018, 0, 0, 0, 0, 0.0024809200449238808, 0, 0, 0, 0, 0, 0, 0, 0, 0, 0, 0, 0.0008258789821536879, 0, 0, 0, 0, 0, 0, 0, 0, 0.00039418562671552303, -0.0012435424472070392, 0, 0, 0, 0, 0, 0, -0.007856179278576571, 0, 0, 0, 0, 0, 0, -0.00279254377111113, 0, 0, 0, 0.005779831405898298, 0, -0.0025900593418119, 0.012232663700175818, 0, 0, 0.0009753422605256573, -0.002383595139592, 0, 0.00450082523811526, 0, 0.0016980079085853288, 0, 0, -0.0019532009443799527, 0, 0, 0, -0.0016203353432327956, 0, 0, 0, 0, 0, 0, 0, 0, 0, 0, 0, 0, 0, 0, 0, 0, -0.0017156295059431211, 0, 0, 0.002002889245034435, 0, 0, 0.004397186440184911, -0.002356439116477008, 0, 0, 0, 0, 0, -0.002258616528869659, 0, 0, 0, 0, -0.002099560033369586, 0, 0, 0, 0.004797129141951012, 0, 0, -0.0022094277218258377, 0, 0, 0, 0, 0, 0, -0.0019762180453688416, 0, 0, 0, 0, 0, 0.003921099109886293, 0, 0, 0, 0, 0, 0, 0, 0, 0, 0, 0, 0, -0.005372005826146836, 0, 0, 0, -0.0026346685731656726, 0, 0, 0.0022517903415543356, 0, 0, 0, 0, 0, -0.002276593460086145, 0, 0, 0.0006162961367347976, 0, 0, 0, 0, 0, 0, 0, 0, 0, 0, 0.002346364663669157, 0, 0.008487198718755576, 0, 0, 0, 0, 0.0014029450390457207, 0.001316866937176036, -0.003996331085216217, 0.004593459505335143, 0, 0, 0, 0, 0, 0, 0, 0, 0, -0.002652830691694905, 0, 0, 0, 0, 0, 0.002100325301435056, 0, 0, 0, 0, -0.0016115870975054614, 0, 0, 0, 0, 0, 0, 0.0035465350817849707, 0, 0, 0, -0.0016063905163335775, 0, 0, 0, 0.0001394104688217925, 0, 0, 0, 0.004239521846916671, 0, 0.0025963046064950914, 0, 0, 0, 0, 0, 0, 0, -0.0020684885921525495, -0.0014356381665171594, 0, 0, 0, 0, 0, 0, 0, 0, -0.0018032678248416797, 0, -0.0029490732665242944, 0, 0, 0, 0, 0, 0, 0, 0, 0, 0, 0, 0.004492735563655209, 0, 0, 0, 0, 0, 0, 0, 0, 0, 0, 0, -0.0021985248789744656, 0, 0, 0, 0, 0, 0, -0.0026854964872927126, 0, 0, 0, 0, 0.0016041079648641261, 0, 0, 0, 0, 0, 0, -0.0018600005365386166, 0, 6.319448304454256e-05, -0.0009000791711333436, 0, 0, -0.0006116488052167019, 0, 0, -0.0022038235818191694, 0, -0.001966976567318429, 0, 0, 0, 0.0017085603752526992, 0, 0, -0.0016773581647589505, 0, 0, -0.0020536727436954515, 0, 0, 0, 0, 0.00028929512197880034, -0.0018885856427419685, -0.002253288369742814, 0.0010426287143286716, 0, 0, 0, 0, 0, 0, 0, -0.0018376112014425094, 0, 0, 0, 0, -0.002049726712010725, 0, 0, 0.00279623497727944, 0, 0, 0, 0.0026235918833772656, 0, 0, 0, 0, 0, 0.003891958505710052, 0, 0, 0, 0, 0, 0, 0, 0, 0, 0, 0.00246028129174202, -0.0030161694406933112, 0.01025499855464937, 0, 0, 0, 0, 0, 0]
Start Date: 2023-08-30
End Date: 2025-11-06
Sharpe Ratio: 0.024
Annualized Sharpe: 0.377
Sharpe 95% CI: (np.float64(-0.925), np.float64(1.478))
Sortino Ratio: 0.033
CAGR: 0.008
Calmar Ratio: 0.368
Daily Win Rate (%): 0.412
Max Drawdown: 0.023
Profit Factor: 1.124
Expectancy: 0.000148
Average Win: 0.003261
Average Loss: 0.002038
Total Trades: 160
Total Days: 686



Rolling 4 - Variant 1 - atr_0.25_2 - Fit Metrics
Contracts: [10, 11, 6, 10, 10, 7, 6, 6, 6, 6, 6, 6, 7, 10, 8, 8, 8, 8, 8, 7, 7, 7, 7, 7, 7, 7, 7, 7, 8, 5, 7, 7, 7, 7, 5, 7, 6, 6, 6, 6, 6, 6, 6, 6, 6, 6, 5, 7, 7, 7, 8, 7, 6, 5, 6, 5, 6, 6, 6, 6, 5, 9, 5, 10, 5, 5, 6, 6, 6, 6, 6, 7, 8, 7, 6, 7, 7, 7, 7, 8, 8, 8, 8, 9, 9, 9, 9, 10, 11, 11, 8, 10, 7, 7, 7, 7, 7, 8, 9, 9, 10, 10, 9, 9, 10, 11, 11, 12, 11, 11, 11, 11, 11, 10, 10, 10, 10, 10, 10, 10, 10, 10, 10, 11, 11, 11, 11, 9, 10, 10, 10, 10, 10, 10, 10, 10, 10, 10, 10, 10, 10, 11, 12, 10, 10, 9, 11, 9, 12, 10, 10, 10, 10, 12, 12, 14, 13, 13, 13, 15, 14, 13, 14, 12, 12, 12, 12, 12, 12, 12, 12, 12, 12, 12, 15, 13, 14, 14, 15, 13, 13, 12, 13, 13, 13, 12, 16, 17, 15, 12, 14, 15, 12, 12, 13, 11, 11, 11, 11, 7, 9, 14, 14, 14, 12, 8, 10, 8, 8, 8, 8, 8, 8, 8, 8, 8, 8, 9, 8, 9, 9, 7, 8, 8, 8, 8, 8, 9, 9, 9, 9, 7, 7, 6, 5, 5, 5, 7, 6, 6, 8, 8, 8, 8, 8, 8, 8, 9, 9, 10, 9, 9, 9, 10, 9, 8, 8, 8, 8, 8, 8, 8, 7, 8, 9, 11, 9, 9, 9, 11, 11, 11, 11, 13, 12, 12]
Trade Returns: [-0.0028519130669272417, 0.004957, -0.002588216794124713, -0.0023459469521189286, 0.00420642903359948, 0.0037768024285579228, 0.0003086965370428791, 0.002425994393230988, -0.0013224117517672176, -0.00047106989299046284, -0.001546786048114515, -0.0016339597250258394, -0.0021727569559380623, -0.002177488108372, 0.004061579645388013, 0.004144646944603902, -0.003006675296754859, -0.0028561798151466233, -0.003125994206393061, 0.0016321120138351602, -0.00024840068042928813, 0.00040676544590433143, 0.0033819145261697685, 0.0031089380399181507, 0.0009262443191911875, 0.0036380300984067493, 0.00018590147458356655, 0.0037635465359440417, -0.002133749590446895, -0.0008042339929425151, -0.0018202688031566697, -0.0025816417148964805, 0.004580005012630371, 0.004115456995707519, 0.0037672028305422785, -0.00017196775868638122, 0.004817686492001315, 0.003261044033587818, -0.001662780972789467, -0.0002802650940324995, -2.5087986632195244e-05, -0.0017123780768268846, -0.002326889569318319, -0.0022043735566804794, 0.004073816392404485, 0.004734199683961813, 0.004080538152835539, -0.001869439567421927, -0.00038213674095864474, 0.004257891234650052, 0.0039522162858846915, -0.002581703030876911, -0.0016513728667552747, 0.000300741636401179, -0.0020828978517353778, -0.00011207220931574927, 0.002330360419754242, -0.0009510073475102415, -0.001513463446919689, -0.0014260464647611983, -0.0017747061816528308, 0.003501628217565922, -0.002216798759750302, -0.0014653984730390406, 0.0010572354696729471, -0.0014299688535239373, -0.00179283512536664, -0.002306253188737704, -0.002244297502284026, 0.0034654915259652985, -0.001858508152796431, 0.002858908464690238, -0.002527871223820836, -0.0021468332902049862, -0.0016311785584658008, 0.0033615818989833767, -0.002013820232632757, -0.001985139303160986, 0.0011554579629878524, -0.0020950997367406377, -0.0024793704167536145, 0.005761326066344613, 0.004993770354621885, 0.002150207878013915, -0.0016649994912075327, -0.001883699137666409, -0.001422704485112399, -0.0014270059607283613, 0.0020918154158573927, -0.0015938992860779267, 0.0005472610893544942, 0.002251594734264223, -0.0019412984123651639, 0.004913029611686007, -0.002205922743833107, 0.0033251660052105647, 0.003854683811279336, -0.002434328181900505, -0.001964522058611414, 0.003929918177864142, -0.002609146082345951, -0.002422353879670676, 0.0006130356838571614, -0.0018948585521188167, -0.0026802621967715635, -0.001229530925052332, 0.003517134274460067, -0.0020899006679294743, 0.003576100592709489, -0.002865008774539957, -0.0022036688828451093, -0.0017871513784639052, -4.1490214653498336e-05, -0.0022071486493439015, -0.0020339498151018378, 0.0006238671837585538]
Daily Returns: [-0.0028519130669272417, 0.004957, 0, 0, 0, 0, 0, 0, 0, 0, 0, 0, -0.002588216794124713, 0, 0, -0.0023459469521189286, 0, 0, 0, 0, 0, 0, 0, 0, 0, 0, 0, 0, 0, 0, 0, 0.00420642903359948, 0, 0, 0.0037768024285579228, 0, 0, 0, 0, 0, 0.0003086965370428791, 0, 0, 0.0006325127484733076, 0, 0, -0.001546786048114515, 0, 0, 0, 0, -0.0016339597250258394, 0, 0, 0, 0, 0, 0, 0, 0, -0.0021727569559380623, 0, 0, 0, 0, 0, -0.002177488108372, 0.008206226589991915, 0, 0, 0, 0, 0, 0, 0, 0, 0, 0, -0.003006675296754859, -0.005982174021539685, 0, 0.0016321120138351602, 0.0001583647654750433, 0, 0, 0, 0, 0, 0, 0, 0, 0, 0, 0, 0, 0, 0, 0, 0, 0, 0, 0.0033819145261697685, 0, 0, 0, 0, 0.0031089380399181507, 0.0009262443191911875, 0.0036380300984067493, 0, 0, 0, 0, 0, 0, 0, 0, 0, 0, 0, 0.00018590147458356655, 0.0008255629525546318, 0, 0, 0, 0, 0, 0, 0, 0, -0.0018202688031566697, 0, 0, 0, 0, 0, 0, 0, 0, 0, 0, 0, 0, 0, 0, -0.0025816417148964805, 0, 0.004580005012630371, 0, 0, 0.0077106920675634166, 0.004817686492001315, 0, 0, 0, 0.003261044033587818, 0, -0.0019430460668219665, 0, 0, -2.5087986632195244e-05, 0, 0, 0, 0, 0, 0, 0, 0, -0.0017123780768268846, 0, 0, 0, 0, 0, -0.002326889569318319, 0, -0.0022043735566804794, 0.004073816392404485, 0, 0, 0.004734199683961813, 0, 0, 0, 0, 0.004080538152835539, 0, 0, 0, 0, 0, 0, 0, 0, -0.001869439567421927, 0, 0, 0, 0, 0, 0, 0, 0, 0, 0, 0, 0, 0, 0, -0.00038213674095864474, 0, 0, 0, 0, 0, 0.004257891234650052, 0, 0, 0, 0, 0, 0, 0.0013705132550077804, 0, 0, 0, -0.0016513728667552747, 0, 0.000300741636401179, 0, 0, 0, 0, -0.0020828978517353778, 0, 0, 0, 0, 0, 0, -0.00011207220931574927, 0, 0, 0, 0, 0, 0, 0, 0, 0, 0.002330360419754242, 0, 0, 0, 0, 0, -0.0009510073475102415, 0, 0, 0, 0, 0, -0.001513463446919689, -0.0014260464647611983, 0, 0, 0, -0.0017747061816528308, 0, 0.003501628217565922, 0, -0.002216798759750302, 0, 0, 0, 0, -0.0014653984730390406, 0, 0, 0.0010572354696729471, 0, -0.0014299688535239373, 0, 0, 0, -0.00179283512536664, 0, 0, 0, 0, -0.002306253188737704, 0, 0, 0, 0, 0, 0, 0, -0.002244297502284026, 0, 0.0034654915259652985, 0, -0.001858508152796431, 0, 0, 0, 0.002858908464690238, 0, 0, 0, 0, 0, -0.002527871223820836, 0, -0.0021468332902049862, 0, 0, 0, 0, 0, 0, -0.0016311785584658008, 0, 0.0033615818989833767, -0.002013820232632757, 0, 0, 0, 0, 0, 0, 0, 0, 0, -0.001985139303160986, 0.0011554579629878524, 0, 0, -0.0020950997367406377, -0.0024793704167536145, 0, 0, 0.005761326066344613, 0, 0, 0, 0.004993770354621885, 0, 0, 0, 0, 0, 0.002150207878013915, 0, 0, -0.0016649994912075327, 0, 0, 0, 0, 0, 0, -0.003306403622778808, 0, 0, 0, -0.0014270059607283613, 0, 0.0020918154158573927, 0, -0.0015938992860779267, 0, 0, 0, 0.0005472610893544942, 0, 0, 0, 0.002251594734264223, 0, -0.0019412984123651639, 0, 0, 0, 0.004913029611686007, 0, 0, 0, -0.002205922743833107, 0.0033251660052105647, 0, 0, 0.001420355629378831, 0, 0, 0, 0, 0, 0, 0, 0, -0.001964522058611414, 0, 0, 0, 0, 0, 0, 0, 0, 0, 0, 0.003929918177864142, 0, -0.002609146082345951, 0, 0, 0, 0, -0.002422353879670676, 0, 0, 0, 0, 0, 0, 0, 0, 0, 0, 0, 0, 0, 0, 0, 0, 0.0006130356838571614, 0, 0, 0, 0, -0.0018948585521188167, 0, 0, -0.0039097931218238955, 0, 0, 0.003517134274460067, 0, -0.0020899006679294743, 0, 0, 0, 0, 0, 0.003576100592709489, 0, 0, 0, 0, 0, -0.002865008774539957, 0, 0, 0, 0, 0, 0, 0, 0, -0.0022036688828451093, 0, 0, -0.0018286415931174035, 0, 0, -0.0022071486493439015, 0, 0, 0, 0, 0, 0, -0.0020339498151018378, 0, 0, 0, 0, 0, 0.0006238671837585538]
Start Date: 2022-02-03
End Date: 2023-08-29
Sharpe Ratio: 0.027
Annualized Sharpe: 0.435
Sharpe 95% CI: (np.float64(-0.989), np.float64(1.755))
Sortino Ratio: 0.042
CAGR: 0.009
Calmar Ratio: 0.452
Daily Win Rate (%): 0.405
Max Drawdown: 0.02
Profit Factor: 1.14
Expectancy: 0.000151
Average Win: 0.003037
Average Loss: 0.001815
Total Trades: 116
Total Days: 491

Rolling 4 - Variant 1 - atr_0.25_2 - Test Metrics
Contracts: [10, 11, 6, 10, 10, 7, 6, 6, 6, 6, 6, 6, 7, 10, 8, 8, 8, 8, 8, 7, 7, 7, 7, 7, 7, 7, 7, 7, 8, 5, 7, 7, 7, 7, 5, 7, 6, 6, 6, 6, 6, 6, 6, 6, 6, 6, 5, 7, 7, 7, 8, 7, 6, 5, 6, 5, 6, 6, 6, 6, 5, 9, 5, 10, 5, 5, 6, 6, 6, 6, 6, 7, 8, 7, 6, 7, 7, 7, 7, 8, 8, 8, 8, 9, 9, 9, 9, 10, 11, 11, 8, 10, 7, 7, 7, 7, 7, 8, 9, 9, 10, 10, 9, 9, 10, 11, 11, 12, 11, 11, 11, 11, 11, 10, 10, 10, 10, 10, 10, 10, 10, 10, 10, 11, 11, 11, 11, 9, 10, 10, 10, 10, 10, 10, 10, 10, 10, 10, 10, 10, 10, 11, 12, 10, 10, 9, 11, 9, 12, 10, 10, 10, 10, 12, 12, 14, 13, 13, 13, 15, 14, 13, 14, 12, 12, 12, 12, 12, 12, 12, 12, 12, 12, 12, 15, 13, 14, 14, 15, 13, 13, 12, 13, 13, 13, 12, 16, 17, 15, 12, 14, 15, 12, 12, 13, 11, 11, 11, 11, 7, 9, 14, 14, 14, 12, 8, 10, 8, 8, 8, 8, 8, 8, 8, 8, 8, 8, 9, 8, 9, 9, 7, 8, 8, 8, 8, 8, 9, 9, 9, 9, 7, 7, 6, 5, 5, 5, 7, 6, 6, 8, 8, 8, 8, 8, 8, 8, 9, 9, 10, 9, 9, 9, 10, 9, 8, 8, 8, 8, 8, 8, 8, 7, 8, 9, 11, 9, 9, 9, 11, 11, 11, 11, 13, 12, 12]
Trade Returns: [0.004356690737200255, -0.002972090183874802, 0.003654655567669822, 0.003540794709017862, 0.00035155947480002963, -0.002227141722921375, 0.0022542104654427464, -0.002150258688990024, -0.0019737479923780275, 0.003101217322082794, -0.002392021400804568, 0.003594882621069938, -0.001796148865166429, 0.0009247314498220407, -0.0020929629863647024, -0.0020941808822032863, -0.001257050798414284, -0.0017860322987801908, -0.0023452593196779032, 0.0044900630407006745, -0.002485780684447931, -0.0005170677606271361, -0.0027815020940529524, -0.0011270367776321864, 0.0030915895701316763, -0.002350251483368681, 0.0029067849984728794, 0.00020289500791041432, 0.0025302832868713074, -0.0014471842271874934, -0.001949757887528504, -0.001963745467741977, -0.001719376721425747, -0.0018811667368200666, 0.002968692224290396, 0.0030491436426868385, -0.0007399656395854769, 0.00028284556300413425, -0.0025301663187205017, 0.004941947485983423, -0.0023907080678352184, -0.0005643440831127568, 0.004650094673553736, 0.0014118487879147058, 0.00038779863244518993, -0.0018016305164839552, -0.0021704206157401205, 0.003319860402527211, -0.0024600413667844167, 0.004634713716825862, -0.0019446646905883608, -0.002320686085657981, 0.0024837320238540192, -0.0020185042705140465, -0.002278740223175438, -0.003180621914279598, -0.002891871036423411, -0.0011727710740838647, 0.0010599817776433585, 0.0034451110720608836, -0.0025118644411741852, 0.003933897844000839, -0.001569531398747171, 0.0001038394490157697, 0.0036214014615953767, -0.0022284693915592415, -0.0033336686871247973, 0.0023220989722541325, 0.0032092640853539182, -0.0020047230603392097, -0.002254741156992048, 0.0009647724696608507, -0.0008436076387931122, -0.0022967939749415607, 0.005011618957058254, 0.0024869932637307454, 0.0008250456794649731, 0.0018013243907225576, -0.001407960307900201, -0.0012409682912906297, -0.003747833075540502, 0.007725193815717486, -0.002581059463962899, 0.0046785587134428284, -0.002633481107582066, 0.006086857592958318, 0.0009757931994823419, -0.0023846960947481875, 0.003050802276382679, 0.0016987940736564366, -0.0019541037282904444, -0.0016210857405567953, -0.0017179108378858837, 0.002019697536147998, 0.004210164515245211, -0.0023600173900567255, 0.004086556908196493, -0.0021027557758039176, 0.003929490694280579, -0.0021988143388211785, -0.001966704007339948, 0.0029638984197682045, -0.0021556168391068486, -0.0016297854810825535, -0.001868182910597877, -0.0018646993112112684, -0.0026358907019206125, 0.002247105745073891, -0.002272621877034773, 0.0033425422530467684, 0.00235452795063287, -0.0018812803350669036, 0.0050984918710002295, 0.006648282076338167, 0.0013145606762977873, -0.003998910739420082, 0.004577129451174134, -0.0026481908246076945, 0.002926779362269117, -0.0016121301757522168, -0.0016100211593870085, 0.0034214438240220348, -0.0015987088217760204, 0.0040921220546962555, 0.0031203624191637794, 0.002586752068730123, -0.00017519752238030105, -0.0018856989349183948, 0.0030138310051577677, -0.0018361249031938645, -3.271240932886689e-05, -0.00201601572072883, -0.0029312934153527567, 0.0030950046319944157, -0.0018697443087285926, -0.0021923197960693227, -0.0026692581311666564, 0.0015995603897910708, -0.0018547359383948461, 6.301528322341807e-05, -0.0008975269884846941, 0.00285113135287894, -0.0021899809426408866, -0.0019545944932201683, 0.001697783961864368, -0.001666796484716219, -0.0020407199656573382, 0.00028716761525839405, -0.00187470077279524, -0.002246914750188776, 0.0010396829555592375, -0.0018240757202954907, -0.002034601239903238, 0.003940377261384171, -0.002096921359842264, 0.003668065136394687, 0.004065785238533558, 0.003536720032239331, -0.0029929753243706165, 0.004991169152377847]
Daily Returns: [0, 0, 0.0013846005533254529, 0, 0, 0.003654655567669822, 0, 0, 0, 0, 0, 0.003540794709017862, 0, 0, 0, 0, 0.00035155947480002963, 0, 0, 0, 0, 0, 0, 0, -0.002227141722921375, 0, 0, 0, 0, 0, 0, 0, 0.0022542104654427464, 0, 0, 0, 0, 0, 0, 0, 0, 0, -0.002150258688990024, 0.0011274693297047664, 0, 0, -0.002392021400804568, 0, 0.003594882621069938, -0.001796148865166429, 0, 0, 0, 0.0009247314498220407, 0, -0.0020929629863647024, -0.0020941808822032863, 0, 0, 0, 0, -0.001257050798414284, 0, 0, 0, -0.004131291618458094, 0, 0, 0, 0, 0, 0, 0, 0, 0, 0, 0, 0, 0, 0.0044900630407006745, -0.002485780684447931, 0, 0, 0, 0, 0, 0, 0, 0, -0.0005170677606271361, 0, -0.0027815020940529524, 0, 0, 0, 0, 0, -0.0011270367776321864, 0, 0, 0, 0, 0, 0.0030915895701316763, 0, 0, 0, 0, 0, 0, 0, 0, 0, 0, 0, 0, 0, 0, 0, 0, 0, 0, 0, 0, 0, 0, 0, 0, 0, 0, 0, 0, 0, 0, -0.002350251483368681, 0, 0, 0, 0, 0.0031096800063832937, 0.0025302832868713074, 0, 0, -0.0014471842271874934, 0, 0, 0, 0, 0, 0, 0, 0, 0, 0, 0, 0, -0.001949757887528504, 0, 0, 0, 0, 0, -0.001963745467741977, 0, 0, 0, 0, 0, -0.001719376721425747, -0.0018811667368200666, 0, 0, 0.002968692224290396, 0, 0.0030491436426868385, -0.0007399656395854769, 0.00028284556300413425, 0, 0, 0, 0, 0, 0, 0, 0, 0, 0, 0, -0.0025301663187205017, 0, 0, 0, 0, 0.004941947485983423, -0.0023907080678352184, 0, 0, 0, 0, -0.0005643440831127568, 0.006061943461468442, 0, 0.00038779863244518993, -0.003972051132224076, 0, 0, 0, 0, 0, 0, 0.0008598190357427945, 0.004634713716825862, 0, 0, 0, 0, 0, -0.0019446646905883608, 0, 0, 0, 0, -0.002320686085657981, 0, 0, 0, 0, 0, 0.0024837320238540192, 0, 0, 0, 0, 0, -0.0020185042705140465, 0, -0.002278740223175438, 0, 0, 0, 0, 0, -0.003180621914279598, 0, -0.002891871036423411, 0, 0, -0.0011727710740838647, 0, 0, 0, 0, 0, 0, 0, 0, 0.0010599817776433585, 0.0034451110720608836, 0, 0, 0, -0.0025118644411741852, 0.003933897844000839, 0, 0, 0, 0, 0, 0, 0, 0, -0.001569531398747171, 0, 0, 0, 0, 0.0001038394490157697, 0, 0, 0, 0, 0, 0.0036214014615953767, 0, 0, 0, -0.0022284693915592415, 0, 0, 0, -0.0033336686871247973, 0, 0, 0, 0, 0, 0.0023220989722541325, 0, 0, 0.0032092640853539182, 0, 0, 0, 0, 0, 0, 0, 0, 0, 0, 0, 0, 0, 0, 0, 0, 0, 0, 0, -0.0020047230603392097, 0, 0, 0, 0, 0, 0, -0.002254741156992048, 0, 0.0009647724696608507, 0, 0, 0, 0, 0, 0, 0, -0.0008436076387931122, 0, 0.002714824982116693, 0, 0, 0, 0, 0.0024869932637307454, 0, 0, 0, 0, 0, 0, 0, 0, 0, 0, 0, 0.0008250456794649731, 0, 0, 0, 0, 0, 0, 0, 0, 0.0003933640828223566, -0.0012409682912906297, 0, 0, 0, 0, 0, 0, 0.003977360740176983, 0, 0, 0, 0, 0, 0, -0.002581059463962899, 0, 0, 0, 0.0046785587134428284, 0, -0.002633481107582066, 0.006086857592958318, 0, 0, 0.0009757931994823419, -0.0023846960947481875, 0, 0.003050802276382679, 0, 0.0016987940736564366, 0, 0, -0.0019541037282904444, 0, 0, 0, -0.0016210857405567953, 0, 0, 0, 0, 0, 0, 0, 0, 0, 0, 0, 0, 0, 0, 0, 0, -0.0017179108378858837, 0, 0, 0.002019697536147998, 0, 0, 0.004210164515245211, -0.0023600173900567255, 0, 0, 0, 0, 0, 0.004086556908196493, 0, 0, 0, 0, -0.0021027557758039176, 0, 0, 0, 0.003929490694280579, 0, 0, -0.0021988143388211785, 0, 0, 0, 0, 0, 0, -0.001966704007339948, 0, 0, 0, 0, 0, 0.0008082815806613559, 0, 0, 0, 0, 0, 0, 0, 0, 0, 0, 0, 0, -0.005362667702891699, 0, 0, 0, -0.0026358907019206125, 0, 0, 0.002247105745073891, 0, 0, 0, 0, 0, -0.002272621877034773, 0, 0, 0.0033425422530467684, 0, 0, 0, 0, 0, 0, 0, 0, 0, 0, 0.00235452795063287, 0, 0.0032172115359333257, 0, 0, 0, 0, 0.006648282076338167, 0.0013145606762977873, -0.003998910739420082, 0.004577129451174134, 0, 0, 0, 0, 0, 0, 0, 0, 0, -0.0026481908246076945, 0, 0, 0, 0, 0, 0.0013146491865169002, 0, 0, 0, 0, -0.0016100211593870085, 0, 0, 0, 0, 0, 0, 0.0034214438240220348, 0, 0, 0, -0.0015987088217760204, 0, 0, 0, 0.0040921220546962555, 0, 0, 0, 0.0031203624191637794, 0, 0.002586752068730123, 0, 0, 0, 0, 0, 0, 0, -0.002060896457298696, 0.0011449936926350363, 0, 0, 0, 0, 0, 0, 0, 0, -0.00201601572072883, 0, -0.0029312934153527567, 0, 0, 0, 0, 0, 0, 0, 0, 0, 0, 0, 0.0012252603232658231, 0, 0, 0, 0, 0, 0, 0, 0, 0, 0, 0, -0.0021923197960693227, 0, 0, 0, 0, 0, 0, -0.0026692581311666564, 0, 0, 0, 0, 0.0015995603897910708, 0, 0, 0, 0, 0, 0, -0.0018547359383948461, 0, 6.301528322341807e-05, -0.0008975269884846941, 0, 0, 0.00285113135287894, 0, 0, -0.0021899809426408866, 0, -0.0019545944932201683, 0, 0, 0, 0.001697783961864368, 0, 0, -0.001666796484716219, 0, 0, -0.0020407199656573382, 0, 0, 0, 0, 0.00028716761525839405, -0.00187470077279524, -0.002246914750188776, 0.0010396829555592375, 0, 0, 0, 0, 0, 0, 0, -0.0018240757202954907, 0, 0, 0, 0, -0.002034601239903238, 0, 0, 0.0018434559015419075, 0, 0, 0, 0.003668065136394687, 0, 0, 0, 0, 0, 0.004065785238533558, 0, 0, 0, 0, 0, 0, 0, 0, 0, 0, 0.003536720032239331, -0.0029929753243706165, 0.004991169152377847, 0, 0, 0, 0, 0, 0]
Start Date: 2023-08-30
End Date: 2025-11-06
Sharpe Ratio: 0.035
Annualized Sharpe: 0.551
Sharpe 95% CI: (np.float64(-0.677), np.float64(1.683))
Sortino Ratio: 0.053
CAGR: 0.011
Calmar Ratio: 0.519
Daily Win Rate (%): 0.444
Max Drawdown: 0.02
Profit Factor: 1.162
Expectancy: 0.000182
Average Win: 0.002943
Average Loss: 0.00202
Total Trades: 160
Total Days: 686



Rolling 4 - Variant 2 - atr_0.25_3 - Fit Metrics
Contracts: [10, 11, 6, 10, 10, 7, 6, 6, 6, 6, 6, 6, 7, 10, 8, 8, 8, 8, 8, 7, 7, 7, 7, 7, 7, 7, 7, 7, 8, 5, 7, 7, 7, 7, 5, 7, 6, 6, 6, 6, 6, 6, 6, 6, 6, 6, 5, 7, 7, 7, 8, 7, 6, 5, 6, 5, 6, 6, 6, 6, 5, 9, 5, 10, 5, 5, 6, 6, 6, 6, 6, 7, 8, 7, 6, 7, 7, 7, 7, 8, 8, 8, 8, 9, 9, 9, 9, 10, 11, 11, 8, 10, 7, 7, 7, 7, 7, 8, 9, 9, 10, 10, 9, 9, 9, 11, 11, 12, 11, 11, 11, 11, 10, 10, 10, 10, 10, 10, 10, 10, 10, 10, 10, 11, 11, 11, 11, 9, 10, 10, 10, 10, 10, 10, 10, 10, 10, 10, 11, 11, 10, 11, 12, 10, 10, 9, 11, 9, 12, 10, 10, 10, 10, 12, 12, 14, 13, 13, 13, 15, 14, 13, 14, 12, 12, 12, 12, 12, 12, 12, 12, 12, 12, 12, 15, 13, 15, 14, 15, 13, 13, 12, 13, 13, 13, 12, 16, 17, 15, 12, 14, 15, 12, 12, 13, 11, 11, 11, 11, 7, 9, 14, 14, 14, 12, 8, 10, 8, 8, 8, 8, 8, 8, 8, 8, 8, 8, 9, 8, 9, 9, 7, 8, 8, 8, 8, 8, 9, 9, 9, 9, 7, 7, 6, 5, 5, 5, 7, 6, 6, 8, 8, 8, 8, 8, 8, 8, 9, 9, 10, 9, 9, 9, 10, 9, 8, 8, 8, 8, 8, 8, 8, 7, 8, 9, 11, 9, 9, 9, 11, 11, 11, 11, 13, 12, 12]
Trade Returns: [-0.0028620588589212347, 0.0013944999999999663, -0.0025974086823431983, -0.0023543001309382673, 0.004221442148990723, 0.005735619200856212, 0.0003091903023161377, 0.0025042836823030547, -0.0013244238785817116, -0.0004718231442639015, -0.0015491426947412982, -0.0016364530499203285, -0.0021760848533625733, -0.0021808305256371635, -0.00223562433966962, 0.006333219332844941, -0.0030237155499185852, -0.00287241623343708, -0.0031438156189503214, 0.0016414460914824659, -0.00024981896031049097, 0.0004090885128366756, 0.005161012394665406, 0.0047406009943392205, 0.0009283827948084684, 0.005536480878817857, 0.00018564649954256408, 0.003069658137843414, -0.002132297596884865, -0.000803685550950649, -0.0018306602391556831, -0.0025798736095899856, 0.0024241265320411893, 0.006231977428742806, 0.0037647769482256877, -0.0001718574357521453, 0.0038612971834880625, 0.004942173299816706, -0.0016605147275822517, -0.0002798824784831851, -2.5053727135204633e-05, -0.001711207316459624, -0.0023237115946225986, -0.002201355897389471, 0.0023182134414914137, 0.0071693878352553425, 0.004072207374332431, -0.0018656384207360673, -0.0003805367862464266, 0.0064224862358736624, 0.005951883183635358, -0.002565779169667935, -0.001648008840810447, 0.0002988780423210522, -0.002070017556826208, -0.00011191916260972177, -0.0012787429592451016, -0.0009485364042573636, -0.0015048901090575061, -0.001417956144074621, -0.0017734949592014995, 0.005296168446944976, -0.0022042044439879293, -0.0014570547021002108, 0.0010512069370477333, -0.0014218234955592267, -0.0017826082755386414, -0.002293074160813064, -0.0022313897005927044, 0.003699719961640213, -0.0018477952665853254, 0.0012374753746114099, -0.0025167556014762545, -0.002134512397324237, -0.0016240031600764414, 0.005085051680546037, -0.0020022858565650952, -0.0019680772285062885, 0.0011455073332345632, -0.0020770776980916696, -0.0024579984922707358, -0.003097387154266324, 0.007509430746216773, 0.0021407290711027904, -0.0016755654514132108, -0.0018956967315739098, -0.00143178313758048, -0.0014361397701094767, 0.0032152135054385107, -0.0016040849613909586, 0.0005501522207777056, 0.0022635064137795278, -0.001951548479275691, 0.007490079434979582, -0.0022118941545463846, 0.003334187150009179, 0.004298706374882394, -0.0021958482282895416, -0.0019770096901054247, -0.002232489481451893, -0.002609587641540755, -0.002422764899654132, 0.0006148398837661708, -0.0017276852063124008, -0.002688155251656709, -0.0012331472830690007, 0.005375210655767139, -0.0020930949587626493, 0.005460382456041237, -0.0028676209752643757, -0.0022021031285326207, -0.0017858787664067689, -4.1460617041985316e-05, -0.002213295253972976, -0.0020324971730382477, 0.000623420711864281]
Daily Returns: [-0.0028620588589212347, 0.0013944999999999663, 0, 0, 0, 0, 0, 0, 0, 0, 0, 0, -0.0025974086823431983, 0, 0, -0.0023543001309382673, 0, 0, 0, 0, 0, 0, 0, 0, 0, 0, 0, 0, 0, 0, 0, 0.004221442148990723, 0, 0, 0.005735619200856212, 0, 0, 0, 0, 0, 0.0003091903023161377, 0, 0, 0.0007080366594574416, 0, 0, -0.0015491426947412982, 0, 0, 0, 0, -0.0016364530499203285, 0, 0, 0, 0, 0, 0, 0, 0, -0.0021760848533625733, 0, 0, 0, 0, 0, -0.0021808305256371635, 0.004097594993175321, 0, 0, 0, 0, 0, 0, 0, 0, 0, 0, -0.0030237155499185852, -0.0060162318523874015, 0, 0.0016414460914824659, 0.0001592695525261846, 0, 0, 0, 0, 0, 0, 0, 0, 0, 0, 0, 0, 0, 0, 0, 0, 0, 0, 0.005161012394665406, 0, 0, 0, 0, 0.0047406009943392205, 0.0009283827948084684, 0.005536480878817857, 0, 0, 0, 0, 0, 0, 0, 0, 0, 0, 0, 0.00018564649954256408, 0.00013367499000790017, 0, 0, 0, 0, 0, 0, 0, 0, -0.0018306602391556831, 0, 0, 0, 0, 0, 0, 0, 0, 0, 0, 0, 0, 0, 0, -0.0025798736095899856, 0, 0.0024241265320411893, 0, 0, 0.009824896941216348, 0.0038612971834880625, 0, 0, 0, 0.004942173299816706, 0, -0.0019403972060654368, 0, 0, -2.5053727135204633e-05, 0, 0, 0, 0, 0, 0, 0, 0, -0.001711207316459624, 0, 0, 0, 0, 0, -0.0023237115946225986, 0, -0.002201355897389471, 0.0023182134414914137, 0, 0, 0.0071693878352553425, 0, 0, 0, 0, 0.004072207374332431, 0, 0, 0, 0, 0, 0, 0, 0, -0.0018656384207360673, 0, 0, 0, 0, 0, 0, 0, 0, 0, 0, 0, 0, 0, 0, -0.0003805367862464266, 0, 0, 0, 0, 0, 0.0064224862358736624, 0, 0, 0, 0, 0, 0, 0.0033861040139674227, 0, 0, 0, -0.001648008840810447, 0, 0.0002988780423210522, 0, 0, 0, 0, -0.002070017556826208, 0, 0, 0, 0, 0, 0, -0.00011191916260972177, 0, 0, 0, 0, 0, 0, 0, 0, 0, -0.0012787429592451016, 0, 0, 0, 0, 0, -0.0009485364042573636, 0, 0, 0, 0, 0, -0.0015048901090575061, -0.001417956144074621, 0, 0, 0, -0.0017734949592014995, 0, 0.005296168446944976, 0, -0.0022042044439879293, 0, 0, 0, 0, -0.0014570547021002108, 0, 0, 0.0010512069370477333, 0, -0.0014218234955592267, 0, 0, 0, -0.0017826082755386414, 0, 0, 0, 0, -0.002293074160813064, 0, 0, 0, 0, 0, 0, 0, -0.0022313897005927044, 0, 0.003699719961640213, 0, -0.0018477952665853254, 0, 0, 0, 0.0012374753746114099, 0, 0, 0, 0, 0, -0.0025167556014762545, 0, -0.002134512397324237, 0, 0, 0, 0, 0, 0, -0.0016240031600764414, 0, 0.005085051680546037, -0.0020022858565650952, 0, 0, 0, 0, 0, 0, 0, 0, 0, -0.0019680772285062885, 0.0011455073332345632, 0, 0, -0.0020770776980916696, -0.0024579984922707358, 0, 0, -0.003097387154266324, 0, 0, 0, 0.007509430746216773, 0, 0, 0, 0, 0, 0.0021407290711027904, 0, 0, -0.0016755654514132108, 0, 0, 0, 0, 0, 0, -0.00332747986915439, 0, 0, 0, -0.0014361397701094767, 0, 0.0032152135054385107, 0, -0.0016040849613909586, 0, 0, 0, 0.0005501522207777056, 0, 0, 0, 0.0022635064137795278, 0, -0.001951548479275691, 0, 0, 0, 0.007490079434979582, 0, 0, 0, -0.0022118941545463846, 0.003334187150009179, 0, 0, 0.002102858146592852, 0, 0, 0, 0, 0, 0, 0, 0, -0.0019770096901054247, 0, 0, 0, 0, 0, 0, 0, 0, 0, 0, -0.002232489481451893, 0, -0.002609587641540755, 0, 0, 0, 0, -0.002422764899654132, 0, 0, 0, 0, 0, 0, 0, 0, 0, 0, 0, 0, 0, 0, 0, 0, 0.0006148398837661708, 0, 0, 0, 0, -0.0017276852063124008, 0, 0, -0.00392130253472571, 0, 0, 0.005375210655767139, 0, -0.0020930949587626493, 0, 0, 0, 0, 0, 0.005460382456041237, 0, 0, 0, 0, 0, -0.0028676209752643757, 0, 0, 0, 0, 0, 0, 0, 0, -0.0022021031285326207, 0, 0, -0.0018273393834487542, 0, 0, -0.002213295253972976, 0, 0, 0, 0, 0, 0, -0.0020324971730382477, 0, 0, 0, 0, 0, 0.000623420711864281]
Start Date: 2022-02-03
End Date: 2023-08-29
Sharpe Ratio: 0.023
Annualized Sharpe: 0.373
Sharpe 95% CI: (np.float64(-1.093), np.float64(1.64))
Sortino Ratio: 0.039
CAGR: 0.008
Calmar Ratio: 0.338
Daily Win Rate (%): 0.371
Max Drawdown: 0.024
Profit Factor: 1.123
Expectancy: 0.000141
Average Win: 0.003489
Average Loss: 0.00183
Total Trades: 116
Total Days: 491

Rolling 4 - Variant 2 - atr_0.25_3 - Test Metrics
Contracts: [10, 11, 6, 10, 10, 7, 6, 6, 6, 6, 6, 6, 7, 10, 8, 8, 8, 8, 8, 7, 7, 7, 7, 7, 7, 7, 7, 7, 8, 5, 7, 7, 7, 7, 5, 7, 6, 6, 6, 6, 6, 6, 6, 6, 6, 6, 5, 7, 7, 7, 8, 7, 6, 5, 6, 5, 6, 6, 6, 6, 5, 9, 5, 10, 5, 5, 6, 6, 6, 6, 6, 7, 8, 7, 6, 7, 7, 7, 7, 8, 8, 8, 8, 9, 9, 9, 9, 10, 11, 11, 8, 10, 7, 7, 7, 7, 7, 8, 9, 9, 10, 10, 9, 9, 9, 11, 11, 12, 11, 11, 11, 11, 10, 10, 10, 10, 10, 10, 10, 10, 10, 10, 10, 11, 11, 11, 11, 9, 10, 10, 10, 10, 10, 10, 10, 10, 10, 10, 11, 11, 10, 11, 12, 10, 10, 9, 11, 9, 12, 10, 10, 10, 10, 12, 12, 14, 13, 13, 13, 15, 14, 13, 14, 12, 12, 12, 12, 12, 12, 12, 12, 12, 12, 12, 15, 13, 15, 14, 15, 13, 13, 12, 13, 13, 13, 12, 16, 17, 15, 12, 14, 15, 12, 12, 13, 11, 11, 11, 11, 7, 9, 14, 14, 14, 12, 8, 10, 8, 8, 8, 8, 8, 8, 8, 8, 8, 8, 9, 8, 9, 9, 7, 8, 8, 8, 8, 8, 9, 9, 9, 9, 7, 7, 6, 5, 5, 5, 7, 6, 6, 8, 8, 8, 8, 8, 8, 8, 9, 9, 10, 9, 9, 9, 10, 9, 8, 8, 8, 8, 8, 8, 8, 7, 8, 9, 11, 9, 9, 9, 11, 11, 11, 11, 13, 12, 12]
Trade Returns: [0.006619936599784077, -0.0029699645263098476, 0.000879719589380768, 0.005384448381554369, 0.0003498746506046017, -0.002227516574130387, 0.0022433627199099134, -0.0021399390628246964, -0.0019642551708801046, 0.003086287874150964, -0.0023805378815986386, 0.003456893636536434, -0.0017874932120053653, 0.0009203937323207979, -0.002083154372308498, -0.002084148176978485, -0.0012517343248591105, -0.0017784691246399776, -0.002568300196229027, -0.002481352291138049, -0.0024752104220861566, -0.0005184657377085361, -0.0027890013649594916, -0.0011262327572127276, 0.004722675829818866, -0.0023566090680279487, 0.004454821120376422, 0.00020313268877462628, 0.0038822840840039142, -0.001446927873064404, -0.0019514092658305217, -0.001969070076258672, -0.0017208354091218677, -0.0018827654352967572, 0.004563854937313149, 0.004693270320614119, -0.0007382096570776694, 0.0002830855919250295, -0.0025241582701747175, 0.003913393845888882, -0.0023805662826907885, -0.0005629975018085537, 0.0025873786158784862, 0.0014113758707639547, 0.0003876689173162566, -0.0018010281209297583, -0.0021696936016694533, 0.005076556303031855, -0.002454917274796974, 0.006378272031198172, -0.001937242011381006, -0.0023151615170006693, 0.003817508811823905, -0.0021515258394547545, -0.002267286383844244, -0.0031645985353513967, -0.0028808114971797714, -0.0011668348460843175, 0.0010524760408687044, 0.0027889092376795033, -0.0024957286945695395, 0.005969614813305884, -0.0015615992908788014, 0.00010359284978046929, 0.005592526046395757, -0.0022360878288061213, -0.003345090995082147, 0.0023300753910723633, 0.004952958927867146, -0.002008099702933532, -0.002258546557608393, 0.0009663990484685013, -0.0008450310999149974, -0.0023047806657818214, 0.0032203397061111136, 0.002491200145284402, 0.0008278820607646155, 0.0018044584580484042, -0.001410405561143794, -0.0012431265677826544, -0.00375435937284592, -0.004131586100122258, -0.0028258319633292744, 0.005777893113633235, -0.0026208365963812778, 0.009187079162238484, 0.0009748781222365129, -0.002382461957589896, 0.004643978746824902, 0.0016971987329261924, -0.0019522717350368827, -0.001619562982409272, -0.0017148121512373222, 0.002014439310552678, 0.006368526333922816, -0.0023507007981018783, -0.002253091894096083, -0.0020944352110572073, 0.004794832750805097, -0.002204011200232738, -0.0019713625472868607, 0.004521547344906523, -0.0021607329433589455, -0.0016311337769370337, -0.0018697255391952967, -0.0018662361897291895, -0.0026334106756469478, 0.002251033493747238, -0.002274505053024985, 0.005104885865370696, 0.0023503355375788055, -0.0018779384293747614, 0.007727585500899941, 0.0014053182046756402, 0.0013190913705002397, -0.004012848360470142, 0.004593459505335143, -0.002657305913195636, 0.0037215820127881848, -0.0016176939219929725, -0.0016143073187945454, 0.0035310938738246206, -0.0015994210855390597, 0.00621121843444991, 0.004746872198763708, 0.0025837170074437615, -0.00017499249117099828, -0.001883491741594881, 0.004579348219796925, -0.0018311136539038066, -3.2622965106999086e-05, -0.002010503230395354, -0.002923262089470998, 0.004702071231118249, -0.0018645927436361299, -0.002182781018182148, -0.0026619233029655204, 0.0015925698432137409, -0.0018466430884914737, 6.273981721287736e-05, -0.0008936037708854179, -0.0006072445112523491, -0.002187944887235214, -0.0019527732951532756, 0.0016961989524566924, -0.001665243039408432, -0.0020388148532126883, 0.00028720330495257543, -0.0018749336969941107, -0.002237117043546246, 0.0010351546149641392, -0.0018243027802530337, -0.002034854968841826, 0.004871072231703881, -0.002095241017154855, 0.002604571969671041, 0.0038637409555384718, 0.005406726408900534, -0.002985610372117001, 0.0075648183651998826]
Daily Returns: [0, 0, 0.0036499720734742298, 0, 0, 0.000879719589380768, 0, 0, 0, 0, 0, 0.005384448381554369, 0, 0, 0, 0, 0.0003498746506046017, 0, 0, 0, 0, 0, 0, 0, -0.002227516574130387, 0, 0, 0, 0, 0, 0, 0, 0.0022433627199099134, 0, 0, 0, 0, 0, 0, 0, 0, 0, -0.0021399390628246964, 0.0011220327032708593, 0, 0, -0.0023805378815986386, 0, 0.003456893636536434, -0.0017874932120053653, 0, 0, 0, 0.0009203937323207979, 0, -0.002083154372308498, -0.002084148176978485, 0, 0, 0, 0, -0.0012517343248591105, 0, 0, 0, -0.0043467693208690044, 0, 0, 0, 0, 0, 0, 0, 0, 0, 0, 0, 0, 0, -0.002481352291138049, -0.0024752104220861566, 0, 0, 0, 0, 0, 0, 0, 0, -0.0005184657377085361, 0, -0.0027890013649594916, 0, 0, 0, 0, 0, -0.0011262327572127276, 0, 0, 0, 0, 0, 0.004722675829818866, 0, 0, 0, 0, 0, 0, 0, 0, 0, 0, 0, 0, 0, 0, 0, 0, 0, 0, 0, 0, 0, 0, 0, 0, 0, 0, 0, 0, 0, 0, -0.0023566090680279487, 0, 0, 0, 0, 0.004657953809151048, 0.0038822840840039142, 0, 0, -0.001446927873064404, 0, 0, 0, 0, 0, 0, 0, 0, 0, 0, 0, 0, -0.0019514092658305217, 0, 0, 0, 0, 0, -0.001969070076258672, 0, 0, 0, 0, 0, -0.0017208354091218677, -0.0018827654352967572, 0, 0, 0.004563854937313149, 0, 0.004693270320614119, -0.0007382096570776694, 0.0002830855919250295, 0, 0, 0, 0, 0, 0, 0, 0, 0, 0, 0, -0.0025241582701747175, 0, 0, 0, 0, 0.003913393845888882, -0.0023805662826907885, 0, 0, 0, 0, -0.0005629975018085537, 0.003998754486642441, 0, 0.0003876689173162566, -0.003970721722599211, 0, 0, 0, 0, 0, 0, 0.0026216390282348813, 0.006378272031198172, 0, 0, 0, 0, 0, -0.001937242011381006, 0, 0, 0, 0, -0.0023151615170006693, 0, 0, 0, 0, 0, 0.003817508811823905, 0, 0, 0, 0, 0, -0.0021515258394547545, 0, -0.002267286383844244, 0, 0, 0, 0, 0, -0.0031645985353513967, 0, -0.0028808114971797714, 0, 0, -0.0011668348460843175, 0, 0, 0, 0, 0, 0, 0, 0, 0.0010524760408687044, 0.0027889092376795033, 0, 0, 0, -0.0024957286945695395, 0.005969614813305884, 0, 0, 0, 0, 0, 0, 0, 0, -0.0015615992908788014, 0, 0, 0, 0, 0.00010359284978046929, 0, 0, 0, 0, 0, 0.005592526046395757, 0, 0, 0, -0.0022360878288061213, 0, 0, 0, -0.003345090995082147, 0, 0, 0, 0, 0, 0.0023300753910723633, 0, 0, 0.004952958927867146, 0, 0, 0, 0, 0, 0, 0, 0, 0, 0, 0, 0, 0, 0, 0, 0, 0, 0, 0, -0.002008099702933532, 0, 0, 0, 0, 0, 0, -0.002258546557608393, 0, 0.0009663990484685013, 0, 0, 0, 0, 0, 0, 0, -0.0008450310999149974, 0, 0.0009155590403292922, 0, 0, 0, 0, 0.002491200145284402, 0, 0, 0, 0, 0, 0, 0, 0, 0, 0, 0, 0.0008278820607646155, 0, 0, 0, 0, 0, 0, 0, 0, 0.00039405289690461025, -0.0012431265677826544, 0, 0, 0, 0, 0, 0, -0.007885945472968179, 0, 0, 0, 0, 0, 0, -0.0028258319633292744, 0, 0, 0, 0.005777893113633235, 0, -0.0026208365963812778, 0.009187079162238484, 0, 0, 0.0009748781222365129, -0.002382461957589896, 0, 0.004643978746824902, 0, 0.0016971987329261924, 0, 0, -0.0019522717350368827, 0, 0, 0, -0.001619562982409272, 0, 0, 0, 0, 0, 0, 0, 0, 0, 0, 0, 0, 0, 0, 0, 0, -0.0017148121512373222, 0, 0, 0.002014439310552678, 0, 0, 0.006368526333922816, -0.0023507007981018783, 0, 0, 0, 0, 0, -0.002253091894096083, 0, 0, 0, 0, -0.0020944352110572073, 0, 0, 0, 0.004794832750805097, 0, 0, -0.002204011200232738, 0, 0, 0, 0, 0, 0, -0.0019713625472868607, 0, 0, 0, 0, 0, 0.002360814401547578, 0, 0, 0, 0, 0, 0, 0, 0, 0, 0, 0, 0, -0.00536709550586152, 0, 0, 0, -0.0026334106756469478, 0, 0, 0.002251033493747238, 0, 0, 0, 0, 0, -0.002274505053024985, 0, 0, 0.005104885865370696, 0, 0, 0, 0, 0, 0, 0, 0, 0, 0, 0.0023503355375788055, 0, 0.005849647071525179, 0, 0, 0, 0, 0.0014053182046756402, 0.0013190913705002397, -0.004012848360470142, 0.004593459505335143, 0, 0, 0, 0, 0, 0, 0, 0, 0, -0.002657305913195636, 0, 0, 0, 0, 0, 0.0021038880907952124, 0, 0, 0, 0, -0.0016143073187945454, 0, 0, 0, 0, 0, 0, 0.0035310938738246206, 0, 0, 0, -0.0015994210855390597, 0, 0, 0, 0.00621121843444991, 0, 0, 0, 0.004746872198763708, 0, 0.0025837170074437615, 0, 0, 0, 0, 0, 0, 0, -0.0020584842327658792, 0.0027156116007861194, 0, 0, 0, 0, 0, 0, 0, 0, -0.002010503230395354, 0, -0.002923262089470998, 0, 0, 0, 0, 0, 0, 0, 0, 0, 0, 0, 0.002837478487482119, 0, 0, 0, 0, 0, 0, 0, 0, 0, 0, 0, -0.002182781018182148, 0, 0, 0, 0, 0, 0, -0.0026619233029655204, 0, 0, 0, 0, 0.0015925698432137409, 0, 0, 0, 0, 0, 0, -0.0018466430884914737, 0, 6.273981721287736e-05, -0.0008936037708854179, 0, 0, -0.0006072445112523491, 0, 0, -0.002187944887235214, 0, -0.0019527732951532756, 0, 0, 0, 0.0016961989524566924, 0, 0, -0.001665243039408432, 0, 0, -0.0020388148532126883, 0, 0, 0, 0, 0.00028720330495257543, -0.0018749336969941107, -0.002237117043546246, 0.0010351546149641392, 0, 0, 0, 0, 0, 0, 0, -0.0018243027802530337, 0, 0, 0, 0, -0.002034854968841826, 0, 0, 0.0027758312145490256, 0, 0, 0, 0.002604571969671041, 0, 0, 0, 0, 0, 0.0038637409555384718, 0, 0, 0, 0, 0, 0, 0, 0, 0, 0, 0.005406726408900534, -0.002985610372117001, 0.0075648183651998826, 0, 0, 0, 0, 0, 0]
Start Date: 2023-08-30
End Date: 2025-11-06
Sharpe Ratio: 0.037
Annualized Sharpe: 0.584
Sharpe 95% CI: (np.float64(-0.663), np.float64(1.699))
Sortino Ratio: 0.05
CAGR: 0.013
Calmar Ratio: 0.607
Daily Win Rate (%): 0.419
Max Drawdown: 0.021
Profit Factor: 1.187
Expectancy: 0.000222
Average Win: 0.003361
Average Loss: 0.00204
Total Trades: 160
Total Days: 686



Rolling 4 - Variant 3 - atr_0.25_6 - Fit Metrics
Contracts: [10, 11, 6, 10, 10, 7, 6, 6, 6, 6, 6, 6, 7, 10, 8, 8, 8, 8, 8, 7, 7, 7, 7, 7, 7, 7, 7, 7, 8, 5, 7, 7, 7, 7, 5, 7, 6, 6, 6, 6, 6, 6, 6, 6, 6, 6, 5, 7, 7, 7, 8, 7, 6, 5, 5, 5, 6, 6, 6, 6, 5, 9, 5, 9, 5, 5, 6, 6, 6, 6, 6, 7, 8, 7, 6, 7, 7, 7, 7, 8, 8, 8, 8, 9, 9, 9, 9, 10, 11, 11, 7, 10, 7, 7, 7, 7, 7, 8, 9, 9, 10, 10, 9, 9, 9, 11, 11, 11, 11, 11, 11, 11, 10, 10, 10, 10, 10, 10, 10, 10, 10, 10, 10, 11, 11, 12, 11, 10, 10, 11, 10, 10, 10, 10, 10, 10, 10, 10, 11, 11, 10, 11, 12, 10, 10, 9, 11, 9, 12, 10, 10, 10, 10, 13, 12, 14, 13, 14, 13, 15, 14, 13, 14, 12, 12, 12, 12, 12, 12, 12, 12, 12, 12, 12, 15, 13, 15, 14, 15, 13, 14, 12, 13, 13, 13, 12, 16, 17, 15, 12, 14, 15, 12, 12, 13, 11, 11, 11, 11, 7, 9, 14, 14, 14, 12, 8, 10, 8, 8, 8, 8, 8, 8, 8, 8, 8, 9, 9, 8, 9, 9, 7, 8, 8, 8, 8, 8, 9, 9, 9, 9, 7, 7, 6, 5, 5, 5, 7, 6, 6, 8, 8, 8, 8, 8, 8, 8, 8, 9, 10, 9, 9, 9, 10, 9, 8, 8, 8, 8, 8, 8, 8, 7, 8, 9, 11, 9, 9, 9, 11, 11, 11, 11, 13, 12, 12]
Trade Returns: [-0.0028620588589212347, 0.0013944999999999663, -0.0025974086823431983, -0.0023543001309382673, 0.004221442148990723, 0.003079408576372763, 0.0003100090556062336, 0.002510916248678037, -0.001327922814374787, -0.00047307217124611934, -0.0015532407469505247, -0.0016407888046029856, -0.002181871974037282, -0.0021866429490049423, -0.0022415958589465977, 0.003635393079390315, -0.0030399599347226114, -0.0028878948433865848, -0.003160805786531552, 0.001650345110071621, -0.00025117110990235687, 0.00041130326801338933, 0.007312149593938783, 0.0039657202545010884, 0.0009321417035338353, -0.002031942365708676, 0.00018786966456134146, 0.003106411186027505, -0.0021577485566083056, -0.0008132990307356836, -0.0018405671350609045, -0.002610867715636113, 0.002453325757927158, 0.0028969765704821575, 0.0038226833668985752, -0.00017449072628438945, 0.003920472346831247, 0.0028297890350100887, -0.00168941421709165, -0.0002847617779565963, -2.54906228594257e-05, -0.0017317298313963261, -0.0023642389442605338, -0.002239840254080007, 0.0023588316935886644, 0.009622092028561863, 0.004133324419887369, -0.0018935232867805165, -0.0003854038380973737, 0.008618627450980458, 0.012154090672402477, -0.0025826844758499367, -0.001672687624362711, 0.00030085649994342705, -0.0020836917242002414, -0.00011387089816529625, -0.001287205199614264, -0.0009548088328568294, -0.0015106995006012765, -0.0014234382224945943, -0.0017947263170543454, 0.004982610155116955, -0.0022127384501160353, -0.001462708483052527, 0.0010552918899253707, -0.001427342826734363, -0.0017895380167341456, -0.002302004276401576, -0.002240135928500417, 0.003714281074785653, -0.0018550542062396934, 0.0012423277253562988, -0.002526611982024468, -0.002142860973535871, -0.0016303656867453276, 0.0052019565895092285, -0.0020101015219884276, -0.001979114145746409, 0.0011519440425021051, -0.002088735556259736, -0.0024718231921447595, -0.0031148511823321373, 0.005705502570277877, 0.0021491340534976608, -0.0014744493549575936, -0.0019061036067875273, -0.0014396582602840286, -0.0014440630232076905, 0.006581345192065552, -0.0016129205022459446, 0.000551341885338868, 0.00226840797255886, -0.0019557662369053563, 0.003975679593339291, -0.002224432534455179, 0.003353129514627602, 0.004323046801756419, -0.002208228189947568, -0.0019878413774582883, -0.002245144628154253, -0.002633307735818592, -0.002241107911709414, 0.0006203254547865483, -0.0017431511077710708, -0.0027121538290448186, -0.0012441425414731293, 0.0019486476422108704, -0.002098649692605881, 0.011182896035279272, -0.002877019367393588, -0.002203204014001348, -0.001786773542462715, -4.1481427173338624e-05, -0.0022331428393344787, -0.002033518527908365, 0.0006237346268044753]
Daily Returns: [-0.0028620588589212347, 0.0013944999999999663, 0, 0, 0, 0, 0, 0, 0, 0, 0, 0, -0.0025974086823431983, 0, 0, -0.0023543001309382673, 0, 0, 0, 0, 0, 0, 0, 0, 0, 0, 0, 0, 0, 0, 0, 0.004221442148990723, 0, 0, 0.003079408576372763, 0, 0, 0, 0, 0, 0.0003100090556062336, 0, 0, 0.0007099212630571307, 0, 0, -0.0015532407469505247, 0, 0, 0, 0, -0.0016407888046029856, 0, 0, 0, 0, 0, 0, 0, 0, -0.002181871974037282, 0, 0, 0, 0, 0, -0.0021866429490049423, 0.001393797220443717, 0, 0, 0, 0, 0, 0, 0, 0, 0, 0, -0.0030399599347226114, -0.006048700629918137, 0, 0.001650345110071621, 0.00016013215811103246, 0, 0, 0, 0, 0, 0, 0, 0, 0, 0, 0, 0, 0, 0, 0, 0, 0, 0, 0.007312149593938783, 0, 0, 0, 0, 0.0039657202545010884, 0.0009321417035338353, -0.002031942365708676, 0, 0, 0, 0, 0, 0, 0, 0, 0, 0, 0, 0.00018786966456134146, 0.00013536359868351574, 0, 0, 0, 0, 0, 0, 0, 0, -0.0018405671350609045, 0, 0, 0, 0, 0, 0, 0, 0, 0, 0, 0, 0, 0, 0, -0.002610867715636113, 0, 0.002453325757927158, 0, 0, 0.0065451692110963435, 0.003920472346831247, 0, 0, 0, 0.0028297890350100887, 0, -0.0019741759950482464, 0, 0, -2.54906228594257e-05, 0, 0, 0, 0, 0, 0, 0, 0, -0.0017317298313963261, 0, 0, 0, 0, 0, -0.0023642389442605338, 0, -0.002239840254080007, 0.0023588316935886644, 0, 0, 0.009622092028561863, 0, 0, 0, 0, 0.004133324419887369, 0, 0, 0, 0, 0, 0, 0, 0, -0.0018935232867805165, 0, 0, 0, 0, 0, 0, 0, 0, 0, 0, 0, 0, 0, 0, -0.0003854038380973737, 0, 0, 0, 0, 0, 0.008618627450980458, 0, 0, 0, 0, 0, 0, 0.00957140619655254, 0, 0, 0, -0.001672687624362711, 0, 0.00030085649994342705, 0, 0, 0, 0, -0.0020836917242002414, 0, 0, 0, 0, 0, 0, -0.00011387089816529625, 0, 0, 0, 0, 0, 0, 0, 0, 0, -0.001287205199614264, 0, 0, 0, 0, 0, -0.0009548088328568294, 0, 0, 0, 0, 0, -0.0015106995006012765, -0.0014234382224945943, 0, 0, 0, -0.0017947263170543454, 0, 0.004982610155116955, 0, -0.0022127384501160353, 0, 0, 0, 0, -0.001462708483052527, 0, 0, 0.0010552918899253707, 0, -0.001427342826734363, 0, 0, 0, -0.0017895380167341456, 0, 0, 0, 0, -0.002302004276401576, 0, 0, 0, 0, 0, 0, 0, -0.002240135928500417, 0, 0.003714281074785653, 0, -0.0018550542062396934, 0, 0, 0, 0.0012423277253562988, 0, 0, 0, 0, 0, -0.002526611982024468, 0, -0.002142860973535871, 0, 0, 0, 0, 0, 0, -0.0016303656867453276, 0, 0.0052019565895092285, -0.0020101015219884276, 0, 0, 0, 0, 0, 0, 0, 0, 0, -0.001979114145746409, 0.0011519440425021051, 0, 0, -0.002088735556259736, -0.0024718231921447595, 0, 0, -0.0031148511823321373, 0, 0, 0, 0.005705502570277877, 0, 0, 0, 0, 0, 0.0021491340534976608, 0, 0, -0.0014744493549575936, 0, 0, 0, 0, 0, 0, -0.003345761867071556, 0, 0, 0, -0.0014440630232076905, 0, 0.006581345192065552, 0, -0.0016129205022459446, 0, 0, 0, 0.000551341885338868, 0, 0, 0, 0.00226840797255886, 0, -0.0019557662369053563, 0, 0, 0, 0.003975679593339291, 0, 0, 0, -0.002224432534455179, 0.003353129514627602, 0, 0, 0.0021148186118088506, 0, 0, 0, 0, 0, 0, 0, 0, -0.0019878413774582883, 0, 0, 0, 0, 0, 0, 0, 0, 0, 0, -0.002245144628154253, 0, -0.002633307735818592, 0, 0, 0, 0, -0.002241107911709414, 0, 0, 0, 0, 0, 0, 0, 0, 0, 0, 0, 0, 0, 0, 0, 0, 0.0006203254547865483, 0, 0, 0, 0, -0.0017431511077710708, 0, 0, -0.003956296370517948, 0, 0, 0.0019486476422108704, 0, -0.002098649692605881, 0, 0, 0, 0, 0, 0.011182896035279272, 0, 0, 0, 0, 0, -0.002877019367393588, 0, 0, 0, 0, 0, 0, 0, 0, -0.002203204014001348, 0, 0, -0.0018282549696360536, 0, 0, -0.0022331428393344787, 0, 0, 0, 0, 0, 0, -0.002033518527908365, 0, 0, 0, 0, 0, 0.0006237346268044753]
Start Date: 2022-02-03
End Date: 2023-08-29
Sharpe Ratio: 0.014
Annualized Sharpe: 0.228
Sharpe 95% CI: (np.float64(-1.277), np.float64(1.464))
Sortino Ratio: 0.025
CAGR: 0.005
Calmar Ratio: 0.21
Daily Win Rate (%): 0.362
Max Drawdown: 0.024
Profit Factor: 1.077
Expectancy: 9e-05
Average Win: 0.003487
Average Loss: 0.001838
Total Trades: 116
Total Days: 491

Rolling 4 - Variant 3 - atr_0.25_6 - Test Metrics
Contracts: [10, 11, 6, 10, 10, 7, 6, 6, 6, 6, 6, 6, 7, 10, 8, 8, 8, 8, 8, 7, 7, 7, 7, 7, 7, 7, 7, 7, 8, 5, 7, 7, 7, 7, 5, 7, 6, 6, 6, 6, 6, 6, 6, 6, 6, 6, 5, 7, 7, 7, 8, 7, 6, 5, 5, 5, 6, 6, 6, 6, 5, 9, 5, 9, 5, 5, 6, 6, 6, 6, 6, 7, 8, 7, 6, 7, 7, 7, 7, 8, 8, 8, 8, 9, 9, 9, 9, 10, 11, 11, 7, 10, 7, 7, 7, 7, 7, 8, 9, 9, 10, 10, 9, 9, 9, 11, 11, 11, 11, 11, 11, 11, 10, 10, 10, 10, 10, 10, 10, 10, 10, 10, 10, 11, 11, 12, 11, 10, 10, 11, 10, 10, 10, 10, 10, 10, 10, 10, 11, 11, 10, 11, 12, 10, 10, 9, 11, 9, 12, 10, 10, 10, 10, 13, 12, 14, 13, 14, 13, 15, 14, 13, 14, 12, 12, 12, 12, 12, 12, 12, 12, 12, 12, 12, 15, 13, 15, 14, 15, 13, 14, 12, 13, 13, 13, 12, 16, 17, 15, 12, 14, 15, 12, 12, 13, 11, 11, 11, 11, 7, 9, 14, 14, 14, 12, 8, 10, 8, 8, 8, 8, 8, 8, 8, 8, 8, 9, 9, 8, 9, 9, 7, 8, 8, 8, 8, 8, 9, 9, 9, 9, 7, 7, 6, 5, 5, 5, 7, 6, 6, 8, 8, 8, 8, 8, 8, 8, 8, 9, 10, 9, 9, 9, 10, 9, 8, 8, 8, 8, 8, 8, 8, 7, 8, 9, 11, 9, 9, 9, 11, 11, 11, 11, 13, 12, 12]
Trade Returns: [0.013425822722333364, -0.00297145907896665, 0.0008875753704428272, 0.006052812642504537, 0.000347469400904757, -0.0022401152454444967, 0.002451231229595571, -0.0021252244562884066, -0.0019507198328052645, 0.003065000957633512, -0.002364689339593413, 0.003432983786195977, -0.001775151835036303, 0.000914049543204604, -0.002068808494176514, -0.0022998060668085107, -0.0012430497846725099, -0.0017661147381639603, -0.00255052676173623, -0.0024640011658223367, -0.0024579447870016376, -0.0005148212614217802, -0.0027694507974701174, -0.0011267980653419084, 0.007521388206536692, -0.0023400351092973857, 0.0037504808606803894, 0.00020183943984578565, 0.004101290668471673, -0.0014374042489009398, -0.001937971080022395, -0.0019551891855063394, -0.0017089653740426868, -0.0020135836017528587, 0.004374730661692204, -0.0018797608250284315, -0.0007381724183166796, 0.0002811323658583098, -0.0025240308589176835, 0.004211565538842832, -0.0023640000856270217, -0.0005629689455161321, 0.002587247305243816, 0.0014113044276413693, 0.00038764932137036955, -0.0018009371175707698, -0.0021695837723786442, 0.010349462313090767, -0.0024419814360698813, 0.006344580356061451, -0.0019270735151203455, -0.002315044359507316, 0.005841002096302615, -0.0021358727657491707, -0.0022507558060550557, -0.003141473688298286, -0.002865661051067465, -0.0012473657744842697, 0.0010454084810891512, 0.002770200784762765, -0.0024790331939044657, 0.005416083885843594, -0.0015501521686116695, 0.00010358762021043464, 0.000417933150952952, -0.0022325183860510494, -0.0033397393148732824, 0.002326338192023165, 0.010134805391438708, -0.0019946145598986613, -0.002243349257208765, 0.0009599030867074649, -0.0008393463394328185, -0.0022893122151769175, 0.0031986573815123644, 0.002474399676896573, 0.0008265531263513538, 0.0018003142730081375, -0.0014071721934219503, -0.00124027267277002, -0.003745729637764485, -0.00410387863152501, -0.0028063312086635582, 0.005764592040924597, -0.002602807066175548, 0.011960439071086128, 0.000972796795096231, -0.0023773804366106445, 0.004489026175450568, 0.0016935701741727122, -0.0019481048948768835, -0.0016160995135054983, -0.0017111469129040702, 0.0020277872945039343, 0.004933887511533626, -0.0023490164637621595, -0.00225147030386568, -0.002092930963746611, 0.004784535244346854, -0.0022024213547590593, -0.0019699373822043556, 0.009166685833332324, -0.002159167792722984, -0.0016224147520690869, -0.0018597497384847106, -0.001856297489713666, -0.002627769956538104, 0.0022458398353271247, -0.0022623272086633255, 0.000614674016286266, 0.002336054079321098, -0.0018665540152722232, 0.008447593359816267, 0.0013967829713237036, 0.0013110910126285758, -0.003985854478979612, 0.004593459505335143, -0.0026412103172080877, 0.003698943883608853, -0.0016078694223151096, -0.0016045237863777533, 0.003530968404024692, -0.0015993644535285277, 0.00013879847457695785, 0.004220949237531377, 0.0025849784537534067, -0.00017507770734802804, -0.001884409107078386, 0.0004429738692986705, -0.0018395817043785363, -3.2774109215918524e-05, -0.0017953940577449196, -0.0029361733077201656, 0.00959139307632552, -0.0018728745149118717, -0.0021818772117911966, -0.0026737148841581688, 0.001591907497711346, -0.0018458762952755108, 6.271371718683091e-05, -0.0008932320512957552, -0.0006069916850080041, -0.002187033383134521, -0.001951957981091703, 0.0016954893772229392, -0.0016645475931624566, -0.0020379619745779405, 0.00028708322910788597, -0.0018741500373711019, -0.0022361887131761254, 0.0010347255534061113, -0.001823538850942937, -0.0020340013138387485, 0.004869024572141819, -0.0020943645054654113, 0.002603480198084884, 0.0038621212269367446, 0.0024414923764902513, -0.002993191365601199, 0.009024392187732344]
Daily Returns: [0, 0, 0.010454363643366714, 0, 0, 0.0008875753704428272, 0, 0, 0, 0, 0, 0.006052812642504537, 0, 0, 0, 0, 0.000347469400904757, 0, 0, 0, 0, 0, 0, 0, -0.0022401152454444967, 0, 0, 0, 0, 0, 0, 0, 0.002451231229595571, 0, 0, 0, 0, 0, 0, 0, 0, 0, -0.0021252244562884066, 0.0011142811248282475, 0, 0, -0.002364689339593413, 0, 0.003432983786195977, -0.001775151835036303, 0, 0, 0, 0.000914049543204604, 0, -0.002068808494176514, -0.0022998060668085107, 0, 0, 0, 0, -0.0012430497846725099, 0, 0, 0, -0.00431664149990019, 0, 0, 0, 0, 0, 0, 0, 0, 0, 0, 0, 0, 0, -0.0024640011658223367, -0.0024579447870016376, 0, 0, 0, 0, 0, 0, 0, 0, -0.0005148212614217802, 0, -0.0027694507974701174, 0, 0, 0, 0, 0, -0.0011267980653419084, 0, 0, 0, 0, 0, 0.007521388206536692, 0, 0, 0, 0, 0, 0, 0, 0, 0, 0, 0, 0, 0, 0, 0, 0, 0, 0, 0, 0, 0, 0, 0, 0, 0, 0, 0, 0, 0, 0, -0.0023400351092973857, 0, 0, 0, 0, 0.003952320300526175, 0.004101290668471673, 0, 0, -0.0014374042489009398, 0, 0, 0, 0, 0, 0, 0, 0, 0, 0, 0, 0, -0.001937971080022395, 0, 0, 0, 0, 0, -0.0019551891855063394, 0, 0, 0, 0, 0, -0.0017089653740426868, -0.0020135836017528587, 0, 0, 0.004374730661692204, 0, -0.0018797608250284315, -0.0007381724183166796, 0.0002811323658583098, 0, 0, 0, 0, 0, 0, 0, 0, 0, 0, 0, -0.0025240308589176835, 0, 0, 0, 0, 0.004211565538842832, -0.0023640000856270217, 0, 0, 0, 0, -0.0005629689455161321, 0.003998551732885185, 0, 0.00038764932137036955, -0.0039705208899494145, 0, 0, 0, 0, 0, 0, 0.007907480877020886, 0.006344580356061451, 0, 0, 0, 0, 0, -0.0019270735151203455, 0, 0, 0, 0, -0.002315044359507316, 0, 0, 0, 0, 0, 0.005841002096302615, 0, 0, 0, 0, 0, -0.0021358727657491707, 0, -0.0022507558060550557, 0, 0, 0, 0, 0, -0.003141473688298286, 0, -0.002865661051067465, 0, 0, -0.0012473657744842697, 0, 0, 0, 0, 0, 0, 0, 0, 0.0010454084810891512, 0.002770200784762765, 0, 0, 0, -0.0024790331939044657, 0.005416083885843594, 0, 0, 0, 0, 0, 0, 0, 0, -0.0015501521686116695, 0, 0, 0, 0, 0.00010358762021043464, 0, 0, 0, 0, 0, 0.000417933150952952, 0, 0, 0, -0.0022325183860510494, 0, 0, 0, -0.0033397393148732824, 0, 0, 0, 0, 0, 0.002326338192023165, 0, 0, 0.010134805391438708, 0, 0, 0, 0, 0, 0, 0, 0, 0, 0, 0, 0, 0, 0, 0, 0, 0, 0, 0, -0.0019946145598986613, 0, 0, 0, 0, 0, 0, -0.002243349257208765, 0, 0.0009599030867074649, 0, 0, 0, 0, 0, 0, 0, -0.0008393463394328185, 0, 0.0009093451663354469, 0, 0, 0, 0, 0.002474399676896573, 0, 0, 0, 0, 0, 0, 0, 0, 0, 0, 0, 0.0008265531263513538, 0, 0, 0, 0, 0, 0, 0, 0, 0.0003931420795861872, -0.00124027267277002, 0, 0, 0, 0, 0, 0, -0.007849608269289494, 0, 0, 0, 0, 0, 0, -0.0028063312086635582, 0, 0, 0, 0.005764592040924597, 0, -0.002602807066175548, 0.011960439071086128, 0, 0, 0.000972796795096231, -0.0023773804366106445, 0, 0.004489026175450568, 0, 0.0016935701741727122, 0, 0, -0.0019481048948768835, 0, 0, 0, -0.0016160995135054983, 0, 0, 0, 0, 0, 0, 0, 0, 0, 0, 0, 0, 0, 0, 0, 0, -0.0017111469129040702, 0, 0, 0.0020277872945039343, 0, 0, 0.004933887511533626, -0.0023490164637621595, 0, 0, 0, 0, 0, -0.00225147030386568, 0, 0, 0, 0, -0.002092930963746611, 0, 0, 0, 0.004784535244346854, 0, 0, -0.0022024213547590593, 0, 0, 0, 0, 0, 0, -0.0019699373822043556, 0, 0, 0, 0, 0, 0.00700751804060934, 0, 0, 0, 0, 0, 0, 0, 0, 0, 0, 0, 0, -0.005338461980267464, 0, 0, 0, -0.002627769956538104, 0, 0, 0.0022458398353271247, 0, 0, 0, 0, 0, -0.0022623272086633255, 0, 0, 0.000614674016286266, 0, 0, 0, 0, 0, 0, 0, 0, 0, 0, 0.002336054079321098, 0, 0.006581039344544044, 0, 0, 0, 0, 0.0013967829713237036, 0.0013110910126285758, -0.003985854478979612, 0.004593459505335143, 0, 0, 0, 0, 0, 0, 0, 0, 0, -0.0026412103172080877, 0, 0, 0, 0, 0, 0.0020910744612937433, 0, 0, 0, 0, -0.0016045237863777533, 0, 0, 0, 0, 0, 0, 0.003530968404024692, 0, 0, 0, -0.0015993644535285277, 0, 0, 0, 0.00013879847457695785, 0, 0, 0, 0.004220949237531377, 0, 0.0025849784537534067, 0, 0, 0, 0, 0, 0, 0, -0.002059486814426414, -0.0014293819442957843, 0, 0, 0, 0, 0, 0, 0, 0, -0.0017953940577449196, 0, -0.0029361733077201656, 0, 0, 0, 0, 0, 0, 0, 0, 0, 0, 0, 0.007718518561413649, 0, 0, 0, 0, 0, 0, 0, 0, 0, 0, 0, -0.0021818772117911966, 0, 0, 0, 0, 0, 0, -0.0026737148841581688, 0, 0, 0, 0, 0.001591907497711346, 0, 0, 0, 0, 0, 0, -0.0018458762952755108, 0, 6.271371718683091e-05, -0.0008932320512957552, 0, 0, -0.0006069916850080041, 0, 0, -0.002187033383134521, 0, -0.001951957981091703, 0, 0, 0, 0.0016954893772229392, 0, 0, -0.0016645475931624566, 0, 0, -0.0020379619745779405, 0, 0, 0, 0, 0.00028708322910788597, -0.0018741500373711019, -0.0022361887131761254, 0.0010347255534061113, 0, 0, 0, 0, 0, 0, 0, -0.001823538850942937, 0, 0, 0, 0, -0.0020340013138387485, 0, 0, 0.0027746600666764074, 0, 0, 0, 0.002603480198084884, 0, 0, 0, 0, 0, 0.0038621212269367446, 0, 0, 0, 0, 0, 0, 0, 0, 0, 0, 0.0024414923764902513, -0.002993191365601199, 0.009024392187732344, 0, 0, 0, 0, 0, 0]
Start Date: 2023-08-30
End Date: 2025-11-06
Sharpe Ratio: 0.038
Annualized Sharpe: 0.605
Sharpe 95% CI: (np.float64(-0.661), np.float64(1.667))
Sortino Ratio: 0.058
CAGR: 0.015
Calmar Ratio: 0.739
Daily Win Rate (%): 0.412
Max Drawdown: 0.02
Profit Factor: 1.213
Expectancy: 0.000254
Average Win: 0.003513
Average Loss: 0.002034
Total Trades: 160
Total Days: 686



Rolling 4 - Variant 4 - atr_0.25_7 - Fit Metrics
Contracts: [10, 11, 6, 10, 10, 7, 6, 6, 6, 6, 6, 6, 7, 10, 8, 8, 8, 8, 8, 7, 7, 7, 7, 7, 7, 7, 7, 7, 8, 5, 7, 7, 7, 7, 5, 7, 6, 6, 6, 6, 6, 6, 6, 6, 6, 6, 5, 7, 7, 7, 8, 7, 6, 5, 5, 5, 6, 6, 6, 6, 5, 9, 5, 9, 5, 5, 6, 6, 6, 6, 6, 7, 8, 7, 6, 7, 7, 7, 7, 8, 8, 8, 8, 9, 9, 9, 9, 10, 11, 11, 7, 10, 7, 7, 7, 7, 7, 8, 9, 9, 10, 10, 9, 9, 9, 11, 11, 11, 11, 11, 11, 11, 10, 10, 10, 10, 10, 10, 10, 10, 9, 10, 10, 11, 11, 12, 11, 10, 10, 11, 10, 10, 10, 10, 10, 10, 10, 10, 11, 11, 10, 11, 12, 10, 10, 9, 11, 9, 12, 10, 10, 10, 10, 12, 12, 14, 13, 14, 13, 15, 14, 13, 14, 12, 12, 12, 12, 12, 12, 12, 12, 12, 12, 12, 15, 13, 15, 14, 15, 13, 13, 12, 13, 13, 13, 12, 16, 17, 15, 11, 14, 14, 12, 12, 13, 11, 11, 11, 11, 7, 9, 14, 14, 14, 12, 8, 10, 8, 8, 8, 8, 8, 8, 8, 8, 8, 8, 9, 8, 9, 9, 7, 8, 8, 8, 8, 8, 9, 9, 9, 9, 7, 7, 6, 5, 5, 5, 7, 6, 6, 8, 8, 8, 8, 8, 8, 8, 8, 9, 10, 9, 9, 9, 10, 9, 8, 8, 8, 8, 8, 8, 8, 7, 8, 9, 11, 9, 9, 9, 11, 11, 11, 11, 13, 12, 12]
Trade Returns: [-0.0028620588589212347, 0.0013944999999999663, -0.0025974086823431983, -0.0023543001309382673, 0.004221442148990723, 0.003079408576372763, 0.0003100090556062336, 0.002510916248678037, -0.001327922814374787, -0.00047307217124611934, -0.0015532407469505247, -0.0016407888046029856, -0.002181871974037282, -0.0021866429490049423, -0.0022415958589465977, 0.003635393079390315, -0.0030399599347226114, -0.0028878948433865848, -0.003160805786531552, 0.001650345110071621, -0.00025117110990235687, 0.00041130326801338933, 0.007312149593938783, 0.0039657202545010884, 0.0009321417035338353, -0.002031942365708676, 0.00018786966456134146, 0.003106411186027505, -0.0021577485566083056, -0.0008132990307356836, -0.0018405671350609045, -0.002610867715636113, 0.002453325757927158, 0.0028969765704821575, 0.0038226833668985752, -0.00017449072628438945, 0.003920472346831247, 0.0028297890350100887, -0.00168941421709165, -0.0002847617779565963, -2.54906228594257e-05, -0.0017317298313963261, -0.0023642389442605338, -0.002239840254080007, 0.0023588316935886644, 0.009622092028561863, 0.004133324419887369, -0.0018935232867805165, -0.0003854038380973737, 0.008618627450980458, 0.009929749721531997, -0.0025883727634208246, -0.001672687624362711, 0.0003015222374827043, -0.0020882929042928995, -0.00011387089816529625, -0.0012900526784404452, -0.000956919443182669, -0.0015140025160733743, -0.0014265551676954976, -0.0017947263170543454, 0.004982610155116955, -0.0022175906715672304, -0.0014659231239669169, 0.0010576145432776313, -0.0014304810296426186, -0.0017934781902493146, -0.002307081895766396, -0.002245109186425248, 0.0037225609863058315, -0.001859181822846387, 0.0012450868633528298, -0.002532216462980341, -0.0021476080574620747, -0.001633983520183902, 0.005213518789475504, -0.0020145455329187664, -0.00198346535531321, 0.0011544816988216513, -0.002093331596104742, -0.00247727358495886, -0.0031217365146152458, 0.005718118211722123, 0.002153913322487687, -0.001477733556343646, -0.0019103640498623492, -0.0014428822832832106, -0.001447306826985141, 0.00435888372099435, -0.0016165377542718498, 0.0005538049242717738, 0.0022785560790715017, -0.0019644984994820983, 0.003993425034059636, -0.0022343217941769656, 0.00336807005523223, 0.004342244344560821, -0.0022179919686343154, -0.0019922756654205606, -0.002250134230336392, -0.0026449541094088454, -0.0022510459824046057, 0.0006230800045625467, -0.0017509175716247842, -0.002724204684739994, -0.0012496637054592679, 0.001957282826785775, -0.002098649692605881, 0.013132525808901138, -0.0028843278562877966, -0.002208774992004871, -0.00179130154396581, -4.158673711912597e-05, -0.0022431098717866573, -0.0020384565896848783, 0.0006252523565077855]
Daily Returns: [-0.0028620588589212347, 0.0013944999999999663, 0, 0, 0, 0, 0, 0, 0, 0, 0, 0, -0.0025974086823431983, 0, 0, -0.0023543001309382673, 0, 0, 0, 0, 0, 0, 0, 0, 0, 0, 0, 0, 0, 0, 0, 0.004221442148990723, 0, 0, 0.003079408576372763, 0, 0, 0, 0, 0, 0.0003100090556062336, 0, 0, 0.0007099212630571307, 0, 0, -0.0015532407469505247, 0, 0, 0, 0, -0.0016407888046029856, 0, 0, 0, 0, 0, 0, 0, 0, -0.002181871974037282, 0, 0, 0, 0, 0, -0.0021866429490049423, 0.001393797220443717, 0, 0, 0, 0, 0, 0, 0, 0, 0, 0, -0.0030399599347226114, -0.006048700629918137, 0, 0.001650345110071621, 0.00016013215811103246, 0, 0, 0, 0, 0, 0, 0, 0, 0, 0, 0, 0, 0, 0, 0, 0, 0, 0, 0.007312149593938783, 0, 0, 0, 0, 0.0039657202545010884, 0.0009321417035338353, -0.002031942365708676, 0, 0, 0, 0, 0, 0, 0, 0, 0, 0, 0, 0.00018786966456134146, 0.00013536359868351574, 0, 0, 0, 0, 0, 0, 0, 0, -0.0018405671350609045, 0, 0, 0, 0, 0, 0, 0, 0, 0, 0, 0, 0, 0, 0, -0.002610867715636113, 0, 0.002453325757927158, 0, 0, 0.0065451692110963435, 0.003920472346831247, 0, 0, 0, 0.0028297890350100887, 0, -0.0019741759950482464, 0, 0, -2.54906228594257e-05, 0, 0, 0, 0, 0, 0, 0, 0, -0.0017317298313963261, 0, 0, 0, 0, 0, -0.0023642389442605338, 0, -0.002239840254080007, 0.0023588316935886644, 0, 0, 0.009622092028561863, 0, 0, 0, 0, 0.004133324419887369, 0, 0, 0, 0, 0, 0, 0, 0, -0.0018935232867805165, 0, 0, 0, 0, 0, 0, 0, 0, 0, 0, 0, 0, 0, 0, -0.0003854038380973737, 0, 0, 0, 0, 0, 0.008618627450980458, 0, 0, 0, 0, 0, 0, 0.007341376958111172, 0, 0, 0, -0.001672687624362711, 0, 0.0003015222374827043, 0, 0, 0, 0, -0.0020882929042928995, 0, 0, 0, 0, 0, 0, -0.00011387089816529625, 0, 0, 0, 0, 0, 0, 0, 0, 0, -0.0012900526784404452, 0, 0, 0, 0, 0, -0.000956919443182669, 0, 0, 0, 0, 0, -0.0015140025160733743, -0.0014265551676954976, 0, 0, 0, -0.0017947263170543454, 0, 0.004982610155116955, 0, -0.0022175906715672304, 0, 0, 0, 0, -0.0014659231239669169, 0, 0, 0.0010576145432776313, 0, -0.0014304810296426186, 0, 0, 0, -0.0017934781902493146, 0, 0, 0, 0, -0.002307081895766396, 0, 0, 0, 0, 0, 0, 0, -0.002245109186425248, 0, 0.0037225609863058315, 0, -0.001859181822846387, 0, 0, 0, 0.0012450868633528298, 0, 0, 0, 0, 0, -0.002532216462980341, 0, -0.0021476080574620747, 0, 0, 0, 0, 0, 0, -0.001633983520183902, 0, 0.005213518789475504, -0.0020145455329187664, 0, 0, 0, 0, 0, 0, 0, 0, 0, -0.00198346535531321, 0.0011544816988216513, 0, 0, -0.002093331596104742, -0.00247727358495886, 0, 0, -0.0031217365146152458, 0, 0, 0, 0.005718118211722123, 0, 0, 0, 0, 0, 0.002153913322487687, 0, 0, -0.001477733556343646, 0, 0, 0, 0, 0, 0, -0.0033532463331455596, 0, 0, 0, -0.001447306826985141, 0, 0.00435888372099435, 0, -0.0016165377542718498, 0, 0, 0, 0.0005538049242717738, 0, 0, 0, 0.0022785560790715017, 0, -0.0019644984994820983, 0, 0, 0, 0.003993425034059636, 0, 0, 0, -0.0022343217941769656, 0.00336807005523223, 0, 0, 0.0021242523759265057, 0, 0, 0, 0, 0, 0, 0, 0, -0.0019922756654205606, 0, 0, 0, 0, 0, 0, 0, 0, 0, 0, -0.002250134230336392, 0, -0.0026449541094088454, 0, 0, 0, 0, -0.0022510459824046057, 0, 0, 0, 0, 0, 0, 0, 0, 0, 0, 0, 0, 0, 0, 0, 0, 0.0006230800045625467, 0, 0, 0, 0, -0.0017509175716247842, 0, 0, -0.003973868390199262, 0, 0, 0.001957282826785775, 0, -0.002098649692605881, 0, 0, 0, 0, 0, 0.013132525808901138, 0, 0, 0, 0, 0, -0.0028843278562877966, 0, 0, 0, 0, 0, 0, 0, 0, -0.002208774992004871, 0, 0, -0.001832888281084936, 0, 0, -0.0022431098717866573, 0, 0, 0, 0, 0, 0, -0.0020384565896848783, 0, 0, 0, 0, 0, 0.0006252523565077855]
Start Date: 2022-02-03
End Date: 2023-08-29
Sharpe Ratio: 0.011
Annualized Sharpe: 0.172
Sharpe 95% CI: (np.float64(-1.343), np.float64(1.42))
Sortino Ratio: 0.019
CAGR: 0.004
Calmar Ratio: 0.143
Daily Win Rate (%): 0.362
Max Drawdown: 0.026
Profit Factor: 1.057
Expectancy: 6.8e-05
Average Win: 0.003431
Average Loss: 0.001841
Total Trades: 116
Total Days: 491

Rolling 4 - Variant 4 - atr_0.25_7 - Test Metrics
Contracts: [10, 11, 6, 10, 10, 7, 6, 6, 6, 6, 6, 6, 7, 10, 8, 8, 8, 8, 8, 7, 7, 7, 7, 7, 7, 7, 7, 7, 8, 5, 7, 7, 7, 7, 5, 7, 6, 6, 6, 6, 6, 6, 6, 6, 6, 6, 5, 7, 7, 7, 8, 7, 6, 5, 5, 5, 6, 6, 6, 6, 5, 9, 5, 9, 5, 5, 6, 6, 6, 6, 6, 7, 8, 7, 6, 7, 7, 7, 7, 8, 8, 8, 8, 9, 9, 9, 9, 10, 11, 11, 7, 10, 7, 7, 7, 7, 7, 8, 9, 9, 10, 10, 9, 9, 9, 11, 11, 11, 11, 11, 11, 11, 10, 10, 10, 10, 10, 10, 10, 10, 9, 10, 10, 11, 11, 12, 11, 10, 10, 11, 10, 10, 10, 10, 10, 10, 10, 10, 11, 11, 10, 11, 12, 10, 10, 9, 11, 9, 12, 10, 10, 10, 10, 12, 12, 14, 13, 14, 13, 15, 14, 13, 14, 12, 12, 12, 12, 12, 12, 12, 12, 12, 12, 12, 15, 13, 15, 14, 15, 13, 13, 12, 13, 13, 13, 12, 16, 17, 15, 11, 14, 14, 12, 12, 13, 11, 11, 11, 11, 7, 9, 14, 14, 14, 12, 8, 10, 8, 8, 8, 8, 8, 8, 8, 8, 8, 8, 9, 8, 9, 9, 7, 8, 8, 8, 8, 8, 9, 9, 9, 9, 7, 7, 6, 5, 5, 5, 7, 6, 6, 8, 8, 8, 8, 8, 8, 8, 8, 9, 10, 9, 9, 9, 10, 9, 8, 8, 8, 8, 8, 8, 8, 7, 8, 9, 11, 9, 9, 9, 11, 11, 11, 11, 13, 12, 12]
Trade Returns: [0.01305744314225816, -0.0029786849943907894, 0.0008915201548625435, 0.006069782047847472, 0.00034843767397458214, -0.002245082493368135, 0.0024580916078958694, -0.0021311551376795015, -0.001956175165288663, 0.0030735804816616947, -0.0023712918153484005, 0.0034426203511531794, -0.0017801259087708262, 0.0009166065253382835, -0.002074590524346057, -0.002306212572330237, -0.0012465499344475504, -0.0017710939285012042, -0.0025576901052357065, -0.002470993999361603, -0.002464903238250878, -0.0005162900222448812, -0.0027773299662233733, -0.0010166929334909998, 0.00754055004913302, -0.002346714567842475, 0.0037612325967535487, 0.00020241589729472006, 0.004113001665584608, -0.0014414918608287078, -0.0019440958795919323, -0.001960783257285552, -0.0017143754146025016, -0.0020199689135097206, 0.00438863152936031, -0.0018857077354268916, -0.0007405121515296534, 0.0002820225924619703, -0.0025320361988480336, 0.0038986702603391126, -0.002370676713323046, -0.0005647631848844503, 0.00259549778548689, 0.0014157932894879415, 0.00038888055402978345, -0.001806654941688153, -0.002176484485876653, 0.009206902865235386, -0.0024525389641230993, 0.0063720776034277135, -0.0019353725200501439, -0.0023224055063075597, 0.00586627808490916, -0.0021450615048030247, -0.002260459598713245, -0.00315504836115757, -0.0028780260446946327, -0.0011632969007796567, 0.0010498347306218978, 0.00278191748784799, -0.0024894893010410563, 0.005439140261778454, -0.0015568717568922824, 0.00010391619792269393, 0.00041970762866809925, -0.0022419933274830466, -0.0033539452176271135, 0.0023364200448768024, 0.011121626839928764, -0.002001277132069449, -0.002250857699518946, 0.0009631125203661712, -0.0008421549783349274, -0.0022969546905749773, 0.0032093698196616837, 0.0024827001231768468, 0.0007609073827876759, 0.0018063586089703473, -0.001411888084131834, -0.0012444351059096603, -0.0037583162053124925, -0.004121231237703662, -0.0028141908170579394, 0.00578399183891098, -0.0026100738047238467, 0.011986903013166874, 0.0009760371632204325, -0.002385291725143229, 0.0045040463869668946, 0.0016992193994343208, -0.001954592145823488, -0.0016214917155818428, -0.0017168532420013072, 0.0020322788393468505, 0.004400328289780474, -0.002358115447908793, -0.0022602304597464607, -0.002101057155699165, 0.004800567297585532, -0.0022110100805424198, -0.0019776365191021853, 0.010758215722466885, -0.0021676232235450206, -0.0016262315670142033, -0.0018641167405036066, -0.0018606482749061648, -0.002636551890747784, 0.0022534148757593518, -0.0022676581201854446, 0.0006167389822121864, 0.0023415249062015316, -0.0018709151039670547, 0.008467544375300175, 0.0014000525860289475, 0.0013141557472657857, -0.0039991912030150414, 0.004593459505335143, -0.0026473761630951553, 0.003707615881758064, -0.0016116329205958467, -0.0016082716206129658, 0.003539228149319771, -0.0016030925394208372, 0.00013912320122771283, 0.004230803982106591, 0.0025909882345510503, -0.00017548369119867015, -0.001888779588921076, 0.0004440031961363463, -0.001843854395363217, -3.2850372379035436e-05, -0.0017995719570459631, -0.002943018129095, 0.004734088395675772, -0.0018772652232672748, -0.0021975584962182926, -0.0026799662591000593, 0.0016033997156795947, -0.001859180619772046, 6.316657405924821e-05, -0.0008996816884975514, -0.0006113784526583278, -0.0022028488822427132, -0.001966104699037586, 0.0017078015588138326, -0.0016766144761121106, -0.002052760679642486, 0.00028916671453041974, -0.0018877476114724785, -0.002252295733791986, 0.0010421699392253309, -0.001836794247105555, -0.002048813779743876, 0.004904555684349127, -0.00210957328238583, 0.0026224243137264293, 0.0038902263224884475, 0.002459190544397428, -0.0030148355248408617, 0.009089846083674228]
Daily Returns: [0, 0, 0.010078758147867371, 0, 0, 0.0008915201548625435, 0, 0, 0, 0, 0, 0.006069782047847472, 0, 0, 0, 0, 0.00034843767397458214, 0, 0, 0, 0, 0, 0, 0, -0.002245082493368135, 0, 0, 0, 0, 0, 0, 0, 0.0024580916078958694, 0, 0, 0, 0, 0, 0, 0, 0, 0, -0.0021311551376795015, 0.0011174053163730316, 0, 0, -0.0023712918153484005, 0, 0.0034426203511531794, -0.0017801259087708262, 0, 0, 0, 0.0009166065253382835, 0, -0.002074590524346057, -0.002306212572330237, 0, 0, 0, 0, -0.0012465499344475504, 0, 0, 0, -0.00432878403373691, 0, 0, 0, 0, 0, 0, 0, 0, 0, 0, 0, 0, 0, -0.002470993999361603, -0.002464903238250878, 0, 0, 0, 0, 0, 0, 0, 0, -0.0005162900222448812, 0, -0.0027773299662233733, 0, 0, 0, 0, 0, -0.0010166929334909998, 0, 0, 0, 0, 0, 0.00754055004913302, 0, 0, 0, 0, 0, 0, 0, 0, 0, 0, 0, 0, 0, 0, 0, 0, 0, 0, 0, 0, 0, 0, 0, 0, 0, 0, 0, 0, 0, 0, -0.002346714567842475, 0, 0, 0, 0, 0.003963648494048269, 0.004113001665584608, 0, 0, -0.0014414918608287078, 0, 0, 0, 0, 0, 0, 0, 0, 0, 0, 0, 0, -0.0019440958795919323, 0, 0, 0, 0, 0, -0.001960783257285552, 0, 0, 0, 0, 0, -0.0017143754146025016, -0.0020199689135097206, 0, 0, 0.00438863152936031, 0, -0.0018857077354268916, -0.0007405121515296534, 0.0002820225924619703, 0, 0, 0, 0, 0, 0, 0, 0, 0, 0, 0, -0.0025320361988480336, 0, 0, 0, 0, 0.0038986702603391126, -0.002370676713323046, 0, 0, 0, 0, -0.0005647631848844503, 0.004011291074974831, 0, 0.00038888055402978345, -0.003983139427564806, 0, 0, 0, 0, 0, 0, 0.0067543639011122866, 0.0063720776034277135, 0, 0, 0, 0, 0, -0.0019353725200501439, 0, 0, 0, 0, -0.0023224055063075597, 0, 0, 0, 0, 0, 0.00586627808490916, 0, 0, 0, 0, 0, -0.0021450615048030247, 0, -0.002260459598713245, 0, 0, 0, 0, 0, -0.00315504836115757, 0, -0.0028780260446946327, 0, 0, -0.0011632969007796567, 0, 0, 0, 0, 0, 0, 0, 0, 0.0010498347306218978, 0.00278191748784799, 0, 0, 0, -0.0024894893010410563, 0.005439140261778454, 0, 0, 0, 0, 0, 0, 0, 0, -0.0015568717568922824, 0, 0, 0, 0, 0.00010391619792269393, 0, 0, 0, 0, 0, 0.00041970762866809925, 0, 0, 0, -0.0022419933274830466, 0, 0, 0, -0.0033539452176271135, 0, 0, 0, 0, 0, 0.0023364200448768024, 0, 0, 0.011121626839928764, 0, 0, 0, 0, 0, 0, 0, 0, 0, 0, 0, 0, 0, 0, 0, 0, 0, 0, 0, -0.002001277132069449, 0, 0, 0, 0, 0, 0, -0.002250857699518946, 0, 0.0009631125203661712, 0, 0, 0, 0, 0, 0, 0, -0.0008421549783349274, 0, 0.0009124151290867064, 0, 0, 0, 0, 0.0024827001231768468, 0, 0, 0, 0, 0, 0, 0, 0, 0, 0, 0, 0.0007609073827876759, 0, 0, 0, 0, 0, 0, 0, 0, 0.0003944705248385134, -0.0012444351059096603, 0, 0, 0, 0, 0, 0, -0.007879547443016154, 0, 0, 0, 0, 0, 0, -0.0028141908170579394, 0, 0, 0, 0.00578399183891098, 0, -0.0026100738047238467, 0.011986903013166874, 0, 0, 0.0009760371632204325, -0.002385291725143229, 0, 0.0045040463869668946, 0, 0.0016992193994343208, 0, 0, -0.001954592145823488, 0, 0, 0, -0.0016214917155818428, 0, 0, 0, 0, 0, 0, 0, 0, 0, 0, 0, 0, 0, 0, 0, 0, -0.0017168532420013072, 0, 0, 0.0020322788393468505, 0, 0, 0.004400328289780474, -0.002358115447908793, 0, 0, 0, 0, 0, -0.0022602304597464607, 0, 0, 0, 0, -0.002101057155699165, 0, 0, 0, 0.004800567297585532, 0, 0, -0.0022110100805424198, 0, 0, 0, 0, 0, 0, -0.0019776365191021853, 0, 0, 0, 0, 0, 0.008590592498921863, 0, 0, 0, 0, 0, 0, 0, 0, 0, 0, 0, 0, -0.005350996582423975, 0, 0, 0, -0.002636551890747784, 0, 0, 0.0022534148757593518, 0, 0, 0, 0, 0, -0.0022676581201854446, 0, 0, 0.0006167389822121864, 0, 0, 0, 0, 0, 0, 0, 0, 0, 0, 0.0023415249062015316, 0, 0.006596629271333121, 0, 0, 0, 0, 0.0014000525860289475, 0.0013141557472657857, -0.0039991912030150414, 0.004593459505335143, 0, 0, 0, 0, 0, 0, 0, 0, 0, -0.0026473761630951553, 0, 0, 0, 0, 0, 0.0020959829611622172, 0, 0, 0, 0, -0.0016082716206129658, 0, 0, 0, 0, 0, 0, 0.003539228149319771, 0, 0, 0, -0.0016030925394208372, 0, 0, 0, 0.00013912320122771283, 0, 0, 0, 0.004230803982106591, 0, 0.0025909882345510503, 0, 0, 0, 0, 0, 0, 0, -0.002064263280119746, -0.0014327015716059063, 0, 0, 0, 0, 0, 0, 0, 0, -0.0017995719570459631, 0, -0.002943018129095, 0, 0, 0, 0, 0, 0, 0, 0, 0, 0, 0, 0.002856823172408497, 0, 0, 0, 0, 0, 0, 0, 0, 0, 0, 0, -0.0021975584962182926, 0, 0, 0, 0, 0, 0, -0.0026799662591000593, 0, 0, 0, 0, 0.0016033997156795947, 0, 0, 0, 0, 0, 0, -0.001859180619772046, 0, 6.316657405924821e-05, -0.0008996816884975514, 0, 0, -0.0006113784526583278, 0, 0, -0.0022028488822427132, 0, -0.001966104699037586, 0, 0, 0, 0.0017078015588138326, 0, 0, -0.0016766144761121106, 0, 0, -0.002052760679642486, 0, 0, 0, 0, 0.00028916671453041974, -0.0018877476114724785, -0.002252295733791986, 0.0010421699392253309, 0, 0, 0, 0, 0, 0, 0, -0.001836794247105555, 0, 0, 0, 0, -0.002048813779743876, 0, 0, 0.0027949824019632974, 0, 0, 0, 0.0026224243137264293, 0, 0, 0, 0, 0, 0.0038902263224884475, 0, 0, 0, 0, 0, 0, 0, 0, 0, 0, 0.002459190544397428, -0.0030148355248408617, 0.009089846083674228, 0, 0, 0, 0, 0, 0]
Start Date: 2023-08-30
End Date: 2025-11-06
Sharpe Ratio: 0.034
Annualized Sharpe: 0.541
Sharpe 95% CI: (np.float64(-0.74), np.float64(1.609))
Sortino Ratio: 0.051
CAGR: 0.013
Calmar Ratio: 0.53
Daily Win Rate (%): 0.412
Max Drawdown: 0.025
Profit Factor: 1.188
Expectancy: 0.000225
Average Win: 0.003451
Average Loss: 0.002039
Total Trades: 160
Total Days: 686



Rolling 5 - Variant 0 - atr_0.25_2 - Fit Metrics
Contracts: [10, 11, 6, 10, 10, 7, 6, 6, 6, 6, 6, 6, 7, 10, 8, 8, 8, 8, 8, 7, 7, 7, 7, 7, 7, 7, 7, 7, 8, 5, 7, 7, 7, 7, 5, 7, 6, 6, 6, 6, 6, 6, 6, 6, 6, 6, 5, 7, 7, 7, 8, 7, 6, 5, 6, 5, 6, 6, 6, 6, 5, 9, 5, 10, 5, 5, 6, 6, 6, 6, 6, 7, 8, 7, 6, 7, 7, 7, 7, 8, 8, 8, 8, 9, 9, 9, 9, 10, 11, 11, 8, 10, 7, 7, 7, 7, 7, 8, 9, 9, 10, 10, 9, 9, 10, 11, 11, 12, 11, 11, 11, 11, 11, 10, 10, 10, 10, 10, 10, 10, 10, 10, 10, 11, 11, 11, 11, 9, 10, 10, 10, 10, 10, 10, 10, 10, 10, 10, 10, 10, 10, 11, 12, 10, 10, 9, 11, 9, 12, 10, 10, 10, 10, 12, 12, 14, 13, 13, 13, 15, 14, 13, 14, 12, 12, 12, 12, 12, 12, 12, 12, 12, 12, 12, 15, 13, 14, 14, 15, 13, 13, 12, 13, 13, 13, 12, 16, 17, 15, 12, 14, 15, 12, 12, 13, 11, 11, 11, 11, 7, 9, 14, 14, 14, 12, 8, 10, 8, 8, 8, 8, 8, 8, 8, 8, 8, 8, 9, 8, 9, 9, 7, 8, 8, 8, 8, 8, 9, 9, 9, 9, 7, 7, 6, 5, 5, 5, 7, 6, 6, 8, 8, 8, 8, 8, 8, 8, 9, 9, 10, 9, 9, 9, 10, 9, 8, 8, 8, 8, 8, 8, 8, 7, 8, 9, 11, 9, 9, 9, 11, 11, 11, 11, 13, 12, 12]
Trade Returns: [-0.0028519130669272417, 0.004957, -0.002588216794124713, -0.0023459469521189286, 0.00420642903359948, 0.0037768024285579228, 0.0003086965370428791, 0.002425994393230988, -0.0013224117517672176, -0.00047106989299046284, -0.001546786048114515, -0.0016339597250258394, -0.0021727569559380623, -0.002177488108372, 0.004061579645388013, 0.004144646944603902, -0.003006675296754859, -0.0028561798151466233, -0.003125994206393061, 0.0016321120138351602, -0.00024840068042928813, 0.00040676544590433143, 0.0033819145261697685, 0.0031089380399181507, 0.0009262443191911875, 0.0036380300984067493, 0.00018590147458356655, 0.0037635465359440417, -0.002133749590446895, -0.0008042339929425151, -0.0018202688031566697, -0.0025816417148964805, 0.004580005012630371, 0.004115456995707519, 0.0037672028305422785, -0.00017196775868638122, 0.004817686492001315, 0.003261044033587818, -0.001662780972789467, -0.0002802650940324995, -2.5087986632195244e-05, -0.0017123780768268846, -0.002326889569318319, -0.0022043735566804794, 0.004073816392404485, 0.004734199683961813, 0.004080538152835539, -0.001869439567421927, -0.00038213674095864474, 0.004257891234650052, 0.0039522162858846915, -0.002581703030876911, -0.0016513728667552747, 0.000300741636401179, -0.0020828978517353778, -0.00011207220931574927, 0.002330360419754242, -0.0009510073475102415, -0.001513463446919689, -0.0014260464647611983, -0.0017747061816528308, 0.003501628217565922, -0.002216798759750302, -0.0014653984730390406, 0.0010572354696729471, -0.0014299688535239373, -0.00179283512536664, -0.002306253188737704, -0.002244297502284026, 0.0034654915259652985, -0.001858508152796431, 0.002858908464690238, -0.002527871223820836, -0.0021468332902049862, -0.0016311785584658008, 0.0033615818989833767, -0.002013820232632757, -0.001985139303160986, 0.0011554579629878524, -0.0020950997367406377, -0.0024793704167536145, 0.005761326066344613, 0.004993770354621885, 0.002150207878013915, -0.0016649994912075327, -0.001883699137666409, -0.001422704485112399, -0.0014270059607283613, 0.0020918154158573927, -0.0015938992860779267, 0.0005472610893544942, 0.002251594734264223, -0.0019412984123651639, 0.004913029611686007, -0.002205922743833107, 0.0033251660052105647, 0.003854683811279336, -0.002434328181900505, -0.001964522058611414, 0.003929918177864142, -0.002609146082345951, -0.002422353879670676, 0.0006130356838571614, -0.0018948585521188167, -0.0026802621967715635, -0.001229530925052332, 0.003517134274460067, -0.0020899006679294743, 0.003576100592709489, -0.002865008774539957, -0.0022036688828451093, -0.0017871513784639052, -4.1490214653498336e-05, -0.0022071486493439015, -0.0020339498151018378, 0.0006238671837585538, 0.004356690737200255, -0.002972090183874802, 0.003654655567669822, 0.003540794709017862, 0.00035155947480002963, -0.002227141722921375, 0.0022542104654427464, -0.002150258688990024, -0.0019737479923780275, 0.003101217322082794, -0.002392021400804568, 0.003594882621069938, -0.001796148865166429, 0.0009247314498220407, -0.0020929629863647024, -0.0020941808822032863, -0.001257050798414284, -0.0017860322987801908, -0.0023452593196779032, 0.0044900630407006745, -0.002485780684447931, -0.0005170677606271361, -0.0027815020940529524, -0.0011270367776321864]
Daily Returns: [-0.0028519130669272417, 0.004957, 0, 0, 0, 0, 0, 0, 0, 0, 0, 0, -0.002588216794124713, 0, 0, -0.0023459469521189286, 0, 0, 0, 0, 0, 0, 0, 0, 0, 0, 0, 0, 0, 0, 0, 0.00420642903359948, 0, 0, 0.0037768024285579228, 0, 0, 0, 0, 0, 0.0003086965370428791, 0, 0, 0.0006325127484733076, 0, 0, -0.001546786048114515, 0, 0, 0, 0, -0.0016339597250258394, 0, 0, 0, 0, 0, 0, 0, 0, -0.0021727569559380623, 0, 0, 0, 0, 0, -0.002177488108372, 0.008206226589991915, 0, 0, 0, 0, 0, 0, 0, 0, 0, 0, -0.003006675296754859, -0.005982174021539685, 0, 0.0016321120138351602, 0.0001583647654750433, 0, 0, 0, 0, 0, 0, 0, 0, 0, 0, 0, 0, 0, 0, 0, 0, 0, 0, 0.0033819145261697685, 0, 0, 0, 0, 0.0031089380399181507, 0.0009262443191911875, 0.0036380300984067493, 0, 0, 0, 0, 0, 0, 0, 0, 0, 0, 0, 0.00018590147458356655, 0.0008255629525546318, 0, 0, 0, 0, 0, 0, 0, 0, -0.0018202688031566697, 0, 0, 0, 0, 0, 0, 0, 0, 0, 0, 0, 0, 0, 0, -0.0025816417148964805, 0, 0.004580005012630371, 0, 0, 0.0077106920675634166, 0.004817686492001315, 0, 0, 0, 0.003261044033587818, 0, -0.0019430460668219665, 0, 0, -2.5087986632195244e-05, 0, 0, 0, 0, 0, 0, 0, 0, -0.0017123780768268846, 0, 0, 0, 0, 0, -0.002326889569318319, 0, -0.0022043735566804794, 0.004073816392404485, 0, 0, 0.004734199683961813, 0, 0, 0, 0, 0.004080538152835539, 0, 0, 0, 0, 0, 0, 0, 0, -0.001869439567421927, 0, 0, 0, 0, 0, 0, 0, 0, 0, 0, 0, 0, 0, 0, -0.00038213674095864474, 0, 0, 0, 0, 0, 0.004257891234650052, 0, 0, 0, 0, 0, 0, 0.0013705132550077804, 0, 0, 0, -0.0016513728667552747, 0, 0.000300741636401179, 0, 0, 0, 0, -0.0020828978517353778, 0, 0, 0, 0, 0, 0, -0.00011207220931574927, 0, 0, 0, 0, 0, 0, 0, 0, 0, 0.002330360419754242, 0, 0, 0, 0, 0, -0.0009510073475102415, 0, 0, 0, 0, 0, -0.001513463446919689, -0.0014260464647611983, 0, 0, 0, -0.0017747061816528308, 0, 0.003501628217565922, 0, -0.002216798759750302, 0, 0, 0, 0, -0.0014653984730390406, 0, 0, 0.0010572354696729471, 0, -0.0014299688535239373, 0, 0, 0, -0.00179283512536664, 0, 0, 0, 0, -0.002306253188737704, 0, 0, 0, 0, 0, 0, 0, -0.002244297502284026, 0, 0.0034654915259652985, 0, -0.001858508152796431, 0, 0, 0, 0.002858908464690238, 0, 0, 0, 0, 0, -0.002527871223820836, 0, -0.0021468332902049862, 0, 0, 0, 0, 0, 0, -0.0016311785584658008, 0, 0.0033615818989833767, -0.002013820232632757, 0, 0, 0, 0, 0, 0, 0, 0, 0, -0.001985139303160986, 0.0011554579629878524, 0, 0, -0.0020950997367406377, -0.0024793704167536145, 0, 0, 0.005761326066344613, 0, 0, 0, 0.004993770354621885, 0, 0, 0, 0, 0, 0.002150207878013915, 0, 0, -0.0016649994912075327, 0, 0, 0, 0, 0, 0, -0.003306403622778808, 0, 0, 0, -0.0014270059607283613, 0, 0.0020918154158573927, 0, -0.0015938992860779267, 0, 0, 0, 0.0005472610893544942, 0, 0, 0, 0.002251594734264223, 0, -0.0019412984123651639, 0, 0, 0, 0.004913029611686007, 0, 0, 0, -0.002205922743833107, 0.0033251660052105647, 0, 0, 0.001420355629378831, 0, 0, 0, 0, 0, 0, 0, 0, -0.001964522058611414, 0, 0, 0, 0, 0, 0, 0, 0, 0, 0, 0.003929918177864142, 0, -0.002609146082345951, 0, 0, 0, 0, -0.002422353879670676, 0, 0, 0, 0, 0, 0, 0, 0, 0, 0, 0, 0, 0, 0, 0, 0, 0.0006130356838571614, 0, 0, 0, 0, -0.0018948585521188167, 0, 0, -0.0039097931218238955, 0, 0, 0.003517134274460067, 0, -0.0020899006679294743, 0, 0, 0, 0, 0, 0.003576100592709489, 0, 0, 0, 0, 0, -0.002865008774539957, 0, 0, 0, 0, 0, 0, 0, 0, -0.0022036688828451093, 0, 0, -0.0018286415931174035, 0, 0, -0.0022071486493439015, 0, 0, 0, 0, 0, 0, -0.0020339498151018378, 0, 0, 0, 0, 0, 0.0006238671837585538, 0, 0, 0.0013846005533254529, 0, 0, 0.003654655567669822, 0, 0, 0, 0, 0, 0.003540794709017862, 0, 0, 0, 0, 0.00035155947480002963, 0, 0, 0, 0, 0, 0, 0, -0.002227141722921375, 0, 0, 0, 0, 0, 0, 0, 0.0022542104654427464, 0, 0, 0, 0, 0, 0, 0, 0, 0, -0.002150258688990024, 0.0011274693297047664, 0, 0, -0.002392021400804568, 0, 0.003594882621069938, -0.001796148865166429, 0, 0, 0, 0.0009247314498220407, 0, -0.0020929629863647024, -0.0020941808822032863, 0, 0, 0, 0, -0.001257050798414284, 0, 0, 0, -0.004131291618458094, 0, 0, 0, 0, 0, 0, 0, 0, 0, 0, 0, 0, 0, 0.0044900630407006745, -0.002485780684447931, 0, 0, 0, 0, 0, 0, 0, 0, -0.0005170677606271361, 0, -0.0027815020940529524, 0, 0, 0, 0, 0, -0.0011270367776321864]
Start Date: 2022-02-03
End Date: 2023-12-21
Sharpe Ratio: 0.018
Annualized Sharpe: 0.291
Sharpe 95% CI: (np.float64(-0.991), np.float64(1.505))
Sortino Ratio: 0.027
CAGR: 0.006
Calmar Ratio: 0.261
Daily Win Rate (%): 0.4
Max Drawdown: 0.022
Profit Factor: 1.089
Expectancy: 9.9e-05
Average Win: 0.003018
Average Loss: 0.001848
Total Trades: 140
Total Days: 589

Rolling 5 - Variant 0 - atr_0.25_2 - Test Metrics
Contracts: [10, 11, 6, 10, 10, 7, 6, 6, 6, 6, 6, 6, 7, 10, 8, 8, 8, 8, 8, 7, 7, 7, 7, 7, 7, 7, 7, 7, 8, 5, 7, 7, 7, 7, 5, 7, 6, 6, 6, 6, 6, 6, 6, 6, 6, 6, 5, 7, 7, 7, 8, 7, 6, 5, 6, 5, 6, 6, 6, 6, 5, 9, 5, 10, 5, 5, 6, 6, 6, 6, 6, 7, 8, 7, 6, 7, 7, 7, 7, 8, 8, 8, 8, 9, 9, 9, 9, 10, 11, 11, 8, 10, 7, 7, 7, 7, 7, 8, 9, 9, 10, 10, 9, 9, 10, 11, 11, 12, 11, 11, 11, 11, 11, 10, 10, 10, 10, 10, 10, 10, 10, 10, 10, 11, 11, 11, 11, 9, 10, 10, 10, 10, 10, 10, 10, 10, 10, 10, 10, 10, 10, 11, 12, 10, 10, 9, 11, 9, 12, 10, 10, 10, 10, 12, 12, 14, 13, 13, 13, 15, 14, 13, 14, 12, 12, 12, 12, 12, 12, 12, 12, 12, 12, 12, 15, 13, 14, 14, 15, 13, 13, 12, 13, 13, 13, 12, 16, 17, 15, 12, 14, 15, 12, 12, 13, 11, 11, 11, 11, 7, 9, 14, 14, 14, 12, 8, 10, 8, 8, 8, 8, 8, 8, 8, 8, 8, 8, 9, 8, 9, 9, 7, 8, 8, 8, 8, 8, 9, 9, 9, 9, 7, 7, 6, 5, 5, 5, 7, 6, 6, 8, 8, 8, 8, 8, 8, 8, 9, 9, 10, 9, 9, 9, 10, 9, 8, 8, 8, 8, 8, 8, 8, 7, 8, 9, 11, 9, 9, 9, 11, 11, 11, 11, 13, 12, 12]
Trade Returns: [0.0030915895701316763, -0.002350251483368681, 0.0029067849984728794, 0.00020289500791041432, 0.0025302832868713074, -0.0014471842271874934, -0.001949757887528504, -0.001963745467741977, -0.001719376721425747, -0.0018811667368200666, 0.002968692224290396, 0.0030491436426868385, -0.0007399656395854769, 0.00028284556300413425, -0.0025301663187205017, 0.004941947485983423, -0.0023907080678352184, -0.0005643440831127568, 0.004650094673553736, 0.0014118487879147058, 0.00038779863244518993, -0.0018016305164839552, -0.0021704206157401205, 0.003319860402527211, -0.0024600413667844167, 0.004634713716825862, -0.0019446646905883608, -0.002320686085657981, 0.0024837320238540192, -0.0020185042705140465, -0.002278740223175438, -0.003180621914279598, -0.002891871036423411, -0.0011727710740838647, 0.0010599817776433585, 0.0034451110720608836, -0.0025118644411741852, 0.003933897844000839, -0.001569531398747171, 0.0001038394490157697, 0.0036214014615953767, -0.0022284693915592415, -0.0033336686871247973, 0.0023220989722541325, 0.0032092640853539182, -0.0020047230603392097, -0.002254741156992048, 0.0009647724696608507, -0.0008436076387931122, -0.0022967939749415607, 0.005011618957058254, 0.0024869932637307454, 0.0008250456794649731, 0.0018013243907225576, -0.001407960307900201, -0.0012409682912906297, -0.003747833075540502, 0.007725193815717486, -0.002581059463962899, 0.0046785587134428284, -0.002633481107582066, 0.006086857592958318, 0.0009757931994823419, -0.0023846960947481875, 0.003050802276382679, 0.0016987940736564366, -0.0019541037282904444, -0.0016210857405567953, -0.0017179108378858837, 0.002019697536147998, 0.004210164515245211, -0.0023600173900567255, 0.004086556908196493, -0.0021027557758039176, 0.003929490694280579, -0.0021988143388211785, -0.001966704007339948, 0.0029638984197682045, -0.0021556168391068486, -0.0016297854810825535, -0.001868182910597877, -0.0018646993112112684, -0.0026358907019206125, 0.002247105745073891, -0.002272621877034773, 0.0033425422530467684, 0.00235452795063287, -0.0018812803350669036, 0.0050984918710002295, 0.006648282076338167, 0.0013145606762977873, -0.003998910739420082, 0.004577129451174134, -0.0026481908246076945, 0.002926779362269117, -0.0016121301757522168, -0.0016100211593870085, 0.0034214438240220348, -0.0015987088217760204, 0.0040921220546962555, 0.0031203624191637794, 0.002586752068730123, -0.00017519752238030105, -0.0018856989349183948, 0.0030138310051577677, -0.0018361249031938645, -3.271240932886689e-05, -0.00201601572072883, -0.0029312934153527567, 0.0030950046319944157, -0.0018697443087285926, -0.0021923197960693227, -0.0026692581311666564, 0.0015995603897910708, -0.0018547359383948461, 6.301528322341807e-05, -0.0008975269884846941, 0.00285113135287894, -0.0021899809426408866, -0.0019545944932201683, 0.001697783961864368, -0.001666796484716219, -0.0020407199656573382, 0.00028716761525839405, -0.00187470077279524, -0.002246914750188776, 0.0010396829555592375, -0.0018240757202954907, -0.002034601239903238, 0.003940377261384171, -0.002096921359842264, 0.003668065136394687, 0.004065785238533558, 0.003536720032239331, -0.0029929753243706165, 0.004991169152377847]
Daily Returns: [0, 0, 0, 0, 0, 0.0030915895701316763, 0, 0, 0, 0, 0, 0, 0, 0, 0, 0, 0, 0, 0, 0, 0, 0, 0, 0, 0, 0, 0, 0, 0, 0, 0, 0, 0, 0, 0, 0, -0.002350251483368681, 0, 0, 0, 0, 0.0031096800063832937, 0.0025302832868713074, 0, 0, -0.0014471842271874934, 0, 0, 0, 0, 0, 0, 0, 0, 0, 0, 0, 0, -0.001949757887528504, 0, 0, 0, 0, 0, -0.001963745467741977, 0, 0, 0, 0, 0, -0.001719376721425747, -0.0018811667368200666, 0, 0, 0.002968692224290396, 0, 0.0030491436426868385, -0.0007399656395854769, 0.00028284556300413425, 0, 0, 0, 0, 0, 0, 0, 0, 0, 0, 0, -0.0025301663187205017, 0, 0, 0, 0, 0.004941947485983423, -0.0023907080678352184, 0, 0, 0, 0, -0.0005643440831127568, 0.006061943461468442, 0, 0.00038779863244518993, -0.003972051132224076, 0, 0, 0, 0, 0, 0, 0.0008598190357427945, 0.004634713716825862, 0, 0, 0, 0, 0, -0.0019446646905883608, 0, 0, 0, 0, -0.002320686085657981, 0, 0, 0, 0, 0, 0.0024837320238540192, 0, 0, 0, 0, 0, -0.0020185042705140465, 0, -0.002278740223175438, 0, 0, 0, 0, 0, -0.003180621914279598, 0, -0.002891871036423411, 0, 0, -0.0011727710740838647, 0, 0, 0, 0, 0, 0, 0, 0, 0.0010599817776433585, 0.0034451110720608836, 0, 0, 0, -0.0025118644411741852, 0.003933897844000839, 0, 0, 0, 0, 0, 0, 0, 0, -0.001569531398747171, 0, 0, 0, 0, 0.0001038394490157697, 0, 0, 0, 0, 0, 0.0036214014615953767, 0, 0, 0, -0.0022284693915592415, 0, 0, 0, -0.0033336686871247973, 0, 0, 0, 0, 0, 0.0023220989722541325, 0, 0, 0.0032092640853539182, 0, 0, 0, 0, 0, 0, 0, 0, 0, 0, 0, 0, 0, 0, 0, 0, 0, 0, 0, -0.0020047230603392097, 0, 0, 0, 0, 0, 0, -0.002254741156992048, 0, 0.0009647724696608507, 0, 0, 0, 0, 0, 0, 0, -0.0008436076387931122, 0, 0.002714824982116693, 0, 0, 0, 0, 0.0024869932637307454, 0, 0, 0, 0, 0, 0, 0, 0, 0, 0, 0, 0.0008250456794649731, 0, 0, 0, 0, 0, 0, 0, 0, 0.0003933640828223566, -0.0012409682912906297, 0, 0, 0, 0, 0, 0, 0.003977360740176983, 0, 0, 0, 0, 0, 0, -0.002581059463962899, 0, 0, 0, 0.0046785587134428284, 0, -0.002633481107582066, 0.006086857592958318, 0, 0, 0.0009757931994823419, -0.0023846960947481875, 0, 0.003050802276382679, 0, 0.0016987940736564366, 0, 0, -0.0019541037282904444, 0, 0, 0, -0.0016210857405567953, 0, 0, 0, 0, 0, 0, 0, 0, 0, 0, 0, 0, 0, 0, 0, 0, -0.0017179108378858837, 0, 0, 0.002019697536147998, 0, 0, 0.004210164515245211, -0.0023600173900567255, 0, 0, 0, 0, 0, 0.004086556908196493, 0, 0, 0, 0, -0.0021027557758039176, 0, 0, 0, 0.003929490694280579, 0, 0, -0.0021988143388211785, 0, 0, 0, 0, 0, 0, -0.001966704007339948, 0, 0, 0, 0, 0, 0.0008082815806613559, 0, 0, 0, 0, 0, 0, 0, 0, 0, 0, 0, 0, -0.005362667702891699, 0, 0, 0, -0.0026358907019206125, 0, 0, 0.002247105745073891, 0, 0, 0, 0, 0, -0.002272621877034773, 0, 0, 0.0033425422530467684, 0, 0, 0, 0, 0, 0, 0, 0, 0, 0, 0.00235452795063287, 0, 0.0032172115359333257, 0, 0, 0, 0, 0.006648282076338167, 0.0013145606762977873, -0.003998910739420082, 0.004577129451174134, 0, 0, 0, 0, 0, 0, 0, 0, 0, -0.0026481908246076945, 0, 0, 0, 0, 0, 0.0013146491865169002, 0, 0, 0, 0, -0.0016100211593870085, 0, 0, 0, 0, 0, 0, 0.0034214438240220348, 0, 0, 0, -0.0015987088217760204, 0, 0, 0, 0.0040921220546962555, 0, 0, 0, 0.0031203624191637794, 0, 0.002586752068730123, 0, 0, 0, 0, 0, 0, 0, -0.002060896457298696, 0.0011449936926350363, 0, 0, 0, 0, 0, 0, 0, 0, -0.00201601572072883, 0, -0.0029312934153527567, 0, 0, 0, 0, 0, 0, 0, 0, 0, 0, 0, 0.0012252603232658231, 0, 0, 0, 0, 0, 0, 0, 0, 0, 0, 0, -0.0021923197960693227, 0, 0, 0, 0, 0, 0, -0.0026692581311666564, 0, 0, 0, 0, 0.0015995603897910708, 0, 0, 0, 0, 0, 0, -0.0018547359383948461, 0, 6.301528322341807e-05, -0.0008975269884846941, 0, 0, 0.00285113135287894, 0, 0, -0.0021899809426408866, 0, -0.0019545944932201683, 0, 0, 0, 0.001697783961864368, 0, 0, -0.001666796484716219, 0, 0, -0.0020407199656573382, 0, 0, 0, 0, 0.00028716761525839405, -0.00187470077279524, -0.002246914750188776, 0.0010396829555592375, 0, 0, 0, 0, 0, 0, 0, -0.0018240757202954907, 0, 0, 0, 0, -0.002034601239903238, 0, 0, 0.0018434559015419075, 0, 0, 0, 0.003668065136394687, 0, 0, 0, 0, 0, 0.004065785238533558, 0, 0, 0, 0, 0, 0, 0, 0, 0, 0, 0.003536720032239331, -0.0029929753243706165, 0.004991169152377847, 0, 0, 0, 0, 0, 0]
Start Date: 2023-12-22
End Date: 2025-11-06
Sharpe Ratio: 0.045
Annualized Sharpe: 0.718
Sharpe 95% CI: (np.float64(-0.574), np.float64(1.889))
Sortino Ratio: 0.071
CAGR: 0.014
Calmar Ratio: 0.686
Daily Win Rate (%): 0.456
Max Drawdown: 0.02
Profit Factor: 1.219
Expectancy: 0.000242
Average Win: 0.002946
Average Loss: 0.002024
Total Trades: 136
Total Days: 588



Rolling 5 - Variant 1 - atr_0.25_4 - Fit Metrics
Contracts: [10, 11, 6, 10, 10, 7, 6, 6, 6, 6, 6, 6, 7, 10, 8, 8, 8, 8, 8, 7, 7, 7, 7, 7, 7, 7, 7, 7, 8, 5, 7, 7, 7, 7, 5, 7, 6, 6, 6, 6, 6, 6, 6, 6, 6, 6, 5, 7, 7, 7, 8, 7, 6, 5, 6, 6, 6, 6, 6, 6, 5, 9, 5, 10, 5, 5, 6, 6, 6, 6, 6, 7, 8, 7, 7, 7, 7, 7, 7, 8, 8, 8, 8, 9, 9, 9, 9, 10, 11, 11, 8, 10, 7, 7, 7, 7, 7, 9, 9, 9, 10, 10, 9, 10, 10, 11, 11, 12, 11, 11, 11, 11, 11, 10, 10, 10, 10, 10, 10, 10, 10, 10, 10, 11, 11, 12, 11, 10, 10, 11, 10, 10, 10, 10, 10, 10, 10, 10, 11, 11, 10, 11, 13, 10, 10, 9, 11, 9, 12, 10, 10, 10, 10, 13, 12, 14, 14, 14, 14, 15, 14, 13, 14, 12, 12, 12, 12, 12, 12, 12, 12, 12, 12, 12, 15, 13, 15, 14, 15, 13, 14, 12, 13, 13, 13, 12, 16, 17, 15, 12, 14, 15, 12, 12, 13, 11, 11, 11, 11, 7, 9, 14, 14, 14, 12, 8, 10, 8, 8, 8, 8, 8, 8, 8, 8, 8, 8, 9, 8, 9, 9, 7, 8, 8, 8, 8, 8, 9, 9, 9, 9, 7, 7, 6, 5, 5, 5, 7, 6, 6, 8, 8, 8, 8, 8, 8, 8, 8, 9, 10, 9, 9, 9, 10, 9, 8, 8, 8, 8, 8, 8, 8, 7, 8, 9, 11, 9, 9, 9, 11, 11, 11, 11, 13, 12, 12]
Trade Returns: [-0.0028620588589212347, 0.0013944999999999663, -0.0025974086823431983, -0.0023543001309382673, 0.004221442148990723, 0.003079408576372763, 0.0003100090556062336, 0.002510916248678037, -0.001327922814374787, -0.00047307217124611934, -0.0015532407469505247, -0.0016407888046029856, -0.002181871974037282, -0.0021866429490049423, -0.0022415958589465977, 0.003635393079390315, -0.0030399599347226114, -0.0028878948433865848, -0.003160805786531552, 0.001650345110071621, -0.00025117110990235687, 0.00041130326801338933, 0.006958290244638641, 0.003967113864546667, 0.0009324679769154015, 0.00745918882720302, 0.0001857721845125609, 0.0030717359482652206, -0.0021337365005965597, -0.0008042290486823401, -0.0018405671350609045, -0.0025816257752014748, 0.0024257771806986614, 0.008348145696345734, 0.0037594279657072417, -0.00017161417579948407, 0.003855830674630639, 0.0027833100215598713, -0.0016617427688535497, -0.0002800898113858525, -2.507229177462484e-05, -0.001712367522285013, -0.002325433684975115, -0.0022029911131688233, 0.0023199392636062024, 0.009609922720561955, 0.004065380883973386, -0.0018625235998450261, -0.00045490324605690016, 0.008581367597603754, 0.007938316966229922, -0.0025511499249212424, -0.0016452522343035582, 0.0002971660540457418, -0.002058184797651313, -0.0001120020960184649, -0.001271420432050394, -0.0009431087110769285, -0.001491768784314391, -0.0014055743366318712, -0.001774695262353661, 0.0071068348888666975, -0.0021849299057145094, -0.0014442856720954702, 0.0010419812659503945, -0.0014093581837943986, -0.0017669578595770634, -0.0022729064722641014, -0.0025802454075006627, 0.0036681972988686774, -0.001832080370946073, 0.0012269702684550921, -0.002495416683986991, -0.0021156590827564633, -0.0016102284494883313, 0.0051376017130188864, -0.001984635546494592, -0.0019465019910450726, 0.0011329251066855305, -0.0020542889417528095, -0.0024309749311947405, -0.00306325108560272, 0.009969669270301584, 0.002122532978128143, -0.0016569604615644174, -0.0018745712317412438, -0.0014157974892300522, -0.001420057237792359, 0.004276698865894219, -0.0015861501964999454, 0.0006113335945009405, 0.0022355664401822206, -0.0019275056433153898, 0.003918248932440427, -0.002192424918529852, 0.003304774934075644, 0.004734345167095057, -0.00241733094154137, -0.0019550211171945686, -0.002207755297533168, -0.0025950134617720184, -0.0024091988946443655, 0.0006113918576298413, -0.0018897608220857206, -0.0026730707733065794, -0.0012262360104420787, 0.0019202554648715905, -0.002098649692605881, 0.0072945105729274266, -0.0028467218643855323, -0.0021825722132286433, -0.0017700047863104366, -4.109143632966873e-05, -0.002201199524145397, -0.0020143780960419698, 0.0006178518933757789, 0.008806743944919126, -0.0029434511612778528, 0.0008747818003901041, 0.006023044904755484, 0.00034577077698229374, -0.0022028918513783947, 0.0024391965922373523, -0.0021148204827451077, -0.0019411499028071087, 0.003049950572635976, -0.0023531069098384387, 0.003416079482308644, -0.0017664262768832015, 0.0009095640085238155, -0.002058665412222822, -0.0022885672201551025, -0.0012369100265618783, -0.0017573806178675544, -0.0025379609948085725, -0.0024522185031795175, -0.0024462198376308344, -0.000512346553515947, -0.002756174943061815, -0.0011162039509129888]
Daily Returns: [-0.0028620588589212347, 0.0013944999999999663, 0, 0, 0, 0, 0, 0, 0, 0, 0, 0, -0.0025974086823431983, 0, 0, -0.0023543001309382673, 0, 0, 0, 0, 0, 0, 0, 0, 0, 0, 0, 0, 0, 0, 0, 0.004221442148990723, 0, 0, 0.003079408576372763, 0, 0, 0, 0, 0, 0.0003100090556062336, 0, 0, 0.0007099212630571307, 0, 0, -0.0015532407469505247, 0, 0, 0, 0, -0.0016407888046029856, 0, 0, 0, 0, 0, 0, 0, 0, -0.002181871974037282, 0, 0, 0, 0, 0, -0.0021866429490049423, 0.001393797220443717, 0, 0, 0, 0, 0, 0, 0, 0, 0, 0, -0.0030399599347226114, -0.006048700629918137, 0, 0.001650345110071621, 0.00016013215811103246, 0, 0, 0, 0, 0, 0, 0, 0, 0, 0, 0, 0, 0, 0, 0, 0, 0, 0, 0.006958290244638641, 0, 0, 0, 0, 0.003967113864546667, 0.0009324679769154015, 0.00745918882720302, 0, 0, 0, 0, 0, 0, 0, 0, 0, 0, 0, 0.0001857721845125609, 0.00013377039898632083, 0, 0, 0, 0, 0, 0, 0, 0, -0.0018405671350609045, 0, 0, 0, 0, 0, 0, 0, 0, 0, 0, 0, 0, 0, 0, -0.0025816257752014748, 0, 0.0024257771806986614, 0, 0, 0.01193595948625349, 0.003855830674630639, 0, 0, 0, 0.0027833100215598713, 0, -0.0019418325802394022, 0, 0, -2.507229177462484e-05, 0, 0, 0, 0, 0, 0, 0, 0, -0.001712367522285013, 0, 0, 0, 0, 0, -0.002325433684975115, 0, -0.0022029911131688233, 0.0023199392636062024, 0, 0, 0.009609922720561955, 0, 0, 0, 0, 0.004065380883973386, 0, 0, 0, 0, 0, 0, 0, 0, -0.0018625235998450261, 0, 0, 0, 0, 0, 0, 0, 0, 0, 0, 0, 0, 0, 0, -0.00045490324605690016, 0, 0, 0, 0, 0, 0.008581367597603754, 0, 0, 0, 0, 0, 0, 0.005387167041308679, 0, 0, 0, -0.0016452522343035582, 0, 0.0002971660540457418, 0, 0, 0, 0, -0.002058184797651313, 0, 0, 0, 0, 0, 0, -0.0001120020960184649, 0, 0, 0, 0, 0, 0, 0, 0, 0, -0.001271420432050394, 0, 0, 0, 0, 0, -0.0009431087110769285, 0, 0, 0, 0, 0, -0.001491768784314391, -0.0014055743366318712, 0, 0, 0, -0.001774695262353661, 0, 0.0071068348888666975, 0, -0.0021849299057145094, 0, 0, 0, 0, -0.0014442856720954702, 0, 0, 0.0010419812659503945, 0, -0.0014093581837943986, 0, 0, 0, -0.0017669578595770634, 0, 0, 0, 0, -0.0022729064722641014, 0, 0, 0, 0, 0, 0, 0, -0.0025802454075006627, 0, 0.0036681972988686774, 0, -0.001832080370946073, 0, 0, 0, 0.0012269702684550921, 0, 0, 0, 0, 0, -0.002495416683986991, 0, -0.0021156590827564633, 0, 0, 0, 0, 0, 0, -0.0016102284494883313, 0, 0.0051376017130188864, -0.001984635546494592, 0, 0, 0, 0, 0, 0, 0, 0, 0, -0.0019465019910450726, 0.0011329251066855305, 0, 0, -0.0020542889417528095, -0.0024309749311947405, 0, 0, -0.00306325108560272, 0, 0, 0, 0.009969669270301584, 0, 0, 0, 0, 0, 0.002122532978128143, 0, 0, -0.0016569604615644174, 0, 0, 0, 0, 0, 0, -0.003290368720971296, 0, 0, 0, -0.001420057237792359, 0, 0.004276698865894219, 0, -0.0015861501964999454, 0, 0, 0, 0.0006113335945009405, 0, 0, 0, 0.0022355664401822206, 0, -0.0019275056433153898, 0, 0, 0, 0.003918248932440427, 0, 0, 0, -0.002192424918529852, 0.003304774934075644, 0, 0, 0.0023170142255536865, 0, 0, 0, 0, 0, 0, 0, 0, -0.0019550211171945686, 0, 0, 0, 0, 0, 0, 0, 0, 0, 0, -0.002207755297533168, 0, -0.0025950134617720184, 0, 0, 0, 0, -0.0024091988946443655, 0, 0, 0, 0, 0, 0, 0, 0, 0, 0, 0, 0, 0, 0, 0, 0, 0.0006113918576298413, 0, 0, 0, 0, -0.0018897608220857206, 0, 0, -0.003899306783748658, 0, 0, 0.0019202554648715905, 0, -0.002098649692605881, 0, 0, 0, 0, 0, 0.0072945105729274266, 0, 0, 0, 0, 0, -0.0028467218643855323, 0, 0, 0, 0, 0, 0, 0, 0, -0.0021825722132286433, 0, 0, -0.0018110962226401055, 0, 0, -0.002201199524145397, 0, 0, 0, 0, 0, 0, -0.0020143780960419698, 0, 0, 0, 0, 0, 0.0006178518933757789, 0, 0, 0.005863292783641273, 0, 0, 0.0008747818003901041, 0, 0, 0, 0, 0, 0.006023044904755484, 0, 0, 0, 0, 0.00034577077698229374, 0, 0, 0, 0, 0, 0, 0, -0.0022028918513783947, 0, 0, 0, 0, 0, 0, 0, 0.0024391965922373523, 0, 0, 0, 0, 0, 0, 0, 0, 0, -0.0021148204827451077, 0.0011088006698288673, 0, 0, -0.0023531069098384387, 0, 0.003416079482308644, -0.0017664262768832015, 0, 0, 0, 0.0009095640085238155, 0, -0.002058665412222822, -0.0022885672201551025, 0, 0, 0, 0, -0.0012369100265618783, 0, 0, 0, -0.004295341612676127, 0, 0, 0, 0, 0, 0, 0, 0, 0, 0, 0, 0, 0, -0.0024522185031795175, -0.0024462198376308344, 0, 0, 0, 0, 0, 0, 0, 0, -0.000512346553515947, 0, -0.002756174943061815, 0, 0, 0, 0, 0, -0.0011162039509129888]
Start Date: 2022-02-03
End Date: 2023-12-21
Sharpe Ratio: 0.016
Annualized Sharpe: 0.257
Sharpe 95% CI: (np.float64(-1.132), np.float64(1.43))
Sortino Ratio: 0.028
CAGR: 0.006
Calmar Ratio: 0.196
Daily Win Rate (%): 0.364
Max Drawdown: 0.03
Profit Factor: 1.086
Expectancy: 0.000102
Average Win: 0.003541
Average Loss: 0.001869
Total Trades: 140
Total Days: 589

Rolling 5 - Variant 1 - atr_0.25_4 - Test Metrics
Contracts: [10, 11, 6, 10, 10, 7, 6, 6, 6, 6, 6, 6, 7, 10, 8, 8, 8, 8, 8, 7, 7, 7, 7, 7, 7, 7, 7, 7, 8, 5, 7, 7, 7, 7, 5, 7, 6, 6, 6, 6, 6, 6, 6, 6, 6, 6, 5, 7, 7, 7, 8, 7, 6, 5, 6, 6, 6, 6, 6, 6, 5, 9, 5, 10, 5, 5, 6, 6, 6, 6, 6, 7, 8, 7, 7, 7, 7, 7, 7, 8, 8, 8, 8, 9, 9, 9, 9, 10, 11, 11, 8, 10, 7, 7, 7, 7, 7, 9, 9, 9, 10, 10, 9, 10, 10, 11, 11, 12, 11, 11, 11, 11, 11, 10, 10, 10, 10, 10, 10, 10, 10, 10, 10, 11, 11, 12, 11, 10, 10, 11, 10, 10, 10, 10, 10, 10, 10, 10, 11, 11, 10, 11, 13, 10, 10, 9, 11, 9, 12, 10, 10, 10, 10, 13, 12, 14, 14, 14, 14, 15, 14, 13, 14, 12, 12, 12, 12, 12, 12, 12, 12, 12, 12, 12, 15, 13, 15, 14, 15, 13, 14, 12, 13, 13, 13, 12, 16, 17, 15, 12, 14, 15, 12, 12, 13, 11, 11, 11, 11, 7, 9, 14, 14, 14, 12, 8, 10, 8, 8, 8, 8, 8, 8, 8, 8, 8, 8, 9, 8, 9, 9, 7, 8, 8, 8, 8, 8, 9, 9, 9, 9, 7, 7, 6, 5, 5, 5, 7, 6, 6, 8, 8, 8, 8, 8, 8, 8, 8, 9, 10, 9, 9, 9, 10, 9, 8, 8, 8, 8, 8, 8, 8, 7, 8, 9, 11, 9, 9, 9, 11, 11, 11, 11, 13, 12, 12]
Trade Returns: [0.006304517686916329, -0.0023287809667641474, 0.0037323659830292627, 0.00020086817749290377, 0.004081558998367565, -0.001430516881838436, -0.0019287107422423975, -0.0019457639680208782, -0.0018316154960635756, -0.0020041922980302694, 0.004689231132937171, -0.0018703903845636418, -0.0007344857990716048, 0.00027978641618600343, -0.0025114172467859703, 0.004191356782908426, -0.0025483126603759528, -0.0005601419648044374, 0.002574248013691238, 0.0014042317168479312, 0.0003857093523189989, -0.001791927904806007, -0.0021587109162654584, 0.006799697208270748, -0.0024382836590699252, 0.006334949575507804, -0.0019241667207405963, -0.0023034460098947562, 0.005125811847274838, -0.002134153006974257, -0.002248939670016834, -0.0031389331179451216, -0.0028613301595034443, -0.0012463522594715758, 0.0010445625790383513, 0.002767961589865637, -0.002477034885385002, 0.005411677694365655, -0.0015488945831826056, 0.00010306989724720622, 0.0004175940346809762, -0.0022307076484032622, -0.0033370244831068393, 0.0023244423752907424, 0.006669530304660123, -0.001999848321241165, -0.0022492474805731123, 0.0009624242448778477, -0.0008415526535510873, -0.0022953157387359357, 0.0032070724858051375, 0.0024809200449238808, 0.0008258789821536879, 0.00180506236360774, -0.0014108767368922169, -0.0012435424472070392, -0.0037556169317231633, -0.004100562346853408, -0.00279254377111113, 0.005779831405898298, -0.0025900593418119, 0.012232663700175818, 0.0009753422605256573, -0.002383595139592, 0.00450082523811526, 0.0016980079085853288, -0.0019532009443799527, -0.0016203353432327956, -0.0017156295059431211, 0.002002889245034435, 0.004397186440184911, -0.002356439116477008, -0.002258616528869659, -0.002099560033369586, 0.004797129141951012, -0.0022094277218258377, -0.0019762180453688416, 0.006087164511799805, -0.002166065401913512, -0.0016326290076418741, -0.0018714362750988098, -0.001867940543406152, -0.0026346685731656726, 0.0022517903415543356, -0.002276593460086145, 0.0006162961367347976, 0.002346364663669157, -0.0018747730937969285, 0.010361971812552504, 0.0014029450390457207, 0.001316866937176036, -0.003996331085216217, 0.004593459505335143, -0.002652830691694905, 0.0037152875864947888, -0.0016149622850597331, -0.0016115870975054614, 0.0035465350817849707, -0.0016063905163335775, 0.0001394104688217925, 0.004239521846916671, 0.0025963046064950914, -0.00017584282855215075, -0.001892645763600399, 0.000444913757108846, -0.0018476340870723354, -3.291783655366998e-05, -0.0018032678248416797, -0.0029490732665242944, 0.006373885037380216, -0.0018811494737250073, -0.0021985248789744656, -0.0026854964872927126, 0.0016041079648641261, -0.0018600005365386166, 6.319448304454256e-05, -0.0009000791711333436, -0.0006116488052167019, -0.0022038235818191694, -0.001966976567318429, 0.0017085603752526992, -0.0016773581647589505, -0.0020536727436954515, 0.00028929512197880034, -0.0018885856427419685, -0.002253288369742814, 0.0010426287143286716, -0.0018376112014425094, -0.002049726712010725, 0.004906745597234608, -0.002110510619955168, 0.0026235918833772656, 0.003891958505710052, 0.00246028129174202, -0.0030161694406933112, 0.01025499855464937]
Daily Returns: [0, 0, 0, 0, 0, 0.006304517686916329, 0, 0, 0, 0, 0, 0, 0, 0, 0, 0, 0, 0, 0, 0, 0, 0, 0, 0, 0, 0, 0, 0, 0, 0, 0, 0, 0, 0, 0, 0, -0.0023287809667641474, 0, 0, 0, 0, 0.003933234160522167, 0.004081558998367565, 0, 0, -0.001430516881838436, 0, 0, 0, 0, 0, 0, 0, 0, 0, 0, 0, 0, -0.0019287107422423975, 0, 0, 0, 0, 0, -0.0019457639680208782, 0, 0, 0, 0, 0, -0.0018316154960635756, -0.0020041922980302694, 0, 0, 0.004689231132937171, 0, -0.0018703903845636418, -0.0007344857990716048, 0.00027978641618600343, 0, 0, 0, 0, 0, 0, 0, 0, 0, 0, 0, -0.0025114172467859703, 0, 0, 0, 0, 0.004191356782908426, -0.0025483126603759528, 0, 0, 0, 0, -0.0005601419648044374, 0.003978479730539169, 0, 0.0003857093523189989, -0.003950638821071465, 0, 0, 0, 0, 0, 0, 0.0043614135492008235, 0.006334949575507804, 0, 0, 0, 0, 0, -0.0019241667207405963, 0, 0, 0, 0, -0.0023034460098947562, 0, 0, 0, 0, 0, 0.005125811847274838, 0, 0, 0, 0, 0, -0.002134153006974257, 0, -0.002248939670016834, 0, 0, 0, 0, 0, -0.0031389331179451216, 0, -0.0028613301595034443, 0, 0, -0.0012463522594715758, 0, 0, 0, 0, 0, 0, 0, 0, 0.0010445625790383513, 0.002767961589865637, 0, 0, 0, -0.002477034885385002, 0.005411677694365655, 0, 0, 0, 0, 0, 0, 0, 0, -0.0015488945831826056, 0, 0, 0, 0, 0.00010306989724720622, 0, 0, 0, 0, 0, 0.0004175940346809762, 0, 0, 0, -0.0022307076484032622, 0, 0, 0, -0.0033370244831068393, 0, 0, 0, 0, 0, 0.0023244423752907424, 0, 0, 0.006669530304660123, 0, 0, 0, 0, 0, 0, 0, 0, 0, 0, 0, 0, 0, 0, 0, 0, 0, 0, 0, -0.001999848321241165, 0, 0, 0, 0, 0, 0, -0.0022492474805731123, 0, 0.0009624242448778477, 0, 0, 0, 0, 0, 0, 0, -0.0008415526535510873, 0, 0.0009117567470692018, 0, 0, 0, 0, 0.0024809200449238808, 0, 0, 0, 0, 0, 0, 0, 0, 0, 0, 0, 0.0008258789821536879, 0, 0, 0, 0, 0, 0, 0, 0, 0.00039418562671552303, -0.0012435424472070392, 0, 0, 0, 0, 0, 0, -0.007856179278576571, 0, 0, 0, 0, 0, 0, -0.00279254377111113, 0, 0, 0, 0.005779831405898298, 0, -0.0025900593418119, 0.012232663700175818, 0, 0, 0.0009753422605256573, -0.002383595139592, 0, 0.00450082523811526, 0, 0.0016980079085853288, 0, 0, -0.0019532009443799527, 0, 0, 0, -0.0016203353432327956, 0, 0, 0, 0, 0, 0, 0, 0, 0, 0, 0, 0, 0, 0, 0, 0, -0.0017156295059431211, 0, 0, 0.002002889245034435, 0, 0, 0.004397186440184911, -0.002356439116477008, 0, 0, 0, 0, 0, -0.002258616528869659, 0, 0, 0, 0, -0.002099560033369586, 0, 0, 0, 0.004797129141951012, 0, 0, -0.0022094277218258377, 0, 0, 0, 0, 0, 0, -0.0019762180453688416, 0, 0, 0, 0, 0, 0.003921099109886293, 0, 0, 0, 0, 0, 0, 0, 0, 0, 0, 0, 0, -0.005372005826146836, 0, 0, 0, -0.0026346685731656726, 0, 0, 0.0022517903415543356, 0, 0, 0, 0, 0, -0.002276593460086145, 0, 0, 0.0006162961367347976, 0, 0, 0, 0, 0, 0, 0, 0, 0, 0, 0.002346364663669157, 0, 0.008487198718755576, 0, 0, 0, 0, 0.0014029450390457207, 0.001316866937176036, -0.003996331085216217, 0.004593459505335143, 0, 0, 0, 0, 0, 0, 0, 0, 0, -0.002652830691694905, 0, 0, 0, 0, 0, 0.002100325301435056, 0, 0, 0, 0, -0.0016115870975054614, 0, 0, 0, 0, 0, 0, 0.0035465350817849707, 0, 0, 0, -0.0016063905163335775, 0, 0, 0, 0.0001394104688217925, 0, 0, 0, 0.004239521846916671, 0, 0.0025963046064950914, 0, 0, 0, 0, 0, 0, 0, -0.0020684885921525495, -0.0014356381665171594, 0, 0, 0, 0, 0, 0, 0, 0, -0.0018032678248416797, 0, -0.0029490732665242944, 0, 0, 0, 0, 0, 0, 0, 0, 0, 0, 0, 0.004492735563655209, 0, 0, 0, 0, 0, 0, 0, 0, 0, 0, 0, -0.0021985248789744656, 0, 0, 0, 0, 0, 0, -0.0026854964872927126, 0, 0, 0, 0, 0.0016041079648641261, 0, 0, 0, 0, 0, 0, -0.0018600005365386166, 0, 6.319448304454256e-05, -0.0009000791711333436, 0, 0, -0.0006116488052167019, 0, 0, -0.0022038235818191694, 0, -0.001966976567318429, 0, 0, 0, 0.0017085603752526992, 0, 0, -0.0016773581647589505, 0, 0, -0.0020536727436954515, 0, 0, 0, 0, 0.00028929512197880034, -0.0018885856427419685, -0.002253288369742814, 0.0010426287143286716, 0, 0, 0, 0, 0, 0, 0, -0.0018376112014425094, 0, 0, 0, 0, -0.002049726712010725, 0, 0, 0.00279623497727944, 0, 0, 0, 0.0026235918833772656, 0, 0, 0, 0, 0, 0.003891958505710052, 0, 0, 0, 0, 0, 0, 0, 0, 0, 0, 0.00246028129174202, -0.0030161694406933112, 0.01025499855464937, 0, 0, 0, 0, 0, 0]
Start Date: 2023-12-22
End Date: 2025-11-06
Sharpe Ratio: 0.035
Annualized Sharpe: 0.553
Sharpe 95% CI: (np.float64(-0.794), np.float64(1.702))
Sortino Ratio: 0.049
CAGR: 0.013
Calmar Ratio: 0.556
Daily Win Rate (%): 0.426
Max Drawdown: 0.023
Profit Factor: 1.19
Expectancy: 0.000223
Average Win: 0.003265
Average Loss: 0.00204
Total Trades: 136
Total Days: 588



Rolling 5 - Variant 2 - atr_0.25_6 - Fit Metrics
Contracts: [10, 11, 6, 10, 10, 7, 6, 6, 6, 6, 6, 6, 7, 10, 8, 8, 8, 8, 8, 7, 7, 7, 7, 7, 7, 7, 7, 7, 8, 5, 7, 7, 7, 7, 5, 7, 6, 6, 6, 6, 6, 6, 6, 6, 6, 6, 5, 7, 7, 7, 8, 7, 6, 5, 5, 5, 6, 6, 6, 6, 5, 9, 5, 9, 5, 5, 6, 6, 6, 6, 6, 7, 8, 7, 6, 7, 7, 7, 7, 8, 8, 8, 8, 9, 9, 9, 9, 10, 11, 11, 7, 10, 7, 7, 7, 7, 7, 8, 9, 9, 10, 10, 9, 9, 9, 11, 11, 11, 11, 11, 11, 11, 10, 10, 10, 10, 10, 10, 10, 10, 10, 10, 10, 11, 11, 12, 11, 10, 10, 11, 10, 10, 10, 10, 10, 10, 10, 10, 11, 11, 10, 11, 12, 10, 10, 9, 11, 9, 12, 10, 10, 10, 10, 13, 12, 14, 13, 14, 13, 15, 14, 13, 14, 12, 12, 12, 12, 12, 12, 12, 12, 12, 12, 12, 15, 13, 15, 14, 15, 13, 14, 12, 13, 13, 13, 12, 16, 17, 15, 12, 14, 15, 12, 12, 13, 11, 11, 11, 11, 7, 9, 14, 14, 14, 12, 8, 10, 8, 8, 8, 8, 8, 8, 8, 8, 8, 9, 9, 8, 9, 9, 7, 8, 8, 8, 8, 8, 9, 9, 9, 9, 7, 7, 6, 5, 5, 5, 7, 6, 6, 8, 8, 8, 8, 8, 8, 8, 8, 9, 10, 9, 9, 9, 10, 9, 8, 8, 8, 8, 8, 8, 8, 7, 8, 9, 11, 9, 9, 9, 11, 11, 11, 11, 13, 12, 12]
Trade Returns: [-0.0028620588589212347, 0.0013944999999999663, -0.0025974086823431983, -0.0023543001309382673, 0.004221442148990723, 0.003079408576372763, 0.0003100090556062336, 0.002510916248678037, -0.001327922814374787, -0.00047307217124611934, -0.0015532407469505247, -0.0016407888046029856, -0.002181871974037282, -0.0021866429490049423, -0.0022415958589465977, 0.003635393079390315, -0.0030399599347226114, -0.0028878948433865848, -0.003160805786531552, 0.001650345110071621, -0.00025117110990235687, 0.00041130326801338933, 0.007312149593938783, 0.0039657202545010884, 0.0009321417035338353, -0.002031942365708676, 0.00018786966456134146, 0.003106411186027505, -0.0021577485566083056, -0.0008132990307356836, -0.0018405671350609045, -0.002610867715636113, 0.002453325757927158, 0.0028969765704821575, 0.0038226833668985752, -0.00017449072628438945, 0.003920472346831247, 0.0028297890350100887, -0.00168941421709165, -0.0002847617779565963, -2.54906228594257e-05, -0.0017317298313963261, -0.0023642389442605338, -0.002239840254080007, 0.0023588316935886644, 0.009622092028561863, 0.004133324419887369, -0.0018935232867805165, -0.0003854038380973737, 0.008618627450980458, 0.012154090672402477, -0.0025826844758499367, -0.001672687624362711, 0.00030085649994342705, -0.0020836917242002414, -0.00011387089816529625, -0.001287205199614264, -0.0009548088328568294, -0.0015106995006012765, -0.0014234382224945943, -0.0017947263170543454, 0.004982610155116955, -0.0022127384501160353, -0.001462708483052527, 0.0010552918899253707, -0.001427342826734363, -0.0017895380167341456, -0.002302004276401576, -0.002240135928500417, 0.003714281074785653, -0.0018550542062396934, 0.0012423277253562988, -0.002526611982024468, -0.002142860973535871, -0.0016303656867453276, 0.0052019565895092285, -0.0020101015219884276, -0.001979114145746409, 0.0011519440425021051, -0.002088735556259736, -0.0024718231921447595, -0.0031148511823321373, 0.005705502570277877, 0.0021491340534976608, -0.0014744493549575936, -0.0019061036067875273, -0.0014396582602840286, -0.0014440630232076905, 0.006581345192065552, -0.0016129205022459446, 0.000551341885338868, 0.00226840797255886, -0.0019557662369053563, 0.003975679593339291, -0.002224432534455179, 0.003353129514627602, 0.004323046801756419, -0.002208228189947568, -0.0019878413774582883, -0.002245144628154253, -0.002633307735818592, -0.002241107911709414, 0.0006203254547865483, -0.0017431511077710708, -0.0027121538290448186, -0.0012441425414731293, 0.0019486476422108704, -0.002098649692605881, 0.011182896035279272, -0.002877019367393588, -0.002203204014001348, -0.001786773542462715, -4.1481427173338624e-05, -0.0022331428393344787, -0.002033518527908365, 0.0006237346268044753, 0.013425822722333364, -0.00297145907896665, 0.0008875753704428272, 0.006052812642504537, 0.000347469400904757, -0.0022401152454444967, 0.002451231229595571, -0.0021252244562884066, -0.0019507198328052645, 0.003065000957633512, -0.002364689339593413, 0.003432983786195977, -0.001775151835036303, 0.000914049543204604, -0.002068808494176514, -0.0022998060668085107, -0.0012430497846725099, -0.0017661147381639603, -0.00255052676173623, -0.0024640011658223367, -0.0024579447870016376, -0.0005148212614217802, -0.0027694507974701174, -0.0011267980653419084]
Daily Returns: [-0.0028620588589212347, 0.0013944999999999663, 0, 0, 0, 0, 0, 0, 0, 0, 0, 0, -0.0025974086823431983, 0, 0, -0.0023543001309382673, 0, 0, 0, 0, 0, 0, 0, 0, 0, 0, 0, 0, 0, 0, 0, 0.004221442148990723, 0, 0, 0.003079408576372763, 0, 0, 0, 0, 0, 0.0003100090556062336, 0, 0, 0.0007099212630571307, 0, 0, -0.0015532407469505247, 0, 0, 0, 0, -0.0016407888046029856, 0, 0, 0, 0, 0, 0, 0, 0, -0.002181871974037282, 0, 0, 0, 0, 0, -0.0021866429490049423, 0.001393797220443717, 0, 0, 0, 0, 0, 0, 0, 0, 0, 0, -0.0030399599347226114, -0.006048700629918137, 0, 0.001650345110071621, 0.00016013215811103246, 0, 0, 0, 0, 0, 0, 0, 0, 0, 0, 0, 0, 0, 0, 0, 0, 0, 0, 0.007312149593938783, 0, 0, 0, 0, 0.0039657202545010884, 0.0009321417035338353, -0.002031942365708676, 0, 0, 0, 0, 0, 0, 0, 0, 0, 0, 0, 0.00018786966456134146, 0.00013536359868351574, 0, 0, 0, 0, 0, 0, 0, 0, -0.0018405671350609045, 0, 0, 0, 0, 0, 0, 0, 0, 0, 0, 0, 0, 0, 0, -0.002610867715636113, 0, 0.002453325757927158, 0, 0, 0.0065451692110963435, 0.003920472346831247, 0, 0, 0, 0.0028297890350100887, 0, -0.0019741759950482464, 0, 0, -2.54906228594257e-05, 0, 0, 0, 0, 0, 0, 0, 0, -0.0017317298313963261, 0, 0, 0, 0, 0, -0.0023642389442605338, 0, -0.002239840254080007, 0.0023588316935886644, 0, 0, 0.009622092028561863, 0, 0, 0, 0, 0.004133324419887369, 0, 0, 0, 0, 0, 0, 0, 0, -0.0018935232867805165, 0, 0, 0, 0, 0, 0, 0, 0, 0, 0, 0, 0, 0, 0, -0.0003854038380973737, 0, 0, 0, 0, 0, 0.008618627450980458, 0, 0, 0, 0, 0, 0, 0.00957140619655254, 0, 0, 0, -0.001672687624362711, 0, 0.00030085649994342705, 0, 0, 0, 0, -0.0020836917242002414, 0, 0, 0, 0, 0, 0, -0.00011387089816529625, 0, 0, 0, 0, 0, 0, 0, 0, 0, -0.001287205199614264, 0, 0, 0, 0, 0, -0.0009548088328568294, 0, 0, 0, 0, 0, -0.0015106995006012765, -0.0014234382224945943, 0, 0, 0, -0.0017947263170543454, 0, 0.004982610155116955, 0, -0.0022127384501160353, 0, 0, 0, 0, -0.001462708483052527, 0, 0, 0.0010552918899253707, 0, -0.001427342826734363, 0, 0, 0, -0.0017895380167341456, 0, 0, 0, 0, -0.002302004276401576, 0, 0, 0, 0, 0, 0, 0, -0.002240135928500417, 0, 0.003714281074785653, 0, -0.0018550542062396934, 0, 0, 0, 0.0012423277253562988, 0, 0, 0, 0, 0, -0.002526611982024468, 0, -0.002142860973535871, 0, 0, 0, 0, 0, 0, -0.0016303656867453276, 0, 0.0052019565895092285, -0.0020101015219884276, 0, 0, 0, 0, 0, 0, 0, 0, 0, -0.001979114145746409, 0.0011519440425021051, 0, 0, -0.002088735556259736, -0.0024718231921447595, 0, 0, -0.0031148511823321373, 0, 0, 0, 0.005705502570277877, 0, 0, 0, 0, 0, 0.0021491340534976608, 0, 0, -0.0014744493549575936, 0, 0, 0, 0, 0, 0, -0.003345761867071556, 0, 0, 0, -0.0014440630232076905, 0, 0.006581345192065552, 0, -0.0016129205022459446, 0, 0, 0, 0.000551341885338868, 0, 0, 0, 0.00226840797255886, 0, -0.0019557662369053563, 0, 0, 0, 0.003975679593339291, 0, 0, 0, -0.002224432534455179, 0.003353129514627602, 0, 0, 0.0021148186118088506, 0, 0, 0, 0, 0, 0, 0, 0, -0.0019878413774582883, 0, 0, 0, 0, 0, 0, 0, 0, 0, 0, -0.002245144628154253, 0, -0.002633307735818592, 0, 0, 0, 0, -0.002241107911709414, 0, 0, 0, 0, 0, 0, 0, 0, 0, 0, 0, 0, 0, 0, 0, 0, 0.0006203254547865483, 0, 0, 0, 0, -0.0017431511077710708, 0, 0, -0.003956296370517948, 0, 0, 0.0019486476422108704, 0, -0.002098649692605881, 0, 0, 0, 0, 0, 0.011182896035279272, 0, 0, 0, 0, 0, -0.002877019367393588, 0, 0, 0, 0, 0, 0, 0, 0, -0.002203204014001348, 0, 0, -0.0018282549696360536, 0, 0, -0.0022331428393344787, 0, 0, 0, 0, 0, 0, -0.002033518527908365, 0, 0, 0, 0, 0, 0.0006237346268044753, 0, 0, 0.010454363643366714, 0, 0, 0.0008875753704428272, 0, 0, 0, 0, 0, 0.006052812642504537, 0, 0, 0, 0, 0.000347469400904757, 0, 0, 0, 0, 0, 0, 0, -0.0022401152454444967, 0, 0, 0, 0, 0, 0, 0, 0.002451231229595571, 0, 0, 0, 0, 0, 0, 0, 0, 0, -0.0021252244562884066, 0.0011142811248282475, 0, 0, -0.002364689339593413, 0, 0.003432983786195977, -0.001775151835036303, 0, 0, 0, 0.000914049543204604, 0, -0.002068808494176514, -0.0022998060668085107, 0, 0, 0, 0, -0.0012430497846725099, 0, 0, 0, -0.00431664149990019, 0, 0, 0, 0, 0, 0, 0, 0, 0, 0, 0, 0, 0, -0.0024640011658223367, -0.0024579447870016376, 0, 0, 0, 0, 0, 0, 0, 0, -0.0005148212614217802, 0, -0.0027694507974701174, 0, 0, 0, 0, 0, -0.0011267980653419084]
Start Date: 2022-02-03
End Date: 2023-12-21
Sharpe Ratio: 0.009
Annualized Sharpe: 0.15
Sharpe 95% CI: (np.float64(-1.215), np.float64(1.332))
Sortino Ratio: 0.017
CAGR: 0.003
Calmar Ratio: 0.128
Daily Win Rate (%): 0.357
Max Drawdown: 0.026
Profit Factor: 1.049
Expectancy: 5.9e-05
Average Win: 0.003541
Average Loss: 0.001875
Total Trades: 140
Total Days: 589

Rolling 5 - Variant 2 - atr_0.25_6 - Test Metrics
Contracts: [10, 11, 6, 10, 10, 7, 6, 6, 6, 6, 6, 6, 7, 10, 8, 8, 8, 8, 8, 7, 7, 7, 7, 7, 7, 7, 7, 7, 8, 5, 7, 7, 7, 7, 5, 7, 6, 6, 6, 6, 6, 6, 6, 6, 6, 6, 5, 7, 7, 7, 8, 7, 6, 5, 5, 5, 6, 6, 6, 6, 5, 9, 5, 9, 5, 5, 6, 6, 6, 6, 6, 7, 8, 7, 6, 7, 7, 7, 7, 8, 8, 8, 8, 9, 9, 9, 9, 10, 11, 11, 7, 10, 7, 7, 7, 7, 7, 8, 9, 9, 10, 10, 9, 9, 9, 11, 11, 11, 11, 11, 11, 11, 10, 10, 10, 10, 10, 10, 10, 10, 10, 10, 10, 11, 11, 12, 11, 10, 10, 11, 10, 10, 10, 10, 10, 10, 10, 10, 11, 11, 10, 11, 12, 10, 10, 9, 11, 9, 12, 10, 10, 10, 10, 13, 12, 14, 13, 14, 13, 15, 14, 13, 14, 12, 12, 12, 12, 12, 12, 12, 12, 12, 12, 12, 15, 13, 15, 14, 15, 13, 14, 12, 13, 13, 13, 12, 16, 17, 15, 12, 14, 15, 12, 12, 13, 11, 11, 11, 11, 7, 9, 14, 14, 14, 12, 8, 10, 8, 8, 8, 8, 8, 8, 8, 8, 8, 9, 9, 8, 9, 9, 7, 8, 8, 8, 8, 8, 9, 9, 9, 9, 7, 7, 6, 5, 5, 5, 7, 6, 6, 8, 8, 8, 8, 8, 8, 8, 8, 9, 10, 9, 9, 9, 10, 9, 8, 8, 8, 8, 8, 8, 8, 7, 8, 9, 11, 9, 9, 9, 11, 11, 11, 11, 13, 12, 12]
Trade Returns: [0.007521388206536692, -0.0023400351092973857, 0.0037504808606803894, 0.00020183943984578565, 0.004101290668471673, -0.0014374042489009398, -0.001937971080022395, -0.0019551891855063394, -0.0017089653740426868, -0.0020135836017528587, 0.004374730661692204, -0.0018797608250284315, -0.0007381724183166796, 0.0002811323658583098, -0.0025240308589176835, 0.004211565538842832, -0.0023640000856270217, -0.0005629689455161321, 0.002587247305243816, 0.0014113044276413693, 0.00038764932137036955, -0.0018009371175707698, -0.0021695837723786442, 0.010349462313090767, -0.0024419814360698813, 0.006344580356061451, -0.0019270735151203455, -0.002315044359507316, 0.005841002096302615, -0.0021358727657491707, -0.0022507558060550557, -0.003141473688298286, -0.002865661051067465, -0.0012473657744842697, 0.0010454084810891512, 0.002770200784762765, -0.0024790331939044657, 0.005416083885843594, -0.0015501521686116695, 0.00010358762021043464, 0.000417933150952952, -0.0022325183860510494, -0.0033397393148732824, 0.002326338192023165, 0.010134805391438708, -0.0019946145598986613, -0.002243349257208765, 0.0009599030867074649, -0.0008393463394328185, -0.0022893122151769175, 0.0031986573815123644, 0.002474399676896573, 0.0008265531263513538, 0.0018003142730081375, -0.0014071721934219503, -0.00124027267277002, -0.003745729637764485, -0.00410387863152501, -0.0028063312086635582, 0.005764592040924597, -0.002602807066175548, 0.011960439071086128, 0.000972796795096231, -0.0023773804366106445, 0.004489026175450568, 0.0016935701741727122, -0.0019481048948768835, -0.0016160995135054983, -0.0017111469129040702, 0.0020277872945039343, 0.004933887511533626, -0.0023490164637621595, -0.00225147030386568, -0.002092930963746611, 0.004784535244346854, -0.0022024213547590593, -0.0019699373822043556, 0.009166685833332324, -0.002159167792722984, -0.0016224147520690869, -0.0018597497384847106, -0.001856297489713666, -0.002627769956538104, 0.0022458398353271247, -0.0022623272086633255, 0.000614674016286266, 0.002336054079321098, -0.0018665540152722232, 0.008447593359816267, 0.0013967829713237036, 0.0013110910126285758, -0.003985854478979612, 0.004593459505335143, -0.0026412103172080877, 0.003698943883608853, -0.0016078694223151096, -0.0016045237863777533, 0.003530968404024692, -0.0015993644535285277, 0.00013879847457695785, 0.004220949237531377, 0.0025849784537534067, -0.00017507770734802804, -0.001884409107078386, 0.0004429738692986705, -0.0018395817043785363, -3.2774109215918524e-05, -0.0017953940577449196, -0.0029361733077201656, 0.00959139307632552, -0.0018728745149118717, -0.0021818772117911966, -0.0026737148841581688, 0.001591907497711346, -0.0018458762952755108, 6.271371718683091e-05, -0.0008932320512957552, -0.0006069916850080041, -0.002187033383134521, -0.001951957981091703, 0.0016954893772229392, -0.0016645475931624566, -0.0020379619745779405, 0.00028708322910788597, -0.0018741500373711019, -0.0022361887131761254, 0.0010347255534061113, -0.001823538850942937, -0.0020340013138387485, 0.004869024572141819, -0.0020943645054654113, 0.002603480198084884, 0.0038621212269367446, 0.0024414923764902513, -0.002993191365601199, 0.009024392187732344]
Daily Returns: [0, 0, 0, 0, 0, 0.007521388206536692, 0, 0, 0, 0, 0, 0, 0, 0, 0, 0, 0, 0, 0, 0, 0, 0, 0, 0, 0, 0, 0, 0, 0, 0, 0, 0, 0, 0, 0, 0, -0.0023400351092973857, 0, 0, 0, 0, 0.003952320300526175, 0.004101290668471673, 0, 0, -0.0014374042489009398, 0, 0, 0, 0, 0, 0, 0, 0, 0, 0, 0, 0, -0.001937971080022395, 0, 0, 0, 0, 0, -0.0019551891855063394, 0, 0, 0, 0, 0, -0.0017089653740426868, -0.0020135836017528587, 0, 0, 0.004374730661692204, 0, -0.0018797608250284315, -0.0007381724183166796, 0.0002811323658583098, 0, 0, 0, 0, 0, 0, 0, 0, 0, 0, 0, -0.0025240308589176835, 0, 0, 0, 0, 0.004211565538842832, -0.0023640000856270217, 0, 0, 0, 0, -0.0005629689455161321, 0.003998551732885185, 0, 0.00038764932137036955, -0.0039705208899494145, 0, 0, 0, 0, 0, 0, 0.007907480877020886, 0.006344580356061451, 0, 0, 0, 0, 0, -0.0019270735151203455, 0, 0, 0, 0, -0.002315044359507316, 0, 0, 0, 0, 0, 0.005841002096302615, 0, 0, 0, 0, 0, -0.0021358727657491707, 0, -0.0022507558060550557, 0, 0, 0, 0, 0, -0.003141473688298286, 0, -0.002865661051067465, 0, 0, -0.0012473657744842697, 0, 0, 0, 0, 0, 0, 0, 0, 0.0010454084810891512, 0.002770200784762765, 0, 0, 0, -0.0024790331939044657, 0.005416083885843594, 0, 0, 0, 0, 0, 0, 0, 0, -0.0015501521686116695, 0, 0, 0, 0, 0.00010358762021043464, 0, 0, 0, 0, 0, 0.000417933150952952, 0, 0, 0, -0.0022325183860510494, 0, 0, 0, -0.0033397393148732824, 0, 0, 0, 0, 0, 0.002326338192023165, 0, 0, 0.010134805391438708, 0, 0, 0, 0, 0, 0, 0, 0, 0, 0, 0, 0, 0, 0, 0, 0, 0, 0, 0, -0.0019946145598986613, 0, 0, 0, 0, 0, 0, -0.002243349257208765, 0, 0.0009599030867074649, 0, 0, 0, 0, 0, 0, 0, -0.0008393463394328185, 0, 0.0009093451663354469, 0, 0, 0, 0, 0.002474399676896573, 0, 0, 0, 0, 0, 0, 0, 0, 0, 0, 0, 0.0008265531263513538, 0, 0, 0, 0, 0, 0, 0, 0, 0.0003931420795861872, -0.00124027267277002, 0, 0, 0, 0, 0, 0, -0.007849608269289494, 0, 0, 0, 0, 0, 0, -0.0028063312086635582, 0, 0, 0, 0.005764592040924597, 0, -0.002602807066175548, 0.011960439071086128, 0, 0, 0.000972796795096231, -0.0023773804366106445, 0, 0.004489026175450568, 0, 0.0016935701741727122, 0, 0, -0.0019481048948768835, 0, 0, 0, -0.0016160995135054983, 0, 0, 0, 0, 0, 0, 0, 0, 0, 0, 0, 0, 0, 0, 0, 0, -0.0017111469129040702, 0, 0, 0.0020277872945039343, 0, 0, 0.004933887511533626, -0.0023490164637621595, 0, 0, 0, 0, 0, -0.00225147030386568, 0, 0, 0, 0, -0.002092930963746611, 0, 0, 0, 0.004784535244346854, 0, 0, -0.0022024213547590593, 0, 0, 0, 0, 0, 0, -0.0019699373822043556, 0, 0, 0, 0, 0, 0.00700751804060934, 0, 0, 0, 0, 0, 0, 0, 0, 0, 0, 0, 0, -0.005338461980267464, 0, 0, 0, -0.002627769956538104, 0, 0, 0.0022458398353271247, 0, 0, 0, 0, 0, -0.0022623272086633255, 0, 0, 0.000614674016286266, 0, 0, 0, 0, 0, 0, 0, 0, 0, 0, 0.002336054079321098, 0, 0.006581039344544044, 0, 0, 0, 0, 0.0013967829713237036, 0.0013110910126285758, -0.003985854478979612, 0.004593459505335143, 0, 0, 0, 0, 0, 0, 0, 0, 0, -0.0026412103172080877, 0, 0, 0, 0, 0, 0.0020910744612937433, 0, 0, 0, 0, -0.0016045237863777533, 0, 0, 0, 0, 0, 0, 0.003530968404024692, 0, 0, 0, -0.0015993644535285277, 0, 0, 0, 0.00013879847457695785, 0, 0, 0, 0.004220949237531377, 0, 0.0025849784537534067, 0, 0, 0, 0, 0, 0, 0, -0.002059486814426414, -0.0014293819442957843, 0, 0, 0, 0, 0, 0, 0, 0, -0.0017953940577449196, 0, -0.0029361733077201656, 0, 0, 0, 0, 0, 0, 0, 0, 0, 0, 0, 0.007718518561413649, 0, 0, 0, 0, 0, 0, 0, 0, 0, 0, 0, -0.0021818772117911966, 0, 0, 0, 0, 0, 0, -0.0026737148841581688, 0, 0, 0, 0, 0.001591907497711346, 0, 0, 0, 0, 0, 0, -0.0018458762952755108, 0, 6.271371718683091e-05, -0.0008932320512957552, 0, 0, -0.0006069916850080041, 0, 0, -0.002187033383134521, 0, -0.001951957981091703, 0, 0, 0, 0.0016954893772229392, 0, 0, -0.0016645475931624566, 0, 0, -0.0020379619745779405, 0, 0, 0, 0, 0.00028708322910788597, -0.0018741500373711019, -0.0022361887131761254, 0.0010347255534061113, 0, 0, 0, 0, 0, 0, 0, -0.001823538850942937, 0, 0, 0, 0, -0.0020340013138387485, 0, 0, 0.0027746600666764074, 0, 0, 0, 0.002603480198084884, 0, 0, 0, 0, 0, 0.0038621212269367446, 0, 0, 0, 0, 0, 0, 0, 0, 0, 0, 0.0024414923764902513, -0.002993191365601199, 0.009024392187732344, 0, 0, 0, 0, 0, 0]
Start Date: 2023-12-22
End Date: 2025-11-06
Sharpe Ratio: 0.047
Annualized Sharpe: 0.742
Sharpe 95% CI: (np.float64(-0.592), np.float64(1.87))
Sortino Ratio: 0.069
CAGR: 0.018
Calmar Ratio: 0.923
Daily Win Rate (%): 0.426
Max Drawdown: 0.02
Profit Factor: 1.27
Expectancy: 0.000315
Average Win: 0.00347
Average Loss: 0.002032
Total Trades: 136
Total Days: 588



Rolling 5 - Variant 3 - atr_0.25_3 - Fit Metrics
Contracts: [10, 11, 6, 10, 10, 7, 6, 6, 6, 6, 6, 6, 7, 10, 8, 8, 8, 8, 8, 7, 7, 7, 7, 7, 7, 7, 7, 7, 8, 5, 7, 7, 7, 7, 5, 7, 6, 6, 6, 6, 6, 6, 6, 6, 6, 6, 5, 7, 7, 7, 8, 7, 6, 5, 6, 5, 6, 6, 6, 6, 5, 9, 5, 10, 5, 5, 6, 6, 6, 6, 6, 7, 8, 7, 6, 7, 7, 7, 7, 8, 8, 8, 8, 9, 9, 9, 9, 10, 11, 11, 8, 10, 7, 7, 7, 7, 7, 8, 9, 9, 10, 10, 9, 9, 9, 11, 11, 12, 11, 11, 11, 11, 10, 10, 10, 10, 10, 10, 10, 10, 10, 10, 10, 11, 11, 11, 11, 9, 10, 10, 10, 10, 10, 10, 10, 10, 10, 10, 11, 11, 10, 11, 12, 10, 10, 9, 11, 9, 12, 10, 10, 10, 10, 12, 12, 14, 13, 13, 13, 15, 14, 13, 14, 12, 12, 12, 12, 12, 12, 12, 12, 12, 12, 12, 15, 13, 15, 14, 15, 13, 13, 12, 13, 13, 13, 12, 16, 17, 15, 12, 14, 15, 12, 12, 13, 11, 11, 11, 11, 7, 9, 14, 14, 14, 12, 8, 10, 8, 8, 8, 8, 8, 8, 8, 8, 8, 8, 9, 8, 9, 9, 7, 8, 8, 8, 8, 8, 9, 9, 9, 9, 7, 7, 6, 5, 5, 5, 7, 6, 6, 8, 8, 8, 8, 8, 8, 8, 9, 9, 10, 9, 9, 9, 10, 9, 8, 8, 8, 8, 8, 8, 8, 7, 8, 9, 11, 9, 9, 9, 11, 11, 11, 11, 13, 12, 12]
Trade Returns: [-0.0028620588589212347, 0.0013944999999999663, -0.0025974086823431983, -0.0023543001309382673, 0.004221442148990723, 0.005735619200856212, 0.0003091903023161377, 0.0025042836823030547, -0.0013244238785817116, -0.0004718231442639015, -0.0015491426947412982, -0.0016364530499203285, -0.0021760848533625733, -0.0021808305256371635, -0.00223562433966962, 0.006333219332844941, -0.0030237155499185852, -0.00287241623343708, -0.0031438156189503214, 0.0016414460914824659, -0.00024981896031049097, 0.0004090885128366756, 0.005161012394665406, 0.0047406009943392205, 0.0009283827948084684, 0.005536480878817857, 0.00018564649954256408, 0.003069658137843414, -0.002132297596884865, -0.000803685550950649, -0.0018306602391556831, -0.0025798736095899856, 0.0024241265320411893, 0.006231977428742806, 0.0037647769482256877, -0.0001718574357521453, 0.0038612971834880625, 0.004942173299816706, -0.0016605147275822517, -0.0002798824784831851, -2.5053727135204633e-05, -0.001711207316459624, -0.0023237115946225986, -0.002201355897389471, 0.0023182134414914137, 0.0071693878352553425, 0.004072207374332431, -0.0018656384207360673, -0.0003805367862464266, 0.0064224862358736624, 0.005951883183635358, -0.002565779169667935, -0.001648008840810447, 0.0002988780423210522, -0.002070017556826208, -0.00011191916260972177, -0.0012787429592451016, -0.0009485364042573636, -0.0015048901090575061, -0.001417956144074621, -0.0017734949592014995, 0.005296168446944976, -0.0022042044439879293, -0.0014570547021002108, 0.0010512069370477333, -0.0014218234955592267, -0.0017826082755386414, -0.002293074160813064, -0.0022313897005927044, 0.003699719961640213, -0.0018477952665853254, 0.0012374753746114099, -0.0025167556014762545, -0.002134512397324237, -0.0016240031600764414, 0.005085051680546037, -0.0020022858565650952, -0.0019680772285062885, 0.0011455073332345632, -0.0020770776980916696, -0.0024579984922707358, -0.003097387154266324, 0.007509430746216773, 0.0021407290711027904, -0.0016755654514132108, -0.0018956967315739098, -0.00143178313758048, -0.0014361397701094767, 0.0032152135054385107, -0.0016040849613909586, 0.0005501522207777056, 0.0022635064137795278, -0.001951548479275691, 0.007490079434979582, -0.0022118941545463846, 0.003334187150009179, 0.004298706374882394, -0.0021958482282895416, -0.0019770096901054247, -0.002232489481451893, -0.002609587641540755, -0.002422764899654132, 0.0006148398837661708, -0.0017276852063124008, -0.002688155251656709, -0.0012331472830690007, 0.005375210655767139, -0.0020930949587626493, 0.005460382456041237, -0.0028676209752643757, -0.0022021031285326207, -0.0017858787664067689, -4.1460617041985316e-05, -0.002213295253972976, -0.0020324971730382477, 0.000623420711864281, 0.006619936599784077, -0.0029699645263098476, 0.000879719589380768, 0.005384448381554369, 0.0003498746506046017, -0.002227516574130387, 0.0022433627199099134, -0.0021399390628246964, -0.0019642551708801046, 0.003086287874150964, -0.0023805378815986386, 0.003456893636536434, -0.0017874932120053653, 0.0009203937323207979, -0.002083154372308498, -0.002084148176978485, -0.0012517343248591105, -0.0017784691246399776, -0.002568300196229027, -0.002481352291138049, -0.0024752104220861566, -0.0005184657377085361, -0.0027890013649594916, -0.0011262327572127276]
Daily Returns: [-0.0028620588589212347, 0.0013944999999999663, 0, 0, 0, 0, 0, 0, 0, 0, 0, 0, -0.0025974086823431983, 0, 0, -0.0023543001309382673, 0, 0, 0, 0, 0, 0, 0, 0, 0, 0, 0, 0, 0, 0, 0, 0.004221442148990723, 0, 0, 0.005735619200856212, 0, 0, 0, 0, 0, 0.0003091903023161377, 0, 0, 0.0007080366594574416, 0, 0, -0.0015491426947412982, 0, 0, 0, 0, -0.0016364530499203285, 0, 0, 0, 0, 0, 0, 0, 0, -0.0021760848533625733, 0, 0, 0, 0, 0, -0.0021808305256371635, 0.004097594993175321, 0, 0, 0, 0, 0, 0, 0, 0, 0, 0, -0.0030237155499185852, -0.0060162318523874015, 0, 0.0016414460914824659, 0.0001592695525261846, 0, 0, 0, 0, 0, 0, 0, 0, 0, 0, 0, 0, 0, 0, 0, 0, 0, 0, 0.005161012394665406, 0, 0, 0, 0, 0.0047406009943392205, 0.0009283827948084684, 0.005536480878817857, 0, 0, 0, 0, 0, 0, 0, 0, 0, 0, 0, 0.00018564649954256408, 0.00013367499000790017, 0, 0, 0, 0, 0, 0, 0, 0, -0.0018306602391556831, 0, 0, 0, 0, 0, 0, 0, 0, 0, 0, 0, 0, 0, 0, -0.0025798736095899856, 0, 0.0024241265320411893, 0, 0, 0.009824896941216348, 0.0038612971834880625, 0, 0, 0, 0.004942173299816706, 0, -0.0019403972060654368, 0, 0, -2.5053727135204633e-05, 0, 0, 0, 0, 0, 0, 0, 0, -0.001711207316459624, 0, 0, 0, 0, 0, -0.0023237115946225986, 0, -0.002201355897389471, 0.0023182134414914137, 0, 0, 0.0071693878352553425, 0, 0, 0, 0, 0.004072207374332431, 0, 0, 0, 0, 0, 0, 0, 0, -0.0018656384207360673, 0, 0, 0, 0, 0, 0, 0, 0, 0, 0, 0, 0, 0, 0, -0.0003805367862464266, 0, 0, 0, 0, 0, 0.0064224862358736624, 0, 0, 0, 0, 0, 0, 0.0033861040139674227, 0, 0, 0, -0.001648008840810447, 0, 0.0002988780423210522, 0, 0, 0, 0, -0.002070017556826208, 0, 0, 0, 0, 0, 0, -0.00011191916260972177, 0, 0, 0, 0, 0, 0, 0, 0, 0, -0.0012787429592451016, 0, 0, 0, 0, 0, -0.0009485364042573636, 0, 0, 0, 0, 0, -0.0015048901090575061, -0.001417956144074621, 0, 0, 0, -0.0017734949592014995, 0, 0.005296168446944976, 0, -0.0022042044439879293, 0, 0, 0, 0, -0.0014570547021002108, 0, 0, 0.0010512069370477333, 0, -0.0014218234955592267, 0, 0, 0, -0.0017826082755386414, 0, 0, 0, 0, -0.002293074160813064, 0, 0, 0, 0, 0, 0, 0, -0.0022313897005927044, 0, 0.003699719961640213, 0, -0.0018477952665853254, 0, 0, 0, 0.0012374753746114099, 0, 0, 0, 0, 0, -0.0025167556014762545, 0, -0.002134512397324237, 0, 0, 0, 0, 0, 0, -0.0016240031600764414, 0, 0.005085051680546037, -0.0020022858565650952, 0, 0, 0, 0, 0, 0, 0, 0, 0, -0.0019680772285062885, 0.0011455073332345632, 0, 0, -0.0020770776980916696, -0.0024579984922707358, 0, 0, -0.003097387154266324, 0, 0, 0, 0.007509430746216773, 0, 0, 0, 0, 0, 0.0021407290711027904, 0, 0, -0.0016755654514132108, 0, 0, 0, 0, 0, 0, -0.00332747986915439, 0, 0, 0, -0.0014361397701094767, 0, 0.0032152135054385107, 0, -0.0016040849613909586, 0, 0, 0, 0.0005501522207777056, 0, 0, 0, 0.0022635064137795278, 0, -0.001951548479275691, 0, 0, 0, 0.007490079434979582, 0, 0, 0, -0.0022118941545463846, 0.003334187150009179, 0, 0, 0.002102858146592852, 0, 0, 0, 0, 0, 0, 0, 0, -0.0019770096901054247, 0, 0, 0, 0, 0, 0, 0, 0, 0, 0, -0.002232489481451893, 0, -0.002609587641540755, 0, 0, 0, 0, -0.002422764899654132, 0, 0, 0, 0, 0, 0, 0, 0, 0, 0, 0, 0, 0, 0, 0, 0, 0.0006148398837661708, 0, 0, 0, 0, -0.0017276852063124008, 0, 0, -0.00392130253472571, 0, 0, 0.005375210655767139, 0, -0.0020930949587626493, 0, 0, 0, 0, 0, 0.005460382456041237, 0, 0, 0, 0, 0, -0.0028676209752643757, 0, 0, 0, 0, 0, 0, 0, 0, -0.0022021031285326207, 0, 0, -0.0018273393834487542, 0, 0, -0.002213295253972976, 0, 0, 0, 0, 0, 0, -0.0020324971730382477, 0, 0, 0, 0, 0, 0.000623420711864281, 0, 0, 0.0036499720734742298, 0, 0, 0.000879719589380768, 0, 0, 0, 0, 0, 0.005384448381554369, 0, 0, 0, 0, 0.0003498746506046017, 0, 0, 0, 0, 0, 0, 0, -0.002227516574130387, 0, 0, 0, 0, 0, 0, 0, 0.0022433627199099134, 0, 0, 0, 0, 0, 0, 0, 0, 0, -0.0021399390628246964, 0.0011220327032708593, 0, 0, -0.0023805378815986386, 0, 0.003456893636536434, -0.0017874932120053653, 0, 0, 0, 0.0009203937323207979, 0, -0.002083154372308498, -0.002084148176978485, 0, 0, 0, 0, -0.0012517343248591105, 0, 0, 0, -0.0043467693208690044, 0, 0, 0, 0, 0, 0, 0, 0, 0, 0, 0, 0, 0, -0.002481352291138049, -0.0024752104220861566, 0, 0, 0, 0, 0, 0, 0, 0, -0.0005184657377085361, 0, -0.0027890013649594916, 0, 0, 0, 0, 0, -0.0011262327572127276]
Start Date: 2022-02-03
End Date: 2023-12-21
Sharpe Ratio: 0.008
Annualized Sharpe: 0.131
Sharpe 95% CI: (np.float64(-1.188), np.float64(1.332))
Sortino Ratio: 0.013
CAGR: 0.003
Calmar Ratio: 0.08
Daily Win Rate (%): 0.364
Max Drawdown: 0.033
Profit Factor: 1.04
Expectancy: 4.8e-05
Average Win: 0.003391
Average Loss: 0.001868
Total Trades: 140
Total Days: 589

Rolling 5 - Variant 3 - atr_0.25_3 - Test Metrics
Contracts: [10, 11, 6, 10, 10, 7, 6, 6, 6, 6, 6, 6, 7, 10, 8, 8, 8, 8, 8, 7, 7, 7, 7, 7, 7, 7, 7, 7, 8, 5, 7, 7, 7, 7, 5, 7, 6, 6, 6, 6, 6, 6, 6, 6, 6, 6, 5, 7, 7, 7, 8, 7, 6, 5, 6, 5, 6, 6, 6, 6, 5, 9, 5, 10, 5, 5, 6, 6, 6, 6, 6, 7, 8, 7, 6, 7, 7, 7, 7, 8, 8, 8, 8, 9, 9, 9, 9, 10, 11, 11, 8, 10, 7, 7, 7, 7, 7, 8, 9, 9, 10, 10, 9, 9, 9, 11, 11, 12, 11, 11, 11, 11, 10, 10, 10, 10, 10, 10, 10, 10, 10, 10, 10, 11, 11, 11, 11, 9, 10, 10, 10, 10, 10, 10, 10, 10, 10, 10, 11, 11, 10, 11, 12, 10, 10, 9, 11, 9, 12, 10, 10, 10, 10, 12, 12, 14, 13, 13, 13, 15, 14, 13, 14, 12, 12, 12, 12, 12, 12, 12, 12, 12, 12, 12, 15, 13, 15, 14, 15, 13, 13, 12, 13, 13, 13, 12, 16, 17, 15, 12, 14, 15, 12, 12, 13, 11, 11, 11, 11, 7, 9, 14, 14, 14, 12, 8, 10, 8, 8, 8, 8, 8, 8, 8, 8, 8, 8, 9, 8, 9, 9, 7, 8, 8, 8, 8, 8, 9, 9, 9, 9, 7, 7, 6, 5, 5, 5, 7, 6, 6, 8, 8, 8, 8, 8, 8, 8, 9, 9, 10, 9, 9, 9, 10, 9, 8, 8, 8, 8, 8, 8, 8, 7, 8, 9, 11, 9, 9, 9, 11, 11, 11, 11, 13, 12, 12]
Trade Returns: [0.004722675829818866, -0.0023566090680279487, 0.004454821120376422, 0.00020313268877462628, 0.0038822840840039142, -0.001446927873064404, -0.0019514092658305217, -0.001969070076258672, -0.0017208354091218677, -0.0018827654352967572, 0.004563854937313149, 0.004693270320614119, -0.0007382096570776694, 0.0002830855919250295, -0.0025241582701747175, 0.003913393845888882, -0.0023805662826907885, -0.0005629975018085537, 0.0025873786158784862, 0.0014113758707639547, 0.0003876689173162566, -0.0018010281209297583, -0.0021696936016694533, 0.005076556303031855, -0.002454917274796974, 0.006378272031198172, -0.001937242011381006, -0.0023151615170006693, 0.003817508811823905, -0.0021515258394547545, -0.002267286383844244, -0.0031645985353513967, -0.0028808114971797714, -0.0011668348460843175, 0.0010524760408687044, 0.0027889092376795033, -0.0024957286945695395, 0.005969614813305884, -0.0015615992908788014, 0.00010359284978046929, 0.005592526046395757, -0.0022360878288061213, -0.003345090995082147, 0.0023300753910723633, 0.004952958927867146, -0.002008099702933532, -0.002258546557608393, 0.0009663990484685013, -0.0008450310999149974, -0.0023047806657818214, 0.0032203397061111136, 0.002491200145284402, 0.0008278820607646155, 0.0018044584580484042, -0.001410405561143794, -0.0012431265677826544, -0.00375435937284592, -0.004131586100122258, -0.0028258319633292744, 0.005777893113633235, -0.0026208365963812778, 0.009187079162238484, 0.0009748781222365129, -0.002382461957589896, 0.004643978746824902, 0.0016971987329261924, -0.0019522717350368827, -0.001619562982409272, -0.0017148121512373222, 0.002014439310552678, 0.006368526333922816, -0.0023507007981018783, -0.002253091894096083, -0.0020944352110572073, 0.004794832750805097, -0.002204011200232738, -0.0019713625472868607, 0.004521547344906523, -0.0021607329433589455, -0.0016311337769370337, -0.0018697255391952967, -0.0018662361897291895, -0.0026334106756469478, 0.002251033493747238, -0.002274505053024985, 0.005104885865370696, 0.0023503355375788055, -0.0018779384293747614, 0.007727585500899941, 0.0014053182046756402, 0.0013190913705002397, -0.004012848360470142, 0.004593459505335143, -0.002657305913195636, 0.0037215820127881848, -0.0016176939219929725, -0.0016143073187945454, 0.0035310938738246206, -0.0015994210855390597, 0.00621121843444991, 0.004746872198763708, 0.0025837170074437615, -0.00017499249117099828, -0.001883491741594881, 0.004579348219796925, -0.0018311136539038066, -3.2622965106999086e-05, -0.002010503230395354, -0.002923262089470998, 0.004702071231118249, -0.0018645927436361299, -0.002182781018182148, -0.0026619233029655204, 0.0015925698432137409, -0.0018466430884914737, 6.273981721287736e-05, -0.0008936037708854179, -0.0006072445112523491, -0.002187944887235214, -0.0019527732951532756, 0.0016961989524566924, -0.001665243039408432, -0.0020388148532126883, 0.00028720330495257543, -0.0018749336969941107, -0.002237117043546246, 0.0010351546149641392, -0.0018243027802530337, -0.002034854968841826, 0.004871072231703881, -0.002095241017154855, 0.002604571969671041, 0.0038637409555384718, 0.005406726408900534, -0.002985610372117001, 0.0075648183651998826]
Daily Returns: [0, 0, 0, 0, 0, 0.004722675829818866, 0, 0, 0, 0, 0, 0, 0, 0, 0, 0, 0, 0, 0, 0, 0, 0, 0, 0, 0, 0, 0, 0, 0, 0, 0, 0, 0, 0, 0, 0, -0.0023566090680279487, 0, 0, 0, 0, 0.004657953809151048, 0.0038822840840039142, 0, 0, -0.001446927873064404, 0, 0, 0, 0, 0, 0, 0, 0, 0, 0, 0, 0, -0.0019514092658305217, 0, 0, 0, 0, 0, -0.001969070076258672, 0, 0, 0, 0, 0, -0.0017208354091218677, -0.0018827654352967572, 0, 0, 0.004563854937313149, 0, 0.004693270320614119, -0.0007382096570776694, 0.0002830855919250295, 0, 0, 0, 0, 0, 0, 0, 0, 0, 0, 0, -0.0025241582701747175, 0, 0, 0, 0, 0.003913393845888882, -0.0023805662826907885, 0, 0, 0, 0, -0.0005629975018085537, 0.003998754486642441, 0, 0.0003876689173162566, -0.003970721722599211, 0, 0, 0, 0, 0, 0, 0.0026216390282348813, 0.006378272031198172, 0, 0, 0, 0, 0, -0.001937242011381006, 0, 0, 0, 0, -0.0023151615170006693, 0, 0, 0, 0, 0, 0.003817508811823905, 0, 0, 0, 0, 0, -0.0021515258394547545, 0, -0.002267286383844244, 0, 0, 0, 0, 0, -0.0031645985353513967, 0, -0.0028808114971797714, 0, 0, -0.0011668348460843175, 0, 0, 0, 0, 0, 0, 0, 0, 0.0010524760408687044, 0.0027889092376795033, 0, 0, 0, -0.0024957286945695395, 0.005969614813305884, 0, 0, 0, 0, 0, 0, 0, 0, -0.0015615992908788014, 0, 0, 0, 0, 0.00010359284978046929, 0, 0, 0, 0, 0, 0.005592526046395757, 0, 0, 0, -0.0022360878288061213, 0, 0, 0, -0.003345090995082147, 0, 0, 0, 0, 0, 0.0023300753910723633, 0, 0, 0.004952958927867146, 0, 0, 0, 0, 0, 0, 0, 0, 0, 0, 0, 0, 0, 0, 0, 0, 0, 0, 0, -0.002008099702933532, 0, 0, 0, 0, 0, 0, -0.002258546557608393, 0, 0.0009663990484685013, 0, 0, 0, 0, 0, 0, 0, -0.0008450310999149974, 0, 0.0009155590403292922, 0, 0, 0, 0, 0.002491200145284402, 0, 0, 0, 0, 0, 0, 0, 0, 0, 0, 0, 0.0008278820607646155, 0, 0, 0, 0, 0, 0, 0, 0, 0.00039405289690461025, -0.0012431265677826544, 0, 0, 0, 0, 0, 0, -0.007885945472968179, 0, 0, 0, 0, 0, 0, -0.0028258319633292744, 0, 0, 0, 0.005777893113633235, 0, -0.0026208365963812778, 0.009187079162238484, 0, 0, 0.0009748781222365129, -0.002382461957589896, 0, 0.004643978746824902, 0, 0.0016971987329261924, 0, 0, -0.0019522717350368827, 0, 0, 0, -0.001619562982409272, 0, 0, 0, 0, 0, 0, 0, 0, 0, 0, 0, 0, 0, 0, 0, 0, -0.0017148121512373222, 0, 0, 0.002014439310552678, 0, 0, 0.006368526333922816, -0.0023507007981018783, 0, 0, 0, 0, 0, -0.002253091894096083, 0, 0, 0, 0, -0.0020944352110572073, 0, 0, 0, 0.004794832750805097, 0, 0, -0.002204011200232738, 0, 0, 0, 0, 0, 0, -0.0019713625472868607, 0, 0, 0, 0, 0, 0.002360814401547578, 0, 0, 0, 0, 0, 0, 0, 0, 0, 0, 0, 0, -0.00536709550586152, 0, 0, 0, -0.0026334106756469478, 0, 0, 0.002251033493747238, 0, 0, 0, 0, 0, -0.002274505053024985, 0, 0, 0.005104885865370696, 0, 0, 0, 0, 0, 0, 0, 0, 0, 0, 0.0023503355375788055, 0, 0.005849647071525179, 0, 0, 0, 0, 0.0014053182046756402, 0.0013190913705002397, -0.004012848360470142, 0.004593459505335143, 0, 0, 0, 0, 0, 0, 0, 0, 0, -0.002657305913195636, 0, 0, 0, 0, 0, 0.0021038880907952124, 0, 0, 0, 0, -0.0016143073187945454, 0, 0, 0, 0, 0, 0, 0.0035310938738246206, 0, 0, 0, -0.0015994210855390597, 0, 0, 0, 0.00621121843444991, 0, 0, 0, 0.004746872198763708, 0, 0.0025837170074437615, 0, 0, 0, 0, 0, 0, 0, -0.0020584842327658792, 0.0027156116007861194, 0, 0, 0, 0, 0, 0, 0, 0, -0.002010503230395354, 0, -0.002923262089470998, 0, 0, 0, 0, 0, 0, 0, 0, 0, 0, 0, 0.002837478487482119, 0, 0, 0, 0, 0, 0, 0, 0, 0, 0, 0, -0.002182781018182148, 0, 0, 0, 0, 0, 0, -0.0026619233029655204, 0, 0, 0, 0, 0.0015925698432137409, 0, 0, 0, 0, 0, 0, -0.0018466430884914737, 0, 6.273981721287736e-05, -0.0008936037708854179, 0, 0, -0.0006072445112523491, 0, 0, -0.002187944887235214, 0, -0.0019527732951532756, 0, 0, 0, 0.0016961989524566924, 0, 0, -0.001665243039408432, 0, 0, -0.0020388148532126883, 0, 0, 0, 0, 0.00028720330495257543, -0.0018749336969941107, -0.002237117043546246, 0.0010351546149641392, 0, 0, 0, 0, 0, 0, 0, -0.0018243027802530337, 0, 0, 0, 0, -0.002034854968841826, 0, 0, 0.0027758312145490256, 0, 0, 0, 0.002604571969671041, 0, 0, 0, 0, 0, 0.0038637409555384718, 0, 0, 0, 0, 0, 0, 0, 0, 0, 0, 0.005406726408900534, -0.002985610372117001, 0.0075648183651998826, 0, 0, 0, 0, 0, 0]
Start Date: 2023-12-22
End Date: 2025-11-06
Sharpe Ratio: 0.053
Annualized Sharpe: 0.845
Sharpe 95% CI: (np.float64(-0.467), np.float64(1.993))
Sortino Ratio: 0.071
CAGR: 0.019
Calmar Ratio: 0.909
Daily Win Rate (%): 0.434
Max Drawdown: 0.021
Profit Factor: 1.288
Expectancy: 0.000332
Average Win: 0.003428
Average Loss: 0.00204
Total Trades: 136
Total Days: 588



Rolling 5 - Variant 4 - atr_0.25_7 - Fit Metrics
Contracts: [10, 11, 6, 10, 10, 7, 6, 6, 6, 6, 6, 6, 7, 10, 8, 8, 8, 8, 8, 7, 7, 7, 7, 7, 7, 7, 7, 7, 8, 5, 7, 7, 7, 7, 5, 7, 6, 6, 6, 6, 6, 6, 6, 6, 6, 6, 5, 7, 7, 7, 8, 7, 6, 5, 5, 5, 6, 6, 6, 6, 5, 9, 5, 9, 5, 5, 6, 6, 6, 6, 6, 7, 8, 7, 6, 7, 7, 7, 7, 8, 8, 8, 8, 9, 9, 9, 9, 10, 11, 11, 7, 10, 7, 7, 7, 7, 7, 8, 9, 9, 10, 10, 9, 9, 9, 11, 11, 11, 11, 11, 11, 11, 10, 10, 10, 10, 10, 10, 10, 10, 9, 10, 10, 11, 11, 12, 11, 10, 10, 11, 10, 10, 10, 10, 10, 10, 10, 10, 11, 11, 10, 11, 12, 10, 10, 9, 11, 9, 12, 10, 10, 10, 10, 12, 12, 14, 13, 14, 13, 15, 14, 13, 14, 12, 12, 12, 12, 12, 12, 12, 12, 12, 12, 12, 15, 13, 15, 14, 15, 13, 13, 12, 13, 13, 13, 12, 16, 17, 15, 11, 14, 14, 12, 12, 13, 11, 11, 11, 11, 7, 9, 14, 14, 14, 12, 8, 10, 8, 8, 8, 8, 8, 8, 8, 8, 8, 8, 9, 8, 9, 9, 7, 8, 8, 8, 8, 8, 9, 9, 9, 9, 7, 7, 6, 5, 5, 5, 7, 6, 6, 8, 8, 8, 8, 8, 8, 8, 8, 9, 10, 9, 9, 9, 10, 9, 8, 8, 8, 8, 8, 8, 8, 7, 8, 9, 11, 9, 9, 9, 11, 11, 11, 11, 13, 12, 12]
Trade Returns: [-0.0028620588589212347, 0.0013944999999999663, -0.0025974086823431983, -0.0023543001309382673, 0.004221442148990723, 0.003079408576372763, 0.0003100090556062336, 0.002510916248678037, -0.001327922814374787, -0.00047307217124611934, -0.0015532407469505247, -0.0016407888046029856, -0.002181871974037282, -0.0021866429490049423, -0.0022415958589465977, 0.003635393079390315, -0.0030399599347226114, -0.0028878948433865848, -0.003160805786531552, 0.001650345110071621, -0.00025117110990235687, 0.00041130326801338933, 0.007312149593938783, 0.0039657202545010884, 0.0009321417035338353, -0.002031942365708676, 0.00018786966456134146, 0.003106411186027505, -0.0021577485566083056, -0.0008132990307356836, -0.0018405671350609045, -0.002610867715636113, 0.002453325757927158, 0.0028969765704821575, 0.0038226833668985752, -0.00017449072628438945, 0.003920472346831247, 0.0028297890350100887, -0.00168941421709165, -0.0002847617779565963, -2.54906228594257e-05, -0.0017317298313963261, -0.0023642389442605338, -0.002239840254080007, 0.0023588316935886644, 0.009622092028561863, 0.004133324419887369, -0.0018935232867805165, -0.0003854038380973737, 0.008618627450980458, 0.009929749721531997, -0.0025883727634208246, -0.001672687624362711, 0.0003015222374827043, -0.0020882929042928995, -0.00011387089816529625, -0.0012900526784404452, -0.000956919443182669, -0.0015140025160733743, -0.0014265551676954976, -0.0017947263170543454, 0.004982610155116955, -0.0022175906715672304, -0.0014659231239669169, 0.0010576145432776313, -0.0014304810296426186, -0.0017934781902493146, -0.002307081895766396, -0.002245109186425248, 0.0037225609863058315, -0.001859181822846387, 0.0012450868633528298, -0.002532216462980341, -0.0021476080574620747, -0.001633983520183902, 0.005213518789475504, -0.0020145455329187664, -0.00198346535531321, 0.0011544816988216513, -0.002093331596104742, -0.00247727358495886, -0.0031217365146152458, 0.005718118211722123, 0.002153913322487687, -0.001477733556343646, -0.0019103640498623492, -0.0014428822832832106, -0.001447306826985141, 0.00435888372099435, -0.0016165377542718498, 0.0005538049242717738, 0.0022785560790715017, -0.0019644984994820983, 0.003993425034059636, -0.0022343217941769656, 0.00336807005523223, 0.004342244344560821, -0.0022179919686343154, -0.0019922756654205606, -0.002250134230336392, -0.0026449541094088454, -0.0022510459824046057, 0.0006230800045625467, -0.0017509175716247842, -0.002724204684739994, -0.0012496637054592679, 0.001957282826785775, -0.002098649692605881, 0.013132525808901138, -0.0028843278562877966, -0.002208774992004871, -0.00179130154396581, -4.158673711912597e-05, -0.0022431098717866573, -0.0020384565896848783, 0.0006252523565077855, 0.01305744314225816, -0.0029786849943907894, 0.0008915201548625435, 0.006069782047847472, 0.00034843767397458214, -0.002245082493368135, 0.0024580916078958694, -0.0021311551376795015, -0.001956175165288663, 0.0030735804816616947, -0.0023712918153484005, 0.0034426203511531794, -0.0017801259087708262, 0.0009166065253382835, -0.002074590524346057, -0.002306212572330237, -0.0012465499344475504, -0.0017710939285012042, -0.0025576901052357065, -0.002470993999361603, -0.002464903238250878, -0.0005162900222448812, -0.0027773299662233733, -0.0010166929334909998]
Daily Returns: [-0.0028620588589212347, 0.0013944999999999663, 0, 0, 0, 0, 0, 0, 0, 0, 0, 0, -0.0025974086823431983, 0, 0, -0.0023543001309382673, 0, 0, 0, 0, 0, 0, 0, 0, 0, 0, 0, 0, 0, 0, 0, 0.004221442148990723, 0, 0, 0.003079408576372763, 0, 0, 0, 0, 0, 0.0003100090556062336, 0, 0, 0.0007099212630571307, 0, 0, -0.0015532407469505247, 0, 0, 0, 0, -0.0016407888046029856, 0, 0, 0, 0, 0, 0, 0, 0, -0.002181871974037282, 0, 0, 0, 0, 0, -0.0021866429490049423, 0.001393797220443717, 0, 0, 0, 0, 0, 0, 0, 0, 0, 0, -0.0030399599347226114, -0.006048700629918137, 0, 0.001650345110071621, 0.00016013215811103246, 0, 0, 0, 0, 0, 0, 0, 0, 0, 0, 0, 0, 0, 0, 0, 0, 0, 0, 0.007312149593938783, 0, 0, 0, 0, 0.0039657202545010884, 0.0009321417035338353, -0.002031942365708676, 0, 0, 0, 0, 0, 0, 0, 0, 0, 0, 0, 0.00018786966456134146, 0.00013536359868351574, 0, 0, 0, 0, 0, 0, 0, 0, -0.0018405671350609045, 0, 0, 0, 0, 0, 0, 0, 0, 0, 0, 0, 0, 0, 0, -0.002610867715636113, 0, 0.002453325757927158, 0, 0, 0.0065451692110963435, 0.003920472346831247, 0, 0, 0, 0.0028297890350100887, 0, -0.0019741759950482464, 0, 0, -2.54906228594257e-05, 0, 0, 0, 0, 0, 0, 0, 0, -0.0017317298313963261, 0, 0, 0, 0, 0, -0.0023642389442605338, 0, -0.002239840254080007, 0.0023588316935886644, 0, 0, 0.009622092028561863, 0, 0, 0, 0, 0.004133324419887369, 0, 0, 0, 0, 0, 0, 0, 0, -0.0018935232867805165, 0, 0, 0, 0, 0, 0, 0, 0, 0, 0, 0, 0, 0, 0, -0.0003854038380973737, 0, 0, 0, 0, 0, 0.008618627450980458, 0, 0, 0, 0, 0, 0, 0.007341376958111172, 0, 0, 0, -0.001672687624362711, 0, 0.0003015222374827043, 0, 0, 0, 0, -0.0020882929042928995, 0, 0, 0, 0, 0, 0, -0.00011387089816529625, 0, 0, 0, 0, 0, 0, 0, 0, 0, -0.0012900526784404452, 0, 0, 0, 0, 0, -0.000956919443182669, 0, 0, 0, 0, 0, -0.0015140025160733743, -0.0014265551676954976, 0, 0, 0, -0.0017947263170543454, 0, 0.004982610155116955, 0, -0.0022175906715672304, 0, 0, 0, 0, -0.0014659231239669169, 0, 0, 0.0010576145432776313, 0, -0.0014304810296426186, 0, 0, 0, -0.0017934781902493146, 0, 0, 0, 0, -0.002307081895766396, 0, 0, 0, 0, 0, 0, 0, -0.002245109186425248, 0, 0.0037225609863058315, 0, -0.001859181822846387, 0, 0, 0, 0.0012450868633528298, 0, 0, 0, 0, 0, -0.002532216462980341, 0, -0.0021476080574620747, 0, 0, 0, 0, 0, 0, -0.001633983520183902, 0, 0.005213518789475504, -0.0020145455329187664, 0, 0, 0, 0, 0, 0, 0, 0, 0, -0.00198346535531321, 0.0011544816988216513, 0, 0, -0.002093331596104742, -0.00247727358495886, 0, 0, -0.0031217365146152458, 0, 0, 0, 0.005718118211722123, 0, 0, 0, 0, 0, 0.002153913322487687, 0, 0, -0.001477733556343646, 0, 0, 0, 0, 0, 0, -0.0033532463331455596, 0, 0, 0, -0.001447306826985141, 0, 0.00435888372099435, 0, -0.0016165377542718498, 0, 0, 0, 0.0005538049242717738, 0, 0, 0, 0.0022785560790715017, 0, -0.0019644984994820983, 0, 0, 0, 0.003993425034059636, 0, 0, 0, -0.0022343217941769656, 0.00336807005523223, 0, 0, 0.0021242523759265057, 0, 0, 0, 0, 0, 0, 0, 0, -0.0019922756654205606, 0, 0, 0, 0, 0, 0, 0, 0, 0, 0, -0.002250134230336392, 0, -0.0026449541094088454, 0, 0, 0, 0, -0.0022510459824046057, 0, 0, 0, 0, 0, 0, 0, 0, 0, 0, 0, 0, 0, 0, 0, 0, 0.0006230800045625467, 0, 0, 0, 0, -0.0017509175716247842, 0, 0, -0.003973868390199262, 0, 0, 0.001957282826785775, 0, -0.002098649692605881, 0, 0, 0, 0, 0, 0.013132525808901138, 0, 0, 0, 0, 0, -0.0028843278562877966, 0, 0, 0, 0, 0, 0, 0, 0, -0.002208774992004871, 0, 0, -0.001832888281084936, 0, 0, -0.0022431098717866573, 0, 0, 0, 0, 0, 0, -0.0020384565896848783, 0, 0, 0, 0, 0, 0.0006252523565077855, 0, 0, 0.010078758147867371, 0, 0, 0.0008915201548625435, 0, 0, 0, 0, 0, 0.006069782047847472, 0, 0, 0, 0, 0.00034843767397458214, 0, 0, 0, 0, 0, 0, 0, -0.002245082493368135, 0, 0, 0, 0, 0, 0, 0, 0.0024580916078958694, 0, 0, 0, 0, 0, 0, 0, 0, 0, -0.0021311551376795015, 0.0011174053163730316, 0, 0, -0.0023712918153484005, 0, 0.0034426203511531794, -0.0017801259087708262, 0, 0, 0, 0.0009166065253382835, 0, -0.002074590524346057, -0.002306212572330237, 0, 0, 0, 0, -0.0012465499344475504, 0, 0, 0, -0.00432878403373691, 0, 0, 0, 0, 0, 0, 0, 0, 0, 0, 0, 0, 0, -0.002470993999361603, -0.002464903238250878, 0, 0, 0, 0, 0, 0, 0, 0, -0.0005162900222448812, 0, -0.0027773299662233733, 0, 0, 0, 0, 0, -0.0010166929334909998]
Start Date: 2022-02-03
End Date: 2023-12-21
Sharpe Ratio: 0.006
Annualized Sharpe: 0.099
Sharpe 95% CI: (np.float64(-1.292), np.float64(1.269))
Sortino Ratio: 0.011
CAGR: 0.002
Calmar Ratio: 0.078
Daily Win Rate (%): 0.357
Max Drawdown: 0.026
Profit Factor: 1.032
Expectancy: 3.9e-05
Average Win: 0.003487
Average Loss: 0.001877
Total Trades: 140
Total Days: 589

Rolling 5 - Variant 4 - atr_0.25_7 - Test Metrics
Contracts: [10, 11, 6, 10, 10, 7, 6, 6, 6, 6, 6, 6, 7, 10, 8, 8, 8, 8, 8, 7, 7, 7, 7, 7, 7, 7, 7, 7, 8, 5, 7, 7, 7, 7, 5, 7, 6, 6, 6, 6, 6, 6, 6, 6, 6, 6, 5, 7, 7, 7, 8, 7, 6, 5, 5, 5, 6, 6, 6, 6, 5, 9, 5, 9, 5, 5, 6, 6, 6, 6, 6, 7, 8, 7, 6, 7, 7, 7, 7, 8, 8, 8, 8, 9, 9, 9, 9, 10, 11, 11, 7, 10, 7, 7, 7, 7, 7, 8, 9, 9, 10, 10, 9, 9, 9, 11, 11, 11, 11, 11, 11, 11, 10, 10, 10, 10, 10, 10, 10, 10, 9, 10, 10, 11, 11, 12, 11, 10, 10, 11, 10, 10, 10, 10, 10, 10, 10, 10, 11, 11, 10, 11, 12, 10, 10, 9, 11, 9, 12, 10, 10, 10, 10, 12, 12, 14, 13, 14, 13, 15, 14, 13, 14, 12, 12, 12, 12, 12, 12, 12, 12, 12, 12, 12, 15, 13, 15, 14, 15, 13, 13, 12, 13, 13, 13, 12, 16, 17, 15, 11, 14, 14, 12, 12, 13, 11, 11, 11, 11, 7, 9, 14, 14, 14, 12, 8, 10, 8, 8, 8, 8, 8, 8, 8, 8, 8, 8, 9, 8, 9, 9, 7, 8, 8, 8, 8, 8, 9, 9, 9, 9, 7, 7, 6, 5, 5, 5, 7, 6, 6, 8, 8, 8, 8, 8, 8, 8, 8, 9, 10, 9, 9, 9, 10, 9, 8, 8, 8, 8, 8, 8, 8, 7, 8, 9, 11, 9, 9, 9, 11, 11, 11, 11, 13, 12, 12]
Trade Returns: [0.00754055004913302, -0.002346714567842475, 0.0037612325967535487, 0.00020241589729472006, 0.004113001665584608, -0.0014414918608287078, -0.0019440958795919323, -0.001960783257285552, -0.0017143754146025016, -0.0020199689135097206, 0.00438863152936031, -0.0018857077354268916, -0.0007405121515296534, 0.0002820225924619703, -0.0025320361988480336, 0.0038986702603391126, -0.002370676713323046, -0.0005647631848844503, 0.00259549778548689, 0.0014157932894879415, 0.00038888055402978345, -0.001806654941688153, -0.002176484485876653, 0.009206902865235386, -0.0024525389641230993, 0.0063720776034277135, -0.0019353725200501439, -0.0023224055063075597, 0.00586627808490916, -0.0021450615048030247, -0.002260459598713245, -0.00315504836115757, -0.0028780260446946327, -0.0011632969007796567, 0.0010498347306218978, 0.00278191748784799, -0.0024894893010410563, 0.005439140261778454, -0.0015568717568922824, 0.00010391619792269393, 0.00041970762866809925, -0.0022419933274830466, -0.0033539452176271135, 0.0023364200448768024, 0.011121626839928764, -0.002001277132069449, -0.002250857699518946, 0.0009631125203661712, -0.0008421549783349274, -0.0022969546905749773, 0.0032093698196616837, 0.0024827001231768468, 0.0007609073827876759, 0.0018063586089703473, -0.001411888084131834, -0.0012444351059096603, -0.0037583162053124925, -0.004121231237703662, -0.0028141908170579394, 0.00578399183891098, -0.0026100738047238467, 0.011986903013166874, 0.0009760371632204325, -0.002385291725143229, 0.0045040463869668946, 0.0016992193994343208, -0.001954592145823488, -0.0016214917155818428, -0.0017168532420013072, 0.0020322788393468505, 0.004400328289780474, -0.002358115447908793, -0.0022602304597464607, -0.002101057155699165, 0.004800567297585532, -0.0022110100805424198, -0.0019776365191021853, 0.010758215722466885, -0.0021676232235450206, -0.0016262315670142033, -0.0018641167405036066, -0.0018606482749061648, -0.002636551890747784, 0.0022534148757593518, -0.0022676581201854446, 0.0006167389822121864, 0.0023415249062015316, -0.0018709151039670547, 0.008467544375300175, 0.0014000525860289475, 0.0013141557472657857, -0.0039991912030150414, 0.004593459505335143, -0.0026473761630951553, 0.003707615881758064, -0.0016116329205958467, -0.0016082716206129658, 0.003539228149319771, -0.0016030925394208372, 0.00013912320122771283, 0.004230803982106591, 0.0025909882345510503, -0.00017548369119867015, -0.001888779588921076, 0.0004440031961363463, -0.001843854395363217, -3.2850372379035436e-05, -0.0017995719570459631, -0.002943018129095, 0.004734088395675772, -0.0018772652232672748, -0.0021975584962182926, -0.0026799662591000593, 0.0016033997156795947, -0.001859180619772046, 6.316657405924821e-05, -0.0008996816884975514, -0.0006113784526583278, -0.0022028488822427132, -0.001966104699037586, 0.0017078015588138326, -0.0016766144761121106, -0.002052760679642486, 0.00028916671453041974, -0.0018877476114724785, -0.002252295733791986, 0.0010421699392253309, -0.001836794247105555, -0.002048813779743876, 0.004904555684349127, -0.00210957328238583, 0.0026224243137264293, 0.0038902263224884475, 0.002459190544397428, -0.0030148355248408617, 0.009089846083674228]
Daily Returns: [0, 0, 0, 0, 0, 0.00754055004913302, 0, 0, 0, 0, 0, 0, 0, 0, 0, 0, 0, 0, 0, 0, 0, 0, 0, 0, 0, 0, 0, 0, 0, 0, 0, 0, 0, 0, 0, 0, -0.002346714567842475, 0, 0, 0, 0, 0.003963648494048269, 0.004113001665584608, 0, 0, -0.0014414918608287078, 0, 0, 0, 0, 0, 0, 0, 0, 0, 0, 0, 0, -0.0019440958795919323, 0, 0, 0, 0, 0, -0.001960783257285552, 0, 0, 0, 0, 0, -0.0017143754146025016, -0.0020199689135097206, 0, 0, 0.00438863152936031, 0, -0.0018857077354268916, -0.0007405121515296534, 0.0002820225924619703, 0, 0, 0, 0, 0, 0, 0, 0, 0, 0, 0, -0.0025320361988480336, 0, 0, 0, 0, 0.0038986702603391126, -0.002370676713323046, 0, 0, 0, 0, -0.0005647631848844503, 0.004011291074974831, 0, 0.00038888055402978345, -0.003983139427564806, 0, 0, 0, 0, 0, 0, 0.0067543639011122866, 0.0063720776034277135, 0, 0, 0, 0, 0, -0.0019353725200501439, 0, 0, 0, 0, -0.0023224055063075597, 0, 0, 0, 0, 0, 0.00586627808490916, 0, 0, 0, 0, 0, -0.0021450615048030247, 0, -0.002260459598713245, 0, 0, 0, 0, 0, -0.00315504836115757, 0, -0.0028780260446946327, 0, 0, -0.0011632969007796567, 0, 0, 0, 0, 0, 0, 0, 0, 0.0010498347306218978, 0.00278191748784799, 0, 0, 0, -0.0024894893010410563, 0.005439140261778454, 0, 0, 0, 0, 0, 0, 0, 0, -0.0015568717568922824, 0, 0, 0, 0, 0.00010391619792269393, 0, 0, 0, 0, 0, 0.00041970762866809925, 0, 0, 0, -0.0022419933274830466, 0, 0, 0, -0.0033539452176271135, 0, 0, 0, 0, 0, 0.0023364200448768024, 0, 0, 0.011121626839928764, 0, 0, 0, 0, 0, 0, 0, 0, 0, 0, 0, 0, 0, 0, 0, 0, 0, 0, 0, -0.002001277132069449, 0, 0, 0, 0, 0, 0, -0.002250857699518946, 0, 0.0009631125203661712, 0, 0, 0, 0, 0, 0, 0, -0.0008421549783349274, 0, 0.0009124151290867064, 0, 0, 0, 0, 0.0024827001231768468, 0, 0, 0, 0, 0, 0, 0, 0, 0, 0, 0, 0.0007609073827876759, 0, 0, 0, 0, 0, 0, 0, 0, 0.0003944705248385134, -0.0012444351059096603, 0, 0, 0, 0, 0, 0, -0.007879547443016154, 0, 0, 0, 0, 0, 0, -0.0028141908170579394, 0, 0, 0, 0.00578399183891098, 0, -0.0026100738047238467, 0.011986903013166874, 0, 0, 0.0009760371632204325, -0.002385291725143229, 0, 0.0045040463869668946, 0, 0.0016992193994343208, 0, 0, -0.001954592145823488, 0, 0, 0, -0.0016214917155818428, 0, 0, 0, 0, 0, 0, 0, 0, 0, 0, 0, 0, 0, 0, 0, 0, -0.0017168532420013072, 0, 0, 0.0020322788393468505, 0, 0, 0.004400328289780474, -0.002358115447908793, 0, 0, 0, 0, 0, -0.0022602304597464607, 0, 0, 0, 0, -0.002101057155699165, 0, 0, 0, 0.004800567297585532, 0, 0, -0.0022110100805424198, 0, 0, 0, 0, 0, 0, -0.0019776365191021853, 0, 0, 0, 0, 0, 0.008590592498921863, 0, 0, 0, 0, 0, 0, 0, 0, 0, 0, 0, 0, -0.005350996582423975, 0, 0, 0, -0.002636551890747784, 0, 0, 0.0022534148757593518, 0, 0, 0, 0, 0, -0.0022676581201854446, 0, 0, 0.0006167389822121864, 0, 0, 0, 0, 0, 0, 0, 0, 0, 0, 0.0023415249062015316, 0, 0.006596629271333121, 0, 0, 0, 0, 0.0014000525860289475, 0.0013141557472657857, -0.0039991912030150414, 0.004593459505335143, 0, 0, 0, 0, 0, 0, 0, 0, 0, -0.0026473761630951553, 0, 0, 0, 0, 0, 0.0020959829611622172, 0, 0, 0, 0, -0.0016082716206129658, 0, 0, 0, 0, 0, 0, 0.003539228149319771, 0, 0, 0, -0.0016030925394208372, 0, 0, 0, 0.00013912320122771283, 0, 0, 0, 0.004230803982106591, 0, 0.0025909882345510503, 0, 0, 0, 0, 0, 0, 0, -0.002064263280119746, -0.0014327015716059063, 0, 0, 0, 0, 0, 0, 0, 0, -0.0017995719570459631, 0, -0.002943018129095, 0, 0, 0, 0, 0, 0, 0, 0, 0, 0, 0, 0.002856823172408497, 0, 0, 0, 0, 0, 0, 0, 0, 0, 0, 0, -0.0021975584962182926, 0, 0, 0, 0, 0, 0, -0.0026799662591000593, 0, 0, 0, 0, 0.0016033997156795947, 0, 0, 0, 0, 0, 0, -0.001859180619772046, 0, 6.316657405924821e-05, -0.0008996816884975514, 0, 0, -0.0006113784526583278, 0, 0, -0.0022028488822427132, 0, -0.001966104699037586, 0, 0, 0, 0.0017078015588138326, 0, 0, -0.0016766144761121106, 0, 0, -0.002052760679642486, 0, 0, 0, 0, 0.00028916671453041974, -0.0018877476114724785, -0.002252295733791986, 0.0010421699392253309, 0, 0, 0, 0, 0, 0, 0, -0.001836794247105555, 0, 0, 0, 0, -0.002048813779743876, 0, 0, 0.0027949824019632974, 0, 0, 0, 0.0026224243137264293, 0, 0, 0, 0, 0, 0.0038902263224884475, 0, 0, 0, 0, 0, 0, 0, 0, 0, 0, 0.002459190544397428, -0.0030148355248408617, 0.009089846083674228, 0, 0, 0, 0, 0, 0]
Start Date: 2023-12-22
End Date: 2025-11-06
Sharpe Ratio: 0.042
Annualized Sharpe: 0.673
Sharpe 95% CI: (np.float64(-0.685), np.float64(1.791))
Sortino Ratio: 0.062
CAGR: 0.016
Calmar Ratio: 0.664
Daily Win Rate (%): 0.426
Max Drawdown: 0.025
Profit Factor: 1.242
Expectancy: 0.000283
Average Win: 0.003405
Average Loss: 0.002039
Total Trades: 136
Total Days: 588



Rolling 6 - Variant 0 - atr_0.25_2 - Fit Metrics
Contracts: [10, 11, 6, 10, 10, 7, 6, 6, 6, 6, 6, 6, 7, 10, 8, 8, 8, 8, 8, 7, 7, 7, 7, 7, 7, 7, 7, 7, 8, 5, 7, 7, 7, 7, 5, 7, 6, 6, 6, 6, 6, 6, 6, 6, 6, 6, 5, 7, 7, 7, 8, 7, 6, 5, 6, 5, 6, 6, 6, 6, 5, 9, 5, 10, 5, 5, 6, 6, 6, 6, 6, 7, 8, 7, 6, 7, 7, 7, 7, 8, 8, 8, 8, 9, 9, 9, 9, 10, 11, 11, 8, 10, 7, 7, 7, 7, 7, 8, 9, 9, 10, 10, 9, 9, 10, 11, 11, 12, 11, 11, 11, 11, 11, 10, 10, 10, 10, 10, 10, 10, 10, 10, 10, 11, 11, 11, 11, 9, 10, 10, 10, 10, 10, 10, 10, 10, 10, 10, 10, 10, 10, 11, 12, 10, 10, 9, 11, 9, 12, 10, 10, 10, 10, 12, 12, 14, 13, 13, 13, 15, 14, 13, 14, 12, 12, 12, 12, 12, 12, 12, 12, 12, 12, 12, 15, 13, 14, 14, 15, 13, 13, 12, 13, 13, 13, 12, 16, 17, 15, 12, 14, 15, 12, 12, 13, 11, 11, 11, 11, 7, 9, 14, 14, 14, 12, 8, 10, 8, 8, 8, 8, 8, 8, 8, 8, 8, 8, 9, 8, 9, 9, 7, 8, 8, 8, 8, 8, 9, 9, 9, 9, 7, 7, 6, 5, 5, 5, 7, 6, 6, 8, 8, 8, 8, 8, 8, 8, 9, 9, 10, 9, 9, 9, 10, 9, 8, 8, 8, 8, 8, 8, 8, 7, 8, 9, 11, 9, 9, 9, 11, 11, 11, 11, 13, 12, 12]
Trade Returns: [-0.0028519130669272417, 0.004957, -0.002588216794124713, -0.0023459469521189286, 0.00420642903359948, 0.0037768024285579228, 0.0003086965370428791, 0.002425994393230988, -0.0013224117517672176, -0.00047106989299046284, -0.001546786048114515, -0.0016339597250258394, -0.0021727569559380623, -0.002177488108372, 0.004061579645388013, 0.004144646944603902, -0.003006675296754859, -0.0028561798151466233, -0.003125994206393061, 0.0016321120138351602, -0.00024840068042928813, 0.00040676544590433143, 0.0033819145261697685, 0.0031089380399181507, 0.0009262443191911875, 0.0036380300984067493, 0.00018590147458356655, 0.0037635465359440417, -0.002133749590446895, -0.0008042339929425151, -0.0018202688031566697, -0.0025816417148964805, 0.004580005012630371, 0.004115456995707519, 0.0037672028305422785, -0.00017196775868638122, 0.004817686492001315, 0.003261044033587818, -0.001662780972789467, -0.0002802650940324995, -2.5087986632195244e-05, -0.0017123780768268846, -0.002326889569318319, -0.0022043735566804794, 0.004073816392404485, 0.004734199683961813, 0.004080538152835539, -0.001869439567421927, -0.00038213674095864474, 0.004257891234650052, 0.0039522162858846915, -0.002581703030876911, -0.0016513728667552747, 0.000300741636401179, -0.0020828978517353778, -0.00011207220931574927, 0.002330360419754242, -0.0009510073475102415, -0.001513463446919689, -0.0014260464647611983, -0.0017747061816528308, 0.003501628217565922, -0.002216798759750302, -0.0014653984730390406, 0.0010572354696729471, -0.0014299688535239373, -0.00179283512536664, -0.002306253188737704, -0.002244297502284026, 0.0034654915259652985, -0.001858508152796431, 0.002858908464690238, -0.002527871223820836, -0.0021468332902049862, -0.0016311785584658008, 0.0033615818989833767, -0.002013820232632757, -0.001985139303160986, 0.0011554579629878524, -0.0020950997367406377, -0.0024793704167536145, 0.005761326066344613, 0.004993770354621885, 0.002150207878013915, -0.0016649994912075327, -0.001883699137666409, -0.001422704485112399, -0.0014270059607283613, 0.0020918154158573927, -0.0015938992860779267, 0.0005472610893544942, 0.002251594734264223, -0.0019412984123651639, 0.004913029611686007, -0.002205922743833107, 0.0033251660052105647, 0.003854683811279336, -0.002434328181900505, -0.001964522058611414, 0.003929918177864142, -0.002609146082345951, -0.002422353879670676, 0.0006130356838571614, -0.0018948585521188167, -0.0026802621967715635, -0.001229530925052332, 0.003517134274460067, -0.0020899006679294743, 0.003576100592709489, -0.002865008774539957, -0.0022036688828451093, -0.0017871513784639052, -4.1490214653498336e-05, -0.0022071486493439015, -0.0020339498151018378, 0.0006238671837585538, 0.004356690737200255, -0.002972090183874802, 0.003654655567669822, 0.003540794709017862, 0.00035155947480002963, -0.002227141722921375, 0.0022542104654427464, -0.002150258688990024, -0.0019737479923780275, 0.003101217322082794, -0.002392021400804568, 0.003594882621069938, -0.001796148865166429, 0.0009247314498220407, -0.0020929629863647024, -0.0020941808822032863, -0.001257050798414284, -0.0017860322987801908, -0.0023452593196779032, 0.0044900630407006745, -0.002485780684447931, -0.0005170677606271361, -0.0027815020940529524, -0.0011270367776321864, 0.0030915895701316763, -0.002350251483368681, 0.0029067849984728794, 0.00020289500791041432, 0.0025302832868713074, -0.0014471842271874934, -0.001949757887528504, -0.001963745467741977, -0.001719376721425747, -0.0018811667368200666, 0.002968692224290396, 0.0030491436426868385, -0.0007399656395854769, 0.00028284556300413425, -0.0025301663187205017, 0.004941947485983423, -0.0023907080678352184]
Daily Returns: [-0.0028519130669272417, 0.004957, 0, 0, 0, 0, 0, 0, 0, 0, 0, 0, -0.002588216794124713, 0, 0, -0.0023459469521189286, 0, 0, 0, 0, 0, 0, 0, 0, 0, 0, 0, 0, 0, 0, 0, 0.00420642903359948, 0, 0, 0.0037768024285579228, 0, 0, 0, 0, 0, 0.0003086965370428791, 0, 0, 0.0006325127484733076, 0, 0, -0.001546786048114515, 0, 0, 0, 0, -0.0016339597250258394, 0, 0, 0, 0, 0, 0, 0, 0, -0.0021727569559380623, 0, 0, 0, 0, 0, -0.002177488108372, 0.008206226589991915, 0, 0, 0, 0, 0, 0, 0, 0, 0, 0, -0.003006675296754859, -0.005982174021539685, 0, 0.0016321120138351602, 0.0001583647654750433, 0, 0, 0, 0, 0, 0, 0, 0, 0, 0, 0, 0, 0, 0, 0, 0, 0, 0, 0.0033819145261697685, 0, 0, 0, 0, 0.0031089380399181507, 0.0009262443191911875, 0.0036380300984067493, 0, 0, 0, 0, 0, 0, 0, 0, 0, 0, 0, 0.00018590147458356655, 0.0008255629525546318, 0, 0, 0, 0, 0, 0, 0, 0, -0.0018202688031566697, 0, 0, 0, 0, 0, 0, 0, 0, 0, 0, 0, 0, 0, 0, -0.0025816417148964805, 0, 0.004580005012630371, 0, 0, 0.0077106920675634166, 0.004817686492001315, 0, 0, 0, 0.003261044033587818, 0, -0.0019430460668219665, 0, 0, -2.5087986632195244e-05, 0, 0, 0, 0, 0, 0, 0, 0, -0.0017123780768268846, 0, 0, 0, 0, 0, -0.002326889569318319, 0, -0.0022043735566804794, 0.004073816392404485, 0, 0, 0.004734199683961813, 0, 0, 0, 0, 0.004080538152835539, 0, 0, 0, 0, 0, 0, 0, 0, -0.001869439567421927, 0, 0, 0, 0, 0, 0, 0, 0, 0, 0, 0, 0, 0, 0, -0.00038213674095864474, 0, 0, 0, 0, 0, 0.004257891234650052, 0, 0, 0, 0, 0, 0, 0.0013705132550077804, 0, 0, 0, -0.0016513728667552747, 0, 0.000300741636401179, 0, 0, 0, 0, -0.0020828978517353778, 0, 0, 0, 0, 0, 0, -0.00011207220931574927, 0, 0, 0, 0, 0, 0, 0, 0, 0, 0.002330360419754242, 0, 0, 0, 0, 0, -0.0009510073475102415, 0, 0, 0, 0, 0, -0.001513463446919689, -0.0014260464647611983, 0, 0, 0, -0.0017747061816528308, 0, 0.003501628217565922, 0, -0.002216798759750302, 0, 0, 0, 0, -0.0014653984730390406, 0, 0, 0.0010572354696729471, 0, -0.0014299688535239373, 0, 0, 0, -0.00179283512536664, 0, 0, 0, 0, -0.002306253188737704, 0, 0, 0, 0, 0, 0, 0, -0.002244297502284026, 0, 0.0034654915259652985, 0, -0.001858508152796431, 0, 0, 0, 0.002858908464690238, 0, 0, 0, 0, 0, -0.002527871223820836, 0, -0.0021468332902049862, 0, 0, 0, 0, 0, 0, -0.0016311785584658008, 0, 0.0033615818989833767, -0.002013820232632757, 0, 0, 0, 0, 0, 0, 0, 0, 0, -0.001985139303160986, 0.0011554579629878524, 0, 0, -0.0020950997367406377, -0.0024793704167536145, 0, 0, 0.005761326066344613, 0, 0, 0, 0.004993770354621885, 0, 0, 0, 0, 0, 0.002150207878013915, 0, 0, -0.0016649994912075327, 0, 0, 0, 0, 0, 0, -0.003306403622778808, 0, 0, 0, -0.0014270059607283613, 0, 0.0020918154158573927, 0, -0.0015938992860779267, 0, 0, 0, 0.0005472610893544942, 0, 0, 0, 0.002251594734264223, 0, -0.0019412984123651639, 0, 0, 0, 0.004913029611686007, 0, 0, 0, -0.002205922743833107, 0.0033251660052105647, 0, 0, 0.001420355629378831, 0, 0, 0, 0, 0, 0, 0, 0, -0.001964522058611414, 0, 0, 0, 0, 0, 0, 0, 0, 0, 0, 0.003929918177864142, 0, -0.002609146082345951, 0, 0, 0, 0, -0.002422353879670676, 0, 0, 0, 0, 0, 0, 0, 0, 0, 0, 0, 0, 0, 0, 0, 0, 0.0006130356838571614, 0, 0, 0, 0, -0.0018948585521188167, 0, 0, -0.0039097931218238955, 0, 0, 0.003517134274460067, 0, -0.0020899006679294743, 0, 0, 0, 0, 0, 0.003576100592709489, 0, 0, 0, 0, 0, -0.002865008774539957, 0, 0, 0, 0, 0, 0, 0, 0, -0.0022036688828451093, 0, 0, -0.0018286415931174035, 0, 0, -0.0022071486493439015, 0, 0, 0, 0, 0, 0, -0.0020339498151018378, 0, 0, 0, 0, 0, 0.0006238671837585538, 0, 0, 0.0013846005533254529, 0, 0, 0.003654655567669822, 0, 0, 0, 0, 0, 0.003540794709017862, 0, 0, 0, 0, 0.00035155947480002963, 0, 0, 0, 0, 0, 0, 0, -0.002227141722921375, 0, 0, 0, 0, 0, 0, 0, 0.0022542104654427464, 0, 0, 0, 0, 0, 0, 0, 0, 0, -0.002150258688990024, 0.0011274693297047664, 0, 0, -0.002392021400804568, 0, 0.003594882621069938, -0.001796148865166429, 0, 0, 0, 0.0009247314498220407, 0, -0.0020929629863647024, -0.0020941808822032863, 0, 0, 0, 0, -0.001257050798414284, 0, 0, 0, -0.004131291618458094, 0, 0, 0, 0, 0, 0, 0, 0, 0, 0, 0, 0, 0, 0.0044900630407006745, -0.002485780684447931, 0, 0, 0, 0, 0, 0, 0, 0, -0.0005170677606271361, 0, -0.0027815020940529524, 0, 0, 0, 0, 0, -0.0011270367776321864, 0, 0, 0, 0, 0, 0.0030915895701316763, 0, 0, 0, 0, 0, 0, 0, 0, 0, 0, 0, 0, 0, 0, 0, 0, 0, 0, 0, 0, 0, 0, 0, 0, 0, 0, 0, 0, 0, 0, -0.002350251483368681, 0, 0, 0, 0, 0.0031096800063832937, 0.0025302832868713074, 0, 0, -0.0014471842271874934, 0, 0, 0, 0, 0, 0, 0, 0, 0, 0, 0, 0, -0.001949757887528504, 0, 0, 0, 0, 0, -0.001963745467741977, 0, 0, 0, 0, 0, -0.001719376721425747, -0.0018811667368200666, 0, 0, 0.002968692224290396, 0, 0.0030491436426868385, -0.0007399656395854769, 0.00028284556300413425, 0, 0, 0, 0, 0, 0, 0, 0, 0, 0, 0, -0.0025301663187205017, 0, 0, 0, 0, 0.004941947485983423, -0.0023907080678352184, 0]
Start Date: 2022-02-03
End Date: 2024-04-14
Sharpe Ratio: 0.02
Annualized Sharpe: 0.312
Sharpe 95% CI: (np.float64(-0.939), np.float64(1.427))
Sortino Ratio: 0.03
CAGR: 0.006
Calmar Ratio: 0.245
Daily Win Rate (%): 0.408
Max Drawdown: 0.024
Profit Factor: 1.098
Expectancy: 0.000107
Average Win: 0.002953
Average Loss: 0.001851
Total Trades: 157
Total Days: 687

Rolling 6 - Variant 0 - atr_0.25_2 - Test Metrics
Contracts: [10, 11, 6, 10, 10, 7, 6, 6, 6, 6, 6, 6, 7, 10, 8, 8, 8, 8, 8, 7, 7, 7, 7, 7, 7, 7, 7, 7, 8, 5, 7, 7, 7, 7, 5, 7, 6, 6, 6, 6, 6, 6, 6, 6, 6, 6, 5, 7, 7, 7, 8, 7, 6, 5, 6, 5, 6, 6, 6, 6, 5, 9, 5, 10, 5, 5, 6, 6, 6, 6, 6, 7, 8, 7, 6, 7, 7, 7, 7, 8, 8, 8, 8, 9, 9, 9, 9, 10, 11, 11, 8, 10, 7, 7, 7, 7, 7, 8, 9, 9, 10, 10, 9, 9, 10, 11, 11, 12, 11, 11, 11, 11, 11, 10, 10, 10, 10, 10, 10, 10, 10, 10, 10, 11, 11, 11, 11, 9, 10, 10, 10, 10, 10, 10, 10, 10, 10, 10, 10, 10, 10, 11, 12, 10, 10, 9, 11, 9, 12, 10, 10, 10, 10, 12, 12, 14, 13, 13, 13, 15, 14, 13, 14, 12, 12, 12, 12, 12, 12, 12, 12, 12, 12, 12, 15, 13, 14, 14, 15, 13, 13, 12, 13, 13, 13, 12, 16, 17, 15, 12, 14, 15, 12, 12, 13, 11, 11, 11, 11, 7, 9, 14, 14, 14, 12, 8, 10, 8, 8, 8, 8, 8, 8, 8, 8, 8, 8, 9, 8, 9, 9, 7, 8, 8, 8, 8, 8, 9, 9, 9, 9, 7, 7, 6, 5, 5, 5, 7, 6, 6, 8, 8, 8, 8, 8, 8, 8, 9, 9, 10, 9, 9, 9, 10, 9, 8, 8, 8, 8, 8, 8, 8, 7, 8, 9, 11, 9, 9, 9, 11, 11, 11, 11, 13, 12, 12]
Trade Returns: [-0.0005643440831127568, 0.004650094673553736, 0.0014118487879147058, 0.00038779863244518993, -0.0018016305164839552, -0.0021704206157401205, 0.003319860402527211, -0.0024600413667844167, 0.004634713716825862, -0.0019446646905883608, -0.002320686085657981, 0.0024837320238540192, -0.0020185042705140465, -0.002278740223175438, -0.003180621914279598, -0.002891871036423411, -0.0011727710740838647, 0.0010599817776433585, 0.0034451110720608836, -0.0025118644411741852, 0.003933897844000839, -0.001569531398747171, 0.0001038394490157697, 0.0036214014615953767, -0.0022284693915592415, -0.0033336686871247973, 0.0023220989722541325, 0.0032092640853539182, -0.0020047230603392097, -0.002254741156992048, 0.0009647724696608507, -0.0008436076387931122, -0.0022967939749415607, 0.005011618957058254, 0.0024869932637307454, 0.0008250456794649731, 0.0018013243907225576, -0.001407960307900201, -0.0012409682912906297, -0.003747833075540502, 0.007725193815717486, -0.002581059463962899, 0.0046785587134428284, -0.002633481107582066, 0.006086857592958318, 0.0009757931994823419, -0.0023846960947481875, 0.003050802276382679, 0.0016987940736564366, -0.0019541037282904444, -0.0016210857405567953, -0.0017179108378858837, 0.002019697536147998, 0.004210164515245211, -0.0023600173900567255, 0.004086556908196493, -0.0021027557758039176, 0.003929490694280579, -0.0021988143388211785, -0.001966704007339948, 0.0029638984197682045, -0.0021556168391068486, -0.0016297854810825535, -0.001868182910597877, -0.0018646993112112684, -0.0026358907019206125, 0.002247105745073891, -0.002272621877034773, 0.0033425422530467684, 0.00235452795063287, -0.0018812803350669036, 0.0050984918710002295, 0.006648282076338167, 0.0013145606762977873, -0.003998910739420082, 0.004577129451174134, -0.0026481908246076945, 0.002926779362269117, -0.0016121301757522168, -0.0016100211593870085, 0.0034214438240220348, -0.0015987088217760204, 0.0040921220546962555, 0.0031203624191637794, 0.002586752068730123, -0.00017519752238030105, -0.0018856989349183948, 0.0030138310051577677, -0.0018361249031938645, -3.271240932886689e-05, -0.00201601572072883, -0.0029312934153527567, 0.0030950046319944157, -0.0018697443087285926, -0.0021923197960693227, -0.0026692581311666564, 0.0015995603897910708, -0.0018547359383948461, 6.301528322341807e-05, -0.0008975269884846941, 0.00285113135287894, -0.0021899809426408866, -0.0019545944932201683, 0.001697783961864368, -0.001666796484716219, -0.0020407199656573382, 0.00028716761525839405, -0.00187470077279524, -0.002246914750188776, 0.0010396829555592375, -0.0018240757202954907, -0.002034601239903238, 0.003940377261384171, -0.002096921359842264, 0.003668065136394687, 0.004065785238533558, 0.003536720032239331, -0.0029929753243706165, 0.004991169152377847]
Daily Returns: [0, 0, 0, -0.0005643440831127568, 0.006061943461468442, 0, 0.00038779863244518993, -0.003972051132224076, 0, 0, 0, 0, 0, 0, 0.0008598190357427945, 0.004634713716825862, 0, 0, 0, 0, 0, -0.0019446646905883608, 0, 0, 0, 0, -0.002320686085657981, 0, 0, 0, 0, 0, 0.0024837320238540192, 0, 0, 0, 0, 0, -0.0020185042705140465, 0, -0.002278740223175438, 0, 0, 0, 0, 0, -0.003180621914279598, 0, -0.002891871036423411, 0, 0, -0.0011727710740838647, 0, 0, 0, 0, 0, 0, 0, 0, 0.0010599817776433585, 0.0034451110720608836, 0, 0, 0, -0.0025118644411741852, 0.003933897844000839, 0, 0, 0, 0, 0, 0, 0, 0, -0.001569531398747171, 0, 0, 0, 0, 0.0001038394490157697, 0, 0, 0, 0, 0, 0.0036214014615953767, 0, 0, 0, -0.0022284693915592415, 0, 0, 0, -0.0033336686871247973, 0, 0, 0, 0, 0, 0.0023220989722541325, 0, 0, 0.0032092640853539182, 0, 0, 0, 0, 0, 0, 0, 0, 0, 0, 0, 0, 0, 0, 0, 0, 0, 0, 0, -0.0020047230603392097, 0, 0, 0, 0, 0, 0, -0.002254741156992048, 0, 0.0009647724696608507, 0, 0, 0, 0, 0, 0, 0, -0.0008436076387931122, 0, 0.002714824982116693, 0, 0, 0, 0, 0.0024869932637307454, 0, 0, 0, 0, 0, 0, 0, 0, 0, 0, 0, 0.0008250456794649731, 0, 0, 0, 0, 0, 0, 0, 0, 0.0003933640828223566, -0.0012409682912906297, 0, 0, 0, 0, 0, 0, 0.003977360740176983, 0, 0, 0, 0, 0, 0, -0.002581059463962899, 0, 0, 0, 0.0046785587134428284, 0, -0.002633481107582066, 0.006086857592958318, 0, 0, 0.0009757931994823419, -0.0023846960947481875, 0, 0.003050802276382679, 0, 0.0016987940736564366, 0, 0, -0.0019541037282904444, 0, 0, 0, -0.0016210857405567953, 0, 0, 0, 0, 0, 0, 0, 0, 0, 0, 0, 0, 0, 0, 0, 0, -0.0017179108378858837, 0, 0, 0.002019697536147998, 0, 0, 0.004210164515245211, -0.0023600173900567255, 0, 0, 0, 0, 0, 0.004086556908196493, 0, 0, 0, 0, -0.0021027557758039176, 0, 0, 0, 0.003929490694280579, 0, 0, -0.0021988143388211785, 0, 0, 0, 0, 0, 0, -0.001966704007339948, 0, 0, 0, 0, 0, 0.0008082815806613559, 0, 0, 0, 0, 0, 0, 0, 0, 0, 0, 0, 0, -0.005362667702891699, 0, 0, 0, -0.0026358907019206125, 0, 0, 0.002247105745073891, 0, 0, 0, 0, 0, -0.002272621877034773, 0, 0, 0.0033425422530467684, 0, 0, 0, 0, 0, 0, 0, 0, 0, 0, 0.00235452795063287, 0, 0.0032172115359333257, 0, 0, 0, 0, 0.006648282076338167, 0.0013145606762977873, -0.003998910739420082, 0.004577129451174134, 0, 0, 0, 0, 0, 0, 0, 0, 0, -0.0026481908246076945, 0, 0, 0, 0, 0, 0.0013146491865169002, 0, 0, 0, 0, -0.0016100211593870085, 0, 0, 0, 0, 0, 0, 0.0034214438240220348, 0, 0, 0, -0.0015987088217760204, 0, 0, 0, 0.0040921220546962555, 0, 0, 0, 0.0031203624191637794, 0, 0.002586752068730123, 0, 0, 0, 0, 0, 0, 0, -0.002060896457298696, 0.0011449936926350363, 0, 0, 0, 0, 0, 0, 0, 0, -0.00201601572072883, 0, -0.0029312934153527567, 0, 0, 0, 0, 0, 0, 0, 0, 0, 0, 0, 0.0012252603232658231, 0, 0, 0, 0, 0, 0, 0, 0, 0, 0, 0, -0.0021923197960693227, 0, 0, 0, 0, 0, 0, -0.0026692581311666564, 0, 0, 0, 0, 0.0015995603897910708, 0, 0, 0, 0, 0, 0, -0.0018547359383948461, 0, 6.301528322341807e-05, -0.0008975269884846941, 0, 0, 0.00285113135287894, 0, 0, -0.0021899809426408866, 0, -0.0019545944932201683, 0, 0, 0, 0.001697783961864368, 0, 0, -0.001666796484716219, 0, 0, -0.0020407199656573382, 0, 0, 0, 0, 0.00028716761525839405, -0.00187470077279524, -0.002246914750188776, 0.0010396829555592375, 0, 0, 0, 0, 0, 0, 0, -0.0018240757202954907, 0, 0, 0, 0, -0.002034601239903238, 0, 0, 0.0018434559015419075, 0, 0, 0, 0.003668065136394687, 0, 0, 0, 0, 0, 0.004065785238533558, 0, 0, 0, 0, 0, 0, 0, 0, 0, 0, 0.003536720032239331, -0.0029929753243706165, 0.004991169152377847, 0, 0, 0, 0, 0, 0]
Start Date: 2024-04-15
End Date: 2025-11-06
Sharpe Ratio: 0.048
Annualized Sharpe: 0.759
Sharpe 95% CI: (np.float64(-0.652), np.float64(2.033))
Sortino Ratio: 0.075
CAGR: 0.015
Calmar Ratio: 0.749
Daily Win Rate (%): 0.454
Max Drawdown: 0.02
Profit Factor: 1.225
Expectancy: 0.000251
Average Win: 0.003013
Average Loss: 0.002043
Total Trades: 119
Total Days: 490



Rolling 6 - Variant 1 - atr_0.25_4 - Fit Metrics
Contracts: [10, 11, 6, 10, 10, 7, 6, 6, 6, 6, 6, 6, 7, 10, 8, 8, 8, 8, 8, 7, 7, 7, 7, 7, 7, 7, 7, 7, 8, 5, 7, 7, 7, 7, 5, 7, 6, 6, 6, 6, 6, 6, 6, 6, 6, 6, 5, 7, 7, 7, 8, 7, 6, 5, 6, 6, 6, 6, 6, 6, 5, 9, 5, 10, 5, 5, 6, 6, 6, 6, 6, 7, 8, 7, 7, 7, 7, 7, 7, 8, 8, 8, 8, 9, 9, 9, 9, 10, 11, 11, 8, 10, 7, 7, 7, 7, 7, 9, 9, 9, 10, 10, 9, 10, 10, 11, 11, 12, 11, 11, 11, 11, 11, 10, 10, 10, 10, 10, 10, 10, 10, 10, 10, 11, 11, 12, 11, 10, 10, 11, 10, 10, 10, 10, 10, 10, 10, 10, 11, 11, 10, 11, 13, 10, 10, 9, 11, 9, 12, 10, 10, 10, 10, 13, 12, 14, 14, 14, 14, 15, 14, 13, 14, 12, 12, 12, 12, 12, 12, 12, 12, 12, 12, 12, 15, 13, 15, 14, 15, 13, 14, 12, 13, 13, 13, 12, 16, 17, 15, 12, 14, 15, 12, 12, 13, 11, 11, 11, 11, 7, 9, 14, 14, 14, 12, 8, 10, 8, 8, 8, 8, 8, 8, 8, 8, 8, 8, 9, 8, 9, 9, 7, 8, 8, 8, 8, 8, 9, 9, 9, 9, 7, 7, 6, 5, 5, 5, 7, 6, 6, 8, 8, 8, 8, 8, 8, 8, 8, 9, 10, 9, 9, 9, 10, 9, 8, 8, 8, 8, 8, 8, 8, 7, 8, 9, 11, 9, 9, 9, 11, 11, 11, 11, 13, 12, 12]
Trade Returns: [-0.0028620588589212347, 0.0013944999999999663, -0.0025974086823431983, -0.0023543001309382673, 0.004221442148990723, 0.003079408576372763, 0.0003100090556062336, 0.002510916248678037, -0.001327922814374787, -0.00047307217124611934, -0.0015532407469505247, -0.0016407888046029856, -0.002181871974037282, -0.0021866429490049423, -0.0022415958589465977, 0.003635393079390315, -0.0030399599347226114, -0.0028878948433865848, -0.003160805786531552, 0.001650345110071621, -0.00025117110990235687, 0.00041130326801338933, 0.006958290244638641, 0.003967113864546667, 0.0009324679769154015, 0.00745918882720302, 0.0001857721845125609, 0.0030717359482652206, -0.0021337365005965597, -0.0008042290486823401, -0.0018405671350609045, -0.0025816257752014748, 0.0024257771806986614, 0.008348145696345734, 0.0037594279657072417, -0.00017161417579948407, 0.003855830674630639, 0.0027833100215598713, -0.0016617427688535497, -0.0002800898113858525, -2.507229177462484e-05, -0.001712367522285013, -0.002325433684975115, -0.0022029911131688233, 0.0023199392636062024, 0.009609922720561955, 0.004065380883973386, -0.0018625235998450261, -0.00045490324605690016, 0.008581367597603754, 0.007938316966229922, -0.0025511499249212424, -0.0016452522343035582, 0.0002971660540457418, -0.002058184797651313, -0.0001120020960184649, -0.001271420432050394, -0.0009431087110769285, -0.001491768784314391, -0.0014055743366318712, -0.001774695262353661, 0.0071068348888666975, -0.0021849299057145094, -0.0014442856720954702, 0.0010419812659503945, -0.0014093581837943986, -0.0017669578595770634, -0.0022729064722641014, -0.0025802454075006627, 0.0036681972988686774, -0.001832080370946073, 0.0012269702684550921, -0.002495416683986991, -0.0021156590827564633, -0.0016102284494883313, 0.0051376017130188864, -0.001984635546494592, -0.0019465019910450726, 0.0011329251066855305, -0.0020542889417528095, -0.0024309749311947405, -0.00306325108560272, 0.009969669270301584, 0.002122532978128143, -0.0016569604615644174, -0.0018745712317412438, -0.0014157974892300522, -0.001420057237792359, 0.004276698865894219, -0.0015861501964999454, 0.0006113335945009405, 0.0022355664401822206, -0.0019275056433153898, 0.003918248932440427, -0.002192424918529852, 0.003304774934075644, 0.004734345167095057, -0.00241733094154137, -0.0019550211171945686, -0.002207755297533168, -0.0025950134617720184, -0.0024091988946443655, 0.0006113918576298413, -0.0018897608220857206, -0.0026730707733065794, -0.0012262360104420787, 0.0019202554648715905, -0.002098649692605881, 0.0072945105729274266, -0.0028467218643855323, -0.0021825722132286433, -0.0017700047863104366, -4.109143632966873e-05, -0.002201199524145397, -0.0020143780960419698, 0.0006178518933757789, 0.008806743944919126, -0.0029434511612778528, 0.0008747818003901041, 0.006023044904755484, 0.00034577077698229374, -0.0022028918513783947, 0.0024391965922373523, -0.0021148204827451077, -0.0019411499028071087, 0.003049950572635976, -0.0023531069098384387, 0.003416079482308644, -0.0017664262768832015, 0.0009095640085238155, -0.002058665412222822, -0.0022885672201551025, -0.0012369100265618783, -0.0017573806178675544, -0.0025379609948085725, -0.0024522185031795175, -0.0024462198376308344, -0.000512346553515947, -0.002756174943061815, -0.0011162039509129888, 0.006304517686916329, -0.0023287809667641474, 0.0037323659830292627, 0.00020086817749290377, 0.004081558998367565, -0.001430516881838436, -0.0019287107422423975, -0.0019457639680208782, -0.0018316154960635756, -0.0020041922980302694, 0.004689231132937171, -0.0018703903845636418, -0.0007344857990716048, 0.00027978641618600343, -0.0025114172467859703, 0.004191356782908426, -0.0025483126603759528]
Daily Returns: [-0.0028620588589212347, 0.0013944999999999663, 0, 0, 0, 0, 0, 0, 0, 0, 0, 0, -0.0025974086823431983, 0, 0, -0.0023543001309382673, 0, 0, 0, 0, 0, 0, 0, 0, 0, 0, 0, 0, 0, 0, 0, 0.004221442148990723, 0, 0, 0.003079408576372763, 0, 0, 0, 0, 0, 0.0003100090556062336, 0, 0, 0.0007099212630571307, 0, 0, -0.0015532407469505247, 0, 0, 0, 0, -0.0016407888046029856, 0, 0, 0, 0, 0, 0, 0, 0, -0.002181871974037282, 0, 0, 0, 0, 0, -0.0021866429490049423, 0.001393797220443717, 0, 0, 0, 0, 0, 0, 0, 0, 0, 0, -0.0030399599347226114, -0.006048700629918137, 0, 0.001650345110071621, 0.00016013215811103246, 0, 0, 0, 0, 0, 0, 0, 0, 0, 0, 0, 0, 0, 0, 0, 0, 0, 0, 0.006958290244638641, 0, 0, 0, 0, 0.003967113864546667, 0.0009324679769154015, 0.00745918882720302, 0, 0, 0, 0, 0, 0, 0, 0, 0, 0, 0, 0.0001857721845125609, 0.00013377039898632083, 0, 0, 0, 0, 0, 0, 0, 0, -0.0018405671350609045, 0, 0, 0, 0, 0, 0, 0, 0, 0, 0, 0, 0, 0, 0, -0.0025816257752014748, 0, 0.0024257771806986614, 0, 0, 0.01193595948625349, 0.003855830674630639, 0, 0, 0, 0.0027833100215598713, 0, -0.0019418325802394022, 0, 0, -2.507229177462484e-05, 0, 0, 0, 0, 0, 0, 0, 0, -0.001712367522285013, 0, 0, 0, 0, 0, -0.002325433684975115, 0, -0.0022029911131688233, 0.0023199392636062024, 0, 0, 0.009609922720561955, 0, 0, 0, 0, 0.004065380883973386, 0, 0, 0, 0, 0, 0, 0, 0, -0.0018625235998450261, 0, 0, 0, 0, 0, 0, 0, 0, 0, 0, 0, 0, 0, 0, -0.00045490324605690016, 0, 0, 0, 0, 0, 0.008581367597603754, 0, 0, 0, 0, 0, 0, 0.005387167041308679, 0, 0, 0, -0.0016452522343035582, 0, 0.0002971660540457418, 0, 0, 0, 0, -0.002058184797651313, 0, 0, 0, 0, 0, 0, -0.0001120020960184649, 0, 0, 0, 0, 0, 0, 0, 0, 0, -0.001271420432050394, 0, 0, 0, 0, 0, -0.0009431087110769285, 0, 0, 0, 0, 0, -0.001491768784314391, -0.0014055743366318712, 0, 0, 0, -0.001774695262353661, 0, 0.0071068348888666975, 0, -0.0021849299057145094, 0, 0, 0, 0, -0.0014442856720954702, 0, 0, 0.0010419812659503945, 0, -0.0014093581837943986, 0, 0, 0, -0.0017669578595770634, 0, 0, 0, 0, -0.0022729064722641014, 0, 0, 0, 0, 0, 0, 0, -0.0025802454075006627, 0, 0.0036681972988686774, 0, -0.001832080370946073, 0, 0, 0, 0.0012269702684550921, 0, 0, 0, 0, 0, -0.002495416683986991, 0, -0.0021156590827564633, 0, 0, 0, 0, 0, 0, -0.0016102284494883313, 0, 0.0051376017130188864, -0.001984635546494592, 0, 0, 0, 0, 0, 0, 0, 0, 0, -0.0019465019910450726, 0.0011329251066855305, 0, 0, -0.0020542889417528095, -0.0024309749311947405, 0, 0, -0.00306325108560272, 0, 0, 0, 0.009969669270301584, 0, 0, 0, 0, 0, 0.002122532978128143, 0, 0, -0.0016569604615644174, 0, 0, 0, 0, 0, 0, -0.003290368720971296, 0, 0, 0, -0.001420057237792359, 0, 0.004276698865894219, 0, -0.0015861501964999454, 0, 0, 0, 0.0006113335945009405, 0, 0, 0, 0.0022355664401822206, 0, -0.0019275056433153898, 0, 0, 0, 0.003918248932440427, 0, 0, 0, -0.002192424918529852, 0.003304774934075644, 0, 0, 0.0023170142255536865, 0, 0, 0, 0, 0, 0, 0, 0, -0.0019550211171945686, 0, 0, 0, 0, 0, 0, 0, 0, 0, 0, -0.002207755297533168, 0, -0.0025950134617720184, 0, 0, 0, 0, -0.0024091988946443655, 0, 0, 0, 0, 0, 0, 0, 0, 0, 0, 0, 0, 0, 0, 0, 0, 0.0006113918576298413, 0, 0, 0, 0, -0.0018897608220857206, 0, 0, -0.003899306783748658, 0, 0, 0.0019202554648715905, 0, -0.002098649692605881, 0, 0, 0, 0, 0, 0.0072945105729274266, 0, 0, 0, 0, 0, -0.0028467218643855323, 0, 0, 0, 0, 0, 0, 0, 0, -0.0021825722132286433, 0, 0, -0.0018110962226401055, 0, 0, -0.002201199524145397, 0, 0, 0, 0, 0, 0, -0.0020143780960419698, 0, 0, 0, 0, 0, 0.0006178518933757789, 0, 0, 0.005863292783641273, 0, 0, 0.0008747818003901041, 0, 0, 0, 0, 0, 0.006023044904755484, 0, 0, 0, 0, 0.00034577077698229374, 0, 0, 0, 0, 0, 0, 0, -0.0022028918513783947, 0, 0, 0, 0, 0, 0, 0, 0.0024391965922373523, 0, 0, 0, 0, 0, 0, 0, 0, 0, -0.0021148204827451077, 0.0011088006698288673, 0, 0, -0.0023531069098384387, 0, 0.003416079482308644, -0.0017664262768832015, 0, 0, 0, 0.0009095640085238155, 0, -0.002058665412222822, -0.0022885672201551025, 0, 0, 0, 0, -0.0012369100265618783, 0, 0, 0, -0.004295341612676127, 0, 0, 0, 0, 0, 0, 0, 0, 0, 0, 0, 0, 0, -0.0024522185031795175, -0.0024462198376308344, 0, 0, 0, 0, 0, 0, 0, 0, -0.000512346553515947, 0, -0.002756174943061815, 0, 0, 0, 0, 0, -0.0011162039509129888, 0, 0, 0, 0, 0, 0.006304517686916329, 0, 0, 0, 0, 0, 0, 0, 0, 0, 0, 0, 0, 0, 0, 0, 0, 0, 0, 0, 0, 0, 0, 0, 0, 0, 0, 0, 0, 0, 0, -0.0023287809667641474, 0, 0, 0, 0, 0.003933234160522167, 0.004081558998367565, 0, 0, -0.001430516881838436, 0, 0, 0, 0, 0, 0, 0, 0, 0, 0, 0, 0, -0.0019287107422423975, 0, 0, 0, 0, 0, -0.0019457639680208782, 0, 0, 0, 0, 0, -0.0018316154960635756, -0.0020041922980302694, 0, 0, 0.004689231132937171, 0, -0.0018703903845636418, -0.0007344857990716048, 0.00027978641618600343, 0, 0, 0, 0, 0, 0, 0, 0, 0, 0, 0, -0.0025114172467859703, 0, 0, 0, 0, 0.004191356782908426, -0.0025483126603759528, 0]
Start Date: 2022-02-03
End Date: 2024-04-14
Sharpe Ratio: 0.019
Annualized Sharpe: 0.294
Sharpe 95% CI: (np.float64(-0.931), np.float64(1.383))
Sortino Ratio: 0.033
CAGR: 0.007
Calmar Ratio: 0.221
Daily Win Rate (%): 0.369
Max Drawdown: 0.03
Profit Factor: 1.1
Expectancy: 0.000118
Average Win: 0.003518
Average Loss: 0.001874
Total Trades: 157
Total Days: 687

Rolling 6 - Variant 1 - atr_0.25_4 - Test Metrics
Contracts: [10, 11, 6, 10, 10, 7, 6, 6, 6, 6, 6, 6, 7, 10, 8, 8, 8, 8, 8, 7, 7, 7, 7, 7, 7, 7, 7, 7, 8, 5, 7, 7, 7, 7, 5, 7, 6, 6, 6, 6, 6, 6, 6, 6, 6, 6, 5, 7, 7, 7, 8, 7, 6, 5, 6, 6, 6, 6, 6, 6, 5, 9, 5, 10, 5, 5, 6, 6, 6, 6, 6, 7, 8, 7, 7, 7, 7, 7, 7, 8, 8, 8, 8, 9, 9, 9, 9, 10, 11, 11, 8, 10, 7, 7, 7, 7, 7, 9, 9, 9, 10, 10, 9, 10, 10, 11, 11, 12, 11, 11, 11, 11, 11, 10, 10, 10, 10, 10, 10, 10, 10, 10, 10, 11, 11, 12, 11, 10, 10, 11, 10, 10, 10, 10, 10, 10, 10, 10, 11, 11, 10, 11, 13, 10, 10, 9, 11, 9, 12, 10, 10, 10, 10, 13, 12, 14, 14, 14, 14, 15, 14, 13, 14, 12, 12, 12, 12, 12, 12, 12, 12, 12, 12, 12, 15, 13, 15, 14, 15, 13, 14, 12, 13, 13, 13, 12, 16, 17, 15, 12, 14, 15, 12, 12, 13, 11, 11, 11, 11, 7, 9, 14, 14, 14, 12, 8, 10, 8, 8, 8, 8, 8, 8, 8, 8, 8, 8, 9, 8, 9, 9, 7, 8, 8, 8, 8, 8, 9, 9, 9, 9, 7, 7, 6, 5, 5, 5, 7, 6, 6, 8, 8, 8, 8, 8, 8, 8, 8, 9, 10, 9, 9, 9, 10, 9, 8, 8, 8, 8, 8, 8, 8, 7, 8, 9, 11, 9, 9, 9, 11, 11, 11, 11, 13, 12, 12]
Trade Returns: [-0.0005601419648044374, 0.002574248013691238, 0.0014042317168479312, 0.0003857093523189989, -0.001791927904806007, -0.0021587109162654584, 0.006799697208270748, -0.0024382836590699252, 0.006334949575507804, -0.0019241667207405963, -0.0023034460098947562, 0.005125811847274838, -0.002134153006974257, -0.002248939670016834, -0.0031389331179451216, -0.0028613301595034443, -0.0012463522594715758, 0.0010445625790383513, 0.002767961589865637, -0.002477034885385002, 0.005411677694365655, -0.0015488945831826056, 0.00010306989724720622, 0.0004175940346809762, -0.0022307076484032622, -0.0033370244831068393, 0.0023244423752907424, 0.006669530304660123, -0.001999848321241165, -0.0022492474805731123, 0.0009624242448778477, -0.0008415526535510873, -0.0022953157387359357, 0.0032070724858051375, 0.0024809200449238808, 0.0008258789821536879, 0.00180506236360774, -0.0014108767368922169, -0.0012435424472070392, -0.0037556169317231633, -0.004100562346853408, -0.00279254377111113, 0.005779831405898298, -0.0025900593418119, 0.012232663700175818, 0.0009753422605256573, -0.002383595139592, 0.00450082523811526, 0.0016980079085853288, -0.0019532009443799527, -0.0016203353432327956, -0.0017156295059431211, 0.002002889245034435, 0.004397186440184911, -0.002356439116477008, -0.002258616528869659, -0.002099560033369586, 0.004797129141951012, -0.0022094277218258377, -0.0019762180453688416, 0.006087164511799805, -0.002166065401913512, -0.0016326290076418741, -0.0018714362750988098, -0.001867940543406152, -0.0026346685731656726, 0.0022517903415543356, -0.002276593460086145, 0.0006162961367347976, 0.002346364663669157, -0.0018747730937969285, 0.010361971812552504, 0.0014029450390457207, 0.001316866937176036, -0.003996331085216217, 0.004593459505335143, -0.002652830691694905, 0.0037152875864947888, -0.0016149622850597331, -0.0016115870975054614, 0.0035465350817849707, -0.0016063905163335775, 0.0001394104688217925, 0.004239521846916671, 0.0025963046064950914, -0.00017584282855215075, -0.001892645763600399, 0.000444913757108846, -0.0018476340870723354, -3.291783655366998e-05, -0.0018032678248416797, -0.0029490732665242944, 0.006373885037380216, -0.0018811494737250073, -0.0021985248789744656, -0.0026854964872927126, 0.0016041079648641261, -0.0018600005365386166, 6.319448304454256e-05, -0.0009000791711333436, -0.0006116488052167019, -0.0022038235818191694, -0.001966976567318429, 0.0017085603752526992, -0.0016773581647589505, -0.0020536727436954515, 0.00028929512197880034, -0.0018885856427419685, -0.002253288369742814, 0.0010426287143286716, -0.0018376112014425094, -0.002049726712010725, 0.004906745597234608, -0.002110510619955168, 0.0026235918833772656, 0.003891958505710052, 0.00246028129174202, -0.0030161694406933112, 0.01025499855464937]
Daily Returns: [0, 0, 0, -0.0005601419648044374, 0.003978479730539169, 0, 0.0003857093523189989, -0.003950638821071465, 0, 0, 0, 0, 0, 0, 0.0043614135492008235, 0.006334949575507804, 0, 0, 0, 0, 0, -0.0019241667207405963, 0, 0, 0, 0, -0.0023034460098947562, 0, 0, 0, 0, 0, 0.005125811847274838, 0, 0, 0, 0, 0, -0.002134153006974257, 0, -0.002248939670016834, 0, 0, 0, 0, 0, -0.0031389331179451216, 0, -0.0028613301595034443, 0, 0, -0.0012463522594715758, 0, 0, 0, 0, 0, 0, 0, 0, 0.0010445625790383513, 0.002767961589865637, 0, 0, 0, -0.002477034885385002, 0.005411677694365655, 0, 0, 0, 0, 0, 0, 0, 0, -0.0015488945831826056, 0, 0, 0, 0, 0.00010306989724720622, 0, 0, 0, 0, 0, 0.0004175940346809762, 0, 0, 0, -0.0022307076484032622, 0, 0, 0, -0.0033370244831068393, 0, 0, 0, 0, 0, 0.0023244423752907424, 0, 0, 0.006669530304660123, 0, 0, 0, 0, 0, 0, 0, 0, 0, 0, 0, 0, 0, 0, 0, 0, 0, 0, 0, -0.001999848321241165, 0, 0, 0, 0, 0, 0, -0.0022492474805731123, 0, 0.0009624242448778477, 0, 0, 0, 0, 0, 0, 0, -0.0008415526535510873, 0, 0.0009117567470692018, 0, 0, 0, 0, 0.0024809200449238808, 0, 0, 0, 0, 0, 0, 0, 0, 0, 0, 0, 0.0008258789821536879, 0, 0, 0, 0, 0, 0, 0, 0, 0.00039418562671552303, -0.0012435424472070392, 0, 0, 0, 0, 0, 0, -0.007856179278576571, 0, 0, 0, 0, 0, 0, -0.00279254377111113, 0, 0, 0, 0.005779831405898298, 0, -0.0025900593418119, 0.012232663700175818, 0, 0, 0.0009753422605256573, -0.002383595139592, 0, 0.00450082523811526, 0, 0.0016980079085853288, 0, 0, -0.0019532009443799527, 0, 0, 0, -0.0016203353432327956, 0, 0, 0, 0, 0, 0, 0, 0, 0, 0, 0, 0, 0, 0, 0, 0, -0.0017156295059431211, 0, 0, 0.002002889245034435, 0, 0, 0.004397186440184911, -0.002356439116477008, 0, 0, 0, 0, 0, -0.002258616528869659, 0, 0, 0, 0, -0.002099560033369586, 0, 0, 0, 0.004797129141951012, 0, 0, -0.0022094277218258377, 0, 0, 0, 0, 0, 0, -0.0019762180453688416, 0, 0, 0, 0, 0, 0.003921099109886293, 0, 0, 0, 0, 0, 0, 0, 0, 0, 0, 0, 0, -0.005372005826146836, 0, 0, 0, -0.0026346685731656726, 0, 0, 0.0022517903415543356, 0, 0, 0, 0, 0, -0.002276593460086145, 0, 0, 0.0006162961367347976, 0, 0, 0, 0, 0, 0, 0, 0, 0, 0, 0.002346364663669157, 0, 0.008487198718755576, 0, 0, 0, 0, 0.0014029450390457207, 0.001316866937176036, -0.003996331085216217, 0.004593459505335143, 0, 0, 0, 0, 0, 0, 0, 0, 0, -0.002652830691694905, 0, 0, 0, 0, 0, 0.002100325301435056, 0, 0, 0, 0, -0.0016115870975054614, 0, 0, 0, 0, 0, 0, 0.0035465350817849707, 0, 0, 0, -0.0016063905163335775, 0, 0, 0, 0.0001394104688217925, 0, 0, 0, 0.004239521846916671, 0, 0.0025963046064950914, 0, 0, 0, 0, 0, 0, 0, -0.0020684885921525495, -0.0014356381665171594, 0, 0, 0, 0, 0, 0, 0, 0, -0.0018032678248416797, 0, -0.0029490732665242944, 0, 0, 0, 0, 0, 0, 0, 0, 0, 0, 0, 0.004492735563655209, 0, 0, 0, 0, 0, 0, 0, 0, 0, 0, 0, -0.0021985248789744656, 0, 0, 0, 0, 0, 0, -0.0026854964872927126, 0, 0, 0, 0, 0.0016041079648641261, 0, 0, 0, 0, 0, 0, -0.0018600005365386166, 0, 6.319448304454256e-05, -0.0009000791711333436, 0, 0, -0.0006116488052167019, 0, 0, -0.0022038235818191694, 0, -0.001966976567318429, 0, 0, 0, 0.0017085603752526992, 0, 0, -0.0016773581647589505, 0, 0, -0.0020536727436954515, 0, 0, 0, 0, 0.00028929512197880034, -0.0018885856427419685, -0.002253288369742814, 0.0010426287143286716, 0, 0, 0, 0, 0, 0, 0, -0.0018376112014425094, 0, 0, 0, 0, -0.002049726712010725, 0, 0, 0.00279623497727944, 0, 0, 0, 0.0026235918833772656, 0, 0, 0, 0, 0, 0.003891958505710052, 0, 0, 0, 0, 0, 0, 0, 0, 0, 0, 0.00246028129174202, -0.0030161694406933112, 0.01025499855464937, 0, 0, 0, 0, 0, 0]
Start Date: 2024-04-15
End Date: 2025-11-06
Sharpe Ratio: 0.035
Annualized Sharpe: 0.552
Sharpe 95% CI: (np.float64(-0.925), np.float64(1.763))
Sortino Ratio: 0.047
CAGR: 0.013
Calmar Ratio: 0.571
Daily Win Rate (%): 0.429
Max Drawdown: 0.023
Profit Factor: 1.185
Expectancy: 0.000218
Average Win: 0.003253
Average Loss: 0.002058
Total Trades: 119
Total Days: 490



Rolling 6 - Variant 2 - atr_0.25_3 - Fit Metrics
Contracts: [10, 11, 6, 10, 10, 7, 6, 6, 6, 6, 6, 6, 7, 10, 8, 8, 8, 8, 8, 7, 7, 7, 7, 7, 7, 7, 7, 7, 8, 5, 7, 7, 7, 7, 5, 7, 6, 6, 6, 6, 6, 6, 6, 6, 6, 6, 5, 7, 7, 7, 8, 7, 6, 5, 6, 5, 6, 6, 6, 6, 5, 9, 5, 10, 5, 5, 6, 6, 6, 6, 6, 7, 8, 7, 6, 7, 7, 7, 7, 8, 8, 8, 8, 9, 9, 9, 9, 10, 11, 11, 8, 10, 7, 7, 7, 7, 7, 8, 9, 9, 10, 10, 9, 9, 9, 11, 11, 12, 11, 11, 11, 11, 10, 10, 10, 10, 10, 10, 10, 10, 10, 10, 10, 11, 11, 11, 11, 9, 10, 10, 10, 10, 10, 10, 10, 10, 10, 10, 11, 11, 10, 11, 12, 10, 10, 9, 11, 9, 12, 10, 10, 10, 10, 12, 12, 14, 13, 13, 13, 15, 14, 13, 14, 12, 12, 12, 12, 12, 12, 12, 12, 12, 12, 12, 15, 13, 15, 14, 15, 13, 13, 12, 13, 13, 13, 12, 16, 17, 15, 12, 14, 15, 12, 12, 13, 11, 11, 11, 11, 7, 9, 14, 14, 14, 12, 8, 10, 8, 8, 8, 8, 8, 8, 8, 8, 8, 8, 9, 8, 9, 9, 7, 8, 8, 8, 8, 8, 9, 9, 9, 9, 7, 7, 6, 5, 5, 5, 7, 6, 6, 8, 8, 8, 8, 8, 8, 8, 9, 9, 10, 9, 9, 9, 10, 9, 8, 8, 8, 8, 8, 8, 8, 7, 8, 9, 11, 9, 9, 9, 11, 11, 11, 11, 13, 12, 12]
Trade Returns: [-0.0028620588589212347, 0.0013944999999999663, -0.0025974086823431983, -0.0023543001309382673, 0.004221442148990723, 0.005735619200856212, 0.0003091903023161377, 0.0025042836823030547, -0.0013244238785817116, -0.0004718231442639015, -0.0015491426947412982, -0.0016364530499203285, -0.0021760848533625733, -0.0021808305256371635, -0.00223562433966962, 0.006333219332844941, -0.0030237155499185852, -0.00287241623343708, -0.0031438156189503214, 0.0016414460914824659, -0.00024981896031049097, 0.0004090885128366756, 0.005161012394665406, 0.0047406009943392205, 0.0009283827948084684, 0.005536480878817857, 0.00018564649954256408, 0.003069658137843414, -0.002132297596884865, -0.000803685550950649, -0.0018306602391556831, -0.0025798736095899856, 0.0024241265320411893, 0.006231977428742806, 0.0037647769482256877, -0.0001718574357521453, 0.0038612971834880625, 0.004942173299816706, -0.0016605147275822517, -0.0002798824784831851, -2.5053727135204633e-05, -0.001711207316459624, -0.0023237115946225986, -0.002201355897389471, 0.0023182134414914137, 0.0071693878352553425, 0.004072207374332431, -0.0018656384207360673, -0.0003805367862464266, 0.0064224862358736624, 0.005951883183635358, -0.002565779169667935, -0.001648008840810447, 0.0002988780423210522, -0.002070017556826208, -0.00011191916260972177, -0.0012787429592451016, -0.0009485364042573636, -0.0015048901090575061, -0.001417956144074621, -0.0017734949592014995, 0.005296168446944976, -0.0022042044439879293, -0.0014570547021002108, 0.0010512069370477333, -0.0014218234955592267, -0.0017826082755386414, -0.002293074160813064, -0.0022313897005927044, 0.003699719961640213, -0.0018477952665853254, 0.0012374753746114099, -0.0025167556014762545, -0.002134512397324237, -0.0016240031600764414, 0.005085051680546037, -0.0020022858565650952, -0.0019680772285062885, 0.0011455073332345632, -0.0020770776980916696, -0.0024579984922707358, -0.003097387154266324, 0.007509430746216773, 0.0021407290711027904, -0.0016755654514132108, -0.0018956967315739098, -0.00143178313758048, -0.0014361397701094767, 0.0032152135054385107, -0.0016040849613909586, 0.0005501522207777056, 0.0022635064137795278, -0.001951548479275691, 0.007490079434979582, -0.0022118941545463846, 0.003334187150009179, 0.004298706374882394, -0.0021958482282895416, -0.0019770096901054247, -0.002232489481451893, -0.002609587641540755, -0.002422764899654132, 0.0006148398837661708, -0.0017276852063124008, -0.002688155251656709, -0.0012331472830690007, 0.005375210655767139, -0.0020930949587626493, 0.005460382456041237, -0.0028676209752643757, -0.0022021031285326207, -0.0017858787664067689, -4.1460617041985316e-05, -0.002213295253972976, -0.0020324971730382477, 0.000623420711864281, 0.006619936599784077, -0.0029699645263098476, 0.000879719589380768, 0.005384448381554369, 0.0003498746506046017, -0.002227516574130387, 0.0022433627199099134, -0.0021399390628246964, -0.0019642551708801046, 0.003086287874150964, -0.0023805378815986386, 0.003456893636536434, -0.0017874932120053653, 0.0009203937323207979, -0.002083154372308498, -0.002084148176978485, -0.0012517343248591105, -0.0017784691246399776, -0.002568300196229027, -0.002481352291138049, -0.0024752104220861566, -0.0005184657377085361, -0.0027890013649594916, -0.0011262327572127276, 0.004722675829818866, -0.0023566090680279487, 0.004454821120376422, 0.00020313268877462628, 0.0038822840840039142, -0.001446927873064404, -0.0019514092658305217, -0.001969070076258672, -0.0017208354091218677, -0.0018827654352967572, 0.004563854937313149, 0.004693270320614119, -0.0007382096570776694, 0.0002830855919250295, -0.0025241582701747175, 0.003913393845888882, -0.0023805662826907885]
Daily Returns: [-0.0028620588589212347, 0.0013944999999999663, 0, 0, 0, 0, 0, 0, 0, 0, 0, 0, -0.0025974086823431983, 0, 0, -0.0023543001309382673, 0, 0, 0, 0, 0, 0, 0, 0, 0, 0, 0, 0, 0, 0, 0, 0.004221442148990723, 0, 0, 0.005735619200856212, 0, 0, 0, 0, 0, 0.0003091903023161377, 0, 0, 0.0007080366594574416, 0, 0, -0.0015491426947412982, 0, 0, 0, 0, -0.0016364530499203285, 0, 0, 0, 0, 0, 0, 0, 0, -0.0021760848533625733, 0, 0, 0, 0, 0, -0.0021808305256371635, 0.004097594993175321, 0, 0, 0, 0, 0, 0, 0, 0, 0, 0, -0.0030237155499185852, -0.0060162318523874015, 0, 0.0016414460914824659, 0.0001592695525261846, 0, 0, 0, 0, 0, 0, 0, 0, 0, 0, 0, 0, 0, 0, 0, 0, 0, 0, 0.005161012394665406, 0, 0, 0, 0, 0.0047406009943392205, 0.0009283827948084684, 0.005536480878817857, 0, 0, 0, 0, 0, 0, 0, 0, 0, 0, 0, 0.00018564649954256408, 0.00013367499000790017, 0, 0, 0, 0, 0, 0, 0, 0, -0.0018306602391556831, 0, 0, 0, 0, 0, 0, 0, 0, 0, 0, 0, 0, 0, 0, -0.0025798736095899856, 0, 0.0024241265320411893, 0, 0, 0.009824896941216348, 0.0038612971834880625, 0, 0, 0, 0.004942173299816706, 0, -0.0019403972060654368, 0, 0, -2.5053727135204633e-05, 0, 0, 0, 0, 0, 0, 0, 0, -0.001711207316459624, 0, 0, 0, 0, 0, -0.0023237115946225986, 0, -0.002201355897389471, 0.0023182134414914137, 0, 0, 0.0071693878352553425, 0, 0, 0, 0, 0.004072207374332431, 0, 0, 0, 0, 0, 0, 0, 0, -0.0018656384207360673, 0, 0, 0, 0, 0, 0, 0, 0, 0, 0, 0, 0, 0, 0, -0.0003805367862464266, 0, 0, 0, 0, 0, 0.0064224862358736624, 0, 0, 0, 0, 0, 0, 0.0033861040139674227, 0, 0, 0, -0.001648008840810447, 0, 0.0002988780423210522, 0, 0, 0, 0, -0.002070017556826208, 0, 0, 0, 0, 0, 0, -0.00011191916260972177, 0, 0, 0, 0, 0, 0, 0, 0, 0, -0.0012787429592451016, 0, 0, 0, 0, 0, -0.0009485364042573636, 0, 0, 0, 0, 0, -0.0015048901090575061, -0.001417956144074621, 0, 0, 0, -0.0017734949592014995, 0, 0.005296168446944976, 0, -0.0022042044439879293, 0, 0, 0, 0, -0.0014570547021002108, 0, 0, 0.0010512069370477333, 0, -0.0014218234955592267, 0, 0, 0, -0.0017826082755386414, 0, 0, 0, 0, -0.002293074160813064, 0, 0, 0, 0, 0, 0, 0, -0.0022313897005927044, 0, 0.003699719961640213, 0, -0.0018477952665853254, 0, 0, 0, 0.0012374753746114099, 0, 0, 0, 0, 0, -0.0025167556014762545, 0, -0.002134512397324237, 0, 0, 0, 0, 0, 0, -0.0016240031600764414, 0, 0.005085051680546037, -0.0020022858565650952, 0, 0, 0, 0, 0, 0, 0, 0, 0, -0.0019680772285062885, 0.0011455073332345632, 0, 0, -0.0020770776980916696, -0.0024579984922707358, 0, 0, -0.003097387154266324, 0, 0, 0, 0.007509430746216773, 0, 0, 0, 0, 0, 0.0021407290711027904, 0, 0, -0.0016755654514132108, 0, 0, 0, 0, 0, 0, -0.00332747986915439, 0, 0, 0, -0.0014361397701094767, 0, 0.0032152135054385107, 0, -0.0016040849613909586, 0, 0, 0, 0.0005501522207777056, 0, 0, 0, 0.0022635064137795278, 0, -0.001951548479275691, 0, 0, 0, 0.007490079434979582, 0, 0, 0, -0.0022118941545463846, 0.003334187150009179, 0, 0, 0.002102858146592852, 0, 0, 0, 0, 0, 0, 0, 0, -0.0019770096901054247, 0, 0, 0, 0, 0, 0, 0, 0, 0, 0, -0.002232489481451893, 0, -0.002609587641540755, 0, 0, 0, 0, -0.002422764899654132, 0, 0, 0, 0, 0, 0, 0, 0, 0, 0, 0, 0, 0, 0, 0, 0, 0.0006148398837661708, 0, 0, 0, 0, -0.0017276852063124008, 0, 0, -0.00392130253472571, 0, 0, 0.005375210655767139, 0, -0.0020930949587626493, 0, 0, 0, 0, 0, 0.005460382456041237, 0, 0, 0, 0, 0, -0.0028676209752643757, 0, 0, 0, 0, 0, 0, 0, 0, -0.0022021031285326207, 0, 0, -0.0018273393834487542, 0, 0, -0.002213295253972976, 0, 0, 0, 0, 0, 0, -0.0020324971730382477, 0, 0, 0, 0, 0, 0.000623420711864281, 0, 0, 0.0036499720734742298, 0, 0, 0.000879719589380768, 0, 0, 0, 0, 0, 0.005384448381554369, 0, 0, 0, 0, 0.0003498746506046017, 0, 0, 0, 0, 0, 0, 0, -0.002227516574130387, 0, 0, 0, 0, 0, 0, 0, 0.0022433627199099134, 0, 0, 0, 0, 0, 0, 0, 0, 0, -0.0021399390628246964, 0.0011220327032708593, 0, 0, -0.0023805378815986386, 0, 0.003456893636536434, -0.0017874932120053653, 0, 0, 0, 0.0009203937323207979, 0, -0.002083154372308498, -0.002084148176978485, 0, 0, 0, 0, -0.0012517343248591105, 0, 0, 0, -0.0043467693208690044, 0, 0, 0, 0, 0, 0, 0, 0, 0, 0, 0, 0, 0, -0.002481352291138049, -0.0024752104220861566, 0, 0, 0, 0, 0, 0, 0, 0, -0.0005184657377085361, 0, -0.0027890013649594916, 0, 0, 0, 0, 0, -0.0011262327572127276, 0, 0, 0, 0, 0, 0.004722675829818866, 0, 0, 0, 0, 0, 0, 0, 0, 0, 0, 0, 0, 0, 0, 0, 0, 0, 0, 0, 0, 0, 0, 0, 0, 0, 0, 0, 0, 0, 0, -0.0023566090680279487, 0, 0, 0, 0, 0.004657953809151048, 0.0038822840840039142, 0, 0, -0.001446927873064404, 0, 0, 0, 0, 0, 0, 0, 0, 0, 0, 0, 0, -0.0019514092658305217, 0, 0, 0, 0, 0, -0.001969070076258672, 0, 0, 0, 0, 0, -0.0017208354091218677, -0.0018827654352967572, 0, 0, 0.004563854937313149, 0, 0.004693270320614119, -0.0007382096570776694, 0.0002830855919250295, 0, 0, 0, 0, 0, 0, 0, 0, 0, 0, 0, -0.0025241582701747175, 0, 0, 0, 0, 0.003913393845888882, -0.0023805662826907885, 0]
Start Date: 2022-02-03
End Date: 2024-04-14
Sharpe Ratio: 0.018
Annualized Sharpe: 0.279
Sharpe 95% CI: (np.float64(-0.948), np.float64(1.407))
Sortino Ratio: 0.029
CAGR: 0.006
Calmar Ratio: 0.176
Daily Win Rate (%): 0.376
Max Drawdown: 0.033
Profit Factor: 1.09
Expectancy: 0.000105
Average Win: 0.003384
Average Loss: 0.001869
Total Trades: 157
Total Days: 687

Rolling 6 - Variant 2 - atr_0.25_3 - Test Metrics
Contracts: [10, 11, 6, 10, 10, 7, 6, 6, 6, 6, 6, 6, 7, 10, 8, 8, 8, 8, 8, 7, 7, 7, 7, 7, 7, 7, 7, 7, 8, 5, 7, 7, 7, 7, 5, 7, 6, 6, 6, 6, 6, 6, 6, 6, 6, 6, 5, 7, 7, 7, 8, 7, 6, 5, 6, 5, 6, 6, 6, 6, 5, 9, 5, 10, 5, 5, 6, 6, 6, 6, 6, 7, 8, 7, 6, 7, 7, 7, 7, 8, 8, 8, 8, 9, 9, 9, 9, 10, 11, 11, 8, 10, 7, 7, 7, 7, 7, 8, 9, 9, 10, 10, 9, 9, 9, 11, 11, 12, 11, 11, 11, 11, 10, 10, 10, 10, 10, 10, 10, 10, 10, 10, 10, 11, 11, 11, 11, 9, 10, 10, 10, 10, 10, 10, 10, 10, 10, 10, 11, 11, 10, 11, 12, 10, 10, 9, 11, 9, 12, 10, 10, 10, 10, 12, 12, 14, 13, 13, 13, 15, 14, 13, 14, 12, 12, 12, 12, 12, 12, 12, 12, 12, 12, 12, 15, 13, 15, 14, 15, 13, 13, 12, 13, 13, 13, 12, 16, 17, 15, 12, 14, 15, 12, 12, 13, 11, 11, 11, 11, 7, 9, 14, 14, 14, 12, 8, 10, 8, 8, 8, 8, 8, 8, 8, 8, 8, 8, 9, 8, 9, 9, 7, 8, 8, 8, 8, 8, 9, 9, 9, 9, 7, 7, 6, 5, 5, 5, 7, 6, 6, 8, 8, 8, 8, 8, 8, 8, 9, 9, 10, 9, 9, 9, 10, 9, 8, 8, 8, 8, 8, 8, 8, 7, 8, 9, 11, 9, 9, 9, 11, 11, 11, 11, 13, 12, 12]
Trade Returns: [-0.0005629975018085537, 0.0025873786158784862, 0.0014113758707639547, 0.0003876689173162566, -0.0018010281209297583, -0.0021696936016694533, 0.005076556303031855, -0.002454917274796974, 0.006378272031198172, -0.001937242011381006, -0.0023151615170006693, 0.003817508811823905, -0.0021515258394547545, -0.002267286383844244, -0.0031645985353513967, -0.0028808114971797714, -0.0011668348460843175, 0.0010524760408687044, 0.0027889092376795033, -0.0024957286945695395, 0.005969614813305884, -0.0015615992908788014, 0.00010359284978046929, 0.005592526046395757, -0.0022360878288061213, -0.003345090995082147, 0.0023300753910723633, 0.004952958927867146, -0.002008099702933532, -0.002258546557608393, 0.0009663990484685013, -0.0008450310999149974, -0.0023047806657818214, 0.0032203397061111136, 0.002491200145284402, 0.0008278820607646155, 0.0018044584580484042, -0.001410405561143794, -0.0012431265677826544, -0.00375435937284592, -0.004131586100122258, -0.0028258319633292744, 0.005777893113633235, -0.0026208365963812778, 0.009187079162238484, 0.0009748781222365129, -0.002382461957589896, 0.004643978746824902, 0.0016971987329261924, -0.0019522717350368827, -0.001619562982409272, -0.0017148121512373222, 0.002014439310552678, 0.006368526333922816, -0.0023507007981018783, -0.002253091894096083, -0.0020944352110572073, 0.004794832750805097, -0.002204011200232738, -0.0019713625472868607, 0.004521547344906523, -0.0021607329433589455, -0.0016311337769370337, -0.0018697255391952967, -0.0018662361897291895, -0.0026334106756469478, 0.002251033493747238, -0.002274505053024985, 0.005104885865370696, 0.0023503355375788055, -0.0018779384293747614, 0.007727585500899941, 0.0014053182046756402, 0.0013190913705002397, -0.004012848360470142, 0.004593459505335143, -0.002657305913195636, 0.0037215820127881848, -0.0016176939219929725, -0.0016143073187945454, 0.0035310938738246206, -0.0015994210855390597, 0.00621121843444991, 0.004746872198763708, 0.0025837170074437615, -0.00017499249117099828, -0.001883491741594881, 0.004579348219796925, -0.0018311136539038066, -3.2622965106999086e-05, -0.002010503230395354, -0.002923262089470998, 0.004702071231118249, -0.0018645927436361299, -0.002182781018182148, -0.0026619233029655204, 0.0015925698432137409, -0.0018466430884914737, 6.273981721287736e-05, -0.0008936037708854179, -0.0006072445112523491, -0.002187944887235214, -0.0019527732951532756, 0.0016961989524566924, -0.001665243039408432, -0.0020388148532126883, 0.00028720330495257543, -0.0018749336969941107, -0.002237117043546246, 0.0010351546149641392, -0.0018243027802530337, -0.002034854968841826, 0.004871072231703881, -0.002095241017154855, 0.002604571969671041, 0.0038637409555384718, 0.005406726408900534, -0.002985610372117001, 0.0075648183651998826]
Daily Returns: [0, 0, 0, -0.0005629975018085537, 0.003998754486642441, 0, 0.0003876689173162566, -0.003970721722599211, 0, 0, 0, 0, 0, 0, 0.0026216390282348813, 0.006378272031198172, 0, 0, 0, 0, 0, -0.001937242011381006, 0, 0, 0, 0, -0.0023151615170006693, 0, 0, 0, 0, 0, 0.003817508811823905, 0, 0, 0, 0, 0, -0.0021515258394547545, 0, -0.002267286383844244, 0, 0, 0, 0, 0, -0.0031645985353513967, 0, -0.0028808114971797714, 0, 0, -0.0011668348460843175, 0, 0, 0, 0, 0, 0, 0, 0, 0.0010524760408687044, 0.0027889092376795033, 0, 0, 0, -0.0024957286945695395, 0.005969614813305884, 0, 0, 0, 0, 0, 0, 0, 0, -0.0015615992908788014, 0, 0, 0, 0, 0.00010359284978046929, 0, 0, 0, 0, 0, 0.005592526046395757, 0, 0, 0, -0.0022360878288061213, 0, 0, 0, -0.003345090995082147, 0, 0, 0, 0, 0, 0.0023300753910723633, 0, 0, 0.004952958927867146, 0, 0, 0, 0, 0, 0, 0, 0, 0, 0, 0, 0, 0, 0, 0, 0, 0, 0, 0, -0.002008099702933532, 0, 0, 0, 0, 0, 0, -0.002258546557608393, 0, 0.0009663990484685013, 0, 0, 0, 0, 0, 0, 0, -0.0008450310999149974, 0, 0.0009155590403292922, 0, 0, 0, 0, 0.002491200145284402, 0, 0, 0, 0, 0, 0, 0, 0, 0, 0, 0, 0.0008278820607646155, 0, 0, 0, 0, 0, 0, 0, 0, 0.00039405289690461025, -0.0012431265677826544, 0, 0, 0, 0, 0, 0, -0.007885945472968179, 0, 0, 0, 0, 0, 0, -0.0028258319633292744, 0, 0, 0, 0.005777893113633235, 0, -0.0026208365963812778, 0.009187079162238484, 0, 0, 0.0009748781222365129, -0.002382461957589896, 0, 0.004643978746824902, 0, 0.0016971987329261924, 0, 0, -0.0019522717350368827, 0, 0, 0, -0.001619562982409272, 0, 0, 0, 0, 0, 0, 0, 0, 0, 0, 0, 0, 0, 0, 0, 0, -0.0017148121512373222, 0, 0, 0.002014439310552678, 0, 0, 0.006368526333922816, -0.0023507007981018783, 0, 0, 0, 0, 0, -0.002253091894096083, 0, 0, 0, 0, -0.0020944352110572073, 0, 0, 0, 0.004794832750805097, 0, 0, -0.002204011200232738, 0, 0, 0, 0, 0, 0, -0.0019713625472868607, 0, 0, 0, 0, 0, 0.002360814401547578, 0, 0, 0, 0, 0, 0, 0, 0, 0, 0, 0, 0, -0.00536709550586152, 0, 0, 0, -0.0026334106756469478, 0, 0, 0.002251033493747238, 0, 0, 0, 0, 0, -0.002274505053024985, 0, 0, 0.005104885865370696, 0, 0, 0, 0, 0, 0, 0, 0, 0, 0, 0.0023503355375788055, 0, 0.005849647071525179, 0, 0, 0, 0, 0.0014053182046756402, 0.0013190913705002397, -0.004012848360470142, 0.004593459505335143, 0, 0, 0, 0, 0, 0, 0, 0, 0, -0.002657305913195636, 0, 0, 0, 0, 0, 0.0021038880907952124, 0, 0, 0, 0, -0.0016143073187945454, 0, 0, 0, 0, 0, 0, 0.0035310938738246206, 0, 0, 0, -0.0015994210855390597, 0, 0, 0, 0.00621121843444991, 0, 0, 0, 0.004746872198763708, 0, 0.0025837170074437615, 0, 0, 0, 0, 0, 0, 0, -0.0020584842327658792, 0.0027156116007861194, 0, 0, 0, 0, 0, 0, 0, 0, -0.002010503230395354, 0, -0.002923262089470998, 0, 0, 0, 0, 0, 0, 0, 0, 0, 0, 0, 0.002837478487482119, 0, 0, 0, 0, 0, 0, 0, 0, 0, 0, 0, -0.002182781018182148, 0, 0, 0, 0, 0, 0, -0.0026619233029655204, 0, 0, 0, 0, 0.0015925698432137409, 0, 0, 0, 0, 0, 0, -0.0018466430884914737, 0, 6.273981721287736e-05, -0.0008936037708854179, 0, 0, -0.0006072445112523491, 0, 0, -0.002187944887235214, 0, -0.0019527732951532756, 0, 0, 0, 0.0016961989524566924, 0, 0, -0.001665243039408432, 0, 0, -0.0020388148532126883, 0, 0, 0, 0, 0.00028720330495257543, -0.0018749336969941107, -0.002237117043546246, 0.0010351546149641392, 0, 0, 0, 0, 0, 0, 0, -0.0018243027802530337, 0, 0, 0, 0, -0.002034854968841826, 0, 0, 0.0027758312145490256, 0, 0, 0, 0.002604571969671041, 0, 0, 0, 0, 0, 0.0038637409555384718, 0, 0, 0, 0, 0, 0, 0, 0, 0, 0, 0.005406726408900534, -0.002985610372117001, 0.0075648183651998826, 0, 0, 0, 0, 0, 0]
Start Date: 2024-04-15
End Date: 2025-11-06
Sharpe Ratio: 0.049
Annualized Sharpe: 0.775
Sharpe 95% CI: (np.float64(-0.668), np.float64(2.019))
Sortino Ratio: 0.064
CAGR: 0.018
Calmar Ratio: 0.854
Daily Win Rate (%): 0.429
Max Drawdown: 0.021
Profit Factor: 1.253
Expectancy: 0.000298
Average Win: 0.003442
Average Loss: 0.00206
Total Trades: 119
Total Days: 490



Rolling 6 - Variant 3 - atr_0.25_6 - Fit Metrics
Contracts: [10, 11, 6, 10, 10, 7, 6, 6, 6, 6, 6, 6, 7, 10, 8, 8, 8, 8, 8, 7, 7, 7, 7, 7, 7, 7, 7, 7, 8, 5, 7, 7, 7, 7, 5, 7, 6, 6, 6, 6, 6, 6, 6, 6, 6, 6, 5, 7, 7, 7, 8, 7, 6, 5, 5, 5, 6, 6, 6, 6, 5, 9, 5, 9, 5, 5, 6, 6, 6, 6, 6, 7, 8, 7, 6, 7, 7, 7, 7, 8, 8, 8, 8, 9, 9, 9, 9, 10, 11, 11, 7, 10, 7, 7, 7, 7, 7, 8, 9, 9, 10, 10, 9, 9, 9, 11, 11, 11, 11, 11, 11, 11, 10, 10, 10, 10, 10, 10, 10, 10, 10, 10, 10, 11, 11, 12, 11, 10, 10, 11, 10, 10, 10, 10, 10, 10, 10, 10, 11, 11, 10, 11, 12, 10, 10, 9, 11, 9, 12, 10, 10, 10, 10, 13, 12, 14, 13, 14, 13, 15, 14, 13, 14, 12, 12, 12, 12, 12, 12, 12, 12, 12, 12, 12, 15, 13, 15, 14, 15, 13, 14, 12, 13, 13, 13, 12, 16, 17, 15, 12, 14, 15, 12, 12, 13, 11, 11, 11, 11, 7, 9, 14, 14, 14, 12, 8, 10, 8, 8, 8, 8, 8, 8, 8, 8, 8, 9, 9, 8, 9, 9, 7, 8, 8, 8, 8, 8, 9, 9, 9, 9, 7, 7, 6, 5, 5, 5, 7, 6, 6, 8, 8, 8, 8, 8, 8, 8, 8, 9, 10, 9, 9, 9, 10, 9, 8, 8, 8, 8, 8, 8, 8, 7, 8, 9, 11, 9, 9, 9, 11, 11, 11, 11, 13, 12, 12]
Trade Returns: [-0.0028620588589212347, 0.0013944999999999663, -0.0025974086823431983, -0.0023543001309382673, 0.004221442148990723, 0.003079408576372763, 0.0003100090556062336, 0.002510916248678037, -0.001327922814374787, -0.00047307217124611934, -0.0015532407469505247, -0.0016407888046029856, -0.002181871974037282, -0.0021866429490049423, -0.0022415958589465977, 0.003635393079390315, -0.0030399599347226114, -0.0028878948433865848, -0.003160805786531552, 0.001650345110071621, -0.00025117110990235687, 0.00041130326801338933, 0.007312149593938783, 0.0039657202545010884, 0.0009321417035338353, -0.002031942365708676, 0.00018786966456134146, 0.003106411186027505, -0.0021577485566083056, -0.0008132990307356836, -0.0018405671350609045, -0.002610867715636113, 0.002453325757927158, 0.0028969765704821575, 0.0038226833668985752, -0.00017449072628438945, 0.003920472346831247, 0.0028297890350100887, -0.00168941421709165, -0.0002847617779565963, -2.54906228594257e-05, -0.0017317298313963261, -0.0023642389442605338, -0.002239840254080007, 0.0023588316935886644, 0.009622092028561863, 0.004133324419887369, -0.0018935232867805165, -0.0003854038380973737, 0.008618627450980458, 0.012154090672402477, -0.0025826844758499367, -0.001672687624362711, 0.00030085649994342705, -0.0020836917242002414, -0.00011387089816529625, -0.001287205199614264, -0.0009548088328568294, -0.0015106995006012765, -0.0014234382224945943, -0.0017947263170543454, 0.004982610155116955, -0.0022127384501160353, -0.001462708483052527, 0.0010552918899253707, -0.001427342826734363, -0.0017895380167341456, -0.002302004276401576, -0.002240135928500417, 0.003714281074785653, -0.0018550542062396934, 0.0012423277253562988, -0.002526611982024468, -0.002142860973535871, -0.0016303656867453276, 0.0052019565895092285, -0.0020101015219884276, -0.001979114145746409, 0.0011519440425021051, -0.002088735556259736, -0.0024718231921447595, -0.0031148511823321373, 0.005705502570277877, 0.0021491340534976608, -0.0014744493549575936, -0.0019061036067875273, -0.0014396582602840286, -0.0014440630232076905, 0.006581345192065552, -0.0016129205022459446, 0.000551341885338868, 0.00226840797255886, -0.0019557662369053563, 0.003975679593339291, -0.002224432534455179, 0.003353129514627602, 0.004323046801756419, -0.002208228189947568, -0.0019878413774582883, -0.002245144628154253, -0.002633307735818592, -0.002241107911709414, 0.0006203254547865483, -0.0017431511077710708, -0.0027121538290448186, -0.0012441425414731293, 0.0019486476422108704, -0.002098649692605881, 0.011182896035279272, -0.002877019367393588, -0.002203204014001348, -0.001786773542462715, -4.1481427173338624e-05, -0.0022331428393344787, -0.002033518527908365, 0.0006237346268044753, 0.013425822722333364, -0.00297145907896665, 0.0008875753704428272, 0.006052812642504537, 0.000347469400904757, -0.0022401152454444967, 0.002451231229595571, -0.0021252244562884066, -0.0019507198328052645, 0.003065000957633512, -0.002364689339593413, 0.003432983786195977, -0.001775151835036303, 0.000914049543204604, -0.002068808494176514, -0.0022998060668085107, -0.0012430497846725099, -0.0017661147381639603, -0.00255052676173623, -0.0024640011658223367, -0.0024579447870016376, -0.0005148212614217802, -0.0027694507974701174, -0.0011267980653419084, 0.007521388206536692, -0.0023400351092973857, 0.0037504808606803894, 0.00020183943984578565, 0.004101290668471673, -0.0014374042489009398, -0.001937971080022395, -0.0019551891855063394, -0.0017089653740426868, -0.0020135836017528587, 0.004374730661692204, -0.0018797608250284315, -0.0007381724183166796, 0.0002811323658583098, -0.0025240308589176835, 0.004211565538842832, -0.0023640000856270217]
Daily Returns: [-0.0028620588589212347, 0.0013944999999999663, 0, 0, 0, 0, 0, 0, 0, 0, 0, 0, -0.0025974086823431983, 0, 0, -0.0023543001309382673, 0, 0, 0, 0, 0, 0, 0, 0, 0, 0, 0, 0, 0, 0, 0, 0.004221442148990723, 0, 0, 0.003079408576372763, 0, 0, 0, 0, 0, 0.0003100090556062336, 0, 0, 0.0007099212630571307, 0, 0, -0.0015532407469505247, 0, 0, 0, 0, -0.0016407888046029856, 0, 0, 0, 0, 0, 0, 0, 0, -0.002181871974037282, 0, 0, 0, 0, 0, -0.0021866429490049423, 0.001393797220443717, 0, 0, 0, 0, 0, 0, 0, 0, 0, 0, -0.0030399599347226114, -0.006048700629918137, 0, 0.001650345110071621, 0.00016013215811103246, 0, 0, 0, 0, 0, 0, 0, 0, 0, 0, 0, 0, 0, 0, 0, 0, 0, 0, 0.007312149593938783, 0, 0, 0, 0, 0.0039657202545010884, 0.0009321417035338353, -0.002031942365708676, 0, 0, 0, 0, 0, 0, 0, 0, 0, 0, 0, 0.00018786966456134146, 0.00013536359868351574, 0, 0, 0, 0, 0, 0, 0, 0, -0.0018405671350609045, 0, 0, 0, 0, 0, 0, 0, 0, 0, 0, 0, 0, 0, 0, -0.002610867715636113, 0, 0.002453325757927158, 0, 0, 0.0065451692110963435, 0.003920472346831247, 0, 0, 0, 0.0028297890350100887, 0, -0.0019741759950482464, 0, 0, -2.54906228594257e-05, 0, 0, 0, 0, 0, 0, 0, 0, -0.0017317298313963261, 0, 0, 0, 0, 0, -0.0023642389442605338, 0, -0.002239840254080007, 0.0023588316935886644, 0, 0, 0.009622092028561863, 0, 0, 0, 0, 0.004133324419887369, 0, 0, 0, 0, 0, 0, 0, 0, -0.0018935232867805165, 0, 0, 0, 0, 0, 0, 0, 0, 0, 0, 0, 0, 0, 0, -0.0003854038380973737, 0, 0, 0, 0, 0, 0.008618627450980458, 0, 0, 0, 0, 0, 0, 0.00957140619655254, 0, 0, 0, -0.001672687624362711, 0, 0.00030085649994342705, 0, 0, 0, 0, -0.0020836917242002414, 0, 0, 0, 0, 0, 0, -0.00011387089816529625, 0, 0, 0, 0, 0, 0, 0, 0, 0, -0.001287205199614264, 0, 0, 0, 0, 0, -0.0009548088328568294, 0, 0, 0, 0, 0, -0.0015106995006012765, -0.0014234382224945943, 0, 0, 0, -0.0017947263170543454, 0, 0.004982610155116955, 0, -0.0022127384501160353, 0, 0, 0, 0, -0.001462708483052527, 0, 0, 0.0010552918899253707, 0, -0.001427342826734363, 0, 0, 0, -0.0017895380167341456, 0, 0, 0, 0, -0.002302004276401576, 0, 0, 0, 0, 0, 0, 0, -0.002240135928500417, 0, 0.003714281074785653, 0, -0.0018550542062396934, 0, 0, 0, 0.0012423277253562988, 0, 0, 0, 0, 0, -0.002526611982024468, 0, -0.002142860973535871, 0, 0, 0, 0, 0, 0, -0.0016303656867453276, 0, 0.0052019565895092285, -0.0020101015219884276, 0, 0, 0, 0, 0, 0, 0, 0, 0, -0.001979114145746409, 0.0011519440425021051, 0, 0, -0.002088735556259736, -0.0024718231921447595, 0, 0, -0.0031148511823321373, 0, 0, 0, 0.005705502570277877, 0, 0, 0, 0, 0, 0.0021491340534976608, 0, 0, -0.0014744493549575936, 0, 0, 0, 0, 0, 0, -0.003345761867071556, 0, 0, 0, -0.0014440630232076905, 0, 0.006581345192065552, 0, -0.0016129205022459446, 0, 0, 0, 0.000551341885338868, 0, 0, 0, 0.00226840797255886, 0, -0.0019557662369053563, 0, 0, 0, 0.003975679593339291, 0, 0, 0, -0.002224432534455179, 0.003353129514627602, 0, 0, 0.0021148186118088506, 0, 0, 0, 0, 0, 0, 0, 0, -0.0019878413774582883, 0, 0, 0, 0, 0, 0, 0, 0, 0, 0, -0.002245144628154253, 0, -0.002633307735818592, 0, 0, 0, 0, -0.002241107911709414, 0, 0, 0, 0, 0, 0, 0, 0, 0, 0, 0, 0, 0, 0, 0, 0, 0.0006203254547865483, 0, 0, 0, 0, -0.0017431511077710708, 0, 0, -0.003956296370517948, 0, 0, 0.0019486476422108704, 0, -0.002098649692605881, 0, 0, 0, 0, 0, 0.011182896035279272, 0, 0, 0, 0, 0, -0.002877019367393588, 0, 0, 0, 0, 0, 0, 0, 0, -0.002203204014001348, 0, 0, -0.0018282549696360536, 0, 0, -0.0022331428393344787, 0, 0, 0, 0, 0, 0, -0.002033518527908365, 0, 0, 0, 0, 0, 0.0006237346268044753, 0, 0, 0.010454363643366714, 0, 0, 0.0008875753704428272, 0, 0, 0, 0, 0, 0.006052812642504537, 0, 0, 0, 0, 0.000347469400904757, 0, 0, 0, 0, 0, 0, 0, -0.0022401152454444967, 0, 0, 0, 0, 0, 0, 0, 0.002451231229595571, 0, 0, 0, 0, 0, 0, 0, 0, 0, -0.0021252244562884066, 0.0011142811248282475, 0, 0, -0.002364689339593413, 0, 0.003432983786195977, -0.001775151835036303, 0, 0, 0, 0.000914049543204604, 0, -0.002068808494176514, -0.0022998060668085107, 0, 0, 0, 0, -0.0012430497846725099, 0, 0, 0, -0.00431664149990019, 0, 0, 0, 0, 0, 0, 0, 0, 0, 0, 0, 0, 0, -0.0024640011658223367, -0.0024579447870016376, 0, 0, 0, 0, 0, 0, 0, 0, -0.0005148212614217802, 0, -0.0027694507974701174, 0, 0, 0, 0, 0, -0.0011267980653419084, 0, 0, 0, 0, 0, 0.007521388206536692, 0, 0, 0, 0, 0, 0, 0, 0, 0, 0, 0, 0, 0, 0, 0, 0, 0, 0, 0, 0, 0, 0, 0, 0, 0, 0, 0, 0, 0, 0, -0.0023400351092973857, 0, 0, 0, 0, 0.003952320300526175, 0.004101290668471673, 0, 0, -0.0014374042489009398, 0, 0, 0, 0, 0, 0, 0, 0, 0, 0, 0, 0, -0.001937971080022395, 0, 0, 0, 0, 0, -0.0019551891855063394, 0, 0, 0, 0, 0, -0.0017089653740426868, -0.0020135836017528587, 0, 0, 0.004374730661692204, 0, -0.0018797608250284315, -0.0007381724183166796, 0.0002811323658583098, 0, 0, 0, 0, 0, 0, 0, 0, 0, 0, 0, -0.0025240308589176835, 0, 0, 0, 0, 0.004211565538842832, -0.0023640000856270217, 0]
Start Date: 2022-02-03
End Date: 2024-04-14
Sharpe Ratio: 0.014
Annualized Sharpe: 0.219
Sharpe 95% CI: (np.float64(-1.048), np.float64(1.323))
Sortino Ratio: 0.025
CAGR: 0.005
Calmar Ratio: 0.188
Daily Win Rate (%): 0.363
Max Drawdown: 0.026
Profit Factor: 1.074
Expectancy: 8.8e-05
Average Win: 0.003535
Average Loss: 0.001876
Total Trades: 157
Total Days: 687

Rolling 6 - Variant 3 - atr_0.25_6 - Test Metrics
Contracts: [10, 11, 6, 10, 10, 7, 6, 6, 6, 6, 6, 6, 7, 10, 8, 8, 8, 8, 8, 7, 7, 7, 7, 7, 7, 7, 7, 7, 8, 5, 7, 7, 7, 7, 5, 7, 6, 6, 6, 6, 6, 6, 6, 6, 6, 6, 5, 7, 7, 7, 8, 7, 6, 5, 5, 5, 6, 6, 6, 6, 5, 9, 5, 9, 5, 5, 6, 6, 6, 6, 6, 7, 8, 7, 6, 7, 7, 7, 7, 8, 8, 8, 8, 9, 9, 9, 9, 10, 11, 11, 7, 10, 7, 7, 7, 7, 7, 8, 9, 9, 10, 10, 9, 9, 9, 11, 11, 11, 11, 11, 11, 11, 10, 10, 10, 10, 10, 10, 10, 10, 10, 10, 10, 11, 11, 12, 11, 10, 10, 11, 10, 10, 10, 10, 10, 10, 10, 10, 11, 11, 10, 11, 12, 10, 10, 9, 11, 9, 12, 10, 10, 10, 10, 13, 12, 14, 13, 14, 13, 15, 14, 13, 14, 12, 12, 12, 12, 12, 12, 12, 12, 12, 12, 12, 15, 13, 15, 14, 15, 13, 14, 12, 13, 13, 13, 12, 16, 17, 15, 12, 14, 15, 12, 12, 13, 11, 11, 11, 11, 7, 9, 14, 14, 14, 12, 8, 10, 8, 8, 8, 8, 8, 8, 8, 8, 8, 9, 9, 8, 9, 9, 7, 8, 8, 8, 8, 8, 9, 9, 9, 9, 7, 7, 6, 5, 5, 5, 7, 6, 6, 8, 8, 8, 8, 8, 8, 8, 8, 9, 10, 9, 9, 9, 10, 9, 8, 8, 8, 8, 8, 8, 8, 7, 8, 9, 11, 9, 9, 9, 11, 11, 11, 11, 13, 12, 12]
Trade Returns: [-0.0005629689455161321, 0.002587247305243816, 0.0014113044276413693, 0.00038764932137036955, -0.0018009371175707698, -0.0021695837723786442, 0.010349462313090767, -0.0024419814360698813, 0.006344580356061451, -0.0019270735151203455, -0.002315044359507316, 0.005841002096302615, -0.0021358727657491707, -0.0022507558060550557, -0.003141473688298286, -0.002865661051067465, -0.0012473657744842697, 0.0010454084810891512, 0.002770200784762765, -0.0024790331939044657, 0.005416083885843594, -0.0015501521686116695, 0.00010358762021043464, 0.000417933150952952, -0.0022325183860510494, -0.0033397393148732824, 0.002326338192023165, 0.010134805391438708, -0.0019946145598986613, -0.002243349257208765, 0.0009599030867074649, -0.0008393463394328185, -0.0022893122151769175, 0.0031986573815123644, 0.002474399676896573, 0.0008265531263513538, 0.0018003142730081375, -0.0014071721934219503, -0.00124027267277002, -0.003745729637764485, -0.00410387863152501, -0.0028063312086635582, 0.005764592040924597, -0.002602807066175548, 0.011960439071086128, 0.000972796795096231, -0.0023773804366106445, 0.004489026175450568, 0.0016935701741727122, -0.0019481048948768835, -0.0016160995135054983, -0.0017111469129040702, 0.0020277872945039343, 0.004933887511533626, -0.0023490164637621595, -0.00225147030386568, -0.002092930963746611, 0.004784535244346854, -0.0022024213547590593, -0.0019699373822043556, 0.009166685833332324, -0.002159167792722984, -0.0016224147520690869, -0.0018597497384847106, -0.001856297489713666, -0.002627769956538104, 0.0022458398353271247, -0.0022623272086633255, 0.000614674016286266, 0.002336054079321098, -0.0018665540152722232, 0.008447593359816267, 0.0013967829713237036, 0.0013110910126285758, -0.003985854478979612, 0.004593459505335143, -0.0026412103172080877, 0.003698943883608853, -0.0016078694223151096, -0.0016045237863777533, 0.003530968404024692, -0.0015993644535285277, 0.00013879847457695785, 0.004220949237531377, 0.0025849784537534067, -0.00017507770734802804, -0.001884409107078386, 0.0004429738692986705, -0.0018395817043785363, -3.2774109215918524e-05, -0.0017953940577449196, -0.0029361733077201656, 0.00959139307632552, -0.0018728745149118717, -0.0021818772117911966, -0.0026737148841581688, 0.001591907497711346, -0.0018458762952755108, 6.271371718683091e-05, -0.0008932320512957552, -0.0006069916850080041, -0.002187033383134521, -0.001951957981091703, 0.0016954893772229392, -0.0016645475931624566, -0.0020379619745779405, 0.00028708322910788597, -0.0018741500373711019, -0.0022361887131761254, 0.0010347255534061113, -0.001823538850942937, -0.0020340013138387485, 0.004869024572141819, -0.0020943645054654113, 0.002603480198084884, 0.0038621212269367446, 0.0024414923764902513, -0.002993191365601199, 0.009024392187732344]
Daily Returns: [0, 0, 0, -0.0005629689455161321, 0.003998551732885185, 0, 0.00038764932137036955, -0.0039705208899494145, 0, 0, 0, 0, 0, 0, 0.007907480877020886, 0.006344580356061451, 0, 0, 0, 0, 0, -0.0019270735151203455, 0, 0, 0, 0, -0.002315044359507316, 0, 0, 0, 0, 0, 0.005841002096302615, 0, 0, 0, 0, 0, -0.0021358727657491707, 0, -0.0022507558060550557, 0, 0, 0, 0, 0, -0.003141473688298286, 0, -0.002865661051067465, 0, 0, -0.0012473657744842697, 0, 0, 0, 0, 0, 0, 0, 0, 0.0010454084810891512, 0.002770200784762765, 0, 0, 0, -0.0024790331939044657, 0.005416083885843594, 0, 0, 0, 0, 0, 0, 0, 0, -0.0015501521686116695, 0, 0, 0, 0, 0.00010358762021043464, 0, 0, 0, 0, 0, 0.000417933150952952, 0, 0, 0, -0.0022325183860510494, 0, 0, 0, -0.0033397393148732824, 0, 0, 0, 0, 0, 0.002326338192023165, 0, 0, 0.010134805391438708, 0, 0, 0, 0, 0, 0, 0, 0, 0, 0, 0, 0, 0, 0, 0, 0, 0, 0, 0, -0.0019946145598986613, 0, 0, 0, 0, 0, 0, -0.002243349257208765, 0, 0.0009599030867074649, 0, 0, 0, 0, 0, 0, 0, -0.0008393463394328185, 0, 0.0009093451663354469, 0, 0, 0, 0, 0.002474399676896573, 0, 0, 0, 0, 0, 0, 0, 0, 0, 0, 0, 0.0008265531263513538, 0, 0, 0, 0, 0, 0, 0, 0, 0.0003931420795861872, -0.00124027267277002, 0, 0, 0, 0, 0, 0, -0.007849608269289494, 0, 0, 0, 0, 0, 0, -0.0028063312086635582, 0, 0, 0, 0.005764592040924597, 0, -0.002602807066175548, 0.011960439071086128, 0, 0, 0.000972796795096231, -0.0023773804366106445, 0, 0.004489026175450568, 0, 0.0016935701741727122, 0, 0, -0.0019481048948768835, 0, 0, 0, -0.0016160995135054983, 0, 0, 0, 0, 0, 0, 0, 0, 0, 0, 0, 0, 0, 0, 0, 0, -0.0017111469129040702, 0, 0, 0.0020277872945039343, 0, 0, 0.004933887511533626, -0.0023490164637621595, 0, 0, 0, 0, 0, -0.00225147030386568, 0, 0, 0, 0, -0.002092930963746611, 0, 0, 0, 0.004784535244346854, 0, 0, -0.0022024213547590593, 0, 0, 0, 0, 0, 0, -0.0019699373822043556, 0, 0, 0, 0, 0, 0.00700751804060934, 0, 0, 0, 0, 0, 0, 0, 0, 0, 0, 0, 0, -0.005338461980267464, 0, 0, 0, -0.002627769956538104, 0, 0, 0.0022458398353271247, 0, 0, 0, 0, 0, -0.0022623272086633255, 0, 0, 0.000614674016286266, 0, 0, 0, 0, 0, 0, 0, 0, 0, 0, 0.002336054079321098, 0, 0.006581039344544044, 0, 0, 0, 0, 0.0013967829713237036, 0.0013110910126285758, -0.003985854478979612, 0.004593459505335143, 0, 0, 0, 0, 0, 0, 0, 0, 0, -0.0026412103172080877, 0, 0, 0, 0, 0, 0.0020910744612937433, 0, 0, 0, 0, -0.0016045237863777533, 0, 0, 0, 0, 0, 0, 0.003530968404024692, 0, 0, 0, -0.0015993644535285277, 0, 0, 0, 0.00013879847457695785, 0, 0, 0, 0.004220949237531377, 0, 0.0025849784537534067, 0, 0, 0, 0, 0, 0, 0, -0.002059486814426414, -0.0014293819442957843, 0, 0, 0, 0, 0, 0, 0, 0, -0.0017953940577449196, 0, -0.0029361733077201656, 0, 0, 0, 0, 0, 0, 0, 0, 0, 0, 0, 0.007718518561413649, 0, 0, 0, 0, 0, 0, 0, 0, 0, 0, 0, -0.0021818772117911966, 0, 0, 0, 0, 0, 0, -0.0026737148841581688, 0, 0, 0, 0, 0.001591907497711346, 0, 0, 0, 0, 0, 0, -0.0018458762952755108, 0, 6.271371718683091e-05, -0.0008932320512957552, 0, 0, -0.0006069916850080041, 0, 0, -0.002187033383134521, 0, -0.001951957981091703, 0, 0, 0, 0.0016954893772229392, 0, 0, -0.0016645475931624566, 0, 0, -0.0020379619745779405, 0, 0, 0, 0, 0.00028708322910788597, -0.0018741500373711019, -0.0022361887131761254, 0.0010347255534061113, 0, 0, 0, 0, 0, 0, 0, -0.001823538850942937, 0, 0, 0, 0, -0.0020340013138387485, 0, 0, 0.0027746600666764074, 0, 0, 0, 0.002603480198084884, 0, 0, 0, 0, 0, 0.0038621212269367446, 0, 0, 0, 0, 0, 0, 0, 0, 0, 0, 0.0024414923764902513, -0.002993191365601199, 0.009024392187732344, 0, 0, 0, 0, 0, 0]
Start Date: 2024-04-15
End Date: 2025-11-06
Sharpe Ratio: 0.047
Annualized Sharpe: 0.752
Sharpe 95% CI: (np.float64(-0.695), np.float64(1.952))
Sortino Ratio: 0.068
CAGR: 0.019
Calmar Ratio: 0.964
Daily Win Rate (%): 0.429
Max Drawdown: 0.02
Profit Factor: 1.267
Expectancy: 0.000313
Average Win: 0.003467
Average Loss: 0.002053
Total Trades: 119
Total Days: 490



Rolling 6 - Variant 4 - atr_0.25_7 - Fit Metrics
Contracts: [10, 11, 6, 10, 10, 7, 6, 6, 6, 6, 6, 6, 7, 10, 8, 8, 8, 8, 8, 7, 7, 7, 7, 7, 7, 7, 7, 7, 8, 5, 7, 7, 7, 7, 5, 7, 6, 6, 6, 6, 6, 6, 6, 6, 6, 6, 5, 7, 7, 7, 8, 7, 6, 5, 5, 5, 6, 6, 6, 6, 5, 9, 5, 9, 5, 5, 6, 6, 6, 6, 6, 7, 8, 7, 6, 7, 7, 7, 7, 8, 8, 8, 8, 9, 9, 9, 9, 10, 11, 11, 7, 10, 7, 7, 7, 7, 7, 8, 9, 9, 10, 10, 9, 9, 9, 11, 11, 11, 11, 11, 11, 11, 10, 10, 10, 10, 10, 10, 10, 10, 9, 10, 10, 11, 11, 12, 11, 10, 10, 11, 10, 10, 10, 10, 10, 10, 10, 10, 11, 11, 10, 11, 12, 10, 10, 9, 11, 9, 12, 10, 10, 10, 10, 12, 12, 14, 13, 14, 13, 15, 14, 13, 14, 12, 12, 12, 12, 12, 12, 12, 12, 12, 12, 12, 15, 13, 15, 14, 15, 13, 13, 12, 13, 13, 13, 12, 16, 17, 15, 11, 14, 14, 12, 12, 13, 11, 11, 11, 11, 7, 9, 14, 14, 14, 12, 8, 10, 8, 8, 8, 8, 8, 8, 8, 8, 8, 8, 9, 8, 9, 9, 7, 8, 8, 8, 8, 8, 9, 9, 9, 9, 7, 7, 6, 5, 5, 5, 7, 6, 6, 8, 8, 8, 8, 8, 8, 8, 8, 9, 10, 9, 9, 9, 10, 9, 8, 8, 8, 8, 8, 8, 8, 7, 8, 9, 11, 9, 9, 9, 11, 11, 11, 11, 13, 12, 12]
Trade Returns: [-0.0028620588589212347, 0.0013944999999999663, -0.0025974086823431983, -0.0023543001309382673, 0.004221442148990723, 0.003079408576372763, 0.0003100090556062336, 0.002510916248678037, -0.001327922814374787, -0.00047307217124611934, -0.0015532407469505247, -0.0016407888046029856, -0.002181871974037282, -0.0021866429490049423, -0.0022415958589465977, 0.003635393079390315, -0.0030399599347226114, -0.0028878948433865848, -0.003160805786531552, 0.001650345110071621, -0.00025117110990235687, 0.00041130326801338933, 0.007312149593938783, 0.0039657202545010884, 0.0009321417035338353, -0.002031942365708676, 0.00018786966456134146, 0.003106411186027505, -0.0021577485566083056, -0.0008132990307356836, -0.0018405671350609045, -0.002610867715636113, 0.002453325757927158, 0.0028969765704821575, 0.0038226833668985752, -0.00017449072628438945, 0.003920472346831247, 0.0028297890350100887, -0.00168941421709165, -0.0002847617779565963, -2.54906228594257e-05, -0.0017317298313963261, -0.0023642389442605338, -0.002239840254080007, 0.0023588316935886644, 0.009622092028561863, 0.004133324419887369, -0.0018935232867805165, -0.0003854038380973737, 0.008618627450980458, 0.009929749721531997, -0.0025883727634208246, -0.001672687624362711, 0.0003015222374827043, -0.0020882929042928995, -0.00011387089816529625, -0.0012900526784404452, -0.000956919443182669, -0.0015140025160733743, -0.0014265551676954976, -0.0017947263170543454, 0.004982610155116955, -0.0022175906715672304, -0.0014659231239669169, 0.0010576145432776313, -0.0014304810296426186, -0.0017934781902493146, -0.002307081895766396, -0.002245109186425248, 0.0037225609863058315, -0.001859181822846387, 0.0012450868633528298, -0.002532216462980341, -0.0021476080574620747, -0.001633983520183902, 0.005213518789475504, -0.0020145455329187664, -0.00198346535531321, 0.0011544816988216513, -0.002093331596104742, -0.00247727358495886, -0.0031217365146152458, 0.005718118211722123, 0.002153913322487687, -0.001477733556343646, -0.0019103640498623492, -0.0014428822832832106, -0.001447306826985141, 0.00435888372099435, -0.0016165377542718498, 0.0005538049242717738, 0.0022785560790715017, -0.0019644984994820983, 0.003993425034059636, -0.0022343217941769656, 0.00336807005523223, 0.004342244344560821, -0.0022179919686343154, -0.0019922756654205606, -0.002250134230336392, -0.0026449541094088454, -0.0022510459824046057, 0.0006230800045625467, -0.0017509175716247842, -0.002724204684739994, -0.0012496637054592679, 0.001957282826785775, -0.002098649692605881, 0.013132525808901138, -0.0028843278562877966, -0.002208774992004871, -0.00179130154396581, -4.158673711912597e-05, -0.0022431098717866573, -0.0020384565896848783, 0.0006252523565077855, 0.01305744314225816, -0.0029786849943907894, 0.0008915201548625435, 0.006069782047847472, 0.00034843767397458214, -0.002245082493368135, 0.0024580916078958694, -0.0021311551376795015, -0.001956175165288663, 0.0030735804816616947, -0.0023712918153484005, 0.0034426203511531794, -0.0017801259087708262, 0.0009166065253382835, -0.002074590524346057, -0.002306212572330237, -0.0012465499344475504, -0.0017710939285012042, -0.0025576901052357065, -0.002470993999361603, -0.002464903238250878, -0.0005162900222448812, -0.0027773299662233733, -0.0010166929334909998, 0.00754055004913302, -0.002346714567842475, 0.0037612325967535487, 0.00020241589729472006, 0.004113001665584608, -0.0014414918608287078, -0.0019440958795919323, -0.001960783257285552, -0.0017143754146025016, -0.0020199689135097206, 0.00438863152936031, -0.0018857077354268916, -0.0007405121515296534, 0.0002820225924619703, -0.0025320361988480336, 0.0038986702603391126, -0.002370676713323046]
Daily Returns: [-0.0028620588589212347, 0.0013944999999999663, 0, 0, 0, 0, 0, 0, 0, 0, 0, 0, -0.0025974086823431983, 0, 0, -0.0023543001309382673, 0, 0, 0, 0, 0, 0, 0, 0, 0, 0, 0, 0, 0, 0, 0, 0.004221442148990723, 0, 0, 0.003079408576372763, 0, 0, 0, 0, 0, 0.0003100090556062336, 0, 0, 0.0007099212630571307, 0, 0, -0.0015532407469505247, 0, 0, 0, 0, -0.0016407888046029856, 0, 0, 0, 0, 0, 0, 0, 0, -0.002181871974037282, 0, 0, 0, 0, 0, -0.0021866429490049423, 0.001393797220443717, 0, 0, 0, 0, 0, 0, 0, 0, 0, 0, -0.0030399599347226114, -0.006048700629918137, 0, 0.001650345110071621, 0.00016013215811103246, 0, 0, 0, 0, 0, 0, 0, 0, 0, 0, 0, 0, 0, 0, 0, 0, 0, 0, 0.007312149593938783, 0, 0, 0, 0, 0.0039657202545010884, 0.0009321417035338353, -0.002031942365708676, 0, 0, 0, 0, 0, 0, 0, 0, 0, 0, 0, 0.00018786966456134146, 0.00013536359868351574, 0, 0, 0, 0, 0, 0, 0, 0, -0.0018405671350609045, 0, 0, 0, 0, 0, 0, 0, 0, 0, 0, 0, 0, 0, 0, -0.002610867715636113, 0, 0.002453325757927158, 0, 0, 0.0065451692110963435, 0.003920472346831247, 0, 0, 0, 0.0028297890350100887, 0, -0.0019741759950482464, 0, 0, -2.54906228594257e-05, 0, 0, 0, 0, 0, 0, 0, 0, -0.0017317298313963261, 0, 0, 0, 0, 0, -0.0023642389442605338, 0, -0.002239840254080007, 0.0023588316935886644, 0, 0, 0.009622092028561863, 0, 0, 0, 0, 0.004133324419887369, 0, 0, 0, 0, 0, 0, 0, 0, -0.0018935232867805165, 0, 0, 0, 0, 0, 0, 0, 0, 0, 0, 0, 0, 0, 0, -0.0003854038380973737, 0, 0, 0, 0, 0, 0.008618627450980458, 0, 0, 0, 0, 0, 0, 0.007341376958111172, 0, 0, 0, -0.001672687624362711, 0, 0.0003015222374827043, 0, 0, 0, 0, -0.0020882929042928995, 0, 0, 0, 0, 0, 0, -0.00011387089816529625, 0, 0, 0, 0, 0, 0, 0, 0, 0, -0.0012900526784404452, 0, 0, 0, 0, 0, -0.000956919443182669, 0, 0, 0, 0, 0, -0.0015140025160733743, -0.0014265551676954976, 0, 0, 0, -0.0017947263170543454, 0, 0.004982610155116955, 0, -0.0022175906715672304, 0, 0, 0, 0, -0.0014659231239669169, 0, 0, 0.0010576145432776313, 0, -0.0014304810296426186, 0, 0, 0, -0.0017934781902493146, 0, 0, 0, 0, -0.002307081895766396, 0, 0, 0, 0, 0, 0, 0, -0.002245109186425248, 0, 0.0037225609863058315, 0, -0.001859181822846387, 0, 0, 0, 0.0012450868633528298, 0, 0, 0, 0, 0, -0.002532216462980341, 0, -0.0021476080574620747, 0, 0, 0, 0, 0, 0, -0.001633983520183902, 0, 0.005213518789475504, -0.0020145455329187664, 0, 0, 0, 0, 0, 0, 0, 0, 0, -0.00198346535531321, 0.0011544816988216513, 0, 0, -0.002093331596104742, -0.00247727358495886, 0, 0, -0.0031217365146152458, 0, 0, 0, 0.005718118211722123, 0, 0, 0, 0, 0, 0.002153913322487687, 0, 0, -0.001477733556343646, 0, 0, 0, 0, 0, 0, -0.0033532463331455596, 0, 0, 0, -0.001447306826985141, 0, 0.00435888372099435, 0, -0.0016165377542718498, 0, 0, 0, 0.0005538049242717738, 0, 0, 0, 0.0022785560790715017, 0, -0.0019644984994820983, 0, 0, 0, 0.003993425034059636, 0, 0, 0, -0.0022343217941769656, 0.00336807005523223, 0, 0, 0.0021242523759265057, 0, 0, 0, 0, 0, 0, 0, 0, -0.0019922756654205606, 0, 0, 0, 0, 0, 0, 0, 0, 0, 0, -0.002250134230336392, 0, -0.0026449541094088454, 0, 0, 0, 0, -0.0022510459824046057, 0, 0, 0, 0, 0, 0, 0, 0, 0, 0, 0, 0, 0, 0, 0, 0, 0.0006230800045625467, 0, 0, 0, 0, -0.0017509175716247842, 0, 0, -0.003973868390199262, 0, 0, 0.001957282826785775, 0, -0.002098649692605881, 0, 0, 0, 0, 0, 0.013132525808901138, 0, 0, 0, 0, 0, -0.0028843278562877966, 0, 0, 0, 0, 0, 0, 0, 0, -0.002208774992004871, 0, 0, -0.001832888281084936, 0, 0, -0.0022431098717866573, 0, 0, 0, 0, 0, 0, -0.0020384565896848783, 0, 0, 0, 0, 0, 0.0006252523565077855, 0, 0, 0.010078758147867371, 0, 0, 0.0008915201548625435, 0, 0, 0, 0, 0, 0.006069782047847472, 0, 0, 0, 0, 0.00034843767397458214, 0, 0, 0, 0, 0, 0, 0, -0.002245082493368135, 0, 0, 0, 0, 0, 0, 0, 0.0024580916078958694, 0, 0, 0, 0, 0, 0, 0, 0, 0, -0.0021311551376795015, 0.0011174053163730316, 0, 0, -0.0023712918153484005, 0, 0.0034426203511531794, -0.0017801259087708262, 0, 0, 0, 0.0009166065253382835, 0, -0.002074590524346057, -0.002306212572330237, 0, 0, 0, 0, -0.0012465499344475504, 0, 0, 0, -0.00432878403373691, 0, 0, 0, 0, 0, 0, 0, 0, 0, 0, 0, 0, 0, -0.002470993999361603, -0.002464903238250878, 0, 0, 0, 0, 0, 0, 0, 0, -0.0005162900222448812, 0, -0.0027773299662233733, 0, 0, 0, 0, 0, -0.0010166929334909998, 0, 0, 0, 0, 0, 0.00754055004913302, 0, 0, 0, 0, 0, 0, 0, 0, 0, 0, 0, 0, 0, 0, 0, 0, 0, 0, 0, 0, 0, 0, 0, 0, 0, 0, 0, 0, 0, 0, -0.002346714567842475, 0, 0, 0, 0, 0.003963648494048269, 0.004113001665584608, 0, 0, -0.0014414918608287078, 0, 0, 0, 0, 0, 0, 0, 0, 0, 0, 0, 0, -0.0019440958795919323, 0, 0, 0, 0, 0, -0.001960783257285552, 0, 0, 0, 0, 0, -0.0017143754146025016, -0.0020199689135097206, 0, 0, 0.00438863152936031, 0, -0.0018857077354268916, -0.0007405121515296534, 0.0002820225924619703, 0, 0, 0, 0, 0, 0, 0, 0, 0, 0, 0, -0.0025320361988480336, 0, 0, 0, 0, 0.0038986702603391126, -0.002370676713323046, 0]
Start Date: 2022-02-03
End Date: 2024-04-14
Sharpe Ratio: 0.011
Annualized Sharpe: 0.169
Sharpe 95% CI: (np.float64(-1.111), np.float64(1.28))
Sortino Ratio: 0.019
CAGR: 0.004
Calmar Ratio: 0.139
Daily Win Rate (%): 0.363
Max Drawdown: 0.026
Profit Factor: 1.057
Expectancy: 6.8e-05
Average Win: 0.003483
Average Loss: 0.001879
Total Trades: 157
Total Days: 687

Rolling 6 - Variant 4 - atr_0.25_7 - Test Metrics
Contracts: [10, 11, 6, 10, 10, 7, 6, 6, 6, 6, 6, 6, 7, 10, 8, 8, 8, 8, 8, 7, 7, 7, 7, 7, 7, 7, 7, 7, 8, 5, 7, 7, 7, 7, 5, 7, 6, 6, 6, 6, 6, 6, 6, 6, 6, 6, 5, 7, 7, 7, 8, 7, 6, 5, 5, 5, 6, 6, 6, 6, 5, 9, 5, 9, 5, 5, 6, 6, 6, 6, 6, 7, 8, 7, 6, 7, 7, 7, 7, 8, 8, 8, 8, 9, 9, 9, 9, 10, 11, 11, 7, 10, 7, 7, 7, 7, 7, 8, 9, 9, 10, 10, 9, 9, 9, 11, 11, 11, 11, 11, 11, 11, 10, 10, 10, 10, 10, 10, 10, 10, 9, 10, 10, 11, 11, 12, 11, 10, 10, 11, 10, 10, 10, 10, 10, 10, 10, 10, 11, 11, 10, 11, 12, 10, 10, 9, 11, 9, 12, 10, 10, 10, 10, 12, 12, 14, 13, 14, 13, 15, 14, 13, 14, 12, 12, 12, 12, 12, 12, 12, 12, 12, 12, 12, 15, 13, 15, 14, 15, 13, 13, 12, 13, 13, 13, 12, 16, 17, 15, 11, 14, 14, 12, 12, 13, 11, 11, 11, 11, 7, 9, 14, 14, 14, 12, 8, 10, 8, 8, 8, 8, 8, 8, 8, 8, 8, 8, 9, 8, 9, 9, 7, 8, 8, 8, 8, 8, 9, 9, 9, 9, 7, 7, 6, 5, 5, 5, 7, 6, 6, 8, 8, 8, 8, 8, 8, 8, 8, 9, 10, 9, 9, 9, 10, 9, 8, 8, 8, 8, 8, 8, 8, 7, 8, 9, 11, 9, 9, 9, 11, 11, 11, 11, 13, 12, 12]
Trade Returns: [-0.0005647631848844503, 0.00259549778548689, 0.0014157932894879415, 0.00038888055402978345, -0.001806654941688153, -0.002176484485876653, 0.009206902865235386, -0.0024525389641230993, 0.0063720776034277135, -0.0019353725200501439, -0.0023224055063075597, 0.00586627808490916, -0.0021450615048030247, -0.002260459598713245, -0.00315504836115757, -0.0028780260446946327, -0.0011632969007796567, 0.0010498347306218978, 0.00278191748784799, -0.0024894893010410563, 0.005439140261778454, -0.0015568717568922824, 0.00010391619792269393, 0.00041970762866809925, -0.0022419933274830466, -0.0033539452176271135, 0.0023364200448768024, 0.011121626839928764, -0.002001277132069449, -0.002250857699518946, 0.0009631125203661712, -0.0008421549783349274, -0.0022969546905749773, 0.0032093698196616837, 0.0024827001231768468, 0.0007609073827876759, 0.0018063586089703473, -0.001411888084131834, -0.0012444351059096603, -0.0037583162053124925, -0.004121231237703662, -0.0028141908170579394, 0.00578399183891098, -0.0026100738047238467, 0.011986903013166874, 0.0009760371632204325, -0.002385291725143229, 0.0045040463869668946, 0.0016992193994343208, -0.001954592145823488, -0.0016214917155818428, -0.0017168532420013072, 0.0020322788393468505, 0.004400328289780474, -0.002358115447908793, -0.0022602304597464607, -0.002101057155699165, 0.004800567297585532, -0.0022110100805424198, -0.0019776365191021853, 0.010758215722466885, -0.0021676232235450206, -0.0016262315670142033, -0.0018641167405036066, -0.0018606482749061648, -0.002636551890747784, 0.0022534148757593518, -0.0022676581201854446, 0.0006167389822121864, 0.0023415249062015316, -0.0018709151039670547, 0.008467544375300175, 0.0014000525860289475, 0.0013141557472657857, -0.0039991912030150414, 0.004593459505335143, -0.0026473761630951553, 0.003707615881758064, -0.0016116329205958467, -0.0016082716206129658, 0.003539228149319771, -0.0016030925394208372, 0.00013912320122771283, 0.004230803982106591, 0.0025909882345510503, -0.00017548369119867015, -0.001888779588921076, 0.0004440031961363463, -0.001843854395363217, -3.2850372379035436e-05, -0.0017995719570459631, -0.002943018129095, 0.004734088395675772, -0.0018772652232672748, -0.0021975584962182926, -0.0026799662591000593, 0.0016033997156795947, -0.001859180619772046, 6.316657405924821e-05, -0.0008996816884975514, -0.0006113784526583278, -0.0022028488822427132, -0.001966104699037586, 0.0017078015588138326, -0.0016766144761121106, -0.002052760679642486, 0.00028916671453041974, -0.0018877476114724785, -0.002252295733791986, 0.0010421699392253309, -0.001836794247105555, -0.002048813779743876, 0.004904555684349127, -0.00210957328238583, 0.0026224243137264293, 0.0038902263224884475, 0.002459190544397428, -0.0030148355248408617, 0.009089846083674228]
Daily Returns: [0, 0, 0, -0.0005647631848844503, 0.004011291074974831, 0, 0.00038888055402978345, -0.003983139427564806, 0, 0, 0, 0, 0, 0, 0.0067543639011122866, 0.0063720776034277135, 0, 0, 0, 0, 0, -0.0019353725200501439, 0, 0, 0, 0, -0.0023224055063075597, 0, 0, 0, 0, 0, 0.00586627808490916, 0, 0, 0, 0, 0, -0.0021450615048030247, 0, -0.002260459598713245, 0, 0, 0, 0, 0, -0.00315504836115757, 0, -0.0028780260446946327, 0, 0, -0.0011632969007796567, 0, 0, 0, 0, 0, 0, 0, 0, 0.0010498347306218978, 0.00278191748784799, 0, 0, 0, -0.0024894893010410563, 0.005439140261778454, 0, 0, 0, 0, 0, 0, 0, 0, -0.0015568717568922824, 0, 0, 0, 0, 0.00010391619792269393, 0, 0, 0, 0, 0, 0.00041970762866809925, 0, 0, 0, -0.0022419933274830466, 0, 0, 0, -0.0033539452176271135, 0, 0, 0, 0, 0, 0.0023364200448768024, 0, 0, 0.011121626839928764, 0, 0, 0, 0, 0, 0, 0, 0, 0, 0, 0, 0, 0, 0, 0, 0, 0, 0, 0, -0.002001277132069449, 0, 0, 0, 0, 0, 0, -0.002250857699518946, 0, 0.0009631125203661712, 0, 0, 0, 0, 0, 0, 0, -0.0008421549783349274, 0, 0.0009124151290867064, 0, 0, 0, 0, 0.0024827001231768468, 0, 0, 0, 0, 0, 0, 0, 0, 0, 0, 0, 0.0007609073827876759, 0, 0, 0, 0, 0, 0, 0, 0, 0.0003944705248385134, -0.0012444351059096603, 0, 0, 0, 0, 0, 0, -0.007879547443016154, 0, 0, 0, 0, 0, 0, -0.0028141908170579394, 0, 0, 0, 0.00578399183891098, 0, -0.0026100738047238467, 0.011986903013166874, 0, 0, 0.0009760371632204325, -0.002385291725143229, 0, 0.0045040463869668946, 0, 0.0016992193994343208, 0, 0, -0.001954592145823488, 0, 0, 0, -0.0016214917155818428, 0, 0, 0, 0, 0, 0, 0, 0, 0, 0, 0, 0, 0, 0, 0, 0, -0.0017168532420013072, 0, 0, 0.0020322788393468505, 0, 0, 0.004400328289780474, -0.002358115447908793, 0, 0, 0, 0, 0, -0.0022602304597464607, 0, 0, 0, 0, -0.002101057155699165, 0, 0, 0, 0.004800567297585532, 0, 0, -0.0022110100805424198, 0, 0, 0, 0, 0, 0, -0.0019776365191021853, 0, 0, 0, 0, 0, 0.008590592498921863, 0, 0, 0, 0, 0, 0, 0, 0, 0, 0, 0, 0, -0.005350996582423975, 0, 0, 0, -0.002636551890747784, 0, 0, 0.0022534148757593518, 0, 0, 0, 0, 0, -0.0022676581201854446, 0, 0, 0.0006167389822121864, 0, 0, 0, 0, 0, 0, 0, 0, 0, 0, 0.0023415249062015316, 0, 0.006596629271333121, 0, 0, 0, 0, 0.0014000525860289475, 0.0013141557472657857, -0.0039991912030150414, 0.004593459505335143, 0, 0, 0, 0, 0, 0, 0, 0, 0, -0.0026473761630951553, 0, 0, 0, 0, 0, 0.0020959829611622172, 0, 0, 0, 0, -0.0016082716206129658, 0, 0, 0, 0, 0, 0, 0.003539228149319771, 0, 0, 0, -0.0016030925394208372, 0, 0, 0, 0.00013912320122771283, 0, 0, 0, 0.004230803982106591, 0, 0.0025909882345510503, 0, 0, 0, 0, 0, 0, 0, -0.002064263280119746, -0.0014327015716059063, 0, 0, 0, 0, 0, 0, 0, 0, -0.0017995719570459631, 0, -0.002943018129095, 0, 0, 0, 0, 0, 0, 0, 0, 0, 0, 0, 0.002856823172408497, 0, 0, 0, 0, 0, 0, 0, 0, 0, 0, 0, -0.0021975584962182926, 0, 0, 0, 0, 0, 0, -0.0026799662591000593, 0, 0, 0, 0, 0.0016033997156795947, 0, 0, 0, 0, 0, 0, -0.001859180619772046, 0, 6.316657405924821e-05, -0.0008996816884975514, 0, 0, -0.0006113784526583278, 0, 0, -0.0022028488822427132, 0, -0.001966104699037586, 0, 0, 0, 0.0017078015588138326, 0, 0, -0.0016766144761121106, 0, 0, -0.002052760679642486, 0, 0, 0, 0, 0.00028916671453041974, -0.0018877476114724785, -0.002252295733791986, 0.0010421699392253309, 0, 0, 0, 0, 0, 0, 0, -0.001836794247105555, 0, 0, 0, 0, -0.002048813779743876, 0, 0, 0.0027949824019632974, 0, 0, 0, 0.0026224243137264293, 0, 0, 0, 0, 0, 0.0038902263224884475, 0, 0, 0, 0, 0, 0, 0, 0, 0, 0, 0.002459190544397428, -0.0030148355248408617, 0.009089846083674228, 0, 0, 0, 0, 0, 0]
Start Date: 2024-04-15
End Date: 2025-11-06
Sharpe Ratio: 0.043
Annualized Sharpe: 0.677
Sharpe 95% CI: (np.float64(-0.789), np.float64(1.859))
Sortino Ratio: 0.06
CAGR: 0.017
Calmar Ratio: 0.688
Daily Win Rate (%): 0.429
Max Drawdown: 0.025
Profit Factor: 1.237
Expectancy: 0.000279
Average Win: 0.003398
Average Loss: 0.00206
Total Trades: 119
Total Days: 490



Rolling 7 - Variant 0 - atr_0.25_3 - Fit Metrics
Contracts: [10, 11, 6, 10, 10, 7, 6, 6, 6, 6, 6, 6, 7, 10, 8, 8, 8, 8, 8, 7, 7, 7, 7, 7, 7, 7, 7, 7, 8, 5, 7, 7, 7, 7, 5, 7, 6, 6, 6, 6, 6, 6, 6, 6, 6, 6, 5, 7, 7, 7, 8, 7, 6, 5, 6, 5, 6, 6, 6, 6, 5, 9, 5, 10, 5, 5, 6, 6, 6, 6, 6, 7, 8, 7, 6, 7, 7, 7, 7, 8, 8, 8, 8, 9, 9, 9, 9, 10, 11, 11, 8, 10, 7, 7, 7, 7, 7, 8, 9, 9, 10, 10, 9, 9, 9, 11, 11, 12, 11, 11, 11, 11, 10, 10, 10, 10, 10, 10, 10, 10, 10, 10, 10, 11, 11, 11, 11, 9, 10, 10, 10, 10, 10, 10, 10, 10, 10, 10, 11, 11, 10, 11, 12, 10, 10, 9, 11, 9, 12, 10, 10, 10, 10, 12, 12, 14, 13, 13, 13, 15, 14, 13, 14, 12, 12, 12, 12, 12, 12, 12, 12, 12, 12, 12, 15, 13, 15, 14, 15, 13, 13, 12, 13, 13, 13, 12, 16, 17, 15, 12, 14, 15, 12, 12, 13, 11, 11, 11, 11, 7, 9, 14, 14, 14, 12, 8, 10, 8, 8, 8, 8, 8, 8, 8, 8, 8, 8, 9, 8, 9, 9, 7, 8, 8, 8, 8, 8, 9, 9, 9, 9, 7, 7, 6, 5, 5, 5, 7, 6, 6, 8, 8, 8, 8, 8, 8, 8, 9, 9, 10, 9, 9, 9, 10, 9, 8, 8, 8, 8, 8, 8, 8, 7, 8, 9, 11, 9, 9, 9, 11, 11, 11, 11, 13, 12, 12]
Trade Returns: [-0.0028620588589212347, 0.0013944999999999663, -0.0025974086823431983, -0.0023543001309382673, 0.004221442148990723, 0.005735619200856212, 0.0003091903023161377, 0.0025042836823030547, -0.0013244238785817116, -0.0004718231442639015, -0.0015491426947412982, -0.0016364530499203285, -0.0021760848533625733, -0.0021808305256371635, -0.00223562433966962, 0.006333219332844941, -0.0030237155499185852, -0.00287241623343708, -0.0031438156189503214, 0.0016414460914824659, -0.00024981896031049097, 0.0004090885128366756, 0.005161012394665406, 0.0047406009943392205, 0.0009283827948084684, 0.005536480878817857, 0.00018564649954256408, 0.003069658137843414, -0.002132297596884865, -0.000803685550950649, -0.0018306602391556831, -0.0025798736095899856, 0.0024241265320411893, 0.006231977428742806, 0.0037647769482256877, -0.0001718574357521453, 0.0038612971834880625, 0.004942173299816706, -0.0016605147275822517, -0.0002798824784831851, -2.5053727135204633e-05, -0.001711207316459624, -0.0023237115946225986, -0.002201355897389471, 0.0023182134414914137, 0.0071693878352553425, 0.004072207374332431, -0.0018656384207360673, -0.0003805367862464266, 0.0064224862358736624, 0.005951883183635358, -0.002565779169667935, -0.001648008840810447, 0.0002988780423210522, -0.002070017556826208, -0.00011191916260972177, -0.0012787429592451016, -0.0009485364042573636, -0.0015048901090575061, -0.001417956144074621, -0.0017734949592014995, 0.005296168446944976, -0.0022042044439879293, -0.0014570547021002108, 0.0010512069370477333, -0.0014218234955592267, -0.0017826082755386414, -0.002293074160813064, -0.0022313897005927044, 0.003699719961640213, -0.0018477952665853254, 0.0012374753746114099, -0.0025167556014762545, -0.002134512397324237, -0.0016240031600764414, 0.005085051680546037, -0.0020022858565650952, -0.0019680772285062885, 0.0011455073332345632, -0.0020770776980916696, -0.0024579984922707358, -0.003097387154266324, 0.007509430746216773, 0.0021407290711027904, -0.0016755654514132108, -0.0018956967315739098, -0.00143178313758048, -0.0014361397701094767, 0.0032152135054385107, -0.0016040849613909586, 0.0005501522207777056, 0.0022635064137795278, -0.001951548479275691, 0.007490079434979582, -0.0022118941545463846, 0.003334187150009179, 0.004298706374882394, -0.0021958482282895416, -0.0019770096901054247, -0.002232489481451893, -0.002609587641540755, -0.002422764899654132, 0.0006148398837661708, -0.0017276852063124008, -0.002688155251656709, -0.0012331472830690007, 0.005375210655767139, -0.0020930949587626493, 0.005460382456041237, -0.0028676209752643757, -0.0022021031285326207, -0.0017858787664067689, -4.1460617041985316e-05, -0.002213295253972976, -0.0020324971730382477, 0.000623420711864281, 0.006619936599784077, -0.0029699645263098476, 0.000879719589380768, 0.005384448381554369, 0.0003498746506046017, -0.002227516574130387, 0.0022433627199099134, -0.0021399390628246964, -0.0019642551708801046, 0.003086287874150964, -0.0023805378815986386, 0.003456893636536434, -0.0017874932120053653, 0.0009203937323207979, -0.002083154372308498, -0.002084148176978485, -0.0012517343248591105, -0.0017784691246399776, -0.002568300196229027, -0.002481352291138049, -0.0024752104220861566, -0.0005184657377085361, -0.0027890013649594916, -0.0011262327572127276, 0.004722675829818866, -0.0023566090680279487, 0.004454821120376422, 0.00020313268877462628, 0.0038822840840039142, -0.001446927873064404, -0.0019514092658305217, -0.001969070076258672, -0.0017208354091218677, -0.0018827654352967572, 0.004563854937313149, 0.004693270320614119, -0.0007382096570776694, 0.0002830855919250295, -0.0025241582701747175, 0.003913393845888882, -0.0023805662826907885, -0.0005629975018085537, 0.0025873786158784862, 0.0014113758707639547, 0.0003876689173162566, -0.0018010281209297583, -0.0021696936016694533, 0.005076556303031855, -0.002454917274796974, 0.006378272031198172, -0.001937242011381006, -0.0023151615170006693, 0.003817508811823905, -0.0021515258394547545, -0.002267286383844244, -0.0031645985353513967, -0.0028808114971797714, -0.0011668348460843175, 0.0010524760408687044, 0.0027889092376795033, -0.0024957286945695395, 0.005969614813305884, -0.0015615992908788014, 0.00010359284978046929, 0.005592526046395757, -0.0022360878288061213, -0.003345090995082147]
Daily Returns: [-0.0028620588589212347, 0.0013944999999999663, 0, 0, 0, 0, 0, 0, 0, 0, 0, 0, -0.0025974086823431983, 0, 0, -0.0023543001309382673, 0, 0, 0, 0, 0, 0, 0, 0, 0, 0, 0, 0, 0, 0, 0, 0.004221442148990723, 0, 0, 0.005735619200856212, 0, 0, 0, 0, 0, 0.0003091903023161377, 0, 0, 0.0007080366594574416, 0, 0, -0.0015491426947412982, 0, 0, 0, 0, -0.0016364530499203285, 0, 0, 0, 0, 0, 0, 0, 0, -0.0021760848533625733, 0, 0, 0, 0, 0, -0.0021808305256371635, 0.004097594993175321, 0, 0, 0, 0, 0, 0, 0, 0, 0, 0, -0.0030237155499185852, -0.0060162318523874015, 0, 0.0016414460914824659, 0.0001592695525261846, 0, 0, 0, 0, 0, 0, 0, 0, 0, 0, 0, 0, 0, 0, 0, 0, 0, 0, 0.005161012394665406, 0, 0, 0, 0, 0.0047406009943392205, 0.0009283827948084684, 0.005536480878817857, 0, 0, 0, 0, 0, 0, 0, 0, 0, 0, 0, 0.00018564649954256408, 0.00013367499000790017, 0, 0, 0, 0, 0, 0, 0, 0, -0.0018306602391556831, 0, 0, 0, 0, 0, 0, 0, 0, 0, 0, 0, 0, 0, 0, -0.0025798736095899856, 0, 0.0024241265320411893, 0, 0, 0.009824896941216348, 0.0038612971834880625, 0, 0, 0, 0.004942173299816706, 0, -0.0019403972060654368, 0, 0, -2.5053727135204633e-05, 0, 0, 0, 0, 0, 0, 0, 0, -0.001711207316459624, 0, 0, 0, 0, 0, -0.0023237115946225986, 0, -0.002201355897389471, 0.0023182134414914137, 0, 0, 0.0071693878352553425, 0, 0, 0, 0, 0.004072207374332431, 0, 0, 0, 0, 0, 0, 0, 0, -0.0018656384207360673, 0, 0, 0, 0, 0, 0, 0, 0, 0, 0, 0, 0, 0, 0, -0.0003805367862464266, 0, 0, 0, 0, 0, 0.0064224862358736624, 0, 0, 0, 0, 0, 0, 0.0033861040139674227, 0, 0, 0, -0.001648008840810447, 0, 0.0002988780423210522, 0, 0, 0, 0, -0.002070017556826208, 0, 0, 0, 0, 0, 0, -0.00011191916260972177, 0, 0, 0, 0, 0, 0, 0, 0, 0, -0.0012787429592451016, 0, 0, 0, 0, 0, -0.0009485364042573636, 0, 0, 0, 0, 0, -0.0015048901090575061, -0.001417956144074621, 0, 0, 0, -0.0017734949592014995, 0, 0.005296168446944976, 0, -0.0022042044439879293, 0, 0, 0, 0, -0.0014570547021002108, 0, 0, 0.0010512069370477333, 0, -0.0014218234955592267, 0, 0, 0, -0.0017826082755386414, 0, 0, 0, 0, -0.002293074160813064, 0, 0, 0, 0, 0, 0, 0, -0.0022313897005927044, 0, 0.003699719961640213, 0, -0.0018477952665853254, 0, 0, 0, 0.0012374753746114099, 0, 0, 0, 0, 0, -0.0025167556014762545, 0, -0.002134512397324237, 0, 0, 0, 0, 0, 0, -0.0016240031600764414, 0, 0.005085051680546037, -0.0020022858565650952, 0, 0, 0, 0, 0, 0, 0, 0, 0, -0.0019680772285062885, 0.0011455073332345632, 0, 0, -0.0020770776980916696, -0.0024579984922707358, 0, 0, -0.003097387154266324, 0, 0, 0, 0.007509430746216773, 0, 0, 0, 0, 0, 0.0021407290711027904, 0, 0, -0.0016755654514132108, 0, 0, 0, 0, 0, 0, -0.00332747986915439, 0, 0, 0, -0.0014361397701094767, 0, 0.0032152135054385107, 0, -0.0016040849613909586, 0, 0, 0, 0.0005501522207777056, 0, 0, 0, 0.0022635064137795278, 0, -0.001951548479275691, 0, 0, 0, 0.007490079434979582, 0, 0, 0, -0.0022118941545463846, 0.003334187150009179, 0, 0, 0.002102858146592852, 0, 0, 0, 0, 0, 0, 0, 0, -0.0019770096901054247, 0, 0, 0, 0, 0, 0, 0, 0, 0, 0, -0.002232489481451893, 0, -0.002609587641540755, 0, 0, 0, 0, -0.002422764899654132, 0, 0, 0, 0, 0, 0, 0, 0, 0, 0, 0, 0, 0, 0, 0, 0, 0.0006148398837661708, 0, 0, 0, 0, -0.0017276852063124008, 0, 0, -0.00392130253472571, 0, 0, 0.005375210655767139, 0, -0.0020930949587626493, 0, 0, 0, 0, 0, 0.005460382456041237, 0, 0, 0, 0, 0, -0.0028676209752643757, 0, 0, 0, 0, 0, 0, 0, 0, -0.0022021031285326207, 0, 0, -0.0018273393834487542, 0, 0, -0.002213295253972976, 0, 0, 0, 0, 0, 0, -0.0020324971730382477, 0, 0, 0, 0, 0, 0.000623420711864281, 0, 0, 0.0036499720734742298, 0, 0, 0.000879719589380768, 0, 0, 0, 0, 0, 0.005384448381554369, 0, 0, 0, 0, 0.0003498746506046017, 0, 0, 0, 0, 0, 0, 0, -0.002227516574130387, 0, 0, 0, 0, 0, 0, 0, 0.0022433627199099134, 0, 0, 0, 0, 0, 0, 0, 0, 0, -0.0021399390628246964, 0.0011220327032708593, 0, 0, -0.0023805378815986386, 0, 0.003456893636536434, -0.0017874932120053653, 0, 0, 0, 0.0009203937323207979, 0, -0.002083154372308498, -0.002084148176978485, 0, 0, 0, 0, -0.0012517343248591105, 0, 0, 0, -0.0043467693208690044, 0, 0, 0, 0, 0, 0, 0, 0, 0, 0, 0, 0, 0, -0.002481352291138049, -0.0024752104220861566, 0, 0, 0, 0, 0, 0, 0, 0, -0.0005184657377085361, 0, -0.0027890013649594916, 0, 0, 0, 0, 0, -0.0011262327572127276, 0, 0, 0, 0, 0, 0.004722675829818866, 0, 0, 0, 0, 0, 0, 0, 0, 0, 0, 0, 0, 0, 0, 0, 0, 0, 0, 0, 0, 0, 0, 0, 0, 0, 0, 0, 0, 0, 0, -0.0023566090680279487, 0, 0, 0, 0, 0.004657953809151048, 0.0038822840840039142, 0, 0, -0.001446927873064404, 0, 0, 0, 0, 0, 0, 0, 0, 0, 0, 0, 0, -0.0019514092658305217, 0, 0, 0, 0, 0, -0.001969070076258672, 0, 0, 0, 0, 0, -0.0017208354091218677, -0.0018827654352967572, 0, 0, 0.004563854937313149, 0, 0.004693270320614119, -0.0007382096570776694, 0.0002830855919250295, 0, 0, 0, 0, 0, 0, 0, 0, 0, 0, 0, -0.0025241582701747175, 0, 0, 0, 0, 0.003913393845888882, -0.0023805662826907885, 0, 0, 0, 0, -0.0005629975018085537, 0.003998754486642441, 0, 0.0003876689173162566, -0.003970721722599211, 0, 0, 0, 0, 0, 0, 0.0026216390282348813, 0.006378272031198172, 0, 0, 0, 0, 0, -0.001937242011381006, 0, 0, 0, 0, -0.0023151615170006693, 0, 0, 0, 0, 0, 0.003817508811823905, 0, 0, 0, 0, 0, -0.0021515258394547545, 0, -0.002267286383844244, 0, 0, 0, 0, 0, -0.0031645985353513967, 0, -0.0028808114971797714, 0, 0, -0.0011668348460843175, 0, 0, 0, 0, 0, 0, 0, 0, 0.0010524760408687044, 0.0027889092376795033, 0, 0, 0, -0.0024957286945695395, 0.005969614813305884, 0, 0, 0, 0, 0, 0, 0, 0, -0.0015615992908788014, 0, 0, 0, 0, 0.00010359284978046929, 0, 0, 0, 0, 0, 0.005592526046395757, 0, 0, 0, -0.0022360878288061213, 0, 0, 0, -0.003345090995082147, 0, 0, 0]
Start Date: 2022-02-03
End Date: 2024-08-06
Sharpe Ratio: 0.018
Annualized Sharpe: 0.279
Sharpe 95% CI: (np.float64(-0.881), np.float64(1.311))
Sortino Ratio: 0.029
CAGR: 0.006
Calmar Ratio: 0.179
Daily Win Rate (%): 0.383
Max Drawdown: 0.033
Profit Factor: 1.089
Expectancy: 0.000105
Average Win: 0.003355
Average Loss: 0.001909
Total Trades: 183
Total Days: 785

Rolling 7 - Variant 0 - atr_0.25_3 - Test Metrics
Contracts: [10, 11, 6, 10, 10, 7, 6, 6, 6, 6, 6, 6, 7, 10, 8, 8, 8, 8, 8, 7, 7, 7, 7, 7, 7, 7, 7, 7, 8, 5, 7, 7, 7, 7, 5, 7, 6, 6, 6, 6, 6, 6, 6, 6, 6, 6, 5, 7, 7, 7, 8, 7, 6, 5, 6, 5, 6, 6, 6, 6, 5, 9, 5, 10, 5, 5, 6, 6, 6, 6, 6, 7, 8, 7, 6, 7, 7, 7, 7, 8, 8, 8, 8, 9, 9, 9, 9, 10, 11, 11, 8, 10, 7, 7, 7, 7, 7, 8, 9, 9, 10, 10, 9, 9, 9, 11, 11, 12, 11, 11, 11, 11, 10, 10, 10, 10, 10, 10, 10, 10, 10, 10, 10, 11, 11, 11, 11, 9, 10, 10, 10, 10, 10, 10, 10, 10, 10, 10, 11, 11, 10, 11, 12, 10, 10, 9, 11, 9, 12, 10, 10, 10, 10, 12, 12, 14, 13, 13, 13, 15, 14, 13, 14, 12, 12, 12, 12, 12, 12, 12, 12, 12, 12, 12, 15, 13, 15, 14, 15, 13, 13, 12, 13, 13, 13, 12, 16, 17, 15, 12, 14, 15, 12, 12, 13, 11, 11, 11, 11, 7, 9, 14, 14, 14, 12, 8, 10, 8, 8, 8, 8, 8, 8, 8, 8, 8, 8, 9, 8, 9, 9, 7, 8, 8, 8, 8, 8, 9, 9, 9, 9, 7, 7, 6, 5, 5, 5, 7, 6, 6, 8, 8, 8, 8, 8, 8, 8, 9, 9, 10, 9, 9, 9, 10, 9, 8, 8, 8, 8, 8, 8, 8, 7, 8, 9, 11, 9, 9, 9, 11, 11, 11, 11, 13, 12, 12]
Trade Returns: [0.0023300753910723633, 0.004952958927867146, -0.002008099702933532, -0.002258546557608393, 0.0009663990484685013, -0.0008450310999149974, -0.0023047806657818214, 0.0032203397061111136, 0.002491200145284402, 0.0008278820607646155, 0.0018044584580484042, -0.001410405561143794, -0.0012431265677826544, -0.00375435937284592, -0.004131586100122258, -0.0028258319633292744, 0.005777893113633235, -0.0026208365963812778, 0.009187079162238484, 0.0009748781222365129, -0.002382461957589896, 0.004643978746824902, 0.0016971987329261924, -0.0019522717350368827, -0.001619562982409272, -0.0017148121512373222, 0.002014439310552678, 0.006368526333922816, -0.0023507007981018783, -0.002253091894096083, -0.0020944352110572073, 0.004794832750805097, -0.002204011200232738, -0.0019713625472868607, 0.004521547344906523, -0.0021607329433589455, -0.0016311337769370337, -0.0018697255391952967, -0.0018662361897291895, -0.0026334106756469478, 0.002251033493747238, -0.002274505053024985, 0.005104885865370696, 0.0023503355375788055, -0.0018779384293747614, 0.007727585500899941, 0.0014053182046756402, 0.0013190913705002397, -0.004012848360470142, 0.004593459505335143, -0.002657305913195636, 0.0037215820127881848, -0.0016176939219929725, -0.0016143073187945454, 0.0035310938738246206, -0.0015994210855390597, 0.00621121843444991, 0.004746872198763708, 0.0025837170074437615, -0.00017499249117099828, -0.001883491741594881, 0.004579348219796925, -0.0018311136539038066, -3.2622965106999086e-05, -0.002010503230395354, -0.002923262089470998, 0.004702071231118249, -0.0018645927436361299, -0.002182781018182148, -0.0026619233029655204, 0.0015925698432137409, -0.0018466430884914737, 6.273981721287736e-05, -0.0008936037708854179, -0.0006072445112523491, -0.002187944887235214, -0.0019527732951532756, 0.0016961989524566924, -0.001665243039408432, -0.0020388148532126883, 0.00028720330495257543, -0.0018749336969941107, -0.002237117043546246, 0.0010351546149641392, -0.0018243027802530337, -0.002034854968841826, 0.004871072231703881, -0.002095241017154855, 0.002604571969671041, 0.0038637409555384718, 0.005406726408900534, -0.002985610372117001, 0.0075648183651998826]
Daily Returns: [0, 0, 0.0023300753910723633, 0, 0, 0.004952958927867146, 0, 0, 0, 0, 0, 0, 0, 0, 0, 0, 0, 0, 0, 0, 0, 0, 0, 0, 0, -0.002008099702933532, 0, 0, 0, 0, 0, 0, -0.002258546557608393, 0, 0.0009663990484685013, 0, 0, 0, 0, 0, 0, 0, -0.0008450310999149974, 0, 0.0009155590403292922, 0, 0, 0, 0, 0.002491200145284402, 0, 0, 0, 0, 0, 0, 0, 0, 0, 0, 0, 0.0008278820607646155, 0, 0, 0, 0, 0, 0, 0, 0, 0.00039405289690461025, -0.0012431265677826544, 0, 0, 0, 0, 0, 0, -0.007885945472968179, 0, 0, 0, 0, 0, 0, -0.0028258319633292744, 0, 0, 0, 0.005777893113633235, 0, -0.0026208365963812778, 0.009187079162238484, 0, 0, 0.0009748781222365129, -0.002382461957589896, 0, 0.004643978746824902, 0, 0.0016971987329261924, 0, 0, -0.0019522717350368827, 0, 0, 0, -0.001619562982409272, 0, 0, 0, 0, 0, 0, 0, 0, 0, 0, 0, 0, 0, 0, 0, 0, -0.0017148121512373222, 0, 0, 0.002014439310552678, 0, 0, 0.006368526333922816, -0.0023507007981018783, 0, 0, 0, 0, 0, -0.002253091894096083, 0, 0, 0, 0, -0.0020944352110572073, 0, 0, 0, 0.004794832750805097, 0, 0, -0.002204011200232738, 0, 0, 0, 0, 0, 0, -0.0019713625472868607, 0, 0, 0, 0, 0, 0.002360814401547578, 0, 0, 0, 0, 0, 0, 0, 0, 0, 0, 0, 0, -0.00536709550586152, 0, 0, 0, -0.0026334106756469478, 0, 0, 0.002251033493747238, 0, 0, 0, 0, 0, -0.002274505053024985, 0, 0, 0.005104885865370696, 0, 0, 0, 0, 0, 0, 0, 0, 0, 0, 0.0023503355375788055, 0, 0.005849647071525179, 0, 0, 0, 0, 0.0014053182046756402, 0.0013190913705002397, -0.004012848360470142, 0.004593459505335143, 0, 0, 0, 0, 0, 0, 0, 0, 0, -0.002657305913195636, 0, 0, 0, 0, 0, 0.0021038880907952124, 0, 0, 0, 0, -0.0016143073187945454, 0, 0, 0, 0, 0, 0, 0.0035310938738246206, 0, 0, 0, -0.0015994210855390597, 0, 0, 0, 0.00621121843444991, 0, 0, 0, 0.004746872198763708, 0, 0.0025837170074437615, 0, 0, 0, 0, 0, 0, 0, -0.0020584842327658792, 0.0027156116007861194, 0, 0, 0, 0, 0, 0, 0, 0, -0.002010503230395354, 0, -0.002923262089470998, 0, 0, 0, 0, 0, 0, 0, 0, 0, 0, 0, 0.002837478487482119, 0, 0, 0, 0, 0, 0, 0, 0, 0, 0, 0, -0.002182781018182148, 0, 0, 0, 0, 0, 0, -0.0026619233029655204, 0, 0, 0, 0, 0.0015925698432137409, 0, 0, 0, 0, 0, 0, -0.0018466430884914737, 0, 6.273981721287736e-05, -0.0008936037708854179, 0, 0, -0.0006072445112523491, 0, 0, -0.002187944887235214, 0, -0.0019527732951532756, 0, 0, 0, 0.0016961989524566924, 0, 0, -0.001665243039408432, 0, 0, -0.0020388148532126883, 0, 0, 0, 0, 0.00028720330495257543, -0.0018749336969941107, -0.002237117043546246, 0.0010351546149641392, 0, 0, 0, 0, 0, 0, 0, -0.0018243027802530337, 0, 0, 0, 0, -0.002034854968841826, 0, 0, 0.0027758312145490256, 0, 0, 0, 0.002604571969671041, 0, 0, 0, 0, 0, 0.0038637409555384718, 0, 0, 0, 0, 0, 0, 0, 0, 0, 0, 0.005406726408900534, -0.002985610372117001, 0.0075648183651998826, 0, 0, 0, 0, 0, 0]
Start Date: 2024-08-07
End Date: 2025-11-06
Sharpe Ratio: 0.057
Annualized Sharpe: 0.906
Sharpe 95% CI: (np.float64(-0.705), np.float64(2.348))
Sortino Ratio: 0.069
CAGR: 0.021
Calmar Ratio: 0.991
Daily Win Rate (%): 0.43
Max Drawdown: 0.021
Profit Factor: 1.305
Expectancy: 0.000353
Average Win: 0.00351
Average Loss: 0.00203
Total Trades: 93
Total Days: 392



Rolling 7 - Variant 1 - atr_0.25_4 - Fit Metrics
Contracts: [10, 11, 6, 10, 10, 7, 6, 6, 6, 6, 6, 6, 7, 10, 8, 8, 8, 8, 8, 7, 7, 7, 7, 7, 7, 7, 7, 7, 8, 5, 7, 7, 7, 7, 5, 7, 6, 6, 6, 6, 6, 6, 6, 6, 6, 6, 5, 7, 7, 7, 8, 7, 6, 5, 6, 6, 6, 6, 6, 6, 5, 9, 5, 10, 5, 5, 6, 6, 6, 6, 6, 7, 8, 7, 7, 7, 7, 7, 7, 8, 8, 8, 8, 9, 9, 9, 9, 10, 11, 11, 8, 10, 7, 7, 7, 7, 7, 9, 9, 9, 10, 10, 9, 10, 10, 11, 11, 12, 11, 11, 11, 11, 11, 10, 10, 10, 10, 10, 10, 10, 10, 10, 10, 11, 11, 12, 11, 10, 10, 11, 10, 10, 10, 10, 10, 10, 10, 10, 11, 11, 10, 11, 13, 10, 10, 9, 11, 9, 12, 10, 10, 10, 10, 13, 12, 14, 14, 14, 14, 15, 14, 13, 14, 12, 12, 12, 12, 12, 12, 12, 12, 12, 12, 12, 15, 13, 15, 14, 15, 13, 14, 12, 13, 13, 13, 12, 16, 17, 15, 12, 14, 15, 12, 12, 13, 11, 11, 11, 11, 7, 9, 14, 14, 14, 12, 8, 10, 8, 8, 8, 8, 8, 8, 8, 8, 8, 8, 9, 8, 9, 9, 7, 8, 8, 8, 8, 8, 9, 9, 9, 9, 7, 7, 6, 5, 5, 5, 7, 6, 6, 8, 8, 8, 8, 8, 8, 8, 8, 9, 10, 9, 9, 9, 10, 9, 8, 8, 8, 8, 8, 8, 8, 7, 8, 9, 11, 9, 9, 9, 11, 11, 11, 11, 13, 12, 12]
Trade Returns: [-0.0028620588589212347, 0.0013944999999999663, -0.0025974086823431983, -0.0023543001309382673, 0.004221442148990723, 0.003079408576372763, 0.0003100090556062336, 0.002510916248678037, -0.001327922814374787, -0.00047307217124611934, -0.0015532407469505247, -0.0016407888046029856, -0.002181871974037282, -0.0021866429490049423, -0.0022415958589465977, 0.003635393079390315, -0.0030399599347226114, -0.0028878948433865848, -0.003160805786531552, 0.001650345110071621, -0.00025117110990235687, 0.00041130326801338933, 0.006958290244638641, 0.003967113864546667, 0.0009324679769154015, 0.00745918882720302, 0.0001857721845125609, 0.0030717359482652206, -0.0021337365005965597, -0.0008042290486823401, -0.0018405671350609045, -0.0025816257752014748, 0.0024257771806986614, 0.008348145696345734, 0.0037594279657072417, -0.00017161417579948407, 0.003855830674630639, 0.0027833100215598713, -0.0016617427688535497, -0.0002800898113858525, -2.507229177462484e-05, -0.001712367522285013, -0.002325433684975115, -0.0022029911131688233, 0.0023199392636062024, 0.009609922720561955, 0.004065380883973386, -0.0018625235998450261, -0.00045490324605690016, 0.008581367597603754, 0.007938316966229922, -0.0025511499249212424, -0.0016452522343035582, 0.0002971660540457418, -0.002058184797651313, -0.0001120020960184649, -0.001271420432050394, -0.0009431087110769285, -0.001491768784314391, -0.0014055743366318712, -0.001774695262353661, 0.0071068348888666975, -0.0021849299057145094, -0.0014442856720954702, 0.0010419812659503945, -0.0014093581837943986, -0.0017669578595770634, -0.0022729064722641014, -0.0025802454075006627, 0.0036681972988686774, -0.001832080370946073, 0.0012269702684550921, -0.002495416683986991, -0.0021156590827564633, -0.0016102284494883313, 0.0051376017130188864, -0.001984635546494592, -0.0019465019910450726, 0.0011329251066855305, -0.0020542889417528095, -0.0024309749311947405, -0.00306325108560272, 0.009969669270301584, 0.002122532978128143, -0.0016569604615644174, -0.0018745712317412438, -0.0014157974892300522, -0.001420057237792359, 0.004276698865894219, -0.0015861501964999454, 0.0006113335945009405, 0.0022355664401822206, -0.0019275056433153898, 0.003918248932440427, -0.002192424918529852, 0.003304774934075644, 0.004734345167095057, -0.00241733094154137, -0.0019550211171945686, -0.002207755297533168, -0.0025950134617720184, -0.0024091988946443655, 0.0006113918576298413, -0.0018897608220857206, -0.0026730707733065794, -0.0012262360104420787, 0.0019202554648715905, -0.002098649692605881, 0.0072945105729274266, -0.0028467218643855323, -0.0021825722132286433, -0.0017700047863104366, -4.109143632966873e-05, -0.002201199524145397, -0.0020143780960419698, 0.0006178518933757789, 0.008806743944919126, -0.0029434511612778528, 0.0008747818003901041, 0.006023044904755484, 0.00034577077698229374, -0.0022028918513783947, 0.0024391965922373523, -0.0021148204827451077, -0.0019411499028071087, 0.003049950572635976, -0.0023531069098384387, 0.003416079482308644, -0.0017664262768832015, 0.0009095640085238155, -0.002058665412222822, -0.0022885672201551025, -0.0012369100265618783, -0.0017573806178675544, -0.0025379609948085725, -0.0024522185031795175, -0.0024462198376308344, -0.000512346553515947, -0.002756174943061815, -0.0011162039509129888, 0.006304517686916329, -0.0023287809667641474, 0.0037323659830292627, 0.00020086817749290377, 0.004081558998367565, -0.001430516881838436, -0.0019287107422423975, -0.0019457639680208782, -0.0018316154960635756, -0.0020041922980302694, 0.004689231132937171, -0.0018703903845636418, -0.0007344857990716048, 0.00027978641618600343, -0.0025114172467859703, 0.004191356782908426, -0.0025483126603759528, -0.0005601419648044374, 0.002574248013691238, 0.0014042317168479312, 0.0003857093523189989, -0.001791927904806007, -0.0021587109162654584, 0.006799697208270748, -0.0024382836590699252, 0.006334949575507804, -0.0019241667207405963, -0.0023034460098947562, 0.005125811847274838, -0.002134153006974257, -0.002248939670016834, -0.0031389331179451216, -0.0028613301595034443, -0.0012463522594715758, 0.0010445625790383513, 0.002767961589865637, -0.002477034885385002, 0.005411677694365655, -0.0015488945831826056, 0.00010306989724720622, 0.0004175940346809762, -0.0022307076484032622, -0.0033370244831068393]
Daily Returns: [-0.0028620588589212347, 0.0013944999999999663, 0, 0, 0, 0, 0, 0, 0, 0, 0, 0, -0.0025974086823431983, 0, 0, -0.0023543001309382673, 0, 0, 0, 0, 0, 0, 0, 0, 0, 0, 0, 0, 0, 0, 0, 0.004221442148990723, 0, 0, 0.003079408576372763, 0, 0, 0, 0, 0, 0.0003100090556062336, 0, 0, 0.0007099212630571307, 0, 0, -0.0015532407469505247, 0, 0, 0, 0, -0.0016407888046029856, 0, 0, 0, 0, 0, 0, 0, 0, -0.002181871974037282, 0, 0, 0, 0, 0, -0.0021866429490049423, 0.001393797220443717, 0, 0, 0, 0, 0, 0, 0, 0, 0, 0, -0.0030399599347226114, -0.006048700629918137, 0, 0.001650345110071621, 0.00016013215811103246, 0, 0, 0, 0, 0, 0, 0, 0, 0, 0, 0, 0, 0, 0, 0, 0, 0, 0, 0.006958290244638641, 0, 0, 0, 0, 0.003967113864546667, 0.0009324679769154015, 0.00745918882720302, 0, 0, 0, 0, 0, 0, 0, 0, 0, 0, 0, 0.0001857721845125609, 0.00013377039898632083, 0, 0, 0, 0, 0, 0, 0, 0, -0.0018405671350609045, 0, 0, 0, 0, 0, 0, 0, 0, 0, 0, 0, 0, 0, 0, -0.0025816257752014748, 0, 0.0024257771806986614, 0, 0, 0.01193595948625349, 0.003855830674630639, 0, 0, 0, 0.0027833100215598713, 0, -0.0019418325802394022, 0, 0, -2.507229177462484e-05, 0, 0, 0, 0, 0, 0, 0, 0, -0.001712367522285013, 0, 0, 0, 0, 0, -0.002325433684975115, 0, -0.0022029911131688233, 0.0023199392636062024, 0, 0, 0.009609922720561955, 0, 0, 0, 0, 0.004065380883973386, 0, 0, 0, 0, 0, 0, 0, 0, -0.0018625235998450261, 0, 0, 0, 0, 0, 0, 0, 0, 0, 0, 0, 0, 0, 0, -0.00045490324605690016, 0, 0, 0, 0, 0, 0.008581367597603754, 0, 0, 0, 0, 0, 0, 0.005387167041308679, 0, 0, 0, -0.0016452522343035582, 0, 0.0002971660540457418, 0, 0, 0, 0, -0.002058184797651313, 0, 0, 0, 0, 0, 0, -0.0001120020960184649, 0, 0, 0, 0, 0, 0, 0, 0, 0, -0.001271420432050394, 0, 0, 0, 0, 0, -0.0009431087110769285, 0, 0, 0, 0, 0, -0.001491768784314391, -0.0014055743366318712, 0, 0, 0, -0.001774695262353661, 0, 0.0071068348888666975, 0, -0.0021849299057145094, 0, 0, 0, 0, -0.0014442856720954702, 0, 0, 0.0010419812659503945, 0, -0.0014093581837943986, 0, 0, 0, -0.0017669578595770634, 0, 0, 0, 0, -0.0022729064722641014, 0, 0, 0, 0, 0, 0, 0, -0.0025802454075006627, 0, 0.0036681972988686774, 0, -0.001832080370946073, 0, 0, 0, 0.0012269702684550921, 0, 0, 0, 0, 0, -0.002495416683986991, 0, -0.0021156590827564633, 0, 0, 0, 0, 0, 0, -0.0016102284494883313, 0, 0.0051376017130188864, -0.001984635546494592, 0, 0, 0, 0, 0, 0, 0, 0, 0, -0.0019465019910450726, 0.0011329251066855305, 0, 0, -0.0020542889417528095, -0.0024309749311947405, 0, 0, -0.00306325108560272, 0, 0, 0, 0.009969669270301584, 0, 0, 0, 0, 0, 0.002122532978128143, 0, 0, -0.0016569604615644174, 0, 0, 0, 0, 0, 0, -0.003290368720971296, 0, 0, 0, -0.001420057237792359, 0, 0.004276698865894219, 0, -0.0015861501964999454, 0, 0, 0, 0.0006113335945009405, 0, 0, 0, 0.0022355664401822206, 0, -0.0019275056433153898, 0, 0, 0, 0.003918248932440427, 0, 0, 0, -0.002192424918529852, 0.003304774934075644, 0, 0, 0.0023170142255536865, 0, 0, 0, 0, 0, 0, 0, 0, -0.0019550211171945686, 0, 0, 0, 0, 0, 0, 0, 0, 0, 0, -0.002207755297533168, 0, -0.0025950134617720184, 0, 0, 0, 0, -0.0024091988946443655, 0, 0, 0, 0, 0, 0, 0, 0, 0, 0, 0, 0, 0, 0, 0, 0, 0.0006113918576298413, 0, 0, 0, 0, -0.0018897608220857206, 0, 0, -0.003899306783748658, 0, 0, 0.0019202554648715905, 0, -0.002098649692605881, 0, 0, 0, 0, 0, 0.0072945105729274266, 0, 0, 0, 0, 0, -0.0028467218643855323, 0, 0, 0, 0, 0, 0, 0, 0, -0.0021825722132286433, 0, 0, -0.0018110962226401055, 0, 0, -0.002201199524145397, 0, 0, 0, 0, 0, 0, -0.0020143780960419698, 0, 0, 0, 0, 0, 0.0006178518933757789, 0, 0, 0.005863292783641273, 0, 0, 0.0008747818003901041, 0, 0, 0, 0, 0, 0.006023044904755484, 0, 0, 0, 0, 0.00034577077698229374, 0, 0, 0, 0, 0, 0, 0, -0.0022028918513783947, 0, 0, 0, 0, 0, 0, 0, 0.0024391965922373523, 0, 0, 0, 0, 0, 0, 0, 0, 0, -0.0021148204827451077, 0.0011088006698288673, 0, 0, -0.0023531069098384387, 0, 0.003416079482308644, -0.0017664262768832015, 0, 0, 0, 0.0009095640085238155, 0, -0.002058665412222822, -0.0022885672201551025, 0, 0, 0, 0, -0.0012369100265618783, 0, 0, 0, -0.004295341612676127, 0, 0, 0, 0, 0, 0, 0, 0, 0, 0, 0, 0, 0, -0.0024522185031795175, -0.0024462198376308344, 0, 0, 0, 0, 0, 0, 0, 0, -0.000512346553515947, 0, -0.002756174943061815, 0, 0, 0, 0, 0, -0.0011162039509129888, 0, 0, 0, 0, 0, 0.006304517686916329, 0, 0, 0, 0, 0, 0, 0, 0, 0, 0, 0, 0, 0, 0, 0, 0, 0, 0, 0, 0, 0, 0, 0, 0, 0, 0, 0, 0, 0, 0, -0.0023287809667641474, 0, 0, 0, 0, 0.003933234160522167, 0.004081558998367565, 0, 0, -0.001430516881838436, 0, 0, 0, 0, 0, 0, 0, 0, 0, 0, 0, 0, -0.0019287107422423975, 0, 0, 0, 0, 0, -0.0019457639680208782, 0, 0, 0, 0, 0, -0.0018316154960635756, -0.0020041922980302694, 0, 0, 0.004689231132937171, 0, -0.0018703903845636418, -0.0007344857990716048, 0.00027978641618600343, 0, 0, 0, 0, 0, 0, 0, 0, 0, 0, 0, -0.0025114172467859703, 0, 0, 0, 0, 0.004191356782908426, -0.0025483126603759528, 0, 0, 0, 0, -0.0005601419648044374, 0.003978479730539169, 0, 0.0003857093523189989, -0.003950638821071465, 0, 0, 0, 0, 0, 0, 0.0043614135492008235, 0.006334949575507804, 0, 0, 0, 0, 0, -0.0019241667207405963, 0, 0, 0, 0, -0.0023034460098947562, 0, 0, 0, 0, 0, 0.005125811847274838, 0, 0, 0, 0, 0, -0.002134153006974257, 0, -0.002248939670016834, 0, 0, 0, 0, 0, -0.0031389331179451216, 0, -0.0028613301595034443, 0, 0, -0.0012463522594715758, 0, 0, 0, 0, 0, 0, 0, 0, 0.0010445625790383513, 0.002767961589865637, 0, 0, 0, -0.002477034885385002, 0.005411677694365655, 0, 0, 0, 0, 0, 0, 0, 0, -0.0015488945831826056, 0, 0, 0, 0, 0.00010306989724720622, 0, 0, 0, 0, 0, 0.0004175940346809762, 0, 0, 0, -0.0022307076484032622, 0, 0, 0, -0.0033370244831068393, 0, 0, 0]
Start Date: 2022-02-03
End Date: 2024-08-06
Sharpe Ratio: 0.016
Annualized Sharpe: 0.256
Sharpe 95% CI: (np.float64(-0.895), np.float64(1.277))
Sortino Ratio: 0.028
CAGR: 0.006
Calmar Ratio: 0.192
Daily Win Rate (%): 0.377
Max Drawdown: 0.03
Profit Factor: 1.085
Expectancy: 0.000101
Average Win: 0.003426
Average Loss: 0.001911
Total Trades: 183
Total Days: 785

Rolling 7 - Variant 1 - atr_0.25_4 - Test Metrics
Contracts: [10, 11, 6, 10, 10, 7, 6, 6, 6, 6, 6, 6, 7, 10, 8, 8, 8, 8, 8, 7, 7, 7, 7, 7, 7, 7, 7, 7, 8, 5, 7, 7, 7, 7, 5, 7, 6, 6, 6, 6, 6, 6, 6, 6, 6, 6, 5, 7, 7, 7, 8, 7, 6, 5, 6, 6, 6, 6, 6, 6, 5, 9, 5, 10, 5, 5, 6, 6, 6, 6, 6, 7, 8, 7, 7, 7, 7, 7, 7, 8, 8, 8, 8, 9, 9, 9, 9, 10, 11, 11, 8, 10, 7, 7, 7, 7, 7, 9, 9, 9, 10, 10, 9, 10, 10, 11, 11, 12, 11, 11, 11, 11, 11, 10, 10, 10, 10, 10, 10, 10, 10, 10, 10, 11, 11, 12, 11, 10, 10, 11, 10, 10, 10, 10, 10, 10, 10, 10, 11, 11, 10, 11, 13, 10, 10, 9, 11, 9, 12, 10, 10, 10, 10, 13, 12, 14, 14, 14, 14, 15, 14, 13, 14, 12, 12, 12, 12, 12, 12, 12, 12, 12, 12, 12, 15, 13, 15, 14, 15, 13, 14, 12, 13, 13, 13, 12, 16, 17, 15, 12, 14, 15, 12, 12, 13, 11, 11, 11, 11, 7, 9, 14, 14, 14, 12, 8, 10, 8, 8, 8, 8, 8, 8, 8, 8, 8, 8, 9, 8, 9, 9, 7, 8, 8, 8, 8, 8, 9, 9, 9, 9, 7, 7, 6, 5, 5, 5, 7, 6, 6, 8, 8, 8, 8, 8, 8, 8, 8, 9, 10, 9, 9, 9, 10, 9, 8, 8, 8, 8, 8, 8, 8, 7, 8, 9, 11, 9, 9, 9, 11, 11, 11, 11, 13, 12, 12]
Trade Returns: [0.0023244423752907424, 0.006669530304660123, -0.001999848321241165, -0.0022492474805731123, 0.0009624242448778477, -0.0008415526535510873, -0.0022953157387359357, 0.0032070724858051375, 0.0024809200449238808, 0.0008258789821536879, 0.00180506236360774, -0.0014108767368922169, -0.0012435424472070392, -0.0037556169317231633, -0.004100562346853408, -0.00279254377111113, 0.005779831405898298, -0.0025900593418119, 0.012232663700175818, 0.0009753422605256573, -0.002383595139592, 0.00450082523811526, 0.0016980079085853288, -0.0019532009443799527, -0.0016203353432327956, -0.0017156295059431211, 0.002002889245034435, 0.004397186440184911, -0.002356439116477008, -0.002258616528869659, -0.002099560033369586, 0.004797129141951012, -0.0022094277218258377, -0.0019762180453688416, 0.006087164511799805, -0.002166065401913512, -0.0016326290076418741, -0.0018714362750988098, -0.001867940543406152, -0.0026346685731656726, 0.0022517903415543356, -0.002276593460086145, 0.0006162961367347976, 0.002346364663669157, -0.0018747730937969285, 0.010361971812552504, 0.0014029450390457207, 0.001316866937176036, -0.003996331085216217, 0.004593459505335143, -0.002652830691694905, 0.0037152875864947888, -0.0016149622850597331, -0.0016115870975054614, 0.0035465350817849707, -0.0016063905163335775, 0.0001394104688217925, 0.004239521846916671, 0.0025963046064950914, -0.00017584282855215075, -0.001892645763600399, 0.000444913757108846, -0.0018476340870723354, -3.291783655366998e-05, -0.0018032678248416797, -0.0029490732665242944, 0.006373885037380216, -0.0018811494737250073, -0.0021985248789744656, -0.0026854964872927126, 0.0016041079648641261, -0.0018600005365386166, 6.319448304454256e-05, -0.0009000791711333436, -0.0006116488052167019, -0.0022038235818191694, -0.001966976567318429, 0.0017085603752526992, -0.0016773581647589505, -0.0020536727436954515, 0.00028929512197880034, -0.0018885856427419685, -0.002253288369742814, 0.0010426287143286716, -0.0018376112014425094, -0.002049726712010725, 0.004906745597234608, -0.002110510619955168, 0.0026235918833772656, 0.003891958505710052, 0.00246028129174202, -0.0030161694406933112, 0.01025499855464937]
Daily Returns: [0, 0, 0.0023244423752907424, 0, 0, 0.006669530304660123, 0, 0, 0, 0, 0, 0, 0, 0, 0, 0, 0, 0, 0, 0, 0, 0, 0, 0, 0, -0.001999848321241165, 0, 0, 0, 0, 0, 0, -0.0022492474805731123, 0, 0.0009624242448778477, 0, 0, 0, 0, 0, 0, 0, -0.0008415526535510873, 0, 0.0009117567470692018, 0, 0, 0, 0, 0.0024809200449238808, 0, 0, 0, 0, 0, 0, 0, 0, 0, 0, 0, 0.0008258789821536879, 0, 0, 0, 0, 0, 0, 0, 0, 0.00039418562671552303, -0.0012435424472070392, 0, 0, 0, 0, 0, 0, -0.007856179278576571, 0, 0, 0, 0, 0, 0, -0.00279254377111113, 0, 0, 0, 0.005779831405898298, 0, -0.0025900593418119, 0.012232663700175818, 0, 0, 0.0009753422605256573, -0.002383595139592, 0, 0.00450082523811526, 0, 0.0016980079085853288, 0, 0, -0.0019532009443799527, 0, 0, 0, -0.0016203353432327956, 0, 0, 0, 0, 0, 0, 0, 0, 0, 0, 0, 0, 0, 0, 0, 0, -0.0017156295059431211, 0, 0, 0.002002889245034435, 0, 0, 0.004397186440184911, -0.002356439116477008, 0, 0, 0, 0, 0, -0.002258616528869659, 0, 0, 0, 0, -0.002099560033369586, 0, 0, 0, 0.004797129141951012, 0, 0, -0.0022094277218258377, 0, 0, 0, 0, 0, 0, -0.0019762180453688416, 0, 0, 0, 0, 0, 0.003921099109886293, 0, 0, 0, 0, 0, 0, 0, 0, 0, 0, 0, 0, -0.005372005826146836, 0, 0, 0, -0.0026346685731656726, 0, 0, 0.0022517903415543356, 0, 0, 0, 0, 0, -0.002276593460086145, 0, 0, 0.0006162961367347976, 0, 0, 0, 0, 0, 0, 0, 0, 0, 0, 0.002346364663669157, 0, 0.008487198718755576, 0, 0, 0, 0, 0.0014029450390457207, 0.001316866937176036, -0.003996331085216217, 0.004593459505335143, 0, 0, 0, 0, 0, 0, 0, 0, 0, -0.002652830691694905, 0, 0, 0, 0, 0, 0.002100325301435056, 0, 0, 0, 0, -0.0016115870975054614, 0, 0, 0, 0, 0, 0, 0.0035465350817849707, 0, 0, 0, -0.0016063905163335775, 0, 0, 0, 0.0001394104688217925, 0, 0, 0, 0.004239521846916671, 0, 0.0025963046064950914, 0, 0, 0, 0, 0, 0, 0, -0.0020684885921525495, -0.0014356381665171594, 0, 0, 0, 0, 0, 0, 0, 0, -0.0018032678248416797, 0, -0.0029490732665242944, 0, 0, 0, 0, 0, 0, 0, 0, 0, 0, 0, 0.004492735563655209, 0, 0, 0, 0, 0, 0, 0, 0, 0, 0, 0, -0.0021985248789744656, 0, 0, 0, 0, 0, 0, -0.0026854964872927126, 0, 0, 0, 0, 0.0016041079648641261, 0, 0, 0, 0, 0, 0, -0.0018600005365386166, 0, 6.319448304454256e-05, -0.0009000791711333436, 0, 0, -0.0006116488052167019, 0, 0, -0.0022038235818191694, 0, -0.001966976567318429, 0, 0, 0, 0.0017085603752526992, 0, 0, -0.0016773581647589505, 0, 0, -0.0020536727436954515, 0, 0, 0, 0, 0.00028929512197880034, -0.0018885856427419685, -0.002253288369742814, 0.0010426287143286716, 0, 0, 0, 0, 0, 0, 0, -0.0018376112014425094, 0, 0, 0, 0, -0.002049726712010725, 0, 0, 0.00279623497727944, 0, 0, 0, 0.0026235918833772656, 0, 0, 0, 0, 0, 0.003891958505710052, 0, 0, 0, 0, 0, 0, 0, 0, 0, 0, 0.00246028129174202, -0.0030161694406933112, 0.01025499855464937, 0, 0, 0, 0, 0, 0]
Start Date: 2024-08-07
End Date: 2025-11-06
Sharpe Ratio: 0.043
Annualized Sharpe: 0.688
Sharpe 95% CI: (np.float64(-1.034), np.float64(2.063))
Sortino Ratio: 0.055
CAGR: 0.017
Calmar Ratio: 0.719
Daily Win Rate (%): 0.43
Max Drawdown: 0.023
Profit Factor: 1.242
Expectancy: 0.000279
Average Win: 0.003338
Average Loss: 0.002029
Total Trades: 93
Total Days: 392



Rolling 7 - Variant 2 - atr_0.25_6 - Fit Metrics
Contracts: [10, 11, 6, 10, 10, 7, 6, 6, 6, 6, 6, 6, 7, 10, 8, 8, 8, 8, 8, 7, 7, 7, 7, 7, 7, 7, 7, 7, 8, 5, 7, 7, 7, 7, 5, 7, 6, 6, 6, 6, 6, 6, 6, 6, 6, 6, 5, 7, 7, 7, 8, 7, 6, 5, 5, 5, 6, 6, 6, 6, 5, 9, 5, 9, 5, 5, 6, 6, 6, 6, 6, 7, 8, 7, 6, 7, 7, 7, 7, 8, 8, 8, 8, 9, 9, 9, 9, 10, 11, 11, 7, 10, 7, 7, 7, 7, 7, 8, 9, 9, 10, 10, 9, 9, 9, 11, 11, 11, 11, 11, 11, 11, 10, 10, 10, 10, 10, 10, 10, 10, 10, 10, 10, 11, 11, 12, 11, 10, 10, 11, 10, 10, 10, 10, 10, 10, 10, 10, 11, 11, 10, 11, 12, 10, 10, 9, 11, 9, 12, 10, 10, 10, 10, 13, 12, 14, 13, 14, 13, 15, 14, 13, 14, 12, 12, 12, 12, 12, 12, 12, 12, 12, 12, 12, 15, 13, 15, 14, 15, 13, 14, 12, 13, 13, 13, 12, 16, 17, 15, 12, 14, 15, 12, 12, 13, 11, 11, 11, 11, 7, 9, 14, 14, 14, 12, 8, 10, 8, 8, 8, 8, 8, 8, 8, 8, 8, 9, 9, 8, 9, 9, 7, 8, 8, 8, 8, 8, 9, 9, 9, 9, 7, 7, 6, 5, 5, 5, 7, 6, 6, 8, 8, 8, 8, 8, 8, 8, 8, 9, 10, 9, 9, 9, 10, 9, 8, 8, 8, 8, 8, 8, 8, 7, 8, 9, 11, 9, 9, 9, 11, 11, 11, 11, 13, 12, 12]
Trade Returns: [-0.0028620588589212347, 0.0013944999999999663, -0.0025974086823431983, -0.0023543001309382673, 0.004221442148990723, 0.003079408576372763, 0.0003100090556062336, 0.002510916248678037, -0.001327922814374787, -0.00047307217124611934, -0.0015532407469505247, -0.0016407888046029856, -0.002181871974037282, -0.0021866429490049423, -0.0022415958589465977, 0.003635393079390315, -0.0030399599347226114, -0.0028878948433865848, -0.003160805786531552, 0.001650345110071621, -0.00025117110990235687, 0.00041130326801338933, 0.007312149593938783, 0.0039657202545010884, 0.0009321417035338353, -0.002031942365708676, 0.00018786966456134146, 0.003106411186027505, -0.0021577485566083056, -0.0008132990307356836, -0.0018405671350609045, -0.002610867715636113, 0.002453325757927158, 0.0028969765704821575, 0.0038226833668985752, -0.00017449072628438945, 0.003920472346831247, 0.0028297890350100887, -0.00168941421709165, -0.0002847617779565963, -2.54906228594257e-05, -0.0017317298313963261, -0.0023642389442605338, -0.002239840254080007, 0.0023588316935886644, 0.009622092028561863, 0.004133324419887369, -0.0018935232867805165, -0.0003854038380973737, 0.008618627450980458, 0.012154090672402477, -0.0025826844758499367, -0.001672687624362711, 0.00030085649994342705, -0.0020836917242002414, -0.00011387089816529625, -0.001287205199614264, -0.0009548088328568294, -0.0015106995006012765, -0.0014234382224945943, -0.0017947263170543454, 0.004982610155116955, -0.0022127384501160353, -0.001462708483052527, 0.0010552918899253707, -0.001427342826734363, -0.0017895380167341456, -0.002302004276401576, -0.002240135928500417, 0.003714281074785653, -0.0018550542062396934, 0.0012423277253562988, -0.002526611982024468, -0.002142860973535871, -0.0016303656867453276, 0.0052019565895092285, -0.0020101015219884276, -0.001979114145746409, 0.0011519440425021051, -0.002088735556259736, -0.0024718231921447595, -0.0031148511823321373, 0.005705502570277877, 0.0021491340534976608, -0.0014744493549575936, -0.0019061036067875273, -0.0014396582602840286, -0.0014440630232076905, 0.006581345192065552, -0.0016129205022459446, 0.000551341885338868, 0.00226840797255886, -0.0019557662369053563, 0.003975679593339291, -0.002224432534455179, 0.003353129514627602, 0.004323046801756419, -0.002208228189947568, -0.0019878413774582883, -0.002245144628154253, -0.002633307735818592, -0.002241107911709414, 0.0006203254547865483, -0.0017431511077710708, -0.0027121538290448186, -0.0012441425414731293, 0.0019486476422108704, -0.002098649692605881, 0.011182896035279272, -0.002877019367393588, -0.002203204014001348, -0.001786773542462715, -4.1481427173338624e-05, -0.0022331428393344787, -0.002033518527908365, 0.0006237346268044753, 0.013425822722333364, -0.00297145907896665, 0.0008875753704428272, 0.006052812642504537, 0.000347469400904757, -0.0022401152454444967, 0.002451231229595571, -0.0021252244562884066, -0.0019507198328052645, 0.003065000957633512, -0.002364689339593413, 0.003432983786195977, -0.001775151835036303, 0.000914049543204604, -0.002068808494176514, -0.0022998060668085107, -0.0012430497846725099, -0.0017661147381639603, -0.00255052676173623, -0.0024640011658223367, -0.0024579447870016376, -0.0005148212614217802, -0.0027694507974701174, -0.0011267980653419084, 0.007521388206536692, -0.0023400351092973857, 0.0037504808606803894, 0.00020183943984578565, 0.004101290668471673, -0.0014374042489009398, -0.001937971080022395, -0.0019551891855063394, -0.0017089653740426868, -0.0020135836017528587, 0.004374730661692204, -0.0018797608250284315, -0.0007381724183166796, 0.0002811323658583098, -0.0025240308589176835, 0.004211565538842832, -0.0023640000856270217, -0.0005629689455161321, 0.002587247305243816, 0.0014113044276413693, 0.00038764932137036955, -0.0018009371175707698, -0.0021695837723786442, 0.010349462313090767, -0.0024419814360698813, 0.006344580356061451, -0.0019270735151203455, -0.002315044359507316, 0.005841002096302615, -0.0021358727657491707, -0.0022507558060550557, -0.003141473688298286, -0.002865661051067465, -0.0012473657744842697, 0.0010454084810891512, 0.002770200784762765, -0.0024790331939044657, 0.005416083885843594, -0.0015501521686116695, 0.00010358762021043464, 0.000417933150952952, -0.0022325183860510494, -0.0033397393148732824]
Daily Returns: [-0.0028620588589212347, 0.0013944999999999663, 0, 0, 0, 0, 0, 0, 0, 0, 0, 0, -0.0025974086823431983, 0, 0, -0.0023543001309382673, 0, 0, 0, 0, 0, 0, 0, 0, 0, 0, 0, 0, 0, 0, 0, 0.004221442148990723, 0, 0, 0.003079408576372763, 0, 0, 0, 0, 0, 0.0003100090556062336, 0, 0, 0.0007099212630571307, 0, 0, -0.0015532407469505247, 0, 0, 0, 0, -0.0016407888046029856, 0, 0, 0, 0, 0, 0, 0, 0, -0.002181871974037282, 0, 0, 0, 0, 0, -0.0021866429490049423, 0.001393797220443717, 0, 0, 0, 0, 0, 0, 0, 0, 0, 0, -0.0030399599347226114, -0.006048700629918137, 0, 0.001650345110071621, 0.00016013215811103246, 0, 0, 0, 0, 0, 0, 0, 0, 0, 0, 0, 0, 0, 0, 0, 0, 0, 0, 0.007312149593938783, 0, 0, 0, 0, 0.0039657202545010884, 0.0009321417035338353, -0.002031942365708676, 0, 0, 0, 0, 0, 0, 0, 0, 0, 0, 0, 0.00018786966456134146, 0.00013536359868351574, 0, 0, 0, 0, 0, 0, 0, 0, -0.0018405671350609045, 0, 0, 0, 0, 0, 0, 0, 0, 0, 0, 0, 0, 0, 0, -0.002610867715636113, 0, 0.002453325757927158, 0, 0, 0.0065451692110963435, 0.003920472346831247, 0, 0, 0, 0.0028297890350100887, 0, -0.0019741759950482464, 0, 0, -2.54906228594257e-05, 0, 0, 0, 0, 0, 0, 0, 0, -0.0017317298313963261, 0, 0, 0, 0, 0, -0.0023642389442605338, 0, -0.002239840254080007, 0.0023588316935886644, 0, 0, 0.009622092028561863, 0, 0, 0, 0, 0.004133324419887369, 0, 0, 0, 0, 0, 0, 0, 0, -0.0018935232867805165, 0, 0, 0, 0, 0, 0, 0, 0, 0, 0, 0, 0, 0, 0, -0.0003854038380973737, 0, 0, 0, 0, 0, 0.008618627450980458, 0, 0, 0, 0, 0, 0, 0.00957140619655254, 0, 0, 0, -0.001672687624362711, 0, 0.00030085649994342705, 0, 0, 0, 0, -0.0020836917242002414, 0, 0, 0, 0, 0, 0, -0.00011387089816529625, 0, 0, 0, 0, 0, 0, 0, 0, 0, -0.001287205199614264, 0, 0, 0, 0, 0, -0.0009548088328568294, 0, 0, 0, 0, 0, -0.0015106995006012765, -0.0014234382224945943, 0, 0, 0, -0.0017947263170543454, 0, 0.004982610155116955, 0, -0.0022127384501160353, 0, 0, 0, 0, -0.001462708483052527, 0, 0, 0.0010552918899253707, 0, -0.001427342826734363, 0, 0, 0, -0.0017895380167341456, 0, 0, 0, 0, -0.002302004276401576, 0, 0, 0, 0, 0, 0, 0, -0.002240135928500417, 0, 0.003714281074785653, 0, -0.0018550542062396934, 0, 0, 0, 0.0012423277253562988, 0, 0, 0, 0, 0, -0.002526611982024468, 0, -0.002142860973535871, 0, 0, 0, 0, 0, 0, -0.0016303656867453276, 0, 0.0052019565895092285, -0.0020101015219884276, 0, 0, 0, 0, 0, 0, 0, 0, 0, -0.001979114145746409, 0.0011519440425021051, 0, 0, -0.002088735556259736, -0.0024718231921447595, 0, 0, -0.0031148511823321373, 0, 0, 0, 0.005705502570277877, 0, 0, 0, 0, 0, 0.0021491340534976608, 0, 0, -0.0014744493549575936, 0, 0, 0, 0, 0, 0, -0.003345761867071556, 0, 0, 0, -0.0014440630232076905, 0, 0.006581345192065552, 0, -0.0016129205022459446, 0, 0, 0, 0.000551341885338868, 0, 0, 0, 0.00226840797255886, 0, -0.0019557662369053563, 0, 0, 0, 0.003975679593339291, 0, 0, 0, -0.002224432534455179, 0.003353129514627602, 0, 0, 0.0021148186118088506, 0, 0, 0, 0, 0, 0, 0, 0, -0.0019878413774582883, 0, 0, 0, 0, 0, 0, 0, 0, 0, 0, -0.002245144628154253, 0, -0.002633307735818592, 0, 0, 0, 0, -0.002241107911709414, 0, 0, 0, 0, 0, 0, 0, 0, 0, 0, 0, 0, 0, 0, 0, 0, 0.0006203254547865483, 0, 0, 0, 0, -0.0017431511077710708, 0, 0, -0.003956296370517948, 0, 0, 0.0019486476422108704, 0, -0.002098649692605881, 0, 0, 0, 0, 0, 0.011182896035279272, 0, 0, 0, 0, 0, -0.002877019367393588, 0, 0, 0, 0, 0, 0, 0, 0, -0.002203204014001348, 0, 0, -0.0018282549696360536, 0, 0, -0.0022331428393344787, 0, 0, 0, 0, 0, 0, -0.002033518527908365, 0, 0, 0, 0, 0, 0.0006237346268044753, 0, 0, 0.010454363643366714, 0, 0, 0.0008875753704428272, 0, 0, 0, 0, 0, 0.006052812642504537, 0, 0, 0, 0, 0.000347469400904757, 0, 0, 0, 0, 0, 0, 0, -0.0022401152454444967, 0, 0, 0, 0, 0, 0, 0, 0.002451231229595571, 0, 0, 0, 0, 0, 0, 0, 0, 0, -0.0021252244562884066, 0.0011142811248282475, 0, 0, -0.002364689339593413, 0, 0.003432983786195977, -0.001775151835036303, 0, 0, 0, 0.000914049543204604, 0, -0.002068808494176514, -0.0022998060668085107, 0, 0, 0, 0, -0.0012430497846725099, 0, 0, 0, -0.00431664149990019, 0, 0, 0, 0, 0, 0, 0, 0, 0, 0, 0, 0, 0, -0.0024640011658223367, -0.0024579447870016376, 0, 0, 0, 0, 0, 0, 0, 0, -0.0005148212614217802, 0, -0.0027694507974701174, 0, 0, 0, 0, 0, -0.0011267980653419084, 0, 0, 0, 0, 0, 0.007521388206536692, 0, 0, 0, 0, 0, 0, 0, 0, 0, 0, 0, 0, 0, 0, 0, 0, 0, 0, 0, 0, 0, 0, 0, 0, 0, 0, 0, 0, 0, 0, -0.0023400351092973857, 0, 0, 0, 0, 0.003952320300526175, 0.004101290668471673, 0, 0, -0.0014374042489009398, 0, 0, 0, 0, 0, 0, 0, 0, 0, 0, 0, 0, -0.001937971080022395, 0, 0, 0, 0, 0, -0.0019551891855063394, 0, 0, 0, 0, 0, -0.0017089653740426868, -0.0020135836017528587, 0, 0, 0.004374730661692204, 0, -0.0018797608250284315, -0.0007381724183166796, 0.0002811323658583098, 0, 0, 0, 0, 0, 0, 0, 0, 0, 0, 0, -0.0025240308589176835, 0, 0, 0, 0, 0.004211565538842832, -0.0023640000856270217, 0, 0, 0, 0, -0.0005629689455161321, 0.003998551732885185, 0, 0.00038764932137036955, -0.0039705208899494145, 0, 0, 0, 0, 0, 0, 0.007907480877020886, 0.006344580356061451, 0, 0, 0, 0, 0, -0.0019270735151203455, 0, 0, 0, 0, -0.002315044359507316, 0, 0, 0, 0, 0, 0.005841002096302615, 0, 0, 0, 0, 0, -0.0021358727657491707, 0, -0.0022507558060550557, 0, 0, 0, 0, 0, -0.003141473688298286, 0, -0.002865661051067465, 0, 0, -0.0012473657744842697, 0, 0, 0, 0, 0, 0, 0, 0, 0.0010454084810891512, 0.002770200784762765, 0, 0, 0, -0.0024790331939044657, 0.005416083885843594, 0, 0, 0, 0, 0, 0, 0, 0, -0.0015501521686116695, 0, 0, 0, 0, 0.00010358762021043464, 0, 0, 0, 0, 0, 0.000417933150952952, 0, 0, 0, -0.0022325183860510494, 0, 0, 0, -0.0033397393148732824, 0, 0, 0]
Start Date: 2022-02-03
End Date: 2024-08-06
Sharpe Ratio: 0.015
Annualized Sharpe: 0.245
Sharpe 95% CI: (np.float64(-0.861), np.float64(1.282))
Sortino Ratio: 0.028
CAGR: 0.006
Calmar Ratio: 0.216
Daily Win Rate (%): 0.372
Max Drawdown: 0.026
Profit Factor: 1.082
Expectancy: 9.9e-05
Average Win: 0.003502
Average Loss: 0.001914
Total Trades: 183
Total Days: 785

Rolling 7 - Variant 2 - atr_0.25_6 - Test Metrics
Contracts: [10, 11, 6, 10, 10, 7, 6, 6, 6, 6, 6, 6, 7, 10, 8, 8, 8, 8, 8, 7, 7, 7, 7, 7, 7, 7, 7, 7, 8, 5, 7, 7, 7, 7, 5, 7, 6, 6, 6, 6, 6, 6, 6, 6, 6, 6, 5, 7, 7, 7, 8, 7, 6, 5, 5, 5, 6, 6, 6, 6, 5, 9, 5, 9, 5, 5, 6, 6, 6, 6, 6, 7, 8, 7, 6, 7, 7, 7, 7, 8, 8, 8, 8, 9, 9, 9, 9, 10, 11, 11, 7, 10, 7, 7, 7, 7, 7, 8, 9, 9, 10, 10, 9, 9, 9, 11, 11, 11, 11, 11, 11, 11, 10, 10, 10, 10, 10, 10, 10, 10, 10, 10, 10, 11, 11, 12, 11, 10, 10, 11, 10, 10, 10, 10, 10, 10, 10, 10, 11, 11, 10, 11, 12, 10, 10, 9, 11, 9, 12, 10, 10, 10, 10, 13, 12, 14, 13, 14, 13, 15, 14, 13, 14, 12, 12, 12, 12, 12, 12, 12, 12, 12, 12, 12, 15, 13, 15, 14, 15, 13, 14, 12, 13, 13, 13, 12, 16, 17, 15, 12, 14, 15, 12, 12, 13, 11, 11, 11, 11, 7, 9, 14, 14, 14, 12, 8, 10, 8, 8, 8, 8, 8, 8, 8, 8, 8, 9, 9, 8, 9, 9, 7, 8, 8, 8, 8, 8, 9, 9, 9, 9, 7, 7, 6, 5, 5, 5, 7, 6, 6, 8, 8, 8, 8, 8, 8, 8, 8, 9, 10, 9, 9, 9, 10, 9, 8, 8, 8, 8, 8, 8, 8, 7, 8, 9, 11, 9, 9, 9, 11, 11, 11, 11, 13, 12, 12]
Trade Returns: [0.002326338192023165, 0.010134805391438708, -0.0019946145598986613, -0.002243349257208765, 0.0009599030867074649, -0.0008393463394328185, -0.0022893122151769175, 0.0031986573815123644, 0.002474399676896573, 0.0008265531263513538, 0.0018003142730081375, -0.0014071721934219503, -0.00124027267277002, -0.003745729637764485, -0.00410387863152501, -0.0028063312086635582, 0.005764592040924597, -0.002602807066175548, 0.011960439071086128, 0.000972796795096231, -0.0023773804366106445, 0.004489026175450568, 0.0016935701741727122, -0.0019481048948768835, -0.0016160995135054983, -0.0017111469129040702, 0.0020277872945039343, 0.004933887511533626, -0.0023490164637621595, -0.00225147030386568, -0.002092930963746611, 0.004784535244346854, -0.0022024213547590593, -0.0019699373822043556, 0.009166685833332324, -0.002159167792722984, -0.0016224147520690869, -0.0018597497384847106, -0.001856297489713666, -0.002627769956538104, 0.0022458398353271247, -0.0022623272086633255, 0.000614674016286266, 0.002336054079321098, -0.0018665540152722232, 0.008447593359816267, 0.0013967829713237036, 0.0013110910126285758, -0.003985854478979612, 0.004593459505335143, -0.0026412103172080877, 0.003698943883608853, -0.0016078694223151096, -0.0016045237863777533, 0.003530968404024692, -0.0015993644535285277, 0.00013879847457695785, 0.004220949237531377, 0.0025849784537534067, -0.00017507770734802804, -0.001884409107078386, 0.0004429738692986705, -0.0018395817043785363, -3.2774109215918524e-05, -0.0017953940577449196, -0.0029361733077201656, 0.00959139307632552, -0.0018728745149118717, -0.0021818772117911966, -0.0026737148841581688, 0.001591907497711346, -0.0018458762952755108, 6.271371718683091e-05, -0.0008932320512957552, -0.0006069916850080041, -0.002187033383134521, -0.001951957981091703, 0.0016954893772229392, -0.0016645475931624566, -0.0020379619745779405, 0.00028708322910788597, -0.0018741500373711019, -0.0022361887131761254, 0.0010347255534061113, -0.001823538850942937, -0.0020340013138387485, 0.004869024572141819, -0.0020943645054654113, 0.002603480198084884, 0.0038621212269367446, 0.0024414923764902513, -0.002993191365601199, 0.009024392187732344]
Daily Returns: [0, 0, 0.002326338192023165, 0, 0, 0.010134805391438708, 0, 0, 0, 0, 0, 0, 0, 0, 0, 0, 0, 0, 0, 0, 0, 0, 0, 0, 0, -0.0019946145598986613, 0, 0, 0, 0, 0, 0, -0.002243349257208765, 0, 0.0009599030867074649, 0, 0, 0, 0, 0, 0, 0, -0.0008393463394328185, 0, 0.0009093451663354469, 0, 0, 0, 0, 0.002474399676896573, 0, 0, 0, 0, 0, 0, 0, 0, 0, 0, 0, 0.0008265531263513538, 0, 0, 0, 0, 0, 0, 0, 0, 0.0003931420795861872, -0.00124027267277002, 0, 0, 0, 0, 0, 0, -0.007849608269289494, 0, 0, 0, 0, 0, 0, -0.0028063312086635582, 0, 0, 0, 0.005764592040924597, 0, -0.002602807066175548, 0.011960439071086128, 0, 0, 0.000972796795096231, -0.0023773804366106445, 0, 0.004489026175450568, 0, 0.0016935701741727122, 0, 0, -0.0019481048948768835, 0, 0, 0, -0.0016160995135054983, 0, 0, 0, 0, 0, 0, 0, 0, 0, 0, 0, 0, 0, 0, 0, 0, -0.0017111469129040702, 0, 0, 0.0020277872945039343, 0, 0, 0.004933887511533626, -0.0023490164637621595, 0, 0, 0, 0, 0, -0.00225147030386568, 0, 0, 0, 0, -0.002092930963746611, 0, 0, 0, 0.004784535244346854, 0, 0, -0.0022024213547590593, 0, 0, 0, 0, 0, 0, -0.0019699373822043556, 0, 0, 0, 0, 0, 0.00700751804060934, 0, 0, 0, 0, 0, 0, 0, 0, 0, 0, 0, 0, -0.005338461980267464, 0, 0, 0, -0.002627769956538104, 0, 0, 0.0022458398353271247, 0, 0, 0, 0, 0, -0.0022623272086633255, 0, 0, 0.000614674016286266, 0, 0, 0, 0, 0, 0, 0, 0, 0, 0, 0.002336054079321098, 0, 0.006581039344544044, 0, 0, 0, 0, 0.0013967829713237036, 0.0013110910126285758, -0.003985854478979612, 0.004593459505335143, 0, 0, 0, 0, 0, 0, 0, 0, 0, -0.0026412103172080877, 0, 0, 0, 0, 0, 0.0020910744612937433, 0, 0, 0, 0, -0.0016045237863777533, 0, 0, 0, 0, 0, 0, 0.003530968404024692, 0, 0, 0, -0.0015993644535285277, 0, 0, 0, 0.00013879847457695785, 0, 0, 0, 0.004220949237531377, 0, 0.0025849784537534067, 0, 0, 0, 0, 0, 0, 0, -0.002059486814426414, -0.0014293819442957843, 0, 0, 0, 0, 0, 0, 0, 0, -0.0017953940577449196, 0, -0.0029361733077201656, 0, 0, 0, 0, 0, 0, 0, 0, 0, 0, 0, 0.007718518561413649, 0, 0, 0, 0, 0, 0, 0, 0, 0, 0, 0, -0.0021818772117911966, 0, 0, 0, 0, 0, 0, -0.0026737148841581688, 0, 0, 0, 0, 0.001591907497711346, 0, 0, 0, 0, 0, 0, -0.0018458762952755108, 0, 6.271371718683091e-05, -0.0008932320512957552, 0, 0, -0.0006069916850080041, 0, 0, -0.002187033383134521, 0, -0.001951957981091703, 0, 0, 0, 0.0016954893772229392, 0, 0, -0.0016645475931624566, 0, 0, -0.0020379619745779405, 0, 0, 0, 0, 0.00028708322910788597, -0.0018741500373711019, -0.0022361887131761254, 0.0010347255534061113, 0, 0, 0, 0, 0, 0, 0, -0.001823538850942937, 0, 0, 0, 0, -0.0020340013138387485, 0, 0, 0.0027746600666764074, 0, 0, 0, 0.002603480198084884, 0, 0, 0, 0, 0, 0.0038621212269367446, 0, 0, 0, 0, 0, 0, 0, 0, 0, 0, 0.0024414923764902513, -0.002993191365601199, 0.009024392187732344, 0, 0, 0, 0, 0, 0]
Start Date: 2024-08-07
End Date: 2025-11-06
Sharpe Ratio: 0.053
Annualized Sharpe: 0.841
Sharpe 95% CI: (np.float64(-0.848), np.float64(2.194))
Sortino Ratio: 0.07
CAGR: 0.021
Calmar Ratio: 1.072
Daily Win Rate (%): 0.43
Max Drawdown: 0.02
Profit Factor: 1.308
Expectancy: 0.000355
Average Win: 0.003504
Average Loss: 0.002021
Total Trades: 93
Total Days: 392



Rolling 7 - Variant 3 - atr_0.25_2 - Fit Metrics
Contracts: [10, 11, 6, 10, 10, 7, 6, 6, 6, 6, 6, 6, 7, 10, 8, 8, 8, 8, 8, 7, 7, 7, 7, 7, 7, 7, 7, 7, 8, 5, 7, 7, 7, 7, 5, 7, 6, 6, 6, 6, 6, 6, 6, 6, 6, 6, 5, 7, 7, 7, 8, 7, 6, 5, 6, 5, 6, 6, 6, 6, 5, 9, 5, 10, 5, 5, 6, 6, 6, 6, 6, 7, 8, 7, 6, 7, 7, 7, 7, 8, 8, 8, 8, 9, 9, 9, 9, 10, 11, 11, 8, 10, 7, 7, 7, 7, 7, 8, 9, 9, 10, 10, 9, 9, 10, 11, 11, 12, 11, 11, 11, 11, 11, 10, 10, 10, 10, 10, 10, 10, 10, 10, 10, 11, 11, 11, 11, 9, 10, 10, 10, 10, 10, 10, 10, 10, 10, 10, 10, 10, 10, 11, 12, 10, 10, 9, 11, 9, 12, 10, 10, 10, 10, 12, 12, 14, 13, 13, 13, 15, 14, 13, 14, 12, 12, 12, 12, 12, 12, 12, 12, 12, 12, 12, 15, 13, 14, 14, 15, 13, 13, 12, 13, 13, 13, 12, 16, 17, 15, 12, 14, 15, 12, 12, 13, 11, 11, 11, 11, 7, 9, 14, 14, 14, 12, 8, 10, 8, 8, 8, 8, 8, 8, 8, 8, 8, 8, 9, 8, 9, 9, 7, 8, 8, 8, 8, 8, 9, 9, 9, 9, 7, 7, 6, 5, 5, 5, 7, 6, 6, 8, 8, 8, 8, 8, 8, 8, 9, 9, 10, 9, 9, 9, 10, 9, 8, 8, 8, 8, 8, 8, 8, 7, 8, 9, 11, 9, 9, 9, 11, 11, 11, 11, 13, 12, 12]
Trade Returns: [-0.0028519130669272417, 0.004957, -0.002588216794124713, -0.0023459469521189286, 0.00420642903359948, 0.0037768024285579228, 0.0003086965370428791, 0.002425994393230988, -0.0013224117517672176, -0.00047106989299046284, -0.001546786048114515, -0.0016339597250258394, -0.0021727569559380623, -0.002177488108372, 0.004061579645388013, 0.004144646944603902, -0.003006675296754859, -0.0028561798151466233, -0.003125994206393061, 0.0016321120138351602, -0.00024840068042928813, 0.00040676544590433143, 0.0033819145261697685, 0.0031089380399181507, 0.0009262443191911875, 0.0036380300984067493, 0.00018590147458356655, 0.0037635465359440417, -0.002133749590446895, -0.0008042339929425151, -0.0018202688031566697, -0.0025816417148964805, 0.004580005012630371, 0.004115456995707519, 0.0037672028305422785, -0.00017196775868638122, 0.004817686492001315, 0.003261044033587818, -0.001662780972789467, -0.0002802650940324995, -2.5087986632195244e-05, -0.0017123780768268846, -0.002326889569318319, -0.0022043735566804794, 0.004073816392404485, 0.004734199683961813, 0.004080538152835539, -0.001869439567421927, -0.00038213674095864474, 0.004257891234650052, 0.0039522162858846915, -0.002581703030876911, -0.0016513728667552747, 0.000300741636401179, -0.0020828978517353778, -0.00011207220931574927, 0.002330360419754242, -0.0009510073475102415, -0.001513463446919689, -0.0014260464647611983, -0.0017747061816528308, 0.003501628217565922, -0.002216798759750302, -0.0014653984730390406, 0.0010572354696729471, -0.0014299688535239373, -0.00179283512536664, -0.002306253188737704, -0.002244297502284026, 0.0034654915259652985, -0.001858508152796431, 0.002858908464690238, -0.002527871223820836, -0.0021468332902049862, -0.0016311785584658008, 0.0033615818989833767, -0.002013820232632757, -0.001985139303160986, 0.0011554579629878524, -0.0020950997367406377, -0.0024793704167536145, 0.005761326066344613, 0.004993770354621885, 0.002150207878013915, -0.0016649994912075327, -0.001883699137666409, -0.001422704485112399, -0.0014270059607283613, 0.0020918154158573927, -0.0015938992860779267, 0.0005472610893544942, 0.002251594734264223, -0.0019412984123651639, 0.004913029611686007, -0.002205922743833107, 0.0033251660052105647, 0.003854683811279336, -0.002434328181900505, -0.001964522058611414, 0.003929918177864142, -0.002609146082345951, -0.002422353879670676, 0.0006130356838571614, -0.0018948585521188167, -0.0026802621967715635, -0.001229530925052332, 0.003517134274460067, -0.0020899006679294743, 0.003576100592709489, -0.002865008774539957, -0.0022036688828451093, -0.0017871513784639052, -4.1490214653498336e-05, -0.0022071486493439015, -0.0020339498151018378, 0.0006238671837585538, 0.004356690737200255, -0.002972090183874802, 0.003654655567669822, 0.003540794709017862, 0.00035155947480002963, -0.002227141722921375, 0.0022542104654427464, -0.002150258688990024, -0.0019737479923780275, 0.003101217322082794, -0.002392021400804568, 0.003594882621069938, -0.001796148865166429, 0.0009247314498220407, -0.0020929629863647024, -0.0020941808822032863, -0.001257050798414284, -0.0017860322987801908, -0.0023452593196779032, 0.0044900630407006745, -0.002485780684447931, -0.0005170677606271361, -0.0027815020940529524, -0.0011270367776321864, 0.0030915895701316763, -0.002350251483368681, 0.0029067849984728794, 0.00020289500791041432, 0.0025302832868713074, -0.0014471842271874934, -0.001949757887528504, -0.001963745467741977, -0.001719376721425747, -0.0018811667368200666, 0.002968692224290396, 0.0030491436426868385, -0.0007399656395854769, 0.00028284556300413425, -0.0025301663187205017, 0.004941947485983423, -0.0023907080678352184, -0.0005643440831127568, 0.004650094673553736, 0.0014118487879147058, 0.00038779863244518993, -0.0018016305164839552, -0.0021704206157401205, 0.003319860402527211, -0.0024600413667844167, 0.004634713716825862, -0.0019446646905883608, -0.002320686085657981, 0.0024837320238540192, -0.0020185042705140465, -0.002278740223175438, -0.003180621914279598, -0.002891871036423411, -0.0011727710740838647, 0.0010599817776433585, 0.0034451110720608836, -0.0025118644411741852, 0.003933897844000839, -0.001569531398747171, 0.0001038394490157697, 0.0036214014615953767, -0.0022284693915592415, -0.0033336686871247973]
Daily Returns: [-0.0028519130669272417, 0.004957, 0, 0, 0, 0, 0, 0, 0, 0, 0, 0, -0.002588216794124713, 0, 0, -0.0023459469521189286, 0, 0, 0, 0, 0, 0, 0, 0, 0, 0, 0, 0, 0, 0, 0, 0.00420642903359948, 0, 0, 0.0037768024285579228, 0, 0, 0, 0, 0, 0.0003086965370428791, 0, 0, 0.0006325127484733076, 0, 0, -0.001546786048114515, 0, 0, 0, 0, -0.0016339597250258394, 0, 0, 0, 0, 0, 0, 0, 0, -0.0021727569559380623, 0, 0, 0, 0, 0, -0.002177488108372, 0.008206226589991915, 0, 0, 0, 0, 0, 0, 0, 0, 0, 0, -0.003006675296754859, -0.005982174021539685, 0, 0.0016321120138351602, 0.0001583647654750433, 0, 0, 0, 0, 0, 0, 0, 0, 0, 0, 0, 0, 0, 0, 0, 0, 0, 0, 0.0033819145261697685, 0, 0, 0, 0, 0.0031089380399181507, 0.0009262443191911875, 0.0036380300984067493, 0, 0, 0, 0, 0, 0, 0, 0, 0, 0, 0, 0.00018590147458356655, 0.0008255629525546318, 0, 0, 0, 0, 0, 0, 0, 0, -0.0018202688031566697, 0, 0, 0, 0, 0, 0, 0, 0, 0, 0, 0, 0, 0, 0, -0.0025816417148964805, 0, 0.004580005012630371, 0, 0, 0.0077106920675634166, 0.004817686492001315, 0, 0, 0, 0.003261044033587818, 0, -0.0019430460668219665, 0, 0, -2.5087986632195244e-05, 0, 0, 0, 0, 0, 0, 0, 0, -0.0017123780768268846, 0, 0, 0, 0, 0, -0.002326889569318319, 0, -0.0022043735566804794, 0.004073816392404485, 0, 0, 0.004734199683961813, 0, 0, 0, 0, 0.004080538152835539, 0, 0, 0, 0, 0, 0, 0, 0, -0.001869439567421927, 0, 0, 0, 0, 0, 0, 0, 0, 0, 0, 0, 0, 0, 0, -0.00038213674095864474, 0, 0, 0, 0, 0, 0.004257891234650052, 0, 0, 0, 0, 0, 0, 0.0013705132550077804, 0, 0, 0, -0.0016513728667552747, 0, 0.000300741636401179, 0, 0, 0, 0, -0.0020828978517353778, 0, 0, 0, 0, 0, 0, -0.00011207220931574927, 0, 0, 0, 0, 0, 0, 0, 0, 0, 0.002330360419754242, 0, 0, 0, 0, 0, -0.0009510073475102415, 0, 0, 0, 0, 0, -0.001513463446919689, -0.0014260464647611983, 0, 0, 0, -0.0017747061816528308, 0, 0.003501628217565922, 0, -0.002216798759750302, 0, 0, 0, 0, -0.0014653984730390406, 0, 0, 0.0010572354696729471, 0, -0.0014299688535239373, 0, 0, 0, -0.00179283512536664, 0, 0, 0, 0, -0.002306253188737704, 0, 0, 0, 0, 0, 0, 0, -0.002244297502284026, 0, 0.0034654915259652985, 0, -0.001858508152796431, 0, 0, 0, 0.002858908464690238, 0, 0, 0, 0, 0, -0.002527871223820836, 0, -0.0021468332902049862, 0, 0, 0, 0, 0, 0, -0.0016311785584658008, 0, 0.0033615818989833767, -0.002013820232632757, 0, 0, 0, 0, 0, 0, 0, 0, 0, -0.001985139303160986, 0.0011554579629878524, 0, 0, -0.0020950997367406377, -0.0024793704167536145, 0, 0, 0.005761326066344613, 0, 0, 0, 0.004993770354621885, 0, 0, 0, 0, 0, 0.002150207878013915, 0, 0, -0.0016649994912075327, 0, 0, 0, 0, 0, 0, -0.003306403622778808, 0, 0, 0, -0.0014270059607283613, 0, 0.0020918154158573927, 0, -0.0015938992860779267, 0, 0, 0, 0.0005472610893544942, 0, 0, 0, 0.002251594734264223, 0, -0.0019412984123651639, 0, 0, 0, 0.004913029611686007, 0, 0, 0, -0.002205922743833107, 0.0033251660052105647, 0, 0, 0.001420355629378831, 0, 0, 0, 0, 0, 0, 0, 0, -0.001964522058611414, 0, 0, 0, 0, 0, 0, 0, 0, 0, 0, 0.003929918177864142, 0, -0.002609146082345951, 0, 0, 0, 0, -0.002422353879670676, 0, 0, 0, 0, 0, 0, 0, 0, 0, 0, 0, 0, 0, 0, 0, 0, 0.0006130356838571614, 0, 0, 0, 0, -0.0018948585521188167, 0, 0, -0.0039097931218238955, 0, 0, 0.003517134274460067, 0, -0.0020899006679294743, 0, 0, 0, 0, 0, 0.003576100592709489, 0, 0, 0, 0, 0, -0.002865008774539957, 0, 0, 0, 0, 0, 0, 0, 0, -0.0022036688828451093, 0, 0, -0.0018286415931174035, 0, 0, -0.0022071486493439015, 0, 0, 0, 0, 0, 0, -0.0020339498151018378, 0, 0, 0, 0, 0, 0.0006238671837585538, 0, 0, 0.0013846005533254529, 0, 0, 0.003654655567669822, 0, 0, 0, 0, 0, 0.003540794709017862, 0, 0, 0, 0, 0.00035155947480002963, 0, 0, 0, 0, 0, 0, 0, -0.002227141722921375, 0, 0, 0, 0, 0, 0, 0, 0.0022542104654427464, 0, 0, 0, 0, 0, 0, 0, 0, 0, -0.002150258688990024, 0.0011274693297047664, 0, 0, -0.002392021400804568, 0, 0.003594882621069938, -0.001796148865166429, 0, 0, 0, 0.0009247314498220407, 0, -0.0020929629863647024, -0.0020941808822032863, 0, 0, 0, 0, -0.001257050798414284, 0, 0, 0, -0.004131291618458094, 0, 0, 0, 0, 0, 0, 0, 0, 0, 0, 0, 0, 0, 0.0044900630407006745, -0.002485780684447931, 0, 0, 0, 0, 0, 0, 0, 0, -0.0005170677606271361, 0, -0.0027815020940529524, 0, 0, 0, 0, 0, -0.0011270367776321864, 0, 0, 0, 0, 0, 0.0030915895701316763, 0, 0, 0, 0, 0, 0, 0, 0, 0, 0, 0, 0, 0, 0, 0, 0, 0, 0, 0, 0, 0, 0, 0, 0, 0, 0, 0, 0, 0, 0, -0.002350251483368681, 0, 0, 0, 0, 0.0031096800063832937, 0.0025302832868713074, 0, 0, -0.0014471842271874934, 0, 0, 0, 0, 0, 0, 0, 0, 0, 0, 0, 0, -0.001949757887528504, 0, 0, 0, 0, 0, -0.001963745467741977, 0, 0, 0, 0, 0, -0.001719376721425747, -0.0018811667368200666, 0, 0, 0.002968692224290396, 0, 0.0030491436426868385, -0.0007399656395854769, 0.00028284556300413425, 0, 0, 0, 0, 0, 0, 0, 0, 0, 0, 0, -0.0025301663187205017, 0, 0, 0, 0, 0.004941947485983423, -0.0023907080678352184, 0, 0, 0, 0, -0.0005643440831127568, 0.006061943461468442, 0, 0.00038779863244518993, -0.003972051132224076, 0, 0, 0, 0, 0, 0, 0.0008598190357427945, 0.004634713716825862, 0, 0, 0, 0, 0, -0.0019446646905883608, 0, 0, 0, 0, -0.002320686085657981, 0, 0, 0, 0, 0, 0.0024837320238540192, 0, 0, 0, 0, 0, -0.0020185042705140465, 0, -0.002278740223175438, 0, 0, 0, 0, 0, -0.003180621914279598, 0, -0.002891871036423411, 0, 0, -0.0011727710740838647, 0, 0, 0, 0, 0, 0, 0, 0, 0.0010599817776433585, 0.0034451110720608836, 0, 0, 0, -0.0025118644411741852, 0.003933897844000839, 0, 0, 0, 0, 0, 0, 0, 0, -0.001569531398747171, 0, 0, 0, 0, 0.0001038394490157697, 0, 0, 0, 0, 0, 0.0036214014615953767, 0, 0, 0, -0.0022284693915592415, 0, 0, 0, -0.0033336686871247973, 0, 0, 0]
Start Date: 2022-02-03
End Date: 2024-08-06
Sharpe Ratio: 0.014
Annualized Sharpe: 0.215
Sharpe 95% CI: (np.float64(-0.911), np.float64(1.253))
Sortino Ratio: 0.02
CAGR: 0.004
Calmar Ratio: 0.166
Daily Win Rate (%): 0.41
Max Drawdown: 0.025
Profit Factor: 1.066
Expectancy: 7.3e-05
Average Win: 0.002907
Average Loss: 0.001895
Total Trades: 183
Total Days: 785

Rolling 7 - Variant 3 - atr_0.25_2 - Test Metrics
Contracts: [10, 11, 6, 10, 10, 7, 6, 6, 6, 6, 6, 6, 7, 10, 8, 8, 8, 8, 8, 7, 7, 7, 7, 7, 7, 7, 7, 7, 8, 5, 7, 7, 7, 7, 5, 7, 6, 6, 6, 6, 6, 6, 6, 6, 6, 6, 5, 7, 7, 7, 8, 7, 6, 5, 6, 5, 6, 6, 6, 6, 5, 9, 5, 10, 5, 5, 6, 6, 6, 6, 6, 7, 8, 7, 6, 7, 7, 7, 7, 8, 8, 8, 8, 9, 9, 9, 9, 10, 11, 11, 8, 10, 7, 7, 7, 7, 7, 8, 9, 9, 10, 10, 9, 9, 10, 11, 11, 12, 11, 11, 11, 11, 11, 10, 10, 10, 10, 10, 10, 10, 10, 10, 10, 11, 11, 11, 11, 9, 10, 10, 10, 10, 10, 10, 10, 10, 10, 10, 10, 10, 10, 11, 12, 10, 10, 9, 11, 9, 12, 10, 10, 10, 10, 12, 12, 14, 13, 13, 13, 15, 14, 13, 14, 12, 12, 12, 12, 12, 12, 12, 12, 12, 12, 12, 15, 13, 14, 14, 15, 13, 13, 12, 13, 13, 13, 12, 16, 17, 15, 12, 14, 15, 12, 12, 13, 11, 11, 11, 11, 7, 9, 14, 14, 14, 12, 8, 10, 8, 8, 8, 8, 8, 8, 8, 8, 8, 8, 9, 8, 9, 9, 7, 8, 8, 8, 8, 8, 9, 9, 9, 9, 7, 7, 6, 5, 5, 5, 7, 6, 6, 8, 8, 8, 8, 8, 8, 8, 9, 9, 10, 9, 9, 9, 10, 9, 8, 8, 8, 8, 8, 8, 8, 7, 8, 9, 11, 9, 9, 9, 11, 11, 11, 11, 13, 12, 12]
Trade Returns: [0.0023220989722541325, 0.0032092640853539182, -0.0020047230603392097, -0.002254741156992048, 0.0009647724696608507, -0.0008436076387931122, -0.0022967939749415607, 0.005011618957058254, 0.0024869932637307454, 0.0008250456794649731, 0.0018013243907225576, -0.001407960307900201, -0.0012409682912906297, -0.003747833075540502, 0.007725193815717486, -0.002581059463962899, 0.0046785587134428284, -0.002633481107582066, 0.006086857592958318, 0.0009757931994823419, -0.0023846960947481875, 0.003050802276382679, 0.0016987940736564366, -0.0019541037282904444, -0.0016210857405567953, -0.0017179108378858837, 0.002019697536147998, 0.004210164515245211, -0.0023600173900567255, 0.004086556908196493, -0.0021027557758039176, 0.003929490694280579, -0.0021988143388211785, -0.001966704007339948, 0.0029638984197682045, -0.0021556168391068486, -0.0016297854810825535, -0.001868182910597877, -0.0018646993112112684, -0.0026358907019206125, 0.002247105745073891, -0.002272621877034773, 0.0033425422530467684, 0.00235452795063287, -0.0018812803350669036, 0.0050984918710002295, 0.006648282076338167, 0.0013145606762977873, -0.003998910739420082, 0.004577129451174134, -0.0026481908246076945, 0.002926779362269117, -0.0016121301757522168, -0.0016100211593870085, 0.0034214438240220348, -0.0015987088217760204, 0.0040921220546962555, 0.0031203624191637794, 0.002586752068730123, -0.00017519752238030105, -0.0018856989349183948, 0.0030138310051577677, -0.0018361249031938645, -3.271240932886689e-05, -0.00201601572072883, -0.0029312934153527567, 0.0030950046319944157, -0.0018697443087285926, -0.0021923197960693227, -0.0026692581311666564, 0.0015995603897910708, -0.0018547359383948461, 6.301528322341807e-05, -0.0008975269884846941, 0.00285113135287894, -0.0021899809426408866, -0.0019545944932201683, 0.001697783961864368, -0.001666796484716219, -0.0020407199656573382, 0.00028716761525839405, -0.00187470077279524, -0.002246914750188776, 0.0010396829555592375, -0.0018240757202954907, -0.002034601239903238, 0.003940377261384171, -0.002096921359842264, 0.003668065136394687, 0.004065785238533558, 0.003536720032239331, -0.0029929753243706165, 0.004991169152377847]
Daily Returns: [0, 0, 0.0023220989722541325, 0, 0, 0.0032092640853539182, 0, 0, 0, 0, 0, 0, 0, 0, 0, 0, 0, 0, 0, 0, 0, 0, 0, 0, 0, -0.0020047230603392097, 0, 0, 0, 0, 0, 0, -0.002254741156992048, 0, 0.0009647724696608507, 0, 0, 0, 0, 0, 0, 0, -0.0008436076387931122, 0, 0.002714824982116693, 0, 0, 0, 0, 0.0024869932637307454, 0, 0, 0, 0, 0, 0, 0, 0, 0, 0, 0, 0.0008250456794649731, 0, 0, 0, 0, 0, 0, 0, 0, 0.0003933640828223566, -0.0012409682912906297, 0, 0, 0, 0, 0, 0, 0.003977360740176983, 0, 0, 0, 0, 0, 0, -0.002581059463962899, 0, 0, 0, 0.0046785587134428284, 0, -0.002633481107582066, 0.006086857592958318, 0, 0, 0.0009757931994823419, -0.0023846960947481875, 0, 0.003050802276382679, 0, 0.0016987940736564366, 0, 0, -0.0019541037282904444, 0, 0, 0, -0.0016210857405567953, 0, 0, 0, 0, 0, 0, 0, 0, 0, 0, 0, 0, 0, 0, 0, 0, -0.0017179108378858837, 0, 0, 0.002019697536147998, 0, 0, 0.004210164515245211, -0.0023600173900567255, 0, 0, 0, 0, 0, 0.004086556908196493, 0, 0, 0, 0, -0.0021027557758039176, 0, 0, 0, 0.003929490694280579, 0, 0, -0.0021988143388211785, 0, 0, 0, 0, 0, 0, -0.001966704007339948, 0, 0, 0, 0, 0, 0.0008082815806613559, 0, 0, 0, 0, 0, 0, 0, 0, 0, 0, 0, 0, -0.005362667702891699, 0, 0, 0, -0.0026358907019206125, 0, 0, 0.002247105745073891, 0, 0, 0, 0, 0, -0.002272621877034773, 0, 0, 0.0033425422530467684, 0, 0, 0, 0, 0, 0, 0, 0, 0, 0, 0.00235452795063287, 0, 0.0032172115359333257, 0, 0, 0, 0, 0.006648282076338167, 0.0013145606762977873, -0.003998910739420082, 0.004577129451174134, 0, 0, 0, 0, 0, 0, 0, 0, 0, -0.0026481908246076945, 0, 0, 0, 0, 0, 0.0013146491865169002, 0, 0, 0, 0, -0.0016100211593870085, 0, 0, 0, 0, 0, 0, 0.0034214438240220348, 0, 0, 0, -0.0015987088217760204, 0, 0, 0, 0.0040921220546962555, 0, 0, 0, 0.0031203624191637794, 0, 0.002586752068730123, 0, 0, 0, 0, 0, 0, 0, -0.002060896457298696, 0.0011449936926350363, 0, 0, 0, 0, 0, 0, 0, 0, -0.00201601572072883, 0, -0.0029312934153527567, 0, 0, 0, 0, 0, 0, 0, 0, 0, 0, 0, 0.0012252603232658231, 0, 0, 0, 0, 0, 0, 0, 0, 0, 0, 0, -0.0021923197960693227, 0, 0, 0, 0, 0, 0, -0.0026692581311666564, 0, 0, 0, 0, 0.0015995603897910708, 0, 0, 0, 0, 0, 0, -0.0018547359383948461, 0, 6.301528322341807e-05, -0.0008975269884846941, 0, 0, 0.00285113135287894, 0, 0, -0.0021899809426408866, 0, -0.0019545944932201683, 0, 0, 0, 0.001697783961864368, 0, 0, -0.001666796484716219, 0, 0, -0.0020407199656573382, 0, 0, 0, 0, 0.00028716761525839405, -0.00187470077279524, -0.002246914750188776, 0.0010396829555592375, 0, 0, 0, 0, 0, 0, 0, -0.0018240757202954907, 0, 0, 0, 0, -0.002034601239903238, 0, 0, 0.0018434559015419075, 0, 0, 0, 0.003668065136394687, 0, 0, 0, 0, 0, 0.004065785238533558, 0, 0, 0, 0, 0, 0, 0, 0, 0, 0, 0.003536720032239331, -0.0029929753243706165, 0.004991169152377847, 0, 0, 0, 0, 0, 0]
Start Date: 2024-08-07
End Date: 2025-11-06
Sharpe Ratio: 0.068
Annualized Sharpe: 1.082
Sharpe 95% CI: (np.float64(-0.52), np.float64(2.565))
Sortino Ratio: 0.108
CAGR: 0.021
Calmar Ratio: 1.05
Daily Win Rate (%): 0.462
Max Drawdown: 0.02
Profit Factor: 1.331
Expectancy: 0.000358
Average Win: 0.003108
Average Loss: 0.002008
Total Trades: 93
Total Days: 392



Rolling 7 - Variant 4 - atr_0.25_7 - Fit Metrics
Contracts: [10, 11, 6, 10, 10, 7, 6, 6, 6, 6, 6, 6, 7, 10, 8, 8, 8, 8, 8, 7, 7, 7, 7, 7, 7, 7, 7, 7, 8, 5, 7, 7, 7, 7, 5, 7, 6, 6, 6, 6, 6, 6, 6, 6, 6, 6, 5, 7, 7, 7, 8, 7, 6, 5, 5, 5, 6, 6, 6, 6, 5, 9, 5, 9, 5, 5, 6, 6, 6, 6, 6, 7, 8, 7, 6, 7, 7, 7, 7, 8, 8, 8, 8, 9, 9, 9, 9, 10, 11, 11, 7, 10, 7, 7, 7, 7, 7, 8, 9, 9, 10, 10, 9, 9, 9, 11, 11, 11, 11, 11, 11, 11, 10, 10, 10, 10, 10, 10, 10, 10, 9, 10, 10, 11, 11, 12, 11, 10, 10, 11, 10, 10, 10, 10, 10, 10, 10, 10, 11, 11, 10, 11, 12, 10, 10, 9, 11, 9, 12, 10, 10, 10, 10, 12, 12, 14, 13, 14, 13, 15, 14, 13, 14, 12, 12, 12, 12, 12, 12, 12, 12, 12, 12, 12, 15, 13, 15, 14, 15, 13, 13, 12, 13, 13, 13, 12, 16, 17, 15, 11, 14, 14, 12, 12, 13, 11, 11, 11, 11, 7, 9, 14, 14, 14, 12, 8, 10, 8, 8, 8, 8, 8, 8, 8, 8, 8, 8, 9, 8, 9, 9, 7, 8, 8, 8, 8, 8, 9, 9, 9, 9, 7, 7, 6, 5, 5, 5, 7, 6, 6, 8, 8, 8, 8, 8, 8, 8, 8, 9, 10, 9, 9, 9, 10, 9, 8, 8, 8, 8, 8, 8, 8, 7, 8, 9, 11, 9, 9, 9, 11, 11, 11, 11, 13, 12, 12]
Trade Returns: [-0.0028620588589212347, 0.0013944999999999663, -0.0025974086823431983, -0.0023543001309382673, 0.004221442148990723, 0.003079408576372763, 0.0003100090556062336, 0.002510916248678037, -0.001327922814374787, -0.00047307217124611934, -0.0015532407469505247, -0.0016407888046029856, -0.002181871974037282, -0.0021866429490049423, -0.0022415958589465977, 0.003635393079390315, -0.0030399599347226114, -0.0028878948433865848, -0.003160805786531552, 0.001650345110071621, -0.00025117110990235687, 0.00041130326801338933, 0.007312149593938783, 0.0039657202545010884, 0.0009321417035338353, -0.002031942365708676, 0.00018786966456134146, 0.003106411186027505, -0.0021577485566083056, -0.0008132990307356836, -0.0018405671350609045, -0.002610867715636113, 0.002453325757927158, 0.0028969765704821575, 0.0038226833668985752, -0.00017449072628438945, 0.003920472346831247, 0.0028297890350100887, -0.00168941421709165, -0.0002847617779565963, -2.54906228594257e-05, -0.0017317298313963261, -0.0023642389442605338, -0.002239840254080007, 0.0023588316935886644, 0.009622092028561863, 0.004133324419887369, -0.0018935232867805165, -0.0003854038380973737, 0.008618627450980458, 0.009929749721531997, -0.0025883727634208246, -0.001672687624362711, 0.0003015222374827043, -0.0020882929042928995, -0.00011387089816529625, -0.0012900526784404452, -0.000956919443182669, -0.0015140025160733743, -0.0014265551676954976, -0.0017947263170543454, 0.004982610155116955, -0.0022175906715672304, -0.0014659231239669169, 0.0010576145432776313, -0.0014304810296426186, -0.0017934781902493146, -0.002307081895766396, -0.002245109186425248, 0.0037225609863058315, -0.001859181822846387, 0.0012450868633528298, -0.002532216462980341, -0.0021476080574620747, -0.001633983520183902, 0.005213518789475504, -0.0020145455329187664, -0.00198346535531321, 0.0011544816988216513, -0.002093331596104742, -0.00247727358495886, -0.0031217365146152458, 0.005718118211722123, 0.002153913322487687, -0.001477733556343646, -0.0019103640498623492, -0.0014428822832832106, -0.001447306826985141, 0.00435888372099435, -0.0016165377542718498, 0.0005538049242717738, 0.0022785560790715017, -0.0019644984994820983, 0.003993425034059636, -0.0022343217941769656, 0.00336807005523223, 0.004342244344560821, -0.0022179919686343154, -0.0019922756654205606, -0.002250134230336392, -0.0026449541094088454, -0.0022510459824046057, 0.0006230800045625467, -0.0017509175716247842, -0.002724204684739994, -0.0012496637054592679, 0.001957282826785775, -0.002098649692605881, 0.013132525808901138, -0.0028843278562877966, -0.002208774992004871, -0.00179130154396581, -4.158673711912597e-05, -0.0022431098717866573, -0.0020384565896848783, 0.0006252523565077855, 0.01305744314225816, -0.0029786849943907894, 0.0008915201548625435, 0.006069782047847472, 0.00034843767397458214, -0.002245082493368135, 0.0024580916078958694, -0.0021311551376795015, -0.001956175165288663, 0.0030735804816616947, -0.0023712918153484005, 0.0034426203511531794, -0.0017801259087708262, 0.0009166065253382835, -0.002074590524346057, -0.002306212572330237, -0.0012465499344475504, -0.0017710939285012042, -0.0025576901052357065, -0.002470993999361603, -0.002464903238250878, -0.0005162900222448812, -0.0027773299662233733, -0.0010166929334909998, 0.00754055004913302, -0.002346714567842475, 0.0037612325967535487, 0.00020241589729472006, 0.004113001665584608, -0.0014414918608287078, -0.0019440958795919323, -0.001960783257285552, -0.0017143754146025016, -0.0020199689135097206, 0.00438863152936031, -0.0018857077354268916, -0.0007405121515296534, 0.0002820225924619703, -0.0025320361988480336, 0.0038986702603391126, -0.002370676713323046, -0.0005647631848844503, 0.00259549778548689, 0.0014157932894879415, 0.00038888055402978345, -0.001806654941688153, -0.002176484485876653, 0.009206902865235386, -0.0024525389641230993, 0.0063720776034277135, -0.0019353725200501439, -0.0023224055063075597, 0.00586627808490916, -0.0021450615048030247, -0.002260459598713245, -0.00315504836115757, -0.0028780260446946327, -0.0011632969007796567, 0.0010498347306218978, 0.00278191748784799, -0.0024894893010410563, 0.005439140261778454, -0.0015568717568922824, 0.00010391619792269393, 0.00041970762866809925, -0.0022419933274830466, -0.0033539452176271135]
Daily Returns: [-0.0028620588589212347, 0.0013944999999999663, 0, 0, 0, 0, 0, 0, 0, 0, 0, 0, -0.0025974086823431983, 0, 0, -0.0023543001309382673, 0, 0, 0, 0, 0, 0, 0, 0, 0, 0, 0, 0, 0, 0, 0, 0.004221442148990723, 0, 0, 0.003079408576372763, 0, 0, 0, 0, 0, 0.0003100090556062336, 0, 0, 0.0007099212630571307, 0, 0, -0.0015532407469505247, 0, 0, 0, 0, -0.0016407888046029856, 0, 0, 0, 0, 0, 0, 0, 0, -0.002181871974037282, 0, 0, 0, 0, 0, -0.0021866429490049423, 0.001393797220443717, 0, 0, 0, 0, 0, 0, 0, 0, 0, 0, -0.0030399599347226114, -0.006048700629918137, 0, 0.001650345110071621, 0.00016013215811103246, 0, 0, 0, 0, 0, 0, 0, 0, 0, 0, 0, 0, 0, 0, 0, 0, 0, 0, 0.007312149593938783, 0, 0, 0, 0, 0.0039657202545010884, 0.0009321417035338353, -0.002031942365708676, 0, 0, 0, 0, 0, 0, 0, 0, 0, 0, 0, 0.00018786966456134146, 0.00013536359868351574, 0, 0, 0, 0, 0, 0, 0, 0, -0.0018405671350609045, 0, 0, 0, 0, 0, 0, 0, 0, 0, 0, 0, 0, 0, 0, -0.002610867715636113, 0, 0.002453325757927158, 0, 0, 0.0065451692110963435, 0.003920472346831247, 0, 0, 0, 0.0028297890350100887, 0, -0.0019741759950482464, 0, 0, -2.54906228594257e-05, 0, 0, 0, 0, 0, 0, 0, 0, -0.0017317298313963261, 0, 0, 0, 0, 0, -0.0023642389442605338, 0, -0.002239840254080007, 0.0023588316935886644, 0, 0, 0.009622092028561863, 0, 0, 0, 0, 0.004133324419887369, 0, 0, 0, 0, 0, 0, 0, 0, -0.0018935232867805165, 0, 0, 0, 0, 0, 0, 0, 0, 0, 0, 0, 0, 0, 0, -0.0003854038380973737, 0, 0, 0, 0, 0, 0.008618627450980458, 0, 0, 0, 0, 0, 0, 0.007341376958111172, 0, 0, 0, -0.001672687624362711, 0, 0.0003015222374827043, 0, 0, 0, 0, -0.0020882929042928995, 0, 0, 0, 0, 0, 0, -0.00011387089816529625, 0, 0, 0, 0, 0, 0, 0, 0, 0, -0.0012900526784404452, 0, 0, 0, 0, 0, -0.000956919443182669, 0, 0, 0, 0, 0, -0.0015140025160733743, -0.0014265551676954976, 0, 0, 0, -0.0017947263170543454, 0, 0.004982610155116955, 0, -0.0022175906715672304, 0, 0, 0, 0, -0.0014659231239669169, 0, 0, 0.0010576145432776313, 0, -0.0014304810296426186, 0, 0, 0, -0.0017934781902493146, 0, 0, 0, 0, -0.002307081895766396, 0, 0, 0, 0, 0, 0, 0, -0.002245109186425248, 0, 0.0037225609863058315, 0, -0.001859181822846387, 0, 0, 0, 0.0012450868633528298, 0, 0, 0, 0, 0, -0.002532216462980341, 0, -0.0021476080574620747, 0, 0, 0, 0, 0, 0, -0.001633983520183902, 0, 0.005213518789475504, -0.0020145455329187664, 0, 0, 0, 0, 0, 0, 0, 0, 0, -0.00198346535531321, 0.0011544816988216513, 0, 0, -0.002093331596104742, -0.00247727358495886, 0, 0, -0.0031217365146152458, 0, 0, 0, 0.005718118211722123, 0, 0, 0, 0, 0, 0.002153913322487687, 0, 0, -0.001477733556343646, 0, 0, 0, 0, 0, 0, -0.0033532463331455596, 0, 0, 0, -0.001447306826985141, 0, 0.00435888372099435, 0, -0.0016165377542718498, 0, 0, 0, 0.0005538049242717738, 0, 0, 0, 0.0022785560790715017, 0, -0.0019644984994820983, 0, 0, 0, 0.003993425034059636, 0, 0, 0, -0.0022343217941769656, 0.00336807005523223, 0, 0, 0.0021242523759265057, 0, 0, 0, 0, 0, 0, 0, 0, -0.0019922756654205606, 0, 0, 0, 0, 0, 0, 0, 0, 0, 0, -0.002250134230336392, 0, -0.0026449541094088454, 0, 0, 0, 0, -0.0022510459824046057, 0, 0, 0, 0, 0, 0, 0, 0, 0, 0, 0, 0, 0, 0, 0, 0, 0.0006230800045625467, 0, 0, 0, 0, -0.0017509175716247842, 0, 0, -0.003973868390199262, 0, 0, 0.001957282826785775, 0, -0.002098649692605881, 0, 0, 0, 0, 0, 0.013132525808901138, 0, 0, 0, 0, 0, -0.0028843278562877966, 0, 0, 0, 0, 0, 0, 0, 0, -0.002208774992004871, 0, 0, -0.001832888281084936, 0, 0, -0.0022431098717866573, 0, 0, 0, 0, 0, 0, -0.0020384565896848783, 0, 0, 0, 0, 0, 0.0006252523565077855, 0, 0, 0.010078758147867371, 0, 0, 0.0008915201548625435, 0, 0, 0, 0, 0, 0.006069782047847472, 0, 0, 0, 0, 0.00034843767397458214, 0, 0, 0, 0, 0, 0, 0, -0.002245082493368135, 0, 0, 0, 0, 0, 0, 0, 0.0024580916078958694, 0, 0, 0, 0, 0, 0, 0, 0, 0, -0.0021311551376795015, 0.0011174053163730316, 0, 0, -0.0023712918153484005, 0, 0.0034426203511531794, -0.0017801259087708262, 0, 0, 0, 0.0009166065253382835, 0, -0.002074590524346057, -0.002306212572330237, 0, 0, 0, 0, -0.0012465499344475504, 0, 0, 0, -0.00432878403373691, 0, 0, 0, 0, 0, 0, 0, 0, 0, 0, 0, 0, 0, -0.002470993999361603, -0.002464903238250878, 0, 0, 0, 0, 0, 0, 0, 0, -0.0005162900222448812, 0, -0.0027773299662233733, 0, 0, 0, 0, 0, -0.0010166929334909998, 0, 0, 0, 0, 0, 0.00754055004913302, 0, 0, 0, 0, 0, 0, 0, 0, 0, 0, 0, 0, 0, 0, 0, 0, 0, 0, 0, 0, 0, 0, 0, 0, 0, 0, 0, 0, 0, 0, -0.002346714567842475, 0, 0, 0, 0, 0.003963648494048269, 0.004113001665584608, 0, 0, -0.0014414918608287078, 0, 0, 0, 0, 0, 0, 0, 0, 0, 0, 0, 0, -0.0019440958795919323, 0, 0, 0, 0, 0, -0.001960783257285552, 0, 0, 0, 0, 0, -0.0017143754146025016, -0.0020199689135097206, 0, 0, 0.00438863152936031, 0, -0.0018857077354268916, -0.0007405121515296534, 0.0002820225924619703, 0, 0, 0, 0, 0, 0, 0, 0, 0, 0, 0, -0.0025320361988480336, 0, 0, 0, 0, 0.0038986702603391126, -0.002370676713323046, 0, 0, 0, 0, -0.0005647631848844503, 0.004011291074974831, 0, 0.00038888055402978345, -0.003983139427564806, 0, 0, 0, 0, 0, 0, 0.0067543639011122866, 0.0063720776034277135, 0, 0, 0, 0, 0, -0.0019353725200501439, 0, 0, 0, 0, -0.0023224055063075597, 0, 0, 0, 0, 0, 0.00586627808490916, 0, 0, 0, 0, 0, -0.0021450615048030247, 0, -0.002260459598713245, 0, 0, 0, 0, 0, -0.00315504836115757, 0, -0.0028780260446946327, 0, 0, -0.0011632969007796567, 0, 0, 0, 0, 0, 0, 0, 0, 0.0010498347306218978, 0.00278191748784799, 0, 0, 0, -0.0024894893010410563, 0.005439140261778454, 0, 0, 0, 0, 0, 0, 0, 0, -0.0015568717568922824, 0, 0, 0, 0, 0.00010391619792269393, 0, 0, 0, 0, 0, 0.00041970762866809925, 0, 0, 0, -0.0022419933274830466, 0, 0, 0, -0.0033539452176271135, 0, 0, 0]
Start Date: 2022-02-03
End Date: 2024-08-06
Sharpe Ratio: 0.012
Annualized Sharpe: 0.189
Sharpe 95% CI: (np.float64(-0.944), np.float64(1.222))
Sortino Ratio: 0.021
CAGR: 0.004
Calmar Ratio: 0.158
Daily Win Rate (%): 0.372
Max Drawdown: 0.026
Profit Factor: 1.063
Expectancy: 7.5e-05
Average Win: 0.003444
Average Loss: 0.001916
Total Trades: 183
Total Days: 785

Rolling 7 - Variant 4 - atr_0.25_7 - Test Metrics
Contracts: [10, 11, 6, 10, 10, 7, 6, 6, 6, 6, 6, 6, 7, 10, 8, 8, 8, 8, 8, 7, 7, 7, 7, 7, 7, 7, 7, 7, 8, 5, 7, 7, 7, 7, 5, 7, 6, 6, 6, 6, 6, 6, 6, 6, 6, 6, 5, 7, 7, 7, 8, 7, 6, 5, 5, 5, 6, 6, 6, 6, 5, 9, 5, 9, 5, 5, 6, 6, 6, 6, 6, 7, 8, 7, 6, 7, 7, 7, 7, 8, 8, 8, 8, 9, 9, 9, 9, 10, 11, 11, 7, 10, 7, 7, 7, 7, 7, 8, 9, 9, 10, 10, 9, 9, 9, 11, 11, 11, 11, 11, 11, 11, 10, 10, 10, 10, 10, 10, 10, 10, 9, 10, 10, 11, 11, 12, 11, 10, 10, 11, 10, 10, 10, 10, 10, 10, 10, 10, 11, 11, 10, 11, 12, 10, 10, 9, 11, 9, 12, 10, 10, 10, 10, 12, 12, 14, 13, 14, 13, 15, 14, 13, 14, 12, 12, 12, 12, 12, 12, 12, 12, 12, 12, 12, 15, 13, 15, 14, 15, 13, 13, 12, 13, 13, 13, 12, 16, 17, 15, 11, 14, 14, 12, 12, 13, 11, 11, 11, 11, 7, 9, 14, 14, 14, 12, 8, 10, 8, 8, 8, 8, 8, 8, 8, 8, 8, 8, 9, 8, 9, 9, 7, 8, 8, 8, 8, 8, 9, 9, 9, 9, 7, 7, 6, 5, 5, 5, 7, 6, 6, 8, 8, 8, 8, 8, 8, 8, 8, 9, 10, 9, 9, 9, 10, 9, 8, 8, 8, 8, 8, 8, 8, 7, 8, 9, 11, 9, 9, 9, 11, 11, 11, 11, 13, 12, 12]
Trade Returns: [0.0023364200448768024, 0.011121626839928764, -0.002001277132069449, -0.002250857699518946, 0.0009631125203661712, -0.0008421549783349274, -0.0022969546905749773, 0.0032093698196616837, 0.0024827001231768468, 0.0007609073827876759, 0.0018063586089703473, -0.001411888084131834, -0.0012444351059096603, -0.0037583162053124925, -0.004121231237703662, -0.0028141908170579394, 0.00578399183891098, -0.0026100738047238467, 0.011986903013166874, 0.0009760371632204325, -0.002385291725143229, 0.0045040463869668946, 0.0016992193994343208, -0.001954592145823488, -0.0016214917155818428, -0.0017168532420013072, 0.0020322788393468505, 0.004400328289780474, -0.002358115447908793, -0.0022602304597464607, -0.002101057155699165, 0.004800567297585532, -0.0022110100805424198, -0.0019776365191021853, 0.010758215722466885, -0.0021676232235450206, -0.0016262315670142033, -0.0018641167405036066, -0.0018606482749061648, -0.002636551890747784, 0.0022534148757593518, -0.0022676581201854446, 0.0006167389822121864, 0.0023415249062015316, -0.0018709151039670547, 0.008467544375300175, 0.0014000525860289475, 0.0013141557472657857, -0.0039991912030150414, 0.004593459505335143, -0.0026473761630951553, 0.003707615881758064, -0.0016116329205958467, -0.0016082716206129658, 0.003539228149319771, -0.0016030925394208372, 0.00013912320122771283, 0.004230803982106591, 0.0025909882345510503, -0.00017548369119867015, -0.001888779588921076, 0.0004440031961363463, -0.001843854395363217, -3.2850372379035436e-05, -0.0017995719570459631, -0.002943018129095, 0.004734088395675772, -0.0018772652232672748, -0.0021975584962182926, -0.0026799662591000593, 0.0016033997156795947, -0.001859180619772046, 6.316657405924821e-05, -0.0008996816884975514, -0.0006113784526583278, -0.0022028488822427132, -0.001966104699037586, 0.0017078015588138326, -0.0016766144761121106, -0.002052760679642486, 0.00028916671453041974, -0.0018877476114724785, -0.002252295733791986, 0.0010421699392253309, -0.001836794247105555, -0.002048813779743876, 0.004904555684349127, -0.00210957328238583, 0.0026224243137264293, 0.0038902263224884475, 0.002459190544397428, -0.0030148355248408617, 0.009089846083674228]
Daily Returns: [0, 0, 0.0023364200448768024, 0, 0, 0.011121626839928764, 0, 0, 0, 0, 0, 0, 0, 0, 0, 0, 0, 0, 0, 0, 0, 0, 0, 0, 0, -0.002001277132069449, 0, 0, 0, 0, 0, 0, -0.002250857699518946, 0, 0.0009631125203661712, 0, 0, 0, 0, 0, 0, 0, -0.0008421549783349274, 0, 0.0009124151290867064, 0, 0, 0, 0, 0.0024827001231768468, 0, 0, 0, 0, 0, 0, 0, 0, 0, 0, 0, 0.0007609073827876759, 0, 0, 0, 0, 0, 0, 0, 0, 0.0003944705248385134, -0.0012444351059096603, 0, 0, 0, 0, 0, 0, -0.007879547443016154, 0, 0, 0, 0, 0, 0, -0.0028141908170579394, 0, 0, 0, 0.00578399183891098, 0, -0.0026100738047238467, 0.011986903013166874, 0, 0, 0.0009760371632204325, -0.002385291725143229, 0, 0.0045040463869668946, 0, 0.0016992193994343208, 0, 0, -0.001954592145823488, 0, 0, 0, -0.0016214917155818428, 0, 0, 0, 0, 0, 0, 0, 0, 0, 0, 0, 0, 0, 0, 0, 0, -0.0017168532420013072, 0, 0, 0.0020322788393468505, 0, 0, 0.004400328289780474, -0.002358115447908793, 0, 0, 0, 0, 0, -0.0022602304597464607, 0, 0, 0, 0, -0.002101057155699165, 0, 0, 0, 0.004800567297585532, 0, 0, -0.0022110100805424198, 0, 0, 0, 0, 0, 0, -0.0019776365191021853, 0, 0, 0, 0, 0, 0.008590592498921863, 0, 0, 0, 0, 0, 0, 0, 0, 0, 0, 0, 0, -0.005350996582423975, 0, 0, 0, -0.002636551890747784, 0, 0, 0.0022534148757593518, 0, 0, 0, 0, 0, -0.0022676581201854446, 0, 0, 0.0006167389822121864, 0, 0, 0, 0, 0, 0, 0, 0, 0, 0, 0.0023415249062015316, 0, 0.006596629271333121, 0, 0, 0, 0, 0.0014000525860289475, 0.0013141557472657857, -0.0039991912030150414, 0.004593459505335143, 0, 0, 0, 0, 0, 0, 0, 0, 0, -0.0026473761630951553, 0, 0, 0, 0, 0, 0.0020959829611622172, 0, 0, 0, 0, -0.0016082716206129658, 0, 0, 0, 0, 0, 0, 0.003539228149319771, 0, 0, 0, -0.0016030925394208372, 0, 0, 0, 0.00013912320122771283, 0, 0, 0, 0.004230803982106591, 0, 0.0025909882345510503, 0, 0, 0, 0, 0, 0, 0, -0.002064263280119746, -0.0014327015716059063, 0, 0, 0, 0, 0, 0, 0, 0, -0.0017995719570459631, 0, -0.002943018129095, 0, 0, 0, 0, 0, 0, 0, 0, 0, 0, 0, 0.002856823172408497, 0, 0, 0, 0, 0, 0, 0, 0, 0, 0, 0, -0.0021975584962182926, 0, 0, 0, 0, 0, 0, -0.0026799662591000593, 0, 0, 0, 0, 0.0016033997156795947, 0, 0, 0, 0, 0, 0, -0.001859180619772046, 0, 6.316657405924821e-05, -0.0008996816884975514, 0, 0, -0.0006113784526583278, 0, 0, -0.0022028488822427132, 0, -0.001966104699037586, 0, 0, 0, 0.0017078015588138326, 0, 0, -0.0016766144761121106, 0, 0, -0.002052760679642486, 0, 0, 0, 0, 0.00028916671453041974, -0.0018877476114724785, -0.002252295733791986, 0.0010421699392253309, 0, 0, 0, 0, 0, 0, 0, -0.001836794247105555, 0, 0, 0, 0, -0.002048813779743876, 0, 0, 0.0027949824019632974, 0, 0, 0, 0.0026224243137264293, 0, 0, 0, 0, 0, 0.0038902263224884475, 0, 0, 0, 0, 0, 0, 0, 0, 0, 0, 0.002459190544397428, -0.0030148355248408617, 0.009089846083674228, 0, 0, 0, 0, 0, 0]
Start Date: 2024-08-07
End Date: 2025-11-06
Sharpe Ratio: 0.048
Annualized Sharpe: 0.769
Sharpe 95% CI: (np.float64(-0.98), np.float64(2.113))
Sortino Ratio: 0.064
CAGR: 0.019
Calmar Ratio: 0.782
Daily Win Rate (%): 0.43
Max Drawdown: 0.025
Profit Factor: 1.28
Expectancy: 0.000324
Average Win: 0.003442
Average Loss: 0.002029
Total Trades: 93
Total Days: 392



Rolling 8 - Variant 0 - atr_0.25_2 - Fit Metrics
Contracts: [10, 11, 6, 10, 10, 7, 6, 6, 6, 6, 6, 6, 7, 10, 8, 8, 8, 8, 8, 7, 7, 7, 7, 7, 7, 7, 7, 7, 8, 5, 7, 7, 7, 7, 5, 7, 6, 6, 6, 6, 6, 6, 6, 6, 6, 6, 5, 7, 7, 7, 8, 7, 6, 5, 6, 5, 6, 6, 6, 6, 5, 9, 5, 10, 5, 5, 6, 6, 6, 6, 6, 7, 8, 7, 6, 7, 7, 7, 7, 8, 8, 8, 8, 9, 9, 9, 9, 10, 11, 11, 8, 10, 7, 7, 7, 7, 7, 8, 9, 9, 10, 10, 9, 9, 10, 11, 11, 12, 11, 11, 11, 11, 11, 10, 10, 10, 10, 10, 10, 10, 10, 10, 10, 11, 11, 11, 11, 9, 10, 10, 10, 10, 10, 10, 10, 10, 10, 10, 10, 10, 10, 11, 12, 10, 10, 9, 11, 9, 12, 10, 10, 10, 10, 12, 12, 14, 13, 13, 13, 15, 14, 13, 14, 12, 12, 12, 12, 12, 12, 12, 12, 12, 12, 12, 15, 13, 14, 14, 15, 13, 13, 12, 13, 13, 13, 12, 16, 17, 15, 12, 14, 15, 12, 12, 13, 11, 11, 11, 11, 7, 9, 14, 14, 14, 12, 8, 10, 8, 8, 8, 8, 8, 8, 8, 8, 8, 8, 9, 8, 9, 9, 7, 8, 8, 8, 8, 8, 9, 9, 9, 9, 7, 7, 6, 5, 5, 5, 7, 6, 6, 8, 8, 8, 8, 8, 8, 8, 9, 9, 10, 9, 9, 9, 10, 9, 8, 8, 8, 8, 8, 8, 8, 7, 8, 9, 11, 9, 9, 9, 11, 11, 11, 11, 13, 12, 12]
Trade Returns: [-0.0028519130669272417, 0.004957, -0.002588216794124713, -0.0023459469521189286, 0.00420642903359948, 0.0037768024285579228, 0.0003086965370428791, 0.002425994393230988, -0.0013224117517672176, -0.00047106989299046284, -0.001546786048114515, -0.0016339597250258394, -0.0021727569559380623, -0.002177488108372, 0.004061579645388013, 0.004144646944603902, -0.003006675296754859, -0.0028561798151466233, -0.003125994206393061, 0.0016321120138351602, -0.00024840068042928813, 0.00040676544590433143, 0.0033819145261697685, 0.0031089380399181507, 0.0009262443191911875, 0.0036380300984067493, 0.00018590147458356655, 0.0037635465359440417, -0.002133749590446895, -0.0008042339929425151, -0.0018202688031566697, -0.0025816417148964805, 0.004580005012630371, 0.004115456995707519, 0.0037672028305422785, -0.00017196775868638122, 0.004817686492001315, 0.003261044033587818, -0.001662780972789467, -0.0002802650940324995, -2.5087986632195244e-05, -0.0017123780768268846, -0.002326889569318319, -0.0022043735566804794, 0.004073816392404485, 0.004734199683961813, 0.004080538152835539, -0.001869439567421927, -0.00038213674095864474, 0.004257891234650052, 0.0039522162858846915, -0.002581703030876911, -0.0016513728667552747, 0.000300741636401179, -0.0020828978517353778, -0.00011207220931574927, 0.002330360419754242, -0.0009510073475102415, -0.001513463446919689, -0.0014260464647611983, -0.0017747061816528308, 0.003501628217565922, -0.002216798759750302, -0.0014653984730390406, 0.0010572354696729471, -0.0014299688535239373, -0.00179283512536664, -0.002306253188737704, -0.002244297502284026, 0.0034654915259652985, -0.001858508152796431, 0.002858908464690238, -0.002527871223820836, -0.0021468332902049862, -0.0016311785584658008, 0.0033615818989833767, -0.002013820232632757, -0.001985139303160986, 0.0011554579629878524, -0.0020950997367406377, -0.0024793704167536145, 0.005761326066344613, 0.004993770354621885, 0.002150207878013915, -0.0016649994912075327, -0.001883699137666409, -0.001422704485112399, -0.0014270059607283613, 0.0020918154158573927, -0.0015938992860779267, 0.0005472610893544942, 0.002251594734264223, -0.0019412984123651639, 0.004913029611686007, -0.002205922743833107, 0.0033251660052105647, 0.003854683811279336, -0.002434328181900505, -0.001964522058611414, 0.003929918177864142, -0.002609146082345951, -0.002422353879670676, 0.0006130356838571614, -0.0018948585521188167, -0.0026802621967715635, -0.001229530925052332, 0.003517134274460067, -0.0020899006679294743, 0.003576100592709489, -0.002865008774539957, -0.0022036688828451093, -0.0017871513784639052, -4.1490214653498336e-05, -0.0022071486493439015, -0.0020339498151018378, 0.0006238671837585538, 0.004356690737200255, -0.002972090183874802, 0.003654655567669822, 0.003540794709017862, 0.00035155947480002963, -0.002227141722921375, 0.0022542104654427464, -0.002150258688990024, -0.0019737479923780275, 0.003101217322082794, -0.002392021400804568, 0.003594882621069938, -0.001796148865166429, 0.0009247314498220407, -0.0020929629863647024, -0.0020941808822032863, -0.001257050798414284, -0.0017860322987801908, -0.0023452593196779032, 0.0044900630407006745, -0.002485780684447931, -0.0005170677606271361, -0.0027815020940529524, -0.0011270367776321864, 0.0030915895701316763, -0.002350251483368681, 0.0029067849984728794, 0.00020289500791041432, 0.0025302832868713074, -0.0014471842271874934, -0.001949757887528504, -0.001963745467741977, -0.001719376721425747, -0.0018811667368200666, 0.002968692224290396, 0.0030491436426868385, -0.0007399656395854769, 0.00028284556300413425, -0.0025301663187205017, 0.004941947485983423, -0.0023907080678352184, -0.0005643440831127568, 0.004650094673553736, 0.0014118487879147058, 0.00038779863244518993, -0.0018016305164839552, -0.0021704206157401205, 0.003319860402527211, -0.0024600413667844167, 0.004634713716825862, -0.0019446646905883608, -0.002320686085657981, 0.0024837320238540192, -0.0020185042705140465, -0.002278740223175438, -0.003180621914279598, -0.002891871036423411, -0.0011727710740838647, 0.0010599817776433585, 0.0034451110720608836, -0.0025118644411741852, 0.003933897844000839, -0.001569531398747171, 0.0001038394490157697, 0.0036214014615953767, -0.0022284693915592415, -0.0033336686871247973, 0.0023220989722541325, 0.0032092640853539182, -0.0020047230603392097, -0.002254741156992048, 0.0009647724696608507, -0.0008436076387931122, -0.0022967939749415607, 0.005011618957058254, 0.0024869932637307454, 0.0008250456794649731, 0.0018013243907225576, -0.001407960307900201, -0.0012409682912906297, -0.003747833075540502, 0.007725193815717486, -0.002581059463962899, 0.0046785587134428284, -0.002633481107582066, 0.006086857592958318, 0.0009757931994823419, -0.0023846960947481875]
Daily Returns: [-0.0028519130669272417, 0.004957, 0, 0, 0, 0, 0, 0, 0, 0, 0, 0, -0.002588216794124713, 0, 0, -0.0023459469521189286, 0, 0, 0, 0, 0, 0, 0, 0, 0, 0, 0, 0, 0, 0, 0, 0.00420642903359948, 0, 0, 0.0037768024285579228, 0, 0, 0, 0, 0, 0.0003086965370428791, 0, 0, 0.0006325127484733076, 0, 0, -0.001546786048114515, 0, 0, 0, 0, -0.0016339597250258394, 0, 0, 0, 0, 0, 0, 0, 0, -0.0021727569559380623, 0, 0, 0, 0, 0, -0.002177488108372, 0.008206226589991915, 0, 0, 0, 0, 0, 0, 0, 0, 0, 0, -0.003006675296754859, -0.005982174021539685, 0, 0.0016321120138351602, 0.0001583647654750433, 0, 0, 0, 0, 0, 0, 0, 0, 0, 0, 0, 0, 0, 0, 0, 0, 0, 0, 0.0033819145261697685, 0, 0, 0, 0, 0.0031089380399181507, 0.0009262443191911875, 0.0036380300984067493, 0, 0, 0, 0, 0, 0, 0, 0, 0, 0, 0, 0.00018590147458356655, 0.0008255629525546318, 0, 0, 0, 0, 0, 0, 0, 0, -0.0018202688031566697, 0, 0, 0, 0, 0, 0, 0, 0, 0, 0, 0, 0, 0, 0, -0.0025816417148964805, 0, 0.004580005012630371, 0, 0, 0.0077106920675634166, 0.004817686492001315, 0, 0, 0, 0.003261044033587818, 0, -0.0019430460668219665, 0, 0, -2.5087986632195244e-05, 0, 0, 0, 0, 0, 0, 0, 0, -0.0017123780768268846, 0, 0, 0, 0, 0, -0.002326889569318319, 0, -0.0022043735566804794, 0.004073816392404485, 0, 0, 0.004734199683961813, 0, 0, 0, 0, 0.004080538152835539, 0, 0, 0, 0, 0, 0, 0, 0, -0.001869439567421927, 0, 0, 0, 0, 0, 0, 0, 0, 0, 0, 0, 0, 0, 0, -0.00038213674095864474, 0, 0, 0, 0, 0, 0.004257891234650052, 0, 0, 0, 0, 0, 0, 0.0013705132550077804, 0, 0, 0, -0.0016513728667552747, 0, 0.000300741636401179, 0, 0, 0, 0, -0.0020828978517353778, 0, 0, 0, 0, 0, 0, -0.00011207220931574927, 0, 0, 0, 0, 0, 0, 0, 0, 0, 0.002330360419754242, 0, 0, 0, 0, 0, -0.0009510073475102415, 0, 0, 0, 0, 0, -0.001513463446919689, -0.0014260464647611983, 0, 0, 0, -0.0017747061816528308, 0, 0.003501628217565922, 0, -0.002216798759750302, 0, 0, 0, 0, -0.0014653984730390406, 0, 0, 0.0010572354696729471, 0, -0.0014299688535239373, 0, 0, 0, -0.00179283512536664, 0, 0, 0, 0, -0.002306253188737704, 0, 0, 0, 0, 0, 0, 0, -0.002244297502284026, 0, 0.0034654915259652985, 0, -0.001858508152796431, 0, 0, 0, 0.002858908464690238, 0, 0, 0, 0, 0, -0.002527871223820836, 0, -0.0021468332902049862, 0, 0, 0, 0, 0, 0, -0.0016311785584658008, 0, 0.0033615818989833767, -0.002013820232632757, 0, 0, 0, 0, 0, 0, 0, 0, 0, -0.001985139303160986, 0.0011554579629878524, 0, 0, -0.0020950997367406377, -0.0024793704167536145, 0, 0, 0.005761326066344613, 0, 0, 0, 0.004993770354621885, 0, 0, 0, 0, 0, 0.002150207878013915, 0, 0, -0.0016649994912075327, 0, 0, 0, 0, 0, 0, -0.003306403622778808, 0, 0, 0, -0.0014270059607283613, 0, 0.0020918154158573927, 0, -0.0015938992860779267, 0, 0, 0, 0.0005472610893544942, 0, 0, 0, 0.002251594734264223, 0, -0.0019412984123651639, 0, 0, 0, 0.004913029611686007, 0, 0, 0, -0.002205922743833107, 0.0033251660052105647, 0, 0, 0.001420355629378831, 0, 0, 0, 0, 0, 0, 0, 0, -0.001964522058611414, 0, 0, 0, 0, 0, 0, 0, 0, 0, 0, 0.003929918177864142, 0, -0.002609146082345951, 0, 0, 0, 0, -0.002422353879670676, 0, 0, 0, 0, 0, 0, 0, 0, 0, 0, 0, 0, 0, 0, 0, 0, 0.0006130356838571614, 0, 0, 0, 0, -0.0018948585521188167, 0, 0, -0.0039097931218238955, 0, 0, 0.003517134274460067, 0, -0.0020899006679294743, 0, 0, 0, 0, 0, 0.003576100592709489, 0, 0, 0, 0, 0, -0.002865008774539957, 0, 0, 0, 0, 0, 0, 0, 0, -0.0022036688828451093, 0, 0, -0.0018286415931174035, 0, 0, -0.0022071486493439015, 0, 0, 0, 0, 0, 0, -0.0020339498151018378, 0, 0, 0, 0, 0, 0.0006238671837585538, 0, 0, 0.0013846005533254529, 0, 0, 0.003654655567669822, 0, 0, 0, 0, 0, 0.003540794709017862, 0, 0, 0, 0, 0.00035155947480002963, 0, 0, 0, 0, 0, 0, 0, -0.002227141722921375, 0, 0, 0, 0, 0, 0, 0, 0.0022542104654427464, 0, 0, 0, 0, 0, 0, 0, 0, 0, -0.002150258688990024, 0.0011274693297047664, 0, 0, -0.002392021400804568, 0, 0.003594882621069938, -0.001796148865166429, 0, 0, 0, 0.0009247314498220407, 0, -0.0020929629863647024, -0.0020941808822032863, 0, 0, 0, 0, -0.001257050798414284, 0, 0, 0, -0.004131291618458094, 0, 0, 0, 0, 0, 0, 0, 0, 0, 0, 0, 0, 0, 0.0044900630407006745, -0.002485780684447931, 0, 0, 0, 0, 0, 0, 0, 0, -0.0005170677606271361, 0, -0.0027815020940529524, 0, 0, 0, 0, 0, -0.0011270367776321864, 0, 0, 0, 0, 0, 0.0030915895701316763, 0, 0, 0, 0, 0, 0, 0, 0, 0, 0, 0, 0, 0, 0, 0, 0, 0, 0, 0, 0, 0, 0, 0, 0, 0, 0, 0, 0, 0, 0, -0.002350251483368681, 0, 0, 0, 0, 0.0031096800063832937, 0.0025302832868713074, 0, 0, -0.0014471842271874934, 0, 0, 0, 0, 0, 0, 0, 0, 0, 0, 0, 0, -0.001949757887528504, 0, 0, 0, 0, 0, -0.001963745467741977, 0, 0, 0, 0, 0, -0.001719376721425747, -0.0018811667368200666, 0, 0, 0.002968692224290396, 0, 0.0030491436426868385, -0.0007399656395854769, 0.00028284556300413425, 0, 0, 0, 0, 0, 0, 0, 0, 0, 0, 0, -0.0025301663187205017, 0, 0, 0, 0, 0.004941947485983423, -0.0023907080678352184, 0, 0, 0, 0, -0.0005643440831127568, 0.006061943461468442, 0, 0.00038779863244518993, -0.003972051132224076, 0, 0, 0, 0, 0, 0, 0.0008598190357427945, 0.004634713716825862, 0, 0, 0, 0, 0, -0.0019446646905883608, 0, 0, 0, 0, -0.002320686085657981, 0, 0, 0, 0, 0, 0.0024837320238540192, 0, 0, 0, 0, 0, -0.0020185042705140465, 0, -0.002278740223175438, 0, 0, 0, 0, 0, -0.003180621914279598, 0, -0.002891871036423411, 0, 0, -0.0011727710740838647, 0, 0, 0, 0, 0, 0, 0, 0, 0.0010599817776433585, 0.0034451110720608836, 0, 0, 0, -0.0025118644411741852, 0.003933897844000839, 0, 0, 0, 0, 0, 0, 0, 0, -0.001569531398747171, 0, 0, 0, 0, 0.0001038394490157697, 0, 0, 0, 0, 0, 0.0036214014615953767, 0, 0, 0, -0.0022284693915592415, 0, 0, 0, -0.0033336686871247973, 0, 0, 0, 0, 0, 0.0023220989722541325, 0, 0, 0.0032092640853539182, 0, 0, 0, 0, 0, 0, 0, 0, 0, 0, 0, 0, 0, 0, 0, 0, 0, 0, 0, -0.0020047230603392097, 0, 0, 0, 0, 0, 0, -0.002254741156992048, 0, 0.0009647724696608507, 0, 0, 0, 0, 0, 0, 0, -0.0008436076387931122, 0, 0.002714824982116693, 0, 0, 0, 0, 0.0024869932637307454, 0, 0, 0, 0, 0, 0, 0, 0, 0, 0, 0, 0.0008250456794649731, 0, 0, 0, 0, 0, 0, 0, 0, 0.0003933640828223566, -0.0012409682912906297, 0, 0, 0, 0, 0, 0, 0.003977360740176983, 0, 0, 0, 0, 0, 0, -0.002581059463962899, 0, 0, 0, 0.0046785587134428284, 0, -0.002633481107582066, 0.006086857592958318, 0, 0, 0.0009757931994823419, -0.0023846960947481875, 0]
Start Date: 2022-02-03
End Date: 2024-11-28
Sharpe Ratio: 0.025
Annualized Sharpe: 0.403
Sharpe 95% CI: (np.float64(-0.648), np.float64(1.389))
Sortino Ratio: 0.039
CAGR: 0.008
Calmar Ratio: 0.316
Daily Win Rate (%): 0.422
Max Drawdown: 0.025
Profit Factor: 1.124
Expectancy: 0.000138
Average Win: 0.002955
Average Loss: 0.001915
Total Trades: 204
Total Days: 883

Rolling 8 - Variant 0 - atr_0.25_2 - Test Metrics
Contracts: [10, 11, 6, 10, 10, 7, 6, 6, 6, 6, 6, 6, 7, 10, 8, 8, 8, 8, 8, 7, 7, 7, 7, 7, 7, 7, 7, 7, 8, 5, 7, 7, 7, 7, 5, 7, 6, 6, 6, 6, 6, 6, 6, 6, 6, 6, 5, 7, 7, 7, 8, 7, 6, 5, 6, 5, 6, 6, 6, 6, 5, 9, 5, 10, 5, 5, 6, 6, 6, 6, 6, 7, 8, 7, 6, 7, 7, 7, 7, 8, 8, 8, 8, 9, 9, 9, 9, 10, 11, 11, 8, 10, 7, 7, 7, 7, 7, 8, 9, 9, 10, 10, 9, 9, 10, 11, 11, 12, 11, 11, 11, 11, 11, 10, 10, 10, 10, 10, 10, 10, 10, 10, 10, 11, 11, 11, 11, 9, 10, 10, 10, 10, 10, 10, 10, 10, 10, 10, 10, 10, 10, 11, 12, 10, 10, 9, 11, 9, 12, 10, 10, 10, 10, 12, 12, 14, 13, 13, 13, 15, 14, 13, 14, 12, 12, 12, 12, 12, 12, 12, 12, 12, 12, 12, 15, 13, 14, 14, 15, 13, 13, 12, 13, 13, 13, 12, 16, 17, 15, 12, 14, 15, 12, 12, 13, 11, 11, 11, 11, 7, 9, 14, 14, 14, 12, 8, 10, 8, 8, 8, 8, 8, 8, 8, 8, 8, 8, 9, 8, 9, 9, 7, 8, 8, 8, 8, 8, 9, 9, 9, 9, 7, 7, 6, 5, 5, 5, 7, 6, 6, 8, 8, 8, 8, 8, 8, 8, 9, 9, 10, 9, 9, 9, 10, 9, 8, 8, 8, 8, 8, 8, 8, 7, 8, 9, 11, 9, 9, 9, 11, 11, 11, 11, 13, 12, 12]
Trade Returns: [0.003050802276382679, 0.0016987940736564366, -0.0019541037282904444, -0.0016210857405567953, -0.0017179108378858837, 0.002019697536147998, 0.004210164515245211, -0.0023600173900567255, 0.004086556908196493, -0.0021027557758039176, 0.003929490694280579, -0.0021988143388211785, -0.001966704007339948, 0.0029638984197682045, -0.0021556168391068486, -0.0016297854810825535, -0.001868182910597877, -0.0018646993112112684, -0.0026358907019206125, 0.002247105745073891, -0.002272621877034773, 0.0033425422530467684, 0.00235452795063287, -0.0018812803350669036, 0.0050984918710002295, 0.006648282076338167, 0.0013145606762977873, -0.003998910739420082, 0.004577129451174134, -0.0026481908246076945, 0.002926779362269117, -0.0016121301757522168, -0.0016100211593870085, 0.0034214438240220348, -0.0015987088217760204, 0.0040921220546962555, 0.0031203624191637794, 0.002586752068730123, -0.00017519752238030105, -0.0018856989349183948, 0.0030138310051577677, -0.0018361249031938645, -3.271240932886689e-05, -0.00201601572072883, -0.0029312934153527567, 0.0030950046319944157, -0.0018697443087285926, -0.0021923197960693227, -0.0026692581311666564, 0.0015995603897910708, -0.0018547359383948461, 6.301528322341807e-05, -0.0008975269884846941, 0.00285113135287894, -0.0021899809426408866, -0.0019545944932201683, 0.001697783961864368, -0.001666796484716219, -0.0020407199656573382, 0.00028716761525839405, -0.00187470077279524, -0.002246914750188776, 0.0010396829555592375, -0.0018240757202954907, -0.002034601239903238, 0.003940377261384171, -0.002096921359842264, 0.003668065136394687, 0.004065785238533558, 0.003536720032239331, -0.0029929753243706165, 0.004991169152377847]
Daily Returns: [0.003050802276382679, 0, 0.0016987940736564366, 0, 0, -0.0019541037282904444, 0, 0, 0, -0.0016210857405567953, 0, 0, 0, 0, 0, 0, 0, 0, 0, 0, 0, 0, 0, 0, 0, 0, -0.0017179108378858837, 0, 0, 0.002019697536147998, 0, 0, 0.004210164515245211, -0.0023600173900567255, 0, 0, 0, 0, 0, 0.004086556908196493, 0, 0, 0, 0, -0.0021027557758039176, 0, 0, 0, 0.003929490694280579, 0, 0, -0.0021988143388211785, 0, 0, 0, 0, 0, 0, -0.001966704007339948, 0, 0, 0, 0, 0, 0.0008082815806613559, 0, 0, 0, 0, 0, 0, 0, 0, 0, 0, 0, 0, -0.005362667702891699, 0, 0, 0, -0.0026358907019206125, 0, 0, 0.002247105745073891, 0, 0, 0, 0, 0, -0.002272621877034773, 0, 0, 0.0033425422530467684, 0, 0, 0, 0, 0, 0, 0, 0, 0, 0, 0.00235452795063287, 0, 0.0032172115359333257, 0, 0, 0, 0, 0.006648282076338167, 0.0013145606762977873, -0.003998910739420082, 0.004577129451174134, 0, 0, 0, 0, 0, 0, 0, 0, 0, -0.0026481908246076945, 0, 0, 0, 0, 0, 0.0013146491865169002, 0, 0, 0, 0, -0.0016100211593870085, 0, 0, 0, 0, 0, 0, 0.0034214438240220348, 0, 0, 0, -0.0015987088217760204, 0, 0, 0, 0.0040921220546962555, 0, 0, 0, 0.0031203624191637794, 0, 0.002586752068730123, 0, 0, 0, 0, 0, 0, 0, -0.002060896457298696, 0.0011449936926350363, 0, 0, 0, 0, 0, 0, 0, 0, -0.00201601572072883, 0, -0.0029312934153527567, 0, 0, 0, 0, 0, 0, 0, 0, 0, 0, 0, 0.0012252603232658231, 0, 0, 0, 0, 0, 0, 0, 0, 0, 0, 0, -0.0021923197960693227, 0, 0, 0, 0, 0, 0, -0.0026692581311666564, 0, 0, 0, 0, 0.0015995603897910708, 0, 0, 0, 0, 0, 0, -0.0018547359383948461, 0, 6.301528322341807e-05, -0.0008975269884846941, 0, 0, 0.00285113135287894, 0, 0, -0.0021899809426408866, 0, -0.0019545944932201683, 0, 0, 0, 0.001697783961864368, 0, 0, -0.001666796484716219, 0, 0, -0.0020407199656573382, 0, 0, 0, 0, 0.00028716761525839405, -0.00187470077279524, -0.002246914750188776, 0.0010396829555592375, 0, 0, 0, 0, 0, 0, 0, -0.0018240757202954907, 0, 0, 0, 0, -0.002034601239903238, 0, 0, 0.0018434559015419075, 0, 0, 0, 0.003668065136394687, 0, 0, 0, 0, 0, 0.004065785238533558, 0, 0, 0, 0, 0, 0, 0, 0, 0, 0, 0.003536720032239331, -0.0029929753243706165, 0.004991169152377847, 0, 0, 0, 0, 0, 0]
Start Date: 2024-11-29
End Date: 2025-11-06
Sharpe Ratio: 0.05
Annualized Sharpe: 0.791
Sharpe 95% CI: (np.float64(-1.004), np.float64(2.463))
Sortino Ratio: 0.078
CAGR: 0.016
Calmar Ratio: 0.777
Daily Win Rate (%): 0.444
Max Drawdown: 0.02
Profit Factor: 1.235
Expectancy: 0.000258
Average Win: 0.003048
Average Loss: 0.001975
Total Trades: 72
Total Days: 294



Rolling 8 - Variant 1 - atr_0.25_6 - Fit Metrics
Contracts: [10, 11, 6, 10, 10, 7, 6, 6, 6, 6, 6, 6, 7, 10, 8, 8, 8, 8, 8, 7, 7, 7, 7, 7, 7, 7, 7, 7, 8, 5, 7, 7, 7, 7, 5, 7, 6, 6, 6, 6, 6, 6, 6, 6, 6, 6, 5, 7, 7, 7, 8, 7, 6, 5, 5, 5, 6, 6, 6, 6, 5, 9, 5, 9, 5, 5, 6, 6, 6, 6, 6, 7, 8, 7, 6, 7, 7, 7, 7, 8, 8, 8, 8, 9, 9, 9, 9, 10, 11, 11, 7, 10, 7, 7, 7, 7, 7, 8, 9, 9, 10, 10, 9, 9, 9, 11, 11, 11, 11, 11, 11, 11, 10, 10, 10, 10, 10, 10, 10, 10, 10, 10, 10, 11, 11, 12, 11, 10, 10, 11, 10, 10, 10, 10, 10, 10, 10, 10, 11, 11, 10, 11, 12, 10, 10, 9, 11, 9, 12, 10, 10, 10, 10, 13, 12, 14, 13, 14, 13, 15, 14, 13, 14, 12, 12, 12, 12, 12, 12, 12, 12, 12, 12, 12, 15, 13, 15, 14, 15, 13, 14, 12, 13, 13, 13, 12, 16, 17, 15, 12, 14, 15, 12, 12, 13, 11, 11, 11, 11, 7, 9, 14, 14, 14, 12, 8, 10, 8, 8, 8, 8, 8, 8, 8, 8, 8, 9, 9, 8, 9, 9, 7, 8, 8, 8, 8, 8, 9, 9, 9, 9, 7, 7, 6, 5, 5, 5, 7, 6, 6, 8, 8, 8, 8, 8, 8, 8, 8, 9, 10, 9, 9, 9, 10, 9, 8, 8, 8, 8, 8, 8, 8, 7, 8, 9, 11, 9, 9, 9, 11, 11, 11, 11, 13, 12, 12]
Trade Returns: [-0.0028620588589212347, 0.0013944999999999663, -0.0025974086823431983, -0.0023543001309382673, 0.004221442148990723, 0.003079408576372763, 0.0003100090556062336, 0.002510916248678037, -0.001327922814374787, -0.00047307217124611934, -0.0015532407469505247, -0.0016407888046029856, -0.002181871974037282, -0.0021866429490049423, -0.0022415958589465977, 0.003635393079390315, -0.0030399599347226114, -0.0028878948433865848, -0.003160805786531552, 0.001650345110071621, -0.00025117110990235687, 0.00041130326801338933, 0.007312149593938783, 0.0039657202545010884, 0.0009321417035338353, -0.002031942365708676, 0.00018786966456134146, 0.003106411186027505, -0.0021577485566083056, -0.0008132990307356836, -0.0018405671350609045, -0.002610867715636113, 0.002453325757927158, 0.0028969765704821575, 0.0038226833668985752, -0.00017449072628438945, 0.003920472346831247, 0.0028297890350100887, -0.00168941421709165, -0.0002847617779565963, -2.54906228594257e-05, -0.0017317298313963261, -0.0023642389442605338, -0.002239840254080007, 0.0023588316935886644, 0.009622092028561863, 0.004133324419887369, -0.0018935232867805165, -0.0003854038380973737, 0.008618627450980458, 0.012154090672402477, -0.0025826844758499367, -0.001672687624362711, 0.00030085649994342705, -0.0020836917242002414, -0.00011387089816529625, -0.001287205199614264, -0.0009548088328568294, -0.0015106995006012765, -0.0014234382224945943, -0.0017947263170543454, 0.004982610155116955, -0.0022127384501160353, -0.001462708483052527, 0.0010552918899253707, -0.001427342826734363, -0.0017895380167341456, -0.002302004276401576, -0.002240135928500417, 0.003714281074785653, -0.0018550542062396934, 0.0012423277253562988, -0.002526611982024468, -0.002142860973535871, -0.0016303656867453276, 0.0052019565895092285, -0.0020101015219884276, -0.001979114145746409, 0.0011519440425021051, -0.002088735556259736, -0.0024718231921447595, -0.0031148511823321373, 0.005705502570277877, 0.0021491340534976608, -0.0014744493549575936, -0.0019061036067875273, -0.0014396582602840286, -0.0014440630232076905, 0.006581345192065552, -0.0016129205022459446, 0.000551341885338868, 0.00226840797255886, -0.0019557662369053563, 0.003975679593339291, -0.002224432534455179, 0.003353129514627602, 0.004323046801756419, -0.002208228189947568, -0.0019878413774582883, -0.002245144628154253, -0.002633307735818592, -0.002241107911709414, 0.0006203254547865483, -0.0017431511077710708, -0.0027121538290448186, -0.0012441425414731293, 0.0019486476422108704, -0.002098649692605881, 0.011182896035279272, -0.002877019367393588, -0.002203204014001348, -0.001786773542462715, -4.1481427173338624e-05, -0.0022331428393344787, -0.002033518527908365, 0.0006237346268044753, 0.013425822722333364, -0.00297145907896665, 0.0008875753704428272, 0.006052812642504537, 0.000347469400904757, -0.0022401152454444967, 0.002451231229595571, -0.0021252244562884066, -0.0019507198328052645, 0.003065000957633512, -0.002364689339593413, 0.003432983786195977, -0.001775151835036303, 0.000914049543204604, -0.002068808494176514, -0.0022998060668085107, -0.0012430497846725099, -0.0017661147381639603, -0.00255052676173623, -0.0024640011658223367, -0.0024579447870016376, -0.0005148212614217802, -0.0027694507974701174, -0.0011267980653419084, 0.007521388206536692, -0.0023400351092973857, 0.0037504808606803894, 0.00020183943984578565, 0.004101290668471673, -0.0014374042489009398, -0.001937971080022395, -0.0019551891855063394, -0.0017089653740426868, -0.0020135836017528587, 0.004374730661692204, -0.0018797608250284315, -0.0007381724183166796, 0.0002811323658583098, -0.0025240308589176835, 0.004211565538842832, -0.0023640000856270217, -0.0005629689455161321, 0.002587247305243816, 0.0014113044276413693, 0.00038764932137036955, -0.0018009371175707698, -0.0021695837723786442, 0.010349462313090767, -0.0024419814360698813, 0.006344580356061451, -0.0019270735151203455, -0.002315044359507316, 0.005841002096302615, -0.0021358727657491707, -0.0022507558060550557, -0.003141473688298286, -0.002865661051067465, -0.0012473657744842697, 0.0010454084810891512, 0.002770200784762765, -0.0024790331939044657, 0.005416083885843594, -0.0015501521686116695, 0.00010358762021043464, 0.000417933150952952, -0.0022325183860510494, -0.0033397393148732824, 0.002326338192023165, 0.010134805391438708, -0.0019946145598986613, -0.002243349257208765, 0.0009599030867074649, -0.0008393463394328185, -0.0022893122151769175, 0.0031986573815123644, 0.002474399676896573, 0.0008265531263513538, 0.0018003142730081375, -0.0014071721934219503, -0.00124027267277002, -0.003745729637764485, -0.00410387863152501, -0.0028063312086635582, 0.005764592040924597, -0.002602807066175548, 0.011960439071086128, 0.000972796795096231, -0.0023773804366106445]
Daily Returns: [-0.0028620588589212347, 0.0013944999999999663, 0, 0, 0, 0, 0, 0, 0, 0, 0, 0, -0.0025974086823431983, 0, 0, -0.0023543001309382673, 0, 0, 0, 0, 0, 0, 0, 0, 0, 0, 0, 0, 0, 0, 0, 0.004221442148990723, 0, 0, 0.003079408576372763, 0, 0, 0, 0, 0, 0.0003100090556062336, 0, 0, 0.0007099212630571307, 0, 0, -0.0015532407469505247, 0, 0, 0, 0, -0.0016407888046029856, 0, 0, 0, 0, 0, 0, 0, 0, -0.002181871974037282, 0, 0, 0, 0, 0, -0.0021866429490049423, 0.001393797220443717, 0, 0, 0, 0, 0, 0, 0, 0, 0, 0, -0.0030399599347226114, -0.006048700629918137, 0, 0.001650345110071621, 0.00016013215811103246, 0, 0, 0, 0, 0, 0, 0, 0, 0, 0, 0, 0, 0, 0, 0, 0, 0, 0, 0.007312149593938783, 0, 0, 0, 0, 0.0039657202545010884, 0.0009321417035338353, -0.002031942365708676, 0, 0, 0, 0, 0, 0, 0, 0, 0, 0, 0, 0.00018786966456134146, 0.00013536359868351574, 0, 0, 0, 0, 0, 0, 0, 0, -0.0018405671350609045, 0, 0, 0, 0, 0, 0, 0, 0, 0, 0, 0, 0, 0, 0, -0.002610867715636113, 0, 0.002453325757927158, 0, 0, 0.0065451692110963435, 0.003920472346831247, 0, 0, 0, 0.0028297890350100887, 0, -0.0019741759950482464, 0, 0, -2.54906228594257e-05, 0, 0, 0, 0, 0, 0, 0, 0, -0.0017317298313963261, 0, 0, 0, 0, 0, -0.0023642389442605338, 0, -0.002239840254080007, 0.0023588316935886644, 0, 0, 0.009622092028561863, 0, 0, 0, 0, 0.004133324419887369, 0, 0, 0, 0, 0, 0, 0, 0, -0.0018935232867805165, 0, 0, 0, 0, 0, 0, 0, 0, 0, 0, 0, 0, 0, 0, -0.0003854038380973737, 0, 0, 0, 0, 0, 0.008618627450980458, 0, 0, 0, 0, 0, 0, 0.00957140619655254, 0, 0, 0, -0.001672687624362711, 0, 0.00030085649994342705, 0, 0, 0, 0, -0.0020836917242002414, 0, 0, 0, 0, 0, 0, -0.00011387089816529625, 0, 0, 0, 0, 0, 0, 0, 0, 0, -0.001287205199614264, 0, 0, 0, 0, 0, -0.0009548088328568294, 0, 0, 0, 0, 0, -0.0015106995006012765, -0.0014234382224945943, 0, 0, 0, -0.0017947263170543454, 0, 0.004982610155116955, 0, -0.0022127384501160353, 0, 0, 0, 0, -0.001462708483052527, 0, 0, 0.0010552918899253707, 0, -0.001427342826734363, 0, 0, 0, -0.0017895380167341456, 0, 0, 0, 0, -0.002302004276401576, 0, 0, 0, 0, 0, 0, 0, -0.002240135928500417, 0, 0.003714281074785653, 0, -0.0018550542062396934, 0, 0, 0, 0.0012423277253562988, 0, 0, 0, 0, 0, -0.002526611982024468, 0, -0.002142860973535871, 0, 0, 0, 0, 0, 0, -0.0016303656867453276, 0, 0.0052019565895092285, -0.0020101015219884276, 0, 0, 0, 0, 0, 0, 0, 0, 0, -0.001979114145746409, 0.0011519440425021051, 0, 0, -0.002088735556259736, -0.0024718231921447595, 0, 0, -0.0031148511823321373, 0, 0, 0, 0.005705502570277877, 0, 0, 0, 0, 0, 0.0021491340534976608, 0, 0, -0.0014744493549575936, 0, 0, 0, 0, 0, 0, -0.003345761867071556, 0, 0, 0, -0.0014440630232076905, 0, 0.006581345192065552, 0, -0.0016129205022459446, 0, 0, 0, 0.000551341885338868, 0, 0, 0, 0.00226840797255886, 0, -0.0019557662369053563, 0, 0, 0, 0.003975679593339291, 0, 0, 0, -0.002224432534455179, 0.003353129514627602, 0, 0, 0.0021148186118088506, 0, 0, 0, 0, 0, 0, 0, 0, -0.0019878413774582883, 0, 0, 0, 0, 0, 0, 0, 0, 0, 0, -0.002245144628154253, 0, -0.002633307735818592, 0, 0, 0, 0, -0.002241107911709414, 0, 0, 0, 0, 0, 0, 0, 0, 0, 0, 0, 0, 0, 0, 0, 0, 0.0006203254547865483, 0, 0, 0, 0, -0.0017431511077710708, 0, 0, -0.003956296370517948, 0, 0, 0.0019486476422108704, 0, -0.002098649692605881, 0, 0, 0, 0, 0, 0.011182896035279272, 0, 0, 0, 0, 0, -0.002877019367393588, 0, 0, 0, 0, 0, 0, 0, 0, -0.002203204014001348, 0, 0, -0.0018282549696360536, 0, 0, -0.0022331428393344787, 0, 0, 0, 0, 0, 0, -0.002033518527908365, 0, 0, 0, 0, 0, 0.0006237346268044753, 0, 0, 0.010454363643366714, 0, 0, 0.0008875753704428272, 0, 0, 0, 0, 0, 0.006052812642504537, 0, 0, 0, 0, 0.000347469400904757, 0, 0, 0, 0, 0, 0, 0, -0.0022401152454444967, 0, 0, 0, 0, 0, 0, 0, 0.002451231229595571, 0, 0, 0, 0, 0, 0, 0, 0, 0, -0.0021252244562884066, 0.0011142811248282475, 0, 0, -0.002364689339593413, 0, 0.003432983786195977, -0.001775151835036303, 0, 0, 0, 0.000914049543204604, 0, -0.002068808494176514, -0.0022998060668085107, 0, 0, 0, 0, -0.0012430497846725099, 0, 0, 0, -0.00431664149990019, 0, 0, 0, 0, 0, 0, 0, 0, 0, 0, 0, 0, 0, -0.0024640011658223367, -0.0024579447870016376, 0, 0, 0, 0, 0, 0, 0, 0, -0.0005148212614217802, 0, -0.0027694507974701174, 0, 0, 0, 0, 0, -0.0011267980653419084, 0, 0, 0, 0, 0, 0.007521388206536692, 0, 0, 0, 0, 0, 0, 0, 0, 0, 0, 0, 0, 0, 0, 0, 0, 0, 0, 0, 0, 0, 0, 0, 0, 0, 0, 0, 0, 0, 0, -0.0023400351092973857, 0, 0, 0, 0, 0.003952320300526175, 0.004101290668471673, 0, 0, -0.0014374042489009398, 0, 0, 0, 0, 0, 0, 0, 0, 0, 0, 0, 0, -0.001937971080022395, 0, 0, 0, 0, 0, -0.0019551891855063394, 0, 0, 0, 0, 0, -0.0017089653740426868, -0.0020135836017528587, 0, 0, 0.004374730661692204, 0, -0.0018797608250284315, -0.0007381724183166796, 0.0002811323658583098, 0, 0, 0, 0, 0, 0, 0, 0, 0, 0, 0, -0.0025240308589176835, 0, 0, 0, 0, 0.004211565538842832, -0.0023640000856270217, 0, 0, 0, 0, -0.0005629689455161321, 0.003998551732885185, 0, 0.00038764932137036955, -0.0039705208899494145, 0, 0, 0, 0, 0, 0, 0.007907480877020886, 0.006344580356061451, 0, 0, 0, 0, 0, -0.0019270735151203455, 0, 0, 0, 0, -0.002315044359507316, 0, 0, 0, 0, 0, 0.005841002096302615, 0, 0, 0, 0, 0, -0.0021358727657491707, 0, -0.0022507558060550557, 0, 0, 0, 0, 0, -0.003141473688298286, 0, -0.002865661051067465, 0, 0, -0.0012473657744842697, 0, 0, 0, 0, 0, 0, 0, 0, 0.0010454084810891512, 0.002770200784762765, 0, 0, 0, -0.0024790331939044657, 0.005416083885843594, 0, 0, 0, 0, 0, 0, 0, 0, -0.0015501521686116695, 0, 0, 0, 0, 0.00010358762021043464, 0, 0, 0, 0, 0, 0.000417933150952952, 0, 0, 0, -0.0022325183860510494, 0, 0, 0, -0.0033397393148732824, 0, 0, 0, 0, 0, 0.002326338192023165, 0, 0, 0.010134805391438708, 0, 0, 0, 0, 0, 0, 0, 0, 0, 0, 0, 0, 0, 0, 0, 0, 0, 0, 0, -0.0019946145598986613, 0, 0, 0, 0, 0, 0, -0.002243349257208765, 0, 0.0009599030867074649, 0, 0, 0, 0, 0, 0, 0, -0.0008393463394328185, 0, 0.0009093451663354469, 0, 0, 0, 0, 0.002474399676896573, 0, 0, 0, 0, 0, 0, 0, 0, 0, 0, 0, 0.0008265531263513538, 0, 0, 0, 0, 0, 0, 0, 0, 0.0003931420795861872, -0.00124027267277002, 0, 0, 0, 0, 0, 0, -0.007849608269289494, 0, 0, 0, 0, 0, 0, -0.0028063312086635582, 0, 0, 0, 0.005764592040924597, 0, -0.002602807066175548, 0.011960439071086128, 0, 0, 0.000972796795096231, -0.0023773804366106445, 0]
Start Date: 2022-02-03
End Date: 2024-11-28
Sharpe Ratio: 0.024
Annualized Sharpe: 0.38
Sharpe 95% CI: (np.float64(-0.681), np.float64(1.318))
Sortino Ratio: 0.037
CAGR: 0.009
Calmar Ratio: 0.355
Daily Win Rate (%): 0.382
Max Drawdown: 0.026
Profit Factor: 1.134
Expectancy: 0.000161
Average Win: 0.003571
Average Loss: 0.00195
Total Trades: 204
Total Days: 883

Rolling 8 - Variant 1 - atr_0.25_6 - Test Metrics
Contracts: [10, 11, 6, 10, 10, 7, 6, 6, 6, 6, 6, 6, 7, 10, 8, 8, 8, 8, 8, 7, 7, 7, 7, 7, 7, 7, 7, 7, 8, 5, 7, 7, 7, 7, 5, 7, 6, 6, 6, 6, 6, 6, 6, 6, 6, 6, 5, 7, 7, 7, 8, 7, 6, 5, 5, 5, 6, 6, 6, 6, 5, 9, 5, 9, 5, 5, 6, 6, 6, 6, 6, 7, 8, 7, 6, 7, 7, 7, 7, 8, 8, 8, 8, 9, 9, 9, 9, 10, 11, 11, 7, 10, 7, 7, 7, 7, 7, 8, 9, 9, 10, 10, 9, 9, 9, 11, 11, 11, 11, 11, 11, 11, 10, 10, 10, 10, 10, 10, 10, 10, 10, 10, 10, 11, 11, 12, 11, 10, 10, 11, 10, 10, 10, 10, 10, 10, 10, 10, 11, 11, 10, 11, 12, 10, 10, 9, 11, 9, 12, 10, 10, 10, 10, 13, 12, 14, 13, 14, 13, 15, 14, 13, 14, 12, 12, 12, 12, 12, 12, 12, 12, 12, 12, 12, 15, 13, 15, 14, 15, 13, 14, 12, 13, 13, 13, 12, 16, 17, 15, 12, 14, 15, 12, 12, 13, 11, 11, 11, 11, 7, 9, 14, 14, 14, 12, 8, 10, 8, 8, 8, 8, 8, 8, 8, 8, 8, 9, 9, 8, 9, 9, 7, 8, 8, 8, 8, 8, 9, 9, 9, 9, 7, 7, 6, 5, 5, 5, 7, 6, 6, 8, 8, 8, 8, 8, 8, 8, 8, 9, 10, 9, 9, 9, 10, 9, 8, 8, 8, 8, 8, 8, 8, 7, 8, 9, 11, 9, 9, 9, 11, 11, 11, 11, 13, 12, 12]
Trade Returns: [0.004489026175450568, 0.0016935701741727122, -0.0019481048948768835, -0.0016160995135054983, -0.0017111469129040702, 0.0020277872945039343, 0.004933887511533626, -0.0023490164637621595, -0.00225147030386568, -0.002092930963746611, 0.004784535244346854, -0.0022024213547590593, -0.0019699373822043556, 0.009166685833332324, -0.002159167792722984, -0.0016224147520690869, -0.0018597497384847106, -0.001856297489713666, -0.002627769956538104, 0.0022458398353271247, -0.0022623272086633255, 0.000614674016286266, 0.002336054079321098, -0.0018665540152722232, 0.008447593359816267, 0.0013967829713237036, 0.0013110910126285758, -0.003985854478979612, 0.004593459505335143, -0.0026412103172080877, 0.003698943883608853, -0.0016078694223151096, -0.0016045237863777533, 0.003530968404024692, -0.0015993644535285277, 0.00013879847457695785, 0.004220949237531377, 0.0025849784537534067, -0.00017507770734802804, -0.001884409107078386, 0.0004429738692986705, -0.0018395817043785363, -3.2774109215918524e-05, -0.0017953940577449196, -0.0029361733077201656, 0.00959139307632552, -0.0018728745149118717, -0.0021818772117911966, -0.0026737148841581688, 0.001591907497711346, -0.0018458762952755108, 6.271371718683091e-05, -0.0008932320512957552, -0.0006069916850080041, -0.002187033383134521, -0.001951957981091703, 0.0016954893772229392, -0.0016645475931624566, -0.0020379619745779405, 0.00028708322910788597, -0.0018741500373711019, -0.0022361887131761254, 0.0010347255534061113, -0.001823538850942937, -0.0020340013138387485, 0.004869024572141819, -0.0020943645054654113, 0.002603480198084884, 0.0038621212269367446, 0.0024414923764902513, -0.002993191365601199, 0.009024392187732344]
Daily Returns: [0.004489026175450568, 0, 0.0016935701741727122, 0, 0, -0.0019481048948768835, 0, 0, 0, -0.0016160995135054983, 0, 0, 0, 0, 0, 0, 0, 0, 0, 0, 0, 0, 0, 0, 0, 0, -0.0017111469129040702, 0, 0, 0.0020277872945039343, 0, 0, 0.004933887511533626, -0.0023490164637621595, 0, 0, 0, 0, 0, -0.00225147030386568, 0, 0, 0, 0, -0.002092930963746611, 0, 0, 0, 0.004784535244346854, 0, 0, -0.0022024213547590593, 0, 0, 0, 0, 0, 0, -0.0019699373822043556, 0, 0, 0, 0, 0, 0.00700751804060934, 0, 0, 0, 0, 0, 0, 0, 0, 0, 0, 0, 0, -0.005338461980267464, 0, 0, 0, -0.002627769956538104, 0, 0, 0.0022458398353271247, 0, 0, 0, 0, 0, -0.0022623272086633255, 0, 0, 0.000614674016286266, 0, 0, 0, 0, 0, 0, 0, 0, 0, 0, 0.002336054079321098, 0, 0.006581039344544044, 0, 0, 0, 0, 0.0013967829713237036, 0.0013110910126285758, -0.003985854478979612, 0.004593459505335143, 0, 0, 0, 0, 0, 0, 0, 0, 0, -0.0026412103172080877, 0, 0, 0, 0, 0, 0.0020910744612937433, 0, 0, 0, 0, -0.0016045237863777533, 0, 0, 0, 0, 0, 0, 0.003530968404024692, 0, 0, 0, -0.0015993644535285277, 0, 0, 0, 0.00013879847457695785, 0, 0, 0, 0.004220949237531377, 0, 0.0025849784537534067, 0, 0, 0, 0, 0, 0, 0, -0.002059486814426414, -0.0014293819442957843, 0, 0, 0, 0, 0, 0, 0, 0, -0.0017953940577449196, 0, -0.0029361733077201656, 0, 0, 0, 0, 0, 0, 0, 0, 0, 0, 0, 0.007718518561413649, 0, 0, 0, 0, 0, 0, 0, 0, 0, 0, 0, -0.0021818772117911966, 0, 0, 0, 0, 0, 0, -0.0026737148841581688, 0, 0, 0, 0, 0.001591907497711346, 0, 0, 0, 0, 0, 0, -0.0018458762952755108, 0, 6.271371718683091e-05, -0.0008932320512957552, 0, 0, -0.0006069916850080041, 0, 0, -0.002187033383134521, 0, -0.001951957981091703, 0, 0, 0, 0.0016954893772229392, 0, 0, -0.0016645475931624566, 0, 0, -0.0020379619745779405, 0, 0, 0, 0, 0.00028708322910788597, -0.0018741500373711019, -0.0022361887131761254, 0.0010347255534061113, 0, 0, 0, 0, 0, 0, 0, -0.001823538850942937, 0, 0, 0, 0, -0.0020340013138387485, 0, 0, 0.0027746600666764074, 0, 0, 0, 0.002603480198084884, 0, 0, 0, 0, 0, 0.0038621212269367446, 0, 0, 0, 0, 0, 0, 0, 0, 0, 0, 0.0024414923764902513, -0.002993191365601199, 0.009024392187732344, 0, 0, 0, 0, 0, 0]
Start Date: 2024-11-29
End Date: 2025-11-06
Sharpe Ratio: 0.043
Annualized Sharpe: 0.687
Sharpe 95% CI: (np.float64(-1.195), np.float64(2.309))
Sortino Ratio: 0.075
CAGR: 0.016
Calmar Ratio: 0.787
Daily Win Rate (%): 0.417
Max Drawdown: 0.02
Profit Factor: 1.224
Expectancy: 0.000254
Average Win: 0.003324
Average Loss: 0.00194
Total Trades: 72
Total Days: 294



Rolling 8 - Variant 2 - atr_0.25_4 - Fit Metrics
Contracts: [10, 11, 6, 10, 10, 7, 6, 6, 6, 6, 6, 6, 7, 10, 8, 8, 8, 8, 8, 7, 7, 7, 7, 7, 7, 7, 7, 7, 8, 5, 7, 7, 7, 7, 5, 7, 6, 6, 6, 6, 6, 6, 6, 6, 6, 6, 5, 7, 7, 7, 8, 7, 6, 5, 6, 6, 6, 6, 6, 6, 5, 9, 5, 10, 5, 5, 6, 6, 6, 6, 6, 7, 8, 7, 7, 7, 7, 7, 7, 8, 8, 8, 8, 9, 9, 9, 9, 10, 11, 11, 8, 10, 7, 7, 7, 7, 7, 9, 9, 9, 10, 10, 9, 10, 10, 11, 11, 12, 11, 11, 11, 11, 11, 10, 10, 10, 10, 10, 10, 10, 10, 10, 10, 11, 11, 12, 11, 10, 10, 11, 10, 10, 10, 10, 10, 10, 10, 10, 11, 11, 10, 11, 13, 10, 10, 9, 11, 9, 12, 10, 10, 10, 10, 13, 12, 14, 14, 14, 14, 15, 14, 13, 14, 12, 12, 12, 12, 12, 12, 12, 12, 12, 12, 12, 15, 13, 15, 14, 15, 13, 14, 12, 13, 13, 13, 12, 16, 17, 15, 12, 14, 15, 12, 12, 13, 11, 11, 11, 11, 7, 9, 14, 14, 14, 12, 8, 10, 8, 8, 8, 8, 8, 8, 8, 8, 8, 8, 9, 8, 9, 9, 7, 8, 8, 8, 8, 8, 9, 9, 9, 9, 7, 7, 6, 5, 5, 5, 7, 6, 6, 8, 8, 8, 8, 8, 8, 8, 8, 9, 10, 9, 9, 9, 10, 9, 8, 8, 8, 8, 8, 8, 8, 7, 8, 9, 11, 9, 9, 9, 11, 11, 11, 11, 13, 12, 12]
Trade Returns: [-0.0028620588589212347, 0.0013944999999999663, -0.0025974086823431983, -0.0023543001309382673, 0.004221442148990723, 0.003079408576372763, 0.0003100090556062336, 0.002510916248678037, -0.001327922814374787, -0.00047307217124611934, -0.0015532407469505247, -0.0016407888046029856, -0.002181871974037282, -0.0021866429490049423, -0.0022415958589465977, 0.003635393079390315, -0.0030399599347226114, -0.0028878948433865848, -0.003160805786531552, 0.001650345110071621, -0.00025117110990235687, 0.00041130326801338933, 0.006958290244638641, 0.003967113864546667, 0.0009324679769154015, 0.00745918882720302, 0.0001857721845125609, 0.0030717359482652206, -0.0021337365005965597, -0.0008042290486823401, -0.0018405671350609045, -0.0025816257752014748, 0.0024257771806986614, 0.008348145696345734, 0.0037594279657072417, -0.00017161417579948407, 0.003855830674630639, 0.0027833100215598713, -0.0016617427688535497, -0.0002800898113858525, -2.507229177462484e-05, -0.001712367522285013, -0.002325433684975115, -0.0022029911131688233, 0.0023199392636062024, 0.009609922720561955, 0.004065380883973386, -0.0018625235998450261, -0.00045490324605690016, 0.008581367597603754, 0.007938316966229922, -0.0025511499249212424, -0.0016452522343035582, 0.0002971660540457418, -0.002058184797651313, -0.0001120020960184649, -0.001271420432050394, -0.0009431087110769285, -0.001491768784314391, -0.0014055743366318712, -0.001774695262353661, 0.0071068348888666975, -0.0021849299057145094, -0.0014442856720954702, 0.0010419812659503945, -0.0014093581837943986, -0.0017669578595770634, -0.0022729064722641014, -0.0025802454075006627, 0.0036681972988686774, -0.001832080370946073, 0.0012269702684550921, -0.002495416683986991, -0.0021156590827564633, -0.0016102284494883313, 0.0051376017130188864, -0.001984635546494592, -0.0019465019910450726, 0.0011329251066855305, -0.0020542889417528095, -0.0024309749311947405, -0.00306325108560272, 0.009969669270301584, 0.002122532978128143, -0.0016569604615644174, -0.0018745712317412438, -0.0014157974892300522, -0.001420057237792359, 0.004276698865894219, -0.0015861501964999454, 0.0006113335945009405, 0.0022355664401822206, -0.0019275056433153898, 0.003918248932440427, -0.002192424918529852, 0.003304774934075644, 0.004734345167095057, -0.00241733094154137, -0.0019550211171945686, -0.002207755297533168, -0.0025950134617720184, -0.0024091988946443655, 0.0006113918576298413, -0.0018897608220857206, -0.0026730707733065794, -0.0012262360104420787, 0.0019202554648715905, -0.002098649692605881, 0.0072945105729274266, -0.0028467218643855323, -0.0021825722132286433, -0.0017700047863104366, -4.109143632966873e-05, -0.002201199524145397, -0.0020143780960419698, 0.0006178518933757789, 0.008806743944919126, -0.0029434511612778528, 0.0008747818003901041, 0.006023044904755484, 0.00034577077698229374, -0.0022028918513783947, 0.0024391965922373523, -0.0021148204827451077, -0.0019411499028071087, 0.003049950572635976, -0.0023531069098384387, 0.003416079482308644, -0.0017664262768832015, 0.0009095640085238155, -0.002058665412222822, -0.0022885672201551025, -0.0012369100265618783, -0.0017573806178675544, -0.0025379609948085725, -0.0024522185031795175, -0.0024462198376308344, -0.000512346553515947, -0.002756174943061815, -0.0011162039509129888, 0.006304517686916329, -0.0023287809667641474, 0.0037323659830292627, 0.00020086817749290377, 0.004081558998367565, -0.001430516881838436, -0.0019287107422423975, -0.0019457639680208782, -0.0018316154960635756, -0.0020041922980302694, 0.004689231132937171, -0.0018703903845636418, -0.0007344857990716048, 0.00027978641618600343, -0.0025114172467859703, 0.004191356782908426, -0.0025483126603759528, -0.0005601419648044374, 0.002574248013691238, 0.0014042317168479312, 0.0003857093523189989, -0.001791927904806007, -0.0021587109162654584, 0.006799697208270748, -0.0024382836590699252, 0.006334949575507804, -0.0019241667207405963, -0.0023034460098947562, 0.005125811847274838, -0.002134153006974257, -0.002248939670016834, -0.0031389331179451216, -0.0028613301595034443, -0.0012463522594715758, 0.0010445625790383513, 0.002767961589865637, -0.002477034885385002, 0.005411677694365655, -0.0015488945831826056, 0.00010306989724720622, 0.0004175940346809762, -0.0022307076484032622, -0.0033370244831068393, 0.0023244423752907424, 0.006669530304660123, -0.001999848321241165, -0.0022492474805731123, 0.0009624242448778477, -0.0008415526535510873, -0.0022953157387359357, 0.0032070724858051375, 0.0024809200449238808, 0.0008258789821536879, 0.00180506236360774, -0.0014108767368922169, -0.0012435424472070392, -0.0037556169317231633, -0.004100562346853408, -0.00279254377111113, 0.005779831405898298, -0.0025900593418119, 0.012232663700175818, 0.0009753422605256573, -0.002383595139592]
Daily Returns: [-0.0028620588589212347, 0.0013944999999999663, 0, 0, 0, 0, 0, 0, 0, 0, 0, 0, -0.0025974086823431983, 0, 0, -0.0023543001309382673, 0, 0, 0, 0, 0, 0, 0, 0, 0, 0, 0, 0, 0, 0, 0, 0.004221442148990723, 0, 0, 0.003079408576372763, 0, 0, 0, 0, 0, 0.0003100090556062336, 0, 0, 0.0007099212630571307, 0, 0, -0.0015532407469505247, 0, 0, 0, 0, -0.0016407888046029856, 0, 0, 0, 0, 0, 0, 0, 0, -0.002181871974037282, 0, 0, 0, 0, 0, -0.0021866429490049423, 0.001393797220443717, 0, 0, 0, 0, 0, 0, 0, 0, 0, 0, -0.0030399599347226114, -0.006048700629918137, 0, 0.001650345110071621, 0.00016013215811103246, 0, 0, 0, 0, 0, 0, 0, 0, 0, 0, 0, 0, 0, 0, 0, 0, 0, 0, 0.006958290244638641, 0, 0, 0, 0, 0.003967113864546667, 0.0009324679769154015, 0.00745918882720302, 0, 0, 0, 0, 0, 0, 0, 0, 0, 0, 0, 0.0001857721845125609, 0.00013377039898632083, 0, 0, 0, 0, 0, 0, 0, 0, -0.0018405671350609045, 0, 0, 0, 0, 0, 0, 0, 0, 0, 0, 0, 0, 0, 0, -0.0025816257752014748, 0, 0.0024257771806986614, 0, 0, 0.01193595948625349, 0.003855830674630639, 0, 0, 0, 0.0027833100215598713, 0, -0.0019418325802394022, 0, 0, -2.507229177462484e-05, 0, 0, 0, 0, 0, 0, 0, 0, -0.001712367522285013, 0, 0, 0, 0, 0, -0.002325433684975115, 0, -0.0022029911131688233, 0.0023199392636062024, 0, 0, 0.009609922720561955, 0, 0, 0, 0, 0.004065380883973386, 0, 0, 0, 0, 0, 0, 0, 0, -0.0018625235998450261, 0, 0, 0, 0, 0, 0, 0, 0, 0, 0, 0, 0, 0, 0, -0.00045490324605690016, 0, 0, 0, 0, 0, 0.008581367597603754, 0, 0, 0, 0, 0, 0, 0.005387167041308679, 0, 0, 0, -0.0016452522343035582, 0, 0.0002971660540457418, 0, 0, 0, 0, -0.002058184797651313, 0, 0, 0, 0, 0, 0, -0.0001120020960184649, 0, 0, 0, 0, 0, 0, 0, 0, 0, -0.001271420432050394, 0, 0, 0, 0, 0, -0.0009431087110769285, 0, 0, 0, 0, 0, -0.001491768784314391, -0.0014055743366318712, 0, 0, 0, -0.001774695262353661, 0, 0.0071068348888666975, 0, -0.0021849299057145094, 0, 0, 0, 0, -0.0014442856720954702, 0, 0, 0.0010419812659503945, 0, -0.0014093581837943986, 0, 0, 0, -0.0017669578595770634, 0, 0, 0, 0, -0.0022729064722641014, 0, 0, 0, 0, 0, 0, 0, -0.0025802454075006627, 0, 0.0036681972988686774, 0, -0.001832080370946073, 0, 0, 0, 0.0012269702684550921, 0, 0, 0, 0, 0, -0.002495416683986991, 0, -0.0021156590827564633, 0, 0, 0, 0, 0, 0, -0.0016102284494883313, 0, 0.0051376017130188864, -0.001984635546494592, 0, 0, 0, 0, 0, 0, 0, 0, 0, -0.0019465019910450726, 0.0011329251066855305, 0, 0, -0.0020542889417528095, -0.0024309749311947405, 0, 0, -0.00306325108560272, 0, 0, 0, 0.009969669270301584, 0, 0, 0, 0, 0, 0.002122532978128143, 0, 0, -0.0016569604615644174, 0, 0, 0, 0, 0, 0, -0.003290368720971296, 0, 0, 0, -0.001420057237792359, 0, 0.004276698865894219, 0, -0.0015861501964999454, 0, 0, 0, 0.0006113335945009405, 0, 0, 0, 0.0022355664401822206, 0, -0.0019275056433153898, 0, 0, 0, 0.003918248932440427, 0, 0, 0, -0.002192424918529852, 0.003304774934075644, 0, 0, 0.0023170142255536865, 0, 0, 0, 0, 0, 0, 0, 0, -0.0019550211171945686, 0, 0, 0, 0, 0, 0, 0, 0, 0, 0, -0.002207755297533168, 0, -0.0025950134617720184, 0, 0, 0, 0, -0.0024091988946443655, 0, 0, 0, 0, 0, 0, 0, 0, 0, 0, 0, 0, 0, 0, 0, 0, 0.0006113918576298413, 0, 0, 0, 0, -0.0018897608220857206, 0, 0, -0.003899306783748658, 0, 0, 0.0019202554648715905, 0, -0.002098649692605881, 0, 0, 0, 0, 0, 0.0072945105729274266, 0, 0, 0, 0, 0, -0.0028467218643855323, 0, 0, 0, 0, 0, 0, 0, 0, -0.0021825722132286433, 0, 0, -0.0018110962226401055, 0, 0, -0.002201199524145397, 0, 0, 0, 0, 0, 0, -0.0020143780960419698, 0, 0, 0, 0, 0, 0.0006178518933757789, 0, 0, 0.005863292783641273, 0, 0, 0.0008747818003901041, 0, 0, 0, 0, 0, 0.006023044904755484, 0, 0, 0, 0, 0.00034577077698229374, 0, 0, 0, 0, 0, 0, 0, -0.0022028918513783947, 0, 0, 0, 0, 0, 0, 0, 0.0024391965922373523, 0, 0, 0, 0, 0, 0, 0, 0, 0, -0.0021148204827451077, 0.0011088006698288673, 0, 0, -0.0023531069098384387, 0, 0.003416079482308644, -0.0017664262768832015, 0, 0, 0, 0.0009095640085238155, 0, -0.002058665412222822, -0.0022885672201551025, 0, 0, 0, 0, -0.0012369100265618783, 0, 0, 0, -0.004295341612676127, 0, 0, 0, 0, 0, 0, 0, 0, 0, 0, 0, 0, 0, -0.0024522185031795175, -0.0024462198376308344, 0, 0, 0, 0, 0, 0, 0, 0, -0.000512346553515947, 0, -0.002756174943061815, 0, 0, 0, 0, 0, -0.0011162039509129888, 0, 0, 0, 0, 0, 0.006304517686916329, 0, 0, 0, 0, 0, 0, 0, 0, 0, 0, 0, 0, 0, 0, 0, 0, 0, 0, 0, 0, 0, 0, 0, 0, 0, 0, 0, 0, 0, 0, -0.0023287809667641474, 0, 0, 0, 0, 0.003933234160522167, 0.004081558998367565, 0, 0, -0.001430516881838436, 0, 0, 0, 0, 0, 0, 0, 0, 0, 0, 0, 0, -0.0019287107422423975, 0, 0, 0, 0, 0, -0.0019457639680208782, 0, 0, 0, 0, 0, -0.0018316154960635756, -0.0020041922980302694, 0, 0, 0.004689231132937171, 0, -0.0018703903845636418, -0.0007344857990716048, 0.00027978641618600343, 0, 0, 0, 0, 0, 0, 0, 0, 0, 0, 0, -0.0025114172467859703, 0, 0, 0, 0, 0.004191356782908426, -0.0025483126603759528, 0, 0, 0, 0, -0.0005601419648044374, 0.003978479730539169, 0, 0.0003857093523189989, -0.003950638821071465, 0, 0, 0, 0, 0, 0, 0.0043614135492008235, 0.006334949575507804, 0, 0, 0, 0, 0, -0.0019241667207405963, 0, 0, 0, 0, -0.0023034460098947562, 0, 0, 0, 0, 0, 0.005125811847274838, 0, 0, 0, 0, 0, -0.002134153006974257, 0, -0.002248939670016834, 0, 0, 0, 0, 0, -0.0031389331179451216, 0, -0.0028613301595034443, 0, 0, -0.0012463522594715758, 0, 0, 0, 0, 0, 0, 0, 0, 0.0010445625790383513, 0.002767961589865637, 0, 0, 0, -0.002477034885385002, 0.005411677694365655, 0, 0, 0, 0, 0, 0, 0, 0, -0.0015488945831826056, 0, 0, 0, 0, 0.00010306989724720622, 0, 0, 0, 0, 0, 0.0004175940346809762, 0, 0, 0, -0.0022307076484032622, 0, 0, 0, -0.0033370244831068393, 0, 0, 0, 0, 0, 0.0023244423752907424, 0, 0, 0.006669530304660123, 0, 0, 0, 0, 0, 0, 0, 0, 0, 0, 0, 0, 0, 0, 0, 0, 0, 0, 0, -0.001999848321241165, 0, 0, 0, 0, 0, 0, -0.0022492474805731123, 0, 0.0009624242448778477, 0, 0, 0, 0, 0, 0, 0, -0.0008415526535510873, 0, 0.0009117567470692018, 0, 0, 0, 0, 0.0024809200449238808, 0, 0, 0, 0, 0, 0, 0, 0, 0, 0, 0, 0.0008258789821536879, 0, 0, 0, 0, 0, 0, 0, 0, 0.00039418562671552303, -0.0012435424472070392, 0, 0, 0, 0, 0, 0, -0.007856179278576571, 0, 0, 0, 0, 0, 0, -0.00279254377111113, 0, 0, 0, 0.005779831405898298, 0, -0.0025900593418119, 0.012232663700175818, 0, 0, 0.0009753422605256573, -0.002383595139592, 0]
Start Date: 2022-02-03
End Date: 2024-11-28
Sharpe Ratio: 0.023
Annualized Sharpe: 0.359
Sharpe 95% CI: (np.float64(-0.707), np.float64(1.3))
Sortino Ratio: 0.034
CAGR: 0.008
Calmar Ratio: 0.281
Daily Win Rate (%): 0.387
Max Drawdown: 0.03
Profit Factor: 1.124
Expectancy: 0.000148
Average Win: 0.003464
Average Loss: 0.001948
Total Trades: 204
Total Days: 883

Rolling 8 - Variant 2 - atr_0.25_4 - Test Metrics
Contracts: [10, 11, 6, 10, 10, 7, 6, 6, 6, 6, 6, 6, 7, 10, 8, 8, 8, 8, 8, 7, 7, 7, 7, 7, 7, 7, 7, 7, 8, 5, 7, 7, 7, 7, 5, 7, 6, 6, 6, 6, 6, 6, 6, 6, 6, 6, 5, 7, 7, 7, 8, 7, 6, 5, 6, 6, 6, 6, 6, 6, 5, 9, 5, 10, 5, 5, 6, 6, 6, 6, 6, 7, 8, 7, 7, 7, 7, 7, 7, 8, 8, 8, 8, 9, 9, 9, 9, 10, 11, 11, 8, 10, 7, 7, 7, 7, 7, 9, 9, 9, 10, 10, 9, 10, 10, 11, 11, 12, 11, 11, 11, 11, 11, 10, 10, 10, 10, 10, 10, 10, 10, 10, 10, 11, 11, 12, 11, 10, 10, 11, 10, 10, 10, 10, 10, 10, 10, 10, 11, 11, 10, 11, 13, 10, 10, 9, 11, 9, 12, 10, 10, 10, 10, 13, 12, 14, 14, 14, 14, 15, 14, 13, 14, 12, 12, 12, 12, 12, 12, 12, 12, 12, 12, 12, 15, 13, 15, 14, 15, 13, 14, 12, 13, 13, 13, 12, 16, 17, 15, 12, 14, 15, 12, 12, 13, 11, 11, 11, 11, 7, 9, 14, 14, 14, 12, 8, 10, 8, 8, 8, 8, 8, 8, 8, 8, 8, 8, 9, 8, 9, 9, 7, 8, 8, 8, 8, 8, 9, 9, 9, 9, 7, 7, 6, 5, 5, 5, 7, 6, 6, 8, 8, 8, 8, 8, 8, 8, 8, 9, 10, 9, 9, 9, 10, 9, 8, 8, 8, 8, 8, 8, 8, 7, 8, 9, 11, 9, 9, 9, 11, 11, 11, 11, 13, 12, 12]
Trade Returns: [0.00450082523811526, 0.0016980079085853288, -0.0019532009443799527, -0.0016203353432327956, -0.0017156295059431211, 0.002002889245034435, 0.004397186440184911, -0.002356439116477008, -0.002258616528869659, -0.002099560033369586, 0.004797129141951012, -0.0022094277218258377, -0.0019762180453688416, 0.006087164511799805, -0.002166065401913512, -0.0016326290076418741, -0.0018714362750988098, -0.001867940543406152, -0.0026346685731656726, 0.0022517903415543356, -0.002276593460086145, 0.0006162961367347976, 0.002346364663669157, -0.0018747730937969285, 0.010361971812552504, 0.0014029450390457207, 0.001316866937176036, -0.003996331085216217, 0.004593459505335143, -0.002652830691694905, 0.0037152875864947888, -0.0016149622850597331, -0.0016115870975054614, 0.0035465350817849707, -0.0016063905163335775, 0.0001394104688217925, 0.004239521846916671, 0.0025963046064950914, -0.00017584282855215075, -0.001892645763600399, 0.000444913757108846, -0.0018476340870723354, -3.291783655366998e-05, -0.0018032678248416797, -0.0029490732665242944, 0.006373885037380216, -0.0018811494737250073, -0.0021985248789744656, -0.0026854964872927126, 0.0016041079648641261, -0.0018600005365386166, 6.319448304454256e-05, -0.0009000791711333436, -0.0006116488052167019, -0.0022038235818191694, -0.001966976567318429, 0.0017085603752526992, -0.0016773581647589505, -0.0020536727436954515, 0.00028929512197880034, -0.0018885856427419685, -0.002253288369742814, 0.0010426287143286716, -0.0018376112014425094, -0.002049726712010725, 0.004906745597234608, -0.002110510619955168, 0.0026235918833772656, 0.003891958505710052, 0.00246028129174202, -0.0030161694406933112, 0.01025499855464937]
Daily Returns: [0.00450082523811526, 0, 0.0016980079085853288, 0, 0, -0.0019532009443799527, 0, 0, 0, -0.0016203353432327956, 0, 0, 0, 0, 0, 0, 0, 0, 0, 0, 0, 0, 0, 0, 0, 0, -0.0017156295059431211, 0, 0, 0.002002889245034435, 0, 0, 0.004397186440184911, -0.002356439116477008, 0, 0, 0, 0, 0, -0.002258616528869659, 0, 0, 0, 0, -0.002099560033369586, 0, 0, 0, 0.004797129141951012, 0, 0, -0.0022094277218258377, 0, 0, 0, 0, 0, 0, -0.0019762180453688416, 0, 0, 0, 0, 0, 0.003921099109886293, 0, 0, 0, 0, 0, 0, 0, 0, 0, 0, 0, 0, -0.005372005826146836, 0, 0, 0, -0.0026346685731656726, 0, 0, 0.0022517903415543356, 0, 0, 0, 0, 0, -0.002276593460086145, 0, 0, 0.0006162961367347976, 0, 0, 0, 0, 0, 0, 0, 0, 0, 0, 0.002346364663669157, 0, 0.008487198718755576, 0, 0, 0, 0, 0.0014029450390457207, 0.001316866937176036, -0.003996331085216217, 0.004593459505335143, 0, 0, 0, 0, 0, 0, 0, 0, 0, -0.002652830691694905, 0, 0, 0, 0, 0, 0.002100325301435056, 0, 0, 0, 0, -0.0016115870975054614, 0, 0, 0, 0, 0, 0, 0.0035465350817849707, 0, 0, 0, -0.0016063905163335775, 0, 0, 0, 0.0001394104688217925, 0, 0, 0, 0.004239521846916671, 0, 0.0025963046064950914, 0, 0, 0, 0, 0, 0, 0, -0.0020684885921525495, -0.0014356381665171594, 0, 0, 0, 0, 0, 0, 0, 0, -0.0018032678248416797, 0, -0.0029490732665242944, 0, 0, 0, 0, 0, 0, 0, 0, 0, 0, 0, 0.004492735563655209, 0, 0, 0, 0, 0, 0, 0, 0, 0, 0, 0, -0.0021985248789744656, 0, 0, 0, 0, 0, 0, -0.0026854964872927126, 0, 0, 0, 0, 0.0016041079648641261, 0, 0, 0, 0, 0, 0, -0.0018600005365386166, 0, 6.319448304454256e-05, -0.0009000791711333436, 0, 0, -0.0006116488052167019, 0, 0, -0.0022038235818191694, 0, -0.001966976567318429, 0, 0, 0, 0.0017085603752526992, 0, 0, -0.0016773581647589505, 0, 0, -0.0020536727436954515, 0, 0, 0, 0, 0.00028929512197880034, -0.0018885856427419685, -0.002253288369742814, 0.0010426287143286716, 0, 0, 0, 0, 0, 0, 0, -0.0018376112014425094, 0, 0, 0, 0, -0.002049726712010725, 0, 0, 0.00279623497727944, 0, 0, 0, 0.0026235918833772656, 0, 0, 0, 0, 0, 0.003891958505710052, 0, 0, 0, 0, 0, 0, 0, 0, 0, 0, 0.00246028129174202, -0.0030161694406933112, 0.01025499855464937, 0, 0, 0, 0, 0, 0]
Start Date: 2024-11-29
End Date: 2025-11-06
Sharpe Ratio: 0.035
Annualized Sharpe: 0.552
Sharpe 95% CI: (np.float64(-1.325), np.float64(2.208))
Sortino Ratio: 0.059
CAGR: 0.012
Calmar Ratio: 0.528
Daily Win Rate (%): 0.417
Max Drawdown: 0.023
Profit Factor: 1.176
Expectancy: 0.0002
Average Win: 0.003209
Average Loss: 0.00195
Total Trades: 72
Total Days: 294



Rolling 8 - Variant 3 - atr_0.25_7 - Fit Metrics
Contracts: [10, 11, 6, 10, 10, 7, 6, 6, 6, 6, 6, 6, 7, 10, 8, 8, 8, 8, 8, 7, 7, 7, 7, 7, 7, 7, 7, 7, 8, 5, 7, 7, 7, 7, 5, 7, 6, 6, 6, 6, 6, 6, 6, 6, 6, 6, 5, 7, 7, 7, 8, 7, 6, 5, 5, 5, 6, 6, 6, 6, 5, 9, 5, 9, 5, 5, 6, 6, 6, 6, 6, 7, 8, 7, 6, 7, 7, 7, 7, 8, 8, 8, 8, 9, 9, 9, 9, 10, 11, 11, 7, 10, 7, 7, 7, 7, 7, 8, 9, 9, 10, 10, 9, 9, 9, 11, 11, 11, 11, 11, 11, 11, 10, 10, 10, 10, 10, 10, 10, 10, 9, 10, 10, 11, 11, 12, 11, 10, 10, 11, 10, 10, 10, 10, 10, 10, 10, 10, 11, 11, 10, 11, 12, 10, 10, 9, 11, 9, 12, 10, 10, 10, 10, 12, 12, 14, 13, 14, 13, 15, 14, 13, 14, 12, 12, 12, 12, 12, 12, 12, 12, 12, 12, 12, 15, 13, 15, 14, 15, 13, 13, 12, 13, 13, 13, 12, 16, 17, 15, 11, 14, 14, 12, 12, 13, 11, 11, 11, 11, 7, 9, 14, 14, 14, 12, 8, 10, 8, 8, 8, 8, 8, 8, 8, 8, 8, 8, 9, 8, 9, 9, 7, 8, 8, 8, 8, 8, 9, 9, 9, 9, 7, 7, 6, 5, 5, 5, 7, 6, 6, 8, 8, 8, 8, 8, 8, 8, 8, 9, 10, 9, 9, 9, 10, 9, 8, 8, 8, 8, 8, 8, 8, 7, 8, 9, 11, 9, 9, 9, 11, 11, 11, 11, 13, 12, 12]
Trade Returns: [-0.0028620588589212347, 0.0013944999999999663, -0.0025974086823431983, -0.0023543001309382673, 0.004221442148990723, 0.003079408576372763, 0.0003100090556062336, 0.002510916248678037, -0.001327922814374787, -0.00047307217124611934, -0.0015532407469505247, -0.0016407888046029856, -0.002181871974037282, -0.0021866429490049423, -0.0022415958589465977, 0.003635393079390315, -0.0030399599347226114, -0.0028878948433865848, -0.003160805786531552, 0.001650345110071621, -0.00025117110990235687, 0.00041130326801338933, 0.007312149593938783, 0.0039657202545010884, 0.0009321417035338353, -0.002031942365708676, 0.00018786966456134146, 0.003106411186027505, -0.0021577485566083056, -0.0008132990307356836, -0.0018405671350609045, -0.002610867715636113, 0.002453325757927158, 0.0028969765704821575, 0.0038226833668985752, -0.00017449072628438945, 0.003920472346831247, 0.0028297890350100887, -0.00168941421709165, -0.0002847617779565963, -2.54906228594257e-05, -0.0017317298313963261, -0.0023642389442605338, -0.002239840254080007, 0.0023588316935886644, 0.009622092028561863, 0.004133324419887369, -0.0018935232867805165, -0.0003854038380973737, 0.008618627450980458, 0.009929749721531997, -0.0025883727634208246, -0.001672687624362711, 0.0003015222374827043, -0.0020882929042928995, -0.00011387089816529625, -0.0012900526784404452, -0.000956919443182669, -0.0015140025160733743, -0.0014265551676954976, -0.0017947263170543454, 0.004982610155116955, -0.0022175906715672304, -0.0014659231239669169, 0.0010576145432776313, -0.0014304810296426186, -0.0017934781902493146, -0.002307081895766396, -0.002245109186425248, 0.0037225609863058315, -0.001859181822846387, 0.0012450868633528298, -0.002532216462980341, -0.0021476080574620747, -0.001633983520183902, 0.005213518789475504, -0.0020145455329187664, -0.00198346535531321, 0.0011544816988216513, -0.002093331596104742, -0.00247727358495886, -0.0031217365146152458, 0.005718118211722123, 0.002153913322487687, -0.001477733556343646, -0.0019103640498623492, -0.0014428822832832106, -0.001447306826985141, 0.00435888372099435, -0.0016165377542718498, 0.0005538049242717738, 0.0022785560790715017, -0.0019644984994820983, 0.003993425034059636, -0.0022343217941769656, 0.00336807005523223, 0.004342244344560821, -0.0022179919686343154, -0.0019922756654205606, -0.002250134230336392, -0.0026449541094088454, -0.0022510459824046057, 0.0006230800045625467, -0.0017509175716247842, -0.002724204684739994, -0.0012496637054592679, 0.001957282826785775, -0.002098649692605881, 0.013132525808901138, -0.0028843278562877966, -0.002208774992004871, -0.00179130154396581, -4.158673711912597e-05, -0.0022431098717866573, -0.0020384565896848783, 0.0006252523565077855, 0.01305744314225816, -0.0029786849943907894, 0.0008915201548625435, 0.006069782047847472, 0.00034843767397458214, -0.002245082493368135, 0.0024580916078958694, -0.0021311551376795015, -0.001956175165288663, 0.0030735804816616947, -0.0023712918153484005, 0.0034426203511531794, -0.0017801259087708262, 0.0009166065253382835, -0.002074590524346057, -0.002306212572330237, -0.0012465499344475504, -0.0017710939285012042, -0.0025576901052357065, -0.002470993999361603, -0.002464903238250878, -0.0005162900222448812, -0.0027773299662233733, -0.0010166929334909998, 0.00754055004913302, -0.002346714567842475, 0.0037612325967535487, 0.00020241589729472006, 0.004113001665584608, -0.0014414918608287078, -0.0019440958795919323, -0.001960783257285552, -0.0017143754146025016, -0.0020199689135097206, 0.00438863152936031, -0.0018857077354268916, -0.0007405121515296534, 0.0002820225924619703, -0.0025320361988480336, 0.0038986702603391126, -0.002370676713323046, -0.0005647631848844503, 0.00259549778548689, 0.0014157932894879415, 0.00038888055402978345, -0.001806654941688153, -0.002176484485876653, 0.009206902865235386, -0.0024525389641230993, 0.0063720776034277135, -0.0019353725200501439, -0.0023224055063075597, 0.00586627808490916, -0.0021450615048030247, -0.002260459598713245, -0.00315504836115757, -0.0028780260446946327, -0.0011632969007796567, 0.0010498347306218978, 0.00278191748784799, -0.0024894893010410563, 0.005439140261778454, -0.0015568717568922824, 0.00010391619792269393, 0.00041970762866809925, -0.0022419933274830466, -0.0033539452176271135, 0.0023364200448768024, 0.011121626839928764, -0.002001277132069449, -0.002250857699518946, 0.0009631125203661712, -0.0008421549783349274, -0.0022969546905749773, 0.0032093698196616837, 0.0024827001231768468, 0.0007609073827876759, 0.0018063586089703473, -0.001411888084131834, -0.0012444351059096603, -0.0037583162053124925, -0.004121231237703662, -0.0028141908170579394, 0.00578399183891098, -0.0026100738047238467, 0.011986903013166874, 0.0009760371632204325, -0.002385291725143229]
Daily Returns: [-0.0028620588589212347, 0.0013944999999999663, 0, 0, 0, 0, 0, 0, 0, 0, 0, 0, -0.0025974086823431983, 0, 0, -0.0023543001309382673, 0, 0, 0, 0, 0, 0, 0, 0, 0, 0, 0, 0, 0, 0, 0, 0.004221442148990723, 0, 0, 0.003079408576372763, 0, 0, 0, 0, 0, 0.0003100090556062336, 0, 0, 0.0007099212630571307, 0, 0, -0.0015532407469505247, 0, 0, 0, 0, -0.0016407888046029856, 0, 0, 0, 0, 0, 0, 0, 0, -0.002181871974037282, 0, 0, 0, 0, 0, -0.0021866429490049423, 0.001393797220443717, 0, 0, 0, 0, 0, 0, 0, 0, 0, 0, -0.0030399599347226114, -0.006048700629918137, 0, 0.001650345110071621, 0.00016013215811103246, 0, 0, 0, 0, 0, 0, 0, 0, 0, 0, 0, 0, 0, 0, 0, 0, 0, 0, 0.007312149593938783, 0, 0, 0, 0, 0.0039657202545010884, 0.0009321417035338353, -0.002031942365708676, 0, 0, 0, 0, 0, 0, 0, 0, 0, 0, 0, 0.00018786966456134146, 0.00013536359868351574, 0, 0, 0, 0, 0, 0, 0, 0, -0.0018405671350609045, 0, 0, 0, 0, 0, 0, 0, 0, 0, 0, 0, 0, 0, 0, -0.002610867715636113, 0, 0.002453325757927158, 0, 0, 0.0065451692110963435, 0.003920472346831247, 0, 0, 0, 0.0028297890350100887, 0, -0.0019741759950482464, 0, 0, -2.54906228594257e-05, 0, 0, 0, 0, 0, 0, 0, 0, -0.0017317298313963261, 0, 0, 0, 0, 0, -0.0023642389442605338, 0, -0.002239840254080007, 0.0023588316935886644, 0, 0, 0.009622092028561863, 0, 0, 0, 0, 0.004133324419887369, 0, 0, 0, 0, 0, 0, 0, 0, -0.0018935232867805165, 0, 0, 0, 0, 0, 0, 0, 0, 0, 0, 0, 0, 0, 0, -0.0003854038380973737, 0, 0, 0, 0, 0, 0.008618627450980458, 0, 0, 0, 0, 0, 0, 0.007341376958111172, 0, 0, 0, -0.001672687624362711, 0, 0.0003015222374827043, 0, 0, 0, 0, -0.0020882929042928995, 0, 0, 0, 0, 0, 0, -0.00011387089816529625, 0, 0, 0, 0, 0, 0, 0, 0, 0, -0.0012900526784404452, 0, 0, 0, 0, 0, -0.000956919443182669, 0, 0, 0, 0, 0, -0.0015140025160733743, -0.0014265551676954976, 0, 0, 0, -0.0017947263170543454, 0, 0.004982610155116955, 0, -0.0022175906715672304, 0, 0, 0, 0, -0.0014659231239669169, 0, 0, 0.0010576145432776313, 0, -0.0014304810296426186, 0, 0, 0, -0.0017934781902493146, 0, 0, 0, 0, -0.002307081895766396, 0, 0, 0, 0, 0, 0, 0, -0.002245109186425248, 0, 0.0037225609863058315, 0, -0.001859181822846387, 0, 0, 0, 0.0012450868633528298, 0, 0, 0, 0, 0, -0.002532216462980341, 0, -0.0021476080574620747, 0, 0, 0, 0, 0, 0, -0.001633983520183902, 0, 0.005213518789475504, -0.0020145455329187664, 0, 0, 0, 0, 0, 0, 0, 0, 0, -0.00198346535531321, 0.0011544816988216513, 0, 0, -0.002093331596104742, -0.00247727358495886, 0, 0, -0.0031217365146152458, 0, 0, 0, 0.005718118211722123, 0, 0, 0, 0, 0, 0.002153913322487687, 0, 0, -0.001477733556343646, 0, 0, 0, 0, 0, 0, -0.0033532463331455596, 0, 0, 0, -0.001447306826985141, 0, 0.00435888372099435, 0, -0.0016165377542718498, 0, 0, 0, 0.0005538049242717738, 0, 0, 0, 0.0022785560790715017, 0, -0.0019644984994820983, 0, 0, 0, 0.003993425034059636, 0, 0, 0, -0.0022343217941769656, 0.00336807005523223, 0, 0, 0.0021242523759265057, 0, 0, 0, 0, 0, 0, 0, 0, -0.0019922756654205606, 0, 0, 0, 0, 0, 0, 0, 0, 0, 0, -0.002250134230336392, 0, -0.0026449541094088454, 0, 0, 0, 0, -0.0022510459824046057, 0, 0, 0, 0, 0, 0, 0, 0, 0, 0, 0, 0, 0, 0, 0, 0, 0.0006230800045625467, 0, 0, 0, 0, -0.0017509175716247842, 0, 0, -0.003973868390199262, 0, 0, 0.001957282826785775, 0, -0.002098649692605881, 0, 0, 0, 0, 0, 0.013132525808901138, 0, 0, 0, 0, 0, -0.0028843278562877966, 0, 0, 0, 0, 0, 0, 0, 0, -0.002208774992004871, 0, 0, -0.001832888281084936, 0, 0, -0.0022431098717866573, 0, 0, 0, 0, 0, 0, -0.0020384565896848783, 0, 0, 0, 0, 0, 0.0006252523565077855, 0, 0, 0.010078758147867371, 0, 0, 0.0008915201548625435, 0, 0, 0, 0, 0, 0.006069782047847472, 0, 0, 0, 0, 0.00034843767397458214, 0, 0, 0, 0, 0, 0, 0, -0.002245082493368135, 0, 0, 0, 0, 0, 0, 0, 0.0024580916078958694, 0, 0, 0, 0, 0, 0, 0, 0, 0, -0.0021311551376795015, 0.0011174053163730316, 0, 0, -0.0023712918153484005, 0, 0.0034426203511531794, -0.0017801259087708262, 0, 0, 0, 0.0009166065253382835, 0, -0.002074590524346057, -0.002306212572330237, 0, 0, 0, 0, -0.0012465499344475504, 0, 0, 0, -0.00432878403373691, 0, 0, 0, 0, 0, 0, 0, 0, 0, 0, 0, 0, 0, -0.002470993999361603, -0.002464903238250878, 0, 0, 0, 0, 0, 0, 0, 0, -0.0005162900222448812, 0, -0.0027773299662233733, 0, 0, 0, 0, 0, -0.0010166929334909998, 0, 0, 0, 0, 0, 0.00754055004913302, 0, 0, 0, 0, 0, 0, 0, 0, 0, 0, 0, 0, 0, 0, 0, 0, 0, 0, 0, 0, 0, 0, 0, 0, 0, 0, 0, 0, 0, 0, -0.002346714567842475, 0, 0, 0, 0, 0.003963648494048269, 0.004113001665584608, 0, 0, -0.0014414918608287078, 0, 0, 0, 0, 0, 0, 0, 0, 0, 0, 0, 0, -0.0019440958795919323, 0, 0, 0, 0, 0, -0.001960783257285552, 0, 0, 0, 0, 0, -0.0017143754146025016, -0.0020199689135097206, 0, 0, 0.00438863152936031, 0, -0.0018857077354268916, -0.0007405121515296534, 0.0002820225924619703, 0, 0, 0, 0, 0, 0, 0, 0, 0, 0, 0, -0.0025320361988480336, 0, 0, 0, 0, 0.0038986702603391126, -0.002370676713323046, 0, 0, 0, 0, -0.0005647631848844503, 0.004011291074974831, 0, 0.00038888055402978345, -0.003983139427564806, 0, 0, 0, 0, 0, 0, 0.0067543639011122866, 0.0063720776034277135, 0, 0, 0, 0, 0, -0.0019353725200501439, 0, 0, 0, 0, -0.0023224055063075597, 0, 0, 0, 0, 0, 0.00586627808490916, 0, 0, 0, 0, 0, -0.0021450615048030247, 0, -0.002260459598713245, 0, 0, 0, 0, 0, -0.00315504836115757, 0, -0.0028780260446946327, 0, 0, -0.0011632969007796567, 0, 0, 0, 0, 0, 0, 0, 0, 0.0010498347306218978, 0.00278191748784799, 0, 0, 0, -0.0024894893010410563, 0.005439140261778454, 0, 0, 0, 0, 0, 0, 0, 0, -0.0015568717568922824, 0, 0, 0, 0, 0.00010391619792269393, 0, 0, 0, 0, 0, 0.00041970762866809925, 0, 0, 0, -0.0022419933274830466, 0, 0, 0, -0.0033539452176271135, 0, 0, 0, 0, 0, 0.0023364200448768024, 0, 0, 0.011121626839928764, 0, 0, 0, 0, 0, 0, 0, 0, 0, 0, 0, 0, 0, 0, 0, 0, 0, 0, 0, -0.002001277132069449, 0, 0, 0, 0, 0, 0, -0.002250857699518946, 0, 0.0009631125203661712, 0, 0, 0, 0, 0, 0, 0, -0.0008421549783349274, 0, 0.0009124151290867064, 0, 0, 0, 0, 0.0024827001231768468, 0, 0, 0, 0, 0, 0, 0, 0, 0, 0, 0, 0.0007609073827876759, 0, 0, 0, 0, 0, 0, 0, 0, 0.0003944705248385134, -0.0012444351059096603, 0, 0, 0, 0, 0, 0, -0.007879547443016154, 0, 0, 0, 0, 0, 0, -0.0028141908170579394, 0, 0, 0, 0.00578399183891098, 0, -0.0026100738047238467, 0.011986903013166874, 0, 0, 0.0009760371632204325, -0.002385291725143229, 0]
Start Date: 2022-02-03
End Date: 2024-11-28
Sharpe Ratio: 0.022
Annualized Sharpe: 0.342
Sharpe 95% CI: (np.float64(-0.712), np.float64(1.284))
Sortino Ratio: 0.033
CAGR: 0.008
Calmar Ratio: 0.31
Daily Win Rate (%): 0.382
Max Drawdown: 0.026
Profit Factor: 1.12
Expectancy: 0.000145
Average Win: 0.003533
Average Loss: 0.001953
Total Trades: 204
Total Days: 883

Rolling 8 - Variant 3 - atr_0.25_7 - Test Metrics
Contracts: [10, 11, 6, 10, 10, 7, 6, 6, 6, 6, 6, 6, 7, 10, 8, 8, 8, 8, 8, 7, 7, 7, 7, 7, 7, 7, 7, 7, 8, 5, 7, 7, 7, 7, 5, 7, 6, 6, 6, 6, 6, 6, 6, 6, 6, 6, 5, 7, 7, 7, 8, 7, 6, 5, 5, 5, 6, 6, 6, 6, 5, 9, 5, 9, 5, 5, 6, 6, 6, 6, 6, 7, 8, 7, 6, 7, 7, 7, 7, 8, 8, 8, 8, 9, 9, 9, 9, 10, 11, 11, 7, 10, 7, 7, 7, 7, 7, 8, 9, 9, 10, 10, 9, 9, 9, 11, 11, 11, 11, 11, 11, 11, 10, 10, 10, 10, 10, 10, 10, 10, 9, 10, 10, 11, 11, 12, 11, 10, 10, 11, 10, 10, 10, 10, 10, 10, 10, 10, 11, 11, 10, 11, 12, 10, 10, 9, 11, 9, 12, 10, 10, 10, 10, 12, 12, 14, 13, 14, 13, 15, 14, 13, 14, 12, 12, 12, 12, 12, 12, 12, 12, 12, 12, 12, 15, 13, 15, 14, 15, 13, 13, 12, 13, 13, 13, 12, 16, 17, 15, 11, 14, 14, 12, 12, 13, 11, 11, 11, 11, 7, 9, 14, 14, 14, 12, 8, 10, 8, 8, 8, 8, 8, 8, 8, 8, 8, 8, 9, 8, 9, 9, 7, 8, 8, 8, 8, 8, 9, 9, 9, 9, 7, 7, 6, 5, 5, 5, 7, 6, 6, 8, 8, 8, 8, 8, 8, 8, 8, 9, 10, 9, 9, 9, 10, 9, 8, 8, 8, 8, 8, 8, 8, 7, 8, 9, 11, 9, 9, 9, 11, 11, 11, 11, 13, 12, 12]
Trade Returns: [0.0045040463869668946, 0.0016992193994343208, -0.001954592145823488, -0.0016214917155818428, -0.0017168532420013072, 0.0020322788393468505, 0.004400328289780474, -0.002358115447908793, -0.0022602304597464607, -0.002101057155699165, 0.004800567297585532, -0.0022110100805424198, -0.0019776365191021853, 0.010758215722466885, -0.0021676232235450206, -0.0016262315670142033, -0.0018641167405036066, -0.0018606482749061648, -0.002636551890747784, 0.0022534148757593518, -0.0022676581201854446, 0.0006167389822121864, 0.0023415249062015316, -0.0018709151039670547, 0.008467544375300175, 0.0014000525860289475, 0.0013141557472657857, -0.0039991912030150414, 0.004593459505335143, -0.0026473761630951553, 0.003707615881758064, -0.0016116329205958467, -0.0016082716206129658, 0.003539228149319771, -0.0016030925394208372, 0.00013912320122771283, 0.004230803982106591, 0.0025909882345510503, -0.00017548369119867015, -0.001888779588921076, 0.0004440031961363463, -0.001843854395363217, -3.2850372379035436e-05, -0.0017995719570459631, -0.002943018129095, 0.004734088395675772, -0.0018772652232672748, -0.0021975584962182926, -0.0026799662591000593, 0.0016033997156795947, -0.001859180619772046, 6.316657405924821e-05, -0.0008996816884975514, -0.0006113784526583278, -0.0022028488822427132, -0.001966104699037586, 0.0017078015588138326, -0.0016766144761121106, -0.002052760679642486, 0.00028916671453041974, -0.0018877476114724785, -0.002252295733791986, 0.0010421699392253309, -0.001836794247105555, -0.002048813779743876, 0.004904555684349127, -0.00210957328238583, 0.0026224243137264293, 0.0038902263224884475, 0.002459190544397428, -0.0030148355248408617, 0.009089846083674228]
Daily Returns: [0.0045040463869668946, 0, 0.0016992193994343208, 0, 0, -0.001954592145823488, 0, 0, 0, -0.0016214917155818428, 0, 0, 0, 0, 0, 0, 0, 0, 0, 0, 0, 0, 0, 0, 0, 0, -0.0017168532420013072, 0, 0, 0.0020322788393468505, 0, 0, 0.004400328289780474, -0.002358115447908793, 0, 0, 0, 0, 0, -0.0022602304597464607, 0, 0, 0, 0, -0.002101057155699165, 0, 0, 0, 0.004800567297585532, 0, 0, -0.0022110100805424198, 0, 0, 0, 0, 0, 0, -0.0019776365191021853, 0, 0, 0, 0, 0, 0.008590592498921863, 0, 0, 0, 0, 0, 0, 0, 0, 0, 0, 0, 0, -0.005350996582423975, 0, 0, 0, -0.002636551890747784, 0, 0, 0.0022534148757593518, 0, 0, 0, 0, 0, -0.0022676581201854446, 0, 0, 0.0006167389822121864, 0, 0, 0, 0, 0, 0, 0, 0, 0, 0, 0.0023415249062015316, 0, 0.006596629271333121, 0, 0, 0, 0, 0.0014000525860289475, 0.0013141557472657857, -0.0039991912030150414, 0.004593459505335143, 0, 0, 0, 0, 0, 0, 0, 0, 0, -0.0026473761630951553, 0, 0, 0, 0, 0, 0.0020959829611622172, 0, 0, 0, 0, -0.0016082716206129658, 0, 0, 0, 0, 0, 0, 0.003539228149319771, 0, 0, 0, -0.0016030925394208372, 0, 0, 0, 0.00013912320122771283, 0, 0, 0, 0.004230803982106591, 0, 0.0025909882345510503, 0, 0, 0, 0, 0, 0, 0, -0.002064263280119746, -0.0014327015716059063, 0, 0, 0, 0, 0, 0, 0, 0, -0.0017995719570459631, 0, -0.002943018129095, 0, 0, 0, 0, 0, 0, 0, 0, 0, 0, 0, 0.002856823172408497, 0, 0, 0, 0, 0, 0, 0, 0, 0, 0, 0, -0.0021975584962182926, 0, 0, 0, 0, 0, 0, -0.0026799662591000593, 0, 0, 0, 0, 0.0016033997156795947, 0, 0, 0, 0, 0, 0, -0.001859180619772046, 0, 6.316657405924821e-05, -0.0008996816884975514, 0, 0, -0.0006113784526583278, 0, 0, -0.0022028488822427132, 0, -0.001966104699037586, 0, 0, 0, 0.0017078015588138326, 0, 0, -0.0016766144761121106, 0, 0, -0.002052760679642486, 0, 0, 0, 0, 0.00028916671453041974, -0.0018877476114724785, -0.002252295733791986, 0.0010421699392253309, 0, 0, 0, 0, 0, 0, 0, -0.001836794247105555, 0, 0, 0, 0, -0.002048813779743876, 0, 0, 0.0027949824019632974, 0, 0, 0, 0.0026224243137264293, 0, 0, 0, 0, 0, 0.0038902263224884475, 0, 0, 0, 0, 0, 0, 0, 0, 0, 0, 0.002459190544397428, -0.0030148355248408617, 0.009089846083674228, 0, 0, 0, 0, 0, 0]
Start Date: 2024-11-29
End Date: 2025-11-06
Sharpe Ratio: 0.035
Annualized Sharpe: 0.556
Sharpe 95% CI: (np.float64(-1.322), np.float64(2.213))
Sortino Ratio: 0.059
CAGR: 0.012
Calmar Ratio: 0.496
Daily Win Rate (%): 0.417
Max Drawdown: 0.025
Profit Factor: 1.176
Expectancy: 0.0002
Average Win: 0.003208
Average Loss: 0.001948
Total Trades: 72
Total Days: 294



Rolling 8 - Variant 4 - atr_0.25_8 - Fit Metrics
Contracts: [10, 11, 6, 10, 10, 7, 6, 6, 6, 6, 6, 6, 7, 10, 8, 8, 8, 8, 8, 7, 7, 7, 7, 7, 7, 7, 7, 7, 8, 5, 7, 7, 7, 7, 5, 7, 6, 6, 6, 6, 6, 6, 6, 6, 6, 6, 5, 7, 7, 7, 8, 7, 6, 5, 5, 5, 6, 6, 6, 6, 5, 9, 5, 9, 5, 5, 6, 6, 6, 6, 6, 7, 8, 7, 6, 7, 7, 7, 7, 8, 8, 8, 8, 9, 9, 9, 9, 10, 11, 11, 7, 10, 7, 7, 7, 7, 7, 8, 9, 9, 10, 10, 9, 9, 9, 11, 11, 11, 11, 11, 11, 11, 10, 10, 10, 10, 10, 10, 10, 10, 9, 10, 10, 11, 11, 12, 11, 10, 10, 11, 10, 10, 10, 10, 10, 10, 10, 10, 11, 11, 10, 11, 12, 10, 10, 9, 11, 9, 12, 10, 10, 10, 10, 12, 12, 14, 13, 14, 13, 15, 14, 13, 13, 12, 12, 12, 12, 12, 12, 12, 12, 12, 12, 12, 15, 13, 15, 14, 15, 13, 13, 12, 13, 13, 13, 12, 16, 17, 15, 11, 14, 14, 12, 12, 13, 11, 11, 11, 11, 7, 9, 14, 14, 14, 12, 8, 10, 8, 8, 8, 8, 8, 8, 8, 8, 8, 8, 9, 8, 9, 9, 7, 8, 8, 8, 8, 8, 9, 9, 9, 9, 7, 7, 6, 5, 5, 5, 7, 6, 6, 8, 8, 8, 8, 8, 8, 8, 8, 8, 10, 9, 9, 9, 9, 9, 8, 8, 8, 8, 8, 8, 8, 7, 8, 9, 11, 9, 9, 9, 11, 11, 11, 11, 13, 12, 12]
Trade Returns: [-0.0028620588589212347, 0.0013944999999999663, -0.0025974086823431983, -0.0023543001309382673, 0.004221442148990723, 0.003079408576372763, 0.0003100090556062336, 0.002510916248678037, -0.001327922814374787, -0.00047307217124611934, -0.0015532407469505247, -0.0016407888046029856, -0.002181871974037282, -0.0021866429490049423, -0.0022415958589465977, 0.003635393079390315, -0.0030399599347226114, -0.0028878948433865848, -0.003160805786531552, 0.001650345110071621, -0.00025117110990235687, 0.00041130326801338933, 0.007312149593938783, 0.0039657202545010884, 0.0009321417035338353, -0.002031942365708676, 0.00018786966456134146, 0.003106411186027505, -0.0021577485566083056, -0.0008132990307356836, -0.0018405671350609045, -0.002610867715636113, 0.002453325757927158, 0.0028969765704821575, 0.0038226833668985752, -0.00017449072628438945, 0.003920472346831247, 0.0028297890350100887, -0.00168941421709165, -0.0002847617779565963, -2.54906228594257e-05, -0.0017317298313963261, -0.0023642389442605338, -0.002239840254080007, 0.0023588316935886644, 0.009622092028561863, 0.004133324419887369, -0.0018935232867805165, -0.0003854038380973737, 0.008618627450980458, 0.009929749721531997, -0.0025883727634208246, -0.001672687624362711, 0.0003015222374827043, -0.0020882929042928995, -0.00011387089816529625, -0.0012900526784404452, -0.000956919443182669, -0.0015140025160733743, -0.0014265551676954976, -0.0017947263170543454, 0.004982610155116955, -0.0022175906715672304, -0.0014659231239669169, 0.0010576145432776313, -0.0014304810296426186, -0.0017934781902493146, -0.002307081895766396, -0.002245109186425248, 0.0037225609863058315, -0.001859181822846387, 0.0012450868633528298, -0.002532216462980341, -0.0021476080574620747, -0.001633983520183902, 0.005213518789475504, -0.0020145455329187664, -0.00198346535531321, 0.0011544816988216513, -0.002093331596104742, -0.00247727358495886, -0.0031217365146152458, 0.005718118211722123, 0.002153913322487687, -0.001477733556343646, -0.0019103640498623492, -0.0014428822832832106, -0.001447306826985141, 0.00435888372099435, -0.0016165377542718498, 0.0005538049242717738, 0.0022785560790715017, -0.0019644984994820983, 0.003993425034059636, -0.0022343217941769656, 0.00336807005523223, 0.004342244344560821, -0.0022179919686343154, -0.0019922756654205606, -0.002250134230336392, -0.0026449541094088454, -0.0022510459824046057, 0.0006230800045625467, -0.0017509175716247842, -0.002724204684739994, -0.0012496637054592679, 0.001957282826785775, -0.002098649692605881, 0.011355475300958644, -0.00288939590249634, -0.002212638090859046, -0.0017944414383964057, -4.165976374071137e-05, -0.0022431098717866573, -0.002042039933397785, 0.0006263537185148409, 0.013080497806473895, -0.002983928568306743, 0.0008915201548625435, 0.006080360686911443, 0.0003490412738441399, -0.002245082493368135, 0.0024623682987647963, -0.0021348522161594107, -0.001959575952751488, 0.003078928874534759, -0.0023754076881427276, 0.0034486277696371944, -0.0017832267129379807, 0.0009182005188745892, -0.002078194961144081, -0.002310206238932651, -0.0012487319527810085, -0.0017741980089297817, -0.0025621557325994876, -0.0024753535384998753, -0.0024692412933270285, -0.000517205713325183, -0.0027822421288367805, -0.0010184783282695085, 0.007553837927178866, -0.0023508788504856422, 0.0037679358589547524, 0.00020277528839270534, 0.0041203028535225445, -0.0014440402226406689, -0.001947524357068122, -0.001964270897647561, -0.0017174038163955323, -0.002023543277290743, 0.0043964130215845025, -0.0018890366526679587, -0.0007418218821451145, 0.00028252091914831564, -0.0023553376081549763, 0.0039055725469821605, -0.002374839028032516, -0.0005656646002316763, 0.0025996427896059827, 0.0014180484455830042, 0.0003894991079599666, -0.0018095274906033522, -0.0021799513304766958, 0.009221600252401154, -0.0024564182872203973, 0.006382181507491586, -0.0019384218877039157, -0.0023261036623408895, 0.00587556570024627, -0.002148437773981443, -0.002264025161781525, -0.0031600363073790243, -0.002882569461724848, -0.0011651447163141518, 0.0010514952187155424, 0.002786312930881656, -0.002493411776885525, 0.005447790032823872, -0.0015593408822595033, 0.0001041001290899844, 0.0004203733270005777, -0.0022455478592040947, -0.0033592746427993257, 0.0023401422974552136, 0.012763457948695774, -0.002001208569617238, -0.002250780431970429, 0.0009630794929805766, -0.0008421260753385932, -0.0022968760443957395, 0.003209259580349069, 0.002482614704672455, 0.0007621205413632116, 0.0018062964075451003, -0.001411839553842702, -0.0012443922709416033, -0.0037581866783208007, -0.004127740941440659, -0.0028190904331705166, 0.0057837921967061785, -0.0026146037661593387, 0.011986903013166874, 0.0009760038179085785, -0.0023852103135480114]
Daily Returns: [-0.0028620588589212347, 0.0013944999999999663, 0, 0, 0, 0, 0, 0, 0, 0, 0, 0, -0.0025974086823431983, 0, 0, -0.0023543001309382673, 0, 0, 0, 0, 0, 0, 0, 0, 0, 0, 0, 0, 0, 0, 0, 0.004221442148990723, 0, 0, 0.003079408576372763, 0, 0, 0, 0, 0, 0.0003100090556062336, 0, 0, 0.0007099212630571307, 0, 0, -0.0015532407469505247, 0, 0, 0, 0, -0.0016407888046029856, 0, 0, 0, 0, 0, 0, 0, 0, -0.002181871974037282, 0, 0, 0, 0, 0, -0.0021866429490049423, 0.001393797220443717, 0, 0, 0, 0, 0, 0, 0, 0, 0, 0, -0.0030399599347226114, -0.006048700629918137, 0, 0.001650345110071621, 0.00016013215811103246, 0, 0, 0, 0, 0, 0, 0, 0, 0, 0, 0, 0, 0, 0, 0, 0, 0, 0, 0.007312149593938783, 0, 0, 0, 0, 0.0039657202545010884, 0.0009321417035338353, -0.002031942365708676, 0, 0, 0, 0, 0, 0, 0, 0, 0, 0, 0, 0.00018786966456134146, 0.00013536359868351574, 0, 0, 0, 0, 0, 0, 0, 0, -0.0018405671350609045, 0, 0, 0, 0, 0, 0, 0, 0, 0, 0, 0, 0, 0, 0, -0.002610867715636113, 0, 0.002453325757927158, 0, 0, 0.0065451692110963435, 0.003920472346831247, 0, 0, 0, 0.0028297890350100887, 0, -0.0019741759950482464, 0, 0, -2.54906228594257e-05, 0, 0, 0, 0, 0, 0, 0, 0, -0.0017317298313963261, 0, 0, 0, 0, 0, -0.0023642389442605338, 0, -0.002239840254080007, 0.0023588316935886644, 0, 0, 0.009622092028561863, 0, 0, 0, 0, 0.004133324419887369, 0, 0, 0, 0, 0, 0, 0, 0, -0.0018935232867805165, 0, 0, 0, 0, 0, 0, 0, 0, 0, 0, 0, 0, 0, 0, -0.0003854038380973737, 0, 0, 0, 0, 0, 0.008618627450980458, 0, 0, 0, 0, 0, 0, 0.007341376958111172, 0, 0, 0, -0.001672687624362711, 0, 0.0003015222374827043, 0, 0, 0, 0, -0.0020882929042928995, 0, 0, 0, 0, 0, 0, -0.00011387089816529625, 0, 0, 0, 0, 0, 0, 0, 0, 0, -0.0012900526784404452, 0, 0, 0, 0, 0, -0.000956919443182669, 0, 0, 0, 0, 0, -0.0015140025160733743, -0.0014265551676954976, 0, 0, 0, -0.0017947263170543454, 0, 0.004982610155116955, 0, -0.0022175906715672304, 0, 0, 0, 0, -0.0014659231239669169, 0, 0, 0.0010576145432776313, 0, -0.0014304810296426186, 0, 0, 0, -0.0017934781902493146, 0, 0, 0, 0, -0.002307081895766396, 0, 0, 0, 0, 0, 0, 0, -0.002245109186425248, 0, 0.0037225609863058315, 0, -0.001859181822846387, 0, 0, 0, 0.0012450868633528298, 0, 0, 0, 0, 0, -0.002532216462980341, 0, -0.0021476080574620747, 0, 0, 0, 0, 0, 0, -0.001633983520183902, 0, 0.005213518789475504, -0.0020145455329187664, 0, 0, 0, 0, 0, 0, 0, 0, 0, -0.00198346535531321, 0.0011544816988216513, 0, 0, -0.002093331596104742, -0.00247727358495886, 0, 0, -0.0031217365146152458, 0, 0, 0, 0.005718118211722123, 0, 0, 0, 0, 0, 0.002153913322487687, 0, 0, -0.001477733556343646, 0, 0, 0, 0, 0, 0, -0.0033532463331455596, 0, 0, 0, -0.001447306826985141, 0, 0.00435888372099435, 0, -0.0016165377542718498, 0, 0, 0, 0.0005538049242717738, 0, 0, 0, 0.0022785560790715017, 0, -0.0019644984994820983, 0, 0, 0, 0.003993425034059636, 0, 0, 0, -0.0022343217941769656, 0.00336807005523223, 0, 0, 0.0021242523759265057, 0, 0, 0, 0, 0, 0, 0, 0, -0.0019922756654205606, 0, 0, 0, 0, 0, 0, 0, 0, 0, 0, -0.002250134230336392, 0, -0.0026449541094088454, 0, 0, 0, 0, -0.0022510459824046057, 0, 0, 0, 0, 0, 0, 0, 0, 0, 0, 0, 0, 0, 0, 0, 0, 0.0006230800045625467, 0, 0, 0, 0, -0.0017509175716247842, 0, 0, -0.003973868390199262, 0, 0, 0.001957282826785775, 0, -0.002098649692605881, 0, 0, 0, 0, 0, 0.011355475300958644, 0, 0, 0, 0, 0, -0.00288939590249634, 0, 0, 0, 0, 0, 0, 0, 0, -0.002212638090859046, 0, 0, -0.001836101202137117, 0, 0, -0.0022431098717866573, 0, 0, 0, 0, 0, 0, -0.002042039933397785, 0, 0, 0, 0, 0, 0.0006263537185148409, 0, 0, 0.010096569238167152, 0, 0, 0.0008915201548625435, 0, 0, 0, 0, 0, 0.006080360686911443, 0, 0, 0, 0, 0.0003490412738441399, 0, 0, 0, 0, 0, 0, 0, -0.002245082493368135, 0, 0, 0, 0, 0, 0, 0, 0.0024623682987647963, 0, 0, 0, 0, 0, 0, 0, 0, 0, -0.0021348522161594107, 0.0011193529217832713, 0, 0, -0.0023754076881427276, 0, 0.0034486277696371944, -0.0017832267129379807, 0, 0, 0, 0.0009182005188745892, 0, -0.002078194961144081, -0.002310206238932651, 0, 0, 0, 0, -0.0012487319527810085, 0, 0, 0, -0.00433635374152927, 0, 0, 0, 0, 0, 0, 0, 0, 0, 0, 0, 0, 0, -0.0024753535384998753, -0.0024692412933270285, 0, 0, 0, 0, 0, 0, 0, 0, -0.000517205713325183, 0, -0.0027822421288367805, 0, 0, 0, 0, 0, -0.0010184783282695085, 0, 0, 0, 0, 0, 0.007553837927178866, 0, 0, 0, 0, 0, 0, 0, 0, 0, 0, 0, 0, 0, 0, 0, 0, 0, 0, 0, 0, 0, 0, 0, 0, 0, 0, 0, 0, 0, 0, -0.0023508788504856422, 0, 0, 0, 0, 0.003970711147347458, 0.0041203028535225445, 0, 0, -0.0014440402226406689, 0, 0, 0, 0, 0, 0, 0, 0, 0, 0, 0, 0, -0.001947524357068122, 0, 0, 0, 0, 0, -0.001964270897647561, 0, 0, 0, 0, 0, -0.0017174038163955323, -0.002023543277290743, 0, 0, 0.0043964130215845025, 0, -0.0018890366526679587, -0.0007418218821451145, 0.00028252091914831564, 0, 0, 0, 0, 0, 0, 0, 0, 0, 0, 0, -0.0023553376081549763, 0, 0, 0, 0, 0.0039055725469821605, -0.002374839028032516, 0, 0, 0, 0, -0.0005656646002316763, 0.004017691235188987, 0, 0.0003894991079599666, -0.003989478821080048, 0, 0, 0, 0, 0, 0, 0.006765181965180757, 0.006382181507491586, 0, 0, 0, 0, 0, -0.0019384218877039157, 0, 0, 0, 0, -0.0023261036623408895, 0, 0, 0, 0, 0, 0.00587556570024627, 0, 0, 0, 0, 0, -0.002148437773981443, 0, -0.002264025161781525, 0, 0, 0, 0, 0, -0.0031600363073790243, 0, -0.002882569461724848, 0, 0, -0.0011651447163141518, 0, 0, 0, 0, 0, 0, 0, 0, 0.0010514952187155424, 0.002786312930881656, 0, 0, 0, -0.002493411776885525, 0.005447790032823872, 0, 0, 0, 0, 0, 0, 0, 0, -0.0015593408822595033, 0, 0, 0, 0, 0.0001041001290899844, 0, 0, 0, 0, 0, 0.0004203733270005777, 0, 0, 0, -0.0022455478592040947, 0, 0, 0, -0.0033592746427993257, 0, 0, 0, 0, 0, 0.0023401422974552136, 0, 0, 0.012763457948695774, 0, 0, 0, 0, 0, 0, 0, 0, 0, 0, 0, 0, 0, 0, 0, 0, 0, 0, 0, -0.002001208569617238, 0, 0, 0, 0, 0, 0, -0.002250780431970429, 0, 0.0009630794929805766, 0, 0, 0, 0, 0, 0, 0, -0.0008421260753385932, 0, 0.0009123835359533296, 0, 0, 0, 0, 0.002482614704672455, 0, 0, 0, 0, 0, 0, 0, 0, 0, 0, 0, 0.0007621205413632116, 0, 0, 0, 0, 0, 0, 0, 0, 0.00039445685370239833, -0.0012443922709416033, 0, 0, 0, 0, 0, 0, -0.00788592761976146, 0, 0, 0, 0, 0, 0, -0.0028190904331705166, 0, 0, 0, 0.0057837921967061785, 0, -0.0026146037661593387, 0.011986903013166874, 0, 0, 0.0009760038179085785, -0.0023852103135480114, 0]
Start Date: 2022-02-03
End Date: 2024-11-28
Sharpe Ratio: 0.022
Annualized Sharpe: 0.343
Sharpe 95% CI: (np.float64(-0.71), np.float64(1.284))
Sortino Ratio: 0.033
CAGR: 0.008
Calmar Ratio: 0.291
Daily Win Rate (%): 0.382
Max Drawdown: 0.028
Profit Factor: 1.12
Expectancy: 0.000145
Average Win: 0.003534
Average Loss: 0.001953
Total Trades: 204
Total Days: 883

Rolling 8 - Variant 4 - atr_0.25_8 - Test Metrics
Contracts: [10, 11, 6, 10, 10, 7, 6, 6, 6, 6, 6, 6, 7, 10, 8, 8, 8, 8, 8, 7, 7, 7, 7, 7, 7, 7, 7, 7, 8, 5, 7, 7, 7, 7, 5, 7, 6, 6, 6, 6, 6, 6, 6, 6, 6, 6, 5, 7, 7, 7, 8, 7, 6, 5, 5, 5, 6, 6, 6, 6, 5, 9, 5, 9, 5, 5, 6, 6, 6, 6, 6, 7, 8, 7, 6, 7, 7, 7, 7, 8, 8, 8, 8, 9, 9, 9, 9, 10, 11, 11, 7, 10, 7, 7, 7, 7, 7, 8, 9, 9, 10, 10, 9, 9, 9, 11, 11, 11, 11, 11, 11, 11, 10, 10, 10, 10, 10, 10, 10, 10, 9, 10, 10, 11, 11, 12, 11, 10, 10, 11, 10, 10, 10, 10, 10, 10, 10, 10, 11, 11, 10, 11, 12, 10, 10, 9, 11, 9, 12, 10, 10, 10, 10, 12, 12, 14, 13, 14, 13, 15, 14, 13, 13, 12, 12, 12, 12, 12, 12, 12, 12, 12, 12, 12, 15, 13, 15, 14, 15, 13, 13, 12, 13, 13, 13, 12, 16, 17, 15, 11, 14, 14, 12, 12, 13, 11, 11, 11, 11, 7, 9, 14, 14, 14, 12, 8, 10, 8, 8, 8, 8, 8, 8, 8, 8, 8, 8, 9, 8, 9, 9, 7, 8, 8, 8, 8, 8, 9, 9, 9, 9, 7, 7, 6, 5, 5, 5, 7, 6, 6, 8, 8, 8, 8, 8, 8, 8, 8, 8, 10, 9, 9, 9, 9, 9, 8, 8, 8, 8, 8, 8, 8, 7, 8, 9, 11, 9, 9, 9, 11, 11, 11, 11, 13, 12, 12]
Trade Returns: [0.004503891817785195, 0.0016991612652823343, -0.0019545253882222165, -0.0016214362263160713, -0.0017167945202659007, 0.0020322788393468505, 0.004400177525998764, -0.002358035008248732, -0.002260153014175895, -0.0021009853153687733, 0.004800402315012871, -0.0022109341498665, -0.001977568452467971, 0.006820482368592247, -0.0021675484700856185, -0.0016325590663824642, -0.001871356253448813, -0.0018678608204219442, -0.002636461518451036, 0.0022533369208710156, -0.0022764957721319906, 0.000616717731890096, 0.0023505941634967514, -0.001878144589122903, 0.008500619888558731, 0.001405472770556301, 0.0013192362489796528, -0.003999053958171435, 0.004593459505335143, -0.002657597385969783, 0.003721991974174081, -0.0016178718353320348, -0.0016144844879579805, 0.003552920635778796, -0.0016092725906393397, 0.00013966151311825076, 0.004247140362862174, 0.0026009504924360133, -0.0001761566693857004, -0.001896024315814361, 0.0004457094790755472, -0.0018509370823484722, -3.297679253433314e-05, -0.0018064975914403997, -0.0026261020464032735, 0.004750907233876033, -0.0018839220356360773, -0.001984788672710926, -0.0026894439037899354, 0.0016087322791707073, -0.0018653539244851815, 6.337670708926242e-05, -0.0009026744241537207, -0.0006134140028183251, -0.002210187645356797, -0.001972669260821125, 0.001713514951441829, -0.0016822139386419644, -0.0020596279262404585, 0.000290133537164718, -0.0018940574239537694, -0.0022597694590897606, 0.0010458549585081755, -0.0018429453981654868, -0.002055687620834859, 0.004921044534222856, -0.002116630822732569, 0.0026312154030514266, 0.003903268612003149, 0.0024674031181066724, -0.0030248789180132136, 0.009120219178709572]
Daily Returns: [0.004503891817785195, 0, 0.0016991612652823343, 0, 0, -0.0019545253882222165, 0, 0, 0, -0.0016214362263160713, 0, 0, 0, 0, 0, 0, 0, 0, 0, 0, 0, 0, 0, 0, 0, 0, -0.0017167945202659007, 0, 0, 0.0020322788393468505, 0, 0, 0.004400177525998764, -0.002358035008248732, 0, 0, 0, 0, 0, -0.002260153014175895, 0, 0, 0, 0, -0.0021009853153687733, 0, 0, 0, 0.004800402315012871, 0, 0, -0.0022109341498665, 0, 0, 0, 0, 0, 0, -0.001977568452467971, 0, 0, 0, 0, 0, 0.004652933898506628, 0, 0, 0, 0, 0, 0, 0, 0, 0, 0, 0, 0, -0.005371776140253221, 0, 0, 0, -0.002636461518451036, 0, 0, 0.0022533369208710156, 0, 0, 0, 0, 0, -0.0022764957721319906, 0, 0, 0.000616717731890096, 0, 0, 0, 0, 0, 0, 0, 0, 0, 0, 0.0023505941634967514, 0, 0.006622475299435828, 0, 0, 0, 0, 0.001405472770556301, 0.0013192362489796528, -0.003999053958171435, 0.004593459505335143, 0, 0, 0, 0, 0, 0, 0, 0, 0, -0.002657597385969783, 0, 0, 0, 0, 0, 0.002104120138842046, 0, 0, 0, 0, -0.0016144844879579805, 0, 0, 0, 0, 0, 0, 0.003552920635778796, 0, 0, 0, -0.0016092725906393397, 0, 0, 0, 0.00013966151311825076, 0, 0, 0, 0.004247140362862174, 0, 0.0026009504924360133, 0, 0, 0, 0, 0, 0, 0, -0.0020721809852000616, -0.001438204395807258, 0, 0, 0, 0, 0, 0, 0, 0, -0.0018064975914403997, 0, -0.0026261020464032735, 0, 0, 0, 0, 0, 0, 0, 0, 0, 0, 0, 0.0028669851982399555, 0, 0, 0, 0, 0, 0, 0, 0, 0, 0, 0, -0.001984788672710926, 0, 0, 0, 0, 0, 0, -0.0026894439037899354, 0, 0, 0, 0, 0.0016087322791707073, 0, 0, 0, 0, 0, 0, -0.0018653539244851815, 0, 6.337670708926242e-05, -0.0009026744241537207, 0, 0, -0.0006134140028183251, 0, 0, -0.002210187645356797, 0, -0.001972669260821125, 0, 0, 0, 0.001713514951441829, 0, 0, -0.0016822139386419644, 0, 0, -0.0020596279262404585, 0, 0, 0, 0, 0.000290133537164718, -0.0018940574239537694, -0.0022597694590897606, 0.0010458549585081755, 0, 0, 0, 0, 0, 0, 0, -0.0018429453981654868, 0, 0, 0, 0, -0.002055687620834859, 0, 0, 0.0028044137114902872, 0, 0, 0, 0.0026312154030514266, 0, 0, 0, 0, 0, 0.003903268612003149, 0, 0, 0, 0, 0, 0, 0, 0, 0, 0, 0.0024674031181066724, -0.0030248789180132136, 0.009120219178709572, 0, 0, 0, 0, 0, 0]
Start Date: 2024-11-29
End Date: 2025-11-06
Sharpe Ratio: 0.028
Annualized Sharpe: 0.446
Sharpe 95% CI: (np.float64(-1.415), np.float64(2.126))
Sortino Ratio: 0.045
CAGR: 0.009
Calmar Ratio: 0.385
Daily Win Rate (%): 0.417
Max Drawdown: 0.024
Profit Factor: 1.136
Expectancy: 0.000153
Average Win: 0.003084
Average Loss: 0.00194
Total Trades: 72
Total Days: 294



Rolling 9 - Variant 0 - atr_0.25_2 - Fit Metrics
Contracts: [10, 11, 6, 10, 10, 7, 6, 6, 6, 6, 6, 6, 7, 10, 8, 8, 8, 8, 8, 7, 7, 7, 7, 7, 7, 7, 7, 7, 8, 5, 7, 7, 7, 7, 5, 7, 6, 6, 6, 6, 6, 6, 6, 6, 6, 6, 5, 7, 7, 7, 8, 7, 6, 5, 6, 5, 6, 6, 6, 6, 5, 9, 5, 10, 5, 5, 6, 6, 6, 6, 6, 7, 8, 7, 6, 7, 7, 7, 7, 8, 8, 8, 8, 9, 9, 9, 9, 10, 11, 11, 8, 10, 7, 7, 7, 7, 7, 8, 9, 9, 10, 10, 9, 9, 10, 11, 11, 12, 11, 11, 11, 11, 11, 10, 10, 10, 10, 10, 10, 10, 10, 10, 10, 11, 11, 11, 11, 9, 10, 10, 10, 10, 10, 10, 10, 10, 10, 10, 10, 10, 10, 11, 12, 10, 10, 9, 11, 9, 12, 10, 10, 10, 10, 12, 12, 14, 13, 13, 13, 15, 14, 13, 14, 12, 12, 12, 12, 12, 12, 12, 12, 12, 12, 12, 15, 13, 14, 14, 15, 13, 13, 12, 13, 13, 13, 12, 16, 17, 15, 12, 14, 15, 12, 12, 13, 11, 11, 11, 11, 7, 9, 14, 14, 14, 12, 8, 10, 8, 8, 8, 8, 8, 8, 8, 8, 8, 8, 9, 8, 9, 9, 7, 8, 8, 8, 8, 8, 9, 9, 9, 9, 7, 7, 6, 5, 5, 5, 7, 6, 6, 8, 8, 8, 8, 8, 8, 8, 9, 9, 10, 9, 9, 9, 10, 9, 8, 8, 8, 8, 8, 8, 8, 7, 8, 9, 11, 9, 9, 9, 11, 11, 11, 11, 13, 12, 12]
Trade Returns: [-0.0028519130669272417, 0.004957, -0.002588216794124713, -0.0023459469521189286, 0.00420642903359948, 0.0037768024285579228, 0.0003086965370428791, 0.002425994393230988, -0.0013224117517672176, -0.00047106989299046284, -0.001546786048114515, -0.0016339597250258394, -0.0021727569559380623, -0.002177488108372, 0.004061579645388013, 0.004144646944603902, -0.003006675296754859, -0.0028561798151466233, -0.003125994206393061, 0.0016321120138351602, -0.00024840068042928813, 0.00040676544590433143, 0.0033819145261697685, 0.0031089380399181507, 0.0009262443191911875, 0.0036380300984067493, 0.00018590147458356655, 0.0037635465359440417, -0.002133749590446895, -0.0008042339929425151, -0.0018202688031566697, -0.0025816417148964805, 0.004580005012630371, 0.004115456995707519, 0.0037672028305422785, -0.00017196775868638122, 0.004817686492001315, 0.003261044033587818, -0.001662780972789467, -0.0002802650940324995, -2.5087986632195244e-05, -0.0017123780768268846, -0.002326889569318319, -0.0022043735566804794, 0.004073816392404485, 0.004734199683961813, 0.004080538152835539, -0.001869439567421927, -0.00038213674095864474, 0.004257891234650052, 0.0039522162858846915, -0.002581703030876911, -0.0016513728667552747, 0.000300741636401179, -0.0020828978517353778, -0.00011207220931574927, 0.002330360419754242, -0.0009510073475102415, -0.001513463446919689, -0.0014260464647611983, -0.0017747061816528308, 0.003501628217565922, -0.002216798759750302, -0.0014653984730390406, 0.0010572354696729471, -0.0014299688535239373, -0.00179283512536664, -0.002306253188737704, -0.002244297502284026, 0.0034654915259652985, -0.001858508152796431, 0.002858908464690238, -0.002527871223820836, -0.0021468332902049862, -0.0016311785584658008, 0.0033615818989833767, -0.002013820232632757, -0.001985139303160986, 0.0011554579629878524, -0.0020950997367406377, -0.0024793704167536145, 0.005761326066344613, 0.004993770354621885, 0.002150207878013915, -0.0016649994912075327, -0.001883699137666409, -0.001422704485112399, -0.0014270059607283613, 0.0020918154158573927, -0.0015938992860779267, 0.0005472610893544942, 0.002251594734264223, -0.0019412984123651639, 0.004913029611686007, -0.002205922743833107, 0.0033251660052105647, 0.003854683811279336, -0.002434328181900505, -0.001964522058611414, 0.003929918177864142, -0.002609146082345951, -0.002422353879670676, 0.0006130356838571614, -0.0018948585521188167, -0.0026802621967715635, -0.001229530925052332, 0.003517134274460067, -0.0020899006679294743, 0.003576100592709489, -0.002865008774539957, -0.0022036688828451093, -0.0017871513784639052, -4.1490214653498336e-05, -0.0022071486493439015, -0.0020339498151018378, 0.0006238671837585538, 0.004356690737200255, -0.002972090183874802, 0.003654655567669822, 0.003540794709017862, 0.00035155947480002963, -0.002227141722921375, 0.0022542104654427464, -0.002150258688990024, -0.0019737479923780275, 0.003101217322082794, -0.002392021400804568, 0.003594882621069938, -0.001796148865166429, 0.0009247314498220407, -0.0020929629863647024, -0.0020941808822032863, -0.001257050798414284, -0.0017860322987801908, -0.0023452593196779032, 0.0044900630407006745, -0.002485780684447931, -0.0005170677606271361, -0.0027815020940529524, -0.0011270367776321864, 0.0030915895701316763, -0.002350251483368681, 0.0029067849984728794, 0.00020289500791041432, 0.0025302832868713074, -0.0014471842271874934, -0.001949757887528504, -0.001963745467741977, -0.001719376721425747, -0.0018811667368200666, 0.002968692224290396, 0.0030491436426868385, -0.0007399656395854769, 0.00028284556300413425, -0.0025301663187205017, 0.004941947485983423, -0.0023907080678352184, -0.0005643440831127568, 0.004650094673553736, 0.0014118487879147058, 0.00038779863244518993, -0.0018016305164839552, -0.0021704206157401205, 0.003319860402527211, -0.0024600413667844167, 0.004634713716825862, -0.0019446646905883608, -0.002320686085657981, 0.0024837320238540192, -0.0020185042705140465, -0.002278740223175438, -0.003180621914279598, -0.002891871036423411, -0.0011727710740838647, 0.0010599817776433585, 0.0034451110720608836, -0.0025118644411741852, 0.003933897844000839, -0.001569531398747171, 0.0001038394490157697, 0.0036214014615953767, -0.0022284693915592415, -0.0033336686871247973, 0.0023220989722541325, 0.0032092640853539182, -0.0020047230603392097, -0.002254741156992048, 0.0009647724696608507, -0.0008436076387931122, -0.0022967939749415607, 0.005011618957058254, 0.0024869932637307454, 0.0008250456794649731, 0.0018013243907225576, -0.001407960307900201, -0.0012409682912906297, -0.003747833075540502, 0.007725193815717486, -0.002581059463962899, 0.0046785587134428284, -0.002633481107582066, 0.006086857592958318, 0.0009757931994823419, -0.0023846960947481875, 0.003050802276382679, 0.0016987940736564366, -0.0019541037282904444, -0.0016210857405567953, -0.0017179108378858837, 0.002019697536147998, 0.004210164515245211, -0.0023600173900567255, 0.004086556908196493, -0.0021027557758039176, 0.003929490694280579, -0.0021988143388211785, -0.001966704007339948, 0.0029638984197682045, -0.0021556168391068486, -0.0016297854810825535, -0.001868182910597877, -0.0018646993112112684, -0.0026358907019206125, 0.002247105745073891, -0.002272621877034773, 0.0033425422530467684]
Daily Returns: [-0.0028519130669272417, 0.004957, 0, 0, 0, 0, 0, 0, 0, 0, 0, 0, -0.002588216794124713, 0, 0, -0.0023459469521189286, 0, 0, 0, 0, 0, 0, 0, 0, 0, 0, 0, 0, 0, 0, 0, 0.00420642903359948, 0, 0, 0.0037768024285579228, 0, 0, 0, 0, 0, 0.0003086965370428791, 0, 0, 0.0006325127484733076, 0, 0, -0.001546786048114515, 0, 0, 0, 0, -0.0016339597250258394, 0, 0, 0, 0, 0, 0, 0, 0, -0.0021727569559380623, 0, 0, 0, 0, 0, -0.002177488108372, 0.008206226589991915, 0, 0, 0, 0, 0, 0, 0, 0, 0, 0, -0.003006675296754859, -0.005982174021539685, 0, 0.0016321120138351602, 0.0001583647654750433, 0, 0, 0, 0, 0, 0, 0, 0, 0, 0, 0, 0, 0, 0, 0, 0, 0, 0, 0.0033819145261697685, 0, 0, 0, 0, 0.0031089380399181507, 0.0009262443191911875, 0.0036380300984067493, 0, 0, 0, 0, 0, 0, 0, 0, 0, 0, 0, 0.00018590147458356655, 0.0008255629525546318, 0, 0, 0, 0, 0, 0, 0, 0, -0.0018202688031566697, 0, 0, 0, 0, 0, 0, 0, 0, 0, 0, 0, 0, 0, 0, -0.0025816417148964805, 0, 0.004580005012630371, 0, 0, 0.0077106920675634166, 0.004817686492001315, 0, 0, 0, 0.003261044033587818, 0, -0.0019430460668219665, 0, 0, -2.5087986632195244e-05, 0, 0, 0, 0, 0, 0, 0, 0, -0.0017123780768268846, 0, 0, 0, 0, 0, -0.002326889569318319, 0, -0.0022043735566804794, 0.004073816392404485, 0, 0, 0.004734199683961813, 0, 0, 0, 0, 0.004080538152835539, 0, 0, 0, 0, 0, 0, 0, 0, -0.001869439567421927, 0, 0, 0, 0, 0, 0, 0, 0, 0, 0, 0, 0, 0, 0, -0.00038213674095864474, 0, 0, 0, 0, 0, 0.004257891234650052, 0, 0, 0, 0, 0, 0, 0.0013705132550077804, 0, 0, 0, -0.0016513728667552747, 0, 0.000300741636401179, 0, 0, 0, 0, -0.0020828978517353778, 0, 0, 0, 0, 0, 0, -0.00011207220931574927, 0, 0, 0, 0, 0, 0, 0, 0, 0, 0.002330360419754242, 0, 0, 0, 0, 0, -0.0009510073475102415, 0, 0, 0, 0, 0, -0.001513463446919689, -0.0014260464647611983, 0, 0, 0, -0.0017747061816528308, 0, 0.003501628217565922, 0, -0.002216798759750302, 0, 0, 0, 0, -0.0014653984730390406, 0, 0, 0.0010572354696729471, 0, -0.0014299688535239373, 0, 0, 0, -0.00179283512536664, 0, 0, 0, 0, -0.002306253188737704, 0, 0, 0, 0, 0, 0, 0, -0.002244297502284026, 0, 0.0034654915259652985, 0, -0.001858508152796431, 0, 0, 0, 0.002858908464690238, 0, 0, 0, 0, 0, -0.002527871223820836, 0, -0.0021468332902049862, 0, 0, 0, 0, 0, 0, -0.0016311785584658008, 0, 0.0033615818989833767, -0.002013820232632757, 0, 0, 0, 0, 0, 0, 0, 0, 0, -0.001985139303160986, 0.0011554579629878524, 0, 0, -0.0020950997367406377, -0.0024793704167536145, 0, 0, 0.005761326066344613, 0, 0, 0, 0.004993770354621885, 0, 0, 0, 0, 0, 0.002150207878013915, 0, 0, -0.0016649994912075327, 0, 0, 0, 0, 0, 0, -0.003306403622778808, 0, 0, 0, -0.0014270059607283613, 0, 0.0020918154158573927, 0, -0.0015938992860779267, 0, 0, 0, 0.0005472610893544942, 0, 0, 0, 0.002251594734264223, 0, -0.0019412984123651639, 0, 0, 0, 0.004913029611686007, 0, 0, 0, -0.002205922743833107, 0.0033251660052105647, 0, 0, 0.001420355629378831, 0, 0, 0, 0, 0, 0, 0, 0, -0.001964522058611414, 0, 0, 0, 0, 0, 0, 0, 0, 0, 0, 0.003929918177864142, 0, -0.002609146082345951, 0, 0, 0, 0, -0.002422353879670676, 0, 0, 0, 0, 0, 0, 0, 0, 0, 0, 0, 0, 0, 0, 0, 0, 0.0006130356838571614, 0, 0, 0, 0, -0.0018948585521188167, 0, 0, -0.0039097931218238955, 0, 0, 0.003517134274460067, 0, -0.0020899006679294743, 0, 0, 0, 0, 0, 0.003576100592709489, 0, 0, 0, 0, 0, -0.002865008774539957, 0, 0, 0, 0, 0, 0, 0, 0, -0.0022036688828451093, 0, 0, -0.0018286415931174035, 0, 0, -0.0022071486493439015, 0, 0, 0, 0, 0, 0, -0.0020339498151018378, 0, 0, 0, 0, 0, 0.0006238671837585538, 0, 0, 0.0013846005533254529, 0, 0, 0.003654655567669822, 0, 0, 0, 0, 0, 0.003540794709017862, 0, 0, 0, 0, 0.00035155947480002963, 0, 0, 0, 0, 0, 0, 0, -0.002227141722921375, 0, 0, 0, 0, 0, 0, 0, 0.0022542104654427464, 0, 0, 0, 0, 0, 0, 0, 0, 0, -0.002150258688990024, 0.0011274693297047664, 0, 0, -0.002392021400804568, 0, 0.003594882621069938, -0.001796148865166429, 0, 0, 0, 0.0009247314498220407, 0, -0.0020929629863647024, -0.0020941808822032863, 0, 0, 0, 0, -0.001257050798414284, 0, 0, 0, -0.004131291618458094, 0, 0, 0, 0, 0, 0, 0, 0, 0, 0, 0, 0, 0, 0.0044900630407006745, -0.002485780684447931, 0, 0, 0, 0, 0, 0, 0, 0, -0.0005170677606271361, 0, -0.0027815020940529524, 0, 0, 0, 0, 0, -0.0011270367776321864, 0, 0, 0, 0, 0, 0.0030915895701316763, 0, 0, 0, 0, 0, 0, 0, 0, 0, 0, 0, 0, 0, 0, 0, 0, 0, 0, 0, 0, 0, 0, 0, 0, 0, 0, 0, 0, 0, 0, -0.002350251483368681, 0, 0, 0, 0, 0.0031096800063832937, 0.0025302832868713074, 0, 0, -0.0014471842271874934, 0, 0, 0, 0, 0, 0, 0, 0, 0, 0, 0, 0, -0.001949757887528504, 0, 0, 0, 0, 0, -0.001963745467741977, 0, 0, 0, 0, 0, -0.001719376721425747, -0.0018811667368200666, 0, 0, 0.002968692224290396, 0, 0.0030491436426868385, -0.0007399656395854769, 0.00028284556300413425, 0, 0, 0, 0, 0, 0, 0, 0, 0, 0, 0, -0.0025301663187205017, 0, 0, 0, 0, 0.004941947485983423, -0.0023907080678352184, 0, 0, 0, 0, -0.0005643440831127568, 0.006061943461468442, 0, 0.00038779863244518993, -0.003972051132224076, 0, 0, 0, 0, 0, 0, 0.0008598190357427945, 0.004634713716825862, 0, 0, 0, 0, 0, -0.0019446646905883608, 0, 0, 0, 0, -0.002320686085657981, 0, 0, 0, 0, 0, 0.0024837320238540192, 0, 0, 0, 0, 0, -0.0020185042705140465, 0, -0.002278740223175438, 0, 0, 0, 0, 0, -0.003180621914279598, 0, -0.002891871036423411, 0, 0, -0.0011727710740838647, 0, 0, 0, 0, 0, 0, 0, 0, 0.0010599817776433585, 0.0034451110720608836, 0, 0, 0, -0.0025118644411741852, 0.003933897844000839, 0, 0, 0, 0, 0, 0, 0, 0, -0.001569531398747171, 0, 0, 0, 0, 0.0001038394490157697, 0, 0, 0, 0, 0, 0.0036214014615953767, 0, 0, 0, -0.0022284693915592415, 0, 0, 0, -0.0033336686871247973, 0, 0, 0, 0, 0, 0.0023220989722541325, 0, 0, 0.0032092640853539182, 0, 0, 0, 0, 0, 0, 0, 0, 0, 0, 0, 0, 0, 0, 0, 0, 0, 0, 0, -0.0020047230603392097, 0, 0, 0, 0, 0, 0, -0.002254741156992048, 0, 0.0009647724696608507, 0, 0, 0, 0, 0, 0, 0, -0.0008436076387931122, 0, 0.002714824982116693, 0, 0, 0, 0, 0.0024869932637307454, 0, 0, 0, 0, 0, 0, 0, 0, 0, 0, 0, 0.0008250456794649731, 0, 0, 0, 0, 0, 0, 0, 0, 0.0003933640828223566, -0.0012409682912906297, 0, 0, 0, 0, 0, 0, 0.003977360740176983, 0, 0, 0, 0, 0, 0, -0.002581059463962899, 0, 0, 0, 0.0046785587134428284, 0, -0.002633481107582066, 0.006086857592958318, 0, 0, 0.0009757931994823419, -0.0023846960947481875, 0, 0.003050802276382679, 0, 0.0016987940736564366, 0, 0, -0.0019541037282904444, 0, 0, 0, -0.0016210857405567953, 0, 0, 0, 0, 0, 0, 0, 0, 0, 0, 0, 0, 0, 0, 0, 0, -0.0017179108378858837, 0, 0, 0.002019697536147998, 0, 0, 0.004210164515245211, -0.0023600173900567255, 0, 0, 0, 0, 0, 0.004086556908196493, 0, 0, 0, 0, -0.0021027557758039176, 0, 0, 0, 0.003929490694280579, 0, 0, -0.0021988143388211785, 0, 0, 0, 0, 0, 0, -0.001966704007339948, 0, 0, 0, 0, 0, 0.0008082815806613559, 0, 0, 0, 0, 0, 0, 0, 0, 0, 0, 0, 0, -0.005362667702891699, 0, 0, 0, -0.0026358907019206125, 0, 0, 0.002247105745073891, 0, 0, 0, 0, 0, -0.002272621877034773, 0, 0, 0.0033425422530467684, 0, 0, 0, 0]
Start Date: 2022-02-03
End Date: 2025-03-23
Sharpe Ratio: 0.024
Annualized Sharpe: 0.378
Sharpe 95% CI: (np.float64(-0.609), np.float64(1.326))
Sortino Ratio: 0.035
CAGR: 0.007
Calmar Ratio: 0.296
Daily Win Rate (%): 0.42
Max Drawdown: 0.025
Profit Factor: 1.116
Expectancy: 0.00013
Average Win: 0.002965
Average Loss: 0.001927
Total Trades: 226
Total Days: 981

Rolling 9 - Variant 0 - atr_0.25_2 - Test Metrics
Contracts: [10, 11, 6, 10, 10, 7, 6, 6, 6, 6, 6, 6, 7, 10, 8, 8, 8, 8, 8, 7, 7, 7, 7, 7, 7, 7, 7, 7, 8, 5, 7, 7, 7, 7, 5, 7, 6, 6, 6, 6, 6, 6, 6, 6, 6, 6, 5, 7, 7, 7, 8, 7, 6, 5, 6, 5, 6, 6, 6, 6, 5, 9, 5, 10, 5, 5, 6, 6, 6, 6, 6, 7, 8, 7, 6, 7, 7, 7, 7, 8, 8, 8, 8, 9, 9, 9, 9, 10, 11, 11, 8, 10, 7, 7, 7, 7, 7, 8, 9, 9, 10, 10, 9, 9, 10, 11, 11, 12, 11, 11, 11, 11, 11, 10, 10, 10, 10, 10, 10, 10, 10, 10, 10, 11, 11, 11, 11, 9, 10, 10, 10, 10, 10, 10, 10, 10, 10, 10, 10, 10, 10, 11, 12, 10, 10, 9, 11, 9, 12, 10, 10, 10, 10, 12, 12, 14, 13, 13, 13, 15, 14, 13, 14, 12, 12, 12, 12, 12, 12, 12, 12, 12, 12, 12, 15, 13, 14, 14, 15, 13, 13, 12, 13, 13, 13, 12, 16, 17, 15, 12, 14, 15, 12, 12, 13, 11, 11, 11, 11, 7, 9, 14, 14, 14, 12, 8, 10, 8, 8, 8, 8, 8, 8, 8, 8, 8, 8, 9, 8, 9, 9, 7, 8, 8, 8, 8, 8, 9, 9, 9, 9, 7, 7, 6, 5, 5, 5, 7, 6, 6, 8, 8, 8, 8, 8, 8, 8, 9, 9, 10, 9, 9, 9, 10, 9, 8, 8, 8, 8, 8, 8, 8, 7, 8, 9, 11, 9, 9, 9, 11, 11, 11, 11, 13, 12, 12]
Trade Returns: [0.00235452795063287, -0.0018812803350669036, 0.0050984918710002295, 0.006648282076338167, 0.0013145606762977873, -0.003998910739420082, 0.004577129451174134, -0.0026481908246076945, 0.002926779362269117, -0.0016121301757522168, -0.0016100211593870085, 0.0034214438240220348, -0.0015987088217760204, 0.0040921220546962555, 0.0031203624191637794, 0.002586752068730123, -0.00017519752238030105, -0.0018856989349183948, 0.0030138310051577677, -0.0018361249031938645, -3.271240932886689e-05, -0.00201601572072883, -0.0029312934153527567, 0.0030950046319944157, -0.0018697443087285926, -0.0021923197960693227, -0.0026692581311666564, 0.0015995603897910708, -0.0018547359383948461, 6.301528322341807e-05, -0.0008975269884846941, 0.00285113135287894, -0.0021899809426408866, -0.0019545944932201683, 0.001697783961864368, -0.001666796484716219, -0.0020407199656573382, 0.00028716761525839405, -0.00187470077279524, -0.002246914750188776, 0.0010396829555592375, -0.0018240757202954907, -0.002034601239903238, 0.003940377261384171, -0.002096921359842264, 0.003668065136394687, 0.004065785238533558, 0.003536720032239331, -0.0029929753243706165, 0.004991169152377847]
Daily Returns: [0, 0, 0, 0, 0, 0, 0.00235452795063287, 0, 0.0032172115359333257, 0, 0, 0, 0, 0.006648282076338167, 0.0013145606762977873, -0.003998910739420082, 0.004577129451174134, 0, 0, 0, 0, 0, 0, 0, 0, 0, -0.0026481908246076945, 0, 0, 0, 0, 0, 0.0013146491865169002, 0, 0, 0, 0, -0.0016100211593870085, 0, 0, 0, 0, 0, 0, 0.0034214438240220348, 0, 0, 0, -0.0015987088217760204, 0, 0, 0, 0.0040921220546962555, 0, 0, 0, 0.0031203624191637794, 0, 0.002586752068730123, 0, 0, 0, 0, 0, 0, 0, -0.002060896457298696, 0.0011449936926350363, 0, 0, 0, 0, 0, 0, 0, 0, -0.00201601572072883, 0, -0.0029312934153527567, 0, 0, 0, 0, 0, 0, 0, 0, 0, 0, 0, 0.0012252603232658231, 0, 0, 0, 0, 0, 0, 0, 0, 0, 0, 0, -0.0021923197960693227, 0, 0, 0, 0, 0, 0, -0.0026692581311666564, 0, 0, 0, 0, 0.0015995603897910708, 0, 0, 0, 0, 0, 0, -0.0018547359383948461, 0, 6.301528322341807e-05, -0.0008975269884846941, 0, 0, 0.00285113135287894, 0, 0, -0.0021899809426408866, 0, -0.0019545944932201683, 0, 0, 0, 0.001697783961864368, 0, 0, -0.001666796484716219, 0, 0, -0.0020407199656573382, 0, 0, 0, 0, 0.00028716761525839405, -0.00187470077279524, -0.002246914750188776, 0.0010396829555592375, 0, 0, 0, 0, 0, 0, 0, -0.0018240757202954907, 0, 0, 0, 0, -0.002034601239903238, 0, 0, 0.0018434559015419075, 0, 0, 0, 0.003668065136394687, 0, 0, 0, 0, 0, 0.004065785238533558, 0, 0, 0, 0, 0, 0, 0, 0, 0, 0, 0.003536720032239331, -0.0029929753243706165, 0.004991169152377847, 0, 0, 0, 0, 0, 0]
Start Date: 2025-03-24
End Date: 2025-11-06
Sharpe Ratio: 0.069
Annualized Sharpe: 1.101
Sharpe 95% CI: (np.float64(-1.212), np.float64(3.102))
Sortino Ratio: 0.136
CAGR: 0.022
Calmar Ratio: 1.097
Daily Win Rate (%): 0.46
Max Drawdown: 0.02
Profit Factor: 1.33
Expectancy: 0.000347
Average Win: 0.003043
Average Loss: 0.001949
Total Trades: 50
Total Days: 196



Rolling 9 - Variant 1 - atr_0.25_6 - Fit Metrics
Contracts: [10, 11, 6, 10, 10, 7, 6, 6, 6, 6, 6, 6, 7, 10, 8, 8, 8, 8, 8, 7, 7, 7, 7, 7, 7, 7, 7, 7, 8, 5, 7, 7, 7, 7, 5, 7, 6, 6, 6, 6, 6, 6, 6, 6, 6, 6, 5, 7, 7, 7, 8, 7, 6, 5, 5, 5, 6, 6, 6, 6, 5, 9, 5, 9, 5, 5, 6, 6, 6, 6, 6, 7, 8, 7, 6, 7, 7, 7, 7, 8, 8, 8, 8, 9, 9, 9, 9, 10, 11, 11, 7, 10, 7, 7, 7, 7, 7, 8, 9, 9, 10, 10, 9, 9, 9, 11, 11, 11, 11, 11, 11, 11, 10, 10, 10, 10, 10, 10, 10, 10, 10, 10, 10, 11, 11, 12, 11, 10, 10, 11, 10, 10, 10, 10, 10, 10, 10, 10, 11, 11, 10, 11, 12, 10, 10, 9, 11, 9, 12, 10, 10, 10, 10, 13, 12, 14, 13, 14, 13, 15, 14, 13, 14, 12, 12, 12, 12, 12, 12, 12, 12, 12, 12, 12, 15, 13, 15, 14, 15, 13, 14, 12, 13, 13, 13, 12, 16, 17, 15, 12, 14, 15, 12, 12, 13, 11, 11, 11, 11, 7, 9, 14, 14, 14, 12, 8, 10, 8, 8, 8, 8, 8, 8, 8, 8, 8, 9, 9, 8, 9, 9, 7, 8, 8, 8, 8, 8, 9, 9, 9, 9, 7, 7, 6, 5, 5, 5, 7, 6, 6, 8, 8, 8, 8, 8, 8, 8, 8, 9, 10, 9, 9, 9, 10, 9, 8, 8, 8, 8, 8, 8, 8, 7, 8, 9, 11, 9, 9, 9, 11, 11, 11, 11, 13, 12, 12]
Trade Returns: [-0.0028620588589212347, 0.0013944999999999663, -0.0025974086823431983, -0.0023543001309382673, 0.004221442148990723, 0.003079408576372763, 0.0003100090556062336, 0.002510916248678037, -0.001327922814374787, -0.00047307217124611934, -0.0015532407469505247, -0.0016407888046029856, -0.002181871974037282, -0.0021866429490049423, -0.0022415958589465977, 0.003635393079390315, -0.0030399599347226114, -0.0028878948433865848, -0.003160805786531552, 0.001650345110071621, -0.00025117110990235687, 0.00041130326801338933, 0.007312149593938783, 0.0039657202545010884, 0.0009321417035338353, -0.002031942365708676, 0.00018786966456134146, 0.003106411186027505, -0.0021577485566083056, -0.0008132990307356836, -0.0018405671350609045, -0.002610867715636113, 0.002453325757927158, 0.0028969765704821575, 0.0038226833668985752, -0.00017449072628438945, 0.003920472346831247, 0.0028297890350100887, -0.00168941421709165, -0.0002847617779565963, -2.54906228594257e-05, -0.0017317298313963261, -0.0023642389442605338, -0.002239840254080007, 0.0023588316935886644, 0.009622092028561863, 0.004133324419887369, -0.0018935232867805165, -0.0003854038380973737, 0.008618627450980458, 0.012154090672402477, -0.0025826844758499367, -0.001672687624362711, 0.00030085649994342705, -0.0020836917242002414, -0.00011387089816529625, -0.001287205199614264, -0.0009548088328568294, -0.0015106995006012765, -0.0014234382224945943, -0.0017947263170543454, 0.004982610155116955, -0.0022127384501160353, -0.001462708483052527, 0.0010552918899253707, -0.001427342826734363, -0.0017895380167341456, -0.002302004276401576, -0.002240135928500417, 0.003714281074785653, -0.0018550542062396934, 0.0012423277253562988, -0.002526611982024468, -0.002142860973535871, -0.0016303656867453276, 0.0052019565895092285, -0.0020101015219884276, -0.001979114145746409, 0.0011519440425021051, -0.002088735556259736, -0.0024718231921447595, -0.0031148511823321373, 0.005705502570277877, 0.0021491340534976608, -0.0014744493549575936, -0.0019061036067875273, -0.0014396582602840286, -0.0014440630232076905, 0.006581345192065552, -0.0016129205022459446, 0.000551341885338868, 0.00226840797255886, -0.0019557662369053563, 0.003975679593339291, -0.002224432534455179, 0.003353129514627602, 0.004323046801756419, -0.002208228189947568, -0.0019878413774582883, -0.002245144628154253, -0.002633307735818592, -0.002241107911709414, 0.0006203254547865483, -0.0017431511077710708, -0.0027121538290448186, -0.0012441425414731293, 0.0019486476422108704, -0.002098649692605881, 0.011182896035279272, -0.002877019367393588, -0.002203204014001348, -0.001786773542462715, -4.1481427173338624e-05, -0.0022331428393344787, -0.002033518527908365, 0.0006237346268044753, 0.013425822722333364, -0.00297145907896665, 0.0008875753704428272, 0.006052812642504537, 0.000347469400904757, -0.0022401152454444967, 0.002451231229595571, -0.0021252244562884066, -0.0019507198328052645, 0.003065000957633512, -0.002364689339593413, 0.003432983786195977, -0.001775151835036303, 0.000914049543204604, -0.002068808494176514, -0.0022998060668085107, -0.0012430497846725099, -0.0017661147381639603, -0.00255052676173623, -0.0024640011658223367, -0.0024579447870016376, -0.0005148212614217802, -0.0027694507974701174, -0.0011267980653419084, 0.007521388206536692, -0.0023400351092973857, 0.0037504808606803894, 0.00020183943984578565, 0.004101290668471673, -0.0014374042489009398, -0.001937971080022395, -0.0019551891855063394, -0.0017089653740426868, -0.0020135836017528587, 0.004374730661692204, -0.0018797608250284315, -0.0007381724183166796, 0.0002811323658583098, -0.0025240308589176835, 0.004211565538842832, -0.0023640000856270217, -0.0005629689455161321, 0.002587247305243816, 0.0014113044276413693, 0.00038764932137036955, -0.0018009371175707698, -0.0021695837723786442, 0.010349462313090767, -0.0024419814360698813, 0.006344580356061451, -0.0019270735151203455, -0.002315044359507316, 0.005841002096302615, -0.0021358727657491707, -0.0022507558060550557, -0.003141473688298286, -0.002865661051067465, -0.0012473657744842697, 0.0010454084810891512, 0.002770200784762765, -0.0024790331939044657, 0.005416083885843594, -0.0015501521686116695, 0.00010358762021043464, 0.000417933150952952, -0.0022325183860510494, -0.0033397393148732824, 0.002326338192023165, 0.010134805391438708, -0.0019946145598986613, -0.002243349257208765, 0.0009599030867074649, -0.0008393463394328185, -0.0022893122151769175, 0.0031986573815123644, 0.002474399676896573, 0.0008265531263513538, 0.0018003142730081375, -0.0014071721934219503, -0.00124027267277002, -0.003745729637764485, -0.00410387863152501, -0.0028063312086635582, 0.005764592040924597, -0.002602807066175548, 0.011960439071086128, 0.000972796795096231, -0.0023773804366106445, 0.004489026175450568, 0.0016935701741727122, -0.0019481048948768835, -0.0016160995135054983, -0.0017111469129040702, 0.0020277872945039343, 0.004933887511533626, -0.0023490164637621595, -0.00225147030386568, -0.002092930963746611, 0.004784535244346854, -0.0022024213547590593, -0.0019699373822043556, 0.009166685833332324, -0.002159167792722984, -0.0016224147520690869, -0.0018597497384847106, -0.001856297489713666, -0.002627769956538104, 0.0022458398353271247, -0.0022623272086633255, 0.000614674016286266]
Daily Returns: [-0.0028620588589212347, 0.0013944999999999663, 0, 0, 0, 0, 0, 0, 0, 0, 0, 0, -0.0025974086823431983, 0, 0, -0.0023543001309382673, 0, 0, 0, 0, 0, 0, 0, 0, 0, 0, 0, 0, 0, 0, 0, 0.004221442148990723, 0, 0, 0.003079408576372763, 0, 0, 0, 0, 0, 0.0003100090556062336, 0, 0, 0.0007099212630571307, 0, 0, -0.0015532407469505247, 0, 0, 0, 0, -0.0016407888046029856, 0, 0, 0, 0, 0, 0, 0, 0, -0.002181871974037282, 0, 0, 0, 0, 0, -0.0021866429490049423, 0.001393797220443717, 0, 0, 0, 0, 0, 0, 0, 0, 0, 0, -0.0030399599347226114, -0.006048700629918137, 0, 0.001650345110071621, 0.00016013215811103246, 0, 0, 0, 0, 0, 0, 0, 0, 0, 0, 0, 0, 0, 0, 0, 0, 0, 0, 0.007312149593938783, 0, 0, 0, 0, 0.0039657202545010884, 0.0009321417035338353, -0.002031942365708676, 0, 0, 0, 0, 0, 0, 0, 0, 0, 0, 0, 0.00018786966456134146, 0.00013536359868351574, 0, 0, 0, 0, 0, 0, 0, 0, -0.0018405671350609045, 0, 0, 0, 0, 0, 0, 0, 0, 0, 0, 0, 0, 0, 0, -0.002610867715636113, 0, 0.002453325757927158, 0, 0, 0.0065451692110963435, 0.003920472346831247, 0, 0, 0, 0.0028297890350100887, 0, -0.0019741759950482464, 0, 0, -2.54906228594257e-05, 0, 0, 0, 0, 0, 0, 0, 0, -0.0017317298313963261, 0, 0, 0, 0, 0, -0.0023642389442605338, 0, -0.002239840254080007, 0.0023588316935886644, 0, 0, 0.009622092028561863, 0, 0, 0, 0, 0.004133324419887369, 0, 0, 0, 0, 0, 0, 0, 0, -0.0018935232867805165, 0, 0, 0, 0, 0, 0, 0, 0, 0, 0, 0, 0, 0, 0, -0.0003854038380973737, 0, 0, 0, 0, 0, 0.008618627450980458, 0, 0, 0, 0, 0, 0, 0.00957140619655254, 0, 0, 0, -0.001672687624362711, 0, 0.00030085649994342705, 0, 0, 0, 0, -0.0020836917242002414, 0, 0, 0, 0, 0, 0, -0.00011387089816529625, 0, 0, 0, 0, 0, 0, 0, 0, 0, -0.001287205199614264, 0, 0, 0, 0, 0, -0.0009548088328568294, 0, 0, 0, 0, 0, -0.0015106995006012765, -0.0014234382224945943, 0, 0, 0, -0.0017947263170543454, 0, 0.004982610155116955, 0, -0.0022127384501160353, 0, 0, 0, 0, -0.001462708483052527, 0, 0, 0.0010552918899253707, 0, -0.001427342826734363, 0, 0, 0, -0.0017895380167341456, 0, 0, 0, 0, -0.002302004276401576, 0, 0, 0, 0, 0, 0, 0, -0.002240135928500417, 0, 0.003714281074785653, 0, -0.0018550542062396934, 0, 0, 0, 0.0012423277253562988, 0, 0, 0, 0, 0, -0.002526611982024468, 0, -0.002142860973535871, 0, 0, 0, 0, 0, 0, -0.0016303656867453276, 0, 0.0052019565895092285, -0.0020101015219884276, 0, 0, 0, 0, 0, 0, 0, 0, 0, -0.001979114145746409, 0.0011519440425021051, 0, 0, -0.002088735556259736, -0.0024718231921447595, 0, 0, -0.0031148511823321373, 0, 0, 0, 0.005705502570277877, 0, 0, 0, 0, 0, 0.0021491340534976608, 0, 0, -0.0014744493549575936, 0, 0, 0, 0, 0, 0, -0.003345761867071556, 0, 0, 0, -0.0014440630232076905, 0, 0.006581345192065552, 0, -0.0016129205022459446, 0, 0, 0, 0.000551341885338868, 0, 0, 0, 0.00226840797255886, 0, -0.0019557662369053563, 0, 0, 0, 0.003975679593339291, 0, 0, 0, -0.002224432534455179, 0.003353129514627602, 0, 0, 0.0021148186118088506, 0, 0, 0, 0, 0, 0, 0, 0, -0.0019878413774582883, 0, 0, 0, 0, 0, 0, 0, 0, 0, 0, -0.002245144628154253, 0, -0.002633307735818592, 0, 0, 0, 0, -0.002241107911709414, 0, 0, 0, 0, 0, 0, 0, 0, 0, 0, 0, 0, 0, 0, 0, 0, 0.0006203254547865483, 0, 0, 0, 0, -0.0017431511077710708, 0, 0, -0.003956296370517948, 0, 0, 0.0019486476422108704, 0, -0.002098649692605881, 0, 0, 0, 0, 0, 0.011182896035279272, 0, 0, 0, 0, 0, -0.002877019367393588, 0, 0, 0, 0, 0, 0, 0, 0, -0.002203204014001348, 0, 0, -0.0018282549696360536, 0, 0, -0.0022331428393344787, 0, 0, 0, 0, 0, 0, -0.002033518527908365, 0, 0, 0, 0, 0, 0.0006237346268044753, 0, 0, 0.010454363643366714, 0, 0, 0.0008875753704428272, 0, 0, 0, 0, 0, 0.006052812642504537, 0, 0, 0, 0, 0.000347469400904757, 0, 0, 0, 0, 0, 0, 0, -0.0022401152454444967, 0, 0, 0, 0, 0, 0, 0, 0.002451231229595571, 0, 0, 0, 0, 0, 0, 0, 0, 0, -0.0021252244562884066, 0.0011142811248282475, 0, 0, -0.002364689339593413, 0, 0.003432983786195977, -0.001775151835036303, 0, 0, 0, 0.000914049543204604, 0, -0.002068808494176514, -0.0022998060668085107, 0, 0, 0, 0, -0.0012430497846725099, 0, 0, 0, -0.00431664149990019, 0, 0, 0, 0, 0, 0, 0, 0, 0, 0, 0, 0, 0, -0.0024640011658223367, -0.0024579447870016376, 0, 0, 0, 0, 0, 0, 0, 0, -0.0005148212614217802, 0, -0.0027694507974701174, 0, 0, 0, 0, 0, -0.0011267980653419084, 0, 0, 0, 0, 0, 0.007521388206536692, 0, 0, 0, 0, 0, 0, 0, 0, 0, 0, 0, 0, 0, 0, 0, 0, 0, 0, 0, 0, 0, 0, 0, 0, 0, 0, 0, 0, 0, 0, -0.0023400351092973857, 0, 0, 0, 0, 0.003952320300526175, 0.004101290668471673, 0, 0, -0.0014374042489009398, 0, 0, 0, 0, 0, 0, 0, 0, 0, 0, 0, 0, -0.001937971080022395, 0, 0, 0, 0, 0, -0.0019551891855063394, 0, 0, 0, 0, 0, -0.0017089653740426868, -0.0020135836017528587, 0, 0, 0.004374730661692204, 0, -0.0018797608250284315, -0.0007381724183166796, 0.0002811323658583098, 0, 0, 0, 0, 0, 0, 0, 0, 0, 0, 0, -0.0025240308589176835, 0, 0, 0, 0, 0.004211565538842832, -0.0023640000856270217, 0, 0, 0, 0, -0.0005629689455161321, 0.003998551732885185, 0, 0.00038764932137036955, -0.0039705208899494145, 0, 0, 0, 0, 0, 0, 0.007907480877020886, 0.006344580356061451, 0, 0, 0, 0, 0, -0.0019270735151203455, 0, 0, 0, 0, -0.002315044359507316, 0, 0, 0, 0, 0, 0.005841002096302615, 0, 0, 0, 0, 0, -0.0021358727657491707, 0, -0.0022507558060550557, 0, 0, 0, 0, 0, -0.003141473688298286, 0, -0.002865661051067465, 0, 0, -0.0012473657744842697, 0, 0, 0, 0, 0, 0, 0, 0, 0.0010454084810891512, 0.002770200784762765, 0, 0, 0, -0.0024790331939044657, 0.005416083885843594, 0, 0, 0, 0, 0, 0, 0, 0, -0.0015501521686116695, 0, 0, 0, 0, 0.00010358762021043464, 0, 0, 0, 0, 0, 0.000417933150952952, 0, 0, 0, -0.0022325183860510494, 0, 0, 0, -0.0033397393148732824, 0, 0, 0, 0, 0, 0.002326338192023165, 0, 0, 0.010134805391438708, 0, 0, 0, 0, 0, 0, 0, 0, 0, 0, 0, 0, 0, 0, 0, 0, 0, 0, 0, -0.0019946145598986613, 0, 0, 0, 0, 0, 0, -0.002243349257208765, 0, 0.0009599030867074649, 0, 0, 0, 0, 0, 0, 0, -0.0008393463394328185, 0, 0.0009093451663354469, 0, 0, 0, 0, 0.002474399676896573, 0, 0, 0, 0, 0, 0, 0, 0, 0, 0, 0, 0.0008265531263513538, 0, 0, 0, 0, 0, 0, 0, 0, 0.0003931420795861872, -0.00124027267277002, 0, 0, 0, 0, 0, 0, -0.007849608269289494, 0, 0, 0, 0, 0, 0, -0.0028063312086635582, 0, 0, 0, 0.005764592040924597, 0, -0.002602807066175548, 0.011960439071086128, 0, 0, 0.000972796795096231, -0.0023773804366106445, 0, 0.004489026175450568, 0, 0.0016935701741727122, 0, 0, -0.0019481048948768835, 0, 0, 0, -0.0016160995135054983, 0, 0, 0, 0, 0, 0, 0, 0, 0, 0, 0, 0, 0, 0, 0, 0, -0.0017111469129040702, 0, 0, 0.0020277872945039343, 0, 0, 0.004933887511533626, -0.0023490164637621595, 0, 0, 0, 0, 0, -0.00225147030386568, 0, 0, 0, 0, -0.002092930963746611, 0, 0, 0, 0.004784535244346854, 0, 0, -0.0022024213547590593, 0, 0, 0, 0, 0, 0, -0.0019699373822043556, 0, 0, 0, 0, 0, 0.00700751804060934, 0, 0, 0, 0, 0, 0, 0, 0, 0, 0, 0, 0, -0.005338461980267464, 0, 0, 0, -0.002627769956538104, 0, 0, 0.0022458398353271247, 0, 0, 0, 0, 0, -0.0022623272086633255, 0, 0, 0.000614674016286266, 0, 0, 0, 0]
Start Date: 2022-02-03
End Date: 2025-03-23
Sharpe Ratio: 0.023
Annualized Sharpe: 0.36
Sharpe 95% CI: (np.float64(-0.657), np.float64(1.301))
Sortino Ratio: 0.035
CAGR: 0.009
Calmar Ratio: 0.333
Daily Win Rate (%): 0.381
Max Drawdown: 0.026
Profit Factor: 1.125
Expectancy: 0.000152
Average Win: 0.003588
Average Loss: 0.001959
Total Trades: 226
Total Days: 981

Rolling 9 - Variant 1 - atr_0.25_6 - Test Metrics
Contracts: [10, 11, 6, 10, 10, 7, 6, 6, 6, 6, 6, 6, 7, 10, 8, 8, 8, 8, 8, 7, 7, 7, 7, 7, 7, 7, 7, 7, 8, 5, 7, 7, 7, 7, 5, 7, 6, 6, 6, 6, 6, 6, 6, 6, 6, 6, 5, 7, 7, 7, 8, 7, 6, 5, 5, 5, 6, 6, 6, 6, 5, 9, 5, 9, 5, 5, 6, 6, 6, 6, 6, 7, 8, 7, 6, 7, 7, 7, 7, 8, 8, 8, 8, 9, 9, 9, 9, 10, 11, 11, 7, 10, 7, 7, 7, 7, 7, 8, 9, 9, 10, 10, 9, 9, 9, 11, 11, 11, 11, 11, 11, 11, 10, 10, 10, 10, 10, 10, 10, 10, 10, 10, 10, 11, 11, 12, 11, 10, 10, 11, 10, 10, 10, 10, 10, 10, 10, 10, 11, 11, 10, 11, 12, 10, 10, 9, 11, 9, 12, 10, 10, 10, 10, 13, 12, 14, 13, 14, 13, 15, 14, 13, 14, 12, 12, 12, 12, 12, 12, 12, 12, 12, 12, 12, 15, 13, 15, 14, 15, 13, 14, 12, 13, 13, 13, 12, 16, 17, 15, 12, 14, 15, 12, 12, 13, 11, 11, 11, 11, 7, 9, 14, 14, 14, 12, 8, 10, 8, 8, 8, 8, 8, 8, 8, 8, 8, 9, 9, 8, 9, 9, 7, 8, 8, 8, 8, 8, 9, 9, 9, 9, 7, 7, 6, 5, 5, 5, 7, 6, 6, 8, 8, 8, 8, 8, 8, 8, 8, 9, 10, 9, 9, 9, 10, 9, 8, 8, 8, 8, 8, 8, 8, 7, 8, 9, 11, 9, 9, 9, 11, 11, 11, 11, 13, 12, 12]
Trade Returns: [0.002336054079321098, -0.0018665540152722232, 0.008447593359816267, 0.0013967829713237036, 0.0013110910126285758, -0.003985854478979612, 0.004593459505335143, -0.0026412103172080877, 0.003698943883608853, -0.0016078694223151096, -0.0016045237863777533, 0.003530968404024692, -0.0015993644535285277, 0.00013879847457695785, 0.004220949237531377, 0.0025849784537534067, -0.00017507770734802804, -0.001884409107078386, 0.0004429738692986705, -0.0018395817043785363, -3.2774109215918524e-05, -0.0017953940577449196, -0.0029361733077201656, 0.00959139307632552, -0.0018728745149118717, -0.0021818772117911966, -0.0026737148841581688, 0.001591907497711346, -0.0018458762952755108, 6.271371718683091e-05, -0.0008932320512957552, -0.0006069916850080041, -0.002187033383134521, -0.001951957981091703, 0.0016954893772229392, -0.0016645475931624566, -0.0020379619745779405, 0.00028708322910788597, -0.0018741500373711019, -0.0022361887131761254, 0.0010347255534061113, -0.001823538850942937, -0.0020340013138387485, 0.004869024572141819, -0.0020943645054654113, 0.002603480198084884, 0.0038621212269367446, 0.0024414923764902513, -0.002993191365601199, 0.009024392187732344]
Daily Returns: [0, 0, 0, 0, 0, 0, 0.002336054079321098, 0, 0.006581039344544044, 0, 0, 0, 0, 0.0013967829713237036, 0.0013110910126285758, -0.003985854478979612, 0.004593459505335143, 0, 0, 0, 0, 0, 0, 0, 0, 0, -0.0026412103172080877, 0, 0, 0, 0, 0, 0.0020910744612937433, 0, 0, 0, 0, -0.0016045237863777533, 0, 0, 0, 0, 0, 0, 0.003530968404024692, 0, 0, 0, -0.0015993644535285277, 0, 0, 0, 0.00013879847457695785, 0, 0, 0, 0.004220949237531377, 0, 0.0025849784537534067, 0, 0, 0, 0, 0, 0, 0, -0.002059486814426414, -0.0014293819442957843, 0, 0, 0, 0, 0, 0, 0, 0, -0.0017953940577449196, 0, -0.0029361733077201656, 0, 0, 0, 0, 0, 0, 0, 0, 0, 0, 0, 0.007718518561413649, 0, 0, 0, 0, 0, 0, 0, 0, 0, 0, 0, -0.0021818772117911966, 0, 0, 0, 0, 0, 0, -0.0026737148841581688, 0, 0, 0, 0, 0.001591907497711346, 0, 0, 0, 0, 0, 0, -0.0018458762952755108, 0, 6.271371718683091e-05, -0.0008932320512957552, 0, 0, -0.0006069916850080041, 0, 0, -0.002187033383134521, 0, -0.001951957981091703, 0, 0, 0, 0.0016954893772229392, 0, 0, -0.0016645475931624566, 0, 0, -0.0020379619745779405, 0, 0, 0, 0, 0.00028708322910788597, -0.0018741500373711019, -0.0022361887131761254, 0.0010347255534061113, 0, 0, 0, 0, 0, 0, 0, -0.001823538850942937, 0, 0, 0, 0, -0.0020340013138387485, 0, 0, 0.0027746600666764074, 0, 0, 0, 0.002603480198084884, 0, 0, 0, 0, 0, 0.0038621212269367446, 0, 0, 0, 0, 0, 0, 0, 0, 0, 0, 0.0024414923764902513, -0.002993191365601199, 0.009024392187732344, 0, 0, 0, 0, 0, 0]
Start Date: 2025-03-24
End Date: 2025-11-06
Sharpe Ratio: 0.06
Annualized Sharpe: 0.952
Sharpe 95% CI: (np.float64(-1.453), np.float64(2.8))
Sortino Ratio: 0.12
CAGR: 0.022
Calmar Ratio: 1.096
Daily Win Rate (%): 0.44
Max Drawdown: 0.02
Profit Factor: 1.318
Expectancy: 0.000337
Average Win: 0.003171
Average Loss: 0.001891
Total Trades: 50
Total Days: 196



Rolling 9 - Variant 2 - atr_0.25_3 - Fit Metrics
Contracts: [10, 11, 6, 10, 10, 7, 6, 6, 6, 6, 6, 6, 7, 10, 8, 8, 8, 8, 8, 7, 7, 7, 7, 7, 7, 7, 7, 7, 8, 5, 7, 7, 7, 7, 5, 7, 6, 6, 6, 6, 6, 6, 6, 6, 6, 6, 5, 7, 7, 7, 8, 7, 6, 5, 6, 5, 6, 6, 6, 6, 5, 9, 5, 10, 5, 5, 6, 6, 6, 6, 6, 7, 8, 7, 6, 7, 7, 7, 7, 8, 8, 8, 8, 9, 9, 9, 9, 10, 11, 11, 8, 10, 7, 7, 7, 7, 7, 8, 9, 9, 10, 10, 9, 9, 9, 11, 11, 12, 11, 11, 11, 11, 10, 10, 10, 10, 10, 10, 10, 10, 10, 10, 10, 11, 11, 11, 11, 9, 10, 10, 10, 10, 10, 10, 10, 10, 10, 10, 11, 11, 10, 11, 12, 10, 10, 9, 11, 9, 12, 10, 10, 10, 10, 12, 12, 14, 13, 13, 13, 15, 14, 13, 14, 12, 12, 12, 12, 12, 12, 12, 12, 12, 12, 12, 15, 13, 15, 14, 15, 13, 13, 12, 13, 13, 13, 12, 16, 17, 15, 12, 14, 15, 12, 12, 13, 11, 11, 11, 11, 7, 9, 14, 14, 14, 12, 8, 10, 8, 8, 8, 8, 8, 8, 8, 8, 8, 8, 9, 8, 9, 9, 7, 8, 8, 8, 8, 8, 9, 9, 9, 9, 7, 7, 6, 5, 5, 5, 7, 6, 6, 8, 8, 8, 8, 8, 8, 8, 9, 9, 10, 9, 9, 9, 10, 9, 8, 8, 8, 8, 8, 8, 8, 7, 8, 9, 11, 9, 9, 9, 11, 11, 11, 11, 13, 12, 12]
Trade Returns: [-0.0028620588589212347, 0.0013944999999999663, -0.0025974086823431983, -0.0023543001309382673, 0.004221442148990723, 0.005735619200856212, 0.0003091903023161377, 0.0025042836823030547, -0.0013244238785817116, -0.0004718231442639015, -0.0015491426947412982, -0.0016364530499203285, -0.0021760848533625733, -0.0021808305256371635, -0.00223562433966962, 0.006333219332844941, -0.0030237155499185852, -0.00287241623343708, -0.0031438156189503214, 0.0016414460914824659, -0.00024981896031049097, 0.0004090885128366756, 0.005161012394665406, 0.0047406009943392205, 0.0009283827948084684, 0.005536480878817857, 0.00018564649954256408, 0.003069658137843414, -0.002132297596884865, -0.000803685550950649, -0.0018306602391556831, -0.0025798736095899856, 0.0024241265320411893, 0.006231977428742806, 0.0037647769482256877, -0.0001718574357521453, 0.0038612971834880625, 0.004942173299816706, -0.0016605147275822517, -0.0002798824784831851, -2.5053727135204633e-05, -0.001711207316459624, -0.0023237115946225986, -0.002201355897389471, 0.0023182134414914137, 0.0071693878352553425, 0.004072207374332431, -0.0018656384207360673, -0.0003805367862464266, 0.0064224862358736624, 0.005951883183635358, -0.002565779169667935, -0.001648008840810447, 0.0002988780423210522, -0.002070017556826208, -0.00011191916260972177, -0.0012787429592451016, -0.0009485364042573636, -0.0015048901090575061, -0.001417956144074621, -0.0017734949592014995, 0.005296168446944976, -0.0022042044439879293, -0.0014570547021002108, 0.0010512069370477333, -0.0014218234955592267, -0.0017826082755386414, -0.002293074160813064, -0.0022313897005927044, 0.003699719961640213, -0.0018477952665853254, 0.0012374753746114099, -0.0025167556014762545, -0.002134512397324237, -0.0016240031600764414, 0.005085051680546037, -0.0020022858565650952, -0.0019680772285062885, 0.0011455073332345632, -0.0020770776980916696, -0.0024579984922707358, -0.003097387154266324, 0.007509430746216773, 0.0021407290711027904, -0.0016755654514132108, -0.0018956967315739098, -0.00143178313758048, -0.0014361397701094767, 0.0032152135054385107, -0.0016040849613909586, 0.0005501522207777056, 0.0022635064137795278, -0.001951548479275691, 0.007490079434979582, -0.0022118941545463846, 0.003334187150009179, 0.004298706374882394, -0.0021958482282895416, -0.0019770096901054247, -0.002232489481451893, -0.002609587641540755, -0.002422764899654132, 0.0006148398837661708, -0.0017276852063124008, -0.002688155251656709, -0.0012331472830690007, 0.005375210655767139, -0.0020930949587626493, 0.005460382456041237, -0.0028676209752643757, -0.0022021031285326207, -0.0017858787664067689, -4.1460617041985316e-05, -0.002213295253972976, -0.0020324971730382477, 0.000623420711864281, 0.006619936599784077, -0.0029699645263098476, 0.000879719589380768, 0.005384448381554369, 0.0003498746506046017, -0.002227516574130387, 0.0022433627199099134, -0.0021399390628246964, -0.0019642551708801046, 0.003086287874150964, -0.0023805378815986386, 0.003456893636536434, -0.0017874932120053653, 0.0009203937323207979, -0.002083154372308498, -0.002084148176978485, -0.0012517343248591105, -0.0017784691246399776, -0.002568300196229027, -0.002481352291138049, -0.0024752104220861566, -0.0005184657377085361, -0.0027890013649594916, -0.0011262327572127276, 0.004722675829818866, -0.0023566090680279487, 0.004454821120376422, 0.00020313268877462628, 0.0038822840840039142, -0.001446927873064404, -0.0019514092658305217, -0.001969070076258672, -0.0017208354091218677, -0.0018827654352967572, 0.004563854937313149, 0.004693270320614119, -0.0007382096570776694, 0.0002830855919250295, -0.0025241582701747175, 0.003913393845888882, -0.0023805662826907885, -0.0005629975018085537, 0.0025873786158784862, 0.0014113758707639547, 0.0003876689173162566, -0.0018010281209297583, -0.0021696936016694533, 0.005076556303031855, -0.002454917274796974, 0.006378272031198172, -0.001937242011381006, -0.0023151615170006693, 0.003817508811823905, -0.0021515258394547545, -0.002267286383844244, -0.0031645985353513967, -0.0028808114971797714, -0.0011668348460843175, 0.0010524760408687044, 0.0027889092376795033, -0.0024957286945695395, 0.005969614813305884, -0.0015615992908788014, 0.00010359284978046929, 0.005592526046395757, -0.0022360878288061213, -0.003345090995082147, 0.0023300753910723633, 0.004952958927867146, -0.002008099702933532, -0.002258546557608393, 0.0009663990484685013, -0.0008450310999149974, -0.0023047806657818214, 0.0032203397061111136, 0.002491200145284402, 0.0008278820607646155, 0.0018044584580484042, -0.001410405561143794, -0.0012431265677826544, -0.00375435937284592, -0.004131586100122258, -0.0028258319633292744, 0.005777893113633235, -0.0026208365963812778, 0.009187079162238484, 0.0009748781222365129, -0.002382461957589896, 0.004643978746824902, 0.0016971987329261924, -0.0019522717350368827, -0.001619562982409272, -0.0017148121512373222, 0.002014439310552678, 0.006368526333922816, -0.0023507007981018783, -0.002253091894096083, -0.0020944352110572073, 0.004794832750805097, -0.002204011200232738, -0.0019713625472868607, 0.004521547344906523, -0.0021607329433589455, -0.0016311337769370337, -0.0018697255391952967, -0.0018662361897291895, -0.0026334106756469478, 0.002251033493747238, -0.002274505053024985, 0.005104885865370696]
Daily Returns: [-0.0028620588589212347, 0.0013944999999999663, 0, 0, 0, 0, 0, 0, 0, 0, 0, 0, -0.0025974086823431983, 0, 0, -0.0023543001309382673, 0, 0, 0, 0, 0, 0, 0, 0, 0, 0, 0, 0, 0, 0, 0, 0.004221442148990723, 0, 0, 0.005735619200856212, 0, 0, 0, 0, 0, 0.0003091903023161377, 0, 0, 0.0007080366594574416, 0, 0, -0.0015491426947412982, 0, 0, 0, 0, -0.0016364530499203285, 0, 0, 0, 0, 0, 0, 0, 0, -0.0021760848533625733, 0, 0, 0, 0, 0, -0.0021808305256371635, 0.004097594993175321, 0, 0, 0, 0, 0, 0, 0, 0, 0, 0, -0.0030237155499185852, -0.0060162318523874015, 0, 0.0016414460914824659, 0.0001592695525261846, 0, 0, 0, 0, 0, 0, 0, 0, 0, 0, 0, 0, 0, 0, 0, 0, 0, 0, 0.005161012394665406, 0, 0, 0, 0, 0.0047406009943392205, 0.0009283827948084684, 0.005536480878817857, 0, 0, 0, 0, 0, 0, 0, 0, 0, 0, 0, 0.00018564649954256408, 0.00013367499000790017, 0, 0, 0, 0, 0, 0, 0, 0, -0.0018306602391556831, 0, 0, 0, 0, 0, 0, 0, 0, 0, 0, 0, 0, 0, 0, -0.0025798736095899856, 0, 0.0024241265320411893, 0, 0, 0.009824896941216348, 0.0038612971834880625, 0, 0, 0, 0.004942173299816706, 0, -0.0019403972060654368, 0, 0, -2.5053727135204633e-05, 0, 0, 0, 0, 0, 0, 0, 0, -0.001711207316459624, 0, 0, 0, 0, 0, -0.0023237115946225986, 0, -0.002201355897389471, 0.0023182134414914137, 0, 0, 0.0071693878352553425, 0, 0, 0, 0, 0.004072207374332431, 0, 0, 0, 0, 0, 0, 0, 0, -0.0018656384207360673, 0, 0, 0, 0, 0, 0, 0, 0, 0, 0, 0, 0, 0, 0, -0.0003805367862464266, 0, 0, 0, 0, 0, 0.0064224862358736624, 0, 0, 0, 0, 0, 0, 0.0033861040139674227, 0, 0, 0, -0.001648008840810447, 0, 0.0002988780423210522, 0, 0, 0, 0, -0.002070017556826208, 0, 0, 0, 0, 0, 0, -0.00011191916260972177, 0, 0, 0, 0, 0, 0, 0, 0, 0, -0.0012787429592451016, 0, 0, 0, 0, 0, -0.0009485364042573636, 0, 0, 0, 0, 0, -0.0015048901090575061, -0.001417956144074621, 0, 0, 0, -0.0017734949592014995, 0, 0.005296168446944976, 0, -0.0022042044439879293, 0, 0, 0, 0, -0.0014570547021002108, 0, 0, 0.0010512069370477333, 0, -0.0014218234955592267, 0, 0, 0, -0.0017826082755386414, 0, 0, 0, 0, -0.002293074160813064, 0, 0, 0, 0, 0, 0, 0, -0.0022313897005927044, 0, 0.003699719961640213, 0, -0.0018477952665853254, 0, 0, 0, 0.0012374753746114099, 0, 0, 0, 0, 0, -0.0025167556014762545, 0, -0.002134512397324237, 0, 0, 0, 0, 0, 0, -0.0016240031600764414, 0, 0.005085051680546037, -0.0020022858565650952, 0, 0, 0, 0, 0, 0, 0, 0, 0, -0.0019680772285062885, 0.0011455073332345632, 0, 0, -0.0020770776980916696, -0.0024579984922707358, 0, 0, -0.003097387154266324, 0, 0, 0, 0.007509430746216773, 0, 0, 0, 0, 0, 0.0021407290711027904, 0, 0, -0.0016755654514132108, 0, 0, 0, 0, 0, 0, -0.00332747986915439, 0, 0, 0, -0.0014361397701094767, 0, 0.0032152135054385107, 0, -0.0016040849613909586, 0, 0, 0, 0.0005501522207777056, 0, 0, 0, 0.0022635064137795278, 0, -0.001951548479275691, 0, 0, 0, 0.007490079434979582, 0, 0, 0, -0.0022118941545463846, 0.003334187150009179, 0, 0, 0.002102858146592852, 0, 0, 0, 0, 0, 0, 0, 0, -0.0019770096901054247, 0, 0, 0, 0, 0, 0, 0, 0, 0, 0, -0.002232489481451893, 0, -0.002609587641540755, 0, 0, 0, 0, -0.002422764899654132, 0, 0, 0, 0, 0, 0, 0, 0, 0, 0, 0, 0, 0, 0, 0, 0, 0.0006148398837661708, 0, 0, 0, 0, -0.0017276852063124008, 0, 0, -0.00392130253472571, 0, 0, 0.005375210655767139, 0, -0.0020930949587626493, 0, 0, 0, 0, 0, 0.005460382456041237, 0, 0, 0, 0, 0, -0.0028676209752643757, 0, 0, 0, 0, 0, 0, 0, 0, -0.0022021031285326207, 0, 0, -0.0018273393834487542, 0, 0, -0.002213295253972976, 0, 0, 0, 0, 0, 0, -0.0020324971730382477, 0, 0, 0, 0, 0, 0.000623420711864281, 0, 0, 0.0036499720734742298, 0, 0, 0.000879719589380768, 0, 0, 0, 0, 0, 0.005384448381554369, 0, 0, 0, 0, 0.0003498746506046017, 0, 0, 0, 0, 0, 0, 0, -0.002227516574130387, 0, 0, 0, 0, 0, 0, 0, 0.0022433627199099134, 0, 0, 0, 0, 0, 0, 0, 0, 0, -0.0021399390628246964, 0.0011220327032708593, 0, 0, -0.0023805378815986386, 0, 0.003456893636536434, -0.0017874932120053653, 0, 0, 0, 0.0009203937323207979, 0, -0.002083154372308498, -0.002084148176978485, 0, 0, 0, 0, -0.0012517343248591105, 0, 0, 0, -0.0043467693208690044, 0, 0, 0, 0, 0, 0, 0, 0, 0, 0, 0, 0, 0, -0.002481352291138049, -0.0024752104220861566, 0, 0, 0, 0, 0, 0, 0, 0, -0.0005184657377085361, 0, -0.0027890013649594916, 0, 0, 0, 0, 0, -0.0011262327572127276, 0, 0, 0, 0, 0, 0.004722675829818866, 0, 0, 0, 0, 0, 0, 0, 0, 0, 0, 0, 0, 0, 0, 0, 0, 0, 0, 0, 0, 0, 0, 0, 0, 0, 0, 0, 0, 0, 0, -0.0023566090680279487, 0, 0, 0, 0, 0.004657953809151048, 0.0038822840840039142, 0, 0, -0.001446927873064404, 0, 0, 0, 0, 0, 0, 0, 0, 0, 0, 0, 0, -0.0019514092658305217, 0, 0, 0, 0, 0, -0.001969070076258672, 0, 0, 0, 0, 0, -0.0017208354091218677, -0.0018827654352967572, 0, 0, 0.004563854937313149, 0, 0.004693270320614119, -0.0007382096570776694, 0.0002830855919250295, 0, 0, 0, 0, 0, 0, 0, 0, 0, 0, 0, -0.0025241582701747175, 0, 0, 0, 0, 0.003913393845888882, -0.0023805662826907885, 0, 0, 0, 0, -0.0005629975018085537, 0.003998754486642441, 0, 0.0003876689173162566, -0.003970721722599211, 0, 0, 0, 0, 0, 0, 0.0026216390282348813, 0.006378272031198172, 0, 0, 0, 0, 0, -0.001937242011381006, 0, 0, 0, 0, -0.0023151615170006693, 0, 0, 0, 0, 0, 0.003817508811823905, 0, 0, 0, 0, 0, -0.0021515258394547545, 0, -0.002267286383844244, 0, 0, 0, 0, 0, -0.0031645985353513967, 0, -0.0028808114971797714, 0, 0, -0.0011668348460843175, 0, 0, 0, 0, 0, 0, 0, 0, 0.0010524760408687044, 0.0027889092376795033, 0, 0, 0, -0.0024957286945695395, 0.005969614813305884, 0, 0, 0, 0, 0, 0, 0, 0, -0.0015615992908788014, 0, 0, 0, 0, 0.00010359284978046929, 0, 0, 0, 0, 0, 0.005592526046395757, 0, 0, 0, -0.0022360878288061213, 0, 0, 0, -0.003345090995082147, 0, 0, 0, 0, 0, 0.0023300753910723633, 0, 0, 0.004952958927867146, 0, 0, 0, 0, 0, 0, 0, 0, 0, 0, 0, 0, 0, 0, 0, 0, 0, 0, 0, -0.002008099702933532, 0, 0, 0, 0, 0, 0, -0.002258546557608393, 0, 0.0009663990484685013, 0, 0, 0, 0, 0, 0, 0, -0.0008450310999149974, 0, 0.0009155590403292922, 0, 0, 0, 0, 0.002491200145284402, 0, 0, 0, 0, 0, 0, 0, 0, 0, 0, 0, 0.0008278820607646155, 0, 0, 0, 0, 0, 0, 0, 0, 0.00039405289690461025, -0.0012431265677826544, 0, 0, 0, 0, 0, 0, -0.007885945472968179, 0, 0, 0, 0, 0, 0, -0.0028258319633292744, 0, 0, 0, 0.005777893113633235, 0, -0.0026208365963812778, 0.009187079162238484, 0, 0, 0.0009748781222365129, -0.002382461957589896, 0, 0.004643978746824902, 0, 0.0016971987329261924, 0, 0, -0.0019522717350368827, 0, 0, 0, -0.001619562982409272, 0, 0, 0, 0, 0, 0, 0, 0, 0, 0, 0, 0, 0, 0, 0, 0, -0.0017148121512373222, 0, 0, 0.002014439310552678, 0, 0, 0.006368526333922816, -0.0023507007981018783, 0, 0, 0, 0, 0, -0.002253091894096083, 0, 0, 0, 0, -0.0020944352110572073, 0, 0, 0, 0.004794832750805097, 0, 0, -0.002204011200232738, 0, 0, 0, 0, 0, 0, -0.0019713625472868607, 0, 0, 0, 0, 0, 0.002360814401547578, 0, 0, 0, 0, 0, 0, 0, 0, 0, 0, 0, 0, -0.00536709550586152, 0, 0, 0, -0.0026334106756469478, 0, 0, 0.002251033493747238, 0, 0, 0, 0, 0, -0.002274505053024985, 0, 0, 0.005104885865370696, 0, 0, 0, 0]
Start Date: 2022-02-03
End Date: 2025-03-23
Sharpe Ratio: 0.021
Annualized Sharpe: 0.328
Sharpe 95% CI: (np.float64(-0.687), np.float64(1.281))
Sortino Ratio: 0.029
CAGR: 0.007
Calmar Ratio: 0.216
Daily Win Rate (%): 0.389
Max Drawdown: 0.033
Profit Factor: 1.106
Expectancy: 0.000127
Average Win: 0.003395
Average Loss: 0.001957
Total Trades: 226
Total Days: 981

Rolling 9 - Variant 2 - atr_0.25_3 - Test Metrics
Contracts: [10, 11, 6, 10, 10, 7, 6, 6, 6, 6, 6, 6, 7, 10, 8, 8, 8, 8, 8, 7, 7, 7, 7, 7, 7, 7, 7, 7, 8, 5, 7, 7, 7, 7, 5, 7, 6, 6, 6, 6, 6, 6, 6, 6, 6, 6, 5, 7, 7, 7, 8, 7, 6, 5, 6, 5, 6, 6, 6, 6, 5, 9, 5, 10, 5, 5, 6, 6, 6, 6, 6, 7, 8, 7, 6, 7, 7, 7, 7, 8, 8, 8, 8, 9, 9, 9, 9, 10, 11, 11, 8, 10, 7, 7, 7, 7, 7, 8, 9, 9, 10, 10, 9, 9, 9, 11, 11, 12, 11, 11, 11, 11, 10, 10, 10, 10, 10, 10, 10, 10, 10, 10, 10, 11, 11, 11, 11, 9, 10, 10, 10, 10, 10, 10, 10, 10, 10, 10, 11, 11, 10, 11, 12, 10, 10, 9, 11, 9, 12, 10, 10, 10, 10, 12, 12, 14, 13, 13, 13, 15, 14, 13, 14, 12, 12, 12, 12, 12, 12, 12, 12, 12, 12, 12, 15, 13, 15, 14, 15, 13, 13, 12, 13, 13, 13, 12, 16, 17, 15, 12, 14, 15, 12, 12, 13, 11, 11, 11, 11, 7, 9, 14, 14, 14, 12, 8, 10, 8, 8, 8, 8, 8, 8, 8, 8, 8, 8, 9, 8, 9, 9, 7, 8, 8, 8, 8, 8, 9, 9, 9, 9, 7, 7, 6, 5, 5, 5, 7, 6, 6, 8, 8, 8, 8, 8, 8, 8, 9, 9, 10, 9, 9, 9, 10, 9, 8, 8, 8, 8, 8, 8, 8, 7, 8, 9, 11, 9, 9, 9, 11, 11, 11, 11, 13, 12, 12]
Trade Returns: [0.0023503355375788055, -0.0018779384293747614, 0.007727585500899941, 0.0014053182046756402, 0.0013190913705002397, -0.004012848360470142, 0.004593459505335143, -0.002657305913195636, 0.0037215820127881848, -0.0016176939219929725, -0.0016143073187945454, 0.0035310938738246206, -0.0015994210855390597, 0.00621121843444991, 0.004746872198763708, 0.0025837170074437615, -0.00017499249117099828, -0.001883491741594881, 0.004579348219796925, -0.0018311136539038066, -3.2622965106999086e-05, -0.002010503230395354, -0.002923262089470998, 0.004702071231118249, -0.0018645927436361299, -0.002182781018182148, -0.0026619233029655204, 0.0015925698432137409, -0.0018466430884914737, 6.273981721287736e-05, -0.0008936037708854179, -0.0006072445112523491, -0.002187944887235214, -0.0019527732951532756, 0.0016961989524566924, -0.001665243039408432, -0.0020388148532126883, 0.00028720330495257543, -0.0018749336969941107, -0.002237117043546246, 0.0010351546149641392, -0.0018243027802530337, -0.002034854968841826, 0.004871072231703881, -0.002095241017154855, 0.002604571969671041, 0.0038637409555384718, 0.005406726408900534, -0.002985610372117001, 0.0075648183651998826]
Daily Returns: [0, 0, 0, 0, 0, 0, 0.0023503355375788055, 0, 0.005849647071525179, 0, 0, 0, 0, 0.0014053182046756402, 0.0013190913705002397, -0.004012848360470142, 0.004593459505335143, 0, 0, 0, 0, 0, 0, 0, 0, 0, -0.002657305913195636, 0, 0, 0, 0, 0, 0.0021038880907952124, 0, 0, 0, 0, -0.0016143073187945454, 0, 0, 0, 0, 0, 0, 0.0035310938738246206, 0, 0, 0, -0.0015994210855390597, 0, 0, 0, 0.00621121843444991, 0, 0, 0, 0.004746872198763708, 0, 0.0025837170074437615, 0, 0, 0, 0, 0, 0, 0, -0.0020584842327658792, 0.0027156116007861194, 0, 0, 0, 0, 0, 0, 0, 0, -0.002010503230395354, 0, -0.002923262089470998, 0, 0, 0, 0, 0, 0, 0, 0, 0, 0, 0, 0.002837478487482119, 0, 0, 0, 0, 0, 0, 0, 0, 0, 0, 0, -0.002182781018182148, 0, 0, 0, 0, 0, 0, -0.0026619233029655204, 0, 0, 0, 0, 0.0015925698432137409, 0, 0, 0, 0, 0, 0, -0.0018466430884914737, 0, 6.273981721287736e-05, -0.0008936037708854179, 0, 0, -0.0006072445112523491, 0, 0, -0.002187944887235214, 0, -0.0019527732951532756, 0, 0, 0, 0.0016961989524566924, 0, 0, -0.001665243039408432, 0, 0, -0.0020388148532126883, 0, 0, 0, 0, 0.00028720330495257543, -0.0018749336969941107, -0.002237117043546246, 0.0010351546149641392, 0, 0, 0, 0, 0, 0, 0, -0.0018243027802530337, 0, 0, 0, 0, -0.002034854968841826, 0, 0, 0.0027758312145490256, 0, 0, 0, 0.002604571969671041, 0, 0, 0, 0, 0, 0.0038637409555384718, 0, 0, 0, 0, 0, 0, 0, 0, 0, 0, 0.005406726408900534, -0.002985610372117001, 0.0075648183651998826, 0, 0, 0, 0, 0, 0]
Start Date: 2025-03-24
End Date: 2025-11-06
Sharpe Ratio: 0.084
Annualized Sharpe: 1.339
Sharpe 95% CI: (np.float64(-0.992), np.float64(3.246))
Sortino Ratio: 0.165
CAGR: 0.03
Calmar Ratio: 1.418
Daily Win Rate (%): 0.44
Max Drawdown: 0.021
Profit Factor: 1.437
Expectancy: 0.000465
Average Win: 0.003475
Average Loss: 0.0019
Total Trades: 50
Total Days: 196



Rolling 9 - Variant 3 - atr_0.25_7 - Fit Metrics
Contracts: [10, 11, 6, 10, 10, 7, 6, 6, 6, 6, 6, 6, 7, 10, 8, 8, 8, 8, 8, 7, 7, 7, 7, 7, 7, 7, 7, 7, 8, 5, 7, 7, 7, 7, 5, 7, 6, 6, 6, 6, 6, 6, 6, 6, 6, 6, 5, 7, 7, 7, 8, 7, 6, 5, 5, 5, 6, 6, 6, 6, 5, 9, 5, 9, 5, 5, 6, 6, 6, 6, 6, 7, 8, 7, 6, 7, 7, 7, 7, 8, 8, 8, 8, 9, 9, 9, 9, 10, 11, 11, 7, 10, 7, 7, 7, 7, 7, 8, 9, 9, 10, 10, 9, 9, 9, 11, 11, 11, 11, 11, 11, 11, 10, 10, 10, 10, 10, 10, 10, 10, 9, 10, 10, 11, 11, 12, 11, 10, 10, 11, 10, 10, 10, 10, 10, 10, 10, 10, 11, 11, 10, 11, 12, 10, 10, 9, 11, 9, 12, 10, 10, 10, 10, 12, 12, 14, 13, 14, 13, 15, 14, 13, 14, 12, 12, 12, 12, 12, 12, 12, 12, 12, 12, 12, 15, 13, 15, 14, 15, 13, 13, 12, 13, 13, 13, 12, 16, 17, 15, 11, 14, 14, 12, 12, 13, 11, 11, 11, 11, 7, 9, 14, 14, 14, 12, 8, 10, 8, 8, 8, 8, 8, 8, 8, 8, 8, 8, 9, 8, 9, 9, 7, 8, 8, 8, 8, 8, 9, 9, 9, 9, 7, 7, 6, 5, 5, 5, 7, 6, 6, 8, 8, 8, 8, 8, 8, 8, 8, 9, 10, 9, 9, 9, 10, 9, 8, 8, 8, 8, 8, 8, 8, 7, 8, 9, 11, 9, 9, 9, 11, 11, 11, 11, 13, 12, 12]
Trade Returns: [-0.0028620588589212347, 0.0013944999999999663, -0.0025974086823431983, -0.0023543001309382673, 0.004221442148990723, 0.003079408576372763, 0.0003100090556062336, 0.002510916248678037, -0.001327922814374787, -0.00047307217124611934, -0.0015532407469505247, -0.0016407888046029856, -0.002181871974037282, -0.0021866429490049423, -0.0022415958589465977, 0.003635393079390315, -0.0030399599347226114, -0.0028878948433865848, -0.003160805786531552, 0.001650345110071621, -0.00025117110990235687, 0.00041130326801338933, 0.007312149593938783, 0.0039657202545010884, 0.0009321417035338353, -0.002031942365708676, 0.00018786966456134146, 0.003106411186027505, -0.0021577485566083056, -0.0008132990307356836, -0.0018405671350609045, -0.002610867715636113, 0.002453325757927158, 0.0028969765704821575, 0.0038226833668985752, -0.00017449072628438945, 0.003920472346831247, 0.0028297890350100887, -0.00168941421709165, -0.0002847617779565963, -2.54906228594257e-05, -0.0017317298313963261, -0.0023642389442605338, -0.002239840254080007, 0.0023588316935886644, 0.009622092028561863, 0.004133324419887369, -0.0018935232867805165, -0.0003854038380973737, 0.008618627450980458, 0.009929749721531997, -0.0025883727634208246, -0.001672687624362711, 0.0003015222374827043, -0.0020882929042928995, -0.00011387089816529625, -0.0012900526784404452, -0.000956919443182669, -0.0015140025160733743, -0.0014265551676954976, -0.0017947263170543454, 0.004982610155116955, -0.0022175906715672304, -0.0014659231239669169, 0.0010576145432776313, -0.0014304810296426186, -0.0017934781902493146, -0.002307081895766396, -0.002245109186425248, 0.0037225609863058315, -0.001859181822846387, 0.0012450868633528298, -0.002532216462980341, -0.0021476080574620747, -0.001633983520183902, 0.005213518789475504, -0.0020145455329187664, -0.00198346535531321, 0.0011544816988216513, -0.002093331596104742, -0.00247727358495886, -0.0031217365146152458, 0.005718118211722123, 0.002153913322487687, -0.001477733556343646, -0.0019103640498623492, -0.0014428822832832106, -0.001447306826985141, 0.00435888372099435, -0.0016165377542718498, 0.0005538049242717738, 0.0022785560790715017, -0.0019644984994820983, 0.003993425034059636, -0.0022343217941769656, 0.00336807005523223, 0.004342244344560821, -0.0022179919686343154, -0.0019922756654205606, -0.002250134230336392, -0.0026449541094088454, -0.0022510459824046057, 0.0006230800045625467, -0.0017509175716247842, -0.002724204684739994, -0.0012496637054592679, 0.001957282826785775, -0.002098649692605881, 0.013132525808901138, -0.0028843278562877966, -0.002208774992004871, -0.00179130154396581, -4.158673711912597e-05, -0.0022431098717866573, -0.0020384565896848783, 0.0006252523565077855, 0.01305744314225816, -0.0029786849943907894, 0.0008915201548625435, 0.006069782047847472, 0.00034843767397458214, -0.002245082493368135, 0.0024580916078958694, -0.0021311551376795015, -0.001956175165288663, 0.0030735804816616947, -0.0023712918153484005, 0.0034426203511531794, -0.0017801259087708262, 0.0009166065253382835, -0.002074590524346057, -0.002306212572330237, -0.0012465499344475504, -0.0017710939285012042, -0.0025576901052357065, -0.002470993999361603, -0.002464903238250878, -0.0005162900222448812, -0.0027773299662233733, -0.0010166929334909998, 0.00754055004913302, -0.002346714567842475, 0.0037612325967535487, 0.00020241589729472006, 0.004113001665584608, -0.0014414918608287078, -0.0019440958795919323, -0.001960783257285552, -0.0017143754146025016, -0.0020199689135097206, 0.00438863152936031, -0.0018857077354268916, -0.0007405121515296534, 0.0002820225924619703, -0.0025320361988480336, 0.0038986702603391126, -0.002370676713323046, -0.0005647631848844503, 0.00259549778548689, 0.0014157932894879415, 0.00038888055402978345, -0.001806654941688153, -0.002176484485876653, 0.009206902865235386, -0.0024525389641230993, 0.0063720776034277135, -0.0019353725200501439, -0.0023224055063075597, 0.00586627808490916, -0.0021450615048030247, -0.002260459598713245, -0.00315504836115757, -0.0028780260446946327, -0.0011632969007796567, 0.0010498347306218978, 0.00278191748784799, -0.0024894893010410563, 0.005439140261778454, -0.0015568717568922824, 0.00010391619792269393, 0.00041970762866809925, -0.0022419933274830466, -0.0033539452176271135, 0.0023364200448768024, 0.011121626839928764, -0.002001277132069449, -0.002250857699518946, 0.0009631125203661712, -0.0008421549783349274, -0.0022969546905749773, 0.0032093698196616837, 0.0024827001231768468, 0.0007609073827876759, 0.0018063586089703473, -0.001411888084131834, -0.0012444351059096603, -0.0037583162053124925, -0.004121231237703662, -0.0028141908170579394, 0.00578399183891098, -0.0026100738047238467, 0.011986903013166874, 0.0009760371632204325, -0.002385291725143229, 0.0045040463869668946, 0.0016992193994343208, -0.001954592145823488, -0.0016214917155818428, -0.0017168532420013072, 0.0020322788393468505, 0.004400328289780474, -0.002358115447908793, -0.0022602304597464607, -0.002101057155699165, 0.004800567297585532, -0.0022110100805424198, -0.0019776365191021853, 0.010758215722466885, -0.0021676232235450206, -0.0016262315670142033, -0.0018641167405036066, -0.0018606482749061648, -0.002636551890747784, 0.0022534148757593518, -0.0022676581201854446, 0.0006167389822121864]
Daily Returns: [-0.0028620588589212347, 0.0013944999999999663, 0, 0, 0, 0, 0, 0, 0, 0, 0, 0, -0.0025974086823431983, 0, 0, -0.0023543001309382673, 0, 0, 0, 0, 0, 0, 0, 0, 0, 0, 0, 0, 0, 0, 0, 0.004221442148990723, 0, 0, 0.003079408576372763, 0, 0, 0, 0, 0, 0.0003100090556062336, 0, 0, 0.0007099212630571307, 0, 0, -0.0015532407469505247, 0, 0, 0, 0, -0.0016407888046029856, 0, 0, 0, 0, 0, 0, 0, 0, -0.002181871974037282, 0, 0, 0, 0, 0, -0.0021866429490049423, 0.001393797220443717, 0, 0, 0, 0, 0, 0, 0, 0, 0, 0, -0.0030399599347226114, -0.006048700629918137, 0, 0.001650345110071621, 0.00016013215811103246, 0, 0, 0, 0, 0, 0, 0, 0, 0, 0, 0, 0, 0, 0, 0, 0, 0, 0, 0.007312149593938783, 0, 0, 0, 0, 0.0039657202545010884, 0.0009321417035338353, -0.002031942365708676, 0, 0, 0, 0, 0, 0, 0, 0, 0, 0, 0, 0.00018786966456134146, 0.00013536359868351574, 0, 0, 0, 0, 0, 0, 0, 0, -0.0018405671350609045, 0, 0, 0, 0, 0, 0, 0, 0, 0, 0, 0, 0, 0, 0, -0.002610867715636113, 0, 0.002453325757927158, 0, 0, 0.0065451692110963435, 0.003920472346831247, 0, 0, 0, 0.0028297890350100887, 0, -0.0019741759950482464, 0, 0, -2.54906228594257e-05, 0, 0, 0, 0, 0, 0, 0, 0, -0.0017317298313963261, 0, 0, 0, 0, 0, -0.0023642389442605338, 0, -0.002239840254080007, 0.0023588316935886644, 0, 0, 0.009622092028561863, 0, 0, 0, 0, 0.004133324419887369, 0, 0, 0, 0, 0, 0, 0, 0, -0.0018935232867805165, 0, 0, 0, 0, 0, 0, 0, 0, 0, 0, 0, 0, 0, 0, -0.0003854038380973737, 0, 0, 0, 0, 0, 0.008618627450980458, 0, 0, 0, 0, 0, 0, 0.007341376958111172, 0, 0, 0, -0.001672687624362711, 0, 0.0003015222374827043, 0, 0, 0, 0, -0.0020882929042928995, 0, 0, 0, 0, 0, 0, -0.00011387089816529625, 0, 0, 0, 0, 0, 0, 0, 0, 0, -0.0012900526784404452, 0, 0, 0, 0, 0, -0.000956919443182669, 0, 0, 0, 0, 0, -0.0015140025160733743, -0.0014265551676954976, 0, 0, 0, -0.0017947263170543454, 0, 0.004982610155116955, 0, -0.0022175906715672304, 0, 0, 0, 0, -0.0014659231239669169, 0, 0, 0.0010576145432776313, 0, -0.0014304810296426186, 0, 0, 0, -0.0017934781902493146, 0, 0, 0, 0, -0.002307081895766396, 0, 0, 0, 0, 0, 0, 0, -0.002245109186425248, 0, 0.0037225609863058315, 0, -0.001859181822846387, 0, 0, 0, 0.0012450868633528298, 0, 0, 0, 0, 0, -0.002532216462980341, 0, -0.0021476080574620747, 0, 0, 0, 0, 0, 0, -0.001633983520183902, 0, 0.005213518789475504, -0.0020145455329187664, 0, 0, 0, 0, 0, 0, 0, 0, 0, -0.00198346535531321, 0.0011544816988216513, 0, 0, -0.002093331596104742, -0.00247727358495886, 0, 0, -0.0031217365146152458, 0, 0, 0, 0.005718118211722123, 0, 0, 0, 0, 0, 0.002153913322487687, 0, 0, -0.001477733556343646, 0, 0, 0, 0, 0, 0, -0.0033532463331455596, 0, 0, 0, -0.001447306826985141, 0, 0.00435888372099435, 0, -0.0016165377542718498, 0, 0, 0, 0.0005538049242717738, 0, 0, 0, 0.0022785560790715017, 0, -0.0019644984994820983, 0, 0, 0, 0.003993425034059636, 0, 0, 0, -0.0022343217941769656, 0.00336807005523223, 0, 0, 0.0021242523759265057, 0, 0, 0, 0, 0, 0, 0, 0, -0.0019922756654205606, 0, 0, 0, 0, 0, 0, 0, 0, 0, 0, -0.002250134230336392, 0, -0.0026449541094088454, 0, 0, 0, 0, -0.0022510459824046057, 0, 0, 0, 0, 0, 0, 0, 0, 0, 0, 0, 0, 0, 0, 0, 0, 0.0006230800045625467, 0, 0, 0, 0, -0.0017509175716247842, 0, 0, -0.003973868390199262, 0, 0, 0.001957282826785775, 0, -0.002098649692605881, 0, 0, 0, 0, 0, 0.013132525808901138, 0, 0, 0, 0, 0, -0.0028843278562877966, 0, 0, 0, 0, 0, 0, 0, 0, -0.002208774992004871, 0, 0, -0.001832888281084936, 0, 0, -0.0022431098717866573, 0, 0, 0, 0, 0, 0, -0.0020384565896848783, 0, 0, 0, 0, 0, 0.0006252523565077855, 0, 0, 0.010078758147867371, 0, 0, 0.0008915201548625435, 0, 0, 0, 0, 0, 0.006069782047847472, 0, 0, 0, 0, 0.00034843767397458214, 0, 0, 0, 0, 0, 0, 0, -0.002245082493368135, 0, 0, 0, 0, 0, 0, 0, 0.0024580916078958694, 0, 0, 0, 0, 0, 0, 0, 0, 0, -0.0021311551376795015, 0.0011174053163730316, 0, 0, -0.0023712918153484005, 0, 0.0034426203511531794, -0.0017801259087708262, 0, 0, 0, 0.0009166065253382835, 0, -0.002074590524346057, -0.002306212572330237, 0, 0, 0, 0, -0.0012465499344475504, 0, 0, 0, -0.00432878403373691, 0, 0, 0, 0, 0, 0, 0, 0, 0, 0, 0, 0, 0, -0.002470993999361603, -0.002464903238250878, 0, 0, 0, 0, 0, 0, 0, 0, -0.0005162900222448812, 0, -0.0027773299662233733, 0, 0, 0, 0, 0, -0.0010166929334909998, 0, 0, 0, 0, 0, 0.00754055004913302, 0, 0, 0, 0, 0, 0, 0, 0, 0, 0, 0, 0, 0, 0, 0, 0, 0, 0, 0, 0, 0, 0, 0, 0, 0, 0, 0, 0, 0, 0, -0.002346714567842475, 0, 0, 0, 0, 0.003963648494048269, 0.004113001665584608, 0, 0, -0.0014414918608287078, 0, 0, 0, 0, 0, 0, 0, 0, 0, 0, 0, 0, -0.0019440958795919323, 0, 0, 0, 0, 0, -0.001960783257285552, 0, 0, 0, 0, 0, -0.0017143754146025016, -0.0020199689135097206, 0, 0, 0.00438863152936031, 0, -0.0018857077354268916, -0.0007405121515296534, 0.0002820225924619703, 0, 0, 0, 0, 0, 0, 0, 0, 0, 0, 0, -0.0025320361988480336, 0, 0, 0, 0, 0.0038986702603391126, -0.002370676713323046, 0, 0, 0, 0, -0.0005647631848844503, 0.004011291074974831, 0, 0.00038888055402978345, -0.003983139427564806, 0, 0, 0, 0, 0, 0, 0.0067543639011122866, 0.0063720776034277135, 0, 0, 0, 0, 0, -0.0019353725200501439, 0, 0, 0, 0, -0.0023224055063075597, 0, 0, 0, 0, 0, 0.00586627808490916, 0, 0, 0, 0, 0, -0.0021450615048030247, 0, -0.002260459598713245, 0, 0, 0, 0, 0, -0.00315504836115757, 0, -0.0028780260446946327, 0, 0, -0.0011632969007796567, 0, 0, 0, 0, 0, 0, 0, 0, 0.0010498347306218978, 0.00278191748784799, 0, 0, 0, -0.0024894893010410563, 0.005439140261778454, 0, 0, 0, 0, 0, 0, 0, 0, -0.0015568717568922824, 0, 0, 0, 0, 0.00010391619792269393, 0, 0, 0, 0, 0, 0.00041970762866809925, 0, 0, 0, -0.0022419933274830466, 0, 0, 0, -0.0033539452176271135, 0, 0, 0, 0, 0, 0.0023364200448768024, 0, 0, 0.011121626839928764, 0, 0, 0, 0, 0, 0, 0, 0, 0, 0, 0, 0, 0, 0, 0, 0, 0, 0, 0, -0.002001277132069449, 0, 0, 0, 0, 0, 0, -0.002250857699518946, 0, 0.0009631125203661712, 0, 0, 0, 0, 0, 0, 0, -0.0008421549783349274, 0, 0.0009124151290867064, 0, 0, 0, 0, 0.0024827001231768468, 0, 0, 0, 0, 0, 0, 0, 0, 0, 0, 0, 0.0007609073827876759, 0, 0, 0, 0, 0, 0, 0, 0, 0.0003944705248385134, -0.0012444351059096603, 0, 0, 0, 0, 0, 0, -0.007879547443016154, 0, 0, 0, 0, 0, 0, -0.0028141908170579394, 0, 0, 0, 0.00578399183891098, 0, -0.0026100738047238467, 0.011986903013166874, 0, 0, 0.0009760371632204325, -0.002385291725143229, 0, 0.0045040463869668946, 0, 0.0016992193994343208, 0, 0, -0.001954592145823488, 0, 0, 0, -0.0016214917155818428, 0, 0, 0, 0, 0, 0, 0, 0, 0, 0, 0, 0, 0, 0, 0, 0, -0.0017168532420013072, 0, 0, 0.0020322788393468505, 0, 0, 0.004400328289780474, -0.002358115447908793, 0, 0, 0, 0, 0, -0.0022602304597464607, 0, 0, 0, 0, -0.002101057155699165, 0, 0, 0, 0.004800567297585532, 0, 0, -0.0022110100805424198, 0, 0, 0, 0, 0, 0, -0.0019776365191021853, 0, 0, 0, 0, 0, 0.008590592498921863, 0, 0, 0, 0, 0, 0, 0, 0, 0, 0, 0, 0, -0.005350996582423975, 0, 0, 0, -0.002636551890747784, 0, 0, 0.0022534148757593518, 0, 0, 0, 0, 0, -0.0022676581201854446, 0, 0, 0.0006167389822121864, 0, 0, 0, 0]
Start Date: 2022-02-03
End Date: 2025-03-23
Sharpe Ratio: 0.021
Annualized Sharpe: 0.334
Sharpe 95% CI: (np.float64(-0.693), np.float64(1.272))
Sortino Ratio: 0.033
CAGR: 0.008
Calmar Ratio: 0.302
Daily Win Rate (%): 0.381
Max Drawdown: 0.026
Profit Factor: 1.116
Expectancy: 0.000141
Average Win: 0.003566
Average Loss: 0.001962
Total Trades: 226
Total Days: 981

Rolling 9 - Variant 3 - atr_0.25_7 - Test Metrics
Contracts: [10, 11, 6, 10, 10, 7, 6, 6, 6, 6, 6, 6, 7, 10, 8, 8, 8, 8, 8, 7, 7, 7, 7, 7, 7, 7, 7, 7, 8, 5, 7, 7, 7, 7, 5, 7, 6, 6, 6, 6, 6, 6, 6, 6, 6, 6, 5, 7, 7, 7, 8, 7, 6, 5, 5, 5, 6, 6, 6, 6, 5, 9, 5, 9, 5, 5, 6, 6, 6, 6, 6, 7, 8, 7, 6, 7, 7, 7, 7, 8, 8, 8, 8, 9, 9, 9, 9, 10, 11, 11, 7, 10, 7, 7, 7, 7, 7, 8, 9, 9, 10, 10, 9, 9, 9, 11, 11, 11, 11, 11, 11, 11, 10, 10, 10, 10, 10, 10, 10, 10, 9, 10, 10, 11, 11, 12, 11, 10, 10, 11, 10, 10, 10, 10, 10, 10, 10, 10, 11, 11, 10, 11, 12, 10, 10, 9, 11, 9, 12, 10, 10, 10, 10, 12, 12, 14, 13, 14, 13, 15, 14, 13, 14, 12, 12, 12, 12, 12, 12, 12, 12, 12, 12, 12, 15, 13, 15, 14, 15, 13, 13, 12, 13, 13, 13, 12, 16, 17, 15, 11, 14, 14, 12, 12, 13, 11, 11, 11, 11, 7, 9, 14, 14, 14, 12, 8, 10, 8, 8, 8, 8, 8, 8, 8, 8, 8, 8, 9, 8, 9, 9, 7, 8, 8, 8, 8, 8, 9, 9, 9, 9, 7, 7, 6, 5, 5, 5, 7, 6, 6, 8, 8, 8, 8, 8, 8, 8, 8, 9, 10, 9, 9, 9, 10, 9, 8, 8, 8, 8, 8, 8, 8, 7, 8, 9, 11, 9, 9, 9, 11, 11, 11, 11, 13, 12, 12]
Trade Returns: [0.0023415249062015316, -0.0018709151039670547, 0.008467544375300175, 0.0014000525860289475, 0.0013141557472657857, -0.0039991912030150414, 0.004593459505335143, -0.0026473761630951553, 0.003707615881758064, -0.0016116329205958467, -0.0016082716206129658, 0.003539228149319771, -0.0016030925394208372, 0.00013912320122771283, 0.004230803982106591, 0.0025909882345510503, -0.00017548369119867015, -0.001888779588921076, 0.0004440031961363463, -0.001843854395363217, -3.2850372379035436e-05, -0.0017995719570459631, -0.002943018129095, 0.004734088395675772, -0.0018772652232672748, -0.0021975584962182926, -0.0026799662591000593, 0.0016033997156795947, -0.001859180619772046, 6.316657405924821e-05, -0.0008996816884975514, -0.0006113784526583278, -0.0022028488822427132, -0.001966104699037586, 0.0017078015588138326, -0.0016766144761121106, -0.002052760679642486, 0.00028916671453041974, -0.0018877476114724785, -0.002252295733791986, 0.0010421699392253309, -0.001836794247105555, -0.002048813779743876, 0.004904555684349127, -0.00210957328238583, 0.0026224243137264293, 0.0038902263224884475, 0.002459190544397428, -0.0030148355248408617, 0.009089846083674228]
Daily Returns: [0, 0, 0, 0, 0, 0, 0.0023415249062015316, 0, 0.006596629271333121, 0, 0, 0, 0, 0.0014000525860289475, 0.0013141557472657857, -0.0039991912030150414, 0.004593459505335143, 0, 0, 0, 0, 0, 0, 0, 0, 0, -0.0026473761630951553, 0, 0, 0, 0, 0, 0.0020959829611622172, 0, 0, 0, 0, -0.0016082716206129658, 0, 0, 0, 0, 0, 0, 0.003539228149319771, 0, 0, 0, -0.0016030925394208372, 0, 0, 0, 0.00013912320122771283, 0, 0, 0, 0.004230803982106591, 0, 0.0025909882345510503, 0, 0, 0, 0, 0, 0, 0, -0.002064263280119746, -0.0014327015716059063, 0, 0, 0, 0, 0, 0, 0, 0, -0.0017995719570459631, 0, -0.002943018129095, 0, 0, 0, 0, 0, 0, 0, 0, 0, 0, 0, 0.002856823172408497, 0, 0, 0, 0, 0, 0, 0, 0, 0, 0, 0, -0.0021975584962182926, 0, 0, 0, 0, 0, 0, -0.0026799662591000593, 0, 0, 0, 0, 0.0016033997156795947, 0, 0, 0, 0, 0, 0, -0.001859180619772046, 0, 6.316657405924821e-05, -0.0008996816884975514, 0, 0, -0.0006113784526583278, 0, 0, -0.0022028488822427132, 0, -0.001966104699037586, 0, 0, 0, 0.0017078015588138326, 0, 0, -0.0016766144761121106, 0, 0, -0.002052760679642486, 0, 0, 0, 0, 0.00028916671453041974, -0.0018877476114724785, -0.002252295733791986, 0.0010421699392253309, 0, 0, 0, 0, 0, 0, 0, -0.001836794247105555, 0, 0, 0, 0, -0.002048813779743876, 0, 0, 0.0027949824019632974, 0, 0, 0, 0.0026224243137264293, 0, 0, 0, 0, 0, 0.0038902263224884475, 0, 0, 0, 0, 0, 0, 0, 0, 0, 0, 0.002459190544397428, -0.0030148355248408617, 0.009089846083674228, 0, 0, 0, 0, 0, 0]
Start Date: 2025-03-24
End Date: 2025-11-06
Sharpe Ratio: 0.045
Annualized Sharpe: 0.722
Sharpe 95% CI: (np.float64(-1.692), np.float64(2.651))
Sortino Ratio: 0.085
CAGR: 0.015
Calmar Ratio: 0.622
Daily Win Rate (%): 0.44
Max Drawdown: 0.025
Profit Factor: 1.225
Expectancy: 0.00024
Average Win: 0.002962
Average Loss: 0.0019
Total Trades: 50
Total Days: 196



Rolling 9 - Variant 4 - atr_0.25_4 - Fit Metrics
Contracts: [10, 11, 6, 10, 10, 7, 6, 6, 6, 6, 6, 6, 7, 10, 8, 8, 8, 8, 8, 7, 7, 7, 7, 7, 7, 7, 7, 7, 8, 5, 7, 7, 7, 7, 5, 7, 6, 6, 6, 6, 6, 6, 6, 6, 6, 6, 5, 7, 7, 7, 8, 7, 6, 5, 6, 6, 6, 6, 6, 6, 5, 9, 5, 10, 5, 5, 6, 6, 6, 6, 6, 7, 8, 7, 7, 7, 7, 7, 7, 8, 8, 8, 8, 9, 9, 9, 9, 10, 11, 11, 8, 10, 7, 7, 7, 7, 7, 9, 9, 9, 10, 10, 9, 10, 10, 11, 11, 12, 11, 11, 11, 11, 11, 10, 10, 10, 10, 10, 10, 10, 10, 10, 10, 11, 11, 12, 11, 10, 10, 11, 10, 10, 10, 10, 10, 10, 10, 10, 11, 11, 10, 11, 13, 10, 10, 9, 11, 9, 12, 10, 10, 10, 10, 13, 12, 14, 14, 14, 14, 15, 14, 13, 14, 12, 12, 12, 12, 12, 12, 12, 12, 12, 12, 12, 15, 13, 15, 14, 15, 13, 14, 12, 13, 13, 13, 12, 16, 17, 15, 12, 14, 15, 12, 12, 13, 11, 11, 11, 11, 7, 9, 14, 14, 14, 12, 8, 10, 8, 8, 8, 8, 8, 8, 8, 8, 8, 8, 9, 8, 9, 9, 7, 8, 8, 8, 8, 8, 9, 9, 9, 9, 7, 7, 6, 5, 5, 5, 7, 6, 6, 8, 8, 8, 8, 8, 8, 8, 8, 9, 10, 9, 9, 9, 10, 9, 8, 8, 8, 8, 8, 8, 8, 7, 8, 9, 11, 9, 9, 9, 11, 11, 11, 11, 13, 12, 12]
Trade Returns: [-0.0028620588589212347, 0.0013944999999999663, -0.0025974086823431983, -0.0023543001309382673, 0.004221442148990723, 0.003079408576372763, 0.0003100090556062336, 0.002510916248678037, -0.001327922814374787, -0.00047307217124611934, -0.0015532407469505247, -0.0016407888046029856, -0.002181871974037282, -0.0021866429490049423, -0.0022415958589465977, 0.003635393079390315, -0.0030399599347226114, -0.0028878948433865848, -0.003160805786531552, 0.001650345110071621, -0.00025117110990235687, 0.00041130326801338933, 0.006958290244638641, 0.003967113864546667, 0.0009324679769154015, 0.00745918882720302, 0.0001857721845125609, 0.0030717359482652206, -0.0021337365005965597, -0.0008042290486823401, -0.0018405671350609045, -0.0025816257752014748, 0.0024257771806986614, 0.008348145696345734, 0.0037594279657072417, -0.00017161417579948407, 0.003855830674630639, 0.0027833100215598713, -0.0016617427688535497, -0.0002800898113858525, -2.507229177462484e-05, -0.001712367522285013, -0.002325433684975115, -0.0022029911131688233, 0.0023199392636062024, 0.009609922720561955, 0.004065380883973386, -0.0018625235998450261, -0.00045490324605690016, 0.008581367597603754, 0.007938316966229922, -0.0025511499249212424, -0.0016452522343035582, 0.0002971660540457418, -0.002058184797651313, -0.0001120020960184649, -0.001271420432050394, -0.0009431087110769285, -0.001491768784314391, -0.0014055743366318712, -0.001774695262353661, 0.0071068348888666975, -0.0021849299057145094, -0.0014442856720954702, 0.0010419812659503945, -0.0014093581837943986, -0.0017669578595770634, -0.0022729064722641014, -0.0025802454075006627, 0.0036681972988686774, -0.001832080370946073, 0.0012269702684550921, -0.002495416683986991, -0.0021156590827564633, -0.0016102284494883313, 0.0051376017130188864, -0.001984635546494592, -0.0019465019910450726, 0.0011329251066855305, -0.0020542889417528095, -0.0024309749311947405, -0.00306325108560272, 0.009969669270301584, 0.002122532978128143, -0.0016569604615644174, -0.0018745712317412438, -0.0014157974892300522, -0.001420057237792359, 0.004276698865894219, -0.0015861501964999454, 0.0006113335945009405, 0.0022355664401822206, -0.0019275056433153898, 0.003918248932440427, -0.002192424918529852, 0.003304774934075644, 0.004734345167095057, -0.00241733094154137, -0.0019550211171945686, -0.002207755297533168, -0.0025950134617720184, -0.0024091988946443655, 0.0006113918576298413, -0.0018897608220857206, -0.0026730707733065794, -0.0012262360104420787, 0.0019202554648715905, -0.002098649692605881, 0.0072945105729274266, -0.0028467218643855323, -0.0021825722132286433, -0.0017700047863104366, -4.109143632966873e-05, -0.002201199524145397, -0.0020143780960419698, 0.0006178518933757789, 0.008806743944919126, -0.0029434511612778528, 0.0008747818003901041, 0.006023044904755484, 0.00034577077698229374, -0.0022028918513783947, 0.0024391965922373523, -0.0021148204827451077, -0.0019411499028071087, 0.003049950572635976, -0.0023531069098384387, 0.003416079482308644, -0.0017664262768832015, 0.0009095640085238155, -0.002058665412222822, -0.0022885672201551025, -0.0012369100265618783, -0.0017573806178675544, -0.0025379609948085725, -0.0024522185031795175, -0.0024462198376308344, -0.000512346553515947, -0.002756174943061815, -0.0011162039509129888, 0.006304517686916329, -0.0023287809667641474, 0.0037323659830292627, 0.00020086817749290377, 0.004081558998367565, -0.001430516881838436, -0.0019287107422423975, -0.0019457639680208782, -0.0018316154960635756, -0.0020041922980302694, 0.004689231132937171, -0.0018703903845636418, -0.0007344857990716048, 0.00027978641618600343, -0.0025114172467859703, 0.004191356782908426, -0.0025483126603759528, -0.0005601419648044374, 0.002574248013691238, 0.0014042317168479312, 0.0003857093523189989, -0.001791927904806007, -0.0021587109162654584, 0.006799697208270748, -0.0024382836590699252, 0.006334949575507804, -0.0019241667207405963, -0.0023034460098947562, 0.005125811847274838, -0.002134153006974257, -0.002248939670016834, -0.0031389331179451216, -0.0028613301595034443, -0.0012463522594715758, 0.0010445625790383513, 0.002767961589865637, -0.002477034885385002, 0.005411677694365655, -0.0015488945831826056, 0.00010306989724720622, 0.0004175940346809762, -0.0022307076484032622, -0.0033370244831068393, 0.0023244423752907424, 0.006669530304660123, -0.001999848321241165, -0.0022492474805731123, 0.0009624242448778477, -0.0008415526535510873, -0.0022953157387359357, 0.0032070724858051375, 0.0024809200449238808, 0.0008258789821536879, 0.00180506236360774, -0.0014108767368922169, -0.0012435424472070392, -0.0037556169317231633, -0.004100562346853408, -0.00279254377111113, 0.005779831405898298, -0.0025900593418119, 0.012232663700175818, 0.0009753422605256573, -0.002383595139592, 0.00450082523811526, 0.0016980079085853288, -0.0019532009443799527, -0.0016203353432327956, -0.0017156295059431211, 0.002002889245034435, 0.004397186440184911, -0.002356439116477008, -0.002258616528869659, -0.002099560033369586, 0.004797129141951012, -0.0022094277218258377, -0.0019762180453688416, 0.006087164511799805, -0.002166065401913512, -0.0016326290076418741, -0.0018714362750988098, -0.001867940543406152, -0.0026346685731656726, 0.0022517903415543356, -0.002276593460086145, 0.0006162961367347976]
Daily Returns: [-0.0028620588589212347, 0.0013944999999999663, 0, 0, 0, 0, 0, 0, 0, 0, 0, 0, -0.0025974086823431983, 0, 0, -0.0023543001309382673, 0, 0, 0, 0, 0, 0, 0, 0, 0, 0, 0, 0, 0, 0, 0, 0.004221442148990723, 0, 0, 0.003079408576372763, 0, 0, 0, 0, 0, 0.0003100090556062336, 0, 0, 0.0007099212630571307, 0, 0, -0.0015532407469505247, 0, 0, 0, 0, -0.0016407888046029856, 0, 0, 0, 0, 0, 0, 0, 0, -0.002181871974037282, 0, 0, 0, 0, 0, -0.0021866429490049423, 0.001393797220443717, 0, 0, 0, 0, 0, 0, 0, 0, 0, 0, -0.0030399599347226114, -0.006048700629918137, 0, 0.001650345110071621, 0.00016013215811103246, 0, 0, 0, 0, 0, 0, 0, 0, 0, 0, 0, 0, 0, 0, 0, 0, 0, 0, 0.006958290244638641, 0, 0, 0, 0, 0.003967113864546667, 0.0009324679769154015, 0.00745918882720302, 0, 0, 0, 0, 0, 0, 0, 0, 0, 0, 0, 0.0001857721845125609, 0.00013377039898632083, 0, 0, 0, 0, 0, 0, 0, 0, -0.0018405671350609045, 0, 0, 0, 0, 0, 0, 0, 0, 0, 0, 0, 0, 0, 0, -0.0025816257752014748, 0, 0.0024257771806986614, 0, 0, 0.01193595948625349, 0.003855830674630639, 0, 0, 0, 0.0027833100215598713, 0, -0.0019418325802394022, 0, 0, -2.507229177462484e-05, 0, 0, 0, 0, 0, 0, 0, 0, -0.001712367522285013, 0, 0, 0, 0, 0, -0.002325433684975115, 0, -0.0022029911131688233, 0.0023199392636062024, 0, 0, 0.009609922720561955, 0, 0, 0, 0, 0.004065380883973386, 0, 0, 0, 0, 0, 0, 0, 0, -0.0018625235998450261, 0, 0, 0, 0, 0, 0, 0, 0, 0, 0, 0, 0, 0, 0, -0.00045490324605690016, 0, 0, 0, 0, 0, 0.008581367597603754, 0, 0, 0, 0, 0, 0, 0.005387167041308679, 0, 0, 0, -0.0016452522343035582, 0, 0.0002971660540457418, 0, 0, 0, 0, -0.002058184797651313, 0, 0, 0, 0, 0, 0, -0.0001120020960184649, 0, 0, 0, 0, 0, 0, 0, 0, 0, -0.001271420432050394, 0, 0, 0, 0, 0, -0.0009431087110769285, 0, 0, 0, 0, 0, -0.001491768784314391, -0.0014055743366318712, 0, 0, 0, -0.001774695262353661, 0, 0.0071068348888666975, 0, -0.0021849299057145094, 0, 0, 0, 0, -0.0014442856720954702, 0, 0, 0.0010419812659503945, 0, -0.0014093581837943986, 0, 0, 0, -0.0017669578595770634, 0, 0, 0, 0, -0.0022729064722641014, 0, 0, 0, 0, 0, 0, 0, -0.0025802454075006627, 0, 0.0036681972988686774, 0, -0.001832080370946073, 0, 0, 0, 0.0012269702684550921, 0, 0, 0, 0, 0, -0.002495416683986991, 0, -0.0021156590827564633, 0, 0, 0, 0, 0, 0, -0.0016102284494883313, 0, 0.0051376017130188864, -0.001984635546494592, 0, 0, 0, 0, 0, 0, 0, 0, 0, -0.0019465019910450726, 0.0011329251066855305, 0, 0, -0.0020542889417528095, -0.0024309749311947405, 0, 0, -0.00306325108560272, 0, 0, 0, 0.009969669270301584, 0, 0, 0, 0, 0, 0.002122532978128143, 0, 0, -0.0016569604615644174, 0, 0, 0, 0, 0, 0, -0.003290368720971296, 0, 0, 0, -0.001420057237792359, 0, 0.004276698865894219, 0, -0.0015861501964999454, 0, 0, 0, 0.0006113335945009405, 0, 0, 0, 0.0022355664401822206, 0, -0.0019275056433153898, 0, 0, 0, 0.003918248932440427, 0, 0, 0, -0.002192424918529852, 0.003304774934075644, 0, 0, 0.0023170142255536865, 0, 0, 0, 0, 0, 0, 0, 0, -0.0019550211171945686, 0, 0, 0, 0, 0, 0, 0, 0, 0, 0, -0.002207755297533168, 0, -0.0025950134617720184, 0, 0, 0, 0, -0.0024091988946443655, 0, 0, 0, 0, 0, 0, 0, 0, 0, 0, 0, 0, 0, 0, 0, 0, 0.0006113918576298413, 0, 0, 0, 0, -0.0018897608220857206, 0, 0, -0.003899306783748658, 0, 0, 0.0019202554648715905, 0, -0.002098649692605881, 0, 0, 0, 0, 0, 0.0072945105729274266, 0, 0, 0, 0, 0, -0.0028467218643855323, 0, 0, 0, 0, 0, 0, 0, 0, -0.0021825722132286433, 0, 0, -0.0018110962226401055, 0, 0, -0.002201199524145397, 0, 0, 0, 0, 0, 0, -0.0020143780960419698, 0, 0, 0, 0, 0, 0.0006178518933757789, 0, 0, 0.005863292783641273, 0, 0, 0.0008747818003901041, 0, 0, 0, 0, 0, 0.006023044904755484, 0, 0, 0, 0, 0.00034577077698229374, 0, 0, 0, 0, 0, 0, 0, -0.0022028918513783947, 0, 0, 0, 0, 0, 0, 0, 0.0024391965922373523, 0, 0, 0, 0, 0, 0, 0, 0, 0, -0.0021148204827451077, 0.0011088006698288673, 0, 0, -0.0023531069098384387, 0, 0.003416079482308644, -0.0017664262768832015, 0, 0, 0, 0.0009095640085238155, 0, -0.002058665412222822, -0.0022885672201551025, 0, 0, 0, 0, -0.0012369100265618783, 0, 0, 0, -0.004295341612676127, 0, 0, 0, 0, 0, 0, 0, 0, 0, 0, 0, 0, 0, -0.0024522185031795175, -0.0024462198376308344, 0, 0, 0, 0, 0, 0, 0, 0, -0.000512346553515947, 0, -0.002756174943061815, 0, 0, 0, 0, 0, -0.0011162039509129888, 0, 0, 0, 0, 0, 0.006304517686916329, 0, 0, 0, 0, 0, 0, 0, 0, 0, 0, 0, 0, 0, 0, 0, 0, 0, 0, 0, 0, 0, 0, 0, 0, 0, 0, 0, 0, 0, 0, -0.0023287809667641474, 0, 0, 0, 0, 0.003933234160522167, 0.004081558998367565, 0, 0, -0.001430516881838436, 0, 0, 0, 0, 0, 0, 0, 0, 0, 0, 0, 0, -0.0019287107422423975, 0, 0, 0, 0, 0, -0.0019457639680208782, 0, 0, 0, 0, 0, -0.0018316154960635756, -0.0020041922980302694, 0, 0, 0.004689231132937171, 0, -0.0018703903845636418, -0.0007344857990716048, 0.00027978641618600343, 0, 0, 0, 0, 0, 0, 0, 0, 0, 0, 0, -0.0025114172467859703, 0, 0, 0, 0, 0.004191356782908426, -0.0025483126603759528, 0, 0, 0, 0, -0.0005601419648044374, 0.003978479730539169, 0, 0.0003857093523189989, -0.003950638821071465, 0, 0, 0, 0, 0, 0, 0.0043614135492008235, 0.006334949575507804, 0, 0, 0, 0, 0, -0.0019241667207405963, 0, 0, 0, 0, -0.0023034460098947562, 0, 0, 0, 0, 0, 0.005125811847274838, 0, 0, 0, 0, 0, -0.002134153006974257, 0, -0.002248939670016834, 0, 0, 0, 0, 0, -0.0031389331179451216, 0, -0.0028613301595034443, 0, 0, -0.0012463522594715758, 0, 0, 0, 0, 0, 0, 0, 0, 0.0010445625790383513, 0.002767961589865637, 0, 0, 0, -0.002477034885385002, 0.005411677694365655, 0, 0, 0, 0, 0, 0, 0, 0, -0.0015488945831826056, 0, 0, 0, 0, 0.00010306989724720622, 0, 0, 0, 0, 0, 0.0004175940346809762, 0, 0, 0, -0.0022307076484032622, 0, 0, 0, -0.0033370244831068393, 0, 0, 0, 0, 0, 0.0023244423752907424, 0, 0, 0.006669530304660123, 0, 0, 0, 0, 0, 0, 0, 0, 0, 0, 0, 0, 0, 0, 0, 0, 0, 0, 0, -0.001999848321241165, 0, 0, 0, 0, 0, 0, -0.0022492474805731123, 0, 0.0009624242448778477, 0, 0, 0, 0, 0, 0, 0, -0.0008415526535510873, 0, 0.0009117567470692018, 0, 0, 0, 0, 0.0024809200449238808, 0, 0, 0, 0, 0, 0, 0, 0, 0, 0, 0, 0.0008258789821536879, 0, 0, 0, 0, 0, 0, 0, 0, 0.00039418562671552303, -0.0012435424472070392, 0, 0, 0, 0, 0, 0, -0.007856179278576571, 0, 0, 0, 0, 0, 0, -0.00279254377111113, 0, 0, 0, 0.005779831405898298, 0, -0.0025900593418119, 0.012232663700175818, 0, 0, 0.0009753422605256573, -0.002383595139592, 0, 0.00450082523811526, 0, 0.0016980079085853288, 0, 0, -0.0019532009443799527, 0, 0, 0, -0.0016203353432327956, 0, 0, 0, 0, 0, 0, 0, 0, 0, 0, 0, 0, 0, 0, 0, 0, -0.0017156295059431211, 0, 0, 0.002002889245034435, 0, 0, 0.004397186440184911, -0.002356439116477008, 0, 0, 0, 0, 0, -0.002258616528869659, 0, 0, 0, 0, -0.002099560033369586, 0, 0, 0, 0.004797129141951012, 0, 0, -0.0022094277218258377, 0, 0, 0, 0, 0, 0, -0.0019762180453688416, 0, 0, 0, 0, 0, 0.003921099109886293, 0, 0, 0, 0, 0, 0, 0, 0, 0, 0, 0, 0, -0.005372005826146836, 0, 0, 0, -0.0026346685731656726, 0, 0, 0.0022517903415543356, 0, 0, 0, 0, 0, -0.002276593460086145, 0, 0, 0.0006162961367347976, 0, 0, 0, 0]
Start Date: 2022-02-03
End Date: 2025-03-23
Sharpe Ratio: 0.019
Annualized Sharpe: 0.303
Sharpe 95% CI: (np.float64(-0.725), np.float64(1.248))
Sortino Ratio: 0.028
CAGR: 0.007
Calmar Ratio: 0.232
Daily Win Rate (%): 0.385
Max Drawdown: 0.03
Profit Factor: 1.102
Expectancy: 0.000123
Average Win: 0.003449
Average Loss: 0.001958
Total Trades: 226
Total Days: 981

Rolling 9 - Variant 4 - atr_0.25_4 - Test Metrics
Contracts: [10, 11, 6, 10, 10, 7, 6, 6, 6, 6, 6, 6, 7, 10, 8, 8, 8, 8, 8, 7, 7, 7, 7, 7, 7, 7, 7, 7, 8, 5, 7, 7, 7, 7, 5, 7, 6, 6, 6, 6, 6, 6, 6, 6, 6, 6, 5, 7, 7, 7, 8, 7, 6, 5, 6, 6, 6, 6, 6, 6, 5, 9, 5, 10, 5, 5, 6, 6, 6, 6, 6, 7, 8, 7, 7, 7, 7, 7, 7, 8, 8, 8, 8, 9, 9, 9, 9, 10, 11, 11, 8, 10, 7, 7, 7, 7, 7, 9, 9, 9, 10, 10, 9, 10, 10, 11, 11, 12, 11, 11, 11, 11, 11, 10, 10, 10, 10, 10, 10, 10, 10, 10, 10, 11, 11, 12, 11, 10, 10, 11, 10, 10, 10, 10, 10, 10, 10, 10, 11, 11, 10, 11, 13, 10, 10, 9, 11, 9, 12, 10, 10, 10, 10, 13, 12, 14, 14, 14, 14, 15, 14, 13, 14, 12, 12, 12, 12, 12, 12, 12, 12, 12, 12, 12, 15, 13, 15, 14, 15, 13, 14, 12, 13, 13, 13, 12, 16, 17, 15, 12, 14, 15, 12, 12, 13, 11, 11, 11, 11, 7, 9, 14, 14, 14, 12, 8, 10, 8, 8, 8, 8, 8, 8, 8, 8, 8, 8, 9, 8, 9, 9, 7, 8, 8, 8, 8, 8, 9, 9, 9, 9, 7, 7, 6, 5, 5, 5, 7, 6, 6, 8, 8, 8, 8, 8, 8, 8, 8, 9, 10, 9, 9, 9, 10, 9, 8, 8, 8, 8, 8, 8, 8, 7, 8, 9, 11, 9, 9, 9, 11, 11, 11, 11, 13, 12, 12]
Trade Returns: [0.002346364663669157, -0.0018747730937969285, 0.010361971812552504, 0.0014029450390457207, 0.001316866937176036, -0.003996331085216217, 0.004593459505335143, -0.002652830691694905, 0.0037152875864947888, -0.0016149622850597331, -0.0016115870975054614, 0.0035465350817849707, -0.0016063905163335775, 0.0001394104688217925, 0.004239521846916671, 0.0025963046064950914, -0.00017584282855215075, -0.001892645763600399, 0.000444913757108846, -0.0018476340870723354, -3.291783655366998e-05, -0.0018032678248416797, -0.0029490732665242944, 0.006373885037380216, -0.0018811494737250073, -0.0021985248789744656, -0.0026854964872927126, 0.0016041079648641261, -0.0018600005365386166, 6.319448304454256e-05, -0.0009000791711333436, -0.0006116488052167019, -0.0022038235818191694, -0.001966976567318429, 0.0017085603752526992, -0.0016773581647589505, -0.0020536727436954515, 0.00028929512197880034, -0.0018885856427419685, -0.002253288369742814, 0.0010426287143286716, -0.0018376112014425094, -0.002049726712010725, 0.004906745597234608, -0.002110510619955168, 0.0026235918833772656, 0.003891958505710052, 0.00246028129174202, -0.0030161694406933112, 0.01025499855464937]
Daily Returns: [0, 0, 0, 0, 0, 0, 0.002346364663669157, 0, 0.008487198718755576, 0, 0, 0, 0, 0.0014029450390457207, 0.001316866937176036, -0.003996331085216217, 0.004593459505335143, 0, 0, 0, 0, 0, 0, 0, 0, 0, -0.002652830691694905, 0, 0, 0, 0, 0, 0.002100325301435056, 0, 0, 0, 0, -0.0016115870975054614, 0, 0, 0, 0, 0, 0, 0.0035465350817849707, 0, 0, 0, -0.0016063905163335775, 0, 0, 0, 0.0001394104688217925, 0, 0, 0, 0.004239521846916671, 0, 0.0025963046064950914, 0, 0, 0, 0, 0, 0, 0, -0.0020684885921525495, -0.0014356381665171594, 0, 0, 0, 0, 0, 0, 0, 0, -0.0018032678248416797, 0, -0.0029490732665242944, 0, 0, 0, 0, 0, 0, 0, 0, 0, 0, 0, 0.004492735563655209, 0, 0, 0, 0, 0, 0, 0, 0, 0, 0, 0, -0.0021985248789744656, 0, 0, 0, 0, 0, 0, -0.0026854964872927126, 0, 0, 0, 0, 0.0016041079648641261, 0, 0, 0, 0, 0, 0, -0.0018600005365386166, 0, 6.319448304454256e-05, -0.0009000791711333436, 0, 0, -0.0006116488052167019, 0, 0, -0.0022038235818191694, 0, -0.001966976567318429, 0, 0, 0, 0.0017085603752526992, 0, 0, -0.0016773581647589505, 0, 0, -0.0020536727436954515, 0, 0, 0, 0, 0.00028929512197880034, -0.0018885856427419685, -0.002253288369742814, 0.0010426287143286716, 0, 0, 0, 0, 0, 0, 0, -0.0018376112014425094, 0, 0, 0, 0, -0.002049726712010725, 0, 0, 0.00279623497727944, 0, 0, 0, 0.0026235918833772656, 0, 0, 0, 0, 0, 0.003891958505710052, 0, 0, 0, 0, 0, 0, 0, 0, 0, 0, 0.00246028129174202, -0.0030161694406933112, 0.01025499855464937, 0, 0, 0, 0, 0, 0]
Start Date: 2025-03-24
End Date: 2025-11-06
Sharpe Ratio: 0.058
Annualized Sharpe: 0.926
Sharpe 95% CI: (np.float64(-1.476), np.float64(2.749))
Sortino Ratio: 0.118
CAGR: 0.021
Calmar Ratio: 0.929
Daily Win Rate (%): 0.44
Max Drawdown: 0.023
Profit Factor: 1.313
Expectancy: 0.000333
Average Win: 0.003178
Average Loss: 0.001902
Total Trades: 50
Total Days: 196



Rolling 10 - Variant 0 - atr_0.25_2 - Fit Metrics
Contracts: [10, 11, 6, 10, 10, 7, 6, 6, 6, 6, 6, 6, 7, 10, 8, 8, 8, 8, 8, 7, 7, 7, 7, 7, 7, 7, 7, 7, 8, 5, 7, 7, 7, 7, 5, 7, 6, 6, 6, 6, 6, 6, 6, 6, 6, 6, 5, 7, 7, 7, 8, 7, 6, 5, 6, 5, 6, 6, 6, 6, 5, 9, 5, 10, 5, 5, 6, 6, 6, 6, 6, 7, 8, 7, 6, 7, 7, 7, 7, 8, 8, 8, 8, 9, 9, 9, 9, 10, 11, 11, 8, 10, 7, 7, 7, 7, 7, 8, 9, 9, 10, 10, 9, 9, 10, 11, 11, 12, 11, 11, 11, 11, 11, 10, 10, 10, 10, 10, 10, 10, 10, 10, 10, 11, 11, 11, 11, 9, 10, 10, 10, 10, 10, 10, 10, 10, 10, 10, 10, 10, 10, 11, 12, 10, 10, 9, 11, 9, 12, 10, 10, 10, 10, 12, 12, 14, 13, 13, 13, 15, 14, 13, 14, 12, 12, 12, 12, 12, 12, 12, 12, 12, 12, 12, 15, 13, 14, 14, 15, 13, 13, 12, 13, 13, 13, 12, 16, 17, 15, 12, 14, 15, 12, 12, 13, 11, 11, 11, 11, 7, 9, 14, 14, 14, 12, 8, 10, 8, 8, 8, 8, 8, 8, 8, 8, 8, 8, 9, 8, 9, 9, 7, 8, 8, 8, 8, 8, 9, 9, 9, 9, 7, 7, 6, 5, 5, 5, 7, 6, 6, 8, 8, 8, 8, 8, 8, 8, 9, 9, 10, 9, 9, 9, 10, 9, 8, 8, 8, 8, 8, 8, 8, 7, 8, 9, 11, 9, 9, 9, 11, 11, 11, 11, 13, 12, 12]
Trade Returns: [-0.0028519130669272417, 0.004957, -0.002588216794124713, -0.0023459469521189286, 0.00420642903359948, 0.0037768024285579228, 0.0003086965370428791, 0.002425994393230988, -0.0013224117517672176, -0.00047106989299046284, -0.001546786048114515, -0.0016339597250258394, -0.0021727569559380623, -0.002177488108372, 0.004061579645388013, 0.004144646944603902, -0.003006675296754859, -0.0028561798151466233, -0.003125994206393061, 0.0016321120138351602, -0.00024840068042928813, 0.00040676544590433143, 0.0033819145261697685, 0.0031089380399181507, 0.0009262443191911875, 0.0036380300984067493, 0.00018590147458356655, 0.0037635465359440417, -0.002133749590446895, -0.0008042339929425151, -0.0018202688031566697, -0.0025816417148964805, 0.004580005012630371, 0.004115456995707519, 0.0037672028305422785, -0.00017196775868638122, 0.004817686492001315, 0.003261044033587818, -0.001662780972789467, -0.0002802650940324995, -2.5087986632195244e-05, -0.0017123780768268846, -0.002326889569318319, -0.0022043735566804794, 0.004073816392404485, 0.004734199683961813, 0.004080538152835539, -0.001869439567421927, -0.00038213674095864474, 0.004257891234650052, 0.0039522162858846915, -0.002581703030876911, -0.0016513728667552747, 0.000300741636401179, -0.0020828978517353778, -0.00011207220931574927, 0.002330360419754242, -0.0009510073475102415, -0.001513463446919689, -0.0014260464647611983, -0.0017747061816528308, 0.003501628217565922, -0.002216798759750302, -0.0014653984730390406, 0.0010572354696729471, -0.0014299688535239373, -0.00179283512536664, -0.002306253188737704, -0.002244297502284026, 0.0034654915259652985, -0.001858508152796431, 0.002858908464690238, -0.002527871223820836, -0.0021468332902049862, -0.0016311785584658008, 0.0033615818989833767, -0.002013820232632757, -0.001985139303160986, 0.0011554579629878524, -0.0020950997367406377, -0.0024793704167536145, 0.005761326066344613, 0.004993770354621885, 0.002150207878013915, -0.0016649994912075327, -0.001883699137666409, -0.001422704485112399, -0.0014270059607283613, 0.0020918154158573927, -0.0015938992860779267, 0.0005472610893544942, 0.002251594734264223, -0.0019412984123651639, 0.004913029611686007, -0.002205922743833107, 0.0033251660052105647, 0.003854683811279336, -0.002434328181900505, -0.001964522058611414, 0.003929918177864142, -0.002609146082345951, -0.002422353879670676, 0.0006130356838571614, -0.0018948585521188167, -0.0026802621967715635, -0.001229530925052332, 0.003517134274460067, -0.0020899006679294743, 0.003576100592709489, -0.002865008774539957, -0.0022036688828451093, -0.0017871513784639052, -4.1490214653498336e-05, -0.0022071486493439015, -0.0020339498151018378, 0.0006238671837585538, 0.004356690737200255, -0.002972090183874802, 0.003654655567669822, 0.003540794709017862, 0.00035155947480002963, -0.002227141722921375, 0.0022542104654427464, -0.002150258688990024, -0.0019737479923780275, 0.003101217322082794, -0.002392021400804568, 0.003594882621069938, -0.001796148865166429, 0.0009247314498220407, -0.0020929629863647024, -0.0020941808822032863, -0.001257050798414284, -0.0017860322987801908, -0.0023452593196779032, 0.0044900630407006745, -0.002485780684447931, -0.0005170677606271361, -0.0027815020940529524, -0.0011270367776321864, 0.0030915895701316763, -0.002350251483368681, 0.0029067849984728794, 0.00020289500791041432, 0.0025302832868713074, -0.0014471842271874934, -0.001949757887528504, -0.001963745467741977, -0.001719376721425747, -0.0018811667368200666, 0.002968692224290396, 0.0030491436426868385, -0.0007399656395854769, 0.00028284556300413425, -0.0025301663187205017, 0.004941947485983423, -0.0023907080678352184, -0.0005643440831127568, 0.004650094673553736, 0.0014118487879147058, 0.00038779863244518993, -0.0018016305164839552, -0.0021704206157401205, 0.003319860402527211, -0.0024600413667844167, 0.004634713716825862, -0.0019446646905883608, -0.002320686085657981, 0.0024837320238540192, -0.0020185042705140465, -0.002278740223175438, -0.003180621914279598, -0.002891871036423411, -0.0011727710740838647, 0.0010599817776433585, 0.0034451110720608836, -0.0025118644411741852, 0.003933897844000839, -0.001569531398747171, 0.0001038394490157697, 0.0036214014615953767, -0.0022284693915592415, -0.0033336686871247973, 0.0023220989722541325, 0.0032092640853539182, -0.0020047230603392097, -0.002254741156992048, 0.0009647724696608507, -0.0008436076387931122, -0.0022967939749415607, 0.005011618957058254, 0.0024869932637307454, 0.0008250456794649731, 0.0018013243907225576, -0.001407960307900201, -0.0012409682912906297, -0.003747833075540502, 0.007725193815717486, -0.002581059463962899, 0.0046785587134428284, -0.002633481107582066, 0.006086857592958318, 0.0009757931994823419, -0.0023846960947481875, 0.003050802276382679, 0.0016987940736564366, -0.0019541037282904444, -0.0016210857405567953, -0.0017179108378858837, 0.002019697536147998, 0.004210164515245211, -0.0023600173900567255, 0.004086556908196493, -0.0021027557758039176, 0.003929490694280579, -0.0021988143388211785, -0.001966704007339948, 0.0029638984197682045, -0.0021556168391068486, -0.0016297854810825535, -0.001868182910597877, -0.0018646993112112684, -0.0026358907019206125, 0.002247105745073891, -0.002272621877034773, 0.0033425422530467684, 0.00235452795063287, -0.0018812803350669036, 0.0050984918710002295, 0.006648282076338167, 0.0013145606762977873, -0.003998910739420082, 0.004577129451174134, -0.0026481908246076945, 0.002926779362269117, -0.0016121301757522168, -0.0016100211593870085, 0.0034214438240220348, -0.0015987088217760204, 0.0040921220546962555, 0.0031203624191637794, 0.002586752068730123, -0.00017519752238030105, -0.0018856989349183948, 0.0030138310051577677, -0.0018361249031938645, -3.271240932886689e-05, -0.00201601572072883, -0.0029312934153527567, 0.0030950046319944157, -0.0018697443087285926]
Daily Returns: [-0.0028519130669272417, 0.004957, 0, 0, 0, 0, 0, 0, 0, 0, 0, 0, -0.002588216794124713, 0, 0, -0.0023459469521189286, 0, 0, 0, 0, 0, 0, 0, 0, 0, 0, 0, 0, 0, 0, 0, 0.00420642903359948, 0, 0, 0.0037768024285579228, 0, 0, 0, 0, 0, 0.0003086965370428791, 0, 0, 0.0006325127484733076, 0, 0, -0.001546786048114515, 0, 0, 0, 0, -0.0016339597250258394, 0, 0, 0, 0, 0, 0, 0, 0, -0.0021727569559380623, 0, 0, 0, 0, 0, -0.002177488108372, 0.008206226589991915, 0, 0, 0, 0, 0, 0, 0, 0, 0, 0, -0.003006675296754859, -0.005982174021539685, 0, 0.0016321120138351602, 0.0001583647654750433, 0, 0, 0, 0, 0, 0, 0, 0, 0, 0, 0, 0, 0, 0, 0, 0, 0, 0, 0.0033819145261697685, 0, 0, 0, 0, 0.0031089380399181507, 0.0009262443191911875, 0.0036380300984067493, 0, 0, 0, 0, 0, 0, 0, 0, 0, 0, 0, 0.00018590147458356655, 0.0008255629525546318, 0, 0, 0, 0, 0, 0, 0, 0, -0.0018202688031566697, 0, 0, 0, 0, 0, 0, 0, 0, 0, 0, 0, 0, 0, 0, -0.0025816417148964805, 0, 0.004580005012630371, 0, 0, 0.0077106920675634166, 0.004817686492001315, 0, 0, 0, 0.003261044033587818, 0, -0.0019430460668219665, 0, 0, -2.5087986632195244e-05, 0, 0, 0, 0, 0, 0, 0, 0, -0.0017123780768268846, 0, 0, 0, 0, 0, -0.002326889569318319, 0, -0.0022043735566804794, 0.004073816392404485, 0, 0, 0.004734199683961813, 0, 0, 0, 0, 0.004080538152835539, 0, 0, 0, 0, 0, 0, 0, 0, -0.001869439567421927, 0, 0, 0, 0, 0, 0, 0, 0, 0, 0, 0, 0, 0, 0, -0.00038213674095864474, 0, 0, 0, 0, 0, 0.004257891234650052, 0, 0, 0, 0, 0, 0, 0.0013705132550077804, 0, 0, 0, -0.0016513728667552747, 0, 0.000300741636401179, 0, 0, 0, 0, -0.0020828978517353778, 0, 0, 0, 0, 0, 0, -0.00011207220931574927, 0, 0, 0, 0, 0, 0, 0, 0, 0, 0.002330360419754242, 0, 0, 0, 0, 0, -0.0009510073475102415, 0, 0, 0, 0, 0, -0.001513463446919689, -0.0014260464647611983, 0, 0, 0, -0.0017747061816528308, 0, 0.003501628217565922, 0, -0.002216798759750302, 0, 0, 0, 0, -0.0014653984730390406, 0, 0, 0.0010572354696729471, 0, -0.0014299688535239373, 0, 0, 0, -0.00179283512536664, 0, 0, 0, 0, -0.002306253188737704, 0, 0, 0, 0, 0, 0, 0, -0.002244297502284026, 0, 0.0034654915259652985, 0, -0.001858508152796431, 0, 0, 0, 0.002858908464690238, 0, 0, 0, 0, 0, -0.002527871223820836, 0, -0.0021468332902049862, 0, 0, 0, 0, 0, 0, -0.0016311785584658008, 0, 0.0033615818989833767, -0.002013820232632757, 0, 0, 0, 0, 0, 0, 0, 0, 0, -0.001985139303160986, 0.0011554579629878524, 0, 0, -0.0020950997367406377, -0.0024793704167536145, 0, 0, 0.005761326066344613, 0, 0, 0, 0.004993770354621885, 0, 0, 0, 0, 0, 0.002150207878013915, 0, 0, -0.0016649994912075327, 0, 0, 0, 0, 0, 0, -0.003306403622778808, 0, 0, 0, -0.0014270059607283613, 0, 0.0020918154158573927, 0, -0.0015938992860779267, 0, 0, 0, 0.0005472610893544942, 0, 0, 0, 0.002251594734264223, 0, -0.0019412984123651639, 0, 0, 0, 0.004913029611686007, 0, 0, 0, -0.002205922743833107, 0.0033251660052105647, 0, 0, 0.001420355629378831, 0, 0, 0, 0, 0, 0, 0, 0, -0.001964522058611414, 0, 0, 0, 0, 0, 0, 0, 0, 0, 0, 0.003929918177864142, 0, -0.002609146082345951, 0, 0, 0, 0, -0.002422353879670676, 0, 0, 0, 0, 0, 0, 0, 0, 0, 0, 0, 0, 0, 0, 0, 0, 0.0006130356838571614, 0, 0, 0, 0, -0.0018948585521188167, 0, 0, -0.0039097931218238955, 0, 0, 0.003517134274460067, 0, -0.0020899006679294743, 0, 0, 0, 0, 0, 0.003576100592709489, 0, 0, 0, 0, 0, -0.002865008774539957, 0, 0, 0, 0, 0, 0, 0, 0, -0.0022036688828451093, 0, 0, -0.0018286415931174035, 0, 0, -0.0022071486493439015, 0, 0, 0, 0, 0, 0, -0.0020339498151018378, 0, 0, 0, 0, 0, 0.0006238671837585538, 0, 0, 0.0013846005533254529, 0, 0, 0.003654655567669822, 0, 0, 0, 0, 0, 0.003540794709017862, 0, 0, 0, 0, 0.00035155947480002963, 0, 0, 0, 0, 0, 0, 0, -0.002227141722921375, 0, 0, 0, 0, 0, 0, 0, 0.0022542104654427464, 0, 0, 0, 0, 0, 0, 0, 0, 0, -0.002150258688990024, 0.0011274693297047664, 0, 0, -0.002392021400804568, 0, 0.003594882621069938, -0.001796148865166429, 0, 0, 0, 0.0009247314498220407, 0, -0.0020929629863647024, -0.0020941808822032863, 0, 0, 0, 0, -0.001257050798414284, 0, 0, 0, -0.004131291618458094, 0, 0, 0, 0, 0, 0, 0, 0, 0, 0, 0, 0, 0, 0.0044900630407006745, -0.002485780684447931, 0, 0, 0, 0, 0, 0, 0, 0, -0.0005170677606271361, 0, -0.0027815020940529524, 0, 0, 0, 0, 0, -0.0011270367776321864, 0, 0, 0, 0, 0, 0.0030915895701316763, 0, 0, 0, 0, 0, 0, 0, 0, 0, 0, 0, 0, 0, 0, 0, 0, 0, 0, 0, 0, 0, 0, 0, 0, 0, 0, 0, 0, 0, 0, -0.002350251483368681, 0, 0, 0, 0, 0.0031096800063832937, 0.0025302832868713074, 0, 0, -0.0014471842271874934, 0, 0, 0, 0, 0, 0, 0, 0, 0, 0, 0, 0, -0.001949757887528504, 0, 0, 0, 0, 0, -0.001963745467741977, 0, 0, 0, 0, 0, -0.001719376721425747, -0.0018811667368200666, 0, 0, 0.002968692224290396, 0, 0.0030491436426868385, -0.0007399656395854769, 0.00028284556300413425, 0, 0, 0, 0, 0, 0, 0, 0, 0, 0, 0, -0.0025301663187205017, 0, 0, 0, 0, 0.004941947485983423, -0.0023907080678352184, 0, 0, 0, 0, -0.0005643440831127568, 0.006061943461468442, 0, 0.00038779863244518993, -0.003972051132224076, 0, 0, 0, 0, 0, 0, 0.0008598190357427945, 0.004634713716825862, 0, 0, 0, 0, 0, -0.0019446646905883608, 0, 0, 0, 0, -0.002320686085657981, 0, 0, 0, 0, 0, 0.0024837320238540192, 0, 0, 0, 0, 0, -0.0020185042705140465, 0, -0.002278740223175438, 0, 0, 0, 0, 0, -0.003180621914279598, 0, -0.002891871036423411, 0, 0, -0.0011727710740838647, 0, 0, 0, 0, 0, 0, 0, 0, 0.0010599817776433585, 0.0034451110720608836, 0, 0, 0, -0.0025118644411741852, 0.003933897844000839, 0, 0, 0, 0, 0, 0, 0, 0, -0.001569531398747171, 0, 0, 0, 0, 0.0001038394490157697, 0, 0, 0, 0, 0, 0.0036214014615953767, 0, 0, 0, -0.0022284693915592415, 0, 0, 0, -0.0033336686871247973, 0, 0, 0, 0, 0, 0.0023220989722541325, 0, 0, 0.0032092640853539182, 0, 0, 0, 0, 0, 0, 0, 0, 0, 0, 0, 0, 0, 0, 0, 0, 0, 0, 0, -0.0020047230603392097, 0, 0, 0, 0, 0, 0, -0.002254741156992048, 0, 0.0009647724696608507, 0, 0, 0, 0, 0, 0, 0, -0.0008436076387931122, 0, 0.002714824982116693, 0, 0, 0, 0, 0.0024869932637307454, 0, 0, 0, 0, 0, 0, 0, 0, 0, 0, 0, 0.0008250456794649731, 0, 0, 0, 0, 0, 0, 0, 0, 0.0003933640828223566, -0.0012409682912906297, 0, 0, 0, 0, 0, 0, 0.003977360740176983, 0, 0, 0, 0, 0, 0, -0.002581059463962899, 0, 0, 0, 0.0046785587134428284, 0, -0.002633481107582066, 0.006086857592958318, 0, 0, 0.0009757931994823419, -0.0023846960947481875, 0, 0.003050802276382679, 0, 0.0016987940736564366, 0, 0, -0.0019541037282904444, 0, 0, 0, -0.0016210857405567953, 0, 0, 0, 0, 0, 0, 0, 0, 0, 0, 0, 0, 0, 0, 0, 0, -0.0017179108378858837, 0, 0, 0.002019697536147998, 0, 0, 0.004210164515245211, -0.0023600173900567255, 0, 0, 0, 0, 0, 0.004086556908196493, 0, 0, 0, 0, -0.0021027557758039176, 0, 0, 0, 0.003929490694280579, 0, 0, -0.0021988143388211785, 0, 0, 0, 0, 0, 0, -0.001966704007339948, 0, 0, 0, 0, 0, 0.0008082815806613559, 0, 0, 0, 0, 0, 0, 0, 0, 0, 0, 0, 0, -0.005362667702891699, 0, 0, 0, -0.0026358907019206125, 0, 0, 0.002247105745073891, 0, 0, 0, 0, 0, -0.002272621877034773, 0, 0, 0.0033425422530467684, 0, 0, 0, 0, 0, 0, 0, 0, 0, 0, 0.00235452795063287, 0, 0.0032172115359333257, 0, 0, 0, 0, 0.006648282076338167, 0.0013145606762977873, -0.003998910739420082, 0.004577129451174134, 0, 0, 0, 0, 0, 0, 0, 0, 0, -0.0026481908246076945, 0, 0, 0, 0, 0, 0.0013146491865169002, 0, 0, 0, 0, -0.0016100211593870085, 0, 0, 0, 0, 0, 0, 0.0034214438240220348, 0, 0, 0, -0.0015987088217760204, 0, 0, 0, 0.0040921220546962555, 0, 0, 0, 0.0031203624191637794, 0, 0.002586752068730123, 0, 0, 0, 0, 0, 0, 0, -0.002060896457298696, 0.0011449936926350363, 0, 0, 0, 0, 0, 0, 0, 0, -0.00201601572072883, 0, -0.0029312934153527567, 0, 0, 0, 0, 0, 0, 0, 0, 0, 0, 0, 0.0012252603232658231, 0, 0, 0, 0, 0, 0, 0]
Start Date: 2022-02-03
End Date: 2025-07-15
Sharpe Ratio: 0.035
Annualized Sharpe: 0.554
Sharpe 95% CI: (np.float64(-0.407), np.float64(1.458))
Sortino Ratio: 0.052
CAGR: 0.011
Calmar Ratio: 0.441
Daily Win Rate (%): 0.426
Max Drawdown: 0.025
Profit Factor: 1.172
Expectancy: 0.000189
Average Win: 0.003027
Average Loss: 0.00192
Total Trades: 251
Total Days: 1079

Rolling 10 - Variant 0 - atr_0.25_2 - Test Metrics
Contracts: [10, 11, 6, 10, 10, 7, 6, 6, 6, 6, 6, 6, 7, 10, 8, 8, 8, 8, 8, 7, 7, 7, 7, 7, 7, 7, 7, 7, 8, 5, 7, 7, 7, 7, 5, 7, 6, 6, 6, 6, 6, 6, 6, 6, 6, 6, 5, 7, 7, 7, 8, 7, 6, 5, 6, 5, 6, 6, 6, 6, 5, 9, 5, 10, 5, 5, 6, 6, 6, 6, 6, 7, 8, 7, 6, 7, 7, 7, 7, 8, 8, 8, 8, 9, 9, 9, 9, 10, 11, 11, 8, 10, 7, 7, 7, 7, 7, 8, 9, 9, 10, 10, 9, 9, 10, 11, 11, 12, 11, 11, 11, 11, 11, 10, 10, 10, 10, 10, 10, 10, 10, 10, 10, 11, 11, 11, 11, 9, 10, 10, 10, 10, 10, 10, 10, 10, 10, 10, 10, 10, 10, 11, 12, 10, 10, 9, 11, 9, 12, 10, 10, 10, 10, 12, 12, 14, 13, 13, 13, 15, 14, 13, 14, 12, 12, 12, 12, 12, 12, 12, 12, 12, 12, 12, 15, 13, 14, 14, 15, 13, 13, 12, 13, 13, 13, 12, 16, 17, 15, 12, 14, 15, 12, 12, 13, 11, 11, 11, 11, 7, 9, 14, 14, 14, 12, 8, 10, 8, 8, 8, 8, 8, 8, 8, 8, 8, 8, 9, 8, 9, 9, 7, 8, 8, 8, 8, 8, 9, 9, 9, 9, 7, 7, 6, 5, 5, 5, 7, 6, 6, 8, 8, 8, 8, 8, 8, 8, 9, 9, 10, 9, 9, 9, 10, 9, 8, 8, 8, 8, 8, 8, 8, 7, 8, 9, 11, 9, 9, 9, 11, 11, 11, 11, 13, 12, 12]
Trade Returns: [-0.0021923197960693227, -0.0026692581311666564, 0.0015995603897910708, -0.0018547359383948461, 6.301528322341807e-05, -0.0008975269884846941, 0.00285113135287894, -0.0021899809426408866, -0.0019545944932201683, 0.001697783961864368, -0.001666796484716219, -0.0020407199656573382, 0.00028716761525839405, -0.00187470077279524, -0.002246914750188776, 0.0010396829555592375, -0.0018240757202954907, -0.002034601239903238, 0.003940377261384171, -0.002096921359842264, 0.003668065136394687, 0.004065785238533558, 0.003536720032239331, -0.0029929753243706165, 0.004991169152377847]
Daily Returns: [0, 0, 0, 0, -0.0021923197960693227, 0, 0, 0, 0, 0, 0, -0.0026692581311666564, 0, 0, 0, 0, 0.0015995603897910708, 0, 0, 0, 0, 0, 0, -0.0018547359383948461, 0, 6.301528322341807e-05, -0.0008975269884846941, 0, 0, 0.00285113135287894, 0, 0, -0.0021899809426408866, 0, -0.0019545944932201683, 0, 0, 0, 0.001697783961864368, 0, 0, -0.001666796484716219, 0, 0, -0.0020407199656573382, 0, 0, 0, 0, 0.00028716761525839405, -0.00187470077279524, -0.002246914750188776, 0.0010396829555592375, 0, 0, 0, 0, 0, 0, 0, -0.0018240757202954907, 0, 0, 0, 0, -0.002034601239903238, 0, 0, 0.0018434559015419075, 0, 0, 0, 0.003668065136394687, 0, 0, 0, 0, 0, 0.004065785238533558, 0, 0, 0, 0, 0, 0, 0, 0, 0, 0, 0.003536720032239331, -0.0029929753243706165, 0.004991169152377847, 0, 0, 0, 0, 0, 0]
Start Date: 2025-07-16
End Date: 2025-11-06
Sharpe Ratio: -0.007
Annualized Sharpe: -0.106
Sharpe 95% CI: (np.float64(-3.643), np.float64(2.817))
Sortino Ratio: -0.016
CAGR: -0.002
Calmar Ratio: -0.141
Daily Win Rate (%): 0.44
Max Drawdown: 0.016
Profit Factor: 0.972
Expectancy: -3.2e-05
Average Win: 0.002522
Average Loss: 0.002038
Total Trades: 25
Total Days: 98



Rolling 10 - Variant 1 - atr_0.25_3 - Fit Metrics
Contracts: [10, 11, 6, 10, 10, 7, 6, 6, 6, 6, 6, 6, 7, 10, 8, 8, 8, 8, 8, 7, 7, 7, 7, 7, 7, 7, 7, 7, 8, 5, 7, 7, 7, 7, 5, 7, 6, 6, 6, 6, 6, 6, 6, 6, 6, 6, 5, 7, 7, 7, 8, 7, 6, 5, 6, 5, 6, 6, 6, 6, 5, 9, 5, 10, 5, 5, 6, 6, 6, 6, 6, 7, 8, 7, 6, 7, 7, 7, 7, 8, 8, 8, 8, 9, 9, 9, 9, 10, 11, 11, 8, 10, 7, 7, 7, 7, 7, 8, 9, 9, 10, 10, 9, 9, 9, 11, 11, 12, 11, 11, 11, 11, 10, 10, 10, 10, 10, 10, 10, 10, 10, 10, 10, 11, 11, 11, 11, 9, 10, 10, 10, 10, 10, 10, 10, 10, 10, 10, 11, 11, 10, 11, 12, 10, 10, 9, 11, 9, 12, 10, 10, 10, 10, 12, 12, 14, 13, 13, 13, 15, 14, 13, 14, 12, 12, 12, 12, 12, 12, 12, 12, 12, 12, 12, 15, 13, 15, 14, 15, 13, 13, 12, 13, 13, 13, 12, 16, 17, 15, 12, 14, 15, 12, 12, 13, 11, 11, 11, 11, 7, 9, 14, 14, 14, 12, 8, 10, 8, 8, 8, 8, 8, 8, 8, 8, 8, 8, 9, 8, 9, 9, 7, 8, 8, 8, 8, 8, 9, 9, 9, 9, 7, 7, 6, 5, 5, 5, 7, 6, 6, 8, 8, 8, 8, 8, 8, 8, 9, 9, 10, 9, 9, 9, 10, 9, 8, 8, 8, 8, 8, 8, 8, 7, 8, 9, 11, 9, 9, 9, 11, 11, 11, 11, 13, 12, 12]
Trade Returns: [-0.0028620588589212347, 0.0013944999999999663, -0.0025974086823431983, -0.0023543001309382673, 0.004221442148990723, 0.005735619200856212, 0.0003091903023161377, 0.0025042836823030547, -0.0013244238785817116, -0.0004718231442639015, -0.0015491426947412982, -0.0016364530499203285, -0.0021760848533625733, -0.0021808305256371635, -0.00223562433966962, 0.006333219332844941, -0.0030237155499185852, -0.00287241623343708, -0.0031438156189503214, 0.0016414460914824659, -0.00024981896031049097, 0.0004090885128366756, 0.005161012394665406, 0.0047406009943392205, 0.0009283827948084684, 0.005536480878817857, 0.00018564649954256408, 0.003069658137843414, -0.002132297596884865, -0.000803685550950649, -0.0018306602391556831, -0.0025798736095899856, 0.0024241265320411893, 0.006231977428742806, 0.0037647769482256877, -0.0001718574357521453, 0.0038612971834880625, 0.004942173299816706, -0.0016605147275822517, -0.0002798824784831851, -2.5053727135204633e-05, -0.001711207316459624, -0.0023237115946225986, -0.002201355897389471, 0.0023182134414914137, 0.0071693878352553425, 0.004072207374332431, -0.0018656384207360673, -0.0003805367862464266, 0.0064224862358736624, 0.005951883183635358, -0.002565779169667935, -0.001648008840810447, 0.0002988780423210522, -0.002070017556826208, -0.00011191916260972177, -0.0012787429592451016, -0.0009485364042573636, -0.0015048901090575061, -0.001417956144074621, -0.0017734949592014995, 0.005296168446944976, -0.0022042044439879293, -0.0014570547021002108, 0.0010512069370477333, -0.0014218234955592267, -0.0017826082755386414, -0.002293074160813064, -0.0022313897005927044, 0.003699719961640213, -0.0018477952665853254, 0.0012374753746114099, -0.0025167556014762545, -0.002134512397324237, -0.0016240031600764414, 0.005085051680546037, -0.0020022858565650952, -0.0019680772285062885, 0.0011455073332345632, -0.0020770776980916696, -0.0024579984922707358, -0.003097387154266324, 0.007509430746216773, 0.0021407290711027904, -0.0016755654514132108, -0.0018956967315739098, -0.00143178313758048, -0.0014361397701094767, 0.0032152135054385107, -0.0016040849613909586, 0.0005501522207777056, 0.0022635064137795278, -0.001951548479275691, 0.007490079434979582, -0.0022118941545463846, 0.003334187150009179, 0.004298706374882394, -0.0021958482282895416, -0.0019770096901054247, -0.002232489481451893, -0.002609587641540755, -0.002422764899654132, 0.0006148398837661708, -0.0017276852063124008, -0.002688155251656709, -0.0012331472830690007, 0.005375210655767139, -0.0020930949587626493, 0.005460382456041237, -0.0028676209752643757, -0.0022021031285326207, -0.0017858787664067689, -4.1460617041985316e-05, -0.002213295253972976, -0.0020324971730382477, 0.000623420711864281, 0.006619936599784077, -0.0029699645263098476, 0.000879719589380768, 0.005384448381554369, 0.0003498746506046017, -0.002227516574130387, 0.0022433627199099134, -0.0021399390628246964, -0.0019642551708801046, 0.003086287874150964, -0.0023805378815986386, 0.003456893636536434, -0.0017874932120053653, 0.0009203937323207979, -0.002083154372308498, -0.002084148176978485, -0.0012517343248591105, -0.0017784691246399776, -0.002568300196229027, -0.002481352291138049, -0.0024752104220861566, -0.0005184657377085361, -0.0027890013649594916, -0.0011262327572127276, 0.004722675829818866, -0.0023566090680279487, 0.004454821120376422, 0.00020313268877462628, 0.0038822840840039142, -0.001446927873064404, -0.0019514092658305217, -0.001969070076258672, -0.0017208354091218677, -0.0018827654352967572, 0.004563854937313149, 0.004693270320614119, -0.0007382096570776694, 0.0002830855919250295, -0.0025241582701747175, 0.003913393845888882, -0.0023805662826907885, -0.0005629975018085537, 0.0025873786158784862, 0.0014113758707639547, 0.0003876689173162566, -0.0018010281209297583, -0.0021696936016694533, 0.005076556303031855, -0.002454917274796974, 0.006378272031198172, -0.001937242011381006, -0.0023151615170006693, 0.003817508811823905, -0.0021515258394547545, -0.002267286383844244, -0.0031645985353513967, -0.0028808114971797714, -0.0011668348460843175, 0.0010524760408687044, 0.0027889092376795033, -0.0024957286945695395, 0.005969614813305884, -0.0015615992908788014, 0.00010359284978046929, 0.005592526046395757, -0.0022360878288061213, -0.003345090995082147, 0.0023300753910723633, 0.004952958927867146, -0.002008099702933532, -0.002258546557608393, 0.0009663990484685013, -0.0008450310999149974, -0.0023047806657818214, 0.0032203397061111136, 0.002491200145284402, 0.0008278820607646155, 0.0018044584580484042, -0.001410405561143794, -0.0012431265677826544, -0.00375435937284592, -0.004131586100122258, -0.0028258319633292744, 0.005777893113633235, -0.0026208365963812778, 0.009187079162238484, 0.0009748781222365129, -0.002382461957589896, 0.004643978746824902, 0.0016971987329261924, -0.0019522717350368827, -0.001619562982409272, -0.0017148121512373222, 0.002014439310552678, 0.006368526333922816, -0.0023507007981018783, -0.002253091894096083, -0.0020944352110572073, 0.004794832750805097, -0.002204011200232738, -0.0019713625472868607, 0.004521547344906523, -0.0021607329433589455, -0.0016311337769370337, -0.0018697255391952967, -0.0018662361897291895, -0.0026334106756469478, 0.002251033493747238, -0.002274505053024985, 0.005104885865370696, 0.0023503355375788055, -0.0018779384293747614, 0.007727585500899941, 0.0014053182046756402, 0.0013190913705002397, -0.004012848360470142, 0.004593459505335143, -0.002657305913195636, 0.0037215820127881848, -0.0016176939219929725, -0.0016143073187945454, 0.0035310938738246206, -0.0015994210855390597, 0.00621121843444991, 0.004746872198763708, 0.0025837170074437615, -0.00017499249117099828, -0.001883491741594881, 0.004579348219796925, -0.0018311136539038066, -3.2622965106999086e-05, -0.002010503230395354, -0.002923262089470998, 0.004702071231118249, -0.0018645927436361299]
Daily Returns: [-0.0028620588589212347, 0.0013944999999999663, 0, 0, 0, 0, 0, 0, 0, 0, 0, 0, -0.0025974086823431983, 0, 0, -0.0023543001309382673, 0, 0, 0, 0, 0, 0, 0, 0, 0, 0, 0, 0, 0, 0, 0, 0.004221442148990723, 0, 0, 0.005735619200856212, 0, 0, 0, 0, 0, 0.0003091903023161377, 0, 0, 0.0007080366594574416, 0, 0, -0.0015491426947412982, 0, 0, 0, 0, -0.0016364530499203285, 0, 0, 0, 0, 0, 0, 0, 0, -0.0021760848533625733, 0, 0, 0, 0, 0, -0.0021808305256371635, 0.004097594993175321, 0, 0, 0, 0, 0, 0, 0, 0, 0, 0, -0.0030237155499185852, -0.0060162318523874015, 0, 0.0016414460914824659, 0.0001592695525261846, 0, 0, 0, 0, 0, 0, 0, 0, 0, 0, 0, 0, 0, 0, 0, 0, 0, 0, 0.005161012394665406, 0, 0, 0, 0, 0.0047406009943392205, 0.0009283827948084684, 0.005536480878817857, 0, 0, 0, 0, 0, 0, 0, 0, 0, 0, 0, 0.00018564649954256408, 0.00013367499000790017, 0, 0, 0, 0, 0, 0, 0, 0, -0.0018306602391556831, 0, 0, 0, 0, 0, 0, 0, 0, 0, 0, 0, 0, 0, 0, -0.0025798736095899856, 0, 0.0024241265320411893, 0, 0, 0.009824896941216348, 0.0038612971834880625, 0, 0, 0, 0.004942173299816706, 0, -0.0019403972060654368, 0, 0, -2.5053727135204633e-05, 0, 0, 0, 0, 0, 0, 0, 0, -0.001711207316459624, 0, 0, 0, 0, 0, -0.0023237115946225986, 0, -0.002201355897389471, 0.0023182134414914137, 0, 0, 0.0071693878352553425, 0, 0, 0, 0, 0.004072207374332431, 0, 0, 0, 0, 0, 0, 0, 0, -0.0018656384207360673, 0, 0, 0, 0, 0, 0, 0, 0, 0, 0, 0, 0, 0, 0, -0.0003805367862464266, 0, 0, 0, 0, 0, 0.0064224862358736624, 0, 0, 0, 0, 0, 0, 0.0033861040139674227, 0, 0, 0, -0.001648008840810447, 0, 0.0002988780423210522, 0, 0, 0, 0, -0.002070017556826208, 0, 0, 0, 0, 0, 0, -0.00011191916260972177, 0, 0, 0, 0, 0, 0, 0, 0, 0, -0.0012787429592451016, 0, 0, 0, 0, 0, -0.0009485364042573636, 0, 0, 0, 0, 0, -0.0015048901090575061, -0.001417956144074621, 0, 0, 0, -0.0017734949592014995, 0, 0.005296168446944976, 0, -0.0022042044439879293, 0, 0, 0, 0, -0.0014570547021002108, 0, 0, 0.0010512069370477333, 0, -0.0014218234955592267, 0, 0, 0, -0.0017826082755386414, 0, 0, 0, 0, -0.002293074160813064, 0, 0, 0, 0, 0, 0, 0, -0.0022313897005927044, 0, 0.003699719961640213, 0, -0.0018477952665853254, 0, 0, 0, 0.0012374753746114099, 0, 0, 0, 0, 0, -0.0025167556014762545, 0, -0.002134512397324237, 0, 0, 0, 0, 0, 0, -0.0016240031600764414, 0, 0.005085051680546037, -0.0020022858565650952, 0, 0, 0, 0, 0, 0, 0, 0, 0, -0.0019680772285062885, 0.0011455073332345632, 0, 0, -0.0020770776980916696, -0.0024579984922707358, 0, 0, -0.003097387154266324, 0, 0, 0, 0.007509430746216773, 0, 0, 0, 0, 0, 0.0021407290711027904, 0, 0, -0.0016755654514132108, 0, 0, 0, 0, 0, 0, -0.00332747986915439, 0, 0, 0, -0.0014361397701094767, 0, 0.0032152135054385107, 0, -0.0016040849613909586, 0, 0, 0, 0.0005501522207777056, 0, 0, 0, 0.0022635064137795278, 0, -0.001951548479275691, 0, 0, 0, 0.007490079434979582, 0, 0, 0, -0.0022118941545463846, 0.003334187150009179, 0, 0, 0.002102858146592852, 0, 0, 0, 0, 0, 0, 0, 0, -0.0019770096901054247, 0, 0, 0, 0, 0, 0, 0, 0, 0, 0, -0.002232489481451893, 0, -0.002609587641540755, 0, 0, 0, 0, -0.002422764899654132, 0, 0, 0, 0, 0, 0, 0, 0, 0, 0, 0, 0, 0, 0, 0, 0, 0.0006148398837661708, 0, 0, 0, 0, -0.0017276852063124008, 0, 0, -0.00392130253472571, 0, 0, 0.005375210655767139, 0, -0.0020930949587626493, 0, 0, 0, 0, 0, 0.005460382456041237, 0, 0, 0, 0, 0, -0.0028676209752643757, 0, 0, 0, 0, 0, 0, 0, 0, -0.0022021031285326207, 0, 0, -0.0018273393834487542, 0, 0, -0.002213295253972976, 0, 0, 0, 0, 0, 0, -0.0020324971730382477, 0, 0, 0, 0, 0, 0.000623420711864281, 0, 0, 0.0036499720734742298, 0, 0, 0.000879719589380768, 0, 0, 0, 0, 0, 0.005384448381554369, 0, 0, 0, 0, 0.0003498746506046017, 0, 0, 0, 0, 0, 0, 0, -0.002227516574130387, 0, 0, 0, 0, 0, 0, 0, 0.0022433627199099134, 0, 0, 0, 0, 0, 0, 0, 0, 0, -0.0021399390628246964, 0.0011220327032708593, 0, 0, -0.0023805378815986386, 0, 0.003456893636536434, -0.0017874932120053653, 0, 0, 0, 0.0009203937323207979, 0, -0.002083154372308498, -0.002084148176978485, 0, 0, 0, 0, -0.0012517343248591105, 0, 0, 0, -0.0043467693208690044, 0, 0, 0, 0, 0, 0, 0, 0, 0, 0, 0, 0, 0, -0.002481352291138049, -0.0024752104220861566, 0, 0, 0, 0, 0, 0, 0, 0, -0.0005184657377085361, 0, -0.0027890013649594916, 0, 0, 0, 0, 0, -0.0011262327572127276, 0, 0, 0, 0, 0, 0.004722675829818866, 0, 0, 0, 0, 0, 0, 0, 0, 0, 0, 0, 0, 0, 0, 0, 0, 0, 0, 0, 0, 0, 0, 0, 0, 0, 0, 0, 0, 0, 0, -0.0023566090680279487, 0, 0, 0, 0, 0.004657953809151048, 0.0038822840840039142, 0, 0, -0.001446927873064404, 0, 0, 0, 0, 0, 0, 0, 0, 0, 0, 0, 0, -0.0019514092658305217, 0, 0, 0, 0, 0, -0.001969070076258672, 0, 0, 0, 0, 0, -0.0017208354091218677, -0.0018827654352967572, 0, 0, 0.004563854937313149, 0, 0.004693270320614119, -0.0007382096570776694, 0.0002830855919250295, 0, 0, 0, 0, 0, 0, 0, 0, 0, 0, 0, -0.0025241582701747175, 0, 0, 0, 0, 0.003913393845888882, -0.0023805662826907885, 0, 0, 0, 0, -0.0005629975018085537, 0.003998754486642441, 0, 0.0003876689173162566, -0.003970721722599211, 0, 0, 0, 0, 0, 0, 0.0026216390282348813, 0.006378272031198172, 0, 0, 0, 0, 0, -0.001937242011381006, 0, 0, 0, 0, -0.0023151615170006693, 0, 0, 0, 0, 0, 0.003817508811823905, 0, 0, 0, 0, 0, -0.0021515258394547545, 0, -0.002267286383844244, 0, 0, 0, 0, 0, -0.0031645985353513967, 0, -0.0028808114971797714, 0, 0, -0.0011668348460843175, 0, 0, 0, 0, 0, 0, 0, 0, 0.0010524760408687044, 0.0027889092376795033, 0, 0, 0, -0.0024957286945695395, 0.005969614813305884, 0, 0, 0, 0, 0, 0, 0, 0, -0.0015615992908788014, 0, 0, 0, 0, 0.00010359284978046929, 0, 0, 0, 0, 0, 0.005592526046395757, 0, 0, 0, -0.0022360878288061213, 0, 0, 0, -0.003345090995082147, 0, 0, 0, 0, 0, 0.0023300753910723633, 0, 0, 0.004952958927867146, 0, 0, 0, 0, 0, 0, 0, 0, 0, 0, 0, 0, 0, 0, 0, 0, 0, 0, 0, -0.002008099702933532, 0, 0, 0, 0, 0, 0, -0.002258546557608393, 0, 0.0009663990484685013, 0, 0, 0, 0, 0, 0, 0, -0.0008450310999149974, 0, 0.0009155590403292922, 0, 0, 0, 0, 0.002491200145284402, 0, 0, 0, 0, 0, 0, 0, 0, 0, 0, 0, 0.0008278820607646155, 0, 0, 0, 0, 0, 0, 0, 0, 0.00039405289690461025, -0.0012431265677826544, 0, 0, 0, 0, 0, 0, -0.007885945472968179, 0, 0, 0, 0, 0, 0, -0.0028258319633292744, 0, 0, 0, 0.005777893113633235, 0, -0.0026208365963812778, 0.009187079162238484, 0, 0, 0.0009748781222365129, -0.002382461957589896, 0, 0.004643978746824902, 0, 0.0016971987329261924, 0, 0, -0.0019522717350368827, 0, 0, 0, -0.001619562982409272, 0, 0, 0, 0, 0, 0, 0, 0, 0, 0, 0, 0, 0, 0, 0, 0, -0.0017148121512373222, 0, 0, 0.002014439310552678, 0, 0, 0.006368526333922816, -0.0023507007981018783, 0, 0, 0, 0, 0, -0.002253091894096083, 0, 0, 0, 0, -0.0020944352110572073, 0, 0, 0, 0.004794832750805097, 0, 0, -0.002204011200232738, 0, 0, 0, 0, 0, 0, -0.0019713625472868607, 0, 0, 0, 0, 0, 0.002360814401547578, 0, 0, 0, 0, 0, 0, 0, 0, 0, 0, 0, 0, -0.00536709550586152, 0, 0, 0, -0.0026334106756469478, 0, 0, 0.002251033493747238, 0, 0, 0, 0, 0, -0.002274505053024985, 0, 0, 0.005104885865370696, 0, 0, 0, 0, 0, 0, 0, 0, 0, 0, 0.0023503355375788055, 0, 0.005849647071525179, 0, 0, 0, 0, 0.0014053182046756402, 0.0013190913705002397, -0.004012848360470142, 0.004593459505335143, 0, 0, 0, 0, 0, 0, 0, 0, 0, -0.002657305913195636, 0, 0, 0, 0, 0, 0.0021038880907952124, 0, 0, 0, 0, -0.0016143073187945454, 0, 0, 0, 0, 0, 0, 0.0035310938738246206, 0, 0, 0, -0.0015994210855390597, 0, 0, 0, 0.00621121843444991, 0, 0, 0, 0.004746872198763708, 0, 0.0025837170074437615, 0, 0, 0, 0, 0, 0, 0, -0.0020584842327658792, 0.0027156116007861194, 0, 0, 0, 0, 0, 0, 0, 0, -0.002010503230395354, 0, -0.002923262089470998, 0, 0, 0, 0, 0, 0, 0, 0, 0, 0, 0, 0.002837478487482119, 0, 0, 0, 0, 0, 0, 0]
Start Date: 2022-02-03
End Date: 2025-07-15
Sharpe Ratio: 0.034
Annualized Sharpe: 0.54
Sharpe 95% CI: (np.float64(-0.41), np.float64(1.417))
Sortino Ratio: 0.048
CAGR: 0.012
Calmar Ratio: 0.361
Daily Win Rate (%): 0.398
Max Drawdown: 0.033
Profit Factor: 1.177
Expectancy: 0.000207
Average Win: 0.003462
Average Loss: 0.001948
Total Trades: 251
Total Days: 1079

Rolling 10 - Variant 1 - atr_0.25_3 - Test Metrics
Contracts: [10, 11, 6, 10, 10, 7, 6, 6, 6, 6, 6, 6, 7, 10, 8, 8, 8, 8, 8, 7, 7, 7, 7, 7, 7, 7, 7, 7, 8, 5, 7, 7, 7, 7, 5, 7, 6, 6, 6, 6, 6, 6, 6, 6, 6, 6, 5, 7, 7, 7, 8, 7, 6, 5, 6, 5, 6, 6, 6, 6, 5, 9, 5, 10, 5, 5, 6, 6, 6, 6, 6, 7, 8, 7, 6, 7, 7, 7, 7, 8, 8, 8, 8, 9, 9, 9, 9, 10, 11, 11, 8, 10, 7, 7, 7, 7, 7, 8, 9, 9, 10, 10, 9, 9, 9, 11, 11, 12, 11, 11, 11, 11, 10, 10, 10, 10, 10, 10, 10, 10, 10, 10, 10, 11, 11, 11, 11, 9, 10, 10, 10, 10, 10, 10, 10, 10, 10, 10, 11, 11, 10, 11, 12, 10, 10, 9, 11, 9, 12, 10, 10, 10, 10, 12, 12, 14, 13, 13, 13, 15, 14, 13, 14, 12, 12, 12, 12, 12, 12, 12, 12, 12, 12, 12, 15, 13, 15, 14, 15, 13, 13, 12, 13, 13, 13, 12, 16, 17, 15, 12, 14, 15, 12, 12, 13, 11, 11, 11, 11, 7, 9, 14, 14, 14, 12, 8, 10, 8, 8, 8, 8, 8, 8, 8, 8, 8, 8, 9, 8, 9, 9, 7, 8, 8, 8, 8, 8, 9, 9, 9, 9, 7, 7, 6, 5, 5, 5, 7, 6, 6, 8, 8, 8, 8, 8, 8, 8, 9, 9, 10, 9, 9, 9, 10, 9, 8, 8, 8, 8, 8, 8, 8, 7, 8, 9, 11, 9, 9, 9, 11, 11, 11, 11, 13, 12, 12]
Trade Returns: [-0.002182781018182148, -0.0026619233029655204, 0.0015925698432137409, -0.0018466430884914737, 6.273981721287736e-05, -0.0008936037708854179, -0.0006072445112523491, -0.002187944887235214, -0.0019527732951532756, 0.0016961989524566924, -0.001665243039408432, -0.0020388148532126883, 0.00028720330495257543, -0.0018749336969941107, -0.002237117043546246, 0.0010351546149641392, -0.0018243027802530337, -0.002034854968841826, 0.004871072231703881, -0.002095241017154855, 0.002604571969671041, 0.0038637409555384718, 0.005406726408900534, -0.002985610372117001, 0.0075648183651998826]
Daily Returns: [0, 0, 0, 0, -0.002182781018182148, 0, 0, 0, 0, 0, 0, -0.0026619233029655204, 0, 0, 0, 0, 0.0015925698432137409, 0, 0, 0, 0, 0, 0, -0.0018466430884914737, 0, 6.273981721287736e-05, -0.0008936037708854179, 0, 0, -0.0006072445112523491, 0, 0, -0.002187944887235214, 0, -0.0019527732951532756, 0, 0, 0, 0.0016961989524566924, 0, 0, -0.001665243039408432, 0, 0, -0.0020388148532126883, 0, 0, 0, 0, 0.00028720330495257543, -0.0018749336969941107, -0.002237117043546246, 0.0010351546149641392, 0, 0, 0, 0, 0, 0, 0, -0.0018243027802530337, 0, 0, 0, 0, -0.002034854968841826, 0, 0, 0.0027758312145490256, 0, 0, 0, 0.002604571969671041, 0, 0, 0, 0, 0, 0.0038637409555384718, 0, 0, 0, 0, 0, 0, 0, 0, 0, 0, 0.005406726408900534, -0.002985610372117001, 0.0075648183651998826, 0, 0, 0, 0, 0, 0]
Start Date: 2025-07-16
End Date: 2025-11-06
Sharpe Ratio: -0.001
Annualized Sharpe: -0.012
Sharpe 95% CI: (np.float64(-3.94), np.float64(2.718))
Sortino Ratio: -0.002
CAGR: -0.0
Calmar Ratio: -0.026
Daily Win Rate (%): 0.4
Max Drawdown: 0.019
Profit Factor: 0.996
Expectancy: -4e-06
Average Win: 0.002898
Average Loss: 0.001939
Total Trades: 25
Total Days: 98



Rolling 10 - Variant 2 - atr_0.25_6 - Fit Metrics
Contracts: [10, 11, 6, 10, 10, 7, 6, 6, 6, 6, 6, 6, 7, 10, 8, 8, 8, 8, 8, 7, 7, 7, 7, 7, 7, 7, 7, 7, 8, 5, 7, 7, 7, 7, 5, 7, 6, 6, 6, 6, 6, 6, 6, 6, 6, 6, 5, 7, 7, 7, 8, 7, 6, 5, 5, 5, 6, 6, 6, 6, 5, 9, 5, 9, 5, 5, 6, 6, 6, 6, 6, 7, 8, 7, 6, 7, 7, 7, 7, 8, 8, 8, 8, 9, 9, 9, 9, 10, 11, 11, 7, 10, 7, 7, 7, 7, 7, 8, 9, 9, 10, 10, 9, 9, 9, 11, 11, 11, 11, 11, 11, 11, 10, 10, 10, 10, 10, 10, 10, 10, 10, 10, 10, 11, 11, 12, 11, 10, 10, 11, 10, 10, 10, 10, 10, 10, 10, 10, 11, 11, 10, 11, 12, 10, 10, 9, 11, 9, 12, 10, 10, 10, 10, 13, 12, 14, 13, 14, 13, 15, 14, 13, 14, 12, 12, 12, 12, 12, 12, 12, 12, 12, 12, 12, 15, 13, 15, 14, 15, 13, 14, 12, 13, 13, 13, 12, 16, 17, 15, 12, 14, 15, 12, 12, 13, 11, 11, 11, 11, 7, 9, 14, 14, 14, 12, 8, 10, 8, 8, 8, 8, 8, 8, 8, 8, 8, 9, 9, 8, 9, 9, 7, 8, 8, 8, 8, 8, 9, 9, 9, 9, 7, 7, 6, 5, 5, 5, 7, 6, 6, 8, 8, 8, 8, 8, 8, 8, 8, 9, 10, 9, 9, 9, 10, 9, 8, 8, 8, 8, 8, 8, 8, 7, 8, 9, 11, 9, 9, 9, 11, 11, 11, 11, 13, 12, 12]
Trade Returns: [-0.0028620588589212347, 0.0013944999999999663, -0.0025974086823431983, -0.0023543001309382673, 0.004221442148990723, 0.003079408576372763, 0.0003100090556062336, 0.002510916248678037, -0.001327922814374787, -0.00047307217124611934, -0.0015532407469505247, -0.0016407888046029856, -0.002181871974037282, -0.0021866429490049423, -0.0022415958589465977, 0.003635393079390315, -0.0030399599347226114, -0.0028878948433865848, -0.003160805786531552, 0.001650345110071621, -0.00025117110990235687, 0.00041130326801338933, 0.007312149593938783, 0.0039657202545010884, 0.0009321417035338353, -0.002031942365708676, 0.00018786966456134146, 0.003106411186027505, -0.0021577485566083056, -0.0008132990307356836, -0.0018405671350609045, -0.002610867715636113, 0.002453325757927158, 0.0028969765704821575, 0.0038226833668985752, -0.00017449072628438945, 0.003920472346831247, 0.0028297890350100887, -0.00168941421709165, -0.0002847617779565963, -2.54906228594257e-05, -0.0017317298313963261, -0.0023642389442605338, -0.002239840254080007, 0.0023588316935886644, 0.009622092028561863, 0.004133324419887369, -0.0018935232867805165, -0.0003854038380973737, 0.008618627450980458, 0.012154090672402477, -0.0025826844758499367, -0.001672687624362711, 0.00030085649994342705, -0.0020836917242002414, -0.00011387089816529625, -0.001287205199614264, -0.0009548088328568294, -0.0015106995006012765, -0.0014234382224945943, -0.0017947263170543454, 0.004982610155116955, -0.0022127384501160353, -0.001462708483052527, 0.0010552918899253707, -0.001427342826734363, -0.0017895380167341456, -0.002302004276401576, -0.002240135928500417, 0.003714281074785653, -0.0018550542062396934, 0.0012423277253562988, -0.002526611982024468, -0.002142860973535871, -0.0016303656867453276, 0.0052019565895092285, -0.0020101015219884276, -0.001979114145746409, 0.0011519440425021051, -0.002088735556259736, -0.0024718231921447595, -0.0031148511823321373, 0.005705502570277877, 0.0021491340534976608, -0.0014744493549575936, -0.0019061036067875273, -0.0014396582602840286, -0.0014440630232076905, 0.006581345192065552, -0.0016129205022459446, 0.000551341885338868, 0.00226840797255886, -0.0019557662369053563, 0.003975679593339291, -0.002224432534455179, 0.003353129514627602, 0.004323046801756419, -0.002208228189947568, -0.0019878413774582883, -0.002245144628154253, -0.002633307735818592, -0.002241107911709414, 0.0006203254547865483, -0.0017431511077710708, -0.0027121538290448186, -0.0012441425414731293, 0.0019486476422108704, -0.002098649692605881, 0.011182896035279272, -0.002877019367393588, -0.002203204014001348, -0.001786773542462715, -4.1481427173338624e-05, -0.0022331428393344787, -0.002033518527908365, 0.0006237346268044753, 0.013425822722333364, -0.00297145907896665, 0.0008875753704428272, 0.006052812642504537, 0.000347469400904757, -0.0022401152454444967, 0.002451231229595571, -0.0021252244562884066, -0.0019507198328052645, 0.003065000957633512, -0.002364689339593413, 0.003432983786195977, -0.001775151835036303, 0.000914049543204604, -0.002068808494176514, -0.0022998060668085107, -0.0012430497846725099, -0.0017661147381639603, -0.00255052676173623, -0.0024640011658223367, -0.0024579447870016376, -0.0005148212614217802, -0.0027694507974701174, -0.0011267980653419084, 0.007521388206536692, -0.0023400351092973857, 0.0037504808606803894, 0.00020183943984578565, 0.004101290668471673, -0.0014374042489009398, -0.001937971080022395, -0.0019551891855063394, -0.0017089653740426868, -0.0020135836017528587, 0.004374730661692204, -0.0018797608250284315, -0.0007381724183166796, 0.0002811323658583098, -0.0025240308589176835, 0.004211565538842832, -0.0023640000856270217, -0.0005629689455161321, 0.002587247305243816, 0.0014113044276413693, 0.00038764932137036955, -0.0018009371175707698, -0.0021695837723786442, 0.010349462313090767, -0.0024419814360698813, 0.006344580356061451, -0.0019270735151203455, -0.002315044359507316, 0.005841002096302615, -0.0021358727657491707, -0.0022507558060550557, -0.003141473688298286, -0.002865661051067465, -0.0012473657744842697, 0.0010454084810891512, 0.002770200784762765, -0.0024790331939044657, 0.005416083885843594, -0.0015501521686116695, 0.00010358762021043464, 0.000417933150952952, -0.0022325183860510494, -0.0033397393148732824, 0.002326338192023165, 0.010134805391438708, -0.0019946145598986613, -0.002243349257208765, 0.0009599030867074649, -0.0008393463394328185, -0.0022893122151769175, 0.0031986573815123644, 0.002474399676896573, 0.0008265531263513538, 0.0018003142730081375, -0.0014071721934219503, -0.00124027267277002, -0.003745729637764485, -0.00410387863152501, -0.0028063312086635582, 0.005764592040924597, -0.002602807066175548, 0.011960439071086128, 0.000972796795096231, -0.0023773804366106445, 0.004489026175450568, 0.0016935701741727122, -0.0019481048948768835, -0.0016160995135054983, -0.0017111469129040702, 0.0020277872945039343, 0.004933887511533626, -0.0023490164637621595, -0.00225147030386568, -0.002092930963746611, 0.004784535244346854, -0.0022024213547590593, -0.0019699373822043556, 0.009166685833332324, -0.002159167792722984, -0.0016224147520690869, -0.0018597497384847106, -0.001856297489713666, -0.002627769956538104, 0.0022458398353271247, -0.0022623272086633255, 0.000614674016286266, 0.002336054079321098, -0.0018665540152722232, 0.008447593359816267, 0.0013967829713237036, 0.0013110910126285758, -0.003985854478979612, 0.004593459505335143, -0.0026412103172080877, 0.003698943883608853, -0.0016078694223151096, -0.0016045237863777533, 0.003530968404024692, -0.0015993644535285277, 0.00013879847457695785, 0.004220949237531377, 0.0025849784537534067, -0.00017507770734802804, -0.001884409107078386, 0.0004429738692986705, -0.0018395817043785363, -3.2774109215918524e-05, -0.0017953940577449196, -0.0029361733077201656, 0.00959139307632552, -0.0018728745149118717]
Daily Returns: [-0.0028620588589212347, 0.0013944999999999663, 0, 0, 0, 0, 0, 0, 0, 0, 0, 0, -0.0025974086823431983, 0, 0, -0.0023543001309382673, 0, 0, 0, 0, 0, 0, 0, 0, 0, 0, 0, 0, 0, 0, 0, 0.004221442148990723, 0, 0, 0.003079408576372763, 0, 0, 0, 0, 0, 0.0003100090556062336, 0, 0, 0.0007099212630571307, 0, 0, -0.0015532407469505247, 0, 0, 0, 0, -0.0016407888046029856, 0, 0, 0, 0, 0, 0, 0, 0, -0.002181871974037282, 0, 0, 0, 0, 0, -0.0021866429490049423, 0.001393797220443717, 0, 0, 0, 0, 0, 0, 0, 0, 0, 0, -0.0030399599347226114, -0.006048700629918137, 0, 0.001650345110071621, 0.00016013215811103246, 0, 0, 0, 0, 0, 0, 0, 0, 0, 0, 0, 0, 0, 0, 0, 0, 0, 0, 0.007312149593938783, 0, 0, 0, 0, 0.0039657202545010884, 0.0009321417035338353, -0.002031942365708676, 0, 0, 0, 0, 0, 0, 0, 0, 0, 0, 0, 0.00018786966456134146, 0.00013536359868351574, 0, 0, 0, 0, 0, 0, 0, 0, -0.0018405671350609045, 0, 0, 0, 0, 0, 0, 0, 0, 0, 0, 0, 0, 0, 0, -0.002610867715636113, 0, 0.002453325757927158, 0, 0, 0.0065451692110963435, 0.003920472346831247, 0, 0, 0, 0.0028297890350100887, 0, -0.0019741759950482464, 0, 0, -2.54906228594257e-05, 0, 0, 0, 0, 0, 0, 0, 0, -0.0017317298313963261, 0, 0, 0, 0, 0, -0.0023642389442605338, 0, -0.002239840254080007, 0.0023588316935886644, 0, 0, 0.009622092028561863, 0, 0, 0, 0, 0.004133324419887369, 0, 0, 0, 0, 0, 0, 0, 0, -0.0018935232867805165, 0, 0, 0, 0, 0, 0, 0, 0, 0, 0, 0, 0, 0, 0, -0.0003854038380973737, 0, 0, 0, 0, 0, 0.008618627450980458, 0, 0, 0, 0, 0, 0, 0.00957140619655254, 0, 0, 0, -0.001672687624362711, 0, 0.00030085649994342705, 0, 0, 0, 0, -0.0020836917242002414, 0, 0, 0, 0, 0, 0, -0.00011387089816529625, 0, 0, 0, 0, 0, 0, 0, 0, 0, -0.001287205199614264, 0, 0, 0, 0, 0, -0.0009548088328568294, 0, 0, 0, 0, 0, -0.0015106995006012765, -0.0014234382224945943, 0, 0, 0, -0.0017947263170543454, 0, 0.004982610155116955, 0, -0.0022127384501160353, 0, 0, 0, 0, -0.001462708483052527, 0, 0, 0.0010552918899253707, 0, -0.001427342826734363, 0, 0, 0, -0.0017895380167341456, 0, 0, 0, 0, -0.002302004276401576, 0, 0, 0, 0, 0, 0, 0, -0.002240135928500417, 0, 0.003714281074785653, 0, -0.0018550542062396934, 0, 0, 0, 0.0012423277253562988, 0, 0, 0, 0, 0, -0.002526611982024468, 0, -0.002142860973535871, 0, 0, 0, 0, 0, 0, -0.0016303656867453276, 0, 0.0052019565895092285, -0.0020101015219884276, 0, 0, 0, 0, 0, 0, 0, 0, 0, -0.001979114145746409, 0.0011519440425021051, 0, 0, -0.002088735556259736, -0.0024718231921447595, 0, 0, -0.0031148511823321373, 0, 0, 0, 0.005705502570277877, 0, 0, 0, 0, 0, 0.0021491340534976608, 0, 0, -0.0014744493549575936, 0, 0, 0, 0, 0, 0, -0.003345761867071556, 0, 0, 0, -0.0014440630232076905, 0, 0.006581345192065552, 0, -0.0016129205022459446, 0, 0, 0, 0.000551341885338868, 0, 0, 0, 0.00226840797255886, 0, -0.0019557662369053563, 0, 0, 0, 0.003975679593339291, 0, 0, 0, -0.002224432534455179, 0.003353129514627602, 0, 0, 0.0021148186118088506, 0, 0, 0, 0, 0, 0, 0, 0, -0.0019878413774582883, 0, 0, 0, 0, 0, 0, 0, 0, 0, 0, -0.002245144628154253, 0, -0.002633307735818592, 0, 0, 0, 0, -0.002241107911709414, 0, 0, 0, 0, 0, 0, 0, 0, 0, 0, 0, 0, 0, 0, 0, 0, 0.0006203254547865483, 0, 0, 0, 0, -0.0017431511077710708, 0, 0, -0.003956296370517948, 0, 0, 0.0019486476422108704, 0, -0.002098649692605881, 0, 0, 0, 0, 0, 0.011182896035279272, 0, 0, 0, 0, 0, -0.002877019367393588, 0, 0, 0, 0, 0, 0, 0, 0, -0.002203204014001348, 0, 0, -0.0018282549696360536, 0, 0, -0.0022331428393344787, 0, 0, 0, 0, 0, 0, -0.002033518527908365, 0, 0, 0, 0, 0, 0.0006237346268044753, 0, 0, 0.010454363643366714, 0, 0, 0.0008875753704428272, 0, 0, 0, 0, 0, 0.006052812642504537, 0, 0, 0, 0, 0.000347469400904757, 0, 0, 0, 0, 0, 0, 0, -0.0022401152454444967, 0, 0, 0, 0, 0, 0, 0, 0.002451231229595571, 0, 0, 0, 0, 0, 0, 0, 0, 0, -0.0021252244562884066, 0.0011142811248282475, 0, 0, -0.002364689339593413, 0, 0.003432983786195977, -0.001775151835036303, 0, 0, 0, 0.000914049543204604, 0, -0.002068808494176514, -0.0022998060668085107, 0, 0, 0, 0, -0.0012430497846725099, 0, 0, 0, -0.00431664149990019, 0, 0, 0, 0, 0, 0, 0, 0, 0, 0, 0, 0, 0, -0.0024640011658223367, -0.0024579447870016376, 0, 0, 0, 0, 0, 0, 0, 0, -0.0005148212614217802, 0, -0.0027694507974701174, 0, 0, 0, 0, 0, -0.0011267980653419084, 0, 0, 0, 0, 0, 0.007521388206536692, 0, 0, 0, 0, 0, 0, 0, 0, 0, 0, 0, 0, 0, 0, 0, 0, 0, 0, 0, 0, 0, 0, 0, 0, 0, 0, 0, 0, 0, 0, -0.0023400351092973857, 0, 0, 0, 0, 0.003952320300526175, 0.004101290668471673, 0, 0, -0.0014374042489009398, 0, 0, 0, 0, 0, 0, 0, 0, 0, 0, 0, 0, -0.001937971080022395, 0, 0, 0, 0, 0, -0.0019551891855063394, 0, 0, 0, 0, 0, -0.0017089653740426868, -0.0020135836017528587, 0, 0, 0.004374730661692204, 0, -0.0018797608250284315, -0.0007381724183166796, 0.0002811323658583098, 0, 0, 0, 0, 0, 0, 0, 0, 0, 0, 0, -0.0025240308589176835, 0, 0, 0, 0, 0.004211565538842832, -0.0023640000856270217, 0, 0, 0, 0, -0.0005629689455161321, 0.003998551732885185, 0, 0.00038764932137036955, -0.0039705208899494145, 0, 0, 0, 0, 0, 0, 0.007907480877020886, 0.006344580356061451, 0, 0, 0, 0, 0, -0.0019270735151203455, 0, 0, 0, 0, -0.002315044359507316, 0, 0, 0, 0, 0, 0.005841002096302615, 0, 0, 0, 0, 0, -0.0021358727657491707, 0, -0.0022507558060550557, 0, 0, 0, 0, 0, -0.003141473688298286, 0, -0.002865661051067465, 0, 0, -0.0012473657744842697, 0, 0, 0, 0, 0, 0, 0, 0, 0.0010454084810891512, 0.002770200784762765, 0, 0, 0, -0.0024790331939044657, 0.005416083885843594, 0, 0, 0, 0, 0, 0, 0, 0, -0.0015501521686116695, 0, 0, 0, 0, 0.00010358762021043464, 0, 0, 0, 0, 0, 0.000417933150952952, 0, 0, 0, -0.0022325183860510494, 0, 0, 0, -0.0033397393148732824, 0, 0, 0, 0, 0, 0.002326338192023165, 0, 0, 0.010134805391438708, 0, 0, 0, 0, 0, 0, 0, 0, 0, 0, 0, 0, 0, 0, 0, 0, 0, 0, 0, -0.0019946145598986613, 0, 0, 0, 0, 0, 0, -0.002243349257208765, 0, 0.0009599030867074649, 0, 0, 0, 0, 0, 0, 0, -0.0008393463394328185, 0, 0.0009093451663354469, 0, 0, 0, 0, 0.002474399676896573, 0, 0, 0, 0, 0, 0, 0, 0, 0, 0, 0, 0.0008265531263513538, 0, 0, 0, 0, 0, 0, 0, 0, 0.0003931420795861872, -0.00124027267277002, 0, 0, 0, 0, 0, 0, -0.007849608269289494, 0, 0, 0, 0, 0, 0, -0.0028063312086635582, 0, 0, 0, 0.005764592040924597, 0, -0.002602807066175548, 0.011960439071086128, 0, 0, 0.000972796795096231, -0.0023773804366106445, 0, 0.004489026175450568, 0, 0.0016935701741727122, 0, 0, -0.0019481048948768835, 0, 0, 0, -0.0016160995135054983, 0, 0, 0, 0, 0, 0, 0, 0, 0, 0, 0, 0, 0, 0, 0, 0, -0.0017111469129040702, 0, 0, 0.0020277872945039343, 0, 0, 0.004933887511533626, -0.0023490164637621595, 0, 0, 0, 0, 0, -0.00225147030386568, 0, 0, 0, 0, -0.002092930963746611, 0, 0, 0, 0.004784535244346854, 0, 0, -0.0022024213547590593, 0, 0, 0, 0, 0, 0, -0.0019699373822043556, 0, 0, 0, 0, 0, 0.00700751804060934, 0, 0, 0, 0, 0, 0, 0, 0, 0, 0, 0, 0, -0.005338461980267464, 0, 0, 0, -0.002627769956538104, 0, 0, 0.0022458398353271247, 0, 0, 0, 0, 0, -0.0022623272086633255, 0, 0, 0.000614674016286266, 0, 0, 0, 0, 0, 0, 0, 0, 0, 0, 0.002336054079321098, 0, 0.006581039344544044, 0, 0, 0, 0, 0.0013967829713237036, 0.0013110910126285758, -0.003985854478979612, 0.004593459505335143, 0, 0, 0, 0, 0, 0, 0, 0, 0, -0.0026412103172080877, 0, 0, 0, 0, 0, 0.0020910744612937433, 0, 0, 0, 0, -0.0016045237863777533, 0, 0, 0, 0, 0, 0, 0.003530968404024692, 0, 0, 0, -0.0015993644535285277, 0, 0, 0, 0.00013879847457695785, 0, 0, 0, 0.004220949237531377, 0, 0.0025849784537534067, 0, 0, 0, 0, 0, 0, 0, -0.002059486814426414, -0.0014293819442957843, 0, 0, 0, 0, 0, 0, 0, 0, -0.0017953940577449196, 0, -0.0029361733077201656, 0, 0, 0, 0, 0, 0, 0, 0, 0, 0, 0, 0.007718518561413649, 0, 0, 0, 0, 0, 0, 0]
Start Date: 2022-02-03
End Date: 2025-07-15
Sharpe Ratio: 0.032
Annualized Sharpe: 0.504
Sharpe 95% CI: (np.float64(-0.432), np.float64(1.352))
Sortino Ratio: 0.05
CAGR: 0.012
Calmar Ratio: 0.471
Daily Win Rate (%): 0.39
Max Drawdown: 0.026
Profit Factor: 1.177
Expectancy: 0.00021
Average Win: 0.00358
Average Loss: 0.001948
Total Trades: 251
Total Days: 1079

Rolling 10 - Variant 2 - atr_0.25_6 - Test Metrics
Contracts: [10, 11, 6, 10, 10, 7, 6, 6, 6, 6, 6, 6, 7, 10, 8, 8, 8, 8, 8, 7, 7, 7, 7, 7, 7, 7, 7, 7, 8, 5, 7, 7, 7, 7, 5, 7, 6, 6, 6, 6, 6, 6, 6, 6, 6, 6, 5, 7, 7, 7, 8, 7, 6, 5, 5, 5, 6, 6, 6, 6, 5, 9, 5, 9, 5, 5, 6, 6, 6, 6, 6, 7, 8, 7, 6, 7, 7, 7, 7, 8, 8, 8, 8, 9, 9, 9, 9, 10, 11, 11, 7, 10, 7, 7, 7, 7, 7, 8, 9, 9, 10, 10, 9, 9, 9, 11, 11, 11, 11, 11, 11, 11, 10, 10, 10, 10, 10, 10, 10, 10, 10, 10, 10, 11, 11, 12, 11, 10, 10, 11, 10, 10, 10, 10, 10, 10, 10, 10, 11, 11, 10, 11, 12, 10, 10, 9, 11, 9, 12, 10, 10, 10, 10, 13, 12, 14, 13, 14, 13, 15, 14, 13, 14, 12, 12, 12, 12, 12, 12, 12, 12, 12, 12, 12, 15, 13, 15, 14, 15, 13, 14, 12, 13, 13, 13, 12, 16, 17, 15, 12, 14, 15, 12, 12, 13, 11, 11, 11, 11, 7, 9, 14, 14, 14, 12, 8, 10, 8, 8, 8, 8, 8, 8, 8, 8, 8, 9, 9, 8, 9, 9, 7, 8, 8, 8, 8, 8, 9, 9, 9, 9, 7, 7, 6, 5, 5, 5, 7, 6, 6, 8, 8, 8, 8, 8, 8, 8, 8, 9, 10, 9, 9, 9, 10, 9, 8, 8, 8, 8, 8, 8, 8, 7, 8, 9, 11, 9, 9, 9, 11, 11, 11, 11, 13, 12, 12]
Trade Returns: [-0.0021818772117911966, -0.0026737148841581688, 0.001591907497711346, -0.0018458762952755108, 6.271371718683091e-05, -0.0008932320512957552, -0.0006069916850080041, -0.002187033383134521, -0.001951957981091703, 0.0016954893772229392, -0.0016645475931624566, -0.0020379619745779405, 0.00028708322910788597, -0.0018741500373711019, -0.0022361887131761254, 0.0010347255534061113, -0.001823538850942937, -0.0020340013138387485, 0.004869024572141819, -0.0020943645054654113, 0.002603480198084884, 0.0038621212269367446, 0.0024414923764902513, -0.002993191365601199, 0.009024392187732344]
Daily Returns: [0, 0, 0, 0, -0.0021818772117911966, 0, 0, 0, 0, 0, 0, -0.0026737148841581688, 0, 0, 0, 0, 0.001591907497711346, 0, 0, 0, 0, 0, 0, -0.0018458762952755108, 0, 6.271371718683091e-05, -0.0008932320512957552, 0, 0, -0.0006069916850080041, 0, 0, -0.002187033383134521, 0, -0.001951957981091703, 0, 0, 0, 0.0016954893772229392, 0, 0, -0.0016645475931624566, 0, 0, -0.0020379619745779405, 0, 0, 0, 0, 0.00028708322910788597, -0.0018741500373711019, -0.0022361887131761254, 0.0010347255534061113, 0, 0, 0, 0, 0, 0, 0, -0.001823538850942937, 0, 0, 0, 0, -0.0020340013138387485, 0, 0, 0.0027746600666764074, 0, 0, 0, 0.002603480198084884, 0, 0, 0, 0, 0, 0.0038621212269367446, 0, 0, 0, 0, 0, 0, 0, 0, 0, 0, 0.0024414923764902513, -0.002993191365601199, 0.009024392187732344, 0, 0, 0, 0, 0, 0]
Start Date: 2025-07-16
End Date: 2025-11-06
Sharpe Ratio: -0.012
Annualized Sharpe: -0.193
Sharpe 95% CI: (np.float64(-4.283), np.float64(2.472))
Sortino Ratio: -0.027
CAGR: -0.004
Calmar Ratio: -0.23
Daily Win Rate (%): 0.4
Max Drawdown: 0.019
Profit Factor: 0.944
Expectancy: -6.5e-05
Average Win: 0.002747
Average Loss: 0.00194
Total Trades: 25
Total Days: 98



Rolling 10 - Variant 3 - atr_0.25_4 - Fit Metrics
Contracts: [10, 11, 6, 10, 10, 7, 6, 6, 6, 6, 6, 6, 7, 10, 8, 8, 8, 8, 8, 7, 7, 7, 7, 7, 7, 7, 7, 7, 8, 5, 7, 7, 7, 7, 5, 7, 6, 6, 6, 6, 6, 6, 6, 6, 6, 6, 5, 7, 7, 7, 8, 7, 6, 5, 6, 6, 6, 6, 6, 6, 5, 9, 5, 10, 5, 5, 6, 6, 6, 6, 6, 7, 8, 7, 7, 7, 7, 7, 7, 8, 8, 8, 8, 9, 9, 9, 9, 10, 11, 11, 8, 10, 7, 7, 7, 7, 7, 9, 9, 9, 10, 10, 9, 10, 10, 11, 11, 12, 11, 11, 11, 11, 11, 10, 10, 10, 10, 10, 10, 10, 10, 10, 10, 11, 11, 12, 11, 10, 10, 11, 10, 10, 10, 10, 10, 10, 10, 10, 11, 11, 10, 11, 13, 10, 10, 9, 11, 9, 12, 10, 10, 10, 10, 13, 12, 14, 14, 14, 14, 15, 14, 13, 14, 12, 12, 12, 12, 12, 12, 12, 12, 12, 12, 12, 15, 13, 15, 14, 15, 13, 14, 12, 13, 13, 13, 12, 16, 17, 15, 12, 14, 15, 12, 12, 13, 11, 11, 11, 11, 7, 9, 14, 14, 14, 12, 8, 10, 8, 8, 8, 8, 8, 8, 8, 8, 8, 8, 9, 8, 9, 9, 7, 8, 8, 8, 8, 8, 9, 9, 9, 9, 7, 7, 6, 5, 5, 5, 7, 6, 6, 8, 8, 8, 8, 8, 8, 8, 8, 9, 10, 9, 9, 9, 10, 9, 8, 8, 8, 8, 8, 8, 8, 7, 8, 9, 11, 9, 9, 9, 11, 11, 11, 11, 13, 12, 12]
Trade Returns: [-0.0028620588589212347, 0.0013944999999999663, -0.0025974086823431983, -0.0023543001309382673, 0.004221442148990723, 0.003079408576372763, 0.0003100090556062336, 0.002510916248678037, -0.001327922814374787, -0.00047307217124611934, -0.0015532407469505247, -0.0016407888046029856, -0.002181871974037282, -0.0021866429490049423, -0.0022415958589465977, 0.003635393079390315, -0.0030399599347226114, -0.0028878948433865848, -0.003160805786531552, 0.001650345110071621, -0.00025117110990235687, 0.00041130326801338933, 0.006958290244638641, 0.003967113864546667, 0.0009324679769154015, 0.00745918882720302, 0.0001857721845125609, 0.0030717359482652206, -0.0021337365005965597, -0.0008042290486823401, -0.0018405671350609045, -0.0025816257752014748, 0.0024257771806986614, 0.008348145696345734, 0.0037594279657072417, -0.00017161417579948407, 0.003855830674630639, 0.0027833100215598713, -0.0016617427688535497, -0.0002800898113858525, -2.507229177462484e-05, -0.001712367522285013, -0.002325433684975115, -0.0022029911131688233, 0.0023199392636062024, 0.009609922720561955, 0.004065380883973386, -0.0018625235998450261, -0.00045490324605690016, 0.008581367597603754, 0.007938316966229922, -0.0025511499249212424, -0.0016452522343035582, 0.0002971660540457418, -0.002058184797651313, -0.0001120020960184649, -0.001271420432050394, -0.0009431087110769285, -0.001491768784314391, -0.0014055743366318712, -0.001774695262353661, 0.0071068348888666975, -0.0021849299057145094, -0.0014442856720954702, 0.0010419812659503945, -0.0014093581837943986, -0.0017669578595770634, -0.0022729064722641014, -0.0025802454075006627, 0.0036681972988686774, -0.001832080370946073, 0.0012269702684550921, -0.002495416683986991, -0.0021156590827564633, -0.0016102284494883313, 0.0051376017130188864, -0.001984635546494592, -0.0019465019910450726, 0.0011329251066855305, -0.0020542889417528095, -0.0024309749311947405, -0.00306325108560272, 0.009969669270301584, 0.002122532978128143, -0.0016569604615644174, -0.0018745712317412438, -0.0014157974892300522, -0.001420057237792359, 0.004276698865894219, -0.0015861501964999454, 0.0006113335945009405, 0.0022355664401822206, -0.0019275056433153898, 0.003918248932440427, -0.002192424918529852, 0.003304774934075644, 0.004734345167095057, -0.00241733094154137, -0.0019550211171945686, -0.002207755297533168, -0.0025950134617720184, -0.0024091988946443655, 0.0006113918576298413, -0.0018897608220857206, -0.0026730707733065794, -0.0012262360104420787, 0.0019202554648715905, -0.002098649692605881, 0.0072945105729274266, -0.0028467218643855323, -0.0021825722132286433, -0.0017700047863104366, -4.109143632966873e-05, -0.002201199524145397, -0.0020143780960419698, 0.0006178518933757789, 0.008806743944919126, -0.0029434511612778528, 0.0008747818003901041, 0.006023044904755484, 0.00034577077698229374, -0.0022028918513783947, 0.0024391965922373523, -0.0021148204827451077, -0.0019411499028071087, 0.003049950572635976, -0.0023531069098384387, 0.003416079482308644, -0.0017664262768832015, 0.0009095640085238155, -0.002058665412222822, -0.0022885672201551025, -0.0012369100265618783, -0.0017573806178675544, -0.0025379609948085725, -0.0024522185031795175, -0.0024462198376308344, -0.000512346553515947, -0.002756174943061815, -0.0011162039509129888, 0.006304517686916329, -0.0023287809667641474, 0.0037323659830292627, 0.00020086817749290377, 0.004081558998367565, -0.001430516881838436, -0.0019287107422423975, -0.0019457639680208782, -0.0018316154960635756, -0.0020041922980302694, 0.004689231132937171, -0.0018703903845636418, -0.0007344857990716048, 0.00027978641618600343, -0.0025114172467859703, 0.004191356782908426, -0.0025483126603759528, -0.0005601419648044374, 0.002574248013691238, 0.0014042317168479312, 0.0003857093523189989, -0.001791927904806007, -0.0021587109162654584, 0.006799697208270748, -0.0024382836590699252, 0.006334949575507804, -0.0019241667207405963, -0.0023034460098947562, 0.005125811847274838, -0.002134153006974257, -0.002248939670016834, -0.0031389331179451216, -0.0028613301595034443, -0.0012463522594715758, 0.0010445625790383513, 0.002767961589865637, -0.002477034885385002, 0.005411677694365655, -0.0015488945831826056, 0.00010306989724720622, 0.0004175940346809762, -0.0022307076484032622, -0.0033370244831068393, 0.0023244423752907424, 0.006669530304660123, -0.001999848321241165, -0.0022492474805731123, 0.0009624242448778477, -0.0008415526535510873, -0.0022953157387359357, 0.0032070724858051375, 0.0024809200449238808, 0.0008258789821536879, 0.00180506236360774, -0.0014108767368922169, -0.0012435424472070392, -0.0037556169317231633, -0.004100562346853408, -0.00279254377111113, 0.005779831405898298, -0.0025900593418119, 0.012232663700175818, 0.0009753422605256573, -0.002383595139592, 0.00450082523811526, 0.0016980079085853288, -0.0019532009443799527, -0.0016203353432327956, -0.0017156295059431211, 0.002002889245034435, 0.004397186440184911, -0.002356439116477008, -0.002258616528869659, -0.002099560033369586, 0.004797129141951012, -0.0022094277218258377, -0.0019762180453688416, 0.006087164511799805, -0.002166065401913512, -0.0016326290076418741, -0.0018714362750988098, -0.001867940543406152, -0.0026346685731656726, 0.0022517903415543356, -0.002276593460086145, 0.0006162961367347976, 0.002346364663669157, -0.0018747730937969285, 0.010361971812552504, 0.0014029450390457207, 0.001316866937176036, -0.003996331085216217, 0.004593459505335143, -0.002652830691694905, 0.0037152875864947888, -0.0016149622850597331, -0.0016115870975054614, 0.0035465350817849707, -0.0016063905163335775, 0.0001394104688217925, 0.004239521846916671, 0.0025963046064950914, -0.00017584282855215075, -0.001892645763600399, 0.000444913757108846, -0.0018476340870723354, -3.291783655366998e-05, -0.0018032678248416797, -0.0029490732665242944, 0.006373885037380216, -0.0018811494737250073]
Daily Returns: [-0.0028620588589212347, 0.0013944999999999663, 0, 0, 0, 0, 0, 0, 0, 0, 0, 0, -0.0025974086823431983, 0, 0, -0.0023543001309382673, 0, 0, 0, 0, 0, 0, 0, 0, 0, 0, 0, 0, 0, 0, 0, 0.004221442148990723, 0, 0, 0.003079408576372763, 0, 0, 0, 0, 0, 0.0003100090556062336, 0, 0, 0.0007099212630571307, 0, 0, -0.0015532407469505247, 0, 0, 0, 0, -0.0016407888046029856, 0, 0, 0, 0, 0, 0, 0, 0, -0.002181871974037282, 0, 0, 0, 0, 0, -0.0021866429490049423, 0.001393797220443717, 0, 0, 0, 0, 0, 0, 0, 0, 0, 0, -0.0030399599347226114, -0.006048700629918137, 0, 0.001650345110071621, 0.00016013215811103246, 0, 0, 0, 0, 0, 0, 0, 0, 0, 0, 0, 0, 0, 0, 0, 0, 0, 0, 0.006958290244638641, 0, 0, 0, 0, 0.003967113864546667, 0.0009324679769154015, 0.00745918882720302, 0, 0, 0, 0, 0, 0, 0, 0, 0, 0, 0, 0.0001857721845125609, 0.00013377039898632083, 0, 0, 0, 0, 0, 0, 0, 0, -0.0018405671350609045, 0, 0, 0, 0, 0, 0, 0, 0, 0, 0, 0, 0, 0, 0, -0.0025816257752014748, 0, 0.0024257771806986614, 0, 0, 0.01193595948625349, 0.003855830674630639, 0, 0, 0, 0.0027833100215598713, 0, -0.0019418325802394022, 0, 0, -2.507229177462484e-05, 0, 0, 0, 0, 0, 0, 0, 0, -0.001712367522285013, 0, 0, 0, 0, 0, -0.002325433684975115, 0, -0.0022029911131688233, 0.0023199392636062024, 0, 0, 0.009609922720561955, 0, 0, 0, 0, 0.004065380883973386, 0, 0, 0, 0, 0, 0, 0, 0, -0.0018625235998450261, 0, 0, 0, 0, 0, 0, 0, 0, 0, 0, 0, 0, 0, 0, -0.00045490324605690016, 0, 0, 0, 0, 0, 0.008581367597603754, 0, 0, 0, 0, 0, 0, 0.005387167041308679, 0, 0, 0, -0.0016452522343035582, 0, 0.0002971660540457418, 0, 0, 0, 0, -0.002058184797651313, 0, 0, 0, 0, 0, 0, -0.0001120020960184649, 0, 0, 0, 0, 0, 0, 0, 0, 0, -0.001271420432050394, 0, 0, 0, 0, 0, -0.0009431087110769285, 0, 0, 0, 0, 0, -0.001491768784314391, -0.0014055743366318712, 0, 0, 0, -0.001774695262353661, 0, 0.0071068348888666975, 0, -0.0021849299057145094, 0, 0, 0, 0, -0.0014442856720954702, 0, 0, 0.0010419812659503945, 0, -0.0014093581837943986, 0, 0, 0, -0.0017669578595770634, 0, 0, 0, 0, -0.0022729064722641014, 0, 0, 0, 0, 0, 0, 0, -0.0025802454075006627, 0, 0.0036681972988686774, 0, -0.001832080370946073, 0, 0, 0, 0.0012269702684550921, 0, 0, 0, 0, 0, -0.002495416683986991, 0, -0.0021156590827564633, 0, 0, 0, 0, 0, 0, -0.0016102284494883313, 0, 0.0051376017130188864, -0.001984635546494592, 0, 0, 0, 0, 0, 0, 0, 0, 0, -0.0019465019910450726, 0.0011329251066855305, 0, 0, -0.0020542889417528095, -0.0024309749311947405, 0, 0, -0.00306325108560272, 0, 0, 0, 0.009969669270301584, 0, 0, 0, 0, 0, 0.002122532978128143, 0, 0, -0.0016569604615644174, 0, 0, 0, 0, 0, 0, -0.003290368720971296, 0, 0, 0, -0.001420057237792359, 0, 0.004276698865894219, 0, -0.0015861501964999454, 0, 0, 0, 0.0006113335945009405, 0, 0, 0, 0.0022355664401822206, 0, -0.0019275056433153898, 0, 0, 0, 0.003918248932440427, 0, 0, 0, -0.002192424918529852, 0.003304774934075644, 0, 0, 0.0023170142255536865, 0, 0, 0, 0, 0, 0, 0, 0, -0.0019550211171945686, 0, 0, 0, 0, 0, 0, 0, 0, 0, 0, -0.002207755297533168, 0, -0.0025950134617720184, 0, 0, 0, 0, -0.0024091988946443655, 0, 0, 0, 0, 0, 0, 0, 0, 0, 0, 0, 0, 0, 0, 0, 0, 0.0006113918576298413, 0, 0, 0, 0, -0.0018897608220857206, 0, 0, -0.003899306783748658, 0, 0, 0.0019202554648715905, 0, -0.002098649692605881, 0, 0, 0, 0, 0, 0.0072945105729274266, 0, 0, 0, 0, 0, -0.0028467218643855323, 0, 0, 0, 0, 0, 0, 0, 0, -0.0021825722132286433, 0, 0, -0.0018110962226401055, 0, 0, -0.002201199524145397, 0, 0, 0, 0, 0, 0, -0.0020143780960419698, 0, 0, 0, 0, 0, 0.0006178518933757789, 0, 0, 0.005863292783641273, 0, 0, 0.0008747818003901041, 0, 0, 0, 0, 0, 0.006023044904755484, 0, 0, 0, 0, 0.00034577077698229374, 0, 0, 0, 0, 0, 0, 0, -0.0022028918513783947, 0, 0, 0, 0, 0, 0, 0, 0.0024391965922373523, 0, 0, 0, 0, 0, 0, 0, 0, 0, -0.0021148204827451077, 0.0011088006698288673, 0, 0, -0.0023531069098384387, 0, 0.003416079482308644, -0.0017664262768832015, 0, 0, 0, 0.0009095640085238155, 0, -0.002058665412222822, -0.0022885672201551025, 0, 0, 0, 0, -0.0012369100265618783, 0, 0, 0, -0.004295341612676127, 0, 0, 0, 0, 0, 0, 0, 0, 0, 0, 0, 0, 0, -0.0024522185031795175, -0.0024462198376308344, 0, 0, 0, 0, 0, 0, 0, 0, -0.000512346553515947, 0, -0.002756174943061815, 0, 0, 0, 0, 0, -0.0011162039509129888, 0, 0, 0, 0, 0, 0.006304517686916329, 0, 0, 0, 0, 0, 0, 0, 0, 0, 0, 0, 0, 0, 0, 0, 0, 0, 0, 0, 0, 0, 0, 0, 0, 0, 0, 0, 0, 0, 0, -0.0023287809667641474, 0, 0, 0, 0, 0.003933234160522167, 0.004081558998367565, 0, 0, -0.001430516881838436, 0, 0, 0, 0, 0, 0, 0, 0, 0, 0, 0, 0, -0.0019287107422423975, 0, 0, 0, 0, 0, -0.0019457639680208782, 0, 0, 0, 0, 0, -0.0018316154960635756, -0.0020041922980302694, 0, 0, 0.004689231132937171, 0, -0.0018703903845636418, -0.0007344857990716048, 0.00027978641618600343, 0, 0, 0, 0, 0, 0, 0, 0, 0, 0, 0, -0.0025114172467859703, 0, 0, 0, 0, 0.004191356782908426, -0.0025483126603759528, 0, 0, 0, 0, -0.0005601419648044374, 0.003978479730539169, 0, 0.0003857093523189989, -0.003950638821071465, 0, 0, 0, 0, 0, 0, 0.0043614135492008235, 0.006334949575507804, 0, 0, 0, 0, 0, -0.0019241667207405963, 0, 0, 0, 0, -0.0023034460098947562, 0, 0, 0, 0, 0, 0.005125811847274838, 0, 0, 0, 0, 0, -0.002134153006974257, 0, -0.002248939670016834, 0, 0, 0, 0, 0, -0.0031389331179451216, 0, -0.0028613301595034443, 0, 0, -0.0012463522594715758, 0, 0, 0, 0, 0, 0, 0, 0, 0.0010445625790383513, 0.002767961589865637, 0, 0, 0, -0.002477034885385002, 0.005411677694365655, 0, 0, 0, 0, 0, 0, 0, 0, -0.0015488945831826056, 0, 0, 0, 0, 0.00010306989724720622, 0, 0, 0, 0, 0, 0.0004175940346809762, 0, 0, 0, -0.0022307076484032622, 0, 0, 0, -0.0033370244831068393, 0, 0, 0, 0, 0, 0.0023244423752907424, 0, 0, 0.006669530304660123, 0, 0, 0, 0, 0, 0, 0, 0, 0, 0, 0, 0, 0, 0, 0, 0, 0, 0, 0, -0.001999848321241165, 0, 0, 0, 0, 0, 0, -0.0022492474805731123, 0, 0.0009624242448778477, 0, 0, 0, 0, 0, 0, 0, -0.0008415526535510873, 0, 0.0009117567470692018, 0, 0, 0, 0, 0.0024809200449238808, 0, 0, 0, 0, 0, 0, 0, 0, 0, 0, 0, 0.0008258789821536879, 0, 0, 0, 0, 0, 0, 0, 0, 0.00039418562671552303, -0.0012435424472070392, 0, 0, 0, 0, 0, 0, -0.007856179278576571, 0, 0, 0, 0, 0, 0, -0.00279254377111113, 0, 0, 0, 0.005779831405898298, 0, -0.0025900593418119, 0.012232663700175818, 0, 0, 0.0009753422605256573, -0.002383595139592, 0, 0.00450082523811526, 0, 0.0016980079085853288, 0, 0, -0.0019532009443799527, 0, 0, 0, -0.0016203353432327956, 0, 0, 0, 0, 0, 0, 0, 0, 0, 0, 0, 0, 0, 0, 0, 0, -0.0017156295059431211, 0, 0, 0.002002889245034435, 0, 0, 0.004397186440184911, -0.002356439116477008, 0, 0, 0, 0, 0, -0.002258616528869659, 0, 0, 0, 0, -0.002099560033369586, 0, 0, 0, 0.004797129141951012, 0, 0, -0.0022094277218258377, 0, 0, 0, 0, 0, 0, -0.0019762180453688416, 0, 0, 0, 0, 0, 0.003921099109886293, 0, 0, 0, 0, 0, 0, 0, 0, 0, 0, 0, 0, -0.005372005826146836, 0, 0, 0, -0.0026346685731656726, 0, 0, 0.0022517903415543356, 0, 0, 0, 0, 0, -0.002276593460086145, 0, 0, 0.0006162961367347976, 0, 0, 0, 0, 0, 0, 0, 0, 0, 0, 0.002346364663669157, 0, 0.008487198718755576, 0, 0, 0, 0, 0.0014029450390457207, 0.001316866937176036, -0.003996331085216217, 0.004593459505335143, 0, 0, 0, 0, 0, 0, 0, 0, 0, -0.002652830691694905, 0, 0, 0, 0, 0, 0.002100325301435056, 0, 0, 0, 0, -0.0016115870975054614, 0, 0, 0, 0, 0, 0, 0.0035465350817849707, 0, 0, 0, -0.0016063905163335775, 0, 0, 0, 0.0001394104688217925, 0, 0, 0, 0.004239521846916671, 0, 0.0025963046064950914, 0, 0, 0, 0, 0, 0, 0, -0.0020684885921525495, -0.0014356381665171594, 0, 0, 0, 0, 0, 0, 0, 0, -0.0018032678248416797, 0, -0.0029490732665242944, 0, 0, 0, 0, 0, 0, 0, 0, 0, 0, 0, 0.004492735563655209, 0, 0, 0, 0, 0, 0, 0]
Start Date: 2022-02-03
End Date: 2025-07-15
Sharpe Ratio: 0.028
Annualized Sharpe: 0.445
Sharpe 95% CI: (np.float64(-0.516), np.float64(1.287))
Sortino Ratio: 0.042
CAGR: 0.01
Calmar Ratio: 0.345
Daily Win Rate (%): 0.394
Max Drawdown: 0.03
Profit Factor: 1.152
Expectancy: 0.000179
Average Win: 0.003446
Average Loss: 0.001948
Total Trades: 251
Total Days: 1079

Rolling 10 - Variant 3 - atr_0.25_4 - Test Metrics
Contracts: [10, 11, 6, 10, 10, 7, 6, 6, 6, 6, 6, 6, 7, 10, 8, 8, 8, 8, 8, 7, 7, 7, 7, 7, 7, 7, 7, 7, 8, 5, 7, 7, 7, 7, 5, 7, 6, 6, 6, 6, 6, 6, 6, 6, 6, 6, 5, 7, 7, 7, 8, 7, 6, 5, 6, 6, 6, 6, 6, 6, 5, 9, 5, 10, 5, 5, 6, 6, 6, 6, 6, 7, 8, 7, 7, 7, 7, 7, 7, 8, 8, 8, 8, 9, 9, 9, 9, 10, 11, 11, 8, 10, 7, 7, 7, 7, 7, 9, 9, 9, 10, 10, 9, 10, 10, 11, 11, 12, 11, 11, 11, 11, 11, 10, 10, 10, 10, 10, 10, 10, 10, 10, 10, 11, 11, 12, 11, 10, 10, 11, 10, 10, 10, 10, 10, 10, 10, 10, 11, 11, 10, 11, 13, 10, 10, 9, 11, 9, 12, 10, 10, 10, 10, 13, 12, 14, 14, 14, 14, 15, 14, 13, 14, 12, 12, 12, 12, 12, 12, 12, 12, 12, 12, 12, 15, 13, 15, 14, 15, 13, 14, 12, 13, 13, 13, 12, 16, 17, 15, 12, 14, 15, 12, 12, 13, 11, 11, 11, 11, 7, 9, 14, 14, 14, 12, 8, 10, 8, 8, 8, 8, 8, 8, 8, 8, 8, 8, 9, 8, 9, 9, 7, 8, 8, 8, 8, 8, 9, 9, 9, 9, 7, 7, 6, 5, 5, 5, 7, 6, 6, 8, 8, 8, 8, 8, 8, 8, 8, 9, 10, 9, 9, 9, 10, 9, 8, 8, 8, 8, 8, 8, 8, 7, 8, 9, 11, 9, 9, 9, 11, 11, 11, 11, 13, 12, 12]
Trade Returns: [-0.0021985248789744656, -0.0026854964872927126, 0.0016041079648641261, -0.0018600005365386166, 6.319448304454256e-05, -0.0009000791711333436, -0.0006116488052167019, -0.0022038235818191694, -0.001966976567318429, 0.0017085603752526992, -0.0016773581647589505, -0.0020536727436954515, 0.00028929512197880034, -0.0018885856427419685, -0.002253288369742814, 0.0010426287143286716, -0.0018376112014425094, -0.002049726712010725, 0.004906745597234608, -0.002110510619955168, 0.0026235918833772656, 0.003891958505710052, 0.00246028129174202, -0.0030161694406933112, 0.01025499855464937]
Daily Returns: [0, 0, 0, 0, -0.0021985248789744656, 0, 0, 0, 0, 0, 0, -0.0026854964872927126, 0, 0, 0, 0, 0.0016041079648641261, 0, 0, 0, 0, 0, 0, -0.0018600005365386166, 0, 6.319448304454256e-05, -0.0009000791711333436, 0, 0, -0.0006116488052167019, 0, 0, -0.0022038235818191694, 0, -0.001966976567318429, 0, 0, 0, 0.0017085603752526992, 0, 0, -0.0016773581647589505, 0, 0, -0.0020536727436954515, 0, 0, 0, 0, 0.00028929512197880034, -0.0018885856427419685, -0.002253288369742814, 0.0010426287143286716, 0, 0, 0, 0, 0, 0, 0, -0.0018376112014425094, 0, 0, 0, 0, -0.002049726712010725, 0, 0, 0.00279623497727944, 0, 0, 0, 0.0026235918833772656, 0, 0, 0, 0, 0, 0.003891958505710052, 0, 0, 0, 0, 0, 0, 0, 0, 0, 0, 0.00246028129174202, -0.0030161694406933112, 0.01025499855464937, 0, 0, 0, 0, 0, 0]
Start Date: 2025-07-16
End Date: 2025-11-06
Sharpe Ratio: -0.003
Annualized Sharpe: -0.052
Sharpe 95% CI: (np.float64(-4.28), np.float64(2.534))
Sortino Ratio: -0.008
CAGR: -0.001
Calmar Ratio: -0.076
Daily Win Rate (%): 0.4
Max Drawdown: 0.019
Profit Factor: 0.984
Expectancy: -1.9e-05
Average Win: 0.002885
Average Loss: 0.001954
Total Trades: 25
Total Days: 98



Rolling 10 - Variant 4 - atr_0.25_7 - Fit Metrics
Contracts: [10, 11, 6, 10, 10, 7, 6, 6, 6, 6, 6, 6, 7, 10, 8, 8, 8, 8, 8, 7, 7, 7, 7, 7, 7, 7, 7, 7, 8, 5, 7, 7, 7, 7, 5, 7, 6, 6, 6, 6, 6, 6, 6, 6, 6, 6, 5, 7, 7, 7, 8, 7, 6, 5, 5, 5, 6, 6, 6, 6, 5, 9, 5, 9, 5, 5, 6, 6, 6, 6, 6, 7, 8, 7, 6, 7, 7, 7, 7, 8, 8, 8, 8, 9, 9, 9, 9, 10, 11, 11, 7, 10, 7, 7, 7, 7, 7, 8, 9, 9, 10, 10, 9, 9, 9, 11, 11, 11, 11, 11, 11, 11, 10, 10, 10, 10, 10, 10, 10, 10, 9, 10, 10, 11, 11, 12, 11, 10, 10, 11, 10, 10, 10, 10, 10, 10, 10, 10, 11, 11, 10, 11, 12, 10, 10, 9, 11, 9, 12, 10, 10, 10, 10, 12, 12, 14, 13, 14, 13, 15, 14, 13, 14, 12, 12, 12, 12, 12, 12, 12, 12, 12, 12, 12, 15, 13, 15, 14, 15, 13, 13, 12, 13, 13, 13, 12, 16, 17, 15, 11, 14, 14, 12, 12, 13, 11, 11, 11, 11, 7, 9, 14, 14, 14, 12, 8, 10, 8, 8, 8, 8, 8, 8, 8, 8, 8, 8, 9, 8, 9, 9, 7, 8, 8, 8, 8, 8, 9, 9, 9, 9, 7, 7, 6, 5, 5, 5, 7, 6, 6, 8, 8, 8, 8, 8, 8, 8, 8, 9, 10, 9, 9, 9, 10, 9, 8, 8, 8, 8, 8, 8, 8, 7, 8, 9, 11, 9, 9, 9, 11, 11, 11, 11, 13, 12, 12]
Trade Returns: [-0.0028620588589212347, 0.0013944999999999663, -0.0025974086823431983, -0.0023543001309382673, 0.004221442148990723, 0.003079408576372763, 0.0003100090556062336, 0.002510916248678037, -0.001327922814374787, -0.00047307217124611934, -0.0015532407469505247, -0.0016407888046029856, -0.002181871974037282, -0.0021866429490049423, -0.0022415958589465977, 0.003635393079390315, -0.0030399599347226114, -0.0028878948433865848, -0.003160805786531552, 0.001650345110071621, -0.00025117110990235687, 0.00041130326801338933, 0.007312149593938783, 0.0039657202545010884, 0.0009321417035338353, -0.002031942365708676, 0.00018786966456134146, 0.003106411186027505, -0.0021577485566083056, -0.0008132990307356836, -0.0018405671350609045, -0.002610867715636113, 0.002453325757927158, 0.0028969765704821575, 0.0038226833668985752, -0.00017449072628438945, 0.003920472346831247, 0.0028297890350100887, -0.00168941421709165, -0.0002847617779565963, -2.54906228594257e-05, -0.0017317298313963261, -0.0023642389442605338, -0.002239840254080007, 0.0023588316935886644, 0.009622092028561863, 0.004133324419887369, -0.0018935232867805165, -0.0003854038380973737, 0.008618627450980458, 0.009929749721531997, -0.0025883727634208246, -0.001672687624362711, 0.0003015222374827043, -0.0020882929042928995, -0.00011387089816529625, -0.0012900526784404452, -0.000956919443182669, -0.0015140025160733743, -0.0014265551676954976, -0.0017947263170543454, 0.004982610155116955, -0.0022175906715672304, -0.0014659231239669169, 0.0010576145432776313, -0.0014304810296426186, -0.0017934781902493146, -0.002307081895766396, -0.002245109186425248, 0.0037225609863058315, -0.001859181822846387, 0.0012450868633528298, -0.002532216462980341, -0.0021476080574620747, -0.001633983520183902, 0.005213518789475504, -0.0020145455329187664, -0.00198346535531321, 0.0011544816988216513, -0.002093331596104742, -0.00247727358495886, -0.0031217365146152458, 0.005718118211722123, 0.002153913322487687, -0.001477733556343646, -0.0019103640498623492, -0.0014428822832832106, -0.001447306826985141, 0.00435888372099435, -0.0016165377542718498, 0.0005538049242717738, 0.0022785560790715017, -0.0019644984994820983, 0.003993425034059636, -0.0022343217941769656, 0.00336807005523223, 0.004342244344560821, -0.0022179919686343154, -0.0019922756654205606, -0.002250134230336392, -0.0026449541094088454, -0.0022510459824046057, 0.0006230800045625467, -0.0017509175716247842, -0.002724204684739994, -0.0012496637054592679, 0.001957282826785775, -0.002098649692605881, 0.013132525808901138, -0.0028843278562877966, -0.002208774992004871, -0.00179130154396581, -4.158673711912597e-05, -0.0022431098717866573, -0.0020384565896848783, 0.0006252523565077855, 0.01305744314225816, -0.0029786849943907894, 0.0008915201548625435, 0.006069782047847472, 0.00034843767397458214, -0.002245082493368135, 0.0024580916078958694, -0.0021311551376795015, -0.001956175165288663, 0.0030735804816616947, -0.0023712918153484005, 0.0034426203511531794, -0.0017801259087708262, 0.0009166065253382835, -0.002074590524346057, -0.002306212572330237, -0.0012465499344475504, -0.0017710939285012042, -0.0025576901052357065, -0.002470993999361603, -0.002464903238250878, -0.0005162900222448812, -0.0027773299662233733, -0.0010166929334909998, 0.00754055004913302, -0.002346714567842475, 0.0037612325967535487, 0.00020241589729472006, 0.004113001665584608, -0.0014414918608287078, -0.0019440958795919323, -0.001960783257285552, -0.0017143754146025016, -0.0020199689135097206, 0.00438863152936031, -0.0018857077354268916, -0.0007405121515296534, 0.0002820225924619703, -0.0025320361988480336, 0.0038986702603391126, -0.002370676713323046, -0.0005647631848844503, 0.00259549778548689, 0.0014157932894879415, 0.00038888055402978345, -0.001806654941688153, -0.002176484485876653, 0.009206902865235386, -0.0024525389641230993, 0.0063720776034277135, -0.0019353725200501439, -0.0023224055063075597, 0.00586627808490916, -0.0021450615048030247, -0.002260459598713245, -0.00315504836115757, -0.0028780260446946327, -0.0011632969007796567, 0.0010498347306218978, 0.00278191748784799, -0.0024894893010410563, 0.005439140261778454, -0.0015568717568922824, 0.00010391619792269393, 0.00041970762866809925, -0.0022419933274830466, -0.0033539452176271135, 0.0023364200448768024, 0.011121626839928764, -0.002001277132069449, -0.002250857699518946, 0.0009631125203661712, -0.0008421549783349274, -0.0022969546905749773, 0.0032093698196616837, 0.0024827001231768468, 0.0007609073827876759, 0.0018063586089703473, -0.001411888084131834, -0.0012444351059096603, -0.0037583162053124925, -0.004121231237703662, -0.0028141908170579394, 0.00578399183891098, -0.0026100738047238467, 0.011986903013166874, 0.0009760371632204325, -0.002385291725143229, 0.0045040463869668946, 0.0016992193994343208, -0.001954592145823488, -0.0016214917155818428, -0.0017168532420013072, 0.0020322788393468505, 0.004400328289780474, -0.002358115447908793, -0.0022602304597464607, -0.002101057155699165, 0.004800567297585532, -0.0022110100805424198, -0.0019776365191021853, 0.010758215722466885, -0.0021676232235450206, -0.0016262315670142033, -0.0018641167405036066, -0.0018606482749061648, -0.002636551890747784, 0.0022534148757593518, -0.0022676581201854446, 0.0006167389822121864, 0.0023415249062015316, -0.0018709151039670547, 0.008467544375300175, 0.0014000525860289475, 0.0013141557472657857, -0.0039991912030150414, 0.004593459505335143, -0.0026473761630951553, 0.003707615881758064, -0.0016116329205958467, -0.0016082716206129658, 0.003539228149319771, -0.0016030925394208372, 0.00013912320122771283, 0.004230803982106591, 0.0025909882345510503, -0.00017548369119867015, -0.001888779588921076, 0.0004440031961363463, -0.001843854395363217, -3.2850372379035436e-05, -0.0017995719570459631, -0.002943018129095, 0.004734088395675772, -0.0018772652232672748]
Daily Returns: [-0.0028620588589212347, 0.0013944999999999663, 0, 0, 0, 0, 0, 0, 0, 0, 0, 0, -0.0025974086823431983, 0, 0, -0.0023543001309382673, 0, 0, 0, 0, 0, 0, 0, 0, 0, 0, 0, 0, 0, 0, 0, 0.004221442148990723, 0, 0, 0.003079408576372763, 0, 0, 0, 0, 0, 0.0003100090556062336, 0, 0, 0.0007099212630571307, 0, 0, -0.0015532407469505247, 0, 0, 0, 0, -0.0016407888046029856, 0, 0, 0, 0, 0, 0, 0, 0, -0.002181871974037282, 0, 0, 0, 0, 0, -0.0021866429490049423, 0.001393797220443717, 0, 0, 0, 0, 0, 0, 0, 0, 0, 0, -0.0030399599347226114, -0.006048700629918137, 0, 0.001650345110071621, 0.00016013215811103246, 0, 0, 0, 0, 0, 0, 0, 0, 0, 0, 0, 0, 0, 0, 0, 0, 0, 0, 0.007312149593938783, 0, 0, 0, 0, 0.0039657202545010884, 0.0009321417035338353, -0.002031942365708676, 0, 0, 0, 0, 0, 0, 0, 0, 0, 0, 0, 0.00018786966456134146, 0.00013536359868351574, 0, 0, 0, 0, 0, 0, 0, 0, -0.0018405671350609045, 0, 0, 0, 0, 0, 0, 0, 0, 0, 0, 0, 0, 0, 0, -0.002610867715636113, 0, 0.002453325757927158, 0, 0, 0.0065451692110963435, 0.003920472346831247, 0, 0, 0, 0.0028297890350100887, 0, -0.0019741759950482464, 0, 0, -2.54906228594257e-05, 0, 0, 0, 0, 0, 0, 0, 0, -0.0017317298313963261, 0, 0, 0, 0, 0, -0.0023642389442605338, 0, -0.002239840254080007, 0.0023588316935886644, 0, 0, 0.009622092028561863, 0, 0, 0, 0, 0.004133324419887369, 0, 0, 0, 0, 0, 0, 0, 0, -0.0018935232867805165, 0, 0, 0, 0, 0, 0, 0, 0, 0, 0, 0, 0, 0, 0, -0.0003854038380973737, 0, 0, 0, 0, 0, 0.008618627450980458, 0, 0, 0, 0, 0, 0, 0.007341376958111172, 0, 0, 0, -0.001672687624362711, 0, 0.0003015222374827043, 0, 0, 0, 0, -0.0020882929042928995, 0, 0, 0, 0, 0, 0, -0.00011387089816529625, 0, 0, 0, 0, 0, 0, 0, 0, 0, -0.0012900526784404452, 0, 0, 0, 0, 0, -0.000956919443182669, 0, 0, 0, 0, 0, -0.0015140025160733743, -0.0014265551676954976, 0, 0, 0, -0.0017947263170543454, 0, 0.004982610155116955, 0, -0.0022175906715672304, 0, 0, 0, 0, -0.0014659231239669169, 0, 0, 0.0010576145432776313, 0, -0.0014304810296426186, 0, 0, 0, -0.0017934781902493146, 0, 0, 0, 0, -0.002307081895766396, 0, 0, 0, 0, 0, 0, 0, -0.002245109186425248, 0, 0.0037225609863058315, 0, -0.001859181822846387, 0, 0, 0, 0.0012450868633528298, 0, 0, 0, 0, 0, -0.002532216462980341, 0, -0.0021476080574620747, 0, 0, 0, 0, 0, 0, -0.001633983520183902, 0, 0.005213518789475504, -0.0020145455329187664, 0, 0, 0, 0, 0, 0, 0, 0, 0, -0.00198346535531321, 0.0011544816988216513, 0, 0, -0.002093331596104742, -0.00247727358495886, 0, 0, -0.0031217365146152458, 0, 0, 0, 0.005718118211722123, 0, 0, 0, 0, 0, 0.002153913322487687, 0, 0, -0.001477733556343646, 0, 0, 0, 0, 0, 0, -0.0033532463331455596, 0, 0, 0, -0.001447306826985141, 0, 0.00435888372099435, 0, -0.0016165377542718498, 0, 0, 0, 0.0005538049242717738, 0, 0, 0, 0.0022785560790715017, 0, -0.0019644984994820983, 0, 0, 0, 0.003993425034059636, 0, 0, 0, -0.0022343217941769656, 0.00336807005523223, 0, 0, 0.0021242523759265057, 0, 0, 0, 0, 0, 0, 0, 0, -0.0019922756654205606, 0, 0, 0, 0, 0, 0, 0, 0, 0, 0, -0.002250134230336392, 0, -0.0026449541094088454, 0, 0, 0, 0, -0.0022510459824046057, 0, 0, 0, 0, 0, 0, 0, 0, 0, 0, 0, 0, 0, 0, 0, 0, 0.0006230800045625467, 0, 0, 0, 0, -0.0017509175716247842, 0, 0, -0.003973868390199262, 0, 0, 0.001957282826785775, 0, -0.002098649692605881, 0, 0, 0, 0, 0, 0.013132525808901138, 0, 0, 0, 0, 0, -0.0028843278562877966, 0, 0, 0, 0, 0, 0, 0, 0, -0.002208774992004871, 0, 0, -0.001832888281084936, 0, 0, -0.0022431098717866573, 0, 0, 0, 0, 0, 0, -0.0020384565896848783, 0, 0, 0, 0, 0, 0.0006252523565077855, 0, 0, 0.010078758147867371, 0, 0, 0.0008915201548625435, 0, 0, 0, 0, 0, 0.006069782047847472, 0, 0, 0, 0, 0.00034843767397458214, 0, 0, 0, 0, 0, 0, 0, -0.002245082493368135, 0, 0, 0, 0, 0, 0, 0, 0.0024580916078958694, 0, 0, 0, 0, 0, 0, 0, 0, 0, -0.0021311551376795015, 0.0011174053163730316, 0, 0, -0.0023712918153484005, 0, 0.0034426203511531794, -0.0017801259087708262, 0, 0, 0, 0.0009166065253382835, 0, -0.002074590524346057, -0.002306212572330237, 0, 0, 0, 0, -0.0012465499344475504, 0, 0, 0, -0.00432878403373691, 0, 0, 0, 0, 0, 0, 0, 0, 0, 0, 0, 0, 0, -0.002470993999361603, -0.002464903238250878, 0, 0, 0, 0, 0, 0, 0, 0, -0.0005162900222448812, 0, -0.0027773299662233733, 0, 0, 0, 0, 0, -0.0010166929334909998, 0, 0, 0, 0, 0, 0.00754055004913302, 0, 0, 0, 0, 0, 0, 0, 0, 0, 0, 0, 0, 0, 0, 0, 0, 0, 0, 0, 0, 0, 0, 0, 0, 0, 0, 0, 0, 0, 0, -0.002346714567842475, 0, 0, 0, 0, 0.003963648494048269, 0.004113001665584608, 0, 0, -0.0014414918608287078, 0, 0, 0, 0, 0, 0, 0, 0, 0, 0, 0, 0, -0.0019440958795919323, 0, 0, 0, 0, 0, -0.001960783257285552, 0, 0, 0, 0, 0, -0.0017143754146025016, -0.0020199689135097206, 0, 0, 0.00438863152936031, 0, -0.0018857077354268916, -0.0007405121515296534, 0.0002820225924619703, 0, 0, 0, 0, 0, 0, 0, 0, 0, 0, 0, -0.0025320361988480336, 0, 0, 0, 0, 0.0038986702603391126, -0.002370676713323046, 0, 0, 0, 0, -0.0005647631848844503, 0.004011291074974831, 0, 0.00038888055402978345, -0.003983139427564806, 0, 0, 0, 0, 0, 0, 0.0067543639011122866, 0.0063720776034277135, 0, 0, 0, 0, 0, -0.0019353725200501439, 0, 0, 0, 0, -0.0023224055063075597, 0, 0, 0, 0, 0, 0.00586627808490916, 0, 0, 0, 0, 0, -0.0021450615048030247, 0, -0.002260459598713245, 0, 0, 0, 0, 0, -0.00315504836115757, 0, -0.0028780260446946327, 0, 0, -0.0011632969007796567, 0, 0, 0, 0, 0, 0, 0, 0, 0.0010498347306218978, 0.00278191748784799, 0, 0, 0, -0.0024894893010410563, 0.005439140261778454, 0, 0, 0, 0, 0, 0, 0, 0, -0.0015568717568922824, 0, 0, 0, 0, 0.00010391619792269393, 0, 0, 0, 0, 0, 0.00041970762866809925, 0, 0, 0, -0.0022419933274830466, 0, 0, 0, -0.0033539452176271135, 0, 0, 0, 0, 0, 0.0023364200448768024, 0, 0, 0.011121626839928764, 0, 0, 0, 0, 0, 0, 0, 0, 0, 0, 0, 0, 0, 0, 0, 0, 0, 0, 0, -0.002001277132069449, 0, 0, 0, 0, 0, 0, -0.002250857699518946, 0, 0.0009631125203661712, 0, 0, 0, 0, 0, 0, 0, -0.0008421549783349274, 0, 0.0009124151290867064, 0, 0, 0, 0, 0.0024827001231768468, 0, 0, 0, 0, 0, 0, 0, 0, 0, 0, 0, 0.0007609073827876759, 0, 0, 0, 0, 0, 0, 0, 0, 0.0003944705248385134, -0.0012444351059096603, 0, 0, 0, 0, 0, 0, -0.007879547443016154, 0, 0, 0, 0, 0, 0, -0.0028141908170579394, 0, 0, 0, 0.00578399183891098, 0, -0.0026100738047238467, 0.011986903013166874, 0, 0, 0.0009760371632204325, -0.002385291725143229, 0, 0.0045040463869668946, 0, 0.0016992193994343208, 0, 0, -0.001954592145823488, 0, 0, 0, -0.0016214917155818428, 0, 0, 0, 0, 0, 0, 0, 0, 0, 0, 0, 0, 0, 0, 0, 0, -0.0017168532420013072, 0, 0, 0.0020322788393468505, 0, 0, 0.004400328289780474, -0.002358115447908793, 0, 0, 0, 0, 0, -0.0022602304597464607, 0, 0, 0, 0, -0.002101057155699165, 0, 0, 0, 0.004800567297585532, 0, 0, -0.0022110100805424198, 0, 0, 0, 0, 0, 0, -0.0019776365191021853, 0, 0, 0, 0, 0, 0.008590592498921863, 0, 0, 0, 0, 0, 0, 0, 0, 0, 0, 0, 0, -0.005350996582423975, 0, 0, 0, -0.002636551890747784, 0, 0, 0.0022534148757593518, 0, 0, 0, 0, 0, -0.0022676581201854446, 0, 0, 0.0006167389822121864, 0, 0, 0, 0, 0, 0, 0, 0, 0, 0, 0.0023415249062015316, 0, 0.006596629271333121, 0, 0, 0, 0, 0.0014000525860289475, 0.0013141557472657857, -0.0039991912030150414, 0.004593459505335143, 0, 0, 0, 0, 0, 0, 0, 0, 0, -0.0026473761630951553, 0, 0, 0, 0, 0, 0.0020959829611622172, 0, 0, 0, 0, -0.0016082716206129658, 0, 0, 0, 0, 0, 0, 0.003539228149319771, 0, 0, 0, -0.0016030925394208372, 0, 0, 0, 0.00013912320122771283, 0, 0, 0, 0.004230803982106591, 0, 0.0025909882345510503, 0, 0, 0, 0, 0, 0, 0, -0.002064263280119746, -0.0014327015716059063, 0, 0, 0, 0, 0, 0, 0, 0, -0.0017995719570459631, 0, -0.002943018129095, 0, 0, 0, 0, 0, 0, 0, 0, 0, 0, 0, 0.002856823172408497, 0, 0, 0, 0, 0, 0, 0]
Start Date: 2022-02-03
End Date: 2025-07-15
Sharpe Ratio: 0.028
Annualized Sharpe: 0.439
Sharpe 95% CI: (np.float64(-0.508), np.float64(1.287))
Sortino Ratio: 0.043
CAGR: 0.01
Calmar Ratio: 0.395
Daily Win Rate (%): 0.39
Max Drawdown: 0.026
Profit Factor: 1.152
Expectancy: 0.000181
Average Win: 0.003512
Average Loss: 0.001952
Total Trades: 251
Total Days: 1079

Rolling 10 - Variant 4 - atr_0.25_7 - Test Metrics
Contracts: [10, 11, 6, 10, 10, 7, 6, 6, 6, 6, 6, 6, 7, 10, 8, 8, 8, 8, 8, 7, 7, 7, 7, 7, 7, 7, 7, 7, 8, 5, 7, 7, 7, 7, 5, 7, 6, 6, 6, 6, 6, 6, 6, 6, 6, 6, 5, 7, 7, 7, 8, 7, 6, 5, 5, 5, 6, 6, 6, 6, 5, 9, 5, 9, 5, 5, 6, 6, 6, 6, 6, 7, 8, 7, 6, 7, 7, 7, 7, 8, 8, 8, 8, 9, 9, 9, 9, 10, 11, 11, 7, 10, 7, 7, 7, 7, 7, 8, 9, 9, 10, 10, 9, 9, 9, 11, 11, 11, 11, 11, 11, 11, 10, 10, 10, 10, 10, 10, 10, 10, 9, 10, 10, 11, 11, 12, 11, 10, 10, 11, 10, 10, 10, 10, 10, 10, 10, 10, 11, 11, 10, 11, 12, 10, 10, 9, 11, 9, 12, 10, 10, 10, 10, 12, 12, 14, 13, 14, 13, 15, 14, 13, 14, 12, 12, 12, 12, 12, 12, 12, 12, 12, 12, 12, 15, 13, 15, 14, 15, 13, 13, 12, 13, 13, 13, 12, 16, 17, 15, 11, 14, 14, 12, 12, 13, 11, 11, 11, 11, 7, 9, 14, 14, 14, 12, 8, 10, 8, 8, 8, 8, 8, 8, 8, 8, 8, 8, 9, 8, 9, 9, 7, 8, 8, 8, 8, 8, 9, 9, 9, 9, 7, 7, 6, 5, 5, 5, 7, 6, 6, 8, 8, 8, 8, 8, 8, 8, 8, 9, 10, 9, 9, 9, 10, 9, 8, 8, 8, 8, 8, 8, 8, 7, 8, 9, 11, 9, 9, 9, 11, 11, 11, 11, 13, 12, 12]
Trade Returns: [-0.0021975584962182926, -0.0026799662591000593, 0.0016033997156795947, -0.001859180619772046, 6.316657405924821e-05, -0.0008996816884975514, -0.0006113784526583278, -0.0022028488822427132, -0.001966104699037586, 0.0017078015588138326, -0.0016766144761121106, -0.002052760679642486, 0.00028916671453041974, -0.0018877476114724785, -0.002252295733791986, 0.0010421699392253309, -0.001836794247105555, -0.002048813779743876, 0.004904555684349127, -0.00210957328238583, 0.0026224243137264293, 0.0038902263224884475, 0.002459190544397428, -0.0030148355248408617, 0.009089846083674228]
Daily Returns: [0, 0, 0, 0, -0.0021975584962182926, 0, 0, 0, 0, 0, 0, -0.0026799662591000593, 0, 0, 0, 0, 0.0016033997156795947, 0, 0, 0, 0, 0, 0, -0.001859180619772046, 0, 6.316657405924821e-05, -0.0008996816884975514, 0, 0, -0.0006113784526583278, 0, 0, -0.0022028488822427132, 0, -0.001966104699037586, 0, 0, 0, 0.0017078015588138326, 0, 0, -0.0016766144761121106, 0, 0, -0.002052760679642486, 0, 0, 0, 0, 0.00028916671453041974, -0.0018877476114724785, -0.002252295733791986, 0.0010421699392253309, 0, 0, 0, 0, 0, 0, 0, -0.001836794247105555, 0, 0, 0, 0, -0.002048813779743876, 0, 0, 0.0027949824019632974, 0, 0, 0, 0.0026224243137264293, 0, 0, 0, 0, 0, 0.0038902263224884475, 0, 0, 0, 0, 0, 0, 0, 0, 0, 0, 0.002459190544397428, -0.0030148355248408617, 0.009089846083674228, 0, 0, 0, 0, 0, 0]
Start Date: 2025-07-16
End Date: 2025-11-06
Sharpe Ratio: -0.012
Annualized Sharpe: -0.192
Sharpe 95% CI: (np.float64(-4.28), np.float64(2.474))
Sortino Ratio: -0.027
CAGR: -0.004
Calmar Ratio: -0.228
Daily Win Rate (%): 0.4
Max Drawdown: 0.019
Profit Factor: 0.945
Expectancy: -6.5e-05
Average Win: 0.002767
Average Loss: 0.001953
Total Trades: 25
Total Days: 98

========== Variant Appearance Count (FIT Rankings) ==========
atr_0.25_4: 9 times
atr_0.25_3: 8 times
atr_0.25_2: 8 times
atr_0.25_6: 8 times
atr_0.25_7: 7 times
atr_0.5_1: 3 times
atr_2_0.25: 2 times
atr_1_0.5: 2 times
atr_0.75_1: 2 times
atr_0.5_2: 2 times
atr_0.75_0.5: 1 times
atr_1.75_0.25: 1 times
atr_0.25_5: 1 times
atr_0.25_8: 1 times

============================================
BEST VARIANT:atr_0.25_4
Total Fit (top 5) Appearances: 9
============================================

========== Best Variant Detailed Metrics ==========

Variant Name: atr_0.25_4
---------------------------------------------------

================ Rolling 1 ================

--- TEST Metrics ---
Start Date: 2022-05-30
End Date:   2025-11-06
Sharpe Ratio:        0.034
Annualized Sharpe:   0.545
Sortino Ratio:       0.057
Calmar Ratio:        0.433
CAGR:                0.013
Sharpe 95% CI:       (np.float64(-0.415), np.float64(1.411))
Daily Win Rate (%):  0.398
Max Drawdown:        0.03
Profit Factor:       1.189
Expectancy:          0.000221
Average Win:         0.00
Average Loss:        0.00

================ Rolling 2 ================

--- TEST Metrics ---
Start Date: 2022-09-21
End Date:   2025-11-06
Sharpe Ratio:        0.01
Annualized Sharpe:   0.156
Sortino Ratio:       0.015
Calmar Ratio:        0.112
CAGR:                0.003
Sharpe 95% CI:       (np.float64(-0.877), np.float64(1.062))
Daily Win Rate (%):  0.382
Max Drawdown:        0.03
Profit Factor:       1.05
Expectancy:          6.1e-05
Average Win:         0.00
Average Loss:        0.00

================ Rolling 3 ================

--- TEST Metrics ---
Start Date: 2023-01-13
End Date:   2025-11-06
Sharpe Ratio:        0.009
Annualized Sharpe:   0.146
Sortino Ratio:       0.014
Calmar Ratio:        0.128
CAGR:                0.003
Sharpe 95% CI:       (np.float64(-0.934), np.float64(1.134))
Daily Win Rate (%):  0.394
Max Drawdown:        0.024
Profit Factor:       1.046
Expectancy:          5.6e-05
Average Win:         0.00
Average Loss:        0.00

================ Rolling 4 ================

--- TEST Metrics ---
Start Date: 2023-05-08
End Date:   2025-11-06
Sharpe Ratio:        0.007
Annualized Sharpe:   0.119
Sortino Ratio:       0.011
Calmar Ratio:        0.101
CAGR:                0.002
Sharpe 95% CI:       (np.float64(-1.022), np.float64(1.165))
Daily Win Rate (%):  0.394
Max Drawdown:        0.024
Profit Factor:       1.038
Expectancy:          4.6e-05
Average Win:         0.00
Average Loss:        0.00

================ Rolling 5 ================

--- TEST Metrics ---
Start Date: 2023-08-30
End Date:   2025-11-06
Sharpe Ratio:        0.024
Annualized Sharpe:   0.377
Sortino Ratio:       0.033
Calmar Ratio:        0.368
CAGR:                0.008
Sharpe 95% CI:       (np.float64(-0.925), np.float64(1.478))
Daily Win Rate (%):  0.412
Max Drawdown:        0.023
Profit Factor:       1.124
Expectancy:          0.000148
Average Win:         0.00
Average Loss:        0.00

================ Rolling 6 ================

--- TEST Metrics ---
Start Date: 2023-12-22
End Date:   2025-11-06
Sharpe Ratio:        0.035
Annualized Sharpe:   0.553
Sortino Ratio:       0.049
Calmar Ratio:        0.556
CAGR:                0.013
Sharpe 95% CI:       (np.float64(-0.794), np.float64(1.702))
Daily Win Rate (%):  0.426
Max Drawdown:        0.023
Profit Factor:       1.19
Expectancy:          0.000223
Average Win:         0.00
Average Loss:        0.00

================ Rolling 7 ================

--- TEST Metrics ---
Start Date: 2024-04-15
End Date:   2025-11-06
Sharpe Ratio:        0.035
Annualized Sharpe:   0.552
Sortino Ratio:       0.047
Calmar Ratio:        0.571
CAGR:                0.013
Sharpe 95% CI:       (np.float64(-0.925), np.float64(1.763))
Daily Win Rate (%):  0.429
Max Drawdown:        0.023
Profit Factor:       1.185
Expectancy:          0.000218
Average Win:         0.00
Average Loss:        0.00

================ Rolling 8 ================

--- TEST Metrics ---
Start Date: 2024-08-07
End Date:   2025-11-06
Sharpe Ratio:        0.043
Annualized Sharpe:   0.688
Sortino Ratio:       0.055
Calmar Ratio:        0.719
CAGR:                0.017
Sharpe 95% CI:       (np.float64(-1.034), np.float64(2.063))
Daily Win Rate (%):  0.43
Max Drawdown:        0.023
Profit Factor:       1.242
Expectancy:          0.000279
Average Win:         0.00
Average Loss:        0.00

================ Rolling 9 ================

--- TEST Metrics ---
Start Date: 2024-11-29
End Date:   2025-11-06
Sharpe Ratio:        0.035
Annualized Sharpe:   0.552
Sortino Ratio:       0.059
Calmar Ratio:        0.528
CAGR:                0.012
Sharpe 95% CI:       (np.float64(-1.325), np.float64(2.208))
Daily Win Rate (%):  0.417
Max Drawdown:        0.023
Profit Factor:       1.176
Expectancy:          0.0002
Average Win:         0.00
Average Loss:        0.00

================ Rolling 10 ================

--- TEST Metrics ---
Start Date: 2025-03-24
End Date:   2025-11-06
Sharpe Ratio:        0.058
Annualized Sharpe:   0.926
Sortino Ratio:       0.118
Calmar Ratio:        0.929
CAGR:                0.021
Sharpe 95% CI:       (np.float64(-1.476), np.float64(2.749))
Daily Win Rate (%):  0.44
Max Drawdown:        0.023
Profit Factor:       1.313
Expectancy:          0.000333
Average Win:         0.00
Average Loss:        0.00

================ Rolling 11 ================

--- TEST Metrics ---
Start Date: 2025-07-16
End Date:   2025-11-06
Sharpe Ratio:        -0.003
Annualized Sharpe:   -0.052
Sortino Ratio:       -0.008
Calmar Ratio:        -0.076
CAGR:                -0.001
Sharpe 95% CI:       (np.float64(-4.28), np.float64(2.534))
Daily Win Rate (%):  0.4
Max Drawdown:        0.019
Profit Factor:       0.984
Expectancy:          -1.9e-05
Average Win:         0.00
Average Loss:        0.00
