Rolling 0 - Variant 0 - 10_3 - Fit Metrics
Returns: [361, -151.5, 0, 273.4999999999961, -215.4999999999945, 0, 0, 0, 0, 0, 0, -151.5, 0, 0, 0, 0, 0, 0, 0, 0, 0, 0, -151.5, 0, 0, 0]
Sharpe Ratio: -0.012
Annualized Sharpe: -0.191
Sharpe 95% CI: (np.float64(-5.72), np.float64(6.375))
Win Rate (%): 7.69
Max Drawdown: -518.5
Profit Factor: 0.947
Expectancy: -1.365
Total Trades: 26

Rolling 0 - Variant 0 - 10_3 - Test Metrics
Returns: [0, 0, 0, 0, 0, 361, 0, -151.5, 0, 0, -151.5, 0, 0, 0, -151.5, 0, 0, 0, 0, 361, 209.5, 0, 0, 0, 0, 0, 0, 0, 0, 0, 0, -151.5, 0, 0, 0, 0, 0, 361, 0, -151.5, 0, 0, 0, 0, -151.5, 0, 0, 0, 0, -303.0, 0, 0, 0, 0, 0, 0, -151.5, 0, 0, 0, 0, -151.5, 0, 361, 0, 0, 0, 0, 0, 209.5, 0, 0, 0, 0, 0, 361, 0, 0, 0, 0, 0, 0, -303.0, 0, 0, 0, 361, 0, 0, -151.5, 0, 0, 0, 0, 0, -151.5, 0, -303.0, 0, 497.000000000039, 0, 0, 0, 0, 0, 0, 0, 0, 0, 361, -151.5, 0, 0, 0, 0, 0, 361, -151.5, 0, 0, 0, 0, 0, 0, 0, 0, 0, 0, 0, -151.5, 0, 0, 0, 0, 0, 361, 0, 0, 0, 0, 361, 0, 0, 0, 0, 0, 0, 0, 0, 0, 0, 361, 0, 0, 0, 361, 0, -151.5, 0, -151.5, 0, 0, 0, 0, 0, 0, 0, 0, 0, -454.5, -454.5, 0, 0, 0, 0, 0, -151.5, 0, 0, -151.5, 0, -303.0, 0, 0, 0, 0, 0, 0, 0, 0, 0, 0, 0, 209.5, 0, 0, 0, 0, 0, 0, 0, 0, 0, 0, 0, -151.5, 0, 0, 0, 0, 0, 0, -151.5, 0, 0, 0, 0, 0, -151.5, 0, 0, 0, 0, 0, 0, 0, 0, 722, 0, 0, 0, 0, -151.5, -303.0, 0, -151.5, 0, 0, 0, 361, 0, 0, 209.5, 0, 0, 0, 0, -26.50000000002638, 0, 0, 209.5, -151.5, 0, 570.5, 0, 0, 0, 0, 0, 0, 0, -151.5, -151.5, 0, 0, 0, -151.5, 0, 0, 209.5, 0, 0, 0, 0, 0, 0, 0, 0, 0, 361, 0, 0, 0, 0, 0, 0]
Sharpe Ratio: 0.047
Annualized Sharpe: 0.744
Sharpe 95% CI: (np.float64(-1.049), np.float64(2.55))
Win Rate (%): 8.04
Max Drawdown: -2063.0
Profit Factor: 1.268
Expectancy: 5.983
Total Trades: 286



Rolling 0 - Variant 1 - 10_2 - Fit Metrics
Returns: [236, -151.5, 0, 236, -215.4999999999945, 0, 0, 0, 0, 0, 0, -151.5, 0, 0, 0, 0, 0, 0, 0, 0, 0, 0, -151.5, 0, 0, 0]
Sharpe Ratio: -0.08
Annualized Sharpe: -1.274
Sharpe 95% CI: (np.float64(-7.102), np.float64(5.098))
Win Rate (%): 7.69
Max Drawdown: -518.5
Profit Factor: 0.704
Expectancy: -7.615
Total Trades: 26

Rolling 0 - Variant 1 - 10_2 - Test Metrics
Returns: [0, 0, 0, 0, 0, 236, 0, -151.5, 0, 0, -151.5, 0, 0, 0, -151.5, 0, 0, 0, 0, 236, 84.5, 0, 0, 0, 0, 0, 0, 0, 0, 0, 0, -151.5, 0, 0, 0, 0, 0, 236, 0, -151.5, 0, 0, 0, 0, -151.5, 0, 0, 0, 0, -303.0, 0, 0, 0, 0, 0, 0, -151.5, 0, 0, 0, 0, -151.5, 0, 236, 0, 0, 0, 0, 0, 84.5, 0, 0, 0, 0, 0, 236, 0, 0, 0, 0, 0, 0, -303.0, 0, 0, 0, 236, 0, 0, -151.5, 0, 0, 0, 0, 0, -151.5, 0, 84.5, 0, 472, 0, 0, 0, 0, 0, 0, 0, 0, 0, 236, -151.5, 0, 0, 0, 0, 0, 236, -151.5, 0, 0, 0, 0, 0, 0, 0, 0, 0, 0, 0, -151.5, 0, 0, 0, 0, 0, 236, 0, 0, 0, 0, 236, 0, 0, 0, 0, 0, 0, 0, 0, 0, 0, 236, 0, 0, 0, 236, 0, -151.5, 0, -151.5, 0, 0, 0, 0, 0, 0, 0, 0, 0, -454.5, -454.5, 0, 0, 0, 0, 0, -151.5, 0, 0, -151.5, 0, -303.0, 0, 0, 0, 0, 0, 0, 0, 0, 0, 0, 0, 84.5, 0, 0, 0, 0, 0, 0, 0, 0, 0, 0, 0, -151.5, 0, 0, 0, 0, 0, 0, -151.5, 0, 0, 0, 0, 0, -151.5, 0, 0, 0, 0, 0, 0, 0, 0, 472, 0, 0, 0, 0, -151.5, -303.0, 0, -151.5, 0, 0, 0, 236, 0, 0, 84.5, 0, 0, 0, 0, -26.50000000002638, 0, 0, 84.5, -151.5, 0, 320.5, 0, 0, 0, 0, 0, 0, 0, -151.5, -151.5, 0, 0, 0, -151.5, 0, 0, 84.5, 0, 0, 0, 0, 0, 0, 0, 0, 0, 236, 0, 0, 0, 0, 0, 0]
Sharpe Ratio: -0.033
Annualized Sharpe: -0.523
Sharpe 95% CI: (np.float64(-2.364), np.float64(1.28))
Win Rate (%): 8.39
Max Drawdown: -2322.0
Profit Factor: 0.848
Expectancy: -3.24
Total Trades: 286



Rolling 0 - Variant 2 - 10_1 - Fit Metrics
Returns: [111, -151.5, 0, 111, -40.5, 0, 0, 0, 0, 0, 0, -151.5, 0, 0, 0, 0, 0, 0, 0, 0, 0, 0, -151.5, 0, 0, 0]
Sharpe Ratio: -0.173
Annualized Sharpe: -2.744
Sharpe 95% CI: (np.float64(-9.135), np.float64(3.241))
Win Rate (%): 7.69
Max Drawdown: -384.0
Profit Factor: 0.448
Expectancy: -10.5
Total Trades: 26

Rolling 0 - Variant 2 - 10_1 - Test Metrics
Returns: [0, 0, 0, 0, 0, 111, 0, -151.5, 0, 0, -151.5, 0, 0, 0, -151.5, 0, 0, 0, 0, 111, -40.5, 0, 0, 0, 0, 0, 0, 0, 0, 0, 0, -151.5, 0, 0, 0, 0, 0, 111, 0, -151.5, 0, 0, 0, 0, -151.5, 0, 0, 0, 0, -303.0, 0, 0, 0, 0, 0, 0, -151.5, 0, 0, 0, 0, -151.5, 0, 111, 0, 0, 0, 0, 0, -40.5, 0, 0, 0, 0, 0, 111, 0, 0, 0, 0, 0, 0, -303.0, 0, 0, 0, 111, 0, 0, -151.5, 0, 0, 0, 0, 0, -151.5, 0, -40.5, 0, 222, 0, 0, 0, 0, 0, 0, 0, 0, 0, 111, -151.5, 0, 0, 0, 0, 0, 111, -151.5, 0, 0, 0, 0, 0, 0, 0, 0, 0, 0, 0, -151.5, 0, 0, 0, 0, 0, 111, 0, 0, 0, 0, 111, 0, 0, 0, 0, 0, 0, 0, 0, 0, 0, 111, 0, 0, 0, 111, 0, -151.5, 0, -151.5, 0, 0, 0, 0, 0, 0, 0, 0, 0, -192.0, -454.5, 0, 0, 0, 0, 0, -151.5, 0, 0, -151.5, 0, -303.0, 0, 0, 0, 0, 0, 0, 0, 0, 0, 0, 0, -40.5, 0, 0, 0, 0, 0, 0, 0, 0, 0, 0, 0, -151.5, 0, 0, 0, 0, 0, 0, -151.5, 0, 0, 0, 0, 0, -151.5, 0, 0, 0, 0, 0, 0, 0, 0, 222, 0, 0, 0, 0, -151.5, -303.0, 0, -151.5, 0, 0, 0, 111, 0, 0, -40.5, 0, 0, 0, 0, -26.50000000002638, 0, 0, -40.5, -151.5, 0, 70.5, 0, 0, 0, 0, 0, 0, 0, 111, -151.5, 0, 0, 0, -151.5, 0, 0, -40.5, 0, 0, 0, 0, 0, 0, 0, 0, 0, 111, 0, 0, 0, 0, 0, 0]
Sharpe Ratio: -0.186
Annualized Sharpe: -2.954
Sharpe 95% CI: (np.float64(-4.81), np.float64(-1.179))
Win Rate (%): 6.29
Max Drawdown: -3998.5
Profit Factor: 0.366
Expectancy: -13.205
Total Trades: 286



Rolling 0 - Variant 3 - 20_1 - Fit Metrics
Returns: [118, -144.5, 0, 118, -176.49999999999724, 0, 0, 0, 0, 0, 0, -144.5, 0, 0, 0, 0, 0, 0, 0, 0, 0, 0, -144.5, 0, 0, 0]
Sharpe Ratio: -0.211
Annualized Sharpe: -3.349
Sharpe 95% CI: (np.float64(-9.58), np.float64(2.695))
Win Rate (%): 7.69
Max Drawdown: -492.0
Profit Factor: 0.387
Expectancy: -14.385
Total Trades: 26

Rolling 0 - Variant 3 - 20_1 - Test Metrics
Returns: [0, 0, 0, 0, 0, 118, 0, -144.5, 0, 0, -144.5, 0, 0, 0, -144.5, 0, 0, 0, 0, 118, -26.5, 0, 0, 0, 0, 0, 0, 0, 0, 0, 0, -144.5, 0, 0, 0, 0, 0, 118, 0, -144.5, 0, 0, 0, 0, -144.5, 0, 0, 0, 0, -289.0, 0, 0, 0, 0, 0, 0, -144.5, 0, 0, 0, 0, -144.5, 0, 118, 0, 0, 0, 0, 0, -26.5, 0, 0, 0, 0, 0, 118, 0, 0, 0, 0, 0, 0, -289.0, 0, 0, 0, 118, 0, 0, 118, 0, 0, 0, 0, 0, -144.5, 0, -26.5, 0, 236, 0, 0, 0, 0, 0, 0, 0, 0, 0, 118, 118, 0, 0, 0, 0, 0, 118, 118, 0, 0, 0, 0, 0, 0, 0, 0, 0, 0, 0, -144.5, 0, 0, 0, 0, 0, 118, 0, 0, 0, 0, 118, 0, 0, 0, 0, 0, 0, 0, 0, 0, 0, 118, 0, 0, 0, 118, 0, -144.5, 0, -144.5, 0, 0, 0, 0, 0, 0, 0, 0, 0, -433.5, -433.5, 0, 0, 0, 0, 0, -144.5, 0, 0, 118, 0, -289.0, 0, 0, 0, 0, 0, 0, 0, 0, 0, 0, 0, -26.5, 0, 0, 0, 0, 0, 0, 0, 0, 0, 0, 0, -144.5, 0, 0, 0, 0, 0, 0, -144.5, 0, 0, 0, 0, 0, 118, 0, 0, 0, 0, 0, 0, 0, 0, 236, 0, 0, 0, 0, -144.5, -289.0, 0, -144.5, 0, 0, 0, 118, 0, 0, -26.5, 0, 0, 0, 0, -13.25000000001319, 0, 0, 236, 118, 0, 91.5, 0, 0, 0, 0, 0, 0, 0, -144.5, -144.5, 0, 0, 0, -144.5, 0, 0, -26.5, 0, 0, 0, 0, 0, 0, 0, 0, 0, 118, 0, 0, 0, 0, 0, 0]
Sharpe Ratio: -0.091
Annualized Sharpe: -1.439
Sharpe 95% CI: (np.float64(-3.313), np.float64(0.365))
Win Rate (%): 8.39
Max Drawdown: -2225.5
Profit Factor: 0.621
Expectancy: -6.733
Total Trades: 286



Rolling 0 - Variant 4 - 10_4 - Fit Metrics
Returns: [-151.5, -151.5, 0, 273.4999999999961, -215.4999999999945, 0, 0, 0, 0, 0, 0, -151.5, 0, 0, 0, 0, 0, 0, 0, 0, 0, 0, -151.5, 0, 0, 0]
Sharpe Ratio: -0.235
Annualized Sharpe: -3.727
Sharpe 95% CI: (np.float64(-9.708), np.float64(2.493))
Win Rate (%): 3.85
Max Drawdown: -518.5
Profit Factor: 0.333
Expectancy: -21.077
Total Trades: 26

Rolling 0 - Variant 4 - 10_4 - Test Metrics
Returns: [0, 0, 0, 0, 0, 486, 0, -151.5, 0, 0, -151.5, 0, 0, 0, -151.5, 0, 0, 0, 0, -151.5, 334.5, 0, 0, 0, 0, 0, 0, 0, 0, 0, 0, -151.5, 0, 0, 0, 0, 0, 486, 0, -151.5, 0, 0, 0, 0, -151.5, 0, 0, 0, 0, -303.0, 0, 0, 0, 0, 0, 0, -151.5, 0, 0, 0, 0, -151.5, 0, 486, 0, 0, 0, 0, 0, 334.5, 0, 0, 0, 0, 0, 486, 0, 0, 0, 0, 0, 0, -303.0, 0, 0, 0, 486, 0, 0, -151.5, 0, 0, 0, 0, 0, -151.5, 0, -303.0, 0, 622.000000000039, 0, 0, 0, 0, 0, 0, 0, 0, 0, 486, -151.5, 0, 0, 0, 0, 0, 486, -151.5, 0, 0, 0, 0, 0, 0, 0, 0, 0, 0, 0, -151.5, 0, 0, 0, 0, 0, 486, 0, 0, 0, 0, 486, 0, 0, 0, 0, 0, 0, 0, 0, 0, 0, 486, 0, 0, 0, 486, 0, -151.5, 0, -151.5, 0, 0, 0, 0, 0, 0, 0, 0, 0, -454.5, -454.5, 0, 0, 0, 0, 0, -151.5, 0, 0, -151.5, 0, -303.0, 0, 0, 0, 0, 0, 0, 0, 0, 0, 0, 0, 334.5, 0, 0, 0, 0, 0, 0, 0, 0, 0, 0, 0, -151.5, 0, 0, 0, 0, 0, 0, -151.5, 0, 0, 0, 0, 0, -151.5, 0, 0, 0, 0, 0, 0, 0, 0, 684.5000000000043, 0, 0, 0, 0, -151.5, -303.0, 0, -151.5, 0, 0, 0, 486, 0, 0, 334.5, 0, 0, 0, 0, -26.50000000002638, 0, 0, 334.5, -151.5, 0, 820.5, 0, 0, 0, 0, 0, 0, 0, -151.5, -151.5, 0, 0, 0, -151.5, 0, 0, 334.5, 0, 0, 0, 0, 0, 0, 0, 0, 0, 486, 0, 0, 0, 0, 0, 0]
Sharpe Ratio: 0.089
Annualized Sharpe: 1.415
Sharpe 95% CI: (np.float64(-0.376), np.float64(3.254))
Win Rate (%): 7.69
Max Drawdown: -1938.0
Profit Factor: 1.598
Expectancy: 13.675
Total Trades: 286



Rolling 1 - Variant 0 - 10_12 - Fit Metrics
Returns: [-151.5, -151.5, 0, 273.4999999999961, -215.4999999999945, 0, 0, 0, 0, 0, 0, -151.5, 0, 0, 0, 0, 0, 0, 0, 0, 0, 0, -151.5, 0, 0, 0, 0, 0, 0, 0, 0, 1486, 0, -151.5, 0, 0, -151.5, 0, 0, 0, -151.5, 0, 0, 0, 0, -151.5, 909.5000000000482, 0, 0, 0, 0, 0]
Sharpe Ratio: 0.094
Annualized Sharpe: 1.488
Sharpe 95% CI: (np.float64(-1.997), np.float64(6.18))
Win Rate (%): 5.77
Max Drawdown: -606.0
Profit Factor: 1.87
Expectancy: 23.875
Total Trades: 52

Rolling 1 - Variant 0 - 10_12 - Test Metrics
Returns: [0, 0, 0, 0, 0, -151.5, 0, 0, 0, 0, 0, -151.5, 0, -151.5, 0, 0, 0, 0, -151.5, 0, 0, 0, 0, -303.0, 0, 0, 0, 0, 0, 0, -151.5, 0, 0, 0, 0, -151.5, 0, -151.5, 0, 0, 0, 0, 0, 1334.5, 0, 0, 0, 0, 0, 860.9999999999592, 0, 0, 0, 0, 0, 0, -303.0, 0, 0, 0, 1486, 0, 0, -151.5, 0, 0, 0, 0, 0, -151.5, 0, -303.0, 0, -15.499999999961005, 0, 0, 0, 0, 0, 0, 0, 0, 0, -151.5, -151.5, 0, 0, 0, 0, 0, 1486, -151.5, 0, 0, 0, 0, 0, 0, 0, 0, 0, 0, 0, -151.5, 0, 0, 0, 0, 0, -151.5, 0, 0, 0, 0, -151.5, 0, 0, 0, 0, 0, 0, 0, 0, 0, 0, -151.5, 0, 0, 0, 1486, 0, -151.5, 0, -151.5, 0, 0, 0, 0, 0, 0, 0, 0, 0, -454.5, -454.5, 0, 0, 0, 0, 0, -151.5, 0, 0, -151.5, 0, -303.0, 0, 0, 0, 0, 0, 0, 0, 0, 0, 0, 0, -303.0, 0, 0, 0, 0, 0, 0, 0, 0, 0, 0, 0, -151.5, 0, 0, 0, 0, 0, 0, -151.5, 0, 0, 0, 0, 0, -151.5, 0, 0, 0, 0, 0, 0, 0, 0, 672.0000000000339, 0, 0, 0, 0, -151.5, -303.0, 0, -151.5, 0, 0, 0, 461.0000000000032, 0, 0, 434.4999999999894, 0, 0, 0, 0, -26.50000000002638, 0, 0, 1334.5, -151.5, 0, 1008.000000000008, 0, 0, 0, 0, 0, 0, 0, -151.5, -151.5, 0, 0, 0, -151.5, 0, 0, 109.4999999999697, 0, 0, 0, 0, 0, 0, 0, 0, 0, 835.9999999999619, 0, 0, 0, 0, 0, 0]
Sharpe Ratio: 0.069
Annualized Sharpe: 1.1
Sharpe 95% CI: (np.float64(-0.699), np.float64(3.179))
Win Rate (%): 4.62
Max Drawdown: -2575.5
Profit Factor: 1.607
Expectancy: 16.717
Total Trades: 260



Rolling 1 - Variant 1 - 10_10 - Fit Metrics
Returns: [-151.5, -151.5, 0, 273.4999999999961, -215.4999999999945, 0, 0, 0, 0, 0, 0, -151.5, 0, 0, 0, 0, 0, 0, 0, 0, 0, 0, -151.5, 0, 0, 0, 0, 0, 0, 0, 0, 1236, 0, -151.5, 0, 0, -151.5, 0, 0, 0, -151.5, 0, 0, 0, 0, -151.5, 1084.5, 0, 0, 0, 0, 0]
Sharpe Ratio: 0.093
Annualized Sharpe: 1.473
Sharpe 95% CI: (np.float64(-2.075), np.float64(6.153))
Win Rate (%): 5.77
Max Drawdown: -606.0
Profit Factor: 1.817
Expectancy: 22.433
Total Trades: 52

Rolling 1 - Variant 1 - 10_10 - Test Metrics
Returns: [0, 0, 0, 0, 0, -151.5, 0, 0, 0, 0, 0, -151.5, 0, -151.5, 0, 0, 0, 0, -151.5, 0, 0, 0, 0, -303.0, 0, 0, 0, 0, 0, 0, -151.5, 0, 0, 0, 0, -151.5, 0, -151.5, 0, 0, 0, 0, 0, 1084.5, 0, 0, 0, 0, 0, 1236, 0, 0, 0, 0, 0, 0, -303.0, 0, 0, 0, 1236, 0, 0, -151.5, 0, 0, 0, 0, 0, -151.5, 0, -303.0, 0, -15.499999999961005, 0, 0, 0, 0, 0, 0, 0, 0, 0, -151.5, -151.5, 0, 0, 0, 0, 0, 1236, -151.5, 0, 0, 0, 0, 0, 0, 0, 0, 0, 0, 0, -151.5, 0, 0, 0, 0, 0, -151.5, 0, 0, 0, 0, -151.5, 0, 0, 0, 0, 0, 0, 0, 0, 0, 0, -151.5, 0, 0, 0, 1236, 0, -151.5, 0, -151.5, 0, 0, 0, 0, 0, 0, 0, 0, 0, -454.5, -454.5, 0, 0, 0, 0, 0, -151.5, 0, 0, -151.5, 0, -303.0, 0, 0, 0, 0, 0, 0, 0, 0, 0, 0, 0, -303.0, 0, 0, 0, 0, 0, 0, 0, 0, 0, 0, 0, -151.5, 0, 0, 0, 0, 0, 0, -151.5, 0, 0, 0, 0, 0, -151.5, 0, 0, 0, 0, 0, 0, 0, 0, 672.0000000000339, 0, 0, 0, 0, -151.5, -303.0, 0, -151.5, 0, 0, 0, 461.0000000000032, 0, 0, 434.4999999999894, 0, 0, 0, 0, -26.50000000002638, 0, 0, 1084.5, -151.5, 0, 1008.000000000008, 0, 0, 0, 0, 0, 0, 0, -151.5, -151.5, 0, 0, 0, -151.5, 0, 0, 109.4999999999697, 0, 0, 0, 0, 0, 0, 0, 0, 0, 835.9999999999619, 0, 0, 0, 0, 0, 0]
Sharpe Ratio: 0.06
Annualized Sharpe: 0.96
Sharpe 95% CI: (np.float64(-0.86), np.float64(3.011))
Win Rate (%): 4.62
Max Drawdown: -2575.5
Profit Factor: 1.485
Expectancy: 13.352
Total Trades: 260



Rolling 1 - Variant 2 - 10_3 - Fit Metrics
Returns: [361, -151.5, 0, 273.4999999999961, -215.4999999999945, 0, 0, 0, 0, 0, 0, -151.5, 0, 0, 0, 0, 0, 0, 0, 0, 0, 0, -151.5, 0, 0, 0, 0, 0, 0, 0, 0, 361, 0, -151.5, 0, 0, -151.5, 0, 0, 0, -151.5, 0, 0, 0, 0, 361, 209.5, 0, 0, 0, 0, 0]
Sharpe Ratio: 0.073
Annualized Sharpe: 1.159
Sharpe 95% CI: (np.float64(-2.876), np.float64(5.576))
Win Rate (%): 9.62
Max Drawdown: -612.0
Profit Factor: 1.393
Expectancy: 8.49
Total Trades: 52

Rolling 1 - Variant 2 - 10_3 - Test Metrics
Returns: [0, 0, 0, 0, 0, -151.5, 0, 0, 0, 0, 0, 361, 0, -151.5, 0, 0, 0, 0, -151.5, 0, 0, 0, 0, -303.0, 0, 0, 0, 0, 0, 0, -151.5, 0, 0, 0, 0, -151.5, 0, 361, 0, 0, 0, 0, 0, 209.5, 0, 0, 0, 0, 0, 361, 0, 0, 0, 0, 0, 0, -303.0, 0, 0, 0, 361, 0, 0, -151.5, 0, 0, 0, 0, 0, -151.5, 0, -303.0, 0, 497.000000000039, 0, 0, 0, 0, 0, 0, 0, 0, 0, 361, -151.5, 0, 0, 0, 0, 0, 361, -151.5, 0, 0, 0, 0, 0, 0, 0, 0, 0, 0, 0, -151.5, 0, 0, 0, 0, 0, 361, 0, 0, 0, 0, 361, 0, 0, 0, 0, 0, 0, 0, 0, 0, 0, 361, 0, 0, 0, 361, 0, -151.5, 0, -151.5, 0, 0, 0, 0, 0, 0, 0, 0, 0, -454.5, -454.5, 0, 0, 0, 0, 0, -151.5, 0, 0, -151.5, 0, -303.0, 0, 0, 0, 0, 0, 0, 0, 0, 0, 0, 0, 209.5, 0, 0, 0, 0, 0, 0, 0, 0, 0, 0, 0, -151.5, 0, 0, 0, 0, 0, 0, -151.5, 0, 0, 0, 0, 0, -151.5, 0, 0, 0, 0, 0, 0, 0, 0, 722, 0, 0, 0, 0, -151.5, -303.0, 0, -151.5, 0, 0, 0, 361, 0, 0, 209.5, 0, 0, 0, 0, -26.50000000002638, 0, 0, 209.5, -151.5, 0, 570.5, 0, 0, 0, 0, 0, 0, 0, -151.5, -151.5, 0, 0, 0, -151.5, 0, 0, 209.5, 0, 0, 0, 0, 0, 0, 0, 0, 0, 361, 0, 0, 0, 0, 0, 0]
Sharpe Ratio: 0.037
Annualized Sharpe: 0.587
Sharpe 95% CI: (np.float64(-1.296), np.float64(2.476))
Win Rate (%): 7.69
Max Drawdown: -2063.0
Profit Factor: 1.208
Expectancy: 4.746
Total Trades: 260



Rolling 1 - Variant 3 - 10_8 - Fit Metrics
Returns: [-151.5, -151.5, 0, 273.4999999999961, -215.4999999999945, 0, 0, 0, 0, 0, 0, -151.5, 0, 0, 0, 0, 0, 0, 0, 0, 0, 0, -151.5, 0, 0, 0, 0, 0, 0, 0, 0, 986, 0, -151.5, 0, 0, -151.5, 0, 0, 0, -151.5, 0, 0, 0, 0, -151.5, 834.5, 0, 0, 0, 0, 0]
Sharpe Ratio: 0.065
Annualized Sharpe: 1.037
Sharpe 95% CI: (np.float64(-2.592), np.float64(5.637))
Win Rate (%): 5.77
Max Drawdown: -606.0
Profit Factor: 1.467
Expectancy: 12.817
Total Trades: 52

Rolling 1 - Variant 3 - 10_8 - Test Metrics
Returns: [0, 0, 0, 0, 0, -151.5, 0, 0, 0, 0, 0, -151.5, 0, -151.5, 0, 0, 0, 0, -151.5, 0, 0, 0, 0, -303.0, 0, 0, 0, 0, 0, 0, -151.5, 0, 0, 0, 0, -151.5, 0, -151.5, 0, 0, 0, 0, 0, 834.5, 0, 0, 0, 0, 0, 986, 0, 0, 0, 0, 0, 0, -303.0, 0, 0, 0, 986, 0, 0, -151.5, 0, 0, 0, 0, 0, -151.5, 0, -303.0, 0, 1122.000000000039, 0, 0, 0, 0, 0, 0, 0, 0, 0, -151.5, -151.5, 0, 0, 0, 0, 0, 986, -151.5, 0, 0, 0, 0, 0, 0, 0, 0, 0, 0, 0, -151.5, 0, 0, 0, 0, 0, 986, 0, 0, 0, 0, 986, 0, 0, 0, 0, 0, 0, 0, 0, 0, 0, -151.5, 0, 0, 0, 986, 0, -151.5, 0, -151.5, 0, 0, 0, 0, 0, 0, 0, 0, 0, -454.5, -454.5, 0, 0, 0, 0, 0, -151.5, 0, 0, -151.5, 0, -303.0, 0, 0, 0, 0, 0, 0, 0, 0, 0, 0, 0, -303.0, 0, 0, 0, 0, 0, 0, 0, 0, 0, 0, 0, -151.5, 0, 0, 0, 0, 0, 0, -151.5, 0, 0, 0, 0, 0, -151.5, 0, 0, 0, 0, 0, 0, 0, 0, 672.0000000000339, 0, 0, 0, 0, -151.5, -303.0, 0, -151.5, 0, 0, 0, 461.0000000000032, 0, 0, 434.4999999999894, 0, 0, 0, 0, -26.50000000002638, 0, 0, 834.5, -151.5, 0, 1133.0000000000489, 0, 0, 0, 0, 0, 0, 0, -151.5, -151.5, 0, 0, 0, -151.5, 0, 0, 109.4999999999697, 0, 0, 0, 0, 0, 0, 0, 0, 0, 835.9999999999619, 0, 0, 0, 0, 0, 0]
Sharpe Ratio: 0.095
Annualized Sharpe: 1.513
Sharpe 95% CI: (np.float64(-0.342), np.float64(3.52))
Win Rate (%): 5.77
Max Drawdown: -2575.5
Profit Factor: 1.805
Expectancy: 21.188
Total Trades: 260



Rolling 1 - Variant 4 - 10_6 - Fit Metrics
Returns: [-151.5, -151.5, 0, 273.4999999999961, -215.4999999999945, 0, 0, 0, 0, 0, 0, -151.5, 0, 0, 0, 0, 0, 0, 0, 0, 0, 0, -151.5, 0, 0, 0, 0, 0, 0, 0, 0, 736, 0, -151.5, 0, 0, -151.5, 0, 0, 0, -151.5, 0, 0, 0, 0, -151.5, 584.5, 0, 0, 0, 0, 0]
Sharpe Ratio: 0.021
Annualized Sharpe: 0.333
Sharpe 95% CI: (np.float64(-3.405), np.float64(4.878))
Win Rate (%): 5.77
Max Drawdown: -606.0
Profit Factor: 1.117
Expectancy: 3.202
Total Trades: 52

Rolling 1 - Variant 4 - 10_6 - Test Metrics
Returns: [0, 0, 0, 0, 0, -151.5, 0, 0, 0, 0, 0, 736, 0, -151.5, 0, 0, 0, 0, -151.5, 0, 0, 0, 0, -303.0, 0, 0, 0, 0, 0, 0, -151.5, 0, 0, 0, 0, -151.5, 0, -151.5, 0, 0, 0, 0, 0, 584.5, 0, 0, 0, 0, 0, 736, 0, 0, 0, 0, 0, 0, -303.0, 0, 0, 0, 736, 0, 0, -151.5, 0, 0, 0, 0, 0, -151.5, 0, -303.0, 0, 872.000000000039, 0, 0, 0, 0, 0, 0, 0, 0, 0, -151.5, -151.5, 0, 0, 0, 0, 0, 736, -151.5, 0, 0, 0, 0, 0, 0, 0, 0, 0, 0, 0, -151.5, 0, 0, 0, 0, 0, 736, 0, 0, 0, 0, 736, 0, 0, 0, 0, 0, 0, 0, 0, 0, 0, -151.5, 0, 0, 0, 736, 0, -151.5, 0, -151.5, 0, 0, 0, 0, 0, 0, 0, 0, 0, -454.5, -454.5, 0, 0, 0, 0, 0, -151.5, 0, 0, -151.5, 0, -303.0, 0, 0, 0, 0, 0, 0, 0, 0, 0, 0, 0, -303.0, 0, 0, 0, 0, 0, 0, 0, 0, 0, 0, 0, -151.5, 0, 0, 0, 0, 0, 0, -151.5, 0, 0, 0, 0, 0, -151.5, 0, 0, 0, 0, 0, 0, 0, 0, 934.5000000000043, 0, 0, 0, 0, -151.5, -303.0, 0, -151.5, 0, 0, 0, 461.0000000000032, 0, 0, 584.5, 0, 0, 0, 0, -26.50000000002638, 0, 0, 584.5, -151.5, 0, 883.0000000000489, 0, 0, 0, 0, 0, 0, 0, -151.5, -151.5, 0, 0, 0, -151.5, 0, 0, 584.5, 0, 0, 0, 0, 0, 0, 0, 0, 0, 736, 0, 0, 0, 0, 0, 0]
Sharpe Ratio: 0.093
Annualized Sharpe: 1.47
Sharpe 95% CI: (np.float64(-0.376), np.float64(3.461))
Win Rate (%): 6.15
Max Drawdown: -2575.5
Profit Factor: 1.7
Expectancy: 18.015
Total Trades: 260



Rolling 2 - Variant 0 - 10_12 - Fit Metrics
Returns: [-151.5, -151.5, 0, 273.4999999999961, -215.4999999999945, 0, 0, 0, 0, 0, 0, -151.5, 0, 0, 0, 0, 0, 0, 0, 0, 0, 0, -151.5, 0, 0, 0, 0, 0, 0, 0, 0, 1486, 0, -151.5, 0, 0, -151.5, 0, 0, 0, -151.5, 0, 0, 0, 0, -151.5, 909.5000000000482, 0, 0, 0, 0, 0, 0, 0, 0, 0, 0, -151.5, 0, 0, 0, 0, 0, -151.5, 0, -151.5, 0, 0, 0, 0, -151.5, 0, 0, 0, 0, -303.0, 0, 0]
Sharpe Ratio: 0.02
Annualized Sharpe: 0.316
Sharpe 95% CI: (np.float64(-2.595), np.float64(4.447))
Win Rate (%): 3.85
Max Drawdown: -909.0
Profit Factor: 1.142
Expectancy: 4.263
Total Trades: 78

Rolling 2 - Variant 0 - 10_12 - Test Metrics
Returns: [0, 0, 0, 0, -151.5, 0, 0, 0, 0, -151.5, 0, -151.5, 0, 0, 0, 0, 0, 1334.5, 0, 0, 0, 0, 0, 860.9999999999592, 0, 0, 0, 0, 0, 0, -303.0, 0, 0, 0, 1486, 0, 0, -151.5, 0, 0, 0, 0, 0, -151.5, 0, -303.0, 0, -15.499999999961005, 0, 0, 0, 0, 0, 0, 0, 0, 0, -151.5, -151.5, 0, 0, 0, 0, 0, 1486, -151.5, 0, 0, 0, 0, 0, 0, 0, 0, 0, 0, 0, -151.5, 0, 0, 0, 0, 0, -151.5, 0, 0, 0, 0, -151.5, 0, 0, 0, 0, 0, 0, 0, 0, 0, 0, -151.5, 0, 0, 0, 1486, 0, -151.5, 0, -151.5, 0, 0, 0, 0, 0, 0, 0, 0, 0, -454.5, -454.5, 0, 0, 0, 0, 0, -151.5, 0, 0, -151.5, 0, -303.0, 0, 0, 0, 0, 0, 0, 0, 0, 0, 0, 0, -303.0, 0, 0, 0, 0, 0, 0, 0, 0, 0, 0, 0, -151.5, 0, 0, 0, 0, 0, 0, -151.5, 0, 0, 0, 0, 0, -151.5, 0, 0, 0, 0, 0, 0, 0, 0, 672.0000000000339, 0, 0, 0, 0, -151.5, -303.0, 0, -151.5, 0, 0, 0, 461.0000000000032, 0, 0, 434.4999999999894, 0, 0, 0, 0, -26.50000000002638, 0, 0, 1334.5, -151.5, 0, 1008.000000000008, 0, 0, 0, 0, 0, 0, 0, -151.5, -151.5, 0, 0, 0, -151.5, 0, 0, 109.4999999999697, 0, 0, 0, 0, 0, 0, 0, 0, 0, 835.9999999999619, 0, 0, 0, 0, 0, 0]
Sharpe Ratio: 0.089
Annualized Sharpe: 1.413
Sharpe 95% CI: (np.float64(-0.515), np.float64(3.62))
Win Rate (%): 5.13
Max Drawdown: -2575.5
Profit Factor: 1.84
Expectancy: 22.459
Total Trades: 234



Rolling 2 - Variant 1 - 10_10 - Fit Metrics
Returns: [-151.5, -151.5, 0, 273.4999999999961, -215.4999999999945, 0, 0, 0, 0, 0, 0, -151.5, 0, 0, 0, 0, 0, 0, 0, 0, 0, 0, -151.5, 0, 0, 0, 0, 0, 0, 0, 0, 1236, 0, -151.5, 0, 0, -151.5, 0, 0, 0, -151.5, 0, 0, 0, 0, -151.5, 1084.5, 0, 0, 0, 0, 0, 0, 0, 0, 0, 0, -151.5, 0, 0, 0, 0, 0, -151.5, 0, -151.5, 0, 0, 0, 0, -151.5, 0, 0, 0, 0, -303.0, 0, 0]
Sharpe Ratio: 0.016
Annualized Sharpe: 0.257
Sharpe 95% CI: (np.float64(-2.726), np.float64(4.267))
Win Rate (%): 3.85
Max Drawdown: -909.0
Profit Factor: 1.11
Expectancy: 3.301
Total Trades: 78

Rolling 2 - Variant 1 - 10_10 - Test Metrics
Returns: [0, 0, 0, 0, -151.5, 0, 0, 0, 0, -151.5, 0, -151.5, 0, 0, 0, 0, 0, 1084.5, 0, 0, 0, 0, 0, 1236, 0, 0, 0, 0, 0, 0, -303.0, 0, 0, 0, 1236, 0, 0, -151.5, 0, 0, 0, 0, 0, -151.5, 0, -303.0, 0, -15.499999999961005, 0, 0, 0, 0, 0, 0, 0, 0, 0, -151.5, -151.5, 0, 0, 0, 0, 0, 1236, -151.5, 0, 0, 0, 0, 0, 0, 0, 0, 0, 0, 0, -151.5, 0, 0, 0, 0, 0, -151.5, 0, 0, 0, 0, -151.5, 0, 0, 0, 0, 0, 0, 0, 0, 0, 0, -151.5, 0, 0, 0, 1236, 0, -151.5, 0, -151.5, 0, 0, 0, 0, 0, 0, 0, 0, 0, -454.5, -454.5, 0, 0, 0, 0, 0, -151.5, 0, 0, -151.5, 0, -303.0, 0, 0, 0, 0, 0, 0, 0, 0, 0, 0, 0, -303.0, 0, 0, 0, 0, 0, 0, 0, 0, 0, 0, 0, -151.5, 0, 0, 0, 0, 0, 0, -151.5, 0, 0, 0, 0, 0, -151.5, 0, 0, 0, 0, 0, 0, 0, 0, 672.0000000000339, 0, 0, 0, 0, -151.5, -303.0, 0, -151.5, 0, 0, 0, 461.0000000000032, 0, 0, 434.4999999999894, 0, 0, 0, 0, -26.50000000002638, 0, 0, 1084.5, -151.5, 0, 1008.000000000008, 0, 0, 0, 0, 0, 0, 0, -151.5, -151.5, 0, 0, 0, -151.5, 0, 0, 109.4999999999697, 0, 0, 0, 0, 0, 0, 0, 0, 0, 835.9999999999619, 0, 0, 0, 0, 0, 0]
Sharpe Ratio: 0.081
Annualized Sharpe: 1.288
Sharpe 95% CI: (np.float64(-0.665), np.float64(3.463))
Win Rate (%): 5.13
Max Drawdown: -2575.5
Profit Factor: 1.7
Expectancy: 18.72
Total Trades: 234



Rolling 2 - Variant 2 - 10_6 - Fit Metrics
Returns: [-151.5, -151.5, 0, 273.4999999999961, -215.4999999999945, 0, 0, 0, 0, 0, 0, -151.5, 0, 0, 0, 0, 0, 0, 0, 0, 0, 0, -151.5, 0, 0, 0, 0, 0, 0, 0, 0, 736, 0, -151.5, 0, 0, -151.5, 0, 0, 0, -151.5, 0, 0, 0, 0, -151.5, 584.5, 0, 0, 0, 0, 0, 0, 0, 0, 0, 0, -151.5, 0, 0, 0, 0, 0, 736, 0, -151.5, 0, 0, 0, 0, -151.5, 0, 0, 0, 0, -303.0, 0, 0]
Sharpe Ratio: 0.012
Annualized Sharpe: 0.188
Sharpe 95% CI: (np.float64(-3.035), np.float64(3.929))
Win Rate (%): 5.13
Max Drawdown: -606.0
Profit Factor: 1.066
Expectancy: 1.859
Total Trades: 78

Rolling 2 - Variant 2 - 10_6 - Test Metrics
Returns: [0, 0, 0, 0, -151.5, 0, 0, 0, 0, -151.5, 0, -151.5, 0, 0, 0, 0, 0, 584.5, 0, 0, 0, 0, 0, 736, 0, 0, 0, 0, 0, 0, -303.0, 0, 0, 0, 736, 0, 0, -151.5, 0, 0, 0, 0, 0, -151.5, 0, -303.0, 0, 872.000000000039, 0, 0, 0, 0, 0, 0, 0, 0, 0, -151.5, -151.5, 0, 0, 0, 0, 0, 736, -151.5, 0, 0, 0, 0, 0, 0, 0, 0, 0, 0, 0, -151.5, 0, 0, 0, 0, 0, 736, 0, 0, 0, 0, 736, 0, 0, 0, 0, 0, 0, 0, 0, 0, 0, -151.5, 0, 0, 0, 736, 0, -151.5, 0, -151.5, 0, 0, 0, 0, 0, 0, 0, 0, 0, -454.5, -454.5, 0, 0, 0, 0, 0, -151.5, 0, 0, -151.5, 0, -303.0, 0, 0, 0, 0, 0, 0, 0, 0, 0, 0, 0, -303.0, 0, 0, 0, 0, 0, 0, 0, 0, 0, 0, 0, -151.5, 0, 0, 0, 0, 0, 0, -151.5, 0, 0, 0, 0, 0, -151.5, 0, 0, 0, 0, 0, 0, 0, 0, 934.5000000000043, 0, 0, 0, 0, -151.5, -303.0, 0, -151.5, 0, 0, 0, 461.0000000000032, 0, 0, 584.5, 0, 0, 0, 0, -26.50000000002638, 0, 0, 584.5, -151.5, 0, 883.0000000000489, 0, 0, 0, 0, 0, 0, 0, -151.5, -151.5, 0, 0, 0, -151.5, 0, 0, 584.5, 0, 0, 0, 0, 0, 0, 0, 0, 0, 736, 0, 0, 0, 0, 0, 0]
Sharpe Ratio: 0.102
Annualized Sharpe: 1.616
Sharpe 95% CI: (np.float64(-0.365), np.float64(3.679))
Win Rate (%): 6.41
Max Drawdown: -2575.5
Profit Factor: 1.793
Expectancy: 20.109
Total Trades: 234



Rolling 2 - Variant 3 - 10_3 - Fit Metrics
Returns: [361, -151.5, 0, 273.4999999999961, -215.4999999999945, 0, 0, 0, 0, 0, 0, -151.5, 0, 0, 0, 0, 0, 0, 0, 0, 0, 0, -151.5, 0, 0, 0, 0, 0, 0, 0, 0, 361, 0, -151.5, 0, 0, -151.5, 0, 0, 0, -151.5, 0, 0, 0, 0, 361, 209.5, 0, 0, 0, 0, 0, 0, 0, 0, 0, 0, -151.5, 0, 0, 0, 0, 0, 361, 0, -151.5, 0, 0, 0, 0, -151.5, 0, 0, 0, 0, -303.0, 0, 0]
Sharpe Ratio: 0.005
Annualized Sharpe: 0.081
Sharpe 95% CI: (np.float64(-3.346), np.float64(3.613))
Win Rate (%): 7.69
Max Drawdown: -612.0
Profit Factor: 1.024
Expectancy: 0.577
Total Trades: 78

Rolling 2 - Variant 3 - 10_3 - Test Metrics
Returns: [0, 0, 0, 0, -151.5, 0, 0, 0, 0, -151.5, 0, 361, 0, 0, 0, 0, 0, 209.5, 0, 0, 0, 0, 0, 361, 0, 0, 0, 0, 0, 0, -303.0, 0, 0, 0, 361, 0, 0, -151.5, 0, 0, 0, 0, 0, -151.5, 0, -303.0, 0, 497.000000000039, 0, 0, 0, 0, 0, 0, 0, 0, 0, 361, -151.5, 0, 0, 0, 0, 0, 361, -151.5, 0, 0, 0, 0, 0, 0, 0, 0, 0, 0, 0, -151.5, 0, 0, 0, 0, 0, 361, 0, 0, 0, 0, 361, 0, 0, 0, 0, 0, 0, 0, 0, 0, 0, 361, 0, 0, 0, 361, 0, -151.5, 0, -151.5, 0, 0, 0, 0, 0, 0, 0, 0, 0, -454.5, -454.5, 0, 0, 0, 0, 0, -151.5, 0, 0, -151.5, 0, -303.0, 0, 0, 0, 0, 0, 0, 0, 0, 0, 0, 0, 209.5, 0, 0, 0, 0, 0, 0, 0, 0, 0, 0, 0, -151.5, 0, 0, 0, 0, 0, 0, -151.5, 0, 0, 0, 0, 0, -151.5, 0, 0, 0, 0, 0, 0, 0, 0, 722, 0, 0, 0, 0, -151.5, -303.0, 0, -151.5, 0, 0, 0, 361, 0, 0, 209.5, 0, 0, 0, 0, -26.50000000002638, 0, 0, 209.5, -151.5, 0, 570.5, 0, 0, 0, 0, 0, 0, 0, -151.5, -151.5, 0, 0, 0, -151.5, 0, 0, 209.5, 0, 0, 0, 0, 0, 0, 0, 0, 0, 361, 0, 0, 0, 0, 0, 0]
Sharpe Ratio: 0.053
Annualized Sharpe: 0.847
Sharpe 95% CI: (np.float64(-1.134), np.float64(2.887))
Win Rate (%): 8.12
Max Drawdown: -2063.0
Profit Factor: 1.315
Expectancy: 6.968
Total Trades: 234



Rolling 2 - Variant 4 - 20_6 - Fit Metrics
Returns: [-144.5, -144.5, 0, 136.74999999999804, -176.49999999999724, 0, 0, 0, 0, 0, 0, -144.5, 0, 0, 0, 0, 0, 0, 0, 0, 0, 0, -144.5, 0, 0, 0, 0, 0, 0, 0, 0, 743, 0, -144.5, 0, 0, -144.5, 0, 0, 0, -144.5, 0, 0, 0, 0, -144.5, 386.0000000000241, 0, 0, 0, 0, 0, 0, 0, 0, 0, 0, -144.5, 0, 0, 0, 0, 0, 743, 0, -144.5, 0, 0, 0, 0, -144.5, 0, 0, 0, 0, -289.0, 0, 0]
Sharpe Ratio: -0.004
Annualized Sharpe: -0.065
Sharpe 95% CI: (np.float64(-3.259), np.float64(3.827))
Win Rate (%): 5.13
Max Drawdown: -578.0
Profit Factor: 0.977
Expectancy: -0.593
Total Trades: 78

Rolling 2 - Variant 4 - 20_6 - Test Metrics
Returns: [0, 0, 0, 0, -144.5, 0, 0, 0, 0, -144.5, 0, -144.5, 0, 0, 0, 0, 0, 598.5, 0, 0, 0, 0, 0, 430.4999999999796, 0, 0, 0, 0, 0, 0, -289.0, 0, 0, 0, 743, 0, 0, -144.5, 0, 0, 0, 0, 0, -144.5, 0, -289.0, 0, -76.4999999999805, 0, 0, 0, 0, 0, 0, 0, 0, 0, 255.49999999999886, -7.0, 0, 0, 0, 0, 0, 743, -144.5, 0, 0, 0, 0, 0, 0, 0, 0, 0, 0, 0, -144.5, 0, 0, 0, 0, 0, -144.5, 0, 0, 0, 0, -144.5, 0, 0, 0, 0, 0, 0, 0, 0, 0, 0, -144.5, 0, 0, 0, 743, 0, -144.5, 0, -144.5, 0, 0, 0, 0, 0, 0, 0, 0, 0, -433.5, -433.5, 0, 0, 0, 0, 0, -144.5, 0, 0, -144.5, 0, -289.0, 0, 0, 0, 0, 0, 0, 0, 0, 0, 0, 0, -289.0, 0, 0, 0, 0, 0, 0, 0, 0, 0, 0, 0, -144.5, 0, 0, 0, 0, 0, 0, -144.5, 0, 0, 0, 0, 0, -144.5, 0, 0, 0, 0, 0, 0, 0, 0, 336.00000000001694, 0, 0, 0, 0, -144.5, -289.0, 0, -144.5, 0, 0, 0, 230.5000000000016, 0, 0, 148.4999999999947, 0, 0, 0, 0, -13.25000000001319, 0, 0, 754.7499999999841, -144.5, 0, 435.250000000004, 0, 0, 0, 0, 0, 0, 0, -144.5, -144.5, 0, 0, 0, -144.5, 0, 0, -14.000000000015149, 0, 0, 0, 0, 0, 0, 0, 0, 0, 417.99999999998096, 0, 0, 0, 0, 0, 0]
Sharpe Ratio: 0.003
Annualized Sharpe: 0.043
Sharpe 95% CI: (np.float64(-1.937), np.float64(2.187))
Win Rate (%): 5.13
Max Drawdown: -2698.5
Profit Factor: 1.016
Expectancy: 0.386
Total Trades: 234



Rolling 3 - Variant 0 - 10_10 - Fit Metrics
Returns: [-151.5, -151.5, 0, 273.4999999999961, -215.4999999999945, 0, 0, 0, 0, 0, 0, -151.5, 0, 0, 0, 0, 0, 0, 0, 0, 0, 0, -151.5, 0, 0, 0, 0, 0, 0, 0, 0, 1236, 0, -151.5, 0, 0, -151.5, 0, 0, 0, -151.5, 0, 0, 0, 0, -151.5, 1084.5, 0, 0, 0, 0, 0, 0, 0, 0, 0, 0, -151.5, 0, 0, 0, 0, 0, -151.5, 0, -151.5, 0, 0, 0, 0, -151.5, 0, 0, 0, 0, -303.0, 0, 0, 0, 0, 0, 0, -151.5, 0, 0, 0, 0, -151.5, 0, -151.5, 0, 0, 0, 0, 0, 1084.5, 0, 0, 0, 0, 0, 1236, 0, 0]
Sharpe Ratio: 0.085
Annualized Sharpe: 1.352
Sharpe 95% CI: (np.float64(-1.376), np.float64(4.707))
Win Rate (%): 4.81
Max Drawdown: -1363.5
Profit Factor: 1.761
Expectancy: 20.418
Total Trades: 104

Rolling 3 - Variant 0 - 10_10 - Test Metrics
Returns: [0, 0, 0, 0, -303.0, 0, 0, 0, 1236, 0, 0, -151.5, 0, 0, 0, 0, 0, -151.5, 0, -303.0, 0, -15.499999999961005, 0, 0, 0, 0, 0, 0, 0, 0, 0, -151.5, -151.5, 0, 0, 0, 0, 0, 1236, -151.5, 0, 0, 0, 0, 0, 0, 0, 0, 0, 0, 0, -151.5, 0, 0, 0, 0, 0, -151.5, 0, 0, 0, 0, -151.5, 0, 0, 0, 0, 0, 0, 0, 0, 0, 0, -151.5, 0, 0, 0, 1236, 0, -151.5, 0, -151.5, 0, 0, 0, 0, 0, 0, 0, 0, 0, -454.5, -454.5, 0, 0, 0, 0, 0, -151.5, 0, 0, -151.5, 0, -303.0, 0, 0, 0, 0, 0, 0, 0, 0, 0, 0, 0, -303.0, 0, 0, 0, 0, 0, 0, 0, 0, 0, 0, 0, -151.5, 0, 0, 0, 0, 0, 0, -151.5, 0, 0, 0, 0, 0, -151.5, 0, 0, 0, 0, 0, 0, 0, 0, 672.0000000000339, 0, 0, 0, 0, -151.5, -303.0, 0, -151.5, 0, 0, 0, 461.0000000000032, 0, 0, 434.4999999999894, 0, 0, 0, 0, -26.50000000002638, 0, 0, 1084.5, -151.5, 0, 1008.000000000008, 0, 0, 0, 0, 0, 0, 0, -151.5, -151.5, 0, 0, 0, -151.5, 0, 0, 109.4999999999697, 0, 0, 0, 0, 0, 0, 0, 0, 0, 835.9999999999619, 0, 0, 0, 0, 0, 0]
Sharpe Ratio: 0.056
Annualized Sharpe: 0.887
Sharpe 95% CI: (np.float64(-1.104), np.float64(3.253))
Win Rate (%): 4.81
Max Drawdown: -2575.5
Profit Factor: 1.434
Expectancy: 12.089
Total Trades: 208



Rolling 3 - Variant 1 - 10_12 - Fit Metrics
Returns: [-151.5, -151.5, 0, 273.4999999999961, -215.4999999999945, 0, 0, 0, 0, 0, 0, -151.5, 0, 0, 0, 0, 0, 0, 0, 0, 0, 0, -151.5, 0, 0, 0, 0, 0, 0, 0, 0, 1486, 0, -151.5, 0, 0, -151.5, 0, 0, 0, -151.5, 0, 0, 0, 0, -151.5, 909.5000000000482, 0, 0, 0, 0, 0, 0, 0, 0, 0, 0, -151.5, 0, 0, 0, 0, 0, -151.5, 0, -151.5, 0, 0, 0, 0, -151.5, 0, 0, 0, 0, -303.0, 0, 0, 0, 0, 0, 0, -151.5, 0, 0, 0, 0, -151.5, 0, -151.5, 0, 0, 0, 0, 0, 1334.5, 0, 0, 0, 0, 0, 860.9999999999592, 0, 0]
Sharpe Ratio: 0.082
Annualized Sharpe: 1.303
Sharpe 95% CI: (np.float64(-1.404), np.float64(4.64))
Win Rate (%): 4.81
Max Drawdown: -1363.5
Profit Factor: 1.743
Expectancy: 19.938
Total Trades: 104

Rolling 3 - Variant 1 - 10_12 - Test Metrics
Returns: [0, 0, 0, 0, -303.0, 0, 0, 0, 1486, 0, 0, -151.5, 0, 0, 0, 0, 0, -151.5, 0, -303.0, 0, -15.499999999961005, 0, 0, 0, 0, 0, 0, 0, 0, 0, -151.5, -151.5, 0, 0, 0, 0, 0, 1486, -151.5, 0, 0, 0, 0, 0, 0, 0, 0, 0, 0, 0, -151.5, 0, 0, 0, 0, 0, -151.5, 0, 0, 0, 0, -151.5, 0, 0, 0, 0, 0, 0, 0, 0, 0, 0, -151.5, 0, 0, 0, 1486, 0, -151.5, 0, -151.5, 0, 0, 0, 0, 0, 0, 0, 0, 0, -454.5, -454.5, 0, 0, 0, 0, 0, -151.5, 0, 0, -151.5, 0, -303.0, 0, 0, 0, 0, 0, 0, 0, 0, 0, 0, 0, -303.0, 0, 0, 0, 0, 0, 0, 0, 0, 0, 0, 0, -151.5, 0, 0, 0, 0, 0, 0, -151.5, 0, 0, 0, 0, 0, -151.5, 0, 0, 0, 0, 0, 0, 0, 0, 672.0000000000339, 0, 0, 0, 0, -151.5, -303.0, 0, -151.5, 0, 0, 0, 461.0000000000032, 0, 0, 434.4999999999894, 0, 0, 0, 0, -26.50000000002638, 0, 0, 1334.5, -151.5, 0, 1008.000000000008, 0, 0, 0, 0, 0, 0, 0, -151.5, -151.5, 0, 0, 0, -151.5, 0, 0, 109.4999999999697, 0, 0, 0, 0, 0, 0, 0, 0, 0, 835.9999999999619, 0, 0, 0, 0, 0, 0]
Sharpe Ratio: 0.069
Annualized Sharpe: 1.1
Sharpe 95% CI: (np.float64(-0.878), np.float64(3.499))
Win Rate (%): 4.81
Max Drawdown: -2575.5
Profit Factor: 1.606
Expectancy: 16.897
Total Trades: 208



Rolling 3 - Variant 2 - 10_5 - Fit Metrics
Returns: [-151.5, -151.5, 0, 273.4999999999961, -215.4999999999945, 0, 0, 0, 0, 0, 0, -151.5, 0, 0, 0, 0, 0, 0, 0, 0, 0, 0, -151.5, 0, 0, 0, 0, 0, 0, 0, 0, 611, 0, -151.5, 0, 0, -151.5, 0, 0, 0, -151.5, 0, 0, 0, 0, -151.5, 459.5, 0, 0, 0, 0, 0, 0, 0, 0, 0, 0, -151.5, 0, 0, 0, 0, 0, 611, 0, -151.5, 0, 0, 0, 0, -151.5, 0, 0, 0, 0, -303.0, 0, 0, 0, 0, 0, 0, -151.5, 0, 0, 0, 0, -151.5, 0, 611, 0, 0, 0, 0, 0, 459.5, 0, 0, 0, 0, 0, 611, 0, 0]
Sharpe Ratio: 0.072
Annualized Sharpe: 1.145
Sharpe 95% CI: (np.float64(-1.657), np.float64(4.372))
Win Rate (%): 6.73
Max Drawdown: -909.0
Profit Factor: 1.462
Expectancy: 11.043
Total Trades: 104

Rolling 3 - Variant 2 - 10_5 - Test Metrics
Returns: [0, 0, 0, 0, -303.0, 0, 0, 0, 611, 0, 0, -151.5, 0, 0, 0, 0, 0, -151.5, 0, -303.0, 0, 747.000000000039, 0, 0, 0, 0, 0, 0, 0, 0, 0, -151.5, -151.5, 0, 0, 0, 0, 0, 611, -151.5, 0, 0, 0, 0, 0, 0, 0, 0, 0, 0, 0, -151.5, 0, 0, 0, 0, 0, 611, 0, 0, 0, 0, 611, 0, 0, 0, 0, 0, 0, 0, 0, 0, 0, -151.5, 0, 0, 0, 611, 0, -151.5, 0, -151.5, 0, 0, 0, 0, 0, 0, 0, 0, 0, -454.5, -454.5, 0, 0, 0, 0, 0, -151.5, 0, 0, -151.5, 0, -303.0, 0, 0, 0, 0, 0, 0, 0, 0, 0, 0, 0, -303.0, 0, 0, 0, 0, 0, 0, 0, 0, 0, 0, 0, -151.5, 0, 0, 0, 0, 0, 0, -151.5, 0, 0, 0, 0, 0, -151.5, 0, 0, 0, 0, 0, 0, 0, 0, 809.5000000000043, 0, 0, 0, 0, -151.5, -303.0, 0, -151.5, 0, 0, 0, 461.0000000000032, 0, 0, 459.5, 0, 0, 0, 0, -26.50000000002638, 0, 0, 459.5, -151.5, 0, 758.0000000000489, 0, 0, 0, 0, 0, 0, 0, -151.5, -151.5, 0, 0, 0, -151.5, 0, 0, 459.5, 0, 0, 0, 0, 0, 0, 0, 0, 0, 611, 0, 0, 0, 0, 0, 0]
Sharpe Ratio: 0.065
Annualized Sharpe: 1.033
Sharpe 95% CI: (np.float64(-0.988), np.float64(3.313))
Win Rate (%): 6.25
Max Drawdown: -2575.5
Profit Factor: 1.427
Expectancy: 11.248
Total Trades: 208



Rolling 3 - Variant 3 - 10_20 - Fit Metrics
Returns: [-151.5, -151.5, 0, 273.4999999999961, -215.4999999999945, 0, 0, 0, 0, 0, 0, -151.5, 0, 0, 0, 0, 0, 0, 0, 0, 0, 0, -151.5, 0, 0, 0, 0, 0, 0, 0, 0, 386.0000000000115, 0, -151.5, 0, 0, -151.5, 0, 0, 0, -151.5, 0, 0, 0, 0, -151.5, 909.5000000000482, 0, 0, 0, 0, 0, 0, 0, 0, 0, 0, -151.5, 0, 0, 0, 0, 0, -151.5, 0, -151.5, 0, 0, 0, 0, -151.5, 0, 0, 0, 0, -303.0, 0, 0, 0, 0, 0, 0, -151.5, 0, 0, 0, 0, -151.5, 0, -151.5, 0, 0, 0, 0, 0, 2334.5, 0, 0, 0, 0, 0, 860.9999999999592, 0, 0]
Sharpe Ratio: 0.069
Annualized Sharpe: 1.103
Sharpe 95% CI: (np.float64(-1.428), np.float64(4.621))
Win Rate (%): 4.81
Max Drawdown: -1363.5
Profit Factor: 1.707
Expectancy: 18.976
Total Trades: 104

Rolling 3 - Variant 3 - 10_20 - Test Metrics
Returns: [0, 0, 0, 0, -303.0, 0, 0, 0, -151.5, 0, 0, -151.5, 0, 0, 0, 0, 0, -151.5, 0, -303.0, 0, -15.499999999961005, 0, 0, 0, 0, 0, 0, 0, 0, 0, -151.5, -151.5, 0, 0, 0, 0, 0, 673.499999999952, -151.5, 0, 0, 0, 0, 0, 0, 0, 0, 0, 0, 0, -151.5, 0, 0, 0, 0, 0, -151.5, 0, 0, 0, 0, -151.5, 0, 0, 0, 0, 0, 0, 0, 0, 0, 0, -151.5, 0, 0, 0, 298.50000000004883, 0, -151.5, 0, -151.5, 0, 0, 0, 0, 0, 0, 0, 0, 0, -454.5, -454.5, 0, 0, 0, 0, 0, -151.5, 0, 0, -151.5, 0, -303.0, 0, 0, 0, 0, 0, 0, 0, 0, 0, 0, 0, -303.0, 0, 0, 0, 0, 0, 0, 0, 0, 0, 0, 0, -151.5, 0, 0, 0, 0, 0, 0, -151.5, 0, 0, 0, 0, 0, -151.5, 0, 0, 0, 0, 0, 0, 0, 0, 672.0000000000339, 0, 0, 0, 0, -151.5, -303.0, 0, -151.5, 0, 0, 0, 461.0000000000032, 0, 0, 434.4999999999894, 0, 0, 0, 0, -26.50000000002638, 0, 0, 1722.0000000000418, -151.5, 0, 1008.000000000008, 0, 0, 0, 0, 0, 0, 0, -151.5, -151.5, 0, 0, 0, -151.5, 0, 0, 109.4999999999697, 0, 0, 0, 0, 0, 0, 0, 0, 0, 835.9999999999619, 0, 0, 0, 0, 0, 0]
Sharpe Ratio: 0.007
Annualized Sharpe: 0.106
Sharpe 95% CI: (np.float64(-1.791), np.float64(2.374))
Win Rate (%): 4.33
Max Drawdown: -3740.0
Profit Factor: 1.044
Expectancy: 1.272
Total Trades: 208



Rolling 3 - Variant 4 - 10_6 - Fit Metrics
Returns: [-151.5, -151.5, 0, 273.4999999999961, -215.4999999999945, 0, 0, 0, 0, 0, 0, -151.5, 0, 0, 0, 0, 0, 0, 0, 0, 0, 0, -151.5, 0, 0, 0, 0, 0, 0, 0, 0, 736, 0, -151.5, 0, 0, -151.5, 0, 0, 0, -151.5, 0, 0, 0, 0, -151.5, 584.5, 0, 0, 0, 0, 0, 0, 0, 0, 0, 0, -151.5, 0, 0, 0, 0, 0, 736, 0, -151.5, 0, 0, 0, 0, -151.5, 0, 0, 0, 0, -303.0, 0, 0, 0, 0, 0, 0, -151.5, 0, 0, 0, 0, -151.5, 0, -151.5, 0, 0, 0, 0, 0, 584.5, 0, 0, 0, 0, 0, 736, 0, 0]
Sharpe Ratio: 0.059
Annualized Sharpe: 0.931
Sharpe 95% CI: (np.float64(-1.885), np.float64(4.279))
Win Rate (%): 5.77
Max Drawdown: -1060.5
Profit Factor: 1.383
Expectancy: 9.721
Total Trades: 104

Rolling 3 - Variant 4 - 10_6 - Test Metrics
Returns: [0, 0, 0, 0, -303.0, 0, 0, 0, 736, 0, 0, -151.5, 0, 0, 0, 0, 0, -151.5, 0, -303.0, 0, 872.000000000039, 0, 0, 0, 0, 0, 0, 0, 0, 0, -151.5, -151.5, 0, 0, 0, 0, 0, 736, -151.5, 0, 0, 0, 0, 0, 0, 0, 0, 0, 0, 0, -151.5, 0, 0, 0, 0, 0, 736, 0, 0, 0, 0, 736, 0, 0, 0, 0, 0, 0, 0, 0, 0, 0, -151.5, 0, 0, 0, 736, 0, -151.5, 0, -151.5, 0, 0, 0, 0, 0, 0, 0, 0, 0, -454.5, -454.5, 0, 0, 0, 0, 0, -151.5, 0, 0, -151.5, 0, -303.0, 0, 0, 0, 0, 0, 0, 0, 0, 0, 0, 0, -303.0, 0, 0, 0, 0, 0, 0, 0, 0, 0, 0, 0, -151.5, 0, 0, 0, 0, 0, 0, -151.5, 0, 0, 0, 0, 0, -151.5, 0, 0, 0, 0, 0, 0, 0, 0, 934.5000000000043, 0, 0, 0, 0, -151.5, -303.0, 0, -151.5, 0, 0, 0, 461.0000000000032, 0, 0, 584.5, 0, 0, 0, 0, -26.50000000002638, 0, 0, 584.5, -151.5, 0, 883.0000000000489, 0, 0, 0, 0, 0, 0, 0, -151.5, -151.5, 0, 0, 0, -151.5, 0, 0, 584.5, 0, 0, 0, 0, 0, 0, 0, 0, 0, 736, 0, 0, 0, 0, 0, 0]
Sharpe Ratio: 0.093
Annualized Sharpe: 1.476
Sharpe 95% CI: (np.float64(-0.537), np.float64(3.744))
Win Rate (%): 6.25
Max Drawdown: -2575.5
Profit Factor: 1.701
Expectancy: 18.459
Total Trades: 208



Rolling 4 - Variant 0 - 10_8 - Fit Metrics
Returns: [-151.5, -151.5, 0, 273.4999999999961, -215.4999999999945, 0, 0, 0, 0, 0, 0, -151.5, 0, 0, 0, 0, 0, 0, 0, 0, 0, 0, -151.5, 0, 0, 0, 0, 0, 0, 0, 0, 986, 0, -151.5, 0, 0, -151.5, 0, 0, 0, -151.5, 0, 0, 0, 0, -151.5, 834.5, 0, 0, 0, 0, 0, 0, 0, 0, 0, 0, -151.5, 0, 0, 0, 0, 0, -151.5, 0, -151.5, 0, 0, 0, 0, -151.5, 0, 0, 0, 0, -303.0, 0, 0, 0, 0, 0, 0, -151.5, 0, 0, 0, 0, -151.5, 0, -151.5, 0, 0, 0, 0, 0, 834.5, 0, 0, 0, 0, 0, 986, 0, 0, 0, 0, 0, 0, -303.0, 0, 0, 0, 986, 0, 0, -151.5, 0, 0, 0, 0, 0, -151.5, 0, -303.0, 0, 1122.000000000039, 0, 0, 0, 0]
Sharpe Ratio: 0.081
Annualized Sharpe: 1.282
Sharpe 95% CI: (np.float64(-1.227), np.float64(4.225))
Win Rate (%): 5.38
Max Drawdown: -1363.5
Profit Factor: 1.628
Expectancy: 17.865
Total Trades: 130

Rolling 4 - Variant 0 - 10_8 - Test Metrics
Returns: [0, 0, 0, 0, 0, -151.5, -151.5, 0, 0, 0, 0, 0, 986, -151.5, 0, 0, 0, 0, 0, 0, 0, 0, 0, 0, 0, -151.5, 0, 0, 0, 0, 0, 986, 0, 0, 0, 0, 986, 0, 0, 0, 0, 0, 0, 0, 0, 0, 0, -151.5, 0, 0, 0, 986, 0, -151.5, 0, -151.5, 0, 0, 0, 0, 0, 0, 0, 0, 0, -454.5, -454.5, 0, 0, 0, 0, 0, -151.5, 0, 0, -151.5, 0, -303.0, 0, 0, 0, 0, 0, 0, 0, 0, 0, 0, 0, -303.0, 0, 0, 0, 0, 0, 0, 0, 0, 0, 0, 0, -151.5, 0, 0, 0, 0, 0, 0, -151.5, 0, 0, 0, 0, 0, -151.5, 0, 0, 0, 0, 0, 0, 0, 0, 672.0000000000339, 0, 0, 0, 0, -151.5, -303.0, 0, -151.5, 0, 0, 0, 461.0000000000032, 0, 0, 434.4999999999894, 0, 0, 0, 0, -26.50000000002638, 0, 0, 834.5, -151.5, 0, 1133.0000000000489, 0, 0, 0, 0, 0, 0, 0, -151.5, -151.5, 0, 0, 0, -151.5, 0, 0, 109.4999999999697, 0, 0, 0, 0, 0, 0, 0, 0, 0, 835.9999999999619, 0, 0, 0, 0, 0, 0]
Sharpe Ratio: 0.098
Annualized Sharpe: 1.555
Sharpe 95% CI: (np.float64(-0.631), np.float64(3.942))
Win Rate (%): 6.04
Max Drawdown: -2575.5
Profit Factor: 1.843
Expectancy: 21.17
Total Trades: 182



Rolling 4 - Variant 1 - 10_12 - Fit Metrics
Returns: [-151.5, -151.5, 0, 273.4999999999961, -215.4999999999945, 0, 0, 0, 0, 0, 0, -151.5, 0, 0, 0, 0, 0, 0, 0, 0, 0, 0, -151.5, 0, 0, 0, 0, 0, 0, 0, 0, 1486, 0, -151.5, 0, 0, -151.5, 0, 0, 0, -151.5, 0, 0, 0, 0, -151.5, 909.5000000000482, 0, 0, 0, 0, 0, 0, 0, 0, 0, 0, -151.5, 0, 0, 0, 0, 0, -151.5, 0, -151.5, 0, 0, 0, 0, -151.5, 0, 0, 0, 0, -303.0, 0, 0, 0, 0, 0, 0, -151.5, 0, 0, 0, 0, -151.5, 0, -151.5, 0, 0, 0, 0, 0, 1334.5, 0, 0, 0, 0, 0, 860.9999999999592, 0, 0, 0, 0, 0, 0, -303.0, 0, 0, 0, 1486, 0, 0, -151.5, 0, 0, 0, 0, 0, -151.5, 0, -303.0, 0, -15.499999999961005, 0, 0, 0, 0]
Sharpe Ratio: 0.079
Annualized Sharpe: 1.254
Sharpe 95% CI: (np.float64(-1.211), np.float64(4.282))
Win Rate (%): 4.62
Max Drawdown: -1363.5
Profit Factor: 1.709
Expectancy: 20.269
Total Trades: 130

Rolling 4 - Variant 1 - 10_12 - Test Metrics
Returns: [0, 0, 0, 0, 0, -151.5, -151.5, 0, 0, 0, 0, 0, 1486, -151.5, 0, 0, 0, 0, 0, 0, 0, 0, 0, 0, 0, -151.5, 0, 0, 0, 0, 0, -151.5, 0, 0, 0, 0, -151.5, 0, 0, 0, 0, 0, 0, 0, 0, 0, 0, -151.5, 0, 0, 0, 1486, 0, -151.5, 0, -151.5, 0, 0, 0, 0, 0, 0, 0, 0, 0, -454.5, -454.5, 0, 0, 0, 0, 0, -151.5, 0, 0, -151.5, 0, -303.0, 0, 0, 0, 0, 0, 0, 0, 0, 0, 0, 0, -303.0, 0, 0, 0, 0, 0, 0, 0, 0, 0, 0, 0, -151.5, 0, 0, 0, 0, 0, 0, -151.5, 0, 0, 0, 0, 0, -151.5, 0, 0, 0, 0, 0, 0, 0, 0, 672.0000000000339, 0, 0, 0, 0, -151.5, -303.0, 0, -151.5, 0, 0, 0, 461.0000000000032, 0, 0, 434.4999999999894, 0, 0, 0, 0, -26.50000000002638, 0, 0, 1334.5, -151.5, 0, 1008.000000000008, 0, 0, 0, 0, 0, 0, 0, -151.5, -151.5, 0, 0, 0, -151.5, 0, 0, 109.4999999999697, 0, 0, 0, 0, 0, 0, 0, 0, 0, 835.9999999999619, 0, 0, 0, 0, 0, 0]
Sharpe Ratio: 0.069
Annualized Sharpe: 1.103
Sharpe 95% CI: (np.float64(-0.996), np.float64(3.536))
Win Rate (%): 4.95
Max Drawdown: -2575.5
Profit Factor: 1.606
Expectancy: 16.225
Total Trades: 182



Rolling 4 - Variant 2 - 10_10 - Fit Metrics
Returns: [-151.5, -151.5, 0, 273.4999999999961, -215.4999999999945, 0, 0, 0, 0, 0, 0, -151.5, 0, 0, 0, 0, 0, 0, 0, 0, 0, 0, -151.5, 0, 0, 0, 0, 0, 0, 0, 0, 1236, 0, -151.5, 0, 0, -151.5, 0, 0, 0, -151.5, 0, 0, 0, 0, -151.5, 1084.5, 0, 0, 0, 0, 0, 0, 0, 0, 0, 0, -151.5, 0, 0, 0, 0, 0, -151.5, 0, -151.5, 0, 0, 0, 0, -151.5, 0, 0, 0, 0, -303.0, 0, 0, 0, 0, 0, 0, -151.5, 0, 0, 0, 0, -151.5, 0, -151.5, 0, 0, 0, 0, 0, 1084.5, 0, 0, 0, 0, 0, 1236, 0, 0, 0, 0, 0, 0, -303.0, 0, 0, 0, 1236, 0, 0, -151.5, 0, 0, 0, 0, 0, -151.5, 0, -303.0, 0, -15.499999999961005, 0, 0, 0, 0]
Sharpe Ratio: 0.077
Annualized Sharpe: 1.219
Sharpe 95% CI: (np.float64(-1.288), np.float64(4.157))
Win Rate (%): 4.62
Max Drawdown: -1363.5
Profit Factor: 1.655
Expectancy: 18.731
Total Trades: 130

Rolling 4 - Variant 2 - 10_10 - Test Metrics
Returns: [0, 0, 0, 0, 0, -151.5, -151.5, 0, 0, 0, 0, 0, 1236, -151.5, 0, 0, 0, 0, 0, 0, 0, 0, 0, 0, 0, -151.5, 0, 0, 0, 0, 0, -151.5, 0, 0, 0, 0, -151.5, 0, 0, 0, 0, 0, 0, 0, 0, 0, 0, -151.5, 0, 0, 0, 1236, 0, -151.5, 0, -151.5, 0, 0, 0, 0, 0, 0, 0, 0, 0, -454.5, -454.5, 0, 0, 0, 0, 0, -151.5, 0, 0, -151.5, 0, -303.0, 0, 0, 0, 0, 0, 0, 0, 0, 0, 0, 0, -303.0, 0, 0, 0, 0, 0, 0, 0, 0, 0, 0, 0, -151.5, 0, 0, 0, 0, 0, 0, -151.5, 0, 0, 0, 0, 0, -151.5, 0, 0, 0, 0, 0, 0, 0, 0, 672.0000000000339, 0, 0, 0, 0, -151.5, -303.0, 0, -151.5, 0, 0, 0, 461.0000000000032, 0, 0, 434.4999999999894, 0, 0, 0, 0, -26.50000000002638, 0, 0, 1084.5, -151.5, 0, 1008.000000000008, 0, 0, 0, 0, 0, 0, 0, -151.5, -151.5, 0, 0, 0, -151.5, 0, 0, 109.4999999999697, 0, 0, 0, 0, 0, 0, 0, 0, 0, 835.9999999999619, 0, 0, 0, 0, 0, 0]
Sharpe Ratio: 0.058
Annualized Sharpe: 0.918
Sharpe 95% CI: (np.float64(-1.205), np.float64(3.329))
Win Rate (%): 4.95
Max Drawdown: -2575.5
Profit Factor: 1.452
Expectancy: 12.104
Total Trades: 182



Rolling 4 - Variant 3 - 10_5 - Fit Metrics
Returns: [-151.5, -151.5, 0, 273.4999999999961, -215.4999999999945, 0, 0, 0, 0, 0, 0, -151.5, 0, 0, 0, 0, 0, 0, 0, 0, 0, 0, -151.5, 0, 0, 0, 0, 0, 0, 0, 0, 611, 0, -151.5, 0, 0, -151.5, 0, 0, 0, -151.5, 0, 0, 0, 0, -151.5, 459.5, 0, 0, 0, 0, 0, 0, 0, 0, 0, 0, -151.5, 0, 0, 0, 0, 0, 611, 0, -151.5, 0, 0, 0, 0, -151.5, 0, 0, 0, 0, -303.0, 0, 0, 0, 0, 0, 0, -151.5, 0, 0, 0, 0, -151.5, 0, 611, 0, 0, 0, 0, 0, 459.5, 0, 0, 0, 0, 0, 611, 0, 0, 0, 0, 0, 0, -303.0, 0, 0, 0, 611, 0, 0, -151.5, 0, 0, 0, 0, 0, -151.5, 0, -303.0, 0, 747.000000000039, 0, 0, 0, 0]
Sharpe Ratio: 0.074
Annualized Sharpe: 1.173
Sharpe 95% CI: (np.float64(-1.418), np.float64(3.991))
Win Rate (%): 6.92
Max Drawdown: -909.0
Profit Factor: 1.47
Expectancy: 12.288
Total Trades: 130

Rolling 4 - Variant 3 - 10_5 - Test Metrics
Returns: [0, 0, 0, 0, 0, -151.5, -151.5, 0, 0, 0, 0, 0, 611, -151.5, 0, 0, 0, 0, 0, 0, 0, 0, 0, 0, 0, -151.5, 0, 0, 0, 0, 0, 611, 0, 0, 0, 0, 611, 0, 0, 0, 0, 0, 0, 0, 0, 0, 0, -151.5, 0, 0, 0, 611, 0, -151.5, 0, -151.5, 0, 0, 0, 0, 0, 0, 0, 0, 0, -454.5, -454.5, 0, 0, 0, 0, 0, -151.5, 0, 0, -151.5, 0, -303.0, 0, 0, 0, 0, 0, 0, 0, 0, 0, 0, 0, -303.0, 0, 0, 0, 0, 0, 0, 0, 0, 0, 0, 0, -151.5, 0, 0, 0, 0, 0, 0, -151.5, 0, 0, 0, 0, 0, -151.5, 0, 0, 0, 0, 0, 0, 0, 0, 809.5000000000043, 0, 0, 0, 0, -151.5, -303.0, 0, -151.5, 0, 0, 0, 461.0000000000032, 0, 0, 459.5, 0, 0, 0, 0, -26.50000000002638, 0, 0, 459.5, -151.5, 0, 758.0000000000489, 0, 0, 0, 0, 0, 0, 0, -151.5, -151.5, 0, 0, 0, -151.5, 0, 0, 459.5, 0, 0, 0, 0, 0, 0, 0, 0, 0, 611, 0, 0, 0, 0, 0, 0]
Sharpe Ratio: 0.062
Annualized Sharpe: 0.99
Sharpe 95% CI: (np.float64(-1.216), np.float64(3.377))
Win Rate (%): 6.04
Max Drawdown: -2575.5
Profit Factor: 1.414
Expectancy: 10.387
Total Trades: 182



Rolling 4 - Variant 4 - 10_6 - Fit Metrics
Returns: [-151.5, -151.5, 0, 273.4999999999961, -215.4999999999945, 0, 0, 0, 0, 0, 0, -151.5, 0, 0, 0, 0, 0, 0, 0, 0, 0, 0, -151.5, 0, 0, 0, 0, 0, 0, 0, 0, 736, 0, -151.5, 0, 0, -151.5, 0, 0, 0, -151.5, 0, 0, 0, 0, -151.5, 584.5, 0, 0, 0, 0, 0, 0, 0, 0, 0, 0, -151.5, 0, 0, 0, 0, 0, 736, 0, -151.5, 0, 0, 0, 0, -151.5, 0, 0, 0, 0, -303.0, 0, 0, 0, 0, 0, 0, -151.5, 0, 0, 0, 0, -151.5, 0, -151.5, 0, 0, 0, 0, 0, 584.5, 0, 0, 0, 0, 0, 736, 0, 0, 0, 0, 0, 0, -303.0, 0, 0, 0, 736, 0, 0, -151.5, 0, 0, 0, 0, 0, -151.5, 0, -303.0, 0, 872.000000000039, 0, 0, 0, 0]
Sharpe Ratio: 0.072
Annualized Sharpe: 1.137
Sharpe 95% CI: (np.float64(-1.48), np.float64(3.976))
Win Rate (%): 6.15
Max Drawdown: -1060.5
Profit Factor: 1.482
Expectancy: 13.154
Total Trades: 130

Rolling 4 - Variant 4 - 10_6 - Test Metrics
Returns: [0, 0, 0, 0, 0, -151.5, -151.5, 0, 0, 0, 0, 0, 736, -151.5, 0, 0, 0, 0, 0, 0, 0, 0, 0, 0, 0, -151.5, 0, 0, 0, 0, 0, 736, 0, 0, 0, 0, 736, 0, 0, 0, 0, 0, 0, 0, 0, 0, 0, -151.5, 0, 0, 0, 736, 0, -151.5, 0, -151.5, 0, 0, 0, 0, 0, 0, 0, 0, 0, -454.5, -454.5, 0, 0, 0, 0, 0, -151.5, 0, 0, -151.5, 0, -303.0, 0, 0, 0, 0, 0, 0, 0, 0, 0, 0, 0, -303.0, 0, 0, 0, 0, 0, 0, 0, 0, 0, 0, 0, -151.5, 0, 0, 0, 0, 0, 0, -151.5, 0, 0, 0, 0, 0, -151.5, 0, 0, 0, 0, 0, 0, 0, 0, 934.5000000000043, 0, 0, 0, 0, -151.5, -303.0, 0, -151.5, 0, 0, 0, 461.0000000000032, 0, 0, 584.5, 0, 0, 0, 0, -26.50000000002638, 0, 0, 584.5, -151.5, 0, 883.0000000000489, 0, 0, 0, 0, 0, 0, 0, -151.5, -151.5, 0, 0, 0, -151.5, 0, 0, 584.5, 0, 0, 0, 0, 0, 0, 0, 0, 0, 736, 0, 0, 0, 0, 0, 0]
Sharpe Ratio: 0.09
Annualized Sharpe: 1.429
Sharpe 95% CI: (np.float64(-0.749), np.float64(3.836))
Win Rate (%): 6.04
Max Drawdown: -2575.5
Profit Factor: 1.687
Expectancy: 17.255
Total Trades: 182



Rolling 5 - Variant 0 - 10_12 - Fit Metrics
Returns: [-151.5, -151.5, 0, 273.4999999999961, -215.4999999999945, 0, 0, 0, 0, 0, 0, -151.5, 0, 0, 0, 0, 0, 0, 0, 0, 0, 0, -151.5, 0, 0, 0, 0, 0, 0, 0, 0, 1486, 0, -151.5, 0, 0, -151.5, 0, 0, 0, -151.5, 0, 0, 0, 0, -151.5, 909.5000000000482, 0, 0, 0, 0, 0, 0, 0, 0, 0, 0, -151.5, 0, 0, 0, 0, 0, -151.5, 0, -151.5, 0, 0, 0, 0, -151.5, 0, 0, 0, 0, -303.0, 0, 0, 0, 0, 0, 0, -151.5, 0, 0, 0, 0, -151.5, 0, -151.5, 0, 0, 0, 0, 0, 1334.5, 0, 0, 0, 0, 0, 860.9999999999592, 0, 0, 0, 0, 0, 0, -303.0, 0, 0, 0, 1486, 0, 0, -151.5, 0, 0, 0, 0, 0, -151.5, 0, -303.0, 0, -15.499999999961005, 0, 0, 0, 0, 0, 0, 0, 0, 0, -151.5, -151.5, 0, 0, 0, 0, 0, 1486, -151.5, 0, 0, 0, 0, 0, 0, 0, 0, 0, 0, 0, -151.5]
Sharpe Ratio: 0.085
Annualized Sharpe: 1.357
Sharpe 95% CI: (np.float64(-0.866), np.float64(4.037))
Win Rate (%): 4.49
Max Drawdown: -1363.5
Profit Factor: 1.813
Expectancy: 22.532
Total Trades: 156

Rolling 5 - Variant 0 - 10_12 - Test Metrics
Returns: [0, 0, 0, 0, 0, -151.5, 0, 0, 0, 0, -151.5, 0, 0, 0, 0, 0, 0, 0, 0, 0, 0, -151.5, 0, 0, 0, 1486, 0, -151.5, 0, -151.5, 0, 0, 0, 0, 0, 0, 0, 0, 0, -454.5, -454.5, 0, 0, 0, 0, 0, -151.5, 0, 0, -151.5, 0, -303.0, 0, 0, 0, 0, 0, 0, 0, 0, 0, 0, 0, -303.0, 0, 0, 0, 0, 0, 0, 0, 0, 0, 0, 0, -151.5, 0, 0, 0, 0, 0, 0, -151.5, 0, 0, 0, 0, 0, -151.5, 0, 0, 0, 0, 0, 0, 0, 0, 672.0000000000339, 0, 0, 0, 0, -151.5, -303.0, 0, -151.5, 0, 0, 0, 461.0000000000032, 0, 0, 434.4999999999894, 0, 0, 0, 0, -26.50000000002638, 0, 0, 1334.5, -151.5, 0, 1008.000000000008, 0, 0, 0, 0, 0, 0, 0, -151.5, -151.5, 0, 0, 0, -151.5, 0, 0, 109.4999999999697, 0, 0, 0, 0, 0, 0, 0, 0, 0, 835.9999999999619, 0, 0, 0, 0, 0, 0]
Sharpe Ratio: 0.06
Annualized Sharpe: 0.953
Sharpe 95% CI: (np.float64(-1.304), np.float64(3.647))
Win Rate (%): 5.13
Max Drawdown: -2575.5
Profit Factor: 1.486
Expectancy: 13.288
Total Trades: 156



Rolling 5 - Variant 1 - 10_10 - Fit Metrics
Returns: [-151.5, -151.5, 0, 273.4999999999961, -215.4999999999945, 0, 0, 0, 0, 0, 0, -151.5, 0, 0, 0, 0, 0, 0, 0, 0, 0, 0, -151.5, 0, 0, 0, 0, 0, 0, 0, 0, 1236, 0, -151.5, 0, 0, -151.5, 0, 0, 0, -151.5, 0, 0, 0, 0, -151.5, 1084.5, 0, 0, 0, 0, 0, 0, 0, 0, 0, 0, -151.5, 0, 0, 0, 0, 0, -151.5, 0, -151.5, 0, 0, 0, 0, -151.5, 0, 0, 0, 0, -303.0, 0, 0, 0, 0, 0, 0, -151.5, 0, 0, 0, 0, -151.5, 0, -151.5, 0, 0, 0, 0, 0, 1084.5, 0, 0, 0, 0, 0, 1236, 0, 0, 0, 0, 0, 0, -303.0, 0, 0, 0, 1236, 0, 0, -151.5, 0, 0, 0, 0, 0, -151.5, 0, -303.0, 0, -15.499999999961005, 0, 0, 0, 0, 0, 0, 0, 0, 0, -151.5, -151.5, 0, 0, 0, 0, 0, 1236, -151.5, 0, 0, 0, 0, 0, 0, 0, 0, 0, 0, 0, -151.5]
Sharpe Ratio: 0.08
Annualized Sharpe: 1.275
Sharpe 95% CI: (np.float64(-0.988), np.float64(3.946))
Win Rate (%): 4.49
Max Drawdown: -1363.5
Profit Factor: 1.709
Expectancy: 19.647
Total Trades: 156

Rolling 5 - Variant 1 - 10_10 - Test Metrics
Returns: [0, 0, 0, 0, 0, -151.5, 0, 0, 0, 0, -151.5, 0, 0, 0, 0, 0, 0, 0, 0, 0, 0, -151.5, 0, 0, 0, 1236, 0, -151.5, 0, -151.5, 0, 0, 0, 0, 0, 0, 0, 0, 0, -454.5, -454.5, 0, 0, 0, 0, 0, -151.5, 0, 0, -151.5, 0, -303.0, 0, 0, 0, 0, 0, 0, 0, 0, 0, 0, 0, -303.0, 0, 0, 0, 0, 0, 0, 0, 0, 0, 0, 0, -151.5, 0, 0, 0, 0, 0, 0, -151.5, 0, 0, 0, 0, 0, -151.5, 0, 0, 0, 0, 0, 0, 0, 0, 672.0000000000339, 0, 0, 0, 0, -151.5, -303.0, 0, -151.5, 0, 0, 0, 461.0000000000032, 0, 0, 434.4999999999894, 0, 0, 0, 0, -26.50000000002638, 0, 0, 1084.5, -151.5, 0, 1008.000000000008, 0, 0, 0, 0, 0, 0, 0, -151.5, -151.5, 0, 0, 0, -151.5, 0, 0, 109.4999999999697, 0, 0, 0, 0, 0, 0, 0, 0, 0, 835.9999999999619, 0, 0, 0, 0, 0, 0]
Sharpe Ratio: 0.05
Annualized Sharpe: 0.792
Sharpe 95% CI: (np.float64(-1.512), np.float64(3.439))
Win Rate (%): 5.13
Max Drawdown: -2575.5
Profit Factor: 1.369
Expectancy: 10.083
Total Trades: 156



Rolling 5 - Variant 2 - 10_8 - Fit Metrics
Returns: [-151.5, -151.5, 0, 273.4999999999961, -215.4999999999945, 0, 0, 0, 0, 0, 0, -151.5, 0, 0, 0, 0, 0, 0, 0, 0, 0, 0, -151.5, 0, 0, 0, 0, 0, 0, 0, 0, 986, 0, -151.5, 0, 0, -151.5, 0, 0, 0, -151.5, 0, 0, 0, 0, -151.5, 834.5, 0, 0, 0, 0, 0, 0, 0, 0, 0, 0, -151.5, 0, 0, 0, 0, 0, -151.5, 0, -151.5, 0, 0, 0, 0, -151.5, 0, 0, 0, 0, -303.0, 0, 0, 0, 0, 0, 0, -151.5, 0, 0, 0, 0, -151.5, 0, -151.5, 0, 0, 0, 0, 0, 834.5, 0, 0, 0, 0, 0, 986, 0, 0, 0, 0, 0, 0, -303.0, 0, 0, 0, 986, 0, 0, -151.5, 0, 0, 0, 0, 0, -151.5, 0, -303.0, 0, 1122.000000000039, 0, 0, 0, 0, 0, 0, 0, 0, 0, -151.5, -151.5, 0, 0, 0, 0, 0, 986, -151.5, 0, 0, 0, 0, 0, 0, 0, 0, 0, 0, 0, -151.5]
Sharpe Ratio: 0.079
Annualized Sharpe: 1.261
Sharpe 95% CI: (np.float64(-1.089), np.float64(3.846))
Win Rate (%): 5.13
Max Drawdown: -1363.5
Profit Factor: 1.628
Expectancy: 17.324
Total Trades: 156

Rolling 5 - Variant 2 - 10_8 - Test Metrics
Returns: [0, 0, 0, 0, 0, 986, 0, 0, 0, 0, 986, 0, 0, 0, 0, 0, 0, 0, 0, 0, 0, -151.5, 0, 0, 0, 986, 0, -151.5, 0, -151.5, 0, 0, 0, 0, 0, 0, 0, 0, 0, -454.5, -454.5, 0, 0, 0, 0, 0, -151.5, 0, 0, -151.5, 0, -303.0, 0, 0, 0, 0, 0, 0, 0, 0, 0, 0, 0, -303.0, 0, 0, 0, 0, 0, 0, 0, 0, 0, 0, 0, -151.5, 0, 0, 0, 0, 0, 0, -151.5, 0, 0, 0, 0, 0, -151.5, 0, 0, 0, 0, 0, 0, 0, 0, 672.0000000000339, 0, 0, 0, 0, -151.5, -303.0, 0, -151.5, 0, 0, 0, 461.0000000000032, 0, 0, 434.4999999999894, 0, 0, 0, 0, -26.50000000002638, 0, 0, 834.5, -151.5, 0, 1133.0000000000489, 0, 0, 0, 0, 0, 0, 0, -151.5, -151.5, 0, 0, 0, -151.5, 0, 0, 109.4999999999697, 0, 0, 0, 0, 0, 0, 0, 0, 0, 835.9999999999619, 0, 0, 0, 0, 0, 0]
Sharpe Ratio: 0.102
Annualized Sharpe: 1.618
Sharpe 95% CI: (np.float64(-0.707), np.float64(4.234))
Win Rate (%): 6.41
Max Drawdown: -2575.5
Profit Factor: 1.876
Expectancy: 22.263
Total Trades: 156



Rolling 5 - Variant 3 - 10_6 - Fit Metrics
Returns: [-151.5, -151.5, 0, 273.4999999999961, -215.4999999999945, 0, 0, 0, 0, 0, 0, -151.5, 0, 0, 0, 0, 0, 0, 0, 0, 0, 0, -151.5, 0, 0, 0, 0, 0, 0, 0, 0, 736, 0, -151.5, 0, 0, -151.5, 0, 0, 0, -151.5, 0, 0, 0, 0, -151.5, 584.5, 0, 0, 0, 0, 0, 0, 0, 0, 0, 0, -151.5, 0, 0, 0, 0, 0, 736, 0, -151.5, 0, 0, 0, 0, -151.5, 0, 0, 0, 0, -303.0, 0, 0, 0, 0, 0, 0, -151.5, 0, 0, 0, 0, -151.5, 0, -151.5, 0, 0, 0, 0, 0, 584.5, 0, 0, 0, 0, 0, 736, 0, 0, 0, 0, 0, 0, -303.0, 0, 0, 0, 736, 0, 0, -151.5, 0, 0, 0, 0, 0, -151.5, 0, -303.0, 0, 872.000000000039, 0, 0, 0, 0, 0, 0, 0, 0, 0, -151.5, -151.5, 0, 0, 0, 0, 0, 736, -151.5, 0, 0, 0, 0, 0, 0, 0, 0, 0, 0, 0, -151.5]
Sharpe Ratio: 0.066
Annualized Sharpe: 1.044
Sharpe 95% CI: (np.float64(-1.305), np.float64(3.606))
Win Rate (%): 5.77
Max Drawdown: -1060.5
Profit Factor: 1.443
Expectancy: 11.795
Total Trades: 156

Rolling 5 - Variant 3 - 10_6 - Test Metrics
Returns: [0, 0, 0, 0, 0, 736, 0, 0, 0, 0, 736, 0, 0, 0, 0, 0, 0, 0, 0, 0, 0, -151.5, 0, 0, 0, 736, 0, -151.5, 0, -151.5, 0, 0, 0, 0, 0, 0, 0, 0, 0, -454.5, -454.5, 0, 0, 0, 0, 0, -151.5, 0, 0, -151.5, 0, -303.0, 0, 0, 0, 0, 0, 0, 0, 0, 0, 0, 0, -303.0, 0, 0, 0, 0, 0, 0, 0, 0, 0, 0, 0, -151.5, 0, 0, 0, 0, 0, 0, -151.5, 0, 0, 0, 0, 0, -151.5, 0, 0, 0, 0, 0, 0, 0, 0, 934.5000000000043, 0, 0, 0, 0, -151.5, -303.0, 0, -151.5, 0, 0, 0, 461.0000000000032, 0, 0, 584.5, 0, 0, 0, 0, -26.50000000002638, 0, 0, 584.5, -151.5, 0, 883.0000000000489, 0, 0, 0, 0, 0, 0, 0, -151.5, -151.5, 0, 0, 0, -151.5, 0, 0, 584.5, 0, 0, 0, 0, 0, 0, 0, 0, 0, 736, 0, 0, 0, 0, 0, 0]
Sharpe Ratio: 0.098
Annualized Sharpe: 1.556
Sharpe 95% CI: (np.float64(-0.823), np.float64(4.102))
Win Rate (%): 6.41
Max Drawdown: -2575.5
Profit Factor: 1.759
Expectancy: 19.298
Total Trades: 156



Rolling 5 - Variant 4 - 10_5 - Fit Metrics
Returns: [-151.5, -151.5, 0, 273.4999999999961, -215.4999999999945, 0, 0, 0, 0, 0, 0, -151.5, 0, 0, 0, 0, 0, 0, 0, 0, 0, 0, -151.5, 0, 0, 0, 0, 0, 0, 0, 0, 611, 0, -151.5, 0, 0, -151.5, 0, 0, 0, -151.5, 0, 0, 0, 0, -151.5, 459.5, 0, 0, 0, 0, 0, 0, 0, 0, 0, 0, -151.5, 0, 0, 0, 0, 0, 611, 0, -151.5, 0, 0, 0, 0, -151.5, 0, 0, 0, 0, -303.0, 0, 0, 0, 0, 0, 0, -151.5, 0, 0, 0, 0, -151.5, 0, 611, 0, 0, 0, 0, 0, 459.5, 0, 0, 0, 0, 0, 611, 0, 0, 0, 0, 0, 0, -303.0, 0, 0, 0, 611, 0, 0, -151.5, 0, 0, 0, 0, 0, -151.5, 0, -303.0, 0, 747.000000000039, 0, 0, 0, 0, 0, 0, 0, 0, 0, -151.5, -151.5, 0, 0, 0, 0, 0, 611, -151.5, 0, 0, 0, 0, 0, 0, 0, 0, 0, 0, 0, -151.5]
Sharpe Ratio: 0.064
Annualized Sharpe: 1.01
Sharpe 95% CI: (np.float64(-1.307), np.float64(3.621))
Win Rate (%): 6.41
Max Drawdown: -909.0
Profit Factor: 1.4
Expectancy: 10.272
Total Trades: 156

Rolling 5 - Variant 4 - 10_5 - Test Metrics
Returns: [0, 0, 0, 0, 0, 611, 0, 0, 0, 0, 611, 0, 0, 0, 0, 0, 0, 0, 0, 0, 0, -151.5, 0, 0, 0, 611, 0, -151.5, 0, -151.5, 0, 0, 0, 0, 0, 0, 0, 0, 0, -454.5, -454.5, 0, 0, 0, 0, 0, -151.5, 0, 0, -151.5, 0, -303.0, 0, 0, 0, 0, 0, 0, 0, 0, 0, 0, 0, -303.0, 0, 0, 0, 0, 0, 0, 0, 0, 0, 0, 0, -151.5, 0, 0, 0, 0, 0, 0, -151.5, 0, 0, 0, 0, 0, -151.5, 0, 0, 0, 0, 0, 0, 0, 0, 809.5000000000043, 0, 0, 0, 0, -151.5, -303.0, 0, -151.5, 0, 0, 0, 461.0000000000032, 0, 0, 459.5, 0, 0, 0, 0, -26.50000000002638, 0, 0, 459.5, -151.5, 0, 758.0000000000489, 0, 0, 0, 0, 0, 0, 0, -151.5, -151.5, 0, 0, 0, -151.5, 0, 0, 459.5, 0, 0, 0, 0, 0, 0, 0, 0, 0, 611, 0, 0, 0, 0, 0, 0]
Sharpe Ratio: 0.07
Annualized Sharpe: 1.119
Sharpe 95% CI: (np.float64(-1.27), np.float64(3.64))
Win Rate (%): 6.41
Max Drawdown: -2575.5
Profit Factor: 1.475
Expectancy: 12.087
Total Trades: 156



Rolling 6 - Variant 0 - 10_8 - Fit Metrics
Returns: [-151.5, -151.5, 0, 273.4999999999961, -215.4999999999945, 0, 0, 0, 0, 0, 0, -151.5, 0, 0, 0, 0, 0, 0, 0, 0, 0, 0, -151.5, 0, 0, 0, 0, 0, 0, 0, 0, 986, 0, -151.5, 0, 0, -151.5, 0, 0, 0, -151.5, 0, 0, 0, 0, -151.5, 834.5, 0, 0, 0, 0, 0, 0, 0, 0, 0, 0, -151.5, 0, 0, 0, 0, 0, -151.5, 0, -151.5, 0, 0, 0, 0, -151.5, 0, 0, 0, 0, -303.0, 0, 0, 0, 0, 0, 0, -151.5, 0, 0, 0, 0, -151.5, 0, -151.5, 0, 0, 0, 0, 0, 834.5, 0, 0, 0, 0, 0, 986, 0, 0, 0, 0, 0, 0, -303.0, 0, 0, 0, 986, 0, 0, -151.5, 0, 0, 0, 0, 0, -151.5, 0, -303.0, 0, 1122.000000000039, 0, 0, 0, 0, 0, 0, 0, 0, 0, -151.5, -151.5, 0, 0, 0, 0, 0, 986, -151.5, 0, 0, 0, 0, 0, 0, 0, 0, 0, 0, 0, -151.5, 0, 0, 0, 0, 0, 986, 0, 0, 0, 0, 986, 0, 0, 0, 0, 0, 0, 0, 0, 0, 0, -151.5, 0, 0, 0, 986]
Sharpe Ratio: 0.128
Annualized Sharpe: 2.025
Sharpe 95% CI: (np.float64(-0.153), np.float64(4.396))
Win Rate (%): 6.04
Max Drawdown: -1363.5
Profit Factor: 2.236
Expectancy: 30.269
Total Trades: 182

Rolling 6 - Variant 0 - 10_8 - Test Metrics
Returns: [0, -151.5, 0, -151.5, 0, 0, 0, 0, 0, 0, 0, 0, 0, -454.5, -454.5, 0, 0, 0, 0, 0, -151.5, 0, 0, -151.5, 0, -303.0, 0, 0, 0, 0, 0, 0, 0, 0, 0, 0, 0, -303.0, 0, 0, 0, 0, 0, 0, 0, 0, 0, 0, 0, -151.5, 0, 0, 0, 0, 0, 0, -151.5, 0, 0, 0, 0, 0, -151.5, 0, 0, 0, 0, 0, 0, 0, 0, 672.0000000000339, 0, 0, 0, 0, -151.5, -303.0, 0, -151.5, 0, 0, 0, 461.0000000000032, 0, 0, 434.4999999999894, 0, 0, 0, 0, -26.50000000002638, 0, 0, 834.5, -151.5, 0, 1133.0000000000489, 0, 0, 0, 0, 0, 0, 0, -151.5, -151.5, 0, 0, 0, -151.5, 0, 0, 109.4999999999697, 0, 0, 0, 0, 0, 0, 0, 0, 0, 835.9999999999619, 0, 0, 0, 0, 0, 0]
Sharpe Ratio: 0.027
Annualized Sharpe: 0.434
Sharpe 95% CI: (np.float64(-2.118), np.float64(3.403))
Win Rate (%): 5.38
Max Drawdown: -2575.5
Profit Factor: 1.175
Expectancy: 5.127
Total Trades: 130



Rolling 6 - Variant 1 - 10_4 - Fit Metrics
Returns: [-151.5, -151.5, 0, 273.4999999999961, -215.4999999999945, 0, 0, 0, 0, 0, 0, -151.5, 0, 0, 0, 0, 0, 0, 0, 0, 0, 0, -151.5, 0, 0, 0, 0, 0, 0, 0, 0, 486, 0, -151.5, 0, 0, -151.5, 0, 0, 0, -151.5, 0, 0, 0, 0, -151.5, 334.5, 0, 0, 0, 0, 0, 0, 0, 0, 0, 0, -151.5, 0, 0, 0, 0, 0, 486, 0, -151.5, 0, 0, 0, 0, -151.5, 0, 0, 0, 0, -303.0, 0, 0, 0, 0, 0, 0, -151.5, 0, 0, 0, 0, -151.5, 0, 486, 0, 0, 0, 0, 0, 334.5, 0, 0, 0, 0, 0, 486, 0, 0, 0, 0, 0, 0, -303.0, 0, 0, 0, 486, 0, 0, -151.5, 0, 0, 0, 0, 0, -151.5, 0, -303.0, 0, 622.000000000039, 0, 0, 0, 0, 0, 0, 0, 0, 0, 486, -151.5, 0, 0, 0, 0, 0, 486, -151.5, 0, 0, 0, 0, 0, 0, 0, 0, 0, 0, 0, -151.5, 0, 0, 0, 0, 0, 486, 0, 0, 0, 0, 486, 0, 0, 0, 0, 0, 0, 0, 0, 0, 0, 486, 0, 0, 0, 486]
Sharpe Ratio: 0.114
Annualized Sharpe: 1.802
Sharpe 95% CI: (np.float64(-0.425), np.float64(4.201))
Win Rate (%): 8.24
Max Drawdown: -909.0
Profit Factor: 1.794
Expectancy: 16.808
Total Trades: 182

Rolling 6 - Variant 1 - 10_4 - Test Metrics
Returns: [0, -151.5, 0, -151.5, 0, 0, 0, 0, 0, 0, 0, 0, 0, -454.5, -454.5, 0, 0, 0, 0, 0, -151.5, 0, 0, -151.5, 0, -303.0, 0, 0, 0, 0, 0, 0, 0, 0, 0, 0, 0, 334.5, 0, 0, 0, 0, 0, 0, 0, 0, 0, 0, 0, -151.5, 0, 0, 0, 0, 0, 0, -151.5, 0, 0, 0, 0, 0, -151.5, 0, 0, 0, 0, 0, 0, 0, 0, 684.5000000000043, 0, 0, 0, 0, -151.5, -303.0, 0, -151.5, 0, 0, 0, 486, 0, 0, 334.5, 0, 0, 0, 0, -26.50000000002638, 0, 0, 334.5, -151.5, 0, 820.5, 0, 0, 0, 0, 0, 0, 0, -151.5, -151.5, 0, 0, 0, -151.5, 0, 0, 334.5, 0, 0, 0, 0, 0, 0, 0, 0, 0, 486, 0, 0, 0, 0, 0, 0]
Sharpe Ratio: 0.015
Annualized Sharpe: 0.245
Sharpe 95% CI: (np.float64(-2.327), np.float64(3.137))
Win Rate (%): 6.15
Max Drawdown: -1938.0
Profit Factor: 1.087
Expectancy: 2.338
Total Trades: 130



Rolling 6 - Variant 2 - 10_6 - Fit Metrics
Returns: [-151.5, -151.5, 0, 273.4999999999961, -215.4999999999945, 0, 0, 0, 0, 0, 0, -151.5, 0, 0, 0, 0, 0, 0, 0, 0, 0, 0, -151.5, 0, 0, 0, 0, 0, 0, 0, 0, 736, 0, -151.5, 0, 0, -151.5, 0, 0, 0, -151.5, 0, 0, 0, 0, -151.5, 584.5, 0, 0, 0, 0, 0, 0, 0, 0, 0, 0, -151.5, 0, 0, 0, 0, 0, 736, 0, -151.5, 0, 0, 0, 0, -151.5, 0, 0, 0, 0, -303.0, 0, 0, 0, 0, 0, 0, -151.5, 0, 0, 0, 0, -151.5, 0, -151.5, 0, 0, 0, 0, 0, 584.5, 0, 0, 0, 0, 0, 736, 0, 0, 0, 0, 0, 0, -303.0, 0, 0, 0, 736, 0, 0, -151.5, 0, 0, 0, 0, 0, -151.5, 0, -303.0, 0, 872.000000000039, 0, 0, 0, 0, 0, 0, 0, 0, 0, -151.5, -151.5, 0, 0, 0, 0, 0, 736, -151.5, 0, 0, 0, 0, 0, 0, 0, 0, 0, 0, 0, -151.5, 0, 0, 0, 0, 0, 736, 0, 0, 0, 0, 736, 0, 0, 0, 0, 0, 0, 0, 0, 0, 0, -151.5, 0, 0, 0, 736]
Sharpe Ratio: 0.112
Annualized Sharpe: 1.784
Sharpe 95% CI: (np.float64(-0.377), np.float64(4.138))
Win Rate (%): 6.59
Max Drawdown: -1060.5
Profit Factor: 1.905
Expectancy: 21.409
Total Trades: 182

Rolling 6 - Variant 2 - 10_6 - Test Metrics
Returns: [0, -151.5, 0, -151.5, 0, 0, 0, 0, 0, 0, 0, 0, 0, -454.5, -454.5, 0, 0, 0, 0, 0, -151.5, 0, 0, -151.5, 0, -303.0, 0, 0, 0, 0, 0, 0, 0, 0, 0, 0, 0, -303.0, 0, 0, 0, 0, 0, 0, 0, 0, 0, 0, 0, -151.5, 0, 0, 0, 0, 0, 0, -151.5, 0, 0, 0, 0, 0, -151.5, 0, 0, 0, 0, 0, 0, 0, 0, 934.5000000000043, 0, 0, 0, 0, -151.5, -303.0, 0, -151.5, 0, 0, 0, 461.0000000000032, 0, 0, 584.5, 0, 0, 0, 0, -26.50000000002638, 0, 0, 584.5, -151.5, 0, 883.0000000000489, 0, 0, 0, 0, 0, 0, 0, -151.5, -151.5, 0, 0, 0, -151.5, 0, 0, 584.5, 0, 0, 0, 0, 0, 0, 0, 0, 0, 736, 0, 0, 0, 0, 0, 0]
Sharpe Ratio: 0.04
Annualized Sharpe: 0.63
Sharpe 95% CI: (np.float64(-1.96), np.float64(3.535))
Win Rate (%): 5.38
Max Drawdown: -2575.5
Profit Factor: 1.25
Expectancy: 7.338
Total Trades: 130



Rolling 6 - Variant 3 - 10_5 - Fit Metrics
Returns: [-151.5, -151.5, 0, 273.4999999999961, -215.4999999999945, 0, 0, 0, 0, 0, 0, -151.5, 0, 0, 0, 0, 0, 0, 0, 0, 0, 0, -151.5, 0, 0, 0, 0, 0, 0, 0, 0, 611, 0, -151.5, 0, 0, -151.5, 0, 0, 0, -151.5, 0, 0, 0, 0, -151.5, 459.5, 0, 0, 0, 0, 0, 0, 0, 0, 0, 0, -151.5, 0, 0, 0, 0, 0, 611, 0, -151.5, 0, 0, 0, 0, -151.5, 0, 0, 0, 0, -303.0, 0, 0, 0, 0, 0, 0, -151.5, 0, 0, 0, 0, -151.5, 0, 611, 0, 0, 0, 0, 0, 459.5, 0, 0, 0, 0, 0, 611, 0, 0, 0, 0, 0, 0, -303.0, 0, 0, 0, 611, 0, 0, -151.5, 0, 0, 0, 0, 0, -151.5, 0, -303.0, 0, 747.000000000039, 0, 0, 0, 0, 0, 0, 0, 0, 0, -151.5, -151.5, 0, 0, 0, 0, 0, 611, -151.5, 0, 0, 0, 0, 0, 0, 0, 0, 0, 0, 0, -151.5, 0, 0, 0, 0, 0, 611, 0, 0, 0, 0, 611, 0, 0, 0, 0, 0, 0, 0, 0, 0, 0, -151.5, 0, 0, 0, 611]
Sharpe Ratio: 0.107
Annualized Sharpe: 1.7
Sharpe 95% CI: (np.float64(-0.476), np.float64(4.038))
Win Rate (%): 7.14
Max Drawdown: -909.0
Profit Factor: 1.79
Expectancy: 18.044
Total Trades: 182

Rolling 6 - Variant 3 - 10_5 - Test Metrics
Returns: [0, -151.5, 0, -151.5, 0, 0, 0, 0, 0, 0, 0, 0, 0, -454.5, -454.5, 0, 0, 0, 0, 0, -151.5, 0, 0, -151.5, 0, -303.0, 0, 0, 0, 0, 0, 0, 0, 0, 0, 0, 0, -303.0, 0, 0, 0, 0, 0, 0, 0, 0, 0, 0, 0, -151.5, 0, 0, 0, 0, 0, 0, -151.5, 0, 0, 0, 0, 0, -151.5, 0, 0, 0, 0, 0, 0, 0, 0, 809.5000000000043, 0, 0, 0, 0, -151.5, -303.0, 0, -151.5, 0, 0, 0, 461.0000000000032, 0, 0, 459.5, 0, 0, 0, 0, -26.50000000002638, 0, 0, 459.5, -151.5, 0, 758.0000000000489, 0, 0, 0, 0, 0, 0, 0, -151.5, -151.5, 0, 0, 0, -151.5, 0, 0, 459.5, 0, 0, 0, 0, 0, 0, 0, 0, 0, 611, 0, 0, 0, 0, 0, 0]
Sharpe Ratio: 0.01
Annualized Sharpe: 0.153
Sharpe 95% CI: (np.float64(-2.451), np.float64(3.039))
Win Rate (%): 5.38
Max Drawdown: -2575.5
Profit Factor: 1.053
Expectancy: 1.569
Total Trades: 130



Rolling 6 - Variant 4 - 10_3 - Fit Metrics
Returns: [361, -151.5, 0, 273.4999999999961, -215.4999999999945, 0, 0, 0, 0, 0, 0, -151.5, 0, 0, 0, 0, 0, 0, 0, 0, 0, 0, -151.5, 0, 0, 0, 0, 0, 0, 0, 0, 361, 0, -151.5, 0, 0, -151.5, 0, 0, 0, -151.5, 0, 0, 0, 0, 361, 209.5, 0, 0, 0, 0, 0, 0, 0, 0, 0, 0, -151.5, 0, 0, 0, 0, 0, 361, 0, -151.5, 0, 0, 0, 0, -151.5, 0, 0, 0, 0, -303.0, 0, 0, 0, 0, 0, 0, -151.5, 0, 0, 0, 0, -151.5, 0, 361, 0, 0, 0, 0, 0, 209.5, 0, 0, 0, 0, 0, 361, 0, 0, 0, 0, 0, 0, -303.0, 0, 0, 0, 361, 0, 0, -151.5, 0, 0, 0, 0, 0, -151.5, 0, -303.0, 0, 497.000000000039, 0, 0, 0, 0, 0, 0, 0, 0, 0, 361, -151.5, 0, 0, 0, 0, 0, 361, -151.5, 0, 0, 0, 0, 0, 0, 0, 0, 0, 0, 0, -151.5, 0, 0, 0, 0, 0, 361, 0, 0, 0, 0, 361, 0, 0, 0, 0, 0, 0, 0, 0, 0, 0, 361, 0, 0, 0, 361]
Sharpe Ratio: 0.104
Annualized Sharpe: 1.648
Sharpe 95% CI: (np.float64(-0.594), np.float64(4.118))
Win Rate (%): 9.34
Max Drawdown: -909.0
Profit Factor: 1.658
Expectancy: 12.824
Total Trades: 182

Rolling 6 - Variant 4 - 10_3 - Test Metrics
Returns: [0, -151.5, 0, -151.5, 0, 0, 0, 0, 0, 0, 0, 0, 0, -454.5, -454.5, 0, 0, 0, 0, 0, -151.5, 0, 0, -151.5, 0, -303.0, 0, 0, 0, 0, 0, 0, 0, 0, 0, 0, 0, 209.5, 0, 0, 0, 0, 0, 0, 0, 0, 0, 0, 0, -151.5, 0, 0, 0, 0, 0, 0, -151.5, 0, 0, 0, 0, 0, -151.5, 0, 0, 0, 0, 0, 0, 0, 0, 722, 0, 0, 0, 0, -151.5, -303.0, 0, -151.5, 0, 0, 0, 361, 0, 0, 209.5, 0, 0, 0, 0, -26.50000000002638, 0, 0, 209.5, -151.5, 0, 570.5, 0, 0, 0, 0, 0, 0, 0, -151.5, -151.5, 0, 0, 0, -151.5, 0, 0, 209.5, 0, 0, 0, 0, 0, 0, 0, 0, 0, 361, 0, 0, 0, 0, 0, 0]
Sharpe Ratio: -0.039
Annualized Sharpe: -0.619
Sharpe 95% CI: (np.float64(-3.234), np.float64(2.218))
Win Rate (%): 6.15
Max Drawdown: -2063.0
Profit Factor: 0.812
Expectancy: -5.065
Total Trades: 130



Rolling 7 - Variant 0 - 10_8 - Fit Metrics
Returns: [-151.5, -151.5, 0, 273.4999999999961, -215.4999999999945, 0, 0, 0, 0, 0, 0, -151.5, 0, 0, 0, 0, 0, 0, 0, 0, 0, 0, -151.5, 0, 0, 0, 0, 0, 0, 0, 0, 986, 0, -151.5, 0, 0, -151.5, 0, 0, 0, -151.5, 0, 0, 0, 0, -151.5, 834.5, 0, 0, 0, 0, 0, 0, 0, 0, 0, 0, -151.5, 0, 0, 0, 0, 0, -151.5, 0, -151.5, 0, 0, 0, 0, -151.5, 0, 0, 0, 0, -303.0, 0, 0, 0, 0, 0, 0, -151.5, 0, 0, 0, 0, -151.5, 0, -151.5, 0, 0, 0, 0, 0, 834.5, 0, 0, 0, 0, 0, 986, 0, 0, 0, 0, 0, 0, -303.0, 0, 0, 0, 986, 0, 0, -151.5, 0, 0, 0, 0, 0, -151.5, 0, -303.0, 0, 1122.000000000039, 0, 0, 0, 0, 0, 0, 0, 0, 0, -151.5, -151.5, 0, 0, 0, 0, 0, 986, -151.5, 0, 0, 0, 0, 0, 0, 0, 0, 0, 0, 0, -151.5, 0, 0, 0, 0, 0, 986, 0, 0, 0, 0, 986, 0, 0, 0, 0, 0, 0, 0, 0, 0, 0, -151.5, 0, 0, 0, 986, 0, -151.5, 0, -151.5, 0, 0, 0, 0, 0, 0, 0, 0, 0, -454.5, -454.5, 0, 0, 0, 0, 0, -151.5, 0, 0, -151.5, 0, -303.0]
Sharpe Ratio: 0.077
Annualized Sharpe: 1.228
Sharpe 95% CI: (np.float64(-0.781), np.float64(3.509))
Win Rate (%): 5.29
Max Drawdown: -1818.0
Profit Factor: 1.588
Expectancy: 17.745
Total Trades: 208

Rolling 7 - Variant 0 - 10_8 - Test Metrics
Returns: [0, 0, 0, 0, 0, 0, 0, 0, 0, 0, 0, -303.0, 0, 0, 0, 0, 0, 0, 0, 0, 0, 0, 0, -151.5, 0, 0, 0, 0, 0, 0, -151.5, 0, 0, 0, 0, 0, -151.5, 0, 0, 0, 0, 0, 0, 0, 0, 672.0000000000339, 0, 0, 0, 0, -151.5, -303.0, 0, -151.5, 0, 0, 0, 461.0000000000032, 0, 0, 434.4999999999894, 0, 0, 0, 0, -26.50000000002638, 0, 0, 834.5, -151.5, 0, 1133.0000000000489, 0, 0, 0, 0, 0, 0, 0, -151.5, -151.5, 0, 0, 0, -151.5, 0, 0, 109.4999999999697, 0, 0, 0, 0, 0, 0, 0, 0, 0, 835.9999999999619, 0, 0, 0, 0, 0, 0]
Sharpe Ratio: 0.123
Annualized Sharpe: 1.955
Sharpe 95% CI: (np.float64(-0.814), np.float64(5.303))
Win Rate (%): 6.73
Max Drawdown: -757.5
Profit Factor: 2.245
Expectancy: 23.889
Total Trades: 104



Rolling 7 - Variant 1 - 10_6 - Fit Metrics
Returns: [-151.5, -151.5, 0, 273.4999999999961, -215.4999999999945, 0, 0, 0, 0, 0, 0, -151.5, 0, 0, 0, 0, 0, 0, 0, 0, 0, 0, -151.5, 0, 0, 0, 0, 0, 0, 0, 0, 736, 0, -151.5, 0, 0, -151.5, 0, 0, 0, -151.5, 0, 0, 0, 0, -151.5, 584.5, 0, 0, 0, 0, 0, 0, 0, 0, 0, 0, -151.5, 0, 0, 0, 0, 0, 736, 0, -151.5, 0, 0, 0, 0, -151.5, 0, 0, 0, 0, -303.0, 0, 0, 0, 0, 0, 0, -151.5, 0, 0, 0, 0, -151.5, 0, -151.5, 0, 0, 0, 0, 0, 584.5, 0, 0, 0, 0, 0, 736, 0, 0, 0, 0, 0, 0, -303.0, 0, 0, 0, 736, 0, 0, -151.5, 0, 0, 0, 0, 0, -151.5, 0, -303.0, 0, 872.000000000039, 0, 0, 0, 0, 0, 0, 0, 0, 0, -151.5, -151.5, 0, 0, 0, 0, 0, 736, -151.5, 0, 0, 0, 0, 0, 0, 0, 0, 0, 0, 0, -151.5, 0, 0, 0, 0, 0, 736, 0, 0, 0, 0, 736, 0, 0, 0, 0, 0, 0, 0, 0, 0, 0, -151.5, 0, 0, 0, 736, 0, -151.5, 0, -151.5, 0, 0, 0, 0, 0, 0, 0, 0, 0, -454.5, -454.5, 0, 0, 0, 0, 0, -151.5, 0, 0, -151.5, 0, -303.0]
Sharpe Ratio: 0.053
Annualized Sharpe: 0.849
Sharpe 95% CI: (np.float64(-1.161), np.float64(3.123))
Win Rate (%): 5.77
Max Drawdown: -1818.0
Profit Factor: 1.339
Expectancy: 9.993
Total Trades: 208

Rolling 7 - Variant 1 - 10_6 - Test Metrics
Returns: [0, 0, 0, 0, 0, 0, 0, 0, 0, 0, 0, -303.0, 0, 0, 0, 0, 0, 0, 0, 0, 0, 0, 0, -151.5, 0, 0, 0, 0, 0, 0, -151.5, 0, 0, 0, 0, 0, -151.5, 0, 0, 0, 0, 0, 0, 0, 0, 934.5000000000043, 0, 0, 0, 0, -151.5, -303.0, 0, -151.5, 0, 0, 0, 461.0000000000032, 0, 0, 584.5, 0, 0, 0, 0, -26.50000000002638, 0, 0, 584.5, -151.5, 0, 883.0000000000489, 0, 0, 0, 0, 0, 0, 0, -151.5, -151.5, 0, 0, 0, -151.5, 0, 0, 584.5, 0, 0, 0, 0, 0, 0, 0, 0, 0, 736, 0, 0, 0, 0, 0, 0]
Sharpe Ratio: 0.14
Annualized Sharpe: 2.218
Sharpe 95% CI: (np.float64(-0.62), np.float64(5.441))
Win Rate (%): 6.73
Max Drawdown: -757.5
Profit Factor: 2.389
Expectancy: 26.654
Total Trades: 104



Rolling 7 - Variant 2 - 10_12 - Fit Metrics
Returns: [-151.5, -151.5, 0, 273.4999999999961, -215.4999999999945, 0, 0, 0, 0, 0, 0, -151.5, 0, 0, 0, 0, 0, 0, 0, 0, 0, 0, -151.5, 0, 0, 0, 0, 0, 0, 0, 0, 1486, 0, -151.5, 0, 0, -151.5, 0, 0, 0, -151.5, 0, 0, 0, 0, -151.5, 909.5000000000482, 0, 0, 0, 0, 0, 0, 0, 0, 0, 0, -151.5, 0, 0, 0, 0, 0, -151.5, 0, -151.5, 0, 0, 0, 0, -151.5, 0, 0, 0, 0, -303.0, 0, 0, 0, 0, 0, 0, -151.5, 0, 0, 0, 0, -151.5, 0, -151.5, 0, 0, 0, 0, 0, 1334.5, 0, 0, 0, 0, 0, 860.9999999999592, 0, 0, 0, 0, 0, 0, -303.0, 0, 0, 0, 1486, 0, 0, -151.5, 0, 0, 0, 0, 0, -151.5, 0, -303.0, 0, -15.499999999961005, 0, 0, 0, 0, 0, 0, 0, 0, 0, -151.5, -151.5, 0, 0, 0, 0, 0, 1486, -151.5, 0, 0, 0, 0, 0, 0, 0, 0, 0, 0, 0, -151.5, 0, 0, 0, 0, 0, -151.5, 0, 0, 0, 0, -151.5, 0, 0, 0, 0, 0, 0, 0, 0, 0, 0, -151.5, 0, 0, 0, 1486, 0, -151.5, 0, -151.5, 0, 0, 0, 0, 0, 0, 0, 0, 0, -454.5, -454.5, 0, 0, 0, 0, 0, -151.5, 0, 0, -151.5, 0, -303.0]
Sharpe Ratio: 0.051
Annualized Sharpe: 0.81
Sharpe 95% CI: (np.float64(-1.124), np.float64(3.16))
Win Rate (%): 3.85
Max Drawdown: -1818.0
Profit Factor: 1.414
Expectancy: 13.118
Total Trades: 208

Rolling 7 - Variant 2 - 10_12 - Test Metrics
Returns: [0, 0, 0, 0, 0, 0, 0, 0, 0, 0, 0, -303.0, 0, 0, 0, 0, 0, 0, 0, 0, 0, 0, 0, -151.5, 0, 0, 0, 0, 0, 0, -151.5, 0, 0, 0, 0, 0, -151.5, 0, 0, 0, 0, 0, 0, 0, 0, 672.0000000000339, 0, 0, 0, 0, -151.5, -303.0, 0, -151.5, 0, 0, 0, 461.0000000000032, 0, 0, 434.4999999999894, 0, 0, 0, 0, -26.50000000002638, 0, 0, 1334.5, -151.5, 0, 1008.000000000008, 0, 0, 0, 0, 0, 0, 0, -151.5, -151.5, 0, 0, 0, -151.5, 0, 0, 109.4999999999697, 0, 0, 0, 0, 0, 0, 0, 0, 0, 835.9999999999619, 0, 0, 0, 0, 0, 0]
Sharpe Ratio: 0.129
Annualized Sharpe: 2.049
Sharpe 95% CI: (np.float64(-0.696), np.float64(5.442))
Win Rate (%): 6.73
Max Drawdown: -757.5
Profit Factor: 2.433
Expectancy: 27.495
Total Trades: 104



Rolling 7 - Variant 3 - 10_5 - Fit Metrics
Returns: [-151.5, -151.5, 0, 273.4999999999961, -215.4999999999945, 0, 0, 0, 0, 0, 0, -151.5, 0, 0, 0, 0, 0, 0, 0, 0, 0, 0, -151.5, 0, 0, 0, 0, 0, 0, 0, 0, 611, 0, -151.5, 0, 0, -151.5, 0, 0, 0, -151.5, 0, 0, 0, 0, -151.5, 459.5, 0, 0, 0, 0, 0, 0, 0, 0, 0, 0, -151.5, 0, 0, 0, 0, 0, 611, 0, -151.5, 0, 0, 0, 0, -151.5, 0, 0, 0, 0, -303.0, 0, 0, 0, 0, 0, 0, -151.5, 0, 0, 0, 0, -151.5, 0, 611, 0, 0, 0, 0, 0, 459.5, 0, 0, 0, 0, 0, 611, 0, 0, 0, 0, 0, 0, -303.0, 0, 0, 0, 611, 0, 0, -151.5, 0, 0, 0, 0, 0, -151.5, 0, -303.0, 0, 747.000000000039, 0, 0, 0, 0, 0, 0, 0, 0, 0, -151.5, -151.5, 0, 0, 0, 0, 0, 611, -151.5, 0, 0, 0, 0, 0, 0, 0, 0, 0, 0, 0, -151.5, 0, 0, 0, 0, 0, 611, 0, 0, 0, 0, 611, 0, 0, 0, 0, 0, 0, 0, 0, 0, 0, -151.5, 0, 0, 0, 611, 0, -151.5, 0, -151.5, 0, 0, 0, 0, 0, 0, 0, 0, 0, -454.5, -454.5, 0, 0, 0, 0, 0, -151.5, 0, 0, -151.5, 0, -303.0]
Sharpe Ratio: 0.042
Annualized Sharpe: 0.669
Sharpe 95% CI: (np.float64(-1.37), np.float64(2.861))
Win Rate (%): 6.25
Max Drawdown: -1818.0
Profit Factor: 1.245
Expectancy: 7.048
Total Trades: 208

Rolling 7 - Variant 3 - 10_5 - Test Metrics
Returns: [0, 0, 0, 0, 0, 0, 0, 0, 0, 0, 0, -303.0, 0, 0, 0, 0, 0, 0, 0, 0, 0, 0, 0, -151.5, 0, 0, 0, 0, 0, 0, -151.5, 0, 0, 0, 0, 0, -151.5, 0, 0, 0, 0, 0, 0, 0, 0, 809.5000000000043, 0, 0, 0, 0, -151.5, -303.0, 0, -151.5, 0, 0, 0, 461.0000000000032, 0, 0, 459.5, 0, 0, 0, 0, -26.50000000002638, 0, 0, 459.5, -151.5, 0, 758.0000000000489, 0, 0, 0, 0, 0, 0, 0, -151.5, -151.5, 0, 0, 0, -151.5, 0, 0, 459.5, 0, 0, 0, 0, 0, 0, 0, 0, 0, 611, 0, 0, 0, 0, 0, 0]
Sharpe Ratio: 0.118
Annualized Sharpe: 1.872
Sharpe 95% CI: (np.float64(-0.967), np.float64(5.096))
Win Rate (%): 6.73
Max Drawdown: -757.5
Profit Factor: 2.013
Expectancy: 19.442
Total Trades: 104



Rolling 7 - Variant 4 - 10_10 - Fit Metrics
Returns: [-151.5, -151.5, 0, 273.4999999999961, -215.4999999999945, 0, 0, 0, 0, 0, 0, -151.5, 0, 0, 0, 0, 0, 0, 0, 0, 0, 0, -151.5, 0, 0, 0, 0, 0, 0, 0, 0, 1236, 0, -151.5, 0, 0, -151.5, 0, 0, 0, -151.5, 0, 0, 0, 0, -151.5, 1084.5, 0, 0, 0, 0, 0, 0, 0, 0, 0, 0, -151.5, 0, 0, 0, 0, 0, -151.5, 0, -151.5, 0, 0, 0, 0, -151.5, 0, 0, 0, 0, -303.0, 0, 0, 0, 0, 0, 0, -151.5, 0, 0, 0, 0, -151.5, 0, -151.5, 0, 0, 0, 0, 0, 1084.5, 0, 0, 0, 0, 0, 1236, 0, 0, 0, 0, 0, 0, -303.0, 0, 0, 0, 1236, 0, 0, -151.5, 0, 0, 0, 0, 0, -151.5, 0, -303.0, 0, -15.499999999961005, 0, 0, 0, 0, 0, 0, 0, 0, 0, -151.5, -151.5, 0, 0, 0, 0, 0, 1236, -151.5, 0, 0, 0, 0, 0, 0, 0, 0, 0, 0, 0, -151.5, 0, 0, 0, 0, 0, -151.5, 0, 0, 0, 0, -151.5, 0, 0, 0, 0, 0, 0, 0, 0, 0, 0, -151.5, 0, 0, 0, 1236, 0, -151.5, 0, -151.5, 0, 0, 0, 0, 0, 0, 0, 0, 0, -454.5, -454.5, 0, 0, 0, 0, 0, -151.5, 0, 0, -151.5, 0, -303.0]
Sharpe Ratio: 0.041
Annualized Sharpe: 0.656
Sharpe 95% CI: (np.float64(-1.306), np.float64(2.981))
Win Rate (%): 3.85
Max Drawdown: -1818.0
Profit Factor: 1.308
Expectancy: 9.752
Total Trades: 208

Rolling 7 - Variant 4 - 10_10 - Test Metrics
Returns: [0, 0, 0, 0, 0, 0, 0, 0, 0, 0, 0, -303.0, 0, 0, 0, 0, 0, 0, 0, 0, 0, 0, 0, -151.5, 0, 0, 0, 0, 0, 0, -151.5, 0, 0, 0, 0, 0, -151.5, 0, 0, 0, 0, 0, 0, 0, 0, 672.0000000000339, 0, 0, 0, 0, -151.5, -303.0, 0, -151.5, 0, 0, 0, 461.0000000000032, 0, 0, 434.4999999999894, 0, 0, 0, 0, -26.50000000002638, 0, 0, 1084.5, -151.5, 0, 1008.000000000008, 0, 0, 0, 0, 0, 0, 0, -151.5, -151.5, 0, 0, 0, -151.5, 0, 0, 109.4999999999697, 0, 0, 0, 0, 0, 0, 0, 0, 0, 835.9999999999619, 0, 0, 0, 0, 0, 0]
Sharpe Ratio: 0.126
Annualized Sharpe: 2.001
Sharpe 95% CI: (np.float64(-0.774), np.float64(5.37))
Win Rate (%): 6.73
Max Drawdown: -757.5
Profit Factor: 2.307
Expectancy: 25.091
Total Trades: 104



Rolling 8 - Variant 0 - 10_8 - Fit Metrics
Returns: [-151.5, -151.5, 0, 273.4999999999961, -215.4999999999945, 0, 0, 0, 0, 0, 0, -151.5, 0, 0, 0, 0, 0, 0, 0, 0, 0, 0, -151.5, 0, 0, 0, 0, 0, 0, 0, 0, 986, 0, -151.5, 0, 0, -151.5, 0, 0, 0, -151.5, 0, 0, 0, 0, -151.5, 834.5, 0, 0, 0, 0, 0, 0, 0, 0, 0, 0, -151.5, 0, 0, 0, 0, 0, -151.5, 0, -151.5, 0, 0, 0, 0, -151.5, 0, 0, 0, 0, -303.0, 0, 0, 0, 0, 0, 0, -151.5, 0, 0, 0, 0, -151.5, 0, -151.5, 0, 0, 0, 0, 0, 834.5, 0, 0, 0, 0, 0, 986, 0, 0, 0, 0, 0, 0, -303.0, 0, 0, 0, 986, 0, 0, -151.5, 0, 0, 0, 0, 0, -151.5, 0, -303.0, 0, 1122.000000000039, 0, 0, 0, 0, 0, 0, 0, 0, 0, -151.5, -151.5, 0, 0, 0, 0, 0, 986, -151.5, 0, 0, 0, 0, 0, 0, 0, 0, 0, 0, 0, -151.5, 0, 0, 0, 0, 0, 986, 0, 0, 0, 0, 986, 0, 0, 0, 0, 0, 0, 0, 0, 0, 0, -151.5, 0, 0, 0, 986, 0, -151.5, 0, -151.5, 0, 0, 0, 0, 0, 0, 0, 0, 0, -454.5, -454.5, 0, 0, 0, 0, 0, -151.5, 0, 0, -151.5, 0, -303.0, 0, 0, 0, 0, 0, 0, 0, 0, 0, 0, 0, -303.0, 0, 0, 0, 0, 0, 0, 0, 0, 0, 0, 0, -151.5, 0, 0]
Sharpe Ratio: 0.064
Annualized Sharpe: 1.009
Sharpe 95% CI: (np.float64(-0.896), np.float64(3.146))
Win Rate (%): 4.7
Max Drawdown: -2272.5
Profit Factor: 1.481
Expectancy: 13.831
Total Trades: 234

Rolling 8 - Variant 0 - 10_8 - Test Metrics
Returns: [0, 0, 0, 0, -151.5, 0, 0, 0, 0, 0, -151.5, 0, 0, 0, 0, 0, 0, 0, 0, 672.0000000000339, 0, 0, 0, 0, -151.5, -303.0, 0, -151.5, 0, 0, 0, 461.0000000000032, 0, 0, 434.4999999999894, 0, 0, 0, 0, -26.50000000002638, 0, 0, 834.5, -151.5, 0, 1133.0000000000489, 0, 0, 0, 0, 0, 0, 0, -151.5, -151.5, 0, 0, 0, -151.5, 0, 0, 109.4999999999697, 0, 0, 0, 0, 0, 0, 0, 0, 0, 835.9999999999619, 0, 0, 0, 0, 0, 0]
Sharpe Ratio: 0.172
Annualized Sharpe: 2.725
Sharpe 95% CI: (np.float64(-0.406), np.float64(6.498))
Win Rate (%): 8.97
Max Drawdown: -606.0
Profit Factor: 2.907
Expectancy: 37.679
Total Trades: 78



Rolling 8 - Variant 1 - 10_4 - Fit Metrics
Returns: [-151.5, -151.5, 0, 273.4999999999961, -215.4999999999945, 0, 0, 0, 0, 0, 0, -151.5, 0, 0, 0, 0, 0, 0, 0, 0, 0, 0, -151.5, 0, 0, 0, 0, 0, 0, 0, 0, 486, 0, -151.5, 0, 0, -151.5, 0, 0, 0, -151.5, 0, 0, 0, 0, -151.5, 334.5, 0, 0, 0, 0, 0, 0, 0, 0, 0, 0, -151.5, 0, 0, 0, 0, 0, 486, 0, -151.5, 0, 0, 0, 0, -151.5, 0, 0, 0, 0, -303.0, 0, 0, 0, 0, 0, 0, -151.5, 0, 0, 0, 0, -151.5, 0, 486, 0, 0, 0, 0, 0, 334.5, 0, 0, 0, 0, 0, 486, 0, 0, 0, 0, 0, 0, -303.0, 0, 0, 0, 486, 0, 0, -151.5, 0, 0, 0, 0, 0, -151.5, 0, -303.0, 0, 622.000000000039, 0, 0, 0, 0, 0, 0, 0, 0, 0, 486, -151.5, 0, 0, 0, 0, 0, 486, -151.5, 0, 0, 0, 0, 0, 0, 0, 0, 0, 0, 0, -151.5, 0, 0, 0, 0, 0, 486, 0, 0, 0, 0, 486, 0, 0, 0, 0, 0, 0, 0, 0, 0, 0, 486, 0, 0, 0, 486, 0, -151.5, 0, -151.5, 0, 0, 0, 0, 0, 0, 0, 0, 0, -454.5, -454.5, 0, 0, 0, 0, 0, -151.5, 0, 0, -151.5, 0, -303.0, 0, 0, 0, 0, 0, 0, 0, 0, 0, 0, 0, 334.5, 0, 0, 0, 0, 0, 0, 0, 0, 0, 0, 0, -151.5, 0, 0]
Sharpe Ratio: 0.043
Annualized Sharpe: 0.677
Sharpe 95% CI: (np.float64(-1.284), np.float64(2.743))
Win Rate (%): 6.84
Max Drawdown: -1818.0
Profit Factor: 1.245
Expectancy: 6.085
Total Trades: 234

Rolling 8 - Variant 1 - 10_4 - Test Metrics
Returns: [0, 0, 0, 0, -151.5, 0, 0, 0, 0, 0, -151.5, 0, 0, 0, 0, 0, 0, 0, 0, 684.5000000000043, 0, 0, 0, 0, -151.5, -303.0, 0, -151.5, 0, 0, 0, 486, 0, 0, 334.5, 0, 0, 0, 0, -26.50000000002638, 0, 0, 334.5, -151.5, 0, 820.5, 0, 0, 0, 0, 0, 0, 0, -151.5, -151.5, 0, 0, 0, -151.5, 0, 0, 334.5, 0, 0, 0, 0, 0, 0, 0, 0, 0, 486, 0, 0, 0, 0, 0, 0]
Sharpe Ratio: 0.148
Annualized Sharpe: 2.347
Sharpe 95% CI: (np.float64(-0.891), np.float64(6.021))
Win Rate (%): 8.97
Max Drawdown: -606.0
Profit Factor: 2.258
Expectancy: 24.859
Total Trades: 78



Rolling 8 - Variant 2 - 10_12 - Fit Metrics
Returns: [-151.5, -151.5, 0, 273.4999999999961, -215.4999999999945, 0, 0, 0, 0, 0, 0, -151.5, 0, 0, 0, 0, 0, 0, 0, 0, 0, 0, -151.5, 0, 0, 0, 0, 0, 0, 0, 0, 1486, 0, -151.5, 0, 0, -151.5, 0, 0, 0, -151.5, 0, 0, 0, 0, -151.5, 909.5000000000482, 0, 0, 0, 0, 0, 0, 0, 0, 0, 0, -151.5, 0, 0, 0, 0, 0, -151.5, 0, -151.5, 0, 0, 0, 0, -151.5, 0, 0, 0, 0, -303.0, 0, 0, 0, 0, 0, 0, -151.5, 0, 0, 0, 0, -151.5, 0, -151.5, 0, 0, 0, 0, 0, 1334.5, 0, 0, 0, 0, 0, 860.9999999999592, 0, 0, 0, 0, 0, 0, -303.0, 0, 0, 0, 1486, 0, 0, -151.5, 0, 0, 0, 0, 0, -151.5, 0, -303.0, 0, -15.499999999961005, 0, 0, 0, 0, 0, 0, 0, 0, 0, -151.5, -151.5, 0, 0, 0, 0, 0, 1486, -151.5, 0, 0, 0, 0, 0, 0, 0, 0, 0, 0, 0, -151.5, 0, 0, 0, 0, 0, -151.5, 0, 0, 0, 0, -151.5, 0, 0, 0, 0, 0, 0, 0, 0, 0, 0, -151.5, 0, 0, 0, 1486, 0, -151.5, 0, -151.5, 0, 0, 0, 0, 0, 0, 0, 0, 0, -454.5, -454.5, 0, 0, 0, 0, 0, -151.5, 0, 0, -151.5, 0, -303.0, 0, 0, 0, 0, 0, 0, 0, 0, 0, 0, 0, -303.0, 0, 0, 0, 0, 0, 0, 0, 0, 0, 0, 0, -151.5, 0, 0]
Sharpe Ratio: 0.04
Annualized Sharpe: 0.633
Sharpe 95% CI: (np.float64(-1.192), np.float64(2.834))
Win Rate (%): 3.42
Max Drawdown: -2272.5
Profit Factor: 1.323
Expectancy: 9.718
Total Trades: 234

Rolling 8 - Variant 2 - 10_12 - Test Metrics
Returns: [0, 0, 0, 0, -151.5, 0, 0, 0, 0, 0, -151.5, 0, 0, 0, 0, 0, 0, 0, 0, 672.0000000000339, 0, 0, 0, 0, -151.5, -303.0, 0, -151.5, 0, 0, 0, 461.0000000000032, 0, 0, 434.4999999999894, 0, 0, 0, 0, -26.50000000002638, 0, 0, 1334.5, -151.5, 0, 1008.000000000008, 0, 0, 0, 0, 0, 0, 0, -151.5, -151.5, 0, 0, 0, -151.5, 0, 0, 109.4999999999697, 0, 0, 0, 0, 0, 0, 0, 0, 0, 835.9999999999619, 0, 0, 0, 0, 0, 0]
Sharpe Ratio: 0.176
Annualized Sharpe: 2.791
Sharpe 95% CI: (np.float64(-0.333), np.float64(6.519))
Win Rate (%): 8.97
Max Drawdown: -606.0
Profit Factor: 3.15
Expectancy: 42.487
Total Trades: 78



Rolling 8 - Variant 3 - 10_6 - Fit Metrics
Returns: [-151.5, -151.5, 0, 273.4999999999961, -215.4999999999945, 0, 0, 0, 0, 0, 0, -151.5, 0, 0, 0, 0, 0, 0, 0, 0, 0, 0, -151.5, 0, 0, 0, 0, 0, 0, 0, 0, 736, 0, -151.5, 0, 0, -151.5, 0, 0, 0, -151.5, 0, 0, 0, 0, -151.5, 584.5, 0, 0, 0, 0, 0, 0, 0, 0, 0, 0, -151.5, 0, 0, 0, 0, 0, 736, 0, -151.5, 0, 0, 0, 0, -151.5, 0, 0, 0, 0, -303.0, 0, 0, 0, 0, 0, 0, -151.5, 0, 0, 0, 0, -151.5, 0, -151.5, 0, 0, 0, 0, 0, 584.5, 0, 0, 0, 0, 0, 736, 0, 0, 0, 0, 0, 0, -303.0, 0, 0, 0, 736, 0, 0, -151.5, 0, 0, 0, 0, 0, -151.5, 0, -303.0, 0, 872.000000000039, 0, 0, 0, 0, 0, 0, 0, 0, 0, -151.5, -151.5, 0, 0, 0, 0, 0, 736, -151.5, 0, 0, 0, 0, 0, 0, 0, 0, 0, 0, 0, -151.5, 0, 0, 0, 0, 0, 736, 0, 0, 0, 0, 736, 0, 0, 0, 0, 0, 0, 0, 0, 0, 0, -151.5, 0, 0, 0, 736, 0, -151.5, 0, -151.5, 0, 0, 0, 0, 0, 0, 0, 0, 0, -454.5, -454.5, 0, 0, 0, 0, 0, -151.5, 0, 0, -151.5, 0, -303.0, 0, 0, 0, 0, 0, 0, 0, 0, 0, 0, 0, -303.0, 0, 0, 0, 0, 0, 0, 0, 0, 0, 0, 0, -151.5, 0, 0]
Sharpe Ratio: 0.039
Annualized Sharpe: 0.62
Sharpe 95% CI: (np.float64(-1.3), np.float64(2.733))
Win Rate (%): 5.13
Max Drawdown: -2272.5
Profit Factor: 1.247
Expectancy: 6.94
Total Trades: 234

Rolling 8 - Variant 3 - 10_6 - Test Metrics
Returns: [0, 0, 0, 0, -151.5, 0, 0, 0, 0, 0, -151.5, 0, 0, 0, 0, 0, 0, 0, 0, 934.5000000000043, 0, 0, 0, 0, -151.5, -303.0, 0, -151.5, 0, 0, 0, 461.0000000000032, 0, 0, 584.5, 0, 0, 0, 0, -26.50000000002638, 0, 0, 584.5, -151.5, 0, 883.0000000000489, 0, 0, 0, 0, 0, 0, 0, -151.5, -151.5, 0, 0, 0, -151.5, 0, 0, 584.5, 0, 0, 0, 0, 0, 0, 0, 0, 0, 736, 0, 0, 0, 0, 0, 0]
Sharpe Ratio: 0.192
Annualized Sharpe: 3.048
Sharpe 95% CI: (np.float64(-0.202), np.float64(6.648))
Win Rate (%): 8.97
Max Drawdown: -606.0
Profit Factor: 3.093
Expectancy: 41.365
Total Trades: 78



Rolling 8 - Variant 4 - 10_10 - Fit Metrics
Returns: [-151.5, -151.5, 0, 273.4999999999961, -215.4999999999945, 0, 0, 0, 0, 0, 0, -151.5, 0, 0, 0, 0, 0, 0, 0, 0, 0, 0, -151.5, 0, 0, 0, 0, 0, 0, 0, 0, 1236, 0, -151.5, 0, 0, -151.5, 0, 0, 0, -151.5, 0, 0, 0, 0, -151.5, 1084.5, 0, 0, 0, 0, 0, 0, 0, 0, 0, 0, -151.5, 0, 0, 0, 0, 0, -151.5, 0, -151.5, 0, 0, 0, 0, -151.5, 0, 0, 0, 0, -303.0, 0, 0, 0, 0, 0, 0, -151.5, 0, 0, 0, 0, -151.5, 0, -151.5, 0, 0, 0, 0, 0, 1084.5, 0, 0, 0, 0, 0, 1236, 0, 0, 0, 0, 0, 0, -303.0, 0, 0, 0, 1236, 0, 0, -151.5, 0, 0, 0, 0, 0, -151.5, 0, -303.0, 0, -15.499999999961005, 0, 0, 0, 0, 0, 0, 0, 0, 0, -151.5, -151.5, 0, 0, 0, 0, 0, 1236, -151.5, 0, 0, 0, 0, 0, 0, 0, 0, 0, 0, 0, -151.5, 0, 0, 0, 0, 0, -151.5, 0, 0, 0, 0, -151.5, 0, 0, 0, 0, 0, 0, 0, 0, 0, 0, -151.5, 0, 0, 0, 1236, 0, -151.5, 0, -151.5, 0, 0, 0, 0, 0, 0, 0, 0, 0, -454.5, -454.5, 0, 0, 0, 0, 0, -151.5, 0, 0, -151.5, 0, -303.0, 0, 0, 0, 0, 0, 0, 0, 0, 0, 0, 0, -303.0, 0, 0, 0, 0, 0, 0, 0, 0, 0, 0, 0, -151.5, 0, 0]
Sharpe Ratio: 0.03
Annualized Sharpe: 0.478
Sharpe 95% CI: (np.float64(-1.393), np.float64(2.692))
Win Rate (%): 3.42
Max Drawdown: -2272.5
Profit Factor: 1.223
Expectancy: 6.726
Total Trades: 234

Rolling 8 - Variant 4 - 10_10 - Test Metrics
Returns: [0, 0, 0, 0, -151.5, 0, 0, 0, 0, 0, -151.5, 0, 0, 0, 0, 0, 0, 0, 0, 672.0000000000339, 0, 0, 0, 0, -151.5, -303.0, 0, -151.5, 0, 0, 0, 461.0000000000032, 0, 0, 434.4999999999894, 0, 0, 0, 0, -26.50000000002638, 0, 0, 1084.5, -151.5, 0, 1008.000000000008, 0, 0, 0, 0, 0, 0, 0, -151.5, -151.5, 0, 0, 0, -151.5, 0, 0, 109.4999999999697, 0, 0, 0, 0, 0, 0, 0, 0, 0, 835.9999999999619, 0, 0, 0, 0, 0, 0]
Sharpe Ratio: 0.174
Annualized Sharpe: 2.767
Sharpe 95% CI: (np.float64(-0.363), np.float64(6.496))
Win Rate (%): 8.97
Max Drawdown: -606.0
Profit Factor: 2.988
Expectancy: 39.282
Total Trades: 78



Rolling 9 - Variant 0 - 10_8 - Fit Metrics
Returns: [-151.5, -151.5, 0, 273.4999999999961, -215.4999999999945, 0, 0, 0, 0, 0, 0, -151.5, 0, 0, 0, 0, 0, 0, 0, 0, 0, 0, -151.5, 0, 0, 0, 0, 0, 0, 0, 0, 986, 0, -151.5, 0, 0, -151.5, 0, 0, 0, -151.5, 0, 0, 0, 0, -151.5, 834.5, 0, 0, 0, 0, 0, 0, 0, 0, 0, 0, -151.5, 0, 0, 0, 0, 0, -151.5, 0, -151.5, 0, 0, 0, 0, -151.5, 0, 0, 0, 0, -303.0, 0, 0, 0, 0, 0, 0, -151.5, 0, 0, 0, 0, -151.5, 0, -151.5, 0, 0, 0, 0, 0, 834.5, 0, 0, 0, 0, 0, 986, 0, 0, 0, 0, 0, 0, -303.0, 0, 0, 0, 986, 0, 0, -151.5, 0, 0, 0, 0, 0, -151.5, 0, -303.0, 0, 1122.000000000039, 0, 0, 0, 0, 0, 0, 0, 0, 0, -151.5, -151.5, 0, 0, 0, 0, 0, 986, -151.5, 0, 0, 0, 0, 0, 0, 0, 0, 0, 0, 0, -151.5, 0, 0, 0, 0, 0, 986, 0, 0, 0, 0, 986, 0, 0, 0, 0, 0, 0, 0, 0, 0, 0, -151.5, 0, 0, 0, 986, 0, -151.5, 0, -151.5, 0, 0, 0, 0, 0, 0, 0, 0, 0, -454.5, -454.5, 0, 0, 0, 0, 0, -151.5, 0, 0, -151.5, 0, -303.0, 0, 0, 0, 0, 0, 0, 0, 0, 0, 0, 0, -303.0, 0, 0, 0, 0, 0, 0, 0, 0, 0, 0, 0, -151.5, 0, 0, 0, 0, 0, 0, -151.5, 0, 0, 0, 0, 0, -151.5, 0, 0, 0, 0, 0, 0, 0, 0, 672.0000000000339, 0, 0, 0, 0, -151.5, -303.0]
Sharpe Ratio: 0.057
Annualized Sharpe: 0.907
Sharpe 95% CI: (np.float64(-0.942), np.float64(2.904))
Win Rate (%): 4.62
Max Drawdown: -2575.5
Profit Factor: 1.421
Expectancy: 12.119
Total Trades: 260

Rolling 9 - Variant 0 - 10_8 - Test Metrics
Returns: [0, -151.5, 0, 0, 0, 461.0000000000032, 0, 0, 434.4999999999894, 0, 0, 0, 0, -26.50000000002638, 0, 0, 834.5, -151.5, 0, 1133.0000000000489, 0, 0, 0, 0, 0, 0, 0, -151.5, -151.5, 0, 0, 0, -151.5, 0, 0, 109.4999999999697, 0, 0, 0, 0, 0, 0, 0, 0, 0, 835.9999999999619, 0, 0, 0, 0, 0, 0]
Sharpe Ratio: 0.239
Annualized Sharpe: 3.787
Sharpe 95% CI: (np.float64(-0.093), np.float64(8.569))
Win Rate (%): 11.54
Max Drawdown: -454.5
Profit Factor: 4.858
Expectancy: 58.163
Total Trades: 52



Rolling 9 - Variant 1 - 10_6 - Fit Metrics
Returns: [-151.5, -151.5, 0, 273.4999999999961, -215.4999999999945, 0, 0, 0, 0, 0, 0, -151.5, 0, 0, 0, 0, 0, 0, 0, 0, 0, 0, -151.5, 0, 0, 0, 0, 0, 0, 0, 0, 736, 0, -151.5, 0, 0, -151.5, 0, 0, 0, -151.5, 0, 0, 0, 0, -151.5, 584.5, 0, 0, 0, 0, 0, 0, 0, 0, 0, 0, -151.5, 0, 0, 0, 0, 0, 736, 0, -151.5, 0, 0, 0, 0, -151.5, 0, 0, 0, 0, -303.0, 0, 0, 0, 0, 0, 0, -151.5, 0, 0, 0, 0, -151.5, 0, -151.5, 0, 0, 0, 0, 0, 584.5, 0, 0, 0, 0, 0, 736, 0, 0, 0, 0, 0, 0, -303.0, 0, 0, 0, 736, 0, 0, -151.5, 0, 0, 0, 0, 0, -151.5, 0, -303.0, 0, 872.000000000039, 0, 0, 0, 0, 0, 0, 0, 0, 0, -151.5, -151.5, 0, 0, 0, 0, 0, 736, -151.5, 0, 0, 0, 0, 0, 0, 0, 0, 0, 0, 0, -151.5, 0, 0, 0, 0, 0, 736, 0, 0, 0, 0, 736, 0, 0, 0, 0, 0, 0, 0, 0, 0, 0, -151.5, 0, 0, 0, 736, 0, -151.5, 0, -151.5, 0, 0, 0, 0, 0, 0, 0, 0, 0, -454.5, -454.5, 0, 0, 0, 0, 0, -151.5, 0, 0, -151.5, 0, -303.0, 0, 0, 0, 0, 0, 0, 0, 0, 0, 0, 0, -303.0, 0, 0, 0, 0, 0, 0, 0, 0, 0, 0, 0, -151.5, 0, 0, 0, 0, 0, 0, -151.5, 0, 0, 0, 0, 0, -151.5, 0, 0, 0, 0, 0, 0, 0, 0, 934.5000000000043, 0, 0, 0, 0, -151.5, -303.0]
Sharpe Ratio: 0.038
Annualized Sharpe: 0.611
Sharpe 95% CI: (np.float64(-1.2), np.float64(2.69))
Win Rate (%): 5.0
Max Drawdown: -2575.5
Profit Factor: 1.246
Expectancy: 6.927
Total Trades: 260

Rolling 9 - Variant 1 - 10_6 - Test Metrics
Returns: [0, -151.5, 0, 0, 0, 461.0000000000032, 0, 0, 584.5, 0, 0, 0, 0, -26.50000000002638, 0, 0, 584.5, -151.5, 0, 883.0000000000489, 0, 0, 0, 0, 0, 0, 0, -151.5, -151.5, 0, 0, 0, -151.5, 0, 0, 584.5, 0, 0, 0, 0, 0, 0, 0, 0, 0, 736, 0, 0, 0, 0, 0, 0]
Sharpe Ratio: 0.265
Annualized Sharpe: 4.209
Sharpe 95% CI: (np.float64(0.251), np.float64(8.915))
Win Rate (%): 11.54
Max Drawdown: -454.5
Profit Factor: 4.89
Expectancy: 58.644
Total Trades: 52



Rolling 9 - Variant 2 - 10_4 - Fit Metrics
Returns: [-151.5, -151.5, 0, 273.4999999999961, -215.4999999999945, 0, 0, 0, 0, 0, 0, -151.5, 0, 0, 0, 0, 0, 0, 0, 0, 0, 0, -151.5, 0, 0, 0, 0, 0, 0, 0, 0, 486, 0, -151.5, 0, 0, -151.5, 0, 0, 0, -151.5, 0, 0, 0, 0, -151.5, 334.5, 0, 0, 0, 0, 0, 0, 0, 0, 0, 0, -151.5, 0, 0, 0, 0, 0, 486, 0, -151.5, 0, 0, 0, 0, -151.5, 0, 0, 0, 0, -303.0, 0, 0, 0, 0, 0, 0, -151.5, 0, 0, 0, 0, -151.5, 0, 486, 0, 0, 0, 0, 0, 334.5, 0, 0, 0, 0, 0, 486, 0, 0, 0, 0, 0, 0, -303.0, 0, 0, 0, 486, 0, 0, -151.5, 0, 0, 0, 0, 0, -151.5, 0, -303.0, 0, 622.000000000039, 0, 0, 0, 0, 0, 0, 0, 0, 0, 486, -151.5, 0, 0, 0, 0, 0, 486, -151.5, 0, 0, 0, 0, 0, 0, 0, 0, 0, 0, 0, -151.5, 0, 0, 0, 0, 0, 486, 0, 0, 0, 0, 486, 0, 0, 0, 0, 0, 0, 0, 0, 0, 0, 486, 0, 0, 0, 486, 0, -151.5, 0, -151.5, 0, 0, 0, 0, 0, 0, 0, 0, 0, -454.5, -454.5, 0, 0, 0, 0, 0, -151.5, 0, 0, -151.5, 0, -303.0, 0, 0, 0, 0, 0, 0, 0, 0, 0, 0, 0, 334.5, 0, 0, 0, 0, 0, 0, 0, 0, 0, 0, 0, -151.5, 0, 0, 0, 0, 0, 0, -151.5, 0, 0, 0, 0, 0, -151.5, 0, 0, 0, 0, 0, 0, 0, 0, 684.5000000000043, 0, 0, 0, 0, -151.5, -303.0]
Sharpe Ratio: 0.036
Annualized Sharpe: 0.573
Sharpe 95% CI: (np.float64(-1.268), np.float64(2.555))
Win Rate (%): 6.54
Max Drawdown: -1938.0
Profit Factor: 1.205
Expectancy: 5.196
Total Trades: 260

Rolling 9 - Variant 2 - 10_4 - Test Metrics
Returns: [0, -151.5, 0, 0, 0, 486, 0, 0, 334.5, 0, 0, 0, 0, -26.50000000002638, 0, 0, 334.5, -151.5, 0, 820.5, 0, 0, 0, 0, 0, 0, 0, -151.5, -151.5, 0, 0, 0, -151.5, 0, 0, 334.5, 0, 0, 0, 0, 0, 0, 0, 0, 0, 486, 0, 0, 0, 0, 0, 0]
Sharpe Ratio: 0.224
Annualized Sharpe: 3.559
Sharpe 95% CI: (np.float64(-0.369), np.float64(8.449))
Win Rate (%): 11.54
Max Drawdown: -454.5
Profit Factor: 3.566
Expectancy: 38.692
Total Trades: 52



Rolling 9 - Variant 3 - 10_12 - Fit Metrics
Returns: [-151.5, -151.5, 0, 273.4999999999961, -215.4999999999945, 0, 0, 0, 0, 0, 0, -151.5, 0, 0, 0, 0, 0, 0, 0, 0, 0, 0, -151.5, 0, 0, 0, 0, 0, 0, 0, 0, 1486, 0, -151.5, 0, 0, -151.5, 0, 0, 0, -151.5, 0, 0, 0, 0, -151.5, 909.5000000000482, 0, 0, 0, 0, 0, 0, 0, 0, 0, 0, -151.5, 0, 0, 0, 0, 0, -151.5, 0, -151.5, 0, 0, 0, 0, -151.5, 0, 0, 0, 0, -303.0, 0, 0, 0, 0, 0, 0, -151.5, 0, 0, 0, 0, -151.5, 0, -151.5, 0, 0, 0, 0, 0, 1334.5, 0, 0, 0, 0, 0, 860.9999999999592, 0, 0, 0, 0, 0, 0, -303.0, 0, 0, 0, 1486, 0, 0, -151.5, 0, 0, 0, 0, 0, -151.5, 0, -303.0, 0, -15.499999999961005, 0, 0, 0, 0, 0, 0, 0, 0, 0, -151.5, -151.5, 0, 0, 0, 0, 0, 1486, -151.5, 0, 0, 0, 0, 0, 0, 0, 0, 0, 0, 0, -151.5, 0, 0, 0, 0, 0, -151.5, 0, 0, 0, 0, -151.5, 0, 0, 0, 0, 0, 0, 0, 0, 0, 0, -151.5, 0, 0, 0, 1486, 0, -151.5, 0, -151.5, 0, 0, 0, 0, 0, 0, 0, 0, 0, -454.5, -454.5, 0, 0, 0, 0, 0, -151.5, 0, 0, -151.5, 0, -303.0, 0, 0, 0, 0, 0, 0, 0, 0, 0, 0, 0, -303.0, 0, 0, 0, 0, 0, 0, 0, 0, 0, 0, 0, -151.5, 0, 0, 0, 0, 0, 0, -151.5, 0, 0, 0, 0, 0, -151.5, 0, 0, 0, 0, 0, 0, 0, 0, 672.0000000000339, 0, 0, 0, 0, -151.5, -303.0]
Sharpe Ratio: 0.036
Annualized Sharpe: 0.566
Sharpe 95% CI: (np.float64(-1.25), np.float64(2.625))
Win Rate (%): 3.46
Max Drawdown: -2575.5
Profit Factor: 1.28
Expectancy: 8.417
Total Trades: 260

Rolling 9 - Variant 3 - 10_12 - Test Metrics
Returns: [0, -151.5, 0, 0, 0, 461.0000000000032, 0, 0, 434.4999999999894, 0, 0, 0, 0, -26.50000000002638, 0, 0, 1334.5, -151.5, 0, 1008.000000000008, 0, 0, 0, 0, 0, 0, 0, -151.5, -151.5, 0, 0, 0, -151.5, 0, 0, 109.4999999999697, 0, 0, 0, 0, 0, 0, 0, 0, 0, 835.9999999999619, 0, 0, 0, 0, 0, 0]
Sharpe Ratio: 0.239
Annualized Sharpe: 3.801
Sharpe 95% CI: (np.float64(-0.006), np.float64(8.586))
Win Rate (%): 11.54
Max Drawdown: -454.5
Profit Factor: 5.336
Expectancy: 65.375
Total Trades: 52



Rolling 9 - Variant 4 - 10_10 - Fit Metrics
Returns: [-151.5, -151.5, 0, 273.4999999999961, -215.4999999999945, 0, 0, 0, 0, 0, 0, -151.5, 0, 0, 0, 0, 0, 0, 0, 0, 0, 0, -151.5, 0, 0, 0, 0, 0, 0, 0, 0, 1236, 0, -151.5, 0, 0, -151.5, 0, 0, 0, -151.5, 0, 0, 0, 0, -151.5, 1084.5, 0, 0, 0, 0, 0, 0, 0, 0, 0, 0, -151.5, 0, 0, 0, 0, 0, -151.5, 0, -151.5, 0, 0, 0, 0, -151.5, 0, 0, 0, 0, -303.0, 0, 0, 0, 0, 0, 0, -151.5, 0, 0, 0, 0, -151.5, 0, -151.5, 0, 0, 0, 0, 0, 1084.5, 0, 0, 0, 0, 0, 1236, 0, 0, 0, 0, 0, 0, -303.0, 0, 0, 0, 1236, 0, 0, -151.5, 0, 0, 0, 0, 0, -151.5, 0, -303.0, 0, -15.499999999961005, 0, 0, 0, 0, 0, 0, 0, 0, 0, -151.5, -151.5, 0, 0, 0, 0, 0, 1236, -151.5, 0, 0, 0, 0, 0, 0, 0, 0, 0, 0, 0, -151.5, 0, 0, 0, 0, 0, -151.5, 0, 0, 0, 0, -151.5, 0, 0, 0, 0, 0, 0, 0, 0, 0, 0, -151.5, 0, 0, 0, 1236, 0, -151.5, 0, -151.5, 0, 0, 0, 0, 0, 0, 0, 0, 0, -454.5, -454.5, 0, 0, 0, 0, 0, -151.5, 0, 0, -151.5, 0, -303.0, 0, 0, 0, 0, 0, 0, 0, 0, 0, 0, 0, -303.0, 0, 0, 0, 0, 0, 0, 0, 0, 0, 0, 0, -151.5, 0, 0, 0, 0, 0, 0, -151.5, 0, 0, 0, 0, 0, -151.5, 0, 0, 0, 0, 0, 0, 0, 0, 672.0000000000339, 0, 0, 0, 0, -151.5, -303.0]
Sharpe Ratio: 0.026
Annualized Sharpe: 0.418
Sharpe 95% CI: (np.float64(-1.41), np.float64(2.491))
Win Rate (%): 3.46
Max Drawdown: -2575.5
Profit Factor: 1.191
Expectancy: 5.725
Total Trades: 260

Rolling 9 - Variant 4 - 10_10 - Test Metrics
Returns: [0, -151.5, 0, 0, 0, 461.0000000000032, 0, 0, 434.4999999999894, 0, 0, 0, 0, -26.50000000002638, 0, 0, 1084.5, -151.5, 0, 1008.000000000008, 0, 0, 0, 0, 0, 0, 0, -151.5, -151.5, 0, 0, 0, -151.5, 0, 0, 109.4999999999697, 0, 0, 0, 0, 0, 0, 0, 0, 0, 835.9999999999619, 0, 0, 0, 0, 0, 0]
Sharpe Ratio: 0.241
Annualized Sharpe: 3.821
Sharpe 95% CI: (np.float64(-0.043), np.float64(8.548))
Win Rate (%): 11.54
Max Drawdown: -454.5
Profit Factor: 5.017
Expectancy: 60.567
Total Trades: 52



Rolling 10 - Variant 0 - 10_8 - Fit Metrics
Returns: [-151.5, -151.5, 0, 273.4999999999961, -215.4999999999945, 0, 0, 0, 0, 0, 0, -151.5, 0, 0, 0, 0, 0, 0, 0, 0, 0, 0, -151.5, 0, 0, 0, 0, 0, 0, 0, 0, 986, 0, -151.5, 0, 0, -151.5, 0, 0, 0, -151.5, 0, 0, 0, 0, -151.5, 834.5, 0, 0, 0, 0, 0, 0, 0, 0, 0, 0, -151.5, 0, 0, 0, 0, 0, -151.5, 0, -151.5, 0, 0, 0, 0, -151.5, 0, 0, 0, 0, -303.0, 0, 0, 0, 0, 0, 0, -151.5, 0, 0, 0, 0, -151.5, 0, -151.5, 0, 0, 0, 0, 0, 834.5, 0, 0, 0, 0, 0, 986, 0, 0, 0, 0, 0, 0, -303.0, 0, 0, 0, 986, 0, 0, -151.5, 0, 0, 0, 0, 0, -151.5, 0, -303.0, 0, 1122.000000000039, 0, 0, 0, 0, 0, 0, 0, 0, 0, -151.5, -151.5, 0, 0, 0, 0, 0, 986, -151.5, 0, 0, 0, 0, 0, 0, 0, 0, 0, 0, 0, -151.5, 0, 0, 0, 0, 0, 986, 0, 0, 0, 0, 986, 0, 0, 0, 0, 0, 0, 0, 0, 0, 0, -151.5, 0, 0, 0, 986, 0, -151.5, 0, -151.5, 0, 0, 0, 0, 0, 0, 0, 0, 0, -454.5, -454.5, 0, 0, 0, 0, 0, -151.5, 0, 0, -151.5, 0, -303.0, 0, 0, 0, 0, 0, 0, 0, 0, 0, 0, 0, -303.0, 0, 0, 0, 0, 0, 0, 0, 0, 0, 0, 0, -151.5, 0, 0, 0, 0, 0, 0, -151.5, 0, 0, 0, 0, 0, -151.5, 0, 0, 0, 0, 0, 0, 0, 0, 672.0000000000339, 0, 0, 0, 0, -151.5, -303.0, 0, -151.5, 0, 0, 0, 461.0000000000032, 0, 0, 434.4999999999894, 0, 0, 0, 0, -26.50000000002638, 0, 0, 834.5, -151.5, 0, 1133.0000000000489, 0, 0, 0, 0, 0, 0]
Sharpe Ratio: 0.09
Annualized Sharpe: 1.424
Sharpe 95% CI: (np.float64(-0.339), np.float64(3.346))
Win Rate (%): 5.59
Max Drawdown: -2575.5
Profit Factor: 1.727
Expectancy: 19.876
Total Trades: 286

Rolling 10 - Variant 0 - 10_8 - Test Metrics
Returns: [0, -151.5, -151.5, 0, 0, 0, -151.5, 0, 0, 109.4999999999697, 0, 0, 0, 0, 0, 0, 0, 0, 0, 835.9999999999619, 0, 0, 0, 0, 0, 0]
Sharpe Ratio: 0.108
Annualized Sharpe: 1.708
Sharpe 95% CI: (np.float64(-2.781), np.float64(8.577))
Win Rate (%): 7.69
Max Drawdown: -454.5
Profit Factor: 2.08
Expectancy: 18.885
Total Trades: 26



Rolling 10 - Variant 1 - 10_6 - Fit Metrics
Returns: [-151.5, -151.5, 0, 273.4999999999961, -215.4999999999945, 0, 0, 0, 0, 0, 0, -151.5, 0, 0, 0, 0, 0, 0, 0, 0, 0, 0, -151.5, 0, 0, 0, 0, 0, 0, 0, 0, 736, 0, -151.5, 0, 0, -151.5, 0, 0, 0, -151.5, 0, 0, 0, 0, -151.5, 584.5, 0, 0, 0, 0, 0, 0, 0, 0, 0, 0, -151.5, 0, 0, 0, 0, 0, 736, 0, -151.5, 0, 0, 0, 0, -151.5, 0, 0, 0, 0, -303.0, 0, 0, 0, 0, 0, 0, -151.5, 0, 0, 0, 0, -151.5, 0, -151.5, 0, 0, 0, 0, 0, 584.5, 0, 0, 0, 0, 0, 736, 0, 0, 0, 0, 0, 0, -303.0, 0, 0, 0, 736, 0, 0, -151.5, 0, 0, 0, 0, 0, -151.5, 0, -303.0, 0, 872.000000000039, 0, 0, 0, 0, 0, 0, 0, 0, 0, -151.5, -151.5, 0, 0, 0, 0, 0, 736, -151.5, 0, 0, 0, 0, 0, 0, 0, 0, 0, 0, 0, -151.5, 0, 0, 0, 0, 0, 736, 0, 0, 0, 0, 736, 0, 0, 0, 0, 0, 0, 0, 0, 0, 0, -151.5, 0, 0, 0, 736, 0, -151.5, 0, -151.5, 0, 0, 0, 0, 0, 0, 0, 0, 0, -454.5, -454.5, 0, 0, 0, 0, 0, -151.5, 0, 0, -151.5, 0, -303.0, 0, 0, 0, 0, 0, 0, 0, 0, 0, 0, 0, -303.0, 0, 0, 0, 0, 0, 0, 0, 0, 0, 0, 0, -151.5, 0, 0, 0, 0, 0, 0, -151.5, 0, 0, 0, 0, 0, -151.5, 0, 0, 0, 0, 0, 0, 0, 0, 934.5000000000043, 0, 0, 0, 0, -151.5, -303.0, 0, -151.5, 0, 0, 0, 461.0000000000032, 0, 0, 584.5, 0, 0, 0, 0, -26.50000000002638, 0, 0, 584.5, -151.5, 0, 883.0000000000489, 0, 0, 0, 0, 0, 0]
Sharpe Ratio: 0.074
Annualized Sharpe: 1.177
Sharpe 95% CI: (np.float64(-0.558), np.float64(3.105))
Win Rate (%): 5.94
Max Drawdown: -2575.5
Profit Factor: 1.52
Expectancy: 13.932
Total Trades: 286

Rolling 10 - Variant 1 - 10_6 - Test Metrics
Returns: [0, -151.5, -151.5, 0, 0, 0, -151.5, 0, 0, 584.5, 0, 0, 0, 0, 0, 0, 0, 0, 0, 736, 0, 0, 0, 0, 0, 0]
Sharpe Ratio: 0.173
Annualized Sharpe: 2.751
Sharpe 95% CI: (np.float64(-2.407), np.float64(9.363))
Win Rate (%): 7.69
Max Drawdown: -454.5
Profit Factor: 2.905
Expectancy: 33.308
Total Trades: 26



Rolling 10 - Variant 2 - 10_12 - Fit Metrics
Returns: [-151.5, -151.5, 0, 273.4999999999961, -215.4999999999945, 0, 0, 0, 0, 0, 0, -151.5, 0, 0, 0, 0, 0, 0, 0, 0, 0, 0, -151.5, 0, 0, 0, 0, 0, 0, 0, 0, 1486, 0, -151.5, 0, 0, -151.5, 0, 0, 0, -151.5, 0, 0, 0, 0, -151.5, 909.5000000000482, 0, 0, 0, 0, 0, 0, 0, 0, 0, 0, -151.5, 0, 0, 0, 0, 0, -151.5, 0, -151.5, 0, 0, 0, 0, -151.5, 0, 0, 0, 0, -303.0, 0, 0, 0, 0, 0, 0, -151.5, 0, 0, 0, 0, -151.5, 0, -151.5, 0, 0, 0, 0, 0, 1334.5, 0, 0, 0, 0, 0, 860.9999999999592, 0, 0, 0, 0, 0, 0, -303.0, 0, 0, 0, 1486, 0, 0, -151.5, 0, 0, 0, 0, 0, -151.5, 0, -303.0, 0, -15.499999999961005, 0, 0, 0, 0, 0, 0, 0, 0, 0, -151.5, -151.5, 0, 0, 0, 0, 0, 1486, -151.5, 0, 0, 0, 0, 0, 0, 0, 0, 0, 0, 0, -151.5, 0, 0, 0, 0, 0, -151.5, 0, 0, 0, 0, -151.5, 0, 0, 0, 0, 0, 0, 0, 0, 0, 0, -151.5, 0, 0, 0, 1486, 0, -151.5, 0, -151.5, 0, 0, 0, 0, 0, 0, 0, 0, 0, -454.5, -454.5, 0, 0, 0, 0, 0, -151.5, 0, 0, -151.5, 0, -303.0, 0, 0, 0, 0, 0, 0, 0, 0, 0, 0, 0, -303.0, 0, 0, 0, 0, 0, 0, 0, 0, 0, 0, 0, -151.5, 0, 0, 0, 0, 0, 0, -151.5, 0, 0, 0, 0, 0, -151.5, 0, 0, 0, 0, 0, 0, 0, 0, 672.0000000000339, 0, 0, 0, 0, -151.5, -303.0, 0, -151.5, 0, 0, 0, 461.0000000000032, 0, 0, 434.4999999999894, 0, 0, 0, 0, -26.50000000002638, 0, 0, 1334.5, -151.5, 0, 1008.000000000008, 0, 0, 0, 0, 0, 0]
Sharpe Ratio: 0.072
Annualized Sharpe: 1.138
Sharpe 95% CI: (np.float64(-0.625), np.float64(3.147))
Win Rate (%): 4.55
Max Drawdown: -2575.5
Profit Factor: 1.627
Expectancy: 17.822
Total Trades: 286

Rolling 10 - Variant 2 - 10_12 - Test Metrics
Returns: [0, -151.5, -151.5, 0, 0, 0, -151.5, 0, 0, 109.4999999999697, 0, 0, 0, 0, 0, 0, 0, 0, 0, 835.9999999999619, 0, 0, 0, 0, 0, 0]
Sharpe Ratio: 0.108
Annualized Sharpe: 1.708
Sharpe 95% CI: (np.float64(-2.781), np.float64(8.577))
Win Rate (%): 7.69
Max Drawdown: -454.5
Profit Factor: 2.08
Expectancy: 18.885
Total Trades: 26



Rolling 10 - Variant 3 - 10_4 - Fit Metrics
Returns: [-151.5, -151.5, 0, 273.4999999999961, -215.4999999999945, 0, 0, 0, 0, 0, 0, -151.5, 0, 0, 0, 0, 0, 0, 0, 0, 0, 0, -151.5, 0, 0, 0, 0, 0, 0, 0, 0, 486, 0, -151.5, 0, 0, -151.5, 0, 0, 0, -151.5, 0, 0, 0, 0, -151.5, 334.5, 0, 0, 0, 0, 0, 0, 0, 0, 0, 0, -151.5, 0, 0, 0, 0, 0, 486, 0, -151.5, 0, 0, 0, 0, -151.5, 0, 0, 0, 0, -303.0, 0, 0, 0, 0, 0, 0, -151.5, 0, 0, 0, 0, -151.5, 0, 486, 0, 0, 0, 0, 0, 334.5, 0, 0, 0, 0, 0, 486, 0, 0, 0, 0, 0, 0, -303.0, 0, 0, 0, 486, 0, 0, -151.5, 0, 0, 0, 0, 0, -151.5, 0, -303.0, 0, 622.000000000039, 0, 0, 0, 0, 0, 0, 0, 0, 0, 486, -151.5, 0, 0, 0, 0, 0, 486, -151.5, 0, 0, 0, 0, 0, 0, 0, 0, 0, 0, 0, -151.5, 0, 0, 0, 0, 0, 486, 0, 0, 0, 0, 486, 0, 0, 0, 0, 0, 0, 0, 0, 0, 0, 486, 0, 0, 0, 486, 0, -151.5, 0, -151.5, 0, 0, 0, 0, 0, 0, 0, 0, 0, -454.5, -454.5, 0, 0, 0, 0, 0, -151.5, 0, 0, -151.5, 0, -303.0, 0, 0, 0, 0, 0, 0, 0, 0, 0, 0, 0, 334.5, 0, 0, 0, 0, 0, 0, 0, 0, 0, 0, 0, -151.5, 0, 0, 0, 0, 0, 0, -151.5, 0, 0, 0, 0, 0, -151.5, 0, 0, 0, 0, 0, 0, 0, 0, 684.5000000000043, 0, 0, 0, 0, -151.5, -303.0, 0, -151.5, 0, 0, 0, 486, 0, 0, 334.5, 0, 0, 0, 0, -26.50000000002638, 0, 0, 334.5, -151.5, 0, 820.5, 0, 0, 0, 0, 0, 0]
Sharpe Ratio: 0.069
Annualized Sharpe: 1.099
Sharpe 95% CI: (np.float64(-0.667), np.float64(3.026))
Win Rate (%): 7.34
Max Drawdown: -1938.0
Profit Factor: 1.434
Expectancy: 10.479
Total Trades: 286

Rolling 10 - Variant 3 - 10_4 - Test Metrics
Returns: [0, -151.5, -151.5, 0, 0, 0, -151.5, 0, 0, 334.5, 0, 0, 0, 0, 0, 0, 0, 0, 0, 486, 0, 0, 0, 0, 0, 0]
Sharpe Ratio: 0.11
Annualized Sharpe: 1.741
Sharpe 95% CI: (np.float64(-3.604), np.float64(8.527))
Win Rate (%): 7.69
Max Drawdown: -454.5
Profit Factor: 1.805
Expectancy: 14.077
Total Trades: 26



Rolling 10 - Variant 4 - 10_10 - Fit Metrics
Returns: [-151.5, -151.5, 0, 273.4999999999961, -215.4999999999945, 0, 0, 0, 0, 0, 0, -151.5, 0, 0, 0, 0, 0, 0, 0, 0, 0, 0, -151.5, 0, 0, 0, 0, 0, 0, 0, 0, 1236, 0, -151.5, 0, 0, -151.5, 0, 0, 0, -151.5, 0, 0, 0, 0, -151.5, 1084.5, 0, 0, 0, 0, 0, 0, 0, 0, 0, 0, -151.5, 0, 0, 0, 0, 0, -151.5, 0, -151.5, 0, 0, 0, 0, -151.5, 0, 0, 0, 0, -303.0, 0, 0, 0, 0, 0, 0, -151.5, 0, 0, 0, 0, -151.5, 0, -151.5, 0, 0, 0, 0, 0, 1084.5, 0, 0, 0, 0, 0, 1236, 0, 0, 0, 0, 0, 0, -303.0, 0, 0, 0, 1236, 0, 0, -151.5, 0, 0, 0, 0, 0, -151.5, 0, -303.0, 0, -15.499999999961005, 0, 0, 0, 0, 0, 0, 0, 0, 0, -151.5, -151.5, 0, 0, 0, 0, 0, 1236, -151.5, 0, 0, 0, 0, 0, 0, 0, 0, 0, 0, 0, -151.5, 0, 0, 0, 0, 0, -151.5, 0, 0, 0, 0, -151.5, 0, 0, 0, 0, 0, 0, 0, 0, 0, 0, -151.5, 0, 0, 0, 1236, 0, -151.5, 0, -151.5, 0, 0, 0, 0, 0, 0, 0, 0, 0, -454.5, -454.5, 0, 0, 0, 0, 0, -151.5, 0, 0, -151.5, 0, -303.0, 0, 0, 0, 0, 0, 0, 0, 0, 0, 0, 0, -303.0, 0, 0, 0, 0, 0, 0, 0, 0, 0, 0, 0, -151.5, 0, 0, 0, 0, 0, 0, -151.5, 0, 0, 0, 0, 0, -151.5, 0, 0, 0, 0, 0, 0, 0, 0, 672.0000000000339, 0, 0, 0, 0, -151.5, -303.0, 0, -151.5, 0, 0, 0, 461.0000000000032, 0, 0, 434.4999999999894, 0, 0, 0, 0, -26.50000000002638, 0, 0, 1084.5, -151.5, 0, 1008.000000000008, 0, 0, 0, 0, 0, 0]
Sharpe Ratio: 0.064
Annualized Sharpe: 1.009
Sharpe 95% CI: (np.float64(-0.766), np.float64(3.035))
Win Rate (%): 4.55
Max Drawdown: -2575.5
Profit Factor: 1.51
Expectancy: 14.5
Total Trades: 286

Rolling 10 - Variant 4 - 10_10 - Test Metrics
Returns: [0, -151.5, -151.5, 0, 0, 0, -151.5, 0, 0, 109.4999999999697, 0, 0, 0, 0, 0, 0, 0, 0, 0, 835.9999999999619, 0, 0, 0, 0, 0, 0]
Sharpe Ratio: 0.108
Annualized Sharpe: 1.708
Sharpe 95% CI: (np.float64(-2.781), np.float64(8.577))
Win Rate (%): 7.69
Max Drawdown: -454.5
Profit Factor: 2.08
Expectancy: 18.885
Total Trades: 26

