


Rolling 0 - Variant 0 - atr_0.5_4 - Fit Metrics
Contracts: [9, 9, 14, 13, 9, 10, 9, 10, 11, 8, 8, 8, 9, 5, 7, 9, 10, 10, 9, 7, 8, 7, 8, 8, 6, 6, 6, 6, 6, 6, 8, 10, 10, 10, 7, 7, 7, 7, 10, 5, 5, 6, 6, 6, 6, 6, 8, 8, 8, 6, 6, 7, 7, 6, 5, 7, 6, 7, 6, 8, 6, 9, 5, 6, 6, 8, 9, 9, 9, 5, 11, 6, 5, 7, 7, 10, 6, 11, 10, 12, 10, 9, 9, 9, 12, 7, 15, 10, 9, 10, 8, 9, 9, 11, 10, 10, 9, 8, 8, 8, 10, 12, 10, 12, 12, 9, 10, 13, 8, 10, 11, 9, 13, 10, 9, 10, 14, 8, 10, 7, 10, 10, 11, 13, 12, 10, 10, 10, 10, 13, 11, 11, 6, 11, 8, 12, 10, 10, 16, 15, 15, 13, 17, 15, 10, 13, 13, 13, 12, 12, 12, 13, 11, 13, 11, 10, 12, 11, 20, 18, 14, 10, 8, 14, 15, 14, 20, 19, 10, 10, 18, 15, 15, 9, 9, 10, 15, 15, 15, 6, 8, 7, 6, 6, 8, 8, 10, 6, 11, 7, 8, 8, 10, 8, 5, 11, 11, 10, 10, 11, 8, 11, 12, 12, 4, 4, 5, 8, 8, 7, 9, 6, 8, 9, 7, 9, 9, 10, 9, 9, 9, 8, 9, 9, 9, 9, 4, 9, 10, 10, 13, 6, 6, 9, 9, 9, 9, 11, 11, 12, 12, 12, 10, 18, 12, 11]
Trade Returns: [-0.0027386999999999646, 0.0007508563703413546, 0.016597828017972965, -0.004739940836304939, -0.004153705964058538, -0.0045361361113488785, 0.001187205895623925, -0.0005418087792179702, 0.0032473237308314677, -0.003985392394753246, 0.0011101510456227432, 0.0017121508720681262, 0.006350113441850584, 0.002979643975238593, 0.00035894294781246323, 0.004153980257584369, -0.004313546527303739, -0.000704209161862765, -0.0045656218988679295, -0.0016792320117814312, -0.0041831791013364795]
Daily Returns: [-0.0027386999999999646, 0, 0, 0, 0.0007508563703413546, 0, 0, 0, 0, 0, 0.011857887181668025, 0, -0.004153705964058538, 0, -0.0033489302157249535, 0, 0, 0, -0.0005418087792179702, 0, 0.0032473237308314677, 0, 0, 0, 0, 0, 0, 0, 0, 0, 0, 0, 0, 0, 0, 0, 0, 0, 0, 0, 0, -0.003985392394753246, 0.0011101510456227432, 0, 0, 0, 0, 0, 0, 0, 0, 0, 0, 0.0017121508720681262, 0, 0, 0.006350113441850584, 0, 0, 0, 0, 0, 0, 0, 0, 0, 0, 0, 0, 0, 0, 0, 0.002979643975238593, 0, 0, 0, 0, 0, 0, 0, 0, 0.00035894294781246323, 0, 0, -0.0008637754315821349, 0, 0, -0.0045656218988679295, 0, 0, 0, 0, -0.0016792320117814312, 0, 0, 0, 0, 0, 0, 0, 0, -0.0041831791013364795]
Start Date: 2021-12-17
End Date: 2022-04-14
Sharpe Ratio: 0.013
Annualized Sharpe: 0.209
Sharpe 95% CI: (np.float64(-3.625), np.float64(2.7))
Sortino Ratio: 0.015
CAGR: 0.005
Calmar Ratio: 0.475
Daily Win Rate (%): 0.476
Max Drawdown: 0.011
Profit Factor: 1.064
Expectancy: 0.00011
Average Win: 0.003845
Average Loss: 0.003286
Total Trades: 21
Total Days: 102

Rolling 0 - Variant 0 - atr_0.5_4 - Test Metrics
Contracts: [9, 9, 14, 13, 9, 10, 9, 10, 11, 8, 8, 8, 9, 5, 7, 9, 10, 10, 9, 7, 8, 7, 8, 8, 6, 6, 6, 6, 6, 6, 8, 10, 10, 10, 7, 7, 7, 7, 10, 5, 5, 6, 6, 6, 6, 6, 8, 8, 8, 6, 6, 7, 7, 6, 5, 7, 6, 7, 6, 8, 6, 9, 5, 6, 6, 8, 9, 9, 9, 5, 11, 6, 5, 7, 7, 10, 6, 11, 10, 12, 10, 9, 9, 9, 12, 7, 15, 10, 9, 10, 8, 9, 9, 11, 10, 10, 9, 8, 8, 8, 10, 12, 10, 12, 12, 9, 10, 13, 8, 10, 11, 9, 13, 10, 9, 10, 14, 8, 10, 7, 10, 10, 11, 13, 12, 10, 10, 10, 10, 13, 11, 11, 6, 11, 8, 12, 10, 10, 16, 15, 15, 13, 17, 15, 10, 13, 13, 13, 12, 12, 12, 13, 11, 13, 11, 10, 12, 11, 20, 18, 14, 10, 8, 14, 15, 14, 20, 19, 10, 10, 18, 15, 15, 9, 9, 10, 15, 15, 15, 6, 8, 7, 6, 6, 8, 8, 10, 6, 11, 7, 8, 8, 10, 8, 5, 11, 11, 10, 10, 11, 8, 11, 12, 12, 4, 4, 5, 8, 8, 7, 9, 6, 8, 9, 7, 9, 9, 10, 9, 9, 9, 8, 9, 9, 9, 9, 4, 9, 10, 10, 13, 6, 6, 9, 9, 9, 9, 11, 11, 12, 12, 12, 10, 18, 12, 11]
Trade Returns: [-0.003719317761575412, 0.0011675477030783541, 0.003617418114344188, 0.0015443923067490744, 0.0008328172394663065, -0.0027481879890670414, 0.001395382790837386, -0.0002124216788423933, 0.00034783596127779945, 0.008230450216261374, 0.005574614954545386, 0.001308215593929717, -0.00485452463176529, 0.00018594202403591513, 0.0030745437161900525, -0.0019207717747642278, -0.0008047901551011773, -0.0013482367354588462, 0.002018286905565228, 0.0028611618545504023, 0.003775559161276148, -0.0001723477791915072, 0.0038723161312921137, 0.002795164054602533, -0.004294874382911319, -0.0003760309609259746, -3.366371233341147e-05, -0.002443603059956378, -0.0020069728311484713, -0.0037576977498185514, 0.0023388348258867294, 0.00834812265072033, 0.00351732352685958, -0.000457763489104526, 0.011982739943538354, 0.011467279549836892, 8.250548508025034e-05, -0.003250663112469231, 0.000298215721378915, -0.005432733044434125, -0.004475560666953778, -0.0009513868919879803, -0.0035769765438793044, -0.003336472873188551, -0.002260521522573167, 0.0016002365803426165, -0.0006915721463963738, -0.005246451567235076, -0.0032651485064403847, -0.002156043370535127, 0.0037502127037413674, -0.0036882810383635114, 0.0017918585605441485, -0.004290571747938976, -0.0036535841504435865, -0.004394490182438741, 0.006605552583970436, 0.005668774737535229, -0.005223836568499709, 0.0013100877345692534, -0.001695581527885574, -0.00488086270268483, -0.005572213224123162, -0.0015023007940584666, -0.005434855106892503, -0.001900271949127457, -0.0032396333109385024, 0.0057711805595027305, -0.004658624922721505, 0.0006406841536120183, 0.0026104395643558255, -0.004717202909508222, 0.004116216253417428, -0.0040213374692304495, 0.003091054446989239, 0.003986205793955537, -0.0020368517074790104, -0.005965922821349477, 0.0044230319215656086, -0.004181540140590853, -0.0027721306071866697, 0.0005879724328820926, -0.0022136468807524134, -0.006005018742112317, -0.0014151510263040034, 0.015342516619144568, -0.004726315364531774, 0.0015952217964572963, -0.003958220309729662, -3.9116119232210594e-05, 0.0004658951378616905, -0.0053536849558523955, 0.0006549618863248345, 0.012459085931561902, -0.0049806726097840395, 0.007436990025644958, 0.0016390195080873127, -0.0019164654860853753, -0.004280207275589013, 0.003214735618318263, -0.0013591468628624396, 0.00430646870743213, 0.0035381804340813288, 0.0009546851034284872, -0.004247386295211508, -0.002035720775639246, -0.0013002544119212265, -0.004187804535020679, -0.0047033888646161376, -0.0026804658556536434, 0.003358498435870768, -0.00053462894495584, -0.0010112866379204798, -0.004158886381104438, 0.003896625336372301, 0.00020967396154788058, 0.006816722256594792, -0.0042611525367128485, -0.0029062106868903968, -0.0005859805822540511, -0.003390355945457364, -0.004880655967643812, -0.003657203769495412, -0.0005567266523400548, -0.004766639550020976, -0.0006454714068645652, 0.0027384464873936028, 0.0014935560619607677, 0.00041020805419928873, -0.0039460417813010126, -0.004133614823262565, 0.010564253915520357, -0.0018132674387742781, 0.00561307736966785, -0.002507643384695733, -0.0024863566186198727, 0.009521665954301716, -0.005047603142426523, 0.0019030854645645542, -0.004340985022901386, 0.00037448752466636803, -0.0007513155118749294, 0.0011925249224836875, 0.003385260516401377, -0.00545638614738622, 0.0005523262940851935, -0.005009235732775245, -0.004579677615605269, 0.001765123577780444, 0.016874452467494864, -0.005061663704438932, -0.0052787138195888594, -0.000732025939996066, 0.0026428670788324394, 0.002789371432999537, 0.0020397094057250163, -0.0015939087318388085, -0.0014051238345740582, -0.0038391784737460692, 0.004888543194945611, 0.0007743224234045108, -0.0037020786360691263, 0.00416734571651455, 0.001800133949704539, -0.0030881916665435913, 0.001742642084285475, 0.00030097109753595536, 0.004054605073356374, 0.00729386573215926, -0.005114264774737258, -0.004324599887454428, 0.0037953471990589157, -0.0008959564040822201, 0.0015308493909859742, 0.009825254651137337, -0.005999051660987884, 0.011013588036643767, -0.004825696633152475, -0.004739784757742833, -0.004038468187280107, 0.0032501210203332432, -0.00502543646642734, 0.010798723726515918, 0.0008347367771387483, 0.0007839660907625694, -0.002710910175082104, 0.0062056139539151635, -0.00304479378418165, -0.0029184242359647275, 0.0036978442857701303, -0.004356468205809194, 0.00018689807852369057, 0.004985930257950976, 0.0023731097497718405, -0.00020669406297096655, 0.0006341124231101073, 0.0005796315530203322, 0.0033207980993722333, -3.839268860353702e-05, -0.004140096132733084, -0.005289339386973993, 0.004961913502490748, -0.0037473477895207568, -9.545487035467418e-05, -0.00496811038142102, 0.0008373081087227807, -0.0041921545433654915, 8.272169091607382e-05, -0.0011781822337733853, -0.001041113663399803, -0.0004051927861631383, -0.002965386954274628, 0.002300152534536062, -0.0006653722715857619, -0.00416920681013233, 0.00030386877424945047, 0.007780154490869474, -0.004451785975314309, 0.0005557031761744159, 0.005568529080750418, -0.003828766727155293, 0.003684651742150503, 0.0035483343838271426, -0.0023102169359047555, 0.008667478110912867]
Daily Returns: [0, 0, 0, 0, 0, -0.003719317761575412, 0.004784965817422542, 0, 0, 0, 0, 0, 0, 0, 0, 0, 0, 0.0015443923067490744, -0.0019153707496007348, 0, 0.001395382790837386, 0.00013541428243540613, 0, 0, 0, 0, 0, 0, 0, 0, 0, 0, 0, 0, 0, 0, 0, 0, 0, 0, 0.008230450216261374, 0, 0, 0, 0, 0.005574614954545386, 0.001308215593929717, -0.00485452463176529, 0, 0, 0, 0, 0, 0, 0, 0, 0, 0, 0, 0.00018594202403591513, 0.0003489817863246474, 0, 0, 0, 0, 0, 0, 0, 0, 0, 0, 0, 0, 0, 0, 0, 0, 0, 0, 0, 0, 0, 0, 0, -0.0013482367354588462, 0, 0.002018286905565228, 0, 0, 0.006464373236635043, 0.0038723161312921137, 0, 0, 0, 0.002795164054602533, 0, -0.004670905343837293, 0, 0, -3.366371233341147e-05, 0, 0, 0, 0, 0, 0, 0, 0, -0.002443603059956378, 0, 0, 0, 0, 0, -0.0020069728311484713, 0, -0.0037576977498185514, 0.0023388348258867294, 0, 0, 0.00834812265072033, 0, 0, 0, 0, 0.00351732352685958, 0, 0, 0, 0, 0, 0, 0, 0, 0, 0, 0, 0, 0, 0, 0, 0, 0, 0, 0, 0, 0, 0, 0, -0.000457763489104526, 0, 0, 0, 0, 0, 0.011982739943538354, 0, 0, 0, 0, 0, 0, 0.011549785034917142, 0, 0, 0, -0.003250663112469231, 0, 0.000298215721378915, 0, 0, 0, 0, -0.005432733044434125, 0, 0, 0, 0, 0, 0, 0, 0, 0, 0, 0, 0, 0, 0, 0, 0, -0.004475560666953778, 0, 0, 0, 0, 0, -0.0009513868919879803, 0, 0, 0, 0, 0, -0.0035769765438793044, -0.003336472873188551, 0, 0, 0, 0, 0, 0, 0, 0, 0, 0, 0, 0, -0.002260521522573167, 0, 0, 0.0016002365803426165, 0, -0.0006915721463963738, 0, 0, 0, -0.005246451567235076, 0, 0, 0, 0, -0.0032651485064403847, 0, 0, 0, 0, 0, 0, 0, -0.002156043370535127, 0, 0.0037502127037413674, 0, -0.0036882810383635114, 0, 0, 0, 0.0017918585605441485, 0, 0, 0, 0, 0, -0.004290571747938976, 0, -0.0036535841504435865, 0, 0, 0, 0, 0, 0, -0.004394490182438741, 0, 0.006605552583970436, 0.005668774737535229, 0, 0, 0, 0, 0, 0, 0, 0, 0, -0.005223836568499709, 0.0013100877345692534, 0, 0, -0.001695581527885574, -0.00488086270268483, 0, 0, -0.005572213224123162, 0, 0, 0, 0, 0, 0, 0, 0, 0, 0, 0, 0, -0.0015023007940584666, 0, 0, 0, 0, 0, 0, -0.00733512705601996, 0, 0, 0, -0.0032396333109385024, 0, 0.0057711805595027305, 0, -0.004658624922721505, 0, 0, 0, 0.0006406841536120183, 0, 0, 0, 0.0026104395643558255, 0, -0.004717202909508222, 0, 0, 0, 0.004116216253417428, 0, 0, 0, -0.0040213374692304495, 0.003091054446989239, 0, 0, 0.0019493540864765268, 0, 0, 0, 0, 0, 0, 0, 0, -0.005965922821349477, 0, 0, 0, 0, 0, 0, 0, 0, 0, 0, 0.0044230319215656086, 0, -0.004181540140590853, 0, 0, 0, 0, -0.0027721306071866697, 0, 0, 0, 0, 0, 0, 0, 0, 0, 0, 0, 0, 0, 0, 0, 0, 0.0005879724328820926, 0, 0, 0, 0, -0.0022136468807524134, 0, 0, -0.00742016976841632, 0, 0, 0, 0, 0, 0, 0, 0, 0, 0, 0.015342516619144568, 0, 0, 0, 0, 0, -0.004726315364531774, 0, 0, 0, 0, 0, 0, 0, 0, 0.0015952217964572963, 0, 0, -0.003997336428961873, 0, 0, 0.0004658951378616905, 0, 0, 0, 0, 0, 0, -0.0053536849558523955, 0, 0, 0, 0, 0, 0.0006549618863248345, 0, 0, 0.007478413321777863, 0, 0, 0, 0, 0, 0, 0, 0, 0.007436990025644958, 0, 0, 0, 0, 0, 0, 0, 0, 0, 0, 0, 0, 0, 0, 0, 0, 0, 0, 0, 0, 0.0016390195080873127, 0, 0, 0, 0, 0, 0, 0, 0, 0, -0.0019164654860853753, -0.0010654716572707497, 0, 0, -0.0013591468628624396, 0, 0.00430646870743213, 0.0035381804340813288, 0, 0, 0, 0.0009546851034284872, 0, -0.004247386295211508, -0.002035720775639246, 0, 0, 0, 0, -0.0013002544119212265, 0, 0, 0, -0.008891193399636815, 0, 0, 0, 0, 0, 0, 0, 0, 0, 0, 0, 0, 0, -0.0026804658556536434, 0.003358498435870768, 0, 0, 0, 0, 0, 0, 0, 0, -0.00053462894495584, 0, -0.0010112866379204798, 0, 0, 0, 0, 0, 0, 0, 0, 0, 0, 0, 0, 0, 0, 0, 0, 0, 0, 0, 0, 0, 0, 0, 0, 0, 0, 0, 0, 0, 0, 0, 0, 0, 0, 0, 0, 0, 0, 0, 0, 0, 0, -0.004158886381104438, 0, 0, 0, 0, 0.0041062992979201815, 0.006816722256594792, 0, 0, -0.0042611525367128485, 0, 0, 0, 0, 0, 0, 0, 0, 0, 0, 0, 0, -0.0029062106868903968, 0, 0, 0, 0, 0, -0.0005859805822540511, 0, 0, 0, 0, 0, -0.003390355945457364, -0.004880655967643812, 0, 0, 0, 0, -0.003657203769495412, -0.0005567266523400548, 0, 0, 0, 0, 0, 0, 0, 0, 0, 0, 0, 0, -0.004766639550020976, 0, 0, 0, 0, 0, 0, 0, 0, 0, 0, -0.0006454714068645652, 0.0042320025493543705, 0, 0.00041020805419928873, -0.008079656604563577, 0, 0, 0, 0, 0, 0, 0.008750986476746079, 0.00561307736966785, 0, 0, 0, 0, 0, -0.002507643384695733, 0, 0, 0, 0, -0.0024863566186198727, 0, 0, 0, 0, 0, 0.009521665954301716, 0, 0, 0, 0, 0, -0.005047603142426523, 0, 0.0019030854645645542, 0, 0, 0, 0, 0, -0.004340985022901386, 0, 0.00037448752466636803, 0, 0, -0.0007513155118749294, 0, 0, 0, 0, 0, 0, 0, 0, 0.0011925249224836875, 0.003385260516401377, 0, 0, 0, -0.00545638614738622, 0, 0, 0, 0, 0, 0, 0, 0, 0, 0, 0, 0, 0, 0, 0, 0, 0, 0, 0, 0, 0.0005523262940851935, 0, 0, 0, -0.005009235732775245, 0, 0, 0, -0.004579677615605269, 0, 0, 0, 0, 0, 0.001765123577780444, 0, 0, 0.016874452467494864, 0, 0, 0, 0, 0, 0, 0, 0, 0, 0, 0, 0, 0, 0, 0, 0, 0, 0, 0, -0.005061663704438932, 0, 0, 0, 0, 0, 0, -0.0052787138195888594, 0, 0, 0, 0, 0, 0, 0, 0, 0, -0.000732025939996066, 0, 0.005432238511831977, 0, 0, 0, 0, 0, 0, 0, 0, 0, 0, 0, 0, 0, 0, 0, 0, 0, 0, 0, 0, 0, 0, 0, 0, 0, 0.0004458006738862078, -0.0014051238345740582, 0, 0, 0, 0, 0, 0, -0.0038391784737460692, 0, 0, 0, 0, 0, 0, 0, 0, 0, 0, 0.004888543194945611, 0, 0, 0, 0, 0, 0.0007743224234045108, -0.0037020786360691263, 0, 0.00416734571651455, 0, 0.001800133949704539, 0, 0, -0.0030881916665435913, 0, 0, 0, 0.001742642084285475, 0, 0, 0, 0, 0, 0, 0, 0, 0, 0, 0, 0, 0, 0, 0, 0, 0.00030097109753595536, 0, 0, 0, 0, 0, 0.004054605073356374, 0.00729386573215926, 0, 0, 0, 0, 0, -0.005114264774737258, 0, 0, 0, 0, -0.004324599887454428, 0, 0, 0, 0.0037953471990589157, 0, 0, -0.0008959564040822201, 0, 0, 0, 0, 0, 0, 0.0015308493909859742, 0, 0, 0, 0, 0, 0.0038262029901494528, 0, 0, 0, 0, 0, 0, 0, 0, 0, 0, 0, 0, 0.0014481066457484593, 0, 0, 0, 0, 0, 0, 0, 0, 0, 0, 0, 0, -0.004038468187280107, 0, 0, 0, 0, 0, 0, 0, 0, 0, 0, 0, 0, 0, 0.0032501210203332432, 0, 0.0057732872600885785, 0, 0, 0, 0, 0.0008347367771387483, 0.0007839660907625694, 0, 0, 0, 0, 0, 0, 0, 0, 0, 0, 0, -0.002710910175082104, 0, 0, 0, 0, 0, 0.0031608201697335137, 0, 0, 0, 0, -0.0029184242359647275, 0, 0, 0, 0, 0, 0, 0.0036978442857701303, 0, 0, 0, -0.004356468205809194, 0, 0, 0, 0.00018689807852369057, 0, 0, 0, 0.004985930257950976, 0, 0.0023731097497718405, 0, 0, 0, 0, 0, 0, 0, 0.0004274183601391408, 0.0038620369637890287, 0, 0, 0, 0, 0, 0, 0, 0, -0.004140096132733084, 0, -0.005289339386973993, 0, 0, 0, 0, 0, 0, 0, 0, 0, 0, 0, 0.0012145657129699911, 0, 0, 0, 0, 0, 0, 0, 0, 0, 0, 0, -9.545487035467418e-05, 0, 0, 0, 0, 0, 0, -0.00496811038142102, 0, 0, 0, 0, 0.0008373081087227807, 0, 0, 0, 0, 0, 0, -0.0041921545433654915, 0, 8.272169091607382e-05, -0.0011781822337733853, 0, 0, -0.001041113663399803, 0, 0, -0.0004051927861631383, 0, -0.002965386954274628, 0, 0, 0, 0.002300152534536062, 0, 0, -0.0006653722715857619, 0, 0, -0.00416920681013233, 0, 0, 0, 0, 0.00030386877424945047, 0.007780154490869474, 0, 0, 0, 0, 0, 0, 0, 0, 0, -0.004451785975314309, 0, 0, 0, 0, 0.0005557031761744159, 0, 0, 0.0017397623535951247, 0, 0, 0, 0, 0, 0, 0, 0, 0, 0.003684651742150503, 0, 0, 0, 0, 0, 0, 0, 0, 0, 0, 0.0035483343838271426, -0.0023102169359047555, 0.008667478110912867, 0, 0, 0, 0, 0, 0]
Start Date: 2022-04-15
End Date: 2025-11-06
Sharpe Ratio: 0.001
Annualized Sharpe: 0.021
Sharpe 95% CI: (np.float64(-0.938), np.float64(0.91))
Sortino Ratio: 0.001
CAGR: 0.0
Calmar Ratio: 0.002
Daily Win Rate (%): 0.458
Max Drawdown: 0.084
Profit Factor: 1.007
Expectancy: 1.2e-05
Average Win: 0.003723
Average Loss: 0.003122
Total Trades: 225
Total Days: 1116



Rolling 0 - Variant 1 - atr_0.5_1 - Fit Metrics
Contracts: [9, 9, 14, 13, 8, 10, 8, 10, 11, 8, 8, 8, 9, 5, 7, 9, 10, 10, 9, 7, 8, 7, 8, 8, 6, 6, 6, 6, 6, 6, 8, 10, 10, 10, 7, 7, 7, 7, 10, 5, 5, 6, 6, 6, 6, 6, 8, 8, 8, 6, 6, 7, 7, 6, 6, 7, 6, 7, 6, 8, 6, 9, 5, 6, 6, 8, 9, 9, 9, 5, 11, 6, 5, 7, 7, 10, 6, 11, 10, 12, 10, 9, 9, 9, 12, 7, 15, 10, 9, 10, 8, 9, 9, 11, 10, 10, 9, 8, 8, 8, 10, 12, 10, 12, 13, 9, 10, 13, 8, 10, 11, 9, 13, 10, 9, 10, 13, 8, 10, 7, 10, 10, 10, 13, 12, 9, 9, 10, 10, 13, 10, 11, 6, 11, 8, 12, 10, 10, 16, 15, 15, 13, 17, 15, 10, 13, 13, 13, 12, 12, 12, 13, 11, 13, 11, 10, 12, 11, 20, 17, 14, 10, 8, 14, 14, 14, 19, 19, 10, 10, 17, 14, 15, 9, 9, 10, 15, 15, 15, 6, 8, 7, 6, 6, 8, 8, 10, 6, 10, 6, 7, 8, 10, 8, 5, 10, 11, 10, 10, 11, 8, 11, 12, 12, 4, 4, 5, 8, 8, 7, 8, 6, 8, 9, 7, 9, 9, 9, 9, 9, 9, 8, 9, 9, 9, 8, 4, 9, 10, 10, 12, 6, 6, 9, 9, 8, 9, 11, 11, 12, 11, 12, 10, 18, 11, 11]
Trade Returns: [-0.0027386999999999646, 0.0007508563703413546, 0.003972705286249108, -0.00479954637586231, -0.0042066896357881335, -0.004083771026638499, 0.0010686286271076695, -0.0005484999045301662, 0.00328744891028551, -0.004022884204994617, 0.00399483208390316, 0.003743154388823588, 0.0038566099464665852, 0.0030091575721029992, 0.0003624876380775936, 0.004008050702564322, -0.004356792368911934, -0.0007111609598041733, 0.004281890981731901, -0.0016811983231223952, -0.004188085680249648]
Daily Returns: [-0.0027386999999999646, 0, 0, 0, 0.0007508563703413546, 0, 0, 0, 0, 0, -0.0008268410896132023, 0, -0.0042066896357881335, 0, -0.003015142399530829, 0, 0, 0, -0.0005484999045301662, 0, 0.00328744891028551, 0, 0, 0, 0, 0, 0, 0, 0, 0, 0, 0, 0, 0, 0, 0, 0, 0, 0, 0, 0, -0.004022884204994617, 0.00399483208390316, 0, 0, 0, 0, 0, 0, 0, 0, 0, 0, 0.003743154388823588, 0, 0, 0.0038566099464665852, 0, 0, 0, 0, 0, 0, 0, 0, 0, 0, 0, 0, 0, 0, 0, 0.0030091575721029992, 0, 0, 0, 0, 0, 0, 0, 0, 0.0003624876380775936, 0, 0, -0.0010599026261517855, 0, 0, 0.004281890981731901, 0, 0, 0, 0, -0.0016811983231223952, 0, 0, 0, 0, 0, 0, 0, 0, -0.004188085680249648]
Start Date: 2021-12-17
End Date: 2022-04-14
Sharpe Ratio: 0.008
Annualized Sharpe: 0.125
Sharpe 95% CI: (np.float64(-3.035), np.float64(3.189))
Sortino Ratio: 0.007
CAGR: 0.002
Calmar Ratio: 0.244
Daily Win Rate (%): 0.524
Max Drawdown: 0.009
Profit Factor: 1.032
Expectancy: 4.8e-05
Average Win: 0.00294
Average Loss: 0.003134
Total Trades: 21
Total Days: 102

Rolling 0 - Variant 1 - atr_0.5_1 - Test Metrics
Contracts: [9, 9, 14, 13, 8, 10, 8, 10, 11, 8, 8, 8, 9, 5, 7, 9, 10, 10, 9, 7, 8, 7, 8, 8, 6, 6, 6, 6, 6, 6, 8, 10, 10, 10, 7, 7, 7, 7, 10, 5, 5, 6, 6, 6, 6, 6, 8, 8, 8, 6, 6, 7, 7, 6, 6, 7, 6, 7, 6, 8, 6, 9, 5, 6, 6, 8, 9, 9, 9, 5, 11, 6, 5, 7, 7, 10, 6, 11, 10, 12, 10, 9, 9, 9, 12, 7, 15, 10, 9, 10, 8, 9, 9, 11, 10, 10, 9, 8, 8, 8, 10, 12, 10, 12, 13, 9, 10, 13, 8, 10, 11, 9, 13, 10, 9, 10, 13, 8, 10, 7, 10, 10, 10, 13, 12, 9, 9, 10, 10, 13, 10, 11, 6, 11, 8, 12, 10, 10, 16, 15, 15, 13, 17, 15, 10, 13, 13, 13, 12, 12, 12, 13, 11, 13, 11, 10, 12, 11, 20, 17, 14, 10, 8, 14, 14, 14, 19, 19, 10, 10, 17, 14, 15, 9, 9, 10, 15, 15, 15, 6, 8, 7, 6, 6, 8, 8, 10, 6, 10, 6, 7, 8, 10, 8, 5, 10, 11, 10, 10, 11, 8, 11, 12, 12, 4, 4, 5, 8, 8, 7, 8, 6, 8, 9, 7, 9, 9, 9, 9, 9, 9, 8, 9, 9, 9, 8, 4, 9, 10, 10, 12, 6, 6, 9, 9, 8, 9, 11, 11, 12, 11, 12, 10, 18, 11, 11]
Trade Returns: [-0.0037236986106849237, 0.004077208219521801, 0.004160530393715258, 0.0015409036208151542, 0.0008309388516599328, -0.0027419947011720165, 0.0013922295244399876, -0.00021194231870070608, 0.0003470508528883541, 0.003840476371671798, 0.004472948238502609, 0.0013124097903009912, 0.0045086936016009325, 0.00018479863022735814, 0.0030556412397663058, -0.0019089987306051793, -0.000799847895852607, -0.0013399303412883585, 0.0037871082060399147, 0.004086805703434897, 0.003741082787362617, -0.00017077985776893092, 0.00478440169619778, 0.003238621166611452, -0.004250052771440386, -0.0003720899257330999, -3.331076464473974e-05, -0.002428584750925537, -0.0019859299939341745, -0.0037182204006543677, 0.004061134888473645, 0.004087145291993996, 0.0034890073133232555, -0.00045752912348847783, 0.0050022824184967375, 0.004558770051315205, 8.303033724536405e-05, -0.003869501563954234, 0.00030012306778928727, -0.005467290079842794, 0.004186023745731785, -0.000949211368547222, -0.0035687893489836646, -0.003328808805838167, -0.002255311633752211, 0.0015965401325337965, -0.0006899772037795884, -0.005234343551021155, -0.0032575733870611086, -0.0021524759807456622, 0.0034866889884742703, -0.0036821652437232133, 0.004170094639269843, -0.004274408453573918, -0.003647560979694462, -0.004377864344498048, 0.004311584140964322, 0.00498478839224707, -0.005215872661235611, 0.0013080799914484882, -0.0016929864002543957, -0.0048733797583565205, 0.005237323162722021, -0.0014839368553382695, -0.005367926979840806, -0.0018767445456971698, -0.003199262018552509, 0.0027176602011211547, -0.0046008377012392064, 0.0006346011726609496, 0.002585554167397332, -0.0046724437919840175, 0.005013446889561713, -0.003979544871528102, 0.003058801660369835, 0.0035468437581801775, -0.0020165460058011496, -0.005892887740714995, 0.00436872912521684, -0.00413976946311184, -0.0027443238369948345, 0.00058205835134964, -0.0021923220624067074, -0.006439948786891621, -0.001400925104331189, 0.004945218336861722, -0.004729133373054076, 0.0015961774476119552, -0.00396058778591062, -3.9139608251976936e-05, 0.0004613971494388697, -0.005356899940782589, 0.0006553573211230275, 0.004232652825498736, -0.0049836777333004175, 0.004322458770062754, 0.0016586428818117379, -0.0019392983440637646, -0.003937546316252818, 0.0032531607240944426, -0.0013753970437943542, 0.004508215681899797, 0.003579184667814721, 0.0008689640456416862, -0.003866345114274698, -0.0020600100448779344, -0.0013146834354385076, -0.004234338101923792, -0.004755334534381861, 0.005137429972167239, 0.00308725064150304, -0.0005365371059744931, -0.0010148923897672522, -0.004173737961997287, 0.003017657788320132, 0.00021061069929819183, 0.004100652547158596, -0.0042917634258329415, -0.0029271780520658958, -0.0005880819171798145, -0.0034148880711575096, -0.004916092701429146, 0.0031170474869335195, -0.0005570016998552832, -0.004768995792575712, -0.0006457928043599159, 0.004912293515227368, 0.001491067722980485, 0.0004095256446160651, -0.0039394799540191485, -0.004126713896875451, 0.003813561428834235, -0.0018224015724633657, 0.00409071588923681, -0.0025241195966907476, -0.0024875915624531903, 0.004167427831866005, -0.004824156504073916, 0.0019253981026184307, -0.004391782896140067, 0.0003769542826810712, -0.0007601461304340831, 0.0012065519770718188, 0.0039209136873155125, -0.005517543936262805, 0.0044684628445845545, -0.005045943456639557, -0.004613407734048721, 0.0017781842728091671, 0.0037909376868484664, -0.004821144145212265, -0.005385712859621343, -0.0007469443844331723, 0.003995999099753123, 0.004378028269103599, 0.0020752163624683903, -0.0016215977962234815, -0.001429573012132701, -0.003906075876307545, 0.0040346913946684325, 0.0007895863133189184, -0.0037749985673691143, 0.0028339647160139747, 0.0018357255894881138, -0.0031491384663801555, 0.0017771425271167597, 0.00027918075314430237, 0.003429702605057297, 0.003581256946464729, 0.004862271159421057, -0.004431826891159153, 0.0032078351532101907, -0.0009091534061447333, 0.001553418576802497, 0.004354492710302657, -0.005533961823804993, 0.004235401247712418, -0.004921564646716695, -0.004833490905428278, -0.004146896040194711, 0.003351459300581946, -0.005181605419014691, 0.006662829211331784, 0.0040392420875629605, 0.0008058750017147414, -0.0027866089399383046, 0.005034737343937539, -0.0031300534150981644, -0.003003897391102747, 0.0036727413962125465, -0.004463197344830652, 0.004972975144392584, 0.0038359832672127873, 0.00243429464912861, -0.0002120102287143953, 0.0006504252360700028, 0.0036954524472457193, 0.003968095143090933, -3.9232155749440634e-05, -0.004230624073506304, -0.005405488229033715, 0.003387673332879584, -0.003830505451659889, -8.687498581451342e-05, -0.005077798257790304, 0.0008572959015789836, -0.004292141803521867, 8.470319445441205e-05, -0.001206401851991989, 0.004600205517004633, -0.0004125796970179271, -0.003019470075046504, 0.002342230073555617, 0.003612026020128383, -0.0037575146249427885, 0.0003079685232050755, 0.0043432036582773895, -0.0045272701489708, 0.000565168492660299, 0.00412919845274151, -0.0038995270684839237, 0.004010459013484749, 0.005113026124064961, -0.002152933044731417, 0.004943418796015547]
Daily Returns: [0, 0, 0, 0, 0, -0.0037236986106849237, 0.00823773861323706, 0, 0, 0, 0, 0, 0, 0, 0, 0, 0, 0.0015409036208151542, -0.0019110558495120836, 0, 0.0013922295244399876, 0.000135108534187648, 0, 0, 0, 0, 0, 0, 0, 0, 0, 0, 0, 0, 0, 0, 0, 0, 0, 0, 0.003840476371671798, 0, 0, 0, 0, 0.004472948238502609, 0.0013124097903009912, 0.0045086936016009325, 0, 0, 0, 0, 0, 0, 0, 0, 0, 0, 0, 0.00018479863022735814, 0.0003467946133085195, 0, 0, 0, 0, 0, 0, 0, 0, 0, 0, 0, 0, 0, 0, 0, 0, 0, 0, 0, 0, 0, 0, 0, -0.0013399303412883585, 0, 0.0037871082060399147, 0, 0, 0.007657108633028583, 0.00478440169619778, 0, 0, 0, 0.003238621166611452, 0, -0.004622142697173487, 0, 0, -3.331076464473974e-05, 0, 0, 0, 0, 0, 0, 0, 0, -0.002428584750925537, 0, 0, 0, 0, 0, -0.0019859299939341745, 0, -0.0037182204006543677, 0.004061134888473645, 0, 0, 0.004087145291993996, 0, 0, 0, 0, 0.0034890073133232555, 0, 0, 0, 0, 0, 0, 0, 0, 0, 0, 0, 0, 0, 0, 0, 0, 0, 0, 0, 0, 0, 0, 0, -0.00045752912348847783, 0, 0, 0, 0, 0, 0.0050022824184967375, 0, 0, 0, 0, 0, 0, 0.004641800388560569, 0, 0, 0, -0.003869501563954234, 0, 0.00030012306778928727, 0, 0, 0, 0, -0.005467290079842794, 0, 0, 0, 0, 0, 0, 0, 0, 0, 0, 0, 0, 0, 0, 0, 0, 0.004186023745731785, 0, 0, 0, 0, 0, -0.000949211368547222, 0, 0, 0, 0, 0, -0.0035687893489836646, -0.003328808805838167, 0, 0, 0, 0, 0, 0, 0, 0, 0, 0, 0, 0, -0.002255311633752211, 0, 0, 0.0015965401325337965, 0, -0.0006899772037795884, 0, 0, 0, -0.005234343551021155, 0, 0, 0, 0, -0.0032575733870611086, 0, 0, 0, 0, 0, 0, 0, -0.0021524759807456622, 0, 0.0034866889884742703, 0, -0.0036821652437232133, 0, 0, 0, 0.004170094639269843, 0, 0, 0, 0, 0, -0.004274408453573918, 0, -0.003647560979694462, 0, 0, 0, 0, 0, 0, -0.004377864344498048, 0, 0.004311584140964322, 0.00498478839224707, 0, 0, 0, 0, 0, 0, 0, 0, 0, -0.005215872661235611, 0.0013080799914484882, 0, 0, -0.0016929864002543957, -0.0048733797583565205, 0, 0, 0.005237323162722021, 0, 0, 0, 0, 0, 0, 0, 0, 0, 0, 0, 0, -0.0014839368553382695, 0, 0, 0, 0, 0, 0, -0.007244671525537975, 0, 0, 0, -0.003199262018552509, 0, 0.0027176602011211547, 0, -0.0046008377012392064, 0, 0, 0, 0.0006346011726609496, 0, 0, 0, 0.002585554167397332, 0, -0.0046724437919840175, 0, 0, 0, 0.005013446889561713, 0, 0, 0, -0.003979544871528102, 0.003058801660369835, 0, 0, 0.001530297752379028, 0, 0, 0, 0, 0, 0, 0, 0, -0.005892887740714995, 0, 0, 0, 0, 0, 0, 0, 0, 0, 0, 0.00436872912521684, 0, -0.00413976946311184, 0, 0, 0, 0, -0.0027443238369948345, 0, 0, 0, 0, 0, 0, 0, 0, 0, 0, 0, 0, 0, 0, 0, 0, 0.00058205835134964, 0, 0, 0, 0, -0.0021923220624067074, 0, 0, -0.00784087389122281, 0, 0, 0, 0, 0, 0, 0, 0, 0, 0, 0.004945218336861722, 0, 0, 0, 0, 0, -0.004729133373054076, 0, 0, 0, 0, 0, 0, 0, 0, 0.0015961774476119552, 0, 0, -0.003999727394162597, 0, 0, 0.0004613971494388697, 0, 0, 0, 0, 0, 0, -0.005356899940782589, 0, 0, 0, 0, 0, 0.0006553573211230275, 0, 0, -0.0007510249078016814, 0, 0, 0, 0, 0, 0, 0, 0, 0.004322458770062754, 0, 0, 0, 0, 0, 0, 0, 0, 0, 0, 0, 0, 0, 0, 0, 0, 0, 0, 0, 0, 0.0016586428818117379, 0, 0, 0, 0, 0, 0, 0, 0, 0, -0.0019392983440637646, -0.0006843855921583757, 0, 0, -0.0013753970437943542, 0, 0.004508215681899797, 0.003579184667814721, 0, 0, 0, 0.0008689640456416862, 0, -0.003866345114274698, -0.0020600100448779344, 0, 0, 0, 0, -0.0013146834354385076, 0, 0, 0, -0.008989672636305653, 0, 0, 0, 0, 0, 0, 0, 0, 0, 0, 0, 0, 0, 0.005137429972167239, 0.00308725064150304, 0, 0, 0, 0, 0, 0, 0, 0, -0.0005365371059744931, 0, -0.0010148923897672522, 0, 0, 0, 0, 0, 0, 0, 0, 0, 0, 0, 0, 0, 0, 0, 0, 0, 0, 0, 0, 0, 0, 0, 0, 0, 0, 0, 0, 0, 0, 0, 0, 0, 0, 0, 0, 0, 0, 0, 0, 0, 0, -0.004173737961997287, 0, 0, 0, 0, 0.0032282684876183236, 0.004100652547158596, 0, 0, -0.0042917634258329415, 0, 0, 0, 0, 0, 0, 0, 0, 0, 0, 0, 0, -0.0029271780520658958, 0, 0, 0, 0, 0, -0.0005880819171798145, 0, 0, 0, 0, 0, -0.0034148880711575096, -0.004916092701429146, 0, 0, 0, 0, 0.0031170474869335195, -0.0005570016998552832, 0, 0, 0, 0, 0, 0, 0, 0, 0, 0, 0, 0, -0.004768995792575712, 0, 0, 0, 0, 0, 0, 0, 0, 0, 0, -0.0006457928043599159, 0.0064033612382078525, 0, 0.0004095256446160651, -0.0080661938508946, 0, 0, 0, 0, 0, 0, 0.0019911598563708693, 0.00409071588923681, 0, 0, 0, 0, 0, -0.0025241195966907476, 0, 0, 0, 0, -0.0024875915624531903, 0, 0, 0, 0, 0, 0.004167427831866005, 0, 0, 0, 0, 0, -0.004824156504073916, 0, 0.0019253981026184307, 0, 0, 0, 0, 0, -0.004391782896140067, 0, 0.0003769542826810712, 0, 0, -0.0007601461304340831, 0, 0, 0, 0, 0, 0, 0, 0, 0.0012065519770718188, 0.0039209136873155125, 0, 0, 0, -0.005517543936262805, 0, 0, 0, 0, 0, 0, 0, 0, 0, 0, 0, 0, 0, 0, 0, 0, 0, 0, 0, 0, 0.0044684628445845545, 0, 0, 0, -0.005045943456639557, 0, 0, 0, -0.004613407734048721, 0, 0, 0, 0, 0, 0.0017781842728091671, 0, 0, 0.0037909376868484664, 0, 0, 0, 0, 0, 0, 0, 0, 0, 0, 0, 0, 0, 0, 0, 0, 0, 0, 0, -0.004821144145212265, 0, 0, 0, 0, 0, 0, -0.005385712859621343, 0, 0, 0, 0, 0, 0, 0, 0, 0, -0.0007469443844331723, 0, 0.008374027368856722, 0, 0, 0, 0, 0, 0, 0, 0, 0, 0, 0, 0, 0, 0, 0, 0, 0, 0, 0, 0, 0, 0, 0, 0, 0, 0.00045361856624490885, -0.001429573012132701, 0, 0, 0, 0, 0, 0, -0.003906075876307545, 0, 0, 0, 0, 0, 0, 0, 0, 0, 0, 0.0040346913946684325, 0, 0, 0, 0, 0, 0.0007895863133189184, -0.0037749985673691143, 0, 0.0028339647160139747, 0, 0.0018357255894881138, 0, 0, -0.0031491384663801555, 0, 0, 0, 0.0017771425271167597, 0, 0, 0, 0, 0, 0, 0, 0, 0, 0, 0, 0, 0, 0, 0, 0, 0.00027918075314430237, 0, 0, 0, 0, 0, 0.003429702605057297, 0.003581256946464729, 0, 0, 0, 0, 0, 0.004862271159421057, 0, 0, 0, 0, -0.004431826891159153, 0, 0, 0, 0.0032078351532101907, 0, 0, -0.0009091534061447333, 0, 0, 0, 0, 0, 0, 0.001553418576802497, 0, 0, 0, 0, 0, -0.0011794691135023367, 0, 0, 0, 0, 0, 0, 0, 0, 0, 0, 0, 0, -0.005519654304432554, 0, 0, 0, 0, 0, 0, 0, 0, 0, 0, 0, 0, -0.004146896040194711, 0, 0, 0, 0, 0, 0, 0, 0, 0, 0, 0, 0, 0, 0.003351459300581946, 0, 0.0014812237923170933, 0, 0, 0, 0, 0.0040392420875629605, 0.0008058750017147414, 0, 0, 0, 0, 0, 0, 0, 0, 0, 0, 0, -0.0027866089399383046, 0, 0, 0, 0, 0, 0.0019046839288393747, 0, 0, 0, 0, -0.003003897391102747, 0, 0, 0, 0, 0, 0, 0.0036727413962125465, 0, 0, 0, -0.004463197344830652, 0, 0, 0, 0.004972975144392584, 0, 0, 0, 0.0038359832672127873, 0, 0.00243429464912861, 0, 0, 0, 0, 0, 0, 0, 0.0004384150073556075, 0.007624315434587212, 0, 0, 0, 0, 0, 0, 0, 0, -0.004230624073506304, 0, -0.005405488229033715, 0, 0, 0, 0, 0, 0, 0, 0, 0, 0, 0, -0.0004428321187803048, 0, 0, 0, 0, 0, 0, 0, 0, 0, 0, 0, -8.687498581451342e-05, 0, 0, 0, 0, 0, 0, -0.005077798257790304, 0, 0, 0, 0, 0.0008572959015789836, 0, 0, 0, 0, 0, 0, -0.004292141803521867, 0, 8.470319445441205e-05, -0.001206401851991989, 0, 0, 0.004600205517004633, 0, 0, -0.0004125796970179271, 0, -0.003019470075046504, 0, 0, 0, 0.002342230073555617, 0, 0, 0.003612026020128383, 0, 0, -0.0037575146249427885, 0, 0, 0, 0, 0.0003079685232050755, 0.0043432036582773895, 0, 0, 0, 0, 0, 0, 0, 0, 0, -0.0045272701489708, 0, 0, 0, 0, 0.000565168492660299, 0, 0, 0.00022967138425758612, 0, 0, 0, 0, 0, 0, 0, 0, 0, 0.004010459013484749, 0, 0, 0, 0, 0, 0, 0, 0, 0, 0, 0.005113026124064961, -0.002152933044731417, 0.004943418796015547, 0, 0, 0, 0, 0, 0]
Start Date: 2022-04-15
End Date: 2025-11-06
Sharpe Ratio: -0.01
Annualized Sharpe: -0.157
Sharpe 95% CI: (np.float64(-1.11), np.float64(0.791))
Sortino Ratio: -0.008
CAGR: -0.004
Calmar Ratio: -0.046
Daily Win Rate (%): 0.493
Max Drawdown: 0.089
Profit Factor: 0.952
Expectancy: -7.5e-05
Average Win: 0.003031
Average Loss: 0.0031
Total Trades: 225
Total Days: 1116



Rolling 0 - Variant 2 - atr_0.5_5 - Fit Metrics
Contracts: [9, 9, 14, 13, 9, 10, 9, 10, 11, 8, 8, 8, 9, 5, 7, 9, 10, 10, 9, 7, 8, 7, 8, 8, 6, 6, 6, 6, 6, 6, 8, 10, 10, 10, 7, 7, 7, 7, 10, 5, 5, 6, 6, 6, 6, 6, 8, 8, 8, 6, 6, 7, 7, 6, 5, 7, 6, 7, 6, 8, 6, 9, 5, 6, 6, 8, 9, 9, 9, 5, 11, 6, 5, 7, 7, 10, 6, 11, 10, 12, 10, 9, 9, 9, 12, 7, 15, 10, 9, 10, 8, 9, 9, 11, 10, 10, 9, 8, 8, 8, 10, 12, 10, 12, 12, 9, 10, 13, 8, 10, 11, 9, 13, 10, 9, 10, 13, 8, 10, 7, 10, 10, 11, 13, 12, 10, 10, 10, 10, 13, 11, 11, 6, 11, 8, 12, 10, 10, 16, 15, 15, 13, 17, 15, 10, 13, 13, 13, 12, 12, 12, 13, 11, 13, 11, 10, 12, 11, 20, 18, 14, 10, 8, 14, 15, 14, 19, 19, 10, 10, 17, 14, 15, 9, 9, 10, 15, 15, 15, 6, 8, 7, 6, 6, 8, 8, 10, 6, 11, 7, 7, 8, 10, 8, 5, 10, 11, 10, 10, 11, 8, 11, 12, 12, 4, 4, 5, 8, 8, 7, 9, 6, 8, 9, 7, 9, 9, 10, 9, 9, 9, 8, 9, 9, 9, 9, 4, 9, 10, 10, 13, 6, 6, 9, 9, 9, 9, 11, 11, 12, 11, 12, 10, 18, 12, 11]
Trade Returns: [-0.0027386999999999646, 0.0007508563703413546, 0.014493640896018926, -0.004749772068423622, -0.00416235210138565, -0.004545617761256192, 0.0011896800613594772, -0.0005429464654784626, 0.0032541461425459797, -0.003993729006750412, 0.001112475834115028, 0.0017157466963424446, 0.0063634269776837084, 0.0029858515428362992, 0.00035968851656952814, 0.0041626115752066975, -0.004322472244244733, -0.0007056713651769108, -0.004575110230608831, -0.0016827378520650838, -0.004191927313370591]
Daily Returns: [-0.0027386999999999646, 0, 0, 0, 0.0007508563703413546, 0, 0, 0, 0, 0, 0.009743868827595304, 0, -0.00416235210138565, 0, -0.0033559376998967146, 0, 0, 0, -0.0005429464654784626, 0, 0.0032541461425459797, 0, 0, 0, 0, 0, 0, 0, 0, 0, 0, 0, 0, 0, 0, 0, 0, 0, 0, 0, 0, -0.003993729006750412, 0.001112475834115028, 0, 0, 0, 0, 0, 0, 0, 0, 0, 0, 0.0017157466963424446, 0, 0, 0.0063634269776837084, 0, 0, 0, 0, 0, 0, 0, 0, 0, 0, 0, 0, 0, 0, 0, 0.0029858515428362992, 0, 0, 0, 0, 0, 0, 0, 0, 0.00035968851656952814, 0, 0, -0.0008655320342149462, 0, 0, -0.004575110230608831, 0, 0, 0, 0, -0.0016827378520650838, 0, 0, 0, 0, 0, 0, 0, 0, -0.004191927313370591]
Start Date: 2021-12-17
End Date: 2022-04-14
Sharpe Ratio: 0.001
Annualized Sharpe: 0.017
Sharpe 95% CI: (np.float64(-3.633), np.float64(2.676))
Sortino Ratio: 0.001
CAGR: 0.0
Calmar Ratio: 0.011
Daily Win Rate (%): 0.476
Max Drawdown: 0.011
Profit Factor: 1.005
Expectancy: 8e-06
Average Win: 0.003639
Average Loss: 0.003292
Total Trades: 21
Total Days: 102

Rolling 0 - Variant 2 - atr_0.5_5 - Test Metrics
Contracts: [9, 9, 14, 13, 9, 10, 9, 10, 11, 8, 8, 8, 9, 5, 7, 9, 10, 10, 9, 7, 8, 7, 8, 8, 6, 6, 6, 6, 6, 6, 8, 10, 10, 10, 7, 7, 7, 7, 10, 5, 5, 6, 6, 6, 6, 6, 8, 8, 8, 6, 6, 7, 7, 6, 5, 7, 6, 7, 6, 8, 6, 9, 5, 6, 6, 8, 9, 9, 9, 5, 11, 6, 5, 7, 7, 10, 6, 11, 10, 12, 10, 9, 9, 9, 12, 7, 15, 10, 9, 10, 8, 9, 9, 11, 10, 10, 9, 8, 8, 8, 10, 12, 10, 12, 12, 9, 10, 13, 8, 10, 11, 9, 13, 10, 9, 10, 13, 8, 10, 7, 10, 10, 11, 13, 12, 10, 10, 10, 10, 13, 11, 11, 6, 11, 8, 12, 10, 10, 16, 15, 15, 13, 17, 15, 10, 13, 13, 13, 12, 12, 12, 13, 11, 13, 11, 10, 12, 11, 20, 18, 14, 10, 8, 14, 15, 14, 19, 19, 10, 10, 17, 14, 15, 9, 9, 10, 15, 15, 15, 6, 8, 7, 6, 6, 8, 8, 10, 6, 11, 7, 7, 8, 10, 8, 5, 10, 11, 10, 10, 11, 8, 11, 12, 12, 4, 4, 5, 8, 8, 7, 9, 6, 8, 9, 7, 9, 9, 10, 9, 9, 9, 8, 9, 9, 9, 9, 4, 9, 10, 10, 13, 6, 6, 9, 9, 9, 9, 11, 11, 12, 11, 12, 10, 18, 12, 11]
Trade Returns: [-0.003727128650878632, 0.0011700088272629712, 0.0036250345148282105, 0.0015476322485322212, 0.0008345616860481537, -0.002753939634576161, 0.0013983112333800644, -0.00021286685851636174, 0.00034856508869089985, 0.008247696724719613, 0.005586200733287247, 0.0013109193678296396, -0.004864544656800071, 0.00018632769545141983, 0.0030809195891738856, -0.001924742764641785, -0.0008064571811282734, -0.0013510385604860314, 0.0020224868631253945, 0.002867103776706098, 0.0037833776430060985, -0.00017270333423040663, 0.003880306134655609, 0.0028009092066249614, -0.004303677368063235, -0.0003768050237403175, -3.3733035482408146e-05, -0.0024486687751245294, -0.0020111058978956146, -0.0037654517724095117, 0.00234367926130613, 0.008365373710645954, 0.003524531636030774, -0.00045869022394773345, 0.012007290091632084, 0.011490505526930152, 8.267069442356305e-05, -0.00325730135336088, 0.00029881608864363234, -0.005443610673525255, -0.004484568164714923, -0.0009533102754670624, -0.0035842148846458653, -0.0033432488191210558, -0.0022651277498962645, 0.0016035047588001308, -0.0006929822896272125, -0.005257156710020644, -0.003271846101892737, -0.002160471595055486, 0.003757960450316923, -0.003695872675496796, 0.0017955465887124157, -0.00429938683438438, -0.0036610606507967583, -0.004403557756904559, 0.006619242741655205, 0.005680440911463689, -0.005234591896250546, 0.0013127992605747971, -0.0016990863203174642, -0.004890968689991514, -0.005583807382164763, -0.0015054303270507102, -0.00544626204448584, -0.0019042821728231232, -0.003246515217079092, 0.005783480125541241, -0.004668474971806532, 0.0006420417310477934, 0.002615993660419983, -0.004727192011341204, 0.004124951261255469, -0.004029836078788571, 0.0030976134477812265, 0.003994638123041863, -0.0020411432740057617, -0.005978369531066631, 0.00443228664352196, -0.0041903685013378895, -0.0027780079519418048, 0.0005892224978816383, -0.0022183856534812446, -0.006017796378130816, -0.0014181579513386962, 0.015375418135913343, -0.004736297314038993, 0.0015986069282483263, -0.003966606423644017, -3.9199322935531325e-05, 0.00046689470096728257, -0.005365073198995261, 0.0006563626221702533, 0.012485847684932381, -0.004991317550541944, 0.006920426935188532, 0.0016433540227416884, -0.0019215091560964047, -0.004291493424253759, 0.003223223288617337, -0.0013627363343458336, 0.004317832730039163, 0.0035475501996473035, 0.0009571935206001803, -0.004258535550902786, -0.0020410860877519647, -0.001303698377028991, -0.004198911192224394, -0.004715787914532167, -0.002687580851365073, 0.0033674432128903676, -0.0005360533260231238, -0.0010139782186170672, -0.004169972605063892, 0.003907062086091617, 0.00021023336817921806, 0.006834905335159508, -0.004272441670852836, -0.0029139431903126485, -0.0005875491547638961, -0.0033994029681243955, -0.004893724217672761, -0.0036670443095361796, -0.000558230165699222, -0.004779519675514891, -0.0006472283171326901, 0.002745905099294778, 0.0014976128692964939, 0.00041132059800164545, -0.003956739619308709, -0.004144865694197978, 0.010593127373601846, -0.0018181713826642646, 0.005628285471032734, -0.002514399581077075, -0.002493107366635319, 0.009547374632572487, -0.005061102879388955, 0.001908201128266656, -0.004352631754050846, 0.000375499027745866, -0.0007533400808080674, 0.0011957408405219748, 0.0033943787478152737, -0.005471033257555814, 0.0005261262581263702, -0.0050228880131118845, -0.00459222217881525, 0.0017699808754966934, 0.01642066309900952, -0.004739311637630004, -0.005293862240533471, -0.0007341378281796418, 0.0026504760424861176, 0.002797424656407356, 0.0020455663207437926, -0.0015984762113000314, -0.0014091567816120814, -0.003850213125726563, 0.004902648261812203, 0.0007765364471183985, -0.0037126557932183487, 0.004179311227008131, 0.0018052962531181704, -0.003097031816403599, 0.0017476460081067866, 0.0003018305444723171, 0.00406617982741096, 0.0064002779216770075, -0.00513344257126467, -0.004340746155770625, 0.0038062263667844425, -0.0008993334544950322, 0.0015366246821311744, 0.009857060136118853, -0.005474226358078524, 0.011049233539366484, -0.004841239398970559, -0.004754978225933481, -0.004051395857898909, 0.003260455452524273, -0.005041363950516075, 0.010833432487863741, 0.0008373957745550299, 0.0007864612721448281, -0.0027195315900473143, 0.00622546390527651, -0.0030545034435012844, -0.0029277016686448352, 0.0037096317377725927, -0.00437030379872021, 0.0001874939568297054, 0.005001834449001181, 0.0023806418545672605, -0.00020734853917618628, 0.0006361206934796885, 0.0005814661123522083, 0.003331302463326943, -3.851372931104276e-05, -0.004153149124957008, -0.00530608528852026, 0.004977845581985881, -0.003759334818138015, -9.575984580383659e-05, -0.004983923184944508, 0.0008399835392274851, -0.004205538391955179, 8.298690307271145e-05, -0.001181959263945888, -0.0010444552271632217, -0.00040649465475499407, -0.002974918501229757, 0.00230756790021483, -0.0006675123989702867, -0.004182625754675623, 0.00030485090948968355, 0.007805293089637813, -0.004466058818275728, 0.0005574928052142017, 0.005120914705380429, -0.0038428008778219, 0.0036982097473474275, 0.003561342689684783, -0.002318656208972518, 0.008699214183338012]
Daily Returns: [0, 0, 0, 0, 0, -0.003727128650878632, 0.0047950433420911815, 0, 0, 0, 0, 0, 0, 0, 0, 0, 0, 0.0015476322485322212, -0.0019193779485280073, 0, 0.0013983112333800644, 0.0001356982301745381, 0, 0, 0, 0, 0, 0, 0, 0, 0, 0, 0, 0, 0, 0, 0, 0, 0, 0, 0.008247696724719613, 0, 0, 0, 0, 0.005586200733287247, 0.0013109193678296396, -0.004864544656800071, 0, 0, 0, 0, 0, 0, 0, 0, 0, 0, 0, 0.00018632769545141983, 0.00034971964340382725, 0, 0, 0, 0, 0, 0, 0, 0, 0, 0, 0, 0, 0, 0, 0, 0, 0, 0, 0, 0, 0, 0, 0, -0.0013510385604860314, 0, 0.0020224868631253945, 0, 0, 0.00647777808548179, 0.003880306134655609, 0, 0, 0, 0.0028009092066249614, 0, -0.004680482391803553, 0, 0, -3.3733035482408146e-05, 0, 0, 0, 0, 0, 0, 0, 0, -0.0024486687751245294, 0, 0, 0, 0, 0, -0.0020111058978956146, 0, -0.0037654517724095117, 0.00234367926130613, 0, 0, 0.008365373710645954, 0, 0, 0, 0, 0.003524531636030774, 0, 0, 0, 0, 0, 0, 0, 0, 0, 0, 0, 0, 0, 0, 0, 0, 0, 0, 0, 0, 0, 0, 0, -0.00045869022394773345, 0, 0, 0, 0, 0, 0.012007290091632084, 0, 0, 0, 0, 0, 0, 0.011573176221353716, 0, 0, 0, -0.00325730135336088, 0, 0.00029881608864363234, 0, 0, 0, 0, -0.005443610673525255, 0, 0, 0, 0, 0, 0, 0, 0, 0, 0, 0, 0, 0, 0, 0, 0, -0.004484568164714923, 0, 0, 0, 0, 0, -0.0009533102754670624, 0, 0, 0, 0, 0, -0.0035842148846458653, -0.0033432488191210558, 0, 0, 0, 0, 0, 0, 0, 0, 0, 0, 0, 0, -0.0022651277498962645, 0, 0, 0.0016035047588001308, 0, -0.0006929822896272125, 0, 0, 0, -0.005257156710020644, 0, 0, 0, 0, -0.003271846101892737, 0, 0, 0, 0, 0, 0, 0, -0.002160471595055486, 0, 0.003757960450316923, 0, -0.003695872675496796, 0, 0, 0, 0.0017955465887124157, 0, 0, 0, 0, 0, -0.00429938683438438, 0, -0.0036610606507967583, 0, 0, 0, 0, 0, 0, -0.004403557756904559, 0, 0.006619242741655205, 0.005680440911463689, 0, 0, 0, 0, 0, 0, 0, 0, 0, -0.005234591896250546, 0.0013127992605747971, 0, 0, -0.0016990863203174642, -0.004890968689991514, 0, 0, -0.005583807382164763, 0, 0, 0, 0, 0, 0, 0, 0, 0, 0, 0, 0, -0.0015054303270507102, 0, 0, 0, 0, 0, 0, -0.007350544217308963, 0, 0, 0, -0.003246515217079092, 0, 0.005783480125541241, 0, -0.004668474971806532, 0, 0, 0, 0.0006420417310477934, 0, 0, 0, 0.002615993660419983, 0, -0.004727192011341204, 0, 0, 0, 0.004124951261255469, 0, 0, 0, -0.004029836078788571, 0.0030976134477812265, 0, 0, 0.0019534948490361015, 0, 0, 0, 0, 0, 0, 0, 0, -0.005978369531066631, 0, 0, 0, 0, 0, 0, 0, 0, 0, 0, 0.00443228664352196, 0, -0.0041903685013378895, 0, 0, 0, 0, -0.0027780079519418048, 0, 0, 0, 0, 0, 0, 0, 0, 0, 0, 0, 0, 0, 0, 0, 0, 0.0005892224978816383, 0, 0, 0, 0, -0.0022183856534812446, 0, 0, -0.007435954329469512, 0, 0, 0, 0, 0, 0, 0, 0, 0, 0, 0.015375418135913343, 0, 0, 0, 0, 0, -0.004736297314038993, 0, 0, 0, 0, 0, 0, 0, 0, 0.0015986069282483263, 0, 0, -0.004005805746579548, 0, 0, 0.00046689470096728257, 0, 0, 0, 0, 0, 0, -0.005365073198995261, 0, 0, 0, 0, 0, 0.0006563626221702533, 0, 0, 0.007494530134390437, 0, 0, 0, 0, 0, 0, 0, 0, 0.006920426935188532, 0, 0, 0, 0, 0, 0, 0, 0, 0, 0, 0, 0, 0, 0, 0, 0, 0, 0, 0, 0, 0.0016433540227416884, 0, 0, 0, 0, 0, 0, 0, 0, 0, -0.0019215091560964047, -0.0010682701356364223, 0, 0, -0.0013627363343458336, 0, 0.004317832730039163, 0.0035475501996473035, 0, 0, 0, 0.0009571935206001803, 0, -0.004258535550902786, -0.0020410860877519647, 0, 0, 0, 0, -0.001303698377028991, 0, 0, 0, -0.00891469910675656, 0, 0, 0, 0, 0, 0, 0, 0, 0, 0, 0, 0, 0, -0.002687580851365073, 0.0033674432128903676, 0, 0, 0, 0, 0, 0, 0, 0, -0.0005360533260231238, 0, -0.0010139782186170672, 0, 0, 0, 0, 0, 0, 0, 0, 0, 0, 0, 0, 0, 0, 0, 0, 0, 0, 0, 0, 0, 0, 0, 0, 0, 0, 0, 0, 0, 0, 0, 0, 0, 0, 0, 0, 0, 0, 0, 0, 0, 0, -0.004169972605063892, 0, 0, 0, 0, 0.0041172954542708345, 0.006834905335159508, 0, 0, -0.004272441670852836, 0, 0, 0, 0, 0, 0, 0, 0, 0, 0, 0, 0, -0.0029139431903126485, 0, 0, 0, 0, 0, -0.0005875491547638961, 0, 0, 0, 0, 0, -0.0033994029681243955, -0.004893724217672761, 0, 0, 0, 0, -0.0036670443095361796, -0.000558230165699222, 0, 0, 0, 0, 0, 0, 0, 0, 0, 0, 0, 0, -0.004779519675514891, 0, 0, 0, 0, 0, 0, 0, 0, 0, 0, -0.0006472283171326901, 0.004243517968591272, 0, 0.00041132059800164545, -0.008101605313506687, 0, 0, 0, 0, 0, 0, 0.008774955990937581, 0.005628285471032734, 0, 0, 0, 0, 0, -0.002514399581077075, 0, 0, 0, 0, -0.002493107366635319, 0, 0, 0, 0, 0, 0.009547374632572487, 0, 0, 0, 0, 0, -0.005061102879388955, 0, 0.001908201128266656, 0, 0, 0, 0, 0, -0.004352631754050846, 0, 0.000375499027745866, 0, 0, -0.0007533400808080674, 0, 0, 0, 0, 0, 0, 0, 0, 0.0011957408405219748, 0.0033943787478152737, 0, 0, 0, -0.005471033257555814, 0, 0, 0, 0, 0, 0, 0, 0, 0, 0, 0, 0, 0, 0, 0, 0, 0, 0, 0, 0, 0.0005261262581263702, 0, 0, 0, -0.0050228880131118845, 0, 0, 0, -0.00459222217881525, 0, 0, 0, 0, 0, 0.0017699808754966934, 0, 0, 0.01642066309900952, 0, 0, 0, 0, 0, 0, 0, 0, 0, 0, 0, 0, 0, 0, 0, 0, 0, 0, 0, -0.004739311637630004, 0, 0, 0, 0, 0, 0, -0.005293862240533471, 0, 0, 0, 0, 0, 0, 0, 0, 0, -0.0007341378281796418, 0, 0.005447900698893474, 0, 0, 0, 0, 0, 0, 0, 0, 0, 0, 0, 0, 0, 0, 0, 0, 0, 0, 0, 0, 0, 0, 0, 0, 0, 0.00044709010944376116, -0.0014091567816120814, 0, 0, 0, 0, 0, 0, -0.003850213125726563, 0, 0, 0, 0, 0, 0, 0, 0, 0, 0, 0.004902648261812203, 0, 0, 0, 0, 0, 0.0007765364471183985, -0.0037126557932183487, 0, 0.004179311227008131, 0, 0.0018052962531181704, 0, 0, -0.003097031816403599, 0, 0, 0, 0.0017476460081067866, 0, 0, 0, 0, 0, 0, 0, 0, 0, 0, 0, 0, 0, 0, 0, 0, 0.0003018305444723171, 0, 0, 0, 0, 0, 0.00406617982741096, 0.0064002779216770075, 0, 0, 0, 0, 0, -0.00513344257126467, 0, 0, 0, 0, -0.004340746155770625, 0, 0, 0, 0.0038062263667844425, 0, 0, -0.0008993334544950322, 0, 0, 0, 0, 0, 0, 0.0015366246821311744, 0, 0, 0, 0, 0, 0.004382833778040329, 0, 0, 0, 0, 0, 0, 0, 0, 0, 0, 0, 0, 0.0014530159144624443, 0, 0, 0, 0, 0, 0, 0, 0, 0, 0, 0, 0, -0.004051395857898909, 0, 0, 0, 0, 0, 0, 0, 0, 0, 0, 0, 0, 0, 0.003260455452524273, 0, 0.005792068537347666, 0, 0, 0, 0, 0.0008373957745550299, 0.0007864612721448281, 0, 0, 0, 0, 0, 0, 0, 0, 0, 0, 0, -0.0027195315900473143, 0, 0, 0, 0, 0, 0.0031709604617752253, 0, 0, 0, 0, -0.0029277016686448352, 0, 0, 0, 0, 0, 0, 0.0037096317377725927, 0, 0, 0, -0.00437030379872021, 0, 0, 0, 0.0001874939568297054, 0, 0, 0, 0.005001834449001181, 0, 0.0023806418545672605, 0, 0, 0, 0, 0, 0, 0, 0.0004287721543035022, 0.003874254846368109, 0, 0, 0, 0, 0, 0, 0, 0, -0.004153149124957008, 0, -0.00530608528852026, 0, 0, 0, 0, 0, 0, 0, 0, 0, 0, 0, 0.0012185107638478664, 0, 0, 0, 0, 0, 0, 0, 0, 0, 0, 0, -9.575984580383659e-05, 0, 0, 0, 0, 0, 0, -0.004983923184944508, 0, 0, 0, 0, 0.0008399835392274851, 0, 0, 0, 0, 0, 0, -0.004205538391955179, 0, 8.298690307271145e-05, -0.001181959263945888, 0, 0, -0.0010444552271632217, 0, 0, -0.00040649465475499407, 0, -0.002974918501229757, 0, 0, 0, 0.00230756790021483, 0, 0, -0.0006675123989702867, 0, 0, -0.004182625754675623, 0, 0, 0, 0, 0.00030485090948968355, 0.007805293089637813, 0, 0, 0, 0, 0, 0, 0, 0, 0, -0.004466058818275728, 0, 0, 0, 0, 0.0005574928052142017, 0, 0, 0.001278113827558529, 0, 0, 0, 0, 0, 0, 0, 0, 0, 0.0036982097473474275, 0, 0, 0, 0, 0, 0, 0, 0, 0, 0, 0.003561342689684783, -0.002318656208972518, 0.008699214183338012, 0, 0, 0, 0, 0, 0]
Start Date: 2022-04-15
End Date: 2025-11-06
Sharpe Ratio: 0.001
Annualized Sharpe: 0.009
Sharpe 95% CI: (np.float64(-0.947), np.float64(0.9))
Sortino Ratio: 0.001
CAGR: -0.0
Calmar Ratio: -0.002
Daily Win Rate (%): 0.458
Max Drawdown: 0.084
Profit Factor: 1.003
Expectancy: 5e-06
Average Win: 0.003709
Average Loss: 0.003122
Total Trades: 225
Total Days: 1116



Rolling 0 - Variant 3 - atr_0.5_6 - Fit Metrics
Contracts: [9, 9, 14, 13, 9, 10, 9, 10, 11, 8, 8, 8, 9, 5, 7, 9, 10, 10, 9, 7, 8, 7, 8, 8, 6, 6, 6, 6, 6, 6, 8, 10, 10, 10, 7, 7, 7, 7, 10, 5, 5, 6, 6, 6, 6, 6, 8, 8, 8, 6, 6, 7, 7, 6, 5, 7, 6, 7, 6, 8, 6, 9, 5, 6, 6, 8, 9, 9, 9, 5, 11, 6, 5, 7, 7, 10, 6, 11, 10, 12, 10, 9, 9, 9, 12, 7, 15, 10, 9, 10, 8, 9, 9, 11, 10, 10, 9, 8, 8, 8, 10, 12, 10, 12, 12, 9, 10, 13, 8, 10, 11, 9, 13, 10, 9, 10, 13, 8, 10, 7, 10, 10, 11, 13, 12, 10, 10, 10, 10, 13, 11, 11, 6, 11, 8, 12, 10, 10, 16, 15, 15, 13, 17, 15, 10, 13, 13, 13, 12, 12, 12, 13, 11, 13, 11, 10, 12, 11, 20, 18, 14, 10, 8, 14, 15, 14, 19, 19, 10, 10, 17, 14, 15, 9, 9, 10, 15, 15, 15, 6, 8, 7, 6, 6, 8, 8, 10, 6, 11, 7, 7, 8, 10, 8, 5, 10, 11, 10, 10, 11, 8, 11, 12, 12, 4, 4, 5, 8, 8, 7, 9, 6, 8, 9, 7, 9, 9, 10, 9, 9, 9, 8, 9, 9, 9, 9, 4, 9, 10, 10, 13, 6, 6, 9, 9, 9, 9, 11, 11, 12, 11, 12, 10, 18, 12, 11]
Trade Returns: [-0.0027386999999999646, 0.0007508563703413546, 0.014493640896018926, -0.004749772068423622, -0.00416235210138565, -0.004545617761256192, 0.0011896800613594772, -0.0005429464654784626, 0.0032541461425459797, -0.003993729006750412, 0.001112475834115028, 0.0017157466963424446, 0.0063634269776837084, 0.0029858515428362992, 0.00035968851656952814, 0.0041626115752066975, -0.004322472244244733, -0.0007056713651769108, -0.004575110230608831, -0.0016827378520650838, -0.004191927313370591]
Daily Returns: [-0.0027386999999999646, 0, 0, 0, 0.0007508563703413546, 0, 0, 0, 0, 0, 0.009743868827595304, 0, -0.00416235210138565, 0, -0.0033559376998967146, 0, 0, 0, -0.0005429464654784626, 0, 0.0032541461425459797, 0, 0, 0, 0, 0, 0, 0, 0, 0, 0, 0, 0, 0, 0, 0, 0, 0, 0, 0, 0, -0.003993729006750412, 0.001112475834115028, 0, 0, 0, 0, 0, 0, 0, 0, 0, 0, 0.0017157466963424446, 0, 0, 0.0063634269776837084, 0, 0, 0, 0, 0, 0, 0, 0, 0, 0, 0, 0, 0, 0, 0, 0.0029858515428362992, 0, 0, 0, 0, 0, 0, 0, 0, 0.00035968851656952814, 0, 0, -0.0008655320342149462, 0, 0, -0.004575110230608831, 0, 0, 0, 0, -0.0016827378520650838, 0, 0, 0, 0, 0, 0, 0, 0, -0.004191927313370591]
Start Date: 2021-12-17
End Date: 2022-04-14
Sharpe Ratio: 0.001
Annualized Sharpe: 0.017
Sharpe 95% CI: (np.float64(-3.633), np.float64(2.676))
Sortino Ratio: 0.001
CAGR: 0.0
Calmar Ratio: 0.011
Daily Win Rate (%): 0.476
Max Drawdown: 0.011
Profit Factor: 1.005
Expectancy: 8e-06
Average Win: 0.003639
Average Loss: 0.003292
Total Trades: 21
Total Days: 102

Rolling 0 - Variant 3 - atr_0.5_6 - Test Metrics
Contracts: [9, 9, 14, 13, 9, 10, 9, 10, 11, 8, 8, 8, 9, 5, 7, 9, 10, 10, 9, 7, 8, 7, 8, 8, 6, 6, 6, 6, 6, 6, 8, 10, 10, 10, 7, 7, 7, 7, 10, 5, 5, 6, 6, 6, 6, 6, 8, 8, 8, 6, 6, 7, 7, 6, 5, 7, 6, 7, 6, 8, 6, 9, 5, 6, 6, 8, 9, 9, 9, 5, 11, 6, 5, 7, 7, 10, 6, 11, 10, 12, 10, 9, 9, 9, 12, 7, 15, 10, 9, 10, 8, 9, 9, 11, 10, 10, 9, 8, 8, 8, 10, 12, 10, 12, 12, 9, 10, 13, 8, 10, 11, 9, 13, 10, 9, 10, 13, 8, 10, 7, 10, 10, 11, 13, 12, 10, 10, 10, 10, 13, 11, 11, 6, 11, 8, 12, 10, 10, 16, 15, 15, 13, 17, 15, 10, 13, 13, 13, 12, 12, 12, 13, 11, 13, 11, 10, 12, 11, 20, 18, 14, 10, 8, 14, 15, 14, 19, 19, 10, 10, 17, 14, 15, 9, 9, 10, 15, 15, 15, 6, 8, 7, 6, 6, 8, 8, 10, 6, 11, 7, 7, 8, 10, 8, 5, 10, 11, 10, 10, 11, 8, 11, 12, 12, 4, 4, 5, 8, 8, 7, 9, 6, 8, 9, 7, 9, 9, 10, 9, 9, 9, 8, 9, 9, 9, 9, 4, 9, 10, 10, 13, 6, 6, 9, 9, 9, 9, 11, 11, 12, 11, 12, 10, 18, 12, 11]
Trade Returns: [-0.003727128650878632, 0.0011700088272629712, 0.0036250345148282105, 0.0015476322485322212, 0.0008345616860481537, -0.002753939634576161, 0.0013983112333800644, -0.00021286685851636174, 0.00034856508869089985, 0.008247696724719613, 0.005586200733287247, 0.0013109193678296396, -0.004864544656800071, 0.00018632769545141983, 0.0030809195891738856, -0.001924742764641785, -0.0008064571811282734, -0.0013510385604860314, 0.0020224868631253945, 0.002867103776706098, 0.0037833776430060985, -0.00017270333423040663, 0.003880306134655609, 0.0028009092066249614, -0.004303677368063235, -0.0003768050237403175, -3.3733035482408146e-05, -0.0024486687751245294, -0.0020111058978956146, -0.0037654517724095117, 0.00234367926130613, 0.008365373710645954, 0.003524531636030774, -0.00045869022394773345, 0.012007290091632084, 0.011490505526930152, 8.267069442356305e-05, -0.00325730135336088, 0.00029881608864363234, -0.005443610673525255, -0.004484568164714923, -0.0009533102754670624, -0.0035842148846458653, -0.0033432488191210558, -0.0022651277498962645, 0.0016035047588001308, -0.0006929822896272125, -0.005257156710020644, -0.003271846101892737, -0.002160471595055486, 0.003757960450316923, -0.003695872675496796, 0.0017955465887124157, -0.00429938683438438, -0.0036610606507967583, -0.004403557756904559, 0.006619242741655205, 0.005680440911463689, -0.005234591896250546, 0.0013127992605747971, -0.0016990863203174642, -0.004890968689991514, -0.005583807382164763, -0.0015054303270507102, -0.00544626204448584, -0.0019042821728231232, -0.003246515217079092, 0.005783480125541241, -0.004668474971806532, 0.0006420417310477934, 0.002615993660419983, -0.004727192011341204, 0.004124951261255469, -0.004029836078788571, 0.0030976134477812265, 0.003994638123041863, -0.0020411432740057617, -0.005978369531066631, 0.00443228664352196, -0.0041903685013378895, -0.0027780079519418048, 0.0005892224978816383, -0.0022183856534812446, -0.006017796378130816, -0.0014181579513386962, 0.015375418135913343, -0.004736297314038993, 0.0015986069282483263, -0.003966606423644017, -3.9199322935531325e-05, 0.00046689470096728257, -0.005365073198995261, 0.0006563626221702533, 0.012485847684932381, -0.004991317550541944, 0.006920426935188532, 0.0016433540227416884, -0.0019215091560964047, -0.004291493424253759, 0.003223223288617337, -0.0013627363343458336, 0.004317832730039163, 0.0035475501996473035, 0.0009571935206001803, -0.004258535550902786, -0.0020410860877519647, -0.001303698377028991, -0.004198911192224394, -0.004715787914532167, -0.002687580851365073, 0.0033674432128903676, -0.0005360533260231238, -0.0010139782186170672, -0.004169972605063892, 0.003907062086091617, 0.00021023336817921806, 0.006834905335159508, -0.004272441670852836, -0.0029139431903126485, -0.0005875491547638961, -0.0033994029681243955, -0.004893724217672761, -0.0036670443095361796, -0.000558230165699222, -0.004779519675514891, -0.0006472283171326901, 0.002745905099294778, 0.0014976128692964939, 0.00041132059800164545, -0.003956739619308709, -0.004144865694197978, 0.010593127373601846, -0.0018181713826642646, 0.005628285471032734, -0.002514399581077075, -0.002493107366635319, 0.009547374632572487, -0.005061102879388955, 0.001908201128266656, -0.004352631754050846, 0.000375499027745866, -0.0007533400808080674, 0.0011957408405219748, 0.0033943787478152737, -0.005471033257555814, 0.0005261262581263702, -0.0050228880131118845, -0.00459222217881525, 0.0017699808754966934, 0.01642066309900952, -0.004739311637630004, -0.005293862240533471, -0.0007341378281796418, 0.0026504760424861176, 0.002797424656407356, 0.0020455663207437926, -0.0015984762113000314, -0.0014091567816120814, -0.003850213125726563, 0.004902648261812203, 0.0007765364471183985, -0.0037126557932183487, 0.004179311227008131, 0.0018052962531181704, -0.003097031816403599, 0.0017476460081067866, 0.0003018305444723171, 0.00406617982741096, 0.0064002779216770075, -0.00513344257126467, -0.004340746155770625, 0.0038062263667844425, -0.0008993334544950322, 0.0015366246821311744, 0.009857060136118853, -0.005474226358078524, 0.011049233539366484, -0.004841239398970559, -0.004754978225933481, -0.004051395857898909, 0.003260455452524273, -0.005041363950516075, 0.010833432487863741, 0.0008373957745550299, 0.0007864612721448281, -0.0027195315900473143, 0.00622546390527651, -0.0030545034435012844, -0.0029277016686448352, 0.0037096317377725927, -0.00437030379872021, 0.0001874939568297054, 0.005001834449001181, 0.0023806418545672605, -0.00020734853917618628, 0.0006361206934796885, 0.0005814661123522083, 0.003331302463326943, -3.851372931104276e-05, -0.004153149124957008, -0.00530608528852026, 0.004977845581985881, -0.003759334818138015, -9.575984580383659e-05, -0.004983923184944508, 0.0008399835392274851, -0.004205538391955179, 8.298690307271145e-05, -0.001181959263945888, -0.0010444552271632217, -0.00040649465475499407, -0.002974918501229757, 0.00230756790021483, -0.0006675123989702867, -0.004182625754675623, 0.00030485090948968355, 0.007805293089637813, -0.004466058818275728, 0.0005574928052142017, 0.005120914705380429, -0.0038428008778219, 0.0036982097473474275, 0.003561342689684783, -0.002318656208972518, 0.008699214183338012]
Daily Returns: [0, 0, 0, 0, 0, -0.003727128650878632, 0.0047950433420911815, 0, 0, 0, 0, 0, 0, 0, 0, 0, 0, 0.0015476322485322212, -0.0019193779485280073, 0, 0.0013983112333800644, 0.0001356982301745381, 0, 0, 0, 0, 0, 0, 0, 0, 0, 0, 0, 0, 0, 0, 0, 0, 0, 0, 0.008247696724719613, 0, 0, 0, 0, 0.005586200733287247, 0.0013109193678296396, -0.004864544656800071, 0, 0, 0, 0, 0, 0, 0, 0, 0, 0, 0, 0.00018632769545141983, 0.00034971964340382725, 0, 0, 0, 0, 0, 0, 0, 0, 0, 0, 0, 0, 0, 0, 0, 0, 0, 0, 0, 0, 0, 0, 0, -0.0013510385604860314, 0, 0.0020224868631253945, 0, 0, 0.00647777808548179, 0.003880306134655609, 0, 0, 0, 0.0028009092066249614, 0, -0.004680482391803553, 0, 0, -3.3733035482408146e-05, 0, 0, 0, 0, 0, 0, 0, 0, -0.0024486687751245294, 0, 0, 0, 0, 0, -0.0020111058978956146, 0, -0.0037654517724095117, 0.00234367926130613, 0, 0, 0.008365373710645954, 0, 0, 0, 0, 0.003524531636030774, 0, 0, 0, 0, 0, 0, 0, 0, 0, 0, 0, 0, 0, 0, 0, 0, 0, 0, 0, 0, 0, 0, 0, -0.00045869022394773345, 0, 0, 0, 0, 0, 0.012007290091632084, 0, 0, 0, 0, 0, 0, 0.011573176221353716, 0, 0, 0, -0.00325730135336088, 0, 0.00029881608864363234, 0, 0, 0, 0, -0.005443610673525255, 0, 0, 0, 0, 0, 0, 0, 0, 0, 0, 0, 0, 0, 0, 0, 0, -0.004484568164714923, 0, 0, 0, 0, 0, -0.0009533102754670624, 0, 0, 0, 0, 0, -0.0035842148846458653, -0.0033432488191210558, 0, 0, 0, 0, 0, 0, 0, 0, 0, 0, 0, 0, -0.0022651277498962645, 0, 0, 0.0016035047588001308, 0, -0.0006929822896272125, 0, 0, 0, -0.005257156710020644, 0, 0, 0, 0, -0.003271846101892737, 0, 0, 0, 0, 0, 0, 0, -0.002160471595055486, 0, 0.003757960450316923, 0, -0.003695872675496796, 0, 0, 0, 0.0017955465887124157, 0, 0, 0, 0, 0, -0.00429938683438438, 0, -0.0036610606507967583, 0, 0, 0, 0, 0, 0, -0.004403557756904559, 0, 0.006619242741655205, 0.005680440911463689, 0, 0, 0, 0, 0, 0, 0, 0, 0, -0.005234591896250546, 0.0013127992605747971, 0, 0, -0.0016990863203174642, -0.004890968689991514, 0, 0, -0.005583807382164763, 0, 0, 0, 0, 0, 0, 0, 0, 0, 0, 0, 0, -0.0015054303270507102, 0, 0, 0, 0, 0, 0, -0.007350544217308963, 0, 0, 0, -0.003246515217079092, 0, 0.005783480125541241, 0, -0.004668474971806532, 0, 0, 0, 0.0006420417310477934, 0, 0, 0, 0.002615993660419983, 0, -0.004727192011341204, 0, 0, 0, 0.004124951261255469, 0, 0, 0, -0.004029836078788571, 0.0030976134477812265, 0, 0, 0.0019534948490361015, 0, 0, 0, 0, 0, 0, 0, 0, -0.005978369531066631, 0, 0, 0, 0, 0, 0, 0, 0, 0, 0, 0.00443228664352196, 0, -0.0041903685013378895, 0, 0, 0, 0, -0.0027780079519418048, 0, 0, 0, 0, 0, 0, 0, 0, 0, 0, 0, 0, 0, 0, 0, 0, 0.0005892224978816383, 0, 0, 0, 0, -0.0022183856534812446, 0, 0, -0.007435954329469512, 0, 0, 0, 0, 0, 0, 0, 0, 0, 0, 0.015375418135913343, 0, 0, 0, 0, 0, -0.004736297314038993, 0, 0, 0, 0, 0, 0, 0, 0, 0.0015986069282483263, 0, 0, -0.004005805746579548, 0, 0, 0.00046689470096728257, 0, 0, 0, 0, 0, 0, -0.005365073198995261, 0, 0, 0, 0, 0, 0.0006563626221702533, 0, 0, 0.007494530134390437, 0, 0, 0, 0, 0, 0, 0, 0, 0.006920426935188532, 0, 0, 0, 0, 0, 0, 0, 0, 0, 0, 0, 0, 0, 0, 0, 0, 0, 0, 0, 0, 0.0016433540227416884, 0, 0, 0, 0, 0, 0, 0, 0, 0, -0.0019215091560964047, -0.0010682701356364223, 0, 0, -0.0013627363343458336, 0, 0.004317832730039163, 0.0035475501996473035, 0, 0, 0, 0.0009571935206001803, 0, -0.004258535550902786, -0.0020410860877519647, 0, 0, 0, 0, -0.001303698377028991, 0, 0, 0, -0.00891469910675656, 0, 0, 0, 0, 0, 0, 0, 0, 0, 0, 0, 0, 0, -0.002687580851365073, 0.0033674432128903676, 0, 0, 0, 0, 0, 0, 0, 0, -0.0005360533260231238, 0, -0.0010139782186170672, 0, 0, 0, 0, 0, 0, 0, 0, 0, 0, 0, 0, 0, 0, 0, 0, 0, 0, 0, 0, 0, 0, 0, 0, 0, 0, 0, 0, 0, 0, 0, 0, 0, 0, 0, 0, 0, 0, 0, 0, 0, 0, -0.004169972605063892, 0, 0, 0, 0, 0.0041172954542708345, 0.006834905335159508, 0, 0, -0.004272441670852836, 0, 0, 0, 0, 0, 0, 0, 0, 0, 0, 0, 0, -0.0029139431903126485, 0, 0, 0, 0, 0, -0.0005875491547638961, 0, 0, 0, 0, 0, -0.0033994029681243955, -0.004893724217672761, 0, 0, 0, 0, -0.0036670443095361796, -0.000558230165699222, 0, 0, 0, 0, 0, 0, 0, 0, 0, 0, 0, 0, -0.004779519675514891, 0, 0, 0, 0, 0, 0, 0, 0, 0, 0, -0.0006472283171326901, 0.004243517968591272, 0, 0.00041132059800164545, -0.008101605313506687, 0, 0, 0, 0, 0, 0, 0.008774955990937581, 0.005628285471032734, 0, 0, 0, 0, 0, -0.002514399581077075, 0, 0, 0, 0, -0.002493107366635319, 0, 0, 0, 0, 0, 0.009547374632572487, 0, 0, 0, 0, 0, -0.005061102879388955, 0, 0.001908201128266656, 0, 0, 0, 0, 0, -0.004352631754050846, 0, 0.000375499027745866, 0, 0, -0.0007533400808080674, 0, 0, 0, 0, 0, 0, 0, 0, 0.0011957408405219748, 0.0033943787478152737, 0, 0, 0, -0.005471033257555814, 0, 0, 0, 0, 0, 0, 0, 0, 0, 0, 0, 0, 0, 0, 0, 0, 0, 0, 0, 0, 0.0005261262581263702, 0, 0, 0, -0.0050228880131118845, 0, 0, 0, -0.00459222217881525, 0, 0, 0, 0, 0, 0.0017699808754966934, 0, 0, 0.01642066309900952, 0, 0, 0, 0, 0, 0, 0, 0, 0, 0, 0, 0, 0, 0, 0, 0, 0, 0, 0, -0.004739311637630004, 0, 0, 0, 0, 0, 0, -0.005293862240533471, 0, 0, 0, 0, 0, 0, 0, 0, 0, -0.0007341378281796418, 0, 0.005447900698893474, 0, 0, 0, 0, 0, 0, 0, 0, 0, 0, 0, 0, 0, 0, 0, 0, 0, 0, 0, 0, 0, 0, 0, 0, 0, 0.00044709010944376116, -0.0014091567816120814, 0, 0, 0, 0, 0, 0, -0.003850213125726563, 0, 0, 0, 0, 0, 0, 0, 0, 0, 0, 0.004902648261812203, 0, 0, 0, 0, 0, 0.0007765364471183985, -0.0037126557932183487, 0, 0.004179311227008131, 0, 0.0018052962531181704, 0, 0, -0.003097031816403599, 0, 0, 0, 0.0017476460081067866, 0, 0, 0, 0, 0, 0, 0, 0, 0, 0, 0, 0, 0, 0, 0, 0, 0.0003018305444723171, 0, 0, 0, 0, 0, 0.00406617982741096, 0.0064002779216770075, 0, 0, 0, 0, 0, -0.00513344257126467, 0, 0, 0, 0, -0.004340746155770625, 0, 0, 0, 0.0038062263667844425, 0, 0, -0.0008993334544950322, 0, 0, 0, 0, 0, 0, 0.0015366246821311744, 0, 0, 0, 0, 0, 0.004382833778040329, 0, 0, 0, 0, 0, 0, 0, 0, 0, 0, 0, 0, 0.0014530159144624443, 0, 0, 0, 0, 0, 0, 0, 0, 0, 0, 0, 0, -0.004051395857898909, 0, 0, 0, 0, 0, 0, 0, 0, 0, 0, 0, 0, 0, 0.003260455452524273, 0, 0.005792068537347666, 0, 0, 0, 0, 0.0008373957745550299, 0.0007864612721448281, 0, 0, 0, 0, 0, 0, 0, 0, 0, 0, 0, -0.0027195315900473143, 0, 0, 0, 0, 0, 0.0031709604617752253, 0, 0, 0, 0, -0.0029277016686448352, 0, 0, 0, 0, 0, 0, 0.0037096317377725927, 0, 0, 0, -0.00437030379872021, 0, 0, 0, 0.0001874939568297054, 0, 0, 0, 0.005001834449001181, 0, 0.0023806418545672605, 0, 0, 0, 0, 0, 0, 0, 0.0004287721543035022, 0.003874254846368109, 0, 0, 0, 0, 0, 0, 0, 0, -0.004153149124957008, 0, -0.00530608528852026, 0, 0, 0, 0, 0, 0, 0, 0, 0, 0, 0, 0.0012185107638478664, 0, 0, 0, 0, 0, 0, 0, 0, 0, 0, 0, -9.575984580383659e-05, 0, 0, 0, 0, 0, 0, -0.004983923184944508, 0, 0, 0, 0, 0.0008399835392274851, 0, 0, 0, 0, 0, 0, -0.004205538391955179, 0, 8.298690307271145e-05, -0.001181959263945888, 0, 0, -0.0010444552271632217, 0, 0, -0.00040649465475499407, 0, -0.002974918501229757, 0, 0, 0, 0.00230756790021483, 0, 0, -0.0006675123989702867, 0, 0, -0.004182625754675623, 0, 0, 0, 0, 0.00030485090948968355, 0.007805293089637813, 0, 0, 0, 0, 0, 0, 0, 0, 0, -0.004466058818275728, 0, 0, 0, 0, 0.0005574928052142017, 0, 0, 0.001278113827558529, 0, 0, 0, 0, 0, 0, 0, 0, 0, 0.0036982097473474275, 0, 0, 0, 0, 0, 0, 0, 0, 0, 0, 0.003561342689684783, -0.002318656208972518, 0.008699214183338012, 0, 0, 0, 0, 0, 0]
Start Date: 2022-04-15
End Date: 2025-11-06
Sharpe Ratio: 0.001
Annualized Sharpe: 0.009
Sharpe 95% CI: (np.float64(-0.947), np.float64(0.9))
Sortino Ratio: 0.001
CAGR: -0.0
Calmar Ratio: -0.002
Daily Win Rate (%): 0.458
Max Drawdown: 0.084
Profit Factor: 1.003
Expectancy: 5e-06
Average Win: 0.003709
Average Loss: 0.003122
Total Trades: 225
Total Days: 1116



Rolling 0 - Variant 4 - atr_0.5_7 - Fit Metrics
Contracts: [9, 9, 14, 13, 9, 10, 9, 10, 11, 8, 8, 8, 9, 5, 7, 9, 10, 10, 9, 7, 8, 7, 8, 8, 6, 6, 6, 6, 6, 6, 8, 10, 10, 10, 7, 7, 7, 7, 10, 5, 5, 6, 6, 6, 6, 6, 8, 8, 8, 6, 6, 7, 7, 6, 5, 7, 6, 7, 6, 8, 6, 9, 5, 6, 6, 8, 9, 9, 9, 5, 11, 6, 5, 7, 7, 10, 6, 11, 10, 12, 10, 9, 9, 9, 12, 7, 15, 10, 9, 10, 8, 9, 9, 11, 10, 10, 9, 8, 8, 8, 10, 12, 10, 12, 12, 9, 10, 13, 8, 10, 11, 9, 13, 10, 9, 10, 13, 8, 10, 7, 10, 10, 11, 13, 12, 10, 10, 10, 10, 13, 11, 11, 6, 11, 8, 12, 10, 10, 16, 15, 15, 13, 17, 15, 10, 13, 13, 13, 12, 12, 12, 13, 11, 13, 11, 10, 12, 11, 20, 18, 14, 10, 8, 14, 15, 14, 19, 19, 10, 10, 17, 14, 15, 9, 9, 10, 15, 15, 15, 6, 8, 7, 6, 6, 8, 8, 10, 6, 11, 7, 7, 8, 10, 8, 5, 10, 11, 10, 10, 11, 8, 11, 12, 12, 4, 4, 5, 8, 8, 7, 9, 6, 8, 9, 7, 9, 9, 10, 9, 9, 9, 8, 9, 9, 9, 9, 4, 9, 10, 10, 13, 6, 6, 9, 9, 9, 9, 11, 11, 12, 11, 12, 10, 18, 12, 11]
Trade Returns: [-0.0027386999999999646, 0.0007508563703413546, 0.014493640896018926, -0.004749772068423622, -0.00416235210138565, -0.004545617761256192, 0.0011896800613594772, -0.0005429464654784626, 0.0032541461425459797, -0.003993729006750412, 0.001112475834115028, 0.0017157466963424446, 0.0063634269776837084, 0.0029858515428362992, 0.00035968851656952814, 0.0041626115752066975, -0.004322472244244733, -0.0007056713651769108, -0.004575110230608831, -0.0016827378520650838, -0.004191927313370591]
Daily Returns: [-0.0027386999999999646, 0, 0, 0, 0.0007508563703413546, 0, 0, 0, 0, 0, 0.009743868827595304, 0, -0.00416235210138565, 0, -0.0033559376998967146, 0, 0, 0, -0.0005429464654784626, 0, 0.0032541461425459797, 0, 0, 0, 0, 0, 0, 0, 0, 0, 0, 0, 0, 0, 0, 0, 0, 0, 0, 0, 0, -0.003993729006750412, 0.001112475834115028, 0, 0, 0, 0, 0, 0, 0, 0, 0, 0, 0.0017157466963424446, 0, 0, 0.0063634269776837084, 0, 0, 0, 0, 0, 0, 0, 0, 0, 0, 0, 0, 0, 0, 0, 0.0029858515428362992, 0, 0, 0, 0, 0, 0, 0, 0, 0.00035968851656952814, 0, 0, -0.0008655320342149462, 0, 0, -0.004575110230608831, 0, 0, 0, 0, -0.0016827378520650838, 0, 0, 0, 0, 0, 0, 0, 0, -0.004191927313370591]
Start Date: 2021-12-17
End Date: 2022-04-14
Sharpe Ratio: 0.001
Annualized Sharpe: 0.017
Sharpe 95% CI: (np.float64(-3.633), np.float64(2.676))
Sortino Ratio: 0.001
CAGR: 0.0
Calmar Ratio: 0.011
Daily Win Rate (%): 0.476
Max Drawdown: 0.011
Profit Factor: 1.005
Expectancy: 8e-06
Average Win: 0.003639
Average Loss: 0.003292
Total Trades: 21
Total Days: 102

Rolling 0 - Variant 4 - atr_0.5_7 - Test Metrics
Contracts: [9, 9, 14, 13, 9, 10, 9, 10, 11, 8, 8, 8, 9, 5, 7, 9, 10, 10, 9, 7, 8, 7, 8, 8, 6, 6, 6, 6, 6, 6, 8, 10, 10, 10, 7, 7, 7, 7, 10, 5, 5, 6, 6, 6, 6, 6, 8, 8, 8, 6, 6, 7, 7, 6, 5, 7, 6, 7, 6, 8, 6, 9, 5, 6, 6, 8, 9, 9, 9, 5, 11, 6, 5, 7, 7, 10, 6, 11, 10, 12, 10, 9, 9, 9, 12, 7, 15, 10, 9, 10, 8, 9, 9, 11, 10, 10, 9, 8, 8, 8, 10, 12, 10, 12, 12, 9, 10, 13, 8, 10, 11, 9, 13, 10, 9, 10, 13, 8, 10, 7, 10, 10, 11, 13, 12, 10, 10, 10, 10, 13, 11, 11, 6, 11, 8, 12, 10, 10, 16, 15, 15, 13, 17, 15, 10, 13, 13, 13, 12, 12, 12, 13, 11, 13, 11, 10, 12, 11, 20, 18, 14, 10, 8, 14, 15, 14, 19, 19, 10, 10, 17, 14, 15, 9, 9, 10, 15, 15, 15, 6, 8, 7, 6, 6, 8, 8, 10, 6, 11, 7, 7, 8, 10, 8, 5, 10, 11, 10, 10, 11, 8, 11, 12, 12, 4, 4, 5, 8, 8, 7, 9, 6, 8, 9, 7, 9, 9, 10, 9, 9, 9, 8, 9, 9, 9, 9, 4, 9, 10, 10, 13, 6, 6, 9, 9, 9, 9, 11, 11, 12, 11, 12, 10, 18, 12, 11]
Trade Returns: [-0.003727128650878632, 0.0011700088272629712, 0.0036250345148282105, 0.0015476322485322212, 0.0008345616860481537, -0.002753939634576161, 0.0013983112333800644, -0.00021286685851636174, 0.00034856508869089985, 0.008247696724719613, 0.005586200733287247, 0.0013109193678296396, -0.004864544656800071, 0.00018632769545141983, 0.0030809195891738856, -0.001924742764641785, -0.0008064571811282734, -0.0013510385604860314, 0.0020224868631253945, 0.002867103776706098, 0.0037833776430060985, -0.00017270333423040663, 0.003880306134655609, 0.0028009092066249614, -0.004303677368063235, -0.0003768050237403175, -3.3733035482408146e-05, -0.0024486687751245294, -0.0020111058978956146, -0.0037654517724095117, 0.00234367926130613, 0.008365373710645954, 0.003524531636030774, -0.00045869022394773345, 0.012007290091632084, 0.011490505526930152, 8.267069442356305e-05, -0.00325730135336088, 0.00029881608864363234, -0.005443610673525255, -0.004484568164714923, -0.0009533102754670624, -0.0035842148846458653, -0.0033432488191210558, -0.0022651277498962645, 0.0016035047588001308, -0.0006929822896272125, -0.005257156710020644, -0.003271846101892737, -0.002160471595055486, 0.003757960450316923, -0.003695872675496796, 0.0017955465887124157, -0.00429938683438438, -0.0036610606507967583, -0.004403557756904559, 0.006619242741655205, 0.005680440911463689, -0.005234591896250546, 0.0013127992605747971, -0.0016990863203174642, -0.004890968689991514, -0.005583807382164763, -0.0015054303270507102, -0.00544626204448584, -0.0019042821728231232, -0.003246515217079092, 0.005783480125541241, -0.004668474971806532, 0.0006420417310477934, 0.002615993660419983, -0.004727192011341204, 0.004124951261255469, -0.004029836078788571, 0.0030976134477812265, 0.003994638123041863, -0.0020411432740057617, -0.005978369531066631, 0.00443228664352196, -0.0041903685013378895, -0.0027780079519418048, 0.0005892224978816383, -0.0022183856534812446, -0.006017796378130816, -0.0014181579513386962, 0.015375418135913343, -0.004736297314038993, 0.0015986069282483263, -0.003966606423644017, -3.9199322935531325e-05, 0.00046689470096728257, -0.005365073198995261, 0.0006563626221702533, 0.012485847684932381, -0.004991317550541944, 0.006920426935188532, 0.0016433540227416884, -0.0019215091560964047, -0.004291493424253759, 0.003223223288617337, -0.0013627363343458336, 0.004317832730039163, 0.0035475501996473035, 0.0009571935206001803, -0.004258535550902786, -0.0020410860877519647, -0.001303698377028991, -0.004198911192224394, -0.004715787914532167, -0.002687580851365073, 0.0033674432128903676, -0.0005360533260231238, -0.0010139782186170672, -0.004169972605063892, 0.003907062086091617, 0.00021023336817921806, 0.006834905335159508, -0.004272441670852836, -0.0029139431903126485, -0.0005875491547638961, -0.0033994029681243955, -0.004893724217672761, -0.0036670443095361796, -0.000558230165699222, -0.004779519675514891, -0.0006472283171326901, 0.002745905099294778, 0.0014976128692964939, 0.00041132059800164545, -0.003956739619308709, -0.004144865694197978, 0.010593127373601846, -0.0018181713826642646, 0.005628285471032734, -0.002514399581077075, -0.002493107366635319, 0.009547374632572487, -0.005061102879388955, 0.001908201128266656, -0.004352631754050846, 0.000375499027745866, -0.0007533400808080674, 0.0011957408405219748, 0.0033943787478152737, -0.005471033257555814, 0.0005261262581263702, -0.0050228880131118845, -0.00459222217881525, 0.0017699808754966934, 0.01642066309900952, -0.004739311637630004, -0.005293862240533471, -0.0007341378281796418, 0.0026504760424861176, 0.002797424656407356, 0.0020455663207437926, -0.0015984762113000314, -0.0014091567816120814, -0.003850213125726563, 0.004902648261812203, 0.0007765364471183985, -0.0037126557932183487, 0.004179311227008131, 0.0018052962531181704, -0.003097031816403599, 0.0017476460081067866, 0.0003018305444723171, 0.00406617982741096, 0.0064002779216770075, -0.00513344257126467, -0.004340746155770625, 0.0038062263667844425, -0.0008993334544950322, 0.0015366246821311744, 0.009857060136118853, -0.005474226358078524, 0.011049233539366484, -0.004841239398970559, -0.004754978225933481, -0.004051395857898909, 0.003260455452524273, -0.005041363950516075, 0.010833432487863741, 0.0008373957745550299, 0.0007864612721448281, -0.0027195315900473143, 0.00622546390527651, -0.0030545034435012844, -0.0029277016686448352, 0.0037096317377725927, -0.00437030379872021, 0.0001874939568297054, 0.005001834449001181, 0.0023806418545672605, -0.00020734853917618628, 0.0006361206934796885, 0.0005814661123522083, 0.003331302463326943, -3.851372931104276e-05, -0.004153149124957008, -0.00530608528852026, 0.004977845581985881, -0.003759334818138015, -9.575984580383659e-05, -0.004983923184944508, 0.0008399835392274851, -0.004205538391955179, 8.298690307271145e-05, -0.001181959263945888, -0.0010444552271632217, -0.00040649465475499407, -0.002974918501229757, 0.00230756790021483, -0.0006675123989702867, -0.004182625754675623, 0.00030485090948968355, 0.007805293089637813, -0.004466058818275728, 0.0005574928052142017, 0.005120914705380429, -0.0038428008778219, 0.0036982097473474275, 0.003561342689684783, -0.002318656208972518, 0.008699214183338012]
Daily Returns: [0, 0, 0, 0, 0, -0.003727128650878632, 0.0047950433420911815, 0, 0, 0, 0, 0, 0, 0, 0, 0, 0, 0.0015476322485322212, -0.0019193779485280073, 0, 0.0013983112333800644, 0.0001356982301745381, 0, 0, 0, 0, 0, 0, 0, 0, 0, 0, 0, 0, 0, 0, 0, 0, 0, 0, 0.008247696724719613, 0, 0, 0, 0, 0.005586200733287247, 0.0013109193678296396, -0.004864544656800071, 0, 0, 0, 0, 0, 0, 0, 0, 0, 0, 0, 0.00018632769545141983, 0.00034971964340382725, 0, 0, 0, 0, 0, 0, 0, 0, 0, 0, 0, 0, 0, 0, 0, 0, 0, 0, 0, 0, 0, 0, 0, -0.0013510385604860314, 0, 0.0020224868631253945, 0, 0, 0.00647777808548179, 0.003880306134655609, 0, 0, 0, 0.0028009092066249614, 0, -0.004680482391803553, 0, 0, -3.3733035482408146e-05, 0, 0, 0, 0, 0, 0, 0, 0, -0.0024486687751245294, 0, 0, 0, 0, 0, -0.0020111058978956146, 0, -0.0037654517724095117, 0.00234367926130613, 0, 0, 0.008365373710645954, 0, 0, 0, 0, 0.003524531636030774, 0, 0, 0, 0, 0, 0, 0, 0, 0, 0, 0, 0, 0, 0, 0, 0, 0, 0, 0, 0, 0, 0, 0, -0.00045869022394773345, 0, 0, 0, 0, 0, 0.012007290091632084, 0, 0, 0, 0, 0, 0, 0.011573176221353716, 0, 0, 0, -0.00325730135336088, 0, 0.00029881608864363234, 0, 0, 0, 0, -0.005443610673525255, 0, 0, 0, 0, 0, 0, 0, 0, 0, 0, 0, 0, 0, 0, 0, 0, -0.004484568164714923, 0, 0, 0, 0, 0, -0.0009533102754670624, 0, 0, 0, 0, 0, -0.0035842148846458653, -0.0033432488191210558, 0, 0, 0, 0, 0, 0, 0, 0, 0, 0, 0, 0, -0.0022651277498962645, 0, 0, 0.0016035047588001308, 0, -0.0006929822896272125, 0, 0, 0, -0.005257156710020644, 0, 0, 0, 0, -0.003271846101892737, 0, 0, 0, 0, 0, 0, 0, -0.002160471595055486, 0, 0.003757960450316923, 0, -0.003695872675496796, 0, 0, 0, 0.0017955465887124157, 0, 0, 0, 0, 0, -0.00429938683438438, 0, -0.0036610606507967583, 0, 0, 0, 0, 0, 0, -0.004403557756904559, 0, 0.006619242741655205, 0.005680440911463689, 0, 0, 0, 0, 0, 0, 0, 0, 0, -0.005234591896250546, 0.0013127992605747971, 0, 0, -0.0016990863203174642, -0.004890968689991514, 0, 0, -0.005583807382164763, 0, 0, 0, 0, 0, 0, 0, 0, 0, 0, 0, 0, -0.0015054303270507102, 0, 0, 0, 0, 0, 0, -0.007350544217308963, 0, 0, 0, -0.003246515217079092, 0, 0.005783480125541241, 0, -0.004668474971806532, 0, 0, 0, 0.0006420417310477934, 0, 0, 0, 0.002615993660419983, 0, -0.004727192011341204, 0, 0, 0, 0.004124951261255469, 0, 0, 0, -0.004029836078788571, 0.0030976134477812265, 0, 0, 0.0019534948490361015, 0, 0, 0, 0, 0, 0, 0, 0, -0.005978369531066631, 0, 0, 0, 0, 0, 0, 0, 0, 0, 0, 0.00443228664352196, 0, -0.0041903685013378895, 0, 0, 0, 0, -0.0027780079519418048, 0, 0, 0, 0, 0, 0, 0, 0, 0, 0, 0, 0, 0, 0, 0, 0, 0.0005892224978816383, 0, 0, 0, 0, -0.0022183856534812446, 0, 0, -0.007435954329469512, 0, 0, 0, 0, 0, 0, 0, 0, 0, 0, 0.015375418135913343, 0, 0, 0, 0, 0, -0.004736297314038993, 0, 0, 0, 0, 0, 0, 0, 0, 0.0015986069282483263, 0, 0, -0.004005805746579548, 0, 0, 0.00046689470096728257, 0, 0, 0, 0, 0, 0, -0.005365073198995261, 0, 0, 0, 0, 0, 0.0006563626221702533, 0, 0, 0.007494530134390437, 0, 0, 0, 0, 0, 0, 0, 0, 0.006920426935188532, 0, 0, 0, 0, 0, 0, 0, 0, 0, 0, 0, 0, 0, 0, 0, 0, 0, 0, 0, 0, 0.0016433540227416884, 0, 0, 0, 0, 0, 0, 0, 0, 0, -0.0019215091560964047, -0.0010682701356364223, 0, 0, -0.0013627363343458336, 0, 0.004317832730039163, 0.0035475501996473035, 0, 0, 0, 0.0009571935206001803, 0, -0.004258535550902786, -0.0020410860877519647, 0, 0, 0, 0, -0.001303698377028991, 0, 0, 0, -0.00891469910675656, 0, 0, 0, 0, 0, 0, 0, 0, 0, 0, 0, 0, 0, -0.002687580851365073, 0.0033674432128903676, 0, 0, 0, 0, 0, 0, 0, 0, -0.0005360533260231238, 0, -0.0010139782186170672, 0, 0, 0, 0, 0, 0, 0, 0, 0, 0, 0, 0, 0, 0, 0, 0, 0, 0, 0, 0, 0, 0, 0, 0, 0, 0, 0, 0, 0, 0, 0, 0, 0, 0, 0, 0, 0, 0, 0, 0, 0, 0, -0.004169972605063892, 0, 0, 0, 0, 0.0041172954542708345, 0.006834905335159508, 0, 0, -0.004272441670852836, 0, 0, 0, 0, 0, 0, 0, 0, 0, 0, 0, 0, -0.0029139431903126485, 0, 0, 0, 0, 0, -0.0005875491547638961, 0, 0, 0, 0, 0, -0.0033994029681243955, -0.004893724217672761, 0, 0, 0, 0, -0.0036670443095361796, -0.000558230165699222, 0, 0, 0, 0, 0, 0, 0, 0, 0, 0, 0, 0, -0.004779519675514891, 0, 0, 0, 0, 0, 0, 0, 0, 0, 0, -0.0006472283171326901, 0.004243517968591272, 0, 0.00041132059800164545, -0.008101605313506687, 0, 0, 0, 0, 0, 0, 0.008774955990937581, 0.005628285471032734, 0, 0, 0, 0, 0, -0.002514399581077075, 0, 0, 0, 0, -0.002493107366635319, 0, 0, 0, 0, 0, 0.009547374632572487, 0, 0, 0, 0, 0, -0.005061102879388955, 0, 0.001908201128266656, 0, 0, 0, 0, 0, -0.004352631754050846, 0, 0.000375499027745866, 0, 0, -0.0007533400808080674, 0, 0, 0, 0, 0, 0, 0, 0, 0.0011957408405219748, 0.0033943787478152737, 0, 0, 0, -0.005471033257555814, 0, 0, 0, 0, 0, 0, 0, 0, 0, 0, 0, 0, 0, 0, 0, 0, 0, 0, 0, 0, 0.0005261262581263702, 0, 0, 0, -0.0050228880131118845, 0, 0, 0, -0.00459222217881525, 0, 0, 0, 0, 0, 0.0017699808754966934, 0, 0, 0.01642066309900952, 0, 0, 0, 0, 0, 0, 0, 0, 0, 0, 0, 0, 0, 0, 0, 0, 0, 0, 0, -0.004739311637630004, 0, 0, 0, 0, 0, 0, -0.005293862240533471, 0, 0, 0, 0, 0, 0, 0, 0, 0, -0.0007341378281796418, 0, 0.005447900698893474, 0, 0, 0, 0, 0, 0, 0, 0, 0, 0, 0, 0, 0, 0, 0, 0, 0, 0, 0, 0, 0, 0, 0, 0, 0, 0.00044709010944376116, -0.0014091567816120814, 0, 0, 0, 0, 0, 0, -0.003850213125726563, 0, 0, 0, 0, 0, 0, 0, 0, 0, 0, 0.004902648261812203, 0, 0, 0, 0, 0, 0.0007765364471183985, -0.0037126557932183487, 0, 0.004179311227008131, 0, 0.0018052962531181704, 0, 0, -0.003097031816403599, 0, 0, 0, 0.0017476460081067866, 0, 0, 0, 0, 0, 0, 0, 0, 0, 0, 0, 0, 0, 0, 0, 0, 0.0003018305444723171, 0, 0, 0, 0, 0, 0.00406617982741096, 0.0064002779216770075, 0, 0, 0, 0, 0, -0.00513344257126467, 0, 0, 0, 0, -0.004340746155770625, 0, 0, 0, 0.0038062263667844425, 0, 0, -0.0008993334544950322, 0, 0, 0, 0, 0, 0, 0.0015366246821311744, 0, 0, 0, 0, 0, 0.004382833778040329, 0, 0, 0, 0, 0, 0, 0, 0, 0, 0, 0, 0, 0.0014530159144624443, 0, 0, 0, 0, 0, 0, 0, 0, 0, 0, 0, 0, -0.004051395857898909, 0, 0, 0, 0, 0, 0, 0, 0, 0, 0, 0, 0, 0, 0.003260455452524273, 0, 0.005792068537347666, 0, 0, 0, 0, 0.0008373957745550299, 0.0007864612721448281, 0, 0, 0, 0, 0, 0, 0, 0, 0, 0, 0, -0.0027195315900473143, 0, 0, 0, 0, 0, 0.0031709604617752253, 0, 0, 0, 0, -0.0029277016686448352, 0, 0, 0, 0, 0, 0, 0.0037096317377725927, 0, 0, 0, -0.00437030379872021, 0, 0, 0, 0.0001874939568297054, 0, 0, 0, 0.005001834449001181, 0, 0.0023806418545672605, 0, 0, 0, 0, 0, 0, 0, 0.0004287721543035022, 0.003874254846368109, 0, 0, 0, 0, 0, 0, 0, 0, -0.004153149124957008, 0, -0.00530608528852026, 0, 0, 0, 0, 0, 0, 0, 0, 0, 0, 0, 0.0012185107638478664, 0, 0, 0, 0, 0, 0, 0, 0, 0, 0, 0, -9.575984580383659e-05, 0, 0, 0, 0, 0, 0, -0.004983923184944508, 0, 0, 0, 0, 0.0008399835392274851, 0, 0, 0, 0, 0, 0, -0.004205538391955179, 0, 8.298690307271145e-05, -0.001181959263945888, 0, 0, -0.0010444552271632217, 0, 0, -0.00040649465475499407, 0, -0.002974918501229757, 0, 0, 0, 0.00230756790021483, 0, 0, -0.0006675123989702867, 0, 0, -0.004182625754675623, 0, 0, 0, 0, 0.00030485090948968355, 0.007805293089637813, 0, 0, 0, 0, 0, 0, 0, 0, 0, -0.004466058818275728, 0, 0, 0, 0, 0.0005574928052142017, 0, 0, 0.001278113827558529, 0, 0, 0, 0, 0, 0, 0, 0, 0, 0.0036982097473474275, 0, 0, 0, 0, 0, 0, 0, 0, 0, 0, 0.003561342689684783, -0.002318656208972518, 0.008699214183338012, 0, 0, 0, 0, 0, 0]
Start Date: 2022-04-15
End Date: 2025-11-06
Sharpe Ratio: 0.001
Annualized Sharpe: 0.009
Sharpe 95% CI: (np.float64(-0.947), np.float64(0.9))
Sortino Ratio: 0.001
CAGR: -0.0
Calmar Ratio: -0.002
Daily Win Rate (%): 0.458
Max Drawdown: 0.084
Profit Factor: 1.003
Expectancy: 5e-06
Average Win: 0.003709
Average Loss: 0.003122
Total Trades: 225
Total Days: 1116



Rolling 1 - Variant 0 - atr_0.5_1 - Fit Metrics
Contracts: [9, 9, 14, 13, 8, 10, 8, 10, 11, 8, 8, 8, 9, 5, 7, 9, 10, 10, 9, 7, 8, 7, 8, 8, 6, 6, 6, 6, 6, 6, 8, 10, 10, 10, 7, 7, 7, 7, 10, 5, 5, 6, 6, 6, 6, 6, 8, 8, 8, 6, 6, 7, 7, 6, 6, 7, 6, 7, 6, 8, 6, 9, 5, 6, 6, 8, 9, 9, 9, 5, 11, 6, 5, 7, 7, 10, 6, 11, 10, 12, 10, 9, 9, 9, 12, 7, 15, 10, 9, 10, 8, 9, 9, 11, 10, 10, 9, 8, 8, 8, 10, 12, 10, 12, 13, 9, 10, 13, 8, 10, 11, 9, 13, 10, 9, 10, 13, 8, 10, 7, 10, 10, 10, 13, 12, 9, 9, 10, 10, 13, 10, 11, 6, 11, 8, 12, 10, 10, 16, 15, 15, 13, 17, 15, 10, 13, 13, 13, 12, 12, 12, 13, 11, 13, 11, 10, 12, 11, 20, 17, 14, 10, 8, 14, 14, 14, 19, 19, 10, 10, 17, 14, 15, 9, 9, 10, 15, 15, 15, 6, 8, 7, 6, 6, 8, 8, 10, 6, 10, 6, 7, 8, 10, 8, 5, 10, 11, 10, 10, 11, 8, 11, 12, 12, 4, 4, 5, 8, 8, 7, 8, 6, 8, 9, 7, 9, 9, 9, 9, 9, 9, 8, 9, 9, 9, 8, 4, 9, 10, 10, 12, 6, 6, 9, 9, 8, 9, 11, 11, 12, 11, 12, 10, 18, 11, 11]
Trade Returns: [-0.0027386999999999646, 0.0007508563703413546, 0.003972705286249108, -0.00479954637586231, -0.0042066896357881335, -0.004083771026638499, 0.0010686286271076695, -0.0005484999045301662, 0.00328744891028551, -0.004022884204994617, 0.00399483208390316, 0.003743154388823588, 0.0038566099464665852, 0.0030091575721029992, 0.0003624876380775936, 0.004008050702564322, -0.004356792368911934, -0.0007111609598041733, 0.004281890981731901, -0.0016811983231223952, -0.004188085680249648, -0.0037236986106849237, 0.004077208219521801, 0.004160530393715258, 0.0015409036208151542, 0.0008309388516599328, -0.0027419947011720165, 0.0013922295244399876, -0.00021194231870070608, 0.0003470508528883541, 0.003840476371671798, 0.004472948238502609, 0.0013124097903009912, 0.0045086936016009325, 0.00018479863022735814, 0.0030556412397663058, -0.0019089987306051793, -0.000799847895852607, -0.0013399303412883585, 0.0037871082060399147, 0.004086805703434897, 0.003741082787362617, -0.00017077985776893092, 0.00478440169619778, 0.003238621166611452, -0.004250052771440386, -0.0003720899257330999, -3.331076464473974e-05]
Daily Returns: [-0.0027386999999999646, 0, 0, 0, 0.0007508563703413546, 0, 0, 0, 0, 0, -0.0008268410896132023, 0, -0.0042066896357881335, 0, -0.003015142399530829, 0, 0, 0, -0.0005484999045301662, 0, 0.00328744891028551, 0, 0, 0, 0, 0, 0, 0, 0, 0, 0, 0, 0, 0, 0, 0, 0, 0, 0, 0, 0, -0.004022884204994617, 0.00399483208390316, 0, 0, 0, 0, 0, 0, 0, 0, 0, 0, 0.003743154388823588, 0, 0, 0.0038566099464665852, 0, 0, 0, 0, 0, 0, 0, 0, 0, 0, 0, 0, 0, 0, 0, 0.0030091575721029992, 0, 0, 0, 0, 0, 0, 0, 0, 0.0003624876380775936, 0, 0, -0.0010599026261517855, 0, 0, 0.004281890981731901, 0, 0, 0, 0, -0.0016811983231223952, 0, 0, 0, 0, 0, 0, 0, 0, -0.004188085680249648, 0, 0, 0, 0, 0, -0.0037236986106849237, 0.00823773861323706, 0, 0, 0, 0, 0, 0, 0, 0, 0, 0, 0.0015409036208151542, -0.0019110558495120836, 0, 0.0013922295244399876, 0.000135108534187648, 0, 0, 0, 0, 0, 0, 0, 0, 0, 0, 0, 0, 0, 0, 0, 0, 0, 0, 0.003840476371671798, 0, 0, 0, 0, 0.004472948238502609, 0.0013124097903009912, 0.0045086936016009325, 0, 0, 0, 0, 0, 0, 0, 0, 0, 0, 0, 0.00018479863022735814, 0.0003467946133085195, 0, 0, 0, 0, 0, 0, 0, 0, 0, 0, 0, 0, 0, 0, 0, 0, 0, 0, 0, 0, 0, 0, 0, -0.0013399303412883585, 0, 0.0037871082060399147, 0, 0, 0.007657108633028583, 0.00478440169619778, 0, 0, 0, 0.003238621166611452, 0, -0.004622142697173487, 0, 0, -3.331076464473974e-05, 0, 0]
Start Date: 2021-12-17
End Date: 2022-08-11
Sharpe Ratio: 0.118
Annualized Sharpe: 1.868
Sharpe 95% CI: (np.float64(-0.245), np.float64(3.789))
Sortino Ratio: 0.11
CAGR: 0.044
Calmar Ratio: 4.565
Daily Win Rate (%): 0.583
Max Drawdown: 0.01
Profit Factor: 1.742
Expectancy: 0.000725
Average Win: 0.002918
Average Loss: 0.002344
Total Trades: 48
Total Days: 204

Rolling 1 - Variant 0 - atr_0.5_1 - Test Metrics
Contracts: [9, 9, 14, 13, 8, 10, 8, 10, 11, 8, 8, 8, 9, 5, 7, 9, 10, 10, 9, 7, 8, 7, 8, 8, 6, 6, 6, 6, 6, 6, 8, 10, 10, 10, 7, 7, 7, 7, 10, 5, 5, 6, 6, 6, 6, 6, 8, 8, 8, 6, 6, 7, 7, 6, 6, 7, 6, 7, 6, 8, 6, 9, 5, 6, 6, 8, 9, 9, 9, 5, 11, 6, 5, 7, 7, 10, 6, 11, 10, 12, 10, 9, 9, 9, 12, 7, 15, 10, 9, 10, 8, 9, 9, 11, 10, 10, 9, 8, 8, 8, 10, 12, 10, 12, 13, 9, 10, 13, 8, 10, 11, 9, 13, 10, 9, 10, 13, 8, 10, 7, 10, 10, 10, 13, 12, 9, 9, 10, 10, 13, 10, 11, 6, 11, 8, 12, 10, 10, 16, 15, 15, 13, 17, 15, 10, 13, 13, 13, 12, 12, 12, 13, 11, 13, 11, 10, 12, 11, 20, 17, 14, 10, 8, 14, 14, 14, 19, 19, 10, 10, 17, 14, 15, 9, 9, 10, 15, 15, 15, 6, 8, 7, 6, 6, 8, 8, 10, 6, 10, 6, 7, 8, 10, 8, 5, 10, 11, 10, 10, 11, 8, 11, 12, 12, 4, 4, 5, 8, 8, 7, 8, 6, 8, 9, 7, 9, 9, 9, 9, 9, 9, 8, 9, 9, 9, 8, 4, 9, 10, 10, 12, 6, 6, 9, 9, 8, 9, 11, 11, 12, 11, 12, 10, 18, 11, 11]
Trade Returns: [-0.002428584750925537, -0.0019859299939341745, -0.0037182204006543677, 0.004061134888473645, 0.004087145291993996, 0.0034890073133232555, -0.00045752912348847783, 0.0050022824184967375, 0.004558770051315205, 8.303033724536405e-05, -0.003869501563954234, 0.00030012306778928727, -0.005467290079842794, 0.004186023745731785, -0.000949211368547222, -0.0035687893489836646, -0.003328808805838167, -0.002255311633752211, 0.0015965401325337965, -0.0006899772037795884, -0.005234343551021155, -0.0032575733870611086, -0.0021524759807456622, 0.0034866889884742703, -0.0036821652437232133, 0.004170094639269843, -0.004274408453573918, -0.003647560979694462, -0.004377864344498048, 0.004311584140964322, 0.00498478839224707, -0.005215872661235611, 0.0013080799914484882, -0.0016929864002543957, -0.0048733797583565205, 0.005237323162722021, -0.0014839368553382695, -0.005367926979840806, -0.0018767445456971698, -0.003199262018552509, 0.0027176602011211547, -0.0046008377012392064, 0.0006346011726609496, 0.002585554167397332, -0.0046724437919840175, 0.005013446889561713, -0.003979544871528102, 0.003058801660369835, 0.0035468437581801775, -0.0020165460058011496, -0.005892887740714995, 0.00436872912521684, -0.00413976946311184, -0.0027443238369948345, 0.00058205835134964, -0.0021923220624067074, -0.006439948786891621, -0.001400925104331189, 0.004945218336861722, -0.004729133373054076, 0.0015961774476119552, -0.00396058778591062, -3.9139608251976936e-05, 0.0004613971494388697, -0.005356899940782589, 0.0006553573211230275, 0.004232652825498736, -0.0049836777333004175, 0.004322458770062754, 0.0016586428818117379, -0.0019392983440637646, -0.003937546316252818, 0.0032531607240944426, -0.0013753970437943542, 0.004508215681899797, 0.003579184667814721, 0.0008689640456416862, -0.003866345114274698, -0.0020600100448779344, -0.0013146834354385076, -0.004234338101923792, -0.004755334534381861, 0.005137429972167239, 0.00308725064150304, -0.0005365371059744931, -0.0010148923897672522, -0.004173737961997287, 0.003017657788320132, 0.00021061069929819183, 0.004100652547158596, -0.0042917634258329415, -0.0029271780520658958, -0.0005880819171798145, -0.0034148880711575096, -0.004916092701429146, 0.0031170474869335195, -0.0005570016998552832, -0.004768995792575712, -0.0006457928043599159, 0.004912293515227368, 0.001491067722980485, 0.0004095256446160651, -0.0039394799540191485, -0.004126713896875451, 0.003813561428834235, -0.0018224015724633657, 0.00409071588923681, -0.0025241195966907476, -0.0024875915624531903, 0.004167427831866005, -0.004824156504073916, 0.0019253981026184307, -0.004391782896140067, 0.0003769542826810712, -0.0007601461304340831, 0.0012065519770718188, 0.0039209136873155125, -0.005517543936262805, 0.0044684628445845545, -0.005045943456639557, -0.004613407734048721, 0.0017781842728091671, 0.0037909376868484664, -0.004821144145212265, -0.005385712859621343, -0.0007469443844331723, 0.003995999099753123, 0.004378028269103599, 0.0020752163624683903, -0.0016215977962234815, -0.001429573012132701, -0.003906075876307545, 0.0040346913946684325, 0.0007895863133189184, -0.0037749985673691143, 0.0028339647160139747, 0.0018357255894881138, -0.0031491384663801555, 0.0017771425271167597, 0.00027918075314430237, 0.003429702605057297, 0.003581256946464729, 0.004862271159421057, -0.004431826891159153, 0.0032078351532101907, -0.0009091534061447333, 0.001553418576802497, 0.004354492710302657, -0.005533961823804993, 0.004235401247712418, -0.004921564646716695, -0.004833490905428278, -0.004146896040194711, 0.003351459300581946, -0.005181605419014691, 0.006662829211331784, 0.0040392420875629605, 0.0008058750017147414, -0.0027866089399383046, 0.005034737343937539, -0.0031300534150981644, -0.003003897391102747, 0.0036727413962125465, -0.004463197344830652, 0.004972975144392584, 0.0038359832672127873, 0.00243429464912861, -0.0002120102287143953, 0.0006504252360700028, 0.0036954524472457193, 0.003968095143090933, -3.9232155749440634e-05, -0.004230624073506304, -0.005405488229033715, 0.003387673332879584, -0.003830505451659889, -8.687498581451342e-05, -0.005077798257790304, 0.0008572959015789836, -0.004292141803521867, 8.470319445441205e-05, -0.001206401851991989, 0.004600205517004633, -0.0004125796970179271, -0.003019470075046504, 0.002342230073555617, 0.003612026020128383, -0.0037575146249427885, 0.0003079685232050755, 0.0043432036582773895, -0.0045272701489708, 0.000565168492660299, 0.00412919845274151, -0.0038995270684839237, 0.004010459013484749, 0.005113026124064961, -0.002152933044731417, 0.004943418796015547]
Daily Returns: [0, 0, 0, 0, 0, 0, -0.002428584750925537, 0, 0, 0, 0, 0, -0.0019859299939341745, 0, -0.0037182204006543677, 0.004061134888473645, 0, 0, 0.004087145291993996, 0, 0, 0, 0, 0.0034890073133232555, 0, 0, 0, 0, 0, 0, 0, 0, 0, 0, 0, 0, 0, 0, 0, 0, 0, 0, 0, 0, 0, 0, 0, -0.00045752912348847783, 0, 0, 0, 0, 0, 0.0050022824184967375, 0, 0, 0, 0, 0, 0, 0.004641800388560569, 0, 0, 0, -0.003869501563954234, 0, 0.00030012306778928727, 0, 0, 0, 0, -0.005467290079842794, 0, 0, 0, 0, 0, 0, 0, 0, 0, 0, 0, 0, 0, 0, 0, 0, 0.004186023745731785, 0, 0, 0, 0, 0, -0.000949211368547222, 0, 0, 0, 0, 0, -0.0035687893489836646, -0.003328808805838167, 0, 0, 0, 0, 0, 0, 0, 0, 0, 0, 0, 0, -0.002255311633752211, 0, 0, 0.0015965401325337965, 0, -0.0006899772037795884, 0, 0, 0, -0.005234343551021155, 0, 0, 0, 0, -0.0032575733870611086, 0, 0, 0, 0, 0, 0, 0, -0.0021524759807456622, 0, 0.0034866889884742703, 0, -0.0036821652437232133, 0, 0, 0, 0.004170094639269843, 0, 0, 0, 0, 0, -0.004274408453573918, 0, -0.003647560979694462, 0, 0, 0, 0, 0, 0, -0.004377864344498048, 0, 0.004311584140964322, 0.00498478839224707, 0, 0, 0, 0, 0, 0, 0, 0, 0, -0.005215872661235611, 0.0013080799914484882, 0, 0, -0.0016929864002543957, -0.0048733797583565205, 0, 0, 0.005237323162722021, 0, 0, 0, 0, 0, 0, 0, 0, 0, 0, 0, 0, -0.0014839368553382695, 0, 0, 0, 0, 0, 0, -0.007244671525537975, 0, 0, 0, -0.003199262018552509, 0, 0.0027176602011211547, 0, -0.0046008377012392064, 0, 0, 0, 0.0006346011726609496, 0, 0, 0, 0.002585554167397332, 0, -0.0046724437919840175, 0, 0, 0, 0.005013446889561713, 0, 0, 0, -0.003979544871528102, 0.003058801660369835, 0, 0, 0.001530297752379028, 0, 0, 0, 0, 0, 0, 0, 0, -0.005892887740714995, 0, 0, 0, 0, 0, 0, 0, 0, 0, 0, 0.00436872912521684, 0, -0.00413976946311184, 0, 0, 0, 0, -0.0027443238369948345, 0, 0, 0, 0, 0, 0, 0, 0, 0, 0, 0, 0, 0, 0, 0, 0, 0.00058205835134964, 0, 0, 0, 0, -0.0021923220624067074, 0, 0, -0.00784087389122281, 0, 0, 0, 0, 0, 0, 0, 0, 0, 0, 0.004945218336861722, 0, 0, 0, 0, 0, -0.004729133373054076, 0, 0, 0, 0, 0, 0, 0, 0, 0.0015961774476119552, 0, 0, -0.003999727394162597, 0, 0, 0.0004613971494388697, 0, 0, 0, 0, 0, 0, -0.005356899940782589, 0, 0, 0, 0, 0, 0.0006553573211230275, 0, 0, -0.0007510249078016814, 0, 0, 0, 0, 0, 0, 0, 0, 0.004322458770062754, 0, 0, 0, 0, 0, 0, 0, 0, 0, 0, 0, 0, 0, 0, 0, 0, 0, 0, 0, 0, 0.0016586428818117379, 0, 0, 0, 0, 0, 0, 0, 0, 0, -0.0019392983440637646, -0.0006843855921583757, 0, 0, -0.0013753970437943542, 0, 0.004508215681899797, 0.003579184667814721, 0, 0, 0, 0.0008689640456416862, 0, -0.003866345114274698, -0.0020600100448779344, 0, 0, 0, 0, -0.0013146834354385076, 0, 0, 0, -0.008989672636305653, 0, 0, 0, 0, 0, 0, 0, 0, 0, 0, 0, 0, 0, 0.005137429972167239, 0.00308725064150304, 0, 0, 0, 0, 0, 0, 0, 0, -0.0005365371059744931, 0, -0.0010148923897672522, 0, 0, 0, 0, 0, 0, 0, 0, 0, 0, 0, 0, 0, 0, 0, 0, 0, 0, 0, 0, 0, 0, 0, 0, 0, 0, 0, 0, 0, 0, 0, 0, 0, 0, 0, 0, 0, 0, 0, 0, 0, 0, -0.004173737961997287, 0, 0, 0, 0, 0.0032282684876183236, 0.004100652547158596, 0, 0, -0.0042917634258329415, 0, 0, 0, 0, 0, 0, 0, 0, 0, 0, 0, 0, -0.0029271780520658958, 0, 0, 0, 0, 0, -0.0005880819171798145, 0, 0, 0, 0, 0, -0.0034148880711575096, -0.004916092701429146, 0, 0, 0, 0, 0.0031170474869335195, -0.0005570016998552832, 0, 0, 0, 0, 0, 0, 0, 0, 0, 0, 0, 0, -0.004768995792575712, 0, 0, 0, 0, 0, 0, 0, 0, 0, 0, -0.0006457928043599159, 0.0064033612382078525, 0, 0.0004095256446160651, -0.0080661938508946, 0, 0, 0, 0, 0, 0, 0.0019911598563708693, 0.00409071588923681, 0, 0, 0, 0, 0, -0.0025241195966907476, 0, 0, 0, 0, -0.0024875915624531903, 0, 0, 0, 0, 0, 0.004167427831866005, 0, 0, 0, 0, 0, -0.004824156504073916, 0, 0.0019253981026184307, 0, 0, 0, 0, 0, -0.004391782896140067, 0, 0.0003769542826810712, 0, 0, -0.0007601461304340831, 0, 0, 0, 0, 0, 0, 0, 0, 0.0012065519770718188, 0.0039209136873155125, 0, 0, 0, -0.005517543936262805, 0, 0, 0, 0, 0, 0, 0, 0, 0, 0, 0, 0, 0, 0, 0, 0, 0, 0, 0, 0, 0.0044684628445845545, 0, 0, 0, -0.005045943456639557, 0, 0, 0, -0.004613407734048721, 0, 0, 0, 0, 0, 0.0017781842728091671, 0, 0, 0.0037909376868484664, 0, 0, 0, 0, 0, 0, 0, 0, 0, 0, 0, 0, 0, 0, 0, 0, 0, 0, 0, -0.004821144145212265, 0, 0, 0, 0, 0, 0, -0.005385712859621343, 0, 0, 0, 0, 0, 0, 0, 0, 0, -0.0007469443844331723, 0, 0.008374027368856722, 0, 0, 0, 0, 0, 0, 0, 0, 0, 0, 0, 0, 0, 0, 0, 0, 0, 0, 0, 0, 0, 0, 0, 0, 0, 0.00045361856624490885, -0.001429573012132701, 0, 0, 0, 0, 0, 0, -0.003906075876307545, 0, 0, 0, 0, 0, 0, 0, 0, 0, 0, 0.0040346913946684325, 0, 0, 0, 0, 0, 0.0007895863133189184, -0.0037749985673691143, 0, 0.0028339647160139747, 0, 0.0018357255894881138, 0, 0, -0.0031491384663801555, 0, 0, 0, 0.0017771425271167597, 0, 0, 0, 0, 0, 0, 0, 0, 0, 0, 0, 0, 0, 0, 0, 0, 0.00027918075314430237, 0, 0, 0, 0, 0, 0.003429702605057297, 0.003581256946464729, 0, 0, 0, 0, 0, 0.004862271159421057, 0, 0, 0, 0, -0.004431826891159153, 0, 0, 0, 0.0032078351532101907, 0, 0, -0.0009091534061447333, 0, 0, 0, 0, 0, 0, 0.001553418576802497, 0, 0, 0, 0, 0, -0.0011794691135023367, 0, 0, 0, 0, 0, 0, 0, 0, 0, 0, 0, 0, -0.005519654304432554, 0, 0, 0, 0, 0, 0, 0, 0, 0, 0, 0, 0, -0.004146896040194711, 0, 0, 0, 0, 0, 0, 0, 0, 0, 0, 0, 0, 0, 0.003351459300581946, 0, 0.0014812237923170933, 0, 0, 0, 0, 0.0040392420875629605, 0.0008058750017147414, 0, 0, 0, 0, 0, 0, 0, 0, 0, 0, 0, -0.0027866089399383046, 0, 0, 0, 0, 0, 0.0019046839288393747, 0, 0, 0, 0, -0.003003897391102747, 0, 0, 0, 0, 0, 0, 0.0036727413962125465, 0, 0, 0, -0.004463197344830652, 0, 0, 0, 0.004972975144392584, 0, 0, 0, 0.0038359832672127873, 0, 0.00243429464912861, 0, 0, 0, 0, 0, 0, 0, 0.0004384150073556075, 0.007624315434587212, 0, 0, 0, 0, 0, 0, 0, 0, -0.004230624073506304, 0, -0.005405488229033715, 0, 0, 0, 0, 0, 0, 0, 0, 0, 0, 0, -0.0004428321187803048, 0, 0, 0, 0, 0, 0, 0, 0, 0, 0, 0, -8.687498581451342e-05, 0, 0, 0, 0, 0, 0, -0.005077798257790304, 0, 0, 0, 0, 0.0008572959015789836, 0, 0, 0, 0, 0, 0, -0.004292141803521867, 0, 8.470319445441205e-05, -0.001206401851991989, 0, 0, 0.004600205517004633, 0, 0, -0.0004125796970179271, 0, -0.003019470075046504, 0, 0, 0, 0.002342230073555617, 0, 0, 0.003612026020128383, 0, 0, -0.0037575146249427885, 0, 0, 0, 0, 0.0003079685232050755, 0.0043432036582773895, 0, 0, 0, 0, 0, 0, 0, 0, 0, -0.0045272701489708, 0, 0, 0, 0, 0.000565168492660299, 0, 0, 0.00022967138425758612, 0, 0, 0, 0, 0, 0, 0, 0, 0, 0.004010459013484749, 0, 0, 0, 0, 0, 0, 0, 0, 0, 0, 0.005113026124064961, -0.002152933044731417, 0.004943418796015547, 0, 0, 0, 0, 0, 0]
Start Date: 2022-08-12
End Date: 2025-11-06
Sharpe Ratio: -0.033
Annualized Sharpe: -0.522
Sharpe 95% CI: (np.float64(-1.482), np.float64(0.435))
Sortino Ratio: -0.026
CAGR: -0.013
Calmar Ratio: -0.144
Daily Win Rate (%): 0.475
Max Drawdown: 0.089
Profit Factor: 0.85
Expectancy: -0.000256
Average Win: 0.003054
Average Loss: 0.003249
Total Trades: 198
Total Days: 1014



Rolling 1 - Variant 1 - atr_0.5_2 - Fit Metrics
Contracts: [9, 9, 14, 13, 9, 10, 8, 10, 11, 8, 8, 8, 9, 5, 7, 9, 10, 10, 9, 7, 8, 7, 8, 8, 6, 6, 6, 6, 6, 6, 8, 10, 10, 10, 7, 7, 7, 7, 10, 5, 5, 6, 6, 6, 6, 6, 8, 8, 8, 6, 6, 7, 7, 6, 6, 7, 6, 7, 7, 8, 6, 9, 5, 6, 7, 8, 9, 9, 9, 5, 12, 6, 5, 7, 7, 11, 6, 11, 10, 12, 10, 9, 9, 9, 12, 7, 15, 10, 9, 10, 8, 9, 9, 11, 10, 10, 9, 8, 8, 8, 10, 12, 10, 12, 12, 9, 10, 13, 8, 10, 11, 9, 13, 10, 9, 10, 14, 8, 10, 7, 10, 10, 11, 13, 12, 10, 10, 10, 10, 13, 11, 11, 6, 11, 8, 12, 10, 10, 16, 15, 15, 13, 17, 15, 10, 13, 13, 13, 12, 12, 12, 13, 12, 13, 11, 10, 12, 11, 20, 18, 14, 11, 8, 14, 15, 15, 20, 19, 11, 11, 18, 14, 15, 9, 9, 10, 15, 15, 15, 6, 8, 7, 6, 6, 8, 8, 10, 6, 11, 7, 7, 8, 10, 8, 5, 10, 11, 10, 10, 11, 8, 11, 12, 12, 4, 4, 5, 8, 8, 7, 9, 6, 8, 9, 7, 9, 9, 9, 9, 9, 9, 8, 9, 9, 9, 9, 4, 9, 10, 10, 13, 6, 6, 9, 9, 9, 9, 11, 11, 12, 11, 12, 10, 18, 12, 11]
Trade Returns: [-0.0027386999999999646, 0.0007508563703413546, 0.00818107953015706, -0.004779511991404278, -0.004188507838658888, -0.004066046257561454, 0.0011971648224979221, -0.0005461095340340102, 0.0032731143322626967, -0.004016906292365887, 0.0011189392223477453, 0.0017257440529740932, 0.006400441678475644, 0.0030031091496596357, 0.00036176121755111844, 0.0041866069329644295, -0.004347285235945951, -0.0007097363178422764, -0.004601488153661929, -0.0016924845725521725, -0.004216248874672017, -0.003748845012031187, 0.001176851613484996, 0.0036462105758712083, 0.001556640078000795, 0.0008394116142936703, -0.0027699303129419535, 0.001406453043182366, -0.00021410455675081516, 0.00035059222803188205, 0.007894191775838113, 0.005620647517613369, 0.0013189578480329687, 0.009228454662286842, 0.00018485090265719952, 0.0030565054034894326, -0.0019095369680511413, -0.0008000738424316147, -0.0013403100796692269, 0.0020064049143846256, 0.00828935369859013, 0.0037331697758616524, -0.00017041997351170657, 0.0038289947407798204, 0.002764012541259073, -0.004247140850622057, -0.00037183390119668397, -3.32878359256221e-05]
Daily Returns: [-0.0027386999999999646, 0, 0, 0, 0.0007508563703413546, 0, 0, 0, 0, 0, 0.0034015675387527814, 0, -0.004188507838658888, 0, -0.0028688814350635323, 0, 0, 0, -0.0005461095340340102, 0, 0.0032731143322626967, 0, 0, 0, 0, 0, 0, 0, 0, 0, 0, 0, 0, 0, 0, 0, 0, 0, 0, 0, 0, -0.004016906292365887, 0.0011189392223477453, 0, 0, 0, 0, 0, 0, 0, 0, 0, 0, 0.0017257440529740932, 0, 0, 0.006400441678475644, 0, 0, 0, 0, 0, 0, 0, 0, 0, 0, 0, 0, 0, 0, 0, 0.0030031091496596357, 0, 0, 0, 0, 0, 0, 0, 0, 0.00036176121755111844, 0, 0, -0.0008704146208237982, 0, 0, -0.004601488153661929, 0, 0, 0, 0, -0.0016924845725521725, 0, 0, 0, 0, 0, 0, 0, 0, -0.004216248874672017, 0, 0, 0, 0, 0, -0.003748845012031187, 0.004823062189356204, 0, 0, 0, 0, 0, 0, 0, 0, 0, 0, 0.001556640078000795, -0.0019305186986482833, 0, 0.001406453043182366, 0.0001364876712810669, 0, 0, 0, 0, 0, 0, 0, 0, 0, 0, 0, 0, 0, 0, 0, 0, 0, 0, 0.007894191775838113, 0, 0, 0, 0, 0.005620647517613369, 0.0013189578480329687, 0.009228454662286842, 0, 0, 0, 0, 0, 0, 0, 0, 0, 0, 0, 0.00018485090265719952, 0.0003468945930066766, 0, 0, 0, 0, 0, 0, 0, 0, 0, 0, 0, 0, 0, 0, 0, 0, 0, 0, 0, 0, 0, 0, 0, -0.0013403100796692269, 0, 0.0020064049143846256, 0, 0, 0.011852103500940075, 0.0038289947407798204, 0, 0, 0, 0.002764012541259073, 0, -0.0046189747518187415, 0, 0, -3.32878359256221e-05, 0, 0]
Start Date: 2021-12-17
End Date: 2022-08-11
Sharpe Ratio: 0.103
Annualized Sharpe: 1.639
Sharpe 95% CI: (np.float64(-0.44), np.float64(3.398))
Sortino Ratio: 0.109
CAGR: 0.045
Calmar Ratio: 2.963
Daily Win Rate (%): 0.562
Max Drawdown: 0.015
Profit Factor: 1.691
Expectancy: 0.000742
Average Win: 0.003226
Average Loss: 0.002453
Total Trades: 48
Total Days: 204

Rolling 1 - Variant 1 - atr_0.5_2 - Test Metrics
Contracts: [9, 9, 14, 13, 9, 10, 8, 10, 11, 8, 8, 8, 9, 5, 7, 9, 10, 10, 9, 7, 8, 7, 8, 8, 6, 6, 6, 6, 6, 6, 8, 10, 10, 10, 7, 7, 7, 7, 10, 5, 5, 6, 6, 6, 6, 6, 8, 8, 8, 6, 6, 7, 7, 6, 6, 7, 6, 7, 7, 8, 6, 9, 5, 6, 7, 8, 9, 9, 9, 5, 12, 6, 5, 7, 7, 11, 6, 11, 10, 12, 10, 9, 9, 9, 12, 7, 15, 10, 9, 10, 8, 9, 9, 11, 10, 10, 9, 8, 8, 8, 10, 12, 10, 12, 12, 9, 10, 13, 8, 10, 11, 9, 13, 10, 9, 10, 14, 8, 10, 7, 10, 10, 11, 13, 12, 10, 10, 10, 10, 13, 11, 11, 6, 11, 8, 12, 10, 10, 16, 15, 15, 13, 17, 15, 10, 13, 13, 13, 12, 12, 12, 13, 12, 13, 11, 10, 12, 11, 20, 18, 14, 11, 8, 14, 15, 15, 20, 19, 11, 11, 18, 14, 15, 9, 9, 10, 15, 15, 15, 6, 8, 7, 6, 6, 8, 8, 10, 6, 11, 7, 7, 8, 10, 8, 5, 10, 11, 10, 10, 11, 8, 11, 12, 12, 4, 4, 5, 8, 8, 7, 9, 6, 8, 9, 7, 9, 9, 9, 9, 9, 9, 8, 9, 9, 9, 9, 4, 9, 10, 10, 13, 6, 6, 9, 9, 9, 9, 11, 11, 12, 11, 12, 10, 18, 12, 11]
Trade Returns: [-0.00242927134370841, -0.0019845629779767114, -0.0037156558722147145, 0.002312569880323374, 0.008297071252503684, 0.003478091464117585, -0.00045380135532385453, 0.010086545943752422, 0.009155433908039601, 9.564148333745083e-05, -0.0038574372458691705, 0.00029629637375115257, -0.005397956148342631, -0.004446764021924663, -0.0009452381379654488, -0.0035538368955542856, -0.0038672807562072963, -0.002247042676845399, 0.0015906733365673726, -0.0006874457755712412, -0.00521512627830812, -0.003245550893173861, -0.0021419911795828995, 0.0037256278310515687, -0.0036641907605467886, 0.001958171010751048, -0.004261841373828624, -0.0036298580497540435, -0.00436493800671394, 0.0065609366556335065, 0.006146879597580426, -0.005188783157169637, 0.0013012508249132697, -0.0016841592176336274, -0.004847927229710458, -0.0055344294281008555, -0.0014921021746853737, -0.005397684302552423, -0.0018872048170704343, -0.0032172102604888743, 0.005617968770859773, -0.004626529533607306, 0.0006363322938640765, 0.0025926359649667535, -0.004685181591918849, 0.004088215620824595, -0.003994093629905291, 0.003070029131027422, 0.003959174655451656, -0.0020230939395190087, -0.005925361638331659, 0.004392873529478355, -0.004153238973364875, -0.002753290244881383, 0.0005839653353359903, -0.00219845762468385, -0.005964060188294026, -0.0014055122433295076, 0.010139182392750296, -0.004718007060280067, 0.0015924042919222166, -0.003951240356875137, -3.904686797077223e-05, 0.0004626912879178355, -0.005344206410409148, 0.0006537960647259617, 0.008616214065391271, -0.004971812885286159, 0.0074519794531918305, 0.001642309738016938, -0.0019202940312571743, -0.004288774346249492, 0.003221178419460461, -0.00136187155009391, 0.004315094886360752, 0.0035452928004744925, 0.0009565891927713172, -0.004255849477491928, -0.002039793468905982, -0.0013028686436848986, -0.004196235326570123, -0.004712800715898418, -0.0026858666717827096, 0.0033652881788585826, -0.0005357101546062891, -0.0010133297463133328, -0.004167301634923572, 0.0039045475675555967, 0.00021009859180907143, 0.006830524535667047, -0.00426972184786093, -0.002912080228873235, -0.0005871712401776294, -0.003397223291936041, -0.00489057569569597, 0.0064595290874831365, -0.0005522562004996733, -0.004728342825753996, -0.0006402479609169799, 0.002716271545001765, 0.0014814945512193836, 0.0004069002375141579, -0.003914234814834493, -0.004472907271346686, 0.007805540568637167, -0.001804132255086947, 0.005584747754024594, -0.002495057412985009, -0.00246628552212482, 0.008581369310763262, -0.005026897285516925, 0.0018952393443473642, -0.004755433852282075, 0.0003726032540547532, -0.0007485353986073907, 0.0011881088844470362, 0.003372739437437766, -0.005824577597865558, 0.0005504940684265977, -0.004992627795301723, -0.0050208594426342555, 0.001936024280262407, 0.008255810973973909, -0.004750021561083697, -0.005305882436792045, -0.0007358136466625218, 0.0026565138179229595, 0.002803815047666747, 0.002050213767878264, -0.0016021004566142685, -0.0014123569075140772, -0.003858969137414014, 0.00491384087434334, 0.0007782932311453379, -0.003721048524915994, 0.004188805825830339, 0.0018093925005159379, -0.003104046341374057, 0.0017516166089885522, 0.0003025124940747932, 0.004075364090486606, 0.006414675526704679, -0.005144966927294802, -0.004350448548518331, 0.0038148588814895423, -0.0009013628603388815, 0.0015400953063713645, 0.008823257033049243, -0.005486571446417545, 0.00854902116951854, -0.0048572660729872125, -0.004770644241533934, -0.004074950157603988, 0.0032715637344984155, -0.005058483730268108, 0.01328211099352312, 0.0008402539134727768, 0.0007891433114950599, -0.002728798593535491, 0.006246801073970326, -0.003064940368430826, -0.002937673785955926, 0.003722302051024576, -0.004385175292966381, 0.00018813446625690235, 0.005018929914796818, 0.0023887378722469515, -0.00020805200367404977, 0.0006382792881156279, 0.0005250941865140725, 0.0033427879335303583, -3.8646072304566816e-05, -0.00416742095580374, -0.005324395360874603, 0.006826041664759613, -0.0037724424073868486, -9.591859556980476e-05, -0.0050012136115036784, 0.0008413761895690996, -0.004212505100870424, 8.312495705946933e-05, -0.0011839253648583434, -0.0010461946597439724, -0.00040717233871462717, -0.002979880130471197, 0.0023114280112956345, -0.000668626442006846, -0.004189611007289363, 0.0003053621720038794, 0.008801717188951062, -0.004469127858118122, 0.0005578776296334113, 0.0051244475837218875, -0.003845438479344608, 0.003700757903947382, 0.0035637874939194927, -0.0023202422766017434, 0.00995560335630149]
Daily Returns: [0, 0, 0, 0, 0, 0, -0.00242927134370841, 0, 0, 0, 0, 0, -0.0019845629779767114, 0, -0.0037156558722147145, 0.002312569880323374, 0, 0, 0.008297071252503684, 0, 0, 0, 0, 0.003478091464117585, 0, 0, 0, 0, 0, 0, 0, 0, 0, 0, 0, 0, 0, 0, 0, 0, 0, 0, 0, 0, 0, 0, 0, -0.00045380135532385453, 0, 0, 0, 0, 0, 0.010086545943752422, 0, 0, 0, 0, 0, 0, 0.009251075391377052, 0, 0, 0, -0.0038574372458691705, 0, 0.00029629637375115257, 0, 0, 0, 0, -0.005397956148342631, 0, 0, 0, 0, 0, 0, 0, 0, 0, 0, 0, 0, 0, 0, 0, 0, -0.004446764021924663, 0, 0, 0, 0, 0, -0.0009452381379654488, 0, 0, 0, 0, 0, -0.0035538368955542856, -0.0038672807562072963, 0, 0, 0, 0, 0, 0, 0, 0, 0, 0, 0, 0, -0.002247042676845399, 0, 0, 0.0015906733365673726, 0, -0.0006874457755712412, 0, 0, 0, -0.00521512627830812, 0, 0, 0, 0, -0.003245550893173861, 0, 0, 0, 0, 0, 0, 0, -0.0021419911795828995, 0, 0.0037256278310515687, 0, -0.0036641907605467886, 0, 0, 0, 0.001958171010751048, 0, 0, 0, 0, 0, -0.004261841373828624, 0, -0.0036298580497540435, 0, 0, 0, 0, 0, 0, -0.00436493800671394, 0, 0.0065609366556335065, 0.006146879597580426, 0, 0, 0, 0, 0, 0, 0, 0, 0, -0.005188783157169637, 0.0013012508249132697, 0, 0, -0.0016841592176336274, -0.004847927229710458, 0, 0, -0.0055344294281008555, 0, 0, 0, 0, 0, 0, 0, 0, 0, 0, 0, 0, -0.0014921021746853737, 0, 0, 0, 0, 0, 0, -0.007284889119622858, 0, 0, 0, -0.0032172102604888743, 0, 0.005617968770859773, 0, -0.004626529533607306, 0, 0, 0, 0.0006363322938640765, 0, 0, 0, 0.0025926359649667535, 0, -0.004685181591918849, 0, 0, 0, 0.004088215620824595, 0, 0, 0, -0.003994093629905291, 0.003070029131027422, 0, 0, 0.0019360807159326471, 0, 0, 0, 0, 0, 0, 0, 0, -0.005925361638331659, 0, 0, 0, 0, 0, 0, 0, 0, 0, 0, 0.004392873529478355, 0, -0.004153238973364875, 0, 0, 0, 0, -0.002753290244881383, 0, 0, 0, 0, 0, 0, 0, 0, 0, 0, 0, 0, 0, 0, 0, 0, 0.0005839653353359903, 0, 0, 0, 0, -0.00219845762468385, 0, 0, -0.007369572431623534, 0, 0, 0, 0, 0, 0, 0, 0, 0, 0, 0.010139182392750296, 0, 0, 0, 0, 0, -0.004718007060280067, 0, 0, 0, 0, 0, 0, 0, 0, 0.0015924042919222166, 0, 0, -0.00399028722484591, 0, 0, 0.0004626912879178355, 0, 0, 0, 0, 0, 0, -0.005344206410409148, 0, 0, 0, 0, 0, 0.0006537960647259617, 0, 0, 0.0036444011801051116, 0, 0, 0, 0, 0, 0, 0, 0, 0.0074519794531918305, 0, 0, 0, 0, 0, 0, 0, 0, 0, 0, 0, 0, 0, 0, 0, 0, 0, 0, 0, 0, 0.001642309738016938, 0, 0, 0, 0, 0, 0, 0, 0, 0, -0.0019202940312571743, -0.0010675959267890311, 0, 0, -0.00136187155009391, 0, 0.004315094886360752, 0.0035452928004744925, 0, 0, 0, 0.0009565891927713172, 0, -0.004255849477491928, -0.002039793468905982, 0, 0, 0, 0, -0.0013028686436848986, 0, 0, 0, -0.008909036042468541, 0, 0, 0, 0, 0, 0, 0, 0, 0, 0, 0, 0, 0, -0.0026858666717827096, 0.0033652881788585826, 0, 0, 0, 0, 0, 0, 0, 0, -0.0005357101546062891, 0, -0.0010133297463133328, 0, 0, 0, 0, 0, 0, 0, 0, 0, 0, 0, 0, 0, 0, 0, 0, 0, 0, 0, 0, 0, 0, 0, 0, 0, 0, 0, 0, 0, 0, 0, 0, 0, 0, 0, 0, 0, 0, 0, 0, 0, 0, -0.004167301634923572, 0, 0, 0, 0, 0.004114646159364668, 0.006830524535667047, 0, 0, -0.00426972184786093, 0, 0, 0, 0, 0, 0, 0, 0, 0, 0, 0, 0, -0.002912080228873235, 0, 0, 0, 0, 0, -0.0005871712401776294, 0, 0, 0, 0, 0, -0.003397223291936041, -0.00489057569569597, 0, 0, 0, 0, 0.0064595290874831365, -0.0005522562004996733, 0, 0, 0, 0, 0, 0, 0, 0, 0, 0, 0, 0, -0.004728342825753996, 0, 0, 0, 0, 0, 0, 0, 0, 0, 0, -0.0006402479609169799, 0.004197766096221149, 0, 0.0004069002375141579, -0.00838714208618118, 0, 0, 0, 0, 0, 0, 0.006001408313550219, 0.005584747754024594, 0, 0, 0, 0, 0, -0.002495057412985009, 0, 0, 0, 0, -0.00246628552212482, 0, 0, 0, 0, 0, 0.008581369310763262, 0, 0, 0, 0, 0, -0.005026897285516925, 0, 0.0018952393443473642, 0, 0, 0, 0, 0, -0.004755433852282075, 0, 0.0003726032540547532, 0, 0, -0.0007485353986073907, 0, 0, 0, 0, 0, 0, 0, 0, 0.0011881088844470362, 0.003372739437437766, 0, 0, 0, -0.005824577597865558, 0, 0, 0, 0, 0, 0, 0, 0, 0, 0, 0, 0, 0, 0, 0, 0, 0, 0, 0, 0, 0.0005504940684265977, 0, 0, 0, -0.004992627795301723, 0, 0, 0, -0.0050208594426342555, 0, 0, 0, 0, 0, 0.001936024280262407, 0, 0, 0.008255810973973909, 0, 0, 0, 0, 0, 0, 0, 0, 0, 0, 0, 0, 0, 0, 0, 0, 0, 0, 0, -0.004750021561083697, 0, 0, 0, 0, 0, 0, -0.005305882436792045, 0, 0, 0, 0, 0, 0, 0, 0, 0, -0.0007358136466625218, 0, 0.005460328865589706, 0, 0, 0, 0, 0, 0, 0, 0, 0, 0, 0, 0, 0, 0, 0, 0, 0, 0, 0, 0, 0, 0, 0, 0, 0, 0.00044811331126399546, -0.0014123569075140772, 0, 0, 0, 0, 0, 0, -0.003858969137414014, 0, 0, 0, 0, 0, 0, 0, 0, 0, 0, 0.00491384087434334, 0, 0, 0, 0, 0, 0.0007782932311453379, -0.003721048524915994, 0, 0.004188805825830339, 0, 0.0018093925005159379, 0, 0, -0.003104046341374057, 0, 0, 0, 0.0017516166089885522, 0, 0, 0, 0, 0, 0, 0, 0, 0, 0, 0, 0, 0, 0, 0, 0, 0.0003025124940747932, 0, 0, 0, 0, 0, 0.004075364090486606, 0.006414675526704679, 0, 0, 0, 0, 0, -0.005144966927294802, 0, 0, 0, 0, -0.004350448548518331, 0, 0, 0, 0.0038148588814895423, 0, 0, -0.0009013628603388815, 0, 0, 0, 0, 0, 0, 0.0015400953063713645, 0, 0, 0, 0, 0, 0.003336685586631698, 0, 0, 0, 0, 0, 0, 0, 0, 0, 0, 0, 0, -0.0010788891450026058, 0, 0, 0, 0, 0, 0, 0, 0, 0, 0, 0, 0, -0.004074950157603988, 0, 0, 0, 0, 0, 0, 0, 0, 0, 0, 0, 0, 0, 0.0032715637344984155, 0, 0.008223627263255012, 0, 0, 0, 0, 0.0008402539134727768, 0.0007891433114950599, 0, 0, 0, 0, 0, 0, 0, 0, 0, 0, 0, -0.002728798593535491, 0, 0, 0, 0, 0, 0.0031818607055395, 0, 0, 0, 0, -0.002937673785955926, 0, 0, 0, 0, 0, 0, 0.003722302051024576, 0, 0, 0, -0.004385175292966381, 0, 0, 0, 0.00018813446625690235, 0, 0, 0, 0.005018929914796818, 0, 0.0023887378722469515, 0, 0, 0, 0, 0, 0, 0, 0.0004302272844415781, 0.003829236047739864, 0, 0, 0, 0, 0, 0, 0, 0, -0.00416742095580374, 0, -0.005324395360874603, 0, 0, 0, 0, 0, 0, 0, 0, 0, 0, 0, 0.0030535992573727648, 0, 0, 0, 0, 0, 0, 0, 0, 0, 0, 0, -9.591859556980476e-05, 0, 0, 0, 0, 0, 0, -0.0050012136115036784, 0, 0, 0, 0, 0.0008413761895690996, 0, 0, 0, 0, 0, 0, -0.004212505100870424, 0, 8.312495705946933e-05, -0.0011839253648583434, 0, 0, -0.0010461946597439724, 0, 0, -0.00040717233871462717, 0, -0.002979880130471197, 0, 0, 0, 0.0023114280112956345, 0, 0, -0.000668626442006846, 0, 0, -0.004189611007289363, 0, 0, 0, 0, 0.0003053621720038794, 0.008801717188951062, 0, 0, 0, 0, 0, 0, 0, 0, 0, -0.004469127858118122, 0, 0, 0, 0, 0.0005578776296334113, 0, 0, 0.0012790091043772796, 0, 0, 0, 0, 0, 0, 0, 0, 0, 0.003700757903947382, 0, 0, 0, 0, 0, 0, 0, 0, 0, 0, 0.0035637874939194927, -0.0023202422766017434, 0.00995560335630149, 0, 0, 0, 0, 0, 0]
Start Date: 2022-08-12
End Date: 2025-11-06
Sharpe Ratio: -0.02
Annualized Sharpe: -0.311
Sharpe 95% CI: (np.float64(-1.304), np.float64(0.63))
Sortino Ratio: -0.018
CAGR: -0.009
Calmar Ratio: -0.101
Daily Win Rate (%): 0.444
Max Drawdown: 0.087
Profit Factor: 0.905
Expectancy: -0.000172
Average Win: 0.003685
Average Loss: 0.003257
Total Trades: 198
Total Days: 1014



Rolling 1 - Variant 2 - atr_0.25_3 - Fit Metrics
Contracts: [9, 9, 14, 13, 9, 10, 9, 10, 11, 8, 8, 8, 9, 5, 7, 9, 10, 10, 9, 7, 8, 7, 8, 8, 6, 6, 6, 6, 6, 6, 8, 10, 10, 10, 7, 7, 7, 7, 10, 5, 5, 6, 6, 6, 6, 6, 7, 8, 8, 6, 6, 7, 7, 6, 5, 7, 6, 7, 6, 8, 6, 9, 5, 6, 6, 8, 9, 9, 9, 5, 11, 6, 5, 7, 7, 10, 6, 10, 10, 12, 10, 9, 9, 9, 12, 7, 15, 10, 9, 10, 8, 9, 9, 11, 10, 10, 9, 8, 8, 8, 10, 12, 10, 12, 13, 9, 10, 13, 8, 10, 11, 9, 13, 10, 9, 10, 14, 8, 10, 7, 10, 10, 11, 13, 12, 10, 10, 10, 10, 14, 11, 11, 6, 11, 8, 12, 10, 10, 16, 15, 15, 13, 17, 16, 10, 13, 13, 13, 12, 12, 13, 13, 12, 13, 11, 10, 12, 11, 21, 18, 14, 11, 8, 14, 15, 15, 20, 19, 11, 11, 18, 15, 15, 10, 9, 10, 15, 15, 15, 7, 8, 7, 6, 6, 8, 8, 10, 7, 11, 7, 8, 8, 10, 8, 5, 11, 11, 10, 10, 12, 8, 11, 12, 12, 4, 4, 5, 8, 8, 7, 9, 6, 8, 9, 7, 9, 10, 10, 9, 9, 9, 8, 9, 10, 9, 9, 4, 9, 10, 10, 13, 6, 6, 9, 10, 9, 10, 12, 11, 12, 12, 12, 10, 18, 12, 12]
Trade Returns: [-0.0023168250000000002, 0.0007505388672109267, 0.006074324692976705, -0.002522681070827729, -0.0021923188742630742, -0.0023707935853328347, 0.001196451664495363, -0.0005437671330771257, -0.002423910776276921, -0.0021162935086604354, 0.0011204998899939224, -0.0021207817052164707, -0.002164255297240465, 0.003038998000531674, 0.0003660713699246264, 0.004236505246703369, -0.002268004077945035, -0.0007181892754778268, -0.0023850462027794556, -0.0016831675637398117, -0.0022296070963346124, -0.001955265683536017, -0.0022896362494189515, 0.006414805610242966, -0.002315737843398171, -0.0025107835322826185, -0.002745281058549465, 0.0014228667561856502, -0.00021659966852032608, 0.0003546788122829888, 0.005955516688742467, 0.006832581466762814, 0.0013352887494252315, 0.006964876927561227, 0.0001875572818978624, 0.0031012469300896223, -0.002175849485291655, -0.000811965870321496, -0.002185486432086224, 0.002038113725248033, 0.0062899546831670875, 0.003799582448993135, -0.0001734402500065156, 0.0038968660629904416, 0.004987522102752372, -0.0019763497232122566, -0.0003767030433201723, -3.3723902362353e-05]
Daily Returns: [-0.0023168250000000002, 0, 0, 0, 0.0007505388672109267, 0, 0, 0, 0, 0, 0.0035516436221489766, 0, -0.0021923188742630742, 0, -0.0011743419208374716, 0, 0, 0, -0.0005437671330771257, 0, -0.002423910776276921, 0, 0, 0, 0, 0, 0, 0, 0, 0, 0, 0, 0, 0, 0, 0, 0, 0, 0, 0, 0, -0.0021162935086604354, 0.0011204998899939224, 0, 0, 0, 0, 0, 0, 0, 0, 0, 0, -0.0021207817052164707, 0, 0, -0.002164255297240465, 0, 0, 0, 0, 0, 0, 0, 0, 0, 0, 0, 0, 0, 0, 0, 0.003038998000531674, 0, 0, 0, 0, 0, 0, 0, 0, 0.0003660713699246264, 0, 0, 0.0012503118932805073, 0, 0, -0.0023850462027794556, 0, 0, 0, 0, -0.0016831675637398117, 0, 0, 0, 0, 0, 0, 0, 0, -0.0022296070963346124, 0, 0, 0, 0, 0, -0.001955265683536017, 0.0041251693608240145, 0, 0, 0, 0, 0, 0, 0, 0, 0, 0, -0.002315737843398171, -0.005256064590832084, 0, 0.0014228667561856502, 0.0001380791437626627, 0, 0, 0, 0, 0, 0, 0, 0, 0, 0, 0, 0, 0, 0, 0, 0, 0, 0, 0.005955516688742467, 0, 0, 0, 0, 0.006832581466762814, 0.0013352887494252315, 0.006964876927561227, 0, 0, 0, 0, 0, 0, 0, 0, 0, 0, 0, 0.0001875572818978624, 0.00011343157447647127, 0, 0, 0, 0, 0, 0, 0, 0, 0, 0, 0, 0, 0, 0, 0, 0, 0, 0, 0, 0, 0, 0, 0, -0.002185486432086224, 0, 0.002038113725248033, 0, 0, 0.009916096882153707, 0.0038968660629904416, 0, 0, 0, 0.004987522102752372, 0, -0.002353052766532429, 0, 0, -3.3723902362353e-05, 0, 0]
Start Date: 2021-12-17
End Date: 2022-08-11
Sharpe Ratio: 0.078
Annualized Sharpe: 1.236
Sharpe 95% CI: (np.float64(-0.987), np.float64(2.977))
Sortino Ratio: 0.104
CAGR: 0.028
Calmar Ratio: 1.509
Daily Win Rate (%): 0.438
Max Drawdown: 0.019
Profit Factor: 1.471
Expectancy: 0.00047
Average Win: 0.003351
Average Loss: 0.001771
Total Trades: 48
Total Days: 204

Rolling 1 - Variant 2 - atr_0.25_3 - Test Metrics
Contracts: [9, 9, 14, 13, 9, 10, 9, 10, 11, 8, 8, 8, 9, 5, 7, 9, 10, 10, 9, 7, 8, 7, 8, 8, 6, 6, 6, 6, 6, 6, 8, 10, 10, 10, 7, 7, 7, 7, 10, 5, 5, 6, 6, 6, 6, 6, 7, 8, 8, 6, 6, 7, 7, 6, 5, 7, 6, 7, 6, 8, 6, 9, 5, 6, 6, 8, 9, 9, 9, 5, 11, 6, 5, 7, 7, 10, 6, 10, 10, 12, 10, 9, 9, 9, 12, 7, 15, 10, 9, 10, 8, 9, 9, 11, 10, 10, 9, 8, 8, 8, 10, 12, 10, 12, 13, 9, 10, 13, 8, 10, 11, 9, 13, 10, 9, 10, 14, 8, 10, 7, 10, 10, 11, 13, 12, 10, 10, 10, 10, 14, 11, 11, 6, 11, 8, 12, 10, 10, 16, 15, 15, 13, 17, 16, 10, 13, 13, 13, 12, 12, 13, 13, 12, 13, 11, 10, 12, 11, 21, 18, 14, 11, 8, 14, 15, 15, 20, 19, 11, 11, 18, 15, 15, 10, 9, 10, 15, 15, 15, 7, 8, 7, 6, 6, 8, 8, 10, 7, 11, 7, 8, 8, 10, 8, 5, 11, 11, 10, 10, 12, 8, 11, 12, 12, 4, 4, 5, 8, 8, 7, 9, 6, 8, 9, 7, 9, 10, 10, 9, 9, 9, 8, 9, 10, 9, 9, 4, 9, 10, 10, 13, 6, 6, 9, 10, 9, 10, 12, 11, 12, 12, 12, 10, 18, 12, 12]
Trade Returns: [-0.0024964684302098672, -0.00201056137853064, -0.0019225161783290076, 0.0023387170215639994, 0.006328568724351625, 0.0035242051748595915, -0.00045994509465853916, 0.007555561486018649, 0.006994614580044112, -0.0025998631039371883, -0.0016769354298546923, 0.00030098160849808864, -0.002801484438179552, -0.002345082258273696, -0.000958157635823425, -0.0018591218921445388, -0.0017534232592048967, -0.0020017944122437234, 0.0016058943960319877, -0.002198219481845661, -0.0027512513816801355, -0.0016853846526139688, -0.0019113820483519298, 0.003771394120237857, -0.0019050404034904596, 0.001801941055429216, -0.0022160238094063416, -0.0018843916333325622, -0.00210256983627778, 0.006490358570863867, -0.0028392168786092547, -0.0027325321442493054, 0.001308560379488515, -0.0021627047739108535, -0.0025545450415824273, -0.002893782629541335, -0.0015041492208004925, -0.002812119990723016, -0.001892132189440114, -0.0017141868238509331, 0.004255457537903449, -0.002387718757192762, 0.0006364690302628752, 0.0025874782088637807, -0.0024870030058106703, 0.007703419450639341, -0.0020748695807599454, 0.003047073867065181, 0.003929660990685106, -0.0020327482815496525, -0.003088443768287034, -0.0025349316818561378, -0.00248429414012947, -0.002542387943403633, 0.0005785426723804721, -0.0016388589929944785, -0.00332935774940281, -0.0013924682973413581, 0.007353706613728517, -0.002396979869035104, -0.0023178245846320975, -0.0020744957814770814, -3.8763086923981164e-05, -0.0023238596496753454, -0.0027824110532970025, 0.000647376926878675, 0.006246611638382473, -0.0025515194343026463, 0.0071157556459832535, 0.0016283139902884707, -0.002245250217464408, -0.0022701268646395777, 0.003193772194015342, -0.0024992012605506487, 0.004296885133146478, -0.0024459134179408144, 0.0009525696462041401, -0.002186985494695024, -0.0019458172228757154, -0.001291760620272755, -0.0023797437635323247, -0.002440929603261362, -0.0028474618266728924, -0.0028393768095960276, -0.0005340482402528134, -0.0019357636661027253, -0.0021830289967089264, 0.004588429452021518, 0.00020919718760147756, 0.006397063849541686, -0.0022766513534536043, -0.002564860170404524, -0.0020659225961385747, -0.0018187458621015788, -0.0025974666519812343, 0.005199595478929841, -0.0005473916134362347, -0.0024739665022651012, -0.0006332841004328214, 0.0026867084321802602, 0.001465413598419157, 0.00043603081432586326, -0.0020666335511157104, -0.002291081204186249, 0.0057117977819114265, -0.002370357633635948, 0.005516353481097476, -0.0020499700687882524, -0.002644412659216525, 0.006402119531220004, -0.002729922948635809, -0.0023931528235483735, -0.0024394559660513597, -0.0022292916792570165, -0.0007423677589196423, 0.0011783120578613472, 0.0033449614654978976, -0.003038872798607865, 0.007236433990582987, -0.0026423441204878628, -0.002570763943252799, 0.0018929135830815015, 0.006147967947474873, -0.0026427553539078307, -0.0027437610676059408, -0.0007973281563643272, -0.0022069827710586654, 0.0027345626026839503, 0.002009460000620205, -0.0015703180676990476, -0.0013842945748699337, -0.0022985020513468283, 0.004808539051596117, 0.0007616622977162514, -0.0018805245185105842, 0.004231269641477559, 0.0017674927195787736, -0.0020579702251860518, -0.002139669900529758, -0.0024858282039100016, 0.005798184679842149, -0.002200281538242178, -0.002637474184474202, -0.0022051334526674423, 0.004360166687640195, -0.002065413088760636, -0.0014819915725595109, 0.006477069126220384, -0.0031268285040988936, -0.0025848702727241765, -0.0024630085504886707, -0.0024569570442804244, -0.002131997952396581, 0.0032581536903412006, -0.002638427794558641, 0.009840258118381337, 0.0008347904116482651, 0.00078401642107773, -0.002320158563892028, 0.006201547268743242, -0.002717790089786179, -0.002369850288258604, 0.003663674993361097, -0.002237093105732823, 0.008302919330905724, 0.005543548294144266, 0.002344965997302242, -0.00020424852186281904, -0.0024734925525273727, 0.005942513401813985, -0.0021632774061201565, -3.806169023017624e-05, -0.002112725510574717, -0.0027197363844700326, 0.004876757197258239, -0.0021790234328865734, -0.0020670320869842712, -0.0025121211147123897, 0.0008246339591403793, -0.0021809119829751685, 8.130636725032321e-05, -0.0011580258079137476, -0.0010232815664098322, -0.0017210110906622734, -0.0015373518878582639, 0.002260457588271148, -0.002187426630945743, -0.002141210493279594, 0.0003316491732132904, -0.0026354372034886604, -0.0023533650000604495, -0.002347550477453689, 0.005531248981451078, -0.0024151636380662033, 0.0036549330062663823, 0.00779144475864067, -0.003137159330533113, 0.007855794100694879]
Daily Returns: [0, 0, 0, 0, 0, 0, -0.0024964684302098672, 0, 0, 0, 0, 0, -0.00201056137853064, 0, -0.0019225161783290076, 0.0023387170215639994, 0, 0, 0.006328568724351625, 0, 0, 0, 0, 0.0035242051748595915, 0, 0, 0, 0, 0, 0, 0, 0, 0, 0, 0, 0, 0, 0, 0, 0, 0, 0, 0, 0, 0, 0, 0, -0.00045994509465853916, 0, 0, 0, 0, 0, 0.007555561486018649, 0, 0, 0, 0, 0, 0, 0.0043947514761069235, 0, 0, 0, -0.0016769354298546923, 0, 0.00030098160849808864, 0, 0, 0, 0, -0.002801484438179552, 0, 0, 0, 0, 0, 0, 0, 0, 0, 0, 0, 0, 0, 0, 0, 0, -0.002345082258273696, 0, 0, 0, 0, 0, -0.000958157635823425, 0, 0, 0, 0, 0, -0.0018591218921445388, -0.0017534232592048967, 0, 0, 0, 0, 0, 0, 0, 0, 0, 0, 0, 0, -0.0020017944122437234, 0, 0, 0.0016058943960319877, 0, -0.002198219481845661, 0, 0, 0, -0.0027512513816801355, 0, 0, 0, 0, -0.0016853846526139688, 0, 0, 0, 0, 0, 0, 0, -0.0019113820483519298, 0, 0.003771394120237857, 0, -0.0019050404034904596, 0, 0, 0, 0.001801941055429216, 0, 0, 0, 0, 0, -0.0022160238094063416, 0, -0.0018843916333325622, 0, 0, 0, 0, 0, 0, -0.00210256983627778, 0, 0.006490358570863867, -0.0028392168786092547, 0, 0, 0, 0, 0, 0, 0, 0, 0, -0.0027325321442493054, 0.001308560379488515, 0, 0, -0.0021627047739108535, -0.0025545450415824273, 0, 0, -0.002893782629541335, 0, 0, 0, 0, 0, 0, 0, 0, 0, 0, 0, 0, -0.0015041492208004925, 0, 0, 0, 0, 0, 0, -0.00470425218016313, 0, 0, 0, -0.0017141868238509331, 0, 0.004255457537903449, 0, -0.002387718757192762, 0, 0, 0, 0.0006364690302628752, 0, 0, 0, 0.0025874782088637807, 0, -0.0024870030058106703, 0, 0, 0, 0.007703419450639341, 0, 0, 0, -0.0020748695807599454, 0.003047073867065181, 0, 0, 0.0018969127091354532, 0, 0, 0, 0, 0, 0, 0, 0, -0.003088443768287034, 0, 0, 0, 0, 0, 0, 0, 0, 0, 0, -0.0025349316818561378, 0, -0.00248429414012947, 0, 0, 0, 0, -0.002542387943403633, 0, 0, 0, 0, 0, 0, 0, 0, 0, 0, 0, 0, 0, 0, 0, 0, 0.0005785426723804721, 0, 0, 0, 0, -0.0016388589929944785, 0, 0, -0.004721826046744168, 0, 0, 0, 0, 0, 0, 0, 0, 0, 0, 0.007353706613728517, 0, 0, 0, 0, 0, -0.002396979869035104, 0, 0, 0, 0, 0, 0, 0, 0, -0.0023178245846320975, 0, 0, -0.0021132588684010627, 0, 0, -0.0023238596496753454, 0, 0, 0, 0, 0, 0, -0.0027824110532970025, 0, 0, 0, 0, 0, 0.000647376926878675, 0, 0, 0.0036950922040798265, 0, 0, 0, 0, 0, 0, 0, 0, 0.0071157556459832535, 0, 0, 0, 0, 0, 0, 0, 0, 0, 0, 0, 0, 0, 0, 0, 0, 0, 0, 0, 0, 0.0016283139902884707, 0, 0, 0, 0, 0, 0, 0, 0, 0, -0.002245250217464408, 0.0009236453293757644, 0, 0, -0.0024992012605506487, 0, 0.004296885133146478, -0.0024459134179408144, 0, 0, 0, 0.0009525696462041401, 0, -0.002186985494695024, -0.0019458172228757154, 0, 0, 0, 0, -0.001291760620272755, 0, 0, 0, -0.004820673366793687, 0, 0, 0, 0, 0, 0, 0, 0, 0, 0, 0, 0, 0, -0.0028474618266728924, -0.0028393768095960276, 0, 0, 0, 0, 0, 0, 0, 0, -0.0005340482402528134, 0, -0.0019357636661027253, 0, 0, 0, 0, 0, 0, 0, 0, 0, 0, 0, 0, 0, 0, 0, 0, 0, 0, 0, 0, 0, 0, 0, 0, 0, 0, 0, 0, 0, 0, 0, 0, 0, 0, 0, 0, 0, 0, 0, 0, 0, 0, -0.0021830289967089264, 0, 0, 0, 0, 0.004797626639622995, 0.006397063849541686, 0, 0, -0.0022766513534536043, 0, 0, 0, 0, 0, 0, 0, 0, 0, 0, 0, 0, -0.002564860170404524, 0, 0, 0, 0, 0, -0.0020659225961385747, 0, 0, 0, 0, 0, -0.0018187458621015788, -0.0025974666519812343, 0, 0, 0, 0, 0.005199595478929841, -0.0005473916134362347, 0, 0, 0, 0, 0, 0, 0, 0, 0, 0, 0, 0, -0.0024739665022651012, 0, 0, 0, 0, 0, 0, 0, 0, 0, 0, -0.0006332841004328214, 0.004152122030599417, 0, 0.00043603081432586326, -0.004357714755301959, 0, 0, 0, 0, 0, 0, 0.0033414401482754785, 0.005516353481097476, 0, 0, 0, 0, 0, -0.0020499700687882524, 0, 0, 0, 0, -0.002644412659216525, 0, 0, 0, 0, 0, 0.006402119531220004, 0, 0, 0, 0, 0, -0.002729922948635809, 0, -0.0023931528235483735, 0, 0, 0, 0, 0, -0.0024394559660513597, 0, -0.0022292916792570165, 0, 0, -0.0007423677589196423, 0, 0, 0, 0, 0, 0, 0, 0, 0.0011783120578613472, 0.0033449614654978976, 0, 0, 0, -0.003038872798607865, 0, 0, 0, 0, 0, 0, 0, 0, 0, 0, 0, 0, 0, 0, 0, 0, 0, 0, 0, 0, 0.007236433990582987, 0, 0, 0, -0.0026423441204878628, 0, 0, 0, -0.002570763943252799, 0, 0, 0, 0, 0, 0.0018929135830815015, 0, 0, 0.006147967947474873, 0, 0, 0, 0, 0, 0, 0, 0, 0, 0, 0, 0, 0, 0, 0, 0, 0, 0, 0, -0.0026427553539078307, 0, 0, 0, 0, 0, 0, -0.0027437610676059408, 0, 0, 0, 0, 0, 0, 0, 0, 0, -0.0007973281563643272, 0, 0.0005275798316252849, 0, 0, 0, 0, 0, 0, 0, 0, 0, 0, 0, 0, 0, 0, 0, 0, 0, 0, 0, 0, 0, 0, 0, 0, 0, 0.0004391419329211575, -0.0013842945748699337, 0, 0, 0, 0, 0, 0, -0.0022985020513468283, 0, 0, 0, 0, 0, 0, 0, 0, 0, 0, 0.004808539051596117, 0, 0, 0, 0, 0, 0.0007616622977162514, -0.0018805245185105842, 0, 0.004231269641477559, 0, 0.0017674927195787736, 0, 0, -0.0020579702251860518, 0, 0, 0, -0.002139669900529758, 0, 0, 0, 0, 0, 0, 0, 0, 0, 0, 0, 0, 0, 0, 0, 0, -0.0024858282039100016, 0, 0, 0, 0, 0, 0.005798184679842149, -0.002200281538242178, 0, 0, 0, 0, 0, -0.002637474184474202, 0, 0, 0, 0, -0.0022051334526674423, 0, 0, 0, 0.004360166687640195, 0, 0, -0.002065413088760636, 0, 0, 0, 0, 0, 0, -0.0014819915725595109, 0, 0, 0, 0, 0, 0.0033502406221214906, 0, 0, 0, 0, 0, 0, 0, 0, 0, 0, 0, 0, -0.007504835867493271, 0, 0, 0, 0, 0, 0, 0, 0, 0, 0, 0, 0, -0.002131997952396581, 0, 0, 0, 0, 0, 0, 0, 0, 0, 0, 0, 0, 0, 0.0032581536903412006, 0, 0.007201830323822695, 0, 0, 0, 0, 0.0008347904116482651, 0.00078401642107773, 0, 0, 0, 0, 0, 0, 0, 0, 0, 0, 0, -0.002320158563892028, 0, 0, 0, 0, 0, 0.0034837571789570632, 0, 0, 0, 0, -0.002369850288258604, 0, 0, 0, 0, 0, 0, 0.003663674993361097, 0, 0, 0, -0.002237093105732823, 0, 0, 0, 0.008302919330905724, 0, 0, 0, 0.005543548294144266, 0, 0.002344965997302242, 0, 0, 0, 0, 0, 0, 0, -0.002677741074390192, 0.003741174305463652, 0, 0, 0, 0, 0, 0, 0, 0, -0.002112725510574717, 0, -0.0027197363844700326, 0, 0, 0, 0, 0, 0, 0, 0, 0, 0, 0, 0.0026977337643716657, 0, 0, 0, 0, 0, 0, 0, 0, 0, 0, 0, -0.0020670320869842712, 0, 0, 0, 0, 0, 0, -0.0025121211147123897, 0, 0, 0, 0, 0.0008246339591403793, 0, 0, 0, 0, 0, 0, -0.0021809119829751685, 0, 8.130636725032321e-05, -0.0011580258079137476, 0, 0, -0.0010232815664098322, 0, 0, -0.0017210110906622734, 0, -0.0015373518878582639, 0, 0, 0, 0.002260457588271148, 0, 0, -0.002187426630945743, 0, 0, -0.002141210493279594, 0, 0, 0, 0, 0.0003316491732132904, -0.0026354372034886604, 0, 0, 0, 0, 0, 0, 0, 0, 0, -0.0023533650000604495, 0, 0, 0, 0, -0.002347550477453689, 0, 0, 0.003116085343384875, 0, 0, 0, 0, 0, 0, 0, 0, 0, 0.0036549330062663823, 0, 0, 0, 0, 0, 0, 0, 0, 0, 0, 0.00779144475864067, -0.003137159330533113, 0.007855794100694879, 0, 0, 0, 0, 0, 0]
Start Date: 2022-08-12
End Date: 2025-11-06
Sharpe Ratio: -0.006
Annualized Sharpe: -0.093
Sharpe 95% CI: (np.float64(-1.118), np.float64(0.839))
Sortino Ratio: -0.009
CAGR: -0.002
Calmar Ratio: -0.043
Daily Win Rate (%): 0.348
Max Drawdown: 0.051
Profit Factor: 0.971
Expectancy: -4.1e-05
Average Win: 0.003877
Average Loss: 0.002136
Total Trades: 198
Total Days: 1014



Rolling 1 - Variant 3 - atr_0.25_4 - Fit Metrics
Contracts: [9, 9, 14, 13, 9, 10, 9, 10, 11, 8, 8, 8, 9, 5, 7, 9, 10, 10, 9, 7, 8, 7, 8, 8, 6, 6, 6, 6, 6, 6, 8, 10, 10, 10, 7, 7, 7, 7, 10, 5, 5, 6, 6, 6, 6, 6, 8, 8, 8, 6, 6, 7, 7, 6, 6, 7, 6, 7, 6, 8, 6, 9, 5, 6, 6, 8, 9, 9, 9, 5, 12, 6, 5, 7, 7, 11, 6, 11, 11, 12, 10, 9, 9, 9, 12, 7, 15, 10, 9, 10, 8, 9, 9, 11, 11, 10, 9, 8, 8, 8, 10, 12, 10, 12, 13, 9, 10, 13, 8, 10, 11, 9, 13, 10, 9, 10, 14, 8, 11, 7, 10, 10, 11, 13, 12, 10, 10, 10, 10, 14, 11, 11, 6, 11, 8, 13, 10, 10, 16, 15, 16, 13, 18, 16, 10, 13, 13, 13, 12, 12, 13, 13, 12, 13, 11, 10, 13, 11, 21, 18, 15, 11, 8, 15, 15, 15, 20, 19, 11, 11, 18, 15, 15, 10, 9, 10, 15, 16, 15, 7, 8, 7, 6, 6, 8, 8, 10, 7, 11, 7, 8, 8, 10, 9, 5, 11, 11, 10, 10, 12, 8, 11, 12, 13, 4, 4, 5, 8, 8, 7, 9, 6, 8, 9, 7, 9, 10, 10, 9, 9, 9, 8, 9, 10, 9, 9, 4, 9, 10, 10, 13, 6, 6, 9, 9, 9, 10, 12, 11, 12, 12, 12, 10, 18, 12, 11]
Trade Returns: [-0.0023168250000000002, 0.0007505388672109267, 0.008177622716860606, -0.0025174181588253153, -0.00218773910133139, -0.002365830118428337, 0.0011939492825521626, -0.000542626008589189, -0.0024188213078542593, -0.0021118441428186916, 0.0011181414796762035, -0.0021163134670183826, -0.002159685794785637, 0.003032567721867072, 0.00036529913380713814, 0.004227565096099175, -0.0022632381356551463, -0.0007166747916419554, -0.0023800229414724667, -0.0016796141057123664, -0.0022248920904930094, -0.0019511216142284698, -0.002284774014775896, 0.0036645774439966793, -0.0023171409658465205, -0.002512308367594729, -0.00274695250680916, 0.0014237354465100251, -0.00021673171920538295, 0.00035489509023675214, 0.007991043805206318, 0.005689059272297359, 0.0013349207398325512, 0.00933999456835078, 0.00018706443251682915, 0.003093099223161108, -0.002170150642735618, -0.0008098345972759683, -0.00217973091981415, 0.0020327345962216164, 0.008397912687530347, 0.003781652936280948, -0.0001726249015544555, 0.0038785436015741108, 0.002799641878287132, -0.0022530112953483275, -0.00037586090995210894, -3.3648483003638686e-05]
Daily Returns: [-0.0023168250000000002, 0, 0, 0, 0.0007505388672109267, 0, 0, 0, 0, 0, 0.005660204558035291, 0, -0.00218773910133139, 0, -0.0011718808358761746, 0, 0, 0, -0.000542626008589189, 0, -0.0024188213078542593, 0, 0, 0, 0, 0, 0, 0, 0, 0, 0, 0, 0, 0, 0, 0, 0, 0, 0, 0, 0, -0.0021118441428186916, 0.0011181414796762035, 0, 0, 0, 0, 0, 0, 0, 0, 0, 0, -0.0021163134670183826, 0, 0, -0.002159685794785637, 0, 0, 0, 0, 0, 0, 0, 0, 0, 0, 0, 0, 0, 0, 0, 0.003032567721867072, 0, 0, 0, 0, 0, 0, 0, 0, 0.00036529913380713814, 0, 0, 0.001247652168802073, 0, 0, -0.0023800229414724667, 0, 0, 0, 0, -0.0016796141057123664, 0, 0, 0, 0, 0, 0, 0, 0, -0.0022248920904930094, 0, 0, 0, 0, 0, -0.0019511216142284698, 0.0013798034292207832, 0, 0, 0, 0, 0, 0, 0, 0, 0, 0, -0.0023171409658465205, -0.0052592608744038895, 0, 0.0014237354465100251, 0.0001381633710313692, 0, 0, 0, 0, 0, 0, 0, 0, 0, 0, 0, 0, 0, 0, 0, 0, 0, 0, 0.007991043805206318, 0, 0, 0, 0, 0.005689059272297359, 0.0013349207398325512, 0.00933999456835078, 0, 0, 0, 0, 0, 0, 0, 0, 0, 0, 0, 0.00018706443251682915, 0.00011311398314952173, 0, 0, 0, 0, 0, 0, 0, 0, 0, 0, 0, 0, 0, 0, 0, 0, 0, 0, 0, 0, 0, 0, 0, -0.00217973091981415, 0, 0.0020327345962216164, 0, 0, 0.01200694072225684, 0.0038785436015741108, 0, 0, 0, 0.002799641878287132, 0, -0.0026288722053004364, 0, 0, -3.3648483003638686e-05, 0, 0]
Start Date: 2021-12-17
End Date: 2022-08-11
Sharpe Ratio: 0.078
Annualized Sharpe: 1.236
Sharpe 95% CI: (np.float64(-1.078), np.float64(2.878))
Sortino Ratio: 0.114
CAGR: 0.031
Calmar Ratio: 1.453
Daily Win Rate (%): 0.438
Max Drawdown: 0.021
Profit Factor: 1.517
Expectancy: 0.000517
Average Win: 0.003468
Average Loss: 0.001779
Total Trades: 48
Total Days: 204

Rolling 1 - Variant 3 - atr_0.25_4 - Test Metrics
Contracts: [9, 9, 14, 13, 9, 10, 9, 10, 11, 8, 8, 8, 9, 5, 7, 9, 10, 10, 9, 7, 8, 7, 8, 8, 6, 6, 6, 6, 6, 6, 8, 10, 10, 10, 7, 7, 7, 7, 10, 5, 5, 6, 6, 6, 6, 6, 8, 8, 8, 6, 6, 7, 7, 6, 6, 7, 6, 7, 6, 8, 6, 9, 5, 6, 6, 8, 9, 9, 9, 5, 12, 6, 5, 7, 7, 11, 6, 11, 11, 12, 10, 9, 9, 9, 12, 7, 15, 10, 9, 10, 8, 9, 9, 11, 11, 10, 9, 8, 8, 8, 10, 12, 10, 12, 13, 9, 10, 13, 8, 10, 11, 9, 13, 10, 9, 10, 14, 8, 11, 7, 10, 10, 11, 13, 12, 10, 10, 10, 10, 14, 11, 11, 6, 11, 8, 13, 10, 10, 16, 15, 16, 13, 18, 16, 10, 13, 13, 13, 12, 12, 13, 13, 12, 13, 11, 10, 13, 11, 21, 18, 15, 11, 8, 15, 15, 15, 20, 19, 11, 11, 18, 15, 15, 10, 9, 10, 15, 16, 15, 7, 8, 7, 6, 6, 8, 8, 10, 7, 11, 7, 8, 8, 10, 9, 5, 11, 11, 10, 10, 12, 8, 11, 12, 13, 4, 4, 5, 8, 8, 7, 9, 6, 8, 9, 7, 9, 10, 10, 9, 9, 9, 8, 9, 10, 9, 9, 4, 9, 10, 10, 13, 6, 6, 9, 9, 9, 10, 12, 11, 12, 12, 12, 10, 18, 12, 11]
Trade Returns: [-0.002489910311928737, -0.002006064854057789, -0.001918207920094812, 0.0023334660064630005, 0.008457596285570754, 0.0035088873207258973, -0.00045696166400894064, 0.010071758758949475, 0.009303296259406924, -0.002577083062413, -0.0020036065983720696, 0.0002983302264845533, -0.0027768743651421807, -0.0023244303168691314, -0.0009496999717728438, -0.0018426958105489263, -0.0017379024669862372, -0.0019840442628579263, 0.0015916264309512955, -0.0021787198944187183, -0.0027267927654884335, -0.001670360620894242, -0.0018947216737098917, 0.003738396415938952, -0.0018884037834108382, 0.0019648571186068053, -0.0021963498097601307, -0.0018679972000721296, -0.0022922481991550837, 0.007211620878432526, -0.003069670787242836, -0.002706794302630347, 0.0012962015383198339, -0.002142305314697151, -0.0025303978643591045, -0.00286635937208561, -0.0014898180224982942, -0.0027852044280140043, -0.0018739714981192254, -0.0016976640905833995, 0.0056692993755021225, -0.002364758397214465, 0.0006294376348657438, 0.0028147246310455364, -0.0024595451083469447, 0.004034031532745782, -0.0020589376912052626, 0.00302362863299195, 0.0038995159751362496, -0.0020172153372719826, -0.0030589738600845934, -0.002510840060633835, -0.002465272404257954, -0.002522873286128547, 0.0005740907092418886, -0.0016261957142996515, -0.00330371716739639, -0.0013817592157887486, 0.009801273038854792, -0.0023726208767939007, -0.0022942139785270747, -0.0020533152606039863, -3.836650300925474e-05, -0.0023058742002638223, -0.002753943201715315, 0.0006407350886741318, 0.00829898167152168, -0.0025253585887241177, 0.007287585450552558, 0.0016083304106151587, -0.0022178260112920107, -0.0022423371744232277, 0.0031546393745274814, -0.0027147957436585483, 0.004244039058607255, -0.0024159045518861604, 0.0009409037941357094, -0.0021602272764386374, -0.0019215683543954958, -0.0012758831661054337, -0.002350456183584661, -0.0024109996710438624, -0.002812236679459738, -0.0028043501830130194, -0.0005274103585121823, -0.0019117493457632795, -0.0021558810093255014, 0.0038425136938432434, 0.00020677340736150149, 0.006722441666873981, -0.002249551986859967, -0.0027032121299933026, -0.002210190046428222, -0.0017972975111725125, -0.00271776678801394, -0.00212193260911083, -0.0005449591827578915, -0.0024629670037582515, -0.0006304540545948437, 0.0026746943855656376, 0.001458878247122282, 0.00043408906670843443, -0.0020574343398435863, -0.002280861882912885, 0.007655189528315434, -0.002355209431319017, 0.005481016994316481, -0.0022066525175457605, -0.0026326263109370967, 0.008600985779205844, -0.0027070048170290957, -0.0025425079245299954, -0.002419282960502112, -0.0022154370286608725, -0.0007362138837667582, 0.0012520041597038152, 0.0033169687524606545, -0.003013525700988944, 0.0005398947811182979, -0.0026377748896034147, -0.002566306734119158, 0.0018896231916553639, 0.008284317129055611, -0.002632580455088121, -0.00273316940226655, -0.0007942418169367567, -0.002198456302313456, 0.0027239691012862152, 0.002001679537367745, -0.001668533410074694, -0.0013790810678086418, -0.002289833516775251, 0.004790362581775971, 0.0007589081665821739, -0.0018737297965250202, 0.004084048526187715, 0.0017610944160460003, -0.0020505334931755085, -0.0021319220493270937, -0.0024768466839941643, 0.003986986529461596, -0.002196266927745487, -0.002632640645400578, -0.002201101133369329, 0.004344344575546107, -0.0023193201826354837, -0.0014796449173287752, 0.008684449365014153, -0.003121869999803292, -0.0025750626856183476, -0.0024536862647666978, -0.0024476804249275144, -0.002123887781921208, 0.003235186044361062, -0.002838212811187483, 0.013132482921854349, 0.0008290907928835395, 0.0007786679014474984, -0.002304342876876973, 0.006159061232642336, -0.002699221102262313, -0.002353714119628911, 0.0036682018997548672, -0.0022398471978898405, 0.0001853996021969035, 0.004935615947865129, 0.002349279702281228, -0.00020462336859543095, -0.002478032954360612, 0.0005756137809553854, -0.002178883000286777, -3.833686174450988e-05, -0.002128000296403845, -0.0027394417287987935, 0.006600218717013223, -0.0021948946705053164, -0.0020785558114828654, -0.0025303722190400976, 0.0008292408774230901, -0.0021930858189678085, 8.176121636757096e-05, -0.0011645035780069241, -0.0010290122769777946, -0.0017306592422329414, -0.001545985370116885, 0.0022731715532512986, -0.0019797317358851373, -0.002152778336289667, 0.0003334447661549794, -0.0026497010564717847, -0.0023661360248985242, -0.0023603201633889273, 0.005561407830985998, -0.002428259362461967, 0.0036747993638447845, 0.0035388812424602327, -0.0031675148185379945, 0.00975658915861394]
Daily Returns: [0, 0, 0, 0, 0, 0, -0.002489910311928737, 0, 0, 0, 0, 0, -0.002006064854057789, 0, -0.001918207920094812, 0.0023334660064630005, 0, 0, 0.008457596285570754, 0, 0, 0, 0, 0.0035088873207258973, 0, 0, 0, 0, 0, 0, 0, 0, 0, 0, 0, 0, 0, 0, 0, 0, 0, 0, 0, 0, 0, 0, 0, -0.00045696166400894064, 0, 0, 0, 0, 0, 0.010071758758949475, 0, 0, 0, 0, 0, 0, 0.006726213196993924, 0, 0, 0, -0.0020036065983720696, 0, 0.0002983302264845533, 0, 0, 0, 0, -0.0027768743651421807, 0, 0, 0, 0, 0, 0, 0, 0, 0, 0, 0, 0, 0, 0, 0, 0, -0.0023244303168691314, 0, 0, 0, 0, 0, -0.0009496999717728438, 0, 0, 0, 0, 0, -0.0018426958105489263, -0.0017379024669862372, 0, 0, 0, 0, 0, 0, 0, 0, 0, 0, 0, 0, -0.0019840442628579263, 0, 0, 0.0015916264309512955, 0, -0.0021787198944187183, 0, 0, 0, -0.0027267927654884335, 0, 0, 0, 0, -0.001670360620894242, 0, 0, 0, 0, 0, 0, 0, -0.0018947216737098917, 0, 0.003738396415938952, 0, -0.0018884037834108382, 0, 0, 0, 0.0019648571186068053, 0, 0, 0, 0, 0, -0.0021963498097601307, 0, -0.0018679972000721296, 0, 0, 0, 0, 0, 0, -0.0022922481991550837, 0, 0.007211620878432526, -0.003069670787242836, 0, 0, 0, 0, 0, 0, 0, 0, 0, -0.002706794302630347, 0.0012962015383198339, 0, 0, -0.002142305314697151, -0.0025303978643591045, 0, 0, -0.00286635937208561, 0, 0, 0, 0, 0, 0, 0, 0, 0, 0, 0, 0, -0.0014898180224982942, 0, 0, 0, 0, 0, 0, -0.00465917592613323, 0, 0, 0, -0.0016976640905833995, 0, 0.0056692993755021225, 0, -0.002364758397214465, 0, 0, 0, 0.0006294376348657438, 0, 0, 0, 0.0028147246310455364, 0, -0.0024595451083469447, 0, 0, 0, 0.004034031532745782, 0, 0, 0, -0.0020589376912052626, 0.00302362863299195, 0, 0, 0.001882300637864267, 0, 0, 0, 0, 0, 0, 0, 0, -0.0030589738600845934, 0, 0, 0, 0, 0, 0, 0, 0, 0, 0, -0.002510840060633835, 0, -0.002465272404257954, 0, 0, 0, 0, -0.002522873286128547, 0, 0, 0, 0, 0, 0, 0, 0, 0, 0, 0, 0, 0, 0, 0, 0, 0.0005740907092418886, 0, 0, 0, 0, -0.0016261957142996515, 0, 0, -0.004685476383185139, 0, 0, 0, 0, 0, 0, 0, 0, 0, 0, 0.009801273038854792, 0, 0, 0, 0, 0, -0.0023726208767939007, 0, 0, 0, 0, 0, 0, 0, 0, -0.0022942139785270747, 0, 0, -0.002091681763613241, 0, 0, -0.0023058742002638223, 0, 0, 0, 0, 0, 0, -0.002753943201715315, 0, 0, 0, 0, 0, 0.0006407350886741318, 0, 0, 0.0057736230827975625, 0, 0, 0, 0, 0, 0, 0, 0, 0.007287585450552558, 0, 0, 0, 0, 0, 0, 0, 0, 0, 0, 0, 0, 0, 0, 0, 0, 0, 0, 0, 0, 0.0016083304106151587, 0, 0, 0, 0, 0, 0, 0, 0, 0, -0.0022178260112920107, 0.0009123022001042537, 0, 0, -0.0027147957436585483, 0, 0.004244039058607255, -0.0024159045518861604, 0, 0, 0, 0.0009409037941357094, 0, -0.0021602272764386374, -0.0019215683543954958, 0, 0, 0, 0, -0.0012758831661054337, 0, 0, 0, -0.004761455854628524, 0, 0, 0, 0, 0, 0, 0, 0, 0, 0, 0, 0, 0, -0.002812236679459738, -0.0028043501830130194, 0, 0, 0, 0, 0, 0, 0, 0, -0.0005274103585121823, 0, -0.0019117493457632795, 0, 0, 0, 0, 0, 0, 0, 0, 0, 0, 0, 0, 0, 0, 0, 0, 0, 0, 0, 0, 0, 0, 0, 0, 0, 0, 0, 0, 0, 0, 0, 0, 0, 0, 0, 0, 0, 0, 0, 0, 0, 0, -0.0021558810093255014, 0, 0, 0, 0, 0.004049287101204745, 0.006722441666873981, 0, 0, -0.002249551986859967, 0, 0, 0, 0, 0, 0, 0, 0, 0, 0, 0, 0, -0.0027032121299933026, 0, 0, 0, 0, 0, -0.002210190046428222, 0, 0, 0, 0, 0, -0.0017972975111725125, -0.00271776678801394, 0, 0, 0, 0, -0.00212193260911083, -0.0005449591827578915, 0, 0, 0, 0, 0, 0, 0, 0, 0, 0, 0, 0, -0.0024629670037582515, 0, 0, 0, 0, 0, 0, 0, 0, 0, 0, -0.0006304540545948437, 0.00413357263268792, 0, 0.00043408906670843443, -0.004338296222756471, 0, 0, 0, 0, 0, 0, 0.005299980096996417, 0.005481016994316481, 0, 0, 0, 0, 0, -0.0022066525175457605, 0, 0, 0, 0, -0.0026326263109370967, 0, 0, 0, 0, 0, 0.008600985779205844, 0, 0, 0, 0, 0, -0.0027070048170290957, 0, -0.0025425079245299954, 0, 0, 0, 0, 0, -0.002419282960502112, 0, -0.0022154370286608725, 0, 0, -0.0007362138837667582, 0, 0, 0, 0, 0, 0, 0, 0, 0.0012520041597038152, 0.0033169687524606545, 0, 0, 0, -0.003013525700988944, 0, 0, 0, 0, 0, 0, 0, 0, 0, 0, 0, 0, 0, 0, 0, 0, 0, 0, 0, 0, 0.0005398947811182979, 0, 0, 0, -0.0026377748896034147, 0, 0, 0, -0.002566306734119158, 0, 0, 0, 0, 0, 0.0018896231916553639, 0, 0, 0.008284317129055611, 0, 0, 0, 0, 0, 0, 0, 0, 0, 0, 0, 0, 0, 0, 0, 0, 0, 0, 0, -0.002632580455088121, 0, 0, 0, 0, 0, 0, -0.00273316940226655, 0, 0, 0, 0, 0, 0, 0, 0, 0, -0.0007942418169367567, 0, 0.0005255127989727592, 0, 0, 0, 0, 0, 0, 0, 0, 0, 0, 0, 0, 0, 0, 0, 0, 0, 0, 0, 0, 0, 0, 0, 0, 0, 0.000333146127293051, -0.0013790810678086418, 0, 0, 0, 0, 0, 0, -0.002289833516775251, 0, 0, 0, 0, 0, 0, 0, 0, 0, 0, 0.004790362581775971, 0, 0, 0, 0, 0, 0.0007589081665821739, -0.0018737297965250202, 0, 0.004084048526187715, 0, 0.0017610944160460003, 0, 0, -0.0020505334931755085, 0, 0, 0, -0.0021319220493270937, 0, 0, 0, 0, 0, 0, 0, 0, 0, 0, 0, 0, 0, 0, 0, 0, -0.0024768466839941643, 0, 0, 0, 0, 0, 0.003986986529461596, -0.002196266927745487, 0, 0, 0, 0, 0, -0.002632640645400578, 0, 0, 0, 0, -0.002201101133369329, 0, 0, 0, 0.004344344575546107, 0, 0, -0.0023193201826354837, 0, 0, 0, 0, 0, 0, -0.0014796449173287752, 0, 0, 0, 0, 0, 0.005562579365210861, 0, 0, 0, 0, 0, 0, 0, 0, 0, 0, 0, 0, -0.00747642937531256, 0, 0, 0, 0, 0, 0, 0, 0, 0, 0, 0, 0, -0.002123887781921208, 0, 0, 0, 0, 0, 0, 0, 0, 0, 0, 0, 0, 0, 0.003235186044361062, 0, 0.010294270110666866, 0, 0, 0, 0, 0.0008290907928835395, 0.0007786679014474984, 0, 0, 0, 0, 0, 0, 0, 0, 0, 0, 0, -0.002304342876876973, 0, 0, 0, 0, 0, 0.0034598401303800232, 0, 0, 0, 0, -0.002353714119628911, 0, 0, 0, 0, 0, 0, 0.0036682018997548672, 0, 0, 0, -0.0022398471978898405, 0, 0, 0, 0.0001853996021969035, 0, 0, 0, 0.004935615947865129, 0, 0.002349279702281228, 0, 0, 0, 0, 0, 0, 0, -0.002682656322956043, -0.0016416060810759015, 0, 0, 0, 0, 0, 0, 0, 0, -0.002128000296403845, 0, -0.0027394417287987935, 0, 0, 0, 0, 0, 0, 0, 0, 0, 0, 0, 0.004405324046507906, 0, 0, 0, 0, 0, 0, 0, 0, 0, 0, 0, -0.0020785558114828654, 0, 0, 0, 0, 0, 0, -0.0025303722190400976, 0, 0, 0, 0, 0.0008292408774230901, 0, 0, 0, 0, 0, 0, -0.0021930858189678085, 0, 8.176121636757096e-05, -0.0011645035780069241, 0, 0, -0.0010290122769777946, 0, 0, -0.0017306592422329414, 0, -0.001545985370116885, 0, 0, 0, 0.0022731715532512986, 0, 0, -0.0019797317358851373, 0, 0, -0.002152778336289667, 0, 0, 0, 0, 0.0003334447661549794, -0.0026497010564717847, 0, 0, 0, 0, 0, 0, 0, 0, 0, -0.0023661360248985242, 0, 0, 0, 0, -0.0023603201633889273, 0, 0, 0.003133148468524031, 0, 0, 0, 0, 0, 0, 0, 0, 0, 0.0036747993638447845, 0, 0, 0, 0, 0, 0, 0, 0, 0, 0, 0.0035388812424602327, -0.0031675148185379945, 0.00975658915861394, 0, 0, 0, 0, 0, 0]
Start Date: 2022-08-12
End Date: 2025-11-06
Sharpe Ratio: -0.013
Annualized Sharpe: -0.201
Sharpe 95% CI: (np.float64(-1.254), np.float64(0.727))
Sortino Ratio: -0.02
CAGR: -0.005
Calmar Ratio: -0.081
Daily Win Rate (%): 0.343
Max Drawdown: 0.058
Profit Factor: 0.935
Expectancy: -9.1e-05
Average Win: 0.003829
Average Loss: 0.002141
Total Trades: 198
Total Days: 1014



Rolling 1 - Variant 4 - atr_0.25_2 - Fit Metrics
Contracts: [9, 9, 14, 13, 8, 10, 8, 10, 11, 8, 8, 8, 9, 5, 7, 9, 10, 10, 9, 7, 8, 7, 8, 8, 6, 6, 6, 6, 6, 6, 8, 10, 10, 10, 7, 7, 7, 7, 10, 5, 5, 6, 6, 6, 6, 6, 7, 8, 8, 6, 6, 7, 7, 6, 5, 7, 6, 7, 6, 7, 6, 9, 5, 6, 6, 8, 9, 9, 9, 5, 11, 6, 5, 7, 7, 10, 6, 11, 10, 12, 10, 9, 9, 9, 12, 7, 15, 10, 10, 10, 8, 9, 9, 11, 11, 10, 9, 8, 8, 8, 10, 12, 10, 12, 13, 9, 10, 13, 8, 10, 11, 9, 13, 10, 9, 10, 14, 8, 11, 7, 10, 10, 11, 13, 12, 10, 10, 10, 10, 14, 11, 11, 6, 11, 8, 13, 10, 10, 16, 15, 15, 13, 18, 16, 10, 13, 13, 13, 13, 12, 13, 13, 12, 13, 11, 10, 12, 11, 21, 18, 14, 11, 8, 14, 15, 15, 20, 19, 11, 11, 18, 15, 15, 10, 9, 10, 15, 15, 15, 7, 8, 7, 6, 6, 8, 8, 10, 7, 11, 7, 8, 8, 10, 9, 5, 11, 11, 10, 10, 12, 8, 11, 12, 12, 4, 4, 5, 8, 8, 7, 9, 6, 8, 9, 7, 9, 9, 10, 9, 9, 9, 8, 9, 9, 9, 9, 4, 9, 10, 10, 13, 6, 6, 9, 9, 9, 10, 12, 11, 12, 12, 12, 10, 18, 12, 11]
Trade Returns: [-0.0023168250000000002, 0.0007505388672109267, 0.0039710266690928045, -0.0025279660342083605, -0.0021972102198923637, -0.002112084247870619, 0.00106574627367593, -0.0005448417284947899, -0.0024287035325693297, -0.002114425725646647, 0.003990912261244136, -0.0021189059949926863, -0.0021623370725711312, 0.0030362986362002836, 0.0003657471944128073, 0.004106987114956753, -0.002266287220329461, -0.0007175535135112232, -0.002383236644404412, -0.0016818874769485733, -0.002227908573263242, -0.0019537728288409203, 0.0041168557807630506, 0.004200822319843519, -0.0023042717802476595, -0.0024983230143280524, -0.0027316226530281467, 0.00141576827600945, -0.00021552061122986254, 0.0003529114907430093, 0.0039053075069752346, 0.004485266034417248, 0.0013344620491189082, 0.0045843516577916575, 0.0001878854892471795, 0.0038037050600584175, -0.0021781309836199866, -0.0008128191198597761, -0.0021877906643293, 0.0038521166086229294, 0.00415668942620593, 0.003804789893005576, -0.00017367705418622016, 0.0048655808203116125, 0.003293306253267514, -0.001980479429944176, -0.00037749174997877205, -3.379453707379687e-05]
Daily Returns: [-0.0023168250000000002, 0, 0, 0, 0.0007505388672109267, 0, 0, 0, 0, 0, 0.001443060634884444, 0, -0.0021972102198923637, 0, -0.0010463379741946892, 0, 0, 0, -0.0005448417284947899, 0, -0.0024287035325693297, 0, 0, 0, 0, 0, 0, 0, 0, 0, 0, 0, 0, 0, 0, 0, 0, 0, 0, 0, 0, -0.002114425725646647, 0.003990912261244136, 0, 0, 0, 0, 0, 0, 0, 0, 0, 0, -0.0021189059949926863, 0, 0, -0.0021623370725711312, 0, 0, 0, 0, 0, 0, 0, 0, 0, 0, 0, 0, 0, 0, 0, 0.0030362986362002836, 0, 0, 0, 0, 0, 0, 0, 0, 0.0003657471944128073, 0, 0, 0.0011231463811160686, 0, 0, -0.002383236644404412, 0, 0, 0, 0, -0.0016818874769485733, 0, 0, 0, 0, 0, 0, 0, 0, -0.002227908573263242, 0, 0, 0, 0, 0, -0.0019537728288409203, 0.00831767810060657, 0, 0, 0, 0, 0, 0, 0, 0, 0, 0, -0.0023042717802476595, -0.0052299456673561995, 0, 0.00141576827600945, 0.00013739087951314676, 0, 0, 0, 0, 0, 0, 0, 0, 0, 0, 0, 0, 0, 0, 0, 0, 0, 0, 0.0039053075069752346, 0, 0, 0, 0, 0.004485266034417248, 0.0013344620491189082, 0.0045843516577916575, 0, 0, 0, 0, 0, 0, 0, 0, 0, 0, 0, 0.0001878854892471795, 0.0008127549565786549, 0, 0, 0, 0, 0, 0, 0, 0, 0, 0, 0, 0, 0, 0, 0, 0, 0, 0, 0, 0, 0, 0, 0, -0.0021877906643293, 0, 0.0038521166086229294, 0, 0, 0.007787802265025285, 0.0048655808203116125, 0, 0, 0, 0.003293306253267514, 0, -0.002357971179922948, 0, 0, -3.379453707379687e-05, 0, 0]
Start Date: 2021-12-17
End Date: 2022-08-11
Sharpe Ratio: 0.075
Annualized Sharpe: 1.194
Sharpe 95% CI: (np.float64(-0.991), np.float64(2.973))
Sortino Ratio: 0.094
CAGR: 0.025
Calmar Ratio: 2.056
Daily Win Rate (%): 0.458
Max Drawdown: 0.012
Profit Factor: 1.451
Expectancy: 0.000425
Average Win: 0.002984
Average Loss: 0.00174
Total Trades: 48
Total Days: 204

Rolling 1 - Variant 4 - atr_0.25_2 - Test Metrics
Contracts: [9, 9, 14, 13, 8, 10, 8, 10, 11, 8, 8, 8, 9, 5, 7, 9, 10, 10, 9, 7, 8, 7, 8, 8, 6, 6, 6, 6, 6, 6, 8, 10, 10, 10, 7, 7, 7, 7, 10, 5, 5, 6, 6, 6, 6, 6, 7, 8, 8, 6, 6, 7, 7, 6, 5, 7, 6, 7, 6, 7, 6, 9, 5, 6, 6, 8, 9, 9, 9, 5, 11, 6, 5, 7, 7, 10, 6, 11, 10, 12, 10, 9, 9, 9, 12, 7, 15, 10, 10, 10, 8, 9, 9, 11, 11, 10, 9, 8, 8, 8, 10, 12, 10, 12, 13, 9, 10, 13, 8, 10, 11, 9, 13, 10, 9, 10, 14, 8, 11, 7, 10, 10, 11, 13, 12, 10, 10, 10, 10, 14, 11, 11, 6, 11, 8, 13, 10, 10, 16, 15, 15, 13, 18, 16, 10, 13, 13, 13, 13, 12, 13, 13, 12, 13, 11, 10, 12, 11, 21, 18, 14, 11, 8, 14, 15, 15, 20, 19, 11, 11, 18, 15, 15, 10, 9, 10, 15, 15, 15, 7, 8, 7, 6, 6, 8, 8, 10, 7, 11, 7, 8, 8, 10, 9, 5, 11, 11, 10, 10, 12, 8, 11, 12, 12, 4, 4, 5, 8, 8, 7, 9, 6, 8, 9, 7, 9, 9, 10, 9, 9, 9, 8, 9, 9, 9, 9, 4, 9, 10, 10, 13, 6, 6, 9, 9, 9, 10, 12, 11, 12, 12, 12, 10, 18, 12, 11]
Trade Returns: [-0.002499093963395873, -0.0020147726415331957, -0.0019265511539913937, 0.004112839493082843, 0.004181942493330223, 0.0035329123451452236, -0.0004622466845301098, 0.005011188740349826, 0.004648320474209556, -0.0026189811920812353, -0.001681064008610869, 0.0003030997418401556, -0.0024693718375791646, 0.004227528894748792, -0.0009585833430499546, -0.001859948688264054, -0.0017542045016767627, -0.0020026878844870946, 0.001606612602320752, -0.0021992010175235633, -0.002752482561431417, -0.0016861409407045937, -0.001912245272374229, 0.0035138196757801524, -0.0019059024118517358, 0.004140911263283556, -0.002212431994586768, -0.0018852410634584388, -0.0023090697909510455, 0.00426562905141523, -0.002840493081413619, -0.002734702729033008, 0.0013096026838007452, -0.0021644251746706796, -0.002556581553556696, 0.005289197787984143, -0.001482839752446117, -0.0027720993269911135, -0.0020723660785709965, -0.0016899717468043867, 0.00274691647781492, -0.0023540685835578942, 0.000628406833131926, 0.0028101066382634726, -0.0024555197513928422, 0.005014063575159041, -0.0020535646771266338, 0.0030157219196680282, 0.00349704069208373, -0.0020127631703238513, -0.003044624425743174, 0.004365485140223323, -0.002459820363336546, -0.002517280100498781, 0.000572814743739629, -0.0016225664745642629, -0.0032963684466266606, -0.0013786898963850014, 0.004781312806756917, -0.002379132204270824, -0.002300525144291945, -0.0020589767611943594, -3.847250725554691e-05, -0.0023007197340281856, -0.0027615524671481713, 0.0006425103702619773, 0.0040771102197856525, -0.0025323510947020535, 0.004640293104022395, 0.0016239169824669893, -0.0022392163183452265, -0.0022640124203036206, 0.0031851618930289188, -0.0027410331222368013, 0.00443479847308305, -0.0024393105545835714, 0.0009498614115478064, -0.00218077361363583, -0.00194010348819349, -0.0012880745317977336, -0.002372944315232576, -0.002433981270393628, 0.005053742640497302, -0.0028312447923537994, -0.0005283170518040476, -0.0019150296204566509, -0.002159589234006628, 0.0029702355179798915, 0.00020731076920854058, 0.004136544622479471, -0.0022612050995416346, -0.002547419086306696, -0.002213999913154855, -0.001806346779805046, -0.00273147531813697, 0.003352998767059311, -0.0005447268248893695, -0.0024619162797905815, -0.0006301837220363011, 0.005192943659650343, 0.0014545990283141407, 0.00043281763503212297, -0.0020514107938023277, -0.0022741704817271823, 0.003706404369965115, -0.002357522793875519, 0.003978328315389841, -0.002041967177162632, -0.0026315004369692847, 0.004133077305199803, -0.0027253646401477543, -0.0023891459191244537, -0.0024353617536638124, -0.0022205709253243482, -0.0007411187790430736, 0.0011763281630390362, 0.004095869161365867, -0.003031493552491272, 0.004699682101370545, -0.0026425636154195726, -0.0025709780579553686, 0.0018930716471211172, 0.003997553729769649, -0.002648636477781794, -0.0027498831824098687, -0.0007991121289852935, -0.0022085376739069615, 0.0042723658168982125, 0.0020108788748419786, -0.0015714246398180916, -0.0013852715952225238, -0.0023001265599753525, 0.0039031929195458407, 0.0007639887766768755, -0.0018862641498938798, 0.0027859630970778967, 0.001772897556600049, -0.0020642521795669836, -0.0021462147534071544, -0.0024953845153162448, 0.0038409377764359797, -0.0022130678279646747, 0.004735775280973482, -0.0022179763600903768, 0.0035808427930342232, -0.0023200014299578245, -0.001480080539867938, 0.004250338719033391, -0.0031227904725124444, -0.002587257441776929, -0.0024652775707023435, -0.00245921492331037, -0.00213397199396966, 0.0032719873477917616, -0.002649593649408639, 0.006503808373060193, 0.003958927237221582, 0.0007848931333858014, -0.0023227510048243116, 0.004899463869399315, -0.0027208338963242147, -0.0023755858048946825, 0.0035704263271541686, -0.0022489846708661325, 0.005498084351319227, 0.003665107373215257, 0.0023618712483215055, -0.00020571751395577495, -0.0022421574145117793, 0.0039335808364530465, -0.002182693092700822, -3.840404594067854e-05, -0.0021317296960890225, -0.0027442529585824525, 0.0032294871268303436, -0.0019788929581948996, -0.0020887695479053212, -0.002534828493134671, 0.0008333241817434319, -0.0022038759051874173, 8.216437393825451e-05, -0.0011702451738782322, 0.004834020445806998, -0.0017290543269258818, -0.0015445492277253838, 0.002271056624981908, -0.0019778939936955582, -0.0021507759982680214, 0.00033313395466823953, -0.0026472320320793403, -0.002363925377832799, -0.0023581097246873333, 0.004495151940132135, -0.0024285550633061774, 0.0038643298530246146, 0.005120818945282163, -0.0031623184288551392, 0.004777625289531108]
Daily Returns: [0, 0, 0, 0, 0, 0, -0.002499093963395873, 0, 0, 0, 0, 0, -0.0020147726415331957, 0, -0.0019265511539913937, 0.004112839493082843, 0, 0, 0.004181942493330223, 0, 0, 0, 0, 0.0035329123451452236, 0, 0, 0, 0, 0, 0, 0, 0, 0, 0, 0, 0, 0, 0, 0, 0, 0, 0, 0, 0, 0, 0, 0, -0.0004622466845301098, 0, 0, 0, 0, 0, 0.005011188740349826, 0, 0, 0, 0, 0, 0, 0.002029339282128321, 0, 0, 0, -0.001681064008610869, 0, 0.0003030997418401556, 0, 0, 0, 0, -0.0024693718375791646, 0, 0, 0, 0, 0, 0, 0, 0, 0, 0, 0, 0, 0, 0, 0, 0, 0.004227528894748792, 0, 0, 0, 0, 0, -0.0009585833430499546, 0, 0, 0, 0, 0, -0.001859948688264054, -0.0017542045016767627, 0, 0, 0, 0, 0, 0, 0, 0, 0, 0, 0, 0, -0.0020026878844870946, 0, 0, 0.001606612602320752, 0, -0.0021992010175235633, 0, 0, 0, -0.002752482561431417, 0, 0, 0, 0, -0.0016861409407045937, 0, 0, 0, 0, 0, 0, 0, -0.001912245272374229, 0, 0.0035138196757801524, 0, -0.0019059024118517358, 0, 0, 0, 0.004140911263283556, 0, 0, 0, 0, 0, -0.002212431994586768, 0, -0.0018852410634584388, 0, 0, 0, 0, 0, 0, -0.0023090697909510455, 0, 0.00426562905141523, -0.002840493081413619, 0, 0, 0, 0, 0, 0, 0, 0, 0, -0.002734702729033008, 0.0013096026838007452, 0, 0, -0.0021644251746706796, -0.002556581553556696, 0, 0, 0.005289197787984143, 0, 0, 0, 0, 0, 0, 0, 0, 0, 0, 0, 0, -0.001482839752446117, 0, 0, 0, 0, 0, 0, -0.00484446540556211, 0, 0, 0, -0.0016899717468043867, 0, 0.00274691647781492, 0, -0.0023540685835578942, 0, 0, 0, 0.000628406833131926, 0, 0, 0, 0.0028101066382634726, 0, -0.0024555197513928422, 0, 0, 0, 0.005014063575159041, 0, 0, 0, -0.0020535646771266338, 0.0030157219196680282, 0, 0, 0.0014842775217598788, 0, 0, 0, 0, 0, 0, 0, 0, -0.003044624425743174, 0, 0, 0, 0, 0, 0, 0, 0, 0, 0, 0.004365485140223323, 0, -0.002459820363336546, 0, 0, 0, 0, -0.002517280100498781, 0, 0, 0, 0, 0, 0, 0, 0, 0, 0, 0, 0, 0, 0, 0, 0, 0.000572814743739629, 0, 0, 0, 0, -0.0016225664745642629, 0, 0, -0.004675058343011662, 0, 0, 0, 0, 0, 0, 0, 0, 0, 0, 0.004781312806756917, 0, 0, 0, 0, 0, -0.002379132204270824, 0, 0, 0, 0, 0, 0, 0, 0, -0.002300525144291945, 0, 0, -0.0020974492684499063, 0, 0, -0.0023007197340281856, 0, 0, 0, 0, 0, 0, -0.0027615524671481713, 0, 0, 0, 0, 0, 0.0006425103702619773, 0, 0, 0.001544759125083599, 0, 0, 0, 0, 0, 0, 0, 0, 0.004640293104022395, 0, 0, 0, 0, 0, 0, 0, 0, 0, 0, 0, 0, 0, 0, 0, 0, 0, 0, 0, 0, 0.0016239169824669893, 0, 0, 0, 0, 0, 0, 0, 0, 0, -0.0022392163183452265, 0.0009211494727252982, 0, 0, -0.0027410331222368013, 0, 0.00443479847308305, -0.0024393105545835714, 0, 0, 0, 0.0009498614115478064, 0, -0.00218077361363583, -0.00194010348819349, 0, 0, 0, 0, -0.0012880745317977336, 0, 0, 0, -0.004806925585626204, 0, 0, 0, 0, 0, 0, 0, 0, 0, 0, 0, 0, 0, 0.005053742640497302, -0.0028312447923537994, 0, 0, 0, 0, 0, 0, 0, 0, -0.0005283170518040476, 0, -0.0019150296204566509, 0, 0, 0, 0, 0, 0, 0, 0, 0, 0, 0, 0, 0, 0, 0, 0, 0, 0, 0, 0, 0, 0, 0, 0, 0, 0, 0, 0, 0, 0, 0, 0, 0, 0, 0, 0, 0, 0, 0, 0, 0, 0, -0.002159589234006628, 0, 0, 0, 0, 0.003177546287188432, 0.004136544622479471, 0, 0, -0.0022612050995416346, 0, 0, 0, 0, 0, 0, 0, 0, 0, 0, 0, 0, -0.002547419086306696, 0, 0, 0, 0, 0, -0.002213999913154855, 0, 0, 0, 0, 0, -0.001806346779805046, -0.00273147531813697, 0, 0, 0, 0, 0.003352998767059311, -0.0005447268248893695, 0, 0, 0, 0, 0, 0, 0, 0, 0, 0, 0, 0, -0.0024619162797905815, 0, 0, 0, 0, 0, 0, 0, 0, 0, 0, -0.0006301837220363011, 0.006647542687964484, 0, 0.00043281763503212297, -0.00432558127552951, 0, 0, 0, 0, 0, 0, 0.0013488815760895959, 0.003978328315389841, 0, 0, 0, 0, 0, -0.002041967177162632, 0, 0, 0, 0, -0.0026315004369692847, 0, 0, 0, 0, 0, 0.004133077305199803, 0, 0, 0, 0, 0, -0.0027253646401477543, 0, -0.0023891459191244537, 0, 0, 0, 0, 0, -0.0024353617536638124, 0, -0.0022205709253243482, 0, 0, -0.0007411187790430736, 0, 0, 0, 0, 0, 0, 0, 0, 0.0011763281630390362, 0.004095869161365867, 0, 0, 0, -0.003031493552491272, 0, 0, 0, 0, 0, 0, 0, 0, 0, 0, 0, 0, 0, 0, 0, 0, 0, 0, 0, 0, 0.004699682101370545, 0, 0, 0, -0.0026425636154195726, 0, 0, 0, -0.0025709780579553686, 0, 0, 0, 0, 0, 0.0018930716471211172, 0, 0, 0.003997553729769649, 0, 0, 0, 0, 0, 0, 0, 0, 0, 0, 0, 0, 0, 0, 0, 0, 0, 0, 0, -0.002648636477781794, 0, 0, 0, 0, 0, 0, -0.0027498831824098687, 0, 0, 0, 0, 0, 0, 0, 0, 0, -0.0007991121289852935, 0, 0.002063828142991251, 0, 0, 0, 0, 0, 0, 0, 0, 0, 0, 0, 0, 0, 0, 0, 0, 0, 0, 0, 0, 0, 0, 0, 0, 0, 0.000439454235023887, -0.0013852715952225238, 0, 0, 0, 0, 0, 0, -0.0023001265599753525, 0, 0, 0, 0, 0, 0, 0, 0, 0, 0, 0.0039031929195458407, 0, 0, 0, 0, 0, 0.0007639887766768755, -0.0018862641498938798, 0, 0.0027859630970778967, 0, 0.001772897556600049, 0, 0, -0.0020642521795669836, 0, 0, 0, -0.0021462147534071544, 0, 0, 0, 0, 0, 0, 0, 0, 0, 0, 0, 0, 0, 0, 0, 0, -0.0024953845153162448, 0, 0, 0, 0, 0, 0.0038409377764359797, -0.0022130678279646747, 0, 0, 0, 0, 0, 0.004735775280973482, 0, 0, 0, 0, -0.0022179763600903768, 0, 0, 0, 0.0035808427930342232, 0, 0, -0.0023200014299578245, 0, 0, 0, 0, 0, 0, -0.001480080539867938, 0, 0, 0, 0, 0, 0.0011275482465209468, 0, 0, 0, 0, 0, 0, 0, 0, 0, 0, 0, 0, -0.0075117499357896435, 0, 0, 0, 0, 0, 0, 0, 0, 0, 0, 0, 0, -0.00213397199396966, 0, 0, 0, 0, 0, 0, 0, 0, 0, 0, 0, 0, 0, 0.0032719873477917616, 0, 0.003854214723651554, 0, 0, 0, 0, 0.003958927237221582, 0.0007848931333858014, 0, 0, 0, 0, 0, 0, 0, 0, 0, 0, 0, -0.0023227510048243116, 0, 0, 0, 0, 0, 0.0021786299730751006, 0, 0, 0, 0, -0.0023755858048946825, 0, 0, 0, 0, 0, 0, 0.0035704263271541686, 0, 0, 0, -0.0022489846708661325, 0, 0, 0, 0.005498084351319227, 0, 0, 0, 0.003665107373215257, 0, 0.0023618712483215055, 0, 0, 0, 0, 0, 0, 0, -0.002447874928467554, 0.0017124836978115458, 0, 0, 0, 0, 0, 0, 0, 0, -0.0021317296960890225, 0, -0.0027442529585824525, 0, 0, 0, 0, 0, 0, 0, 0, 0, 0, 0, 0.001250594168635444, 0, 0, 0, 0, 0, 0, 0, 0, 0, 0, 0, -0.0020887695479053212, 0, 0, 0, 0, 0, 0, -0.002534828493134671, 0, 0, 0, 0, 0.0008333241817434319, 0, 0, 0, 0, 0, 0, -0.0022038759051874173, 0, 8.216437393825451e-05, -0.0011702451738782322, 0, 0, 0.004834020445806998, 0, 0, -0.0017290543269258818, 0, -0.0015445492277253838, 0, 0, 0, 0.002271056624981908, 0, 0, -0.0019778939936955582, 0, 0, -0.0021507759982680214, 0, 0, 0, 0, 0.00033313395466823953, -0.0026472320320793403, 0, 0, 0, 0, 0, 0, 0, 0, 0, -0.002363925377832799, 0, 0, 0, 0, -0.0023581097246873333, 0, 0, 0.0020665968768259573, 0, 0, 0, 0, 0, 0, 0, 0, 0, 0.0038643298530246146, 0, 0, 0, 0, 0, 0, 0, 0, 0, 0, 0.005120818945282163, -0.0031623184288551392, 0.004777625289531108, 0, 0, 0, 0, 0, 0]
Start Date: 2022-08-12
End Date: 2025-11-06
Sharpe Ratio: -0.014
Annualized Sharpe: -0.228
Sharpe 95% CI: (np.float64(-1.24), np.float64(0.716))
Sortino Ratio: -0.019
CAGR: -0.004
Calmar Ratio: -0.099
Daily Win Rate (%): 0.379
Max Drawdown: 0.045
Profit Factor: 0.934
Expectancy: -8.7e-05
Average Win: 0.003251
Average Loss: 0.002123
Total Trades: 198
Total Days: 1014



Rolling 2 - Variant 0 - atr_0.5_1 - Fit Metrics
Contracts: [9, 9, 14, 13, 8, 10, 8, 10, 11, 8, 8, 8, 9, 5, 7, 9, 10, 10, 9, 7, 8, 7, 8, 8, 6, 6, 6, 6, 6, 6, 8, 10, 10, 10, 7, 7, 7, 7, 10, 5, 5, 6, 6, 6, 6, 6, 8, 8, 8, 6, 6, 7, 7, 6, 6, 7, 6, 7, 6, 8, 6, 9, 5, 6, 6, 8, 9, 9, 9, 5, 11, 6, 5, 7, 7, 10, 6, 11, 10, 12, 10, 9, 9, 9, 12, 7, 15, 10, 9, 10, 8, 9, 9, 11, 10, 10, 9, 8, 8, 8, 10, 12, 10, 12, 13, 9, 10, 13, 8, 10, 11, 9, 13, 10, 9, 10, 13, 8, 10, 7, 10, 10, 10, 13, 12, 9, 9, 10, 10, 13, 10, 11, 6, 11, 8, 12, 10, 10, 16, 15, 15, 13, 17, 15, 10, 13, 13, 13, 12, 12, 12, 13, 11, 13, 11, 10, 12, 11, 20, 17, 14, 10, 8, 14, 14, 14, 19, 19, 10, 10, 17, 14, 15, 9, 9, 10, 15, 15, 15, 6, 8, 7, 6, 6, 8, 8, 10, 6, 10, 6, 7, 8, 10, 8, 5, 10, 11, 10, 10, 11, 8, 11, 12, 12, 4, 4, 5, 8, 8, 7, 8, 6, 8, 9, 7, 9, 9, 9, 9, 9, 9, 8, 9, 9, 9, 8, 4, 9, 10, 10, 12, 6, 6, 9, 9, 8, 9, 11, 11, 12, 11, 12, 10, 18, 11, 11]
Trade Returns: [-0.0027386999999999646, 0.0007508563703413546, 0.003972705286249108, -0.00479954637586231, -0.0042066896357881335, -0.004083771026638499, 0.0010686286271076695, -0.0005484999045301662, 0.00328744891028551, -0.004022884204994617, 0.00399483208390316, 0.003743154388823588, 0.0038566099464665852, 0.0030091575721029992, 0.0003624876380775936, 0.004008050702564322, -0.004356792368911934, -0.0007111609598041733, 0.004281890981731901, -0.0016811983231223952, -0.004188085680249648, -0.0037236986106849237, 0.004077208219521801, 0.004160530393715258, 0.0015409036208151542, 0.0008309388516599328, -0.0027419947011720165, 0.0013922295244399876, -0.00021194231870070608, 0.0003470508528883541, 0.003840476371671798, 0.004472948238502609, 0.0013124097903009912, 0.0045086936016009325, 0.00018479863022735814, 0.0030556412397663058, -0.0019089987306051793, -0.000799847895852607, -0.0013399303412883585, 0.0037871082060399147, 0.004086805703434897, 0.003741082787362617, -0.00017077985776893092, 0.00478440169619778, 0.003238621166611452, -0.004250052771440386, -0.0003720899257330999, -3.331076464473974e-05, -0.002428584750925537, -0.0019859299939341745, -0.0037182204006543677, 0.004061134888473645, 0.004087145291993996, 0.0034890073133232555, -0.00045752912348847783, 0.0050022824184967375, 0.004558770051315205, 8.303033724536405e-05, -0.003869501563954234, 0.00030012306778928727, -0.005467290079842794, 0.004186023745731785, -0.000949211368547222, -0.0035687893489836646, -0.003328808805838167]
Daily Returns: [-0.0027386999999999646, 0, 0, 0, 0.0007508563703413546, 0, 0, 0, 0, 0, -0.0008268410896132023, 0, -0.0042066896357881335, 0, -0.003015142399530829, 0, 0, 0, -0.0005484999045301662, 0, 0.00328744891028551, 0, 0, 0, 0, 0, 0, 0, 0, 0, 0, 0, 0, 0, 0, 0, 0, 0, 0, 0, 0, -0.004022884204994617, 0.00399483208390316, 0, 0, 0, 0, 0, 0, 0, 0, 0, 0, 0.003743154388823588, 0, 0, 0.0038566099464665852, 0, 0, 0, 0, 0, 0, 0, 0, 0, 0, 0, 0, 0, 0, 0, 0.0030091575721029992, 0, 0, 0, 0, 0, 0, 0, 0, 0.0003624876380775936, 0, 0, -0.0010599026261517855, 0, 0, 0.004281890981731901, 0, 0, 0, 0, -0.0016811983231223952, 0, 0, 0, 0, 0, 0, 0, 0, -0.004188085680249648, 0, 0, 0, 0, 0, -0.0037236986106849237, 0.00823773861323706, 0, 0, 0, 0, 0, 0, 0, 0, 0, 0, 0.0015409036208151542, -0.0019110558495120836, 0, 0.0013922295244399876, 0.000135108534187648, 0, 0, 0, 0, 0, 0, 0, 0, 0, 0, 0, 0, 0, 0, 0, 0, 0, 0, 0.003840476371671798, 0, 0, 0, 0, 0.004472948238502609, 0.0013124097903009912, 0.0045086936016009325, 0, 0, 0, 0, 0, 0, 0, 0, 0, 0, 0, 0.00018479863022735814, 0.0003467946133085195, 0, 0, 0, 0, 0, 0, 0, 0, 0, 0, 0, 0, 0, 0, 0, 0, 0, 0, 0, 0, 0, 0, 0, -0.0013399303412883585, 0, 0.0037871082060399147, 0, 0, 0.007657108633028583, 0.00478440169619778, 0, 0, 0, 0.003238621166611452, 0, -0.004622142697173487, 0, 0, -3.331076464473974e-05, 0, 0, 0, 0, 0, 0, 0, 0, -0.002428584750925537, 0, 0, 0, 0, 0, -0.0019859299939341745, 0, -0.0037182204006543677, 0.004061134888473645, 0, 0, 0.004087145291993996, 0, 0, 0, 0, 0.0034890073133232555, 0, 0, 0, 0, 0, 0, 0, 0, 0, 0, 0, 0, 0, 0, 0, 0, 0, 0, 0, 0, 0, 0, 0, -0.00045752912348847783, 0, 0, 0, 0, 0, 0.0050022824184967375, 0, 0, 0, 0, 0, 0, 0.004641800388560569, 0, 0, 0, -0.003869501563954234, 0, 0.00030012306778928727, 0, 0, 0, 0, -0.005467290079842794, 0, 0, 0, 0, 0, 0, 0, 0, 0, 0, 0, 0, 0, 0, 0, 0, 0.004186023745731785, 0, 0, 0, 0, 0, -0.000949211368547222, 0, 0, 0, 0, 0, -0.0035687893489836646, -0.003328808805838167]
Start Date: 2021-12-17
End Date: 2022-12-08
Sharpe Ratio: 0.079
Annualized Sharpe: 1.254
Sharpe 95% CI: (np.float64(-0.489), np.float64(2.847))
Sortino Ratio: 0.074
CAGR: 0.029
Calmar Ratio: 2.263
Daily Win Rate (%): 0.554
Max Drawdown: 0.013
Profit Factor: 1.479
Expectancy: 0.000535
Average Win: 0.002985
Average Loss: 0.002506
Total Trades: 65
Total Days: 306

Rolling 2 - Variant 0 - atr_0.5_1 - Test Metrics
Contracts: [9, 9, 14, 13, 8, 10, 8, 10, 11, 8, 8, 8, 9, 5, 7, 9, 10, 10, 9, 7, 8, 7, 8, 8, 6, 6, 6, 6, 6, 6, 8, 10, 10, 10, 7, 7, 7, 7, 10, 5, 5, 6, 6, 6, 6, 6, 8, 8, 8, 6, 6, 7, 7, 6, 6, 7, 6, 7, 6, 8, 6, 9, 5, 6, 6, 8, 9, 9, 9, 5, 11, 6, 5, 7, 7, 10, 6, 11, 10, 12, 10, 9, 9, 9, 12, 7, 15, 10, 9, 10, 8, 9, 9, 11, 10, 10, 9, 8, 8, 8, 10, 12, 10, 12, 13, 9, 10, 13, 8, 10, 11, 9, 13, 10, 9, 10, 13, 8, 10, 7, 10, 10, 10, 13, 12, 9, 9, 10, 10, 13, 10, 11, 6, 11, 8, 12, 10, 10, 16, 15, 15, 13, 17, 15, 10, 13, 13, 13, 12, 12, 12, 13, 11, 13, 11, 10, 12, 11, 20, 17, 14, 10, 8, 14, 14, 14, 19, 19, 10, 10, 17, 14, 15, 9, 9, 10, 15, 15, 15, 6, 8, 7, 6, 6, 8, 8, 10, 6, 10, 6, 7, 8, 10, 8, 5, 10, 11, 10, 10, 11, 8, 11, 12, 12, 4, 4, 5, 8, 8, 7, 8, 6, 8, 9, 7, 9, 9, 9, 9, 9, 9, 8, 9, 9, 9, 8, 4, 9, 10, 10, 12, 6, 6, 9, 9, 8, 9, 11, 11, 12, 11, 12, 10, 18, 11, 11]
Trade Returns: [-0.002255311633752211, 0.0015965401325337965, -0.0006899772037795884, -0.005234343551021155, -0.0032575733870611086, -0.0021524759807456622, 0.0034866889884742703, -0.0036821652437232133, 0.004170094639269843, -0.004274408453573918, -0.003647560979694462, -0.004377864344498048, 0.004311584140964322, 0.00498478839224707, -0.005215872661235611, 0.0013080799914484882, -0.0016929864002543957, -0.0048733797583565205, 0.005237323162722021, -0.0014839368553382695, -0.005367926979840806, -0.0018767445456971698, -0.003199262018552509, 0.0027176602011211547, -0.0046008377012392064, 0.0006346011726609496, 0.002585554167397332, -0.0046724437919840175, 0.005013446889561713, -0.003979544871528102, 0.003058801660369835, 0.0035468437581801775, -0.0020165460058011496, -0.005892887740714995, 0.00436872912521684, -0.00413976946311184, -0.0027443238369948345, 0.00058205835134964, -0.0021923220624067074, -0.006439948786891621, -0.001400925104331189, 0.004945218336861722, -0.004729133373054076, 0.0015961774476119552, -0.00396058778591062, -3.9139608251976936e-05, 0.0004613971494388697, -0.005356899940782589, 0.0006553573211230275, 0.004232652825498736, -0.0049836777333004175, 0.004322458770062754, 0.0016586428818117379, -0.0019392983440637646, -0.003937546316252818, 0.0032531607240944426, -0.0013753970437943542, 0.004508215681899797, 0.003579184667814721, 0.0008689640456416862, -0.003866345114274698, -0.0020600100448779344, -0.0013146834354385076, -0.004234338101923792, -0.004755334534381861, 0.005137429972167239, 0.00308725064150304, -0.0005365371059744931, -0.0010148923897672522, -0.004173737961997287, 0.003017657788320132, 0.00021061069929819183, 0.004100652547158596, -0.0042917634258329415, -0.0029271780520658958, -0.0005880819171798145, -0.0034148880711575096, -0.004916092701429146, 0.0031170474869335195, -0.0005570016998552832, -0.004768995792575712, -0.0006457928043599159, 0.004912293515227368, 0.001491067722980485, 0.0004095256446160651, -0.0039394799540191485, -0.004126713896875451, 0.003813561428834235, -0.0018224015724633657, 0.00409071588923681, -0.0025241195966907476, -0.0024875915624531903, 0.004167427831866005, -0.004824156504073916, 0.0019253981026184307, -0.004391782896140067, 0.0003769542826810712, -0.0007601461304340831, 0.0012065519770718188, 0.0039209136873155125, -0.005517543936262805, 0.0044684628445845545, -0.005045943456639557, -0.004613407734048721, 0.0017781842728091671, 0.0037909376868484664, -0.004821144145212265, -0.005385712859621343, -0.0007469443844331723, 0.003995999099753123, 0.004378028269103599, 0.0020752163624683903, -0.0016215977962234815, -0.001429573012132701, -0.003906075876307545, 0.0040346913946684325, 0.0007895863133189184, -0.0037749985673691143, 0.0028339647160139747, 0.0018357255894881138, -0.0031491384663801555, 0.0017771425271167597, 0.00027918075314430237, 0.003429702605057297, 0.003581256946464729, 0.004862271159421057, -0.004431826891159153, 0.0032078351532101907, -0.0009091534061447333, 0.001553418576802497, 0.004354492710302657, -0.005533961823804993, 0.004235401247712418, -0.004921564646716695, -0.004833490905428278, -0.004146896040194711, 0.003351459300581946, -0.005181605419014691, 0.006662829211331784, 0.0040392420875629605, 0.0008058750017147414, -0.0027866089399383046, 0.005034737343937539, -0.0031300534150981644, -0.003003897391102747, 0.0036727413962125465, -0.004463197344830652, 0.004972975144392584, 0.0038359832672127873, 0.00243429464912861, -0.0002120102287143953, 0.0006504252360700028, 0.0036954524472457193, 0.003968095143090933, -3.9232155749440634e-05, -0.004230624073506304, -0.005405488229033715, 0.003387673332879584, -0.003830505451659889, -8.687498581451342e-05, -0.005077798257790304, 0.0008572959015789836, -0.004292141803521867, 8.470319445441205e-05, -0.001206401851991989, 0.004600205517004633, -0.0004125796970179271, -0.003019470075046504, 0.002342230073555617, 0.003612026020128383, -0.0037575146249427885, 0.0003079685232050755, 0.0043432036582773895, -0.0045272701489708, 0.000565168492660299, 0.00412919845274151, -0.0038995270684839237, 0.004010459013484749, 0.005113026124064961, -0.002152933044731417, 0.004943418796015547]
Daily Returns: [0, 0, 0, 0, 0, 0, 0, 0, 0, 0, 0, 0, -0.002255311633752211, 0, 0, 0.0015965401325337965, 0, -0.0006899772037795884, 0, 0, 0, -0.005234343551021155, 0, 0, 0, 0, -0.0032575733870611086, 0, 0, 0, 0, 0, 0, 0, -0.0021524759807456622, 0, 0.0034866889884742703, 0, -0.0036821652437232133, 0, 0, 0, 0.004170094639269843, 0, 0, 0, 0, 0, -0.004274408453573918, 0, -0.003647560979694462, 0, 0, 0, 0, 0, 0, -0.004377864344498048, 0, 0.004311584140964322, 0.00498478839224707, 0, 0, 0, 0, 0, 0, 0, 0, 0, -0.005215872661235611, 0.0013080799914484882, 0, 0, -0.0016929864002543957, -0.0048733797583565205, 0, 0, 0.005237323162722021, 0, 0, 0, 0, 0, 0, 0, 0, 0, 0, 0, 0, -0.0014839368553382695, 0, 0, 0, 0, 0, 0, -0.007244671525537975, 0, 0, 0, -0.003199262018552509, 0, 0.0027176602011211547, 0, -0.0046008377012392064, 0, 0, 0, 0.0006346011726609496, 0, 0, 0, 0.002585554167397332, 0, -0.0046724437919840175, 0, 0, 0, 0.005013446889561713, 0, 0, 0, -0.003979544871528102, 0.003058801660369835, 0, 0, 0.001530297752379028, 0, 0, 0, 0, 0, 0, 0, 0, -0.005892887740714995, 0, 0, 0, 0, 0, 0, 0, 0, 0, 0, 0.00436872912521684, 0, -0.00413976946311184, 0, 0, 0, 0, -0.0027443238369948345, 0, 0, 0, 0, 0, 0, 0, 0, 0, 0, 0, 0, 0, 0, 0, 0, 0.00058205835134964, 0, 0, 0, 0, -0.0021923220624067074, 0, 0, -0.00784087389122281, 0, 0, 0, 0, 0, 0, 0, 0, 0, 0, 0.004945218336861722, 0, 0, 0, 0, 0, -0.004729133373054076, 0, 0, 0, 0, 0, 0, 0, 0, 0.0015961774476119552, 0, 0, -0.003999727394162597, 0, 0, 0.0004613971494388697, 0, 0, 0, 0, 0, 0, -0.005356899940782589, 0, 0, 0, 0, 0, 0.0006553573211230275, 0, 0, -0.0007510249078016814, 0, 0, 0, 0, 0, 0, 0, 0, 0.004322458770062754, 0, 0, 0, 0, 0, 0, 0, 0, 0, 0, 0, 0, 0, 0, 0, 0, 0, 0, 0, 0, 0.0016586428818117379, 0, 0, 0, 0, 0, 0, 0, 0, 0, -0.0019392983440637646, -0.0006843855921583757, 0, 0, -0.0013753970437943542, 0, 0.004508215681899797, 0.003579184667814721, 0, 0, 0, 0.0008689640456416862, 0, -0.003866345114274698, -0.0020600100448779344, 0, 0, 0, 0, -0.0013146834354385076, 0, 0, 0, -0.008989672636305653, 0, 0, 0, 0, 0, 0, 0, 0, 0, 0, 0, 0, 0, 0.005137429972167239, 0.00308725064150304, 0, 0, 0, 0, 0, 0, 0, 0, -0.0005365371059744931, 0, -0.0010148923897672522, 0, 0, 0, 0, 0, 0, 0, 0, 0, 0, 0, 0, 0, 0, 0, 0, 0, 0, 0, 0, 0, 0, 0, 0, 0, 0, 0, 0, 0, 0, 0, 0, 0, 0, 0, 0, 0, 0, 0, 0, 0, 0, -0.004173737961997287, 0, 0, 0, 0, 0.0032282684876183236, 0.004100652547158596, 0, 0, -0.0042917634258329415, 0, 0, 0, 0, 0, 0, 0, 0, 0, 0, 0, 0, -0.0029271780520658958, 0, 0, 0, 0, 0, -0.0005880819171798145, 0, 0, 0, 0, 0, -0.0034148880711575096, -0.004916092701429146, 0, 0, 0, 0, 0.0031170474869335195, -0.0005570016998552832, 0, 0, 0, 0, 0, 0, 0, 0, 0, 0, 0, 0, -0.004768995792575712, 0, 0, 0, 0, 0, 0, 0, 0, 0, 0, -0.0006457928043599159, 0.0064033612382078525, 0, 0.0004095256446160651, -0.0080661938508946, 0, 0, 0, 0, 0, 0, 0.0019911598563708693, 0.00409071588923681, 0, 0, 0, 0, 0, -0.0025241195966907476, 0, 0, 0, 0, -0.0024875915624531903, 0, 0, 0, 0, 0, 0.004167427831866005, 0, 0, 0, 0, 0, -0.004824156504073916, 0, 0.0019253981026184307, 0, 0, 0, 0, 0, -0.004391782896140067, 0, 0.0003769542826810712, 0, 0, -0.0007601461304340831, 0, 0, 0, 0, 0, 0, 0, 0, 0.0012065519770718188, 0.0039209136873155125, 0, 0, 0, -0.005517543936262805, 0, 0, 0, 0, 0, 0, 0, 0, 0, 0, 0, 0, 0, 0, 0, 0, 0, 0, 0, 0, 0.0044684628445845545, 0, 0, 0, -0.005045943456639557, 0, 0, 0, -0.004613407734048721, 0, 0, 0, 0, 0, 0.0017781842728091671, 0, 0, 0.0037909376868484664, 0, 0, 0, 0, 0, 0, 0, 0, 0, 0, 0, 0, 0, 0, 0, 0, 0, 0, 0, -0.004821144145212265, 0, 0, 0, 0, 0, 0, -0.005385712859621343, 0, 0, 0, 0, 0, 0, 0, 0, 0, -0.0007469443844331723, 0, 0.008374027368856722, 0, 0, 0, 0, 0, 0, 0, 0, 0, 0, 0, 0, 0, 0, 0, 0, 0, 0, 0, 0, 0, 0, 0, 0, 0, 0.00045361856624490885, -0.001429573012132701, 0, 0, 0, 0, 0, 0, -0.003906075876307545, 0, 0, 0, 0, 0, 0, 0, 0, 0, 0, 0.0040346913946684325, 0, 0, 0, 0, 0, 0.0007895863133189184, -0.0037749985673691143, 0, 0.0028339647160139747, 0, 0.0018357255894881138, 0, 0, -0.0031491384663801555, 0, 0, 0, 0.0017771425271167597, 0, 0, 0, 0, 0, 0, 0, 0, 0, 0, 0, 0, 0, 0, 0, 0, 0.00027918075314430237, 0, 0, 0, 0, 0, 0.003429702605057297, 0.003581256946464729, 0, 0, 0, 0, 0, 0.004862271159421057, 0, 0, 0, 0, -0.004431826891159153, 0, 0, 0, 0.0032078351532101907, 0, 0, -0.0009091534061447333, 0, 0, 0, 0, 0, 0, 0.001553418576802497, 0, 0, 0, 0, 0, -0.0011794691135023367, 0, 0, 0, 0, 0, 0, 0, 0, 0, 0, 0, 0, -0.005519654304432554, 0, 0, 0, 0, 0, 0, 0, 0, 0, 0, 0, 0, -0.004146896040194711, 0, 0, 0, 0, 0, 0, 0, 0, 0, 0, 0, 0, 0, 0.003351459300581946, 0, 0.0014812237923170933, 0, 0, 0, 0, 0.0040392420875629605, 0.0008058750017147414, 0, 0, 0, 0, 0, 0, 0, 0, 0, 0, 0, -0.0027866089399383046, 0, 0, 0, 0, 0, 0.0019046839288393747, 0, 0, 0, 0, -0.003003897391102747, 0, 0, 0, 0, 0, 0, 0.0036727413962125465, 0, 0, 0, -0.004463197344830652, 0, 0, 0, 0.004972975144392584, 0, 0, 0, 0.0038359832672127873, 0, 0.00243429464912861, 0, 0, 0, 0, 0, 0, 0, 0.0004384150073556075, 0.007624315434587212, 0, 0, 0, 0, 0, 0, 0, 0, -0.004230624073506304, 0, -0.005405488229033715, 0, 0, 0, 0, 0, 0, 0, 0, 0, 0, 0, -0.0004428321187803048, 0, 0, 0, 0, 0, 0, 0, 0, 0, 0, 0, -8.687498581451342e-05, 0, 0, 0, 0, 0, 0, -0.005077798257790304, 0, 0, 0, 0, 0.0008572959015789836, 0, 0, 0, 0, 0, 0, -0.004292141803521867, 0, 8.470319445441205e-05, -0.001206401851991989, 0, 0, 0.004600205517004633, 0, 0, -0.0004125796970179271, 0, -0.003019470075046504, 0, 0, 0, 0.002342230073555617, 0, 0, 0.003612026020128383, 0, 0, -0.0037575146249427885, 0, 0, 0, 0, 0.0003079685232050755, 0.0043432036582773895, 0, 0, 0, 0, 0, 0, 0, 0, 0, -0.0045272701489708, 0, 0, 0, 0, 0.000565168492660299, 0, 0, 0.00022967138425758612, 0, 0, 0, 0, 0, 0, 0, 0, 0, 0.004010459013484749, 0, 0, 0, 0, 0, 0, 0, 0, 0, 0, 0.005113026124064961, -0.002152933044731417, 0.004943418796015547, 0, 0, 0, 0, 0, 0]
Start Date: 2022-12-09
End Date: 2025-11-06
Sharpe Ratio: -0.036
Annualized Sharpe: -0.576
Sharpe 95% CI: (np.float64(-1.569), np.float64(0.441))
Sortino Ratio: -0.029
CAGR: -0.014
Calmar Ratio: -0.183
Daily Win Rate (%): 0.475
Max Drawdown: 0.078
Profit Factor: 0.837
Expectancy: -0.000281
Average Win: 0.003039
Average Loss: 0.003286
Total Trades: 181
Total Days: 912



Rolling 2 - Variant 1 - atr_0.25_4 - Fit Metrics
Contracts: [9, 9, 14, 13, 9, 10, 9, 10, 11, 8, 8, 8, 9, 5, 7, 9, 10, 10, 9, 7, 8, 7, 8, 8, 6, 6, 6, 6, 6, 6, 8, 10, 10, 10, 7, 7, 7, 7, 10, 5, 5, 6, 6, 6, 6, 6, 8, 8, 8, 6, 6, 7, 7, 6, 6, 7, 6, 7, 6, 8, 6, 9, 5, 6, 6, 8, 9, 9, 9, 5, 12, 6, 5, 7, 7, 11, 6, 11, 11, 12, 10, 9, 9, 9, 12, 7, 15, 10, 9, 10, 8, 9, 9, 11, 11, 10, 9, 8, 8, 8, 10, 12, 10, 12, 13, 9, 10, 13, 8, 10, 11, 9, 13, 10, 9, 10, 14, 8, 11, 7, 10, 10, 11, 13, 12, 10, 10, 10, 10, 14, 11, 11, 6, 11, 8, 13, 10, 10, 16, 15, 16, 13, 18, 16, 10, 13, 13, 13, 12, 12, 13, 13, 12, 13, 11, 10, 13, 11, 21, 18, 15, 11, 8, 15, 15, 15, 20, 19, 11, 11, 18, 15, 15, 10, 9, 10, 15, 16, 15, 7, 8, 7, 6, 6, 8, 8, 10, 7, 11, 7, 8, 8, 10, 9, 5, 11, 11, 10, 10, 12, 8, 11, 12, 13, 4, 4, 5, 8, 8, 7, 9, 6, 8, 9, 7, 9, 10, 10, 9, 9, 9, 8, 9, 10, 9, 9, 4, 9, 10, 10, 13, 6, 6, 9, 9, 9, 10, 12, 11, 12, 12, 12, 10, 18, 12, 11]
Trade Returns: [-0.0023168250000000002, 0.0007505388672109267, 0.008177622716860606, -0.0025174181588253153, -0.00218773910133139, -0.002365830118428337, 0.0011939492825521626, -0.000542626008589189, -0.0024188213078542593, -0.0021118441428186916, 0.0011181414796762035, -0.0021163134670183826, -0.002159685794785637, 0.003032567721867072, 0.00036529913380713814, 0.004227565096099175, -0.0022632381356551463, -0.0007166747916419554, -0.0023800229414724667, -0.0016796141057123664, -0.0022248920904930094, -0.0019511216142284698, -0.002284774014775896, 0.0036645774439966793, -0.0023171409658465205, -0.002512308367594729, -0.00274695250680916, 0.0014237354465100251, -0.00021673171920538295, 0.00035489509023675214, 0.007991043805206318, 0.005689059272297359, 0.0013349207398325512, 0.00933999456835078, 0.00018706443251682915, 0.003093099223161108, -0.002170150642735618, -0.0008098345972759683, -0.00217973091981415, 0.0020327345962216164, 0.008397912687530347, 0.003781652936280948, -0.0001726249015544555, 0.0038785436015741108, 0.002799641878287132, -0.0022530112953483275, -0.00037586090995210894, -3.3648483003638686e-05, -0.002489910311928737, -0.002006064854057789, -0.001918207920094812, 0.0023334660064630005, 0.008457596285570754, 0.0035088873207258973, -0.00045696166400894064, 0.010071758758949475, 0.009303296259406924, -0.002577083062413, -0.0020036065983720696, 0.0002983302264845533, -0.0027768743651421807, -0.0023244303168691314, -0.0009496999717728438, -0.0018426958105489263, -0.0017379024669862372]
Daily Returns: [-0.0023168250000000002, 0, 0, 0, 0.0007505388672109267, 0, 0, 0, 0, 0, 0.005660204558035291, 0, -0.00218773910133139, 0, -0.0011718808358761746, 0, 0, 0, -0.000542626008589189, 0, -0.0024188213078542593, 0, 0, 0, 0, 0, 0, 0, 0, 0, 0, 0, 0, 0, 0, 0, 0, 0, 0, 0, 0, -0.0021118441428186916, 0.0011181414796762035, 0, 0, 0, 0, 0, 0, 0, 0, 0, 0, -0.0021163134670183826, 0, 0, -0.002159685794785637, 0, 0, 0, 0, 0, 0, 0, 0, 0, 0, 0, 0, 0, 0, 0, 0.003032567721867072, 0, 0, 0, 0, 0, 0, 0, 0, 0.00036529913380713814, 0, 0, 0.001247652168802073, 0, 0, -0.0023800229414724667, 0, 0, 0, 0, -0.0016796141057123664, 0, 0, 0, 0, 0, 0, 0, 0, -0.0022248920904930094, 0, 0, 0, 0, 0, -0.0019511216142284698, 0.0013798034292207832, 0, 0, 0, 0, 0, 0, 0, 0, 0, 0, -0.0023171409658465205, -0.0052592608744038895, 0, 0.0014237354465100251, 0.0001381633710313692, 0, 0, 0, 0, 0, 0, 0, 0, 0, 0, 0, 0, 0, 0, 0, 0, 0, 0, 0.007991043805206318, 0, 0, 0, 0, 0.005689059272297359, 0.0013349207398325512, 0.00933999456835078, 0, 0, 0, 0, 0, 0, 0, 0, 0, 0, 0, 0.00018706443251682915, 0.00011311398314952173, 0, 0, 0, 0, 0, 0, 0, 0, 0, 0, 0, 0, 0, 0, 0, 0, 0, 0, 0, 0, 0, 0, 0, -0.00217973091981415, 0, 0.0020327345962216164, 0, 0, 0.01200694072225684, 0.0038785436015741108, 0, 0, 0, 0.002799641878287132, 0, -0.0026288722053004364, 0, 0, -3.3648483003638686e-05, 0, 0, 0, 0, 0, 0, 0, 0, -0.002489910311928737, 0, 0, 0, 0, 0, -0.002006064854057789, 0, -0.001918207920094812, 0.0023334660064630005, 0, 0, 0.008457596285570754, 0, 0, 0, 0, 0.0035088873207258973, 0, 0, 0, 0, 0, 0, 0, 0, 0, 0, 0, 0, 0, 0, 0, 0, 0, 0, 0, 0, 0, 0, 0, -0.00045696166400894064, 0, 0, 0, 0, 0, 0.010071758758949475, 0, 0, 0, 0, 0, 0, 0.006726213196993924, 0, 0, 0, -0.0020036065983720696, 0, 0.0002983302264845533, 0, 0, 0, 0, -0.0027768743651421807, 0, 0, 0, 0, 0, 0, 0, 0, 0, 0, 0, 0, 0, 0, 0, 0, -0.0023244303168691314, 0, 0, 0, 0, 0, -0.0009496999717728438, 0, 0, 0, 0, 0, -0.0018426958105489263, -0.0017379024669862372]
Start Date: 2021-12-17
End Date: 2022-12-08
Sharpe Ratio: 0.078
Annualized Sharpe: 1.232
Sharpe 95% CI: (np.float64(-0.619), np.float64(2.591))
Sortino Ratio: 0.131
CAGR: 0.031
Calmar Ratio: 1.472
Daily Win Rate (%): 0.415
Max Drawdown: 0.021
Profit Factor: 1.546
Expectancy: 0.00058
Average Win: 0.003956
Average Loss: 0.001819
Total Trades: 65
Total Days: 306

Rolling 2 - Variant 1 - atr_0.25_4 - Test Metrics
Contracts: [9, 9, 14, 13, 9, 10, 9, 10, 11, 8, 8, 8, 9, 5, 7, 9, 10, 10, 9, 7, 8, 7, 8, 8, 6, 6, 6, 6, 6, 6, 8, 10, 10, 10, 7, 7, 7, 7, 10, 5, 5, 6, 6, 6, 6, 6, 8, 8, 8, 6, 6, 7, 7, 6, 6, 7, 6, 7, 6, 8, 6, 9, 5, 6, 6, 8, 9, 9, 9, 5, 12, 6, 5, 7, 7, 11, 6, 11, 11, 12, 10, 9, 9, 9, 12, 7, 15, 10, 9, 10, 8, 9, 9, 11, 11, 10, 9, 8, 8, 8, 10, 12, 10, 12, 13, 9, 10, 13, 8, 10, 11, 9, 13, 10, 9, 10, 14, 8, 11, 7, 10, 10, 11, 13, 12, 10, 10, 10, 10, 14, 11, 11, 6, 11, 8, 13, 10, 10, 16, 15, 16, 13, 18, 16, 10, 13, 13, 13, 12, 12, 13, 13, 12, 13, 11, 10, 13, 11, 21, 18, 15, 11, 8, 15, 15, 15, 20, 19, 11, 11, 18, 15, 15, 10, 9, 10, 15, 16, 15, 7, 8, 7, 6, 6, 8, 8, 10, 7, 11, 7, 8, 8, 10, 9, 5, 11, 11, 10, 10, 12, 8, 11, 12, 13, 4, 4, 5, 8, 8, 7, 9, 6, 8, 9, 7, 9, 10, 10, 9, 9, 9, 8, 9, 10, 9, 9, 4, 9, 10, 10, 13, 6, 6, 9, 9, 9, 10, 12, 11, 12, 12, 12, 10, 18, 12, 11]
Trade Returns: [-0.0019840442628579263, 0.0015916264309512955, -0.0021787198944187183, -0.0027267927654884335, -0.001670360620894242, -0.0018947216737098917, 0.003738396415938952, -0.0018884037834108382, 0.0019648571186068053, -0.0021963498097601307, -0.0018679972000721296, -0.0022922481991550837, 0.007211620878432526, -0.003069670787242836, -0.002706794302630347, 0.0012962015383198339, -0.002142305314697151, -0.0025303978643591045, -0.00286635937208561, -0.0014898180224982942, -0.0027852044280140043, -0.0018739714981192254, -0.0016976640905833995, 0.0056692993755021225, -0.002364758397214465, 0.0006294376348657438, 0.0028147246310455364, -0.0024595451083469447, 0.004034031532745782, -0.0020589376912052626, 0.00302362863299195, 0.0038995159751362496, -0.0020172153372719826, -0.0030589738600845934, -0.002510840060633835, -0.002465272404257954, -0.002522873286128547, 0.0005740907092418886, -0.0016261957142996515, -0.00330371716739639, -0.0013817592157887486, 0.009801273038854792, -0.0023726208767939007, -0.0022942139785270747, -0.0020533152606039863, -3.836650300925474e-05, -0.0023058742002638223, -0.002753943201715315, 0.0006407350886741318, 0.00829898167152168, -0.0025253585887241177, 0.007287585450552558, 0.0016083304106151587, -0.0022178260112920107, -0.0022423371744232277, 0.0031546393745274814, -0.0027147957436585483, 0.004244039058607255, -0.0024159045518861604, 0.0009409037941357094, -0.0021602272764386374, -0.0019215683543954958, -0.0012758831661054337, -0.002350456183584661, -0.0024109996710438624, -0.002812236679459738, -0.0028043501830130194, -0.0005274103585121823, -0.0019117493457632795, -0.0021558810093255014, 0.0038425136938432434, 0.00020677340736150149, 0.006722441666873981, -0.002249551986859967, -0.0027032121299933026, -0.002210190046428222, -0.0017972975111725125, -0.00271776678801394, -0.00212193260911083, -0.0005449591827578915, -0.0024629670037582515, -0.0006304540545948437, 0.0026746943855656376, 0.001458878247122282, 0.00043408906670843443, -0.0020574343398435863, -0.002280861882912885, 0.007655189528315434, -0.002355209431319017, 0.005481016994316481, -0.0022066525175457605, -0.0026326263109370967, 0.008600985779205844, -0.0027070048170290957, -0.0025425079245299954, -0.002419282960502112, -0.0022154370286608725, -0.0007362138837667582, 0.0012520041597038152, 0.0033169687524606545, -0.003013525700988944, 0.0005398947811182979, -0.0026377748896034147, -0.002566306734119158, 0.0018896231916553639, 0.008284317129055611, -0.002632580455088121, -0.00273316940226655, -0.0007942418169367567, -0.002198456302313456, 0.0027239691012862152, 0.002001679537367745, -0.001668533410074694, -0.0013790810678086418, -0.002289833516775251, 0.004790362581775971, 0.0007589081665821739, -0.0018737297965250202, 0.004084048526187715, 0.0017610944160460003, -0.0020505334931755085, -0.0021319220493270937, -0.0024768466839941643, 0.003986986529461596, -0.002196266927745487, -0.002632640645400578, -0.002201101133369329, 0.004344344575546107, -0.0023193201826354837, -0.0014796449173287752, 0.008684449365014153, -0.003121869999803292, -0.0025750626856183476, -0.0024536862647666978, -0.0024476804249275144, -0.002123887781921208, 0.003235186044361062, -0.002838212811187483, 0.013132482921854349, 0.0008290907928835395, 0.0007786679014474984, -0.002304342876876973, 0.006159061232642336, -0.002699221102262313, -0.002353714119628911, 0.0036682018997548672, -0.0022398471978898405, 0.0001853996021969035, 0.004935615947865129, 0.002349279702281228, -0.00020462336859543095, -0.002478032954360612, 0.0005756137809553854, -0.002178883000286777, -3.833686174450988e-05, -0.002128000296403845, -0.0027394417287987935, 0.006600218717013223, -0.0021948946705053164, -0.0020785558114828654, -0.0025303722190400976, 0.0008292408774230901, -0.0021930858189678085, 8.176121636757096e-05, -0.0011645035780069241, -0.0010290122769777946, -0.0017306592422329414, -0.001545985370116885, 0.0022731715532512986, -0.0019797317358851373, -0.002152778336289667, 0.0003334447661549794, -0.0026497010564717847, -0.0023661360248985242, -0.0023603201633889273, 0.005561407830985998, -0.002428259362461967, 0.0036747993638447845, 0.0035388812424602327, -0.0031675148185379945, 0.00975658915861394]
Daily Returns: [0, 0, 0, 0, 0, 0, 0, 0, 0, 0, 0, 0, -0.0019840442628579263, 0, 0, 0.0015916264309512955, 0, -0.0021787198944187183, 0, 0, 0, -0.0027267927654884335, 0, 0, 0, 0, -0.001670360620894242, 0, 0, 0, 0, 0, 0, 0, -0.0018947216737098917, 0, 0.003738396415938952, 0, -0.0018884037834108382, 0, 0, 0, 0.0019648571186068053, 0, 0, 0, 0, 0, -0.0021963498097601307, 0, -0.0018679972000721296, 0, 0, 0, 0, 0, 0, -0.0022922481991550837, 0, 0.007211620878432526, -0.003069670787242836, 0, 0, 0, 0, 0, 0, 0, 0, 0, -0.002706794302630347, 0.0012962015383198339, 0, 0, -0.002142305314697151, -0.0025303978643591045, 0, 0, -0.00286635937208561, 0, 0, 0, 0, 0, 0, 0, 0, 0, 0, 0, 0, -0.0014898180224982942, 0, 0, 0, 0, 0, 0, -0.00465917592613323, 0, 0, 0, -0.0016976640905833995, 0, 0.0056692993755021225, 0, -0.002364758397214465, 0, 0, 0, 0.0006294376348657438, 0, 0, 0, 0.0028147246310455364, 0, -0.0024595451083469447, 0, 0, 0, 0.004034031532745782, 0, 0, 0, -0.0020589376912052626, 0.00302362863299195, 0, 0, 0.001882300637864267, 0, 0, 0, 0, 0, 0, 0, 0, -0.0030589738600845934, 0, 0, 0, 0, 0, 0, 0, 0, 0, 0, -0.002510840060633835, 0, -0.002465272404257954, 0, 0, 0, 0, -0.002522873286128547, 0, 0, 0, 0, 0, 0, 0, 0, 0, 0, 0, 0, 0, 0, 0, 0, 0.0005740907092418886, 0, 0, 0, 0, -0.0016261957142996515, 0, 0, -0.004685476383185139, 0, 0, 0, 0, 0, 0, 0, 0, 0, 0, 0.009801273038854792, 0, 0, 0, 0, 0, -0.0023726208767939007, 0, 0, 0, 0, 0, 0, 0, 0, -0.0022942139785270747, 0, 0, -0.002091681763613241, 0, 0, -0.0023058742002638223, 0, 0, 0, 0, 0, 0, -0.002753943201715315, 0, 0, 0, 0, 0, 0.0006407350886741318, 0, 0, 0.0057736230827975625, 0, 0, 0, 0, 0, 0, 0, 0, 0.007287585450552558, 0, 0, 0, 0, 0, 0, 0, 0, 0, 0, 0, 0, 0, 0, 0, 0, 0, 0, 0, 0, 0.0016083304106151587, 0, 0, 0, 0, 0, 0, 0, 0, 0, -0.0022178260112920107, 0.0009123022001042537, 0, 0, -0.0027147957436585483, 0, 0.004244039058607255, -0.0024159045518861604, 0, 0, 0, 0.0009409037941357094, 0, -0.0021602272764386374, -0.0019215683543954958, 0, 0, 0, 0, -0.0012758831661054337, 0, 0, 0, -0.004761455854628524, 0, 0, 0, 0, 0, 0, 0, 0, 0, 0, 0, 0, 0, -0.002812236679459738, -0.0028043501830130194, 0, 0, 0, 0, 0, 0, 0, 0, -0.0005274103585121823, 0, -0.0019117493457632795, 0, 0, 0, 0, 0, 0, 0, 0, 0, 0, 0, 0, 0, 0, 0, 0, 0, 0, 0, 0, 0, 0, 0, 0, 0, 0, 0, 0, 0, 0, 0, 0, 0, 0, 0, 0, 0, 0, 0, 0, 0, 0, -0.0021558810093255014, 0, 0, 0, 0, 0.004049287101204745, 0.006722441666873981, 0, 0, -0.002249551986859967, 0, 0, 0, 0, 0, 0, 0, 0, 0, 0, 0, 0, -0.0027032121299933026, 0, 0, 0, 0, 0, -0.002210190046428222, 0, 0, 0, 0, 0, -0.0017972975111725125, -0.00271776678801394, 0, 0, 0, 0, -0.00212193260911083, -0.0005449591827578915, 0, 0, 0, 0, 0, 0, 0, 0, 0, 0, 0, 0, -0.0024629670037582515, 0, 0, 0, 0, 0, 0, 0, 0, 0, 0, -0.0006304540545948437, 0.00413357263268792, 0, 0.00043408906670843443, -0.004338296222756471, 0, 0, 0, 0, 0, 0, 0.005299980096996417, 0.005481016994316481, 0, 0, 0, 0, 0, -0.0022066525175457605, 0, 0, 0, 0, -0.0026326263109370967, 0, 0, 0, 0, 0, 0.008600985779205844, 0, 0, 0, 0, 0, -0.0027070048170290957, 0, -0.0025425079245299954, 0, 0, 0, 0, 0, -0.002419282960502112, 0, -0.0022154370286608725, 0, 0, -0.0007362138837667582, 0, 0, 0, 0, 0, 0, 0, 0, 0.0012520041597038152, 0.0033169687524606545, 0, 0, 0, -0.003013525700988944, 0, 0, 0, 0, 0, 0, 0, 0, 0, 0, 0, 0, 0, 0, 0, 0, 0, 0, 0, 0, 0.0005398947811182979, 0, 0, 0, -0.0026377748896034147, 0, 0, 0, -0.002566306734119158, 0, 0, 0, 0, 0, 0.0018896231916553639, 0, 0, 0.008284317129055611, 0, 0, 0, 0, 0, 0, 0, 0, 0, 0, 0, 0, 0, 0, 0, 0, 0, 0, 0, -0.002632580455088121, 0, 0, 0, 0, 0, 0, -0.00273316940226655, 0, 0, 0, 0, 0, 0, 0, 0, 0, -0.0007942418169367567, 0, 0.0005255127989727592, 0, 0, 0, 0, 0, 0, 0, 0, 0, 0, 0, 0, 0, 0, 0, 0, 0, 0, 0, 0, 0, 0, 0, 0, 0, 0.000333146127293051, -0.0013790810678086418, 0, 0, 0, 0, 0, 0, -0.002289833516775251, 0, 0, 0, 0, 0, 0, 0, 0, 0, 0, 0.004790362581775971, 0, 0, 0, 0, 0, 0.0007589081665821739, -0.0018737297965250202, 0, 0.004084048526187715, 0, 0.0017610944160460003, 0, 0, -0.0020505334931755085, 0, 0, 0, -0.0021319220493270937, 0, 0, 0, 0, 0, 0, 0, 0, 0, 0, 0, 0, 0, 0, 0, 0, -0.0024768466839941643, 0, 0, 0, 0, 0, 0.003986986529461596, -0.002196266927745487, 0, 0, 0, 0, 0, -0.002632640645400578, 0, 0, 0, 0, -0.002201101133369329, 0, 0, 0, 0.004344344575546107, 0, 0, -0.0023193201826354837, 0, 0, 0, 0, 0, 0, -0.0014796449173287752, 0, 0, 0, 0, 0, 0.005562579365210861, 0, 0, 0, 0, 0, 0, 0, 0, 0, 0, 0, 0, -0.00747642937531256, 0, 0, 0, 0, 0, 0, 0, 0, 0, 0, 0, 0, -0.002123887781921208, 0, 0, 0, 0, 0, 0, 0, 0, 0, 0, 0, 0, 0, 0.003235186044361062, 0, 0.010294270110666866, 0, 0, 0, 0, 0.0008290907928835395, 0.0007786679014474984, 0, 0, 0, 0, 0, 0, 0, 0, 0, 0, 0, -0.002304342876876973, 0, 0, 0, 0, 0, 0.0034598401303800232, 0, 0, 0, 0, -0.002353714119628911, 0, 0, 0, 0, 0, 0, 0.0036682018997548672, 0, 0, 0, -0.0022398471978898405, 0, 0, 0, 0.0001853996021969035, 0, 0, 0, 0.004935615947865129, 0, 0.002349279702281228, 0, 0, 0, 0, 0, 0, 0, -0.002682656322956043, -0.0016416060810759015, 0, 0, 0, 0, 0, 0, 0, 0, -0.002128000296403845, 0, -0.0027394417287987935, 0, 0, 0, 0, 0, 0, 0, 0, 0, 0, 0, 0.004405324046507906, 0, 0, 0, 0, 0, 0, 0, 0, 0, 0, 0, -0.0020785558114828654, 0, 0, 0, 0, 0, 0, -0.0025303722190400976, 0, 0, 0, 0, 0.0008292408774230901, 0, 0, 0, 0, 0, 0, -0.0021930858189678085, 0, 8.176121636757096e-05, -0.0011645035780069241, 0, 0, -0.0010290122769777946, 0, 0, -0.0017306592422329414, 0, -0.001545985370116885, 0, 0, 0, 0.0022731715532512986, 0, 0, -0.0019797317358851373, 0, 0, -0.002152778336289667, 0, 0, 0, 0, 0.0003334447661549794, -0.0026497010564717847, 0, 0, 0, 0, 0, 0, 0, 0, 0, -0.0023661360248985242, 0, 0, 0, 0, -0.0023603201633889273, 0, 0, 0.003133148468524031, 0, 0, 0, 0, 0, 0, 0, 0, 0, 0.0036747993638447845, 0, 0, 0, 0, 0, 0, 0, 0, 0, 0, 0.0035388812424602327, -0.0031675148185379945, 0.00975658915861394, 0, 0, 0, 0, 0, 0]
Start Date: 2022-12-09
End Date: 2025-11-06
Sharpe Ratio: -0.025
Annualized Sharpe: -0.393
Sharpe 95% CI: (np.float64(-1.498), np.float64(0.6))
Sortino Ratio: -0.038
CAGR: -0.009
Calmar Ratio: -0.184
Daily Win Rate (%): 0.343
Max Drawdown: 0.047
Profit Factor: 0.88
Expectancy: -0.00017
Average Win: 0.003652
Average Loss: 0.002162
Total Trades: 181
Total Days: 912



Rolling 2 - Variant 2 - atr_0.25_2 - Fit Metrics
Contracts: [9, 9, 14, 13, 8, 10, 8, 10, 11, 8, 8, 8, 9, 5, 7, 9, 10, 10, 9, 7, 8, 7, 8, 8, 6, 6, 6, 6, 6, 6, 8, 10, 10, 10, 7, 7, 7, 7, 10, 5, 5, 6, 6, 6, 6, 6, 7, 8, 8, 6, 6, 7, 7, 6, 5, 7, 6, 7, 6, 7, 6, 9, 5, 6, 6, 8, 9, 9, 9, 5, 11, 6, 5, 7, 7, 10, 6, 11, 10, 12, 10, 9, 9, 9, 12, 7, 15, 10, 10, 10, 8, 9, 9, 11, 11, 10, 9, 8, 8, 8, 10, 12, 10, 12, 13, 9, 10, 13, 8, 10, 11, 9, 13, 10, 9, 10, 14, 8, 11, 7, 10, 10, 11, 13, 12, 10, 10, 10, 10, 14, 11, 11, 6, 11, 8, 13, 10, 10, 16, 15, 15, 13, 18, 16, 10, 13, 13, 13, 13, 12, 13, 13, 12, 13, 11, 10, 12, 11, 21, 18, 14, 11, 8, 14, 15, 15, 20, 19, 11, 11, 18, 15, 15, 10, 9, 10, 15, 15, 15, 7, 8, 7, 6, 6, 8, 8, 10, 7, 11, 7, 8, 8, 10, 9, 5, 11, 11, 10, 10, 12, 8, 11, 12, 12, 4, 4, 5, 8, 8, 7, 9, 6, 8, 9, 7, 9, 9, 10, 9, 9, 9, 8, 9, 9, 9, 9, 4, 9, 10, 10, 13, 6, 6, 9, 9, 9, 10, 12, 11, 12, 12, 12, 10, 18, 12, 11]
Trade Returns: [-0.0023168250000000002, 0.0007505388672109267, 0.0039710266690928045, -0.0025279660342083605, -0.0021972102198923637, -0.002112084247870619, 0.00106574627367593, -0.0005448417284947899, -0.0024287035325693297, -0.002114425725646647, 0.003990912261244136, -0.0021189059949926863, -0.0021623370725711312, 0.0030362986362002836, 0.0003657471944128073, 0.004106987114956753, -0.002266287220329461, -0.0007175535135112232, -0.002383236644404412, -0.0016818874769485733, -0.002227908573263242, -0.0019537728288409203, 0.0041168557807630506, 0.004200822319843519, -0.0023042717802476595, -0.0024983230143280524, -0.0027316226530281467, 0.00141576827600945, -0.00021552061122986254, 0.0003529114907430093, 0.0039053075069752346, 0.004485266034417248, 0.0013344620491189082, 0.0045843516577916575, 0.0001878854892471795, 0.0038037050600584175, -0.0021781309836199866, -0.0008128191198597761, -0.0021877906643293, 0.0038521166086229294, 0.00415668942620593, 0.003804789893005576, -0.00017367705418622016, 0.0048655808203116125, 0.003293306253267514, -0.001980479429944176, -0.00037749174997877205, -3.379453707379687e-05, -0.002499093963395873, -0.0020147726415331957, -0.0019265511539913937, 0.004112839493082843, 0.004181942493330223, 0.0035329123451452236, -0.0004622466845301098, 0.005011188740349826, 0.004648320474209556, -0.0026189811920812353, -0.001681064008610869, 0.0003030997418401556, -0.0024693718375791646, 0.004227528894748792, -0.0009585833430499546, -0.001859948688264054, -0.0017542045016767627]
Daily Returns: [-0.0023168250000000002, 0, 0, 0, 0.0007505388672109267, 0, 0, 0, 0, 0, 0.001443060634884444, 0, -0.0021972102198923637, 0, -0.0010463379741946892, 0, 0, 0, -0.0005448417284947899, 0, -0.0024287035325693297, 0, 0, 0, 0, 0, 0, 0, 0, 0, 0, 0, 0, 0, 0, 0, 0, 0, 0, 0, 0, -0.002114425725646647, 0.003990912261244136, 0, 0, 0, 0, 0, 0, 0, 0, 0, 0, -0.0021189059949926863, 0, 0, -0.0021623370725711312, 0, 0, 0, 0, 0, 0, 0, 0, 0, 0, 0, 0, 0, 0, 0, 0.0030362986362002836, 0, 0, 0, 0, 0, 0, 0, 0, 0.0003657471944128073, 0, 0, 0.0011231463811160686, 0, 0, -0.002383236644404412, 0, 0, 0, 0, -0.0016818874769485733, 0, 0, 0, 0, 0, 0, 0, 0, -0.002227908573263242, 0, 0, 0, 0, 0, -0.0019537728288409203, 0.00831767810060657, 0, 0, 0, 0, 0, 0, 0, 0, 0, 0, -0.0023042717802476595, -0.0052299456673561995, 0, 0.00141576827600945, 0.00013739087951314676, 0, 0, 0, 0, 0, 0, 0, 0, 0, 0, 0, 0, 0, 0, 0, 0, 0, 0, 0.0039053075069752346, 0, 0, 0, 0, 0.004485266034417248, 0.0013344620491189082, 0.0045843516577916575, 0, 0, 0, 0, 0, 0, 0, 0, 0, 0, 0, 0.0001878854892471795, 0.0008127549565786549, 0, 0, 0, 0, 0, 0, 0, 0, 0, 0, 0, 0, 0, 0, 0, 0, 0, 0, 0, 0, 0, 0, 0, -0.0021877906643293, 0, 0.0038521166086229294, 0, 0, 0.007787802265025285, 0.0048655808203116125, 0, 0, 0, 0.003293306253267514, 0, -0.002357971179922948, 0, 0, -3.379453707379687e-05, 0, 0, 0, 0, 0, 0, 0, 0, -0.002499093963395873, 0, 0, 0, 0, 0, -0.0020147726415331957, 0, -0.0019265511539913937, 0.004112839493082843, 0, 0, 0.004181942493330223, 0, 0, 0, 0, 0.0035329123451452236, 0, 0, 0, 0, 0, 0, 0, 0, 0, 0, 0, 0, 0, 0, 0, 0, 0, 0, 0, 0, 0, 0, 0, -0.0004622466845301098, 0, 0, 0, 0, 0, 0.005011188740349826, 0, 0, 0, 0, 0, 0, 0.002029339282128321, 0, 0, 0, -0.001681064008610869, 0, 0.0003030997418401556, 0, 0, 0, 0, -0.0024693718375791646, 0, 0, 0, 0, 0, 0, 0, 0, 0, 0, 0, 0, 0, 0, 0, 0, 0.004227528894748792, 0, 0, 0, 0, 0, -0.0009585833430499546, 0, 0, 0, 0, 0, -0.001859948688264054, -0.0017542045016767627]
Start Date: 2021-12-17
End Date: 2022-12-08
Sharpe Ratio: 0.073
Annualized Sharpe: 1.162
Sharpe 95% CI: (np.float64(-0.596), np.float64(2.665))
Sortino Ratio: 0.097
CAGR: 0.023
Calmar Ratio: 1.891
Daily Win Rate (%): 0.446
Max Drawdown: 0.012
Profit Factor: 1.444
Expectancy: 0.000433
Average Win: 0.003161
Average Loss: 0.001764
Total Trades: 65
Total Days: 306

Rolling 2 - Variant 2 - atr_0.25_2 - Test Metrics
Contracts: [9, 9, 14, 13, 8, 10, 8, 10, 11, 8, 8, 8, 9, 5, 7, 9, 10, 10, 9, 7, 8, 7, 8, 8, 6, 6, 6, 6, 6, 6, 8, 10, 10, 10, 7, 7, 7, 7, 10, 5, 5, 6, 6, 6, 6, 6, 7, 8, 8, 6, 6, 7, 7, 6, 5, 7, 6, 7, 6, 7, 6, 9, 5, 6, 6, 8, 9, 9, 9, 5, 11, 6, 5, 7, 7, 10, 6, 11, 10, 12, 10, 9, 9, 9, 12, 7, 15, 10, 10, 10, 8, 9, 9, 11, 11, 10, 9, 8, 8, 8, 10, 12, 10, 12, 13, 9, 10, 13, 8, 10, 11, 9, 13, 10, 9, 10, 14, 8, 11, 7, 10, 10, 11, 13, 12, 10, 10, 10, 10, 14, 11, 11, 6, 11, 8, 13, 10, 10, 16, 15, 15, 13, 18, 16, 10, 13, 13, 13, 13, 12, 13, 13, 12, 13, 11, 10, 12, 11, 21, 18, 14, 11, 8, 14, 15, 15, 20, 19, 11, 11, 18, 15, 15, 10, 9, 10, 15, 15, 15, 7, 8, 7, 6, 6, 8, 8, 10, 7, 11, 7, 8, 8, 10, 9, 5, 11, 11, 10, 10, 12, 8, 11, 12, 12, 4, 4, 5, 8, 8, 7, 9, 6, 8, 9, 7, 9, 9, 10, 9, 9, 9, 8, 9, 9, 9, 9, 4, 9, 10, 10, 13, 6, 6, 9, 9, 9, 10, 12, 11, 12, 12, 12, 10, 18, 12, 11]
Trade Returns: [-0.0020026878844870946, 0.001606612602320752, -0.0021992010175235633, -0.002752482561431417, -0.0016861409407045937, -0.001912245272374229, 0.0035138196757801524, -0.0019059024118517358, 0.004140911263283556, -0.002212431994586768, -0.0018852410634584388, -0.0023090697909510455, 0.00426562905141523, -0.002840493081413619, -0.002734702729033008, 0.0013096026838007452, -0.0021644251746706796, -0.002556581553556696, 0.005289197787984143, -0.001482839752446117, -0.0027720993269911135, -0.0020723660785709965, -0.0016899717468043867, 0.00274691647781492, -0.0023540685835578942, 0.000628406833131926, 0.0028101066382634726, -0.0024555197513928422, 0.005014063575159041, -0.0020535646771266338, 0.0030157219196680282, 0.00349704069208373, -0.0020127631703238513, -0.003044624425743174, 0.004365485140223323, -0.002459820363336546, -0.002517280100498781, 0.000572814743739629, -0.0016225664745642629, -0.0032963684466266606, -0.0013786898963850014, 0.004781312806756917, -0.002379132204270824, -0.002300525144291945, -0.0020589767611943594, -3.847250725554691e-05, -0.0023007197340281856, -0.0027615524671481713, 0.0006425103702619773, 0.0040771102197856525, -0.0025323510947020535, 0.004640293104022395, 0.0016239169824669893, -0.0022392163183452265, -0.0022640124203036206, 0.0031851618930289188, -0.0027410331222368013, 0.00443479847308305, -0.0024393105545835714, 0.0009498614115478064, -0.00218077361363583, -0.00194010348819349, -0.0012880745317977336, -0.002372944315232576, -0.002433981270393628, 0.005053742640497302, -0.0028312447923537994, -0.0005283170518040476, -0.0019150296204566509, -0.002159589234006628, 0.0029702355179798915, 0.00020731076920854058, 0.004136544622479471, -0.0022612050995416346, -0.002547419086306696, -0.002213999913154855, -0.001806346779805046, -0.00273147531813697, 0.003352998767059311, -0.0005447268248893695, -0.0024619162797905815, -0.0006301837220363011, 0.005192943659650343, 0.0014545990283141407, 0.00043281763503212297, -0.0020514107938023277, -0.0022741704817271823, 0.003706404369965115, -0.002357522793875519, 0.003978328315389841, -0.002041967177162632, -0.0026315004369692847, 0.004133077305199803, -0.0027253646401477543, -0.0023891459191244537, -0.0024353617536638124, -0.0022205709253243482, -0.0007411187790430736, 0.0011763281630390362, 0.004095869161365867, -0.003031493552491272, 0.004699682101370545, -0.0026425636154195726, -0.0025709780579553686, 0.0018930716471211172, 0.003997553729769649, -0.002648636477781794, -0.0027498831824098687, -0.0007991121289852935, -0.0022085376739069615, 0.0042723658168982125, 0.0020108788748419786, -0.0015714246398180916, -0.0013852715952225238, -0.0023001265599753525, 0.0039031929195458407, 0.0007639887766768755, -0.0018862641498938798, 0.0027859630970778967, 0.001772897556600049, -0.0020642521795669836, -0.0021462147534071544, -0.0024953845153162448, 0.0038409377764359797, -0.0022130678279646747, 0.004735775280973482, -0.0022179763600903768, 0.0035808427930342232, -0.0023200014299578245, -0.001480080539867938, 0.004250338719033391, -0.0031227904725124444, -0.002587257441776929, -0.0024652775707023435, -0.00245921492331037, -0.00213397199396966, 0.0032719873477917616, -0.002649593649408639, 0.006503808373060193, 0.003958927237221582, 0.0007848931333858014, -0.0023227510048243116, 0.004899463869399315, -0.0027208338963242147, -0.0023755858048946825, 0.0035704263271541686, -0.0022489846708661325, 0.005498084351319227, 0.003665107373215257, 0.0023618712483215055, -0.00020571751395577495, -0.0022421574145117793, 0.0039335808364530465, -0.002182693092700822, -3.840404594067854e-05, -0.0021317296960890225, -0.0027442529585824525, 0.0032294871268303436, -0.0019788929581948996, -0.0020887695479053212, -0.002534828493134671, 0.0008333241817434319, -0.0022038759051874173, 8.216437393825451e-05, -0.0011702451738782322, 0.004834020445806998, -0.0017290543269258818, -0.0015445492277253838, 0.002271056624981908, -0.0019778939936955582, -0.0021507759982680214, 0.00033313395466823953, -0.0026472320320793403, -0.002363925377832799, -0.0023581097246873333, 0.004495151940132135, -0.0024285550633061774, 0.0038643298530246146, 0.005120818945282163, -0.0031623184288551392, 0.004777625289531108]
Daily Returns: [0, 0, 0, 0, 0, 0, 0, 0, 0, 0, 0, 0, -0.0020026878844870946, 0, 0, 0.001606612602320752, 0, -0.0021992010175235633, 0, 0, 0, -0.002752482561431417, 0, 0, 0, 0, -0.0016861409407045937, 0, 0, 0, 0, 0, 0, 0, -0.001912245272374229, 0, 0.0035138196757801524, 0, -0.0019059024118517358, 0, 0, 0, 0.004140911263283556, 0, 0, 0, 0, 0, -0.002212431994586768, 0, -0.0018852410634584388, 0, 0, 0, 0, 0, 0, -0.0023090697909510455, 0, 0.00426562905141523, -0.002840493081413619, 0, 0, 0, 0, 0, 0, 0, 0, 0, -0.002734702729033008, 0.0013096026838007452, 0, 0, -0.0021644251746706796, -0.002556581553556696, 0, 0, 0.005289197787984143, 0, 0, 0, 0, 0, 0, 0, 0, 0, 0, 0, 0, -0.001482839752446117, 0, 0, 0, 0, 0, 0, -0.00484446540556211, 0, 0, 0, -0.0016899717468043867, 0, 0.00274691647781492, 0, -0.0023540685835578942, 0, 0, 0, 0.000628406833131926, 0, 0, 0, 0.0028101066382634726, 0, -0.0024555197513928422, 0, 0, 0, 0.005014063575159041, 0, 0, 0, -0.0020535646771266338, 0.0030157219196680282, 0, 0, 0.0014842775217598788, 0, 0, 0, 0, 0, 0, 0, 0, -0.003044624425743174, 0, 0, 0, 0, 0, 0, 0, 0, 0, 0, 0.004365485140223323, 0, -0.002459820363336546, 0, 0, 0, 0, -0.002517280100498781, 0, 0, 0, 0, 0, 0, 0, 0, 0, 0, 0, 0, 0, 0, 0, 0, 0.000572814743739629, 0, 0, 0, 0, -0.0016225664745642629, 0, 0, -0.004675058343011662, 0, 0, 0, 0, 0, 0, 0, 0, 0, 0, 0.004781312806756917, 0, 0, 0, 0, 0, -0.002379132204270824, 0, 0, 0, 0, 0, 0, 0, 0, -0.002300525144291945, 0, 0, -0.0020974492684499063, 0, 0, -0.0023007197340281856, 0, 0, 0, 0, 0, 0, -0.0027615524671481713, 0, 0, 0, 0, 0, 0.0006425103702619773, 0, 0, 0.001544759125083599, 0, 0, 0, 0, 0, 0, 0, 0, 0.004640293104022395, 0, 0, 0, 0, 0, 0, 0, 0, 0, 0, 0, 0, 0, 0, 0, 0, 0, 0, 0, 0, 0.0016239169824669893, 0, 0, 0, 0, 0, 0, 0, 0, 0, -0.0022392163183452265, 0.0009211494727252982, 0, 0, -0.0027410331222368013, 0, 0.00443479847308305, -0.0024393105545835714, 0, 0, 0, 0.0009498614115478064, 0, -0.00218077361363583, -0.00194010348819349, 0, 0, 0, 0, -0.0012880745317977336, 0, 0, 0, -0.004806925585626204, 0, 0, 0, 0, 0, 0, 0, 0, 0, 0, 0, 0, 0, 0.005053742640497302, -0.0028312447923537994, 0, 0, 0, 0, 0, 0, 0, 0, -0.0005283170518040476, 0, -0.0019150296204566509, 0, 0, 0, 0, 0, 0, 0, 0, 0, 0, 0, 0, 0, 0, 0, 0, 0, 0, 0, 0, 0, 0, 0, 0, 0, 0, 0, 0, 0, 0, 0, 0, 0, 0, 0, 0, 0, 0, 0, 0, 0, 0, -0.002159589234006628, 0, 0, 0, 0, 0.003177546287188432, 0.004136544622479471, 0, 0, -0.0022612050995416346, 0, 0, 0, 0, 0, 0, 0, 0, 0, 0, 0, 0, -0.002547419086306696, 0, 0, 0, 0, 0, -0.002213999913154855, 0, 0, 0, 0, 0, -0.001806346779805046, -0.00273147531813697, 0, 0, 0, 0, 0.003352998767059311, -0.0005447268248893695, 0, 0, 0, 0, 0, 0, 0, 0, 0, 0, 0, 0, -0.0024619162797905815, 0, 0, 0, 0, 0, 0, 0, 0, 0, 0, -0.0006301837220363011, 0.006647542687964484, 0, 0.00043281763503212297, -0.00432558127552951, 0, 0, 0, 0, 0, 0, 0.0013488815760895959, 0.003978328315389841, 0, 0, 0, 0, 0, -0.002041967177162632, 0, 0, 0, 0, -0.0026315004369692847, 0, 0, 0, 0, 0, 0.004133077305199803, 0, 0, 0, 0, 0, -0.0027253646401477543, 0, -0.0023891459191244537, 0, 0, 0, 0, 0, -0.0024353617536638124, 0, -0.0022205709253243482, 0, 0, -0.0007411187790430736, 0, 0, 0, 0, 0, 0, 0, 0, 0.0011763281630390362, 0.004095869161365867, 0, 0, 0, -0.003031493552491272, 0, 0, 0, 0, 0, 0, 0, 0, 0, 0, 0, 0, 0, 0, 0, 0, 0, 0, 0, 0, 0.004699682101370545, 0, 0, 0, -0.0026425636154195726, 0, 0, 0, -0.0025709780579553686, 0, 0, 0, 0, 0, 0.0018930716471211172, 0, 0, 0.003997553729769649, 0, 0, 0, 0, 0, 0, 0, 0, 0, 0, 0, 0, 0, 0, 0, 0, 0, 0, 0, -0.002648636477781794, 0, 0, 0, 0, 0, 0, -0.0027498831824098687, 0, 0, 0, 0, 0, 0, 0, 0, 0, -0.0007991121289852935, 0, 0.002063828142991251, 0, 0, 0, 0, 0, 0, 0, 0, 0, 0, 0, 0, 0, 0, 0, 0, 0, 0, 0, 0, 0, 0, 0, 0, 0, 0.000439454235023887, -0.0013852715952225238, 0, 0, 0, 0, 0, 0, -0.0023001265599753525, 0, 0, 0, 0, 0, 0, 0, 0, 0, 0, 0.0039031929195458407, 0, 0, 0, 0, 0, 0.0007639887766768755, -0.0018862641498938798, 0, 0.0027859630970778967, 0, 0.001772897556600049, 0, 0, -0.0020642521795669836, 0, 0, 0, -0.0021462147534071544, 0, 0, 0, 0, 0, 0, 0, 0, 0, 0, 0, 0, 0, 0, 0, 0, -0.0024953845153162448, 0, 0, 0, 0, 0, 0.0038409377764359797, -0.0022130678279646747, 0, 0, 0, 0, 0, 0.004735775280973482, 0, 0, 0, 0, -0.0022179763600903768, 0, 0, 0, 0.0035808427930342232, 0, 0, -0.0023200014299578245, 0, 0, 0, 0, 0, 0, -0.001480080539867938, 0, 0, 0, 0, 0, 0.0011275482465209468, 0, 0, 0, 0, 0, 0, 0, 0, 0, 0, 0, 0, -0.0075117499357896435, 0, 0, 0, 0, 0, 0, 0, 0, 0, 0, 0, 0, -0.00213397199396966, 0, 0, 0, 0, 0, 0, 0, 0, 0, 0, 0, 0, 0, 0.0032719873477917616, 0, 0.003854214723651554, 0, 0, 0, 0, 0.003958927237221582, 0.0007848931333858014, 0, 0, 0, 0, 0, 0, 0, 0, 0, 0, 0, -0.0023227510048243116, 0, 0, 0, 0, 0, 0.0021786299730751006, 0, 0, 0, 0, -0.0023755858048946825, 0, 0, 0, 0, 0, 0, 0.0035704263271541686, 0, 0, 0, -0.0022489846708661325, 0, 0, 0, 0.005498084351319227, 0, 0, 0, 0.003665107373215257, 0, 0.0023618712483215055, 0, 0, 0, 0, 0, 0, 0, -0.002447874928467554, 0.0017124836978115458, 0, 0, 0, 0, 0, 0, 0, 0, -0.0021317296960890225, 0, -0.0027442529585824525, 0, 0, 0, 0, 0, 0, 0, 0, 0, 0, 0, 0.001250594168635444, 0, 0, 0, 0, 0, 0, 0, 0, 0, 0, 0, -0.0020887695479053212, 0, 0, 0, 0, 0, 0, -0.002534828493134671, 0, 0, 0, 0, 0.0008333241817434319, 0, 0, 0, 0, 0, 0, -0.0022038759051874173, 0, 8.216437393825451e-05, -0.0011702451738782322, 0, 0, 0.004834020445806998, 0, 0, -0.0017290543269258818, 0, -0.0015445492277253838, 0, 0, 0, 0.002271056624981908, 0, 0, -0.0019778939936955582, 0, 0, -0.0021507759982680214, 0, 0, 0, 0, 0.00033313395466823953, -0.0026472320320793403, 0, 0, 0, 0, 0, 0, 0, 0, 0, -0.002363925377832799, 0, 0, 0, 0, -0.0023581097246873333, 0, 0, 0.0020665968768259573, 0, 0, 0, 0, 0, 0, 0, 0, 0, 0.0038643298530246146, 0, 0, 0, 0, 0, 0, 0, 0, 0, 0, 0.005120818945282163, -0.0031623184288551392, 0.004777625289531108, 0, 0, 0, 0, 0, 0]
Start Date: 2022-12-09
End Date: 2025-11-06
Sharpe Ratio: -0.023
Annualized Sharpe: -0.365
Sharpe 95% CI: (np.float64(-1.452), np.float64(0.65))
Sortino Ratio: -0.03
CAGR: -0.007
Calmar Ratio: -0.174
Daily Win Rate (%): 0.376
Max Drawdown: 0.041
Profit Factor: 0.897
Expectancy: -0.000138
Average Win: 0.003203
Average Loss: 0.002149
Total Trades: 181
Total Days: 912



Rolling 2 - Variant 3 - atr_0.5_2 - Fit Metrics
Contracts: [9, 9, 14, 13, 9, 10, 8, 10, 11, 8, 8, 8, 9, 5, 7, 9, 10, 10, 9, 7, 8, 7, 8, 8, 6, 6, 6, 6, 6, 6, 8, 10, 10, 10, 7, 7, 7, 7, 10, 5, 5, 6, 6, 6, 6, 6, 8, 8, 8, 6, 6, 7, 7, 6, 6, 7, 6, 7, 7, 8, 6, 9, 5, 6, 7, 8, 9, 9, 9, 5, 12, 6, 5, 7, 7, 11, 6, 11, 10, 12, 10, 9, 9, 9, 12, 7, 15, 10, 9, 10, 8, 9, 9, 11, 10, 10, 9, 8, 8, 8, 10, 12, 10, 12, 12, 9, 10, 13, 8, 10, 11, 9, 13, 10, 9, 10, 14, 8, 10, 7, 10, 10, 11, 13, 12, 10, 10, 10, 10, 13, 11, 11, 6, 11, 8, 12, 10, 10, 16, 15, 15, 13, 17, 15, 10, 13, 13, 13, 12, 12, 12, 13, 12, 13, 11, 10, 12, 11, 20, 18, 14, 11, 8, 14, 15, 15, 20, 19, 11, 11, 18, 14, 15, 9, 9, 10, 15, 15, 15, 6, 8, 7, 6, 6, 8, 8, 10, 6, 11, 7, 7, 8, 10, 8, 5, 10, 11, 10, 10, 11, 8, 11, 12, 12, 4, 4, 5, 8, 8, 7, 9, 6, 8, 9, 7, 9, 9, 9, 9, 9, 9, 8, 9, 9, 9, 9, 4, 9, 10, 10, 13, 6, 6, 9, 9, 9, 9, 11, 11, 12, 11, 12, 10, 18, 12, 11]
Trade Returns: [-0.0027386999999999646, 0.0007508563703413546, 0.00818107953015706, -0.004779511991404278, -0.004188507838658888, -0.004066046257561454, 0.0011971648224979221, -0.0005461095340340102, 0.0032731143322626967, -0.004016906292365887, 0.0011189392223477453, 0.0017257440529740932, 0.006400441678475644, 0.0030031091496596357, 0.00036176121755111844, 0.0041866069329644295, -0.004347285235945951, -0.0007097363178422764, -0.004601488153661929, -0.0016924845725521725, -0.004216248874672017, -0.003748845012031187, 0.001176851613484996, 0.0036462105758712083, 0.001556640078000795, 0.0008394116142936703, -0.0027699303129419535, 0.001406453043182366, -0.00021410455675081516, 0.00035059222803188205, 0.007894191775838113, 0.005620647517613369, 0.0013189578480329687, 0.009228454662286842, 0.00018485090265719952, 0.0030565054034894326, -0.0019095369680511413, -0.0008000738424316147, -0.0013403100796692269, 0.0020064049143846256, 0.00828935369859013, 0.0037331697758616524, -0.00017041997351170657, 0.0038289947407798204, 0.002764012541259073, -0.004247140850622057, -0.00037183390119668397, -3.32878359256221e-05, -0.00242927134370841, -0.0019845629779767114, -0.0037156558722147145, 0.002312569880323374, 0.008297071252503684, 0.003478091464117585, -0.00045380135532385453, 0.010086545943752422, 0.009155433908039601, 9.564148333745083e-05, -0.0038574372458691705, 0.00029629637375115257, -0.005397956148342631, -0.004446764021924663, -0.0009452381379654488, -0.0035538368955542856, -0.0038672807562072963]
Daily Returns: [-0.0027386999999999646, 0, 0, 0, 0.0007508563703413546, 0, 0, 0, 0, 0, 0.0034015675387527814, 0, -0.004188507838658888, 0, -0.0028688814350635323, 0, 0, 0, -0.0005461095340340102, 0, 0.0032731143322626967, 0, 0, 0, 0, 0, 0, 0, 0, 0, 0, 0, 0, 0, 0, 0, 0, 0, 0, 0, 0, -0.004016906292365887, 0.0011189392223477453, 0, 0, 0, 0, 0, 0, 0, 0, 0, 0, 0.0017257440529740932, 0, 0, 0.006400441678475644, 0, 0, 0, 0, 0, 0, 0, 0, 0, 0, 0, 0, 0, 0, 0, 0.0030031091496596357, 0, 0, 0, 0, 0, 0, 0, 0, 0.00036176121755111844, 0, 0, -0.0008704146208237982, 0, 0, -0.004601488153661929, 0, 0, 0, 0, -0.0016924845725521725, 0, 0, 0, 0, 0, 0, 0, 0, -0.004216248874672017, 0, 0, 0, 0, 0, -0.003748845012031187, 0.004823062189356204, 0, 0, 0, 0, 0, 0, 0, 0, 0, 0, 0.001556640078000795, -0.0019305186986482833, 0, 0.001406453043182366, 0.0001364876712810669, 0, 0, 0, 0, 0, 0, 0, 0, 0, 0, 0, 0, 0, 0, 0, 0, 0, 0, 0.007894191775838113, 0, 0, 0, 0, 0.005620647517613369, 0.0013189578480329687, 0.009228454662286842, 0, 0, 0, 0, 0, 0, 0, 0, 0, 0, 0, 0.00018485090265719952, 0.0003468945930066766, 0, 0, 0, 0, 0, 0, 0, 0, 0, 0, 0, 0, 0, 0, 0, 0, 0, 0, 0, 0, 0, 0, 0, -0.0013403100796692269, 0, 0.0020064049143846256, 0, 0, 0.011852103500940075, 0.0038289947407798204, 0, 0, 0, 0.002764012541259073, 0, -0.0046189747518187415, 0, 0, -3.32878359256221e-05, 0, 0, 0, 0, 0, 0, 0, 0, -0.00242927134370841, 0, 0, 0, 0, 0, -0.0019845629779767114, 0, -0.0037156558722147145, 0.002312569880323374, 0, 0, 0.008297071252503684, 0, 0, 0, 0, 0.003478091464117585, 0, 0, 0, 0, 0, 0, 0, 0, 0, 0, 0, 0, 0, 0, 0, 0, 0, 0, 0, 0, 0, 0, 0, -0.00045380135532385453, 0, 0, 0, 0, 0, 0.010086545943752422, 0, 0, 0, 0, 0, 0, 0.009251075391377052, 0, 0, 0, -0.0038574372458691705, 0, 0.00029629637375115257, 0, 0, 0, 0, -0.005397956148342631, 0, 0, 0, 0, 0, 0, 0, 0, 0, 0, 0, 0, 0, 0, 0, 0, -0.004446764021924663, 0, 0, 0, 0, 0, -0.0009452381379654488, 0, 0, 0, 0, 0, -0.0035538368955542856, -0.0038672807562072963]
Start Date: 2021-12-17
End Date: 2022-12-08
Sharpe Ratio: 0.071
Annualized Sharpe: 1.124
Sharpe 95% CI: (np.float64(-0.702), np.float64(2.58))
Sortino Ratio: 0.081
CAGR: 0.032
Calmar Ratio: 1.48
Daily Win Rate (%): 0.523
Max Drawdown: 0.022
Profit Factor: 1.471
Expectancy: 0.000595
Average Win: 0.003554
Average Loss: 0.00265
Total Trades: 65
Total Days: 306

Rolling 2 - Variant 3 - atr_0.5_2 - Test Metrics
Contracts: [9, 9, 14, 13, 9, 10, 8, 10, 11, 8, 8, 8, 9, 5, 7, 9, 10, 10, 9, 7, 8, 7, 8, 8, 6, 6, 6, 6, 6, 6, 8, 10, 10, 10, 7, 7, 7, 7, 10, 5, 5, 6, 6, 6, 6, 6, 8, 8, 8, 6, 6, 7, 7, 6, 6, 7, 6, 7, 7, 8, 6, 9, 5, 6, 7, 8, 9, 9, 9, 5, 12, 6, 5, 7, 7, 11, 6, 11, 10, 12, 10, 9, 9, 9, 12, 7, 15, 10, 9, 10, 8, 9, 9, 11, 10, 10, 9, 8, 8, 8, 10, 12, 10, 12, 12, 9, 10, 13, 8, 10, 11, 9, 13, 10, 9, 10, 14, 8, 10, 7, 10, 10, 11, 13, 12, 10, 10, 10, 10, 13, 11, 11, 6, 11, 8, 12, 10, 10, 16, 15, 15, 13, 17, 15, 10, 13, 13, 13, 12, 12, 12, 13, 12, 13, 11, 10, 12, 11, 20, 18, 14, 11, 8, 14, 15, 15, 20, 19, 11, 11, 18, 14, 15, 9, 9, 10, 15, 15, 15, 6, 8, 7, 6, 6, 8, 8, 10, 6, 11, 7, 7, 8, 10, 8, 5, 10, 11, 10, 10, 11, 8, 11, 12, 12, 4, 4, 5, 8, 8, 7, 9, 6, 8, 9, 7, 9, 9, 9, 9, 9, 9, 8, 9, 9, 9, 9, 4, 9, 10, 10, 13, 6, 6, 9, 9, 9, 9, 11, 11, 12, 11, 12, 10, 18, 12, 11]
Trade Returns: [-0.002247042676845399, 0.0015906733365673726, -0.0006874457755712412, -0.00521512627830812, -0.003245550893173861, -0.0021419911795828995, 0.0037256278310515687, -0.0036641907605467886, 0.001958171010751048, -0.004261841373828624, -0.0036298580497540435, -0.00436493800671394, 0.0065609366556335065, 0.006146879597580426, -0.005188783157169637, 0.0013012508249132697, -0.0016841592176336274, -0.004847927229710458, -0.0055344294281008555, -0.0014921021746853737, -0.005397684302552423, -0.0018872048170704343, -0.0032172102604888743, 0.005617968770859773, -0.004626529533607306, 0.0006363322938640765, 0.0025926359649667535, -0.004685181591918849, 0.004088215620824595, -0.003994093629905291, 0.003070029131027422, 0.003959174655451656, -0.0020230939395190087, -0.005925361638331659, 0.004392873529478355, -0.004153238973364875, -0.002753290244881383, 0.0005839653353359903, -0.00219845762468385, -0.005964060188294026, -0.0014055122433295076, 0.010139182392750296, -0.004718007060280067, 0.0015924042919222166, -0.003951240356875137, -3.904686797077223e-05, 0.0004626912879178355, -0.005344206410409148, 0.0006537960647259617, 0.008616214065391271, -0.004971812885286159, 0.0074519794531918305, 0.001642309738016938, -0.0019202940312571743, -0.004288774346249492, 0.003221178419460461, -0.00136187155009391, 0.004315094886360752, 0.0035452928004744925, 0.0009565891927713172, -0.004255849477491928, -0.002039793468905982, -0.0013028686436848986, -0.004196235326570123, -0.004712800715898418, -0.0026858666717827096, 0.0033652881788585826, -0.0005357101546062891, -0.0010133297463133328, -0.004167301634923572, 0.0039045475675555967, 0.00021009859180907143, 0.006830524535667047, -0.00426972184786093, -0.002912080228873235, -0.0005871712401776294, -0.003397223291936041, -0.00489057569569597, 0.0064595290874831365, -0.0005522562004996733, -0.004728342825753996, -0.0006402479609169799, 0.002716271545001765, 0.0014814945512193836, 0.0004069002375141579, -0.003914234814834493, -0.004472907271346686, 0.007805540568637167, -0.001804132255086947, 0.005584747754024594, -0.002495057412985009, -0.00246628552212482, 0.008581369310763262, -0.005026897285516925, 0.0018952393443473642, -0.004755433852282075, 0.0003726032540547532, -0.0007485353986073907, 0.0011881088844470362, 0.003372739437437766, -0.005824577597865558, 0.0005504940684265977, -0.004992627795301723, -0.0050208594426342555, 0.001936024280262407, 0.008255810973973909, -0.004750021561083697, -0.005305882436792045, -0.0007358136466625218, 0.0026565138179229595, 0.002803815047666747, 0.002050213767878264, -0.0016021004566142685, -0.0014123569075140772, -0.003858969137414014, 0.00491384087434334, 0.0007782932311453379, -0.003721048524915994, 0.004188805825830339, 0.0018093925005159379, -0.003104046341374057, 0.0017516166089885522, 0.0003025124940747932, 0.004075364090486606, 0.006414675526704679, -0.005144966927294802, -0.004350448548518331, 0.0038148588814895423, -0.0009013628603388815, 0.0015400953063713645, 0.008823257033049243, -0.005486571446417545, 0.00854902116951854, -0.0048572660729872125, -0.004770644241533934, -0.004074950157603988, 0.0032715637344984155, -0.005058483730268108, 0.01328211099352312, 0.0008402539134727768, 0.0007891433114950599, -0.002728798593535491, 0.006246801073970326, -0.003064940368430826, -0.002937673785955926, 0.003722302051024576, -0.004385175292966381, 0.00018813446625690235, 0.005018929914796818, 0.0023887378722469515, -0.00020805200367404977, 0.0006382792881156279, 0.0005250941865140725, 0.0033427879335303583, -3.8646072304566816e-05, -0.00416742095580374, -0.005324395360874603, 0.006826041664759613, -0.0037724424073868486, -9.591859556980476e-05, -0.0050012136115036784, 0.0008413761895690996, -0.004212505100870424, 8.312495705946933e-05, -0.0011839253648583434, -0.0010461946597439724, -0.00040717233871462717, -0.002979880130471197, 0.0023114280112956345, -0.000668626442006846, -0.004189611007289363, 0.0003053621720038794, 0.008801717188951062, -0.004469127858118122, 0.0005578776296334113, 0.0051244475837218875, -0.003845438479344608, 0.003700757903947382, 0.0035637874939194927, -0.0023202422766017434, 0.00995560335630149]
Daily Returns: [0, 0, 0, 0, 0, 0, 0, 0, 0, 0, 0, 0, -0.002247042676845399, 0, 0, 0.0015906733365673726, 0, -0.0006874457755712412, 0, 0, 0, -0.00521512627830812, 0, 0, 0, 0, -0.003245550893173861, 0, 0, 0, 0, 0, 0, 0, -0.0021419911795828995, 0, 0.0037256278310515687, 0, -0.0036641907605467886, 0, 0, 0, 0.001958171010751048, 0, 0, 0, 0, 0, -0.004261841373828624, 0, -0.0036298580497540435, 0, 0, 0, 0, 0, 0, -0.00436493800671394, 0, 0.0065609366556335065, 0.006146879597580426, 0, 0, 0, 0, 0, 0, 0, 0, 0, -0.005188783157169637, 0.0013012508249132697, 0, 0, -0.0016841592176336274, -0.004847927229710458, 0, 0, -0.0055344294281008555, 0, 0, 0, 0, 0, 0, 0, 0, 0, 0, 0, 0, -0.0014921021746853737, 0, 0, 0, 0, 0, 0, -0.007284889119622858, 0, 0, 0, -0.0032172102604888743, 0, 0.005617968770859773, 0, -0.004626529533607306, 0, 0, 0, 0.0006363322938640765, 0, 0, 0, 0.0025926359649667535, 0, -0.004685181591918849, 0, 0, 0, 0.004088215620824595, 0, 0, 0, -0.003994093629905291, 0.003070029131027422, 0, 0, 0.0019360807159326471, 0, 0, 0, 0, 0, 0, 0, 0, -0.005925361638331659, 0, 0, 0, 0, 0, 0, 0, 0, 0, 0, 0.004392873529478355, 0, -0.004153238973364875, 0, 0, 0, 0, -0.002753290244881383, 0, 0, 0, 0, 0, 0, 0, 0, 0, 0, 0, 0, 0, 0, 0, 0, 0.0005839653353359903, 0, 0, 0, 0, -0.00219845762468385, 0, 0, -0.007369572431623534, 0, 0, 0, 0, 0, 0, 0, 0, 0, 0, 0.010139182392750296, 0, 0, 0, 0, 0, -0.004718007060280067, 0, 0, 0, 0, 0, 0, 0, 0, 0.0015924042919222166, 0, 0, -0.00399028722484591, 0, 0, 0.0004626912879178355, 0, 0, 0, 0, 0, 0, -0.005344206410409148, 0, 0, 0, 0, 0, 0.0006537960647259617, 0, 0, 0.0036444011801051116, 0, 0, 0, 0, 0, 0, 0, 0, 0.0074519794531918305, 0, 0, 0, 0, 0, 0, 0, 0, 0, 0, 0, 0, 0, 0, 0, 0, 0, 0, 0, 0, 0.001642309738016938, 0, 0, 0, 0, 0, 0, 0, 0, 0, -0.0019202940312571743, -0.0010675959267890311, 0, 0, -0.00136187155009391, 0, 0.004315094886360752, 0.0035452928004744925, 0, 0, 0, 0.0009565891927713172, 0, -0.004255849477491928, -0.002039793468905982, 0, 0, 0, 0, -0.0013028686436848986, 0, 0, 0, -0.008909036042468541, 0, 0, 0, 0, 0, 0, 0, 0, 0, 0, 0, 0, 0, -0.0026858666717827096, 0.0033652881788585826, 0, 0, 0, 0, 0, 0, 0, 0, -0.0005357101546062891, 0, -0.0010133297463133328, 0, 0, 0, 0, 0, 0, 0, 0, 0, 0, 0, 0, 0, 0, 0, 0, 0, 0, 0, 0, 0, 0, 0, 0, 0, 0, 0, 0, 0, 0, 0, 0, 0, 0, 0, 0, 0, 0, 0, 0, 0, 0, -0.004167301634923572, 0, 0, 0, 0, 0.004114646159364668, 0.006830524535667047, 0, 0, -0.00426972184786093, 0, 0, 0, 0, 0, 0, 0, 0, 0, 0, 0, 0, -0.002912080228873235, 0, 0, 0, 0, 0, -0.0005871712401776294, 0, 0, 0, 0, 0, -0.003397223291936041, -0.00489057569569597, 0, 0, 0, 0, 0.0064595290874831365, -0.0005522562004996733, 0, 0, 0, 0, 0, 0, 0, 0, 0, 0, 0, 0, -0.004728342825753996, 0, 0, 0, 0, 0, 0, 0, 0, 0, 0, -0.0006402479609169799, 0.004197766096221149, 0, 0.0004069002375141579, -0.00838714208618118, 0, 0, 0, 0, 0, 0, 0.006001408313550219, 0.005584747754024594, 0, 0, 0, 0, 0, -0.002495057412985009, 0, 0, 0, 0, -0.00246628552212482, 0, 0, 0, 0, 0, 0.008581369310763262, 0, 0, 0, 0, 0, -0.005026897285516925, 0, 0.0018952393443473642, 0, 0, 0, 0, 0, -0.004755433852282075, 0, 0.0003726032540547532, 0, 0, -0.0007485353986073907, 0, 0, 0, 0, 0, 0, 0, 0, 0.0011881088844470362, 0.003372739437437766, 0, 0, 0, -0.005824577597865558, 0, 0, 0, 0, 0, 0, 0, 0, 0, 0, 0, 0, 0, 0, 0, 0, 0, 0, 0, 0, 0.0005504940684265977, 0, 0, 0, -0.004992627795301723, 0, 0, 0, -0.0050208594426342555, 0, 0, 0, 0, 0, 0.001936024280262407, 0, 0, 0.008255810973973909, 0, 0, 0, 0, 0, 0, 0, 0, 0, 0, 0, 0, 0, 0, 0, 0, 0, 0, 0, -0.004750021561083697, 0, 0, 0, 0, 0, 0, -0.005305882436792045, 0, 0, 0, 0, 0, 0, 0, 0, 0, -0.0007358136466625218, 0, 0.005460328865589706, 0, 0, 0, 0, 0, 0, 0, 0, 0, 0, 0, 0, 0, 0, 0, 0, 0, 0, 0, 0, 0, 0, 0, 0, 0, 0.00044811331126399546, -0.0014123569075140772, 0, 0, 0, 0, 0, 0, -0.003858969137414014, 0, 0, 0, 0, 0, 0, 0, 0, 0, 0, 0.00491384087434334, 0, 0, 0, 0, 0, 0.0007782932311453379, -0.003721048524915994, 0, 0.004188805825830339, 0, 0.0018093925005159379, 0, 0, -0.003104046341374057, 0, 0, 0, 0.0017516166089885522, 0, 0, 0, 0, 0, 0, 0, 0, 0, 0, 0, 0, 0, 0, 0, 0, 0.0003025124940747932, 0, 0, 0, 0, 0, 0.004075364090486606, 0.006414675526704679, 0, 0, 0, 0, 0, -0.005144966927294802, 0, 0, 0, 0, -0.004350448548518331, 0, 0, 0, 0.0038148588814895423, 0, 0, -0.0009013628603388815, 0, 0, 0, 0, 0, 0, 0.0015400953063713645, 0, 0, 0, 0, 0, 0.003336685586631698, 0, 0, 0, 0, 0, 0, 0, 0, 0, 0, 0, 0, -0.0010788891450026058, 0, 0, 0, 0, 0, 0, 0, 0, 0, 0, 0, 0, -0.004074950157603988, 0, 0, 0, 0, 0, 0, 0, 0, 0, 0, 0, 0, 0, 0.0032715637344984155, 0, 0.008223627263255012, 0, 0, 0, 0, 0.0008402539134727768, 0.0007891433114950599, 0, 0, 0, 0, 0, 0, 0, 0, 0, 0, 0, -0.002728798593535491, 0, 0, 0, 0, 0, 0.0031818607055395, 0, 0, 0, 0, -0.002937673785955926, 0, 0, 0, 0, 0, 0, 0.003722302051024576, 0, 0, 0, -0.004385175292966381, 0, 0, 0, 0.00018813446625690235, 0, 0, 0, 0.005018929914796818, 0, 0.0023887378722469515, 0, 0, 0, 0, 0, 0, 0, 0.0004302272844415781, 0.003829236047739864, 0, 0, 0, 0, 0, 0, 0, 0, -0.00416742095580374, 0, -0.005324395360874603, 0, 0, 0, 0, 0, 0, 0, 0, 0, 0, 0, 0.0030535992573727648, 0, 0, 0, 0, 0, 0, 0, 0, 0, 0, 0, -9.591859556980476e-05, 0, 0, 0, 0, 0, 0, -0.0050012136115036784, 0, 0, 0, 0, 0.0008413761895690996, 0, 0, 0, 0, 0, 0, -0.004212505100870424, 0, 8.312495705946933e-05, -0.0011839253648583434, 0, 0, -0.0010461946597439724, 0, 0, -0.00040717233871462717, 0, -0.002979880130471197, 0, 0, 0, 0.0023114280112956345, 0, 0, -0.000668626442006846, 0, 0, -0.004189611007289363, 0, 0, 0, 0, 0.0003053621720038794, 0.008801717188951062, 0, 0, 0, 0, 0, 0, 0, 0, 0, -0.004469127858118122, 0, 0, 0, 0, 0.0005578776296334113, 0, 0, 0.0012790091043772796, 0, 0, 0, 0, 0, 0, 0, 0, 0, 0.003700757903947382, 0, 0, 0, 0, 0, 0, 0, 0, 0, 0, 0.0035637874939194927, -0.0023202422766017434, 0.00995560335630149, 0, 0, 0, 0, 0, 0]
Start Date: 2022-12-09
End Date: 2025-11-06
Sharpe Ratio: -0.024
Annualized Sharpe: -0.384
Sharpe 95% CI: (np.float64(-1.41), np.float64(0.629))
Sortino Ratio: -0.021
CAGR: -0.011
Calmar Ratio: -0.157
Daily Win Rate (%): 0.448
Max Drawdown: 0.067
Profit Factor: 0.887
Expectancy: -0.000205
Average Win: 0.003587
Average Loss: 0.003276
Total Trades: 181
Total Days: 912



Rolling 2 - Variant 4 - atr_0.25_3 - Fit Metrics
Contracts: [9, 9, 14, 13, 9, 10, 9, 10, 11, 8, 8, 8, 9, 5, 7, 9, 10, 10, 9, 7, 8, 7, 8, 8, 6, 6, 6, 6, 6, 6, 8, 10, 10, 10, 7, 7, 7, 7, 10, 5, 5, 6, 6, 6, 6, 6, 7, 8, 8, 6, 6, 7, 7, 6, 5, 7, 6, 7, 6, 8, 6, 9, 5, 6, 6, 8, 9, 9, 9, 5, 11, 6, 5, 7, 7, 10, 6, 10, 10, 12, 10, 9, 9, 9, 12, 7, 15, 10, 9, 10, 8, 9, 9, 11, 10, 10, 9, 8, 8, 8, 10, 12, 10, 12, 13, 9, 10, 13, 8, 10, 11, 9, 13, 10, 9, 10, 14, 8, 10, 7, 10, 10, 11, 13, 12, 10, 10, 10, 10, 14, 11, 11, 6, 11, 8, 12, 10, 10, 16, 15, 15, 13, 17, 16, 10, 13, 13, 13, 12, 12, 13, 13, 12, 13, 11, 10, 12, 11, 21, 18, 14, 11, 8, 14, 15, 15, 20, 19, 11, 11, 18, 15, 15, 10, 9, 10, 15, 15, 15, 7, 8, 7, 6, 6, 8, 8, 10, 7, 11, 7, 8, 8, 10, 8, 5, 11, 11, 10, 10, 12, 8, 11, 12, 12, 4, 4, 5, 8, 8, 7, 9, 6, 8, 9, 7, 9, 10, 10, 9, 9, 9, 8, 9, 10, 9, 9, 4, 9, 10, 10, 13, 6, 6, 9, 10, 9, 10, 12, 11, 12, 12, 12, 10, 18, 12, 12]
Trade Returns: [-0.0023168250000000002, 0.0007505388672109267, 0.006074324692976705, -0.002522681070827729, -0.0021923188742630742, -0.0023707935853328347, 0.001196451664495363, -0.0005437671330771257, -0.002423910776276921, -0.0021162935086604354, 0.0011204998899939224, -0.0021207817052164707, -0.002164255297240465, 0.003038998000531674, 0.0003660713699246264, 0.004236505246703369, -0.002268004077945035, -0.0007181892754778268, -0.0023850462027794556, -0.0016831675637398117, -0.0022296070963346124, -0.001955265683536017, -0.0022896362494189515, 0.006414805610242966, -0.002315737843398171, -0.0025107835322826185, -0.002745281058549465, 0.0014228667561856502, -0.00021659966852032608, 0.0003546788122829888, 0.005955516688742467, 0.006832581466762814, 0.0013352887494252315, 0.006964876927561227, 0.0001875572818978624, 0.0031012469300896223, -0.002175849485291655, -0.000811965870321496, -0.002185486432086224, 0.002038113725248033, 0.0062899546831670875, 0.003799582448993135, -0.0001734402500065156, 0.0038968660629904416, 0.004987522102752372, -0.0019763497232122566, -0.0003767030433201723, -3.3723902362353e-05, -0.0024964684302098672, -0.00201056137853064, -0.0019225161783290076, 0.0023387170215639994, 0.006328568724351625, 0.0035242051748595915, -0.00045994509465853916, 0.007555561486018649, 0.006994614580044112, -0.0025998631039371883, -0.0016769354298546923, 0.00030098160849808864, -0.002801484438179552, -0.002345082258273696, -0.000958157635823425, -0.0018591218921445388, -0.0017534232592048967]
Daily Returns: [-0.0023168250000000002, 0, 0, 0, 0.0007505388672109267, 0, 0, 0, 0, 0, 0.0035516436221489766, 0, -0.0021923188742630742, 0, -0.0011743419208374716, 0, 0, 0, -0.0005437671330771257, 0, -0.002423910776276921, 0, 0, 0, 0, 0, 0, 0, 0, 0, 0, 0, 0, 0, 0, 0, 0, 0, 0, 0, 0, -0.0021162935086604354, 0.0011204998899939224, 0, 0, 0, 0, 0, 0, 0, 0, 0, 0, -0.0021207817052164707, 0, 0, -0.002164255297240465, 0, 0, 0, 0, 0, 0, 0, 0, 0, 0, 0, 0, 0, 0, 0, 0.003038998000531674, 0, 0, 0, 0, 0, 0, 0, 0, 0.0003660713699246264, 0, 0, 0.0012503118932805073, 0, 0, -0.0023850462027794556, 0, 0, 0, 0, -0.0016831675637398117, 0, 0, 0, 0, 0, 0, 0, 0, -0.0022296070963346124, 0, 0, 0, 0, 0, -0.001955265683536017, 0.0041251693608240145, 0, 0, 0, 0, 0, 0, 0, 0, 0, 0, -0.002315737843398171, -0.005256064590832084, 0, 0.0014228667561856502, 0.0001380791437626627, 0, 0, 0, 0, 0, 0, 0, 0, 0, 0, 0, 0, 0, 0, 0, 0, 0, 0, 0.005955516688742467, 0, 0, 0, 0, 0.006832581466762814, 0.0013352887494252315, 0.006964876927561227, 0, 0, 0, 0, 0, 0, 0, 0, 0, 0, 0, 0.0001875572818978624, 0.00011343157447647127, 0, 0, 0, 0, 0, 0, 0, 0, 0, 0, 0, 0, 0, 0, 0, 0, 0, 0, 0, 0, 0, 0, 0, -0.002185486432086224, 0, 0.002038113725248033, 0, 0, 0.009916096882153707, 0.0038968660629904416, 0, 0, 0, 0.004987522102752372, 0, -0.002353052766532429, 0, 0, -3.3723902362353e-05, 0, 0, 0, 0, 0, 0, 0, 0, -0.0024964684302098672, 0, 0, 0, 0, 0, -0.00201056137853064, 0, -0.0019225161783290076, 0.0023387170215639994, 0, 0, 0.006328568724351625, 0, 0, 0, 0, 0.0035242051748595915, 0, 0, 0, 0, 0, 0, 0, 0, 0, 0, 0, 0, 0, 0, 0, 0, 0, 0, 0, 0, 0, 0, 0, -0.00045994509465853916, 0, 0, 0, 0, 0, 0.007555561486018649, 0, 0, 0, 0, 0, 0, 0.0043947514761069235, 0, 0, 0, -0.0016769354298546923, 0, 0.00030098160849808864, 0, 0, 0, 0, -0.002801484438179552, 0, 0, 0, 0, 0, 0, 0, 0, 0, 0, 0, 0, 0, 0, 0, 0, -0.002345082258273696, 0, 0, 0, 0, 0, -0.000958157635823425, 0, 0, 0, 0, 0, -0.0018591218921445388, -0.0017534232592048967]
Start Date: 2021-12-17
End Date: 2022-12-08
Sharpe Ratio: 0.068
Annualized Sharpe: 1.079
Sharpe 95% CI: (np.float64(-0.743), np.float64(2.523))
Sortino Ratio: 0.1
CAGR: 0.024
Calmar Ratio: 1.277
Daily Win Rate (%): 0.415
Max Drawdown: 0.019
Profit Factor: 1.418
Expectancy: 0.000442
Average Win: 0.003608
Average Loss: 0.001808
Total Trades: 65
Total Days: 306

Rolling 2 - Variant 4 - atr_0.25_3 - Test Metrics
Contracts: [9, 9, 14, 13, 9, 10, 9, 10, 11, 8, 8, 8, 9, 5, 7, 9, 10, 10, 9, 7, 8, 7, 8, 8, 6, 6, 6, 6, 6, 6, 8, 10, 10, 10, 7, 7, 7, 7, 10, 5, 5, 6, 6, 6, 6, 6, 7, 8, 8, 6, 6, 7, 7, 6, 5, 7, 6, 7, 6, 8, 6, 9, 5, 6, 6, 8, 9, 9, 9, 5, 11, 6, 5, 7, 7, 10, 6, 10, 10, 12, 10, 9, 9, 9, 12, 7, 15, 10, 9, 10, 8, 9, 9, 11, 10, 10, 9, 8, 8, 8, 10, 12, 10, 12, 13, 9, 10, 13, 8, 10, 11, 9, 13, 10, 9, 10, 14, 8, 10, 7, 10, 10, 11, 13, 12, 10, 10, 10, 10, 14, 11, 11, 6, 11, 8, 12, 10, 10, 16, 15, 15, 13, 17, 16, 10, 13, 13, 13, 12, 12, 13, 13, 12, 13, 11, 10, 12, 11, 21, 18, 14, 11, 8, 14, 15, 15, 20, 19, 11, 11, 18, 15, 15, 10, 9, 10, 15, 15, 15, 7, 8, 7, 6, 6, 8, 8, 10, 7, 11, 7, 8, 8, 10, 8, 5, 11, 11, 10, 10, 12, 8, 11, 12, 12, 4, 4, 5, 8, 8, 7, 9, 6, 8, 9, 7, 9, 10, 10, 9, 9, 9, 8, 9, 10, 9, 9, 4, 9, 10, 10, 13, 6, 6, 9, 10, 9, 10, 12, 11, 12, 12, 12, 10, 18, 12, 12]
Trade Returns: [-0.0020017944122437234, 0.0016058943960319877, -0.002198219481845661, -0.0027512513816801355, -0.0016853846526139688, -0.0019113820483519298, 0.003771394120237857, -0.0019050404034904596, 0.001801941055429216, -0.0022160238094063416, -0.0018843916333325622, -0.00210256983627778, 0.006490358570863867, -0.0028392168786092547, -0.0027325321442493054, 0.001308560379488515, -0.0021627047739108535, -0.0025545450415824273, -0.002893782629541335, -0.0015041492208004925, -0.002812119990723016, -0.001892132189440114, -0.0017141868238509331, 0.004255457537903449, -0.002387718757192762, 0.0006364690302628752, 0.0025874782088637807, -0.0024870030058106703, 0.007703419450639341, -0.0020748695807599454, 0.003047073867065181, 0.003929660990685106, -0.0020327482815496525, -0.003088443768287034, -0.0025349316818561378, -0.00248429414012947, -0.002542387943403633, 0.0005785426723804721, -0.0016388589929944785, -0.00332935774940281, -0.0013924682973413581, 0.007353706613728517, -0.002396979869035104, -0.0023178245846320975, -0.0020744957814770814, -3.8763086923981164e-05, -0.0023238596496753454, -0.0027824110532970025, 0.000647376926878675, 0.006246611638382473, -0.0025515194343026463, 0.0071157556459832535, 0.0016283139902884707, -0.002245250217464408, -0.0022701268646395777, 0.003193772194015342, -0.0024992012605506487, 0.004296885133146478, -0.0024459134179408144, 0.0009525696462041401, -0.002186985494695024, -0.0019458172228757154, -0.001291760620272755, -0.0023797437635323247, -0.002440929603261362, -0.0028474618266728924, -0.0028393768095960276, -0.0005340482402528134, -0.0019357636661027253, -0.0021830289967089264, 0.004588429452021518, 0.00020919718760147756, 0.006397063849541686, -0.0022766513534536043, -0.002564860170404524, -0.0020659225961385747, -0.0018187458621015788, -0.0025974666519812343, 0.005199595478929841, -0.0005473916134362347, -0.0024739665022651012, -0.0006332841004328214, 0.0026867084321802602, 0.001465413598419157, 0.00043603081432586326, -0.0020666335511157104, -0.002291081204186249, 0.0057117977819114265, -0.002370357633635948, 0.005516353481097476, -0.0020499700687882524, -0.002644412659216525, 0.006402119531220004, -0.002729922948635809, -0.0023931528235483735, -0.0024394559660513597, -0.0022292916792570165, -0.0007423677589196423, 0.0011783120578613472, 0.0033449614654978976, -0.003038872798607865, 0.007236433990582987, -0.0026423441204878628, -0.002570763943252799, 0.0018929135830815015, 0.006147967947474873, -0.0026427553539078307, -0.0027437610676059408, -0.0007973281563643272, -0.0022069827710586654, 0.0027345626026839503, 0.002009460000620205, -0.0015703180676990476, -0.0013842945748699337, -0.0022985020513468283, 0.004808539051596117, 0.0007616622977162514, -0.0018805245185105842, 0.004231269641477559, 0.0017674927195787736, -0.0020579702251860518, -0.002139669900529758, -0.0024858282039100016, 0.005798184679842149, -0.002200281538242178, -0.002637474184474202, -0.0022051334526674423, 0.004360166687640195, -0.002065413088760636, -0.0014819915725595109, 0.006477069126220384, -0.0031268285040988936, -0.0025848702727241765, -0.0024630085504886707, -0.0024569570442804244, -0.002131997952396581, 0.0032581536903412006, -0.002638427794558641, 0.009840258118381337, 0.0008347904116482651, 0.00078401642107773, -0.002320158563892028, 0.006201547268743242, -0.002717790089786179, -0.002369850288258604, 0.003663674993361097, -0.002237093105732823, 0.008302919330905724, 0.005543548294144266, 0.002344965997302242, -0.00020424852186281904, -0.0024734925525273727, 0.005942513401813985, -0.0021632774061201565, -3.806169023017624e-05, -0.002112725510574717, -0.0027197363844700326, 0.004876757197258239, -0.0021790234328865734, -0.0020670320869842712, -0.0025121211147123897, 0.0008246339591403793, -0.0021809119829751685, 8.130636725032321e-05, -0.0011580258079137476, -0.0010232815664098322, -0.0017210110906622734, -0.0015373518878582639, 0.002260457588271148, -0.002187426630945743, -0.002141210493279594, 0.0003316491732132904, -0.0026354372034886604, -0.0023533650000604495, -0.002347550477453689, 0.005531248981451078, -0.0024151636380662033, 0.0036549330062663823, 0.00779144475864067, -0.003137159330533113, 0.007855794100694879]
Daily Returns: [0, 0, 0, 0, 0, 0, 0, 0, 0, 0, 0, 0, -0.0020017944122437234, 0, 0, 0.0016058943960319877, 0, -0.002198219481845661, 0, 0, 0, -0.0027512513816801355, 0, 0, 0, 0, -0.0016853846526139688, 0, 0, 0, 0, 0, 0, 0, -0.0019113820483519298, 0, 0.003771394120237857, 0, -0.0019050404034904596, 0, 0, 0, 0.001801941055429216, 0, 0, 0, 0, 0, -0.0022160238094063416, 0, -0.0018843916333325622, 0, 0, 0, 0, 0, 0, -0.00210256983627778, 0, 0.006490358570863867, -0.0028392168786092547, 0, 0, 0, 0, 0, 0, 0, 0, 0, -0.0027325321442493054, 0.001308560379488515, 0, 0, -0.0021627047739108535, -0.0025545450415824273, 0, 0, -0.002893782629541335, 0, 0, 0, 0, 0, 0, 0, 0, 0, 0, 0, 0, -0.0015041492208004925, 0, 0, 0, 0, 0, 0, -0.00470425218016313, 0, 0, 0, -0.0017141868238509331, 0, 0.004255457537903449, 0, -0.002387718757192762, 0, 0, 0, 0.0006364690302628752, 0, 0, 0, 0.0025874782088637807, 0, -0.0024870030058106703, 0, 0, 0, 0.007703419450639341, 0, 0, 0, -0.0020748695807599454, 0.003047073867065181, 0, 0, 0.0018969127091354532, 0, 0, 0, 0, 0, 0, 0, 0, -0.003088443768287034, 0, 0, 0, 0, 0, 0, 0, 0, 0, 0, -0.0025349316818561378, 0, -0.00248429414012947, 0, 0, 0, 0, -0.002542387943403633, 0, 0, 0, 0, 0, 0, 0, 0, 0, 0, 0, 0, 0, 0, 0, 0, 0.0005785426723804721, 0, 0, 0, 0, -0.0016388589929944785, 0, 0, -0.004721826046744168, 0, 0, 0, 0, 0, 0, 0, 0, 0, 0, 0.007353706613728517, 0, 0, 0, 0, 0, -0.002396979869035104, 0, 0, 0, 0, 0, 0, 0, 0, -0.0023178245846320975, 0, 0, -0.0021132588684010627, 0, 0, -0.0023238596496753454, 0, 0, 0, 0, 0, 0, -0.0027824110532970025, 0, 0, 0, 0, 0, 0.000647376926878675, 0, 0, 0.0036950922040798265, 0, 0, 0, 0, 0, 0, 0, 0, 0.0071157556459832535, 0, 0, 0, 0, 0, 0, 0, 0, 0, 0, 0, 0, 0, 0, 0, 0, 0, 0, 0, 0, 0.0016283139902884707, 0, 0, 0, 0, 0, 0, 0, 0, 0, -0.002245250217464408, 0.0009236453293757644, 0, 0, -0.0024992012605506487, 0, 0.004296885133146478, -0.0024459134179408144, 0, 0, 0, 0.0009525696462041401, 0, -0.002186985494695024, -0.0019458172228757154, 0, 0, 0, 0, -0.001291760620272755, 0, 0, 0, -0.004820673366793687, 0, 0, 0, 0, 0, 0, 0, 0, 0, 0, 0, 0, 0, -0.0028474618266728924, -0.0028393768095960276, 0, 0, 0, 0, 0, 0, 0, 0, -0.0005340482402528134, 0, -0.0019357636661027253, 0, 0, 0, 0, 0, 0, 0, 0, 0, 0, 0, 0, 0, 0, 0, 0, 0, 0, 0, 0, 0, 0, 0, 0, 0, 0, 0, 0, 0, 0, 0, 0, 0, 0, 0, 0, 0, 0, 0, 0, 0, 0, -0.0021830289967089264, 0, 0, 0, 0, 0.004797626639622995, 0.006397063849541686, 0, 0, -0.0022766513534536043, 0, 0, 0, 0, 0, 0, 0, 0, 0, 0, 0, 0, -0.002564860170404524, 0, 0, 0, 0, 0, -0.0020659225961385747, 0, 0, 0, 0, 0, -0.0018187458621015788, -0.0025974666519812343, 0, 0, 0, 0, 0.005199595478929841, -0.0005473916134362347, 0, 0, 0, 0, 0, 0, 0, 0, 0, 0, 0, 0, -0.0024739665022651012, 0, 0, 0, 0, 0, 0, 0, 0, 0, 0, -0.0006332841004328214, 0.004152122030599417, 0, 0.00043603081432586326, -0.004357714755301959, 0, 0, 0, 0, 0, 0, 0.0033414401482754785, 0.005516353481097476, 0, 0, 0, 0, 0, -0.0020499700687882524, 0, 0, 0, 0, -0.002644412659216525, 0, 0, 0, 0, 0, 0.006402119531220004, 0, 0, 0, 0, 0, -0.002729922948635809, 0, -0.0023931528235483735, 0, 0, 0, 0, 0, -0.0024394559660513597, 0, -0.0022292916792570165, 0, 0, -0.0007423677589196423, 0, 0, 0, 0, 0, 0, 0, 0, 0.0011783120578613472, 0.0033449614654978976, 0, 0, 0, -0.003038872798607865, 0, 0, 0, 0, 0, 0, 0, 0, 0, 0, 0, 0, 0, 0, 0, 0, 0, 0, 0, 0, 0.007236433990582987, 0, 0, 0, -0.0026423441204878628, 0, 0, 0, -0.002570763943252799, 0, 0, 0, 0, 0, 0.0018929135830815015, 0, 0, 0.006147967947474873, 0, 0, 0, 0, 0, 0, 0, 0, 0, 0, 0, 0, 0, 0, 0, 0, 0, 0, 0, -0.0026427553539078307, 0, 0, 0, 0, 0, 0, -0.0027437610676059408, 0, 0, 0, 0, 0, 0, 0, 0, 0, -0.0007973281563643272, 0, 0.0005275798316252849, 0, 0, 0, 0, 0, 0, 0, 0, 0, 0, 0, 0, 0, 0, 0, 0, 0, 0, 0, 0, 0, 0, 0, 0, 0, 0.0004391419329211575, -0.0013842945748699337, 0, 0, 0, 0, 0, 0, -0.0022985020513468283, 0, 0, 0, 0, 0, 0, 0, 0, 0, 0, 0.004808539051596117, 0, 0, 0, 0, 0, 0.0007616622977162514, -0.0018805245185105842, 0, 0.004231269641477559, 0, 0.0017674927195787736, 0, 0, -0.0020579702251860518, 0, 0, 0, -0.002139669900529758, 0, 0, 0, 0, 0, 0, 0, 0, 0, 0, 0, 0, 0, 0, 0, 0, -0.0024858282039100016, 0, 0, 0, 0, 0, 0.005798184679842149, -0.002200281538242178, 0, 0, 0, 0, 0, -0.002637474184474202, 0, 0, 0, 0, -0.0022051334526674423, 0, 0, 0, 0.004360166687640195, 0, 0, -0.002065413088760636, 0, 0, 0, 0, 0, 0, -0.0014819915725595109, 0, 0, 0, 0, 0, 0.0033502406221214906, 0, 0, 0, 0, 0, 0, 0, 0, 0, 0, 0, 0, -0.007504835867493271, 0, 0, 0, 0, 0, 0, 0, 0, 0, 0, 0, 0, -0.002131997952396581, 0, 0, 0, 0, 0, 0, 0, 0, 0, 0, 0, 0, 0, 0.0032581536903412006, 0, 0.007201830323822695, 0, 0, 0, 0, 0.0008347904116482651, 0.00078401642107773, 0, 0, 0, 0, 0, 0, 0, 0, 0, 0, 0, -0.002320158563892028, 0, 0, 0, 0, 0, 0.0034837571789570632, 0, 0, 0, 0, -0.002369850288258604, 0, 0, 0, 0, 0, 0, 0.003663674993361097, 0, 0, 0, -0.002237093105732823, 0, 0, 0, 0.008302919330905724, 0, 0, 0, 0.005543548294144266, 0, 0.002344965997302242, 0, 0, 0, 0, 0, 0, 0, -0.002677741074390192, 0.003741174305463652, 0, 0, 0, 0, 0, 0, 0, 0, -0.002112725510574717, 0, -0.0027197363844700326, 0, 0, 0, 0, 0, 0, 0, 0, 0, 0, 0, 0.0026977337643716657, 0, 0, 0, 0, 0, 0, 0, 0, 0, 0, 0, -0.0020670320869842712, 0, 0, 0, 0, 0, 0, -0.0025121211147123897, 0, 0, 0, 0, 0.0008246339591403793, 0, 0, 0, 0, 0, 0, -0.0021809119829751685, 0, 8.130636725032321e-05, -0.0011580258079137476, 0, 0, -0.0010232815664098322, 0, 0, -0.0017210110906622734, 0, -0.0015373518878582639, 0, 0, 0, 0.002260457588271148, 0, 0, -0.002187426630945743, 0, 0, -0.002141210493279594, 0, 0, 0, 0, 0.0003316491732132904, -0.0026354372034886604, 0, 0, 0, 0, 0, 0, 0, 0, 0, -0.0023533650000604495, 0, 0, 0, 0, -0.002347550477453689, 0, 0, 0.003116085343384875, 0, 0, 0, 0, 0, 0, 0, 0, 0, 0.0036549330062663823, 0, 0, 0, 0, 0, 0, 0, 0, 0, 0, 0.00779144475864067, -0.003137159330533113, 0.007855794100694879, 0, 0, 0, 0, 0, 0]
Start Date: 2022-12-09
End Date: 2025-11-06
Sharpe Ratio: -0.011
Annualized Sharpe: -0.182
Sharpe 95% CI: (np.float64(-1.277), np.float64(0.796))
Sortino Ratio: -0.017
CAGR: -0.004
Calmar Ratio: -0.102
Daily Win Rate (%): 0.348
Max Drawdown: 0.041
Profit Factor: 0.944
Expectancy: -7.8e-05
Average Win: 0.003816
Average Loss: 0.002158
Total Trades: 181
Total Days: 912



Rolling 3 - Variant 0 - atr_0.25_2 - Fit Metrics
Contracts: [9, 9, 14, 13, 8, 10, 8, 10, 11, 8, 8, 8, 9, 5, 7, 9, 10, 10, 9, 7, 8, 7, 8, 8, 6, 6, 6, 6, 6, 6, 8, 10, 10, 10, 7, 7, 7, 7, 10, 5, 5, 6, 6, 6, 6, 6, 7, 8, 8, 6, 6, 7, 7, 6, 5, 7, 6, 7, 6, 7, 6, 9, 5, 6, 6, 8, 9, 9, 9, 5, 11, 6, 5, 7, 7, 10, 6, 11, 10, 12, 10, 9, 9, 9, 12, 7, 15, 10, 10, 10, 8, 9, 9, 11, 11, 10, 9, 8, 8, 8, 10, 12, 10, 12, 13, 9, 10, 13, 8, 10, 11, 9, 13, 10, 9, 10, 14, 8, 11, 7, 10, 10, 11, 13, 12, 10, 10, 10, 10, 14, 11, 11, 6, 11, 8, 13, 10, 10, 16, 15, 15, 13, 18, 16, 10, 13, 13, 13, 13, 12, 13, 13, 12, 13, 11, 10, 12, 11, 21, 18, 14, 11, 8, 14, 15, 15, 20, 19, 11, 11, 18, 15, 15, 10, 9, 10, 15, 15, 15, 7, 8, 7, 6, 6, 8, 8, 10, 7, 11, 7, 8, 8, 10, 9, 5, 11, 11, 10, 10, 12, 8, 11, 12, 12, 4, 4, 5, 8, 8, 7, 9, 6, 8, 9, 7, 9, 9, 10, 9, 9, 9, 8, 9, 9, 9, 9, 4, 9, 10, 10, 13, 6, 6, 9, 9, 9, 10, 12, 11, 12, 12, 12, 10, 18, 12, 11]
Trade Returns: [-0.0023168250000000002, 0.0007505388672109267, 0.0039710266690928045, -0.0025279660342083605, -0.0021972102198923637, -0.002112084247870619, 0.00106574627367593, -0.0005448417284947899, -0.0024287035325693297, -0.002114425725646647, 0.003990912261244136, -0.0021189059949926863, -0.0021623370725711312, 0.0030362986362002836, 0.0003657471944128073, 0.004106987114956753, -0.002266287220329461, -0.0007175535135112232, -0.002383236644404412, -0.0016818874769485733, -0.002227908573263242, -0.0019537728288409203, 0.0041168557807630506, 0.004200822319843519, -0.0023042717802476595, -0.0024983230143280524, -0.0027316226530281467, 0.00141576827600945, -0.00021552061122986254, 0.0003529114907430093, 0.0039053075069752346, 0.004485266034417248, 0.0013344620491189082, 0.0045843516577916575, 0.0001878854892471795, 0.0038037050600584175, -0.0021781309836199866, -0.0008128191198597761, -0.0021877906643293, 0.0038521166086229294, 0.00415668942620593, 0.003804789893005576, -0.00017367705418622016, 0.0048655808203116125, 0.003293306253267514, -0.001980479429944176, -0.00037749174997877205, -3.379453707379687e-05, -0.002499093963395873, -0.0020147726415331957, -0.0019265511539913937, 0.004112839493082843, 0.004181942493330223, 0.0035329123451452236, -0.0004622466845301098, 0.005011188740349826, 0.004648320474209556, -0.0026189811920812353, -0.001681064008610869, 0.0003030997418401556, -0.0024693718375791646, 0.004227528894748792, -0.0009585833430499546, -0.001859948688264054, -0.0017542045016767627, -0.0020026878844870946, 0.001606612602320752, -0.0021992010175235633, -0.002752482561431417, -0.0016861409407045937, -0.001912245272374229, 0.0035138196757801524, -0.0019059024118517358, 0.004140911263283556, -0.002212431994586768, -0.0018852410634584388, -0.0023090697909510455, 0.00426562905141523, -0.002840493081413619, -0.002734702729033008, 0.0013096026838007452, -0.0021644251746706796, -0.002556581553556696, 0.005289197787984143, -0.001482839752446117, -0.0027720993269911135, -0.0020723660785709965]
Daily Returns: [-0.0023168250000000002, 0, 0, 0, 0.0007505388672109267, 0, 0, 0, 0, 0, 0.001443060634884444, 0, -0.0021972102198923637, 0, -0.0010463379741946892, 0, 0, 0, -0.0005448417284947899, 0, -0.0024287035325693297, 0, 0, 0, 0, 0, 0, 0, 0, 0, 0, 0, 0, 0, 0, 0, 0, 0, 0, 0, 0, -0.002114425725646647, 0.003990912261244136, 0, 0, 0, 0, 0, 0, 0, 0, 0, 0, -0.0021189059949926863, 0, 0, -0.0021623370725711312, 0, 0, 0, 0, 0, 0, 0, 0, 0, 0, 0, 0, 0, 0, 0, 0.0030362986362002836, 0, 0, 0, 0, 0, 0, 0, 0, 0.0003657471944128073, 0, 0, 0.0011231463811160686, 0, 0, -0.002383236644404412, 0, 0, 0, 0, -0.0016818874769485733, 0, 0, 0, 0, 0, 0, 0, 0, -0.002227908573263242, 0, 0, 0, 0, 0, -0.0019537728288409203, 0.00831767810060657, 0, 0, 0, 0, 0, 0, 0, 0, 0, 0, -0.0023042717802476595, -0.0052299456673561995, 0, 0.00141576827600945, 0.00013739087951314676, 0, 0, 0, 0, 0, 0, 0, 0, 0, 0, 0, 0, 0, 0, 0, 0, 0, 0, 0.0039053075069752346, 0, 0, 0, 0, 0.004485266034417248, 0.0013344620491189082, 0.0045843516577916575, 0, 0, 0, 0, 0, 0, 0, 0, 0, 0, 0, 0.0001878854892471795, 0.0008127549565786549, 0, 0, 0, 0, 0, 0, 0, 0, 0, 0, 0, 0, 0, 0, 0, 0, 0, 0, 0, 0, 0, 0, 0, -0.0021877906643293, 0, 0.0038521166086229294, 0, 0, 0.007787802265025285, 0.0048655808203116125, 0, 0, 0, 0.003293306253267514, 0, -0.002357971179922948, 0, 0, -3.379453707379687e-05, 0, 0, 0, 0, 0, 0, 0, 0, -0.002499093963395873, 0, 0, 0, 0, 0, -0.0020147726415331957, 0, -0.0019265511539913937, 0.004112839493082843, 0, 0, 0.004181942493330223, 0, 0, 0, 0, 0.0035329123451452236, 0, 0, 0, 0, 0, 0, 0, 0, 0, 0, 0, 0, 0, 0, 0, 0, 0, 0, 0, 0, 0, 0, 0, -0.0004622466845301098, 0, 0, 0, 0, 0, 0.005011188740349826, 0, 0, 0, 0, 0, 0, 0.002029339282128321, 0, 0, 0, -0.001681064008610869, 0, 0.0003030997418401556, 0, 0, 0, 0, -0.0024693718375791646, 0, 0, 0, 0, 0, 0, 0, 0, 0, 0, 0, 0, 0, 0, 0, 0, 0.004227528894748792, 0, 0, 0, 0, 0, -0.0009585833430499546, 0, 0, 0, 0, 0, -0.001859948688264054, -0.0017542045016767627, 0, 0, 0, 0, 0, 0, 0, 0, 0, 0, 0, 0, -0.0020026878844870946, 0, 0, 0.001606612602320752, 0, -0.0021992010175235633, 0, 0, 0, -0.002752482561431417, 0, 0, 0, 0, -0.0016861409407045937, 0, 0, 0, 0, 0, 0, 0, -0.001912245272374229, 0, 0.0035138196757801524, 0, -0.0019059024118517358, 0, 0, 0, 0.004140911263283556, 0, 0, 0, 0, 0, -0.002212431994586768, 0, -0.0018852410634584388, 0, 0, 0, 0, 0, 0, -0.0023090697909510455, 0, 0.00426562905141523, -0.002840493081413619, 0, 0, 0, 0, 0, 0, 0, 0, 0, -0.002734702729033008, 0.0013096026838007452, 0, 0, -0.0021644251746706796, -0.002556581553556696, 0, 0, 0.005289197787984143, 0, 0, 0, 0, 0, 0, 0, 0, 0, 0, 0, 0, -0.001482839752446117, 0, 0, 0, 0, 0, 0, -0.00484446540556211, 0, 0, 0]
Start Date: 2021-12-17
End Date: 2023-04-06
Sharpe Ratio: 0.025
Annualized Sharpe: 0.392
Sharpe 95% CI: (np.float64(-1.218), np.float64(1.835))
Sortino Ratio: 0.035
CAGR: 0.008
Calmar Ratio: 0.39
Daily Win Rate (%): 0.402
Max Drawdown: 0.02
Profit Factor: 1.129
Expectancy: 0.000147
Average Win: 0.003194
Average Loss: 0.001903
Total Trades: 87
Total Days: 408

Rolling 3 - Variant 0 - atr_0.25_2 - Test Metrics
Contracts: [9, 9, 14, 13, 8, 10, 8, 10, 11, 8, 8, 8, 9, 5, 7, 9, 10, 10, 9, 7, 8, 7, 8, 8, 6, 6, 6, 6, 6, 6, 8, 10, 10, 10, 7, 7, 7, 7, 10, 5, 5, 6, 6, 6, 6, 6, 7, 8, 8, 6, 6, 7, 7, 6, 5, 7, 6, 7, 6, 7, 6, 9, 5, 6, 6, 8, 9, 9, 9, 5, 11, 6, 5, 7, 7, 10, 6, 11, 10, 12, 10, 9, 9, 9, 12, 7, 15, 10, 10, 10, 8, 9, 9, 11, 11, 10, 9, 8, 8, 8, 10, 12, 10, 12, 13, 9, 10, 13, 8, 10, 11, 9, 13, 10, 9, 10, 14, 8, 11, 7, 10, 10, 11, 13, 12, 10, 10, 10, 10, 14, 11, 11, 6, 11, 8, 13, 10, 10, 16, 15, 15, 13, 18, 16, 10, 13, 13, 13, 13, 12, 13, 13, 12, 13, 11, 10, 12, 11, 21, 18, 14, 11, 8, 14, 15, 15, 20, 19, 11, 11, 18, 15, 15, 10, 9, 10, 15, 15, 15, 7, 8, 7, 6, 6, 8, 8, 10, 7, 11, 7, 8, 8, 10, 9, 5, 11, 11, 10, 10, 12, 8, 11, 12, 12, 4, 4, 5, 8, 8, 7, 9, 6, 8, 9, 7, 9, 9, 10, 9, 9, 9, 8, 9, 9, 9, 9, 4, 9, 10, 10, 13, 6, 6, 9, 9, 9, 10, 12, 11, 12, 12, 12, 10, 18, 12, 11]
Trade Returns: [-0.0016899717468043867, 0.00274691647781492, -0.0023540685835578942, 0.000628406833131926, 0.0028101066382634726, -0.0024555197513928422, 0.005014063575159041, -0.0020535646771266338, 0.0030157219196680282, 0.00349704069208373, -0.0020127631703238513, -0.003044624425743174, 0.004365485140223323, -0.002459820363336546, -0.002517280100498781, 0.000572814743739629, -0.0016225664745642629, -0.0032963684466266606, -0.0013786898963850014, 0.004781312806756917, -0.002379132204270824, -0.002300525144291945, -0.0020589767611943594, -3.847250725554691e-05, -0.0023007197340281856, -0.0027615524671481713, 0.0006425103702619773, 0.0040771102197856525, -0.0025323510947020535, 0.004640293104022395, 0.0016239169824669893, -0.0022392163183452265, -0.0022640124203036206, 0.0031851618930289188, -0.0027410331222368013, 0.00443479847308305, -0.0024393105545835714, 0.0009498614115478064, -0.00218077361363583, -0.00194010348819349, -0.0012880745317977336, -0.002372944315232576, -0.002433981270393628, 0.005053742640497302, -0.0028312447923537994, -0.0005283170518040476, -0.0019150296204566509, -0.002159589234006628, 0.0029702355179798915, 0.00020731076920854058, 0.004136544622479471, -0.0022612050995416346, -0.002547419086306696, -0.002213999913154855, -0.001806346779805046, -0.00273147531813697, 0.003352998767059311, -0.0005447268248893695, -0.0024619162797905815, -0.0006301837220363011, 0.005192943659650343, 0.0014545990283141407, 0.00043281763503212297, -0.0020514107938023277, -0.0022741704817271823, 0.003706404369965115, -0.002357522793875519, 0.003978328315389841, -0.002041967177162632, -0.0026315004369692847, 0.004133077305199803, -0.0027253646401477543, -0.0023891459191244537, -0.0024353617536638124, -0.0022205709253243482, -0.0007411187790430736, 0.0011763281630390362, 0.004095869161365867, -0.003031493552491272, 0.004699682101370545, -0.0026425636154195726, -0.0025709780579553686, 0.0018930716471211172, 0.003997553729769649, -0.002648636477781794, -0.0027498831824098687, -0.0007991121289852935, -0.0022085376739069615, 0.0042723658168982125, 0.0020108788748419786, -0.0015714246398180916, -0.0013852715952225238, -0.0023001265599753525, 0.0039031929195458407, 0.0007639887766768755, -0.0018862641498938798, 0.0027859630970778967, 0.001772897556600049, -0.0020642521795669836, -0.0021462147534071544, -0.0024953845153162448, 0.0038409377764359797, -0.0022130678279646747, 0.004735775280973482, -0.0022179763600903768, 0.0035808427930342232, -0.0023200014299578245, -0.001480080539867938, 0.004250338719033391, -0.0031227904725124444, -0.002587257441776929, -0.0024652775707023435, -0.00245921492331037, -0.00213397199396966, 0.0032719873477917616, -0.002649593649408639, 0.006503808373060193, 0.003958927237221582, 0.0007848931333858014, -0.0023227510048243116, 0.004899463869399315, -0.0027208338963242147, -0.0023755858048946825, 0.0035704263271541686, -0.0022489846708661325, 0.005498084351319227, 0.003665107373215257, 0.0023618712483215055, -0.00020571751395577495, -0.0022421574145117793, 0.0039335808364530465, -0.002182693092700822, -3.840404594067854e-05, -0.0021317296960890225, -0.0027442529585824525, 0.0032294871268303436, -0.0019788929581948996, -0.0020887695479053212, -0.002534828493134671, 0.0008333241817434319, -0.0022038759051874173, 8.216437393825451e-05, -0.0011702451738782322, 0.004834020445806998, -0.0017290543269258818, -0.0015445492277253838, 0.002271056624981908, -0.0019778939936955582, -0.0021507759982680214, 0.00033313395466823953, -0.0026472320320793403, -0.002363925377832799, -0.0023581097246873333, 0.004495151940132135, -0.0024285550633061774, 0.0038643298530246146, 0.005120818945282163, -0.0031623184288551392, 0.004777625289531108]
Daily Returns: [-0.0016899717468043867, 0, 0.00274691647781492, 0, -0.0023540685835578942, 0, 0, 0, 0.000628406833131926, 0, 0, 0, 0.0028101066382634726, 0, -0.0024555197513928422, 0, 0, 0, 0.005014063575159041, 0, 0, 0, -0.0020535646771266338, 0.0030157219196680282, 0, 0, 0.0014842775217598788, 0, 0, 0, 0, 0, 0, 0, 0, -0.003044624425743174, 0, 0, 0, 0, 0, 0, 0, 0, 0, 0, 0.004365485140223323, 0, -0.002459820363336546, 0, 0, 0, 0, -0.002517280100498781, 0, 0, 0, 0, 0, 0, 0, 0, 0, 0, 0, 0, 0, 0, 0, 0, 0.000572814743739629, 0, 0, 0, 0, -0.0016225664745642629, 0, 0, -0.004675058343011662, 0, 0, 0, 0, 0, 0, 0, 0, 0, 0, 0.004781312806756917, 0, 0, 0, 0, 0, -0.002379132204270824, 0, 0, 0, 0, 0, 0, 0, 0, -0.002300525144291945, 0, 0, -0.0020974492684499063, 0, 0, -0.0023007197340281856, 0, 0, 0, 0, 0, 0, -0.0027615524671481713, 0, 0, 0, 0, 0, 0.0006425103702619773, 0, 0, 0.001544759125083599, 0, 0, 0, 0, 0, 0, 0, 0, 0.004640293104022395, 0, 0, 0, 0, 0, 0, 0, 0, 0, 0, 0, 0, 0, 0, 0, 0, 0, 0, 0, 0, 0.0016239169824669893, 0, 0, 0, 0, 0, 0, 0, 0, 0, -0.0022392163183452265, 0.0009211494727252982, 0, 0, -0.0027410331222368013, 0, 0.00443479847308305, -0.0024393105545835714, 0, 0, 0, 0.0009498614115478064, 0, -0.00218077361363583, -0.00194010348819349, 0, 0, 0, 0, -0.0012880745317977336, 0, 0, 0, -0.004806925585626204, 0, 0, 0, 0, 0, 0, 0, 0, 0, 0, 0, 0, 0, 0.005053742640497302, -0.0028312447923537994, 0, 0, 0, 0, 0, 0, 0, 0, -0.0005283170518040476, 0, -0.0019150296204566509, 0, 0, 0, 0, 0, 0, 0, 0, 0, 0, 0, 0, 0, 0, 0, 0, 0, 0, 0, 0, 0, 0, 0, 0, 0, 0, 0, 0, 0, 0, 0, 0, 0, 0, 0, 0, 0, 0, 0, 0, 0, 0, -0.002159589234006628, 0, 0, 0, 0, 0.003177546287188432, 0.004136544622479471, 0, 0, -0.0022612050995416346, 0, 0, 0, 0, 0, 0, 0, 0, 0, 0, 0, 0, -0.002547419086306696, 0, 0, 0, 0, 0, -0.002213999913154855, 0, 0, 0, 0, 0, -0.001806346779805046, -0.00273147531813697, 0, 0, 0, 0, 0.003352998767059311, -0.0005447268248893695, 0, 0, 0, 0, 0, 0, 0, 0, 0, 0, 0, 0, -0.0024619162797905815, 0, 0, 0, 0, 0, 0, 0, 0, 0, 0, -0.0006301837220363011, 0.006647542687964484, 0, 0.00043281763503212297, -0.00432558127552951, 0, 0, 0, 0, 0, 0, 0.0013488815760895959, 0.003978328315389841, 0, 0, 0, 0, 0, -0.002041967177162632, 0, 0, 0, 0, -0.0026315004369692847, 0, 0, 0, 0, 0, 0.004133077305199803, 0, 0, 0, 0, 0, -0.0027253646401477543, 0, -0.0023891459191244537, 0, 0, 0, 0, 0, -0.0024353617536638124, 0, -0.0022205709253243482, 0, 0, -0.0007411187790430736, 0, 0, 0, 0, 0, 0, 0, 0, 0.0011763281630390362, 0.004095869161365867, 0, 0, 0, -0.003031493552491272, 0, 0, 0, 0, 0, 0, 0, 0, 0, 0, 0, 0, 0, 0, 0, 0, 0, 0, 0, 0, 0.004699682101370545, 0, 0, 0, -0.0026425636154195726, 0, 0, 0, -0.0025709780579553686, 0, 0, 0, 0, 0, 0.0018930716471211172, 0, 0, 0.003997553729769649, 0, 0, 0, 0, 0, 0, 0, 0, 0, 0, 0, 0, 0, 0, 0, 0, 0, 0, 0, -0.002648636477781794, 0, 0, 0, 0, 0, 0, -0.0027498831824098687, 0, 0, 0, 0, 0, 0, 0, 0, 0, -0.0007991121289852935, 0, 0.002063828142991251, 0, 0, 0, 0, 0, 0, 0, 0, 0, 0, 0, 0, 0, 0, 0, 0, 0, 0, 0, 0, 0, 0, 0, 0, 0, 0.000439454235023887, -0.0013852715952225238, 0, 0, 0, 0, 0, 0, -0.0023001265599753525, 0, 0, 0, 0, 0, 0, 0, 0, 0, 0, 0.0039031929195458407, 0, 0, 0, 0, 0, 0.0007639887766768755, -0.0018862641498938798, 0, 0.0027859630970778967, 0, 0.001772897556600049, 0, 0, -0.0020642521795669836, 0, 0, 0, -0.0021462147534071544, 0, 0, 0, 0, 0, 0, 0, 0, 0, 0, 0, 0, 0, 0, 0, 0, -0.0024953845153162448, 0, 0, 0, 0, 0, 0.0038409377764359797, -0.0022130678279646747, 0, 0, 0, 0, 0, 0.004735775280973482, 0, 0, 0, 0, -0.0022179763600903768, 0, 0, 0, 0.0035808427930342232, 0, 0, -0.0023200014299578245, 0, 0, 0, 0, 0, 0, -0.001480080539867938, 0, 0, 0, 0, 0, 0.0011275482465209468, 0, 0, 0, 0, 0, 0, 0, 0, 0, 0, 0, 0, -0.0075117499357896435, 0, 0, 0, 0, 0, 0, 0, 0, 0, 0, 0, 0, -0.00213397199396966, 0, 0, 0, 0, 0, 0, 0, 0, 0, 0, 0, 0, 0, 0.0032719873477917616, 0, 0.003854214723651554, 0, 0, 0, 0, 0.003958927237221582, 0.0007848931333858014, 0, 0, 0, 0, 0, 0, 0, 0, 0, 0, 0, -0.0023227510048243116, 0, 0, 0, 0, 0, 0.0021786299730751006, 0, 0, 0, 0, -0.0023755858048946825, 0, 0, 0, 0, 0, 0, 0.0035704263271541686, 0, 0, 0, -0.0022489846708661325, 0, 0, 0, 0.005498084351319227, 0, 0, 0, 0.003665107373215257, 0, 0.0023618712483215055, 0, 0, 0, 0, 0, 0, 0, -0.002447874928467554, 0.0017124836978115458, 0, 0, 0, 0, 0, 0, 0, 0, -0.0021317296960890225, 0, -0.0027442529585824525, 0, 0, 0, 0, 0, 0, 0, 0, 0, 0, 0, 0.001250594168635444, 0, 0, 0, 0, 0, 0, 0, 0, 0, 0, 0, -0.0020887695479053212, 0, 0, 0, 0, 0, 0, -0.002534828493134671, 0, 0, 0, 0, 0.0008333241817434319, 0, 0, 0, 0, 0, 0, -0.0022038759051874173, 0, 8.216437393825451e-05, -0.0011702451738782322, 0, 0, 0.004834020445806998, 0, 0, -0.0017290543269258818, 0, -0.0015445492277253838, 0, 0, 0, 0.002271056624981908, 0, 0, -0.0019778939936955582, 0, 0, -0.0021507759982680214, 0, 0, 0, 0, 0.00033313395466823953, -0.0026472320320793403, 0, 0, 0, 0, 0, 0, 0, 0, 0, -0.002363925377832799, 0, 0, 0, 0, -0.0023581097246873333, 0, 0, 0.0020665968768259573, 0, 0, 0, 0, 0, 0, 0, 0, 0, 0.0038643298530246146, 0, 0, 0, 0, 0, 0, 0, 0, 0, 0, 0.005120818945282163, -0.0031623184288551392, 0.004777625289531108, 0, 0, 0, 0, 0, 0]
Start Date: 2023-04-07
End Date: 2025-11-06
Sharpe Ratio: -0.01
Annualized Sharpe: -0.161
Sharpe 95% CI: (np.float64(-1.282), np.float64(0.945))
Sortino Ratio: -0.013
CAGR: -0.003
Calmar Ratio: -0.094
Daily Win Rate (%): 0.39
Max Drawdown: 0.034
Profit Factor: 0.953
Expectancy: -6.1e-05
Average Win: 0.003188
Average Loss: 0.002138
Total Trades: 159
Total Days: 810



Rolling 3 - Variant 1 - atr_0.25_4 - Fit Metrics
Contracts: [9, 9, 14, 13, 9, 10, 9, 10, 11, 8, 8, 8, 9, 5, 7, 9, 10, 10, 9, 7, 8, 7, 8, 8, 6, 6, 6, 6, 6, 6, 8, 10, 10, 10, 7, 7, 7, 7, 10, 5, 5, 6, 6, 6, 6, 6, 8, 8, 8, 6, 6, 7, 7, 6, 6, 7, 6, 7, 6, 8, 6, 9, 5, 6, 6, 8, 9, 9, 9, 5, 12, 6, 5, 7, 7, 11, 6, 11, 11, 12, 10, 9, 9, 9, 12, 7, 15, 10, 9, 10, 8, 9, 9, 11, 11, 10, 9, 8, 8, 8, 10, 12, 10, 12, 13, 9, 10, 13, 8, 10, 11, 9, 13, 10, 9, 10, 14, 8, 11, 7, 10, 10, 11, 13, 12, 10, 10, 10, 10, 14, 11, 11, 6, 11, 8, 13, 10, 10, 16, 15, 16, 13, 18, 16, 10, 13, 13, 13, 12, 12, 13, 13, 12, 13, 11, 10, 13, 11, 21, 18, 15, 11, 8, 15, 15, 15, 20, 19, 11, 11, 18, 15, 15, 10, 9, 10, 15, 16, 15, 7, 8, 7, 6, 6, 8, 8, 10, 7, 11, 7, 8, 8, 10, 9, 5, 11, 11, 10, 10, 12, 8, 11, 12, 13, 4, 4, 5, 8, 8, 7, 9, 6, 8, 9, 7, 9, 10, 10, 9, 9, 9, 8, 9, 10, 9, 9, 4, 9, 10, 10, 13, 6, 6, 9, 9, 9, 10, 12, 11, 12, 12, 12, 10, 18, 12, 11]
Trade Returns: [-0.0023168250000000002, 0.0007505388672109267, 0.008177622716860606, -0.0025174181588253153, -0.00218773910133139, -0.002365830118428337, 0.0011939492825521626, -0.000542626008589189, -0.0024188213078542593, -0.0021118441428186916, 0.0011181414796762035, -0.0021163134670183826, -0.002159685794785637, 0.003032567721867072, 0.00036529913380713814, 0.004227565096099175, -0.0022632381356551463, -0.0007166747916419554, -0.0023800229414724667, -0.0016796141057123664, -0.0022248920904930094, -0.0019511216142284698, -0.002284774014775896, 0.0036645774439966793, -0.0023171409658465205, -0.002512308367594729, -0.00274695250680916, 0.0014237354465100251, -0.00021673171920538295, 0.00035489509023675214, 0.007991043805206318, 0.005689059272297359, 0.0013349207398325512, 0.00933999456835078, 0.00018706443251682915, 0.003093099223161108, -0.002170150642735618, -0.0008098345972759683, -0.00217973091981415, 0.0020327345962216164, 0.008397912687530347, 0.003781652936280948, -0.0001726249015544555, 0.0038785436015741108, 0.002799641878287132, -0.0022530112953483275, -0.00037586090995210894, -3.3648483003638686e-05, -0.002489910311928737, -0.002006064854057789, -0.001918207920094812, 0.0023334660064630005, 0.008457596285570754, 0.0035088873207258973, -0.00045696166400894064, 0.010071758758949475, 0.009303296259406924, -0.002577083062413, -0.0020036065983720696, 0.0002983302264845533, -0.0027768743651421807, -0.0023244303168691314, -0.0009496999717728438, -0.0018426958105489263, -0.0017379024669862372, -0.0019840442628579263, 0.0015916264309512955, -0.0021787198944187183, -0.0027267927654884335, -0.001670360620894242, -0.0018947216737098917, 0.003738396415938952, -0.0018884037834108382, 0.0019648571186068053, -0.0021963498097601307, -0.0018679972000721296, -0.0022922481991550837, 0.007211620878432526, -0.003069670787242836, -0.002706794302630347, 0.0012962015383198339, -0.002142305314697151, -0.0025303978643591045, -0.00286635937208561, -0.0014898180224982942, -0.0027852044280140043, -0.0018739714981192254]
Daily Returns: [-0.0023168250000000002, 0, 0, 0, 0.0007505388672109267, 0, 0, 0, 0, 0, 0.005660204558035291, 0, -0.00218773910133139, 0, -0.0011718808358761746, 0, 0, 0, -0.000542626008589189, 0, -0.0024188213078542593, 0, 0, 0, 0, 0, 0, 0, 0, 0, 0, 0, 0, 0, 0, 0, 0, 0, 0, 0, 0, -0.0021118441428186916, 0.0011181414796762035, 0, 0, 0, 0, 0, 0, 0, 0, 0, 0, -0.0021163134670183826, 0, 0, -0.002159685794785637, 0, 0, 0, 0, 0, 0, 0, 0, 0, 0, 0, 0, 0, 0, 0, 0.003032567721867072, 0, 0, 0, 0, 0, 0, 0, 0, 0.00036529913380713814, 0, 0, 0.001247652168802073, 0, 0, -0.0023800229414724667, 0, 0, 0, 0, -0.0016796141057123664, 0, 0, 0, 0, 0, 0, 0, 0, -0.0022248920904930094, 0, 0, 0, 0, 0, -0.0019511216142284698, 0.0013798034292207832, 0, 0, 0, 0, 0, 0, 0, 0, 0, 0, -0.0023171409658465205, -0.0052592608744038895, 0, 0.0014237354465100251, 0.0001381633710313692, 0, 0, 0, 0, 0, 0, 0, 0, 0, 0, 0, 0, 0, 0, 0, 0, 0, 0, 0.007991043805206318, 0, 0, 0, 0, 0.005689059272297359, 0.0013349207398325512, 0.00933999456835078, 0, 0, 0, 0, 0, 0, 0, 0, 0, 0, 0, 0.00018706443251682915, 0.00011311398314952173, 0, 0, 0, 0, 0, 0, 0, 0, 0, 0, 0, 0, 0, 0, 0, 0, 0, 0, 0, 0, 0, 0, 0, -0.00217973091981415, 0, 0.0020327345962216164, 0, 0, 0.01200694072225684, 0.0038785436015741108, 0, 0, 0, 0.002799641878287132, 0, -0.0026288722053004364, 0, 0, -3.3648483003638686e-05, 0, 0, 0, 0, 0, 0, 0, 0, -0.002489910311928737, 0, 0, 0, 0, 0, -0.002006064854057789, 0, -0.001918207920094812, 0.0023334660064630005, 0, 0, 0.008457596285570754, 0, 0, 0, 0, 0.0035088873207258973, 0, 0, 0, 0, 0, 0, 0, 0, 0, 0, 0, 0, 0, 0, 0, 0, 0, 0, 0, 0, 0, 0, 0, -0.00045696166400894064, 0, 0, 0, 0, 0, 0.010071758758949475, 0, 0, 0, 0, 0, 0, 0.006726213196993924, 0, 0, 0, -0.0020036065983720696, 0, 0.0002983302264845533, 0, 0, 0, 0, -0.0027768743651421807, 0, 0, 0, 0, 0, 0, 0, 0, 0, 0, 0, 0, 0, 0, 0, 0, -0.0023244303168691314, 0, 0, 0, 0, 0, -0.0009496999717728438, 0, 0, 0, 0, 0, -0.0018426958105489263, -0.0017379024669862372, 0, 0, 0, 0, 0, 0, 0, 0, 0, 0, 0, 0, -0.0019840442628579263, 0, 0, 0.0015916264309512955, 0, -0.0021787198944187183, 0, 0, 0, -0.0027267927654884335, 0, 0, 0, 0, -0.001670360620894242, 0, 0, 0, 0, 0, 0, 0, -0.0018947216737098917, 0, 0.003738396415938952, 0, -0.0018884037834108382, 0, 0, 0, 0.0019648571186068053, 0, 0, 0, 0, 0, -0.0021963498097601307, 0, -0.0018679972000721296, 0, 0, 0, 0, 0, 0, -0.0022922481991550837, 0, 0.007211620878432526, -0.003069670787242836, 0, 0, 0, 0, 0, 0, 0, 0, 0, -0.002706794302630347, 0.0012962015383198339, 0, 0, -0.002142305314697151, -0.0025303978643591045, 0, 0, -0.00286635937208561, 0, 0, 0, 0, 0, 0, 0, 0, 0, 0, 0, 0, -0.0014898180224982942, 0, 0, 0, 0, 0, 0, -0.00465917592613323, 0, 0, 0]
Start Date: 2021-12-17
End Date: 2023-04-06
Sharpe Ratio: 0.025
Annualized Sharpe: 0.391
Sharpe 95% CI: (np.float64(-1.344), np.float64(1.733))
Sortino Ratio: 0.042
CAGR: 0.009
Calmar Ratio: 0.278
Daily Win Rate (%): 0.368
Max Drawdown: 0.033
Profit Factor: 1.143
Expectancy: 0.000176
Average Win: 0.003832
Average Loss: 0.00195
Total Trades: 87
Total Days: 408

Rolling 3 - Variant 1 - atr_0.25_4 - Test Metrics
Contracts: [9, 9, 14, 13, 9, 10, 9, 10, 11, 8, 8, 8, 9, 5, 7, 9, 10, 10, 9, 7, 8, 7, 8, 8, 6, 6, 6, 6, 6, 6, 8, 10, 10, 10, 7, 7, 7, 7, 10, 5, 5, 6, 6, 6, 6, 6, 8, 8, 8, 6, 6, 7, 7, 6, 6, 7, 6, 7, 6, 8, 6, 9, 5, 6, 6, 8, 9, 9, 9, 5, 12, 6, 5, 7, 7, 11, 6, 11, 11, 12, 10, 9, 9, 9, 12, 7, 15, 10, 9, 10, 8, 9, 9, 11, 11, 10, 9, 8, 8, 8, 10, 12, 10, 12, 13, 9, 10, 13, 8, 10, 11, 9, 13, 10, 9, 10, 14, 8, 11, 7, 10, 10, 11, 13, 12, 10, 10, 10, 10, 14, 11, 11, 6, 11, 8, 13, 10, 10, 16, 15, 16, 13, 18, 16, 10, 13, 13, 13, 12, 12, 13, 13, 12, 13, 11, 10, 13, 11, 21, 18, 15, 11, 8, 15, 15, 15, 20, 19, 11, 11, 18, 15, 15, 10, 9, 10, 15, 16, 15, 7, 8, 7, 6, 6, 8, 8, 10, 7, 11, 7, 8, 8, 10, 9, 5, 11, 11, 10, 10, 12, 8, 11, 12, 13, 4, 4, 5, 8, 8, 7, 9, 6, 8, 9, 7, 9, 10, 10, 9, 9, 9, 8, 9, 10, 9, 9, 4, 9, 10, 10, 13, 6, 6, 9, 9, 9, 10, 12, 11, 12, 12, 12, 10, 18, 12, 11]
Trade Returns: [-0.0016976640905833995, 0.0056692993755021225, -0.002364758397214465, 0.0006294376348657438, 0.0028147246310455364, -0.0024595451083469447, 0.004034031532745782, -0.0020589376912052626, 0.00302362863299195, 0.0038995159751362496, -0.0020172153372719826, -0.0030589738600845934, -0.002510840060633835, -0.002465272404257954, -0.002522873286128547, 0.0005740907092418886, -0.0016261957142996515, -0.00330371716739639, -0.0013817592157887486, 0.009801273038854792, -0.0023726208767939007, -0.0022942139785270747, -0.0020533152606039863, -3.836650300925474e-05, -0.0023058742002638223, -0.002753943201715315, 0.0006407350886741318, 0.00829898167152168, -0.0025253585887241177, 0.007287585450552558, 0.0016083304106151587, -0.0022178260112920107, -0.0022423371744232277, 0.0031546393745274814, -0.0027147957436585483, 0.004244039058607255, -0.0024159045518861604, 0.0009409037941357094, -0.0021602272764386374, -0.0019215683543954958, -0.0012758831661054337, -0.002350456183584661, -0.0024109996710438624, -0.002812236679459738, -0.0028043501830130194, -0.0005274103585121823, -0.0019117493457632795, -0.0021558810093255014, 0.0038425136938432434, 0.00020677340736150149, 0.006722441666873981, -0.002249551986859967, -0.0027032121299933026, -0.002210190046428222, -0.0017972975111725125, -0.00271776678801394, -0.00212193260911083, -0.0005449591827578915, -0.0024629670037582515, -0.0006304540545948437, 0.0026746943855656376, 0.001458878247122282, 0.00043408906670843443, -0.0020574343398435863, -0.002280861882912885, 0.007655189528315434, -0.002355209431319017, 0.005481016994316481, -0.0022066525175457605, -0.0026326263109370967, 0.008600985779205844, -0.0027070048170290957, -0.0025425079245299954, -0.002419282960502112, -0.0022154370286608725, -0.0007362138837667582, 0.0012520041597038152, 0.0033169687524606545, -0.003013525700988944, 0.0005398947811182979, -0.0026377748896034147, -0.002566306734119158, 0.0018896231916553639, 0.008284317129055611, -0.002632580455088121, -0.00273316940226655, -0.0007942418169367567, -0.002198456302313456, 0.0027239691012862152, 0.002001679537367745, -0.001668533410074694, -0.0013790810678086418, -0.002289833516775251, 0.004790362581775971, 0.0007589081665821739, -0.0018737297965250202, 0.004084048526187715, 0.0017610944160460003, -0.0020505334931755085, -0.0021319220493270937, -0.0024768466839941643, 0.003986986529461596, -0.002196266927745487, -0.002632640645400578, -0.002201101133369329, 0.004344344575546107, -0.0023193201826354837, -0.0014796449173287752, 0.008684449365014153, -0.003121869999803292, -0.0025750626856183476, -0.0024536862647666978, -0.0024476804249275144, -0.002123887781921208, 0.003235186044361062, -0.002838212811187483, 0.013132482921854349, 0.0008290907928835395, 0.0007786679014474984, -0.002304342876876973, 0.006159061232642336, -0.002699221102262313, -0.002353714119628911, 0.0036682018997548672, -0.0022398471978898405, 0.0001853996021969035, 0.004935615947865129, 0.002349279702281228, -0.00020462336859543095, -0.002478032954360612, 0.0005756137809553854, -0.002178883000286777, -3.833686174450988e-05, -0.002128000296403845, -0.0027394417287987935, 0.006600218717013223, -0.0021948946705053164, -0.0020785558114828654, -0.0025303722190400976, 0.0008292408774230901, -0.0021930858189678085, 8.176121636757096e-05, -0.0011645035780069241, -0.0010290122769777946, -0.0017306592422329414, -0.001545985370116885, 0.0022731715532512986, -0.0019797317358851373, -0.002152778336289667, 0.0003334447661549794, -0.0026497010564717847, -0.0023661360248985242, -0.0023603201633889273, 0.005561407830985998, -0.002428259362461967, 0.0036747993638447845, 0.0035388812424602327, -0.0031675148185379945, 0.00975658915861394]
Daily Returns: [-0.0016976640905833995, 0, 0.0056692993755021225, 0, -0.002364758397214465, 0, 0, 0, 0.0006294376348657438, 0, 0, 0, 0.0028147246310455364, 0, -0.0024595451083469447, 0, 0, 0, 0.004034031532745782, 0, 0, 0, -0.0020589376912052626, 0.00302362863299195, 0, 0, 0.001882300637864267, 0, 0, 0, 0, 0, 0, 0, 0, -0.0030589738600845934, 0, 0, 0, 0, 0, 0, 0, 0, 0, 0, -0.002510840060633835, 0, -0.002465272404257954, 0, 0, 0, 0, -0.002522873286128547, 0, 0, 0, 0, 0, 0, 0, 0, 0, 0, 0, 0, 0, 0, 0, 0, 0.0005740907092418886, 0, 0, 0, 0, -0.0016261957142996515, 0, 0, -0.004685476383185139, 0, 0, 0, 0, 0, 0, 0, 0, 0, 0, 0.009801273038854792, 0, 0, 0, 0, 0, -0.0023726208767939007, 0, 0, 0, 0, 0, 0, 0, 0, -0.0022942139785270747, 0, 0, -0.002091681763613241, 0, 0, -0.0023058742002638223, 0, 0, 0, 0, 0, 0, -0.002753943201715315, 0, 0, 0, 0, 0, 0.0006407350886741318, 0, 0, 0.0057736230827975625, 0, 0, 0, 0, 0, 0, 0, 0, 0.007287585450552558, 0, 0, 0, 0, 0, 0, 0, 0, 0, 0, 0, 0, 0, 0, 0, 0, 0, 0, 0, 0, 0.0016083304106151587, 0, 0, 0, 0, 0, 0, 0, 0, 0, -0.0022178260112920107, 0.0009123022001042537, 0, 0, -0.0027147957436585483, 0, 0.004244039058607255, -0.0024159045518861604, 0, 0, 0, 0.0009409037941357094, 0, -0.0021602272764386374, -0.0019215683543954958, 0, 0, 0, 0, -0.0012758831661054337, 0, 0, 0, -0.004761455854628524, 0, 0, 0, 0, 0, 0, 0, 0, 0, 0, 0, 0, 0, -0.002812236679459738, -0.0028043501830130194, 0, 0, 0, 0, 0, 0, 0, 0, -0.0005274103585121823, 0, -0.0019117493457632795, 0, 0, 0, 0, 0, 0, 0, 0, 0, 0, 0, 0, 0, 0, 0, 0, 0, 0, 0, 0, 0, 0, 0, 0, 0, 0, 0, 0, 0, 0, 0, 0, 0, 0, 0, 0, 0, 0, 0, 0, 0, 0, -0.0021558810093255014, 0, 0, 0, 0, 0.004049287101204745, 0.006722441666873981, 0, 0, -0.002249551986859967, 0, 0, 0, 0, 0, 0, 0, 0, 0, 0, 0, 0, -0.0027032121299933026, 0, 0, 0, 0, 0, -0.002210190046428222, 0, 0, 0, 0, 0, -0.0017972975111725125, -0.00271776678801394, 0, 0, 0, 0, -0.00212193260911083, -0.0005449591827578915, 0, 0, 0, 0, 0, 0, 0, 0, 0, 0, 0, 0, -0.0024629670037582515, 0, 0, 0, 0, 0, 0, 0, 0, 0, 0, -0.0006304540545948437, 0.00413357263268792, 0, 0.00043408906670843443, -0.004338296222756471, 0, 0, 0, 0, 0, 0, 0.005299980096996417, 0.005481016994316481, 0, 0, 0, 0, 0, -0.0022066525175457605, 0, 0, 0, 0, -0.0026326263109370967, 0, 0, 0, 0, 0, 0.008600985779205844, 0, 0, 0, 0, 0, -0.0027070048170290957, 0, -0.0025425079245299954, 0, 0, 0, 0, 0, -0.002419282960502112, 0, -0.0022154370286608725, 0, 0, -0.0007362138837667582, 0, 0, 0, 0, 0, 0, 0, 0, 0.0012520041597038152, 0.0033169687524606545, 0, 0, 0, -0.003013525700988944, 0, 0, 0, 0, 0, 0, 0, 0, 0, 0, 0, 0, 0, 0, 0, 0, 0, 0, 0, 0, 0.0005398947811182979, 0, 0, 0, -0.0026377748896034147, 0, 0, 0, -0.002566306734119158, 0, 0, 0, 0, 0, 0.0018896231916553639, 0, 0, 0.008284317129055611, 0, 0, 0, 0, 0, 0, 0, 0, 0, 0, 0, 0, 0, 0, 0, 0, 0, 0, 0, -0.002632580455088121, 0, 0, 0, 0, 0, 0, -0.00273316940226655, 0, 0, 0, 0, 0, 0, 0, 0, 0, -0.0007942418169367567, 0, 0.0005255127989727592, 0, 0, 0, 0, 0, 0, 0, 0, 0, 0, 0, 0, 0, 0, 0, 0, 0, 0, 0, 0, 0, 0, 0, 0, 0, 0.000333146127293051, -0.0013790810678086418, 0, 0, 0, 0, 0, 0, -0.002289833516775251, 0, 0, 0, 0, 0, 0, 0, 0, 0, 0, 0.004790362581775971, 0, 0, 0, 0, 0, 0.0007589081665821739, -0.0018737297965250202, 0, 0.004084048526187715, 0, 0.0017610944160460003, 0, 0, -0.0020505334931755085, 0, 0, 0, -0.0021319220493270937, 0, 0, 0, 0, 0, 0, 0, 0, 0, 0, 0, 0, 0, 0, 0, 0, -0.0024768466839941643, 0, 0, 0, 0, 0, 0.003986986529461596, -0.002196266927745487, 0, 0, 0, 0, 0, -0.002632640645400578, 0, 0, 0, 0, -0.002201101133369329, 0, 0, 0, 0.004344344575546107, 0, 0, -0.0023193201826354837, 0, 0, 0, 0, 0, 0, -0.0014796449173287752, 0, 0, 0, 0, 0, 0.005562579365210861, 0, 0, 0, 0, 0, 0, 0, 0, 0, 0, 0, 0, -0.00747642937531256, 0, 0, 0, 0, 0, 0, 0, 0, 0, 0, 0, 0, -0.002123887781921208, 0, 0, 0, 0, 0, 0, 0, 0, 0, 0, 0, 0, 0, 0.003235186044361062, 0, 0.010294270110666866, 0, 0, 0, 0, 0.0008290907928835395, 0.0007786679014474984, 0, 0, 0, 0, 0, 0, 0, 0, 0, 0, 0, -0.002304342876876973, 0, 0, 0, 0, 0, 0.0034598401303800232, 0, 0, 0, 0, -0.002353714119628911, 0, 0, 0, 0, 0, 0, 0.0036682018997548672, 0, 0, 0, -0.0022398471978898405, 0, 0, 0, 0.0001853996021969035, 0, 0, 0, 0.004935615947865129, 0, 0.002349279702281228, 0, 0, 0, 0, 0, 0, 0, -0.002682656322956043, -0.0016416060810759015, 0, 0, 0, 0, 0, 0, 0, 0, -0.002128000296403845, 0, -0.0027394417287987935, 0, 0, 0, 0, 0, 0, 0, 0, 0, 0, 0, 0.004405324046507906, 0, 0, 0, 0, 0, 0, 0, 0, 0, 0, 0, -0.0020785558114828654, 0, 0, 0, 0, 0, 0, -0.0025303722190400976, 0, 0, 0, 0, 0.0008292408774230901, 0, 0, 0, 0, 0, 0, -0.0021930858189678085, 0, 8.176121636757096e-05, -0.0011645035780069241, 0, 0, -0.0010290122769777946, 0, 0, -0.0017306592422329414, 0, -0.001545985370116885, 0, 0, 0, 0.0022731715532512986, 0, 0, -0.0019797317358851373, 0, 0, -0.002152778336289667, 0, 0, 0, 0, 0.0003334447661549794, -0.0026497010564717847, 0, 0, 0, 0, 0, 0, 0, 0, 0, -0.0023661360248985242, 0, 0, 0, 0, -0.0023603201633889273, 0, 0, 0.003133148468524031, 0, 0, 0, 0, 0, 0, 0, 0, 0, 0.0036747993638447845, 0, 0, 0, 0, 0, 0, 0, 0, 0, 0, 0.0035388812424602327, -0.0031675148185379945, 0.00975658915861394, 0, 0, 0, 0, 0, 0]
Start Date: 2023-04-07
End Date: 2025-11-06
Sharpe Ratio: -0.008
Annualized Sharpe: -0.121
Sharpe 95% CI: (np.float64(-1.323), np.float64(0.95))
Sortino Ratio: -0.011
CAGR: -0.003
Calmar Ratio: -0.082
Daily Win Rate (%): 0.358
Max Drawdown: 0.035
Profit Factor: 0.961
Expectancy: -5.3e-05
Average Win: 0.003695
Average Loss: 0.002148
Total Trades: 159
Total Days: 810



Rolling 3 - Variant 2 - atr_0.25_8 - Fit Metrics
Contracts: [9, 9, 14, 13, 9, 10, 9, 10, 11, 8, 8, 8, 9, 5, 7, 9, 10, 10, 9, 7, 8, 7, 8, 8, 6, 6, 6, 6, 6, 6, 8, 10, 10, 10, 7, 7, 7, 7, 10, 5, 5, 6, 6, 6, 6, 6, 7, 8, 8, 6, 6, 7, 7, 6, 5, 7, 6, 7, 6, 8, 6, 9, 5, 6, 6, 8, 9, 9, 9, 5, 11, 6, 5, 7, 7, 10, 6, 11, 10, 12, 10, 9, 9, 9, 12, 7, 15, 10, 9, 10, 8, 9, 9, 11, 11, 10, 9, 8, 8, 8, 10, 12, 10, 12, 13, 9, 10, 13, 8, 10, 11, 9, 13, 10, 9, 10, 14, 8, 11, 7, 11, 10, 11, 13, 12, 10, 10, 10, 10, 14, 11, 11, 6, 11, 8, 13, 10, 10, 16, 15, 16, 13, 18, 16, 10, 13, 13, 13, 13, 12, 13, 13, 12, 13, 11, 10, 13, 11, 21, 18, 15, 11, 8, 15, 15, 15, 20, 20, 11, 11, 18, 15, 16, 10, 9, 10, 16, 16, 16, 7, 9, 7, 6, 6, 9, 9, 10, 7, 11, 7, 8, 8, 10, 9, 5, 11, 11, 10, 10, 12, 8, 12, 12, 13, 4, 4, 5, 8, 8, 7, 9, 6, 8, 10, 7, 9, 10, 10, 10, 9, 10, 8, 9, 10, 9, 9, 4, 9, 10, 11, 13, 7, 6, 9, 10, 9, 10, 12, 11, 12, 12, 12, 11, 18, 12, 12]
Trade Returns: [-0.0023168250000000002, 0.0007505388672109267, 0.016590814812396208, -0.002496584287176676, -0.002169609767678374, -0.002346182354003704, 0.0011840435611086446, -0.0005381090061683682, -0.0023986753804963183, -0.0020942322090908285, 0.0011088062884304457, -0.0020986272218136257, -0.0021415991254844047, 0.003007116442597491, 0.0003622424977190942, 0.004192178657162142, -0.002244372998170986, -0.000710680195480308, -0.0023601397232154795, -0.0016655490564746462, -0.00220622981322563, -0.0019347195224631143, -0.0022655298440991786, 0.003633641392879706, -0.002297650679592109, -0.0024911277942385947, -0.0027237358783644477, 0.0014116694883409397, -0.00021489753754933575, 0.0003518909984377535, 0.008326366237116752, 0.005639043943032972, 0.001323250600864389, -0.002553961204493444, 0.00018764239785207734, 0.0031026540525814603, -0.0021768336754724635, -0.0008123339436683499, -0.00218648042593491, 0.0020390427228903405, 0.002890525821063572, 0.003814195862988761, -0.0001741047766110849, 0.00391179928701672, 0.002823553231136786, -0.001988174800975902, -0.00037896145780092714, -3.392616094349936e-05, -0.0024976010277378393, -0.0020226200983078724, -0.0019340701998650383, 0.002352799581730944, 0.008397850767016452, 0.0035381010413063517, -0.00045971178834169934, 0.01203435375117505, 0.011516108187319667, -0.0025869281884579164, -0.0016835242389053777, 0.0002994760753972937, -0.0027875102601053474, -0.002333355488760571, -0.0009533550866453036, -0.0018497945704619306, -0.0017446099308086284, -0.001991715097698998, 0.0015977923564271341, -0.0021871467425910204, -0.002737362566451153, -0.0016768531719068742, -0.0019016445978285263, 0.003752107761195121, -0.0018953167692972845, 0.0017927606378066736, -0.0022047539527849744, -0.0018748096823510993, -0.0023010386699170706, 0.006581218436988386, -0.002824820515048073, -0.002718900172662005, 0.0013020144764070108, -0.002151900192324569, -0.00254175535670117, -0.0028792575854067193, -0.0014965583521547845, -0.0027978632121530237, -0.0018825126156508504]
Daily Returns: [-0.0023168250000000002, 0, 0, 0, 0.0007505388672109267, 0, 0, 0, 0, 0, 0.014094230525219532, 0, -0.002169609767678374, 0, -0.0011621387928950593, 0, 0, 0, -0.0005381090061683682, 0, -0.0023986753804963183, 0, 0, 0, 0, 0, 0, 0, 0, 0, 0, 0, 0, 0, 0, 0, 0, 0, 0, 0, 0, -0.0020942322090908285, 0.0011088062884304457, 0, 0, 0, 0, 0, 0, 0, 0, 0, 0, -0.0020986272218136257, 0, 0, -0.0021415991254844047, 0, 0, 0, 0, 0, 0, 0, 0, 0, 0, 0, 0, 0, 0, 0, 0.003007116442597491, 0, 0, 0, 0, 0, 0, 0, 0, 0.0003622424977190942, 0, 0, 0.0012371254635108477, 0, 0, -0.0023601397232154795, 0, 0, 0, 0, -0.0016655490564746462, 0, 0, 0, 0, 0, 0, 0, 0, -0.00220622981322563, 0, 0, 0, 0, 0, -0.0019347195224631143, 0.0013681115487805275, 0, 0, 0, 0, 0, 0, 0, 0, 0, 0, -0.002297650679592109, -0.005214863672603043, 0, 0.0014116694883409397, 0.00013699346088841773, 0, 0, 0, 0, 0, 0, 0, 0, 0, 0, 0, 0, 0, 0, 0, 0, 0, 0, 0.008326366237116752, 0, 0, 0, 0, 0.005639043943032972, 0.001323250600864389, -0.002553961204493444, 0, 0, 0, 0, 0, 0, 0, 0, 0, 0, 0, 0.00018764239785207734, 0.00011348643344064686, 0, 0, 0, 0, 0, 0, 0, 0, 0, 0, 0, 0, 0, 0, 0, 0, 0, 0, 0, 0, 0, 0, 0, -0.00218648042593491, 0, 0.0020390427228903405, 0, 0, 0.0065306169074412475, 0.00391179928701672, 0, 0, 0, 0.002823553231136786, 0, -0.002367136258776829, 0, 0, -3.392616094349936e-05, 0, 0, 0, 0, 0, 0, 0, 0, -0.0024976010277378393, 0, 0, 0, 0, 0, -0.0020226200983078724, 0, -0.0019340701998650383, 0.002352799581730944, 0, 0, 0.008397850767016452, 0, 0, 0, 0, 0.0035381010413063517, 0, 0, 0, 0, 0, 0, 0, 0, 0, 0, 0, 0, 0, 0, 0, 0, 0, 0, 0, 0, 0, 0, 0, -0.00045971178834169934, 0, 0, 0, 0, 0, 0.01203435375117505, 0, 0, 0, 0, 0, 0, 0.008929179998861751, 0, 0, 0, -0.0016835242389053777, 0, 0.0002994760753972937, 0, 0, 0, 0, -0.0027875102601053474, 0, 0, 0, 0, 0, 0, 0, 0, 0, 0, 0, 0, 0, 0, 0, 0, -0.002333355488760571, 0, 0, 0, 0, 0, -0.0009533550866453036, 0, 0, 0, 0, 0, -0.0018497945704619306, -0.0017446099308086284, 0, 0, 0, 0, 0, 0, 0, 0, 0, 0, 0, 0, -0.001991715097698998, 0, 0, 0.0015977923564271341, 0, -0.0021871467425910204, 0, 0, 0, -0.002737362566451153, 0, 0, 0, 0, -0.0016768531719068742, 0, 0, 0, 0, 0, 0, 0, -0.0019016445978285263, 0, 0.003752107761195121, 0, -0.0018953167692972845, 0, 0, 0, 0.0017927606378066736, 0, 0, 0, 0, 0, -0.0022047539527849744, 0, -0.0018748096823510993, 0, 0, 0, 0, 0, 0, -0.0023010386699170706, 0, 0.006581218436988386, -0.002824820515048073, 0, 0, 0, 0, 0, 0, 0, 0, 0, -0.002718900172662005, 0.0013020144764070108, 0, 0, -0.002151900192324569, -0.00254175535670117, 0, 0, -0.0028792575854067193, 0, 0, 0, 0, 0, 0, 0, 0, 0, 0, 0, 0, -0.0014965583521547845, 0, 0, 0, 0, 0, 0, -0.004680375827803875, 0, 0, 0]
Start Date: 2021-12-17
End Date: 2023-04-06
Sharpe Ratio: 0.017
Annualized Sharpe: 0.27
Sharpe 95% CI: (np.float64(-1.539), np.float64(1.591))
Sortino Ratio: 0.031
CAGR: 0.006
Calmar Ratio: 0.191
Daily Win Rate (%): 0.356
Max Drawdown: 0.034
Profit Factor: 1.1
Expectancy: 0.000125
Average Win: 0.003865
Average Loss: 0.001945
Total Trades: 87
Total Days: 408

Rolling 3 - Variant 2 - atr_0.25_8 - Test Metrics
Contracts: [9, 9, 14, 13, 9, 10, 9, 10, 11, 8, 8, 8, 9, 5, 7, 9, 10, 10, 9, 7, 8, 7, 8, 8, 6, 6, 6, 6, 6, 6, 8, 10, 10, 10, 7, 7, 7, 7, 10, 5, 5, 6, 6, 6, 6, 6, 7, 8, 8, 6, 6, 7, 7, 6, 5, 7, 6, 7, 6, 8, 6, 9, 5, 6, 6, 8, 9, 9, 9, 5, 11, 6, 5, 7, 7, 10, 6, 11, 10, 12, 10, 9, 9, 9, 12, 7, 15, 10, 9, 10, 8, 9, 9, 11, 11, 10, 9, 8, 8, 8, 10, 12, 10, 12, 13, 9, 10, 13, 8, 10, 11, 9, 13, 10, 9, 10, 14, 8, 11, 7, 11, 10, 11, 13, 12, 10, 10, 10, 10, 14, 11, 11, 6, 11, 8, 13, 10, 10, 16, 15, 16, 13, 18, 16, 10, 13, 13, 13, 13, 12, 13, 13, 12, 13, 11, 10, 13, 11, 21, 18, 15, 11, 8, 15, 15, 15, 20, 20, 11, 11, 18, 15, 16, 10, 9, 10, 16, 16, 16, 7, 9, 7, 6, 6, 9, 9, 10, 7, 11, 7, 8, 8, 10, 9, 5, 11, 11, 10, 10, 12, 8, 12, 12, 13, 4, 4, 5, 8, 8, 7, 9, 6, 8, 10, 7, 9, 10, 10, 10, 9, 10, 8, 9, 10, 9, 9, 4, 9, 10, 11, 13, 7, 6, 9, 10, 9, 10, 12, 11, 12, 12, 12, 11, 18, 12, 12]
Trade Returns: [-0.0017054346937934604, 0.005695293407848891, -0.002375556733007578, 0.0006323072955822091, 0.00282758086006909, -0.002470751301851092, 0.004052404982482639, -0.002068277505479304, 0.003037372933981367, 0.00391718806034045, -0.0020263214173387232, -0.003072834207416049, -0.002522171112160061, -0.0024764236922094457, -0.002534313453684804, 0.0005767005830025896, -0.0016336192081957911, -0.0033187484033632094, -0.0013880372108059727, 0.015040701978008997, -0.0023711915675570126, -0.0022928286180524844, -0.0020520725173561126, -3.83432344168004e-05, -0.0023164176129462245, -0.0027522729207639612, 0.0006403454069822779, 0.012151217103860898, -0.0025238237012595796, 0.007255425360044083, 0.0016012513380954316, -0.002207419231928392, -0.0022317921031136992, 0.0034548540567283705, -0.0027028788568947953, 0.004223987698314048, -0.002404517829976024, 0.0009364771042602888, -0.0021500735184852046, -0.001913149561521478, -0.0012698587294438552, -0.002339343740796444, -0.002399642784624159, -0.0027988725634158344, -0.0027910607400875764, -0.0005248922099015837, -0.0019026389643570004, -0.002145582235842946, 0.0038240777537193976, 0.00020578511158134358, 0.006690317643235093, -0.0022388736642627452, -0.0026903515501211306, -0.002199609133183579, -0.0017887237698620368, -0.0027047788526579877, -0.002111764603429559, -0.0005423422879488059, -0.002451133414673857, -0.0006274095511140391, 0.002883584171202366, 0.0014515264064388193, 0.0004319046979667263, -0.0020470856455811833, -0.002269365836486984, 0.010228492523976465, -0.002337342659401065, 0.005439340230058508, -0.0021899642627950166, -0.002619946495598977, 0.00971186645858794, -0.002683486793246593, -0.0025203595886055252, -0.0023981548133378693, -0.0021986455665710678, -0.0007297689047744572, 0.0012410358343381733, 0.0032879460872183726, -0.002987244499397784, 0.0005351722075443302, -0.0027523305869073286, -0.0025441629338992275, 0.0018732766786107894, 0.016726695954018295, -0.002588178587040329, -0.002866081441273288, -0.00078091521983569, -0.0021616381447724015, 0.0026782278568710464, 0.002099289849605738, -0.0016403696867194565, -0.0014461491822806267, -0.002251270356003369, 0.005298194136820445, 0.0007457743431449405, -0.0018413268021452243, 0.004013085485852782, 0.001946905964015578, -0.002266463113057873, -0.0020950508413221172, -0.0024341026099101853, 0.003918013394890279, -0.002158420746043856, -0.0025870781639295054, -0.002163089603519645, 0.0042690521768787015, -0.00227907614895276, -0.0014539119882505858, 0.009554108585113992, -0.0030674976107030604, -0.0025276685862824786, -0.00240863487612826, -0.002402847294333119, -0.002084698511571315, 0.00318037822944744, -0.002790282620756132, 0.011536044121476685, 0.0008150503829197924, 0.0007654921273149107, -0.002265381109606555, 0.006054409854854093, -0.002653479121578339, -0.0023139617820158134, 0.0036061165476385863, -0.002202073368934687, 0.00018226108969577703, 0.005391328576177947, 0.002308526057628157, -0.00020108188256369133, -0.0024351361719082516, 0.0005656251106254277, -0.0023789933888169524, -3.767953183328947e-05, -0.002323902101090349, -0.00269299774473394, 0.004828458618331095, -0.0021574893132297276, -0.002046658921586641, -0.002487356920342267, 0.0008164894995729794, -0.002159389878132707, 8.050226739051206e-05, -0.0012612315551141927, -0.0010132670756854774, -0.0019881762680886788, -0.0015226986275477718, 0.0022388791929155295, -0.0021665920374183754, -0.0021207718125501604, 0.00032847672579143316, -0.0026102357520304703, -0.0023308019781459874, -0.002324990620047941, 0.005477970047656551, -0.0023920266768295497, 0.00398181878272374, 0.0034848840581814928, -0.0031193518834426504, 0.009294476368466923]
Daily Returns: [-0.0017054346937934604, 0, 0.005695293407848891, 0, -0.002375556733007578, 0, 0, 0, 0.0006323072955822091, 0, 0, 0, 0.00282758086006909, 0, -0.002470751301851092, 0, 0, 0, 0.004052404982482639, 0, 0, 0, -0.002068277505479304, 0.003037372933981367, 0, 0, 0.0018908666430017267, 0, 0, 0, 0, 0, 0, 0, 0, -0.003072834207416049, 0, 0, 0, 0, 0, 0, 0, 0, 0, 0, -0.002522171112160061, 0, -0.0024764236922094457, 0, 0, 0, 0, -0.002534313453684804, 0, 0, 0, 0, 0, 0, 0, 0, 0, 0, 0, 0, 0, 0, 0, 0, 0.0005767005830025896, 0, 0, 0, 0, -0.0016336192081957911, 0, 0, -0.004706785614169182, 0, 0, 0, 0, 0, 0, 0, 0, 0, 0, 0.015040701978008997, 0, 0, 0, 0, 0, -0.0023711915675570126, 0, 0, 0, 0, 0, 0, 0, 0, -0.0022928286180524844, 0, 0, -0.002090415751772913, 0, 0, -0.0023164176129462245, 0, 0, 0, 0, 0, 0, -0.0027522729207639612, 0, 0, 0, 0, 0, 0.0006403454069822779, 0, 0, 0.009627393402601318, 0, 0, 0, 0, 0, 0, 0, 0, 0.007255425360044083, 0, 0, 0, 0, 0, 0, 0, 0, 0, 0, 0, 0, 0, 0, 0, 0, 0, 0, 0, 0, 0.0016012513380954316, 0, 0, 0, 0, 0, 0, 0, 0, 0, -0.002207419231928392, 0.0012230619536146713, 0, 0, -0.0027028788568947953, 0, 0.004223987698314048, -0.002404517829976024, 0, 0, 0, 0.0009364771042602888, 0, -0.0021500735184852046, -0.001913149561521478, 0, 0, 0, 0, -0.0012698587294438552, 0, 0, 0, -0.0047389865254206034, 0, 0, 0, 0, 0, 0, 0, 0, 0, 0, 0, 0, 0, -0.0027988725634158344, -0.0027910607400875764, 0, 0, 0, 0, 0, 0, 0, 0, -0.0005248922099015837, 0, -0.0019026389643570004, 0, 0, 0, 0, 0, 0, 0, 0, 0, 0, 0, 0, 0, 0, 0, 0, 0, 0, 0, 0, 0, 0, 0, 0, 0, 0, 0, 0, 0, 0, 0, 0, 0, 0, 0, 0, 0, 0, 0, 0, 0, 0, -0.002145582235842946, 0, 0, 0, 0, 0.004029862865300741, 0.006690317643235093, 0, 0, -0.0022388736642627452, 0, 0, 0, 0, 0, 0, 0, 0, 0, 0, 0, 0, -0.0026903515501211306, 0, 0, 0, 0, 0, -0.002199609133183579, 0, 0, 0, 0, 0, -0.0017887237698620368, -0.0027047788526579877, 0, 0, 0, 0, -0.002111764603429559, -0.0005423422879488059, 0, 0, 0, 0, 0, 0, 0, 0, 0, 0, 0, 0, -0.002451133414673857, 0, 0, 0, 0, 0, 0, 0, 0, 0, 0, -0.0006274095511140391, 0.004335110577641185, 0, 0.0004319046979667263, -0.004316451482068167, 0, 0, 0, 0, 0, 0, 0.007891149864575401, 0.005439340230058508, 0, 0, 0, 0, 0, -0.0021899642627950166, 0, 0, 0, 0, -0.002619946495598977, 0, 0, 0, 0, 0, 0.00971186645858794, 0, 0, 0, 0, 0, -0.002683486793246593, 0, -0.0025203595886055252, 0, 0, 0, 0, 0, -0.0023981548133378693, 0, -0.0021986455665710678, 0, 0, -0.0007297689047744572, 0, 0, 0, 0, 0, 0, 0, 0, 0.0012410358343381733, 0.0032879460872183726, 0, 0, 0, -0.002987244499397784, 0, 0, 0, 0, 0, 0, 0, 0, 0, 0, 0, 0, 0, 0, 0, 0, 0, 0, 0, 0, 0.0005351722075443302, 0, 0, 0, -0.0027523305869073286, 0, 0, 0, -0.0025441629338992275, 0, 0, 0, 0, 0, 0.0018732766786107894, 0, 0, 0.016726695954018295, 0, 0, 0, 0, 0, 0, 0, 0, 0, 0, 0, 0, 0, 0, 0, 0, 0, 0, 0, -0.002588178587040329, 0, 0, 0, 0, 0, 0, -0.002866081441273288, 0, 0, 0, 0, 0, 0, 0, 0, 0, -0.00078091521983569, 0, 0.0005165897120986448, 0, 0, 0, 0, 0, 0, 0, 0, 0, 0, 0, 0, 0, 0, 0, 0, 0, 0, 0, 0, 0, 0, 0, 0, 0, 0.00045892016288628153, -0.0014461491822806267, 0, 0, 0, 0, 0, 0, -0.002251270356003369, 0, 0, 0, 0, 0, 0, 0, 0, 0, 0, 0.005298194136820445, 0, 0, 0, 0, 0, 0.0007457743431449405, -0.0018413268021452243, 0, 0.004013085485852782, 0, 0.001946905964015578, 0, 0, -0.002266463113057873, 0, 0, 0, -0.0020950508413221172, 0, 0, 0, 0, 0, 0, 0, 0, 0, 0, 0, 0, 0, 0, 0, 0, -0.0024341026099101853, 0, 0, 0, 0, 0, 0.003918013394890279, -0.002158420746043856, 0, 0, 0, 0, 0, -0.0025870781639295054, 0, 0, 0, 0, -0.002163089603519645, 0, 0, 0, 0.0042690521768787015, 0, 0, -0.00227907614895276, 0, 0, 0, 0, 0, 0, -0.0014539119882505858, 0, 0, 0, 0, 0, 0.0064866109744109324, 0, 0, 0, 0, 0, 0, 0, 0, 0, 0, 0, 0, -0.007339150756743858, 0, 0, 0, 0, 0, 0, 0, 0, 0, 0, 0, 0, -0.002084698511571315, 0, 0, 0, 0, 0, 0, 0, 0, 0, 0, 0, 0, 0, 0.00318037822944744, 0, 0.008745761500720553, 0, 0, 0, 0, 0.0008150503829197924, 0.0007654921273149107, 0, 0, 0, 0, 0, 0, 0, 0, 0, 0, 0, -0.002265381109606555, 0, 0, 0, 0, 0, 0.0034009307332757543, 0, 0, 0, 0, -0.0023139617820158134, 0, 0, 0, 0, 0, 0, 0.0036061165476385863, 0, 0, 0, -0.002202073368934687, 0, 0, 0, 0.00018226108969577703, 0, 0, 0, 0.005391328576177947, 0, 0.002308526057628157, 0, 0, 0, 0, 0, 0, 0, -0.002636218054471943, -0.0018510478100248141, 0, 0, 0, 0, 0, 0, 0, 0, -0.002323902101090349, 0, -0.00269299774473394, 0, 0, 0, 0, 0, 0, 0, 0, 0, 0, 0, 0.002670969305101368, 0, 0, 0, 0, 0, 0, 0, 0, 0, 0, 0, -0.002046658921586641, 0, 0, 0, 0, 0, 0, -0.002487356920342267, 0, 0, 0, 0, 0.0008164894995729794, 0, 0, 0, 0, 0, 0, -0.002159389878132707, 0, 8.050226739051206e-05, -0.0012612315551141927, 0, 0, -0.0010132670756854774, 0, 0, -0.0019881762680886788, 0, -0.0015226986275477718, 0, 0, 0, 0.0022388791929155295, 0, 0, -0.0021665920374183754, 0, 0, -0.0021207718125501604, 0, 0, 0, 0, 0.00032847672579143316, -0.0026102357520304703, 0, 0, 0, 0, 0, 0, 0, 0, 0, -0.0023308019781459874, 0, 0, 0, 0, -0.002324990620047941, 0, 0, 0.0030859433708270013, 0, 0, 0, 0, 0, 0, 0, 0, 0, 0.00398181878272374, 0, 0, 0, 0, 0, 0, 0, 0, 0, 0, 0.0034848840581814928, -0.0031193518834426504, 0.009294476368466923, 0, 0, 0, 0, 0, 0]
Start Date: 2023-04-07
End Date: 2025-11-06
Sharpe Ratio: 0.009
Annualized Sharpe: 0.141
Sharpe 95% CI: (np.float64(-1.107), np.float64(1.138))
Sortino Ratio: 0.015
CAGR: 0.003
Calmar Ratio: 0.114
Daily Win Rate (%): 0.358
Max Drawdown: 0.028
Profit Factor: 1.051
Expectancy: 7e-05
Average Win: 0.004036
Average Loss: 0.002146
Total Trades: 159
Total Days: 810



Rolling 3 - Variant 3 - atr_0.5_1 - Fit Metrics
Contracts: [9, 9, 14, 13, 8, 10, 8, 10, 11, 8, 8, 8, 9, 5, 7, 9, 10, 10, 9, 7, 8, 7, 8, 8, 6, 6, 6, 6, 6, 6, 8, 10, 10, 10, 7, 7, 7, 7, 10, 5, 5, 6, 6, 6, 6, 6, 8, 8, 8, 6, 6, 7, 7, 6, 6, 7, 6, 7, 6, 8, 6, 9, 5, 6, 6, 8, 9, 9, 9, 5, 11, 6, 5, 7, 7, 10, 6, 11, 10, 12, 10, 9, 9, 9, 12, 7, 15, 10, 9, 10, 8, 9, 9, 11, 10, 10, 9, 8, 8, 8, 10, 12, 10, 12, 13, 9, 10, 13, 8, 10, 11, 9, 13, 10, 9, 10, 13, 8, 10, 7, 10, 10, 10, 13, 12, 9, 9, 10, 10, 13, 10, 11, 6, 11, 8, 12, 10, 10, 16, 15, 15, 13, 17, 15, 10, 13, 13, 13, 12, 12, 12, 13, 11, 13, 11, 10, 12, 11, 20, 17, 14, 10, 8, 14, 14, 14, 19, 19, 10, 10, 17, 14, 15, 9, 9, 10, 15, 15, 15, 6, 8, 7, 6, 6, 8, 8, 10, 6, 10, 6, 7, 8, 10, 8, 5, 10, 11, 10, 10, 11, 8, 11, 12, 12, 4, 4, 5, 8, 8, 7, 8, 6, 8, 9, 7, 9, 9, 9, 9, 9, 9, 8, 9, 9, 9, 8, 4, 9, 10, 10, 12, 6, 6, 9, 9, 8, 9, 11, 11, 12, 11, 12, 10, 18, 11, 11]
Trade Returns: [-0.0027386999999999646, 0.0007508563703413546, 0.003972705286249108, -0.00479954637586231, -0.0042066896357881335, -0.004083771026638499, 0.0010686286271076695, -0.0005484999045301662, 0.00328744891028551, -0.004022884204994617, 0.00399483208390316, 0.003743154388823588, 0.0038566099464665852, 0.0030091575721029992, 0.0003624876380775936, 0.004008050702564322, -0.004356792368911934, -0.0007111609598041733, 0.004281890981731901, -0.0016811983231223952, -0.004188085680249648, -0.0037236986106849237, 0.004077208219521801, 0.004160530393715258, 0.0015409036208151542, 0.0008309388516599328, -0.0027419947011720165, 0.0013922295244399876, -0.00021194231870070608, 0.0003470508528883541, 0.003840476371671798, 0.004472948238502609, 0.0013124097903009912, 0.0045086936016009325, 0.00018479863022735814, 0.0030556412397663058, -0.0019089987306051793, -0.000799847895852607, -0.0013399303412883585, 0.0037871082060399147, 0.004086805703434897, 0.003741082787362617, -0.00017077985776893092, 0.00478440169619778, 0.003238621166611452, -0.004250052771440386, -0.0003720899257330999, -3.331076464473974e-05, -0.002428584750925537, -0.0019859299939341745, -0.0037182204006543677, 0.004061134888473645, 0.004087145291993996, 0.0034890073133232555, -0.00045752912348847783, 0.0050022824184967375, 0.004558770051315205, 8.303033724536405e-05, -0.003869501563954234, 0.00030012306778928727, -0.005467290079842794, 0.004186023745731785, -0.000949211368547222, -0.0035687893489836646, -0.003328808805838167, -0.002255311633752211, 0.0015965401325337965, -0.0006899772037795884, -0.005234343551021155, -0.0032575733870611086, -0.0021524759807456622, 0.0034866889884742703, -0.0036821652437232133, 0.004170094639269843, -0.004274408453573918, -0.003647560979694462, -0.004377864344498048, 0.004311584140964322, 0.00498478839224707, -0.005215872661235611, 0.0013080799914484882, -0.0016929864002543957, -0.0048733797583565205, 0.005237323162722021, -0.0014839368553382695, -0.005367926979840806, -0.0018767445456971698]
Daily Returns: [-0.0027386999999999646, 0, 0, 0, 0.0007508563703413546, 0, 0, 0, 0, 0, -0.0008268410896132023, 0, -0.0042066896357881335, 0, -0.003015142399530829, 0, 0, 0, -0.0005484999045301662, 0, 0.00328744891028551, 0, 0, 0, 0, 0, 0, 0, 0, 0, 0, 0, 0, 0, 0, 0, 0, 0, 0, 0, 0, -0.004022884204994617, 0.00399483208390316, 0, 0, 0, 0, 0, 0, 0, 0, 0, 0, 0.003743154388823588, 0, 0, 0.0038566099464665852, 0, 0, 0, 0, 0, 0, 0, 0, 0, 0, 0, 0, 0, 0, 0, 0.0030091575721029992, 0, 0, 0, 0, 0, 0, 0, 0, 0.0003624876380775936, 0, 0, -0.0010599026261517855, 0, 0, 0.004281890981731901, 0, 0, 0, 0, -0.0016811983231223952, 0, 0, 0, 0, 0, 0, 0, 0, -0.004188085680249648, 0, 0, 0, 0, 0, -0.0037236986106849237, 0.00823773861323706, 0, 0, 0, 0, 0, 0, 0, 0, 0, 0, 0.0015409036208151542, -0.0019110558495120836, 0, 0.0013922295244399876, 0.000135108534187648, 0, 0, 0, 0, 0, 0, 0, 0, 0, 0, 0, 0, 0, 0, 0, 0, 0, 0, 0.003840476371671798, 0, 0, 0, 0, 0.004472948238502609, 0.0013124097903009912, 0.0045086936016009325, 0, 0, 0, 0, 0, 0, 0, 0, 0, 0, 0, 0.00018479863022735814, 0.0003467946133085195, 0, 0, 0, 0, 0, 0, 0, 0, 0, 0, 0, 0, 0, 0, 0, 0, 0, 0, 0, 0, 0, 0, 0, -0.0013399303412883585, 0, 0.0037871082060399147, 0, 0, 0.007657108633028583, 0.00478440169619778, 0, 0, 0, 0.003238621166611452, 0, -0.004622142697173487, 0, 0, -3.331076464473974e-05, 0, 0, 0, 0, 0, 0, 0, 0, -0.002428584750925537, 0, 0, 0, 0, 0, -0.0019859299939341745, 0, -0.0037182204006543677, 0.004061134888473645, 0, 0, 0.004087145291993996, 0, 0, 0, 0, 0.0034890073133232555, 0, 0, 0, 0, 0, 0, 0, 0, 0, 0, 0, 0, 0, 0, 0, 0, 0, 0, 0, 0, 0, 0, 0, -0.00045752912348847783, 0, 0, 0, 0, 0, 0.0050022824184967375, 0, 0, 0, 0, 0, 0, 0.004641800388560569, 0, 0, 0, -0.003869501563954234, 0, 0.00030012306778928727, 0, 0, 0, 0, -0.005467290079842794, 0, 0, 0, 0, 0, 0, 0, 0, 0, 0, 0, 0, 0, 0, 0, 0, 0.004186023745731785, 0, 0, 0, 0, 0, -0.000949211368547222, 0, 0, 0, 0, 0, -0.0035687893489836646, -0.003328808805838167, 0, 0, 0, 0, 0, 0, 0, 0, 0, 0, 0, 0, -0.002255311633752211, 0, 0, 0.0015965401325337965, 0, -0.0006899772037795884, 0, 0, 0, -0.005234343551021155, 0, 0, 0, 0, -0.0032575733870611086, 0, 0, 0, 0, 0, 0, 0, -0.0021524759807456622, 0, 0.0034866889884742703, 0, -0.0036821652437232133, 0, 0, 0, 0.004170094639269843, 0, 0, 0, 0, 0, -0.004274408453573918, 0, -0.003647560979694462, 0, 0, 0, 0, 0, 0, -0.004377864344498048, 0, 0.004311584140964322, 0.00498478839224707, 0, 0, 0, 0, 0, 0, 0, 0, 0, -0.005215872661235611, 0.0013080799914484882, 0, 0, -0.0016929864002543957, -0.0048733797583565205, 0, 0, 0.005237323162722021, 0, 0, 0, 0, 0, 0, 0, 0, 0, 0, 0, 0, -0.0014839368553382695, 0, 0, 0, 0, 0, 0, -0.007244671525537975, 0, 0, 0]
Start Date: 2021-12-17
End Date: 2023-04-06
Sharpe Ratio: 0.016
Annualized Sharpe: 0.248
Sharpe 95% CI: (np.float64(-1.304), np.float64(1.778))
Sortino Ratio: 0.014
CAGR: 0.006
Calmar Ratio: 0.155
Daily Win Rate (%): 0.494
Max Drawdown: 0.037
Profit Factor: 1.08
Expectancy: 0.000113
Average Win: 0.003083
Average Loss: 0.00279
Total Trades: 87
Total Days: 408

Rolling 3 - Variant 3 - atr_0.5_1 - Test Metrics
Contracts: [9, 9, 14, 13, 8, 10, 8, 10, 11, 8, 8, 8, 9, 5, 7, 9, 10, 10, 9, 7, 8, 7, 8, 8, 6, 6, 6, 6, 6, 6, 8, 10, 10, 10, 7, 7, 7, 7, 10, 5, 5, 6, 6, 6, 6, 6, 8, 8, 8, 6, 6, 7, 7, 6, 6, 7, 6, 7, 6, 8, 6, 9, 5, 6, 6, 8, 9, 9, 9, 5, 11, 6, 5, 7, 7, 10, 6, 11, 10, 12, 10, 9, 9, 9, 12, 7, 15, 10, 9, 10, 8, 9, 9, 11, 10, 10, 9, 8, 8, 8, 10, 12, 10, 12, 13, 9, 10, 13, 8, 10, 11, 9, 13, 10, 9, 10, 13, 8, 10, 7, 10, 10, 10, 13, 12, 9, 9, 10, 10, 13, 10, 11, 6, 11, 8, 12, 10, 10, 16, 15, 15, 13, 17, 15, 10, 13, 13, 13, 12, 12, 12, 13, 11, 13, 11, 10, 12, 11, 20, 17, 14, 10, 8, 14, 14, 14, 19, 19, 10, 10, 17, 14, 15, 9, 9, 10, 15, 15, 15, 6, 8, 7, 6, 6, 8, 8, 10, 6, 10, 6, 7, 8, 10, 8, 5, 10, 11, 10, 10, 11, 8, 11, 12, 12, 4, 4, 5, 8, 8, 7, 8, 6, 8, 9, 7, 9, 9, 9, 9, 9, 9, 8, 9, 9, 9, 8, 4, 9, 10, 10, 12, 6, 6, 9, 9, 8, 9, 11, 11, 12, 11, 12, 10, 18, 11, 11]
Trade Returns: [-0.003199262018552509, 0.0027176602011211547, -0.0046008377012392064, 0.0006346011726609496, 0.002585554167397332, -0.0046724437919840175, 0.005013446889561713, -0.003979544871528102, 0.003058801660369835, 0.0035468437581801775, -0.0020165460058011496, -0.005892887740714995, 0.00436872912521684, -0.00413976946311184, -0.0027443238369948345, 0.00058205835134964, -0.0021923220624067074, -0.006439948786891621, -0.001400925104331189, 0.004945218336861722, -0.004729133373054076, 0.0015961774476119552, -0.00396058778591062, -3.9139608251976936e-05, 0.0004613971494388697, -0.005356899940782589, 0.0006553573211230275, 0.004232652825498736, -0.0049836777333004175, 0.004322458770062754, 0.0016586428818117379, -0.0019392983440637646, -0.003937546316252818, 0.0032531607240944426, -0.0013753970437943542, 0.004508215681899797, 0.003579184667814721, 0.0008689640456416862, -0.003866345114274698, -0.0020600100448779344, -0.0013146834354385076, -0.004234338101923792, -0.004755334534381861, 0.005137429972167239, 0.00308725064150304, -0.0005365371059744931, -0.0010148923897672522, -0.004173737961997287, 0.003017657788320132, 0.00021061069929819183, 0.004100652547158596, -0.0042917634258329415, -0.0029271780520658958, -0.0005880819171798145, -0.0034148880711575096, -0.004916092701429146, 0.0031170474869335195, -0.0005570016998552832, -0.004768995792575712, -0.0006457928043599159, 0.004912293515227368, 0.001491067722980485, 0.0004095256446160651, -0.0039394799540191485, -0.004126713896875451, 0.003813561428834235, -0.0018224015724633657, 0.00409071588923681, -0.0025241195966907476, -0.0024875915624531903, 0.004167427831866005, -0.004824156504073916, 0.0019253981026184307, -0.004391782896140067, 0.0003769542826810712, -0.0007601461304340831, 0.0012065519770718188, 0.0039209136873155125, -0.005517543936262805, 0.0044684628445845545, -0.005045943456639557, -0.004613407734048721, 0.0017781842728091671, 0.0037909376868484664, -0.004821144145212265, -0.005385712859621343, -0.0007469443844331723, 0.003995999099753123, 0.004378028269103599, 0.0020752163624683903, -0.0016215977962234815, -0.001429573012132701, -0.003906075876307545, 0.0040346913946684325, 0.0007895863133189184, -0.0037749985673691143, 0.0028339647160139747, 0.0018357255894881138, -0.0031491384663801555, 0.0017771425271167597, 0.00027918075314430237, 0.003429702605057297, 0.003581256946464729, 0.004862271159421057, -0.004431826891159153, 0.0032078351532101907, -0.0009091534061447333, 0.001553418576802497, 0.004354492710302657, -0.005533961823804993, 0.004235401247712418, -0.004921564646716695, -0.004833490905428278, -0.004146896040194711, 0.003351459300581946, -0.005181605419014691, 0.006662829211331784, 0.0040392420875629605, 0.0008058750017147414, -0.0027866089399383046, 0.005034737343937539, -0.0031300534150981644, -0.003003897391102747, 0.0036727413962125465, -0.004463197344830652, 0.004972975144392584, 0.0038359832672127873, 0.00243429464912861, -0.0002120102287143953, 0.0006504252360700028, 0.0036954524472457193, 0.003968095143090933, -3.9232155749440634e-05, -0.004230624073506304, -0.005405488229033715, 0.003387673332879584, -0.003830505451659889, -8.687498581451342e-05, -0.005077798257790304, 0.0008572959015789836, -0.004292141803521867, 8.470319445441205e-05, -0.001206401851991989, 0.004600205517004633, -0.0004125796970179271, -0.003019470075046504, 0.002342230073555617, 0.003612026020128383, -0.0037575146249427885, 0.0003079685232050755, 0.0043432036582773895, -0.0045272701489708, 0.000565168492660299, 0.00412919845274151, -0.0038995270684839237, 0.004010459013484749, 0.005113026124064961, -0.002152933044731417, 0.004943418796015547]
Daily Returns: [-0.003199262018552509, 0, 0.0027176602011211547, 0, -0.0046008377012392064, 0, 0, 0, 0.0006346011726609496, 0, 0, 0, 0.002585554167397332, 0, -0.0046724437919840175, 0, 0, 0, 0.005013446889561713, 0, 0, 0, -0.003979544871528102, 0.003058801660369835, 0, 0, 0.001530297752379028, 0, 0, 0, 0, 0, 0, 0, 0, -0.005892887740714995, 0, 0, 0, 0, 0, 0, 0, 0, 0, 0, 0.00436872912521684, 0, -0.00413976946311184, 0, 0, 0, 0, -0.0027443238369948345, 0, 0, 0, 0, 0, 0, 0, 0, 0, 0, 0, 0, 0, 0, 0, 0, 0.00058205835134964, 0, 0, 0, 0, -0.0021923220624067074, 0, 0, -0.00784087389122281, 0, 0, 0, 0, 0, 0, 0, 0, 0, 0, 0.004945218336861722, 0, 0, 0, 0, 0, -0.004729133373054076, 0, 0, 0, 0, 0, 0, 0, 0, 0.0015961774476119552, 0, 0, -0.003999727394162597, 0, 0, 0.0004613971494388697, 0, 0, 0, 0, 0, 0, -0.005356899940782589, 0, 0, 0, 0, 0, 0.0006553573211230275, 0, 0, -0.0007510249078016814, 0, 0, 0, 0, 0, 0, 0, 0, 0.004322458770062754, 0, 0, 0, 0, 0, 0, 0, 0, 0, 0, 0, 0, 0, 0, 0, 0, 0, 0, 0, 0, 0.0016586428818117379, 0, 0, 0, 0, 0, 0, 0, 0, 0, -0.0019392983440637646, -0.0006843855921583757, 0, 0, -0.0013753970437943542, 0, 0.004508215681899797, 0.003579184667814721, 0, 0, 0, 0.0008689640456416862, 0, -0.003866345114274698, -0.0020600100448779344, 0, 0, 0, 0, -0.0013146834354385076, 0, 0, 0, -0.008989672636305653, 0, 0, 0, 0, 0, 0, 0, 0, 0, 0, 0, 0, 0, 0.005137429972167239, 0.00308725064150304, 0, 0, 0, 0, 0, 0, 0, 0, -0.0005365371059744931, 0, -0.0010148923897672522, 0, 0, 0, 0, 0, 0, 0, 0, 0, 0, 0, 0, 0, 0, 0, 0, 0, 0, 0, 0, 0, 0, 0, 0, 0, 0, 0, 0, 0, 0, 0, 0, 0, 0, 0, 0, 0, 0, 0, 0, 0, 0, -0.004173737961997287, 0, 0, 0, 0, 0.0032282684876183236, 0.004100652547158596, 0, 0, -0.0042917634258329415, 0, 0, 0, 0, 0, 0, 0, 0, 0, 0, 0, 0, -0.0029271780520658958, 0, 0, 0, 0, 0, -0.0005880819171798145, 0, 0, 0, 0, 0, -0.0034148880711575096, -0.004916092701429146, 0, 0, 0, 0, 0.0031170474869335195, -0.0005570016998552832, 0, 0, 0, 0, 0, 0, 0, 0, 0, 0, 0, 0, -0.004768995792575712, 0, 0, 0, 0, 0, 0, 0, 0, 0, 0, -0.0006457928043599159, 0.0064033612382078525, 0, 0.0004095256446160651, -0.0080661938508946, 0, 0, 0, 0, 0, 0, 0.0019911598563708693, 0.00409071588923681, 0, 0, 0, 0, 0, -0.0025241195966907476, 0, 0, 0, 0, -0.0024875915624531903, 0, 0, 0, 0, 0, 0.004167427831866005, 0, 0, 0, 0, 0, -0.004824156504073916, 0, 0.0019253981026184307, 0, 0, 0, 0, 0, -0.004391782896140067, 0, 0.0003769542826810712, 0, 0, -0.0007601461304340831, 0, 0, 0, 0, 0, 0, 0, 0, 0.0012065519770718188, 0.0039209136873155125, 0, 0, 0, -0.005517543936262805, 0, 0, 0, 0, 0, 0, 0, 0, 0, 0, 0, 0, 0, 0, 0, 0, 0, 0, 0, 0, 0.0044684628445845545, 0, 0, 0, -0.005045943456639557, 0, 0, 0, -0.004613407734048721, 0, 0, 0, 0, 0, 0.0017781842728091671, 0, 0, 0.0037909376868484664, 0, 0, 0, 0, 0, 0, 0, 0, 0, 0, 0, 0, 0, 0, 0, 0, 0, 0, 0, -0.004821144145212265, 0, 0, 0, 0, 0, 0, -0.005385712859621343, 0, 0, 0, 0, 0, 0, 0, 0, 0, -0.0007469443844331723, 0, 0.008374027368856722, 0, 0, 0, 0, 0, 0, 0, 0, 0, 0, 0, 0, 0, 0, 0, 0, 0, 0, 0, 0, 0, 0, 0, 0, 0, 0.00045361856624490885, -0.001429573012132701, 0, 0, 0, 0, 0, 0, -0.003906075876307545, 0, 0, 0, 0, 0, 0, 0, 0, 0, 0, 0.0040346913946684325, 0, 0, 0, 0, 0, 0.0007895863133189184, -0.0037749985673691143, 0, 0.0028339647160139747, 0, 0.0018357255894881138, 0, 0, -0.0031491384663801555, 0, 0, 0, 0.0017771425271167597, 0, 0, 0, 0, 0, 0, 0, 0, 0, 0, 0, 0, 0, 0, 0, 0, 0.00027918075314430237, 0, 0, 0, 0, 0, 0.003429702605057297, 0.003581256946464729, 0, 0, 0, 0, 0, 0.004862271159421057, 0, 0, 0, 0, -0.004431826891159153, 0, 0, 0, 0.0032078351532101907, 0, 0, -0.0009091534061447333, 0, 0, 0, 0, 0, 0, 0.001553418576802497, 0, 0, 0, 0, 0, -0.0011794691135023367, 0, 0, 0, 0, 0, 0, 0, 0, 0, 0, 0, 0, -0.005519654304432554, 0, 0, 0, 0, 0, 0, 0, 0, 0, 0, 0, 0, -0.004146896040194711, 0, 0, 0, 0, 0, 0, 0, 0, 0, 0, 0, 0, 0, 0.003351459300581946, 0, 0.0014812237923170933, 0, 0, 0, 0, 0.0040392420875629605, 0.0008058750017147414, 0, 0, 0, 0, 0, 0, 0, 0, 0, 0, 0, -0.0027866089399383046, 0, 0, 0, 0, 0, 0.0019046839288393747, 0, 0, 0, 0, -0.003003897391102747, 0, 0, 0, 0, 0, 0, 0.0036727413962125465, 0, 0, 0, -0.004463197344830652, 0, 0, 0, 0.004972975144392584, 0, 0, 0, 0.0038359832672127873, 0, 0.00243429464912861, 0, 0, 0, 0, 0, 0, 0, 0.0004384150073556075, 0.007624315434587212, 0, 0, 0, 0, 0, 0, 0, 0, -0.004230624073506304, 0, -0.005405488229033715, 0, 0, 0, 0, 0, 0, 0, 0, 0, 0, 0, -0.0004428321187803048, 0, 0, 0, 0, 0, 0, 0, 0, 0, 0, 0, -8.687498581451342e-05, 0, 0, 0, 0, 0, 0, -0.005077798257790304, 0, 0, 0, 0, 0.0008572959015789836, 0, 0, 0, 0, 0, 0, -0.004292141803521867, 0, 8.470319445441205e-05, -0.001206401851991989, 0, 0, 0.004600205517004633, 0, 0, -0.0004125796970179271, 0, -0.003019470075046504, 0, 0, 0, 0.002342230073555617, 0, 0, 0.003612026020128383, 0, 0, -0.0037575146249427885, 0, 0, 0, 0, 0.0003079685232050755, 0.0043432036582773895, 0, 0, 0, 0, 0, 0, 0, 0, 0, -0.0045272701489708, 0, 0, 0, 0, 0.000565168492660299, 0, 0, 0.00022967138425758612, 0, 0, 0, 0, 0, 0, 0, 0, 0, 0.004010459013484749, 0, 0, 0, 0, 0, 0, 0, 0, 0, 0, 0.005113026124064961, -0.002152933044731417, 0.004943418796015547, 0, 0, 0, 0, 0, 0]
Start Date: 2023-04-07
End Date: 2025-11-06
Sharpe Ratio: -0.021
Annualized Sharpe: -0.337
Sharpe 95% CI: (np.float64(-1.433), np.float64(0.815))
Sortino Ratio: -0.016
CAGR: -0.008
Calmar Ratio: -0.154
Daily Win Rate (%): 0.497
Max Drawdown: 0.054
Profit Factor: 0.902
Expectancy: -0.000162
Average Win: 0.002991
Average Loss: 0.003276
Total Trades: 159
Total Days: 810



Rolling 3 - Variant 4 - atr_0.25_7 - Fit Metrics
Contracts: [9, 9, 14, 13, 9, 10, 9, 10, 11, 8, 8, 8, 9, 5, 7, 9, 10, 10, 9, 7, 8, 7, 8, 8, 6, 6, 6, 6, 6, 6, 8, 10, 10, 10, 7, 7, 7, 7, 10, 5, 5, 6, 6, 6, 6, 6, 7, 8, 8, 6, 6, 7, 7, 6, 5, 7, 6, 7, 6, 8, 6, 9, 5, 6, 6, 8, 9, 9, 9, 5, 11, 6, 5, 7, 7, 10, 6, 11, 10, 12, 10, 9, 9, 9, 12, 7, 15, 10, 9, 10, 8, 9, 9, 11, 10, 10, 9, 8, 8, 8, 10, 12, 10, 12, 13, 9, 10, 13, 8, 10, 11, 9, 13, 10, 9, 10, 14, 8, 11, 7, 11, 10, 11, 13, 12, 10, 10, 10, 10, 14, 11, 11, 6, 11, 8, 13, 10, 10, 16, 15, 16, 13, 18, 16, 10, 13, 13, 13, 13, 12, 13, 13, 12, 13, 11, 10, 13, 11, 21, 18, 15, 11, 8, 15, 15, 15, 20, 20, 11, 11, 18, 15, 16, 10, 9, 10, 16, 16, 15, 7, 8, 7, 6, 6, 9, 9, 10, 7, 11, 7, 8, 8, 10, 9, 5, 11, 11, 10, 10, 12, 8, 12, 12, 13, 4, 4, 5, 8, 8, 7, 9, 6, 8, 10, 7, 9, 10, 10, 10, 9, 10, 8, 9, 10, 9, 9, 4, 9, 10, 11, 13, 7, 6, 9, 10, 9, 10, 12, 11, 12, 12, 12, 11, 18, 12, 12]
Trade Returns: [-0.0023168250000000002, 0.0007505388672109267, 0.014487516788512308, -0.0025017603595391055, -0.002174113873743027, -0.002351063636912138, 0.001186504549974602, -0.0005392311918729406, -0.002403680335727823, -0.0020986075956482397, 0.0011111254422876092, -0.002103021011516817, -0.0021460923325985295, 0.00301343912751589, 0.00036300185111982344, 0.004200969613144644, -0.002249059736662376, -0.000712169423279661, -0.0023650793172252734, -0.0016690431886309757, -0.002210865969953026, -0.0019387941376906627, -0.0022703104308374753, 0.0036413263346871173, -0.002302492447698335, -0.002496389385449491, -0.002729503165993781, 0.0014146667639300628, -0.00021535316632010848, 0.00035263724337039246, 0.008344017493605744, 0.005650899360981397, 0.0013260169452420552, -0.0025592933616299667, 0.00018803516262531116, 0.003109147169970049, -0.002181375150776887, -0.000814032401247406, -0.002191067203691032, 0.0020433296000770904, 0.0028965904616530982, 0.0038221753514469476, -0.00017446762563653066, 0.003919953228958627, 0.002829415799840747, -0.001992291218952235, -0.0003797476451435913, -3.3996570348908826e-05, -0.002502827357898408, -0.002026817930193264, -0.0019380924037953455, 0.0023577021009682435, 0.00841530817626906, 0.003545394649705201, -0.0004606464366268346, 0.012059116065244376, 0.011539532583864845, -0.0025921301146764183, -0.0016869824743832868, 0.0003000815332212379, -0.0027931300942535, -0.0023380714732422394, -0.0009552864444854572, -0.001853545566738902, -0.0017481542041207655, -0.001995768464983041, 0.001601050548621801, -0.0021915996074059647, -0.0027429478696834146, -0.0016802840268232615, -0.0019055603459106197, 0.003759863348028089, -0.0018992269385726113, 0.0017964523840708103, -0.0022092859556566385, -0.0018786629210852202, -0.0023057790646385523, 0.006594807810564904, -0.00283060984799559, -0.002724477571584083, 0.0013046926523178346, -0.0021563207713559953, -0.0025469880860424787, -0.002885200268865685, -0.0014996639812921854, -0.002803695964698, -0.0018864481554529372]
Daily Returns: [-0.0023168250000000002, 0, 0, 0, 0.0007505388672109267, 0, 0, 0, 0, 0, 0.011985756428973203, 0, -0.002174113873743027, 0, -0.001164559086937536, 0, 0, 0, -0.0005392311918729406, 0, -0.002403680335727823, 0, 0, 0, 0, 0, 0, 0, 0, 0, 0, 0, 0, 0, 0, 0, 0, 0, 0, 0, 0, -0.0020986075956482397, 0.0011111254422876092, 0, 0, 0, 0, 0, 0, 0, 0, 0, 0, -0.002103021011516817, 0, 0, -0.0021460923325985295, 0, 0, 0, 0, 0, 0, 0, 0, 0, 0, 0, 0, 0, 0, 0, 0.00301343912751589, 0, 0, 0, 0, 0, 0, 0, 0, 0.00036300185111982344, 0, 0, 0.0012397404532026072, 0, 0, -0.0023650793172252734, 0, 0, 0, 0, -0.0016690431886309757, 0, 0, 0, 0, 0, 0, 0, 0, -0.002210865969953026, 0, 0, 0, 0, 0, -0.0019387941376906627, 0.001371015903849642, 0, 0, 0, 0, 0, 0, 0, 0, 0, 0, -0.002302492447698335, -0.005225892551443272, 0, 0.0014146667639300628, 0.00013728407705028398, 0, 0, 0, 0, 0, 0, 0, 0, 0, 0, 0, 0, 0, 0, 0, 0, 0, 0, 0.008344017493605744, 0, 0, 0, 0, 0.005650899360981397, 0.0013260169452420552, -0.0025592933616299667, 0, 0, 0, 0, 0, 0, 0, 0, 0, 0, 0, 0.00018803516262531116, 0.00011373961794575616, 0, 0, 0, 0, 0, 0, 0, 0, 0, 0, 0, 0, 0, 0, 0, 0, 0, 0, 0, 0, 0, 0, 0, -0.002191067203691032, 0, 0.0020433296000770904, 0, 0, 0.006544298187463515, 0.003919953228958627, 0, 0, 0, 0.002829415799840747, 0, -0.0023720388640958265, 0, 0, -3.3996570348908826e-05, 0, 0, 0, 0, 0, 0, 0, 0, -0.002502827357898408, 0, 0, 0, 0, 0, -0.002026817930193264, 0, -0.0019380924037953455, 0.0023577021009682435, 0, 0, 0.00841530817626906, 0, 0, 0, 0, 0.003545394649705201, 0, 0, 0, 0, 0, 0, 0, 0, 0, 0, 0, 0, 0, 0, 0, 0, 0, 0, 0, 0, 0, 0, 0, -0.0004606464366268346, 0, 0, 0, 0, 0, 0.012059116065244376, 0, 0, 0, 0, 0, 0, 0.008947402469188428, 0, 0, 0, -0.0016869824743832868, 0, 0.0003000815332212379, 0, 0, 0, 0, -0.0027931300942535, 0, 0, 0, 0, 0, 0, 0, 0, 0, 0, 0, 0, 0, 0, 0, 0, -0.0023380714732422394, 0, 0, 0, 0, 0, -0.0009552864444854572, 0, 0, 0, 0, 0, -0.001853545566738902, -0.0017481542041207655, 0, 0, 0, 0, 0, 0, 0, 0, 0, 0, 0, 0, -0.001995768464983041, 0, 0, 0.001601050548621801, 0, -0.0021915996074059647, 0, 0, 0, -0.0027429478696834146, 0, 0, 0, 0, -0.0016802840268232615, 0, 0, 0, 0, 0, 0, 0, -0.0019055603459106197, 0, 0.003759863348028089, 0, -0.0018992269385726113, 0, 0, 0, 0.0017964523840708103, 0, 0, 0, 0, 0, -0.0022092859556566385, 0, -0.0018786629210852202, 0, 0, 0, 0, 0, 0, -0.0023057790646385523, 0, 0.006594807810564904, -0.00283060984799559, 0, 0, 0, 0, 0, 0, 0, 0, 0, -0.002724477571584083, 0.0013046926523178346, 0, 0, -0.0021563207713559953, -0.0025469880860424787, 0, 0, -0.002885200268865685, 0, 0, 0, 0, 0, 0, 0, 0, 0, 0, 0, 0, -0.0014996639812921854, 0, 0, 0, 0, 0, 0, -0.004690144120150937, 0, 0, 0]
Start Date: 2021-12-17
End Date: 2023-04-06
Sharpe Ratio: 0.014
Annualized Sharpe: 0.224
Sharpe 95% CI: (np.float64(-1.567), np.float64(1.565))
Sortino Ratio: 0.025
CAGR: 0.005
Calmar Ratio: 0.153
Daily Win Rate (%): 0.356
Max Drawdown: 0.034
Profit Factor: 1.08
Expectancy: 0.000101
Average Win: 0.003804
Average Loss: 0.001949
Total Trades: 87
Total Days: 408

Rolling 3 - Variant 4 - atr_0.25_7 - Test Metrics
Contracts: [9, 9, 14, 13, 9, 10, 9, 10, 11, 8, 8, 8, 9, 5, 7, 9, 10, 10, 9, 7, 8, 7, 8, 8, 6, 6, 6, 6, 6, 6, 8, 10, 10, 10, 7, 7, 7, 7, 10, 5, 5, 6, 6, 6, 6, 6, 7, 8, 8, 6, 6, 7, 7, 6, 5, 7, 6, 7, 6, 8, 6, 9, 5, 6, 6, 8, 9, 9, 9, 5, 11, 6, 5, 7, 7, 10, 6, 11, 10, 12, 10, 9, 9, 9, 12, 7, 15, 10, 9, 10, 8, 9, 9, 11, 10, 10, 9, 8, 8, 8, 10, 12, 10, 12, 13, 9, 10, 13, 8, 10, 11, 9, 13, 10, 9, 10, 14, 8, 11, 7, 11, 10, 11, 13, 12, 10, 10, 10, 10, 14, 11, 11, 6, 11, 8, 13, 10, 10, 16, 15, 16, 13, 18, 16, 10, 13, 13, 13, 13, 12, 13, 13, 12, 13, 11, 10, 13, 11, 21, 18, 15, 11, 8, 15, 15, 15, 20, 20, 11, 11, 18, 15, 16, 10, 9, 10, 16, 16, 15, 7, 8, 7, 6, 6, 9, 9, 10, 7, 11, 7, 8, 8, 10, 9, 5, 11, 11, 10, 10, 12, 8, 12, 12, 13, 4, 4, 5, 8, 8, 7, 9, 6, 8, 10, 7, 9, 10, 10, 10, 9, 10, 8, 9, 10, 9, 9, 4, 9, 10, 11, 13, 7, 6, 9, 10, 9, 10, 12, 11, 12, 12, 12, 11, 18, 12, 12]
Trade Returns: [-0.001709015300655822, 0.005707271302794842, -0.002380532406434254, 0.0006336295681850471, 0.002575913438533898, -0.002475914832331326, 0.004061914341321542, -0.0020731112835820145, 0.0030444863350422547, 0.003926334106814673, -0.002031034070414078, -0.0030792204711713278, -0.0025273918449203944, -0.002482194877917862, -0.00254023424524252, 0.0005780513313554281, -0.0016374613701312707, -0.0033265279101210962, -0.0013912863939617615, 0.01743553712090171, -0.0023711961180643867, -0.002292833028633407, -0.00205207647388019, -3.834330849697116e-05, -0.002321874606184142, -0.002752278238433926, 0.0006403466476089924, 0.012151240690500465, -0.002523828587871323, 0.007255439274420793, 0.0016012544009605175, -0.0022074234330038555, -0.002231796359971362, 0.0034548606545900724, -0.0027028840129731174, 0.004223995792513567, -0.002404522426544498, 0.0009364788912326277, -0.002150077617386488, -0.001913153204110544, -0.0012698611613551833, -0.0023393482265789446, -0.0023996473691615334, -0.0027988779580039535, -0.0027910661046044445, -0.0005248932263600319, -0.0019026426418240886, -0.0021455863929641357, 0.003824085195269055, 0.00020578551050795597, 0.00669033061014322, -0.0022388779747204365, -0.0026903567414226556, -0.0021996134041470036, -0.0017887272306937457, -0.0027047840952552356, -0.002111768707705042, -0.0005423433442373395, -0.0024511381911943744, -0.0006274107799699676, 0.0028835898225892946, 0.001451529243030507, 0.0004319055407771124, -0.002047089638499538, -0.0022693702720512974, 0.010228512561437699, -0.002337347191859466, 0.005439350802467395, -0.002189968496385786, -0.0026199516136303285, 0.009711885316021959, -0.0026834919536290313, -0.0025203644483331195, -0.002398159449115508, -0.002198649826272956, -0.0007297703188528725, 0.0012410382408583741, 0.0032879524550450743, -0.0029872502658901423, 0.0005351732437209539, -0.002752335912997006, -0.002544167870747402, 0.0018732803229022444, 0.014598246863084917, -0.002593613167767056, -0.0028721152034259095, -0.0007825639617748887, -0.002166193347961764, 0.0026838868128719953, 0.0021037232703659276, -0.001643826656666873, -0.001358626747049245, -0.002255824849053455, 0.004719055133384898, 0.0007477094771243553, -0.0018461011039651234, 0.004023540530870629, 0.0019519633542293508, -0.0022723391327556484, -0.0021004948291012612, -0.0024404139235500587, 0.003928197150087934, -0.002164008991695366, -0.002593805337700689, -0.0021687020825022093, 0.00428016865533273, -0.002285017837331572, -0.001457711105161257, 0.015109107623544359, -0.0030755247779508795, -0.0025204001677121284, -0.0024017253787234315, -0.0023959709145712224, -0.0020786887252323607, 0.0031712951900899756, -0.0027823388716055235, 0.011502718643515816, 0.000812723514519795, 0.0007633085162993418, -0.0022589239064790133, 0.006037067512276468, -0.002645898566694263, -0.002307373409561077, 0.0035958272427731247, -0.0021958127219765928, 0.00018174095100412013, 0.005375966924678617, 0.0023019834874597076, -0.00020051330730086982, -0.0024282492467943987, 0.0005640215453322186, -0.002372252668324183, -3.757251550104114e-05, -0.002317301572587789, -0.00268533111602615, 0.00481461152693262, -0.002151315359256947, -0.002040817620714899, -0.0024802566588608484, 0.0008141544186879638, -0.0021532192560752366, 8.027172959388369e-05, -0.0012576200021092916, -0.0010103619186173122, -0.0019824701653311768, -0.001518319773302387, 0.0022324310138034354, -0.002160365951306474, -0.0021146642043042775, 0.0003275287413869013, -0.0026027050736032666, -0.002324059934479291, -0.0023182497199747873, 0.005462050735114191, -0.00238511306501478, 0.003970282721773167, 0.0034748276353162915, -0.0031103814572074674, 0.009267664531823695]
Daily Returns: [-0.001709015300655822, 0, 0.005707271302794842, 0, -0.002380532406434254, 0, 0, 0, 0.0006336295681850471, 0, 0, 0, 0.002575913438533898, 0, -0.002475914832331326, 0, 0, 0, 0.004061914341321542, 0, 0, 0, -0.0020731112835820145, 0.0030444863350422547, 0, 0, 0.0018953000364005947, 0, 0, 0, 0, 0, 0, 0, 0, -0.0030792204711713278, 0, 0, 0, 0, 0, 0, 0, 0, 0, 0, -0.0025273918449203944, 0, -0.002482194877917862, 0, 0, 0, 0, -0.00254023424524252, 0, 0, 0, 0, 0, 0, 0, 0, 0, 0, 0, 0, 0, 0, 0, 0, 0.0005780513313554281, 0, 0, 0, 0, -0.0016374613701312707, 0, 0, -0.004717814304082858, 0, 0, 0, 0, 0, 0, 0, 0, 0, 0, 0.01743553712090171, 0, 0, 0, 0, 0, -0.0023711961180643867, 0, 0, 0, 0, 0, 0, 0, 0, -0.002292833028633407, 0, 0, -0.0020904197823771614, 0, 0, -0.002321874606184142, 0, 0, 0, 0, 0, 0, -0.002752278238433926, 0, 0, 0, 0, 0, 0.0006403466476089924, 0, 0, 0.009627412102629141, 0, 0, 0, 0, 0, 0, 0, 0, 0.007255439274420793, 0, 0, 0, 0, 0, 0, 0, 0, 0, 0, 0, 0, 0, 0, 0, 0, 0, 0, 0, 0, 0.0016012544009605175, 0, 0, 0, 0, 0, 0, 0, 0, 0, -0.0022074234330038555, 0.0012230642946187103, 0, 0, -0.0027028840129731174, 0, 0.004223995792513567, -0.002404522426544498, 0, 0, 0, 0.0009364788912326277, 0, -0.002150077617386488, -0.001913153204110544, 0, 0, 0, 0, -0.0012698611613551833, 0, 0, 0, -0.004738995595740478, 0, 0, 0, 0, 0, 0, 0, 0, 0, 0, 0, 0, 0, -0.0027988779580039535, -0.0027910661046044445, 0, 0, 0, 0, 0, 0, 0, 0, -0.0005248932263600319, 0, -0.0019026426418240886, 0, 0, 0, 0, 0, 0, 0, 0, 0, 0, 0, 0, 0, 0, 0, 0, 0, 0, 0, 0, 0, 0, 0, 0, 0, 0, 0, 0, 0, 0, 0, 0, 0, 0, 0, 0, 0, 0, 0, 0, 0, 0, -0.0021455863929641357, 0, 0, 0, 0, 0.004029870705777011, 0.00669033061014322, 0, 0, -0.0022388779747204365, 0, 0, 0, 0, 0, 0, 0, 0, 0, 0, 0, 0, -0.0026903567414226556, 0, 0, 0, 0, 0, -0.0021996134041470036, 0, 0, 0, 0, 0, -0.0017887272306937457, -0.0027047840952552356, 0, 0, 0, 0, -0.002111768707705042, -0.0005423433442373395, 0, 0, 0, 0, 0, 0, 0, 0, 0, 0, 0, 0, -0.0024511381911943744, 0, 0, 0, 0, 0, 0, 0, 0, 0, 0, -0.0006274107799699676, 0.004335119065619801, 0, 0.0004319055407771124, -0.004316459910550836, 0, 0, 0, 0, 0, 0, 0.007891165369578233, 0.005439350802467395, 0, 0, 0, 0, 0, -0.002189968496385786, 0, 0, 0, 0, -0.0026199516136303285, 0, 0, 0, 0, 0, 0.009711885316021959, 0, 0, 0, 0, 0, -0.0026834919536290313, 0, -0.0025203644483331195, 0, 0, 0, 0, 0, -0.002398159449115508, 0, -0.002198649826272956, 0, 0, -0.0007297703188528725, 0, 0, 0, 0, 0, 0, 0, 0, 0.0012410382408583741, 0.0032879524550450743, 0, 0, 0, -0.0029872502658901423, 0, 0, 0, 0, 0, 0, 0, 0, 0, 0, 0, 0, 0, 0, 0, 0, 0, 0, 0, 0, 0.0005351732437209539, 0, 0, 0, -0.002752335912997006, 0, 0, 0, -0.002544167870747402, 0, 0, 0, 0, 0, 0.0018732803229022444, 0, 0, 0.014598246863084917, 0, 0, 0, 0, 0, 0, 0, 0, 0, 0, 0, 0, 0, 0, 0, 0, 0, 0, 0, -0.002593613167767056, 0, 0, 0, 0, 0, 0, -0.0028721152034259095, 0, 0, 0, 0, 0, 0, 0, 0, 0, -0.0007825639617748887, 0, 0.0005176934649102315, 0, 0, 0, 0, 0, 0, 0, 0, 0, 0, 0, 0, 0, 0, 0, 0, 0, 0, 0, 0, 0, 0, 0, 0, 0, 0.0004598966136990547, -0.001358626747049245, 0, 0, 0, 0, 0, 0, -0.002255824849053455, 0, 0, 0, 0, 0, 0, 0, 0, 0, 0, 0.004719055133384898, 0, 0, 0, 0, 0, 0.0007477094771243553, -0.0018461011039651234, 0, 0.004023540530870629, 0, 0.0019519633542293508, 0, 0, -0.0022723391327556484, 0, 0, 0, -0.0021004948291012612, 0, 0, 0, 0, 0, 0, 0, 0, 0, 0, 0, 0, 0, 0, 0, 0, -0.0024404139235500587, 0, 0, 0, 0, 0, 0.003928197150087934, -0.002164008991695366, 0, 0, 0, 0, 0, -0.002593805337700689, 0, 0, 0, 0, -0.0021687020825022093, 0, 0, 0, 0.00428016865533273, 0, 0, -0.002285017837331572, 0, 0, 0, 0, 0, 0, -0.001457711105161257, 0, 0, 0, 0, 0, 0.012033582845593478, 0, 0, 0, 0, 0, 0, 0, 0, 0, 0, 0, 0, -0.007318096461006782, 0, 0, 0, 0, 0, 0, 0, 0, 0, 0, 0, 0, -0.0020786887252323607, 0, 0, 0, 0, 0, 0, 0, 0, 0, 0, 0, 0, 0, 0.0031712951900899756, 0, 0.008720379771910293, 0, 0, 0, 0, 0.000812723514519795, 0.0007633085162993418, 0, 0, 0, 0, 0, 0, 0, 0, 0, 0, 0, -0.0022589239064790133, 0, 0, 0, 0, 0, 0.003391168945582205, 0, 0, 0, 0, -0.002307373409561077, 0, 0, 0, 0, 0, 0, 0.0035958272427731247, 0, 0, 0, -0.0021958127219765928, 0, 0, 0, 0.00018174095100412013, 0, 0, 0, 0.005375966924678617, 0, 0.0023019834874597076, 0, 0, 0, 0, 0, 0, 0, -0.0026287625540952686, -0.0018458036384930055, 0, 0, 0, 0, 0, 0, 0, 0, -0.002317301572587789, 0, -0.00268533111602615, 0, 0, 0, 0, 0, 0, 0, 0, 0, 0, 0, 0.0026632961676756727, 0, 0, 0, 0, 0, 0, 0, 0, 0, 0, 0, -0.002040817620714899, 0, 0, 0, 0, 0, 0, -0.0024802566588608484, 0, 0, 0, 0, 0.0008141544186879638, 0, 0, 0, 0, 0, 0, -0.0021532192560752366, 0, 8.027172959388369e-05, -0.0012576200021092916, 0, 0, -0.0010103619186173122, 0, 0, -0.0019824701653311768, 0, -0.001518319773302387, 0, 0, 0, 0.0022324310138034354, 0, 0, -0.002160365951306474, 0, 0, -0.0021146642043042775, 0, 0, 0, 0, 0.0003275287413869013, -0.0026027050736032666, 0, 0, 0, 0, 0, 0, 0, 0, 0, -0.002324059934479291, 0, 0, 0, 0, -0.0023182497199747873, 0, 0, 0.0030769376700994114, 0, 0, 0, 0, 0, 0, 0, 0, 0, 0.003970282721773167, 0, 0, 0, 0, 0, 0, 0, 0, 0, 0, 0.0034748276353162915, -0.0031103814572074674, 0.009267664531823695, 0, 0, 0, 0, 0, 0]
Start Date: 2023-04-07
End Date: 2025-11-06
Sharpe Ratio: 0.013
Annualized Sharpe: 0.199
Sharpe 95% CI: (np.float64(-1.03), np.float64(1.196))
Sortino Ratio: 0.022
CAGR: 0.005
Calmar Ratio: 0.169
Daily Win Rate (%): 0.358
Max Drawdown: 0.028
Profit Factor: 1.074
Expectancy: 0.000102
Average Win: 0.004122
Average Loss: 0.002144
Total Trades: 159
Total Days: 810



Rolling 4 - Variant 0 - atr_0.25_2 - Fit Metrics
Contracts: [9, 9, 14, 13, 8, 10, 8, 10, 11, 8, 8, 8, 9, 5, 7, 9, 10, 10, 9, 7, 8, 7, 8, 8, 6, 6, 6, 6, 6, 6, 8, 10, 10, 10, 7, 7, 7, 7, 10, 5, 5, 6, 6, 6, 6, 6, 7, 8, 8, 6, 6, 7, 7, 6, 5, 7, 6, 7, 6, 7, 6, 9, 5, 6, 6, 8, 9, 9, 9, 5, 11, 6, 5, 7, 7, 10, 6, 11, 10, 12, 10, 9, 9, 9, 12, 7, 15, 10, 10, 10, 8, 9, 9, 11, 11, 10, 9, 8, 8, 8, 10, 12, 10, 12, 13, 9, 10, 13, 8, 10, 11, 9, 13, 10, 9, 10, 14, 8, 11, 7, 10, 10, 11, 13, 12, 10, 10, 10, 10, 14, 11, 11, 6, 11, 8, 13, 10, 10, 16, 15, 15, 13, 18, 16, 10, 13, 13, 13, 13, 12, 13, 13, 12, 13, 11, 10, 12, 11, 21, 18, 14, 11, 8, 14, 15, 15, 20, 19, 11, 11, 18, 15, 15, 10, 9, 10, 15, 15, 15, 7, 8, 7, 6, 6, 8, 8, 10, 7, 11, 7, 8, 8, 10, 9, 5, 11, 11, 10, 10, 12, 8, 11, 12, 12, 4, 4, 5, 8, 8, 7, 9, 6, 8, 9, 7, 9, 9, 10, 9, 9, 9, 8, 9, 9, 9, 9, 4, 9, 10, 10, 13, 6, 6, 9, 9, 9, 10, 12, 11, 12, 12, 12, 10, 18, 12, 11]
Trade Returns: [-0.0023168250000000002, 0.0007505388672109267, 0.0039710266690928045, -0.0025279660342083605, -0.0021972102198923637, -0.002112084247870619, 0.00106574627367593, -0.0005448417284947899, -0.0024287035325693297, -0.002114425725646647, 0.003990912261244136, -0.0021189059949926863, -0.0021623370725711312, 0.0030362986362002836, 0.0003657471944128073, 0.004106987114956753, -0.002266287220329461, -0.0007175535135112232, -0.002383236644404412, -0.0016818874769485733, -0.002227908573263242, -0.0019537728288409203, 0.0041168557807630506, 0.004200822319843519, -0.0023042717802476595, -0.0024983230143280524, -0.0027316226530281467, 0.00141576827600945, -0.00021552061122986254, 0.0003529114907430093, 0.0039053075069752346, 0.004485266034417248, 0.0013344620491189082, 0.0045843516577916575, 0.0001878854892471795, 0.0038037050600584175, -0.0021781309836199866, -0.0008128191198597761, -0.0021877906643293, 0.0038521166086229294, 0.00415668942620593, 0.003804789893005576, -0.00017367705418622016, 0.0048655808203116125, 0.003293306253267514, -0.001980479429944176, -0.00037749174997877205, -3.379453707379687e-05, -0.002499093963395873, -0.0020147726415331957, -0.0019265511539913937, 0.004112839493082843, 0.004181942493330223, 0.0035329123451452236, -0.0004622466845301098, 0.005011188740349826, 0.004648320474209556, -0.0026189811920812353, -0.001681064008610869, 0.0003030997418401556, -0.0024693718375791646, 0.004227528894748792, -0.0009585833430499546, -0.001859948688264054, -0.0017542045016767627, -0.0020026878844870946, 0.001606612602320752, -0.0021992010175235633, -0.002752482561431417, -0.0016861409407045937, -0.001912245272374229, 0.0035138196757801524, -0.0019059024118517358, 0.004140911263283556, -0.002212431994586768, -0.0018852410634584388, -0.0023090697909510455, 0.00426562905141523, -0.002840493081413619, -0.002734702729033008, 0.0013096026838007452, -0.0021644251746706796, -0.002556581553556696, 0.005289197787984143, -0.001482839752446117, -0.0027720993269911135, -0.0020723660785709965, -0.0016899717468043867, 0.00274691647781492, -0.0023540685835578942, 0.000628406833131926, 0.0028101066382634726, -0.0024555197513928422, 0.005014063575159041, -0.0020535646771266338, 0.0030157219196680282, 0.00349704069208373, -0.0020127631703238513, -0.003044624425743174, 0.004365485140223323, -0.002459820363336546, -0.002517280100498781, 0.000572814743739629, -0.0016225664745642629, -0.0032963684466266606, -0.0013786898963850014, 0.004781312806756917, -0.002379132204270824]
Daily Returns: [-0.0023168250000000002, 0, 0, 0, 0.0007505388672109267, 0, 0, 0, 0, 0, 0.001443060634884444, 0, -0.0021972102198923637, 0, -0.0010463379741946892, 0, 0, 0, -0.0005448417284947899, 0, -0.0024287035325693297, 0, 0, 0, 0, 0, 0, 0, 0, 0, 0, 0, 0, 0, 0, 0, 0, 0, 0, 0, 0, -0.002114425725646647, 0.003990912261244136, 0, 0, 0, 0, 0, 0, 0, 0, 0, 0, -0.0021189059949926863, 0, 0, -0.0021623370725711312, 0, 0, 0, 0, 0, 0, 0, 0, 0, 0, 0, 0, 0, 0, 0, 0.0030362986362002836, 0, 0, 0, 0, 0, 0, 0, 0, 0.0003657471944128073, 0, 0, 0.0011231463811160686, 0, 0, -0.002383236644404412, 0, 0, 0, 0, -0.0016818874769485733, 0, 0, 0, 0, 0, 0, 0, 0, -0.002227908573263242, 0, 0, 0, 0, 0, -0.0019537728288409203, 0.00831767810060657, 0, 0, 0, 0, 0, 0, 0, 0, 0, 0, -0.0023042717802476595, -0.0052299456673561995, 0, 0.00141576827600945, 0.00013739087951314676, 0, 0, 0, 0, 0, 0, 0, 0, 0, 0, 0, 0, 0, 0, 0, 0, 0, 0, 0.0039053075069752346, 0, 0, 0, 0, 0.004485266034417248, 0.0013344620491189082, 0.0045843516577916575, 0, 0, 0, 0, 0, 0, 0, 0, 0, 0, 0, 0.0001878854892471795, 0.0008127549565786549, 0, 0, 0, 0, 0, 0, 0, 0, 0, 0, 0, 0, 0, 0, 0, 0, 0, 0, 0, 0, 0, 0, 0, -0.0021877906643293, 0, 0.0038521166086229294, 0, 0, 0.007787802265025285, 0.0048655808203116125, 0, 0, 0, 0.003293306253267514, 0, -0.002357971179922948, 0, 0, -3.379453707379687e-05, 0, 0, 0, 0, 0, 0, 0, 0, -0.002499093963395873, 0, 0, 0, 0, 0, -0.0020147726415331957, 0, -0.0019265511539913937, 0.004112839493082843, 0, 0, 0.004181942493330223, 0, 0, 0, 0, 0.0035329123451452236, 0, 0, 0, 0, 0, 0, 0, 0, 0, 0, 0, 0, 0, 0, 0, 0, 0, 0, 0, 0, 0, 0, 0, -0.0004622466845301098, 0, 0, 0, 0, 0, 0.005011188740349826, 0, 0, 0, 0, 0, 0, 0.002029339282128321, 0, 0, 0, -0.001681064008610869, 0, 0.0003030997418401556, 0, 0, 0, 0, -0.0024693718375791646, 0, 0, 0, 0, 0, 0, 0, 0, 0, 0, 0, 0, 0, 0, 0, 0, 0.004227528894748792, 0, 0, 0, 0, 0, -0.0009585833430499546, 0, 0, 0, 0, 0, -0.001859948688264054, -0.0017542045016767627, 0, 0, 0, 0, 0, 0, 0, 0, 0, 0, 0, 0, -0.0020026878844870946, 0, 0, 0.001606612602320752, 0, -0.0021992010175235633, 0, 0, 0, -0.002752482561431417, 0, 0, 0, 0, -0.0016861409407045937, 0, 0, 0, 0, 0, 0, 0, -0.001912245272374229, 0, 0.0035138196757801524, 0, -0.0019059024118517358, 0, 0, 0, 0.004140911263283556, 0, 0, 0, 0, 0, -0.002212431994586768, 0, -0.0018852410634584388, 0, 0, 0, 0, 0, 0, -0.0023090697909510455, 0, 0.00426562905141523, -0.002840493081413619, 0, 0, 0, 0, 0, 0, 0, 0, 0, -0.002734702729033008, 0.0013096026838007452, 0, 0, -0.0021644251746706796, -0.002556581553556696, 0, 0, 0.005289197787984143, 0, 0, 0, 0, 0, 0, 0, 0, 0, 0, 0, 0, -0.001482839752446117, 0, 0, 0, 0, 0, 0, -0.00484446540556211, 0, 0, 0, -0.0016899717468043867, 0, 0.00274691647781492, 0, -0.0023540685835578942, 0, 0, 0, 0.000628406833131926, 0, 0, 0, 0.0028101066382634726, 0, -0.0024555197513928422, 0, 0, 0, 0.005014063575159041, 0, 0, 0, -0.0020535646771266338, 0.0030157219196680282, 0, 0, 0.0014842775217598788, 0, 0, 0, 0, 0, 0, 0, 0, -0.003044624425743174, 0, 0, 0, 0, 0, 0, 0, 0, 0, 0, 0.004365485140223323, 0, -0.002459820363336546, 0, 0, 0, 0, -0.002517280100498781, 0, 0, 0, 0, 0, 0, 0, 0, 0, 0, 0, 0, 0, 0, 0, 0, 0.000572814743739629, 0, 0, 0, 0, -0.0016225664745642629, 0, 0, -0.004675058343011662, 0, 0, 0, 0, 0, 0, 0, 0, 0, 0, 0.004781312806756917, 0, 0, 0, 0, 0, -0.002379132204270824, 0, 0, 0, 0, 0, 0]
Start Date: 2021-12-17
End Date: 2023-08-03
Sharpe Ratio: 0.02
Annualized Sharpe: 0.318
Sharpe 95% CI: (np.float64(-1.06), np.float64(1.609))
Sortino Ratio: 0.028
CAGR: 0.006
Calmar Ratio: 0.282
Daily Win Rate (%): 0.407
Max Drawdown: 0.022
Profit Factor: 1.103
Expectancy: 0.00012
Average Win: 0.003164
Average Loss: 0.001973
Total Trades: 108
Total Days: 510

Rolling 4 - Variant 0 - atr_0.25_2 - Test Metrics
Contracts: [9, 9, 14, 13, 8, 10, 8, 10, 11, 8, 8, 8, 9, 5, 7, 9, 10, 10, 9, 7, 8, 7, 8, 8, 6, 6, 6, 6, 6, 6, 8, 10, 10, 10, 7, 7, 7, 7, 10, 5, 5, 6, 6, 6, 6, 6, 7, 8, 8, 6, 6, 7, 7, 6, 5, 7, 6, 7, 6, 7, 6, 9, 5, 6, 6, 8, 9, 9, 9, 5, 11, 6, 5, 7, 7, 10, 6, 11, 10, 12, 10, 9, 9, 9, 12, 7, 15, 10, 10, 10, 8, 9, 9, 11, 11, 10, 9, 8, 8, 8, 10, 12, 10, 12, 13, 9, 10, 13, 8, 10, 11, 9, 13, 10, 9, 10, 14, 8, 11, 7, 10, 10, 11, 13, 12, 10, 10, 10, 10, 14, 11, 11, 6, 11, 8, 13, 10, 10, 16, 15, 15, 13, 18, 16, 10, 13, 13, 13, 13, 12, 13, 13, 12, 13, 11, 10, 12, 11, 21, 18, 14, 11, 8, 14, 15, 15, 20, 19, 11, 11, 18, 15, 15, 10, 9, 10, 15, 15, 15, 7, 8, 7, 6, 6, 8, 8, 10, 7, 11, 7, 8, 8, 10, 9, 5, 11, 11, 10, 10, 12, 8, 11, 12, 12, 4, 4, 5, 8, 8, 7, 9, 6, 8, 9, 7, 9, 9, 10, 9, 9, 9, 8, 9, 9, 9, 9, 4, 9, 10, 10, 13, 6, 6, 9, 9, 9, 10, 12, 11, 12, 12, 12, 10, 18, 12, 11]
Trade Returns: [-0.002300525144291945, -0.0020589767611943594, -3.847250725554691e-05, -0.0023007197340281856, -0.0027615524671481713, 0.0006425103702619773, 0.0040771102197856525, -0.0025323510947020535, 0.004640293104022395, 0.0016239169824669893, -0.0022392163183452265, -0.0022640124203036206, 0.0031851618930289188, -0.0027410331222368013, 0.00443479847308305, -0.0024393105545835714, 0.0009498614115478064, -0.00218077361363583, -0.00194010348819349, -0.0012880745317977336, -0.002372944315232576, -0.002433981270393628, 0.005053742640497302, -0.0028312447923537994, -0.0005283170518040476, -0.0019150296204566509, -0.002159589234006628, 0.0029702355179798915, 0.00020731076920854058, 0.004136544622479471, -0.0022612050995416346, -0.002547419086306696, -0.002213999913154855, -0.001806346779805046, -0.00273147531813697, 0.003352998767059311, -0.0005447268248893695, -0.0024619162797905815, -0.0006301837220363011, 0.005192943659650343, 0.0014545990283141407, 0.00043281763503212297, -0.0020514107938023277, -0.0022741704817271823, 0.003706404369965115, -0.002357522793875519, 0.003978328315389841, -0.002041967177162632, -0.0026315004369692847, 0.004133077305199803, -0.0027253646401477543, -0.0023891459191244537, -0.0024353617536638124, -0.0022205709253243482, -0.0007411187790430736, 0.0011763281630390362, 0.004095869161365867, -0.003031493552491272, 0.004699682101370545, -0.0026425636154195726, -0.0025709780579553686, 0.0018930716471211172, 0.003997553729769649, -0.002648636477781794, -0.0027498831824098687, -0.0007991121289852935, -0.0022085376739069615, 0.0042723658168982125, 0.0020108788748419786, -0.0015714246398180916, -0.0013852715952225238, -0.0023001265599753525, 0.0039031929195458407, 0.0007639887766768755, -0.0018862641498938798, 0.0027859630970778967, 0.001772897556600049, -0.0020642521795669836, -0.0021462147534071544, -0.0024953845153162448, 0.0038409377764359797, -0.0022130678279646747, 0.004735775280973482, -0.0022179763600903768, 0.0035808427930342232, -0.0023200014299578245, -0.001480080539867938, 0.004250338719033391, -0.0031227904725124444, -0.002587257441776929, -0.0024652775707023435, -0.00245921492331037, -0.00213397199396966, 0.0032719873477917616, -0.002649593649408639, 0.006503808373060193, 0.003958927237221582, 0.0007848931333858014, -0.0023227510048243116, 0.004899463869399315, -0.0027208338963242147, -0.0023755858048946825, 0.0035704263271541686, -0.0022489846708661325, 0.005498084351319227, 0.003665107373215257, 0.0023618712483215055, -0.00020571751395577495, -0.0022421574145117793, 0.0039335808364530465, -0.002182693092700822, -3.840404594067854e-05, -0.0021317296960890225, -0.0027442529585824525, 0.0032294871268303436, -0.0019788929581948996, -0.0020887695479053212, -0.002534828493134671, 0.0008333241817434319, -0.0022038759051874173, 8.216437393825451e-05, -0.0011702451738782322, 0.004834020445806998, -0.0017290543269258818, -0.0015445492277253838, 0.002271056624981908, -0.0019778939936955582, -0.0021507759982680214, 0.00033313395466823953, -0.0026472320320793403, -0.002363925377832799, -0.0023581097246873333, 0.004495151940132135, -0.0024285550633061774, 0.0038643298530246146, 0.005120818945282163, -0.0031623184288551392, 0.004777625289531108]
Daily Returns: [0, 0, -0.002300525144291945, 0, 0, -0.0020974492684499063, 0, 0, -0.0023007197340281856, 0, 0, 0, 0, 0, 0, -0.0027615524671481713, 0, 0, 0, 0, 0, 0.0006425103702619773, 0, 0, 0.001544759125083599, 0, 0, 0, 0, 0, 0, 0, 0, 0.004640293104022395, 0, 0, 0, 0, 0, 0, 0, 0, 0, 0, 0, 0, 0, 0, 0, 0, 0, 0, 0, 0, 0.0016239169824669893, 0, 0, 0, 0, 0, 0, 0, 0, 0, -0.0022392163183452265, 0.0009211494727252982, 0, 0, -0.0027410331222368013, 0, 0.00443479847308305, -0.0024393105545835714, 0, 0, 0, 0.0009498614115478064, 0, -0.00218077361363583, -0.00194010348819349, 0, 0, 0, 0, -0.0012880745317977336, 0, 0, 0, -0.004806925585626204, 0, 0, 0, 0, 0, 0, 0, 0, 0, 0, 0, 0, 0, 0.005053742640497302, -0.0028312447923537994, 0, 0, 0, 0, 0, 0, 0, 0, -0.0005283170518040476, 0, -0.0019150296204566509, 0, 0, 0, 0, 0, 0, 0, 0, 0, 0, 0, 0, 0, 0, 0, 0, 0, 0, 0, 0, 0, 0, 0, 0, 0, 0, 0, 0, 0, 0, 0, 0, 0, 0, 0, 0, 0, 0, 0, 0, 0, 0, -0.002159589234006628, 0, 0, 0, 0, 0.003177546287188432, 0.004136544622479471, 0, 0, -0.0022612050995416346, 0, 0, 0, 0, 0, 0, 0, 0, 0, 0, 0, 0, -0.002547419086306696, 0, 0, 0, 0, 0, -0.002213999913154855, 0, 0, 0, 0, 0, -0.001806346779805046, -0.00273147531813697, 0, 0, 0, 0, 0.003352998767059311, -0.0005447268248893695, 0, 0, 0, 0, 0, 0, 0, 0, 0, 0, 0, 0, -0.0024619162797905815, 0, 0, 0, 0, 0, 0, 0, 0, 0, 0, -0.0006301837220363011, 0.006647542687964484, 0, 0.00043281763503212297, -0.00432558127552951, 0, 0, 0, 0, 0, 0, 0.0013488815760895959, 0.003978328315389841, 0, 0, 0, 0, 0, -0.002041967177162632, 0, 0, 0, 0, -0.0026315004369692847, 0, 0, 0, 0, 0, 0.004133077305199803, 0, 0, 0, 0, 0, -0.0027253646401477543, 0, -0.0023891459191244537, 0, 0, 0, 0, 0, -0.0024353617536638124, 0, -0.0022205709253243482, 0, 0, -0.0007411187790430736, 0, 0, 0, 0, 0, 0, 0, 0, 0.0011763281630390362, 0.004095869161365867, 0, 0, 0, -0.003031493552491272, 0, 0, 0, 0, 0, 0, 0, 0, 0, 0, 0, 0, 0, 0, 0, 0, 0, 0, 0, 0, 0.004699682101370545, 0, 0, 0, -0.0026425636154195726, 0, 0, 0, -0.0025709780579553686, 0, 0, 0, 0, 0, 0.0018930716471211172, 0, 0, 0.003997553729769649, 0, 0, 0, 0, 0, 0, 0, 0, 0, 0, 0, 0, 0, 0, 0, 0, 0, 0, 0, -0.002648636477781794, 0, 0, 0, 0, 0, 0, -0.0027498831824098687, 0, 0, 0, 0, 0, 0, 0, 0, 0, -0.0007991121289852935, 0, 0.002063828142991251, 0, 0, 0, 0, 0, 0, 0, 0, 0, 0, 0, 0, 0, 0, 0, 0, 0, 0, 0, 0, 0, 0, 0, 0, 0, 0.000439454235023887, -0.0013852715952225238, 0, 0, 0, 0, 0, 0, -0.0023001265599753525, 0, 0, 0, 0, 0, 0, 0, 0, 0, 0, 0.0039031929195458407, 0, 0, 0, 0, 0, 0.0007639887766768755, -0.0018862641498938798, 0, 0.0027859630970778967, 0, 0.001772897556600049, 0, 0, -0.0020642521795669836, 0, 0, 0, -0.0021462147534071544, 0, 0, 0, 0, 0, 0, 0, 0, 0, 0, 0, 0, 0, 0, 0, 0, -0.0024953845153162448, 0, 0, 0, 0, 0, 0.0038409377764359797, -0.0022130678279646747, 0, 0, 0, 0, 0, 0.004735775280973482, 0, 0, 0, 0, -0.0022179763600903768, 0, 0, 0, 0.0035808427930342232, 0, 0, -0.0023200014299578245, 0, 0, 0, 0, 0, 0, -0.001480080539867938, 0, 0, 0, 0, 0, 0.0011275482465209468, 0, 0, 0, 0, 0, 0, 0, 0, 0, 0, 0, 0, -0.0075117499357896435, 0, 0, 0, 0, 0, 0, 0, 0, 0, 0, 0, 0, -0.00213397199396966, 0, 0, 0, 0, 0, 0, 0, 0, 0, 0, 0, 0, 0, 0.0032719873477917616, 0, 0.003854214723651554, 0, 0, 0, 0, 0.003958927237221582, 0.0007848931333858014, 0, 0, 0, 0, 0, 0, 0, 0, 0, 0, 0, -0.0023227510048243116, 0, 0, 0, 0, 0, 0.0021786299730751006, 0, 0, 0, 0, -0.0023755858048946825, 0, 0, 0, 0, 0, 0, 0.0035704263271541686, 0, 0, 0, -0.0022489846708661325, 0, 0, 0, 0.005498084351319227, 0, 0, 0, 0.003665107373215257, 0, 0.0023618712483215055, 0, 0, 0, 0, 0, 0, 0, -0.002447874928467554, 0.0017124836978115458, 0, 0, 0, 0, 0, 0, 0, 0, -0.0021317296960890225, 0, -0.0027442529585824525, 0, 0, 0, 0, 0, 0, 0, 0, 0, 0, 0, 0.001250594168635444, 0, 0, 0, 0, 0, 0, 0, 0, 0, 0, 0, -0.0020887695479053212, 0, 0, 0, 0, 0, 0, -0.002534828493134671, 0, 0, 0, 0, 0.0008333241817434319, 0, 0, 0, 0, 0, 0, -0.0022038759051874173, 0, 8.216437393825451e-05, -0.0011702451738782322, 0, 0, 0.004834020445806998, 0, 0, -0.0017290543269258818, 0, -0.0015445492277253838, 0, 0, 0, 0.002271056624981908, 0, 0, -0.0019778939936955582, 0, 0, -0.0021507759982680214, 0, 0, 0, 0, 0.00033313395466823953, -0.0026472320320793403, 0, 0, 0, 0, 0, 0, 0, 0, 0, -0.002363925377832799, 0, 0, 0, 0, -0.0023581097246873333, 0, 0, 0.0020665968768259573, 0, 0, 0, 0, 0, 0, 0, 0, 0, 0.0038643298530246146, 0, 0, 0, 0, 0, 0, 0, 0, 0, 0, 0.005120818945282163, -0.0031623184288551392, 0.004777625289531108, 0, 0, 0, 0, 0, 0]
Start Date: 2023-08-04
End Date: 2025-11-06
Sharpe Ratio: -0.012
Annualized Sharpe: -0.19
Sharpe 95% CI: (np.float64(-1.39), np.float64(0.964))
Sortino Ratio: -0.015
CAGR: -0.004
Calmar Ratio: -0.142
Daily Win Rate (%): 0.384
Max Drawdown: 0.026
Profit Factor: 0.945
Expectancy: -7.1e-05
Average Win: 0.003212
Average Loss: 0.002119
Total Trades: 138
Total Days: 708



Rolling 4 - Variant 1 - atr_0.25_4 - Fit Metrics
Contracts: [9, 9, 14, 13, 9, 10, 9, 10, 11, 8, 8, 8, 9, 5, 7, 9, 10, 10, 9, 7, 8, 7, 8, 8, 6, 6, 6, 6, 6, 6, 8, 10, 10, 10, 7, 7, 7, 7, 10, 5, 5, 6, 6, 6, 6, 6, 8, 8, 8, 6, 6, 7, 7, 6, 6, 7, 6, 7, 6, 8, 6, 9, 5, 6, 6, 8, 9, 9, 9, 5, 12, 6, 5, 7, 7, 11, 6, 11, 11, 12, 10, 9, 9, 9, 12, 7, 15, 10, 9, 10, 8, 9, 9, 11, 11, 10, 9, 8, 8, 8, 10, 12, 10, 12, 13, 9, 10, 13, 8, 10, 11, 9, 13, 10, 9, 10, 14, 8, 11, 7, 10, 10, 11, 13, 12, 10, 10, 10, 10, 14, 11, 11, 6, 11, 8, 13, 10, 10, 16, 15, 16, 13, 18, 16, 10, 13, 13, 13, 12, 12, 13, 13, 12, 13, 11, 10, 13, 11, 21, 18, 15, 11, 8, 15, 15, 15, 20, 19, 11, 11, 18, 15, 15, 10, 9, 10, 15, 16, 15, 7, 8, 7, 6, 6, 8, 8, 10, 7, 11, 7, 8, 8, 10, 9, 5, 11, 11, 10, 10, 12, 8, 11, 12, 13, 4, 4, 5, 8, 8, 7, 9, 6, 8, 9, 7, 9, 10, 10, 9, 9, 9, 8, 9, 10, 9, 9, 4, 9, 10, 10, 13, 6, 6, 9, 9, 9, 10, 12, 11, 12, 12, 12, 10, 18, 12, 11]
Trade Returns: [-0.0023168250000000002, 0.0007505388672109267, 0.008177622716860606, -0.0025174181588253153, -0.00218773910133139, -0.002365830118428337, 0.0011939492825521626, -0.000542626008589189, -0.0024188213078542593, -0.0021118441428186916, 0.0011181414796762035, -0.0021163134670183826, -0.002159685794785637, 0.003032567721867072, 0.00036529913380713814, 0.004227565096099175, -0.0022632381356551463, -0.0007166747916419554, -0.0023800229414724667, -0.0016796141057123664, -0.0022248920904930094, -0.0019511216142284698, -0.002284774014775896, 0.0036645774439966793, -0.0023171409658465205, -0.002512308367594729, -0.00274695250680916, 0.0014237354465100251, -0.00021673171920538295, 0.00035489509023675214, 0.007991043805206318, 0.005689059272297359, 0.0013349207398325512, 0.00933999456835078, 0.00018706443251682915, 0.003093099223161108, -0.002170150642735618, -0.0008098345972759683, -0.00217973091981415, 0.0020327345962216164, 0.008397912687530347, 0.003781652936280948, -0.0001726249015544555, 0.0038785436015741108, 0.002799641878287132, -0.0022530112953483275, -0.00037586090995210894, -3.3648483003638686e-05, -0.002489910311928737, -0.002006064854057789, -0.001918207920094812, 0.0023334660064630005, 0.008457596285570754, 0.0035088873207258973, -0.00045696166400894064, 0.010071758758949475, 0.009303296259406924, -0.002577083062413, -0.0020036065983720696, 0.0002983302264845533, -0.0027768743651421807, -0.0023244303168691314, -0.0009496999717728438, -0.0018426958105489263, -0.0017379024669862372, -0.0019840442628579263, 0.0015916264309512955, -0.0021787198944187183, -0.0027267927654884335, -0.001670360620894242, -0.0018947216737098917, 0.003738396415938952, -0.0018884037834108382, 0.0019648571186068053, -0.0021963498097601307, -0.0018679972000721296, -0.0022922481991550837, 0.007211620878432526, -0.003069670787242836, -0.002706794302630347, 0.0012962015383198339, -0.002142305314697151, -0.0025303978643591045, -0.00286635937208561, -0.0014898180224982942, -0.0027852044280140043, -0.0018739714981192254, -0.0016976640905833995, 0.0056692993755021225, -0.002364758397214465, 0.0006294376348657438, 0.0028147246310455364, -0.0024595451083469447, 0.004034031532745782, -0.0020589376912052626, 0.00302362863299195, 0.0038995159751362496, -0.0020172153372719826, -0.0030589738600845934, -0.002510840060633835, -0.002465272404257954, -0.002522873286128547, 0.0005740907092418886, -0.0016261957142996515, -0.00330371716739639, -0.0013817592157887486, 0.009801273038854792, -0.0023726208767939007]
Daily Returns: [-0.0023168250000000002, 0, 0, 0, 0.0007505388672109267, 0, 0, 0, 0, 0, 0.005660204558035291, 0, -0.00218773910133139, 0, -0.0011718808358761746, 0, 0, 0, -0.000542626008589189, 0, -0.0024188213078542593, 0, 0, 0, 0, 0, 0, 0, 0, 0, 0, 0, 0, 0, 0, 0, 0, 0, 0, 0, 0, -0.0021118441428186916, 0.0011181414796762035, 0, 0, 0, 0, 0, 0, 0, 0, 0, 0, -0.0021163134670183826, 0, 0, -0.002159685794785637, 0, 0, 0, 0, 0, 0, 0, 0, 0, 0, 0, 0, 0, 0, 0, 0.003032567721867072, 0, 0, 0, 0, 0, 0, 0, 0, 0.00036529913380713814, 0, 0, 0.001247652168802073, 0, 0, -0.0023800229414724667, 0, 0, 0, 0, -0.0016796141057123664, 0, 0, 0, 0, 0, 0, 0, 0, -0.0022248920904930094, 0, 0, 0, 0, 0, -0.0019511216142284698, 0.0013798034292207832, 0, 0, 0, 0, 0, 0, 0, 0, 0, 0, -0.0023171409658465205, -0.0052592608744038895, 0, 0.0014237354465100251, 0.0001381633710313692, 0, 0, 0, 0, 0, 0, 0, 0, 0, 0, 0, 0, 0, 0, 0, 0, 0, 0, 0.007991043805206318, 0, 0, 0, 0, 0.005689059272297359, 0.0013349207398325512, 0.00933999456835078, 0, 0, 0, 0, 0, 0, 0, 0, 0, 0, 0, 0.00018706443251682915, 0.00011311398314952173, 0, 0, 0, 0, 0, 0, 0, 0, 0, 0, 0, 0, 0, 0, 0, 0, 0, 0, 0, 0, 0, 0, 0, -0.00217973091981415, 0, 0.0020327345962216164, 0, 0, 0.01200694072225684, 0.0038785436015741108, 0, 0, 0, 0.002799641878287132, 0, -0.0026288722053004364, 0, 0, -3.3648483003638686e-05, 0, 0, 0, 0, 0, 0, 0, 0, -0.002489910311928737, 0, 0, 0, 0, 0, -0.002006064854057789, 0, -0.001918207920094812, 0.0023334660064630005, 0, 0, 0.008457596285570754, 0, 0, 0, 0, 0.0035088873207258973, 0, 0, 0, 0, 0, 0, 0, 0, 0, 0, 0, 0, 0, 0, 0, 0, 0, 0, 0, 0, 0, 0, 0, -0.00045696166400894064, 0, 0, 0, 0, 0, 0.010071758758949475, 0, 0, 0, 0, 0, 0, 0.006726213196993924, 0, 0, 0, -0.0020036065983720696, 0, 0.0002983302264845533, 0, 0, 0, 0, -0.0027768743651421807, 0, 0, 0, 0, 0, 0, 0, 0, 0, 0, 0, 0, 0, 0, 0, 0, -0.0023244303168691314, 0, 0, 0, 0, 0, -0.0009496999717728438, 0, 0, 0, 0, 0, -0.0018426958105489263, -0.0017379024669862372, 0, 0, 0, 0, 0, 0, 0, 0, 0, 0, 0, 0, -0.0019840442628579263, 0, 0, 0.0015916264309512955, 0, -0.0021787198944187183, 0, 0, 0, -0.0027267927654884335, 0, 0, 0, 0, -0.001670360620894242, 0, 0, 0, 0, 0, 0, 0, -0.0018947216737098917, 0, 0.003738396415938952, 0, -0.0018884037834108382, 0, 0, 0, 0.0019648571186068053, 0, 0, 0, 0, 0, -0.0021963498097601307, 0, -0.0018679972000721296, 0, 0, 0, 0, 0, 0, -0.0022922481991550837, 0, 0.007211620878432526, -0.003069670787242836, 0, 0, 0, 0, 0, 0, 0, 0, 0, -0.002706794302630347, 0.0012962015383198339, 0, 0, -0.002142305314697151, -0.0025303978643591045, 0, 0, -0.00286635937208561, 0, 0, 0, 0, 0, 0, 0, 0, 0, 0, 0, 0, -0.0014898180224982942, 0, 0, 0, 0, 0, 0, -0.00465917592613323, 0, 0, 0, -0.0016976640905833995, 0, 0.0056692993755021225, 0, -0.002364758397214465, 0, 0, 0, 0.0006294376348657438, 0, 0, 0, 0.0028147246310455364, 0, -0.0024595451083469447, 0, 0, 0, 0.004034031532745782, 0, 0, 0, -0.0020589376912052626, 0.00302362863299195, 0, 0, 0.001882300637864267, 0, 0, 0, 0, 0, 0, 0, 0, -0.0030589738600845934, 0, 0, 0, 0, 0, 0, 0, 0, 0, 0, -0.002510840060633835, 0, -0.002465272404257954, 0, 0, 0, 0, -0.002522873286128547, 0, 0, 0, 0, 0, 0, 0, 0, 0, 0, 0, 0, 0, 0, 0, 0, 0.0005740907092418886, 0, 0, 0, 0, -0.0016261957142996515, 0, 0, -0.004685476383185139, 0, 0, 0, 0, 0, 0, 0, 0, 0, 0, 0.009801273038854792, 0, 0, 0, 0, 0, -0.0023726208767939007, 0, 0, 0, 0, 0, 0]
Start Date: 2021-12-17
End Date: 2023-08-03
Sharpe Ratio: 0.02
Annualized Sharpe: 0.325
Sharpe 95% CI: (np.float64(-1.201), np.float64(1.54))
Sortino Ratio: 0.036
CAGR: 0.008
Calmar Ratio: 0.191
Daily Win Rate (%): 0.37
Max Drawdown: 0.04
Profit Factor: 1.116
Expectancy: 0.000148
Average Win: 0.003826
Average Loss: 0.002016
Total Trades: 108
Total Days: 510

Rolling 4 - Variant 1 - atr_0.25_4 - Test Metrics
Contracts: [9, 9, 14, 13, 9, 10, 9, 10, 11, 8, 8, 8, 9, 5, 7, 9, 10, 10, 9, 7, 8, 7, 8, 8, 6, 6, 6, 6, 6, 6, 8, 10, 10, 10, 7, 7, 7, 7, 10, 5, 5, 6, 6, 6, 6, 6, 8, 8, 8, 6, 6, 7, 7, 6, 6, 7, 6, 7, 6, 8, 6, 9, 5, 6, 6, 8, 9, 9, 9, 5, 12, 6, 5, 7, 7, 11, 6, 11, 11, 12, 10, 9, 9, 9, 12, 7, 15, 10, 9, 10, 8, 9, 9, 11, 11, 10, 9, 8, 8, 8, 10, 12, 10, 12, 13, 9, 10, 13, 8, 10, 11, 9, 13, 10, 9, 10, 14, 8, 11, 7, 10, 10, 11, 13, 12, 10, 10, 10, 10, 14, 11, 11, 6, 11, 8, 13, 10, 10, 16, 15, 16, 13, 18, 16, 10, 13, 13, 13, 12, 12, 13, 13, 12, 13, 11, 10, 13, 11, 21, 18, 15, 11, 8, 15, 15, 15, 20, 19, 11, 11, 18, 15, 15, 10, 9, 10, 15, 16, 15, 7, 8, 7, 6, 6, 8, 8, 10, 7, 11, 7, 8, 8, 10, 9, 5, 11, 11, 10, 10, 12, 8, 11, 12, 13, 4, 4, 5, 8, 8, 7, 9, 6, 8, 9, 7, 9, 10, 10, 9, 9, 9, 8, 9, 10, 9, 9, 4, 9, 10, 10, 13, 6, 6, 9, 9, 9, 10, 12, 11, 12, 12, 12, 10, 18, 12, 11]
Trade Returns: [-0.0022942139785270747, -0.0020533152606039863, -3.836650300925474e-05, -0.0023058742002638223, -0.002753943201715315, 0.0006407350886741318, 0.00829898167152168, -0.0025253585887241177, 0.007287585450552558, 0.0016083304106151587, -0.0022178260112920107, -0.0022423371744232277, 0.0031546393745274814, -0.0027147957436585483, 0.004244039058607255, -0.0024159045518861604, 0.0009409037941357094, -0.0021602272764386374, -0.0019215683543954958, -0.0012758831661054337, -0.002350456183584661, -0.0024109996710438624, -0.002812236679459738, -0.0028043501830130194, -0.0005274103585121823, -0.0019117493457632795, -0.0021558810093255014, 0.0038425136938432434, 0.00020677340736150149, 0.006722441666873981, -0.002249551986859967, -0.0027032121299933026, -0.002210190046428222, -0.0017972975111725125, -0.00271776678801394, -0.00212193260911083, -0.0005449591827578915, -0.0024629670037582515, -0.0006304540545948437, 0.0026746943855656376, 0.001458878247122282, 0.00043408906670843443, -0.0020574343398435863, -0.002280861882912885, 0.007655189528315434, -0.002355209431319017, 0.005481016994316481, -0.0022066525175457605, -0.0026326263109370967, 0.008600985779205844, -0.0027070048170290957, -0.0025425079245299954, -0.002419282960502112, -0.0022154370286608725, -0.0007362138837667582, 0.0012520041597038152, 0.0033169687524606545, -0.003013525700988944, 0.0005398947811182979, -0.0026377748896034147, -0.002566306734119158, 0.0018896231916553639, 0.008284317129055611, -0.002632580455088121, -0.00273316940226655, -0.0007942418169367567, -0.002198456302313456, 0.0027239691012862152, 0.002001679537367745, -0.001668533410074694, -0.0013790810678086418, -0.002289833516775251, 0.004790362581775971, 0.0007589081665821739, -0.0018737297965250202, 0.004084048526187715, 0.0017610944160460003, -0.0020505334931755085, -0.0021319220493270937, -0.0024768466839941643, 0.003986986529461596, -0.002196266927745487, -0.002632640645400578, -0.002201101133369329, 0.004344344575546107, -0.0023193201826354837, -0.0014796449173287752, 0.008684449365014153, -0.003121869999803292, -0.0025750626856183476, -0.0024536862647666978, -0.0024476804249275144, -0.002123887781921208, 0.003235186044361062, -0.002838212811187483, 0.013132482921854349, 0.0008290907928835395, 0.0007786679014474984, -0.002304342876876973, 0.006159061232642336, -0.002699221102262313, -0.002353714119628911, 0.0036682018997548672, -0.0022398471978898405, 0.0001853996021969035, 0.004935615947865129, 0.002349279702281228, -0.00020462336859543095, -0.002478032954360612, 0.0005756137809553854, -0.002178883000286777, -3.833686174450988e-05, -0.002128000296403845, -0.0027394417287987935, 0.006600218717013223, -0.0021948946705053164, -0.0020785558114828654, -0.0025303722190400976, 0.0008292408774230901, -0.0021930858189678085, 8.176121636757096e-05, -0.0011645035780069241, -0.0010290122769777946, -0.0017306592422329414, -0.001545985370116885, 0.0022731715532512986, -0.0019797317358851373, -0.002152778336289667, 0.0003334447661549794, -0.0026497010564717847, -0.0023661360248985242, -0.0023603201633889273, 0.005561407830985998, -0.002428259362461967, 0.0036747993638447845, 0.0035388812424602327, -0.0031675148185379945, 0.00975658915861394]
Daily Returns: [0, 0, -0.0022942139785270747, 0, 0, -0.002091681763613241, 0, 0, -0.0023058742002638223, 0, 0, 0, 0, 0, 0, -0.002753943201715315, 0, 0, 0, 0, 0, 0.0006407350886741318, 0, 0, 0.0057736230827975625, 0, 0, 0, 0, 0, 0, 0, 0, 0.007287585450552558, 0, 0, 0, 0, 0, 0, 0, 0, 0, 0, 0, 0, 0, 0, 0, 0, 0, 0, 0, 0, 0.0016083304106151587, 0, 0, 0, 0, 0, 0, 0, 0, 0, -0.0022178260112920107, 0.0009123022001042537, 0, 0, -0.0027147957436585483, 0, 0.004244039058607255, -0.0024159045518861604, 0, 0, 0, 0.0009409037941357094, 0, -0.0021602272764386374, -0.0019215683543954958, 0, 0, 0, 0, -0.0012758831661054337, 0, 0, 0, -0.004761455854628524, 0, 0, 0, 0, 0, 0, 0, 0, 0, 0, 0, 0, 0, -0.002812236679459738, -0.0028043501830130194, 0, 0, 0, 0, 0, 0, 0, 0, -0.0005274103585121823, 0, -0.0019117493457632795, 0, 0, 0, 0, 0, 0, 0, 0, 0, 0, 0, 0, 0, 0, 0, 0, 0, 0, 0, 0, 0, 0, 0, 0, 0, 0, 0, 0, 0, 0, 0, 0, 0, 0, 0, 0, 0, 0, 0, 0, 0, 0, -0.0021558810093255014, 0, 0, 0, 0, 0.004049287101204745, 0.006722441666873981, 0, 0, -0.002249551986859967, 0, 0, 0, 0, 0, 0, 0, 0, 0, 0, 0, 0, -0.0027032121299933026, 0, 0, 0, 0, 0, -0.002210190046428222, 0, 0, 0, 0, 0, -0.0017972975111725125, -0.00271776678801394, 0, 0, 0, 0, -0.00212193260911083, -0.0005449591827578915, 0, 0, 0, 0, 0, 0, 0, 0, 0, 0, 0, 0, -0.0024629670037582515, 0, 0, 0, 0, 0, 0, 0, 0, 0, 0, -0.0006304540545948437, 0.00413357263268792, 0, 0.00043408906670843443, -0.004338296222756471, 0, 0, 0, 0, 0, 0, 0.005299980096996417, 0.005481016994316481, 0, 0, 0, 0, 0, -0.0022066525175457605, 0, 0, 0, 0, -0.0026326263109370967, 0, 0, 0, 0, 0, 0.008600985779205844, 0, 0, 0, 0, 0, -0.0027070048170290957, 0, -0.0025425079245299954, 0, 0, 0, 0, 0, -0.002419282960502112, 0, -0.0022154370286608725, 0, 0, -0.0007362138837667582, 0, 0, 0, 0, 0, 0, 0, 0, 0.0012520041597038152, 0.0033169687524606545, 0, 0, 0, -0.003013525700988944, 0, 0, 0, 0, 0, 0, 0, 0, 0, 0, 0, 0, 0, 0, 0, 0, 0, 0, 0, 0, 0.0005398947811182979, 0, 0, 0, -0.0026377748896034147, 0, 0, 0, -0.002566306734119158, 0, 0, 0, 0, 0, 0.0018896231916553639, 0, 0, 0.008284317129055611, 0, 0, 0, 0, 0, 0, 0, 0, 0, 0, 0, 0, 0, 0, 0, 0, 0, 0, 0, -0.002632580455088121, 0, 0, 0, 0, 0, 0, -0.00273316940226655, 0, 0, 0, 0, 0, 0, 0, 0, 0, -0.0007942418169367567, 0, 0.0005255127989727592, 0, 0, 0, 0, 0, 0, 0, 0, 0, 0, 0, 0, 0, 0, 0, 0, 0, 0, 0, 0, 0, 0, 0, 0, 0, 0.000333146127293051, -0.0013790810678086418, 0, 0, 0, 0, 0, 0, -0.002289833516775251, 0, 0, 0, 0, 0, 0, 0, 0, 0, 0, 0.004790362581775971, 0, 0, 0, 0, 0, 0.0007589081665821739, -0.0018737297965250202, 0, 0.004084048526187715, 0, 0.0017610944160460003, 0, 0, -0.0020505334931755085, 0, 0, 0, -0.0021319220493270937, 0, 0, 0, 0, 0, 0, 0, 0, 0, 0, 0, 0, 0, 0, 0, 0, -0.0024768466839941643, 0, 0, 0, 0, 0, 0.003986986529461596, -0.002196266927745487, 0, 0, 0, 0, 0, -0.002632640645400578, 0, 0, 0, 0, -0.002201101133369329, 0, 0, 0, 0.004344344575546107, 0, 0, -0.0023193201826354837, 0, 0, 0, 0, 0, 0, -0.0014796449173287752, 0, 0, 0, 0, 0, 0.005562579365210861, 0, 0, 0, 0, 0, 0, 0, 0, 0, 0, 0, 0, -0.00747642937531256, 0, 0, 0, 0, 0, 0, 0, 0, 0, 0, 0, 0, -0.002123887781921208, 0, 0, 0, 0, 0, 0, 0, 0, 0, 0, 0, 0, 0, 0.003235186044361062, 0, 0.010294270110666866, 0, 0, 0, 0, 0.0008290907928835395, 0.0007786679014474984, 0, 0, 0, 0, 0, 0, 0, 0, 0, 0, 0, -0.002304342876876973, 0, 0, 0, 0, 0, 0.0034598401303800232, 0, 0, 0, 0, -0.002353714119628911, 0, 0, 0, 0, 0, 0, 0.0036682018997548672, 0, 0, 0, -0.0022398471978898405, 0, 0, 0, 0.0001853996021969035, 0, 0, 0, 0.004935615947865129, 0, 0.002349279702281228, 0, 0, 0, 0, 0, 0, 0, -0.002682656322956043, -0.0016416060810759015, 0, 0, 0, 0, 0, 0, 0, 0, -0.002128000296403845, 0, -0.0027394417287987935, 0, 0, 0, 0, 0, 0, 0, 0, 0, 0, 0, 0.004405324046507906, 0, 0, 0, 0, 0, 0, 0, 0, 0, 0, 0, -0.0020785558114828654, 0, 0, 0, 0, 0, 0, -0.0025303722190400976, 0, 0, 0, 0, 0.0008292408774230901, 0, 0, 0, 0, 0, 0, -0.0021930858189678085, 0, 8.176121636757096e-05, -0.0011645035780069241, 0, 0, -0.0010290122769777946, 0, 0, -0.0017306592422329414, 0, -0.001545985370116885, 0, 0, 0, 0.0022731715532512986, 0, 0, -0.0019797317358851373, 0, 0, -0.002152778336289667, 0, 0, 0, 0, 0.0003334447661549794, -0.0026497010564717847, 0, 0, 0, 0, 0, 0, 0, 0, 0, -0.0023661360248985242, 0, 0, 0, 0, -0.0023603201633889273, 0, 0, 0.003133148468524031, 0, 0, 0, 0, 0, 0, 0, 0, 0, 0.0036747993638447845, 0, 0, 0, 0, 0, 0, 0, 0, 0, 0, 0.0035388812424602327, -0.0031675148185379945, 0.00975658915861394, 0, 0, 0, 0, 0, 0]
Start Date: 2023-08-04
End Date: 2025-11-06
Sharpe Ratio: -0.01
Annualized Sharpe: -0.151
Sharpe 95% CI: (np.float64(-1.431), np.float64(0.959))
Sortino Ratio: -0.014
CAGR: -0.003
Calmar Ratio: -0.108
Daily Win Rate (%): 0.355
Max Drawdown: 0.032
Profit Factor: 0.952
Expectancy: -6.6e-05
Average Win: 0.003677
Average Loss: 0.002126
Total Trades: 138
Total Days: 708



Rolling 4 - Variant 2 - atr_0.25_7 - Fit Metrics
Contracts: [9, 9, 14, 13, 9, 10, 9, 10, 11, 8, 8, 8, 9, 5, 7, 9, 10, 10, 9, 7, 8, 7, 8, 8, 6, 6, 6, 6, 6, 6, 8, 10, 10, 10, 7, 7, 7, 7, 10, 5, 5, 6, 6, 6, 6, 6, 7, 8, 8, 6, 6, 7, 7, 6, 5, 7, 6, 7, 6, 8, 6, 9, 5, 6, 6, 8, 9, 9, 9, 5, 11, 6, 5, 7, 7, 10, 6, 11, 10, 12, 10, 9, 9, 9, 12, 7, 15, 10, 9, 10, 8, 9, 9, 11, 10, 10, 9, 8, 8, 8, 10, 12, 10, 12, 13, 9, 10, 13, 8, 10, 11, 9, 13, 10, 9, 10, 14, 8, 11, 7, 11, 10, 11, 13, 12, 10, 10, 10, 10, 14, 11, 11, 6, 11, 8, 13, 10, 10, 16, 15, 16, 13, 18, 16, 10, 13, 13, 13, 13, 12, 13, 13, 12, 13, 11, 10, 13, 11, 21, 18, 15, 11, 8, 15, 15, 15, 20, 20, 11, 11, 18, 15, 16, 10, 9, 10, 16, 16, 15, 7, 8, 7, 6, 6, 9, 9, 10, 7, 11, 7, 8, 8, 10, 9, 5, 11, 11, 10, 10, 12, 8, 12, 12, 13, 4, 4, 5, 8, 8, 7, 9, 6, 8, 10, 7, 9, 10, 10, 10, 9, 10, 8, 9, 10, 9, 9, 4, 9, 10, 11, 13, 7, 6, 9, 10, 9, 10, 12, 11, 12, 12, 12, 11, 18, 12, 12]
Trade Returns: [-0.0023168250000000002, 0.0007505388672109267, 0.014487516788512308, -0.0025017603595391055, -0.002174113873743027, -0.002351063636912138, 0.001186504549974602, -0.0005392311918729406, -0.002403680335727823, -0.0020986075956482397, 0.0011111254422876092, -0.002103021011516817, -0.0021460923325985295, 0.00301343912751589, 0.00036300185111982344, 0.004200969613144644, -0.002249059736662376, -0.000712169423279661, -0.0023650793172252734, -0.0016690431886309757, -0.002210865969953026, -0.0019387941376906627, -0.0022703104308374753, 0.0036413263346871173, -0.002302492447698335, -0.002496389385449491, -0.002729503165993781, 0.0014146667639300628, -0.00021535316632010848, 0.00035263724337039246, 0.008344017493605744, 0.005650899360981397, 0.0013260169452420552, -0.0025592933616299667, 0.00018803516262531116, 0.003109147169970049, -0.002181375150776887, -0.000814032401247406, -0.002191067203691032, 0.0020433296000770904, 0.0028965904616530982, 0.0038221753514469476, -0.00017446762563653066, 0.003919953228958627, 0.002829415799840747, -0.001992291218952235, -0.0003797476451435913, -3.3996570348908826e-05, -0.002502827357898408, -0.002026817930193264, -0.0019380924037953455, 0.0023577021009682435, 0.00841530817626906, 0.003545394649705201, -0.0004606464366268346, 0.012059116065244376, 0.011539532583864845, -0.0025921301146764183, -0.0016869824743832868, 0.0003000815332212379, -0.0027931300942535, -0.0023380714732422394, -0.0009552864444854572, -0.001853545566738902, -0.0017481542041207655, -0.001995768464983041, 0.001601050548621801, -0.0021915996074059647, -0.0027429478696834146, -0.0016802840268232615, -0.0019055603459106197, 0.003759863348028089, -0.0018992269385726113, 0.0017964523840708103, -0.0022092859556566385, -0.0018786629210852202, -0.0023057790646385523, 0.006594807810564904, -0.00283060984799559, -0.002724477571584083, 0.0013046926523178346, -0.0021563207713559953, -0.0025469880860424787, -0.002885200268865685, -0.0014996639812921854, -0.002803695964698, -0.0018864481554529372, -0.001709015300655822, 0.005707271302794842, -0.002380532406434254, 0.0006336295681850471, 0.002575913438533898, -0.002475914832331326, 0.004061914341321542, -0.0020731112835820145, 0.0030444863350422547, 0.003926334106814673, -0.002031034070414078, -0.0030792204711713278, -0.0025273918449203944, -0.002482194877917862, -0.00254023424524252, 0.0005780513313554281, -0.0016374613701312707, -0.0033265279101210962, -0.0013912863939617615, 0.01743553712090171, -0.0023711961180643867]
Daily Returns: [-0.0023168250000000002, 0, 0, 0, 0.0007505388672109267, 0, 0, 0, 0, 0, 0.011985756428973203, 0, -0.002174113873743027, 0, -0.001164559086937536, 0, 0, 0, -0.0005392311918729406, 0, -0.002403680335727823, 0, 0, 0, 0, 0, 0, 0, 0, 0, 0, 0, 0, 0, 0, 0, 0, 0, 0, 0, 0, -0.0020986075956482397, 0.0011111254422876092, 0, 0, 0, 0, 0, 0, 0, 0, 0, 0, -0.002103021011516817, 0, 0, -0.0021460923325985295, 0, 0, 0, 0, 0, 0, 0, 0, 0, 0, 0, 0, 0, 0, 0, 0.00301343912751589, 0, 0, 0, 0, 0, 0, 0, 0, 0.00036300185111982344, 0, 0, 0.0012397404532026072, 0, 0, -0.0023650793172252734, 0, 0, 0, 0, -0.0016690431886309757, 0, 0, 0, 0, 0, 0, 0, 0, -0.002210865969953026, 0, 0, 0, 0, 0, -0.0019387941376906627, 0.001371015903849642, 0, 0, 0, 0, 0, 0, 0, 0, 0, 0, -0.002302492447698335, -0.005225892551443272, 0, 0.0014146667639300628, 0.00013728407705028398, 0, 0, 0, 0, 0, 0, 0, 0, 0, 0, 0, 0, 0, 0, 0, 0, 0, 0, 0.008344017493605744, 0, 0, 0, 0, 0.005650899360981397, 0.0013260169452420552, -0.0025592933616299667, 0, 0, 0, 0, 0, 0, 0, 0, 0, 0, 0, 0.00018803516262531116, 0.00011373961794575616, 0, 0, 0, 0, 0, 0, 0, 0, 0, 0, 0, 0, 0, 0, 0, 0, 0, 0, 0, 0, 0, 0, 0, -0.002191067203691032, 0, 0.0020433296000770904, 0, 0, 0.006544298187463515, 0.003919953228958627, 0, 0, 0, 0.002829415799840747, 0, -0.0023720388640958265, 0, 0, -3.3996570348908826e-05, 0, 0, 0, 0, 0, 0, 0, 0, -0.002502827357898408, 0, 0, 0, 0, 0, -0.002026817930193264, 0, -0.0019380924037953455, 0.0023577021009682435, 0, 0, 0.00841530817626906, 0, 0, 0, 0, 0.003545394649705201, 0, 0, 0, 0, 0, 0, 0, 0, 0, 0, 0, 0, 0, 0, 0, 0, 0, 0, 0, 0, 0, 0, 0, -0.0004606464366268346, 0, 0, 0, 0, 0, 0.012059116065244376, 0, 0, 0, 0, 0, 0, 0.008947402469188428, 0, 0, 0, -0.0016869824743832868, 0, 0.0003000815332212379, 0, 0, 0, 0, -0.0027931300942535, 0, 0, 0, 0, 0, 0, 0, 0, 0, 0, 0, 0, 0, 0, 0, 0, -0.0023380714732422394, 0, 0, 0, 0, 0, -0.0009552864444854572, 0, 0, 0, 0, 0, -0.001853545566738902, -0.0017481542041207655, 0, 0, 0, 0, 0, 0, 0, 0, 0, 0, 0, 0, -0.001995768464983041, 0, 0, 0.001601050548621801, 0, -0.0021915996074059647, 0, 0, 0, -0.0027429478696834146, 0, 0, 0, 0, -0.0016802840268232615, 0, 0, 0, 0, 0, 0, 0, -0.0019055603459106197, 0, 0.003759863348028089, 0, -0.0018992269385726113, 0, 0, 0, 0.0017964523840708103, 0, 0, 0, 0, 0, -0.0022092859556566385, 0, -0.0018786629210852202, 0, 0, 0, 0, 0, 0, -0.0023057790646385523, 0, 0.006594807810564904, -0.00283060984799559, 0, 0, 0, 0, 0, 0, 0, 0, 0, -0.002724477571584083, 0.0013046926523178346, 0, 0, -0.0021563207713559953, -0.0025469880860424787, 0, 0, -0.002885200268865685, 0, 0, 0, 0, 0, 0, 0, 0, 0, 0, 0, 0, -0.0014996639812921854, 0, 0, 0, 0, 0, 0, -0.004690144120150937, 0, 0, 0, -0.001709015300655822, 0, 0.005707271302794842, 0, -0.002380532406434254, 0, 0, 0, 0.0006336295681850471, 0, 0, 0, 0.002575913438533898, 0, -0.002475914832331326, 0, 0, 0, 0.004061914341321542, 0, 0, 0, -0.0020731112835820145, 0.0030444863350422547, 0, 0, 0.0018953000364005947, 0, 0, 0, 0, 0, 0, 0, 0, -0.0030792204711713278, 0, 0, 0, 0, 0, 0, 0, 0, 0, 0, -0.0025273918449203944, 0, -0.002482194877917862, 0, 0, 0, 0, -0.00254023424524252, 0, 0, 0, 0, 0, 0, 0, 0, 0, 0, 0, 0, 0, 0, 0, 0, 0.0005780513313554281, 0, 0, 0, 0, -0.0016374613701312707, 0, 0, -0.004717814304082858, 0, 0, 0, 0, 0, 0, 0, 0, 0, 0, 0.01743553712090171, 0, 0, 0, 0, 0, -0.0023711961180643867, 0, 0, 0, 0, 0, 0]
Start Date: 2021-12-17
End Date: 2023-08-03
Sharpe Ratio: 0.02
Annualized Sharpe: 0.314
Sharpe 95% CI: (np.float64(-1.234), np.float64(1.473))
Sortino Ratio: 0.038
CAGR: 0.008
Calmar Ratio: 0.196
Daily Win Rate (%): 0.361
Max Drawdown: 0.041
Profit Factor: 1.12
Expectancy: 0.000155
Average Win: 0.003997
Average Loss: 0.002017
Total Trades: 108
Total Days: 510

Rolling 4 - Variant 2 - atr_0.25_7 - Test Metrics
Contracts: [9, 9, 14, 13, 9, 10, 9, 10, 11, 8, 8, 8, 9, 5, 7, 9, 10, 10, 9, 7, 8, 7, 8, 8, 6, 6, 6, 6, 6, 6, 8, 10, 10, 10, 7, 7, 7, 7, 10, 5, 5, 6, 6, 6, 6, 6, 7, 8, 8, 6, 6, 7, 7, 6, 5, 7, 6, 7, 6, 8, 6, 9, 5, 6, 6, 8, 9, 9, 9, 5, 11, 6, 5, 7, 7, 10, 6, 11, 10, 12, 10, 9, 9, 9, 12, 7, 15, 10, 9, 10, 8, 9, 9, 11, 10, 10, 9, 8, 8, 8, 10, 12, 10, 12, 13, 9, 10, 13, 8, 10, 11, 9, 13, 10, 9, 10, 14, 8, 11, 7, 11, 10, 11, 13, 12, 10, 10, 10, 10, 14, 11, 11, 6, 11, 8, 13, 10, 10, 16, 15, 16, 13, 18, 16, 10, 13, 13, 13, 13, 12, 13, 13, 12, 13, 11, 10, 13, 11, 21, 18, 15, 11, 8, 15, 15, 15, 20, 20, 11, 11, 18, 15, 16, 10, 9, 10, 16, 16, 15, 7, 8, 7, 6, 6, 9, 9, 10, 7, 11, 7, 8, 8, 10, 9, 5, 11, 11, 10, 10, 12, 8, 12, 12, 13, 4, 4, 5, 8, 8, 7, 9, 6, 8, 10, 7, 9, 10, 10, 10, 9, 10, 8, 9, 10, 9, 9, 4, 9, 10, 11, 13, 7, 6, 9, 10, 9, 10, 12, 11, 12, 12, 12, 11, 18, 12, 12]
Trade Returns: [-0.002292833028633407, -0.00205207647388019, -3.834330849697116e-05, -0.002321874606184142, -0.002752278238433926, 0.0006403466476089924, 0.012151240690500465, -0.002523828587871323, 0.007255439274420793, 0.0016012544009605175, -0.0022074234330038555, -0.002231796359971362, 0.0034548606545900724, -0.0027028840129731174, 0.004223995792513567, -0.002404522426544498, 0.0009364788912326277, -0.002150077617386488, -0.001913153204110544, -0.0012698611613551833, -0.0023393482265789446, -0.0023996473691615334, -0.0027988779580039535, -0.0027910661046044445, -0.0005248932263600319, -0.0019026426418240886, -0.0021455863929641357, 0.003824085195269055, 0.00020578551050795597, 0.00669033061014322, -0.0022388779747204365, -0.0026903567414226556, -0.0021996134041470036, -0.0017887272306937457, -0.0027047840952552356, -0.002111768707705042, -0.0005423433442373395, -0.0024511381911943744, -0.0006274107799699676, 0.0028835898225892946, 0.001451529243030507, 0.0004319055407771124, -0.002047089638499538, -0.0022693702720512974, 0.010228512561437699, -0.002337347191859466, 0.005439350802467395, -0.002189968496385786, -0.0026199516136303285, 0.009711885316021959, -0.0026834919536290313, -0.0025203644483331195, -0.002398159449115508, -0.002198649826272956, -0.0007297703188528725, 0.0012410382408583741, 0.0032879524550450743, -0.0029872502658901423, 0.0005351732437209539, -0.002752335912997006, -0.002544167870747402, 0.0018732803229022444, 0.014598246863084917, -0.002593613167767056, -0.0028721152034259095, -0.0007825639617748887, -0.002166193347961764, 0.0026838868128719953, 0.0021037232703659276, -0.001643826656666873, -0.001358626747049245, -0.002255824849053455, 0.004719055133384898, 0.0007477094771243553, -0.0018461011039651234, 0.004023540530870629, 0.0019519633542293508, -0.0022723391327556484, -0.0021004948291012612, -0.0024404139235500587, 0.003928197150087934, -0.002164008991695366, -0.002593805337700689, -0.0021687020825022093, 0.00428016865533273, -0.002285017837331572, -0.001457711105161257, 0.015109107623544359, -0.0030755247779508795, -0.0025204001677121284, -0.0024017253787234315, -0.0023959709145712224, -0.0020786887252323607, 0.0031712951900899756, -0.0027823388716055235, 0.011502718643515816, 0.000812723514519795, 0.0007633085162993418, -0.0022589239064790133, 0.006037067512276468, -0.002645898566694263, -0.002307373409561077, 0.0035958272427731247, -0.0021958127219765928, 0.00018174095100412013, 0.005375966924678617, 0.0023019834874597076, -0.00020051330730086982, -0.0024282492467943987, 0.0005640215453322186, -0.002372252668324183, -3.757251550104114e-05, -0.002317301572587789, -0.00268533111602615, 0.00481461152693262, -0.002151315359256947, -0.002040817620714899, -0.0024802566588608484, 0.0008141544186879638, -0.0021532192560752366, 8.027172959388369e-05, -0.0012576200021092916, -0.0010103619186173122, -0.0019824701653311768, -0.001518319773302387, 0.0022324310138034354, -0.002160365951306474, -0.0021146642043042775, 0.0003275287413869013, -0.0026027050736032666, -0.002324059934479291, -0.0023182497199747873, 0.005462050735114191, -0.00238511306501478, 0.003970282721773167, 0.0034748276353162915, -0.0031103814572074674, 0.009267664531823695]
Daily Returns: [0, 0, -0.002292833028633407, 0, 0, -0.0020904197823771614, 0, 0, -0.002321874606184142, 0, 0, 0, 0, 0, 0, -0.002752278238433926, 0, 0, 0, 0, 0, 0.0006403466476089924, 0, 0, 0.009627412102629141, 0, 0, 0, 0, 0, 0, 0, 0, 0.007255439274420793, 0, 0, 0, 0, 0, 0, 0, 0, 0, 0, 0, 0, 0, 0, 0, 0, 0, 0, 0, 0, 0.0016012544009605175, 0, 0, 0, 0, 0, 0, 0, 0, 0, -0.0022074234330038555, 0.0012230642946187103, 0, 0, -0.0027028840129731174, 0, 0.004223995792513567, -0.002404522426544498, 0, 0, 0, 0.0009364788912326277, 0, -0.002150077617386488, -0.001913153204110544, 0, 0, 0, 0, -0.0012698611613551833, 0, 0, 0, -0.004738995595740478, 0, 0, 0, 0, 0, 0, 0, 0, 0, 0, 0, 0, 0, -0.0027988779580039535, -0.0027910661046044445, 0, 0, 0, 0, 0, 0, 0, 0, -0.0005248932263600319, 0, -0.0019026426418240886, 0, 0, 0, 0, 0, 0, 0, 0, 0, 0, 0, 0, 0, 0, 0, 0, 0, 0, 0, 0, 0, 0, 0, 0, 0, 0, 0, 0, 0, 0, 0, 0, 0, 0, 0, 0, 0, 0, 0, 0, 0, 0, -0.0021455863929641357, 0, 0, 0, 0, 0.004029870705777011, 0.00669033061014322, 0, 0, -0.0022388779747204365, 0, 0, 0, 0, 0, 0, 0, 0, 0, 0, 0, 0, -0.0026903567414226556, 0, 0, 0, 0, 0, -0.0021996134041470036, 0, 0, 0, 0, 0, -0.0017887272306937457, -0.0027047840952552356, 0, 0, 0, 0, -0.002111768707705042, -0.0005423433442373395, 0, 0, 0, 0, 0, 0, 0, 0, 0, 0, 0, 0, -0.0024511381911943744, 0, 0, 0, 0, 0, 0, 0, 0, 0, 0, -0.0006274107799699676, 0.004335119065619801, 0, 0.0004319055407771124, -0.004316459910550836, 0, 0, 0, 0, 0, 0, 0.007891165369578233, 0.005439350802467395, 0, 0, 0, 0, 0, -0.002189968496385786, 0, 0, 0, 0, -0.0026199516136303285, 0, 0, 0, 0, 0, 0.009711885316021959, 0, 0, 0, 0, 0, -0.0026834919536290313, 0, -0.0025203644483331195, 0, 0, 0, 0, 0, -0.002398159449115508, 0, -0.002198649826272956, 0, 0, -0.0007297703188528725, 0, 0, 0, 0, 0, 0, 0, 0, 0.0012410382408583741, 0.0032879524550450743, 0, 0, 0, -0.0029872502658901423, 0, 0, 0, 0, 0, 0, 0, 0, 0, 0, 0, 0, 0, 0, 0, 0, 0, 0, 0, 0, 0.0005351732437209539, 0, 0, 0, -0.002752335912997006, 0, 0, 0, -0.002544167870747402, 0, 0, 0, 0, 0, 0.0018732803229022444, 0, 0, 0.014598246863084917, 0, 0, 0, 0, 0, 0, 0, 0, 0, 0, 0, 0, 0, 0, 0, 0, 0, 0, 0, -0.002593613167767056, 0, 0, 0, 0, 0, 0, -0.0028721152034259095, 0, 0, 0, 0, 0, 0, 0, 0, 0, -0.0007825639617748887, 0, 0.0005176934649102315, 0, 0, 0, 0, 0, 0, 0, 0, 0, 0, 0, 0, 0, 0, 0, 0, 0, 0, 0, 0, 0, 0, 0, 0, 0, 0.0004598966136990547, -0.001358626747049245, 0, 0, 0, 0, 0, 0, -0.002255824849053455, 0, 0, 0, 0, 0, 0, 0, 0, 0, 0, 0.004719055133384898, 0, 0, 0, 0, 0, 0.0007477094771243553, -0.0018461011039651234, 0, 0.004023540530870629, 0, 0.0019519633542293508, 0, 0, -0.0022723391327556484, 0, 0, 0, -0.0021004948291012612, 0, 0, 0, 0, 0, 0, 0, 0, 0, 0, 0, 0, 0, 0, 0, 0, -0.0024404139235500587, 0, 0, 0, 0, 0, 0.003928197150087934, -0.002164008991695366, 0, 0, 0, 0, 0, -0.002593805337700689, 0, 0, 0, 0, -0.0021687020825022093, 0, 0, 0, 0.00428016865533273, 0, 0, -0.002285017837331572, 0, 0, 0, 0, 0, 0, -0.001457711105161257, 0, 0, 0, 0, 0, 0.012033582845593478, 0, 0, 0, 0, 0, 0, 0, 0, 0, 0, 0, 0, -0.007318096461006782, 0, 0, 0, 0, 0, 0, 0, 0, 0, 0, 0, 0, -0.0020786887252323607, 0, 0, 0, 0, 0, 0, 0, 0, 0, 0, 0, 0, 0, 0.0031712951900899756, 0, 0.008720379771910293, 0, 0, 0, 0, 0.000812723514519795, 0.0007633085162993418, 0, 0, 0, 0, 0, 0, 0, 0, 0, 0, 0, -0.0022589239064790133, 0, 0, 0, 0, 0, 0.003391168945582205, 0, 0, 0, 0, -0.002307373409561077, 0, 0, 0, 0, 0, 0, 0.0035958272427731247, 0, 0, 0, -0.0021958127219765928, 0, 0, 0, 0.00018174095100412013, 0, 0, 0, 0.005375966924678617, 0, 0.0023019834874597076, 0, 0, 0, 0, 0, 0, 0, -0.0026287625540952686, -0.0018458036384930055, 0, 0, 0, 0, 0, 0, 0, 0, -0.002317301572587789, 0, -0.00268533111602615, 0, 0, 0, 0, 0, 0, 0, 0, 0, 0, 0, 0.0026632961676756727, 0, 0, 0, 0, 0, 0, 0, 0, 0, 0, 0, -0.002040817620714899, 0, 0, 0, 0, 0, 0, -0.0024802566588608484, 0, 0, 0, 0, 0.0008141544186879638, 0, 0, 0, 0, 0, 0, -0.0021532192560752366, 0, 8.027172959388369e-05, -0.0012576200021092916, 0, 0, -0.0010103619186173122, 0, 0, -0.0019824701653311768, 0, -0.001518319773302387, 0, 0, 0, 0.0022324310138034354, 0, 0, -0.002160365951306474, 0, 0, -0.0021146642043042775, 0, 0, 0, 0, 0.0003275287413869013, -0.0026027050736032666, 0, 0, 0, 0, 0, 0, 0, 0, 0, -0.002324059934479291, 0, 0, 0, 0, -0.0023182497199747873, 0, 0, 0.0030769376700994114, 0, 0, 0, 0, 0, 0, 0, 0, 0, 0.003970282721773167, 0, 0, 0, 0, 0, 0, 0, 0, 0, 0, 0.0034748276353162915, -0.0031103814572074674, 0.009267664531823695, 0, 0, 0, 0, 0, 0]
Start Date: 2023-08-04
End Date: 2025-11-06
Sharpe Ratio: 0.008
Annualized Sharpe: 0.123
Sharpe 95% CI: (np.float64(-1.154), np.float64(1.176))
Sortino Ratio: 0.013
CAGR: 0.003
Calmar Ratio: 0.095
Daily Win Rate (%): 0.355
Max Drawdown: 0.028
Profit Factor: 1.044
Expectancy: 6e-05
Average Win: 0.00402
Average Loss: 0.00212
Total Trades: 138
Total Days: 708



Rolling 4 - Variant 3 - atr_0.25_8 - Fit Metrics
Contracts: [9, 9, 14, 13, 9, 10, 9, 10, 11, 8, 8, 8, 9, 5, 7, 9, 10, 10, 9, 7, 8, 7, 8, 8, 6, 6, 6, 6, 6, 6, 8, 10, 10, 10, 7, 7, 7, 7, 10, 5, 5, 6, 6, 6, 6, 6, 7, 8, 8, 6, 6, 7, 7, 6, 5, 7, 6, 7, 6, 8, 6, 9, 5, 6, 6, 8, 9, 9, 9, 5, 11, 6, 5, 7, 7, 10, 6, 11, 10, 12, 10, 9, 9, 9, 12, 7, 15, 10, 9, 10, 8, 9, 9, 11, 11, 10, 9, 8, 8, 8, 10, 12, 10, 12, 13, 9, 10, 13, 8, 10, 11, 9, 13, 10, 9, 10, 14, 8, 11, 7, 11, 10, 11, 13, 12, 10, 10, 10, 10, 14, 11, 11, 6, 11, 8, 13, 10, 10, 16, 15, 16, 13, 18, 16, 10, 13, 13, 13, 13, 12, 13, 13, 12, 13, 11, 10, 13, 11, 21, 18, 15, 11, 8, 15, 15, 15, 20, 20, 11, 11, 18, 15, 16, 10, 9, 10, 16, 16, 16, 7, 9, 7, 6, 6, 9, 9, 10, 7, 11, 7, 8, 8, 10, 9, 5, 11, 11, 10, 10, 12, 8, 12, 12, 13, 4, 4, 5, 8, 8, 7, 9, 6, 8, 10, 7, 9, 10, 10, 10, 9, 10, 8, 9, 10, 9, 9, 4, 9, 10, 11, 13, 7, 6, 9, 10, 9, 10, 12, 11, 12, 12, 12, 11, 18, 12, 12]
Trade Returns: [-0.0023168250000000002, 0.0007505388672109267, 0.016590814812396208, -0.002496584287176676, -0.002169609767678374, -0.002346182354003704, 0.0011840435611086446, -0.0005381090061683682, -0.0023986753804963183, -0.0020942322090908285, 0.0011088062884304457, -0.0020986272218136257, -0.0021415991254844047, 0.003007116442597491, 0.0003622424977190942, 0.004192178657162142, -0.002244372998170986, -0.000710680195480308, -0.0023601397232154795, -0.0016655490564746462, -0.00220622981322563, -0.0019347195224631143, -0.0022655298440991786, 0.003633641392879706, -0.002297650679592109, -0.0024911277942385947, -0.0027237358783644477, 0.0014116694883409397, -0.00021489753754933575, 0.0003518909984377535, 0.008326366237116752, 0.005639043943032972, 0.001323250600864389, -0.002553961204493444, 0.00018764239785207734, 0.0031026540525814603, -0.0021768336754724635, -0.0008123339436683499, -0.00218648042593491, 0.0020390427228903405, 0.002890525821063572, 0.003814195862988761, -0.0001741047766110849, 0.00391179928701672, 0.002823553231136786, -0.001988174800975902, -0.00037896145780092714, -3.392616094349936e-05, -0.0024976010277378393, -0.0020226200983078724, -0.0019340701998650383, 0.002352799581730944, 0.008397850767016452, 0.0035381010413063517, -0.00045971178834169934, 0.01203435375117505, 0.011516108187319667, -0.0025869281884579164, -0.0016835242389053777, 0.0002994760753972937, -0.0027875102601053474, -0.002333355488760571, -0.0009533550866453036, -0.0018497945704619306, -0.0017446099308086284, -0.001991715097698998, 0.0015977923564271341, -0.0021871467425910204, -0.002737362566451153, -0.0016768531719068742, -0.0019016445978285263, 0.003752107761195121, -0.0018953167692972845, 0.0017927606378066736, -0.0022047539527849744, -0.0018748096823510993, -0.0023010386699170706, 0.006581218436988386, -0.002824820515048073, -0.002718900172662005, 0.0013020144764070108, -0.002151900192324569, -0.00254175535670117, -0.0028792575854067193, -0.0014965583521547845, -0.0027978632121530237, -0.0018825126156508504, -0.0017054346937934604, 0.005695293407848891, -0.002375556733007578, 0.0006323072955822091, 0.00282758086006909, -0.002470751301851092, 0.004052404982482639, -0.002068277505479304, 0.003037372933981367, 0.00391718806034045, -0.0020263214173387232, -0.003072834207416049, -0.002522171112160061, -0.0024764236922094457, -0.002534313453684804, 0.0005767005830025896, -0.0016336192081957911, -0.0033187484033632094, -0.0013880372108059727, 0.015040701978008997, -0.0023711915675570126]
Daily Returns: [-0.0023168250000000002, 0, 0, 0, 0.0007505388672109267, 0, 0, 0, 0, 0, 0.014094230525219532, 0, -0.002169609767678374, 0, -0.0011621387928950593, 0, 0, 0, -0.0005381090061683682, 0, -0.0023986753804963183, 0, 0, 0, 0, 0, 0, 0, 0, 0, 0, 0, 0, 0, 0, 0, 0, 0, 0, 0, 0, -0.0020942322090908285, 0.0011088062884304457, 0, 0, 0, 0, 0, 0, 0, 0, 0, 0, -0.0020986272218136257, 0, 0, -0.0021415991254844047, 0, 0, 0, 0, 0, 0, 0, 0, 0, 0, 0, 0, 0, 0, 0, 0.003007116442597491, 0, 0, 0, 0, 0, 0, 0, 0, 0.0003622424977190942, 0, 0, 0.0012371254635108477, 0, 0, -0.0023601397232154795, 0, 0, 0, 0, -0.0016655490564746462, 0, 0, 0, 0, 0, 0, 0, 0, -0.00220622981322563, 0, 0, 0, 0, 0, -0.0019347195224631143, 0.0013681115487805275, 0, 0, 0, 0, 0, 0, 0, 0, 0, 0, -0.002297650679592109, -0.005214863672603043, 0, 0.0014116694883409397, 0.00013699346088841773, 0, 0, 0, 0, 0, 0, 0, 0, 0, 0, 0, 0, 0, 0, 0, 0, 0, 0, 0.008326366237116752, 0, 0, 0, 0, 0.005639043943032972, 0.001323250600864389, -0.002553961204493444, 0, 0, 0, 0, 0, 0, 0, 0, 0, 0, 0, 0.00018764239785207734, 0.00011348643344064686, 0, 0, 0, 0, 0, 0, 0, 0, 0, 0, 0, 0, 0, 0, 0, 0, 0, 0, 0, 0, 0, 0, 0, -0.00218648042593491, 0, 0.0020390427228903405, 0, 0, 0.0065306169074412475, 0.00391179928701672, 0, 0, 0, 0.002823553231136786, 0, -0.002367136258776829, 0, 0, -3.392616094349936e-05, 0, 0, 0, 0, 0, 0, 0, 0, -0.0024976010277378393, 0, 0, 0, 0, 0, -0.0020226200983078724, 0, -0.0019340701998650383, 0.002352799581730944, 0, 0, 0.008397850767016452, 0, 0, 0, 0, 0.0035381010413063517, 0, 0, 0, 0, 0, 0, 0, 0, 0, 0, 0, 0, 0, 0, 0, 0, 0, 0, 0, 0, 0, 0, 0, -0.00045971178834169934, 0, 0, 0, 0, 0, 0.01203435375117505, 0, 0, 0, 0, 0, 0, 0.008929179998861751, 0, 0, 0, -0.0016835242389053777, 0, 0.0002994760753972937, 0, 0, 0, 0, -0.0027875102601053474, 0, 0, 0, 0, 0, 0, 0, 0, 0, 0, 0, 0, 0, 0, 0, 0, -0.002333355488760571, 0, 0, 0, 0, 0, -0.0009533550866453036, 0, 0, 0, 0, 0, -0.0018497945704619306, -0.0017446099308086284, 0, 0, 0, 0, 0, 0, 0, 0, 0, 0, 0, 0, -0.001991715097698998, 0, 0, 0.0015977923564271341, 0, -0.0021871467425910204, 0, 0, 0, -0.002737362566451153, 0, 0, 0, 0, -0.0016768531719068742, 0, 0, 0, 0, 0, 0, 0, -0.0019016445978285263, 0, 0.003752107761195121, 0, -0.0018953167692972845, 0, 0, 0, 0.0017927606378066736, 0, 0, 0, 0, 0, -0.0022047539527849744, 0, -0.0018748096823510993, 0, 0, 0, 0, 0, 0, -0.0023010386699170706, 0, 0.006581218436988386, -0.002824820515048073, 0, 0, 0, 0, 0, 0, 0, 0, 0, -0.002718900172662005, 0.0013020144764070108, 0, 0, -0.002151900192324569, -0.00254175535670117, 0, 0, -0.0028792575854067193, 0, 0, 0, 0, 0, 0, 0, 0, 0, 0, 0, 0, -0.0014965583521547845, 0, 0, 0, 0, 0, 0, -0.004680375827803875, 0, 0, 0, -0.0017054346937934604, 0, 0.005695293407848891, 0, -0.002375556733007578, 0, 0, 0, 0.0006323072955822091, 0, 0, 0, 0.00282758086006909, 0, -0.002470751301851092, 0, 0, 0, 0.004052404982482639, 0, 0, 0, -0.002068277505479304, 0.003037372933981367, 0, 0, 0.0018908666430017267, 0, 0, 0, 0, 0, 0, 0, 0, -0.003072834207416049, 0, 0, 0, 0, 0, 0, 0, 0, 0, 0, -0.002522171112160061, 0, -0.0024764236922094457, 0, 0, 0, 0, -0.002534313453684804, 0, 0, 0, 0, 0, 0, 0, 0, 0, 0, 0, 0, 0, 0, 0, 0, 0.0005767005830025896, 0, 0, 0, 0, -0.0016336192081957911, 0, 0, -0.004706785614169182, 0, 0, 0, 0, 0, 0, 0, 0, 0, 0, 0.015040701978008997, 0, 0, 0, 0, 0, -0.0023711915675570126, 0, 0, 0, 0, 0, 0]
Start Date: 2021-12-17
End Date: 2023-08-03
Sharpe Ratio: 0.02
Annualized Sharpe: 0.316
Sharpe 95% CI: (np.float64(-1.222), np.float64(1.485))
Sortino Ratio: 0.038
CAGR: 0.008
Calmar Ratio: 0.197
Daily Win Rate (%): 0.361
Max Drawdown: 0.04
Profit Factor: 1.12
Expectancy: 0.000155
Average Win: 0.00399
Average Loss: 0.002013
Total Trades: 108
Total Days: 510

Rolling 4 - Variant 3 - atr_0.25_8 - Test Metrics
Contracts: [9, 9, 14, 13, 9, 10, 9, 10, 11, 8, 8, 8, 9, 5, 7, 9, 10, 10, 9, 7, 8, 7, 8, 8, 6, 6, 6, 6, 6, 6, 8, 10, 10, 10, 7, 7, 7, 7, 10, 5, 5, 6, 6, 6, 6, 6, 7, 8, 8, 6, 6, 7, 7, 6, 5, 7, 6, 7, 6, 8, 6, 9, 5, 6, 6, 8, 9, 9, 9, 5, 11, 6, 5, 7, 7, 10, 6, 11, 10, 12, 10, 9, 9, 9, 12, 7, 15, 10, 9, 10, 8, 9, 9, 11, 11, 10, 9, 8, 8, 8, 10, 12, 10, 12, 13, 9, 10, 13, 8, 10, 11, 9, 13, 10, 9, 10, 14, 8, 11, 7, 11, 10, 11, 13, 12, 10, 10, 10, 10, 14, 11, 11, 6, 11, 8, 13, 10, 10, 16, 15, 16, 13, 18, 16, 10, 13, 13, 13, 13, 12, 13, 13, 12, 13, 11, 10, 13, 11, 21, 18, 15, 11, 8, 15, 15, 15, 20, 20, 11, 11, 18, 15, 16, 10, 9, 10, 16, 16, 16, 7, 9, 7, 6, 6, 9, 9, 10, 7, 11, 7, 8, 8, 10, 9, 5, 11, 11, 10, 10, 12, 8, 12, 12, 13, 4, 4, 5, 8, 8, 7, 9, 6, 8, 10, 7, 9, 10, 10, 10, 9, 10, 8, 9, 10, 9, 9, 4, 9, 10, 11, 13, 7, 6, 9, 10, 9, 10, 12, 11, 12, 12, 12, 11, 18, 12, 12]
Trade Returns: [-0.0022928286180524844, -0.0020520725173561126, -3.83432344168004e-05, -0.0023164176129462245, -0.0027522729207639612, 0.0006403454069822779, 0.012151217103860898, -0.0025238237012595796, 0.007255425360044083, 0.0016012513380954316, -0.002207419231928392, -0.0022317921031136992, 0.0034548540567283705, -0.0027028788568947953, 0.004223987698314048, -0.002404517829976024, 0.0009364771042602888, -0.0021500735184852046, -0.001913149561521478, -0.0012698587294438552, -0.002339343740796444, -0.002399642784624159, -0.0027988725634158344, -0.0027910607400875764, -0.0005248922099015837, -0.0019026389643570004, -0.002145582235842946, 0.0038240777537193976, 0.00020578511158134358, 0.006690317643235093, -0.0022388736642627452, -0.0026903515501211306, -0.002199609133183579, -0.0017887237698620368, -0.0027047788526579877, -0.002111764603429559, -0.0005423422879488059, -0.002451133414673857, -0.0006274095511140391, 0.002883584171202366, 0.0014515264064388193, 0.0004319046979667263, -0.0020470856455811833, -0.002269365836486984, 0.010228492523976465, -0.002337342659401065, 0.005439340230058508, -0.0021899642627950166, -0.002619946495598977, 0.00971186645858794, -0.002683486793246593, -0.0025203595886055252, -0.0023981548133378693, -0.0021986455665710678, -0.0007297689047744572, 0.0012410358343381733, 0.0032879460872183726, -0.002987244499397784, 0.0005351722075443302, -0.0027523305869073286, -0.0025441629338992275, 0.0018732766786107894, 0.016726695954018295, -0.002588178587040329, -0.002866081441273288, -0.00078091521983569, -0.0021616381447724015, 0.0026782278568710464, 0.002099289849605738, -0.0016403696867194565, -0.0014461491822806267, -0.002251270356003369, 0.005298194136820445, 0.0007457743431449405, -0.0018413268021452243, 0.004013085485852782, 0.001946905964015578, -0.002266463113057873, -0.0020950508413221172, -0.0024341026099101853, 0.003918013394890279, -0.002158420746043856, -0.0025870781639295054, -0.002163089603519645, 0.0042690521768787015, -0.00227907614895276, -0.0014539119882505858, 0.009554108585113992, -0.0030674976107030604, -0.0025276685862824786, -0.00240863487612826, -0.002402847294333119, -0.002084698511571315, 0.00318037822944744, -0.002790282620756132, 0.011536044121476685, 0.0008150503829197924, 0.0007654921273149107, -0.002265381109606555, 0.006054409854854093, -0.002653479121578339, -0.0023139617820158134, 0.0036061165476385863, -0.002202073368934687, 0.00018226108969577703, 0.005391328576177947, 0.002308526057628157, -0.00020108188256369133, -0.0024351361719082516, 0.0005656251106254277, -0.0023789933888169524, -3.767953183328947e-05, -0.002323902101090349, -0.00269299774473394, 0.004828458618331095, -0.0021574893132297276, -0.002046658921586641, -0.002487356920342267, 0.0008164894995729794, -0.002159389878132707, 8.050226739051206e-05, -0.0012612315551141927, -0.0010132670756854774, -0.0019881762680886788, -0.0015226986275477718, 0.0022388791929155295, -0.0021665920374183754, -0.0021207718125501604, 0.00032847672579143316, -0.0026102357520304703, -0.0023308019781459874, -0.002324990620047941, 0.005477970047656551, -0.0023920266768295497, 0.00398181878272374, 0.0034848840581814928, -0.0031193518834426504, 0.009294476368466923]
Daily Returns: [0, 0, -0.0022928286180524844, 0, 0, -0.002090415751772913, 0, 0, -0.0023164176129462245, 0, 0, 0, 0, 0, 0, -0.0027522729207639612, 0, 0, 0, 0, 0, 0.0006403454069822779, 0, 0, 0.009627393402601318, 0, 0, 0, 0, 0, 0, 0, 0, 0.007255425360044083, 0, 0, 0, 0, 0, 0, 0, 0, 0, 0, 0, 0, 0, 0, 0, 0, 0, 0, 0, 0, 0.0016012513380954316, 0, 0, 0, 0, 0, 0, 0, 0, 0, -0.002207419231928392, 0.0012230619536146713, 0, 0, -0.0027028788568947953, 0, 0.004223987698314048, -0.002404517829976024, 0, 0, 0, 0.0009364771042602888, 0, -0.0021500735184852046, -0.001913149561521478, 0, 0, 0, 0, -0.0012698587294438552, 0, 0, 0, -0.0047389865254206034, 0, 0, 0, 0, 0, 0, 0, 0, 0, 0, 0, 0, 0, -0.0027988725634158344, -0.0027910607400875764, 0, 0, 0, 0, 0, 0, 0, 0, -0.0005248922099015837, 0, -0.0019026389643570004, 0, 0, 0, 0, 0, 0, 0, 0, 0, 0, 0, 0, 0, 0, 0, 0, 0, 0, 0, 0, 0, 0, 0, 0, 0, 0, 0, 0, 0, 0, 0, 0, 0, 0, 0, 0, 0, 0, 0, 0, 0, 0, -0.002145582235842946, 0, 0, 0, 0, 0.004029862865300741, 0.006690317643235093, 0, 0, -0.0022388736642627452, 0, 0, 0, 0, 0, 0, 0, 0, 0, 0, 0, 0, -0.0026903515501211306, 0, 0, 0, 0, 0, -0.002199609133183579, 0, 0, 0, 0, 0, -0.0017887237698620368, -0.0027047788526579877, 0, 0, 0, 0, -0.002111764603429559, -0.0005423422879488059, 0, 0, 0, 0, 0, 0, 0, 0, 0, 0, 0, 0, -0.002451133414673857, 0, 0, 0, 0, 0, 0, 0, 0, 0, 0, -0.0006274095511140391, 0.004335110577641185, 0, 0.0004319046979667263, -0.004316451482068167, 0, 0, 0, 0, 0, 0, 0.007891149864575401, 0.005439340230058508, 0, 0, 0, 0, 0, -0.0021899642627950166, 0, 0, 0, 0, -0.002619946495598977, 0, 0, 0, 0, 0, 0.00971186645858794, 0, 0, 0, 0, 0, -0.002683486793246593, 0, -0.0025203595886055252, 0, 0, 0, 0, 0, -0.0023981548133378693, 0, -0.0021986455665710678, 0, 0, -0.0007297689047744572, 0, 0, 0, 0, 0, 0, 0, 0, 0.0012410358343381733, 0.0032879460872183726, 0, 0, 0, -0.002987244499397784, 0, 0, 0, 0, 0, 0, 0, 0, 0, 0, 0, 0, 0, 0, 0, 0, 0, 0, 0, 0, 0.0005351722075443302, 0, 0, 0, -0.0027523305869073286, 0, 0, 0, -0.0025441629338992275, 0, 0, 0, 0, 0, 0.0018732766786107894, 0, 0, 0.016726695954018295, 0, 0, 0, 0, 0, 0, 0, 0, 0, 0, 0, 0, 0, 0, 0, 0, 0, 0, 0, -0.002588178587040329, 0, 0, 0, 0, 0, 0, -0.002866081441273288, 0, 0, 0, 0, 0, 0, 0, 0, 0, -0.00078091521983569, 0, 0.0005165897120986448, 0, 0, 0, 0, 0, 0, 0, 0, 0, 0, 0, 0, 0, 0, 0, 0, 0, 0, 0, 0, 0, 0, 0, 0, 0, 0.00045892016288628153, -0.0014461491822806267, 0, 0, 0, 0, 0, 0, -0.002251270356003369, 0, 0, 0, 0, 0, 0, 0, 0, 0, 0, 0.005298194136820445, 0, 0, 0, 0, 0, 0.0007457743431449405, -0.0018413268021452243, 0, 0.004013085485852782, 0, 0.001946905964015578, 0, 0, -0.002266463113057873, 0, 0, 0, -0.0020950508413221172, 0, 0, 0, 0, 0, 0, 0, 0, 0, 0, 0, 0, 0, 0, 0, 0, -0.0024341026099101853, 0, 0, 0, 0, 0, 0.003918013394890279, -0.002158420746043856, 0, 0, 0, 0, 0, -0.0025870781639295054, 0, 0, 0, 0, -0.002163089603519645, 0, 0, 0, 0.0042690521768787015, 0, 0, -0.00227907614895276, 0, 0, 0, 0, 0, 0, -0.0014539119882505858, 0, 0, 0, 0, 0, 0.0064866109744109324, 0, 0, 0, 0, 0, 0, 0, 0, 0, 0, 0, 0, -0.007339150756743858, 0, 0, 0, 0, 0, 0, 0, 0, 0, 0, 0, 0, -0.002084698511571315, 0, 0, 0, 0, 0, 0, 0, 0, 0, 0, 0, 0, 0, 0.00318037822944744, 0, 0.008745761500720553, 0, 0, 0, 0, 0.0008150503829197924, 0.0007654921273149107, 0, 0, 0, 0, 0, 0, 0, 0, 0, 0, 0, -0.002265381109606555, 0, 0, 0, 0, 0, 0.0034009307332757543, 0, 0, 0, 0, -0.0023139617820158134, 0, 0, 0, 0, 0, 0, 0.0036061165476385863, 0, 0, 0, -0.002202073368934687, 0, 0, 0, 0.00018226108969577703, 0, 0, 0, 0.005391328576177947, 0, 0.002308526057628157, 0, 0, 0, 0, 0, 0, 0, -0.002636218054471943, -0.0018510478100248141, 0, 0, 0, 0, 0, 0, 0, 0, -0.002323902101090349, 0, -0.00269299774473394, 0, 0, 0, 0, 0, 0, 0, 0, 0, 0, 0, 0.002670969305101368, 0, 0, 0, 0, 0, 0, 0, 0, 0, 0, 0, -0.002046658921586641, 0, 0, 0, 0, 0, 0, -0.002487356920342267, 0, 0, 0, 0, 0.0008164894995729794, 0, 0, 0, 0, 0, 0, -0.002159389878132707, 0, 8.050226739051206e-05, -0.0012612315551141927, 0, 0, -0.0010132670756854774, 0, 0, -0.0019881762680886788, 0, -0.0015226986275477718, 0, 0, 0, 0.0022388791929155295, 0, 0, -0.0021665920374183754, 0, 0, -0.0021207718125501604, 0, 0, 0, 0, 0.00032847672579143316, -0.0026102357520304703, 0, 0, 0, 0, 0, 0, 0, 0, 0, -0.0023308019781459874, 0, 0, 0, 0, -0.002324990620047941, 0, 0, 0.0030859433708270013, 0, 0, 0, 0, 0, 0, 0, 0, 0, 0.00398181878272374, 0, 0, 0, 0, 0, 0, 0, 0, 0, 0, 0.0034848840581814928, -0.0031193518834426504, 0.009294476368466923, 0, 0, 0, 0, 0, 0]
Start Date: 2023-08-04
End Date: 2025-11-06
Sharpe Ratio: 0.005
Annualized Sharpe: 0.081
Sharpe 95% CI: (np.float64(-1.197), np.float64(1.142))
Sortino Ratio: 0.008
CAGR: 0.002
Calmar Ratio: 0.058
Daily Win Rate (%): 0.355
Max Drawdown: 0.028
Profit Factor: 1.028
Expectancy: 3.9e-05
Average Win: 0.003964
Average Loss: 0.002122
Total Trades: 138
Total Days: 708



Rolling 4 - Variant 4 - atr_0.25_6 - Fit Metrics
Contracts: [9, 9, 14, 13, 9, 10, 9, 10, 11, 8, 8, 8, 9, 5, 7, 9, 10, 10, 9, 7, 8, 7, 8, 8, 6, 6, 6, 6, 6, 6, 8, 10, 10, 10, 7, 7, 7, 7, 10, 5, 5, 6, 5, 6, 6, 6, 7, 8, 8, 6, 6, 6, 7, 6, 5, 6, 6, 7, 6, 8, 6, 9, 5, 6, 6, 8, 9, 9, 9, 5, 11, 6, 5, 7, 7, 10, 6, 11, 10, 12, 10, 9, 9, 9, 12, 7, 15, 10, 9, 10, 8, 9, 9, 11, 10, 10, 9, 8, 8, 8, 10, 12, 10, 12, 13, 9, 10, 13, 8, 10, 11, 9, 13, 10, 9, 10, 14, 8, 11, 7, 11, 10, 11, 13, 12, 10, 10, 10, 10, 14, 11, 11, 6, 11, 8, 13, 10, 10, 16, 15, 16, 13, 18, 16, 10, 13, 13, 13, 13, 12, 13, 13, 12, 13, 11, 10, 13, 11, 21, 18, 15, 11, 8, 15, 15, 15, 20, 20, 11, 11, 18, 15, 16, 10, 9, 10, 15, 16, 15, 7, 8, 7, 6, 6, 8, 9, 10, 7, 11, 7, 8, 8, 10, 9, 5, 11, 11, 10, 10, 12, 8, 12, 12, 13, 4, 4, 5, 8, 8, 7, 9, 6, 8, 9, 7, 9, 10, 10, 10, 9, 10, 8, 9, 10, 9, 9, 4, 9, 10, 11, 13, 7, 6, 9, 10, 9, 10, 12, 11, 12, 12, 12, 11, 18, 12, 12]
Trade Returns: [-0.0023168250000000002, 0.0007505388672109267, 0.012384218764628408, -0.002506957939196037, -0.002178636719744304, -0.002355965273395024, 0.0011889757902886439, -0.0005403580678257933, -0.00240870622080548, -0.0021030013030851682, 0.0011134543178567477, -0.0021074332379307013, -0.002150604433404349, 0.003019788456281088, 0.00036376439480810145, 0.004209797515694189, -0.0022537660899704316, -0.0007136649055282088, -0.0023700396309935955, -0.001672552012190516, -0.0022155216524899534, -0.0019428859518232922, -0.0022751112356600976, 0.0036490438518061072, -0.002307354664711818, -0.0025016732500571103, -0.0027352949289659954, 0.0014176767943117855, -0.000215810731256978, 0.0003533866601089259, 0.008361743747698184, 0.005662804733159756, 0.0013287948803087858, -0.0025646478302909993, 0.00018842957508313115, 0.0031156675214555106, -0.002185935615237501, -0.0008157379761022226, -0.0021956732660994576, 0.002047634540675285, 0.002902680604312633, 0.003191823580730385, -0.0001749432417151779, 0.003930641280661181, 0.002837100213325399, -0.00199768677712712, -0.0003807781430176885, -3.408885989685296e-05, -0.0025080756065345364, -0.0020323202642611284, -0.0019433645836811444, 0.00202639562626064, 0.008441034849038015, 0.0035561426500882935, -0.0004628138146130514, 0.010367662234277871, 0.01419096493773644, -0.0025975233499314597, -0.001692078504495469, 0.00030070927158464553, -0.0027989566685546682, -0.002342960997522281, -0.0009572888921210418, -0.001857434645730664, -0.0017518289783321863, -0.0019999711085071, 0.0016044287605240964, -0.0021962164686433463, -0.002748738929025123, -0.0016838413110456547, -0.0019096205002962505, 0.0037679050764900046, -0.0019032813408134505, 0.0018002802767132775, -0.002213985057109028, -0.0018826582294651482, -0.0023106942869885886, 0.0066088985019713085, -0.0028366125637655304, -0.0027302605641216977, 0.0013074695825595257, -0.0021609043286462634, -0.0025524137850238488, -0.002891362169095599, -0.0015028842459015514, -0.002809744133959606, -0.001890529092244174, -0.0017127282591896697, 0.00865541520233882, -0.002385691945622116, 0.0006331525039302501, 0.002573970434879107, -0.002474051877797841, 0.004058858317829521, -0.0020715578618694525, 0.0030422003078918775, 0.00392339486442491, -0.0020295195860860126, -0.0030858425076534858, -0.0025328052284780997, -0.002480340211728771, -0.0025383314932632623, 0.000577617242529637, -0.0016362266097490774, -0.0033240278135564572, -0.0013902422077476742, 0.014902215001178885, -0.002375315294416997]
Daily Returns: [-0.0023168250000000002, 0, 0, 0, 0.0007505388672109267, 0, 0, 0, 0, 0, 0.00987726082543237, 0, -0.002178636719744304, 0, -0.00116698948310638, 0, 0, 0, -0.0005403580678257933, 0, -0.00240870622080548, 0, 0, 0, 0, 0, 0, 0, 0, 0, 0, 0, 0, 0, 0, 0, 0, 0, 0, 0, 0, -0.0021030013030851682, 0.0011134543178567477, 0, 0, 0, 0, 0, 0, 0, 0, 0, 0, -0.0021074332379307013, 0, 0, -0.002150604433404349, 0, 0, 0, 0, 0, 0, 0, 0, 0, 0, 0, 0, 0, 0, 0, 0.003019788456281088, 0, 0, 0, 0, 0, 0, 0, 0, 0.00036376439480810145, 0, 0, 0.0012423665201955487, 0, 0, -0.0023700396309935955, 0, 0, 0, 0, -0.001672552012190516, 0, 0, 0, 0, 0, 0, 0, 0, -0.0022155216524899534, 0, 0, 0, 0, 0, -0.0019428859518232922, 0.0013739326161460097, 0, 0, 0, 0, 0, 0, 0, 0, 0, 0, -0.002307354664711818, -0.005236968179023105, 0, 0.0014176767943117855, 0.00013757592885194788, 0, 0, 0, 0, 0, 0, 0, 0, 0, 0, 0, 0, 0, 0, 0, 0, 0, 0, 0.008361743747698184, 0, 0, 0, 0, 0.005662804733159756, 0.0013287948803087858, -0.0025646478302909993, 0, 0, 0, 0, 0, 0, 0, 0, 0, 0, 0, 0.00018842957508313115, 0.00011399393011578697, 0, 0, 0, 0, 0, 0, 0, 0, 0, 0, 0, 0, 0, 0, 0, 0, 0, 0, 0, 0, 0, 0, 0, -0.0021956732660994576, 0, 0.002047634540675285, 0, 0, 0.00591956094332784, 0.003930641280661181, 0, 0, 0, 0.002837100213325399, 0, -0.0023784649201448083, 0, 0, -3.408885989685296e-05, 0, 0, 0, 0, 0, 0, 0, 0, -0.0025080756065345364, 0, 0, 0, 0, 0, -0.0020323202642611284, 0, -0.0019433645836811444, 0.00202639562626064, 0, 0, 0.008441034849038015, 0, 0, 0, 0, 0.0035561426500882935, 0, 0, 0, 0, 0, 0, 0, 0, 0, 0, 0, 0, 0, 0, 0, 0, 0, 0, 0, 0, 0, 0, 0, -0.0004628138146130514, 0, 0, 0, 0, 0, 0.010367662234277871, 0, 0, 0, 0, 0, 0, 0.01159344158780498, 0, 0, 0, -0.001692078504495469, 0, 0.00030070927158464553, 0, 0, 0, 0, -0.0027989566685546682, 0, 0, 0, 0, 0, 0, 0, 0, 0, 0, 0, 0, 0, 0, 0, 0, -0.002342960997522281, 0, 0, 0, 0, 0, -0.0009572888921210418, 0, 0, 0, 0, 0, -0.001857434645730664, -0.0017518289783321863, 0, 0, 0, 0, 0, 0, 0, 0, 0, 0, 0, 0, -0.0019999711085071, 0, 0, 0.0016044287605240964, 0, -0.0021962164686433463, 0, 0, 0, -0.002748738929025123, 0, 0, 0, 0, -0.0016838413110456547, 0, 0, 0, 0, 0, 0, 0, -0.0019096205002962505, 0, 0.0037679050764900046, 0, -0.0019032813408134505, 0, 0, 0, 0.0018002802767132775, 0, 0, 0, 0, 0, -0.002213985057109028, 0, -0.0018826582294651482, 0, 0, 0, 0, 0, 0, -0.0023106942869885886, 0, 0.0066088985019713085, -0.0028366125637655304, 0, 0, 0, 0, 0, 0, 0, 0, 0, -0.0027302605641216977, 0.0013074695825595257, 0, 0, -0.0021609043286462634, -0.0025524137850238488, 0, 0, -0.002891362169095599, 0, 0, 0, 0, 0, 0, 0, 0, 0, 0, 0, 0, -0.0015028842459015514, 0, 0, 0, 0, 0, 0, -0.00470027322620378, 0, 0, 0, -0.0017127282591896697, 0, 0.00865541520233882, 0, -0.002385691945622116, 0, 0, 0, 0.0006331525039302501, 0, 0, 0, 0.002573970434879107, 0, -0.002474051877797841, 0, 0, 0, 0.004058858317829521, 0, 0, 0, -0.0020715578618694525, 0.0030422003078918775, 0, 0, 0.0018938752783388977, 0, 0, 0, 0, 0, 0, 0, 0, -0.0030858425076534858, 0, 0, 0, 0, 0, 0, 0, 0, 0, 0, -0.0025328052284780997, 0, -0.002480340211728771, 0, 0, 0, 0, -0.0025383314932632623, 0, 0, 0, 0, 0, 0, 0, 0, 0, 0, 0, 0, 0, 0, 0, 0, 0.000577617242529637, 0, 0, 0, 0, -0.0016362266097490774, 0, 0, -0.004714270021304132, 0, 0, 0, 0, 0, 0, 0, 0, 0, 0, 0.014902215001178885, 0, 0, 0, 0, 0, -0.002375315294416997, 0, 0, 0, 0, 0, 0]
Start Date: 2021-12-17
End Date: 2023-08-03
Sharpe Ratio: 0.018
Annualized Sharpe: 0.288
Sharpe 95% CI: (np.float64(-1.242), np.float64(1.479))
Sortino Ratio: 0.034
CAGR: 0.007
Calmar Ratio: 0.187
Daily Win Rate (%): 0.361
Max Drawdown: 0.038
Profit Factor: 1.107
Expectancy: 0.000138
Average Win: 0.003958
Average Loss: 0.002021
Total Trades: 108
Total Days: 510

Rolling 4 - Variant 4 - atr_0.25_6 - Test Metrics
Contracts: [9, 9, 14, 13, 9, 10, 9, 10, 11, 8, 8, 8, 9, 5, 7, 9, 10, 10, 9, 7, 8, 7, 8, 8, 6, 6, 6, 6, 6, 6, 8, 10, 10, 10, 7, 7, 7, 7, 10, 5, 5, 6, 5, 6, 6, 6, 7, 8, 8, 6, 6, 6, 7, 6, 5, 6, 6, 7, 6, 8, 6, 9, 5, 6, 6, 8, 9, 9, 9, 5, 11, 6, 5, 7, 7, 10, 6, 11, 10, 12, 10, 9, 9, 9, 12, 7, 15, 10, 9, 10, 8, 9, 9, 11, 10, 10, 9, 8, 8, 8, 10, 12, 10, 12, 13, 9, 10, 13, 8, 10, 11, 9, 13, 10, 9, 10, 14, 8, 11, 7, 11, 10, 11, 13, 12, 10, 10, 10, 10, 14, 11, 11, 6, 11, 8, 13, 10, 10, 16, 15, 16, 13, 18, 16, 10, 13, 13, 13, 13, 12, 13, 13, 12, 13, 11, 10, 13, 11, 21, 18, 15, 11, 8, 15, 15, 15, 20, 20, 11, 11, 18, 15, 16, 10, 9, 10, 15, 16, 15, 7, 8, 7, 6, 6, 8, 9, 10, 7, 11, 7, 8, 8, 10, 9, 5, 11, 11, 10, 10, 12, 8, 12, 12, 13, 4, 4, 5, 8, 8, 7, 9, 6, 8, 9, 7, 9, 10, 10, 10, 9, 10, 8, 9, 10, 9, 9, 4, 9, 10, 11, 13, 7, 6, 9, 10, 9, 10, 12, 11, 12, 12, 12, 11, 18, 12, 12]
Trade Returns: [-0.0022968255583099445, -0.0020556579982545825, -3.841036758350811e-05, -0.0023201208808683173, -0.002757091916785951, 0.0006414696971507091, 0.012546535023113531, -0.0025282520787154143, 0.007265350574240591, 0.0016034360916431895, -0.0022104158547922663, -0.0022348285244700567, 0.0034595603268247365, -0.0027065566940202334, 0.004229761336425259, -0.0024077965774002732, 0.0009377517543773901, -0.002152997267355268, -0.0019157478181102338, -0.0012715934240818403, -0.002342543477668979, -0.0024029129475925076, -0.002802720584121539, -0.0027948872959668333, -0.0005256172659032802, -0.0019052621533229063, -0.0021485475787523405, 0.0038293859654051983, 0.000206069672703828, 0.006699567156225652, -0.0022419483577990882, -0.0026940545699639653, -0.0022026556906720655, -0.0017911924332496335, -0.0027085184854781603, -0.002114692263146144, -0.0005430957613600803, -0.002454540612426032, -0.0006282861274268522, 0.0028876154625361887, 0.0014535498179890495, 0.0004325058944084139, -0.0020499338863078876, -0.002272529835799405, 0.011550598075131698, -0.002337549659597453, 0.005439823078651207, -0.002190157613469068, -0.002623597313036682, 0.009712727689435036, -0.002683722470954754, -0.0025205815352810066, -0.0023983665321305795, -0.0021988401097927106, -0.0007298334866117153, 0.0012411457416135452, 0.0032882369097959074, -0.0029875078585898563, 0.0005352195303693696, -0.0027525738326943214, -0.0025443884028415156, 0.0018734431157164673, 0.012470846920593042, -0.002599288300822329, -0.0028784161098208212, -0.0007842857229041697, -0.0021709502523430423, 0.0026897964116448132, 0.0019765809778913446, -0.0016476533577456374, -0.0013617947445999856, -0.002261092074123236, 0.004730098834460435, 0.0007494440602413385, -0.0018503805972986868, 0.004032912234789817, 0.001739108122492382, -0.002278100425160357, -0.002105832587122385, -0.0024466020143084294, 0.003938182201479666, -0.0021694880903140967, -0.002600401266052952, -0.0021742050021722106, 0.004291068333206595, -0.0022908436827278012, -0.0014614361959775894, 0.012957626028150409, -0.003083395594516071, -0.002532294507599276, -0.002413032315372115, -0.0024072236070180534, -0.0020885234330418273, 0.0031861588645056625, -0.002795338112938394, 0.011557254291889741, 0.0008165312477012803, 0.0007668818149941381, -0.0022694905702770798, 0.006065447035281055, -0.0026583035512056756, -0.0023181546990882203, 0.003612664846452064, -0.002206057690498082, 0.00018259211560282484, 0.004860994449641578, 0.0023139328012938666, -0.00020155174440277337, -0.0024408274266500014, 0.0005669502903683327, -0.0023845638761184375, -3.7767970521281565e-05, -0.002329356803028422, -0.002699333552506226, 0.009828806914715157, -0.0021625916919702426, -0.0020413512631405287, -0.0024932247568074093, 0.0008143677430188774, -0.002153782982420164, 8.02927905984314e-05, -0.001257949939114438, -0.0010106273212493093, -0.0019829914489151714, -0.0015187198034233502, 0.0022330200846988803, -0.0021609347363073747, -0.0021152221625791306, 0.0003276153436672074, -0.002603393032690481, -0.0023246758442450107, -0.0023188655214878575, 0.00546350500330679, -0.002385744649473989, 0.003971336577721661, 0.0034757463311998926, -0.0031112009502628915, 0.00927011390643579]
Daily Returns: [0, 0, -0.0022968255583099445, 0, 0, -0.0020940683658380904, 0, 0, -0.0023201208808683173, 0, 0, 0, 0, 0, 0, -0.002757091916785951, 0, 0, 0, 0, 0, 0.0006414696971507091, 0, 0, 0.010018282944398117, 0, 0, 0, 0, 0, 0, 0, 0, 0.007265350574240591, 0, 0, 0, 0, 0, 0, 0, 0, 0, 0, 0, 0, 0, 0, 0, 0, 0, 0, 0, 0, 0.0016034360916431895, 0, 0, 0, 0, 0, 0, 0, 0, 0, -0.0022104158547922663, 0.0012247318023546798, 0, 0, -0.0027065566940202334, 0, 0.004229761336425259, -0.0024077965774002732, 0, 0, 0, 0.0009377517543773901, 0, -0.002152997267355268, -0.0019157478181102338, 0, 0, 0, 0, -0.0012715934240818403, 0, 0, 0, -0.004745456425261486, 0, 0, 0, 0, 0, 0, 0, 0, 0, 0, 0, 0, 0, -0.002802720584121539, -0.0027948872959668333, 0, 0, 0, 0, 0, 0, 0, 0, -0.0005256172659032802, 0, -0.0019052621533229063, 0, 0, 0, 0, 0, 0, 0, 0, 0, 0, 0, 0, 0, 0, 0, 0, 0, 0, 0, 0, 0, 0, 0, 0, 0, 0, 0, 0, 0, 0, 0, 0, 0, 0, 0, 0, 0, 0, 0, 0, 0, 0, -0.0021485475787523405, 0, 0, 0, 0, 0.004035455638109026, 0.006699567156225652, 0, 0, -0.0022419483577990882, 0, 0, 0, 0, 0, 0, 0, 0, 0, 0, 0, 0, -0.0026940545699639653, 0, 0, 0, 0, 0, -0.0022026556906720655, 0, 0, 0, 0, 0, -0.0017911924332496335, -0.0027085184854781603, 0, 0, 0, 0, -0.002114692263146144, -0.0005430957613600803, 0, 0, 0, 0, 0, 0, 0, 0, 0, 0, 0, 0, -0.002454540612426032, 0, 0, 0, 0, 0, 0, 0, 0, 0, 0, -0.0006282861274268522, 0.004341165280525238, 0, 0.0004325058944084139, -0.004322463722107293, 0, 0, 0, 0, 0, 0, 0.009213048415534246, 0.005439823078651207, 0, 0, 0, 0, 0, -0.002190157613469068, 0, 0, 0, 0, -0.002623597313036682, 0, 0, 0, 0, 0, 0.009712727689435036, 0, 0, 0, 0, 0, -0.002683722470954754, 0, -0.0025205815352810066, 0, 0, 0, 0, 0, -0.0023983665321305795, 0, -0.0021988401097927106, 0, 0, -0.0007298334866117153, 0, 0, 0, 0, 0, 0, 0, 0, 0.0012411457416135452, 0.0032882369097959074, 0, 0, 0, -0.0029875078585898563, 0, 0, 0, 0, 0, 0, 0, 0, 0, 0, 0, 0, 0, 0, 0, 0, 0, 0, 0, 0, 0.0005352195303693696, 0, 0, 0, -0.0027525738326943214, 0, 0, 0, -0.0025443884028415156, 0, 0, 0, 0, 0, 0.0018734431157164673, 0, 0, 0.012470846920593042, 0, 0, 0, 0, 0, 0, 0, 0, 0, 0, 0, 0, 0, 0, 0, 0, 0, 0, 0, -0.002599288300822329, 0, 0, 0, 0, 0, 0, -0.0028784161098208212, 0, 0, 0, 0, 0, 0, 0, 0, 0, -0.0007842857229041697, 0, 0.0005188461593017709, 0, 0, 0, 0, 0, 0, 0, 0, 0, 0, 0, 0, 0, 0, 0, 0, 0, 0, 0, 0, 0, 0, 0, 0, 0, 0.00032892762014570726, -0.0013617947445999856, 0, 0, 0, 0, 0, 0, -0.002261092074123236, 0, 0, 0, 0, 0, 0, 0, 0, 0, 0, 0.004730098834460435, 0, 0, 0, 0, 0, 0.0007494440602413385, -0.0018503805972986868, 0, 0.004032912234789817, 0, 0.001739108122492382, 0, 0, -0.002278100425160357, 0, 0, 0, -0.002105832587122385, 0, 0, 0, 0, 0, 0, 0, 0, 0, 0, 0, 0, 0, 0, 0, 0, -0.0024466020143084294, 0, 0, 0, 0, 0, 0.003938182201479666, -0.0021694880903140967, 0, 0, 0, 0, 0, -0.002600401266052952, 0, 0, 0, 0, -0.0021742050021722106, 0, 0, 0, 0.004291068333206595, 0, 0, -0.0022908436827278012, 0, 0, 0, 0, 0, 0, -0.0014614361959775894, 0, 0, 0, 0, 0, 0.009874230433634338, 0, 0, 0, 0, 0, 0, 0, 0, 0, 0, 0, 0, -0.0073525504299894445, 0, 0, 0, 0, 0, 0, 0, 0, 0, 0, 0, 0, -0.0020885234330418273, 0, 0, 0, 0, 0, 0, 0, 0, 0, 0, 0, 0, 0, 0.0031861588645056625, 0, 0.008761916178951347, 0, 0, 0, 0, 0.0008165312477012803, 0.0007668818149941381, 0, 0, 0, 0, 0, 0, 0, 0, 0, 0, 0, -0.0022694905702770798, 0, 0, 0, 0, 0, 0.0034071434840753792, 0, 0, 0, 0, -0.0023181546990882203, 0, 0, 0, 0, 0, 0, 0.003612664846452064, 0, 0, 0, -0.002206057690498082, 0, 0, 0, 0.00018259211560282484, 0, 0, 0, 0.004860994449641578, 0, 0.0023139328012938666, 0, 0, 0, 0, 0, 0, 0, -0.0026423791710527746, -0.0018553815562713863, 0, 0, 0, 0, 0, 0, 0, 0, -0.002329356803028422, 0, -0.002699333552506226, 0, 0, 0, 0, 0, 0, 0, 0, 0, 0, 0, 0.007666215222744914, 0, 0, 0, 0, 0, 0, 0, 0, 0, 0, 0, -0.0020413512631405287, 0, 0, 0, 0, 0, 0, -0.0024932247568074093, 0, 0, 0, 0, 0.0008143677430188774, 0, 0, 0, 0, 0, 0, -0.002153782982420164, 0, 8.02927905984314e-05, -0.001257949939114438, 0, 0, -0.0010106273212493093, 0, 0, -0.0019829914489151714, 0, -0.0015187198034233502, 0, 0, 0, 0.0022330200846988803, 0, 0, -0.0021609347363073747, 0, 0, -0.0021152221625791306, 0, 0, 0, 0, 0.0003276153436672074, -0.002603393032690481, 0, 0, 0, 0, 0, 0, 0, 0, 0, -0.0023246758442450107, 0, 0, 0, 0, -0.0023188655214878575, 0, 0, 0.0030777603538328013, 0, 0, 0, 0, 0, 0, 0, 0, 0, 0.003971336577721661, 0, 0, 0, 0, 0, 0, 0, 0, 0, 0, 0.0034757463311998926, -0.0031112009502628915, 0.00927011390643579, 0, 0, 0, 0, 0, 0]
Start Date: 2023-08-04
End Date: 2025-11-06
Sharpe Ratio: 0.009
Annualized Sharpe: 0.146
Sharpe 95% CI: (np.float64(-1.131), np.float64(1.215))
Sortino Ratio: 0.015
CAGR: 0.003
Calmar Ratio: 0.114
Daily Win Rate (%): 0.355
Max Drawdown: 0.028
Profit Factor: 1.051
Expectancy: 7.1e-05
Average Win: 0.004057
Average Loss: 0.002124
Total Trades: 138
Total Days: 708



Rolling 5 - Variant 0 - atr_0.25_7 - Fit Metrics
Contracts: [9, 9, 14, 13, 9, 10, 9, 10, 11, 8, 8, 8, 9, 5, 7, 9, 10, 10, 9, 7, 8, 7, 8, 8, 6, 6, 6, 6, 6, 6, 8, 10, 10, 10, 7, 7, 7, 7, 10, 5, 5, 6, 6, 6, 6, 6, 7, 8, 8, 6, 6, 7, 7, 6, 5, 7, 6, 7, 6, 8, 6, 9, 5, 6, 6, 8, 9, 9, 9, 5, 11, 6, 5, 7, 7, 10, 6, 11, 10, 12, 10, 9, 9, 9, 12, 7, 15, 10, 9, 10, 8, 9, 9, 11, 10, 10, 9, 8, 8, 8, 10, 12, 10, 12, 13, 9, 10, 13, 8, 10, 11, 9, 13, 10, 9, 10, 14, 8, 11, 7, 11, 10, 11, 13, 12, 10, 10, 10, 10, 14, 11, 11, 6, 11, 8, 13, 10, 10, 16, 15, 16, 13, 18, 16, 10, 13, 13, 13, 13, 12, 13, 13, 12, 13, 11, 10, 13, 11, 21, 18, 15, 11, 8, 15, 15, 15, 20, 20, 11, 11, 18, 15, 16, 10, 9, 10, 16, 16, 15, 7, 8, 7, 6, 6, 9, 9, 10, 7, 11, 7, 8, 8, 10, 9, 5, 11, 11, 10, 10, 12, 8, 12, 12, 13, 4, 4, 5, 8, 8, 7, 9, 6, 8, 10, 7, 9, 10, 10, 10, 9, 10, 8, 9, 10, 9, 9, 4, 9, 10, 11, 13, 7, 6, 9, 10, 9, 10, 12, 11, 12, 12, 12, 11, 18, 12, 12]
Trade Returns: [-0.0023168250000000002, 0.0007505388672109267, 0.014487516788512308, -0.0025017603595391055, -0.002174113873743027, -0.002351063636912138, 0.001186504549974602, -0.0005392311918729406, -0.002403680335727823, -0.0020986075956482397, 0.0011111254422876092, -0.002103021011516817, -0.0021460923325985295, 0.00301343912751589, 0.00036300185111982344, 0.004200969613144644, -0.002249059736662376, -0.000712169423279661, -0.0023650793172252734, -0.0016690431886309757, -0.002210865969953026, -0.0019387941376906627, -0.0022703104308374753, 0.0036413263346871173, -0.002302492447698335, -0.002496389385449491, -0.002729503165993781, 0.0014146667639300628, -0.00021535316632010848, 0.00035263724337039246, 0.008344017493605744, 0.005650899360981397, 0.0013260169452420552, -0.0025592933616299667, 0.00018803516262531116, 0.003109147169970049, -0.002181375150776887, -0.000814032401247406, -0.002191067203691032, 0.0020433296000770904, 0.0028965904616530982, 0.0038221753514469476, -0.00017446762563653066, 0.003919953228958627, 0.002829415799840747, -0.001992291218952235, -0.0003797476451435913, -3.3996570348908826e-05, -0.002502827357898408, -0.002026817930193264, -0.0019380924037953455, 0.0023577021009682435, 0.00841530817626906, 0.003545394649705201, -0.0004606464366268346, 0.012059116065244376, 0.011539532583864845, -0.0025921301146764183, -0.0016869824743832868, 0.0003000815332212379, -0.0027931300942535, -0.0023380714732422394, -0.0009552864444854572, -0.001853545566738902, -0.0017481542041207655, -0.001995768464983041, 0.001601050548621801, -0.0021915996074059647, -0.0027429478696834146, -0.0016802840268232615, -0.0019055603459106197, 0.003759863348028089, -0.0018992269385726113, 0.0017964523840708103, -0.0022092859556566385, -0.0018786629210852202, -0.0023057790646385523, 0.006594807810564904, -0.00283060984799559, -0.002724477571584083, 0.0013046926523178346, -0.0021563207713559953, -0.0025469880860424787, -0.002885200268865685, -0.0014996639812921854, -0.002803695964698, -0.0018864481554529372, -0.001709015300655822, 0.005707271302794842, -0.002380532406434254, 0.0006336295681850471, 0.002575913438533898, -0.002475914832331326, 0.004061914341321542, -0.0020731112835820145, 0.0030444863350422547, 0.003926334106814673, -0.002031034070414078, -0.0030792204711713278, -0.0025273918449203944, -0.002482194877917862, -0.00254023424524252, 0.0005780513313554281, -0.0016374613701312707, -0.0033265279101210962, -0.0013912863939617615, 0.01743553712090171, -0.0023711961180643867, -0.002292833028633407, -0.00205207647388019, -3.834330849697116e-05, -0.002321874606184142, -0.002752278238433926, 0.0006403466476089924, 0.012151240690500465, -0.002523828587871323, 0.007255439274420793, 0.0016012544009605175, -0.0022074234330038555, -0.002231796359971362, 0.0034548606545900724, -0.0027028840129731174, 0.004223995792513567, -0.002404522426544498, 0.0009364788912326277, -0.002150077617386488, -0.001913153204110544, -0.0012698611613551833, -0.0023393482265789446, -0.0023996473691615334, -0.0027988779580039535]
Daily Returns: [-0.0023168250000000002, 0, 0, 0, 0.0007505388672109267, 0, 0, 0, 0, 0, 0.011985756428973203, 0, -0.002174113873743027, 0, -0.001164559086937536, 0, 0, 0, -0.0005392311918729406, 0, -0.002403680335727823, 0, 0, 0, 0, 0, 0, 0, 0, 0, 0, 0, 0, 0, 0, 0, 0, 0, 0, 0, 0, -0.0020986075956482397, 0.0011111254422876092, 0, 0, 0, 0, 0, 0, 0, 0, 0, 0, -0.002103021011516817, 0, 0, -0.0021460923325985295, 0, 0, 0, 0, 0, 0, 0, 0, 0, 0, 0, 0, 0, 0, 0, 0.00301343912751589, 0, 0, 0, 0, 0, 0, 0, 0, 0.00036300185111982344, 0, 0, 0.0012397404532026072, 0, 0, -0.0023650793172252734, 0, 0, 0, 0, -0.0016690431886309757, 0, 0, 0, 0, 0, 0, 0, 0, -0.002210865969953026, 0, 0, 0, 0, 0, -0.0019387941376906627, 0.001371015903849642, 0, 0, 0, 0, 0, 0, 0, 0, 0, 0, -0.002302492447698335, -0.005225892551443272, 0, 0.0014146667639300628, 0.00013728407705028398, 0, 0, 0, 0, 0, 0, 0, 0, 0, 0, 0, 0, 0, 0, 0, 0, 0, 0, 0.008344017493605744, 0, 0, 0, 0, 0.005650899360981397, 0.0013260169452420552, -0.0025592933616299667, 0, 0, 0, 0, 0, 0, 0, 0, 0, 0, 0, 0.00018803516262531116, 0.00011373961794575616, 0, 0, 0, 0, 0, 0, 0, 0, 0, 0, 0, 0, 0, 0, 0, 0, 0, 0, 0, 0, 0, 0, 0, -0.002191067203691032, 0, 0.0020433296000770904, 0, 0, 0.006544298187463515, 0.003919953228958627, 0, 0, 0, 0.002829415799840747, 0, -0.0023720388640958265, 0, 0, -3.3996570348908826e-05, 0, 0, 0, 0, 0, 0, 0, 0, -0.002502827357898408, 0, 0, 0, 0, 0, -0.002026817930193264, 0, -0.0019380924037953455, 0.0023577021009682435, 0, 0, 0.00841530817626906, 0, 0, 0, 0, 0.003545394649705201, 0, 0, 0, 0, 0, 0, 0, 0, 0, 0, 0, 0, 0, 0, 0, 0, 0, 0, 0, 0, 0, 0, 0, -0.0004606464366268346, 0, 0, 0, 0, 0, 0.012059116065244376, 0, 0, 0, 0, 0, 0, 0.008947402469188428, 0, 0, 0, -0.0016869824743832868, 0, 0.0003000815332212379, 0, 0, 0, 0, -0.0027931300942535, 0, 0, 0, 0, 0, 0, 0, 0, 0, 0, 0, 0, 0, 0, 0, 0, -0.0023380714732422394, 0, 0, 0, 0, 0, -0.0009552864444854572, 0, 0, 0, 0, 0, -0.001853545566738902, -0.0017481542041207655, 0, 0, 0, 0, 0, 0, 0, 0, 0, 0, 0, 0, -0.001995768464983041, 0, 0, 0.001601050548621801, 0, -0.0021915996074059647, 0, 0, 0, -0.0027429478696834146, 0, 0, 0, 0, -0.0016802840268232615, 0, 0, 0, 0, 0, 0, 0, -0.0019055603459106197, 0, 0.003759863348028089, 0, -0.0018992269385726113, 0, 0, 0, 0.0017964523840708103, 0, 0, 0, 0, 0, -0.0022092859556566385, 0, -0.0018786629210852202, 0, 0, 0, 0, 0, 0, -0.0023057790646385523, 0, 0.006594807810564904, -0.00283060984799559, 0, 0, 0, 0, 0, 0, 0, 0, 0, -0.002724477571584083, 0.0013046926523178346, 0, 0, -0.0021563207713559953, -0.0025469880860424787, 0, 0, -0.002885200268865685, 0, 0, 0, 0, 0, 0, 0, 0, 0, 0, 0, 0, -0.0014996639812921854, 0, 0, 0, 0, 0, 0, -0.004690144120150937, 0, 0, 0, -0.001709015300655822, 0, 0.005707271302794842, 0, -0.002380532406434254, 0, 0, 0, 0.0006336295681850471, 0, 0, 0, 0.002575913438533898, 0, -0.002475914832331326, 0, 0, 0, 0.004061914341321542, 0, 0, 0, -0.0020731112835820145, 0.0030444863350422547, 0, 0, 0.0018953000364005947, 0, 0, 0, 0, 0, 0, 0, 0, -0.0030792204711713278, 0, 0, 0, 0, 0, 0, 0, 0, 0, 0, -0.0025273918449203944, 0, -0.002482194877917862, 0, 0, 0, 0, -0.00254023424524252, 0, 0, 0, 0, 0, 0, 0, 0, 0, 0, 0, 0, 0, 0, 0, 0, 0.0005780513313554281, 0, 0, 0, 0, -0.0016374613701312707, 0, 0, -0.004717814304082858, 0, 0, 0, 0, 0, 0, 0, 0, 0, 0, 0.01743553712090171, 0, 0, 0, 0, 0, -0.0023711961180643867, 0, 0, 0, 0, 0, 0, 0, 0, -0.002292833028633407, 0, 0, -0.0020904197823771614, 0, 0, -0.002321874606184142, 0, 0, 0, 0, 0, 0, -0.002752278238433926, 0, 0, 0, 0, 0, 0.0006403466476089924, 0, 0, 0.009627412102629141, 0, 0, 0, 0, 0, 0, 0, 0, 0.007255439274420793, 0, 0, 0, 0, 0, 0, 0, 0, 0, 0, 0, 0, 0, 0, 0, 0, 0, 0, 0, 0, 0.0016012544009605175, 0, 0, 0, 0, 0, 0, 0, 0, 0, -0.0022074234330038555, 0.0012230642946187103, 0, 0, -0.0027028840129731174, 0, 0.004223995792513567, -0.002404522426544498, 0, 0, 0, 0.0009364788912326277, 0, -0.002150077617386488, -0.001913153204110544, 0, 0, 0, 0, -0.0012698611613551833, 0, 0, 0, -0.004738995595740478, 0, 0, 0, 0, 0, 0, 0, 0, 0, 0, 0, 0, 0, -0.0027988779580039535]
Start Date: 2021-12-17
End Date: 2023-11-30
Sharpe Ratio: 0.013
Annualized Sharpe: 0.199
Sharpe 95% CI: (np.float64(-1.281), np.float64(1.283))
Sortino Ratio: 0.024
CAGR: 0.005
Calmar Ratio: 0.119
Daily Win Rate (%): 0.351
Max Drawdown: 0.041
Profit Factor: 1.072
Expectancy: 9.6e-05
Average Win: 0.004047
Average Loss: 0.002042
Total Trades: 131
Total Days: 612

Rolling 5 - Variant 0 - atr_0.25_7 - Test Metrics
Contracts: [9, 9, 14, 13, 9, 10, 9, 10, 11, 8, 8, 8, 9, 5, 7, 9, 10, 10, 9, 7, 8, 7, 8, 8, 6, 6, 6, 6, 6, 6, 8, 10, 10, 10, 7, 7, 7, 7, 10, 5, 5, 6, 6, 6, 6, 6, 7, 8, 8, 6, 6, 7, 7, 6, 5, 7, 6, 7, 6, 8, 6, 9, 5, 6, 6, 8, 9, 9, 9, 5, 11, 6, 5, 7, 7, 10, 6, 11, 10, 12, 10, 9, 9, 9, 12, 7, 15, 10, 9, 10, 8, 9, 9, 11, 10, 10, 9, 8, 8, 8, 10, 12, 10, 12, 13, 9, 10, 13, 8, 10, 11, 9, 13, 10, 9, 10, 14, 8, 11, 7, 11, 10, 11, 13, 12, 10, 10, 10, 10, 14, 11, 11, 6, 11, 8, 13, 10, 10, 16, 15, 16, 13, 18, 16, 10, 13, 13, 13, 13, 12, 13, 13, 12, 13, 11, 10, 13, 11, 21, 18, 15, 11, 8, 15, 15, 15, 20, 20, 11, 11, 18, 15, 16, 10, 9, 10, 16, 16, 15, 7, 8, 7, 6, 6, 9, 9, 10, 7, 11, 7, 8, 8, 10, 9, 5, 11, 11, 10, 10, 12, 8, 12, 12, 13, 4, 4, 5, 8, 8, 7, 9, 6, 8, 10, 7, 9, 10, 10, 10, 9, 10, 8, 9, 10, 9, 9, 4, 9, 10, 11, 13, 7, 6, 9, 10, 9, 10, 12, 11, 12, 12, 12, 11, 18, 12, 12]
Trade Returns: [-0.0027910661046044445, -0.0005248932263600319, -0.0019026426418240886, -0.0021455863929641357, 0.003824085195269055, 0.00020578551050795597, 0.00669033061014322, -0.0022388779747204365, -0.0026903567414226556, -0.0021996134041470036, -0.0017887272306937457, -0.0027047840952552356, -0.002111768707705042, -0.0005423433442373395, -0.0024511381911943744, -0.0006274107799699676, 0.0028835898225892946, 0.001451529243030507, 0.0004319055407771124, -0.002047089638499538, -0.0022693702720512974, 0.010228512561437699, -0.002337347191859466, 0.005439350802467395, -0.002189968496385786, -0.0026199516136303285, 0.009711885316021959, -0.0026834919536290313, -0.0025203644483331195, -0.002398159449115508, -0.002198649826272956, -0.0007297703188528725, 0.0012410382408583741, 0.0032879524550450743, -0.0029872502658901423, 0.0005351732437209539, -0.002752335912997006, -0.002544167870747402, 0.0018732803229022444, 0.014598246863084917, -0.002593613167767056, -0.0028721152034259095, -0.0007825639617748887, -0.002166193347961764, 0.0026838868128719953, 0.0021037232703659276, -0.001643826656666873, -0.001358626747049245, -0.002255824849053455, 0.004719055133384898, 0.0007477094771243553, -0.0018461011039651234, 0.004023540530870629, 0.0019519633542293508, -0.0022723391327556484, -0.0021004948291012612, -0.0024404139235500587, 0.003928197150087934, -0.002164008991695366, -0.002593805337700689, -0.0021687020825022093, 0.00428016865533273, -0.002285017837331572, -0.001457711105161257, 0.015109107623544359, -0.0030755247779508795, -0.0025204001677121284, -0.0024017253787234315, -0.0023959709145712224, -0.0020786887252323607, 0.0031712951900899756, -0.0027823388716055235, 0.011502718643515816, 0.000812723514519795, 0.0007633085162993418, -0.0022589239064790133, 0.006037067512276468, -0.002645898566694263, -0.002307373409561077, 0.0035958272427731247, -0.0021958127219765928, 0.00018174095100412013, 0.005375966924678617, 0.0023019834874597076, -0.00020051330730086982, -0.0024282492467943987, 0.0005640215453322186, -0.002372252668324183, -3.757251550104114e-05, -0.002317301572587789, -0.00268533111602615, 0.00481461152693262, -0.002151315359256947, -0.002040817620714899, -0.0024802566588608484, 0.0008141544186879638, -0.0021532192560752366, 8.027172959388369e-05, -0.0012576200021092916, -0.0010103619186173122, -0.0019824701653311768, -0.001518319773302387, 0.0022324310138034354, -0.002160365951306474, -0.0021146642043042775, 0.0003275287413869013, -0.0026027050736032666, -0.002324059934479291, -0.0023182497199747873, 0.005462050735114191, -0.00238511306501478, 0.003970282721773167, 0.0034748276353162915, -0.0031103814572074674, 0.009267664531823695]
Daily Returns: [-0.0027910661046044445, 0, 0, 0, 0, 0, 0, 0, 0, -0.0005248932263600319, 0, -0.0019026426418240886, 0, 0, 0, 0, 0, 0, 0, 0, 0, 0, 0, 0, 0, 0, 0, 0, 0, 0, 0, 0, 0, 0, 0, 0, 0, 0, 0, 0, 0, 0, 0, 0, 0, 0, 0, 0, 0, 0, 0, 0, 0, 0, -0.0021455863929641357, 0, 0, 0, 0, 0.004029870705777011, 0.00669033061014322, 0, 0, -0.0022388779747204365, 0, 0, 0, 0, 0, 0, 0, 0, 0, 0, 0, 0, -0.0026903567414226556, 0, 0, 0, 0, 0, -0.0021996134041470036, 0, 0, 0, 0, 0, -0.0017887272306937457, -0.0027047840952552356, 0, 0, 0, 0, -0.002111768707705042, -0.0005423433442373395, 0, 0, 0, 0, 0, 0, 0, 0, 0, 0, 0, 0, -0.0024511381911943744, 0, 0, 0, 0, 0, 0, 0, 0, 0, 0, -0.0006274107799699676, 0.004335119065619801, 0, 0.0004319055407771124, -0.004316459910550836, 0, 0, 0, 0, 0, 0, 0.007891165369578233, 0.005439350802467395, 0, 0, 0, 0, 0, -0.002189968496385786, 0, 0, 0, 0, -0.0026199516136303285, 0, 0, 0, 0, 0, 0.009711885316021959, 0, 0, 0, 0, 0, -0.0026834919536290313, 0, -0.0025203644483331195, 0, 0, 0, 0, 0, -0.002398159449115508, 0, -0.002198649826272956, 0, 0, -0.0007297703188528725, 0, 0, 0, 0, 0, 0, 0, 0, 0.0012410382408583741, 0.0032879524550450743, 0, 0, 0, -0.0029872502658901423, 0, 0, 0, 0, 0, 0, 0, 0, 0, 0, 0, 0, 0, 0, 0, 0, 0, 0, 0, 0, 0.0005351732437209539, 0, 0, 0, -0.002752335912997006, 0, 0, 0, -0.002544167870747402, 0, 0, 0, 0, 0, 0.0018732803229022444, 0, 0, 0.014598246863084917, 0, 0, 0, 0, 0, 0, 0, 0, 0, 0, 0, 0, 0, 0, 0, 0, 0, 0, 0, -0.002593613167767056, 0, 0, 0, 0, 0, 0, -0.0028721152034259095, 0, 0, 0, 0, 0, 0, 0, 0, 0, -0.0007825639617748887, 0, 0.0005176934649102315, 0, 0, 0, 0, 0, 0, 0, 0, 0, 0, 0, 0, 0, 0, 0, 0, 0, 0, 0, 0, 0, 0, 0, 0, 0, 0.0004598966136990547, -0.001358626747049245, 0, 0, 0, 0, 0, 0, -0.002255824849053455, 0, 0, 0, 0, 0, 0, 0, 0, 0, 0, 0.004719055133384898, 0, 0, 0, 0, 0, 0.0007477094771243553, -0.0018461011039651234, 0, 0.004023540530870629, 0, 0.0019519633542293508, 0, 0, -0.0022723391327556484, 0, 0, 0, -0.0021004948291012612, 0, 0, 0, 0, 0, 0, 0, 0, 0, 0, 0, 0, 0, 0, 0, 0, -0.0024404139235500587, 0, 0, 0, 0, 0, 0.003928197150087934, -0.002164008991695366, 0, 0, 0, 0, 0, -0.002593805337700689, 0, 0, 0, 0, -0.0021687020825022093, 0, 0, 0, 0.00428016865533273, 0, 0, -0.002285017837331572, 0, 0, 0, 0, 0, 0, -0.001457711105161257, 0, 0, 0, 0, 0, 0.012033582845593478, 0, 0, 0, 0, 0, 0, 0, 0, 0, 0, 0, 0, -0.007318096461006782, 0, 0, 0, 0, 0, 0, 0, 0, 0, 0, 0, 0, -0.0020786887252323607, 0, 0, 0, 0, 0, 0, 0, 0, 0, 0, 0, 0, 0, 0.0031712951900899756, 0, 0.008720379771910293, 0, 0, 0, 0, 0.000812723514519795, 0.0007633085162993418, 0, 0, 0, 0, 0, 0, 0, 0, 0, 0, 0, -0.0022589239064790133, 0, 0, 0, 0, 0, 0.003391168945582205, 0, 0, 0, 0, -0.002307373409561077, 0, 0, 0, 0, 0, 0, 0.0035958272427731247, 0, 0, 0, -0.0021958127219765928, 0, 0, 0, 0.00018174095100412013, 0, 0, 0, 0.005375966924678617, 0, 0.0023019834874597076, 0, 0, 0, 0, 0, 0, 0, -0.0026287625540952686, -0.0018458036384930055, 0, 0, 0, 0, 0, 0, 0, 0, -0.002317301572587789, 0, -0.00268533111602615, 0, 0, 0, 0, 0, 0, 0, 0, 0, 0, 0, 0.0026632961676756727, 0, 0, 0, 0, 0, 0, 0, 0, 0, 0, 0, -0.002040817620714899, 0, 0, 0, 0, 0, 0, -0.0024802566588608484, 0, 0, 0, 0, 0.0008141544186879638, 0, 0, 0, 0, 0, 0, -0.0021532192560752366, 0, 8.027172959388369e-05, -0.0012576200021092916, 0, 0, -0.0010103619186173122, 0, 0, -0.0019824701653311768, 0, -0.001518319773302387, 0, 0, 0, 0.0022324310138034354, 0, 0, -0.002160365951306474, 0, 0, -0.0021146642043042775, 0, 0, 0, 0, 0.0003275287413869013, -0.0026027050736032666, 0, 0, 0, 0, 0, 0, 0, 0, 0, -0.002324059934479291, 0, 0, 0, 0, -0.0023182497199747873, 0, 0, 0.0030769376700994114, 0, 0, 0, 0, 0, 0, 0, 0, 0, 0.003970282721773167, 0, 0, 0, 0, 0, 0, 0, 0, 0, 0, 0.0034748276353162915, -0.0031103814572074674, 0.009267664531823695, 0, 0, 0, 0, 0, 0]
Start Date: 2023-12-01
End Date: 2025-11-06
Sharpe Ratio: 0.014
Annualized Sharpe: 0.217
Sharpe 95% CI: (np.float64(-1.158), np.float64(1.321))
Sortino Ratio: 0.022
CAGR: 0.005
Calmar Ratio: 0.181
Daily Win Rate (%): 0.365
Max Drawdown: 0.027
Profit Factor: 1.08
Expectancy: 0.000108
Average Win: 0.003969
Average Loss: 0.002114
Total Trades: 115
Total Days: 606



Rolling 5 - Variant 1 - atr_0.25_8 - Fit Metrics
Contracts: [9, 9, 14, 13, 9, 10, 9, 10, 11, 8, 8, 8, 9, 5, 7, 9, 10, 10, 9, 7, 8, 7, 8, 8, 6, 6, 6, 6, 6, 6, 8, 10, 10, 10, 7, 7, 7, 7, 10, 5, 5, 6, 6, 6, 6, 6, 7, 8, 8, 6, 6, 7, 7, 6, 5, 7, 6, 7, 6, 8, 6, 9, 5, 6, 6, 8, 9, 9, 9, 5, 11, 6, 5, 7, 7, 10, 6, 11, 10, 12, 10, 9, 9, 9, 12, 7, 15, 10, 9, 10, 8, 9, 9, 11, 11, 10, 9, 8, 8, 8, 10, 12, 10, 12, 13, 9, 10, 13, 8, 10, 11, 9, 13, 10, 9, 10, 14, 8, 11, 7, 11, 10, 11, 13, 12, 10, 10, 10, 10, 14, 11, 11, 6, 11, 8, 13, 10, 10, 16, 15, 16, 13, 18, 16, 10, 13, 13, 13, 13, 12, 13, 13, 12, 13, 11, 10, 13, 11, 21, 18, 15, 11, 8, 15, 15, 15, 20, 20, 11, 11, 18, 15, 16, 10, 9, 10, 16, 16, 16, 7, 9, 7, 6, 6, 9, 9, 10, 7, 11, 7, 8, 8, 10, 9, 5, 11, 11, 10, 10, 12, 8, 12, 12, 13, 4, 4, 5, 8, 8, 7, 9, 6, 8, 10, 7, 9, 10, 10, 10, 9, 10, 8, 9, 10, 9, 9, 4, 9, 10, 11, 13, 7, 6, 9, 10, 9, 10, 12, 11, 12, 12, 12, 11, 18, 12, 12]
Trade Returns: [-0.0023168250000000002, 0.0007505388672109267, 0.016590814812396208, -0.002496584287176676, -0.002169609767678374, -0.002346182354003704, 0.0011840435611086446, -0.0005381090061683682, -0.0023986753804963183, -0.0020942322090908285, 0.0011088062884304457, -0.0020986272218136257, -0.0021415991254844047, 0.003007116442597491, 0.0003622424977190942, 0.004192178657162142, -0.002244372998170986, -0.000710680195480308, -0.0023601397232154795, -0.0016655490564746462, -0.00220622981322563, -0.0019347195224631143, -0.0022655298440991786, 0.003633641392879706, -0.002297650679592109, -0.0024911277942385947, -0.0027237358783644477, 0.0014116694883409397, -0.00021489753754933575, 0.0003518909984377535, 0.008326366237116752, 0.005639043943032972, 0.001323250600864389, -0.002553961204493444, 0.00018764239785207734, 0.0031026540525814603, -0.0021768336754724635, -0.0008123339436683499, -0.00218648042593491, 0.0020390427228903405, 0.002890525821063572, 0.003814195862988761, -0.0001741047766110849, 0.00391179928701672, 0.002823553231136786, -0.001988174800975902, -0.00037896145780092714, -3.392616094349936e-05, -0.0024976010277378393, -0.0020226200983078724, -0.0019340701998650383, 0.002352799581730944, 0.008397850767016452, 0.0035381010413063517, -0.00045971178834169934, 0.01203435375117505, 0.011516108187319667, -0.0025869281884579164, -0.0016835242389053777, 0.0002994760753972937, -0.0027875102601053474, -0.002333355488760571, -0.0009533550866453036, -0.0018497945704619306, -0.0017446099308086284, -0.001991715097698998, 0.0015977923564271341, -0.0021871467425910204, -0.002737362566451153, -0.0016768531719068742, -0.0019016445978285263, 0.003752107761195121, -0.0018953167692972845, 0.0017927606378066736, -0.0022047539527849744, -0.0018748096823510993, -0.0023010386699170706, 0.006581218436988386, -0.002824820515048073, -0.002718900172662005, 0.0013020144764070108, -0.002151900192324569, -0.00254175535670117, -0.0028792575854067193, -0.0014965583521547845, -0.0027978632121530237, -0.0018825126156508504, -0.0017054346937934604, 0.005695293407848891, -0.002375556733007578, 0.0006323072955822091, 0.00282758086006909, -0.002470751301851092, 0.004052404982482639, -0.002068277505479304, 0.003037372933981367, 0.00391718806034045, -0.0020263214173387232, -0.003072834207416049, -0.002522171112160061, -0.0024764236922094457, -0.002534313453684804, 0.0005767005830025896, -0.0016336192081957911, -0.0033187484033632094, -0.0013880372108059727, 0.015040701978008997, -0.0023711915675570126, -0.0022928286180524844, -0.0020520725173561126, -3.83432344168004e-05, -0.0023164176129462245, -0.0027522729207639612, 0.0006403454069822779, 0.012151217103860898, -0.0025238237012595796, 0.007255425360044083, 0.0016012513380954316, -0.002207419231928392, -0.0022317921031136992, 0.0034548540567283705, -0.0027028788568947953, 0.004223987698314048, -0.002404517829976024, 0.0009364771042602888, -0.0021500735184852046, -0.001913149561521478, -0.0012698587294438552, -0.002339343740796444, -0.002399642784624159, -0.0027988725634158344]
Daily Returns: [-0.0023168250000000002, 0, 0, 0, 0.0007505388672109267, 0, 0, 0, 0, 0, 0.014094230525219532, 0, -0.002169609767678374, 0, -0.0011621387928950593, 0, 0, 0, -0.0005381090061683682, 0, -0.0023986753804963183, 0, 0, 0, 0, 0, 0, 0, 0, 0, 0, 0, 0, 0, 0, 0, 0, 0, 0, 0, 0, -0.0020942322090908285, 0.0011088062884304457, 0, 0, 0, 0, 0, 0, 0, 0, 0, 0, -0.0020986272218136257, 0, 0, -0.0021415991254844047, 0, 0, 0, 0, 0, 0, 0, 0, 0, 0, 0, 0, 0, 0, 0, 0.003007116442597491, 0, 0, 0, 0, 0, 0, 0, 0, 0.0003622424977190942, 0, 0, 0.0012371254635108477, 0, 0, -0.0023601397232154795, 0, 0, 0, 0, -0.0016655490564746462, 0, 0, 0, 0, 0, 0, 0, 0, -0.00220622981322563, 0, 0, 0, 0, 0, -0.0019347195224631143, 0.0013681115487805275, 0, 0, 0, 0, 0, 0, 0, 0, 0, 0, -0.002297650679592109, -0.005214863672603043, 0, 0.0014116694883409397, 0.00013699346088841773, 0, 0, 0, 0, 0, 0, 0, 0, 0, 0, 0, 0, 0, 0, 0, 0, 0, 0, 0.008326366237116752, 0, 0, 0, 0, 0.005639043943032972, 0.001323250600864389, -0.002553961204493444, 0, 0, 0, 0, 0, 0, 0, 0, 0, 0, 0, 0.00018764239785207734, 0.00011348643344064686, 0, 0, 0, 0, 0, 0, 0, 0, 0, 0, 0, 0, 0, 0, 0, 0, 0, 0, 0, 0, 0, 0, 0, -0.00218648042593491, 0, 0.0020390427228903405, 0, 0, 0.0065306169074412475, 0.00391179928701672, 0, 0, 0, 0.002823553231136786, 0, -0.002367136258776829, 0, 0, -3.392616094349936e-05, 0, 0, 0, 0, 0, 0, 0, 0, -0.0024976010277378393, 0, 0, 0, 0, 0, -0.0020226200983078724, 0, -0.0019340701998650383, 0.002352799581730944, 0, 0, 0.008397850767016452, 0, 0, 0, 0, 0.0035381010413063517, 0, 0, 0, 0, 0, 0, 0, 0, 0, 0, 0, 0, 0, 0, 0, 0, 0, 0, 0, 0, 0, 0, 0, -0.00045971178834169934, 0, 0, 0, 0, 0, 0.01203435375117505, 0, 0, 0, 0, 0, 0, 0.008929179998861751, 0, 0, 0, -0.0016835242389053777, 0, 0.0002994760753972937, 0, 0, 0, 0, -0.0027875102601053474, 0, 0, 0, 0, 0, 0, 0, 0, 0, 0, 0, 0, 0, 0, 0, 0, -0.002333355488760571, 0, 0, 0, 0, 0, -0.0009533550866453036, 0, 0, 0, 0, 0, -0.0018497945704619306, -0.0017446099308086284, 0, 0, 0, 0, 0, 0, 0, 0, 0, 0, 0, 0, -0.001991715097698998, 0, 0, 0.0015977923564271341, 0, -0.0021871467425910204, 0, 0, 0, -0.002737362566451153, 0, 0, 0, 0, -0.0016768531719068742, 0, 0, 0, 0, 0, 0, 0, -0.0019016445978285263, 0, 0.003752107761195121, 0, -0.0018953167692972845, 0, 0, 0, 0.0017927606378066736, 0, 0, 0, 0, 0, -0.0022047539527849744, 0, -0.0018748096823510993, 0, 0, 0, 0, 0, 0, -0.0023010386699170706, 0, 0.006581218436988386, -0.002824820515048073, 0, 0, 0, 0, 0, 0, 0, 0, 0, -0.002718900172662005, 0.0013020144764070108, 0, 0, -0.002151900192324569, -0.00254175535670117, 0, 0, -0.0028792575854067193, 0, 0, 0, 0, 0, 0, 0, 0, 0, 0, 0, 0, -0.0014965583521547845, 0, 0, 0, 0, 0, 0, -0.004680375827803875, 0, 0, 0, -0.0017054346937934604, 0, 0.005695293407848891, 0, -0.002375556733007578, 0, 0, 0, 0.0006323072955822091, 0, 0, 0, 0.00282758086006909, 0, -0.002470751301851092, 0, 0, 0, 0.004052404982482639, 0, 0, 0, -0.002068277505479304, 0.003037372933981367, 0, 0, 0.0018908666430017267, 0, 0, 0, 0, 0, 0, 0, 0, -0.003072834207416049, 0, 0, 0, 0, 0, 0, 0, 0, 0, 0, -0.002522171112160061, 0, -0.0024764236922094457, 0, 0, 0, 0, -0.002534313453684804, 0, 0, 0, 0, 0, 0, 0, 0, 0, 0, 0, 0, 0, 0, 0, 0, 0.0005767005830025896, 0, 0, 0, 0, -0.0016336192081957911, 0, 0, -0.004706785614169182, 0, 0, 0, 0, 0, 0, 0, 0, 0, 0, 0.015040701978008997, 0, 0, 0, 0, 0, -0.0023711915675570126, 0, 0, 0, 0, 0, 0, 0, 0, -0.0022928286180524844, 0, 0, -0.002090415751772913, 0, 0, -0.0023164176129462245, 0, 0, 0, 0, 0, 0, -0.0027522729207639612, 0, 0, 0, 0, 0, 0.0006403454069822779, 0, 0, 0.009627393402601318, 0, 0, 0, 0, 0, 0, 0, 0, 0.007255425360044083, 0, 0, 0, 0, 0, 0, 0, 0, 0, 0, 0, 0, 0, 0, 0, 0, 0, 0, 0, 0, 0.0016012513380954316, 0, 0, 0, 0, 0, 0, 0, 0, 0, -0.002207419231928392, 0.0012230619536146713, 0, 0, -0.0027028788568947953, 0, 0.004223987698314048, -0.002404517829976024, 0, 0, 0, 0.0009364771042602888, 0, -0.0021500735184852046, -0.001913149561521478, 0, 0, 0, 0, -0.0012698587294438552, 0, 0, 0, -0.0047389865254206034, 0, 0, 0, 0, 0, 0, 0, 0, 0, 0, 0, 0, 0, -0.0027988725634158344]
Start Date: 2021-12-17
End Date: 2023-11-30
Sharpe Ratio: 0.013
Annualized Sharpe: 0.2
Sharpe 95% CI: (np.float64(-1.24), np.float64(1.289))
Sortino Ratio: 0.024
CAGR: 0.005
Calmar Ratio: 0.12
Daily Win Rate (%): 0.351
Max Drawdown: 0.04
Profit Factor: 1.073
Expectancy: 9.6e-05
Average Win: 0.00404
Average Loss: 0.002039
Total Trades: 131
Total Days: 612

Rolling 5 - Variant 1 - atr_0.25_8 - Test Metrics
Contracts: [9, 9, 14, 13, 9, 10, 9, 10, 11, 8, 8, 8, 9, 5, 7, 9, 10, 10, 9, 7, 8, 7, 8, 8, 6, 6, 6, 6, 6, 6, 8, 10, 10, 10, 7, 7, 7, 7, 10, 5, 5, 6, 6, 6, 6, 6, 7, 8, 8, 6, 6, 7, 7, 6, 5, 7, 6, 7, 6, 8, 6, 9, 5, 6, 6, 8, 9, 9, 9, 5, 11, 6, 5, 7, 7, 10, 6, 11, 10, 12, 10, 9, 9, 9, 12, 7, 15, 10, 9, 10, 8, 9, 9, 11, 11, 10, 9, 8, 8, 8, 10, 12, 10, 12, 13, 9, 10, 13, 8, 10, 11, 9, 13, 10, 9, 10, 14, 8, 11, 7, 11, 10, 11, 13, 12, 10, 10, 10, 10, 14, 11, 11, 6, 11, 8, 13, 10, 10, 16, 15, 16, 13, 18, 16, 10, 13, 13, 13, 13, 12, 13, 13, 12, 13, 11, 10, 13, 11, 21, 18, 15, 11, 8, 15, 15, 15, 20, 20, 11, 11, 18, 15, 16, 10, 9, 10, 16, 16, 16, 7, 9, 7, 6, 6, 9, 9, 10, 7, 11, 7, 8, 8, 10, 9, 5, 11, 11, 10, 10, 12, 8, 12, 12, 13, 4, 4, 5, 8, 8, 7, 9, 6, 8, 10, 7, 9, 10, 10, 10, 9, 10, 8, 9, 10, 9, 9, 4, 9, 10, 11, 13, 7, 6, 9, 10, 9, 10, 12, 11, 12, 12, 12, 11, 18, 12, 12]
Trade Returns: [-0.0027910607400875764, -0.0005248922099015837, -0.0019026389643570004, -0.002145582235842946, 0.0038240777537193976, 0.00020578511158134358, 0.006690317643235093, -0.0022388736642627452, -0.0026903515501211306, -0.002199609133183579, -0.0017887237698620368, -0.0027047788526579877, -0.002111764603429559, -0.0005423422879488059, -0.002451133414673857, -0.0006274095511140391, 0.002883584171202366, 0.0014515264064388193, 0.0004319046979667263, -0.0020470856455811833, -0.002269365836486984, 0.010228492523976465, -0.002337342659401065, 0.005439340230058508, -0.0021899642627950166, -0.002619946495598977, 0.00971186645858794, -0.002683486793246593, -0.0025203595886055252, -0.0023981548133378693, -0.0021986455665710678, -0.0007297689047744572, 0.0012410358343381733, 0.0032879460872183726, -0.002987244499397784, 0.0005351722075443302, -0.0027523305869073286, -0.0025441629338992275, 0.0018732766786107894, 0.016726695954018295, -0.002588178587040329, -0.002866081441273288, -0.00078091521983569, -0.0021616381447724015, 0.0026782278568710464, 0.002099289849605738, -0.0016403696867194565, -0.0014461491822806267, -0.002251270356003369, 0.005298194136820445, 0.0007457743431449405, -0.0018413268021452243, 0.004013085485852782, 0.001946905964015578, -0.002266463113057873, -0.0020950508413221172, -0.0024341026099101853, 0.003918013394890279, -0.002158420746043856, -0.0025870781639295054, -0.002163089603519645, 0.0042690521768787015, -0.00227907614895276, -0.0014539119882505858, 0.009554108585113992, -0.0030674976107030604, -0.0025276685862824786, -0.00240863487612826, -0.002402847294333119, -0.002084698511571315, 0.00318037822944744, -0.002790282620756132, 0.011536044121476685, 0.0008150503829197924, 0.0007654921273149107, -0.002265381109606555, 0.006054409854854093, -0.002653479121578339, -0.0023139617820158134, 0.0036061165476385863, -0.002202073368934687, 0.00018226108969577703, 0.005391328576177947, 0.002308526057628157, -0.00020108188256369133, -0.0024351361719082516, 0.0005656251106254277, -0.0023789933888169524, -3.767953183328947e-05, -0.002323902101090349, -0.00269299774473394, 0.004828458618331095, -0.0021574893132297276, -0.002046658921586641, -0.002487356920342267, 0.0008164894995729794, -0.002159389878132707, 8.050226739051206e-05, -0.0012612315551141927, -0.0010132670756854774, -0.0019881762680886788, -0.0015226986275477718, 0.0022388791929155295, -0.0021665920374183754, -0.0021207718125501604, 0.00032847672579143316, -0.0026102357520304703, -0.0023308019781459874, -0.002324990620047941, 0.005477970047656551, -0.0023920266768295497, 0.00398181878272374, 0.0034848840581814928, -0.0031193518834426504, 0.009294476368466923]
Daily Returns: [-0.0027910607400875764, 0, 0, 0, 0, 0, 0, 0, 0, -0.0005248922099015837, 0, -0.0019026389643570004, 0, 0, 0, 0, 0, 0, 0, 0, 0, 0, 0, 0, 0, 0, 0, 0, 0, 0, 0, 0, 0, 0, 0, 0, 0, 0, 0, 0, 0, 0, 0, 0, 0, 0, 0, 0, 0, 0, 0, 0, 0, 0, -0.002145582235842946, 0, 0, 0, 0, 0.004029862865300741, 0.006690317643235093, 0, 0, -0.0022388736642627452, 0, 0, 0, 0, 0, 0, 0, 0, 0, 0, 0, 0, -0.0026903515501211306, 0, 0, 0, 0, 0, -0.002199609133183579, 0, 0, 0, 0, 0, -0.0017887237698620368, -0.0027047788526579877, 0, 0, 0, 0, -0.002111764603429559, -0.0005423422879488059, 0, 0, 0, 0, 0, 0, 0, 0, 0, 0, 0, 0, -0.002451133414673857, 0, 0, 0, 0, 0, 0, 0, 0, 0, 0, -0.0006274095511140391, 0.004335110577641185, 0, 0.0004319046979667263, -0.004316451482068167, 0, 0, 0, 0, 0, 0, 0.007891149864575401, 0.005439340230058508, 0, 0, 0, 0, 0, -0.0021899642627950166, 0, 0, 0, 0, -0.002619946495598977, 0, 0, 0, 0, 0, 0.00971186645858794, 0, 0, 0, 0, 0, -0.002683486793246593, 0, -0.0025203595886055252, 0, 0, 0, 0, 0, -0.0023981548133378693, 0, -0.0021986455665710678, 0, 0, -0.0007297689047744572, 0, 0, 0, 0, 0, 0, 0, 0, 0.0012410358343381733, 0.0032879460872183726, 0, 0, 0, -0.002987244499397784, 0, 0, 0, 0, 0, 0, 0, 0, 0, 0, 0, 0, 0, 0, 0, 0, 0, 0, 0, 0, 0.0005351722075443302, 0, 0, 0, -0.0027523305869073286, 0, 0, 0, -0.0025441629338992275, 0, 0, 0, 0, 0, 0.0018732766786107894, 0, 0, 0.016726695954018295, 0, 0, 0, 0, 0, 0, 0, 0, 0, 0, 0, 0, 0, 0, 0, 0, 0, 0, 0, -0.002588178587040329, 0, 0, 0, 0, 0, 0, -0.002866081441273288, 0, 0, 0, 0, 0, 0, 0, 0, 0, -0.00078091521983569, 0, 0.0005165897120986448, 0, 0, 0, 0, 0, 0, 0, 0, 0, 0, 0, 0, 0, 0, 0, 0, 0, 0, 0, 0, 0, 0, 0, 0, 0, 0.00045892016288628153, -0.0014461491822806267, 0, 0, 0, 0, 0, 0, -0.002251270356003369, 0, 0, 0, 0, 0, 0, 0, 0, 0, 0, 0.005298194136820445, 0, 0, 0, 0, 0, 0.0007457743431449405, -0.0018413268021452243, 0, 0.004013085485852782, 0, 0.001946905964015578, 0, 0, -0.002266463113057873, 0, 0, 0, -0.0020950508413221172, 0, 0, 0, 0, 0, 0, 0, 0, 0, 0, 0, 0, 0, 0, 0, 0, -0.0024341026099101853, 0, 0, 0, 0, 0, 0.003918013394890279, -0.002158420746043856, 0, 0, 0, 0, 0, -0.0025870781639295054, 0, 0, 0, 0, -0.002163089603519645, 0, 0, 0, 0.0042690521768787015, 0, 0, -0.00227907614895276, 0, 0, 0, 0, 0, 0, -0.0014539119882505858, 0, 0, 0, 0, 0, 0.0064866109744109324, 0, 0, 0, 0, 0, 0, 0, 0, 0, 0, 0, 0, -0.007339150756743858, 0, 0, 0, 0, 0, 0, 0, 0, 0, 0, 0, 0, -0.002084698511571315, 0, 0, 0, 0, 0, 0, 0, 0, 0, 0, 0, 0, 0, 0.00318037822944744, 0, 0.008745761500720553, 0, 0, 0, 0, 0.0008150503829197924, 0.0007654921273149107, 0, 0, 0, 0, 0, 0, 0, 0, 0, 0, 0, -0.002265381109606555, 0, 0, 0, 0, 0, 0.0034009307332757543, 0, 0, 0, 0, -0.0023139617820158134, 0, 0, 0, 0, 0, 0, 0.0036061165476385863, 0, 0, 0, -0.002202073368934687, 0, 0, 0, 0.00018226108969577703, 0, 0, 0, 0.005391328576177947, 0, 0.002308526057628157, 0, 0, 0, 0, 0, 0, 0, -0.002636218054471943, -0.0018510478100248141, 0, 0, 0, 0, 0, 0, 0, 0, -0.002323902101090349, 0, -0.00269299774473394, 0, 0, 0, 0, 0, 0, 0, 0, 0, 0, 0, 0.002670969305101368, 0, 0, 0, 0, 0, 0, 0, 0, 0, 0, 0, -0.002046658921586641, 0, 0, 0, 0, 0, 0, -0.002487356920342267, 0, 0, 0, 0, 0.0008164894995729794, 0, 0, 0, 0, 0, 0, -0.002159389878132707, 0, 8.050226739051206e-05, -0.0012612315551141927, 0, 0, -0.0010132670756854774, 0, 0, -0.0019881762680886788, 0, -0.0015226986275477718, 0, 0, 0, 0.0022388791929155295, 0, 0, -0.0021665920374183754, 0, 0, -0.0021207718125501604, 0, 0, 0, 0, 0.00032847672579143316, -0.0026102357520304703, 0, 0, 0, 0, 0, 0, 0, 0, 0, -0.0023308019781459874, 0, 0, 0, 0, -0.002324990620047941, 0, 0, 0.0030859433708270013, 0, 0, 0, 0, 0, 0, 0, 0, 0, 0.00398181878272374, 0, 0, 0, 0, 0, 0, 0, 0, 0, 0, 0.0034848840581814928, -0.0031193518834426504, 0.009294476368466923, 0, 0, 0, 0, 0, 0]
Start Date: 2023-12-01
End Date: 2025-11-06
Sharpe Ratio: 0.011
Annualized Sharpe: 0.168
Sharpe 95% CI: (np.float64(-1.25), np.float64(1.282))
Sortino Ratio: 0.017
CAGR: 0.004
Calmar Ratio: 0.136
Daily Win Rate (%): 0.365
Max Drawdown: 0.027
Profit Factor: 1.061
Expectancy: 8.3e-05
Average Win: 0.003905
Average Loss: 0.002116
Total Trades: 115
Total Days: 606



Rolling 5 - Variant 2 - atr_0.25_6 - Fit Metrics
Contracts: [9, 9, 14, 13, 9, 10, 9, 10, 11, 8, 8, 8, 9, 5, 7, 9, 10, 10, 9, 7, 8, 7, 8, 8, 6, 6, 6, 6, 6, 6, 8, 10, 10, 10, 7, 7, 7, 7, 10, 5, 5, 6, 5, 6, 6, 6, 7, 8, 8, 6, 6, 6, 7, 6, 5, 6, 6, 7, 6, 8, 6, 9, 5, 6, 6, 8, 9, 9, 9, 5, 11, 6, 5, 7, 7, 10, 6, 11, 10, 12, 10, 9, 9, 9, 12, 7, 15, 10, 9, 10, 8, 9, 9, 11, 10, 10, 9, 8, 8, 8, 10, 12, 10, 12, 13, 9, 10, 13, 8, 10, 11, 9, 13, 10, 9, 10, 14, 8, 11, 7, 11, 10, 11, 13, 12, 10, 10, 10, 10, 14, 11, 11, 6, 11, 8, 13, 10, 10, 16, 15, 16, 13, 18, 16, 10, 13, 13, 13, 13, 12, 13, 13, 12, 13, 11, 10, 13, 11, 21, 18, 15, 11, 8, 15, 15, 15, 20, 20, 11, 11, 18, 15, 16, 10, 9, 10, 15, 16, 15, 7, 8, 7, 6, 6, 8, 9, 10, 7, 11, 7, 8, 8, 10, 9, 5, 11, 11, 10, 10, 12, 8, 12, 12, 13, 4, 4, 5, 8, 8, 7, 9, 6, 8, 9, 7, 9, 10, 10, 10, 9, 10, 8, 9, 10, 9, 9, 4, 9, 10, 11, 13, 7, 6, 9, 10, 9, 10, 12, 11, 12, 12, 12, 11, 18, 12, 12]
Trade Returns: [-0.0023168250000000002, 0.0007505388672109267, 0.012384218764628408, -0.002506957939196037, -0.002178636719744304, -0.002355965273395024, 0.0011889757902886439, -0.0005403580678257933, -0.00240870622080548, -0.0021030013030851682, 0.0011134543178567477, -0.0021074332379307013, -0.002150604433404349, 0.003019788456281088, 0.00036376439480810145, 0.004209797515694189, -0.0022537660899704316, -0.0007136649055282088, -0.0023700396309935955, -0.001672552012190516, -0.0022155216524899534, -0.0019428859518232922, -0.0022751112356600976, 0.0036490438518061072, -0.002307354664711818, -0.0025016732500571103, -0.0027352949289659954, 0.0014176767943117855, -0.000215810731256978, 0.0003533866601089259, 0.008361743747698184, 0.005662804733159756, 0.0013287948803087858, -0.0025646478302909993, 0.00018842957508313115, 0.0031156675214555106, -0.002185935615237501, -0.0008157379761022226, -0.0021956732660994576, 0.002047634540675285, 0.002902680604312633, 0.003191823580730385, -0.0001749432417151779, 0.003930641280661181, 0.002837100213325399, -0.00199768677712712, -0.0003807781430176885, -3.408885989685296e-05, -0.0025080756065345364, -0.0020323202642611284, -0.0019433645836811444, 0.00202639562626064, 0.008441034849038015, 0.0035561426500882935, -0.0004628138146130514, 0.010367662234277871, 0.01419096493773644, -0.0025975233499314597, -0.001692078504495469, 0.00030070927158464553, -0.0027989566685546682, -0.002342960997522281, -0.0009572888921210418, -0.001857434645730664, -0.0017518289783321863, -0.0019999711085071, 0.0016044287605240964, -0.0021962164686433463, -0.002748738929025123, -0.0016838413110456547, -0.0019096205002962505, 0.0037679050764900046, -0.0019032813408134505, 0.0018002802767132775, -0.002213985057109028, -0.0018826582294651482, -0.0023106942869885886, 0.0066088985019713085, -0.0028366125637655304, -0.0027302605641216977, 0.0013074695825595257, -0.0021609043286462634, -0.0025524137850238488, -0.002891362169095599, -0.0015028842459015514, -0.002809744133959606, -0.001890529092244174, -0.0017127282591896697, 0.00865541520233882, -0.002385691945622116, 0.0006331525039302501, 0.002573970434879107, -0.002474051877797841, 0.004058858317829521, -0.0020715578618694525, 0.0030422003078918775, 0.00392339486442491, -0.0020295195860860126, -0.0030858425076534858, -0.0025328052284780997, -0.002480340211728771, -0.0025383314932632623, 0.000577617242529637, -0.0016362266097490774, -0.0033240278135564572, -0.0013902422077476742, 0.014902215001178885, -0.002375315294416997, -0.0022968255583099445, -0.0020556579982545825, -3.841036758350811e-05, -0.0023201208808683173, -0.002757091916785951, 0.0006414696971507091, 0.012546535023113531, -0.0025282520787154143, 0.007265350574240591, 0.0016034360916431895, -0.0022104158547922663, -0.0022348285244700567, 0.0034595603268247365, -0.0027065566940202334, 0.004229761336425259, -0.0024077965774002732, 0.0009377517543773901, -0.002152997267355268, -0.0019157478181102338, -0.0012715934240818403, -0.002342543477668979, -0.0024029129475925076, -0.002802720584121539]
Daily Returns: [-0.0023168250000000002, 0, 0, 0, 0.0007505388672109267, 0, 0, 0, 0, 0, 0.00987726082543237, 0, -0.002178636719744304, 0, -0.00116698948310638, 0, 0, 0, -0.0005403580678257933, 0, -0.00240870622080548, 0, 0, 0, 0, 0, 0, 0, 0, 0, 0, 0, 0, 0, 0, 0, 0, 0, 0, 0, 0, -0.0021030013030851682, 0.0011134543178567477, 0, 0, 0, 0, 0, 0, 0, 0, 0, 0, -0.0021074332379307013, 0, 0, -0.002150604433404349, 0, 0, 0, 0, 0, 0, 0, 0, 0, 0, 0, 0, 0, 0, 0, 0.003019788456281088, 0, 0, 0, 0, 0, 0, 0, 0, 0.00036376439480810145, 0, 0, 0.0012423665201955487, 0, 0, -0.0023700396309935955, 0, 0, 0, 0, -0.001672552012190516, 0, 0, 0, 0, 0, 0, 0, 0, -0.0022155216524899534, 0, 0, 0, 0, 0, -0.0019428859518232922, 0.0013739326161460097, 0, 0, 0, 0, 0, 0, 0, 0, 0, 0, -0.002307354664711818, -0.005236968179023105, 0, 0.0014176767943117855, 0.00013757592885194788, 0, 0, 0, 0, 0, 0, 0, 0, 0, 0, 0, 0, 0, 0, 0, 0, 0, 0, 0.008361743747698184, 0, 0, 0, 0, 0.005662804733159756, 0.0013287948803087858, -0.0025646478302909993, 0, 0, 0, 0, 0, 0, 0, 0, 0, 0, 0, 0.00018842957508313115, 0.00011399393011578697, 0, 0, 0, 0, 0, 0, 0, 0, 0, 0, 0, 0, 0, 0, 0, 0, 0, 0, 0, 0, 0, 0, 0, -0.0021956732660994576, 0, 0.002047634540675285, 0, 0, 0.00591956094332784, 0.003930641280661181, 0, 0, 0, 0.002837100213325399, 0, -0.0023784649201448083, 0, 0, -3.408885989685296e-05, 0, 0, 0, 0, 0, 0, 0, 0, -0.0025080756065345364, 0, 0, 0, 0, 0, -0.0020323202642611284, 0, -0.0019433645836811444, 0.00202639562626064, 0, 0, 0.008441034849038015, 0, 0, 0, 0, 0.0035561426500882935, 0, 0, 0, 0, 0, 0, 0, 0, 0, 0, 0, 0, 0, 0, 0, 0, 0, 0, 0, 0, 0, 0, 0, -0.0004628138146130514, 0, 0, 0, 0, 0, 0.010367662234277871, 0, 0, 0, 0, 0, 0, 0.01159344158780498, 0, 0, 0, -0.001692078504495469, 0, 0.00030070927158464553, 0, 0, 0, 0, -0.0027989566685546682, 0, 0, 0, 0, 0, 0, 0, 0, 0, 0, 0, 0, 0, 0, 0, 0, -0.002342960997522281, 0, 0, 0, 0, 0, -0.0009572888921210418, 0, 0, 0, 0, 0, -0.001857434645730664, -0.0017518289783321863, 0, 0, 0, 0, 0, 0, 0, 0, 0, 0, 0, 0, -0.0019999711085071, 0, 0, 0.0016044287605240964, 0, -0.0021962164686433463, 0, 0, 0, -0.002748738929025123, 0, 0, 0, 0, -0.0016838413110456547, 0, 0, 0, 0, 0, 0, 0, -0.0019096205002962505, 0, 0.0037679050764900046, 0, -0.0019032813408134505, 0, 0, 0, 0.0018002802767132775, 0, 0, 0, 0, 0, -0.002213985057109028, 0, -0.0018826582294651482, 0, 0, 0, 0, 0, 0, -0.0023106942869885886, 0, 0.0066088985019713085, -0.0028366125637655304, 0, 0, 0, 0, 0, 0, 0, 0, 0, -0.0027302605641216977, 0.0013074695825595257, 0, 0, -0.0021609043286462634, -0.0025524137850238488, 0, 0, -0.002891362169095599, 0, 0, 0, 0, 0, 0, 0, 0, 0, 0, 0, 0, -0.0015028842459015514, 0, 0, 0, 0, 0, 0, -0.00470027322620378, 0, 0, 0, -0.0017127282591896697, 0, 0.00865541520233882, 0, -0.002385691945622116, 0, 0, 0, 0.0006331525039302501, 0, 0, 0, 0.002573970434879107, 0, -0.002474051877797841, 0, 0, 0, 0.004058858317829521, 0, 0, 0, -0.0020715578618694525, 0.0030422003078918775, 0, 0, 0.0018938752783388977, 0, 0, 0, 0, 0, 0, 0, 0, -0.0030858425076534858, 0, 0, 0, 0, 0, 0, 0, 0, 0, 0, -0.0025328052284780997, 0, -0.002480340211728771, 0, 0, 0, 0, -0.0025383314932632623, 0, 0, 0, 0, 0, 0, 0, 0, 0, 0, 0, 0, 0, 0, 0, 0, 0.000577617242529637, 0, 0, 0, 0, -0.0016362266097490774, 0, 0, -0.004714270021304132, 0, 0, 0, 0, 0, 0, 0, 0, 0, 0, 0.014902215001178885, 0, 0, 0, 0, 0, -0.002375315294416997, 0, 0, 0, 0, 0, 0, 0, 0, -0.0022968255583099445, 0, 0, -0.0020940683658380904, 0, 0, -0.0023201208808683173, 0, 0, 0, 0, 0, 0, -0.002757091916785951, 0, 0, 0, 0, 0, 0.0006414696971507091, 0, 0, 0.010018282944398117, 0, 0, 0, 0, 0, 0, 0, 0, 0.007265350574240591, 0, 0, 0, 0, 0, 0, 0, 0, 0, 0, 0, 0, 0, 0, 0, 0, 0, 0, 0, 0, 0.0016034360916431895, 0, 0, 0, 0, 0, 0, 0, 0, 0, -0.0022104158547922663, 0.0012247318023546798, 0, 0, -0.0027065566940202334, 0, 0.004229761336425259, -0.0024077965774002732, 0, 0, 0, 0.0009377517543773901, 0, -0.002152997267355268, -0.0019157478181102338, 0, 0, 0, 0, -0.0012715934240818403, 0, 0, 0, -0.004745456425261486, 0, 0, 0, 0, 0, 0, 0, 0, 0, 0, 0, 0, 0, -0.002802720584121539]
Start Date: 2021-12-17
End Date: 2023-11-30
Sharpe Ratio: 0.011
Annualized Sharpe: 0.18
Sharpe 95% CI: (np.float64(-1.262), np.float64(1.27))
Sortino Ratio: 0.021
CAGR: 0.004
Calmar Ratio: 0.113
Daily Win Rate (%): 0.351
Max Drawdown: 0.038
Profit Factor: 1.064
Expectancy: 8.5e-05
Average Win: 0.004023
Average Loss: 0.002046
Total Trades: 131
Total Days: 612

Rolling 5 - Variant 2 - atr_0.25_6 - Test Metrics
Contracts: [9, 9, 14, 13, 9, 10, 9, 10, 11, 8, 8, 8, 9, 5, 7, 9, 10, 10, 9, 7, 8, 7, 8, 8, 6, 6, 6, 6, 6, 6, 8, 10, 10, 10, 7, 7, 7, 7, 10, 5, 5, 6, 5, 6, 6, 6, 7, 8, 8, 6, 6, 6, 7, 6, 5, 6, 6, 7, 6, 8, 6, 9, 5, 6, 6, 8, 9, 9, 9, 5, 11, 6, 5, 7, 7, 10, 6, 11, 10, 12, 10, 9, 9, 9, 12, 7, 15, 10, 9, 10, 8, 9, 9, 11, 10, 10, 9, 8, 8, 8, 10, 12, 10, 12, 13, 9, 10, 13, 8, 10, 11, 9, 13, 10, 9, 10, 14, 8, 11, 7, 11, 10, 11, 13, 12, 10, 10, 10, 10, 14, 11, 11, 6, 11, 8, 13, 10, 10, 16, 15, 16, 13, 18, 16, 10, 13, 13, 13, 13, 12, 13, 13, 12, 13, 11, 10, 13, 11, 21, 18, 15, 11, 8, 15, 15, 15, 20, 20, 11, 11, 18, 15, 16, 10, 9, 10, 15, 16, 15, 7, 8, 7, 6, 6, 8, 9, 10, 7, 11, 7, 8, 8, 10, 9, 5, 11, 11, 10, 10, 12, 8, 12, 12, 13, 4, 4, 5, 8, 8, 7, 9, 6, 8, 9, 7, 9, 10, 10, 10, 9, 10, 8, 9, 10, 9, 9, 4, 9, 10, 11, 13, 7, 6, 9, 10, 9, 10, 12, 11, 12, 12, 12, 11, 18, 12, 12]
Trade Returns: [-0.0027948872959668333, -0.0005256172659032802, -0.0019052621533229063, -0.0021485475787523405, 0.0038293859654051983, 0.000206069672703828, 0.006699567156225652, -0.0022419483577990882, -0.0026940545699639653, -0.0022026556906720655, -0.0017911924332496335, -0.0027085184854781603, -0.002114692263146144, -0.0005430957613600803, -0.002454540612426032, -0.0006282861274268522, 0.0028876154625361887, 0.0014535498179890495, 0.0004325058944084139, -0.0020499338863078876, -0.002272529835799405, 0.011550598075131698, -0.002337549659597453, 0.005439823078651207, -0.002190157613469068, -0.002623597313036682, 0.009712727689435036, -0.002683722470954754, -0.0025205815352810066, -0.0023983665321305795, -0.0021988401097927106, -0.0007298334866117153, 0.0012411457416135452, 0.0032882369097959074, -0.0029875078585898563, 0.0005352195303693696, -0.0027525738326943214, -0.0025443884028415156, 0.0018734431157164673, 0.012470846920593042, -0.002599288300822329, -0.0028784161098208212, -0.0007842857229041697, -0.0021709502523430423, 0.0026897964116448132, 0.0019765809778913446, -0.0016476533577456374, -0.0013617947445999856, -0.002261092074123236, 0.004730098834460435, 0.0007494440602413385, -0.0018503805972986868, 0.004032912234789817, 0.001739108122492382, -0.002278100425160357, -0.002105832587122385, -0.0024466020143084294, 0.003938182201479666, -0.0021694880903140967, -0.002600401266052952, -0.0021742050021722106, 0.004291068333206595, -0.0022908436827278012, -0.0014614361959775894, 0.012957626028150409, -0.003083395594516071, -0.002532294507599276, -0.002413032315372115, -0.0024072236070180534, -0.0020885234330418273, 0.0031861588645056625, -0.002795338112938394, 0.011557254291889741, 0.0008165312477012803, 0.0007668818149941381, -0.0022694905702770798, 0.006065447035281055, -0.0026583035512056756, -0.0023181546990882203, 0.003612664846452064, -0.002206057690498082, 0.00018259211560282484, 0.004860994449641578, 0.0023139328012938666, -0.00020155174440277337, -0.0024408274266500014, 0.0005669502903683327, -0.0023845638761184375, -3.7767970521281565e-05, -0.002329356803028422, -0.002699333552506226, 0.009828806914715157, -0.0021625916919702426, -0.0020413512631405287, -0.0024932247568074093, 0.0008143677430188774, -0.002153782982420164, 8.02927905984314e-05, -0.001257949939114438, -0.0010106273212493093, -0.0019829914489151714, -0.0015187198034233502, 0.0022330200846988803, -0.0021609347363073747, -0.0021152221625791306, 0.0003276153436672074, -0.002603393032690481, -0.0023246758442450107, -0.0023188655214878575, 0.00546350500330679, -0.002385744649473989, 0.003971336577721661, 0.0034757463311998926, -0.0031112009502628915, 0.00927011390643579]
Daily Returns: [-0.0027948872959668333, 0, 0, 0, 0, 0, 0, 0, 0, -0.0005256172659032802, 0, -0.0019052621533229063, 0, 0, 0, 0, 0, 0, 0, 0, 0, 0, 0, 0, 0, 0, 0, 0, 0, 0, 0, 0, 0, 0, 0, 0, 0, 0, 0, 0, 0, 0, 0, 0, 0, 0, 0, 0, 0, 0, 0, 0, 0, 0, -0.0021485475787523405, 0, 0, 0, 0, 0.004035455638109026, 0.006699567156225652, 0, 0, -0.0022419483577990882, 0, 0, 0, 0, 0, 0, 0, 0, 0, 0, 0, 0, -0.0026940545699639653, 0, 0, 0, 0, 0, -0.0022026556906720655, 0, 0, 0, 0, 0, -0.0017911924332496335, -0.0027085184854781603, 0, 0, 0, 0, -0.002114692263146144, -0.0005430957613600803, 0, 0, 0, 0, 0, 0, 0, 0, 0, 0, 0, 0, -0.002454540612426032, 0, 0, 0, 0, 0, 0, 0, 0, 0, 0, -0.0006282861274268522, 0.004341165280525238, 0, 0.0004325058944084139, -0.004322463722107293, 0, 0, 0, 0, 0, 0, 0.009213048415534246, 0.005439823078651207, 0, 0, 0, 0, 0, -0.002190157613469068, 0, 0, 0, 0, -0.002623597313036682, 0, 0, 0, 0, 0, 0.009712727689435036, 0, 0, 0, 0, 0, -0.002683722470954754, 0, -0.0025205815352810066, 0, 0, 0, 0, 0, -0.0023983665321305795, 0, -0.0021988401097927106, 0, 0, -0.0007298334866117153, 0, 0, 0, 0, 0, 0, 0, 0, 0.0012411457416135452, 0.0032882369097959074, 0, 0, 0, -0.0029875078585898563, 0, 0, 0, 0, 0, 0, 0, 0, 0, 0, 0, 0, 0, 0, 0, 0, 0, 0, 0, 0, 0.0005352195303693696, 0, 0, 0, -0.0027525738326943214, 0, 0, 0, -0.0025443884028415156, 0, 0, 0, 0, 0, 0.0018734431157164673, 0, 0, 0.012470846920593042, 0, 0, 0, 0, 0, 0, 0, 0, 0, 0, 0, 0, 0, 0, 0, 0, 0, 0, 0, -0.002599288300822329, 0, 0, 0, 0, 0, 0, -0.0028784161098208212, 0, 0, 0, 0, 0, 0, 0, 0, 0, -0.0007842857229041697, 0, 0.0005188461593017709, 0, 0, 0, 0, 0, 0, 0, 0, 0, 0, 0, 0, 0, 0, 0, 0, 0, 0, 0, 0, 0, 0, 0, 0, 0, 0.00032892762014570726, -0.0013617947445999856, 0, 0, 0, 0, 0, 0, -0.002261092074123236, 0, 0, 0, 0, 0, 0, 0, 0, 0, 0, 0.004730098834460435, 0, 0, 0, 0, 0, 0.0007494440602413385, -0.0018503805972986868, 0, 0.004032912234789817, 0, 0.001739108122492382, 0, 0, -0.002278100425160357, 0, 0, 0, -0.002105832587122385, 0, 0, 0, 0, 0, 0, 0, 0, 0, 0, 0, 0, 0, 0, 0, 0, -0.0024466020143084294, 0, 0, 0, 0, 0, 0.003938182201479666, -0.0021694880903140967, 0, 0, 0, 0, 0, -0.002600401266052952, 0, 0, 0, 0, -0.0021742050021722106, 0, 0, 0, 0.004291068333206595, 0, 0, -0.0022908436827278012, 0, 0, 0, 0, 0, 0, -0.0014614361959775894, 0, 0, 0, 0, 0, 0.009874230433634338, 0, 0, 0, 0, 0, 0, 0, 0, 0, 0, 0, 0, -0.0073525504299894445, 0, 0, 0, 0, 0, 0, 0, 0, 0, 0, 0, 0, -0.0020885234330418273, 0, 0, 0, 0, 0, 0, 0, 0, 0, 0, 0, 0, 0, 0.0031861588645056625, 0, 0.008761916178951347, 0, 0, 0, 0, 0.0008165312477012803, 0.0007668818149941381, 0, 0, 0, 0, 0, 0, 0, 0, 0, 0, 0, -0.0022694905702770798, 0, 0, 0, 0, 0, 0.0034071434840753792, 0, 0, 0, 0, -0.0023181546990882203, 0, 0, 0, 0, 0, 0, 0.003612664846452064, 0, 0, 0, -0.002206057690498082, 0, 0, 0, 0.00018259211560282484, 0, 0, 0, 0.004860994449641578, 0, 0.0023139328012938666, 0, 0, 0, 0, 0, 0, 0, -0.0026423791710527746, -0.0018553815562713863, 0, 0, 0, 0, 0, 0, 0, 0, -0.002329356803028422, 0, -0.002699333552506226, 0, 0, 0, 0, 0, 0, 0, 0, 0, 0, 0, 0.007666215222744914, 0, 0, 0, 0, 0, 0, 0, 0, 0, 0, 0, -0.0020413512631405287, 0, 0, 0, 0, 0, 0, -0.0024932247568074093, 0, 0, 0, 0, 0.0008143677430188774, 0, 0, 0, 0, 0, 0, -0.002153782982420164, 0, 8.02927905984314e-05, -0.001257949939114438, 0, 0, -0.0010106273212493093, 0, 0, -0.0019829914489151714, 0, -0.0015187198034233502, 0, 0, 0, 0.0022330200846988803, 0, 0, -0.0021609347363073747, 0, 0, -0.0021152221625791306, 0, 0, 0, 0, 0.0003276153436672074, -0.002603393032690481, 0, 0, 0, 0, 0, 0, 0, 0, 0, -0.0023246758442450107, 0, 0, 0, 0, -0.0023188655214878575, 0, 0, 0.0030777603538328013, 0, 0, 0, 0, 0, 0, 0, 0, 0, 0.003971336577721661, 0, 0, 0, 0, 0, 0, 0, 0, 0, 0, 0.0034757463311998926, -0.0031112009502628915, 0.00927011390643579, 0, 0, 0, 0, 0, 0]
Start Date: 2023-12-01
End Date: 2025-11-06
Sharpe Ratio: 0.015
Annualized Sharpe: 0.239
Sharpe 95% CI: (np.float64(-1.13), np.float64(1.353))
Sortino Ratio: 0.024
CAGR: 0.005
Calmar Ratio: 0.241
Daily Win Rate (%): 0.365
Max Drawdown: 0.022
Profit Factor: 1.087
Expectancy: 0.000117
Average Win: 0.004003
Average Loss: 0.002118
Total Trades: 115
Total Days: 606



Rolling 5 - Variant 3 - atr_0.25_9 - Fit Metrics
Contracts: [9, 9, 14, 13, 9, 10, 9, 10, 11, 8, 8, 8, 9, 5, 7, 9, 10, 10, 9, 7, 8, 7, 8, 8, 6, 6, 6, 6, 6, 6, 8, 10, 10, 10, 7, 7, 7, 7, 10, 5, 5, 6, 6, 6, 6, 6, 7, 8, 8, 6, 6, 7, 7, 6, 5, 7, 6, 7, 6, 8, 6, 9, 5, 6, 6, 8, 9, 9, 9, 5, 11, 6, 5, 7, 7, 10, 6, 11, 10, 12, 10, 9, 9, 9, 12, 7, 15, 10, 9, 10, 8, 9, 9, 11, 10, 10, 9, 8, 8, 8, 10, 12, 10, 12, 13, 9, 10, 13, 8, 10, 11, 9, 13, 10, 9, 10, 14, 8, 11, 7, 11, 10, 11, 13, 12, 10, 10, 10, 10, 14, 11, 11, 6, 11, 8, 13, 10, 10, 16, 15, 16, 13, 18, 16, 10, 13, 13, 13, 13, 12, 13, 13, 12, 13, 11, 10, 13, 11, 21, 18, 15, 11, 8, 15, 15, 15, 20, 20, 11, 11, 18, 15, 16, 10, 9, 10, 16, 16, 15, 7, 8, 7, 6, 6, 9, 9, 10, 7, 11, 7, 8, 8, 10, 9, 5, 11, 11, 10, 10, 12, 8, 12, 12, 13, 4, 4, 5, 8, 8, 7, 9, 6, 8, 9, 7, 9, 10, 10, 9, 9, 10, 8, 9, 10, 9, 9, 4, 9, 10, 11, 13, 7, 6, 9, 10, 9, 10, 12, 11, 12, 12, 12, 11, 18, 12, 12]
Trade Returns: [-0.0023168250000000002, 0.0007505388672109267, 0.014487516788512244, -0.0025017603595391055, -0.002174113873743027, -0.002351063636912138, 0.001186504549974602, -0.0005392311918729406, -0.002403680335727823, -0.0020986075956482397, 0.0011111254422876092, -0.002103021011516817, -0.0021460923325985295, 0.00301343912751589, 0.00036300185111982344, 0.004200969613144644, -0.002249059736662376, -0.000712169423279661, -0.0023650793172252734, -0.0016690431886309757, -0.002210865969953026, -0.0019387941376906627, -0.0022703104308374753, 0.0036413263346871173, -0.002302492447698335, -0.002496389385449491, -0.002729503165993781, 0.0014146667639300628, -0.00021535316632010848, 0.00035263724337039246, 0.008344017493605744, 0.005650899360981397, 0.0013260169452420552, -0.0025592933616299667, 0.00018803516262531116, 0.003109147169970049, -0.002181375150776887, -0.000814032401247406, -0.002191067203691032, 0.0020433296000770904, 0.0028965904616530982, 0.0038221753514469476, -0.00017446762563653066, 0.003919953228958627, 0.002829415799840747, -0.001992291218952235, -0.0003797476451435913, -3.3996570348908826e-05, -0.002502827357898408, -0.002026817930193264, -0.0019380924037953455, 0.0023577021009682435, 0.00841530817626906, 0.003545394649705201, -0.0004606464366268346, 0.012059116065244376, 0.011539532583864845, -0.0025921301146764183, -0.0016869824743832868, 0.0003000815332212379, -0.0027931300942535, -0.0023380714732422394, -0.0009552864444854572, -0.001853545566738902, -0.0017481542041207655, -0.001995768464983041, 0.001601050548621801, -0.0021915996074059647, -0.0027429478696834146, -0.0016802840268232615, -0.0019055603459106197, 0.003759863348028089, -0.0018992269385726113, 0.0017964523840708103, -0.0022092859556566385, -0.0018786629210852202, -0.0023057790646385523, 0.006594807810564904, -0.00283060984799559, -0.002724477571584083, 0.0013046926523178346, -0.0021563207713559953, -0.0025469880860424787, -0.002885200268865685, -0.0014996639812921854, -0.002803695964698, -0.0018864481554529372, -0.001709015300655822, 0.005707271302794842, -0.002380532406434254, 0.0006336295681850471, 0.002575913438533898, -0.002475914832331326, 0.004061914341321542, -0.0020731112835820145, 0.0030444863350422547, 0.003926334106814673, -0.002031034070414078, -0.0030792204711713278, -0.0025273918449203944, -0.002482194877917862, -0.00254023424524252, 0.0005780513313554281, -0.0016374613701312707, -0.0033265279101210962, -0.0013912863939617615, 0.015076217173786283, -0.0023767074385004504, -0.00229817490749951, -0.002056868447087488, -3.843303167128832e-05, -0.002321874606184142, -0.0027587188050145106, 0.0006418492588384354, 0.012179808273534149, -0.0025297471019239287, 0.007272291564152264, 0.0016049639438616575, -0.002212511442844081, -0.00223695195510439, 0.0034628515257621, -0.002709128680413342, 0.0042337990013184505, -0.002410089483393949, 0.0009386431437661473, -0.0021550419014421934, -0.001917564823812721, -0.0012728065423633186, -0.002344781145710363, -0.0024051998471395684, -0.00280541164791104]
Daily Returns: [-0.0023168250000000002, 0, 0, 0, 0.0007505388672109267, 0, 0, 0, 0, 0, 0.011985756428973138, 0, -0.002174113873743027, 0, -0.001164559086937536, 0, 0, 0, -0.0005392311918729406, 0, -0.002403680335727823, 0, 0, 0, 0, 0, 0, 0, 0, 0, 0, 0, 0, 0, 0, 0, 0, 0, 0, 0, 0, -0.0020986075956482397, 0.0011111254422876092, 0, 0, 0, 0, 0, 0, 0, 0, 0, 0, -0.002103021011516817, 0, 0, -0.0021460923325985295, 0, 0, 0, 0, 0, 0, 0, 0, 0, 0, 0, 0, 0, 0, 0, 0.00301343912751589, 0, 0, 0, 0, 0, 0, 0, 0, 0.00036300185111982344, 0, 0, 0.0012397404532026072, 0, 0, -0.0023650793172252734, 0, 0, 0, 0, -0.0016690431886309757, 0, 0, 0, 0, 0, 0, 0, 0, -0.002210865969953026, 0, 0, 0, 0, 0, -0.0019387941376906627, 0.001371015903849642, 0, 0, 0, 0, 0, 0, 0, 0, 0, 0, -0.002302492447698335, -0.005225892551443272, 0, 0.0014146667639300628, 0.00013728407705028398, 0, 0, 0, 0, 0, 0, 0, 0, 0, 0, 0, 0, 0, 0, 0, 0, 0, 0, 0.008344017493605744, 0, 0, 0, 0, 0.005650899360981397, 0.0013260169452420552, -0.0025592933616299667, 0, 0, 0, 0, 0, 0, 0, 0, 0, 0, 0, 0.00018803516262531116, 0.00011373961794575616, 0, 0, 0, 0, 0, 0, 0, 0, 0, 0, 0, 0, 0, 0, 0, 0, 0, 0, 0, 0, 0, 0, 0, -0.002191067203691032, 0, 0.0020433296000770904, 0, 0, 0.006544298187463515, 0.003919953228958627, 0, 0, 0, 0.002829415799840747, 0, -0.0023720388640958265, 0, 0, -3.3996570348908826e-05, 0, 0, 0, 0, 0, 0, 0, 0, -0.002502827357898408, 0, 0, 0, 0, 0, -0.002026817930193264, 0, -0.0019380924037953455, 0.0023577021009682435, 0, 0, 0.00841530817626906, 0, 0, 0, 0, 0.003545394649705201, 0, 0, 0, 0, 0, 0, 0, 0, 0, 0, 0, 0, 0, 0, 0, 0, 0, 0, 0, 0, 0, 0, 0, -0.0004606464366268346, 0, 0, 0, 0, 0, 0.012059116065244376, 0, 0, 0, 0, 0, 0, 0.008947402469188428, 0, 0, 0, -0.0016869824743832868, 0, 0.0003000815332212379, 0, 0, 0, 0, -0.0027931300942535, 0, 0, 0, 0, 0, 0, 0, 0, 0, 0, 0, 0, 0, 0, 0, 0, -0.0023380714732422394, 0, 0, 0, 0, 0, -0.0009552864444854572, 0, 0, 0, 0, 0, -0.001853545566738902, -0.0017481542041207655, 0, 0, 0, 0, 0, 0, 0, 0, 0, 0, 0, 0, -0.001995768464983041, 0, 0, 0.001601050548621801, 0, -0.0021915996074059647, 0, 0, 0, -0.0027429478696834146, 0, 0, 0, 0, -0.0016802840268232615, 0, 0, 0, 0, 0, 0, 0, -0.0019055603459106197, 0, 0.003759863348028089, 0, -0.0018992269385726113, 0, 0, 0, 0.0017964523840708103, 0, 0, 0, 0, 0, -0.0022092859556566385, 0, -0.0018786629210852202, 0, 0, 0, 0, 0, 0, -0.0023057790646385523, 0, 0.006594807810564904, -0.00283060984799559, 0, 0, 0, 0, 0, 0, 0, 0, 0, -0.002724477571584083, 0.0013046926523178346, 0, 0, -0.0021563207713559953, -0.0025469880860424787, 0, 0, -0.002885200268865685, 0, 0, 0, 0, 0, 0, 0, 0, 0, 0, 0, 0, -0.0014996639812921854, 0, 0, 0, 0, 0, 0, -0.004690144120150937, 0, 0, 0, -0.001709015300655822, 0, 0.005707271302794842, 0, -0.002380532406434254, 0, 0, 0, 0.0006336295681850471, 0, 0, 0, 0.002575913438533898, 0, -0.002475914832331326, 0, 0, 0, 0.004061914341321542, 0, 0, 0, -0.0020731112835820145, 0.0030444863350422547, 0, 0, 0.0018953000364005947, 0, 0, 0, 0, 0, 0, 0, 0, -0.0030792204711713278, 0, 0, 0, 0, 0, 0, 0, 0, 0, 0, -0.0025273918449203944, 0, -0.002482194877917862, 0, 0, 0, 0, -0.00254023424524252, 0, 0, 0, 0, 0, 0, 0, 0, 0, 0, 0, 0, 0, 0, 0, 0, 0.0005780513313554281, 0, 0, 0, 0, -0.0016374613701312707, 0, 0, -0.004717814304082858, 0, 0, 0, 0, 0, 0, 0, 0, 0, 0, 0.015076217173786283, 0, 0, 0, 0, 0, -0.0023767074385004504, 0, 0, 0, 0, 0, 0, 0, 0, -0.00229817490749951, 0, 0, -0.0020953014787587765, 0, 0, -0.002321874606184142, 0, 0, 0, 0, 0, 0, -0.0027587188050145106, 0, 0, 0, 0, 0, 0.0006418492588384354, 0, 0, 0.00965006117161022, 0, 0, 0, 0, 0, 0, 0, 0, 0.007272291564152264, 0, 0, 0, 0, 0, 0, 0, 0, 0, 0, 0, 0, 0, 0, 0, 0, 0, 0, 0, 0, 0.0016049639438616575, 0, 0, 0, 0, 0, 0, 0, 0, 0, -0.002212511442844081, 0.0012258995706577098, 0, 0, -0.002709128680413342, 0, 0.0042337990013184505, -0.002410089483393949, 0, 0, 0, 0.0009386431437661473, 0, -0.0021550419014421934, -0.001917564823812721, 0, 0, 0, 0, -0.0012728065423633186, 0, 0, 0, -0.004749980992849932, 0, 0, 0, 0, 0, 0, 0, 0, 0, 0, 0, 0, 0, -0.00280541164791104]
Start Date: 2021-12-17
End Date: 2023-11-30
Sharpe Ratio: 0.01
Annualized Sharpe: 0.165
Sharpe 95% CI: (np.float64(-1.297), np.float64(1.261))
Sortino Ratio: 0.019
CAGR: 0.004
Calmar Ratio: 0.096
Daily Win Rate (%): 0.351
Max Drawdown: 0.041
Profit Factor: 1.059
Expectancy: 7.8e-05
Average Win: 0.003997
Average Loss: 0.002043
Total Trades: 131
Total Days: 612

Rolling 5 - Variant 3 - atr_0.25_9 - Test Metrics
Contracts: [9, 9, 14, 13, 9, 10, 9, 10, 11, 8, 8, 8, 9, 5, 7, 9, 10, 10, 9, 7, 8, 7, 8, 8, 6, 6, 6, 6, 6, 6, 8, 10, 10, 10, 7, 7, 7, 7, 10, 5, 5, 6, 6, 6, 6, 6, 7, 8, 8, 6, 6, 7, 7, 6, 5, 7, 6, 7, 6, 8, 6, 9, 5, 6, 6, 8, 9, 9, 9, 5, 11, 6, 5, 7, 7, 10, 6, 11, 10, 12, 10, 9, 9, 9, 12, 7, 15, 10, 9, 10, 8, 9, 9, 11, 10, 10, 9, 8, 8, 8, 10, 12, 10, 12, 13, 9, 10, 13, 8, 10, 11, 9, 13, 10, 9, 10, 14, 8, 11, 7, 11, 10, 11, 13, 12, 10, 10, 10, 10, 14, 11, 11, 6, 11, 8, 13, 10, 10, 16, 15, 16, 13, 18, 16, 10, 13, 13, 13, 13, 12, 13, 13, 12, 13, 11, 10, 13, 11, 21, 18, 15, 11, 8, 15, 15, 15, 20, 20, 11, 11, 18, 15, 16, 10, 9, 10, 16, 16, 15, 7, 8, 7, 6, 6, 9, 9, 10, 7, 11, 7, 8, 8, 10, 9, 5, 11, 11, 10, 10, 12, 8, 12, 12, 13, 4, 4, 5, 8, 8, 7, 9, 6, 8, 9, 7, 9, 10, 10, 9, 9, 10, 8, 9, 10, 9, 9, 4, 9, 10, 11, 13, 7, 6, 9, 10, 9, 10, 12, 11, 12, 12, 12, 11, 18, 12, 12]
Trade Returns: [-0.0027975633311560465, -0.0005261243300824856, -0.0019070966588179174, -0.0021506213785947126, 0.003833098278484077, 0.00020626867955331928, 0.006706035768429531, -0.002244098599613694, -0.0026966442361237943, -0.002204786298341437, -0.001792918876705033, -0.002711133784013307, -0.0021167397243078375, -0.0005436227062193653, -0.002456923453828703, -0.0006288991729848872, 0.0028904348051227227, 0.0014549649108000493, 0.00043292634562185127, -0.002051925822659677, -0.0022747426107787893, 0.01025278198951893, -0.002342836785934037, 0.00545215589579042, -0.0021950960727477797, -0.0026261505459484083, 0.009734725013069575, -0.002689741950487702, -0.0025262503440128294, -0.0024037741392783484, -0.0022038090540384215, -0.0007314830103383812, 0.0012439529545567188, 0.003295664976067956, -0.002994234415029092, 0.0005364282289634726, -0.0027587867008278073, -0.002550147260549805, 0.001877694226090331, 0.016766066800712985, -0.002594170117727292, -0.0028727335627707945, -0.0007827329312770162, -0.0021666601808891534, 0.002684466765801407, 0.0021041776248968457, -0.0016441809389204098, -0.0013589200444311502, -0.002256312494277628, 0.004720077565921411, 0.0007478700688421788, -0.0018464973099814519, 0.0040244081775513965, 0.001952383055137436, -0.0022728267671318224, -0.0021009466132430855, -0.0024409376819046376, 0.003929042277380983, -0.0021644727427327357, -0.0025943636116089815, -0.0021691678474128734, 0.004281091192001543, -0.0022855109290719176, -0.001458026390166427, 0.009581268629513397, -0.0030761909474726016, -0.0025348204161144794, -0.0024154334486324535, -0.002409613188339073, -0.0020906119836943344, 0.0031893152245472713, -0.0027980985036567493, 0.011568835909474398, 0.0008173398331544326, 0.0007676406139644317, -0.0022717344182131864, 0.006071473640576428, -0.0026609378033042095, -0.002320444108762658, 0.003616240359187506, -0.0022082331942729883, 0.00018277286299779594, 0.0048657987282490585, 0.002316208662312384, -0.00020174952186614815, -0.0024432230301748366, 0.0005675080989962465, -0.002148217793952113, -3.779615410948439e-05, -0.002331095104382858, -0.0027013526587310217, 0.00484354951912506, -0.0021642177531247253, -0.002053024731620253, -0.002495094744789056, 0.0008190342859966936, -0.002166114629627636, 8.075351101121878e-05, -0.0012651674789820907, -0.0010164331827424255, -0.0019943949480361513, -0.001527470889740543, 0.0022459067580494732, -0.0021733774626711225, -0.0021274282029192567, 0.0003295099019089661, -0.0026184431673141363, -0.0023381500047438435, -0.0023323375040239557, 0.005495320697047445, -0.0023995616558178117, 0.003994391839781134, 0.0034958442067790706, -0.003129128236997664, 0.009323697602439429]
Daily Returns: [-0.0027975633311560465, 0, 0, 0, 0, 0, 0, 0, 0, -0.0005261243300824856, 0, -0.0019070966588179174, 0, 0, 0, 0, 0, 0, 0, 0, 0, 0, 0, 0, 0, 0, 0, 0, 0, 0, 0, 0, 0, 0, 0, 0, 0, 0, 0, 0, 0, 0, 0, 0, 0, 0, 0, 0, 0, 0, 0, 0, 0, 0, -0.0021506213785947126, 0, 0, 0, 0, 0.004039366958037396, 0.006706035768429531, 0, 0, -0.002244098599613694, 0, 0, 0, 0, 0, 0, 0, 0, 0, 0, 0, 0, -0.0026966442361237943, 0, 0, 0, 0, 0, -0.002204786298341437, 0, 0, 0, 0, 0, -0.001792918876705033, -0.002711133784013307, 0, 0, 0, 0, -0.0021167397243078375, -0.0005436227062193653, 0, 0, 0, 0, 0, 0, 0, 0, 0, 0, 0, 0, -0.002456923453828703, 0, 0, 0, 0, 0, 0, 0, 0, 0, 0, -0.0006288991729848872, 0.004345399715922772, 0, 0.00043292634562185127, -0.004326668433438466, 0, 0, 0, 0, 0, 0, 0.007909945203584892, 0.00545215589579042, 0, 0, 0, 0, 0, -0.0021950960727477797, 0, 0, 0, 0, -0.0026261505459484083, 0, 0, 0, 0, 0, 0.009734725013069575, 0, 0, 0, 0, 0, -0.002689741950487702, 0, -0.0025262503440128294, 0, 0, 0, 0, 0, -0.0024037741392783484, 0, -0.0022038090540384215, 0, 0, -0.0007314830103383812, 0, 0, 0, 0, 0, 0, 0, 0, 0.0012439529545567188, 0.003295664976067956, 0, 0, 0, -0.002994234415029092, 0, 0, 0, 0, 0, 0, 0, 0, 0, 0, 0, 0, 0, 0, 0, 0, 0, 0, 0, 0, 0.0005364282289634726, 0, 0, 0, -0.0027587867008278073, 0, 0, 0, -0.002550147260549805, 0, 0, 0, 0, 0, 0.001877694226090331, 0, 0, 0.016766066800712985, 0, 0, 0, 0, 0, 0, 0, 0, 0, 0, 0, 0, 0, 0, 0, 0, 0, 0, 0, -0.002594170117727292, 0, 0, 0, 0, 0, 0, -0.0028727335627707945, 0, 0, 0, 0, 0, 0, 0, 0, 0, -0.0007827329312770162, 0, 0.0005178065849122536, 0, 0, 0, 0, 0, 0, 0, 0, 0, 0, 0, 0, 0, 0, 0, 0, 0, 0, 0, 0, 0, 0, 0, 0, 0, 0.00045999668597643587, -0.0013589200444311502, 0, 0, 0, 0, 0, 0, -0.002256312494277628, 0, 0, 0, 0, 0, 0, 0, 0, 0, 0, 0.004720077565921411, 0, 0, 0, 0, 0, 0.0007478700688421788, -0.0018464973099814519, 0, 0.0040244081775513965, 0, 0.001952383055137436, 0, 0, -0.0022728267671318224, 0, 0, 0, -0.0021009466132430855, 0, 0, 0, 0, 0, 0, 0, 0, 0, 0, 0, 0, 0, 0, 0, 0, -0.0024409376819046376, 0, 0, 0, 0, 0, 0.003929042277380983, -0.0021644727427327357, 0, 0, 0, 0, 0, -0.0025943636116089815, 0, 0, 0, 0, -0.0021691678474128734, 0, 0, 0, 0.004281091192001543, 0, 0, -0.0022855109290719176, 0, 0, 0, 0, 0, 0, -0.001458026390166427, 0, 0, 0, 0, 0, 0.006505077682040795, 0, 0, 0, 0, 0, 0, 0, 0, 0, 0, 0, 0, -0.007359867053086006, 0, 0, 0, 0, 0, 0, 0, 0, 0, 0, 0, 0, -0.0020906119836943344, 0, 0, 0, 0, 0, 0, 0, 0, 0, 0, 0, 0, 0, 0.0031893152245472713, 0, 0.00877073740581765, 0, 0, 0, 0, 0.0008173398331544326, 0.0007676406139644317, 0, 0, 0, 0, 0, 0, 0, 0, 0, 0, 0, -0.0022717344182131864, 0, 0, 0, 0, 0, 0.0034105358372722183, 0, 0, 0, 0, -0.002320444108762658, 0, 0, 0, 0, 0, 0, 0.003616240359187506, 0, 0, 0, -0.0022082331942729883, 0, 0, 0, 0.00018277286299779594, 0, 0, 0, 0.0048657987282490585, 0, 0.002316208662312384, 0, 0, 0, 0, 0, 0, 0, -0.0026449725520409847, -0.0016185058490653507, 0, 0, 0, 0, 0, 0, 0, 0, -0.002331095104382858, 0, -0.0027013526587310217, 0, 0, 0, 0, 0, 0, 0, 0, 0, 0, 0, 0.0026793317660003344, 0, 0, 0, 0, 0, 0, 0, 0, 0, 0, 0, -0.002053024731620253, 0, 0, 0, 0, 0, 0, -0.002495094744789056, 0, 0, 0, 0, 0.0008190342859966936, 0, 0, 0, 0, 0, 0, -0.002166114629627636, 0, 8.075351101121878e-05, -0.0012651674789820907, 0, 0, -0.0010164331827424255, 0, 0, -0.0019943949480361513, 0, -0.001527470889740543, 0, 0, 0, 0.0022459067580494732, 0, 0, -0.0021733774626711225, 0, 0, -0.0021274282029192567, 0, 0, 0, 0, 0.0003295099019089661, -0.0026184431673141363, 0, 0, 0, 0, 0, 0, 0, 0, 0, -0.0023381500047438435, 0, 0, 0, 0, -0.0023323375040239557, 0, 0, 0.003095759041229633, 0, 0, 0, 0, 0, 0, 0, 0, 0, 0.003994391839781134, 0, 0, 0, 0, 0, 0, 0, 0, 0, 0, 0.0034958442067790706, -0.003129128236997664, 0.009323697602439429, 0, 0, 0, 0, 0, 0]
Start Date: 2023-12-01
End Date: 2025-11-06
Sharpe Ratio: 0.01
Annualized Sharpe: 0.155
Sharpe 95% CI: (np.float64(-1.267), np.float64(1.276))
Sortino Ratio: 0.015
CAGR: 0.003
Calmar Ratio: 0.125
Daily Win Rate (%): 0.365
Max Drawdown: 0.027
Profit Factor: 1.056
Expectancy: 7.6e-05
Average Win: 0.003888
Average Loss: 0.002118
Total Trades: 115
Total Days: 606



Rolling 5 - Variant 4 - atr_0.25_10 - Fit Metrics
Contracts: [9, 9, 14, 13, 9, 10, 9, 10, 11, 8, 8, 8, 9, 5, 7, 9, 10, 10, 9, 7, 8, 7, 8, 8, 6, 6, 6, 6, 6, 6, 8, 10, 10, 10, 7, 7, 7, 7, 10, 5, 5, 6, 6, 6, 6, 6, 7, 8, 8, 6, 6, 7, 7, 6, 5, 7, 6, 7, 6, 8, 6, 9, 5, 6, 6, 8, 9, 9, 9, 5, 11, 6, 5, 7, 7, 10, 6, 11, 10, 12, 10, 9, 9, 9, 12, 7, 15, 10, 9, 10, 8, 9, 9, 11, 10, 10, 9, 8, 8, 8, 10, 12, 10, 12, 13, 9, 10, 13, 8, 10, 11, 9, 13, 10, 9, 10, 14, 8, 11, 7, 11, 10, 11, 13, 12, 10, 10, 10, 10, 14, 11, 11, 6, 11, 8, 13, 10, 10, 16, 15, 16, 13, 18, 16, 10, 13, 13, 13, 13, 12, 13, 13, 12, 13, 11, 10, 13, 11, 21, 18, 15, 11, 8, 15, 15, 15, 20, 20, 11, 11, 18, 15, 16, 10, 9, 10, 16, 16, 15, 7, 8, 7, 6, 6, 9, 9, 10, 7, 11, 7, 8, 8, 10, 9, 5, 11, 11, 10, 10, 12, 8, 12, 12, 13, 4, 4, 5, 8, 8, 7, 9, 6, 8, 9, 7, 9, 10, 10, 9, 9, 10, 8, 9, 10, 9, 9, 4, 9, 10, 11, 13, 7, 6, 9, 10, 9, 10, 12, 11, 12, 12, 12, 11, 18, 12, 12]
Trade Returns: [-0.0023168250000000002, 0.0007505388672109267, 0.014487516788512244, -0.0025017603595391055, -0.002174113873743027, -0.002351063636912138, 0.001186504549974602, -0.0005392311918729406, -0.002403680335727823, -0.0020986075956482397, 0.0011111254422876092, -0.002103021011516817, -0.0021460923325985295, 0.00301343912751589, 0.00036300185111982344, 0.004200969613144644, -0.002249059736662376, -0.000712169423279661, -0.0023650793172252734, -0.0016690431886309757, -0.002210865969953026, -0.0019387941376906627, -0.0022703104308374753, 0.0036413263346871173, -0.002302492447698335, -0.002496389385449491, -0.002729503165993781, 0.0014146667639300628, -0.00021535316632010848, 0.00035263724337039246, 0.008344017493605744, 0.005650899360981397, 0.0013260169452420552, -0.0025592933616299667, 0.00018803516262531116, 0.003109147169970049, -0.002181375150776887, -0.000814032401247406, -0.002191067203691032, 0.0020433296000770904, 0.0028965904616530982, 0.0038221753514469476, -0.00017446762563653066, 0.003919953228958627, 0.002829415799840747, -0.001992291218952235, -0.0003797476451435913, -3.3996570348908826e-05, -0.002502827357898408, -0.002026817930193264, -0.0019380924037953455, 0.0023577021009682435, 0.00841530817626906, 0.003545394649705201, -0.0004606464366268346, 0.012059116065244376, 0.011539532583864845, -0.0025921301146764183, -0.0016869824743832868, 0.0003000815332212379, -0.0027931300942535, -0.0023380714732422394, -0.0009552864444854572, -0.001853545566738902, -0.0017481542041207655, -0.001995768464983041, 0.001601050548621801, -0.0021915996074059647, -0.0027429478696834146, -0.0016802840268232615, -0.0019055603459106197, 0.003759863348028089, -0.0018992269385726113, 0.0017964523840708103, -0.0022092859556566385, -0.0018786629210852202, -0.0023057790646385523, 0.006594807810564904, -0.00283060984799559, -0.002724477571584083, 0.0013046926523178346, -0.0021563207713559953, -0.0025469880860424787, -0.002885200268865685, -0.0014996639812921854, -0.002803695964698, -0.0018864481554529372, -0.001709015300655822, 0.005707271302794842, -0.002380532406434254, 0.0006336295681850471, 0.002575913438533898, -0.002475914832331326, 0.004061914341321542, -0.0020731112835820145, 0.0030444863350422547, 0.003926334106814673, -0.002031034070414078, -0.0030792204711713278, -0.0025273918449203944, -0.002482194877917862, -0.00254023424524252, 0.0005780513313554281, -0.0016374613701312707, -0.0033265279101210962, -0.0013912863939617615, 0.015076217173786283, -0.0023767074385004504, -0.00229817490749951, -0.002056868447087488, -3.843303167128832e-05, -0.002321874606184142, -0.0027587188050145106, 0.0006418492588384354, 0.012179808273534149, -0.0025297471019239287, 0.007272291564152264, 0.0016049639438616575, -0.002212511442844081, -0.00223695195510439, 0.0034628515257621, -0.002709128680413342, 0.0042337990013184505, -0.002410089483393949, 0.0009386431437661473, -0.0021550419014421934, -0.001917564823812721, -0.0012728065423633186, -0.002344781145710363, -0.0024051998471395684, -0.00280541164791104]
Daily Returns: [-0.0023168250000000002, 0, 0, 0, 0.0007505388672109267, 0, 0, 0, 0, 0, 0.011985756428973138, 0, -0.002174113873743027, 0, -0.001164559086937536, 0, 0, 0, -0.0005392311918729406, 0, -0.002403680335727823, 0, 0, 0, 0, 0, 0, 0, 0, 0, 0, 0, 0, 0, 0, 0, 0, 0, 0, 0, 0, -0.0020986075956482397, 0.0011111254422876092, 0, 0, 0, 0, 0, 0, 0, 0, 0, 0, -0.002103021011516817, 0, 0, -0.0021460923325985295, 0, 0, 0, 0, 0, 0, 0, 0, 0, 0, 0, 0, 0, 0, 0, 0.00301343912751589, 0, 0, 0, 0, 0, 0, 0, 0, 0.00036300185111982344, 0, 0, 0.0012397404532026072, 0, 0, -0.0023650793172252734, 0, 0, 0, 0, -0.0016690431886309757, 0, 0, 0, 0, 0, 0, 0, 0, -0.002210865969953026, 0, 0, 0, 0, 0, -0.0019387941376906627, 0.001371015903849642, 0, 0, 0, 0, 0, 0, 0, 0, 0, 0, -0.002302492447698335, -0.005225892551443272, 0, 0.0014146667639300628, 0.00013728407705028398, 0, 0, 0, 0, 0, 0, 0, 0, 0, 0, 0, 0, 0, 0, 0, 0, 0, 0, 0.008344017493605744, 0, 0, 0, 0, 0.005650899360981397, 0.0013260169452420552, -0.0025592933616299667, 0, 0, 0, 0, 0, 0, 0, 0, 0, 0, 0, 0.00018803516262531116, 0.00011373961794575616, 0, 0, 0, 0, 0, 0, 0, 0, 0, 0, 0, 0, 0, 0, 0, 0, 0, 0, 0, 0, 0, 0, 0, -0.002191067203691032, 0, 0.0020433296000770904, 0, 0, 0.006544298187463515, 0.003919953228958627, 0, 0, 0, 0.002829415799840747, 0, -0.0023720388640958265, 0, 0, -3.3996570348908826e-05, 0, 0, 0, 0, 0, 0, 0, 0, -0.002502827357898408, 0, 0, 0, 0, 0, -0.002026817930193264, 0, -0.0019380924037953455, 0.0023577021009682435, 0, 0, 0.00841530817626906, 0, 0, 0, 0, 0.003545394649705201, 0, 0, 0, 0, 0, 0, 0, 0, 0, 0, 0, 0, 0, 0, 0, 0, 0, 0, 0, 0, 0, 0, 0, -0.0004606464366268346, 0, 0, 0, 0, 0, 0.012059116065244376, 0, 0, 0, 0, 0, 0, 0.008947402469188428, 0, 0, 0, -0.0016869824743832868, 0, 0.0003000815332212379, 0, 0, 0, 0, -0.0027931300942535, 0, 0, 0, 0, 0, 0, 0, 0, 0, 0, 0, 0, 0, 0, 0, 0, -0.0023380714732422394, 0, 0, 0, 0, 0, -0.0009552864444854572, 0, 0, 0, 0, 0, -0.001853545566738902, -0.0017481542041207655, 0, 0, 0, 0, 0, 0, 0, 0, 0, 0, 0, 0, -0.001995768464983041, 0, 0, 0.001601050548621801, 0, -0.0021915996074059647, 0, 0, 0, -0.0027429478696834146, 0, 0, 0, 0, -0.0016802840268232615, 0, 0, 0, 0, 0, 0, 0, -0.0019055603459106197, 0, 0.003759863348028089, 0, -0.0018992269385726113, 0, 0, 0, 0.0017964523840708103, 0, 0, 0, 0, 0, -0.0022092859556566385, 0, -0.0018786629210852202, 0, 0, 0, 0, 0, 0, -0.0023057790646385523, 0, 0.006594807810564904, -0.00283060984799559, 0, 0, 0, 0, 0, 0, 0, 0, 0, -0.002724477571584083, 0.0013046926523178346, 0, 0, -0.0021563207713559953, -0.0025469880860424787, 0, 0, -0.002885200268865685, 0, 0, 0, 0, 0, 0, 0, 0, 0, 0, 0, 0, -0.0014996639812921854, 0, 0, 0, 0, 0, 0, -0.004690144120150937, 0, 0, 0, -0.001709015300655822, 0, 0.005707271302794842, 0, -0.002380532406434254, 0, 0, 0, 0.0006336295681850471, 0, 0, 0, 0.002575913438533898, 0, -0.002475914832331326, 0, 0, 0, 0.004061914341321542, 0, 0, 0, -0.0020731112835820145, 0.0030444863350422547, 0, 0, 0.0018953000364005947, 0, 0, 0, 0, 0, 0, 0, 0, -0.0030792204711713278, 0, 0, 0, 0, 0, 0, 0, 0, 0, 0, -0.0025273918449203944, 0, -0.002482194877917862, 0, 0, 0, 0, -0.00254023424524252, 0, 0, 0, 0, 0, 0, 0, 0, 0, 0, 0, 0, 0, 0, 0, 0, 0.0005780513313554281, 0, 0, 0, 0, -0.0016374613701312707, 0, 0, -0.004717814304082858, 0, 0, 0, 0, 0, 0, 0, 0, 0, 0, 0.015076217173786283, 0, 0, 0, 0, 0, -0.0023767074385004504, 0, 0, 0, 0, 0, 0, 0, 0, -0.00229817490749951, 0, 0, -0.0020953014787587765, 0, 0, -0.002321874606184142, 0, 0, 0, 0, 0, 0, -0.0027587188050145106, 0, 0, 0, 0, 0, 0.0006418492588384354, 0, 0, 0.00965006117161022, 0, 0, 0, 0, 0, 0, 0, 0, 0.007272291564152264, 0, 0, 0, 0, 0, 0, 0, 0, 0, 0, 0, 0, 0, 0, 0, 0, 0, 0, 0, 0, 0.0016049639438616575, 0, 0, 0, 0, 0, 0, 0, 0, 0, -0.002212511442844081, 0.0012258995706577098, 0, 0, -0.002709128680413342, 0, 0.0042337990013184505, -0.002410089483393949, 0, 0, 0, 0.0009386431437661473, 0, -0.0021550419014421934, -0.001917564823812721, 0, 0, 0, 0, -0.0012728065423633186, 0, 0, 0, -0.004749980992849932, 0, 0, 0, 0, 0, 0, 0, 0, 0, 0, 0, 0, 0, -0.00280541164791104]
Start Date: 2021-12-17
End Date: 2023-11-30
Sharpe Ratio: 0.01
Annualized Sharpe: 0.165
Sharpe 95% CI: (np.float64(-1.297), np.float64(1.261))
Sortino Ratio: 0.019
CAGR: 0.004
Calmar Ratio: 0.096
Daily Win Rate (%): 0.351
Max Drawdown: 0.041
Profit Factor: 1.059
Expectancy: 7.8e-05
Average Win: 0.003997
Average Loss: 0.002043
Total Trades: 131
Total Days: 612

Rolling 5 - Variant 4 - atr_0.25_10 - Test Metrics
Contracts: [9, 9, 14, 13, 9, 10, 9, 10, 11, 8, 8, 8, 9, 5, 7, 9, 10, 10, 9, 7, 8, 7, 8, 8, 6, 6, 6, 6, 6, 6, 8, 10, 10, 10, 7, 7, 7, 7, 10, 5, 5, 6, 6, 6, 6, 6, 7, 8, 8, 6, 6, 7, 7, 6, 5, 7, 6, 7, 6, 8, 6, 9, 5, 6, 6, 8, 9, 9, 9, 5, 11, 6, 5, 7, 7, 10, 6, 11, 10, 12, 10, 9, 9, 9, 12, 7, 15, 10, 9, 10, 8, 9, 9, 11, 10, 10, 9, 8, 8, 8, 10, 12, 10, 12, 13, 9, 10, 13, 8, 10, 11, 9, 13, 10, 9, 10, 14, 8, 11, 7, 11, 10, 11, 13, 12, 10, 10, 10, 10, 14, 11, 11, 6, 11, 8, 13, 10, 10, 16, 15, 16, 13, 18, 16, 10, 13, 13, 13, 13, 12, 13, 13, 12, 13, 11, 10, 13, 11, 21, 18, 15, 11, 8, 15, 15, 15, 20, 20, 11, 11, 18, 15, 16, 10, 9, 10, 16, 16, 15, 7, 8, 7, 6, 6, 9, 9, 10, 7, 11, 7, 8, 8, 10, 9, 5, 11, 11, 10, 10, 12, 8, 12, 12, 13, 4, 4, 5, 8, 8, 7, 9, 6, 8, 9, 7, 9, 10, 10, 9, 9, 10, 8, 9, 10, 9, 9, 4, 9, 10, 11, 13, 7, 6, 9, 10, 9, 10, 12, 11, 12, 12, 12, 11, 18, 12, 12]
Trade Returns: [-0.0027975633311560465, -0.0005261243300824856, -0.0019070966588179174, -0.0021506213785947126, 0.003833098278484077, 0.00020626867955331928, 0.006706035768429531, -0.002244098599613694, -0.0026966442361237943, -0.002204786298341437, -0.001792918876705033, -0.002711133784013307, -0.0021167397243078375, -0.0005436227062193653, -0.002456923453828703, -0.0006288991729848872, 0.0028904348051227227, 0.0014549649108000493, 0.00043292634562185127, -0.002051925822659677, -0.0022747426107787893, 0.01025278198951893, -0.002342836785934037, 0.00545215589579042, -0.0021950960727477797, -0.0026261505459484083, 0.009734725013069575, -0.002689741950487702, -0.0025262503440128294, -0.0024037741392783484, -0.0022038090540384215, -0.0007314830103383812, 0.0012439529545567188, 0.003295664976067956, -0.002994234415029092, 0.0005364282289634726, -0.0027587867008278073, -0.002550147260549805, 0.001877694226090331, 0.016766066800712985, -0.002594170117727292, -0.0028727335627707945, -0.0007827329312770162, -0.0021666601808891534, 0.002684466765801407, 0.0021041776248968457, -0.0016441809389204098, -0.0013589200444311502, -0.002256312494277628, 0.004720077565921411, 0.0007478700688421788, -0.0018464973099814519, 0.0040244081775513965, 0.001952383055137436, -0.0022728267671318224, -0.0021009466132430855, -0.0024409376819046376, 0.003929042277380983, -0.0021644727427327357, -0.0025943636116089815, -0.0021691678474128734, 0.004281091192001543, -0.0022855109290719176, -0.001458026390166427, 0.009581268629513397, -0.0030761909474726016, -0.0025348204161144794, -0.0024154334486324535, -0.002409613188339073, -0.0020906119836943344, 0.0031893152245472713, -0.0027980985036567493, 0.011568835909474398, 0.0008173398331544326, 0.0007676406139644317, -0.0022717344182131864, 0.006071473640576428, -0.0026609378033042095, -0.002320444108762658, 0.003616240359187506, -0.0022082331942729883, 0.00018277286299779594, 0.0048657987282490585, 0.002316208662312384, -0.00020174952186614815, -0.0024432230301748366, 0.0005675080989962465, -0.002148217793952113, -3.779615410948439e-05, -0.002331095104382858, -0.0027013526587310217, 0.00484354951912506, -0.0021642177531247253, -0.002053024731620253, -0.002495094744789056, 0.0008190342859966936, -0.002166114629627636, 8.075351101121878e-05, -0.0012651674789820907, -0.0010164331827424255, -0.0019943949480361513, -0.001527470889740543, 0.0022459067580494732, -0.0021733774626711225, -0.0021274282029192567, 0.0003295099019089661, -0.0026184431673141363, -0.0023381500047438435, -0.0023323375040239557, 0.005495320697047445, -0.0023995616558178117, 0.003994391839781134, 0.0034958442067790706, -0.003129128236997664, 0.009323697602439429]
Daily Returns: [-0.0027975633311560465, 0, 0, 0, 0, 0, 0, 0, 0, -0.0005261243300824856, 0, -0.0019070966588179174, 0, 0, 0, 0, 0, 0, 0, 0, 0, 0, 0, 0, 0, 0, 0, 0, 0, 0, 0, 0, 0, 0, 0, 0, 0, 0, 0, 0, 0, 0, 0, 0, 0, 0, 0, 0, 0, 0, 0, 0, 0, 0, -0.0021506213785947126, 0, 0, 0, 0, 0.004039366958037396, 0.006706035768429531, 0, 0, -0.002244098599613694, 0, 0, 0, 0, 0, 0, 0, 0, 0, 0, 0, 0, -0.0026966442361237943, 0, 0, 0, 0, 0, -0.002204786298341437, 0, 0, 0, 0, 0, -0.001792918876705033, -0.002711133784013307, 0, 0, 0, 0, -0.0021167397243078375, -0.0005436227062193653, 0, 0, 0, 0, 0, 0, 0, 0, 0, 0, 0, 0, -0.002456923453828703, 0, 0, 0, 0, 0, 0, 0, 0, 0, 0, -0.0006288991729848872, 0.004345399715922772, 0, 0.00043292634562185127, -0.004326668433438466, 0, 0, 0, 0, 0, 0, 0.007909945203584892, 0.00545215589579042, 0, 0, 0, 0, 0, -0.0021950960727477797, 0, 0, 0, 0, -0.0026261505459484083, 0, 0, 0, 0, 0, 0.009734725013069575, 0, 0, 0, 0, 0, -0.002689741950487702, 0, -0.0025262503440128294, 0, 0, 0, 0, 0, -0.0024037741392783484, 0, -0.0022038090540384215, 0, 0, -0.0007314830103383812, 0, 0, 0, 0, 0, 0, 0, 0, 0.0012439529545567188, 0.003295664976067956, 0, 0, 0, -0.002994234415029092, 0, 0, 0, 0, 0, 0, 0, 0, 0, 0, 0, 0, 0, 0, 0, 0, 0, 0, 0, 0, 0.0005364282289634726, 0, 0, 0, -0.0027587867008278073, 0, 0, 0, -0.002550147260549805, 0, 0, 0, 0, 0, 0.001877694226090331, 0, 0, 0.016766066800712985, 0, 0, 0, 0, 0, 0, 0, 0, 0, 0, 0, 0, 0, 0, 0, 0, 0, 0, 0, -0.002594170117727292, 0, 0, 0, 0, 0, 0, -0.0028727335627707945, 0, 0, 0, 0, 0, 0, 0, 0, 0, -0.0007827329312770162, 0, 0.0005178065849122536, 0, 0, 0, 0, 0, 0, 0, 0, 0, 0, 0, 0, 0, 0, 0, 0, 0, 0, 0, 0, 0, 0, 0, 0, 0, 0.00045999668597643587, -0.0013589200444311502, 0, 0, 0, 0, 0, 0, -0.002256312494277628, 0, 0, 0, 0, 0, 0, 0, 0, 0, 0, 0.004720077565921411, 0, 0, 0, 0, 0, 0.0007478700688421788, -0.0018464973099814519, 0, 0.0040244081775513965, 0, 0.001952383055137436, 0, 0, -0.0022728267671318224, 0, 0, 0, -0.0021009466132430855, 0, 0, 0, 0, 0, 0, 0, 0, 0, 0, 0, 0, 0, 0, 0, 0, -0.0024409376819046376, 0, 0, 0, 0, 0, 0.003929042277380983, -0.0021644727427327357, 0, 0, 0, 0, 0, -0.0025943636116089815, 0, 0, 0, 0, -0.0021691678474128734, 0, 0, 0, 0.004281091192001543, 0, 0, -0.0022855109290719176, 0, 0, 0, 0, 0, 0, -0.001458026390166427, 0, 0, 0, 0, 0, 0.006505077682040795, 0, 0, 0, 0, 0, 0, 0, 0, 0, 0, 0, 0, -0.007359867053086006, 0, 0, 0, 0, 0, 0, 0, 0, 0, 0, 0, 0, -0.0020906119836943344, 0, 0, 0, 0, 0, 0, 0, 0, 0, 0, 0, 0, 0, 0.0031893152245472713, 0, 0.00877073740581765, 0, 0, 0, 0, 0.0008173398331544326, 0.0007676406139644317, 0, 0, 0, 0, 0, 0, 0, 0, 0, 0, 0, -0.0022717344182131864, 0, 0, 0, 0, 0, 0.0034105358372722183, 0, 0, 0, 0, -0.002320444108762658, 0, 0, 0, 0, 0, 0, 0.003616240359187506, 0, 0, 0, -0.0022082331942729883, 0, 0, 0, 0.00018277286299779594, 0, 0, 0, 0.0048657987282490585, 0, 0.002316208662312384, 0, 0, 0, 0, 0, 0, 0, -0.0026449725520409847, -0.0016185058490653507, 0, 0, 0, 0, 0, 0, 0, 0, -0.002331095104382858, 0, -0.0027013526587310217, 0, 0, 0, 0, 0, 0, 0, 0, 0, 0, 0, 0.0026793317660003344, 0, 0, 0, 0, 0, 0, 0, 0, 0, 0, 0, -0.002053024731620253, 0, 0, 0, 0, 0, 0, -0.002495094744789056, 0, 0, 0, 0, 0.0008190342859966936, 0, 0, 0, 0, 0, 0, -0.002166114629627636, 0, 8.075351101121878e-05, -0.0012651674789820907, 0, 0, -0.0010164331827424255, 0, 0, -0.0019943949480361513, 0, -0.001527470889740543, 0, 0, 0, 0.0022459067580494732, 0, 0, -0.0021733774626711225, 0, 0, -0.0021274282029192567, 0, 0, 0, 0, 0.0003295099019089661, -0.0026184431673141363, 0, 0, 0, 0, 0, 0, 0, 0, 0, -0.0023381500047438435, 0, 0, 0, 0, -0.0023323375040239557, 0, 0, 0.003095759041229633, 0, 0, 0, 0, 0, 0, 0, 0, 0, 0.003994391839781134, 0, 0, 0, 0, 0, 0, 0, 0, 0, 0, 0.0034958442067790706, -0.003129128236997664, 0.009323697602439429, 0, 0, 0, 0, 0, 0]
Start Date: 2023-12-01
End Date: 2025-11-06
Sharpe Ratio: 0.01
Annualized Sharpe: 0.155
Sharpe 95% CI: (np.float64(-1.267), np.float64(1.276))
Sortino Ratio: 0.015
CAGR: 0.003
Calmar Ratio: 0.125
Daily Win Rate (%): 0.365
Max Drawdown: 0.027
Profit Factor: 1.056
Expectancy: 7.6e-05
Average Win: 0.003888
Average Loss: 0.002118
Total Trades: 115
Total Days: 606



Rolling 6 - Variant 0 - atr_0.25_7 - Fit Metrics
Contracts: [9, 9, 14, 13, 9, 10, 9, 10, 11, 8, 8, 8, 9, 5, 7, 9, 10, 10, 9, 7, 8, 7, 8, 8, 6, 6, 6, 6, 6, 6, 8, 10, 10, 10, 7, 7, 7, 7, 10, 5, 5, 6, 6, 6, 6, 6, 7, 8, 8, 6, 6, 7, 7, 6, 5, 7, 6, 7, 6, 8, 6, 9, 5, 6, 6, 8, 9, 9, 9, 5, 11, 6, 5, 7, 7, 10, 6, 11, 10, 12, 10, 9, 9, 9, 12, 7, 15, 10, 9, 10, 8, 9, 9, 11, 10, 10, 9, 8, 8, 8, 10, 12, 10, 12, 13, 9, 10, 13, 8, 10, 11, 9, 13, 10, 9, 10, 14, 8, 11, 7, 11, 10, 11, 13, 12, 10, 10, 10, 10, 14, 11, 11, 6, 11, 8, 13, 10, 10, 16, 15, 16, 13, 18, 16, 10, 13, 13, 13, 13, 12, 13, 13, 12, 13, 11, 10, 13, 11, 21, 18, 15, 11, 8, 15, 15, 15, 20, 20, 11, 11, 18, 15, 16, 10, 9, 10, 16, 16, 15, 7, 8, 7, 6, 6, 9, 9, 10, 7, 11, 7, 8, 8, 10, 9, 5, 11, 11, 10, 10, 12, 8, 12, 12, 13, 4, 4, 5, 8, 8, 7, 9, 6, 8, 10, 7, 9, 10, 10, 10, 9, 10, 8, 9, 10, 9, 9, 4, 9, 10, 11, 13, 7, 6, 9, 10, 9, 10, 12, 11, 12, 12, 12, 11, 18, 12, 12]
Trade Returns: [-0.0023168250000000002, 0.0007505388672109267, 0.014487516788512308, -0.0025017603595391055, -0.002174113873743027, -0.002351063636912138, 0.001186504549974602, -0.0005392311918729406, -0.002403680335727823, -0.0020986075956482397, 0.0011111254422876092, -0.002103021011516817, -0.0021460923325985295, 0.00301343912751589, 0.00036300185111982344, 0.004200969613144644, -0.002249059736662376, -0.000712169423279661, -0.0023650793172252734, -0.0016690431886309757, -0.002210865969953026, -0.0019387941376906627, -0.0022703104308374753, 0.0036413263346871173, -0.002302492447698335, -0.002496389385449491, -0.002729503165993781, 0.0014146667639300628, -0.00021535316632010848, 0.00035263724337039246, 0.008344017493605744, 0.005650899360981397, 0.0013260169452420552, -0.0025592933616299667, 0.00018803516262531116, 0.003109147169970049, -0.002181375150776887, -0.000814032401247406, -0.002191067203691032, 0.0020433296000770904, 0.0028965904616530982, 0.0038221753514469476, -0.00017446762563653066, 0.003919953228958627, 0.002829415799840747, -0.001992291218952235, -0.0003797476451435913, -3.3996570348908826e-05, -0.002502827357898408, -0.002026817930193264, -0.0019380924037953455, 0.0023577021009682435, 0.00841530817626906, 0.003545394649705201, -0.0004606464366268346, 0.012059116065244376, 0.011539532583864845, -0.0025921301146764183, -0.0016869824743832868, 0.0003000815332212379, -0.0027931300942535, -0.0023380714732422394, -0.0009552864444854572, -0.001853545566738902, -0.0017481542041207655, -0.001995768464983041, 0.001601050548621801, -0.0021915996074059647, -0.0027429478696834146, -0.0016802840268232615, -0.0019055603459106197, 0.003759863348028089, -0.0018992269385726113, 0.0017964523840708103, -0.0022092859556566385, -0.0018786629210852202, -0.0023057790646385523, 0.006594807810564904, -0.00283060984799559, -0.002724477571584083, 0.0013046926523178346, -0.0021563207713559953, -0.0025469880860424787, -0.002885200268865685, -0.0014996639812921854, -0.002803695964698, -0.0018864481554529372, -0.001709015300655822, 0.005707271302794842, -0.002380532406434254, 0.0006336295681850471, 0.002575913438533898, -0.002475914832331326, 0.004061914341321542, -0.0020731112835820145, 0.0030444863350422547, 0.003926334106814673, -0.002031034070414078, -0.0030792204711713278, -0.0025273918449203944, -0.002482194877917862, -0.00254023424524252, 0.0005780513313554281, -0.0016374613701312707, -0.0033265279101210962, -0.0013912863939617615, 0.01743553712090171, -0.0023711961180643867, -0.002292833028633407, -0.00205207647388019, -3.834330849697116e-05, -0.002321874606184142, -0.002752278238433926, 0.0006403466476089924, 0.012151240690500465, -0.002523828587871323, 0.007255439274420793, 0.0016012544009605175, -0.0022074234330038555, -0.002231796359971362, 0.0034548606545900724, -0.0027028840129731174, 0.004223995792513567, -0.002404522426544498, 0.0009364788912326277, -0.002150077617386488, -0.001913153204110544, -0.0012698611613551833, -0.0023393482265789446, -0.0023996473691615334, -0.0027988779580039535, -0.0027910661046044445, -0.0005248932263600319, -0.0019026426418240886, -0.0021455863929641357, 0.003824085195269055, 0.00020578551050795597, 0.00669033061014322, -0.0022388779747204365, -0.0026903567414226556, -0.0021996134041470036, -0.0017887272306937457, -0.0027047840952552356, -0.002111768707705042, -0.0005423433442373395]
Daily Returns: [-0.0023168250000000002, 0, 0, 0, 0.0007505388672109267, 0, 0, 0, 0, 0, 0.011985756428973203, 0, -0.002174113873743027, 0, -0.001164559086937536, 0, 0, 0, -0.0005392311918729406, 0, -0.002403680335727823, 0, 0, 0, 0, 0, 0, 0, 0, 0, 0, 0, 0, 0, 0, 0, 0, 0, 0, 0, 0, -0.0020986075956482397, 0.0011111254422876092, 0, 0, 0, 0, 0, 0, 0, 0, 0, 0, -0.002103021011516817, 0, 0, -0.0021460923325985295, 0, 0, 0, 0, 0, 0, 0, 0, 0, 0, 0, 0, 0, 0, 0, 0.00301343912751589, 0, 0, 0, 0, 0, 0, 0, 0, 0.00036300185111982344, 0, 0, 0.0012397404532026072, 0, 0, -0.0023650793172252734, 0, 0, 0, 0, -0.0016690431886309757, 0, 0, 0, 0, 0, 0, 0, 0, -0.002210865969953026, 0, 0, 0, 0, 0, -0.0019387941376906627, 0.001371015903849642, 0, 0, 0, 0, 0, 0, 0, 0, 0, 0, -0.002302492447698335, -0.005225892551443272, 0, 0.0014146667639300628, 0.00013728407705028398, 0, 0, 0, 0, 0, 0, 0, 0, 0, 0, 0, 0, 0, 0, 0, 0, 0, 0, 0.008344017493605744, 0, 0, 0, 0, 0.005650899360981397, 0.0013260169452420552, -0.0025592933616299667, 0, 0, 0, 0, 0, 0, 0, 0, 0, 0, 0, 0.00018803516262531116, 0.00011373961794575616, 0, 0, 0, 0, 0, 0, 0, 0, 0, 0, 0, 0, 0, 0, 0, 0, 0, 0, 0, 0, 0, 0, 0, -0.002191067203691032, 0, 0.0020433296000770904, 0, 0, 0.006544298187463515, 0.003919953228958627, 0, 0, 0, 0.002829415799840747, 0, -0.0023720388640958265, 0, 0, -3.3996570348908826e-05, 0, 0, 0, 0, 0, 0, 0, 0, -0.002502827357898408, 0, 0, 0, 0, 0, -0.002026817930193264, 0, -0.0019380924037953455, 0.0023577021009682435, 0, 0, 0.00841530817626906, 0, 0, 0, 0, 0.003545394649705201, 0, 0, 0, 0, 0, 0, 0, 0, 0, 0, 0, 0, 0, 0, 0, 0, 0, 0, 0, 0, 0, 0, 0, -0.0004606464366268346, 0, 0, 0, 0, 0, 0.012059116065244376, 0, 0, 0, 0, 0, 0, 0.008947402469188428, 0, 0, 0, -0.0016869824743832868, 0, 0.0003000815332212379, 0, 0, 0, 0, -0.0027931300942535, 0, 0, 0, 0, 0, 0, 0, 0, 0, 0, 0, 0, 0, 0, 0, 0, -0.0023380714732422394, 0, 0, 0, 0, 0, -0.0009552864444854572, 0, 0, 0, 0, 0, -0.001853545566738902, -0.0017481542041207655, 0, 0, 0, 0, 0, 0, 0, 0, 0, 0, 0, 0, -0.001995768464983041, 0, 0, 0.001601050548621801, 0, -0.0021915996074059647, 0, 0, 0, -0.0027429478696834146, 0, 0, 0, 0, -0.0016802840268232615, 0, 0, 0, 0, 0, 0, 0, -0.0019055603459106197, 0, 0.003759863348028089, 0, -0.0018992269385726113, 0, 0, 0, 0.0017964523840708103, 0, 0, 0, 0, 0, -0.0022092859556566385, 0, -0.0018786629210852202, 0, 0, 0, 0, 0, 0, -0.0023057790646385523, 0, 0.006594807810564904, -0.00283060984799559, 0, 0, 0, 0, 0, 0, 0, 0, 0, -0.002724477571584083, 0.0013046926523178346, 0, 0, -0.0021563207713559953, -0.0025469880860424787, 0, 0, -0.002885200268865685, 0, 0, 0, 0, 0, 0, 0, 0, 0, 0, 0, 0, -0.0014996639812921854, 0, 0, 0, 0, 0, 0, -0.004690144120150937, 0, 0, 0, -0.001709015300655822, 0, 0.005707271302794842, 0, -0.002380532406434254, 0, 0, 0, 0.0006336295681850471, 0, 0, 0, 0.002575913438533898, 0, -0.002475914832331326, 0, 0, 0, 0.004061914341321542, 0, 0, 0, -0.0020731112835820145, 0.0030444863350422547, 0, 0, 0.0018953000364005947, 0, 0, 0, 0, 0, 0, 0, 0, -0.0030792204711713278, 0, 0, 0, 0, 0, 0, 0, 0, 0, 0, -0.0025273918449203944, 0, -0.002482194877917862, 0, 0, 0, 0, -0.00254023424524252, 0, 0, 0, 0, 0, 0, 0, 0, 0, 0, 0, 0, 0, 0, 0, 0, 0.0005780513313554281, 0, 0, 0, 0, -0.0016374613701312707, 0, 0, -0.004717814304082858, 0, 0, 0, 0, 0, 0, 0, 0, 0, 0, 0.01743553712090171, 0, 0, 0, 0, 0, -0.0023711961180643867, 0, 0, 0, 0, 0, 0, 0, 0, -0.002292833028633407, 0, 0, -0.0020904197823771614, 0, 0, -0.002321874606184142, 0, 0, 0, 0, 0, 0, -0.002752278238433926, 0, 0, 0, 0, 0, 0.0006403466476089924, 0, 0, 0.009627412102629141, 0, 0, 0, 0, 0, 0, 0, 0, 0.007255439274420793, 0, 0, 0, 0, 0, 0, 0, 0, 0, 0, 0, 0, 0, 0, 0, 0, 0, 0, 0, 0, 0.0016012544009605175, 0, 0, 0, 0, 0, 0, 0, 0, 0, -0.0022074234330038555, 0.0012230642946187103, 0, 0, -0.0027028840129731174, 0, 0.004223995792513567, -0.002404522426544498, 0, 0, 0, 0.0009364788912326277, 0, -0.002150077617386488, -0.001913153204110544, 0, 0, 0, 0, -0.0012698611613551833, 0, 0, 0, -0.004738995595740478, 0, 0, 0, 0, 0, 0, 0, 0, 0, 0, 0, 0, 0, -0.0027988779580039535, -0.0027910661046044445, 0, 0, 0, 0, 0, 0, 0, 0, -0.0005248932263600319, 0, -0.0019026426418240886, 0, 0, 0, 0, 0, 0, 0, 0, 0, 0, 0, 0, 0, 0, 0, 0, 0, 0, 0, 0, 0, 0, 0, 0, 0, 0, 0, 0, 0, 0, 0, 0, 0, 0, 0, 0, 0, 0, 0, 0, 0, 0, -0.0021455863929641357, 0, 0, 0, 0, 0.004029870705777011, 0.00669033061014322, 0, 0, -0.0022388779747204365, 0, 0, 0, 0, 0, 0, 0, 0, 0, 0, 0, 0, -0.0026903567414226556, 0, 0, 0, 0, 0, -0.0021996134041470036, 0, 0, 0, 0, 0, -0.0017887272306937457, -0.0027047840952552356, 0, 0, 0, 0, -0.002111768707705042, -0.0005423433442373395, 0, 0, 0, 0, 0]
Start Date: 2021-12-17
End Date: 2024-03-27
Sharpe Ratio: 0.001
Annualized Sharpe: 0.023
Sharpe 95% CI: (np.float64(-1.304), np.float64(1.038))
Sortino Ratio: 0.003
CAGR: 0.0
Calmar Ratio: 0.007
Daily Win Rate (%): 0.338
Max Drawdown: 0.041
Profit Factor: 1.008
Expectancy: 1.1e-05
Average Win: 0.004018
Average Loss: 0.002034
Total Trades: 145
Total Days: 713

Rolling 6 - Variant 0 - atr_0.25_7 - Test Metrics
Contracts: [9, 9, 14, 13, 9, 10, 9, 10, 11, 8, 8, 8, 9, 5, 7, 9, 10, 10, 9, 7, 8, 7, 8, 8, 6, 6, 6, 6, 6, 6, 8, 10, 10, 10, 7, 7, 7, 7, 10, 5, 5, 6, 6, 6, 6, 6, 7, 8, 8, 6, 6, 7, 7, 6, 5, 7, 6, 7, 6, 8, 6, 9, 5, 6, 6, 8, 9, 9, 9, 5, 11, 6, 5, 7, 7, 10, 6, 11, 10, 12, 10, 9, 9, 9, 12, 7, 15, 10, 9, 10, 8, 9, 9, 11, 10, 10, 9, 8, 8, 8, 10, 12, 10, 12, 13, 9, 10, 13, 8, 10, 11, 9, 13, 10, 9, 10, 14, 8, 11, 7, 11, 10, 11, 13, 12, 10, 10, 10, 10, 14, 11, 11, 6, 11, 8, 13, 10, 10, 16, 15, 16, 13, 18, 16, 10, 13, 13, 13, 13, 12, 13, 13, 12, 13, 11, 10, 13, 11, 21, 18, 15, 11, 8, 15, 15, 15, 20, 20, 11, 11, 18, 15, 16, 10, 9, 10, 16, 16, 15, 7, 8, 7, 6, 6, 9, 9, 10, 7, 11, 7, 8, 8, 10, 9, 5, 11, 11, 10, 10, 12, 8, 12, 12, 13, 4, 4, 5, 8, 8, 7, 9, 6, 8, 10, 7, 9, 10, 10, 10, 9, 10, 8, 9, 10, 9, 9, 4, 9, 10, 11, 13, 7, 6, 9, 10, 9, 10, 12, 11, 12, 12, 12, 11, 18, 12, 12]
Trade Returns: [-0.0024511381911943744, -0.0006274107799699676, 0.0028835898225892946, 0.001451529243030507, 0.0004319055407771124, -0.002047089638499538, -0.0022693702720512974, 0.010228512561437699, -0.002337347191859466, 0.005439350802467395, -0.002189968496385786, -0.0026199516136303285, 0.009711885316021959, -0.0026834919536290313, -0.0025203644483331195, -0.002398159449115508, -0.002198649826272956, -0.0007297703188528725, 0.0012410382408583741, 0.0032879524550450743, -0.0029872502658901423, 0.0005351732437209539, -0.002752335912997006, -0.002544167870747402, 0.0018732803229022444, 0.014598246863084917, -0.002593613167767056, -0.0028721152034259095, -0.0007825639617748887, -0.002166193347961764, 0.0026838868128719953, 0.0021037232703659276, -0.001643826656666873, -0.001358626747049245, -0.002255824849053455, 0.004719055133384898, 0.0007477094771243553, -0.0018461011039651234, 0.004023540530870629, 0.0019519633542293508, -0.0022723391327556484, -0.0021004948291012612, -0.0024404139235500587, 0.003928197150087934, -0.002164008991695366, -0.002593805337700689, -0.0021687020825022093, 0.00428016865533273, -0.002285017837331572, -0.001457711105161257, 0.015109107623544359, -0.0030755247779508795, -0.0025204001677121284, -0.0024017253787234315, -0.0023959709145712224, -0.0020786887252323607, 0.0031712951900899756, -0.0027823388716055235, 0.011502718643515816, 0.000812723514519795, 0.0007633085162993418, -0.0022589239064790133, 0.006037067512276468, -0.002645898566694263, -0.002307373409561077, 0.0035958272427731247, -0.0021958127219765928, 0.00018174095100412013, 0.005375966924678617, 0.0023019834874597076, -0.00020051330730086982, -0.0024282492467943987, 0.0005640215453322186, -0.002372252668324183, -3.757251550104114e-05, -0.002317301572587789, -0.00268533111602615, 0.00481461152693262, -0.002151315359256947, -0.002040817620714899, -0.0024802566588608484, 0.0008141544186879638, -0.0021532192560752366, 8.027172959388369e-05, -0.0012576200021092916, -0.0010103619186173122, -0.0019824701653311768, -0.001518319773302387, 0.0022324310138034354, -0.002160365951306474, -0.0021146642043042775, 0.0003275287413869013, -0.0026027050736032666, -0.002324059934479291, -0.0023182497199747873, 0.005462050735114191, -0.00238511306501478, 0.003970282721773167, 0.0034748276353162915, -0.0031103814572074674, 0.009267664531823695]
Daily Returns: [0, 0, 0, 0, 0, 0, 0, -0.0024511381911943744, 0, 0, 0, 0, 0, 0, 0, 0, 0, 0, -0.0006274107799699676, 0.004335119065619801, 0, 0.0004319055407771124, -0.004316459910550836, 0, 0, 0, 0, 0, 0, 0.007891165369578233, 0.005439350802467395, 0, 0, 0, 0, 0, -0.002189968496385786, 0, 0, 0, 0, -0.0026199516136303285, 0, 0, 0, 0, 0, 0.009711885316021959, 0, 0, 0, 0, 0, -0.0026834919536290313, 0, -0.0025203644483331195, 0, 0, 0, 0, 0, -0.002398159449115508, 0, -0.002198649826272956, 0, 0, -0.0007297703188528725, 0, 0, 0, 0, 0, 0, 0, 0, 0.0012410382408583741, 0.0032879524550450743, 0, 0, 0, -0.0029872502658901423, 0, 0, 0, 0, 0, 0, 0, 0, 0, 0, 0, 0, 0, 0, 0, 0, 0, 0, 0, 0, 0.0005351732437209539, 0, 0, 0, -0.002752335912997006, 0, 0, 0, -0.002544167870747402, 0, 0, 0, 0, 0, 0.0018732803229022444, 0, 0, 0.014598246863084917, 0, 0, 0, 0, 0, 0, 0, 0, 0, 0, 0, 0, 0, 0, 0, 0, 0, 0, 0, -0.002593613167767056, 0, 0, 0, 0, 0, 0, -0.0028721152034259095, 0, 0, 0, 0, 0, 0, 0, 0, 0, -0.0007825639617748887, 0, 0.0005176934649102315, 0, 0, 0, 0, 0, 0, 0, 0, 0, 0, 0, 0, 0, 0, 0, 0, 0, 0, 0, 0, 0, 0, 0, 0, 0, 0.0004598966136990547, -0.001358626747049245, 0, 0, 0, 0, 0, 0, -0.002255824849053455, 0, 0, 0, 0, 0, 0, 0, 0, 0, 0, 0.004719055133384898, 0, 0, 0, 0, 0, 0.0007477094771243553, -0.0018461011039651234, 0, 0.004023540530870629, 0, 0.0019519633542293508, 0, 0, -0.0022723391327556484, 0, 0, 0, -0.0021004948291012612, 0, 0, 0, 0, 0, 0, 0, 0, 0, 0, 0, 0, 0, 0, 0, 0, -0.0024404139235500587, 0, 0, 0, 0, 0, 0.003928197150087934, -0.002164008991695366, 0, 0, 0, 0, 0, -0.002593805337700689, 0, 0, 0, 0, -0.0021687020825022093, 0, 0, 0, 0.00428016865533273, 0, 0, -0.002285017837331572, 0, 0, 0, 0, 0, 0, -0.001457711105161257, 0, 0, 0, 0, 0, 0.012033582845593478, 0, 0, 0, 0, 0, 0, 0, 0, 0, 0, 0, 0, -0.007318096461006782, 0, 0, 0, 0, 0, 0, 0, 0, 0, 0, 0, 0, -0.0020786887252323607, 0, 0, 0, 0, 0, 0, 0, 0, 0, 0, 0, 0, 0, 0.0031712951900899756, 0, 0.008720379771910293, 0, 0, 0, 0, 0.000812723514519795, 0.0007633085162993418, 0, 0, 0, 0, 0, 0, 0, 0, 0, 0, 0, -0.0022589239064790133, 0, 0, 0, 0, 0, 0.003391168945582205, 0, 0, 0, 0, -0.002307373409561077, 0, 0, 0, 0, 0, 0, 0.0035958272427731247, 0, 0, 0, -0.0021958127219765928, 0, 0, 0, 0.00018174095100412013, 0, 0, 0, 0.005375966924678617, 0, 0.0023019834874597076, 0, 0, 0, 0, 0, 0, 0, -0.0026287625540952686, -0.0018458036384930055, 0, 0, 0, 0, 0, 0, 0, 0, -0.002317301572587789, 0, -0.00268533111602615, 0, 0, 0, 0, 0, 0, 0, 0, 0, 0, 0, 0.0026632961676756727, 0, 0, 0, 0, 0, 0, 0, 0, 0, 0, 0, -0.002040817620714899, 0, 0, 0, 0, 0, 0, -0.0024802566588608484, 0, 0, 0, 0, 0.0008141544186879638, 0, 0, 0, 0, 0, 0, -0.0021532192560752366, 0, 8.027172959388369e-05, -0.0012576200021092916, 0, 0, -0.0010103619186173122, 0, 0, -0.0019824701653311768, 0, -0.001518319773302387, 0, 0, 0, 0.0022324310138034354, 0, 0, -0.002160365951306474, 0, 0, -0.0021146642043042775, 0, 0, 0, 0, 0.0003275287413869013, -0.0026027050736032666, 0, 0, 0, 0, 0, 0, 0, 0, 0, -0.002324059934479291, 0, 0, 0, 0, -0.0023182497199747873, 0, 0, 0.0030769376700994114, 0, 0, 0, 0, 0, 0, 0, 0, 0, 0.003970282721773167, 0, 0, 0, 0, 0, 0, 0, 0, 0, 0, 0.0034748276353162915, -0.0031103814572074674, 0.009267664531823695, 0, 0, 0, 0, 0, 0]
Start Date: 2024-03-28
End Date: 2025-11-06
Sharpe Ratio: 0.029
Annualized Sharpe: 0.467
Sharpe 95% CI: (np.float64(-1.058), np.float64(1.636))
Sortino Ratio: 0.048
CAGR: 0.011
Calmar Ratio: 0.422
Daily Win Rate (%): 0.386
Max Drawdown: 0.027
Profit Factor: 1.176
Expectancy: 0.000231
Average Win: 0.003999
Average Loss: 0.00214
Total Trades: 101
Total Days: 505



Rolling 6 - Variant 1 - atr_0.25_8 - Fit Metrics
Contracts: [9, 9, 14, 13, 9, 10, 9, 10, 11, 8, 8, 8, 9, 5, 7, 9, 10, 10, 9, 7, 8, 7, 8, 8, 6, 6, 6, 6, 6, 6, 8, 10, 10, 10, 7, 7, 7, 7, 10, 5, 5, 6, 6, 6, 6, 6, 7, 8, 8, 6, 6, 7, 7, 6, 5, 7, 6, 7, 6, 8, 6, 9, 5, 6, 6, 8, 9, 9, 9, 5, 11, 6, 5, 7, 7, 10, 6, 11, 10, 12, 10, 9, 9, 9, 12, 7, 15, 10, 9, 10, 8, 9, 9, 11, 11, 10, 9, 8, 8, 8, 10, 12, 10, 12, 13, 9, 10, 13, 8, 10, 11, 9, 13, 10, 9, 10, 14, 8, 11, 7, 11, 10, 11, 13, 12, 10, 10, 10, 10, 14, 11, 11, 6, 11, 8, 13, 10, 10, 16, 15, 16, 13, 18, 16, 10, 13, 13, 13, 13, 12, 13, 13, 12, 13, 11, 10, 13, 11, 21, 18, 15, 11, 8, 15, 15, 15, 20, 20, 11, 11, 18, 15, 16, 10, 9, 10, 16, 16, 16, 7, 9, 7, 6, 6, 9, 9, 10, 7, 11, 7, 8, 8, 10, 9, 5, 11, 11, 10, 10, 12, 8, 12, 12, 13, 4, 4, 5, 8, 8, 7, 9, 6, 8, 10, 7, 9, 10, 10, 10, 9, 10, 8, 9, 10, 9, 9, 4, 9, 10, 11, 13, 7, 6, 9, 10, 9, 10, 12, 11, 12, 12, 12, 11, 18, 12, 12]
Trade Returns: [-0.0023168250000000002, 0.0007505388672109267, 0.016590814812396208, -0.002496584287176676, -0.002169609767678374, -0.002346182354003704, 0.0011840435611086446, -0.0005381090061683682, -0.0023986753804963183, -0.0020942322090908285, 0.0011088062884304457, -0.0020986272218136257, -0.0021415991254844047, 0.003007116442597491, 0.0003622424977190942, 0.004192178657162142, -0.002244372998170986, -0.000710680195480308, -0.0023601397232154795, -0.0016655490564746462, -0.00220622981322563, -0.0019347195224631143, -0.0022655298440991786, 0.003633641392879706, -0.002297650679592109, -0.0024911277942385947, -0.0027237358783644477, 0.0014116694883409397, -0.00021489753754933575, 0.0003518909984377535, 0.008326366237116752, 0.005639043943032972, 0.001323250600864389, -0.002553961204493444, 0.00018764239785207734, 0.0031026540525814603, -0.0021768336754724635, -0.0008123339436683499, -0.00218648042593491, 0.0020390427228903405, 0.002890525821063572, 0.003814195862988761, -0.0001741047766110849, 0.00391179928701672, 0.002823553231136786, -0.001988174800975902, -0.00037896145780092714, -3.392616094349936e-05, -0.0024976010277378393, -0.0020226200983078724, -0.0019340701998650383, 0.002352799581730944, 0.008397850767016452, 0.0035381010413063517, -0.00045971178834169934, 0.01203435375117505, 0.011516108187319667, -0.0025869281884579164, -0.0016835242389053777, 0.0002994760753972937, -0.0027875102601053474, -0.002333355488760571, -0.0009533550866453036, -0.0018497945704619306, -0.0017446099308086284, -0.001991715097698998, 0.0015977923564271341, -0.0021871467425910204, -0.002737362566451153, -0.0016768531719068742, -0.0019016445978285263, 0.003752107761195121, -0.0018953167692972845, 0.0017927606378066736, -0.0022047539527849744, -0.0018748096823510993, -0.0023010386699170706, 0.006581218436988386, -0.002824820515048073, -0.002718900172662005, 0.0013020144764070108, -0.002151900192324569, -0.00254175535670117, -0.0028792575854067193, -0.0014965583521547845, -0.0027978632121530237, -0.0018825126156508504, -0.0017054346937934604, 0.005695293407848891, -0.002375556733007578, 0.0006323072955822091, 0.00282758086006909, -0.002470751301851092, 0.004052404982482639, -0.002068277505479304, 0.003037372933981367, 0.00391718806034045, -0.0020263214173387232, -0.003072834207416049, -0.002522171112160061, -0.0024764236922094457, -0.002534313453684804, 0.0005767005830025896, -0.0016336192081957911, -0.0033187484033632094, -0.0013880372108059727, 0.015040701978008997, -0.0023711915675570126, -0.0022928286180524844, -0.0020520725173561126, -3.83432344168004e-05, -0.0023164176129462245, -0.0027522729207639612, 0.0006403454069822779, 0.012151217103860898, -0.0025238237012595796, 0.007255425360044083, 0.0016012513380954316, -0.002207419231928392, -0.0022317921031136992, 0.0034548540567283705, -0.0027028788568947953, 0.004223987698314048, -0.002404517829976024, 0.0009364771042602888, -0.0021500735184852046, -0.001913149561521478, -0.0012698587294438552, -0.002339343740796444, -0.002399642784624159, -0.0027988725634158344, -0.0027910607400875764, -0.0005248922099015837, -0.0019026389643570004, -0.002145582235842946, 0.0038240777537193976, 0.00020578511158134358, 0.006690317643235093, -0.0022388736642627452, -0.0026903515501211306, -0.002199609133183579, -0.0017887237698620368, -0.0027047788526579877, -0.002111764603429559, -0.0005423422879488059]
Daily Returns: [-0.0023168250000000002, 0, 0, 0, 0.0007505388672109267, 0, 0, 0, 0, 0, 0.014094230525219532, 0, -0.002169609767678374, 0, -0.0011621387928950593, 0, 0, 0, -0.0005381090061683682, 0, -0.0023986753804963183, 0, 0, 0, 0, 0, 0, 0, 0, 0, 0, 0, 0, 0, 0, 0, 0, 0, 0, 0, 0, -0.0020942322090908285, 0.0011088062884304457, 0, 0, 0, 0, 0, 0, 0, 0, 0, 0, -0.0020986272218136257, 0, 0, -0.0021415991254844047, 0, 0, 0, 0, 0, 0, 0, 0, 0, 0, 0, 0, 0, 0, 0, 0.003007116442597491, 0, 0, 0, 0, 0, 0, 0, 0, 0.0003622424977190942, 0, 0, 0.0012371254635108477, 0, 0, -0.0023601397232154795, 0, 0, 0, 0, -0.0016655490564746462, 0, 0, 0, 0, 0, 0, 0, 0, -0.00220622981322563, 0, 0, 0, 0, 0, -0.0019347195224631143, 0.0013681115487805275, 0, 0, 0, 0, 0, 0, 0, 0, 0, 0, -0.002297650679592109, -0.005214863672603043, 0, 0.0014116694883409397, 0.00013699346088841773, 0, 0, 0, 0, 0, 0, 0, 0, 0, 0, 0, 0, 0, 0, 0, 0, 0, 0, 0.008326366237116752, 0, 0, 0, 0, 0.005639043943032972, 0.001323250600864389, -0.002553961204493444, 0, 0, 0, 0, 0, 0, 0, 0, 0, 0, 0, 0.00018764239785207734, 0.00011348643344064686, 0, 0, 0, 0, 0, 0, 0, 0, 0, 0, 0, 0, 0, 0, 0, 0, 0, 0, 0, 0, 0, 0, 0, -0.00218648042593491, 0, 0.0020390427228903405, 0, 0, 0.0065306169074412475, 0.00391179928701672, 0, 0, 0, 0.002823553231136786, 0, -0.002367136258776829, 0, 0, -3.392616094349936e-05, 0, 0, 0, 0, 0, 0, 0, 0, -0.0024976010277378393, 0, 0, 0, 0, 0, -0.0020226200983078724, 0, -0.0019340701998650383, 0.002352799581730944, 0, 0, 0.008397850767016452, 0, 0, 0, 0, 0.0035381010413063517, 0, 0, 0, 0, 0, 0, 0, 0, 0, 0, 0, 0, 0, 0, 0, 0, 0, 0, 0, 0, 0, 0, 0, -0.00045971178834169934, 0, 0, 0, 0, 0, 0.01203435375117505, 0, 0, 0, 0, 0, 0, 0.008929179998861751, 0, 0, 0, -0.0016835242389053777, 0, 0.0002994760753972937, 0, 0, 0, 0, -0.0027875102601053474, 0, 0, 0, 0, 0, 0, 0, 0, 0, 0, 0, 0, 0, 0, 0, 0, -0.002333355488760571, 0, 0, 0, 0, 0, -0.0009533550866453036, 0, 0, 0, 0, 0, -0.0018497945704619306, -0.0017446099308086284, 0, 0, 0, 0, 0, 0, 0, 0, 0, 0, 0, 0, -0.001991715097698998, 0, 0, 0.0015977923564271341, 0, -0.0021871467425910204, 0, 0, 0, -0.002737362566451153, 0, 0, 0, 0, -0.0016768531719068742, 0, 0, 0, 0, 0, 0, 0, -0.0019016445978285263, 0, 0.003752107761195121, 0, -0.0018953167692972845, 0, 0, 0, 0.0017927606378066736, 0, 0, 0, 0, 0, -0.0022047539527849744, 0, -0.0018748096823510993, 0, 0, 0, 0, 0, 0, -0.0023010386699170706, 0, 0.006581218436988386, -0.002824820515048073, 0, 0, 0, 0, 0, 0, 0, 0, 0, -0.002718900172662005, 0.0013020144764070108, 0, 0, -0.002151900192324569, -0.00254175535670117, 0, 0, -0.0028792575854067193, 0, 0, 0, 0, 0, 0, 0, 0, 0, 0, 0, 0, -0.0014965583521547845, 0, 0, 0, 0, 0, 0, -0.004680375827803875, 0, 0, 0, -0.0017054346937934604, 0, 0.005695293407848891, 0, -0.002375556733007578, 0, 0, 0, 0.0006323072955822091, 0, 0, 0, 0.00282758086006909, 0, -0.002470751301851092, 0, 0, 0, 0.004052404982482639, 0, 0, 0, -0.002068277505479304, 0.003037372933981367, 0, 0, 0.0018908666430017267, 0, 0, 0, 0, 0, 0, 0, 0, -0.003072834207416049, 0, 0, 0, 0, 0, 0, 0, 0, 0, 0, -0.002522171112160061, 0, -0.0024764236922094457, 0, 0, 0, 0, -0.002534313453684804, 0, 0, 0, 0, 0, 0, 0, 0, 0, 0, 0, 0, 0, 0, 0, 0, 0.0005767005830025896, 0, 0, 0, 0, -0.0016336192081957911, 0, 0, -0.004706785614169182, 0, 0, 0, 0, 0, 0, 0, 0, 0, 0, 0.015040701978008997, 0, 0, 0, 0, 0, -0.0023711915675570126, 0, 0, 0, 0, 0, 0, 0, 0, -0.0022928286180524844, 0, 0, -0.002090415751772913, 0, 0, -0.0023164176129462245, 0, 0, 0, 0, 0, 0, -0.0027522729207639612, 0, 0, 0, 0, 0, 0.0006403454069822779, 0, 0, 0.009627393402601318, 0, 0, 0, 0, 0, 0, 0, 0, 0.007255425360044083, 0, 0, 0, 0, 0, 0, 0, 0, 0, 0, 0, 0, 0, 0, 0, 0, 0, 0, 0, 0, 0.0016012513380954316, 0, 0, 0, 0, 0, 0, 0, 0, 0, -0.002207419231928392, 0.0012230619536146713, 0, 0, -0.0027028788568947953, 0, 0.004223987698314048, -0.002404517829976024, 0, 0, 0, 0.0009364771042602888, 0, -0.0021500735184852046, -0.001913149561521478, 0, 0, 0, 0, -0.0012698587294438552, 0, 0, 0, -0.0047389865254206034, 0, 0, 0, 0, 0, 0, 0, 0, 0, 0, 0, 0, 0, -0.0027988725634158344, -0.0027910607400875764, 0, 0, 0, 0, 0, 0, 0, 0, -0.0005248922099015837, 0, -0.0019026389643570004, 0, 0, 0, 0, 0, 0, 0, 0, 0, 0, 0, 0, 0, 0, 0, 0, 0, 0, 0, 0, 0, 0, 0, 0, 0, 0, 0, 0, 0, 0, 0, 0, 0, 0, 0, 0, 0, 0, 0, 0, 0, 0, -0.002145582235842946, 0, 0, 0, 0, 0.004029862865300741, 0.006690317643235093, 0, 0, -0.0022388736642627452, 0, 0, 0, 0, 0, 0, 0, 0, 0, 0, 0, 0, -0.0026903515501211306, 0, 0, 0, 0, 0, -0.002199609133183579, 0, 0, 0, 0, 0, -0.0017887237698620368, -0.0027047788526579877, 0, 0, 0, 0, -0.002111764603429559, -0.0005423422879488059, 0, 0, 0, 0, 0]
Start Date: 2021-12-17
End Date: 2024-03-27
Sharpe Ratio: 0.001
Annualized Sharpe: 0.023
Sharpe 95% CI: (np.float64(-1.295), np.float64(1.042))
Sortino Ratio: 0.003
CAGR: 0.0
Calmar Ratio: 0.006
Daily Win Rate (%): 0.338
Max Drawdown: 0.043
Profit Factor: 1.008
Expectancy: 1.1e-05
Average Win: 0.004012
Average Loss: 0.002031
Total Trades: 145
Total Days: 713

Rolling 6 - Variant 1 - atr_0.25_8 - Test Metrics
Contracts: [9, 9, 14, 13, 9, 10, 9, 10, 11, 8, 8, 8, 9, 5, 7, 9, 10, 10, 9, 7, 8, 7, 8, 8, 6, 6, 6, 6, 6, 6, 8, 10, 10, 10, 7, 7, 7, 7, 10, 5, 5, 6, 6, 6, 6, 6, 7, 8, 8, 6, 6, 7, 7, 6, 5, 7, 6, 7, 6, 8, 6, 9, 5, 6, 6, 8, 9, 9, 9, 5, 11, 6, 5, 7, 7, 10, 6, 11, 10, 12, 10, 9, 9, 9, 12, 7, 15, 10, 9, 10, 8, 9, 9, 11, 11, 10, 9, 8, 8, 8, 10, 12, 10, 12, 13, 9, 10, 13, 8, 10, 11, 9, 13, 10, 9, 10, 14, 8, 11, 7, 11, 10, 11, 13, 12, 10, 10, 10, 10, 14, 11, 11, 6, 11, 8, 13, 10, 10, 16, 15, 16, 13, 18, 16, 10, 13, 13, 13, 13, 12, 13, 13, 12, 13, 11, 10, 13, 11, 21, 18, 15, 11, 8, 15, 15, 15, 20, 20, 11, 11, 18, 15, 16, 10, 9, 10, 16, 16, 16, 7, 9, 7, 6, 6, 9, 9, 10, 7, 11, 7, 8, 8, 10, 9, 5, 11, 11, 10, 10, 12, 8, 12, 12, 13, 4, 4, 5, 8, 8, 7, 9, 6, 8, 10, 7, 9, 10, 10, 10, 9, 10, 8, 9, 10, 9, 9, 4, 9, 10, 11, 13, 7, 6, 9, 10, 9, 10, 12, 11, 12, 12, 12, 11, 18, 12, 12]
Trade Returns: [-0.002451133414673857, -0.0006274095511140391, 0.002883584171202366, 0.0014515264064388193, 0.0004319046979667263, -0.0020470856455811833, -0.002269365836486984, 0.010228492523976465, -0.002337342659401065, 0.005439340230058508, -0.0021899642627950166, -0.002619946495598977, 0.00971186645858794, -0.002683486793246593, -0.0025203595886055252, -0.0023981548133378693, -0.0021986455665710678, -0.0007297689047744572, 0.0012410358343381733, 0.0032879460872183726, -0.002987244499397784, 0.0005351722075443302, -0.0027523305869073286, -0.0025441629338992275, 0.0018732766786107894, 0.016726695954018295, -0.002588178587040329, -0.002866081441273288, -0.00078091521983569, -0.0021616381447724015, 0.0026782278568710464, 0.002099289849605738, -0.0016403696867194565, -0.0014461491822806267, -0.002251270356003369, 0.005298194136820445, 0.0007457743431449405, -0.0018413268021452243, 0.004013085485852782, 0.001946905964015578, -0.002266463113057873, -0.0020950508413221172, -0.0024341026099101853, 0.003918013394890279, -0.002158420746043856, -0.0025870781639295054, -0.002163089603519645, 0.0042690521768787015, -0.00227907614895276, -0.0014539119882505858, 0.009554108585113992, -0.0030674976107030604, -0.0025276685862824786, -0.00240863487612826, -0.002402847294333119, -0.002084698511571315, 0.00318037822944744, -0.002790282620756132, 0.011536044121476685, 0.0008150503829197924, 0.0007654921273149107, -0.002265381109606555, 0.006054409854854093, -0.002653479121578339, -0.0023139617820158134, 0.0036061165476385863, -0.002202073368934687, 0.00018226108969577703, 0.005391328576177947, 0.002308526057628157, -0.00020108188256369133, -0.0024351361719082516, 0.0005656251106254277, -0.0023789933888169524, -3.767953183328947e-05, -0.002323902101090349, -0.00269299774473394, 0.004828458618331095, -0.0021574893132297276, -0.002046658921586641, -0.002487356920342267, 0.0008164894995729794, -0.002159389878132707, 8.050226739051206e-05, -0.0012612315551141927, -0.0010132670756854774, -0.0019881762680886788, -0.0015226986275477718, 0.0022388791929155295, -0.0021665920374183754, -0.0021207718125501604, 0.00032847672579143316, -0.0026102357520304703, -0.0023308019781459874, -0.002324990620047941, 0.005477970047656551, -0.0023920266768295497, 0.00398181878272374, 0.0034848840581814928, -0.0031193518834426504, 0.009294476368466923]
Daily Returns: [0, 0, 0, 0, 0, 0, 0, -0.002451133414673857, 0, 0, 0, 0, 0, 0, 0, 0, 0, 0, -0.0006274095511140391, 0.004335110577641185, 0, 0.0004319046979667263, -0.004316451482068167, 0, 0, 0, 0, 0, 0, 0.007891149864575401, 0.005439340230058508, 0, 0, 0, 0, 0, -0.0021899642627950166, 0, 0, 0, 0, -0.002619946495598977, 0, 0, 0, 0, 0, 0.00971186645858794, 0, 0, 0, 0, 0, -0.002683486793246593, 0, -0.0025203595886055252, 0, 0, 0, 0, 0, -0.0023981548133378693, 0, -0.0021986455665710678, 0, 0, -0.0007297689047744572, 0, 0, 0, 0, 0, 0, 0, 0, 0.0012410358343381733, 0.0032879460872183726, 0, 0, 0, -0.002987244499397784, 0, 0, 0, 0, 0, 0, 0, 0, 0, 0, 0, 0, 0, 0, 0, 0, 0, 0, 0, 0, 0.0005351722075443302, 0, 0, 0, -0.0027523305869073286, 0, 0, 0, -0.0025441629338992275, 0, 0, 0, 0, 0, 0.0018732766786107894, 0, 0, 0.016726695954018295, 0, 0, 0, 0, 0, 0, 0, 0, 0, 0, 0, 0, 0, 0, 0, 0, 0, 0, 0, -0.002588178587040329, 0, 0, 0, 0, 0, 0, -0.002866081441273288, 0, 0, 0, 0, 0, 0, 0, 0, 0, -0.00078091521983569, 0, 0.0005165897120986448, 0, 0, 0, 0, 0, 0, 0, 0, 0, 0, 0, 0, 0, 0, 0, 0, 0, 0, 0, 0, 0, 0, 0, 0, 0, 0.00045892016288628153, -0.0014461491822806267, 0, 0, 0, 0, 0, 0, -0.002251270356003369, 0, 0, 0, 0, 0, 0, 0, 0, 0, 0, 0.005298194136820445, 0, 0, 0, 0, 0, 0.0007457743431449405, -0.0018413268021452243, 0, 0.004013085485852782, 0, 0.001946905964015578, 0, 0, -0.002266463113057873, 0, 0, 0, -0.0020950508413221172, 0, 0, 0, 0, 0, 0, 0, 0, 0, 0, 0, 0, 0, 0, 0, 0, -0.0024341026099101853, 0, 0, 0, 0, 0, 0.003918013394890279, -0.002158420746043856, 0, 0, 0, 0, 0, -0.0025870781639295054, 0, 0, 0, 0, -0.002163089603519645, 0, 0, 0, 0.0042690521768787015, 0, 0, -0.00227907614895276, 0, 0, 0, 0, 0, 0, -0.0014539119882505858, 0, 0, 0, 0, 0, 0.0064866109744109324, 0, 0, 0, 0, 0, 0, 0, 0, 0, 0, 0, 0, -0.007339150756743858, 0, 0, 0, 0, 0, 0, 0, 0, 0, 0, 0, 0, -0.002084698511571315, 0, 0, 0, 0, 0, 0, 0, 0, 0, 0, 0, 0, 0, 0.00318037822944744, 0, 0.008745761500720553, 0, 0, 0, 0, 0.0008150503829197924, 0.0007654921273149107, 0, 0, 0, 0, 0, 0, 0, 0, 0, 0, 0, -0.002265381109606555, 0, 0, 0, 0, 0, 0.0034009307332757543, 0, 0, 0, 0, -0.0023139617820158134, 0, 0, 0, 0, 0, 0, 0.0036061165476385863, 0, 0, 0, -0.002202073368934687, 0, 0, 0, 0.00018226108969577703, 0, 0, 0, 0.005391328576177947, 0, 0.002308526057628157, 0, 0, 0, 0, 0, 0, 0, -0.002636218054471943, -0.0018510478100248141, 0, 0, 0, 0, 0, 0, 0, 0, -0.002323902101090349, 0, -0.00269299774473394, 0, 0, 0, 0, 0, 0, 0, 0, 0, 0, 0, 0.002670969305101368, 0, 0, 0, 0, 0, 0, 0, 0, 0, 0, 0, -0.002046658921586641, 0, 0, 0, 0, 0, 0, -0.002487356920342267, 0, 0, 0, 0, 0.0008164894995729794, 0, 0, 0, 0, 0, 0, -0.002159389878132707, 0, 8.050226739051206e-05, -0.0012612315551141927, 0, 0, -0.0010132670756854774, 0, 0, -0.0019881762680886788, 0, -0.0015226986275477718, 0, 0, 0, 0.0022388791929155295, 0, 0, -0.0021665920374183754, 0, 0, -0.0021207718125501604, 0, 0, 0, 0, 0.00032847672579143316, -0.0026102357520304703, 0, 0, 0, 0, 0, 0, 0, 0, 0, -0.0023308019781459874, 0, 0, 0, 0, -0.002324990620047941, 0, 0, 0.0030859433708270013, 0, 0, 0, 0, 0, 0, 0, 0, 0, 0.00398181878272374, 0, 0, 0, 0, 0, 0, 0, 0, 0, 0, 0.0034848840581814928, -0.0031193518834426504, 0.009294476368466923, 0, 0, 0, 0, 0, 0]
Start Date: 2024-03-28
End Date: 2025-11-06
Sharpe Ratio: 0.026
Annualized Sharpe: 0.413
Sharpe 95% CI: (np.float64(-1.101), np.float64(1.598))
Sortino Ratio: 0.042
CAGR: 0.01
Calmar Ratio: 0.367
Daily Win Rate (%): 0.386
Max Drawdown: 0.027
Profit Factor: 1.154
Expectancy: 0.000202
Average Win: 0.00393
Average Loss: 0.002143
Total Trades: 101
Total Days: 505



Rolling 6 - Variant 2 - atr_0.25_6 - Fit Metrics
Contracts: [9, 9, 14, 13, 9, 10, 9, 10, 11, 8, 8, 8, 9, 5, 7, 9, 10, 10, 9, 7, 8, 7, 8, 8, 6, 6, 6, 6, 6, 6, 8, 10, 10, 10, 7, 7, 7, 7, 10, 5, 5, 6, 5, 6, 6, 6, 7, 8, 8, 6, 6, 6, 7, 6, 5, 6, 6, 7, 6, 8, 6, 9, 5, 6, 6, 8, 9, 9, 9, 5, 11, 6, 5, 7, 7, 10, 6, 11, 10, 12, 10, 9, 9, 9, 12, 7, 15, 10, 9, 10, 8, 9, 9, 11, 10, 10, 9, 8, 8, 8, 10, 12, 10, 12, 13, 9, 10, 13, 8, 10, 11, 9, 13, 10, 9, 10, 14, 8, 11, 7, 11, 10, 11, 13, 12, 10, 10, 10, 10, 14, 11, 11, 6, 11, 8, 13, 10, 10, 16, 15, 16, 13, 18, 16, 10, 13, 13, 13, 13, 12, 13, 13, 12, 13, 11, 10, 13, 11, 21, 18, 15, 11, 8, 15, 15, 15, 20, 20, 11, 11, 18, 15, 16, 10, 9, 10, 15, 16, 15, 7, 8, 7, 6, 6, 8, 9, 10, 7, 11, 7, 8, 8, 10, 9, 5, 11, 11, 10, 10, 12, 8, 12, 12, 13, 4, 4, 5, 8, 8, 7, 9, 6, 8, 9, 7, 9, 10, 10, 10, 9, 10, 8, 9, 10, 9, 9, 4, 9, 10, 11, 13, 7, 6, 9, 10, 9, 10, 12, 11, 12, 12, 12, 11, 18, 12, 12]
Trade Returns: [-0.0023168250000000002, 0.0007505388672109267, 0.012384218764628408, -0.002506957939196037, -0.002178636719744304, -0.002355965273395024, 0.0011889757902886439, -0.0005403580678257933, -0.00240870622080548, -0.0021030013030851682, 0.0011134543178567477, -0.0021074332379307013, -0.002150604433404349, 0.003019788456281088, 0.00036376439480810145, 0.004209797515694189, -0.0022537660899704316, -0.0007136649055282088, -0.0023700396309935955, -0.001672552012190516, -0.0022155216524899534, -0.0019428859518232922, -0.0022751112356600976, 0.0036490438518061072, -0.002307354664711818, -0.0025016732500571103, -0.0027352949289659954, 0.0014176767943117855, -0.000215810731256978, 0.0003533866601089259, 0.008361743747698184, 0.005662804733159756, 0.0013287948803087858, -0.0025646478302909993, 0.00018842957508313115, 0.0031156675214555106, -0.002185935615237501, -0.0008157379761022226, -0.0021956732660994576, 0.002047634540675285, 0.002902680604312633, 0.003191823580730385, -0.0001749432417151779, 0.003930641280661181, 0.002837100213325399, -0.00199768677712712, -0.0003807781430176885, -3.408885989685296e-05, -0.0025080756065345364, -0.0020323202642611284, -0.0019433645836811444, 0.00202639562626064, 0.008441034849038015, 0.0035561426500882935, -0.0004628138146130514, 0.010367662234277871, 0.01419096493773644, -0.0025975233499314597, -0.001692078504495469, 0.00030070927158464553, -0.0027989566685546682, -0.002342960997522281, -0.0009572888921210418, -0.001857434645730664, -0.0017518289783321863, -0.0019999711085071, 0.0016044287605240964, -0.0021962164686433463, -0.002748738929025123, -0.0016838413110456547, -0.0019096205002962505, 0.0037679050764900046, -0.0019032813408134505, 0.0018002802767132775, -0.002213985057109028, -0.0018826582294651482, -0.0023106942869885886, 0.0066088985019713085, -0.0028366125637655304, -0.0027302605641216977, 0.0013074695825595257, -0.0021609043286462634, -0.0025524137850238488, -0.002891362169095599, -0.0015028842459015514, -0.002809744133959606, -0.001890529092244174, -0.0017127282591896697, 0.00865541520233882, -0.002385691945622116, 0.0006331525039302501, 0.002573970434879107, -0.002474051877797841, 0.004058858317829521, -0.0020715578618694525, 0.0030422003078918775, 0.00392339486442491, -0.0020295195860860126, -0.0030858425076534858, -0.0025328052284780997, -0.002480340211728771, -0.0025383314932632623, 0.000577617242529637, -0.0016362266097490774, -0.0033240278135564572, -0.0013902422077476742, 0.014902215001178885, -0.002375315294416997, -0.0022968255583099445, -0.0020556579982545825, -3.841036758350811e-05, -0.0023201208808683173, -0.002757091916785951, 0.0006414696971507091, 0.012546535023113531, -0.0025282520787154143, 0.007265350574240591, 0.0016034360916431895, -0.0022104158547922663, -0.0022348285244700567, 0.0034595603268247365, -0.0027065566940202334, 0.004229761336425259, -0.0024077965774002732, 0.0009377517543773901, -0.002152997267355268, -0.0019157478181102338, -0.0012715934240818403, -0.002342543477668979, -0.0024029129475925076, -0.002802720584121539, -0.0027948872959668333, -0.0005256172659032802, -0.0019052621533229063, -0.0021485475787523405, 0.0038293859654051983, 0.000206069672703828, 0.006699567156225652, -0.0022419483577990882, -0.0026940545699639653, -0.0022026556906720655, -0.0017911924332496335, -0.0027085184854781603, -0.002114692263146144, -0.0005430957613600803]
Daily Returns: [-0.0023168250000000002, 0, 0, 0, 0.0007505388672109267, 0, 0, 0, 0, 0, 0.00987726082543237, 0, -0.002178636719744304, 0, -0.00116698948310638, 0, 0, 0, -0.0005403580678257933, 0, -0.00240870622080548, 0, 0, 0, 0, 0, 0, 0, 0, 0, 0, 0, 0, 0, 0, 0, 0, 0, 0, 0, 0, -0.0021030013030851682, 0.0011134543178567477, 0, 0, 0, 0, 0, 0, 0, 0, 0, 0, -0.0021074332379307013, 0, 0, -0.002150604433404349, 0, 0, 0, 0, 0, 0, 0, 0, 0, 0, 0, 0, 0, 0, 0, 0.003019788456281088, 0, 0, 0, 0, 0, 0, 0, 0, 0.00036376439480810145, 0, 0, 0.0012423665201955487, 0, 0, -0.0023700396309935955, 0, 0, 0, 0, -0.001672552012190516, 0, 0, 0, 0, 0, 0, 0, 0, -0.0022155216524899534, 0, 0, 0, 0, 0, -0.0019428859518232922, 0.0013739326161460097, 0, 0, 0, 0, 0, 0, 0, 0, 0, 0, -0.002307354664711818, -0.005236968179023105, 0, 0.0014176767943117855, 0.00013757592885194788, 0, 0, 0, 0, 0, 0, 0, 0, 0, 0, 0, 0, 0, 0, 0, 0, 0, 0, 0.008361743747698184, 0, 0, 0, 0, 0.005662804733159756, 0.0013287948803087858, -0.0025646478302909993, 0, 0, 0, 0, 0, 0, 0, 0, 0, 0, 0, 0.00018842957508313115, 0.00011399393011578697, 0, 0, 0, 0, 0, 0, 0, 0, 0, 0, 0, 0, 0, 0, 0, 0, 0, 0, 0, 0, 0, 0, 0, -0.0021956732660994576, 0, 0.002047634540675285, 0, 0, 0.00591956094332784, 0.003930641280661181, 0, 0, 0, 0.002837100213325399, 0, -0.0023784649201448083, 0, 0, -3.408885989685296e-05, 0, 0, 0, 0, 0, 0, 0, 0, -0.0025080756065345364, 0, 0, 0, 0, 0, -0.0020323202642611284, 0, -0.0019433645836811444, 0.00202639562626064, 0, 0, 0.008441034849038015, 0, 0, 0, 0, 0.0035561426500882935, 0, 0, 0, 0, 0, 0, 0, 0, 0, 0, 0, 0, 0, 0, 0, 0, 0, 0, 0, 0, 0, 0, 0, -0.0004628138146130514, 0, 0, 0, 0, 0, 0.010367662234277871, 0, 0, 0, 0, 0, 0, 0.01159344158780498, 0, 0, 0, -0.001692078504495469, 0, 0.00030070927158464553, 0, 0, 0, 0, -0.0027989566685546682, 0, 0, 0, 0, 0, 0, 0, 0, 0, 0, 0, 0, 0, 0, 0, 0, -0.002342960997522281, 0, 0, 0, 0, 0, -0.0009572888921210418, 0, 0, 0, 0, 0, -0.001857434645730664, -0.0017518289783321863, 0, 0, 0, 0, 0, 0, 0, 0, 0, 0, 0, 0, -0.0019999711085071, 0, 0, 0.0016044287605240964, 0, -0.0021962164686433463, 0, 0, 0, -0.002748738929025123, 0, 0, 0, 0, -0.0016838413110456547, 0, 0, 0, 0, 0, 0, 0, -0.0019096205002962505, 0, 0.0037679050764900046, 0, -0.0019032813408134505, 0, 0, 0, 0.0018002802767132775, 0, 0, 0, 0, 0, -0.002213985057109028, 0, -0.0018826582294651482, 0, 0, 0, 0, 0, 0, -0.0023106942869885886, 0, 0.0066088985019713085, -0.0028366125637655304, 0, 0, 0, 0, 0, 0, 0, 0, 0, -0.0027302605641216977, 0.0013074695825595257, 0, 0, -0.0021609043286462634, -0.0025524137850238488, 0, 0, -0.002891362169095599, 0, 0, 0, 0, 0, 0, 0, 0, 0, 0, 0, 0, -0.0015028842459015514, 0, 0, 0, 0, 0, 0, -0.00470027322620378, 0, 0, 0, -0.0017127282591896697, 0, 0.00865541520233882, 0, -0.002385691945622116, 0, 0, 0, 0.0006331525039302501, 0, 0, 0, 0.002573970434879107, 0, -0.002474051877797841, 0, 0, 0, 0.004058858317829521, 0, 0, 0, -0.0020715578618694525, 0.0030422003078918775, 0, 0, 0.0018938752783388977, 0, 0, 0, 0, 0, 0, 0, 0, -0.0030858425076534858, 0, 0, 0, 0, 0, 0, 0, 0, 0, 0, -0.0025328052284780997, 0, -0.002480340211728771, 0, 0, 0, 0, -0.0025383314932632623, 0, 0, 0, 0, 0, 0, 0, 0, 0, 0, 0, 0, 0, 0, 0, 0, 0.000577617242529637, 0, 0, 0, 0, -0.0016362266097490774, 0, 0, -0.004714270021304132, 0, 0, 0, 0, 0, 0, 0, 0, 0, 0, 0.014902215001178885, 0, 0, 0, 0, 0, -0.002375315294416997, 0, 0, 0, 0, 0, 0, 0, 0, -0.0022968255583099445, 0, 0, -0.0020940683658380904, 0, 0, -0.0023201208808683173, 0, 0, 0, 0, 0, 0, -0.002757091916785951, 0, 0, 0, 0, 0, 0.0006414696971507091, 0, 0, 0.010018282944398117, 0, 0, 0, 0, 0, 0, 0, 0, 0.007265350574240591, 0, 0, 0, 0, 0, 0, 0, 0, 0, 0, 0, 0, 0, 0, 0, 0, 0, 0, 0, 0, 0.0016034360916431895, 0, 0, 0, 0, 0, 0, 0, 0, 0, -0.0022104158547922663, 0.0012247318023546798, 0, 0, -0.0027065566940202334, 0, 0.004229761336425259, -0.0024077965774002732, 0, 0, 0, 0.0009377517543773901, 0, -0.002152997267355268, -0.0019157478181102338, 0, 0, 0, 0, -0.0012715934240818403, 0, 0, 0, -0.004745456425261486, 0, 0, 0, 0, 0, 0, 0, 0, 0, 0, 0, 0, 0, -0.002802720584121539, -0.0027948872959668333, 0, 0, 0, 0, 0, 0, 0, 0, -0.0005256172659032802, 0, -0.0019052621533229063, 0, 0, 0, 0, 0, 0, 0, 0, 0, 0, 0, 0, 0, 0, 0, 0, 0, 0, 0, 0, 0, 0, 0, 0, 0, 0, 0, 0, 0, 0, 0, 0, 0, 0, 0, 0, 0, 0, 0, 0, 0, 0, -0.0021485475787523405, 0, 0, 0, 0, 0.004035455638109026, 0.006699567156225652, 0, 0, -0.0022419483577990882, 0, 0, 0, 0, 0, 0, 0, 0, 0, 0, 0, 0, -0.0026940545699639653, 0, 0, 0, 0, 0, -0.0022026556906720655, 0, 0, 0, 0, 0, -0.0017911924332496335, -0.0027085184854781603, 0, 0, 0, 0, -0.002114692263146144, -0.0005430957613600803, 0, 0, 0, 0, 0]
Start Date: 2021-12-17
End Date: 2024-03-27
Sharpe Ratio: 0.0
Annualized Sharpe: 0.003
Sharpe 95% CI: (np.float64(-1.281), np.float64(1.036))
Sortino Ratio: 0.0
CAGR: -0.0
Calmar Ratio: -0.005
Daily Win Rate (%): 0.338
Max Drawdown: 0.04
Profit Factor: 1.001
Expectancy: 2e-06
Average Win: 0.003995
Average Loss: 0.002037
Total Trades: 145
Total Days: 713

Rolling 6 - Variant 2 - atr_0.25_6 - Test Metrics
Contracts: [9, 9, 14, 13, 9, 10, 9, 10, 11, 8, 8, 8, 9, 5, 7, 9, 10, 10, 9, 7, 8, 7, 8, 8, 6, 6, 6, 6, 6, 6, 8, 10, 10, 10, 7, 7, 7, 7, 10, 5, 5, 6, 5, 6, 6, 6, 7, 8, 8, 6, 6, 6, 7, 6, 5, 6, 6, 7, 6, 8, 6, 9, 5, 6, 6, 8, 9, 9, 9, 5, 11, 6, 5, 7, 7, 10, 6, 11, 10, 12, 10, 9, 9, 9, 12, 7, 15, 10, 9, 10, 8, 9, 9, 11, 10, 10, 9, 8, 8, 8, 10, 12, 10, 12, 13, 9, 10, 13, 8, 10, 11, 9, 13, 10, 9, 10, 14, 8, 11, 7, 11, 10, 11, 13, 12, 10, 10, 10, 10, 14, 11, 11, 6, 11, 8, 13, 10, 10, 16, 15, 16, 13, 18, 16, 10, 13, 13, 13, 13, 12, 13, 13, 12, 13, 11, 10, 13, 11, 21, 18, 15, 11, 8, 15, 15, 15, 20, 20, 11, 11, 18, 15, 16, 10, 9, 10, 15, 16, 15, 7, 8, 7, 6, 6, 8, 9, 10, 7, 11, 7, 8, 8, 10, 9, 5, 11, 11, 10, 10, 12, 8, 12, 12, 13, 4, 4, 5, 8, 8, 7, 9, 6, 8, 9, 7, 9, 10, 10, 10, 9, 10, 8, 9, 10, 9, 9, 4, 9, 10, 11, 13, 7, 6, 9, 10, 9, 10, 12, 11, 12, 12, 12, 11, 18, 12, 12]
Trade Returns: [-0.002454540612426032, -0.0006282861274268522, 0.0028876154625361887, 0.0014535498179890495, 0.0004325058944084139, -0.0020499338863078876, -0.002272529835799405, 0.011550598075131698, -0.002337549659597453, 0.005439823078651207, -0.002190157613469068, -0.002623597313036682, 0.009712727689435036, -0.002683722470954754, -0.0025205815352810066, -0.0023983665321305795, -0.0021988401097927106, -0.0007298334866117153, 0.0012411457416135452, 0.0032882369097959074, -0.0029875078585898563, 0.0005352195303693696, -0.0027525738326943214, -0.0025443884028415156, 0.0018734431157164673, 0.012470846920593042, -0.002599288300822329, -0.0028784161098208212, -0.0007842857229041697, -0.0021709502523430423, 0.0026897964116448132, 0.0019765809778913446, -0.0016476533577456374, -0.0013617947445999856, -0.002261092074123236, 0.004730098834460435, 0.0007494440602413385, -0.0018503805972986868, 0.004032912234789817, 0.001739108122492382, -0.002278100425160357, -0.002105832587122385, -0.0024466020143084294, 0.003938182201479666, -0.0021694880903140967, -0.002600401266052952, -0.0021742050021722106, 0.004291068333206595, -0.0022908436827278012, -0.0014614361959775894, 0.012957626028150409, -0.003083395594516071, -0.002532294507599276, -0.002413032315372115, -0.0024072236070180534, -0.0020885234330418273, 0.0031861588645056625, -0.002795338112938394, 0.011557254291889741, 0.0008165312477012803, 0.0007668818149941381, -0.0022694905702770798, 0.006065447035281055, -0.0026583035512056756, -0.0023181546990882203, 0.003612664846452064, -0.002206057690498082, 0.00018259211560282484, 0.004860994449641578, 0.0023139328012938666, -0.00020155174440277337, -0.0024408274266500014, 0.0005669502903683327, -0.0023845638761184375, -3.7767970521281565e-05, -0.002329356803028422, -0.002699333552506226, 0.009828806914715157, -0.0021625916919702426, -0.0020413512631405287, -0.0024932247568074093, 0.0008143677430188774, -0.002153782982420164, 8.02927905984314e-05, -0.001257949939114438, -0.0010106273212493093, -0.0019829914489151714, -0.0015187198034233502, 0.0022330200846988803, -0.0021609347363073747, -0.0021152221625791306, 0.0003276153436672074, -0.002603393032690481, -0.0023246758442450107, -0.0023188655214878575, 0.00546350500330679, -0.002385744649473989, 0.003971336577721661, 0.0034757463311998926, -0.0031112009502628915, 0.00927011390643579]
Daily Returns: [0, 0, 0, 0, 0, 0, 0, -0.002454540612426032, 0, 0, 0, 0, 0, 0, 0, 0, 0, 0, -0.0006282861274268522, 0.004341165280525238, 0, 0.0004325058944084139, -0.004322463722107293, 0, 0, 0, 0, 0, 0, 0.009213048415534246, 0.005439823078651207, 0, 0, 0, 0, 0, -0.002190157613469068, 0, 0, 0, 0, -0.002623597313036682, 0, 0, 0, 0, 0, 0.009712727689435036, 0, 0, 0, 0, 0, -0.002683722470954754, 0, -0.0025205815352810066, 0, 0, 0, 0, 0, -0.0023983665321305795, 0, -0.0021988401097927106, 0, 0, -0.0007298334866117153, 0, 0, 0, 0, 0, 0, 0, 0, 0.0012411457416135452, 0.0032882369097959074, 0, 0, 0, -0.0029875078585898563, 0, 0, 0, 0, 0, 0, 0, 0, 0, 0, 0, 0, 0, 0, 0, 0, 0, 0, 0, 0, 0.0005352195303693696, 0, 0, 0, -0.0027525738326943214, 0, 0, 0, -0.0025443884028415156, 0, 0, 0, 0, 0, 0.0018734431157164673, 0, 0, 0.012470846920593042, 0, 0, 0, 0, 0, 0, 0, 0, 0, 0, 0, 0, 0, 0, 0, 0, 0, 0, 0, -0.002599288300822329, 0, 0, 0, 0, 0, 0, -0.0028784161098208212, 0, 0, 0, 0, 0, 0, 0, 0, 0, -0.0007842857229041697, 0, 0.0005188461593017709, 0, 0, 0, 0, 0, 0, 0, 0, 0, 0, 0, 0, 0, 0, 0, 0, 0, 0, 0, 0, 0, 0, 0, 0, 0, 0.00032892762014570726, -0.0013617947445999856, 0, 0, 0, 0, 0, 0, -0.002261092074123236, 0, 0, 0, 0, 0, 0, 0, 0, 0, 0, 0.004730098834460435, 0, 0, 0, 0, 0, 0.0007494440602413385, -0.0018503805972986868, 0, 0.004032912234789817, 0, 0.001739108122492382, 0, 0, -0.002278100425160357, 0, 0, 0, -0.002105832587122385, 0, 0, 0, 0, 0, 0, 0, 0, 0, 0, 0, 0, 0, 0, 0, 0, -0.0024466020143084294, 0, 0, 0, 0, 0, 0.003938182201479666, -0.0021694880903140967, 0, 0, 0, 0, 0, -0.002600401266052952, 0, 0, 0, 0, -0.0021742050021722106, 0, 0, 0, 0.004291068333206595, 0, 0, -0.0022908436827278012, 0, 0, 0, 0, 0, 0, -0.0014614361959775894, 0, 0, 0, 0, 0, 0.009874230433634338, 0, 0, 0, 0, 0, 0, 0, 0, 0, 0, 0, 0, -0.0073525504299894445, 0, 0, 0, 0, 0, 0, 0, 0, 0, 0, 0, 0, -0.0020885234330418273, 0, 0, 0, 0, 0, 0, 0, 0, 0, 0, 0, 0, 0, 0.0031861588645056625, 0, 0.008761916178951347, 0, 0, 0, 0, 0.0008165312477012803, 0.0007668818149941381, 0, 0, 0, 0, 0, 0, 0, 0, 0, 0, 0, -0.0022694905702770798, 0, 0, 0, 0, 0, 0.0034071434840753792, 0, 0, 0, 0, -0.0023181546990882203, 0, 0, 0, 0, 0, 0, 0.003612664846452064, 0, 0, 0, -0.002206057690498082, 0, 0, 0, 0.00018259211560282484, 0, 0, 0, 0.004860994449641578, 0, 0.0023139328012938666, 0, 0, 0, 0, 0, 0, 0, -0.0026423791710527746, -0.0018553815562713863, 0, 0, 0, 0, 0, 0, 0, 0, -0.002329356803028422, 0, -0.002699333552506226, 0, 0, 0, 0, 0, 0, 0, 0, 0, 0, 0, 0.007666215222744914, 0, 0, 0, 0, 0, 0, 0, 0, 0, 0, 0, -0.0020413512631405287, 0, 0, 0, 0, 0, 0, -0.0024932247568074093, 0, 0, 0, 0, 0.0008143677430188774, 0, 0, 0, 0, 0, 0, -0.002153782982420164, 0, 8.02927905984314e-05, -0.001257949939114438, 0, 0, -0.0010106273212493093, 0, 0, -0.0019829914489151714, 0, -0.0015187198034233502, 0, 0, 0, 0.0022330200846988803, 0, 0, -0.0021609347363073747, 0, 0, -0.0021152221625791306, 0, 0, 0, 0, 0.0003276153436672074, -0.002603393032690481, 0, 0, 0, 0, 0, 0, 0, 0, 0, -0.0023246758442450107, 0, 0, 0, 0, -0.0023188655214878575, 0, 0, 0.0030777603538328013, 0, 0, 0, 0, 0, 0, 0, 0, 0, 0.003971336577721661, 0, 0, 0, 0, 0, 0, 0, 0, 0, 0, 0.0034757463311998926, -0.0031112009502628915, 0.00927011390643579, 0, 0, 0, 0, 0, 0]
Start Date: 2024-03-28
End Date: 2025-11-06
Sharpe Ratio: 0.031
Annualized Sharpe: 0.496
Sharpe 95% CI: (np.float64(-0.998), np.float64(1.681))
Sortino Ratio: 0.05
CAGR: 0.012
Calmar Ratio: 0.539
Daily Win Rate (%): 0.386
Max Drawdown: 0.022
Profit Factor: 1.184
Expectancy: 0.000242
Average Win: 0.004036
Average Loss: 0.002145
Total Trades: 101
Total Days: 505



Rolling 6 - Variant 3 - atr_0.25_9 - Fit Metrics
Contracts: [9, 9, 14, 13, 9, 10, 9, 10, 11, 8, 8, 8, 9, 5, 7, 9, 10, 10, 9, 7, 8, 7, 8, 8, 6, 6, 6, 6, 6, 6, 8, 10, 10, 10, 7, 7, 7, 7, 10, 5, 5, 6, 6, 6, 6, 6, 7, 8, 8, 6, 6, 7, 7, 6, 5, 7, 6, 7, 6, 8, 6, 9, 5, 6, 6, 8, 9, 9, 9, 5, 11, 6, 5, 7, 7, 10, 6, 11, 10, 12, 10, 9, 9, 9, 12, 7, 15, 10, 9, 10, 8, 9, 9, 11, 10, 10, 9, 8, 8, 8, 10, 12, 10, 12, 13, 9, 10, 13, 8, 10, 11, 9, 13, 10, 9, 10, 14, 8, 11, 7, 11, 10, 11, 13, 12, 10, 10, 10, 10, 14, 11, 11, 6, 11, 8, 13, 10, 10, 16, 15, 16, 13, 18, 16, 10, 13, 13, 13, 13, 12, 13, 13, 12, 13, 11, 10, 13, 11, 21, 18, 15, 11, 8, 15, 15, 15, 20, 20, 11, 11, 18, 15, 16, 10, 9, 10, 16, 16, 15, 7, 8, 7, 6, 6, 9, 9, 10, 7, 11, 7, 8, 8, 10, 9, 5, 11, 11, 10, 10, 12, 8, 12, 12, 13, 4, 4, 5, 8, 8, 7, 9, 6, 8, 9, 7, 9, 10, 10, 9, 9, 10, 8, 9, 10, 9, 9, 4, 9, 10, 11, 13, 7, 6, 9, 10, 9, 10, 12, 11, 12, 12, 12, 11, 18, 12, 12]
Trade Returns: [-0.0023168250000000002, 0.0007505388672109267, 0.014487516788512244, -0.0025017603595391055, -0.002174113873743027, -0.002351063636912138, 0.001186504549974602, -0.0005392311918729406, -0.002403680335727823, -0.0020986075956482397, 0.0011111254422876092, -0.002103021011516817, -0.0021460923325985295, 0.00301343912751589, 0.00036300185111982344, 0.004200969613144644, -0.002249059736662376, -0.000712169423279661, -0.0023650793172252734, -0.0016690431886309757, -0.002210865969953026, -0.0019387941376906627, -0.0022703104308374753, 0.0036413263346871173, -0.002302492447698335, -0.002496389385449491, -0.002729503165993781, 0.0014146667639300628, -0.00021535316632010848, 0.00035263724337039246, 0.008344017493605744, 0.005650899360981397, 0.0013260169452420552, -0.0025592933616299667, 0.00018803516262531116, 0.003109147169970049, -0.002181375150776887, -0.000814032401247406, -0.002191067203691032, 0.0020433296000770904, 0.0028965904616530982, 0.0038221753514469476, -0.00017446762563653066, 0.003919953228958627, 0.002829415799840747, -0.001992291218952235, -0.0003797476451435913, -3.3996570348908826e-05, -0.002502827357898408, -0.002026817930193264, -0.0019380924037953455, 0.0023577021009682435, 0.00841530817626906, 0.003545394649705201, -0.0004606464366268346, 0.012059116065244376, 0.011539532583864845, -0.0025921301146764183, -0.0016869824743832868, 0.0003000815332212379, -0.0027931300942535, -0.0023380714732422394, -0.0009552864444854572, -0.001853545566738902, -0.0017481542041207655, -0.001995768464983041, 0.001601050548621801, -0.0021915996074059647, -0.0027429478696834146, -0.0016802840268232615, -0.0019055603459106197, 0.003759863348028089, -0.0018992269385726113, 0.0017964523840708103, -0.0022092859556566385, -0.0018786629210852202, -0.0023057790646385523, 0.006594807810564904, -0.00283060984799559, -0.002724477571584083, 0.0013046926523178346, -0.0021563207713559953, -0.0025469880860424787, -0.002885200268865685, -0.0014996639812921854, -0.002803695964698, -0.0018864481554529372, -0.001709015300655822, 0.005707271302794842, -0.002380532406434254, 0.0006336295681850471, 0.002575913438533898, -0.002475914832331326, 0.004061914341321542, -0.0020731112835820145, 0.0030444863350422547, 0.003926334106814673, -0.002031034070414078, -0.0030792204711713278, -0.0025273918449203944, -0.002482194877917862, -0.00254023424524252, 0.0005780513313554281, -0.0016374613701312707, -0.0033265279101210962, -0.0013912863939617615, 0.015076217173786283, -0.0023767074385004504, -0.00229817490749951, -0.002056868447087488, -3.843303167128832e-05, -0.002321874606184142, -0.0027587188050145106, 0.0006418492588384354, 0.012179808273534149, -0.0025297471019239287, 0.007272291564152264, 0.0016049639438616575, -0.002212511442844081, -0.00223695195510439, 0.0034628515257621, -0.002709128680413342, 0.0042337990013184505, -0.002410089483393949, 0.0009386431437661473, -0.0021550419014421934, -0.001917564823812721, -0.0012728065423633186, -0.002344781145710363, -0.0024051998471395684, -0.00280541164791104, -0.0027975633311560465, -0.0005261243300824856, -0.0019070966588179174, -0.0021506213785947126, 0.003833098278484077, 0.00020626867955331928, 0.006706035768429531, -0.002244098599613694, -0.0026966442361237943, -0.002204786298341437, -0.001792918876705033, -0.002711133784013307, -0.0021167397243078375, -0.0005436227062193653]
Daily Returns: [-0.0023168250000000002, 0, 0, 0, 0.0007505388672109267, 0, 0, 0, 0, 0, 0.011985756428973138, 0, -0.002174113873743027, 0, -0.001164559086937536, 0, 0, 0, -0.0005392311918729406, 0, -0.002403680335727823, 0, 0, 0, 0, 0, 0, 0, 0, 0, 0, 0, 0, 0, 0, 0, 0, 0, 0, 0, 0, -0.0020986075956482397, 0.0011111254422876092, 0, 0, 0, 0, 0, 0, 0, 0, 0, 0, -0.002103021011516817, 0, 0, -0.0021460923325985295, 0, 0, 0, 0, 0, 0, 0, 0, 0, 0, 0, 0, 0, 0, 0, 0.00301343912751589, 0, 0, 0, 0, 0, 0, 0, 0, 0.00036300185111982344, 0, 0, 0.0012397404532026072, 0, 0, -0.0023650793172252734, 0, 0, 0, 0, -0.0016690431886309757, 0, 0, 0, 0, 0, 0, 0, 0, -0.002210865969953026, 0, 0, 0, 0, 0, -0.0019387941376906627, 0.001371015903849642, 0, 0, 0, 0, 0, 0, 0, 0, 0, 0, -0.002302492447698335, -0.005225892551443272, 0, 0.0014146667639300628, 0.00013728407705028398, 0, 0, 0, 0, 0, 0, 0, 0, 0, 0, 0, 0, 0, 0, 0, 0, 0, 0, 0.008344017493605744, 0, 0, 0, 0, 0.005650899360981397, 0.0013260169452420552, -0.0025592933616299667, 0, 0, 0, 0, 0, 0, 0, 0, 0, 0, 0, 0.00018803516262531116, 0.00011373961794575616, 0, 0, 0, 0, 0, 0, 0, 0, 0, 0, 0, 0, 0, 0, 0, 0, 0, 0, 0, 0, 0, 0, 0, -0.002191067203691032, 0, 0.0020433296000770904, 0, 0, 0.006544298187463515, 0.003919953228958627, 0, 0, 0, 0.002829415799840747, 0, -0.0023720388640958265, 0, 0, -3.3996570348908826e-05, 0, 0, 0, 0, 0, 0, 0, 0, -0.002502827357898408, 0, 0, 0, 0, 0, -0.002026817930193264, 0, -0.0019380924037953455, 0.0023577021009682435, 0, 0, 0.00841530817626906, 0, 0, 0, 0, 0.003545394649705201, 0, 0, 0, 0, 0, 0, 0, 0, 0, 0, 0, 0, 0, 0, 0, 0, 0, 0, 0, 0, 0, 0, 0, -0.0004606464366268346, 0, 0, 0, 0, 0, 0.012059116065244376, 0, 0, 0, 0, 0, 0, 0.008947402469188428, 0, 0, 0, -0.0016869824743832868, 0, 0.0003000815332212379, 0, 0, 0, 0, -0.0027931300942535, 0, 0, 0, 0, 0, 0, 0, 0, 0, 0, 0, 0, 0, 0, 0, 0, -0.0023380714732422394, 0, 0, 0, 0, 0, -0.0009552864444854572, 0, 0, 0, 0, 0, -0.001853545566738902, -0.0017481542041207655, 0, 0, 0, 0, 0, 0, 0, 0, 0, 0, 0, 0, -0.001995768464983041, 0, 0, 0.001601050548621801, 0, -0.0021915996074059647, 0, 0, 0, -0.0027429478696834146, 0, 0, 0, 0, -0.0016802840268232615, 0, 0, 0, 0, 0, 0, 0, -0.0019055603459106197, 0, 0.003759863348028089, 0, -0.0018992269385726113, 0, 0, 0, 0.0017964523840708103, 0, 0, 0, 0, 0, -0.0022092859556566385, 0, -0.0018786629210852202, 0, 0, 0, 0, 0, 0, -0.0023057790646385523, 0, 0.006594807810564904, -0.00283060984799559, 0, 0, 0, 0, 0, 0, 0, 0, 0, -0.002724477571584083, 0.0013046926523178346, 0, 0, -0.0021563207713559953, -0.0025469880860424787, 0, 0, -0.002885200268865685, 0, 0, 0, 0, 0, 0, 0, 0, 0, 0, 0, 0, -0.0014996639812921854, 0, 0, 0, 0, 0, 0, -0.004690144120150937, 0, 0, 0, -0.001709015300655822, 0, 0.005707271302794842, 0, -0.002380532406434254, 0, 0, 0, 0.0006336295681850471, 0, 0, 0, 0.002575913438533898, 0, -0.002475914832331326, 0, 0, 0, 0.004061914341321542, 0, 0, 0, -0.0020731112835820145, 0.0030444863350422547, 0, 0, 0.0018953000364005947, 0, 0, 0, 0, 0, 0, 0, 0, -0.0030792204711713278, 0, 0, 0, 0, 0, 0, 0, 0, 0, 0, -0.0025273918449203944, 0, -0.002482194877917862, 0, 0, 0, 0, -0.00254023424524252, 0, 0, 0, 0, 0, 0, 0, 0, 0, 0, 0, 0, 0, 0, 0, 0, 0.0005780513313554281, 0, 0, 0, 0, -0.0016374613701312707, 0, 0, -0.004717814304082858, 0, 0, 0, 0, 0, 0, 0, 0, 0, 0, 0.015076217173786283, 0, 0, 0, 0, 0, -0.0023767074385004504, 0, 0, 0, 0, 0, 0, 0, 0, -0.00229817490749951, 0, 0, -0.0020953014787587765, 0, 0, -0.002321874606184142, 0, 0, 0, 0, 0, 0, -0.0027587188050145106, 0, 0, 0, 0, 0, 0.0006418492588384354, 0, 0, 0.00965006117161022, 0, 0, 0, 0, 0, 0, 0, 0, 0.007272291564152264, 0, 0, 0, 0, 0, 0, 0, 0, 0, 0, 0, 0, 0, 0, 0, 0, 0, 0, 0, 0, 0.0016049639438616575, 0, 0, 0, 0, 0, 0, 0, 0, 0, -0.002212511442844081, 0.0012258995706577098, 0, 0, -0.002709128680413342, 0, 0.0042337990013184505, -0.002410089483393949, 0, 0, 0, 0.0009386431437661473, 0, -0.0021550419014421934, -0.001917564823812721, 0, 0, 0, 0, -0.0012728065423633186, 0, 0, 0, -0.004749980992849932, 0, 0, 0, 0, 0, 0, 0, 0, 0, 0, 0, 0, 0, -0.00280541164791104, -0.0027975633311560465, 0, 0, 0, 0, 0, 0, 0, 0, -0.0005261243300824856, 0, -0.0019070966588179174, 0, 0, 0, 0, 0, 0, 0, 0, 0, 0, 0, 0, 0, 0, 0, 0, 0, 0, 0, 0, 0, 0, 0, 0, 0, 0, 0, 0, 0, 0, 0, 0, 0, 0, 0, 0, 0, 0, 0, 0, 0, 0, -0.0021506213785947126, 0, 0, 0, 0, 0.004039366958037396, 0.006706035768429531, 0, 0, -0.002244098599613694, 0, 0, 0, 0, 0, 0, 0, 0, 0, 0, 0, 0, -0.0026966442361237943, 0, 0, 0, 0, 0, -0.002204786298341437, 0, 0, 0, 0, 0, -0.001792918876705033, -0.002711133784013307, 0, 0, 0, 0, -0.0021167397243078375, -0.0005436227062193653, 0, 0, 0, 0, 0]
Start Date: 2021-12-17
End Date: 2024-03-27
Sharpe Ratio: -0.001
Annualized Sharpe: -0.011
Sharpe 95% CI: (np.float64(-1.315), np.float64(1.013))
Sortino Ratio: -0.001
CAGR: -0.001
Calmar Ratio: -0.013
Daily Win Rate (%): 0.338
Max Drawdown: 0.043
Profit Factor: 0.996
Expectancy: -5e-06
Average Win: 0.003972
Average Loss: 0.002035
Total Trades: 145
Total Days: 713

Rolling 6 - Variant 3 - atr_0.25_9 - Test Metrics
Contracts: [9, 9, 14, 13, 9, 10, 9, 10, 11, 8, 8, 8, 9, 5, 7, 9, 10, 10, 9, 7, 8, 7, 8, 8, 6, 6, 6, 6, 6, 6, 8, 10, 10, 10, 7, 7, 7, 7, 10, 5, 5, 6, 6, 6, 6, 6, 7, 8, 8, 6, 6, 7, 7, 6, 5, 7, 6, 7, 6, 8, 6, 9, 5, 6, 6, 8, 9, 9, 9, 5, 11, 6, 5, 7, 7, 10, 6, 11, 10, 12, 10, 9, 9, 9, 12, 7, 15, 10, 9, 10, 8, 9, 9, 11, 10, 10, 9, 8, 8, 8, 10, 12, 10, 12, 13, 9, 10, 13, 8, 10, 11, 9, 13, 10, 9, 10, 14, 8, 11, 7, 11, 10, 11, 13, 12, 10, 10, 10, 10, 14, 11, 11, 6, 11, 8, 13, 10, 10, 16, 15, 16, 13, 18, 16, 10, 13, 13, 13, 13, 12, 13, 13, 12, 13, 11, 10, 13, 11, 21, 18, 15, 11, 8, 15, 15, 15, 20, 20, 11, 11, 18, 15, 16, 10, 9, 10, 16, 16, 15, 7, 8, 7, 6, 6, 9, 9, 10, 7, 11, 7, 8, 8, 10, 9, 5, 11, 11, 10, 10, 12, 8, 12, 12, 13, 4, 4, 5, 8, 8, 7, 9, 6, 8, 9, 7, 9, 10, 10, 9, 9, 10, 8, 9, 10, 9, 9, 4, 9, 10, 11, 13, 7, 6, 9, 10, 9, 10, 12, 11, 12, 12, 12, 11, 18, 12, 12]
Trade Returns: [-0.002456923453828703, -0.0006288991729848872, 0.0028904348051227227, 0.0014549649108000493, 0.00043292634562185127, -0.002051925822659677, -0.0022747426107787893, 0.01025278198951893, -0.002342836785934037, 0.00545215589579042, -0.0021950960727477797, -0.0026261505459484083, 0.009734725013069575, -0.002689741950487702, -0.0025262503440128294, -0.0024037741392783484, -0.0022038090540384215, -0.0007314830103383812, 0.0012439529545567188, 0.003295664976067956, -0.002994234415029092, 0.0005364282289634726, -0.0027587867008278073, -0.002550147260549805, 0.001877694226090331, 0.016766066800712985, -0.002594170117727292, -0.0028727335627707945, -0.0007827329312770162, -0.0021666601808891534, 0.002684466765801407, 0.0021041776248968457, -0.0016441809389204098, -0.0013589200444311502, -0.002256312494277628, 0.004720077565921411, 0.0007478700688421788, -0.0018464973099814519, 0.0040244081775513965, 0.001952383055137436, -0.0022728267671318224, -0.0021009466132430855, -0.0024409376819046376, 0.003929042277380983, -0.0021644727427327357, -0.0025943636116089815, -0.0021691678474128734, 0.004281091192001543, -0.0022855109290719176, -0.001458026390166427, 0.009581268629513397, -0.0030761909474726016, -0.0025348204161144794, -0.0024154334486324535, -0.002409613188339073, -0.0020906119836943344, 0.0031893152245472713, -0.0027980985036567493, 0.011568835909474398, 0.0008173398331544326, 0.0007676406139644317, -0.0022717344182131864, 0.006071473640576428, -0.0026609378033042095, -0.002320444108762658, 0.003616240359187506, -0.0022082331942729883, 0.00018277286299779594, 0.0048657987282490585, 0.002316208662312384, -0.00020174952186614815, -0.0024432230301748366, 0.0005675080989962465, -0.002148217793952113, -3.779615410948439e-05, -0.002331095104382858, -0.0027013526587310217, 0.00484354951912506, -0.0021642177531247253, -0.002053024731620253, -0.002495094744789056, 0.0008190342859966936, -0.002166114629627636, 8.075351101121878e-05, -0.0012651674789820907, -0.0010164331827424255, -0.0019943949480361513, -0.001527470889740543, 0.0022459067580494732, -0.0021733774626711225, -0.0021274282029192567, 0.0003295099019089661, -0.0026184431673141363, -0.0023381500047438435, -0.0023323375040239557, 0.005495320697047445, -0.0023995616558178117, 0.003994391839781134, 0.0034958442067790706, -0.003129128236997664, 0.009323697602439429]
Daily Returns: [0, 0, 0, 0, 0, 0, 0, -0.002456923453828703, 0, 0, 0, 0, 0, 0, 0, 0, 0, 0, -0.0006288991729848872, 0.004345399715922772, 0, 0.00043292634562185127, -0.004326668433438466, 0, 0, 0, 0, 0, 0, 0.007909945203584892, 0.00545215589579042, 0, 0, 0, 0, 0, -0.0021950960727477797, 0, 0, 0, 0, -0.0026261505459484083, 0, 0, 0, 0, 0, 0.009734725013069575, 0, 0, 0, 0, 0, -0.002689741950487702, 0, -0.0025262503440128294, 0, 0, 0, 0, 0, -0.0024037741392783484, 0, -0.0022038090540384215, 0, 0, -0.0007314830103383812, 0, 0, 0, 0, 0, 0, 0, 0, 0.0012439529545567188, 0.003295664976067956, 0, 0, 0, -0.002994234415029092, 0, 0, 0, 0, 0, 0, 0, 0, 0, 0, 0, 0, 0, 0, 0, 0, 0, 0, 0, 0, 0.0005364282289634726, 0, 0, 0, -0.0027587867008278073, 0, 0, 0, -0.002550147260549805, 0, 0, 0, 0, 0, 0.001877694226090331, 0, 0, 0.016766066800712985, 0, 0, 0, 0, 0, 0, 0, 0, 0, 0, 0, 0, 0, 0, 0, 0, 0, 0, 0, -0.002594170117727292, 0, 0, 0, 0, 0, 0, -0.0028727335627707945, 0, 0, 0, 0, 0, 0, 0, 0, 0, -0.0007827329312770162, 0, 0.0005178065849122536, 0, 0, 0, 0, 0, 0, 0, 0, 0, 0, 0, 0, 0, 0, 0, 0, 0, 0, 0, 0, 0, 0, 0, 0, 0, 0.00045999668597643587, -0.0013589200444311502, 0, 0, 0, 0, 0, 0, -0.002256312494277628, 0, 0, 0, 0, 0, 0, 0, 0, 0, 0, 0.004720077565921411, 0, 0, 0, 0, 0, 0.0007478700688421788, -0.0018464973099814519, 0, 0.0040244081775513965, 0, 0.001952383055137436, 0, 0, -0.0022728267671318224, 0, 0, 0, -0.0021009466132430855, 0, 0, 0, 0, 0, 0, 0, 0, 0, 0, 0, 0, 0, 0, 0, 0, -0.0024409376819046376, 0, 0, 0, 0, 0, 0.003929042277380983, -0.0021644727427327357, 0, 0, 0, 0, 0, -0.0025943636116089815, 0, 0, 0, 0, -0.0021691678474128734, 0, 0, 0, 0.004281091192001543, 0, 0, -0.0022855109290719176, 0, 0, 0, 0, 0, 0, -0.001458026390166427, 0, 0, 0, 0, 0, 0.006505077682040795, 0, 0, 0, 0, 0, 0, 0, 0, 0, 0, 0, 0, -0.007359867053086006, 0, 0, 0, 0, 0, 0, 0, 0, 0, 0, 0, 0, -0.0020906119836943344, 0, 0, 0, 0, 0, 0, 0, 0, 0, 0, 0, 0, 0, 0.0031893152245472713, 0, 0.00877073740581765, 0, 0, 0, 0, 0.0008173398331544326, 0.0007676406139644317, 0, 0, 0, 0, 0, 0, 0, 0, 0, 0, 0, -0.0022717344182131864, 0, 0, 0, 0, 0, 0.0034105358372722183, 0, 0, 0, 0, -0.002320444108762658, 0, 0, 0, 0, 0, 0, 0.003616240359187506, 0, 0, 0, -0.0022082331942729883, 0, 0, 0, 0.00018277286299779594, 0, 0, 0, 0.0048657987282490585, 0, 0.002316208662312384, 0, 0, 0, 0, 0, 0, 0, -0.0026449725520409847, -0.0016185058490653507, 0, 0, 0, 0, 0, 0, 0, 0, -0.002331095104382858, 0, -0.0027013526587310217, 0, 0, 0, 0, 0, 0, 0, 0, 0, 0, 0, 0.0026793317660003344, 0, 0, 0, 0, 0, 0, 0, 0, 0, 0, 0, -0.002053024731620253, 0, 0, 0, 0, 0, 0, -0.002495094744789056, 0, 0, 0, 0, 0.0008190342859966936, 0, 0, 0, 0, 0, 0, -0.002166114629627636, 0, 8.075351101121878e-05, -0.0012651674789820907, 0, 0, -0.0010164331827424255, 0, 0, -0.0019943949480361513, 0, -0.001527470889740543, 0, 0, 0, 0.0022459067580494732, 0, 0, -0.0021733774626711225, 0, 0, -0.0021274282029192567, 0, 0, 0, 0, 0.0003295099019089661, -0.0026184431673141363, 0, 0, 0, 0, 0, 0, 0, 0, 0, -0.0023381500047438435, 0, 0, 0, 0, -0.0023323375040239557, 0, 0, 0.003095759041229633, 0, 0, 0, 0, 0, 0, 0, 0, 0, 0.003994391839781134, 0, 0, 0, 0, 0, 0, 0, 0, 0, 0, 0.0034958442067790706, -0.003129128236997664, 0.009323697602439429, 0, 0, 0, 0, 0, 0]
Start Date: 2024-03-28
End Date: 2025-11-06
Sharpe Ratio: 0.025
Annualized Sharpe: 0.399
Sharpe 95% CI: (np.float64(-1.121), np.float64(1.584))
Sortino Ratio: 0.04
CAGR: 0.01
Calmar Ratio: 0.355
Daily Win Rate (%): 0.386
Max Drawdown: 0.027
Profit Factor: 1.148
Expectancy: 0.000195
Average Win: 0.003912
Average Loss: 0.002143
Total Trades: 101
Total Days: 505



Rolling 6 - Variant 4 - atr_0.25_10 - Fit Metrics
Contracts: [9, 9, 14, 13, 9, 10, 9, 10, 11, 8, 8, 8, 9, 5, 7, 9, 10, 10, 9, 7, 8, 7, 8, 8, 6, 6, 6, 6, 6, 6, 8, 10, 10, 10, 7, 7, 7, 7, 10, 5, 5, 6, 6, 6, 6, 6, 7, 8, 8, 6, 6, 7, 7, 6, 5, 7, 6, 7, 6, 8, 6, 9, 5, 6, 6, 8, 9, 9, 9, 5, 11, 6, 5, 7, 7, 10, 6, 11, 10, 12, 10, 9, 9, 9, 12, 7, 15, 10, 9, 10, 8, 9, 9, 11, 10, 10, 9, 8, 8, 8, 10, 12, 10, 12, 13, 9, 10, 13, 8, 10, 11, 9, 13, 10, 9, 10, 14, 8, 11, 7, 11, 10, 11, 13, 12, 10, 10, 10, 10, 14, 11, 11, 6, 11, 8, 13, 10, 10, 16, 15, 16, 13, 18, 16, 10, 13, 13, 13, 13, 12, 13, 13, 12, 13, 11, 10, 13, 11, 21, 18, 15, 11, 8, 15, 15, 15, 20, 20, 11, 11, 18, 15, 16, 10, 9, 10, 16, 16, 15, 7, 8, 7, 6, 6, 9, 9, 10, 7, 11, 7, 8, 8, 10, 9, 5, 11, 11, 10, 10, 12, 8, 12, 12, 13, 4, 4, 5, 8, 8, 7, 9, 6, 8, 9, 7, 9, 10, 10, 9, 9, 10, 8, 9, 10, 9, 9, 4, 9, 10, 11, 13, 7, 6, 9, 10, 9, 10, 12, 11, 12, 12, 12, 11, 18, 12, 12]
Trade Returns: [-0.0023168250000000002, 0.0007505388672109267, 0.014487516788512244, -0.0025017603595391055, -0.002174113873743027, -0.002351063636912138, 0.001186504549974602, -0.0005392311918729406, -0.002403680335727823, -0.0020986075956482397, 0.0011111254422876092, -0.002103021011516817, -0.0021460923325985295, 0.00301343912751589, 0.00036300185111982344, 0.004200969613144644, -0.002249059736662376, -0.000712169423279661, -0.0023650793172252734, -0.0016690431886309757, -0.002210865969953026, -0.0019387941376906627, -0.0022703104308374753, 0.0036413263346871173, -0.002302492447698335, -0.002496389385449491, -0.002729503165993781, 0.0014146667639300628, -0.00021535316632010848, 0.00035263724337039246, 0.008344017493605744, 0.005650899360981397, 0.0013260169452420552, -0.0025592933616299667, 0.00018803516262531116, 0.003109147169970049, -0.002181375150776887, -0.000814032401247406, -0.002191067203691032, 0.0020433296000770904, 0.0028965904616530982, 0.0038221753514469476, -0.00017446762563653066, 0.003919953228958627, 0.002829415799840747, -0.001992291218952235, -0.0003797476451435913, -3.3996570348908826e-05, -0.002502827357898408, -0.002026817930193264, -0.0019380924037953455, 0.0023577021009682435, 0.00841530817626906, 0.003545394649705201, -0.0004606464366268346, 0.012059116065244376, 0.011539532583864845, -0.0025921301146764183, -0.0016869824743832868, 0.0003000815332212379, -0.0027931300942535, -0.0023380714732422394, -0.0009552864444854572, -0.001853545566738902, -0.0017481542041207655, -0.001995768464983041, 0.001601050548621801, -0.0021915996074059647, -0.0027429478696834146, -0.0016802840268232615, -0.0019055603459106197, 0.003759863348028089, -0.0018992269385726113, 0.0017964523840708103, -0.0022092859556566385, -0.0018786629210852202, -0.0023057790646385523, 0.006594807810564904, -0.00283060984799559, -0.002724477571584083, 0.0013046926523178346, -0.0021563207713559953, -0.0025469880860424787, -0.002885200268865685, -0.0014996639812921854, -0.002803695964698, -0.0018864481554529372, -0.001709015300655822, 0.005707271302794842, -0.002380532406434254, 0.0006336295681850471, 0.002575913438533898, -0.002475914832331326, 0.004061914341321542, -0.0020731112835820145, 0.0030444863350422547, 0.003926334106814673, -0.002031034070414078, -0.0030792204711713278, -0.0025273918449203944, -0.002482194877917862, -0.00254023424524252, 0.0005780513313554281, -0.0016374613701312707, -0.0033265279101210962, -0.0013912863939617615, 0.015076217173786283, -0.0023767074385004504, -0.00229817490749951, -0.002056868447087488, -3.843303167128832e-05, -0.002321874606184142, -0.0027587188050145106, 0.0006418492588384354, 0.012179808273534149, -0.0025297471019239287, 0.007272291564152264, 0.0016049639438616575, -0.002212511442844081, -0.00223695195510439, 0.0034628515257621, -0.002709128680413342, 0.0042337990013184505, -0.002410089483393949, 0.0009386431437661473, -0.0021550419014421934, -0.001917564823812721, -0.0012728065423633186, -0.002344781145710363, -0.0024051998471395684, -0.00280541164791104, -0.0027975633311560465, -0.0005261243300824856, -0.0019070966588179174, -0.0021506213785947126, 0.003833098278484077, 0.00020626867955331928, 0.006706035768429531, -0.002244098599613694, -0.0026966442361237943, -0.002204786298341437, -0.001792918876705033, -0.002711133784013307, -0.0021167397243078375, -0.0005436227062193653]
Daily Returns: [-0.0023168250000000002, 0, 0, 0, 0.0007505388672109267, 0, 0, 0, 0, 0, 0.011985756428973138, 0, -0.002174113873743027, 0, -0.001164559086937536, 0, 0, 0, -0.0005392311918729406, 0, -0.002403680335727823, 0, 0, 0, 0, 0, 0, 0, 0, 0, 0, 0, 0, 0, 0, 0, 0, 0, 0, 0, 0, -0.0020986075956482397, 0.0011111254422876092, 0, 0, 0, 0, 0, 0, 0, 0, 0, 0, -0.002103021011516817, 0, 0, -0.0021460923325985295, 0, 0, 0, 0, 0, 0, 0, 0, 0, 0, 0, 0, 0, 0, 0, 0.00301343912751589, 0, 0, 0, 0, 0, 0, 0, 0, 0.00036300185111982344, 0, 0, 0.0012397404532026072, 0, 0, -0.0023650793172252734, 0, 0, 0, 0, -0.0016690431886309757, 0, 0, 0, 0, 0, 0, 0, 0, -0.002210865969953026, 0, 0, 0, 0, 0, -0.0019387941376906627, 0.001371015903849642, 0, 0, 0, 0, 0, 0, 0, 0, 0, 0, -0.002302492447698335, -0.005225892551443272, 0, 0.0014146667639300628, 0.00013728407705028398, 0, 0, 0, 0, 0, 0, 0, 0, 0, 0, 0, 0, 0, 0, 0, 0, 0, 0, 0.008344017493605744, 0, 0, 0, 0, 0.005650899360981397, 0.0013260169452420552, -0.0025592933616299667, 0, 0, 0, 0, 0, 0, 0, 0, 0, 0, 0, 0.00018803516262531116, 0.00011373961794575616, 0, 0, 0, 0, 0, 0, 0, 0, 0, 0, 0, 0, 0, 0, 0, 0, 0, 0, 0, 0, 0, 0, 0, -0.002191067203691032, 0, 0.0020433296000770904, 0, 0, 0.006544298187463515, 0.003919953228958627, 0, 0, 0, 0.002829415799840747, 0, -0.0023720388640958265, 0, 0, -3.3996570348908826e-05, 0, 0, 0, 0, 0, 0, 0, 0, -0.002502827357898408, 0, 0, 0, 0, 0, -0.002026817930193264, 0, -0.0019380924037953455, 0.0023577021009682435, 0, 0, 0.00841530817626906, 0, 0, 0, 0, 0.003545394649705201, 0, 0, 0, 0, 0, 0, 0, 0, 0, 0, 0, 0, 0, 0, 0, 0, 0, 0, 0, 0, 0, 0, 0, -0.0004606464366268346, 0, 0, 0, 0, 0, 0.012059116065244376, 0, 0, 0, 0, 0, 0, 0.008947402469188428, 0, 0, 0, -0.0016869824743832868, 0, 0.0003000815332212379, 0, 0, 0, 0, -0.0027931300942535, 0, 0, 0, 0, 0, 0, 0, 0, 0, 0, 0, 0, 0, 0, 0, 0, -0.0023380714732422394, 0, 0, 0, 0, 0, -0.0009552864444854572, 0, 0, 0, 0, 0, -0.001853545566738902, -0.0017481542041207655, 0, 0, 0, 0, 0, 0, 0, 0, 0, 0, 0, 0, -0.001995768464983041, 0, 0, 0.001601050548621801, 0, -0.0021915996074059647, 0, 0, 0, -0.0027429478696834146, 0, 0, 0, 0, -0.0016802840268232615, 0, 0, 0, 0, 0, 0, 0, -0.0019055603459106197, 0, 0.003759863348028089, 0, -0.0018992269385726113, 0, 0, 0, 0.0017964523840708103, 0, 0, 0, 0, 0, -0.0022092859556566385, 0, -0.0018786629210852202, 0, 0, 0, 0, 0, 0, -0.0023057790646385523, 0, 0.006594807810564904, -0.00283060984799559, 0, 0, 0, 0, 0, 0, 0, 0, 0, -0.002724477571584083, 0.0013046926523178346, 0, 0, -0.0021563207713559953, -0.0025469880860424787, 0, 0, -0.002885200268865685, 0, 0, 0, 0, 0, 0, 0, 0, 0, 0, 0, 0, -0.0014996639812921854, 0, 0, 0, 0, 0, 0, -0.004690144120150937, 0, 0, 0, -0.001709015300655822, 0, 0.005707271302794842, 0, -0.002380532406434254, 0, 0, 0, 0.0006336295681850471, 0, 0, 0, 0.002575913438533898, 0, -0.002475914832331326, 0, 0, 0, 0.004061914341321542, 0, 0, 0, -0.0020731112835820145, 0.0030444863350422547, 0, 0, 0.0018953000364005947, 0, 0, 0, 0, 0, 0, 0, 0, -0.0030792204711713278, 0, 0, 0, 0, 0, 0, 0, 0, 0, 0, -0.0025273918449203944, 0, -0.002482194877917862, 0, 0, 0, 0, -0.00254023424524252, 0, 0, 0, 0, 0, 0, 0, 0, 0, 0, 0, 0, 0, 0, 0, 0, 0.0005780513313554281, 0, 0, 0, 0, -0.0016374613701312707, 0, 0, -0.004717814304082858, 0, 0, 0, 0, 0, 0, 0, 0, 0, 0, 0.015076217173786283, 0, 0, 0, 0, 0, -0.0023767074385004504, 0, 0, 0, 0, 0, 0, 0, 0, -0.00229817490749951, 0, 0, -0.0020953014787587765, 0, 0, -0.002321874606184142, 0, 0, 0, 0, 0, 0, -0.0027587188050145106, 0, 0, 0, 0, 0, 0.0006418492588384354, 0, 0, 0.00965006117161022, 0, 0, 0, 0, 0, 0, 0, 0, 0.007272291564152264, 0, 0, 0, 0, 0, 0, 0, 0, 0, 0, 0, 0, 0, 0, 0, 0, 0, 0, 0, 0, 0.0016049639438616575, 0, 0, 0, 0, 0, 0, 0, 0, 0, -0.002212511442844081, 0.0012258995706577098, 0, 0, -0.002709128680413342, 0, 0.0042337990013184505, -0.002410089483393949, 0, 0, 0, 0.0009386431437661473, 0, -0.0021550419014421934, -0.001917564823812721, 0, 0, 0, 0, -0.0012728065423633186, 0, 0, 0, -0.004749980992849932, 0, 0, 0, 0, 0, 0, 0, 0, 0, 0, 0, 0, 0, -0.00280541164791104, -0.0027975633311560465, 0, 0, 0, 0, 0, 0, 0, 0, -0.0005261243300824856, 0, -0.0019070966588179174, 0, 0, 0, 0, 0, 0, 0, 0, 0, 0, 0, 0, 0, 0, 0, 0, 0, 0, 0, 0, 0, 0, 0, 0, 0, 0, 0, 0, 0, 0, 0, 0, 0, 0, 0, 0, 0, 0, 0, 0, 0, 0, -0.0021506213785947126, 0, 0, 0, 0, 0.004039366958037396, 0.006706035768429531, 0, 0, -0.002244098599613694, 0, 0, 0, 0, 0, 0, 0, 0, 0, 0, 0, 0, -0.0026966442361237943, 0, 0, 0, 0, 0, -0.002204786298341437, 0, 0, 0, 0, 0, -0.001792918876705033, -0.002711133784013307, 0, 0, 0, 0, -0.0021167397243078375, -0.0005436227062193653, 0, 0, 0, 0, 0]
Start Date: 2021-12-17
End Date: 2024-03-27
Sharpe Ratio: -0.001
Annualized Sharpe: -0.011
Sharpe 95% CI: (np.float64(-1.315), np.float64(1.013))
Sortino Ratio: -0.001
CAGR: -0.001
Calmar Ratio: -0.013
Daily Win Rate (%): 0.338
Max Drawdown: 0.043
Profit Factor: 0.996
Expectancy: -5e-06
Average Win: 0.003972
Average Loss: 0.002035
Total Trades: 145
Total Days: 713

Rolling 6 - Variant 4 - atr_0.25_10 - Test Metrics
Contracts: [9, 9, 14, 13, 9, 10, 9, 10, 11, 8, 8, 8, 9, 5, 7, 9, 10, 10, 9, 7, 8, 7, 8, 8, 6, 6, 6, 6, 6, 6, 8, 10, 10, 10, 7, 7, 7, 7, 10, 5, 5, 6, 6, 6, 6, 6, 7, 8, 8, 6, 6, 7, 7, 6, 5, 7, 6, 7, 6, 8, 6, 9, 5, 6, 6, 8, 9, 9, 9, 5, 11, 6, 5, 7, 7, 10, 6, 11, 10, 12, 10, 9, 9, 9, 12, 7, 15, 10, 9, 10, 8, 9, 9, 11, 10, 10, 9, 8, 8, 8, 10, 12, 10, 12, 13, 9, 10, 13, 8, 10, 11, 9, 13, 10, 9, 10, 14, 8, 11, 7, 11, 10, 11, 13, 12, 10, 10, 10, 10, 14, 11, 11, 6, 11, 8, 13, 10, 10, 16, 15, 16, 13, 18, 16, 10, 13, 13, 13, 13, 12, 13, 13, 12, 13, 11, 10, 13, 11, 21, 18, 15, 11, 8, 15, 15, 15, 20, 20, 11, 11, 18, 15, 16, 10, 9, 10, 16, 16, 15, 7, 8, 7, 6, 6, 9, 9, 10, 7, 11, 7, 8, 8, 10, 9, 5, 11, 11, 10, 10, 12, 8, 12, 12, 13, 4, 4, 5, 8, 8, 7, 9, 6, 8, 9, 7, 9, 10, 10, 9, 9, 10, 8, 9, 10, 9, 9, 4, 9, 10, 11, 13, 7, 6, 9, 10, 9, 10, 12, 11, 12, 12, 12, 11, 18, 12, 12]
Trade Returns: [-0.002456923453828703, -0.0006288991729848872, 0.0028904348051227227, 0.0014549649108000493, 0.00043292634562185127, -0.002051925822659677, -0.0022747426107787893, 0.01025278198951893, -0.002342836785934037, 0.00545215589579042, -0.0021950960727477797, -0.0026261505459484083, 0.009734725013069575, -0.002689741950487702, -0.0025262503440128294, -0.0024037741392783484, -0.0022038090540384215, -0.0007314830103383812, 0.0012439529545567188, 0.003295664976067956, -0.002994234415029092, 0.0005364282289634726, -0.0027587867008278073, -0.002550147260549805, 0.001877694226090331, 0.016766066800712985, -0.002594170117727292, -0.0028727335627707945, -0.0007827329312770162, -0.0021666601808891534, 0.002684466765801407, 0.0021041776248968457, -0.0016441809389204098, -0.0013589200444311502, -0.002256312494277628, 0.004720077565921411, 0.0007478700688421788, -0.0018464973099814519, 0.0040244081775513965, 0.001952383055137436, -0.0022728267671318224, -0.0021009466132430855, -0.0024409376819046376, 0.003929042277380983, -0.0021644727427327357, -0.0025943636116089815, -0.0021691678474128734, 0.004281091192001543, -0.0022855109290719176, -0.001458026390166427, 0.009581268629513397, -0.0030761909474726016, -0.0025348204161144794, -0.0024154334486324535, -0.002409613188339073, -0.0020906119836943344, 0.0031893152245472713, -0.0027980985036567493, 0.011568835909474398, 0.0008173398331544326, 0.0007676406139644317, -0.0022717344182131864, 0.006071473640576428, -0.0026609378033042095, -0.002320444108762658, 0.003616240359187506, -0.0022082331942729883, 0.00018277286299779594, 0.0048657987282490585, 0.002316208662312384, -0.00020174952186614815, -0.0024432230301748366, 0.0005675080989962465, -0.002148217793952113, -3.779615410948439e-05, -0.002331095104382858, -0.0027013526587310217, 0.00484354951912506, -0.0021642177531247253, -0.002053024731620253, -0.002495094744789056, 0.0008190342859966936, -0.002166114629627636, 8.075351101121878e-05, -0.0012651674789820907, -0.0010164331827424255, -0.0019943949480361513, -0.001527470889740543, 0.0022459067580494732, -0.0021733774626711225, -0.0021274282029192567, 0.0003295099019089661, -0.0026184431673141363, -0.0023381500047438435, -0.0023323375040239557, 0.005495320697047445, -0.0023995616558178117, 0.003994391839781134, 0.0034958442067790706, -0.003129128236997664, 0.009323697602439429]
Daily Returns: [0, 0, 0, 0, 0, 0, 0, -0.002456923453828703, 0, 0, 0, 0, 0, 0, 0, 0, 0, 0, -0.0006288991729848872, 0.004345399715922772, 0, 0.00043292634562185127, -0.004326668433438466, 0, 0, 0, 0, 0, 0, 0.007909945203584892, 0.00545215589579042, 0, 0, 0, 0, 0, -0.0021950960727477797, 0, 0, 0, 0, -0.0026261505459484083, 0, 0, 0, 0, 0, 0.009734725013069575, 0, 0, 0, 0, 0, -0.002689741950487702, 0, -0.0025262503440128294, 0, 0, 0, 0, 0, -0.0024037741392783484, 0, -0.0022038090540384215, 0, 0, -0.0007314830103383812, 0, 0, 0, 0, 0, 0, 0, 0, 0.0012439529545567188, 0.003295664976067956, 0, 0, 0, -0.002994234415029092, 0, 0, 0, 0, 0, 0, 0, 0, 0, 0, 0, 0, 0, 0, 0, 0, 0, 0, 0, 0, 0.0005364282289634726, 0, 0, 0, -0.0027587867008278073, 0, 0, 0, -0.002550147260549805, 0, 0, 0, 0, 0, 0.001877694226090331, 0, 0, 0.016766066800712985, 0, 0, 0, 0, 0, 0, 0, 0, 0, 0, 0, 0, 0, 0, 0, 0, 0, 0, 0, -0.002594170117727292, 0, 0, 0, 0, 0, 0, -0.0028727335627707945, 0, 0, 0, 0, 0, 0, 0, 0, 0, -0.0007827329312770162, 0, 0.0005178065849122536, 0, 0, 0, 0, 0, 0, 0, 0, 0, 0, 0, 0, 0, 0, 0, 0, 0, 0, 0, 0, 0, 0, 0, 0, 0, 0.00045999668597643587, -0.0013589200444311502, 0, 0, 0, 0, 0, 0, -0.002256312494277628, 0, 0, 0, 0, 0, 0, 0, 0, 0, 0, 0.004720077565921411, 0, 0, 0, 0, 0, 0.0007478700688421788, -0.0018464973099814519, 0, 0.0040244081775513965, 0, 0.001952383055137436, 0, 0, -0.0022728267671318224, 0, 0, 0, -0.0021009466132430855, 0, 0, 0, 0, 0, 0, 0, 0, 0, 0, 0, 0, 0, 0, 0, 0, -0.0024409376819046376, 0, 0, 0, 0, 0, 0.003929042277380983, -0.0021644727427327357, 0, 0, 0, 0, 0, -0.0025943636116089815, 0, 0, 0, 0, -0.0021691678474128734, 0, 0, 0, 0.004281091192001543, 0, 0, -0.0022855109290719176, 0, 0, 0, 0, 0, 0, -0.001458026390166427, 0, 0, 0, 0, 0, 0.006505077682040795, 0, 0, 0, 0, 0, 0, 0, 0, 0, 0, 0, 0, -0.007359867053086006, 0, 0, 0, 0, 0, 0, 0, 0, 0, 0, 0, 0, -0.0020906119836943344, 0, 0, 0, 0, 0, 0, 0, 0, 0, 0, 0, 0, 0, 0.0031893152245472713, 0, 0.00877073740581765, 0, 0, 0, 0, 0.0008173398331544326, 0.0007676406139644317, 0, 0, 0, 0, 0, 0, 0, 0, 0, 0, 0, -0.0022717344182131864, 0, 0, 0, 0, 0, 0.0034105358372722183, 0, 0, 0, 0, -0.002320444108762658, 0, 0, 0, 0, 0, 0, 0.003616240359187506, 0, 0, 0, -0.0022082331942729883, 0, 0, 0, 0.00018277286299779594, 0, 0, 0, 0.0048657987282490585, 0, 0.002316208662312384, 0, 0, 0, 0, 0, 0, 0, -0.0026449725520409847, -0.0016185058490653507, 0, 0, 0, 0, 0, 0, 0, 0, -0.002331095104382858, 0, -0.0027013526587310217, 0, 0, 0, 0, 0, 0, 0, 0, 0, 0, 0, 0.0026793317660003344, 0, 0, 0, 0, 0, 0, 0, 0, 0, 0, 0, -0.002053024731620253, 0, 0, 0, 0, 0, 0, -0.002495094744789056, 0, 0, 0, 0, 0.0008190342859966936, 0, 0, 0, 0, 0, 0, -0.002166114629627636, 0, 8.075351101121878e-05, -0.0012651674789820907, 0, 0, -0.0010164331827424255, 0, 0, -0.0019943949480361513, 0, -0.001527470889740543, 0, 0, 0, 0.0022459067580494732, 0, 0, -0.0021733774626711225, 0, 0, -0.0021274282029192567, 0, 0, 0, 0, 0.0003295099019089661, -0.0026184431673141363, 0, 0, 0, 0, 0, 0, 0, 0, 0, -0.0023381500047438435, 0, 0, 0, 0, -0.0023323375040239557, 0, 0, 0.003095759041229633, 0, 0, 0, 0, 0, 0, 0, 0, 0, 0.003994391839781134, 0, 0, 0, 0, 0, 0, 0, 0, 0, 0, 0.0034958442067790706, -0.003129128236997664, 0.009323697602439429, 0, 0, 0, 0, 0, 0]
Start Date: 2024-03-28
End Date: 2025-11-06
Sharpe Ratio: 0.025
Annualized Sharpe: 0.399
Sharpe 95% CI: (np.float64(-1.121), np.float64(1.584))
Sortino Ratio: 0.04
CAGR: 0.01
Calmar Ratio: 0.355
Daily Win Rate (%): 0.386
Max Drawdown: 0.027
Profit Factor: 1.148
Expectancy: 0.000195
Average Win: 0.003912
Average Loss: 0.002143
Total Trades: 101
Total Days: 505



Rolling 7 - Variant 0 - atr_0.25_6 - Fit Metrics
Contracts: [9, 9, 14, 13, 9, 10, 9, 10, 11, 8, 8, 8, 9, 5, 7, 9, 10, 10, 9, 7, 8, 7, 8, 8, 6, 6, 6, 6, 6, 6, 8, 10, 10, 10, 7, 7, 7, 7, 10, 5, 5, 6, 5, 6, 6, 6, 7, 8, 8, 6, 6, 6, 7, 6, 5, 6, 6, 7, 6, 8, 6, 9, 5, 6, 6, 8, 9, 9, 9, 5, 11, 6, 5, 7, 7, 10, 6, 11, 10, 12, 10, 9, 9, 9, 12, 7, 15, 10, 9, 10, 8, 9, 9, 11, 10, 10, 9, 8, 8, 8, 10, 12, 10, 12, 13, 9, 10, 13, 8, 10, 11, 9, 13, 10, 9, 10, 14, 8, 11, 7, 11, 10, 11, 13, 12, 10, 10, 10, 10, 14, 11, 11, 6, 11, 8, 13, 10, 10, 16, 15, 16, 13, 18, 16, 10, 13, 13, 13, 13, 12, 13, 13, 12, 13, 11, 10, 13, 11, 21, 18, 15, 11, 8, 15, 15, 15, 20, 20, 11, 11, 18, 15, 16, 10, 9, 10, 15, 16, 15, 7, 8, 7, 6, 6, 8, 9, 10, 7, 11, 7, 8, 8, 10, 9, 5, 11, 11, 10, 10, 12, 8, 12, 12, 13, 4, 4, 5, 8, 8, 7, 9, 6, 8, 9, 7, 9, 10, 10, 10, 9, 10, 8, 9, 10, 9, 9, 4, 9, 10, 11, 13, 7, 6, 9, 10, 9, 10, 12, 11, 12, 12, 12, 11, 18, 12, 12]
Trade Returns: [-0.0023168250000000002, 0.0007505388672109267, 0.012384218764628408, -0.002506957939196037, -0.002178636719744304, -0.002355965273395024, 0.0011889757902886439, -0.0005403580678257933, -0.00240870622080548, -0.0021030013030851682, 0.0011134543178567477, -0.0021074332379307013, -0.002150604433404349, 0.003019788456281088, 0.00036376439480810145, 0.004209797515694189, -0.0022537660899704316, -0.0007136649055282088, -0.0023700396309935955, -0.001672552012190516, -0.0022155216524899534, -0.0019428859518232922, -0.0022751112356600976, 0.0036490438518061072, -0.002307354664711818, -0.0025016732500571103, -0.0027352949289659954, 0.0014176767943117855, -0.000215810731256978, 0.0003533866601089259, 0.008361743747698184, 0.005662804733159756, 0.0013287948803087858, -0.0025646478302909993, 0.00018842957508313115, 0.0031156675214555106, -0.002185935615237501, -0.0008157379761022226, -0.0021956732660994576, 0.002047634540675285, 0.002902680604312633, 0.003191823580730385, -0.0001749432417151779, 0.003930641280661181, 0.002837100213325399, -0.00199768677712712, -0.0003807781430176885, -3.408885989685296e-05, -0.0025080756065345364, -0.0020323202642611284, -0.0019433645836811444, 0.00202639562626064, 0.008441034849038015, 0.0035561426500882935, -0.0004628138146130514, 0.010367662234277871, 0.01419096493773644, -0.0025975233499314597, -0.001692078504495469, 0.00030070927158464553, -0.0027989566685546682, -0.002342960997522281, -0.0009572888921210418, -0.001857434645730664, -0.0017518289783321863, -0.0019999711085071, 0.0016044287605240964, -0.0021962164686433463, -0.002748738929025123, -0.0016838413110456547, -0.0019096205002962505, 0.0037679050764900046, -0.0019032813408134505, 0.0018002802767132775, -0.002213985057109028, -0.0018826582294651482, -0.0023106942869885886, 0.0066088985019713085, -0.0028366125637655304, -0.0027302605641216977, 0.0013074695825595257, -0.0021609043286462634, -0.0025524137850238488, -0.002891362169095599, -0.0015028842459015514, -0.002809744133959606, -0.001890529092244174, -0.0017127282591896697, 0.00865541520233882, -0.002385691945622116, 0.0006331525039302501, 0.002573970434879107, -0.002474051877797841, 0.004058858317829521, -0.0020715578618694525, 0.0030422003078918775, 0.00392339486442491, -0.0020295195860860126, -0.0030858425076534858, -0.0025328052284780997, -0.002480340211728771, -0.0025383314932632623, 0.000577617242529637, -0.0016362266097490774, -0.0033240278135564572, -0.0013902422077476742, 0.014902215001178885, -0.002375315294416997, -0.0022968255583099445, -0.0020556579982545825, -3.841036758350811e-05, -0.0023201208808683173, -0.002757091916785951, 0.0006414696971507091, 0.012546535023113531, -0.0025282520787154143, 0.007265350574240591, 0.0016034360916431895, -0.0022104158547922663, -0.0022348285244700567, 0.0034595603268247365, -0.0027065566940202334, 0.004229761336425259, -0.0024077965774002732, 0.0009377517543773901, -0.002152997267355268, -0.0019157478181102338, -0.0012715934240818403, -0.002342543477668979, -0.0024029129475925076, -0.002802720584121539, -0.0027948872959668333, -0.0005256172659032802, -0.0019052621533229063, -0.0021485475787523405, 0.0038293859654051983, 0.000206069672703828, 0.006699567156225652, -0.0022419483577990882, -0.0026940545699639653, -0.0022026556906720655, -0.0017911924332496335, -0.0027085184854781603, -0.002114692263146144, -0.0005430957613600803, -0.002454540612426032, -0.0006282861274268522, 0.0028876154625361887, 0.0014535498179890495, 0.0004325058944084139, -0.0020499338863078876, -0.002272529835799405, 0.011550598075131698, -0.002337549659597453, 0.005439823078651207, -0.002190157613469068, -0.002623597313036682, 0.009712727689435036, -0.002683722470954754, -0.0025205815352810066, -0.0023983665321305795, -0.0021988401097927106, -0.0007298334866117153, 0.0012411457416135452, 0.0032882369097959074, -0.0029875078585898563]
Daily Returns: [-0.0023168250000000002, 0, 0, 0, 0.0007505388672109267, 0, 0, 0, 0, 0, 0.00987726082543237, 0, -0.002178636719744304, 0, -0.00116698948310638, 0, 0, 0, -0.0005403580678257933, 0, -0.00240870622080548, 0, 0, 0, 0, 0, 0, 0, 0, 0, 0, 0, 0, 0, 0, 0, 0, 0, 0, 0, 0, -0.0021030013030851682, 0.0011134543178567477, 0, 0, 0, 0, 0, 0, 0, 0, 0, 0, -0.0021074332379307013, 0, 0, -0.002150604433404349, 0, 0, 0, 0, 0, 0, 0, 0, 0, 0, 0, 0, 0, 0, 0, 0.003019788456281088, 0, 0, 0, 0, 0, 0, 0, 0, 0.00036376439480810145, 0, 0, 0.0012423665201955487, 0, 0, -0.0023700396309935955, 0, 0, 0, 0, -0.001672552012190516, 0, 0, 0, 0, 0, 0, 0, 0, -0.0022155216524899534, 0, 0, 0, 0, 0, -0.0019428859518232922, 0.0013739326161460097, 0, 0, 0, 0, 0, 0, 0, 0, 0, 0, -0.002307354664711818, -0.005236968179023105, 0, 0.0014176767943117855, 0.00013757592885194788, 0, 0, 0, 0, 0, 0, 0, 0, 0, 0, 0, 0, 0, 0, 0, 0, 0, 0, 0.008361743747698184, 0, 0, 0, 0, 0.005662804733159756, 0.0013287948803087858, -0.0025646478302909993, 0, 0, 0, 0, 0, 0, 0, 0, 0, 0, 0, 0.00018842957508313115, 0.00011399393011578697, 0, 0, 0, 0, 0, 0, 0, 0, 0, 0, 0, 0, 0, 0, 0, 0, 0, 0, 0, 0, 0, 0, 0, -0.0021956732660994576, 0, 0.002047634540675285, 0, 0, 0.00591956094332784, 0.003930641280661181, 0, 0, 0, 0.002837100213325399, 0, -0.0023784649201448083, 0, 0, -3.408885989685296e-05, 0, 0, 0, 0, 0, 0, 0, 0, -0.0025080756065345364, 0, 0, 0, 0, 0, -0.0020323202642611284, 0, -0.0019433645836811444, 0.00202639562626064, 0, 0, 0.008441034849038015, 0, 0, 0, 0, 0.0035561426500882935, 0, 0, 0, 0, 0, 0, 0, 0, 0, 0, 0, 0, 0, 0, 0, 0, 0, 0, 0, 0, 0, 0, 0, -0.0004628138146130514, 0, 0, 0, 0, 0, 0.010367662234277871, 0, 0, 0, 0, 0, 0, 0.01159344158780498, 0, 0, 0, -0.001692078504495469, 0, 0.00030070927158464553, 0, 0, 0, 0, -0.0027989566685546682, 0, 0, 0, 0, 0, 0, 0, 0, 0, 0, 0, 0, 0, 0, 0, 0, -0.002342960997522281, 0, 0, 0, 0, 0, -0.0009572888921210418, 0, 0, 0, 0, 0, -0.001857434645730664, -0.0017518289783321863, 0, 0, 0, 0, 0, 0, 0, 0, 0, 0, 0, 0, -0.0019999711085071, 0, 0, 0.0016044287605240964, 0, -0.0021962164686433463, 0, 0, 0, -0.002748738929025123, 0, 0, 0, 0, -0.0016838413110456547, 0, 0, 0, 0, 0, 0, 0, -0.0019096205002962505, 0, 0.0037679050764900046, 0, -0.0019032813408134505, 0, 0, 0, 0.0018002802767132775, 0, 0, 0, 0, 0, -0.002213985057109028, 0, -0.0018826582294651482, 0, 0, 0, 0, 0, 0, -0.0023106942869885886, 0, 0.0066088985019713085, -0.0028366125637655304, 0, 0, 0, 0, 0, 0, 0, 0, 0, -0.0027302605641216977, 0.0013074695825595257, 0, 0, -0.0021609043286462634, -0.0025524137850238488, 0, 0, -0.002891362169095599, 0, 0, 0, 0, 0, 0, 0, 0, 0, 0, 0, 0, -0.0015028842459015514, 0, 0, 0, 0, 0, 0, -0.00470027322620378, 0, 0, 0, -0.0017127282591896697, 0, 0.00865541520233882, 0, -0.002385691945622116, 0, 0, 0, 0.0006331525039302501, 0, 0, 0, 0.002573970434879107, 0, -0.002474051877797841, 0, 0, 0, 0.004058858317829521, 0, 0, 0, -0.0020715578618694525, 0.0030422003078918775, 0, 0, 0.0018938752783388977, 0, 0, 0, 0, 0, 0, 0, 0, -0.0030858425076534858, 0, 0, 0, 0, 0, 0, 0, 0, 0, 0, -0.0025328052284780997, 0, -0.002480340211728771, 0, 0, 0, 0, -0.0025383314932632623, 0, 0, 0, 0, 0, 0, 0, 0, 0, 0, 0, 0, 0, 0, 0, 0, 0.000577617242529637, 0, 0, 0, 0, -0.0016362266097490774, 0, 0, -0.004714270021304132, 0, 0, 0, 0, 0, 0, 0, 0, 0, 0, 0.014902215001178885, 0, 0, 0, 0, 0, -0.002375315294416997, 0, 0, 0, 0, 0, 0, 0, 0, -0.0022968255583099445, 0, 0, -0.0020940683658380904, 0, 0, -0.0023201208808683173, 0, 0, 0, 0, 0, 0, -0.002757091916785951, 0, 0, 0, 0, 0, 0.0006414696971507091, 0, 0, 0.010018282944398117, 0, 0, 0, 0, 0, 0, 0, 0, 0.007265350574240591, 0, 0, 0, 0, 0, 0, 0, 0, 0, 0, 0, 0, 0, 0, 0, 0, 0, 0, 0, 0, 0.0016034360916431895, 0, 0, 0, 0, 0, 0, 0, 0, 0, -0.0022104158547922663, 0.0012247318023546798, 0, 0, -0.0027065566940202334, 0, 0.004229761336425259, -0.0024077965774002732, 0, 0, 0, 0.0009377517543773901, 0, -0.002152997267355268, -0.0019157478181102338, 0, 0, 0, 0, -0.0012715934240818403, 0, 0, 0, -0.004745456425261486, 0, 0, 0, 0, 0, 0, 0, 0, 0, 0, 0, 0, 0, -0.002802720584121539, -0.0027948872959668333, 0, 0, 0, 0, 0, 0, 0, 0, -0.0005256172659032802, 0, -0.0019052621533229063, 0, 0, 0, 0, 0, 0, 0, 0, 0, 0, 0, 0, 0, 0, 0, 0, 0, 0, 0, 0, 0, 0, 0, 0, 0, 0, 0, 0, 0, 0, 0, 0, 0, 0, 0, 0, 0, 0, 0, 0, 0, 0, -0.0021485475787523405, 0, 0, 0, 0, 0.004035455638109026, 0.006699567156225652, 0, 0, -0.0022419483577990882, 0, 0, 0, 0, 0, 0, 0, 0, 0, 0, 0, 0, -0.0026940545699639653, 0, 0, 0, 0, 0, -0.0022026556906720655, 0, 0, 0, 0, 0, -0.0017911924332496335, -0.0027085184854781603, 0, 0, 0, 0, -0.002114692263146144, -0.0005430957613600803, 0, 0, 0, 0, 0, 0, 0, 0, 0, 0, 0, 0, -0.002454540612426032, 0, 0, 0, 0, 0, 0, 0, 0, 0, 0, -0.0006282861274268522, 0.004341165280525238, 0, 0.0004325058944084139, -0.004322463722107293, 0, 0, 0, 0, 0, 0, 0.009213048415534246, 0.005439823078651207, 0, 0, 0, 0, 0, -0.002190157613469068, 0, 0, 0, 0, -0.002623597313036682, 0, 0, 0, 0, 0, 0.009712727689435036, 0, 0, 0, 0, 0, -0.002683722470954754, 0, -0.0025205815352810066, 0, 0, 0, 0, 0, -0.0023983665321305795, 0, -0.0021988401097927106, 0, 0, -0.0007298334866117153, 0, 0, 0, 0, 0, 0, 0, 0, 0.0012411457416135452, 0.0032882369097959074, 0, 0, 0, -0.0029875078585898563, 0, 0, 0, 0, 0, 0, 0, 0, 0, 0, 0, 0, 0, 0, 0, 0, 0, 0, 0, 0]
Start Date: 2021-12-17
End Date: 2024-07-23
Sharpe Ratio: 0.006
Annualized Sharpe: 0.101
Sharpe 95% CI: (np.float64(-1.072), np.float64(1.069))
Sortino Ratio: 0.012
CAGR: 0.002
Calmar Ratio: 0.051
Daily Win Rate (%): 0.343
Max Drawdown: 0.043
Profit Factor: 1.037
Expectancy: 4.9e-05
Average Win: 0.004066
Average Loss: 0.002052
Total Trades: 166
Total Days: 814

Rolling 7 - Variant 0 - atr_0.25_6 - Test Metrics
Contracts: [9, 9, 14, 13, 9, 10, 9, 10, 11, 8, 8, 8, 9, 5, 7, 9, 10, 10, 9, 7, 8, 7, 8, 8, 6, 6, 6, 6, 6, 6, 8, 10, 10, 10, 7, 7, 7, 7, 10, 5, 5, 6, 5, 6, 6, 6, 7, 8, 8, 6, 6, 6, 7, 6, 5, 6, 6, 7, 6, 8, 6, 9, 5, 6, 6, 8, 9, 9, 9, 5, 11, 6, 5, 7, 7, 10, 6, 11, 10, 12, 10, 9, 9, 9, 12, 7, 15, 10, 9, 10, 8, 9, 9, 11, 10, 10, 9, 8, 8, 8, 10, 12, 10, 12, 13, 9, 10, 13, 8, 10, 11, 9, 13, 10, 9, 10, 14, 8, 11, 7, 11, 10, 11, 13, 12, 10, 10, 10, 10, 14, 11, 11, 6, 11, 8, 13, 10, 10, 16, 15, 16, 13, 18, 16, 10, 13, 13, 13, 13, 12, 13, 13, 12, 13, 11, 10, 13, 11, 21, 18, 15, 11, 8, 15, 15, 15, 20, 20, 11, 11, 18, 15, 16, 10, 9, 10, 15, 16, 15, 7, 8, 7, 6, 6, 8, 9, 10, 7, 11, 7, 8, 8, 10, 9, 5, 11, 11, 10, 10, 12, 8, 12, 12, 13, 4, 4, 5, 8, 8, 7, 9, 6, 8, 9, 7, 9, 10, 10, 10, 9, 10, 8, 9, 10, 9, 9, 4, 9, 10, 11, 13, 7, 6, 9, 10, 9, 10, 12, 11, 12, 12, 12, 11, 18, 12, 12]
Trade Returns: [0.0005352195303693696, -0.0027525738326943214, -0.0025443884028415156, 0.0018734431157164673, 0.012470846920593042, -0.002599288300822329, -0.0028784161098208212, -0.0007842857229041697, -0.0021709502523430423, 0.0026897964116448132, 0.0019765809778913446, -0.0016476533577456374, -0.0013617947445999856, -0.002261092074123236, 0.004730098834460435, 0.0007494440602413385, -0.0018503805972986868, 0.004032912234789817, 0.001739108122492382, -0.002278100425160357, -0.002105832587122385, -0.0024466020143084294, 0.003938182201479666, -0.0021694880903140967, -0.002600401266052952, -0.0021742050021722106, 0.004291068333206595, -0.0022908436827278012, -0.0014614361959775894, 0.012957626028150409, -0.003083395594516071, -0.002532294507599276, -0.002413032315372115, -0.0024072236070180534, -0.0020885234330418273, 0.0031861588645056625, -0.002795338112938394, 0.011557254291889741, 0.0008165312477012803, 0.0007668818149941381, -0.0022694905702770798, 0.006065447035281055, -0.0026583035512056756, -0.0023181546990882203, 0.003612664846452064, -0.002206057690498082, 0.00018259211560282484, 0.004860994449641578, 0.0023139328012938666, -0.00020155174440277337, -0.0024408274266500014, 0.0005669502903683327, -0.0023845638761184375, -3.7767970521281565e-05, -0.002329356803028422, -0.002699333552506226, 0.009828806914715157, -0.0021625916919702426, -0.0020413512631405287, -0.0024932247568074093, 0.0008143677430188774, -0.002153782982420164, 8.02927905984314e-05, -0.001257949939114438, -0.0010106273212493093, -0.0019829914489151714, -0.0015187198034233502, 0.0022330200846988803, -0.0021609347363073747, -0.0021152221625791306, 0.0003276153436672074, -0.002603393032690481, -0.0023246758442450107, -0.0023188655214878575, 0.00546350500330679, -0.002385744649473989, 0.003971336577721661, 0.0034757463311998926, -0.0031112009502628915, 0.00927011390643579]
Daily Returns: [0.0005352195303693696, 0, 0, 0, -0.0027525738326943214, 0, 0, 0, -0.0025443884028415156, 0, 0, 0, 0, 0, 0.0018734431157164673, 0, 0, 0.012470846920593042, 0, 0, 0, 0, 0, 0, 0, 0, 0, 0, 0, 0, 0, 0, 0, 0, 0, 0, 0, -0.002599288300822329, 0, 0, 0, 0, 0, 0, -0.0028784161098208212, 0, 0, 0, 0, 0, 0, 0, 0, 0, -0.0007842857229041697, 0, 0.0005188461593017709, 0, 0, 0, 0, 0, 0, 0, 0, 0, 0, 0, 0, 0, 0, 0, 0, 0, 0, 0, 0, 0, 0, 0, 0, 0, 0.00032892762014570726, -0.0013617947445999856, 0, 0, 0, 0, 0, 0, -0.002261092074123236, 0, 0, 0, 0, 0, 0, 0, 0, 0, 0, 0.004730098834460435, 0, 0, 0, 0, 0, 0.0007494440602413385, -0.0018503805972986868, 0, 0.004032912234789817, 0, 0.001739108122492382, 0, 0, -0.002278100425160357, 0, 0, 0, -0.002105832587122385, 0, 0, 0, 0, 0, 0, 0, 0, 0, 0, 0, 0, 0, 0, 0, 0, -0.0024466020143084294, 0, 0, 0, 0, 0, 0.003938182201479666, -0.0021694880903140967, 0, 0, 0, 0, 0, -0.002600401266052952, 0, 0, 0, 0, -0.0021742050021722106, 0, 0, 0, 0.004291068333206595, 0, 0, -0.0022908436827278012, 0, 0, 0, 0, 0, 0, -0.0014614361959775894, 0, 0, 0, 0, 0, 0.009874230433634338, 0, 0, 0, 0, 0, 0, 0, 0, 0, 0, 0, 0, -0.0073525504299894445, 0, 0, 0, 0, 0, 0, 0, 0, 0, 0, 0, 0, -0.0020885234330418273, 0, 0, 0, 0, 0, 0, 0, 0, 0, 0, 0, 0, 0, 0.0031861588645056625, 0, 0.008761916178951347, 0, 0, 0, 0, 0.0008165312477012803, 0.0007668818149941381, 0, 0, 0, 0, 0, 0, 0, 0, 0, 0, 0, -0.0022694905702770798, 0, 0, 0, 0, 0, 0.0034071434840753792, 0, 0, 0, 0, -0.0023181546990882203, 0, 0, 0, 0, 0, 0, 0.003612664846452064, 0, 0, 0, -0.002206057690498082, 0, 0, 0, 0.00018259211560282484, 0, 0, 0, 0.004860994449641578, 0, 0.0023139328012938666, 0, 0, 0, 0, 0, 0, 0, -0.0026423791710527746, -0.0018553815562713863, 0, 0, 0, 0, 0, 0, 0, 0, -0.002329356803028422, 0, -0.002699333552506226, 0, 0, 0, 0, 0, 0, 0, 0, 0, 0, 0, 0.007666215222744914, 0, 0, 0, 0, 0, 0, 0, 0, 0, 0, 0, -0.0020413512631405287, 0, 0, 0, 0, 0, 0, -0.0024932247568074093, 0, 0, 0, 0, 0.0008143677430188774, 0, 0, 0, 0, 0, 0, -0.002153782982420164, 0, 8.02927905984314e-05, -0.001257949939114438, 0, 0, -0.0010106273212493093, 0, 0, -0.0019829914489151714, 0, -0.0015187198034233502, 0, 0, 0, 0.0022330200846988803, 0, 0, -0.0021609347363073747, 0, 0, -0.0021152221625791306, 0, 0, 0, 0, 0.0003276153436672074, -0.002603393032690481, 0, 0, 0, 0, 0, 0, 0, 0, 0, -0.0023246758442450107, 0, 0, 0, 0, -0.0023188655214878575, 0, 0, 0.0030777603538328013, 0, 0, 0, 0, 0, 0, 0, 0, 0, 0.003971336577721661, 0, 0, 0, 0, 0, 0, 0, 0, 0, 0, 0.0034757463311998926, -0.0031112009502628915, 0.00927011390643579, 0, 0, 0, 0, 0, 0]
Start Date: 2024-07-24
End Date: 2025-11-06
Sharpe Ratio: 0.027
Annualized Sharpe: 0.434
Sharpe 95% CI: (np.float64(-1.218), np.float64(1.746))
Sortino Ratio: 0.042
CAGR: 0.01
Calmar Ratio: 0.453
Daily Win Rate (%): 0.388
Max Drawdown: 0.022
Profit Factor: 1.157
Expectancy: 0.000206
Average Win: 0.003915
Average Loss: 0.00214
Total Trades: 80
Total Days: 404



Rolling 7 - Variant 1 - atr_0.25_7 - Fit Metrics
Contracts: [9, 9, 14, 13, 9, 10, 9, 10, 11, 8, 8, 8, 9, 5, 7, 9, 10, 10, 9, 7, 8, 7, 8, 8, 6, 6, 6, 6, 6, 6, 8, 10, 10, 10, 7, 7, 7, 7, 10, 5, 5, 6, 6, 6, 6, 6, 7, 8, 8, 6, 6, 7, 7, 6, 5, 7, 6, 7, 6, 8, 6, 9, 5, 6, 6, 8, 9, 9, 9, 5, 11, 6, 5, 7, 7, 10, 6, 11, 10, 12, 10, 9, 9, 9, 12, 7, 15, 10, 9, 10, 8, 9, 9, 11, 10, 10, 9, 8, 8, 8, 10, 12, 10, 12, 13, 9, 10, 13, 8, 10, 11, 9, 13, 10, 9, 10, 14, 8, 11, 7, 11, 10, 11, 13, 12, 10, 10, 10, 10, 14, 11, 11, 6, 11, 8, 13, 10, 10, 16, 15, 16, 13, 18, 16, 10, 13, 13, 13, 13, 12, 13, 13, 12, 13, 11, 10, 13, 11, 21, 18, 15, 11, 8, 15, 15, 15, 20, 20, 11, 11, 18, 15, 16, 10, 9, 10, 16, 16, 15, 7, 8, 7, 6, 6, 9, 9, 10, 7, 11, 7, 8, 8, 10, 9, 5, 11, 11, 10, 10, 12, 8, 12, 12, 13, 4, 4, 5, 8, 8, 7, 9, 6, 8, 10, 7, 9, 10, 10, 10, 9, 10, 8, 9, 10, 9, 9, 4, 9, 10, 11, 13, 7, 6, 9, 10, 9, 10, 12, 11, 12, 12, 12, 11, 18, 12, 12]
Trade Returns: [-0.0023168250000000002, 0.0007505388672109267, 0.014487516788512308, -0.0025017603595391055, -0.002174113873743027, -0.002351063636912138, 0.001186504549974602, -0.0005392311918729406, -0.002403680335727823, -0.0020986075956482397, 0.0011111254422876092, -0.002103021011516817, -0.0021460923325985295, 0.00301343912751589, 0.00036300185111982344, 0.004200969613144644, -0.002249059736662376, -0.000712169423279661, -0.0023650793172252734, -0.0016690431886309757, -0.002210865969953026, -0.0019387941376906627, -0.0022703104308374753, 0.0036413263346871173, -0.002302492447698335, -0.002496389385449491, -0.002729503165993781, 0.0014146667639300628, -0.00021535316632010848, 0.00035263724337039246, 0.008344017493605744, 0.005650899360981397, 0.0013260169452420552, -0.0025592933616299667, 0.00018803516262531116, 0.003109147169970049, -0.002181375150776887, -0.000814032401247406, -0.002191067203691032, 0.0020433296000770904, 0.0028965904616530982, 0.0038221753514469476, -0.00017446762563653066, 0.003919953228958627, 0.002829415799840747, -0.001992291218952235, -0.0003797476451435913, -3.3996570348908826e-05, -0.002502827357898408, -0.002026817930193264, -0.0019380924037953455, 0.0023577021009682435, 0.00841530817626906, 0.003545394649705201, -0.0004606464366268346, 0.012059116065244376, 0.011539532583864845, -0.0025921301146764183, -0.0016869824743832868, 0.0003000815332212379, -0.0027931300942535, -0.0023380714732422394, -0.0009552864444854572, -0.001853545566738902, -0.0017481542041207655, -0.001995768464983041, 0.001601050548621801, -0.0021915996074059647, -0.0027429478696834146, -0.0016802840268232615, -0.0019055603459106197, 0.003759863348028089, -0.0018992269385726113, 0.0017964523840708103, -0.0022092859556566385, -0.0018786629210852202, -0.0023057790646385523, 0.006594807810564904, -0.00283060984799559, -0.002724477571584083, 0.0013046926523178346, -0.0021563207713559953, -0.0025469880860424787, -0.002885200268865685, -0.0014996639812921854, -0.002803695964698, -0.0018864481554529372, -0.001709015300655822, 0.005707271302794842, -0.002380532406434254, 0.0006336295681850471, 0.002575913438533898, -0.002475914832331326, 0.004061914341321542, -0.0020731112835820145, 0.0030444863350422547, 0.003926334106814673, -0.002031034070414078, -0.0030792204711713278, -0.0025273918449203944, -0.002482194877917862, -0.00254023424524252, 0.0005780513313554281, -0.0016374613701312707, -0.0033265279101210962, -0.0013912863939617615, 0.01743553712090171, -0.0023711961180643867, -0.002292833028633407, -0.00205207647388019, -3.834330849697116e-05, -0.002321874606184142, -0.002752278238433926, 0.0006403466476089924, 0.012151240690500465, -0.002523828587871323, 0.007255439274420793, 0.0016012544009605175, -0.0022074234330038555, -0.002231796359971362, 0.0034548606545900724, -0.0027028840129731174, 0.004223995792513567, -0.002404522426544498, 0.0009364788912326277, -0.002150077617386488, -0.001913153204110544, -0.0012698611613551833, -0.0023393482265789446, -0.0023996473691615334, -0.0027988779580039535, -0.0027910661046044445, -0.0005248932263600319, -0.0019026426418240886, -0.0021455863929641357, 0.003824085195269055, 0.00020578551050795597, 0.00669033061014322, -0.0022388779747204365, -0.0026903567414226556, -0.0021996134041470036, -0.0017887272306937457, -0.0027047840952552356, -0.002111768707705042, -0.0005423433442373395, -0.0024511381911943744, -0.0006274107799699676, 0.0028835898225892946, 0.001451529243030507, 0.0004319055407771124, -0.002047089638499538, -0.0022693702720512974, 0.010228512561437699, -0.002337347191859466, 0.005439350802467395, -0.002189968496385786, -0.0026199516136303285, 0.009711885316021959, -0.0026834919536290313, -0.0025203644483331195, -0.002398159449115508, -0.002198649826272956, -0.0007297703188528725, 0.0012410382408583741, 0.0032879524550450743, -0.0029872502658901423]
Daily Returns: [-0.0023168250000000002, 0, 0, 0, 0.0007505388672109267, 0, 0, 0, 0, 0, 0.011985756428973203, 0, -0.002174113873743027, 0, -0.001164559086937536, 0, 0, 0, -0.0005392311918729406, 0, -0.002403680335727823, 0, 0, 0, 0, 0, 0, 0, 0, 0, 0, 0, 0, 0, 0, 0, 0, 0, 0, 0, 0, -0.0020986075956482397, 0.0011111254422876092, 0, 0, 0, 0, 0, 0, 0, 0, 0, 0, -0.002103021011516817, 0, 0, -0.0021460923325985295, 0, 0, 0, 0, 0, 0, 0, 0, 0, 0, 0, 0, 0, 0, 0, 0.00301343912751589, 0, 0, 0, 0, 0, 0, 0, 0, 0.00036300185111982344, 0, 0, 0.0012397404532026072, 0, 0, -0.0023650793172252734, 0, 0, 0, 0, -0.0016690431886309757, 0, 0, 0, 0, 0, 0, 0, 0, -0.002210865969953026, 0, 0, 0, 0, 0, -0.0019387941376906627, 0.001371015903849642, 0, 0, 0, 0, 0, 0, 0, 0, 0, 0, -0.002302492447698335, -0.005225892551443272, 0, 0.0014146667639300628, 0.00013728407705028398, 0, 0, 0, 0, 0, 0, 0, 0, 0, 0, 0, 0, 0, 0, 0, 0, 0, 0, 0.008344017493605744, 0, 0, 0, 0, 0.005650899360981397, 0.0013260169452420552, -0.0025592933616299667, 0, 0, 0, 0, 0, 0, 0, 0, 0, 0, 0, 0.00018803516262531116, 0.00011373961794575616, 0, 0, 0, 0, 0, 0, 0, 0, 0, 0, 0, 0, 0, 0, 0, 0, 0, 0, 0, 0, 0, 0, 0, -0.002191067203691032, 0, 0.0020433296000770904, 0, 0, 0.006544298187463515, 0.003919953228958627, 0, 0, 0, 0.002829415799840747, 0, -0.0023720388640958265, 0, 0, -3.3996570348908826e-05, 0, 0, 0, 0, 0, 0, 0, 0, -0.002502827357898408, 0, 0, 0, 0, 0, -0.002026817930193264, 0, -0.0019380924037953455, 0.0023577021009682435, 0, 0, 0.00841530817626906, 0, 0, 0, 0, 0.003545394649705201, 0, 0, 0, 0, 0, 0, 0, 0, 0, 0, 0, 0, 0, 0, 0, 0, 0, 0, 0, 0, 0, 0, 0, -0.0004606464366268346, 0, 0, 0, 0, 0, 0.012059116065244376, 0, 0, 0, 0, 0, 0, 0.008947402469188428, 0, 0, 0, -0.0016869824743832868, 0, 0.0003000815332212379, 0, 0, 0, 0, -0.0027931300942535, 0, 0, 0, 0, 0, 0, 0, 0, 0, 0, 0, 0, 0, 0, 0, 0, -0.0023380714732422394, 0, 0, 0, 0, 0, -0.0009552864444854572, 0, 0, 0, 0, 0, -0.001853545566738902, -0.0017481542041207655, 0, 0, 0, 0, 0, 0, 0, 0, 0, 0, 0, 0, -0.001995768464983041, 0, 0, 0.001601050548621801, 0, -0.0021915996074059647, 0, 0, 0, -0.0027429478696834146, 0, 0, 0, 0, -0.0016802840268232615, 0, 0, 0, 0, 0, 0, 0, -0.0019055603459106197, 0, 0.003759863348028089, 0, -0.0018992269385726113, 0, 0, 0, 0.0017964523840708103, 0, 0, 0, 0, 0, -0.0022092859556566385, 0, -0.0018786629210852202, 0, 0, 0, 0, 0, 0, -0.0023057790646385523, 0, 0.006594807810564904, -0.00283060984799559, 0, 0, 0, 0, 0, 0, 0, 0, 0, -0.002724477571584083, 0.0013046926523178346, 0, 0, -0.0021563207713559953, -0.0025469880860424787, 0, 0, -0.002885200268865685, 0, 0, 0, 0, 0, 0, 0, 0, 0, 0, 0, 0, -0.0014996639812921854, 0, 0, 0, 0, 0, 0, -0.004690144120150937, 0, 0, 0, -0.001709015300655822, 0, 0.005707271302794842, 0, -0.002380532406434254, 0, 0, 0, 0.0006336295681850471, 0, 0, 0, 0.002575913438533898, 0, -0.002475914832331326, 0, 0, 0, 0.004061914341321542, 0, 0, 0, -0.0020731112835820145, 0.0030444863350422547, 0, 0, 0.0018953000364005947, 0, 0, 0, 0, 0, 0, 0, 0, -0.0030792204711713278, 0, 0, 0, 0, 0, 0, 0, 0, 0, 0, -0.0025273918449203944, 0, -0.002482194877917862, 0, 0, 0, 0, -0.00254023424524252, 0, 0, 0, 0, 0, 0, 0, 0, 0, 0, 0, 0, 0, 0, 0, 0, 0.0005780513313554281, 0, 0, 0, 0, -0.0016374613701312707, 0, 0, -0.004717814304082858, 0, 0, 0, 0, 0, 0, 0, 0, 0, 0, 0.01743553712090171, 0, 0, 0, 0, 0, -0.0023711961180643867, 0, 0, 0, 0, 0, 0, 0, 0, -0.002292833028633407, 0, 0, -0.0020904197823771614, 0, 0, -0.002321874606184142, 0, 0, 0, 0, 0, 0, -0.002752278238433926, 0, 0, 0, 0, 0, 0.0006403466476089924, 0, 0, 0.009627412102629141, 0, 0, 0, 0, 0, 0, 0, 0, 0.007255439274420793, 0, 0, 0, 0, 0, 0, 0, 0, 0, 0, 0, 0, 0, 0, 0, 0, 0, 0, 0, 0, 0.0016012544009605175, 0, 0, 0, 0, 0, 0, 0, 0, 0, -0.0022074234330038555, 0.0012230642946187103, 0, 0, -0.0027028840129731174, 0, 0.004223995792513567, -0.002404522426544498, 0, 0, 0, 0.0009364788912326277, 0, -0.002150077617386488, -0.001913153204110544, 0, 0, 0, 0, -0.0012698611613551833, 0, 0, 0, -0.004738995595740478, 0, 0, 0, 0, 0, 0, 0, 0, 0, 0, 0, 0, 0, -0.0027988779580039535, -0.0027910661046044445, 0, 0, 0, 0, 0, 0, 0, 0, -0.0005248932263600319, 0, -0.0019026426418240886, 0, 0, 0, 0, 0, 0, 0, 0, 0, 0, 0, 0, 0, 0, 0, 0, 0, 0, 0, 0, 0, 0, 0, 0, 0, 0, 0, 0, 0, 0, 0, 0, 0, 0, 0, 0, 0, 0, 0, 0, 0, 0, -0.0021455863929641357, 0, 0, 0, 0, 0.004029870705777011, 0.00669033061014322, 0, 0, -0.0022388779747204365, 0, 0, 0, 0, 0, 0, 0, 0, 0, 0, 0, 0, -0.0026903567414226556, 0, 0, 0, 0, 0, -0.0021996134041470036, 0, 0, 0, 0, 0, -0.0017887272306937457, -0.0027047840952552356, 0, 0, 0, 0, -0.002111768707705042, -0.0005423433442373395, 0, 0, 0, 0, 0, 0, 0, 0, 0, 0, 0, 0, -0.0024511381911943744, 0, 0, 0, 0, 0, 0, 0, 0, 0, 0, -0.0006274107799699676, 0.004335119065619801, 0, 0.0004319055407771124, -0.004316459910550836, 0, 0, 0, 0, 0, 0, 0.007891165369578233, 0.005439350802467395, 0, 0, 0, 0, 0, -0.002189968496385786, 0, 0, 0, 0, -0.0026199516136303285, 0, 0, 0, 0, 0, 0.009711885316021959, 0, 0, 0, 0, 0, -0.0026834919536290313, 0, -0.0025203644483331195, 0, 0, 0, 0, 0, -0.002398159449115508, 0, -0.002198649826272956, 0, 0, -0.0007297703188528725, 0, 0, 0, 0, 0, 0, 0, 0, 0.0012410382408583741, 0.0032879524550450743, 0, 0, 0, -0.0029872502658901423, 0, 0, 0, 0, 0, 0, 0, 0, 0, 0, 0, 0, 0, 0, 0, 0, 0, 0, 0, 0]
Start Date: 2021-12-17
End Date: 2024-07-23
Sharpe Ratio: 0.006
Annualized Sharpe: 0.102
Sharpe 95% CI: (np.float64(-1.113), np.float64(1.068))
Sortino Ratio: 0.012
CAGR: 0.002
Calmar Ratio: 0.051
Daily Win Rate (%): 0.343
Max Drawdown: 0.044
Profit Factor: 1.037
Expectancy: 5e-05
Average Win: 0.004062
Average Loss: 0.002048
Total Trades: 166
Total Days: 814

Rolling 7 - Variant 1 - atr_0.25_7 - Test Metrics
Contracts: [9, 9, 14, 13, 9, 10, 9, 10, 11, 8, 8, 8, 9, 5, 7, 9, 10, 10, 9, 7, 8, 7, 8, 8, 6, 6, 6, 6, 6, 6, 8, 10, 10, 10, 7, 7, 7, 7, 10, 5, 5, 6, 6, 6, 6, 6, 7, 8, 8, 6, 6, 7, 7, 6, 5, 7, 6, 7, 6, 8, 6, 9, 5, 6, 6, 8, 9, 9, 9, 5, 11, 6, 5, 7, 7, 10, 6, 11, 10, 12, 10, 9, 9, 9, 12, 7, 15, 10, 9, 10, 8, 9, 9, 11, 10, 10, 9, 8, 8, 8, 10, 12, 10, 12, 13, 9, 10, 13, 8, 10, 11, 9, 13, 10, 9, 10, 14, 8, 11, 7, 11, 10, 11, 13, 12, 10, 10, 10, 10, 14, 11, 11, 6, 11, 8, 13, 10, 10, 16, 15, 16, 13, 18, 16, 10, 13, 13, 13, 13, 12, 13, 13, 12, 13, 11, 10, 13, 11, 21, 18, 15, 11, 8, 15, 15, 15, 20, 20, 11, 11, 18, 15, 16, 10, 9, 10, 16, 16, 15, 7, 8, 7, 6, 6, 9, 9, 10, 7, 11, 7, 8, 8, 10, 9, 5, 11, 11, 10, 10, 12, 8, 12, 12, 13, 4, 4, 5, 8, 8, 7, 9, 6, 8, 10, 7, 9, 10, 10, 10, 9, 10, 8, 9, 10, 9, 9, 4, 9, 10, 11, 13, 7, 6, 9, 10, 9, 10, 12, 11, 12, 12, 12, 11, 18, 12, 12]
Trade Returns: [0.0005351732437209539, -0.002752335912997006, -0.002544167870747402, 0.0018732803229022444, 0.014598246863084917, -0.002593613167767056, -0.0028721152034259095, -0.0007825639617748887, -0.002166193347961764, 0.0026838868128719953, 0.0021037232703659276, -0.001643826656666873, -0.001358626747049245, -0.002255824849053455, 0.004719055133384898, 0.0007477094771243553, -0.0018461011039651234, 0.004023540530870629, 0.0019519633542293508, -0.0022723391327556484, -0.0021004948291012612, -0.0024404139235500587, 0.003928197150087934, -0.002164008991695366, -0.002593805337700689, -0.0021687020825022093, 0.00428016865533273, -0.002285017837331572, -0.001457711105161257, 0.015109107623544359, -0.0030755247779508795, -0.0025204001677121284, -0.0024017253787234315, -0.0023959709145712224, -0.0020786887252323607, 0.0031712951900899756, -0.0027823388716055235, 0.011502718643515816, 0.000812723514519795, 0.0007633085162993418, -0.0022589239064790133, 0.006037067512276468, -0.002645898566694263, -0.002307373409561077, 0.0035958272427731247, -0.0021958127219765928, 0.00018174095100412013, 0.005375966924678617, 0.0023019834874597076, -0.00020051330730086982, -0.0024282492467943987, 0.0005640215453322186, -0.002372252668324183, -3.757251550104114e-05, -0.002317301572587789, -0.00268533111602615, 0.00481461152693262, -0.002151315359256947, -0.002040817620714899, -0.0024802566588608484, 0.0008141544186879638, -0.0021532192560752366, 8.027172959388369e-05, -0.0012576200021092916, -0.0010103619186173122, -0.0019824701653311768, -0.001518319773302387, 0.0022324310138034354, -0.002160365951306474, -0.0021146642043042775, 0.0003275287413869013, -0.0026027050736032666, -0.002324059934479291, -0.0023182497199747873, 0.005462050735114191, -0.00238511306501478, 0.003970282721773167, 0.0034748276353162915, -0.0031103814572074674, 0.009267664531823695]
Daily Returns: [0.0005351732437209539, 0, 0, 0, -0.002752335912997006, 0, 0, 0, -0.002544167870747402, 0, 0, 0, 0, 0, 0.0018732803229022444, 0, 0, 0.014598246863084917, 0, 0, 0, 0, 0, 0, 0, 0, 0, 0, 0, 0, 0, 0, 0, 0, 0, 0, 0, -0.002593613167767056, 0, 0, 0, 0, 0, 0, -0.0028721152034259095, 0, 0, 0, 0, 0, 0, 0, 0, 0, -0.0007825639617748887, 0, 0.0005176934649102315, 0, 0, 0, 0, 0, 0, 0, 0, 0, 0, 0, 0, 0, 0, 0, 0, 0, 0, 0, 0, 0, 0, 0, 0, 0, 0.0004598966136990547, -0.001358626747049245, 0, 0, 0, 0, 0, 0, -0.002255824849053455, 0, 0, 0, 0, 0, 0, 0, 0, 0, 0, 0.004719055133384898, 0, 0, 0, 0, 0, 0.0007477094771243553, -0.0018461011039651234, 0, 0.004023540530870629, 0, 0.0019519633542293508, 0, 0, -0.0022723391327556484, 0, 0, 0, -0.0021004948291012612, 0, 0, 0, 0, 0, 0, 0, 0, 0, 0, 0, 0, 0, 0, 0, 0, -0.0024404139235500587, 0, 0, 0, 0, 0, 0.003928197150087934, -0.002164008991695366, 0, 0, 0, 0, 0, -0.002593805337700689, 0, 0, 0, 0, -0.0021687020825022093, 0, 0, 0, 0.00428016865533273, 0, 0, -0.002285017837331572, 0, 0, 0, 0, 0, 0, -0.001457711105161257, 0, 0, 0, 0, 0, 0.012033582845593478, 0, 0, 0, 0, 0, 0, 0, 0, 0, 0, 0, 0, -0.007318096461006782, 0, 0, 0, 0, 0, 0, 0, 0, 0, 0, 0, 0, -0.0020786887252323607, 0, 0, 0, 0, 0, 0, 0, 0, 0, 0, 0, 0, 0, 0.0031712951900899756, 0, 0.008720379771910293, 0, 0, 0, 0, 0.000812723514519795, 0.0007633085162993418, 0, 0, 0, 0, 0, 0, 0, 0, 0, 0, 0, -0.0022589239064790133, 0, 0, 0, 0, 0, 0.003391168945582205, 0, 0, 0, 0, -0.002307373409561077, 0, 0, 0, 0, 0, 0, 0.0035958272427731247, 0, 0, 0, -0.0021958127219765928, 0, 0, 0, 0.00018174095100412013, 0, 0, 0, 0.005375966924678617, 0, 0.0023019834874597076, 0, 0, 0, 0, 0, 0, 0, -0.0026287625540952686, -0.0018458036384930055, 0, 0, 0, 0, 0, 0, 0, 0, -0.002317301572587789, 0, -0.00268533111602615, 0, 0, 0, 0, 0, 0, 0, 0, 0, 0, 0, 0.0026632961676756727, 0, 0, 0, 0, 0, 0, 0, 0, 0, 0, 0, -0.002040817620714899, 0, 0, 0, 0, 0, 0, -0.0024802566588608484, 0, 0, 0, 0, 0.0008141544186879638, 0, 0, 0, 0, 0, 0, -0.0021532192560752366, 0, 8.027172959388369e-05, -0.0012576200021092916, 0, 0, -0.0010103619186173122, 0, 0, -0.0019824701653311768, 0, -0.001518319773302387, 0, 0, 0, 0.0022324310138034354, 0, 0, -0.002160365951306474, 0, 0, -0.0021146642043042775, 0, 0, 0, 0, 0.0003275287413869013, -0.0026027050736032666, 0, 0, 0, 0, 0, 0, 0, 0, 0, -0.002324059934479291, 0, 0, 0, 0, -0.0023182497199747873, 0, 0, 0.0030769376700994114, 0, 0, 0, 0, 0, 0, 0, 0, 0, 0.003970282721773167, 0, 0, 0, 0, 0, 0, 0, 0, 0, 0, 0.0034748276353162915, -0.0031103814572074674, 0.009267664531823695, 0, 0, 0, 0, 0, 0]
Start Date: 2024-07-24
End Date: 2025-11-06
Sharpe Ratio: 0.027
Annualized Sharpe: 0.426
Sharpe 95% CI: (np.float64(-1.255), np.float64(1.705))
Sortino Ratio: 0.042
CAGR: 0.01
Calmar Ratio: 0.377
Daily Win Rate (%): 0.388
Max Drawdown: 0.027
Profit Factor: 1.16
Expectancy: 0.000209
Average Win: 0.003913
Average Loss: 0.002135
Total Trades: 80
Total Days: 404



Rolling 7 - Variant 2 - atr_0.25_8 - Fit Metrics
Contracts: [9, 9, 14, 13, 9, 10, 9, 10, 11, 8, 8, 8, 9, 5, 7, 9, 10, 10, 9, 7, 8, 7, 8, 8, 6, 6, 6, 6, 6, 6, 8, 10, 10, 10, 7, 7, 7, 7, 10, 5, 5, 6, 6, 6, 6, 6, 7, 8, 8, 6, 6, 7, 7, 6, 5, 7, 6, 7, 6, 8, 6, 9, 5, 6, 6, 8, 9, 9, 9, 5, 11, 6, 5, 7, 7, 10, 6, 11, 10, 12, 10, 9, 9, 9, 12, 7, 15, 10, 9, 10, 8, 9, 9, 11, 11, 10, 9, 8, 8, 8, 10, 12, 10, 12, 13, 9, 10, 13, 8, 10, 11, 9, 13, 10, 9, 10, 14, 8, 11, 7, 11, 10, 11, 13, 12, 10, 10, 10, 10, 14, 11, 11, 6, 11, 8, 13, 10, 10, 16, 15, 16, 13, 18, 16, 10, 13, 13, 13, 13, 12, 13, 13, 12, 13, 11, 10, 13, 11, 21, 18, 15, 11, 8, 15, 15, 15, 20, 20, 11, 11, 18, 15, 16, 10, 9, 10, 16, 16, 16, 7, 9, 7, 6, 6, 9, 9, 10, 7, 11, 7, 8, 8, 10, 9, 5, 11, 11, 10, 10, 12, 8, 12, 12, 13, 4, 4, 5, 8, 8, 7, 9, 6, 8, 10, 7, 9, 10, 10, 10, 9, 10, 8, 9, 10, 9, 9, 4, 9, 10, 11, 13, 7, 6, 9, 10, 9, 10, 12, 11, 12, 12, 12, 11, 18, 12, 12]
Trade Returns: [-0.0023168250000000002, 0.0007505388672109267, 0.016590814812396208, -0.002496584287176676, -0.002169609767678374, -0.002346182354003704, 0.0011840435611086446, -0.0005381090061683682, -0.0023986753804963183, -0.0020942322090908285, 0.0011088062884304457, -0.0020986272218136257, -0.0021415991254844047, 0.003007116442597491, 0.0003622424977190942, 0.004192178657162142, -0.002244372998170986, -0.000710680195480308, -0.0023601397232154795, -0.0016655490564746462, -0.00220622981322563, -0.0019347195224631143, -0.0022655298440991786, 0.003633641392879706, -0.002297650679592109, -0.0024911277942385947, -0.0027237358783644477, 0.0014116694883409397, -0.00021489753754933575, 0.0003518909984377535, 0.008326366237116752, 0.005639043943032972, 0.001323250600864389, -0.002553961204493444, 0.00018764239785207734, 0.0031026540525814603, -0.0021768336754724635, -0.0008123339436683499, -0.00218648042593491, 0.0020390427228903405, 0.002890525821063572, 0.003814195862988761, -0.0001741047766110849, 0.00391179928701672, 0.002823553231136786, -0.001988174800975902, -0.00037896145780092714, -3.392616094349936e-05, -0.0024976010277378393, -0.0020226200983078724, -0.0019340701998650383, 0.002352799581730944, 0.008397850767016452, 0.0035381010413063517, -0.00045971178834169934, 0.01203435375117505, 0.011516108187319667, -0.0025869281884579164, -0.0016835242389053777, 0.0002994760753972937, -0.0027875102601053474, -0.002333355488760571, -0.0009533550866453036, -0.0018497945704619306, -0.0017446099308086284, -0.001991715097698998, 0.0015977923564271341, -0.0021871467425910204, -0.002737362566451153, -0.0016768531719068742, -0.0019016445978285263, 0.003752107761195121, -0.0018953167692972845, 0.0017927606378066736, -0.0022047539527849744, -0.0018748096823510993, -0.0023010386699170706, 0.006581218436988386, -0.002824820515048073, -0.002718900172662005, 0.0013020144764070108, -0.002151900192324569, -0.00254175535670117, -0.0028792575854067193, -0.0014965583521547845, -0.0027978632121530237, -0.0018825126156508504, -0.0017054346937934604, 0.005695293407848891, -0.002375556733007578, 0.0006323072955822091, 0.00282758086006909, -0.002470751301851092, 0.004052404982482639, -0.002068277505479304, 0.003037372933981367, 0.00391718806034045, -0.0020263214173387232, -0.003072834207416049, -0.002522171112160061, -0.0024764236922094457, -0.002534313453684804, 0.0005767005830025896, -0.0016336192081957911, -0.0033187484033632094, -0.0013880372108059727, 0.015040701978008997, -0.0023711915675570126, -0.0022928286180524844, -0.0020520725173561126, -3.83432344168004e-05, -0.0023164176129462245, -0.0027522729207639612, 0.0006403454069822779, 0.012151217103860898, -0.0025238237012595796, 0.007255425360044083, 0.0016012513380954316, -0.002207419231928392, -0.0022317921031136992, 0.0034548540567283705, -0.0027028788568947953, 0.004223987698314048, -0.002404517829976024, 0.0009364771042602888, -0.0021500735184852046, -0.001913149561521478, -0.0012698587294438552, -0.002339343740796444, -0.002399642784624159, -0.0027988725634158344, -0.0027910607400875764, -0.0005248922099015837, -0.0019026389643570004, -0.002145582235842946, 0.0038240777537193976, 0.00020578511158134358, 0.006690317643235093, -0.0022388736642627452, -0.0026903515501211306, -0.002199609133183579, -0.0017887237698620368, -0.0027047788526579877, -0.002111764603429559, -0.0005423422879488059, -0.002451133414673857, -0.0006274095511140391, 0.002883584171202366, 0.0014515264064388193, 0.0004319046979667263, -0.0020470856455811833, -0.002269365836486984, 0.010228492523976465, -0.002337342659401065, 0.005439340230058508, -0.0021899642627950166, -0.002619946495598977, 0.00971186645858794, -0.002683486793246593, -0.0025203595886055252, -0.0023981548133378693, -0.0021986455665710678, -0.0007297689047744572, 0.0012410358343381733, 0.0032879460872183726, -0.002987244499397784]
Daily Returns: [-0.0023168250000000002, 0, 0, 0, 0.0007505388672109267, 0, 0, 0, 0, 0, 0.014094230525219532, 0, -0.002169609767678374, 0, -0.0011621387928950593, 0, 0, 0, -0.0005381090061683682, 0, -0.0023986753804963183, 0, 0, 0, 0, 0, 0, 0, 0, 0, 0, 0, 0, 0, 0, 0, 0, 0, 0, 0, 0, -0.0020942322090908285, 0.0011088062884304457, 0, 0, 0, 0, 0, 0, 0, 0, 0, 0, -0.0020986272218136257, 0, 0, -0.0021415991254844047, 0, 0, 0, 0, 0, 0, 0, 0, 0, 0, 0, 0, 0, 0, 0, 0.003007116442597491, 0, 0, 0, 0, 0, 0, 0, 0, 0.0003622424977190942, 0, 0, 0.0012371254635108477, 0, 0, -0.0023601397232154795, 0, 0, 0, 0, -0.0016655490564746462, 0, 0, 0, 0, 0, 0, 0, 0, -0.00220622981322563, 0, 0, 0, 0, 0, -0.0019347195224631143, 0.0013681115487805275, 0, 0, 0, 0, 0, 0, 0, 0, 0, 0, -0.002297650679592109, -0.005214863672603043, 0, 0.0014116694883409397, 0.00013699346088841773, 0, 0, 0, 0, 0, 0, 0, 0, 0, 0, 0, 0, 0, 0, 0, 0, 0, 0, 0.008326366237116752, 0, 0, 0, 0, 0.005639043943032972, 0.001323250600864389, -0.002553961204493444, 0, 0, 0, 0, 0, 0, 0, 0, 0, 0, 0, 0.00018764239785207734, 0.00011348643344064686, 0, 0, 0, 0, 0, 0, 0, 0, 0, 0, 0, 0, 0, 0, 0, 0, 0, 0, 0, 0, 0, 0, 0, -0.00218648042593491, 0, 0.0020390427228903405, 0, 0, 0.0065306169074412475, 0.00391179928701672, 0, 0, 0, 0.002823553231136786, 0, -0.002367136258776829, 0, 0, -3.392616094349936e-05, 0, 0, 0, 0, 0, 0, 0, 0, -0.0024976010277378393, 0, 0, 0, 0, 0, -0.0020226200983078724, 0, -0.0019340701998650383, 0.002352799581730944, 0, 0, 0.008397850767016452, 0, 0, 0, 0, 0.0035381010413063517, 0, 0, 0, 0, 0, 0, 0, 0, 0, 0, 0, 0, 0, 0, 0, 0, 0, 0, 0, 0, 0, 0, 0, -0.00045971178834169934, 0, 0, 0, 0, 0, 0.01203435375117505, 0, 0, 0, 0, 0, 0, 0.008929179998861751, 0, 0, 0, -0.0016835242389053777, 0, 0.0002994760753972937, 0, 0, 0, 0, -0.0027875102601053474, 0, 0, 0, 0, 0, 0, 0, 0, 0, 0, 0, 0, 0, 0, 0, 0, -0.002333355488760571, 0, 0, 0, 0, 0, -0.0009533550866453036, 0, 0, 0, 0, 0, -0.0018497945704619306, -0.0017446099308086284, 0, 0, 0, 0, 0, 0, 0, 0, 0, 0, 0, 0, -0.001991715097698998, 0, 0, 0.0015977923564271341, 0, -0.0021871467425910204, 0, 0, 0, -0.002737362566451153, 0, 0, 0, 0, -0.0016768531719068742, 0, 0, 0, 0, 0, 0, 0, -0.0019016445978285263, 0, 0.003752107761195121, 0, -0.0018953167692972845, 0, 0, 0, 0.0017927606378066736, 0, 0, 0, 0, 0, -0.0022047539527849744, 0, -0.0018748096823510993, 0, 0, 0, 0, 0, 0, -0.0023010386699170706, 0, 0.006581218436988386, -0.002824820515048073, 0, 0, 0, 0, 0, 0, 0, 0, 0, -0.002718900172662005, 0.0013020144764070108, 0, 0, -0.002151900192324569, -0.00254175535670117, 0, 0, -0.0028792575854067193, 0, 0, 0, 0, 0, 0, 0, 0, 0, 0, 0, 0, -0.0014965583521547845, 0, 0, 0, 0, 0, 0, -0.004680375827803875, 0, 0, 0, -0.0017054346937934604, 0, 0.005695293407848891, 0, -0.002375556733007578, 0, 0, 0, 0.0006323072955822091, 0, 0, 0, 0.00282758086006909, 0, -0.002470751301851092, 0, 0, 0, 0.004052404982482639, 0, 0, 0, -0.002068277505479304, 0.003037372933981367, 0, 0, 0.0018908666430017267, 0, 0, 0, 0, 0, 0, 0, 0, -0.003072834207416049, 0, 0, 0, 0, 0, 0, 0, 0, 0, 0, -0.002522171112160061, 0, -0.0024764236922094457, 0, 0, 0, 0, -0.002534313453684804, 0, 0, 0, 0, 0, 0, 0, 0, 0, 0, 0, 0, 0, 0, 0, 0, 0.0005767005830025896, 0, 0, 0, 0, -0.0016336192081957911, 0, 0, -0.004706785614169182, 0, 0, 0, 0, 0, 0, 0, 0, 0, 0, 0.015040701978008997, 0, 0, 0, 0, 0, -0.0023711915675570126, 0, 0, 0, 0, 0, 0, 0, 0, -0.0022928286180524844, 0, 0, -0.002090415751772913, 0, 0, -0.0023164176129462245, 0, 0, 0, 0, 0, 0, -0.0027522729207639612, 0, 0, 0, 0, 0, 0.0006403454069822779, 0, 0, 0.009627393402601318, 0, 0, 0, 0, 0, 0, 0, 0, 0.007255425360044083, 0, 0, 0, 0, 0, 0, 0, 0, 0, 0, 0, 0, 0, 0, 0, 0, 0, 0, 0, 0, 0.0016012513380954316, 0, 0, 0, 0, 0, 0, 0, 0, 0, -0.002207419231928392, 0.0012230619536146713, 0, 0, -0.0027028788568947953, 0, 0.004223987698314048, -0.002404517829976024, 0, 0, 0, 0.0009364771042602888, 0, -0.0021500735184852046, -0.001913149561521478, 0, 0, 0, 0, -0.0012698587294438552, 0, 0, 0, -0.0047389865254206034, 0, 0, 0, 0, 0, 0, 0, 0, 0, 0, 0, 0, 0, -0.0027988725634158344, -0.0027910607400875764, 0, 0, 0, 0, 0, 0, 0, 0, -0.0005248922099015837, 0, -0.0019026389643570004, 0, 0, 0, 0, 0, 0, 0, 0, 0, 0, 0, 0, 0, 0, 0, 0, 0, 0, 0, 0, 0, 0, 0, 0, 0, 0, 0, 0, 0, 0, 0, 0, 0, 0, 0, 0, 0, 0, 0, 0, 0, 0, -0.002145582235842946, 0, 0, 0, 0, 0.004029862865300741, 0.006690317643235093, 0, 0, -0.0022388736642627452, 0, 0, 0, 0, 0, 0, 0, 0, 0, 0, 0, 0, -0.0026903515501211306, 0, 0, 0, 0, 0, -0.002199609133183579, 0, 0, 0, 0, 0, -0.0017887237698620368, -0.0027047788526579877, 0, 0, 0, 0, -0.002111764603429559, -0.0005423422879488059, 0, 0, 0, 0, 0, 0, 0, 0, 0, 0, 0, 0, -0.002451133414673857, 0, 0, 0, 0, 0, 0, 0, 0, 0, 0, -0.0006274095511140391, 0.004335110577641185, 0, 0.0004319046979667263, -0.004316451482068167, 0, 0, 0, 0, 0, 0, 0.007891149864575401, 0.005439340230058508, 0, 0, 0, 0, 0, -0.0021899642627950166, 0, 0, 0, 0, -0.002619946495598977, 0, 0, 0, 0, 0, 0.00971186645858794, 0, 0, 0, 0, 0, -0.002683486793246593, 0, -0.0025203595886055252, 0, 0, 0, 0, 0, -0.0023981548133378693, 0, -0.0021986455665710678, 0, 0, -0.0007297689047744572, 0, 0, 0, 0, 0, 0, 0, 0, 0.0012410358343381733, 0.0032879460872183726, 0, 0, 0, -0.002987244499397784, 0, 0, 0, 0, 0, 0, 0, 0, 0, 0, 0, 0, 0, 0, 0, 0, 0, 0, 0, 0]
Start Date: 2021-12-17
End Date: 2024-07-23
Sharpe Ratio: 0.006
Annualized Sharpe: 0.102
Sharpe 95% CI: (np.float64(-1.101), np.float64(1.072))
Sortino Ratio: 0.012
CAGR: 0.002
Calmar Ratio: 0.049
Daily Win Rate (%): 0.343
Max Drawdown: 0.046
Profit Factor: 1.037
Expectancy: 5e-05
Average Win: 0.004057
Average Loss: 0.002046
Total Trades: 166
Total Days: 814

Rolling 7 - Variant 2 - atr_0.25_8 - Test Metrics
Contracts: [9, 9, 14, 13, 9, 10, 9, 10, 11, 8, 8, 8, 9, 5, 7, 9, 10, 10, 9, 7, 8, 7, 8, 8, 6, 6, 6, 6, 6, 6, 8, 10, 10, 10, 7, 7, 7, 7, 10, 5, 5, 6, 6, 6, 6, 6, 7, 8, 8, 6, 6, 7, 7, 6, 5, 7, 6, 7, 6, 8, 6, 9, 5, 6, 6, 8, 9, 9, 9, 5, 11, 6, 5, 7, 7, 10, 6, 11, 10, 12, 10, 9, 9, 9, 12, 7, 15, 10, 9, 10, 8, 9, 9, 11, 11, 10, 9, 8, 8, 8, 10, 12, 10, 12, 13, 9, 10, 13, 8, 10, 11, 9, 13, 10, 9, 10, 14, 8, 11, 7, 11, 10, 11, 13, 12, 10, 10, 10, 10, 14, 11, 11, 6, 11, 8, 13, 10, 10, 16, 15, 16, 13, 18, 16, 10, 13, 13, 13, 13, 12, 13, 13, 12, 13, 11, 10, 13, 11, 21, 18, 15, 11, 8, 15, 15, 15, 20, 20, 11, 11, 18, 15, 16, 10, 9, 10, 16, 16, 16, 7, 9, 7, 6, 6, 9, 9, 10, 7, 11, 7, 8, 8, 10, 9, 5, 11, 11, 10, 10, 12, 8, 12, 12, 13, 4, 4, 5, 8, 8, 7, 9, 6, 8, 10, 7, 9, 10, 10, 10, 9, 10, 8, 9, 10, 9, 9, 4, 9, 10, 11, 13, 7, 6, 9, 10, 9, 10, 12, 11, 12, 12, 12, 11, 18, 12, 12]
Trade Returns: [0.0005351722075443302, -0.0027523305869073286, -0.0025441629338992275, 0.0018732766786107894, 0.016726695954018295, -0.002588178587040329, -0.002866081441273288, -0.00078091521983569, -0.0021616381447724015, 0.0026782278568710464, 0.002099289849605738, -0.0016403696867194565, -0.0014461491822806267, -0.002251270356003369, 0.005298194136820445, 0.0007457743431449405, -0.0018413268021452243, 0.004013085485852782, 0.001946905964015578, -0.002266463113057873, -0.0020950508413221172, -0.0024341026099101853, 0.003918013394890279, -0.002158420746043856, -0.0025870781639295054, -0.002163089603519645, 0.0042690521768787015, -0.00227907614895276, -0.0014539119882505858, 0.009554108585113992, -0.0030674976107030604, -0.0025276685862824786, -0.00240863487612826, -0.002402847294333119, -0.002084698511571315, 0.00318037822944744, -0.002790282620756132, 0.011536044121476685, 0.0008150503829197924, 0.0007654921273149107, -0.002265381109606555, 0.006054409854854093, -0.002653479121578339, -0.0023139617820158134, 0.0036061165476385863, -0.002202073368934687, 0.00018226108969577703, 0.005391328576177947, 0.002308526057628157, -0.00020108188256369133, -0.0024351361719082516, 0.0005656251106254277, -0.0023789933888169524, -3.767953183328947e-05, -0.002323902101090349, -0.00269299774473394, 0.004828458618331095, -0.0021574893132297276, -0.002046658921586641, -0.002487356920342267, 0.0008164894995729794, -0.002159389878132707, 8.050226739051206e-05, -0.0012612315551141927, -0.0010132670756854774, -0.0019881762680886788, -0.0015226986275477718, 0.0022388791929155295, -0.0021665920374183754, -0.0021207718125501604, 0.00032847672579143316, -0.0026102357520304703, -0.0023308019781459874, -0.002324990620047941, 0.005477970047656551, -0.0023920266768295497, 0.00398181878272374, 0.0034848840581814928, -0.0031193518834426504, 0.009294476368466923]
Daily Returns: [0.0005351722075443302, 0, 0, 0, -0.0027523305869073286, 0, 0, 0, -0.0025441629338992275, 0, 0, 0, 0, 0, 0.0018732766786107894, 0, 0, 0.016726695954018295, 0, 0, 0, 0, 0, 0, 0, 0, 0, 0, 0, 0, 0, 0, 0, 0, 0, 0, 0, -0.002588178587040329, 0, 0, 0, 0, 0, 0, -0.002866081441273288, 0, 0, 0, 0, 0, 0, 0, 0, 0, -0.00078091521983569, 0, 0.0005165897120986448, 0, 0, 0, 0, 0, 0, 0, 0, 0, 0, 0, 0, 0, 0, 0, 0, 0, 0, 0, 0, 0, 0, 0, 0, 0, 0.00045892016288628153, -0.0014461491822806267, 0, 0, 0, 0, 0, 0, -0.002251270356003369, 0, 0, 0, 0, 0, 0, 0, 0, 0, 0, 0.005298194136820445, 0, 0, 0, 0, 0, 0.0007457743431449405, -0.0018413268021452243, 0, 0.004013085485852782, 0, 0.001946905964015578, 0, 0, -0.002266463113057873, 0, 0, 0, -0.0020950508413221172, 0, 0, 0, 0, 0, 0, 0, 0, 0, 0, 0, 0, 0, 0, 0, 0, -0.0024341026099101853, 0, 0, 0, 0, 0, 0.003918013394890279, -0.002158420746043856, 0, 0, 0, 0, 0, -0.0025870781639295054, 0, 0, 0, 0, -0.002163089603519645, 0, 0, 0, 0.0042690521768787015, 0, 0, -0.00227907614895276, 0, 0, 0, 0, 0, 0, -0.0014539119882505858, 0, 0, 0, 0, 0, 0.0064866109744109324, 0, 0, 0, 0, 0, 0, 0, 0, 0, 0, 0, 0, -0.007339150756743858, 0, 0, 0, 0, 0, 0, 0, 0, 0, 0, 0, 0, -0.002084698511571315, 0, 0, 0, 0, 0, 0, 0, 0, 0, 0, 0, 0, 0, 0.00318037822944744, 0, 0.008745761500720553, 0, 0, 0, 0, 0.0008150503829197924, 0.0007654921273149107, 0, 0, 0, 0, 0, 0, 0, 0, 0, 0, 0, -0.002265381109606555, 0, 0, 0, 0, 0, 0.0034009307332757543, 0, 0, 0, 0, -0.0023139617820158134, 0, 0, 0, 0, 0, 0, 0.0036061165476385863, 0, 0, 0, -0.002202073368934687, 0, 0, 0, 0.00018226108969577703, 0, 0, 0, 0.005391328576177947, 0, 0.002308526057628157, 0, 0, 0, 0, 0, 0, 0, -0.002636218054471943, -0.0018510478100248141, 0, 0, 0, 0, 0, 0, 0, 0, -0.002323902101090349, 0, -0.00269299774473394, 0, 0, 0, 0, 0, 0, 0, 0, 0, 0, 0, 0.002670969305101368, 0, 0, 0, 0, 0, 0, 0, 0, 0, 0, 0, -0.002046658921586641, 0, 0, 0, 0, 0, 0, -0.002487356920342267, 0, 0, 0, 0, 0.0008164894995729794, 0, 0, 0, 0, 0, 0, -0.002159389878132707, 0, 8.050226739051206e-05, -0.0012612315551141927, 0, 0, -0.0010132670756854774, 0, 0, -0.0019881762680886788, 0, -0.0015226986275477718, 0, 0, 0, 0.0022388791929155295, 0, 0, -0.0021665920374183754, 0, 0, -0.0021207718125501604, 0, 0, 0, 0, 0.00032847672579143316, -0.0026102357520304703, 0, 0, 0, 0, 0, 0, 0, 0, 0, -0.0023308019781459874, 0, 0, 0, 0, -0.002324990620047941, 0, 0, 0.0030859433708270013, 0, 0, 0, 0, 0, 0, 0, 0, 0, 0.00398181878272374, 0, 0, 0, 0, 0, 0, 0, 0, 0, 0, 0.0034848840581814928, -0.0031193518834426504, 0.009294476368466923, 0, 0, 0, 0, 0, 0]
Start Date: 2024-07-24
End Date: 2025-11-06
Sharpe Ratio: 0.023
Annualized Sharpe: 0.357
Sharpe 95% CI: (np.float64(-1.361), np.float64(1.648))
Sortino Ratio: 0.035
CAGR: 0.008
Calmar Ratio: 0.309
Daily Win Rate (%): 0.388
Max Drawdown: 0.027
Profit Factor: 1.132
Expectancy: 0.000172
Average Win: 0.003826
Average Loss: 0.002139
Total Trades: 80
Total Days: 404



Rolling 7 - Variant 3 - atr_0.25_9 - Fit Metrics
Contracts: [9, 9, 14, 13, 9, 10, 9, 10, 11, 8, 8, 8, 9, 5, 7, 9, 10, 10, 9, 7, 8, 7, 8, 8, 6, 6, 6, 6, 6, 6, 8, 10, 10, 10, 7, 7, 7, 7, 10, 5, 5, 6, 6, 6, 6, 6, 7, 8, 8, 6, 6, 7, 7, 6, 5, 7, 6, 7, 6, 8, 6, 9, 5, 6, 6, 8, 9, 9, 9, 5, 11, 6, 5, 7, 7, 10, 6, 11, 10, 12, 10, 9, 9, 9, 12, 7, 15, 10, 9, 10, 8, 9, 9, 11, 10, 10, 9, 8, 8, 8, 10, 12, 10, 12, 13, 9, 10, 13, 8, 10, 11, 9, 13, 10, 9, 10, 14, 8, 11, 7, 11, 10, 11, 13, 12, 10, 10, 10, 10, 14, 11, 11, 6, 11, 8, 13, 10, 10, 16, 15, 16, 13, 18, 16, 10, 13, 13, 13, 13, 12, 13, 13, 12, 13, 11, 10, 13, 11, 21, 18, 15, 11, 8, 15, 15, 15, 20, 20, 11, 11, 18, 15, 16, 10, 9, 10, 16, 16, 15, 7, 8, 7, 6, 6, 9, 9, 10, 7, 11, 7, 8, 8, 10, 9, 5, 11, 11, 10, 10, 12, 8, 12, 12, 13, 4, 4, 5, 8, 8, 7, 9, 6, 8, 9, 7, 9, 10, 10, 9, 9, 10, 8, 9, 10, 9, 9, 4, 9, 10, 11, 13, 7, 6, 9, 10, 9, 10, 12, 11, 12, 12, 12, 11, 18, 12, 12]
Trade Returns: [-0.0023168250000000002, 0.0007505388672109267, 0.014487516788512244, -0.0025017603595391055, -0.002174113873743027, -0.002351063636912138, 0.001186504549974602, -0.0005392311918729406, -0.002403680335727823, -0.0020986075956482397, 0.0011111254422876092, -0.002103021011516817, -0.0021460923325985295, 0.00301343912751589, 0.00036300185111982344, 0.004200969613144644, -0.002249059736662376, -0.000712169423279661, -0.0023650793172252734, -0.0016690431886309757, -0.002210865969953026, -0.0019387941376906627, -0.0022703104308374753, 0.0036413263346871173, -0.002302492447698335, -0.002496389385449491, -0.002729503165993781, 0.0014146667639300628, -0.00021535316632010848, 0.00035263724337039246, 0.008344017493605744, 0.005650899360981397, 0.0013260169452420552, -0.0025592933616299667, 0.00018803516262531116, 0.003109147169970049, -0.002181375150776887, -0.000814032401247406, -0.002191067203691032, 0.0020433296000770904, 0.0028965904616530982, 0.0038221753514469476, -0.00017446762563653066, 0.003919953228958627, 0.002829415799840747, -0.001992291218952235, -0.0003797476451435913, -3.3996570348908826e-05, -0.002502827357898408, -0.002026817930193264, -0.0019380924037953455, 0.0023577021009682435, 0.00841530817626906, 0.003545394649705201, -0.0004606464366268346, 0.012059116065244376, 0.011539532583864845, -0.0025921301146764183, -0.0016869824743832868, 0.0003000815332212379, -0.0027931300942535, -0.0023380714732422394, -0.0009552864444854572, -0.001853545566738902, -0.0017481542041207655, -0.001995768464983041, 0.001601050548621801, -0.0021915996074059647, -0.0027429478696834146, -0.0016802840268232615, -0.0019055603459106197, 0.003759863348028089, -0.0018992269385726113, 0.0017964523840708103, -0.0022092859556566385, -0.0018786629210852202, -0.0023057790646385523, 0.006594807810564904, -0.00283060984799559, -0.002724477571584083, 0.0013046926523178346, -0.0021563207713559953, -0.0025469880860424787, -0.002885200268865685, -0.0014996639812921854, -0.002803695964698, -0.0018864481554529372, -0.001709015300655822, 0.005707271302794842, -0.002380532406434254, 0.0006336295681850471, 0.002575913438533898, -0.002475914832331326, 0.004061914341321542, -0.0020731112835820145, 0.0030444863350422547, 0.003926334106814673, -0.002031034070414078, -0.0030792204711713278, -0.0025273918449203944, -0.002482194877917862, -0.00254023424524252, 0.0005780513313554281, -0.0016374613701312707, -0.0033265279101210962, -0.0013912863939617615, 0.015076217173786283, -0.0023767074385004504, -0.00229817490749951, -0.002056868447087488, -3.843303167128832e-05, -0.002321874606184142, -0.0027587188050145106, 0.0006418492588384354, 0.012179808273534149, -0.0025297471019239287, 0.007272291564152264, 0.0016049639438616575, -0.002212511442844081, -0.00223695195510439, 0.0034628515257621, -0.002709128680413342, 0.0042337990013184505, -0.002410089483393949, 0.0009386431437661473, -0.0021550419014421934, -0.001917564823812721, -0.0012728065423633186, -0.002344781145710363, -0.0024051998471395684, -0.00280541164791104, -0.0027975633311560465, -0.0005261243300824856, -0.0019070966588179174, -0.0021506213785947126, 0.003833098278484077, 0.00020626867955331928, 0.006706035768429531, -0.002244098599613694, -0.0026966442361237943, -0.002204786298341437, -0.001792918876705033, -0.002711133784013307, -0.0021167397243078375, -0.0005436227062193653, -0.002456923453828703, -0.0006288991729848872, 0.0028904348051227227, 0.0014549649108000493, 0.00043292634562185127, -0.002051925822659677, -0.0022747426107787893, 0.01025278198951893, -0.002342836785934037, 0.00545215589579042, -0.0021950960727477797, -0.0026261505459484083, 0.009734725013069575, -0.002689741950487702, -0.0025262503440128294, -0.0024037741392783484, -0.0022038090540384215, -0.0007314830103383812, 0.0012439529545567188, 0.003295664976067956, -0.002994234415029092]
Daily Returns: [-0.0023168250000000002, 0, 0, 0, 0.0007505388672109267, 0, 0, 0, 0, 0, 0.011985756428973138, 0, -0.002174113873743027, 0, -0.001164559086937536, 0, 0, 0, -0.0005392311918729406, 0, -0.002403680335727823, 0, 0, 0, 0, 0, 0, 0, 0, 0, 0, 0, 0, 0, 0, 0, 0, 0, 0, 0, 0, -0.0020986075956482397, 0.0011111254422876092, 0, 0, 0, 0, 0, 0, 0, 0, 0, 0, -0.002103021011516817, 0, 0, -0.0021460923325985295, 0, 0, 0, 0, 0, 0, 0, 0, 0, 0, 0, 0, 0, 0, 0, 0.00301343912751589, 0, 0, 0, 0, 0, 0, 0, 0, 0.00036300185111982344, 0, 0, 0.0012397404532026072, 0, 0, -0.0023650793172252734, 0, 0, 0, 0, -0.0016690431886309757, 0, 0, 0, 0, 0, 0, 0, 0, -0.002210865969953026, 0, 0, 0, 0, 0, -0.0019387941376906627, 0.001371015903849642, 0, 0, 0, 0, 0, 0, 0, 0, 0, 0, -0.002302492447698335, -0.005225892551443272, 0, 0.0014146667639300628, 0.00013728407705028398, 0, 0, 0, 0, 0, 0, 0, 0, 0, 0, 0, 0, 0, 0, 0, 0, 0, 0, 0.008344017493605744, 0, 0, 0, 0, 0.005650899360981397, 0.0013260169452420552, -0.0025592933616299667, 0, 0, 0, 0, 0, 0, 0, 0, 0, 0, 0, 0.00018803516262531116, 0.00011373961794575616, 0, 0, 0, 0, 0, 0, 0, 0, 0, 0, 0, 0, 0, 0, 0, 0, 0, 0, 0, 0, 0, 0, 0, -0.002191067203691032, 0, 0.0020433296000770904, 0, 0, 0.006544298187463515, 0.003919953228958627, 0, 0, 0, 0.002829415799840747, 0, -0.0023720388640958265, 0, 0, -3.3996570348908826e-05, 0, 0, 0, 0, 0, 0, 0, 0, -0.002502827357898408, 0, 0, 0, 0, 0, -0.002026817930193264, 0, -0.0019380924037953455, 0.0023577021009682435, 0, 0, 0.00841530817626906, 0, 0, 0, 0, 0.003545394649705201, 0, 0, 0, 0, 0, 0, 0, 0, 0, 0, 0, 0, 0, 0, 0, 0, 0, 0, 0, 0, 0, 0, 0, -0.0004606464366268346, 0, 0, 0, 0, 0, 0.012059116065244376, 0, 0, 0, 0, 0, 0, 0.008947402469188428, 0, 0, 0, -0.0016869824743832868, 0, 0.0003000815332212379, 0, 0, 0, 0, -0.0027931300942535, 0, 0, 0, 0, 0, 0, 0, 0, 0, 0, 0, 0, 0, 0, 0, 0, -0.0023380714732422394, 0, 0, 0, 0, 0, -0.0009552864444854572, 0, 0, 0, 0, 0, -0.001853545566738902, -0.0017481542041207655, 0, 0, 0, 0, 0, 0, 0, 0, 0, 0, 0, 0, -0.001995768464983041, 0, 0, 0.001601050548621801, 0, -0.0021915996074059647, 0, 0, 0, -0.0027429478696834146, 0, 0, 0, 0, -0.0016802840268232615, 0, 0, 0, 0, 0, 0, 0, -0.0019055603459106197, 0, 0.003759863348028089, 0, -0.0018992269385726113, 0, 0, 0, 0.0017964523840708103, 0, 0, 0, 0, 0, -0.0022092859556566385, 0, -0.0018786629210852202, 0, 0, 0, 0, 0, 0, -0.0023057790646385523, 0, 0.006594807810564904, -0.00283060984799559, 0, 0, 0, 0, 0, 0, 0, 0, 0, -0.002724477571584083, 0.0013046926523178346, 0, 0, -0.0021563207713559953, -0.0025469880860424787, 0, 0, -0.002885200268865685, 0, 0, 0, 0, 0, 0, 0, 0, 0, 0, 0, 0, -0.0014996639812921854, 0, 0, 0, 0, 0, 0, -0.004690144120150937, 0, 0, 0, -0.001709015300655822, 0, 0.005707271302794842, 0, -0.002380532406434254, 0, 0, 0, 0.0006336295681850471, 0, 0, 0, 0.002575913438533898, 0, -0.002475914832331326, 0, 0, 0, 0.004061914341321542, 0, 0, 0, -0.0020731112835820145, 0.0030444863350422547, 0, 0, 0.0018953000364005947, 0, 0, 0, 0, 0, 0, 0, 0, -0.0030792204711713278, 0, 0, 0, 0, 0, 0, 0, 0, 0, 0, -0.0025273918449203944, 0, -0.002482194877917862, 0, 0, 0, 0, -0.00254023424524252, 0, 0, 0, 0, 0, 0, 0, 0, 0, 0, 0, 0, 0, 0, 0, 0, 0.0005780513313554281, 0, 0, 0, 0, -0.0016374613701312707, 0, 0, -0.004717814304082858, 0, 0, 0, 0, 0, 0, 0, 0, 0, 0, 0.015076217173786283, 0, 0, 0, 0, 0, -0.0023767074385004504, 0, 0, 0, 0, 0, 0, 0, 0, -0.00229817490749951, 0, 0, -0.0020953014787587765, 0, 0, -0.002321874606184142, 0, 0, 0, 0, 0, 0, -0.0027587188050145106, 0, 0, 0, 0, 0, 0.0006418492588384354, 0, 0, 0.00965006117161022, 0, 0, 0, 0, 0, 0, 0, 0, 0.007272291564152264, 0, 0, 0, 0, 0, 0, 0, 0, 0, 0, 0, 0, 0, 0, 0, 0, 0, 0, 0, 0, 0.0016049639438616575, 0, 0, 0, 0, 0, 0, 0, 0, 0, -0.002212511442844081, 0.0012258995706577098, 0, 0, -0.002709128680413342, 0, 0.0042337990013184505, -0.002410089483393949, 0, 0, 0, 0.0009386431437661473, 0, -0.0021550419014421934, -0.001917564823812721, 0, 0, 0, 0, -0.0012728065423633186, 0, 0, 0, -0.004749980992849932, 0, 0, 0, 0, 0, 0, 0, 0, 0, 0, 0, 0, 0, -0.00280541164791104, -0.0027975633311560465, 0, 0, 0, 0, 0, 0, 0, 0, -0.0005261243300824856, 0, -0.0019070966588179174, 0, 0, 0, 0, 0, 0, 0, 0, 0, 0, 0, 0, 0, 0, 0, 0, 0, 0, 0, 0, 0, 0, 0, 0, 0, 0, 0, 0, 0, 0, 0, 0, 0, 0, 0, 0, 0, 0, 0, 0, 0, 0, -0.0021506213785947126, 0, 0, 0, 0, 0.004039366958037396, 0.006706035768429531, 0, 0, -0.002244098599613694, 0, 0, 0, 0, 0, 0, 0, 0, 0, 0, 0, 0, -0.0026966442361237943, 0, 0, 0, 0, 0, -0.002204786298341437, 0, 0, 0, 0, 0, -0.001792918876705033, -0.002711133784013307, 0, 0, 0, 0, -0.0021167397243078375, -0.0005436227062193653, 0, 0, 0, 0, 0, 0, 0, 0, 0, 0, 0, 0, -0.002456923453828703, 0, 0, 0, 0, 0, 0, 0, 0, 0, 0, -0.0006288991729848872, 0.004345399715922772, 0, 0.00043292634562185127, -0.004326668433438466, 0, 0, 0, 0, 0, 0, 0.007909945203584892, 0.00545215589579042, 0, 0, 0, 0, 0, -0.0021950960727477797, 0, 0, 0, 0, -0.0026261505459484083, 0, 0, 0, 0, 0, 0.009734725013069575, 0, 0, 0, 0, 0, -0.002689741950487702, 0, -0.0025262503440128294, 0, 0, 0, 0, 0, -0.0024037741392783484, 0, -0.0022038090540384215, 0, 0, -0.0007314830103383812, 0, 0, 0, 0, 0, 0, 0, 0, 0.0012439529545567188, 0.003295664976067956, 0, 0, 0, -0.002994234415029092, 0, 0, 0, 0, 0, 0, 0, 0, 0, 0, 0, 0, 0, 0, 0, 0, 0, 0, 0, 0]
Start Date: 2021-12-17
End Date: 2024-07-23
Sharpe Ratio: 0.005
Annualized Sharpe: 0.074
Sharpe 95% CI: (np.float64(-1.123), np.float64(1.045))
Sortino Ratio: 0.008
CAGR: 0.002
Calmar Ratio: 0.033
Daily Win Rate (%): 0.343
Max Drawdown: 0.046
Profit Factor: 1.026
Expectancy: 3.5e-05
Average Win: 0.004024
Average Loss: 0.00205
Total Trades: 166
Total Days: 814

Rolling 7 - Variant 3 - atr_0.25_9 - Test Metrics
Contracts: [9, 9, 14, 13, 9, 10, 9, 10, 11, 8, 8, 8, 9, 5, 7, 9, 10, 10, 9, 7, 8, 7, 8, 8, 6, 6, 6, 6, 6, 6, 8, 10, 10, 10, 7, 7, 7, 7, 10, 5, 5, 6, 6, 6, 6, 6, 7, 8, 8, 6, 6, 7, 7, 6, 5, 7, 6, 7, 6, 8, 6, 9, 5, 6, 6, 8, 9, 9, 9, 5, 11, 6, 5, 7, 7, 10, 6, 11, 10, 12, 10, 9, 9, 9, 12, 7, 15, 10, 9, 10, 8, 9, 9, 11, 10, 10, 9, 8, 8, 8, 10, 12, 10, 12, 13, 9, 10, 13, 8, 10, 11, 9, 13, 10, 9, 10, 14, 8, 11, 7, 11, 10, 11, 13, 12, 10, 10, 10, 10, 14, 11, 11, 6, 11, 8, 13, 10, 10, 16, 15, 16, 13, 18, 16, 10, 13, 13, 13, 13, 12, 13, 13, 12, 13, 11, 10, 13, 11, 21, 18, 15, 11, 8, 15, 15, 15, 20, 20, 11, 11, 18, 15, 16, 10, 9, 10, 16, 16, 15, 7, 8, 7, 6, 6, 9, 9, 10, 7, 11, 7, 8, 8, 10, 9, 5, 11, 11, 10, 10, 12, 8, 12, 12, 13, 4, 4, 5, 8, 8, 7, 9, 6, 8, 9, 7, 9, 10, 10, 9, 9, 10, 8, 9, 10, 9, 9, 4, 9, 10, 11, 13, 7, 6, 9, 10, 9, 10, 12, 11, 12, 12, 12, 11, 18, 12, 12]
Trade Returns: [0.0005364282289634726, -0.0027587867008278073, -0.002550147260549805, 0.001877694226090331, 0.016766066800712985, -0.002594170117727292, -0.0028727335627707945, -0.0007827329312770162, -0.0021666601808891534, 0.002684466765801407, 0.0021041776248968457, -0.0016441809389204098, -0.0013589200444311502, -0.002256312494277628, 0.004720077565921411, 0.0007478700688421788, -0.0018464973099814519, 0.0040244081775513965, 0.001952383055137436, -0.0022728267671318224, -0.0021009466132430855, -0.0024409376819046376, 0.003929042277380983, -0.0021644727427327357, -0.0025943636116089815, -0.0021691678474128734, 0.004281091192001543, -0.0022855109290719176, -0.001458026390166427, 0.009581268629513397, -0.0030761909474726016, -0.0025348204161144794, -0.0024154334486324535, -0.002409613188339073, -0.0020906119836943344, 0.0031893152245472713, -0.0027980985036567493, 0.011568835909474398, 0.0008173398331544326, 0.0007676406139644317, -0.0022717344182131864, 0.006071473640576428, -0.0026609378033042095, -0.002320444108762658, 0.003616240359187506, -0.0022082331942729883, 0.00018277286299779594, 0.0048657987282490585, 0.002316208662312384, -0.00020174952186614815, -0.0024432230301748366, 0.0005675080989962465, -0.002148217793952113, -3.779615410948439e-05, -0.002331095104382858, -0.0027013526587310217, 0.00484354951912506, -0.0021642177531247253, -0.002053024731620253, -0.002495094744789056, 0.0008190342859966936, -0.002166114629627636, 8.075351101121878e-05, -0.0012651674789820907, -0.0010164331827424255, -0.0019943949480361513, -0.001527470889740543, 0.0022459067580494732, -0.0021733774626711225, -0.0021274282029192567, 0.0003295099019089661, -0.0026184431673141363, -0.0023381500047438435, -0.0023323375040239557, 0.005495320697047445, -0.0023995616558178117, 0.003994391839781134, 0.0034958442067790706, -0.003129128236997664, 0.009323697602439429]
Daily Returns: [0.0005364282289634726, 0, 0, 0, -0.0027587867008278073, 0, 0, 0, -0.002550147260549805, 0, 0, 0, 0, 0, 0.001877694226090331, 0, 0, 0.016766066800712985, 0, 0, 0, 0, 0, 0, 0, 0, 0, 0, 0, 0, 0, 0, 0, 0, 0, 0, 0, -0.002594170117727292, 0, 0, 0, 0, 0, 0, -0.0028727335627707945, 0, 0, 0, 0, 0, 0, 0, 0, 0, -0.0007827329312770162, 0, 0.0005178065849122536, 0, 0, 0, 0, 0, 0, 0, 0, 0, 0, 0, 0, 0, 0, 0, 0, 0, 0, 0, 0, 0, 0, 0, 0, 0, 0.00045999668597643587, -0.0013589200444311502, 0, 0, 0, 0, 0, 0, -0.002256312494277628, 0, 0, 0, 0, 0, 0, 0, 0, 0, 0, 0.004720077565921411, 0, 0, 0, 0, 0, 0.0007478700688421788, -0.0018464973099814519, 0, 0.0040244081775513965, 0, 0.001952383055137436, 0, 0, -0.0022728267671318224, 0, 0, 0, -0.0021009466132430855, 0, 0, 0, 0, 0, 0, 0, 0, 0, 0, 0, 0, 0, 0, 0, 0, -0.0024409376819046376, 0, 0, 0, 0, 0, 0.003929042277380983, -0.0021644727427327357, 0, 0, 0, 0, 0, -0.0025943636116089815, 0, 0, 0, 0, -0.0021691678474128734, 0, 0, 0, 0.004281091192001543, 0, 0, -0.0022855109290719176, 0, 0, 0, 0, 0, 0, -0.001458026390166427, 0, 0, 0, 0, 0, 0.006505077682040795, 0, 0, 0, 0, 0, 0, 0, 0, 0, 0, 0, 0, -0.007359867053086006, 0, 0, 0, 0, 0, 0, 0, 0, 0, 0, 0, 0, -0.0020906119836943344, 0, 0, 0, 0, 0, 0, 0, 0, 0, 0, 0, 0, 0, 0.0031893152245472713, 0, 0.00877073740581765, 0, 0, 0, 0, 0.0008173398331544326, 0.0007676406139644317, 0, 0, 0, 0, 0, 0, 0, 0, 0, 0, 0, -0.0022717344182131864, 0, 0, 0, 0, 0, 0.0034105358372722183, 0, 0, 0, 0, -0.002320444108762658, 0, 0, 0, 0, 0, 0, 0.003616240359187506, 0, 0, 0, -0.0022082331942729883, 0, 0, 0, 0.00018277286299779594, 0, 0, 0, 0.0048657987282490585, 0, 0.002316208662312384, 0, 0, 0, 0, 0, 0, 0, -0.0026449725520409847, -0.0016185058490653507, 0, 0, 0, 0, 0, 0, 0, 0, -0.002331095104382858, 0, -0.0027013526587310217, 0, 0, 0, 0, 0, 0, 0, 0, 0, 0, 0, 0.0026793317660003344, 0, 0, 0, 0, 0, 0, 0, 0, 0, 0, 0, -0.002053024731620253, 0, 0, 0, 0, 0, 0, -0.002495094744789056, 0, 0, 0, 0, 0.0008190342859966936, 0, 0, 0, 0, 0, 0, -0.002166114629627636, 0, 8.075351101121878e-05, -0.0012651674789820907, 0, 0, -0.0010164331827424255, 0, 0, -0.0019943949480361513, 0, -0.001527470889740543, 0, 0, 0, 0.0022459067580494732, 0, 0, -0.0021733774626711225, 0, 0, -0.0021274282029192567, 0, 0, 0, 0, 0.0003295099019089661, -0.0026184431673141363, 0, 0, 0, 0, 0, 0, 0, 0, 0, -0.0023381500047438435, 0, 0, 0, 0, -0.0023323375040239557, 0, 0, 0.003095759041229633, 0, 0, 0, 0, 0, 0, 0, 0, 0, 0.003994391839781134, 0, 0, 0, 0, 0, 0, 0, 0, 0, 0, 0.0034958442067790706, -0.003129128236997664, 0.009323697602439429, 0, 0, 0, 0, 0, 0]
Start Date: 2024-07-24
End Date: 2025-11-06
Sharpe Ratio: 0.021
Annualized Sharpe: 0.339
Sharpe 95% CI: (np.float64(-1.382), np.float64(1.623))
Sortino Ratio: 0.033
CAGR: 0.008
Calmar Ratio: 0.292
Daily Win Rate (%): 0.388
Max Drawdown: 0.027
Profit Factor: 1.124
Expectancy: 0.000163
Average Win: 0.0038
Average Loss: 0.002138
Total Trades: 80
Total Days: 404



Rolling 7 - Variant 4 - atr_0.25_10 - Fit Metrics
Contracts: [9, 9, 14, 13, 9, 10, 9, 10, 11, 8, 8, 8, 9, 5, 7, 9, 10, 10, 9, 7, 8, 7, 8, 8, 6, 6, 6, 6, 6, 6, 8, 10, 10, 10, 7, 7, 7, 7, 10, 5, 5, 6, 6, 6, 6, 6, 7, 8, 8, 6, 6, 7, 7, 6, 5, 7, 6, 7, 6, 8, 6, 9, 5, 6, 6, 8, 9, 9, 9, 5, 11, 6, 5, 7, 7, 10, 6, 11, 10, 12, 10, 9, 9, 9, 12, 7, 15, 10, 9, 10, 8, 9, 9, 11, 10, 10, 9, 8, 8, 8, 10, 12, 10, 12, 13, 9, 10, 13, 8, 10, 11, 9, 13, 10, 9, 10, 14, 8, 11, 7, 11, 10, 11, 13, 12, 10, 10, 10, 10, 14, 11, 11, 6, 11, 8, 13, 10, 10, 16, 15, 16, 13, 18, 16, 10, 13, 13, 13, 13, 12, 13, 13, 12, 13, 11, 10, 13, 11, 21, 18, 15, 11, 8, 15, 15, 15, 20, 20, 11, 11, 18, 15, 16, 10, 9, 10, 16, 16, 15, 7, 8, 7, 6, 6, 9, 9, 10, 7, 11, 7, 8, 8, 10, 9, 5, 11, 11, 10, 10, 12, 8, 12, 12, 13, 4, 4, 5, 8, 8, 7, 9, 6, 8, 9, 7, 9, 10, 10, 9, 9, 10, 8, 9, 10, 9, 9, 4, 9, 10, 11, 13, 7, 6, 9, 10, 9, 10, 12, 11, 12, 12, 12, 11, 18, 12, 12]
Trade Returns: [-0.0023168250000000002, 0.0007505388672109267, 0.014487516788512244, -0.0025017603595391055, -0.002174113873743027, -0.002351063636912138, 0.001186504549974602, -0.0005392311918729406, -0.002403680335727823, -0.0020986075956482397, 0.0011111254422876092, -0.002103021011516817, -0.0021460923325985295, 0.00301343912751589, 0.00036300185111982344, 0.004200969613144644, -0.002249059736662376, -0.000712169423279661, -0.0023650793172252734, -0.0016690431886309757, -0.002210865969953026, -0.0019387941376906627, -0.0022703104308374753, 0.0036413263346871173, -0.002302492447698335, -0.002496389385449491, -0.002729503165993781, 0.0014146667639300628, -0.00021535316632010848, 0.00035263724337039246, 0.008344017493605744, 0.005650899360981397, 0.0013260169452420552, -0.0025592933616299667, 0.00018803516262531116, 0.003109147169970049, -0.002181375150776887, -0.000814032401247406, -0.002191067203691032, 0.0020433296000770904, 0.0028965904616530982, 0.0038221753514469476, -0.00017446762563653066, 0.003919953228958627, 0.002829415799840747, -0.001992291218952235, -0.0003797476451435913, -3.3996570348908826e-05, -0.002502827357898408, -0.002026817930193264, -0.0019380924037953455, 0.0023577021009682435, 0.00841530817626906, 0.003545394649705201, -0.0004606464366268346, 0.012059116065244376, 0.011539532583864845, -0.0025921301146764183, -0.0016869824743832868, 0.0003000815332212379, -0.0027931300942535, -0.0023380714732422394, -0.0009552864444854572, -0.001853545566738902, -0.0017481542041207655, -0.001995768464983041, 0.001601050548621801, -0.0021915996074059647, -0.0027429478696834146, -0.0016802840268232615, -0.0019055603459106197, 0.003759863348028089, -0.0018992269385726113, 0.0017964523840708103, -0.0022092859556566385, -0.0018786629210852202, -0.0023057790646385523, 0.006594807810564904, -0.00283060984799559, -0.002724477571584083, 0.0013046926523178346, -0.0021563207713559953, -0.0025469880860424787, -0.002885200268865685, -0.0014996639812921854, -0.002803695964698, -0.0018864481554529372, -0.001709015300655822, 0.005707271302794842, -0.002380532406434254, 0.0006336295681850471, 0.002575913438533898, -0.002475914832331326, 0.004061914341321542, -0.0020731112835820145, 0.0030444863350422547, 0.003926334106814673, -0.002031034070414078, -0.0030792204711713278, -0.0025273918449203944, -0.002482194877917862, -0.00254023424524252, 0.0005780513313554281, -0.0016374613701312707, -0.0033265279101210962, -0.0013912863939617615, 0.015076217173786283, -0.0023767074385004504, -0.00229817490749951, -0.002056868447087488, -3.843303167128832e-05, -0.002321874606184142, -0.0027587188050145106, 0.0006418492588384354, 0.012179808273534149, -0.0025297471019239287, 0.007272291564152264, 0.0016049639438616575, -0.002212511442844081, -0.00223695195510439, 0.0034628515257621, -0.002709128680413342, 0.0042337990013184505, -0.002410089483393949, 0.0009386431437661473, -0.0021550419014421934, -0.001917564823812721, -0.0012728065423633186, -0.002344781145710363, -0.0024051998471395684, -0.00280541164791104, -0.0027975633311560465, -0.0005261243300824856, -0.0019070966588179174, -0.0021506213785947126, 0.003833098278484077, 0.00020626867955331928, 0.006706035768429531, -0.002244098599613694, -0.0026966442361237943, -0.002204786298341437, -0.001792918876705033, -0.002711133784013307, -0.0021167397243078375, -0.0005436227062193653, -0.002456923453828703, -0.0006288991729848872, 0.0028904348051227227, 0.0014549649108000493, 0.00043292634562185127, -0.002051925822659677, -0.0022747426107787893, 0.01025278198951893, -0.002342836785934037, 0.00545215589579042, -0.0021950960727477797, -0.0026261505459484083, 0.009734725013069575, -0.002689741950487702, -0.0025262503440128294, -0.0024037741392783484, -0.0022038090540384215, -0.0007314830103383812, 0.0012439529545567188, 0.003295664976067956, -0.002994234415029092]
Daily Returns: [-0.0023168250000000002, 0, 0, 0, 0.0007505388672109267, 0, 0, 0, 0, 0, 0.011985756428973138, 0, -0.002174113873743027, 0, -0.001164559086937536, 0, 0, 0, -0.0005392311918729406, 0, -0.002403680335727823, 0, 0, 0, 0, 0, 0, 0, 0, 0, 0, 0, 0, 0, 0, 0, 0, 0, 0, 0, 0, -0.0020986075956482397, 0.0011111254422876092, 0, 0, 0, 0, 0, 0, 0, 0, 0, 0, -0.002103021011516817, 0, 0, -0.0021460923325985295, 0, 0, 0, 0, 0, 0, 0, 0, 0, 0, 0, 0, 0, 0, 0, 0.00301343912751589, 0, 0, 0, 0, 0, 0, 0, 0, 0.00036300185111982344, 0, 0, 0.0012397404532026072, 0, 0, -0.0023650793172252734, 0, 0, 0, 0, -0.0016690431886309757, 0, 0, 0, 0, 0, 0, 0, 0, -0.002210865969953026, 0, 0, 0, 0, 0, -0.0019387941376906627, 0.001371015903849642, 0, 0, 0, 0, 0, 0, 0, 0, 0, 0, -0.002302492447698335, -0.005225892551443272, 0, 0.0014146667639300628, 0.00013728407705028398, 0, 0, 0, 0, 0, 0, 0, 0, 0, 0, 0, 0, 0, 0, 0, 0, 0, 0, 0.008344017493605744, 0, 0, 0, 0, 0.005650899360981397, 0.0013260169452420552, -0.0025592933616299667, 0, 0, 0, 0, 0, 0, 0, 0, 0, 0, 0, 0.00018803516262531116, 0.00011373961794575616, 0, 0, 0, 0, 0, 0, 0, 0, 0, 0, 0, 0, 0, 0, 0, 0, 0, 0, 0, 0, 0, 0, 0, -0.002191067203691032, 0, 0.0020433296000770904, 0, 0, 0.006544298187463515, 0.003919953228958627, 0, 0, 0, 0.002829415799840747, 0, -0.0023720388640958265, 0, 0, -3.3996570348908826e-05, 0, 0, 0, 0, 0, 0, 0, 0, -0.002502827357898408, 0, 0, 0, 0, 0, -0.002026817930193264, 0, -0.0019380924037953455, 0.0023577021009682435, 0, 0, 0.00841530817626906, 0, 0, 0, 0, 0.003545394649705201, 0, 0, 0, 0, 0, 0, 0, 0, 0, 0, 0, 0, 0, 0, 0, 0, 0, 0, 0, 0, 0, 0, 0, -0.0004606464366268346, 0, 0, 0, 0, 0, 0.012059116065244376, 0, 0, 0, 0, 0, 0, 0.008947402469188428, 0, 0, 0, -0.0016869824743832868, 0, 0.0003000815332212379, 0, 0, 0, 0, -0.0027931300942535, 0, 0, 0, 0, 0, 0, 0, 0, 0, 0, 0, 0, 0, 0, 0, 0, -0.0023380714732422394, 0, 0, 0, 0, 0, -0.0009552864444854572, 0, 0, 0, 0, 0, -0.001853545566738902, -0.0017481542041207655, 0, 0, 0, 0, 0, 0, 0, 0, 0, 0, 0, 0, -0.001995768464983041, 0, 0, 0.001601050548621801, 0, -0.0021915996074059647, 0, 0, 0, -0.0027429478696834146, 0, 0, 0, 0, -0.0016802840268232615, 0, 0, 0, 0, 0, 0, 0, -0.0019055603459106197, 0, 0.003759863348028089, 0, -0.0018992269385726113, 0, 0, 0, 0.0017964523840708103, 0, 0, 0, 0, 0, -0.0022092859556566385, 0, -0.0018786629210852202, 0, 0, 0, 0, 0, 0, -0.0023057790646385523, 0, 0.006594807810564904, -0.00283060984799559, 0, 0, 0, 0, 0, 0, 0, 0, 0, -0.002724477571584083, 0.0013046926523178346, 0, 0, -0.0021563207713559953, -0.0025469880860424787, 0, 0, -0.002885200268865685, 0, 0, 0, 0, 0, 0, 0, 0, 0, 0, 0, 0, -0.0014996639812921854, 0, 0, 0, 0, 0, 0, -0.004690144120150937, 0, 0, 0, -0.001709015300655822, 0, 0.005707271302794842, 0, -0.002380532406434254, 0, 0, 0, 0.0006336295681850471, 0, 0, 0, 0.002575913438533898, 0, -0.002475914832331326, 0, 0, 0, 0.004061914341321542, 0, 0, 0, -0.0020731112835820145, 0.0030444863350422547, 0, 0, 0.0018953000364005947, 0, 0, 0, 0, 0, 0, 0, 0, -0.0030792204711713278, 0, 0, 0, 0, 0, 0, 0, 0, 0, 0, -0.0025273918449203944, 0, -0.002482194877917862, 0, 0, 0, 0, -0.00254023424524252, 0, 0, 0, 0, 0, 0, 0, 0, 0, 0, 0, 0, 0, 0, 0, 0, 0.0005780513313554281, 0, 0, 0, 0, -0.0016374613701312707, 0, 0, -0.004717814304082858, 0, 0, 0, 0, 0, 0, 0, 0, 0, 0, 0.015076217173786283, 0, 0, 0, 0, 0, -0.0023767074385004504, 0, 0, 0, 0, 0, 0, 0, 0, -0.00229817490749951, 0, 0, -0.0020953014787587765, 0, 0, -0.002321874606184142, 0, 0, 0, 0, 0, 0, -0.0027587188050145106, 0, 0, 0, 0, 0, 0.0006418492588384354, 0, 0, 0.00965006117161022, 0, 0, 0, 0, 0, 0, 0, 0, 0.007272291564152264, 0, 0, 0, 0, 0, 0, 0, 0, 0, 0, 0, 0, 0, 0, 0, 0, 0, 0, 0, 0, 0.0016049639438616575, 0, 0, 0, 0, 0, 0, 0, 0, 0, -0.002212511442844081, 0.0012258995706577098, 0, 0, -0.002709128680413342, 0, 0.0042337990013184505, -0.002410089483393949, 0, 0, 0, 0.0009386431437661473, 0, -0.0021550419014421934, -0.001917564823812721, 0, 0, 0, 0, -0.0012728065423633186, 0, 0, 0, -0.004749980992849932, 0, 0, 0, 0, 0, 0, 0, 0, 0, 0, 0, 0, 0, -0.00280541164791104, -0.0027975633311560465, 0, 0, 0, 0, 0, 0, 0, 0, -0.0005261243300824856, 0, -0.0019070966588179174, 0, 0, 0, 0, 0, 0, 0, 0, 0, 0, 0, 0, 0, 0, 0, 0, 0, 0, 0, 0, 0, 0, 0, 0, 0, 0, 0, 0, 0, 0, 0, 0, 0, 0, 0, 0, 0, 0, 0, 0, 0, 0, -0.0021506213785947126, 0, 0, 0, 0, 0.004039366958037396, 0.006706035768429531, 0, 0, -0.002244098599613694, 0, 0, 0, 0, 0, 0, 0, 0, 0, 0, 0, 0, -0.0026966442361237943, 0, 0, 0, 0, 0, -0.002204786298341437, 0, 0, 0, 0, 0, -0.001792918876705033, -0.002711133784013307, 0, 0, 0, 0, -0.0021167397243078375, -0.0005436227062193653, 0, 0, 0, 0, 0, 0, 0, 0, 0, 0, 0, 0, -0.002456923453828703, 0, 0, 0, 0, 0, 0, 0, 0, 0, 0, -0.0006288991729848872, 0.004345399715922772, 0, 0.00043292634562185127, -0.004326668433438466, 0, 0, 0, 0, 0, 0, 0.007909945203584892, 0.00545215589579042, 0, 0, 0, 0, 0, -0.0021950960727477797, 0, 0, 0, 0, -0.0026261505459484083, 0, 0, 0, 0, 0, 0.009734725013069575, 0, 0, 0, 0, 0, -0.002689741950487702, 0, -0.0025262503440128294, 0, 0, 0, 0, 0, -0.0024037741392783484, 0, -0.0022038090540384215, 0, 0, -0.0007314830103383812, 0, 0, 0, 0, 0, 0, 0, 0, 0.0012439529545567188, 0.003295664976067956, 0, 0, 0, -0.002994234415029092, 0, 0, 0, 0, 0, 0, 0, 0, 0, 0, 0, 0, 0, 0, 0, 0, 0, 0, 0, 0]
Start Date: 2021-12-17
End Date: 2024-07-23
Sharpe Ratio: 0.005
Annualized Sharpe: 0.074
Sharpe 95% CI: (np.float64(-1.123), np.float64(1.045))
Sortino Ratio: 0.008
CAGR: 0.002
Calmar Ratio: 0.033
Daily Win Rate (%): 0.343
Max Drawdown: 0.046
Profit Factor: 1.026
Expectancy: 3.5e-05
Average Win: 0.004024
Average Loss: 0.00205
Total Trades: 166
Total Days: 814

Rolling 7 - Variant 4 - atr_0.25_10 - Test Metrics
Contracts: [9, 9, 14, 13, 9, 10, 9, 10, 11, 8, 8, 8, 9, 5, 7, 9, 10, 10, 9, 7, 8, 7, 8, 8, 6, 6, 6, 6, 6, 6, 8, 10, 10, 10, 7, 7, 7, 7, 10, 5, 5, 6, 6, 6, 6, 6, 7, 8, 8, 6, 6, 7, 7, 6, 5, 7, 6, 7, 6, 8, 6, 9, 5, 6, 6, 8, 9, 9, 9, 5, 11, 6, 5, 7, 7, 10, 6, 11, 10, 12, 10, 9, 9, 9, 12, 7, 15, 10, 9, 10, 8, 9, 9, 11, 10, 10, 9, 8, 8, 8, 10, 12, 10, 12, 13, 9, 10, 13, 8, 10, 11, 9, 13, 10, 9, 10, 14, 8, 11, 7, 11, 10, 11, 13, 12, 10, 10, 10, 10, 14, 11, 11, 6, 11, 8, 13, 10, 10, 16, 15, 16, 13, 18, 16, 10, 13, 13, 13, 13, 12, 13, 13, 12, 13, 11, 10, 13, 11, 21, 18, 15, 11, 8, 15, 15, 15, 20, 20, 11, 11, 18, 15, 16, 10, 9, 10, 16, 16, 15, 7, 8, 7, 6, 6, 9, 9, 10, 7, 11, 7, 8, 8, 10, 9, 5, 11, 11, 10, 10, 12, 8, 12, 12, 13, 4, 4, 5, 8, 8, 7, 9, 6, 8, 9, 7, 9, 10, 10, 9, 9, 10, 8, 9, 10, 9, 9, 4, 9, 10, 11, 13, 7, 6, 9, 10, 9, 10, 12, 11, 12, 12, 12, 11, 18, 12, 12]
Trade Returns: [0.0005364282289634726, -0.0027587867008278073, -0.002550147260549805, 0.001877694226090331, 0.016766066800712985, -0.002594170117727292, -0.0028727335627707945, -0.0007827329312770162, -0.0021666601808891534, 0.002684466765801407, 0.0021041776248968457, -0.0016441809389204098, -0.0013589200444311502, -0.002256312494277628, 0.004720077565921411, 0.0007478700688421788, -0.0018464973099814519, 0.0040244081775513965, 0.001952383055137436, -0.0022728267671318224, -0.0021009466132430855, -0.0024409376819046376, 0.003929042277380983, -0.0021644727427327357, -0.0025943636116089815, -0.0021691678474128734, 0.004281091192001543, -0.0022855109290719176, -0.001458026390166427, 0.009581268629513397, -0.0030761909474726016, -0.0025348204161144794, -0.0024154334486324535, -0.002409613188339073, -0.0020906119836943344, 0.0031893152245472713, -0.0027980985036567493, 0.011568835909474398, 0.0008173398331544326, 0.0007676406139644317, -0.0022717344182131864, 0.006071473640576428, -0.0026609378033042095, -0.002320444108762658, 0.003616240359187506, -0.0022082331942729883, 0.00018277286299779594, 0.0048657987282490585, 0.002316208662312384, -0.00020174952186614815, -0.0024432230301748366, 0.0005675080989962465, -0.002148217793952113, -3.779615410948439e-05, -0.002331095104382858, -0.0027013526587310217, 0.00484354951912506, -0.0021642177531247253, -0.002053024731620253, -0.002495094744789056, 0.0008190342859966936, -0.002166114629627636, 8.075351101121878e-05, -0.0012651674789820907, -0.0010164331827424255, -0.0019943949480361513, -0.001527470889740543, 0.0022459067580494732, -0.0021733774626711225, -0.0021274282029192567, 0.0003295099019089661, -0.0026184431673141363, -0.0023381500047438435, -0.0023323375040239557, 0.005495320697047445, -0.0023995616558178117, 0.003994391839781134, 0.0034958442067790706, -0.003129128236997664, 0.009323697602439429]
Daily Returns: [0.0005364282289634726, 0, 0, 0, -0.0027587867008278073, 0, 0, 0, -0.002550147260549805, 0, 0, 0, 0, 0, 0.001877694226090331, 0, 0, 0.016766066800712985, 0, 0, 0, 0, 0, 0, 0, 0, 0, 0, 0, 0, 0, 0, 0, 0, 0, 0, 0, -0.002594170117727292, 0, 0, 0, 0, 0, 0, -0.0028727335627707945, 0, 0, 0, 0, 0, 0, 0, 0, 0, -0.0007827329312770162, 0, 0.0005178065849122536, 0, 0, 0, 0, 0, 0, 0, 0, 0, 0, 0, 0, 0, 0, 0, 0, 0, 0, 0, 0, 0, 0, 0, 0, 0, 0.00045999668597643587, -0.0013589200444311502, 0, 0, 0, 0, 0, 0, -0.002256312494277628, 0, 0, 0, 0, 0, 0, 0, 0, 0, 0, 0.004720077565921411, 0, 0, 0, 0, 0, 0.0007478700688421788, -0.0018464973099814519, 0, 0.0040244081775513965, 0, 0.001952383055137436, 0, 0, -0.0022728267671318224, 0, 0, 0, -0.0021009466132430855, 0, 0, 0, 0, 0, 0, 0, 0, 0, 0, 0, 0, 0, 0, 0, 0, -0.0024409376819046376, 0, 0, 0, 0, 0, 0.003929042277380983, -0.0021644727427327357, 0, 0, 0, 0, 0, -0.0025943636116089815, 0, 0, 0, 0, -0.0021691678474128734, 0, 0, 0, 0.004281091192001543, 0, 0, -0.0022855109290719176, 0, 0, 0, 0, 0, 0, -0.001458026390166427, 0, 0, 0, 0, 0, 0.006505077682040795, 0, 0, 0, 0, 0, 0, 0, 0, 0, 0, 0, 0, -0.007359867053086006, 0, 0, 0, 0, 0, 0, 0, 0, 0, 0, 0, 0, -0.0020906119836943344, 0, 0, 0, 0, 0, 0, 0, 0, 0, 0, 0, 0, 0, 0.0031893152245472713, 0, 0.00877073740581765, 0, 0, 0, 0, 0.0008173398331544326, 0.0007676406139644317, 0, 0, 0, 0, 0, 0, 0, 0, 0, 0, 0, -0.0022717344182131864, 0, 0, 0, 0, 0, 0.0034105358372722183, 0, 0, 0, 0, -0.002320444108762658, 0, 0, 0, 0, 0, 0, 0.003616240359187506, 0, 0, 0, -0.0022082331942729883, 0, 0, 0, 0.00018277286299779594, 0, 0, 0, 0.0048657987282490585, 0, 0.002316208662312384, 0, 0, 0, 0, 0, 0, 0, -0.0026449725520409847, -0.0016185058490653507, 0, 0, 0, 0, 0, 0, 0, 0, -0.002331095104382858, 0, -0.0027013526587310217, 0, 0, 0, 0, 0, 0, 0, 0, 0, 0, 0, 0.0026793317660003344, 0, 0, 0, 0, 0, 0, 0, 0, 0, 0, 0, -0.002053024731620253, 0, 0, 0, 0, 0, 0, -0.002495094744789056, 0, 0, 0, 0, 0.0008190342859966936, 0, 0, 0, 0, 0, 0, -0.002166114629627636, 0, 8.075351101121878e-05, -0.0012651674789820907, 0, 0, -0.0010164331827424255, 0, 0, -0.0019943949480361513, 0, -0.001527470889740543, 0, 0, 0, 0.0022459067580494732, 0, 0, -0.0021733774626711225, 0, 0, -0.0021274282029192567, 0, 0, 0, 0, 0.0003295099019089661, -0.0026184431673141363, 0, 0, 0, 0, 0, 0, 0, 0, 0, -0.0023381500047438435, 0, 0, 0, 0, -0.0023323375040239557, 0, 0, 0.003095759041229633, 0, 0, 0, 0, 0, 0, 0, 0, 0, 0.003994391839781134, 0, 0, 0, 0, 0, 0, 0, 0, 0, 0, 0.0034958442067790706, -0.003129128236997664, 0.009323697602439429, 0, 0, 0, 0, 0, 0]
Start Date: 2024-07-24
End Date: 2025-11-06
Sharpe Ratio: 0.021
Annualized Sharpe: 0.339
Sharpe 95% CI: (np.float64(-1.382), np.float64(1.623))
Sortino Ratio: 0.033
CAGR: 0.008
Calmar Ratio: 0.292
Daily Win Rate (%): 0.388
Max Drawdown: 0.027
Profit Factor: 1.124
Expectancy: 0.000163
Average Win: 0.0038
Average Loss: 0.002138
Total Trades: 80
Total Days: 404



Rolling 8 - Variant 0 - atr_0.25_8 - Fit Metrics
Contracts: [9, 9, 14, 13, 9, 10, 9, 10, 11, 8, 8, 8, 9, 5, 7, 9, 10, 10, 9, 7, 8, 7, 8, 8, 6, 6, 6, 6, 6, 6, 8, 10, 10, 10, 7, 7, 7, 7, 10, 5, 5, 6, 6, 6, 6, 6, 7, 8, 8, 6, 6, 7, 7, 6, 5, 7, 6, 7, 6, 8, 6, 9, 5, 6, 6, 8, 9, 9, 9, 5, 11, 6, 5, 7, 7, 10, 6, 11, 10, 12, 10, 9, 9, 9, 12, 7, 15, 10, 9, 10, 8, 9, 9, 11, 11, 10, 9, 8, 8, 8, 10, 12, 10, 12, 13, 9, 10, 13, 8, 10, 11, 9, 13, 10, 9, 10, 14, 8, 11, 7, 11, 10, 11, 13, 12, 10, 10, 10, 10, 14, 11, 11, 6, 11, 8, 13, 10, 10, 16, 15, 16, 13, 18, 16, 10, 13, 13, 13, 13, 12, 13, 13, 12, 13, 11, 10, 13, 11, 21, 18, 15, 11, 8, 15, 15, 15, 20, 20, 11, 11, 18, 15, 16, 10, 9, 10, 16, 16, 16, 7, 9, 7, 6, 6, 9, 9, 10, 7, 11, 7, 8, 8, 10, 9, 5, 11, 11, 10, 10, 12, 8, 12, 12, 13, 4, 4, 5, 8, 8, 7, 9, 6, 8, 10, 7, 9, 10, 10, 10, 9, 10, 8, 9, 10, 9, 9, 4, 9, 10, 11, 13, 7, 6, 9, 10, 9, 10, 12, 11, 12, 12, 12, 11, 18, 12, 12]
Trade Returns: [-0.0023168250000000002, 0.0007505388672109267, 0.016590814812396208, -0.002496584287176676, -0.002169609767678374, -0.002346182354003704, 0.0011840435611086446, -0.0005381090061683682, -0.0023986753804963183, -0.0020942322090908285, 0.0011088062884304457, -0.0020986272218136257, -0.0021415991254844047, 0.003007116442597491, 0.0003622424977190942, 0.004192178657162142, -0.002244372998170986, -0.000710680195480308, -0.0023601397232154795, -0.0016655490564746462, -0.00220622981322563, -0.0019347195224631143, -0.0022655298440991786, 0.003633641392879706, -0.002297650679592109, -0.0024911277942385947, -0.0027237358783644477, 0.0014116694883409397, -0.00021489753754933575, 0.0003518909984377535, 0.008326366237116752, 0.005639043943032972, 0.001323250600864389, -0.002553961204493444, 0.00018764239785207734, 0.0031026540525814603, -0.0021768336754724635, -0.0008123339436683499, -0.00218648042593491, 0.0020390427228903405, 0.002890525821063572, 0.003814195862988761, -0.0001741047766110849, 0.00391179928701672, 0.002823553231136786, -0.001988174800975902, -0.00037896145780092714, -3.392616094349936e-05, -0.0024976010277378393, -0.0020226200983078724, -0.0019340701998650383, 0.002352799581730944, 0.008397850767016452, 0.0035381010413063517, -0.00045971178834169934, 0.01203435375117505, 0.011516108187319667, -0.0025869281884579164, -0.0016835242389053777, 0.0002994760753972937, -0.0027875102601053474, -0.002333355488760571, -0.0009533550866453036, -0.0018497945704619306, -0.0017446099308086284, -0.001991715097698998, 0.0015977923564271341, -0.0021871467425910204, -0.002737362566451153, -0.0016768531719068742, -0.0019016445978285263, 0.003752107761195121, -0.0018953167692972845, 0.0017927606378066736, -0.0022047539527849744, -0.0018748096823510993, -0.0023010386699170706, 0.006581218436988386, -0.002824820515048073, -0.002718900172662005, 0.0013020144764070108, -0.002151900192324569, -0.00254175535670117, -0.0028792575854067193, -0.0014965583521547845, -0.0027978632121530237, -0.0018825126156508504, -0.0017054346937934604, 0.005695293407848891, -0.002375556733007578, 0.0006323072955822091, 0.00282758086006909, -0.002470751301851092, 0.004052404982482639, -0.002068277505479304, 0.003037372933981367, 0.00391718806034045, -0.0020263214173387232, -0.003072834207416049, -0.002522171112160061, -0.0024764236922094457, -0.002534313453684804, 0.0005767005830025896, -0.0016336192081957911, -0.0033187484033632094, -0.0013880372108059727, 0.015040701978008997, -0.0023711915675570126, -0.0022928286180524844, -0.0020520725173561126, -3.83432344168004e-05, -0.0023164176129462245, -0.0027522729207639612, 0.0006403454069822779, 0.012151217103860898, -0.0025238237012595796, 0.007255425360044083, 0.0016012513380954316, -0.002207419231928392, -0.0022317921031136992, 0.0034548540567283705, -0.0027028788568947953, 0.004223987698314048, -0.002404517829976024, 0.0009364771042602888, -0.0021500735184852046, -0.001913149561521478, -0.0012698587294438552, -0.002339343740796444, -0.002399642784624159, -0.0027988725634158344, -0.0027910607400875764, -0.0005248922099015837, -0.0019026389643570004, -0.002145582235842946, 0.0038240777537193976, 0.00020578511158134358, 0.006690317643235093, -0.0022388736642627452, -0.0026903515501211306, -0.002199609133183579, -0.0017887237698620368, -0.0027047788526579877, -0.002111764603429559, -0.0005423422879488059, -0.002451133414673857, -0.0006274095511140391, 0.002883584171202366, 0.0014515264064388193, 0.0004319046979667263, -0.0020470856455811833, -0.002269365836486984, 0.010228492523976465, -0.002337342659401065, 0.005439340230058508, -0.0021899642627950166, -0.002619946495598977, 0.00971186645858794, -0.002683486793246593, -0.0025203595886055252, -0.0023981548133378693, -0.0021986455665710678, -0.0007297689047744572, 0.0012410358343381733, 0.0032879460872183726, -0.002987244499397784, 0.0005351722075443302, -0.0027523305869073286, -0.0025441629338992275, 0.0018732766786107894, 0.016726695954018295, -0.002588178587040329, -0.002866081441273288, -0.00078091521983569, -0.0021616381447724015, 0.0026782278568710464, 0.002099289849605738, -0.0016403696867194565, -0.0014461491822806267, -0.002251270356003369]
Daily Returns: [-0.0023168250000000002, 0, 0, 0, 0.0007505388672109267, 0, 0, 0, 0, 0, 0.014094230525219532, 0, -0.002169609767678374, 0, -0.0011621387928950593, 0, 0, 0, -0.0005381090061683682, 0, -0.0023986753804963183, 0, 0, 0, 0, 0, 0, 0, 0, 0, 0, 0, 0, 0, 0, 0, 0, 0, 0, 0, 0, -0.0020942322090908285, 0.0011088062884304457, 0, 0, 0, 0, 0, 0, 0, 0, 0, 0, -0.0020986272218136257, 0, 0, -0.0021415991254844047, 0, 0, 0, 0, 0, 0, 0, 0, 0, 0, 0, 0, 0, 0, 0, 0.003007116442597491, 0, 0, 0, 0, 0, 0, 0, 0, 0.0003622424977190942, 0, 0, 0.0012371254635108477, 0, 0, -0.0023601397232154795, 0, 0, 0, 0, -0.0016655490564746462, 0, 0, 0, 0, 0, 0, 0, 0, -0.00220622981322563, 0, 0, 0, 0, 0, -0.0019347195224631143, 0.0013681115487805275, 0, 0, 0, 0, 0, 0, 0, 0, 0, 0, -0.002297650679592109, -0.005214863672603043, 0, 0.0014116694883409397, 0.00013699346088841773, 0, 0, 0, 0, 0, 0, 0, 0, 0, 0, 0, 0, 0, 0, 0, 0, 0, 0, 0.008326366237116752, 0, 0, 0, 0, 0.005639043943032972, 0.001323250600864389, -0.002553961204493444, 0, 0, 0, 0, 0, 0, 0, 0, 0, 0, 0, 0.00018764239785207734, 0.00011348643344064686, 0, 0, 0, 0, 0, 0, 0, 0, 0, 0, 0, 0, 0, 0, 0, 0, 0, 0, 0, 0, 0, 0, 0, -0.00218648042593491, 0, 0.0020390427228903405, 0, 0, 0.0065306169074412475, 0.00391179928701672, 0, 0, 0, 0.002823553231136786, 0, -0.002367136258776829, 0, 0, -3.392616094349936e-05, 0, 0, 0, 0, 0, 0, 0, 0, -0.0024976010277378393, 0, 0, 0, 0, 0, -0.0020226200983078724, 0, -0.0019340701998650383, 0.002352799581730944, 0, 0, 0.008397850767016452, 0, 0, 0, 0, 0.0035381010413063517, 0, 0, 0, 0, 0, 0, 0, 0, 0, 0, 0, 0, 0, 0, 0, 0, 0, 0, 0, 0, 0, 0, 0, -0.00045971178834169934, 0, 0, 0, 0, 0, 0.01203435375117505, 0, 0, 0, 0, 0, 0, 0.008929179998861751, 0, 0, 0, -0.0016835242389053777, 0, 0.0002994760753972937, 0, 0, 0, 0, -0.0027875102601053474, 0, 0, 0, 0, 0, 0, 0, 0, 0, 0, 0, 0, 0, 0, 0, 0, -0.002333355488760571, 0, 0, 0, 0, 0, -0.0009533550866453036, 0, 0, 0, 0, 0, -0.0018497945704619306, -0.0017446099308086284, 0, 0, 0, 0, 0, 0, 0, 0, 0, 0, 0, 0, -0.001991715097698998, 0, 0, 0.0015977923564271341, 0, -0.0021871467425910204, 0, 0, 0, -0.002737362566451153, 0, 0, 0, 0, -0.0016768531719068742, 0, 0, 0, 0, 0, 0, 0, -0.0019016445978285263, 0, 0.003752107761195121, 0, -0.0018953167692972845, 0, 0, 0, 0.0017927606378066736, 0, 0, 0, 0, 0, -0.0022047539527849744, 0, -0.0018748096823510993, 0, 0, 0, 0, 0, 0, -0.0023010386699170706, 0, 0.006581218436988386, -0.002824820515048073, 0, 0, 0, 0, 0, 0, 0, 0, 0, -0.002718900172662005, 0.0013020144764070108, 0, 0, -0.002151900192324569, -0.00254175535670117, 0, 0, -0.0028792575854067193, 0, 0, 0, 0, 0, 0, 0, 0, 0, 0, 0, 0, -0.0014965583521547845, 0, 0, 0, 0, 0, 0, -0.004680375827803875, 0, 0, 0, -0.0017054346937934604, 0, 0.005695293407848891, 0, -0.002375556733007578, 0, 0, 0, 0.0006323072955822091, 0, 0, 0, 0.00282758086006909, 0, -0.002470751301851092, 0, 0, 0, 0.004052404982482639, 0, 0, 0, -0.002068277505479304, 0.003037372933981367, 0, 0, 0.0018908666430017267, 0, 0, 0, 0, 0, 0, 0, 0, -0.003072834207416049, 0, 0, 0, 0, 0, 0, 0, 0, 0, 0, -0.002522171112160061, 0, -0.0024764236922094457, 0, 0, 0, 0, -0.002534313453684804, 0, 0, 0, 0, 0, 0, 0, 0, 0, 0, 0, 0, 0, 0, 0, 0, 0.0005767005830025896, 0, 0, 0, 0, -0.0016336192081957911, 0, 0, -0.004706785614169182, 0, 0, 0, 0, 0, 0, 0, 0, 0, 0, 0.015040701978008997, 0, 0, 0, 0, 0, -0.0023711915675570126, 0, 0, 0, 0, 0, 0, 0, 0, -0.0022928286180524844, 0, 0, -0.002090415751772913, 0, 0, -0.0023164176129462245, 0, 0, 0, 0, 0, 0, -0.0027522729207639612, 0, 0, 0, 0, 0, 0.0006403454069822779, 0, 0, 0.009627393402601318, 0, 0, 0, 0, 0, 0, 0, 0, 0.007255425360044083, 0, 0, 0, 0, 0, 0, 0, 0, 0, 0, 0, 0, 0, 0, 0, 0, 0, 0, 0, 0, 0.0016012513380954316, 0, 0, 0, 0, 0, 0, 0, 0, 0, -0.002207419231928392, 0.0012230619536146713, 0, 0, -0.0027028788568947953, 0, 0.004223987698314048, -0.002404517829976024, 0, 0, 0, 0.0009364771042602888, 0, -0.0021500735184852046, -0.001913149561521478, 0, 0, 0, 0, -0.0012698587294438552, 0, 0, 0, -0.0047389865254206034, 0, 0, 0, 0, 0, 0, 0, 0, 0, 0, 0, 0, 0, -0.0027988725634158344, -0.0027910607400875764, 0, 0, 0, 0, 0, 0, 0, 0, -0.0005248922099015837, 0, -0.0019026389643570004, 0, 0, 0, 0, 0, 0, 0, 0, 0, 0, 0, 0, 0, 0, 0, 0, 0, 0, 0, 0, 0, 0, 0, 0, 0, 0, 0, 0, 0, 0, 0, 0, 0, 0, 0, 0, 0, 0, 0, 0, 0, 0, -0.002145582235842946, 0, 0, 0, 0, 0.004029862865300741, 0.006690317643235093, 0, 0, -0.0022388736642627452, 0, 0, 0, 0, 0, 0, 0, 0, 0, 0, 0, 0, -0.0026903515501211306, 0, 0, 0, 0, 0, -0.002199609133183579, 0, 0, 0, 0, 0, -0.0017887237698620368, -0.0027047788526579877, 0, 0, 0, 0, -0.002111764603429559, -0.0005423422879488059, 0, 0, 0, 0, 0, 0, 0, 0, 0, 0, 0, 0, -0.002451133414673857, 0, 0, 0, 0, 0, 0, 0, 0, 0, 0, -0.0006274095511140391, 0.004335110577641185, 0, 0.0004319046979667263, -0.004316451482068167, 0, 0, 0, 0, 0, 0, 0.007891149864575401, 0.005439340230058508, 0, 0, 0, 0, 0, -0.0021899642627950166, 0, 0, 0, 0, -0.002619946495598977, 0, 0, 0, 0, 0, 0.00971186645858794, 0, 0, 0, 0, 0, -0.002683486793246593, 0, -0.0025203595886055252, 0, 0, 0, 0, 0, -0.0023981548133378693, 0, -0.0021986455665710678, 0, 0, -0.0007297689047744572, 0, 0, 0, 0, 0, 0, 0, 0, 0.0012410358343381733, 0.0032879460872183726, 0, 0, 0, -0.002987244499397784, 0, 0, 0, 0, 0, 0, 0, 0, 0, 0, 0, 0, 0, 0, 0, 0, 0, 0, 0, 0, 0.0005351722075443302, 0, 0, 0, -0.0027523305869073286, 0, 0, 0, -0.0025441629338992275, 0, 0, 0, 0, 0, 0.0018732766786107894, 0, 0, 0.016726695954018295, 0, 0, 0, 0, 0, 0, 0, 0, 0, 0, 0, 0, 0, 0, 0, 0, 0, 0, 0, -0.002588178587040329, 0, 0, 0, 0, 0, 0, -0.002866081441273288, 0, 0, 0, 0, 0, 0, 0, 0, 0, -0.00078091521983569, 0, 0.0005165897120986448, 0, 0, 0, 0, 0, 0, 0, 0, 0, 0, 0, 0, 0, 0, 0, 0, 0, 0, 0, 0, 0, 0, 0, 0, 0, 0.00045892016288628153, -0.0014461491822806267, 0, 0, 0, 0, 0, 0, -0.002251270356003369, 0, 0, 0, 0, 0, 0, 0, 0, 0, 0]
Start Date: 2021-12-17
End Date: 2024-11-18
Sharpe Ratio: 0.009
Annualized Sharpe: 0.142
Sharpe 95% CI: (np.float64(-0.986), np.float64(1.043))
Sortino Ratio: 0.017
CAGR: 0.003
Calmar Ratio: 0.072
Daily Win Rate (%): 0.344
Max Drawdown: 0.046
Profit Factor: 1.054
Expectancy: 7.3e-05
Average Win: 0.004116
Average Loss: 0.002051
Total Trades: 180
Total Days: 915

Rolling 8 - Variant 0 - atr_0.25_8 - Test Metrics
Contracts: [9, 9, 14, 13, 9, 10, 9, 10, 11, 8, 8, 8, 9, 5, 7, 9, 10, 10, 9, 7, 8, 7, 8, 8, 6, 6, 6, 6, 6, 6, 8, 10, 10, 10, 7, 7, 7, 7, 10, 5, 5, 6, 6, 6, 6, 6, 7, 8, 8, 6, 6, 7, 7, 6, 5, 7, 6, 7, 6, 8, 6, 9, 5, 6, 6, 8, 9, 9, 9, 5, 11, 6, 5, 7, 7, 10, 6, 11, 10, 12, 10, 9, 9, 9, 12, 7, 15, 10, 9, 10, 8, 9, 9, 11, 11, 10, 9, 8, 8, 8, 10, 12, 10, 12, 13, 9, 10, 13, 8, 10, 11, 9, 13, 10, 9, 10, 14, 8, 11, 7, 11, 10, 11, 13, 12, 10, 10, 10, 10, 14, 11, 11, 6, 11, 8, 13, 10, 10, 16, 15, 16, 13, 18, 16, 10, 13, 13, 13, 13, 12, 13, 13, 12, 13, 11, 10, 13, 11, 21, 18, 15, 11, 8, 15, 15, 15, 20, 20, 11, 11, 18, 15, 16, 10, 9, 10, 16, 16, 16, 7, 9, 7, 6, 6, 9, 9, 10, 7, 11, 7, 8, 8, 10, 9, 5, 11, 11, 10, 10, 12, 8, 12, 12, 13, 4, 4, 5, 8, 8, 7, 9, 6, 8, 10, 7, 9, 10, 10, 10, 9, 10, 8, 9, 10, 9, 9, 4, 9, 10, 11, 13, 7, 6, 9, 10, 9, 10, 12, 11, 12, 12, 12, 11, 18, 12, 12]
Trade Returns: [0.005298194136820445, 0.0007457743431449405, -0.0018413268021452243, 0.004013085485852782, 0.001946905964015578, -0.002266463113057873, -0.0020950508413221172, -0.0024341026099101853, 0.003918013394890279, -0.002158420746043856, -0.0025870781639295054, -0.002163089603519645, 0.0042690521768787015, -0.00227907614895276, -0.0014539119882505858, 0.009554108585113992, -0.0030674976107030604, -0.0025276685862824786, -0.00240863487612826, -0.002402847294333119, -0.002084698511571315, 0.00318037822944744, -0.002790282620756132, 0.011536044121476685, 0.0008150503829197924, 0.0007654921273149107, -0.002265381109606555, 0.006054409854854093, -0.002653479121578339, -0.0023139617820158134, 0.0036061165476385863, -0.002202073368934687, 0.00018226108969577703, 0.005391328576177947, 0.002308526057628157, -0.00020108188256369133, -0.0024351361719082516, 0.0005656251106254277, -0.0023789933888169524, -3.767953183328947e-05, -0.002323902101090349, -0.00269299774473394, 0.004828458618331095, -0.0021574893132297276, -0.002046658921586641, -0.002487356920342267, 0.0008164894995729794, -0.002159389878132707, 8.050226739051206e-05, -0.0012612315551141927, -0.0010132670756854774, -0.0019881762680886788, -0.0015226986275477718, 0.0022388791929155295, -0.0021665920374183754, -0.0021207718125501604, 0.00032847672579143316, -0.0026102357520304703, -0.0023308019781459874, -0.002324990620047941, 0.005477970047656551, -0.0023920266768295497, 0.00398181878272374, 0.0034848840581814928, -0.0031193518834426504, 0.009294476368466923]
Daily Returns: [0.005298194136820445, 0, 0, 0, 0, 0, 0.0007457743431449405, -0.0018413268021452243, 0, 0.004013085485852782, 0, 0.001946905964015578, 0, 0, -0.002266463113057873, 0, 0, 0, -0.0020950508413221172, 0, 0, 0, 0, 0, 0, 0, 0, 0, 0, 0, 0, 0, 0, 0, 0, -0.0024341026099101853, 0, 0, 0, 0, 0, 0.003918013394890279, -0.002158420746043856, 0, 0, 0, 0, 0, -0.0025870781639295054, 0, 0, 0, 0, -0.002163089603519645, 0, 0, 0, 0.0042690521768787015, 0, 0, -0.00227907614895276, 0, 0, 0, 0, 0, 0, -0.0014539119882505858, 0, 0, 0, 0, 0, 0.0064866109744109324, 0, 0, 0, 0, 0, 0, 0, 0, 0, 0, 0, 0, -0.007339150756743858, 0, 0, 0, 0, 0, 0, 0, 0, 0, 0, 0, 0, -0.002084698511571315, 0, 0, 0, 0, 0, 0, 0, 0, 0, 0, 0, 0, 0, 0.00318037822944744, 0, 0.008745761500720553, 0, 0, 0, 0, 0.0008150503829197924, 0.0007654921273149107, 0, 0, 0, 0, 0, 0, 0, 0, 0, 0, 0, -0.002265381109606555, 0, 0, 0, 0, 0, 0.0034009307332757543, 0, 0, 0, 0, -0.0023139617820158134, 0, 0, 0, 0, 0, 0, 0.0036061165476385863, 0, 0, 0, -0.002202073368934687, 0, 0, 0, 0.00018226108969577703, 0, 0, 0, 0.005391328576177947, 0, 0.002308526057628157, 0, 0, 0, 0, 0, 0, 0, -0.002636218054471943, -0.0018510478100248141, 0, 0, 0, 0, 0, 0, 0, 0, -0.002323902101090349, 0, -0.00269299774473394, 0, 0, 0, 0, 0, 0, 0, 0, 0, 0, 0, 0.002670969305101368, 0, 0, 0, 0, 0, 0, 0, 0, 0, 0, 0, -0.002046658921586641, 0, 0, 0, 0, 0, 0, -0.002487356920342267, 0, 0, 0, 0, 0.0008164894995729794, 0, 0, 0, 0, 0, 0, -0.002159389878132707, 0, 8.050226739051206e-05, -0.0012612315551141927, 0, 0, -0.0010132670756854774, 0, 0, -0.0019881762680886788, 0, -0.0015226986275477718, 0, 0, 0, 0.0022388791929155295, 0, 0, -0.0021665920374183754, 0, 0, -0.0021207718125501604, 0, 0, 0, 0, 0.00032847672579143316, -0.0026102357520304703, 0, 0, 0, 0, 0, 0, 0, 0, 0, -0.0023308019781459874, 0, 0, 0, 0, -0.002324990620047941, 0, 0, 0.0030859433708270013, 0, 0, 0, 0, 0, 0, 0, 0, 0, 0.00398181878272374, 0, 0, 0, 0, 0, 0, 0, 0, 0, 0, 0.0034848840581814928, -0.0031193518834426504, 0.009294476368466923, 0, 0, 0, 0, 0, 0]
Start Date: 2024-11-19
End Date: 2025-11-06
Sharpe Ratio: 0.021
Annualized Sharpe: 0.33
Sharpe 95% CI: (np.float64(-1.567), np.float64(1.968))
Sortino Ratio: 0.029
CAGR: 0.007
Calmar Ratio: 0.266
Daily Win Rate (%): 0.394
Max Drawdown: 0.027
Profit Factor: 1.104
Expectancy: 0.000135
Average Win: 0.003642
Average Loss: 0.002144
Total Trades: 66
Total Days: 303



Rolling 8 - Variant 1 - atr_0.25_7 - Fit Metrics
Contracts: [9, 9, 14, 13, 9, 10, 9, 10, 11, 8, 8, 8, 9, 5, 7, 9, 10, 10, 9, 7, 8, 7, 8, 8, 6, 6, 6, 6, 6, 6, 8, 10, 10, 10, 7, 7, 7, 7, 10, 5, 5, 6, 6, 6, 6, 6, 7, 8, 8, 6, 6, 7, 7, 6, 5, 7, 6, 7, 6, 8, 6, 9, 5, 6, 6, 8, 9, 9, 9, 5, 11, 6, 5, 7, 7, 10, 6, 11, 10, 12, 10, 9, 9, 9, 12, 7, 15, 10, 9, 10, 8, 9, 9, 11, 10, 10, 9, 8, 8, 8, 10, 12, 10, 12, 13, 9, 10, 13, 8, 10, 11, 9, 13, 10, 9, 10, 14, 8, 11, 7, 11, 10, 11, 13, 12, 10, 10, 10, 10, 14, 11, 11, 6, 11, 8, 13, 10, 10, 16, 15, 16, 13, 18, 16, 10, 13, 13, 13, 13, 12, 13, 13, 12, 13, 11, 10, 13, 11, 21, 18, 15, 11, 8, 15, 15, 15, 20, 20, 11, 11, 18, 15, 16, 10, 9, 10, 16, 16, 15, 7, 8, 7, 6, 6, 9, 9, 10, 7, 11, 7, 8, 8, 10, 9, 5, 11, 11, 10, 10, 12, 8, 12, 12, 13, 4, 4, 5, 8, 8, 7, 9, 6, 8, 10, 7, 9, 10, 10, 10, 9, 10, 8, 9, 10, 9, 9, 4, 9, 10, 11, 13, 7, 6, 9, 10, 9, 10, 12, 11, 12, 12, 12, 11, 18, 12, 12]
Trade Returns: [-0.0023168250000000002, 0.0007505388672109267, 0.014487516788512308, -0.0025017603595391055, -0.002174113873743027, -0.002351063636912138, 0.001186504549974602, -0.0005392311918729406, -0.002403680335727823, -0.0020986075956482397, 0.0011111254422876092, -0.002103021011516817, -0.0021460923325985295, 0.00301343912751589, 0.00036300185111982344, 0.004200969613144644, -0.002249059736662376, -0.000712169423279661, -0.0023650793172252734, -0.0016690431886309757, -0.002210865969953026, -0.0019387941376906627, -0.0022703104308374753, 0.0036413263346871173, -0.002302492447698335, -0.002496389385449491, -0.002729503165993781, 0.0014146667639300628, -0.00021535316632010848, 0.00035263724337039246, 0.008344017493605744, 0.005650899360981397, 0.0013260169452420552, -0.0025592933616299667, 0.00018803516262531116, 0.003109147169970049, -0.002181375150776887, -0.000814032401247406, -0.002191067203691032, 0.0020433296000770904, 0.0028965904616530982, 0.0038221753514469476, -0.00017446762563653066, 0.003919953228958627, 0.002829415799840747, -0.001992291218952235, -0.0003797476451435913, -3.3996570348908826e-05, -0.002502827357898408, -0.002026817930193264, -0.0019380924037953455, 0.0023577021009682435, 0.00841530817626906, 0.003545394649705201, -0.0004606464366268346, 0.012059116065244376, 0.011539532583864845, -0.0025921301146764183, -0.0016869824743832868, 0.0003000815332212379, -0.0027931300942535, -0.0023380714732422394, -0.0009552864444854572, -0.001853545566738902, -0.0017481542041207655, -0.001995768464983041, 0.001601050548621801, -0.0021915996074059647, -0.0027429478696834146, -0.0016802840268232615, -0.0019055603459106197, 0.003759863348028089, -0.0018992269385726113, 0.0017964523840708103, -0.0022092859556566385, -0.0018786629210852202, -0.0023057790646385523, 0.006594807810564904, -0.00283060984799559, -0.002724477571584083, 0.0013046926523178346, -0.0021563207713559953, -0.0025469880860424787, -0.002885200268865685, -0.0014996639812921854, -0.002803695964698, -0.0018864481554529372, -0.001709015300655822, 0.005707271302794842, -0.002380532406434254, 0.0006336295681850471, 0.002575913438533898, -0.002475914832331326, 0.004061914341321542, -0.0020731112835820145, 0.0030444863350422547, 0.003926334106814673, -0.002031034070414078, -0.0030792204711713278, -0.0025273918449203944, -0.002482194877917862, -0.00254023424524252, 0.0005780513313554281, -0.0016374613701312707, -0.0033265279101210962, -0.0013912863939617615, 0.01743553712090171, -0.0023711961180643867, -0.002292833028633407, -0.00205207647388019, -3.834330849697116e-05, -0.002321874606184142, -0.002752278238433926, 0.0006403466476089924, 0.012151240690500465, -0.002523828587871323, 0.007255439274420793, 0.0016012544009605175, -0.0022074234330038555, -0.002231796359971362, 0.0034548606545900724, -0.0027028840129731174, 0.004223995792513567, -0.002404522426544498, 0.0009364788912326277, -0.002150077617386488, -0.001913153204110544, -0.0012698611613551833, -0.0023393482265789446, -0.0023996473691615334, -0.0027988779580039535, -0.0027910661046044445, -0.0005248932263600319, -0.0019026426418240886, -0.0021455863929641357, 0.003824085195269055, 0.00020578551050795597, 0.00669033061014322, -0.0022388779747204365, -0.0026903567414226556, -0.0021996134041470036, -0.0017887272306937457, -0.0027047840952552356, -0.002111768707705042, -0.0005423433442373395, -0.0024511381911943744, -0.0006274107799699676, 0.0028835898225892946, 0.001451529243030507, 0.0004319055407771124, -0.002047089638499538, -0.0022693702720512974, 0.010228512561437699, -0.002337347191859466, 0.005439350802467395, -0.002189968496385786, -0.0026199516136303285, 0.009711885316021959, -0.0026834919536290313, -0.0025203644483331195, -0.002398159449115508, -0.002198649826272956, -0.0007297703188528725, 0.0012410382408583741, 0.0032879524550450743, -0.0029872502658901423, 0.0005351732437209539, -0.002752335912997006, -0.002544167870747402, 0.0018732803229022444, 0.014598246863084917, -0.002593613167767056, -0.0028721152034259095, -0.0007825639617748887, -0.002166193347961764, 0.0026838868128719953, 0.0021037232703659276, -0.001643826656666873, -0.001358626747049245, -0.002255824849053455]
Daily Returns: [-0.0023168250000000002, 0, 0, 0, 0.0007505388672109267, 0, 0, 0, 0, 0, 0.011985756428973203, 0, -0.002174113873743027, 0, -0.001164559086937536, 0, 0, 0, -0.0005392311918729406, 0, -0.002403680335727823, 0, 0, 0, 0, 0, 0, 0, 0, 0, 0, 0, 0, 0, 0, 0, 0, 0, 0, 0, 0, -0.0020986075956482397, 0.0011111254422876092, 0, 0, 0, 0, 0, 0, 0, 0, 0, 0, -0.002103021011516817, 0, 0, -0.0021460923325985295, 0, 0, 0, 0, 0, 0, 0, 0, 0, 0, 0, 0, 0, 0, 0, 0.00301343912751589, 0, 0, 0, 0, 0, 0, 0, 0, 0.00036300185111982344, 0, 0, 0.0012397404532026072, 0, 0, -0.0023650793172252734, 0, 0, 0, 0, -0.0016690431886309757, 0, 0, 0, 0, 0, 0, 0, 0, -0.002210865969953026, 0, 0, 0, 0, 0, -0.0019387941376906627, 0.001371015903849642, 0, 0, 0, 0, 0, 0, 0, 0, 0, 0, -0.002302492447698335, -0.005225892551443272, 0, 0.0014146667639300628, 0.00013728407705028398, 0, 0, 0, 0, 0, 0, 0, 0, 0, 0, 0, 0, 0, 0, 0, 0, 0, 0, 0.008344017493605744, 0, 0, 0, 0, 0.005650899360981397, 0.0013260169452420552, -0.0025592933616299667, 0, 0, 0, 0, 0, 0, 0, 0, 0, 0, 0, 0.00018803516262531116, 0.00011373961794575616, 0, 0, 0, 0, 0, 0, 0, 0, 0, 0, 0, 0, 0, 0, 0, 0, 0, 0, 0, 0, 0, 0, 0, -0.002191067203691032, 0, 0.0020433296000770904, 0, 0, 0.006544298187463515, 0.003919953228958627, 0, 0, 0, 0.002829415799840747, 0, -0.0023720388640958265, 0, 0, -3.3996570348908826e-05, 0, 0, 0, 0, 0, 0, 0, 0, -0.002502827357898408, 0, 0, 0, 0, 0, -0.002026817930193264, 0, -0.0019380924037953455, 0.0023577021009682435, 0, 0, 0.00841530817626906, 0, 0, 0, 0, 0.003545394649705201, 0, 0, 0, 0, 0, 0, 0, 0, 0, 0, 0, 0, 0, 0, 0, 0, 0, 0, 0, 0, 0, 0, 0, -0.0004606464366268346, 0, 0, 0, 0, 0, 0.012059116065244376, 0, 0, 0, 0, 0, 0, 0.008947402469188428, 0, 0, 0, -0.0016869824743832868, 0, 0.0003000815332212379, 0, 0, 0, 0, -0.0027931300942535, 0, 0, 0, 0, 0, 0, 0, 0, 0, 0, 0, 0, 0, 0, 0, 0, -0.0023380714732422394, 0, 0, 0, 0, 0, -0.0009552864444854572, 0, 0, 0, 0, 0, -0.001853545566738902, -0.0017481542041207655, 0, 0, 0, 0, 0, 0, 0, 0, 0, 0, 0, 0, -0.001995768464983041, 0, 0, 0.001601050548621801, 0, -0.0021915996074059647, 0, 0, 0, -0.0027429478696834146, 0, 0, 0, 0, -0.0016802840268232615, 0, 0, 0, 0, 0, 0, 0, -0.0019055603459106197, 0, 0.003759863348028089, 0, -0.0018992269385726113, 0, 0, 0, 0.0017964523840708103, 0, 0, 0, 0, 0, -0.0022092859556566385, 0, -0.0018786629210852202, 0, 0, 0, 0, 0, 0, -0.0023057790646385523, 0, 0.006594807810564904, -0.00283060984799559, 0, 0, 0, 0, 0, 0, 0, 0, 0, -0.002724477571584083, 0.0013046926523178346, 0, 0, -0.0021563207713559953, -0.0025469880860424787, 0, 0, -0.002885200268865685, 0, 0, 0, 0, 0, 0, 0, 0, 0, 0, 0, 0, -0.0014996639812921854, 0, 0, 0, 0, 0, 0, -0.004690144120150937, 0, 0, 0, -0.001709015300655822, 0, 0.005707271302794842, 0, -0.002380532406434254, 0, 0, 0, 0.0006336295681850471, 0, 0, 0, 0.002575913438533898, 0, -0.002475914832331326, 0, 0, 0, 0.004061914341321542, 0, 0, 0, -0.0020731112835820145, 0.0030444863350422547, 0, 0, 0.0018953000364005947, 0, 0, 0, 0, 0, 0, 0, 0, -0.0030792204711713278, 0, 0, 0, 0, 0, 0, 0, 0, 0, 0, -0.0025273918449203944, 0, -0.002482194877917862, 0, 0, 0, 0, -0.00254023424524252, 0, 0, 0, 0, 0, 0, 0, 0, 0, 0, 0, 0, 0, 0, 0, 0, 0.0005780513313554281, 0, 0, 0, 0, -0.0016374613701312707, 0, 0, -0.004717814304082858, 0, 0, 0, 0, 0, 0, 0, 0, 0, 0, 0.01743553712090171, 0, 0, 0, 0, 0, -0.0023711961180643867, 0, 0, 0, 0, 0, 0, 0, 0, -0.002292833028633407, 0, 0, -0.0020904197823771614, 0, 0, -0.002321874606184142, 0, 0, 0, 0, 0, 0, -0.002752278238433926, 0, 0, 0, 0, 0, 0.0006403466476089924, 0, 0, 0.009627412102629141, 0, 0, 0, 0, 0, 0, 0, 0, 0.007255439274420793, 0, 0, 0, 0, 0, 0, 0, 0, 0, 0, 0, 0, 0, 0, 0, 0, 0, 0, 0, 0, 0.0016012544009605175, 0, 0, 0, 0, 0, 0, 0, 0, 0, -0.0022074234330038555, 0.0012230642946187103, 0, 0, -0.0027028840129731174, 0, 0.004223995792513567, -0.002404522426544498, 0, 0, 0, 0.0009364788912326277, 0, -0.002150077617386488, -0.001913153204110544, 0, 0, 0, 0, -0.0012698611613551833, 0, 0, 0, -0.004738995595740478, 0, 0, 0, 0, 0, 0, 0, 0, 0, 0, 0, 0, 0, -0.0027988779580039535, -0.0027910661046044445, 0, 0, 0, 0, 0, 0, 0, 0, -0.0005248932263600319, 0, -0.0019026426418240886, 0, 0, 0, 0, 0, 0, 0, 0, 0, 0, 0, 0, 0, 0, 0, 0, 0, 0, 0, 0, 0, 0, 0, 0, 0, 0, 0, 0, 0, 0, 0, 0, 0, 0, 0, 0, 0, 0, 0, 0, 0, 0, -0.0021455863929641357, 0, 0, 0, 0, 0.004029870705777011, 0.00669033061014322, 0, 0, -0.0022388779747204365, 0, 0, 0, 0, 0, 0, 0, 0, 0, 0, 0, 0, -0.0026903567414226556, 0, 0, 0, 0, 0, -0.0021996134041470036, 0, 0, 0, 0, 0, -0.0017887272306937457, -0.0027047840952552356, 0, 0, 0, 0, -0.002111768707705042, -0.0005423433442373395, 0, 0, 0, 0, 0, 0, 0, 0, 0, 0, 0, 0, -0.0024511381911943744, 0, 0, 0, 0, 0, 0, 0, 0, 0, 0, -0.0006274107799699676, 0.004335119065619801, 0, 0.0004319055407771124, -0.004316459910550836, 0, 0, 0, 0, 0, 0, 0.007891165369578233, 0.005439350802467395, 0, 0, 0, 0, 0, -0.002189968496385786, 0, 0, 0, 0, -0.0026199516136303285, 0, 0, 0, 0, 0, 0.009711885316021959, 0, 0, 0, 0, 0, -0.0026834919536290313, 0, -0.0025203644483331195, 0, 0, 0, 0, 0, -0.002398159449115508, 0, -0.002198649826272956, 0, 0, -0.0007297703188528725, 0, 0, 0, 0, 0, 0, 0, 0, 0.0012410382408583741, 0.0032879524550450743, 0, 0, 0, -0.0029872502658901423, 0, 0, 0, 0, 0, 0, 0, 0, 0, 0, 0, 0, 0, 0, 0, 0, 0, 0, 0, 0, 0.0005351732437209539, 0, 0, 0, -0.002752335912997006, 0, 0, 0, -0.002544167870747402, 0, 0, 0, 0, 0, 0.0018732803229022444, 0, 0, 0.014598246863084917, 0, 0, 0, 0, 0, 0, 0, 0, 0, 0, 0, 0, 0, 0, 0, 0, 0, 0, 0, -0.002593613167767056, 0, 0, 0, 0, 0, 0, -0.0028721152034259095, 0, 0, 0, 0, 0, 0, 0, 0, 0, -0.0007825639617748887, 0, 0.0005176934649102315, 0, 0, 0, 0, 0, 0, 0, 0, 0, 0, 0, 0, 0, 0, 0, 0, 0, 0, 0, 0, 0, 0, 0, 0, 0, 0.0004598966136990547, -0.001358626747049245, 0, 0, 0, 0, 0, 0, -0.002255824849053455, 0, 0, 0, 0, 0, 0, 0, 0, 0, 0]
Start Date: 2021-12-17
End Date: 2024-11-18
Sharpe Ratio: 0.008
Annualized Sharpe: 0.121
Sharpe 95% CI: (np.float64(-1.031), np.float64(1.022))
Sortino Ratio: 0.014
CAGR: 0.003
Calmar Ratio: 0.063
Daily Win Rate (%): 0.344
Max Drawdown: 0.044
Profit Factor: 1.046
Expectancy: 6.2e-05
Average Win: 0.004086
Average Loss: 0.002053
Total Trades: 180
Total Days: 915

Rolling 8 - Variant 1 - atr_0.25_7 - Test Metrics
Contracts: [9, 9, 14, 13, 9, 10, 9, 10, 11, 8, 8, 8, 9, 5, 7, 9, 10, 10, 9, 7, 8, 7, 8, 8, 6, 6, 6, 6, 6, 6, 8, 10, 10, 10, 7, 7, 7, 7, 10, 5, 5, 6, 6, 6, 6, 6, 7, 8, 8, 6, 6, 7, 7, 6, 5, 7, 6, 7, 6, 8, 6, 9, 5, 6, 6, 8, 9, 9, 9, 5, 11, 6, 5, 7, 7, 10, 6, 11, 10, 12, 10, 9, 9, 9, 12, 7, 15, 10, 9, 10, 8, 9, 9, 11, 10, 10, 9, 8, 8, 8, 10, 12, 10, 12, 13, 9, 10, 13, 8, 10, 11, 9, 13, 10, 9, 10, 14, 8, 11, 7, 11, 10, 11, 13, 12, 10, 10, 10, 10, 14, 11, 11, 6, 11, 8, 13, 10, 10, 16, 15, 16, 13, 18, 16, 10, 13, 13, 13, 13, 12, 13, 13, 12, 13, 11, 10, 13, 11, 21, 18, 15, 11, 8, 15, 15, 15, 20, 20, 11, 11, 18, 15, 16, 10, 9, 10, 16, 16, 15, 7, 8, 7, 6, 6, 9, 9, 10, 7, 11, 7, 8, 8, 10, 9, 5, 11, 11, 10, 10, 12, 8, 12, 12, 13, 4, 4, 5, 8, 8, 7, 9, 6, 8, 10, 7, 9, 10, 10, 10, 9, 10, 8, 9, 10, 9, 9, 4, 9, 10, 11, 13, 7, 6, 9, 10, 9, 10, 12, 11, 12, 12, 12, 11, 18, 12, 12]
Trade Returns: [0.004719055133384898, 0.0007477094771243553, -0.0018461011039651234, 0.004023540530870629, 0.0019519633542293508, -0.0022723391327556484, -0.0021004948291012612, -0.0024404139235500587, 0.003928197150087934, -0.002164008991695366, -0.002593805337700689, -0.0021687020825022093, 0.00428016865533273, -0.002285017837331572, -0.001457711105161257, 0.015109107623544359, -0.0030755247779508795, -0.0025204001677121284, -0.0024017253787234315, -0.0023959709145712224, -0.0020786887252323607, 0.0031712951900899756, -0.0027823388716055235, 0.011502718643515816, 0.000812723514519795, 0.0007633085162993418, -0.0022589239064790133, 0.006037067512276468, -0.002645898566694263, -0.002307373409561077, 0.0035958272427731247, -0.0021958127219765928, 0.00018174095100412013, 0.005375966924678617, 0.0023019834874597076, -0.00020051330730086982, -0.0024282492467943987, 0.0005640215453322186, -0.002372252668324183, -3.757251550104114e-05, -0.002317301572587789, -0.00268533111602615, 0.00481461152693262, -0.002151315359256947, -0.002040817620714899, -0.0024802566588608484, 0.0008141544186879638, -0.0021532192560752366, 8.027172959388369e-05, -0.0012576200021092916, -0.0010103619186173122, -0.0019824701653311768, -0.001518319773302387, 0.0022324310138034354, -0.002160365951306474, -0.0021146642043042775, 0.0003275287413869013, -0.0026027050736032666, -0.002324059934479291, -0.0023182497199747873, 0.005462050735114191, -0.00238511306501478, 0.003970282721773167, 0.0034748276353162915, -0.0031103814572074674, 0.009267664531823695]
Daily Returns: [0.004719055133384898, 0, 0, 0, 0, 0, 0.0007477094771243553, -0.0018461011039651234, 0, 0.004023540530870629, 0, 0.0019519633542293508, 0, 0, -0.0022723391327556484, 0, 0, 0, -0.0021004948291012612, 0, 0, 0, 0, 0, 0, 0, 0, 0, 0, 0, 0, 0, 0, 0, 0, -0.0024404139235500587, 0, 0, 0, 0, 0, 0.003928197150087934, -0.002164008991695366, 0, 0, 0, 0, 0, -0.002593805337700689, 0, 0, 0, 0, -0.0021687020825022093, 0, 0, 0, 0.00428016865533273, 0, 0, -0.002285017837331572, 0, 0, 0, 0, 0, 0, -0.001457711105161257, 0, 0, 0, 0, 0, 0.012033582845593478, 0, 0, 0, 0, 0, 0, 0, 0, 0, 0, 0, 0, -0.007318096461006782, 0, 0, 0, 0, 0, 0, 0, 0, 0, 0, 0, 0, -0.0020786887252323607, 0, 0, 0, 0, 0, 0, 0, 0, 0, 0, 0, 0, 0, 0.0031712951900899756, 0, 0.008720379771910293, 0, 0, 0, 0, 0.000812723514519795, 0.0007633085162993418, 0, 0, 0, 0, 0, 0, 0, 0, 0, 0, 0, -0.0022589239064790133, 0, 0, 0, 0, 0, 0.003391168945582205, 0, 0, 0, 0, -0.002307373409561077, 0, 0, 0, 0, 0, 0, 0.0035958272427731247, 0, 0, 0, -0.0021958127219765928, 0, 0, 0, 0.00018174095100412013, 0, 0, 0, 0.005375966924678617, 0, 0.0023019834874597076, 0, 0, 0, 0, 0, 0, 0, -0.0026287625540952686, -0.0018458036384930055, 0, 0, 0, 0, 0, 0, 0, 0, -0.002317301572587789, 0, -0.00268533111602615, 0, 0, 0, 0, 0, 0, 0, 0, 0, 0, 0, 0.0026632961676756727, 0, 0, 0, 0, 0, 0, 0, 0, 0, 0, 0, -0.002040817620714899, 0, 0, 0, 0, 0, 0, -0.0024802566588608484, 0, 0, 0, 0, 0.0008141544186879638, 0, 0, 0, 0, 0, 0, -0.0021532192560752366, 0, 8.027172959388369e-05, -0.0012576200021092916, 0, 0, -0.0010103619186173122, 0, 0, -0.0019824701653311768, 0, -0.001518319773302387, 0, 0, 0, 0.0022324310138034354, 0, 0, -0.002160365951306474, 0, 0, -0.0021146642043042775, 0, 0, 0, 0, 0.0003275287413869013, -0.0026027050736032666, 0, 0, 0, 0, 0, 0, 0, 0, 0, -0.002324059934479291, 0, 0, 0, 0, -0.0023182497199747873, 0, 0, 0.0030769376700994114, 0, 0, 0, 0, 0, 0, 0, 0, 0, 0.003970282721773167, 0, 0, 0, 0, 0, 0, 0, 0, 0, 0, 0.0034748276353162915, -0.0031103814572074674, 0.009267664531823695, 0, 0, 0, 0, 0, 0]
Start Date: 2024-11-19
End Date: 2025-11-06
Sharpe Ratio: 0.03
Annualized Sharpe: 0.477
Sharpe 95% CI: (np.float64(-1.46), np.float64(2.034))
Sortino Ratio: 0.045
CAGR: 0.011
Calmar Ratio: 0.419
Daily Win Rate (%): 0.394
Max Drawdown: 0.027
Profit Factor: 1.162
Expectancy: 0.00021
Average Win: 0.003827
Average Loss: 0.002141
Total Trades: 66
Total Days: 303



Rolling 8 - Variant 2 - atr_0.25_9 - Fit Metrics
Contracts: [9, 9, 14, 13, 9, 10, 9, 10, 11, 8, 8, 8, 9, 5, 7, 9, 10, 10, 9, 7, 8, 7, 8, 8, 6, 6, 6, 6, 6, 6, 8, 10, 10, 10, 7, 7, 7, 7, 10, 5, 5, 6, 6, 6, 6, 6, 7, 8, 8, 6, 6, 7, 7, 6, 5, 7, 6, 7, 6, 8, 6, 9, 5, 6, 6, 8, 9, 9, 9, 5, 11, 6, 5, 7, 7, 10, 6, 11, 10, 12, 10, 9, 9, 9, 12, 7, 15, 10, 9, 10, 8, 9, 9, 11, 10, 10, 9, 8, 8, 8, 10, 12, 10, 12, 13, 9, 10, 13, 8, 10, 11, 9, 13, 10, 9, 10, 14, 8, 11, 7, 11, 10, 11, 13, 12, 10, 10, 10, 10, 14, 11, 11, 6, 11, 8, 13, 10, 10, 16, 15, 16, 13, 18, 16, 10, 13, 13, 13, 13, 12, 13, 13, 12, 13, 11, 10, 13, 11, 21, 18, 15, 11, 8, 15, 15, 15, 20, 20, 11, 11, 18, 15, 16, 10, 9, 10, 16, 16, 15, 7, 8, 7, 6, 6, 9, 9, 10, 7, 11, 7, 8, 8, 10, 9, 5, 11, 11, 10, 10, 12, 8, 12, 12, 13, 4, 4, 5, 8, 8, 7, 9, 6, 8, 9, 7, 9, 10, 10, 9, 9, 10, 8, 9, 10, 9, 9, 4, 9, 10, 11, 13, 7, 6, 9, 10, 9, 10, 12, 11, 12, 12, 12, 11, 18, 12, 12]
Trade Returns: [-0.0023168250000000002, 0.0007505388672109267, 0.014487516788512244, -0.0025017603595391055, -0.002174113873743027, -0.002351063636912138, 0.001186504549974602, -0.0005392311918729406, -0.002403680335727823, -0.0020986075956482397, 0.0011111254422876092, -0.002103021011516817, -0.0021460923325985295, 0.00301343912751589, 0.00036300185111982344, 0.004200969613144644, -0.002249059736662376, -0.000712169423279661, -0.0023650793172252734, -0.0016690431886309757, -0.002210865969953026, -0.0019387941376906627, -0.0022703104308374753, 0.0036413263346871173, -0.002302492447698335, -0.002496389385449491, -0.002729503165993781, 0.0014146667639300628, -0.00021535316632010848, 0.00035263724337039246, 0.008344017493605744, 0.005650899360981397, 0.0013260169452420552, -0.0025592933616299667, 0.00018803516262531116, 0.003109147169970049, -0.002181375150776887, -0.000814032401247406, -0.002191067203691032, 0.0020433296000770904, 0.0028965904616530982, 0.0038221753514469476, -0.00017446762563653066, 0.003919953228958627, 0.002829415799840747, -0.001992291218952235, -0.0003797476451435913, -3.3996570348908826e-05, -0.002502827357898408, -0.002026817930193264, -0.0019380924037953455, 0.0023577021009682435, 0.00841530817626906, 0.003545394649705201, -0.0004606464366268346, 0.012059116065244376, 0.011539532583864845, -0.0025921301146764183, -0.0016869824743832868, 0.0003000815332212379, -0.0027931300942535, -0.0023380714732422394, -0.0009552864444854572, -0.001853545566738902, -0.0017481542041207655, -0.001995768464983041, 0.001601050548621801, -0.0021915996074059647, -0.0027429478696834146, -0.0016802840268232615, -0.0019055603459106197, 0.003759863348028089, -0.0018992269385726113, 0.0017964523840708103, -0.0022092859556566385, -0.0018786629210852202, -0.0023057790646385523, 0.006594807810564904, -0.00283060984799559, -0.002724477571584083, 0.0013046926523178346, -0.0021563207713559953, -0.0025469880860424787, -0.002885200268865685, -0.0014996639812921854, -0.002803695964698, -0.0018864481554529372, -0.001709015300655822, 0.005707271302794842, -0.002380532406434254, 0.0006336295681850471, 0.002575913438533898, -0.002475914832331326, 0.004061914341321542, -0.0020731112835820145, 0.0030444863350422547, 0.003926334106814673, -0.002031034070414078, -0.0030792204711713278, -0.0025273918449203944, -0.002482194877917862, -0.00254023424524252, 0.0005780513313554281, -0.0016374613701312707, -0.0033265279101210962, -0.0013912863939617615, 0.015076217173786283, -0.0023767074385004504, -0.00229817490749951, -0.002056868447087488, -3.843303167128832e-05, -0.002321874606184142, -0.0027587188050145106, 0.0006418492588384354, 0.012179808273534149, -0.0025297471019239287, 0.007272291564152264, 0.0016049639438616575, -0.002212511442844081, -0.00223695195510439, 0.0034628515257621, -0.002709128680413342, 0.0042337990013184505, -0.002410089483393949, 0.0009386431437661473, -0.0021550419014421934, -0.001917564823812721, -0.0012728065423633186, -0.002344781145710363, -0.0024051998471395684, -0.00280541164791104, -0.0027975633311560465, -0.0005261243300824856, -0.0019070966588179174, -0.0021506213785947126, 0.003833098278484077, 0.00020626867955331928, 0.006706035768429531, -0.002244098599613694, -0.0026966442361237943, -0.002204786298341437, -0.001792918876705033, -0.002711133784013307, -0.0021167397243078375, -0.0005436227062193653, -0.002456923453828703, -0.0006288991729848872, 0.0028904348051227227, 0.0014549649108000493, 0.00043292634562185127, -0.002051925822659677, -0.0022747426107787893, 0.01025278198951893, -0.002342836785934037, 0.00545215589579042, -0.0021950960727477797, -0.0026261505459484083, 0.009734725013069575, -0.002689741950487702, -0.0025262503440128294, -0.0024037741392783484, -0.0022038090540384215, -0.0007314830103383812, 0.0012439529545567188, 0.003295664976067956, -0.002994234415029092, 0.0005364282289634726, -0.0027587867008278073, -0.002550147260549805, 0.001877694226090331, 0.016766066800712985, -0.002594170117727292, -0.0028727335627707945, -0.0007827329312770162, -0.0021666601808891534, 0.002684466765801407, 0.0021041776248968457, -0.0016441809389204098, -0.0013589200444311502, -0.002256312494277628]
Daily Returns: [-0.0023168250000000002, 0, 0, 0, 0.0007505388672109267, 0, 0, 0, 0, 0, 0.011985756428973138, 0, -0.002174113873743027, 0, -0.001164559086937536, 0, 0, 0, -0.0005392311918729406, 0, -0.002403680335727823, 0, 0, 0, 0, 0, 0, 0, 0, 0, 0, 0, 0, 0, 0, 0, 0, 0, 0, 0, 0, -0.0020986075956482397, 0.0011111254422876092, 0, 0, 0, 0, 0, 0, 0, 0, 0, 0, -0.002103021011516817, 0, 0, -0.0021460923325985295, 0, 0, 0, 0, 0, 0, 0, 0, 0, 0, 0, 0, 0, 0, 0, 0.00301343912751589, 0, 0, 0, 0, 0, 0, 0, 0, 0.00036300185111982344, 0, 0, 0.0012397404532026072, 0, 0, -0.0023650793172252734, 0, 0, 0, 0, -0.0016690431886309757, 0, 0, 0, 0, 0, 0, 0, 0, -0.002210865969953026, 0, 0, 0, 0, 0, -0.0019387941376906627, 0.001371015903849642, 0, 0, 0, 0, 0, 0, 0, 0, 0, 0, -0.002302492447698335, -0.005225892551443272, 0, 0.0014146667639300628, 0.00013728407705028398, 0, 0, 0, 0, 0, 0, 0, 0, 0, 0, 0, 0, 0, 0, 0, 0, 0, 0, 0.008344017493605744, 0, 0, 0, 0, 0.005650899360981397, 0.0013260169452420552, -0.0025592933616299667, 0, 0, 0, 0, 0, 0, 0, 0, 0, 0, 0, 0.00018803516262531116, 0.00011373961794575616, 0, 0, 0, 0, 0, 0, 0, 0, 0, 0, 0, 0, 0, 0, 0, 0, 0, 0, 0, 0, 0, 0, 0, -0.002191067203691032, 0, 0.0020433296000770904, 0, 0, 0.006544298187463515, 0.003919953228958627, 0, 0, 0, 0.002829415799840747, 0, -0.0023720388640958265, 0, 0, -3.3996570348908826e-05, 0, 0, 0, 0, 0, 0, 0, 0, -0.002502827357898408, 0, 0, 0, 0, 0, -0.002026817930193264, 0, -0.0019380924037953455, 0.0023577021009682435, 0, 0, 0.00841530817626906, 0, 0, 0, 0, 0.003545394649705201, 0, 0, 0, 0, 0, 0, 0, 0, 0, 0, 0, 0, 0, 0, 0, 0, 0, 0, 0, 0, 0, 0, 0, -0.0004606464366268346, 0, 0, 0, 0, 0, 0.012059116065244376, 0, 0, 0, 0, 0, 0, 0.008947402469188428, 0, 0, 0, -0.0016869824743832868, 0, 0.0003000815332212379, 0, 0, 0, 0, -0.0027931300942535, 0, 0, 0, 0, 0, 0, 0, 0, 0, 0, 0, 0, 0, 0, 0, 0, -0.0023380714732422394, 0, 0, 0, 0, 0, -0.0009552864444854572, 0, 0, 0, 0, 0, -0.001853545566738902, -0.0017481542041207655, 0, 0, 0, 0, 0, 0, 0, 0, 0, 0, 0, 0, -0.001995768464983041, 0, 0, 0.001601050548621801, 0, -0.0021915996074059647, 0, 0, 0, -0.0027429478696834146, 0, 0, 0, 0, -0.0016802840268232615, 0, 0, 0, 0, 0, 0, 0, -0.0019055603459106197, 0, 0.003759863348028089, 0, -0.0018992269385726113, 0, 0, 0, 0.0017964523840708103, 0, 0, 0, 0, 0, -0.0022092859556566385, 0, -0.0018786629210852202, 0, 0, 0, 0, 0, 0, -0.0023057790646385523, 0, 0.006594807810564904, -0.00283060984799559, 0, 0, 0, 0, 0, 0, 0, 0, 0, -0.002724477571584083, 0.0013046926523178346, 0, 0, -0.0021563207713559953, -0.0025469880860424787, 0, 0, -0.002885200268865685, 0, 0, 0, 0, 0, 0, 0, 0, 0, 0, 0, 0, -0.0014996639812921854, 0, 0, 0, 0, 0, 0, -0.004690144120150937, 0, 0, 0, -0.001709015300655822, 0, 0.005707271302794842, 0, -0.002380532406434254, 0, 0, 0, 0.0006336295681850471, 0, 0, 0, 0.002575913438533898, 0, -0.002475914832331326, 0, 0, 0, 0.004061914341321542, 0, 0, 0, -0.0020731112835820145, 0.0030444863350422547, 0, 0, 0.0018953000364005947, 0, 0, 0, 0, 0, 0, 0, 0, -0.0030792204711713278, 0, 0, 0, 0, 0, 0, 0, 0, 0, 0, -0.0025273918449203944, 0, -0.002482194877917862, 0, 0, 0, 0, -0.00254023424524252, 0, 0, 0, 0, 0, 0, 0, 0, 0, 0, 0, 0, 0, 0, 0, 0, 0.0005780513313554281, 0, 0, 0, 0, -0.0016374613701312707, 0, 0, -0.004717814304082858, 0, 0, 0, 0, 0, 0, 0, 0, 0, 0, 0.015076217173786283, 0, 0, 0, 0, 0, -0.0023767074385004504, 0, 0, 0, 0, 0, 0, 0, 0, -0.00229817490749951, 0, 0, -0.0020953014787587765, 0, 0, -0.002321874606184142, 0, 0, 0, 0, 0, 0, -0.0027587188050145106, 0, 0, 0, 0, 0, 0.0006418492588384354, 0, 0, 0.00965006117161022, 0, 0, 0, 0, 0, 0, 0, 0, 0.007272291564152264, 0, 0, 0, 0, 0, 0, 0, 0, 0, 0, 0, 0, 0, 0, 0, 0, 0, 0, 0, 0, 0.0016049639438616575, 0, 0, 0, 0, 0, 0, 0, 0, 0, -0.002212511442844081, 0.0012258995706577098, 0, 0, -0.002709128680413342, 0, 0.0042337990013184505, -0.002410089483393949, 0, 0, 0, 0.0009386431437661473, 0, -0.0021550419014421934, -0.001917564823812721, 0, 0, 0, 0, -0.0012728065423633186, 0, 0, 0, -0.004749980992849932, 0, 0, 0, 0, 0, 0, 0, 0, 0, 0, 0, 0, 0, -0.00280541164791104, -0.0027975633311560465, 0, 0, 0, 0, 0, 0, 0, 0, -0.0005261243300824856, 0, -0.0019070966588179174, 0, 0, 0, 0, 0, 0, 0, 0, 0, 0, 0, 0, 0, 0, 0, 0, 0, 0, 0, 0, 0, 0, 0, 0, 0, 0, 0, 0, 0, 0, 0, 0, 0, 0, 0, 0, 0, 0, 0, 0, 0, 0, -0.0021506213785947126, 0, 0, 0, 0, 0.004039366958037396, 0.006706035768429531, 0, 0, -0.002244098599613694, 0, 0, 0, 0, 0, 0, 0, 0, 0, 0, 0, 0, -0.0026966442361237943, 0, 0, 0, 0, 0, -0.002204786298341437, 0, 0, 0, 0, 0, -0.001792918876705033, -0.002711133784013307, 0, 0, 0, 0, -0.0021167397243078375, -0.0005436227062193653, 0, 0, 0, 0, 0, 0, 0, 0, 0, 0, 0, 0, -0.002456923453828703, 0, 0, 0, 0, 0, 0, 0, 0, 0, 0, -0.0006288991729848872, 0.004345399715922772, 0, 0.00043292634562185127, -0.004326668433438466, 0, 0, 0, 0, 0, 0, 0.007909945203584892, 0.00545215589579042, 0, 0, 0, 0, 0, -0.0021950960727477797, 0, 0, 0, 0, -0.0026261505459484083, 0, 0, 0, 0, 0, 0.009734725013069575, 0, 0, 0, 0, 0, -0.002689741950487702, 0, -0.0025262503440128294, 0, 0, 0, 0, 0, -0.0024037741392783484, 0, -0.0022038090540384215, 0, 0, -0.0007314830103383812, 0, 0, 0, 0, 0, 0, 0, 0, 0.0012439529545567188, 0.003295664976067956, 0, 0, 0, -0.002994234415029092, 0, 0, 0, 0, 0, 0, 0, 0, 0, 0, 0, 0, 0, 0, 0, 0, 0, 0, 0, 0, 0.0005364282289634726, 0, 0, 0, -0.0027587867008278073, 0, 0, 0, -0.002550147260549805, 0, 0, 0, 0, 0, 0.001877694226090331, 0, 0, 0.016766066800712985, 0, 0, 0, 0, 0, 0, 0, 0, 0, 0, 0, 0, 0, 0, 0, 0, 0, 0, 0, -0.002594170117727292, 0, 0, 0, 0, 0, 0, -0.0028727335627707945, 0, 0, 0, 0, 0, 0, 0, 0, 0, -0.0007827329312770162, 0, 0.0005178065849122536, 0, 0, 0, 0, 0, 0, 0, 0, 0, 0, 0, 0, 0, 0, 0, 0, 0, 0, 0, 0, 0, 0, 0, 0, 0, 0.00045999668597643587, -0.0013589200444311502, 0, 0, 0, 0, 0, 0, -0.002256312494277628, 0, 0, 0, 0, 0, 0, 0, 0, 0, 0]
Start Date: 2021-12-17
End Date: 2024-11-18
Sharpe Ratio: 0.007
Annualized Sharpe: 0.119
Sharpe 95% CI: (np.float64(-1.032), np.float64(1.024))
Sortino Ratio: 0.014
CAGR: 0.003
Calmar Ratio: 0.058
Daily Win Rate (%): 0.344
Max Drawdown: 0.046
Profit Factor: 1.045
Expectancy: 6e-05
Average Win: 0.004086
Average Loss: 0.002055
Total Trades: 180
Total Days: 915

Rolling 8 - Variant 2 - atr_0.25_9 - Test Metrics
Contracts: [9, 9, 14, 13, 9, 10, 9, 10, 11, 8, 8, 8, 9, 5, 7, 9, 10, 10, 9, 7, 8, 7, 8, 8, 6, 6, 6, 6, 6, 6, 8, 10, 10, 10, 7, 7, 7, 7, 10, 5, 5, 6, 6, 6, 6, 6, 7, 8, 8, 6, 6, 7, 7, 6, 5, 7, 6, 7, 6, 8, 6, 9, 5, 6, 6, 8, 9, 9, 9, 5, 11, 6, 5, 7, 7, 10, 6, 11, 10, 12, 10, 9, 9, 9, 12, 7, 15, 10, 9, 10, 8, 9, 9, 11, 10, 10, 9, 8, 8, 8, 10, 12, 10, 12, 13, 9, 10, 13, 8, 10, 11, 9, 13, 10, 9, 10, 14, 8, 11, 7, 11, 10, 11, 13, 12, 10, 10, 10, 10, 14, 11, 11, 6, 11, 8, 13, 10, 10, 16, 15, 16, 13, 18, 16, 10, 13, 13, 13, 13, 12, 13, 13, 12, 13, 11, 10, 13, 11, 21, 18, 15, 11, 8, 15, 15, 15, 20, 20, 11, 11, 18, 15, 16, 10, 9, 10, 16, 16, 15, 7, 8, 7, 6, 6, 9, 9, 10, 7, 11, 7, 8, 8, 10, 9, 5, 11, 11, 10, 10, 12, 8, 12, 12, 13, 4, 4, 5, 8, 8, 7, 9, 6, 8, 9, 7, 9, 10, 10, 9, 9, 10, 8, 9, 10, 9, 9, 4, 9, 10, 11, 13, 7, 6, 9, 10, 9, 10, 12, 11, 12, 12, 12, 11, 18, 12, 12]
Trade Returns: [0.004720077565921411, 0.0007478700688421788, -0.0018464973099814519, 0.0040244081775513965, 0.001952383055137436, -0.0022728267671318224, -0.0021009466132430855, -0.0024409376819046376, 0.003929042277380983, -0.0021644727427327357, -0.0025943636116089815, -0.0021691678474128734, 0.004281091192001543, -0.0022855109290719176, -0.001458026390166427, 0.009581268629513397, -0.0030761909474726016, -0.0025348204161144794, -0.0024154334486324535, -0.002409613188339073, -0.0020906119836943344, 0.0031893152245472713, -0.0027980985036567493, 0.011568835909474398, 0.0008173398331544326, 0.0007676406139644317, -0.0022717344182131864, 0.006071473640576428, -0.0026609378033042095, -0.002320444108762658, 0.003616240359187506, -0.0022082331942729883, 0.00018277286299779594, 0.0048657987282490585, 0.002316208662312384, -0.00020174952186614815, -0.0024432230301748366, 0.0005675080989962465, -0.002148217793952113, -3.779615410948439e-05, -0.002331095104382858, -0.0027013526587310217, 0.00484354951912506, -0.0021642177531247253, -0.002053024731620253, -0.002495094744789056, 0.0008190342859966936, -0.002166114629627636, 8.075351101121878e-05, -0.0012651674789820907, -0.0010164331827424255, -0.0019943949480361513, -0.001527470889740543, 0.0022459067580494732, -0.0021733774626711225, -0.0021274282029192567, 0.0003295099019089661, -0.0026184431673141363, -0.0023381500047438435, -0.0023323375040239557, 0.005495320697047445, -0.0023995616558178117, 0.003994391839781134, 0.0034958442067790706, -0.003129128236997664, 0.009323697602439429]
Daily Returns: [0.004720077565921411, 0, 0, 0, 0, 0, 0.0007478700688421788, -0.0018464973099814519, 0, 0.0040244081775513965, 0, 0.001952383055137436, 0, 0, -0.0022728267671318224, 0, 0, 0, -0.0021009466132430855, 0, 0, 0, 0, 0, 0, 0, 0, 0, 0, 0, 0, 0, 0, 0, 0, -0.0024409376819046376, 0, 0, 0, 0, 0, 0.003929042277380983, -0.0021644727427327357, 0, 0, 0, 0, 0, -0.0025943636116089815, 0, 0, 0, 0, -0.0021691678474128734, 0, 0, 0, 0.004281091192001543, 0, 0, -0.0022855109290719176, 0, 0, 0, 0, 0, 0, -0.001458026390166427, 0, 0, 0, 0, 0, 0.006505077682040795, 0, 0, 0, 0, 0, 0, 0, 0, 0, 0, 0, 0, -0.007359867053086006, 0, 0, 0, 0, 0, 0, 0, 0, 0, 0, 0, 0, -0.0020906119836943344, 0, 0, 0, 0, 0, 0, 0, 0, 0, 0, 0, 0, 0, 0.0031893152245472713, 0, 0.00877073740581765, 0, 0, 0, 0, 0.0008173398331544326, 0.0007676406139644317, 0, 0, 0, 0, 0, 0, 0, 0, 0, 0, 0, -0.0022717344182131864, 0, 0, 0, 0, 0, 0.0034105358372722183, 0, 0, 0, 0, -0.002320444108762658, 0, 0, 0, 0, 0, 0, 0.003616240359187506, 0, 0, 0, -0.0022082331942729883, 0, 0, 0, 0.00018277286299779594, 0, 0, 0, 0.0048657987282490585, 0, 0.002316208662312384, 0, 0, 0, 0, 0, 0, 0, -0.0026449725520409847, -0.0016185058490653507, 0, 0, 0, 0, 0, 0, 0, 0, -0.002331095104382858, 0, -0.0027013526587310217, 0, 0, 0, 0, 0, 0, 0, 0, 0, 0, 0, 0.0026793317660003344, 0, 0, 0, 0, 0, 0, 0, 0, 0, 0, 0, -0.002053024731620253, 0, 0, 0, 0, 0, 0, -0.002495094744789056, 0, 0, 0, 0, 0.0008190342859966936, 0, 0, 0, 0, 0, 0, -0.002166114629627636, 0, 8.075351101121878e-05, -0.0012651674789820907, 0, 0, -0.0010164331827424255, 0, 0, -0.0019943949480361513, 0, -0.001527470889740543, 0, 0, 0, 0.0022459067580494732, 0, 0, -0.0021733774626711225, 0, 0, -0.0021274282029192567, 0, 0, 0, 0, 0.0003295099019089661, -0.0026184431673141363, 0, 0, 0, 0, 0, 0, 0, 0, 0, -0.0023381500047438435, 0, 0, 0, 0, -0.0023323375040239557, 0, 0, 0.003095759041229633, 0, 0, 0, 0, 0, 0, 0, 0, 0, 0.003994391839781134, 0, 0, 0, 0, 0, 0, 0, 0, 0, 0, 0.0034958442067790706, -0.003129128236997664, 0.009323697602439429, 0, 0, 0, 0, 0, 0]
Start Date: 2024-11-19
End Date: 2025-11-06
Sharpe Ratio: 0.019
Annualized Sharpe: 0.299
Sharpe 95% CI: (np.float64(-1.605), np.float64(1.929))
Sortino Ratio: 0.026
CAGR: 0.006
Calmar Ratio: 0.24
Daily Win Rate (%): 0.394
Max Drawdown: 0.027
Profit Factor: 1.094
Expectancy: 0.000122
Average Win: 0.003609
Average Loss: 0.002145
Total Trades: 66
Total Days: 303



Rolling 8 - Variant 3 - atr_0.25_10 - Fit Metrics
Contracts: [9, 9, 14, 13, 9, 10, 9, 10, 11, 8, 8, 8, 9, 5, 7, 9, 10, 10, 9, 7, 8, 7, 8, 8, 6, 6, 6, 6, 6, 6, 8, 10, 10, 10, 7, 7, 7, 7, 10, 5, 5, 6, 6, 6, 6, 6, 7, 8, 8, 6, 6, 7, 7, 6, 5, 7, 6, 7, 6, 8, 6, 9, 5, 6, 6, 8, 9, 9, 9, 5, 11, 6, 5, 7, 7, 10, 6, 11, 10, 12, 10, 9, 9, 9, 12, 7, 15, 10, 9, 10, 8, 9, 9, 11, 10, 10, 9, 8, 8, 8, 10, 12, 10, 12, 13, 9, 10, 13, 8, 10, 11, 9, 13, 10, 9, 10, 14, 8, 11, 7, 11, 10, 11, 13, 12, 10, 10, 10, 10, 14, 11, 11, 6, 11, 8, 13, 10, 10, 16, 15, 16, 13, 18, 16, 10, 13, 13, 13, 13, 12, 13, 13, 12, 13, 11, 10, 13, 11, 21, 18, 15, 11, 8, 15, 15, 15, 20, 20, 11, 11, 18, 15, 16, 10, 9, 10, 16, 16, 15, 7, 8, 7, 6, 6, 9, 9, 10, 7, 11, 7, 8, 8, 10, 9, 5, 11, 11, 10, 10, 12, 8, 12, 12, 13, 4, 4, 5, 8, 8, 7, 9, 6, 8, 9, 7, 9, 10, 10, 9, 9, 10, 8, 9, 10, 9, 9, 4, 9, 10, 11, 13, 7, 6, 9, 10, 9, 10, 12, 11, 12, 12, 12, 11, 18, 12, 12]
Trade Returns: [-0.0023168250000000002, 0.0007505388672109267, 0.014487516788512244, -0.0025017603595391055, -0.002174113873743027, -0.002351063636912138, 0.001186504549974602, -0.0005392311918729406, -0.002403680335727823, -0.0020986075956482397, 0.0011111254422876092, -0.002103021011516817, -0.0021460923325985295, 0.00301343912751589, 0.00036300185111982344, 0.004200969613144644, -0.002249059736662376, -0.000712169423279661, -0.0023650793172252734, -0.0016690431886309757, -0.002210865969953026, -0.0019387941376906627, -0.0022703104308374753, 0.0036413263346871173, -0.002302492447698335, -0.002496389385449491, -0.002729503165993781, 0.0014146667639300628, -0.00021535316632010848, 0.00035263724337039246, 0.008344017493605744, 0.005650899360981397, 0.0013260169452420552, -0.0025592933616299667, 0.00018803516262531116, 0.003109147169970049, -0.002181375150776887, -0.000814032401247406, -0.002191067203691032, 0.0020433296000770904, 0.0028965904616530982, 0.0038221753514469476, -0.00017446762563653066, 0.003919953228958627, 0.002829415799840747, -0.001992291218952235, -0.0003797476451435913, -3.3996570348908826e-05, -0.002502827357898408, -0.002026817930193264, -0.0019380924037953455, 0.0023577021009682435, 0.00841530817626906, 0.003545394649705201, -0.0004606464366268346, 0.012059116065244376, 0.011539532583864845, -0.0025921301146764183, -0.0016869824743832868, 0.0003000815332212379, -0.0027931300942535, -0.0023380714732422394, -0.0009552864444854572, -0.001853545566738902, -0.0017481542041207655, -0.001995768464983041, 0.001601050548621801, -0.0021915996074059647, -0.0027429478696834146, -0.0016802840268232615, -0.0019055603459106197, 0.003759863348028089, -0.0018992269385726113, 0.0017964523840708103, -0.0022092859556566385, -0.0018786629210852202, -0.0023057790646385523, 0.006594807810564904, -0.00283060984799559, -0.002724477571584083, 0.0013046926523178346, -0.0021563207713559953, -0.0025469880860424787, -0.002885200268865685, -0.0014996639812921854, -0.002803695964698, -0.0018864481554529372, -0.001709015300655822, 0.005707271302794842, -0.002380532406434254, 0.0006336295681850471, 0.002575913438533898, -0.002475914832331326, 0.004061914341321542, -0.0020731112835820145, 0.0030444863350422547, 0.003926334106814673, -0.002031034070414078, -0.0030792204711713278, -0.0025273918449203944, -0.002482194877917862, -0.00254023424524252, 0.0005780513313554281, -0.0016374613701312707, -0.0033265279101210962, -0.0013912863939617615, 0.015076217173786283, -0.0023767074385004504, -0.00229817490749951, -0.002056868447087488, -3.843303167128832e-05, -0.002321874606184142, -0.0027587188050145106, 0.0006418492588384354, 0.012179808273534149, -0.0025297471019239287, 0.007272291564152264, 0.0016049639438616575, -0.002212511442844081, -0.00223695195510439, 0.0034628515257621, -0.002709128680413342, 0.0042337990013184505, -0.002410089483393949, 0.0009386431437661473, -0.0021550419014421934, -0.001917564823812721, -0.0012728065423633186, -0.002344781145710363, -0.0024051998471395684, -0.00280541164791104, -0.0027975633311560465, -0.0005261243300824856, -0.0019070966588179174, -0.0021506213785947126, 0.003833098278484077, 0.00020626867955331928, 0.006706035768429531, -0.002244098599613694, -0.0026966442361237943, -0.002204786298341437, -0.001792918876705033, -0.002711133784013307, -0.0021167397243078375, -0.0005436227062193653, -0.002456923453828703, -0.0006288991729848872, 0.0028904348051227227, 0.0014549649108000493, 0.00043292634562185127, -0.002051925822659677, -0.0022747426107787893, 0.01025278198951893, -0.002342836785934037, 0.00545215589579042, -0.0021950960727477797, -0.0026261505459484083, 0.009734725013069575, -0.002689741950487702, -0.0025262503440128294, -0.0024037741392783484, -0.0022038090540384215, -0.0007314830103383812, 0.0012439529545567188, 0.003295664976067956, -0.002994234415029092, 0.0005364282289634726, -0.0027587867008278073, -0.002550147260549805, 0.001877694226090331, 0.016766066800712985, -0.002594170117727292, -0.0028727335627707945, -0.0007827329312770162, -0.0021666601808891534, 0.002684466765801407, 0.0021041776248968457, -0.0016441809389204098, -0.0013589200444311502, -0.002256312494277628]
Daily Returns: [-0.0023168250000000002, 0, 0, 0, 0.0007505388672109267, 0, 0, 0, 0, 0, 0.011985756428973138, 0, -0.002174113873743027, 0, -0.001164559086937536, 0, 0, 0, -0.0005392311918729406, 0, -0.002403680335727823, 0, 0, 0, 0, 0, 0, 0, 0, 0, 0, 0, 0, 0, 0, 0, 0, 0, 0, 0, 0, -0.0020986075956482397, 0.0011111254422876092, 0, 0, 0, 0, 0, 0, 0, 0, 0, 0, -0.002103021011516817, 0, 0, -0.0021460923325985295, 0, 0, 0, 0, 0, 0, 0, 0, 0, 0, 0, 0, 0, 0, 0, 0.00301343912751589, 0, 0, 0, 0, 0, 0, 0, 0, 0.00036300185111982344, 0, 0, 0.0012397404532026072, 0, 0, -0.0023650793172252734, 0, 0, 0, 0, -0.0016690431886309757, 0, 0, 0, 0, 0, 0, 0, 0, -0.002210865969953026, 0, 0, 0, 0, 0, -0.0019387941376906627, 0.001371015903849642, 0, 0, 0, 0, 0, 0, 0, 0, 0, 0, -0.002302492447698335, -0.005225892551443272, 0, 0.0014146667639300628, 0.00013728407705028398, 0, 0, 0, 0, 0, 0, 0, 0, 0, 0, 0, 0, 0, 0, 0, 0, 0, 0, 0.008344017493605744, 0, 0, 0, 0, 0.005650899360981397, 0.0013260169452420552, -0.0025592933616299667, 0, 0, 0, 0, 0, 0, 0, 0, 0, 0, 0, 0.00018803516262531116, 0.00011373961794575616, 0, 0, 0, 0, 0, 0, 0, 0, 0, 0, 0, 0, 0, 0, 0, 0, 0, 0, 0, 0, 0, 0, 0, -0.002191067203691032, 0, 0.0020433296000770904, 0, 0, 0.006544298187463515, 0.003919953228958627, 0, 0, 0, 0.002829415799840747, 0, -0.0023720388640958265, 0, 0, -3.3996570348908826e-05, 0, 0, 0, 0, 0, 0, 0, 0, -0.002502827357898408, 0, 0, 0, 0, 0, -0.002026817930193264, 0, -0.0019380924037953455, 0.0023577021009682435, 0, 0, 0.00841530817626906, 0, 0, 0, 0, 0.003545394649705201, 0, 0, 0, 0, 0, 0, 0, 0, 0, 0, 0, 0, 0, 0, 0, 0, 0, 0, 0, 0, 0, 0, 0, -0.0004606464366268346, 0, 0, 0, 0, 0, 0.012059116065244376, 0, 0, 0, 0, 0, 0, 0.008947402469188428, 0, 0, 0, -0.0016869824743832868, 0, 0.0003000815332212379, 0, 0, 0, 0, -0.0027931300942535, 0, 0, 0, 0, 0, 0, 0, 0, 0, 0, 0, 0, 0, 0, 0, 0, -0.0023380714732422394, 0, 0, 0, 0, 0, -0.0009552864444854572, 0, 0, 0, 0, 0, -0.001853545566738902, -0.0017481542041207655, 0, 0, 0, 0, 0, 0, 0, 0, 0, 0, 0, 0, -0.001995768464983041, 0, 0, 0.001601050548621801, 0, -0.0021915996074059647, 0, 0, 0, -0.0027429478696834146, 0, 0, 0, 0, -0.0016802840268232615, 0, 0, 0, 0, 0, 0, 0, -0.0019055603459106197, 0, 0.003759863348028089, 0, -0.0018992269385726113, 0, 0, 0, 0.0017964523840708103, 0, 0, 0, 0, 0, -0.0022092859556566385, 0, -0.0018786629210852202, 0, 0, 0, 0, 0, 0, -0.0023057790646385523, 0, 0.006594807810564904, -0.00283060984799559, 0, 0, 0, 0, 0, 0, 0, 0, 0, -0.002724477571584083, 0.0013046926523178346, 0, 0, -0.0021563207713559953, -0.0025469880860424787, 0, 0, -0.002885200268865685, 0, 0, 0, 0, 0, 0, 0, 0, 0, 0, 0, 0, -0.0014996639812921854, 0, 0, 0, 0, 0, 0, -0.004690144120150937, 0, 0, 0, -0.001709015300655822, 0, 0.005707271302794842, 0, -0.002380532406434254, 0, 0, 0, 0.0006336295681850471, 0, 0, 0, 0.002575913438533898, 0, -0.002475914832331326, 0, 0, 0, 0.004061914341321542, 0, 0, 0, -0.0020731112835820145, 0.0030444863350422547, 0, 0, 0.0018953000364005947, 0, 0, 0, 0, 0, 0, 0, 0, -0.0030792204711713278, 0, 0, 0, 0, 0, 0, 0, 0, 0, 0, -0.0025273918449203944, 0, -0.002482194877917862, 0, 0, 0, 0, -0.00254023424524252, 0, 0, 0, 0, 0, 0, 0, 0, 0, 0, 0, 0, 0, 0, 0, 0, 0.0005780513313554281, 0, 0, 0, 0, -0.0016374613701312707, 0, 0, -0.004717814304082858, 0, 0, 0, 0, 0, 0, 0, 0, 0, 0, 0.015076217173786283, 0, 0, 0, 0, 0, -0.0023767074385004504, 0, 0, 0, 0, 0, 0, 0, 0, -0.00229817490749951, 0, 0, -0.0020953014787587765, 0, 0, -0.002321874606184142, 0, 0, 0, 0, 0, 0, -0.0027587188050145106, 0, 0, 0, 0, 0, 0.0006418492588384354, 0, 0, 0.00965006117161022, 0, 0, 0, 0, 0, 0, 0, 0, 0.007272291564152264, 0, 0, 0, 0, 0, 0, 0, 0, 0, 0, 0, 0, 0, 0, 0, 0, 0, 0, 0, 0, 0.0016049639438616575, 0, 0, 0, 0, 0, 0, 0, 0, 0, -0.002212511442844081, 0.0012258995706577098, 0, 0, -0.002709128680413342, 0, 0.0042337990013184505, -0.002410089483393949, 0, 0, 0, 0.0009386431437661473, 0, -0.0021550419014421934, -0.001917564823812721, 0, 0, 0, 0, -0.0012728065423633186, 0, 0, 0, -0.004749980992849932, 0, 0, 0, 0, 0, 0, 0, 0, 0, 0, 0, 0, 0, -0.00280541164791104, -0.0027975633311560465, 0, 0, 0, 0, 0, 0, 0, 0, -0.0005261243300824856, 0, -0.0019070966588179174, 0, 0, 0, 0, 0, 0, 0, 0, 0, 0, 0, 0, 0, 0, 0, 0, 0, 0, 0, 0, 0, 0, 0, 0, 0, 0, 0, 0, 0, 0, 0, 0, 0, 0, 0, 0, 0, 0, 0, 0, 0, 0, -0.0021506213785947126, 0, 0, 0, 0, 0.004039366958037396, 0.006706035768429531, 0, 0, -0.002244098599613694, 0, 0, 0, 0, 0, 0, 0, 0, 0, 0, 0, 0, -0.0026966442361237943, 0, 0, 0, 0, 0, -0.002204786298341437, 0, 0, 0, 0, 0, -0.001792918876705033, -0.002711133784013307, 0, 0, 0, 0, -0.0021167397243078375, -0.0005436227062193653, 0, 0, 0, 0, 0, 0, 0, 0, 0, 0, 0, 0, -0.002456923453828703, 0, 0, 0, 0, 0, 0, 0, 0, 0, 0, -0.0006288991729848872, 0.004345399715922772, 0, 0.00043292634562185127, -0.004326668433438466, 0, 0, 0, 0, 0, 0, 0.007909945203584892, 0.00545215589579042, 0, 0, 0, 0, 0, -0.0021950960727477797, 0, 0, 0, 0, -0.0026261505459484083, 0, 0, 0, 0, 0, 0.009734725013069575, 0, 0, 0, 0, 0, -0.002689741950487702, 0, -0.0025262503440128294, 0, 0, 0, 0, 0, -0.0024037741392783484, 0, -0.0022038090540384215, 0, 0, -0.0007314830103383812, 0, 0, 0, 0, 0, 0, 0, 0, 0.0012439529545567188, 0.003295664976067956, 0, 0, 0, -0.002994234415029092, 0, 0, 0, 0, 0, 0, 0, 0, 0, 0, 0, 0, 0, 0, 0, 0, 0, 0, 0, 0, 0.0005364282289634726, 0, 0, 0, -0.0027587867008278073, 0, 0, 0, -0.002550147260549805, 0, 0, 0, 0, 0, 0.001877694226090331, 0, 0, 0.016766066800712985, 0, 0, 0, 0, 0, 0, 0, 0, 0, 0, 0, 0, 0, 0, 0, 0, 0, 0, 0, -0.002594170117727292, 0, 0, 0, 0, 0, 0, -0.0028727335627707945, 0, 0, 0, 0, 0, 0, 0, 0, 0, -0.0007827329312770162, 0, 0.0005178065849122536, 0, 0, 0, 0, 0, 0, 0, 0, 0, 0, 0, 0, 0, 0, 0, 0, 0, 0, 0, 0, 0, 0, 0, 0, 0, 0.00045999668597643587, -0.0013589200444311502, 0, 0, 0, 0, 0, 0, -0.002256312494277628, 0, 0, 0, 0, 0, 0, 0, 0, 0, 0]
Start Date: 2021-12-17
End Date: 2024-11-18
Sharpe Ratio: 0.007
Annualized Sharpe: 0.119
Sharpe 95% CI: (np.float64(-1.032), np.float64(1.024))
Sortino Ratio: 0.014
CAGR: 0.003
Calmar Ratio: 0.058
Daily Win Rate (%): 0.344
Max Drawdown: 0.046
Profit Factor: 1.045
Expectancy: 6e-05
Average Win: 0.004086
Average Loss: 0.002055
Total Trades: 180
Total Days: 915

Rolling 8 - Variant 3 - atr_0.25_10 - Test Metrics
Contracts: [9, 9, 14, 13, 9, 10, 9, 10, 11, 8, 8, 8, 9, 5, 7, 9, 10, 10, 9, 7, 8, 7, 8, 8, 6, 6, 6, 6, 6, 6, 8, 10, 10, 10, 7, 7, 7, 7, 10, 5, 5, 6, 6, 6, 6, 6, 7, 8, 8, 6, 6, 7, 7, 6, 5, 7, 6, 7, 6, 8, 6, 9, 5, 6, 6, 8, 9, 9, 9, 5, 11, 6, 5, 7, 7, 10, 6, 11, 10, 12, 10, 9, 9, 9, 12, 7, 15, 10, 9, 10, 8, 9, 9, 11, 10, 10, 9, 8, 8, 8, 10, 12, 10, 12, 13, 9, 10, 13, 8, 10, 11, 9, 13, 10, 9, 10, 14, 8, 11, 7, 11, 10, 11, 13, 12, 10, 10, 10, 10, 14, 11, 11, 6, 11, 8, 13, 10, 10, 16, 15, 16, 13, 18, 16, 10, 13, 13, 13, 13, 12, 13, 13, 12, 13, 11, 10, 13, 11, 21, 18, 15, 11, 8, 15, 15, 15, 20, 20, 11, 11, 18, 15, 16, 10, 9, 10, 16, 16, 15, 7, 8, 7, 6, 6, 9, 9, 10, 7, 11, 7, 8, 8, 10, 9, 5, 11, 11, 10, 10, 12, 8, 12, 12, 13, 4, 4, 5, 8, 8, 7, 9, 6, 8, 9, 7, 9, 10, 10, 9, 9, 10, 8, 9, 10, 9, 9, 4, 9, 10, 11, 13, 7, 6, 9, 10, 9, 10, 12, 11, 12, 12, 12, 11, 18, 12, 12]
Trade Returns: [0.004720077565921411, 0.0007478700688421788, -0.0018464973099814519, 0.0040244081775513965, 0.001952383055137436, -0.0022728267671318224, -0.0021009466132430855, -0.0024409376819046376, 0.003929042277380983, -0.0021644727427327357, -0.0025943636116089815, -0.0021691678474128734, 0.004281091192001543, -0.0022855109290719176, -0.001458026390166427, 0.009581268629513397, -0.0030761909474726016, -0.0025348204161144794, -0.0024154334486324535, -0.002409613188339073, -0.0020906119836943344, 0.0031893152245472713, -0.0027980985036567493, 0.011568835909474398, 0.0008173398331544326, 0.0007676406139644317, -0.0022717344182131864, 0.006071473640576428, -0.0026609378033042095, -0.002320444108762658, 0.003616240359187506, -0.0022082331942729883, 0.00018277286299779594, 0.0048657987282490585, 0.002316208662312384, -0.00020174952186614815, -0.0024432230301748366, 0.0005675080989962465, -0.002148217793952113, -3.779615410948439e-05, -0.002331095104382858, -0.0027013526587310217, 0.00484354951912506, -0.0021642177531247253, -0.002053024731620253, -0.002495094744789056, 0.0008190342859966936, -0.002166114629627636, 8.075351101121878e-05, -0.0012651674789820907, -0.0010164331827424255, -0.0019943949480361513, -0.001527470889740543, 0.0022459067580494732, -0.0021733774626711225, -0.0021274282029192567, 0.0003295099019089661, -0.0026184431673141363, -0.0023381500047438435, -0.0023323375040239557, 0.005495320697047445, -0.0023995616558178117, 0.003994391839781134, 0.0034958442067790706, -0.003129128236997664, 0.009323697602439429]
Daily Returns: [0.004720077565921411, 0, 0, 0, 0, 0, 0.0007478700688421788, -0.0018464973099814519, 0, 0.0040244081775513965, 0, 0.001952383055137436, 0, 0, -0.0022728267671318224, 0, 0, 0, -0.0021009466132430855, 0, 0, 0, 0, 0, 0, 0, 0, 0, 0, 0, 0, 0, 0, 0, 0, -0.0024409376819046376, 0, 0, 0, 0, 0, 0.003929042277380983, -0.0021644727427327357, 0, 0, 0, 0, 0, -0.0025943636116089815, 0, 0, 0, 0, -0.0021691678474128734, 0, 0, 0, 0.004281091192001543, 0, 0, -0.0022855109290719176, 0, 0, 0, 0, 0, 0, -0.001458026390166427, 0, 0, 0, 0, 0, 0.006505077682040795, 0, 0, 0, 0, 0, 0, 0, 0, 0, 0, 0, 0, -0.007359867053086006, 0, 0, 0, 0, 0, 0, 0, 0, 0, 0, 0, 0, -0.0020906119836943344, 0, 0, 0, 0, 0, 0, 0, 0, 0, 0, 0, 0, 0, 0.0031893152245472713, 0, 0.00877073740581765, 0, 0, 0, 0, 0.0008173398331544326, 0.0007676406139644317, 0, 0, 0, 0, 0, 0, 0, 0, 0, 0, 0, -0.0022717344182131864, 0, 0, 0, 0, 0, 0.0034105358372722183, 0, 0, 0, 0, -0.002320444108762658, 0, 0, 0, 0, 0, 0, 0.003616240359187506, 0, 0, 0, -0.0022082331942729883, 0, 0, 0, 0.00018277286299779594, 0, 0, 0, 0.0048657987282490585, 0, 0.002316208662312384, 0, 0, 0, 0, 0, 0, 0, -0.0026449725520409847, -0.0016185058490653507, 0, 0, 0, 0, 0, 0, 0, 0, -0.002331095104382858, 0, -0.0027013526587310217, 0, 0, 0, 0, 0, 0, 0, 0, 0, 0, 0, 0.0026793317660003344, 0, 0, 0, 0, 0, 0, 0, 0, 0, 0, 0, -0.002053024731620253, 0, 0, 0, 0, 0, 0, -0.002495094744789056, 0, 0, 0, 0, 0.0008190342859966936, 0, 0, 0, 0, 0, 0, -0.002166114629627636, 0, 8.075351101121878e-05, -0.0012651674789820907, 0, 0, -0.0010164331827424255, 0, 0, -0.0019943949480361513, 0, -0.001527470889740543, 0, 0, 0, 0.0022459067580494732, 0, 0, -0.0021733774626711225, 0, 0, -0.0021274282029192567, 0, 0, 0, 0, 0.0003295099019089661, -0.0026184431673141363, 0, 0, 0, 0, 0, 0, 0, 0, 0, -0.0023381500047438435, 0, 0, 0, 0, -0.0023323375040239557, 0, 0, 0.003095759041229633, 0, 0, 0, 0, 0, 0, 0, 0, 0, 0.003994391839781134, 0, 0, 0, 0, 0, 0, 0, 0, 0, 0, 0.0034958442067790706, -0.003129128236997664, 0.009323697602439429, 0, 0, 0, 0, 0, 0]
Start Date: 2024-11-19
End Date: 2025-11-06
Sharpe Ratio: 0.019
Annualized Sharpe: 0.299
Sharpe 95% CI: (np.float64(-1.605), np.float64(1.929))
Sortino Ratio: 0.026
CAGR: 0.006
Calmar Ratio: 0.24
Daily Win Rate (%): 0.394
Max Drawdown: 0.027
Profit Factor: 1.094
Expectancy: 0.000122
Average Win: 0.003609
Average Loss: 0.002145
Total Trades: 66
Total Days: 303



Rolling 8 - Variant 4 - atr_0.25_11 - Fit Metrics
Contracts: [9, 9, 14, 13, 9, 10, 9, 10, 11, 8, 8, 8, 9, 5, 7, 9, 10, 10, 9, 7, 8, 7, 8, 8, 6, 6, 6, 6, 6, 6, 8, 10, 10, 10, 7, 7, 7, 7, 10, 5, 5, 6, 6, 6, 6, 6, 7, 8, 8, 6, 6, 7, 7, 6, 5, 7, 6, 7, 6, 8, 6, 9, 5, 6, 6, 8, 9, 9, 9, 5, 11, 6, 5, 7, 7, 10, 6, 11, 10, 12, 10, 9, 9, 9, 12, 7, 15, 10, 9, 10, 8, 9, 9, 11, 10, 10, 9, 8, 8, 8, 10, 12, 10, 12, 13, 9, 10, 13, 8, 10, 11, 9, 13, 10, 9, 10, 14, 8, 11, 7, 11, 10, 11, 13, 12, 10, 10, 10, 10, 14, 11, 11, 6, 11, 8, 13, 10, 10, 16, 15, 16, 13, 18, 16, 10, 13, 13, 13, 13, 12, 13, 13, 12, 13, 11, 10, 13, 11, 21, 18, 15, 11, 8, 15, 15, 15, 20, 20, 11, 11, 18, 15, 16, 10, 9, 10, 16, 16, 15, 7, 8, 7, 6, 6, 9, 9, 10, 7, 11, 7, 8, 8, 10, 9, 5, 11, 11, 10, 10, 12, 8, 12, 12, 13, 4, 4, 5, 8, 8, 7, 9, 6, 8, 9, 7, 9, 10, 10, 9, 9, 10, 8, 9, 10, 9, 9, 4, 9, 10, 11, 13, 7, 6, 9, 10, 9, 10, 12, 11, 12, 12, 12, 11, 18, 12, 12]
Trade Returns: [-0.0023168250000000002, 0.0007505388672109267, 0.014487516788512244, -0.0025017603595391055, -0.002174113873743027, -0.002351063636912138, 0.001186504549974602, -0.0005392311918729406, -0.002403680335727823, -0.0020986075956482397, 0.0011111254422876092, -0.002103021011516817, -0.0021460923325985295, 0.00301343912751589, 0.00036300185111982344, 0.004200969613144644, -0.002249059736662376, -0.000712169423279661, -0.0023650793172252734, -0.0016690431886309757, -0.002210865969953026, -0.0019387941376906627, -0.0022703104308374753, 0.0036413263346871173, -0.002302492447698335, -0.002496389385449491, -0.002729503165993781, 0.0014146667639300628, -0.00021535316632010848, 0.00035263724337039246, 0.008344017493605744, 0.005650899360981397, 0.0013260169452420552, -0.0025592933616299667, 0.00018803516262531116, 0.003109147169970049, -0.002181375150776887, -0.000814032401247406, -0.002191067203691032, 0.0020433296000770904, 0.0028965904616530982, 0.0038221753514469476, -0.00017446762563653066, 0.003919953228958627, 0.002829415799840747, -0.001992291218952235, -0.0003797476451435913, -3.3996570348908826e-05, -0.002502827357898408, -0.002026817930193264, -0.0019380924037953455, 0.0023577021009682435, 0.00841530817626906, 0.003545394649705201, -0.0004606464366268346, 0.012059116065244376, 0.011539532583864845, -0.0025921301146764183, -0.0016869824743832868, 0.0003000815332212379, -0.0027931300942535, -0.0023380714732422394, -0.0009552864444854572, -0.001853545566738902, -0.0017481542041207655, -0.001995768464983041, 0.001601050548621801, -0.0021915996074059647, -0.0027429478696834146, -0.0016802840268232615, -0.0019055603459106197, 0.003759863348028089, -0.0018992269385726113, 0.0017964523840708103, -0.0022092859556566385, -0.0018786629210852202, -0.0023057790646385523, 0.006594807810564904, -0.00283060984799559, -0.002724477571584083, 0.0013046926523178346, -0.0021563207713559953, -0.0025469880860424787, -0.002885200268865685, -0.0014996639812921854, -0.002803695964698, -0.0018864481554529372, -0.001709015300655822, 0.005707271302794842, -0.002380532406434254, 0.0006336295681850471, 0.002575913438533898, -0.002475914832331326, 0.004061914341321542, -0.0020731112835820145, 0.0030444863350422547, 0.003926334106814673, -0.002031034070414078, -0.0030792204711713278, -0.0025273918449203944, -0.002482194877917862, -0.00254023424524252, 0.0005780513313554281, -0.0016374613701312707, -0.0033265279101210962, -0.0013912863939617615, 0.015076217173786283, -0.0023767074385004504, -0.00229817490749951, -0.002056868447087488, -3.843303167128832e-05, -0.002321874606184142, -0.0027587188050145106, 0.0006418492588384354, 0.012179808273534149, -0.0025297471019239287, 0.007272291564152264, 0.0016049639438616575, -0.002212511442844081, -0.00223695195510439, 0.0034628515257621, -0.002709128680413342, 0.0042337990013184505, -0.002410089483393949, 0.0009386431437661473, -0.0021550419014421934, -0.001917564823812721, -0.0012728065423633186, -0.002344781145710363, -0.0024051998471395684, -0.00280541164791104, -0.0027975633311560465, -0.0005261243300824856, -0.0019070966588179174, -0.0021506213785947126, 0.003833098278484077, 0.00020626867955331928, 0.006706035768429531, -0.002244098599613694, -0.0026966442361237943, -0.002204786298341437, -0.001792918876705033, -0.002711133784013307, -0.0021167397243078375, -0.0005436227062193653, -0.002456923453828703, -0.0006288991729848872, 0.0028904348051227227, 0.0014549649108000493, 0.00043292634562185127, -0.002051925822659677, -0.0022747426107787893, 0.01025278198951893, -0.002342836785934037, 0.00545215589579042, -0.0021950960727477797, -0.0026261505459484083, 0.009734725013069575, -0.002689741950487702, -0.0025262503440128294, -0.0024037741392783484, -0.0022038090540384215, -0.0007314830103383812, 0.0012439529545567188, 0.003295664976067956, -0.002994234415029092, 0.0005364282289634726, -0.0027587867008278073, -0.002550147260549805, 0.001877694226090331, 0.016766066800712985, -0.002594170117727292, -0.0028727335627707945, -0.0007827329312770162, -0.0021666601808891534, 0.002684466765801407, 0.0021041776248968457, -0.0016441809389204098, -0.0013589200444311502, -0.002256312494277628]
Daily Returns: [-0.0023168250000000002, 0, 0, 0, 0.0007505388672109267, 0, 0, 0, 0, 0, 0.011985756428973138, 0, -0.002174113873743027, 0, -0.001164559086937536, 0, 0, 0, -0.0005392311918729406, 0, -0.002403680335727823, 0, 0, 0, 0, 0, 0, 0, 0, 0, 0, 0, 0, 0, 0, 0, 0, 0, 0, 0, 0, -0.0020986075956482397, 0.0011111254422876092, 0, 0, 0, 0, 0, 0, 0, 0, 0, 0, -0.002103021011516817, 0, 0, -0.0021460923325985295, 0, 0, 0, 0, 0, 0, 0, 0, 0, 0, 0, 0, 0, 0, 0, 0.00301343912751589, 0, 0, 0, 0, 0, 0, 0, 0, 0.00036300185111982344, 0, 0, 0.0012397404532026072, 0, 0, -0.0023650793172252734, 0, 0, 0, 0, -0.0016690431886309757, 0, 0, 0, 0, 0, 0, 0, 0, -0.002210865969953026, 0, 0, 0, 0, 0, -0.0019387941376906627, 0.001371015903849642, 0, 0, 0, 0, 0, 0, 0, 0, 0, 0, -0.002302492447698335, -0.005225892551443272, 0, 0.0014146667639300628, 0.00013728407705028398, 0, 0, 0, 0, 0, 0, 0, 0, 0, 0, 0, 0, 0, 0, 0, 0, 0, 0, 0.008344017493605744, 0, 0, 0, 0, 0.005650899360981397, 0.0013260169452420552, -0.0025592933616299667, 0, 0, 0, 0, 0, 0, 0, 0, 0, 0, 0, 0.00018803516262531116, 0.00011373961794575616, 0, 0, 0, 0, 0, 0, 0, 0, 0, 0, 0, 0, 0, 0, 0, 0, 0, 0, 0, 0, 0, 0, 0, -0.002191067203691032, 0, 0.0020433296000770904, 0, 0, 0.006544298187463515, 0.003919953228958627, 0, 0, 0, 0.002829415799840747, 0, -0.0023720388640958265, 0, 0, -3.3996570348908826e-05, 0, 0, 0, 0, 0, 0, 0, 0, -0.002502827357898408, 0, 0, 0, 0, 0, -0.002026817930193264, 0, -0.0019380924037953455, 0.0023577021009682435, 0, 0, 0.00841530817626906, 0, 0, 0, 0, 0.003545394649705201, 0, 0, 0, 0, 0, 0, 0, 0, 0, 0, 0, 0, 0, 0, 0, 0, 0, 0, 0, 0, 0, 0, 0, -0.0004606464366268346, 0, 0, 0, 0, 0, 0.012059116065244376, 0, 0, 0, 0, 0, 0, 0.008947402469188428, 0, 0, 0, -0.0016869824743832868, 0, 0.0003000815332212379, 0, 0, 0, 0, -0.0027931300942535, 0, 0, 0, 0, 0, 0, 0, 0, 0, 0, 0, 0, 0, 0, 0, 0, -0.0023380714732422394, 0, 0, 0, 0, 0, -0.0009552864444854572, 0, 0, 0, 0, 0, -0.001853545566738902, -0.0017481542041207655, 0, 0, 0, 0, 0, 0, 0, 0, 0, 0, 0, 0, -0.001995768464983041, 0, 0, 0.001601050548621801, 0, -0.0021915996074059647, 0, 0, 0, -0.0027429478696834146, 0, 0, 0, 0, -0.0016802840268232615, 0, 0, 0, 0, 0, 0, 0, -0.0019055603459106197, 0, 0.003759863348028089, 0, -0.0018992269385726113, 0, 0, 0, 0.0017964523840708103, 0, 0, 0, 0, 0, -0.0022092859556566385, 0, -0.0018786629210852202, 0, 0, 0, 0, 0, 0, -0.0023057790646385523, 0, 0.006594807810564904, -0.00283060984799559, 0, 0, 0, 0, 0, 0, 0, 0, 0, -0.002724477571584083, 0.0013046926523178346, 0, 0, -0.0021563207713559953, -0.0025469880860424787, 0, 0, -0.002885200268865685, 0, 0, 0, 0, 0, 0, 0, 0, 0, 0, 0, 0, -0.0014996639812921854, 0, 0, 0, 0, 0, 0, -0.004690144120150937, 0, 0, 0, -0.001709015300655822, 0, 0.005707271302794842, 0, -0.002380532406434254, 0, 0, 0, 0.0006336295681850471, 0, 0, 0, 0.002575913438533898, 0, -0.002475914832331326, 0, 0, 0, 0.004061914341321542, 0, 0, 0, -0.0020731112835820145, 0.0030444863350422547, 0, 0, 0.0018953000364005947, 0, 0, 0, 0, 0, 0, 0, 0, -0.0030792204711713278, 0, 0, 0, 0, 0, 0, 0, 0, 0, 0, -0.0025273918449203944, 0, -0.002482194877917862, 0, 0, 0, 0, -0.00254023424524252, 0, 0, 0, 0, 0, 0, 0, 0, 0, 0, 0, 0, 0, 0, 0, 0, 0.0005780513313554281, 0, 0, 0, 0, -0.0016374613701312707, 0, 0, -0.004717814304082858, 0, 0, 0, 0, 0, 0, 0, 0, 0, 0, 0.015076217173786283, 0, 0, 0, 0, 0, -0.0023767074385004504, 0, 0, 0, 0, 0, 0, 0, 0, -0.00229817490749951, 0, 0, -0.0020953014787587765, 0, 0, -0.002321874606184142, 0, 0, 0, 0, 0, 0, -0.0027587188050145106, 0, 0, 0, 0, 0, 0.0006418492588384354, 0, 0, 0.00965006117161022, 0, 0, 0, 0, 0, 0, 0, 0, 0.007272291564152264, 0, 0, 0, 0, 0, 0, 0, 0, 0, 0, 0, 0, 0, 0, 0, 0, 0, 0, 0, 0, 0.0016049639438616575, 0, 0, 0, 0, 0, 0, 0, 0, 0, -0.002212511442844081, 0.0012258995706577098, 0, 0, -0.002709128680413342, 0, 0.0042337990013184505, -0.002410089483393949, 0, 0, 0, 0.0009386431437661473, 0, -0.0021550419014421934, -0.001917564823812721, 0, 0, 0, 0, -0.0012728065423633186, 0, 0, 0, -0.004749980992849932, 0, 0, 0, 0, 0, 0, 0, 0, 0, 0, 0, 0, 0, -0.00280541164791104, -0.0027975633311560465, 0, 0, 0, 0, 0, 0, 0, 0, -0.0005261243300824856, 0, -0.0019070966588179174, 0, 0, 0, 0, 0, 0, 0, 0, 0, 0, 0, 0, 0, 0, 0, 0, 0, 0, 0, 0, 0, 0, 0, 0, 0, 0, 0, 0, 0, 0, 0, 0, 0, 0, 0, 0, 0, 0, 0, 0, 0, 0, -0.0021506213785947126, 0, 0, 0, 0, 0.004039366958037396, 0.006706035768429531, 0, 0, -0.002244098599613694, 0, 0, 0, 0, 0, 0, 0, 0, 0, 0, 0, 0, -0.0026966442361237943, 0, 0, 0, 0, 0, -0.002204786298341437, 0, 0, 0, 0, 0, -0.001792918876705033, -0.002711133784013307, 0, 0, 0, 0, -0.0021167397243078375, -0.0005436227062193653, 0, 0, 0, 0, 0, 0, 0, 0, 0, 0, 0, 0, -0.002456923453828703, 0, 0, 0, 0, 0, 0, 0, 0, 0, 0, -0.0006288991729848872, 0.004345399715922772, 0, 0.00043292634562185127, -0.004326668433438466, 0, 0, 0, 0, 0, 0, 0.007909945203584892, 0.00545215589579042, 0, 0, 0, 0, 0, -0.0021950960727477797, 0, 0, 0, 0, -0.0026261505459484083, 0, 0, 0, 0, 0, 0.009734725013069575, 0, 0, 0, 0, 0, -0.002689741950487702, 0, -0.0025262503440128294, 0, 0, 0, 0, 0, -0.0024037741392783484, 0, -0.0022038090540384215, 0, 0, -0.0007314830103383812, 0, 0, 0, 0, 0, 0, 0, 0, 0.0012439529545567188, 0.003295664976067956, 0, 0, 0, -0.002994234415029092, 0, 0, 0, 0, 0, 0, 0, 0, 0, 0, 0, 0, 0, 0, 0, 0, 0, 0, 0, 0, 0.0005364282289634726, 0, 0, 0, -0.0027587867008278073, 0, 0, 0, -0.002550147260549805, 0, 0, 0, 0, 0, 0.001877694226090331, 0, 0, 0.016766066800712985, 0, 0, 0, 0, 0, 0, 0, 0, 0, 0, 0, 0, 0, 0, 0, 0, 0, 0, 0, -0.002594170117727292, 0, 0, 0, 0, 0, 0, -0.0028727335627707945, 0, 0, 0, 0, 0, 0, 0, 0, 0, -0.0007827329312770162, 0, 0.0005178065849122536, 0, 0, 0, 0, 0, 0, 0, 0, 0, 0, 0, 0, 0, 0, 0, 0, 0, 0, 0, 0, 0, 0, 0, 0, 0, 0.00045999668597643587, -0.0013589200444311502, 0, 0, 0, 0, 0, 0, -0.002256312494277628, 0, 0, 0, 0, 0, 0, 0, 0, 0, 0]
Start Date: 2021-12-17
End Date: 2024-11-18
Sharpe Ratio: 0.007
Annualized Sharpe: 0.119
Sharpe 95% CI: (np.float64(-1.032), np.float64(1.024))
Sortino Ratio: 0.014
CAGR: 0.003
Calmar Ratio: 0.058
Daily Win Rate (%): 0.344
Max Drawdown: 0.046
Profit Factor: 1.045
Expectancy: 6e-05
Average Win: 0.004086
Average Loss: 0.002055
Total Trades: 180
Total Days: 915

Rolling 8 - Variant 4 - atr_0.25_11 - Test Metrics
Contracts: [9, 9, 14, 13, 9, 10, 9, 10, 11, 8, 8, 8, 9, 5, 7, 9, 10, 10, 9, 7, 8, 7, 8, 8, 6, 6, 6, 6, 6, 6, 8, 10, 10, 10, 7, 7, 7, 7, 10, 5, 5, 6, 6, 6, 6, 6, 7, 8, 8, 6, 6, 7, 7, 6, 5, 7, 6, 7, 6, 8, 6, 9, 5, 6, 6, 8, 9, 9, 9, 5, 11, 6, 5, 7, 7, 10, 6, 11, 10, 12, 10, 9, 9, 9, 12, 7, 15, 10, 9, 10, 8, 9, 9, 11, 10, 10, 9, 8, 8, 8, 10, 12, 10, 12, 13, 9, 10, 13, 8, 10, 11, 9, 13, 10, 9, 10, 14, 8, 11, 7, 11, 10, 11, 13, 12, 10, 10, 10, 10, 14, 11, 11, 6, 11, 8, 13, 10, 10, 16, 15, 16, 13, 18, 16, 10, 13, 13, 13, 13, 12, 13, 13, 12, 13, 11, 10, 13, 11, 21, 18, 15, 11, 8, 15, 15, 15, 20, 20, 11, 11, 18, 15, 16, 10, 9, 10, 16, 16, 15, 7, 8, 7, 6, 6, 9, 9, 10, 7, 11, 7, 8, 8, 10, 9, 5, 11, 11, 10, 10, 12, 8, 12, 12, 13, 4, 4, 5, 8, 8, 7, 9, 6, 8, 9, 7, 9, 10, 10, 9, 9, 10, 8, 9, 10, 9, 9, 4, 9, 10, 11, 13, 7, 6, 9, 10, 9, 10, 12, 11, 12, 12, 12, 11, 18, 12, 12]
Trade Returns: [0.004720077565921411, 0.0007478700688421788, -0.0018464973099814519, 0.0040244081775513965, 0.001952383055137436, -0.0022728267671318224, -0.0021009466132430855, -0.0024409376819046376, 0.003929042277380983, -0.0021644727427327357, -0.0025943636116089815, -0.0021691678474128734, 0.004281091192001543, -0.0022855109290719176, -0.001458026390166427, 0.009581268629513397, -0.0030761909474726016, -0.0025348204161144794, -0.0024154334486324535, -0.002409613188339073, -0.0020906119836943344, 0.0031893152245472713, -0.0027980985036567493, 0.011568835909474398, 0.0008173398331544326, 0.0007676406139644317, -0.0022717344182131864, 0.006071473640576428, -0.0026609378033042095, -0.002320444108762658, 0.003616240359187506, -0.0022082331942729883, 0.00018277286299779594, 0.0048657987282490585, 0.002316208662312384, -0.00020174952186614815, -0.0024432230301748366, 0.0005675080989962465, -0.002148217793952113, -3.779615410948439e-05, -0.002331095104382858, -0.0027013526587310217, 0.00484354951912506, -0.0021642177531247253, -0.002053024731620253, -0.002495094744789056, 0.0008190342859966936, -0.002166114629627636, 8.075351101121878e-05, -0.0012651674789820907, -0.0010164331827424255, -0.0019943949480361513, -0.001527470889740543, 0.0022459067580494732, -0.0021733774626711225, -0.0021274282029192567, 0.0003295099019089661, -0.0026184431673141363, -0.0023381500047438435, -0.0023323375040239557, 0.005495320697047445, -0.0023995616558178117, 0.003994391839781134, 0.0034958442067790706, -0.003129128236997664, 0.009323697602439429]
Daily Returns: [0.004720077565921411, 0, 0, 0, 0, 0, 0.0007478700688421788, -0.0018464973099814519, 0, 0.0040244081775513965, 0, 0.001952383055137436, 0, 0, -0.0022728267671318224, 0, 0, 0, -0.0021009466132430855, 0, 0, 0, 0, 0, 0, 0, 0, 0, 0, 0, 0, 0, 0, 0, 0, -0.0024409376819046376, 0, 0, 0, 0, 0, 0.003929042277380983, -0.0021644727427327357, 0, 0, 0, 0, 0, -0.0025943636116089815, 0, 0, 0, 0, -0.0021691678474128734, 0, 0, 0, 0.004281091192001543, 0, 0, -0.0022855109290719176, 0, 0, 0, 0, 0, 0, -0.001458026390166427, 0, 0, 0, 0, 0, 0.006505077682040795, 0, 0, 0, 0, 0, 0, 0, 0, 0, 0, 0, 0, -0.007359867053086006, 0, 0, 0, 0, 0, 0, 0, 0, 0, 0, 0, 0, -0.0020906119836943344, 0, 0, 0, 0, 0, 0, 0, 0, 0, 0, 0, 0, 0, 0.0031893152245472713, 0, 0.00877073740581765, 0, 0, 0, 0, 0.0008173398331544326, 0.0007676406139644317, 0, 0, 0, 0, 0, 0, 0, 0, 0, 0, 0, -0.0022717344182131864, 0, 0, 0, 0, 0, 0.0034105358372722183, 0, 0, 0, 0, -0.002320444108762658, 0, 0, 0, 0, 0, 0, 0.003616240359187506, 0, 0, 0, -0.0022082331942729883, 0, 0, 0, 0.00018277286299779594, 0, 0, 0, 0.0048657987282490585, 0, 0.002316208662312384, 0, 0, 0, 0, 0, 0, 0, -0.0026449725520409847, -0.0016185058490653507, 0, 0, 0, 0, 0, 0, 0, 0, -0.002331095104382858, 0, -0.0027013526587310217, 0, 0, 0, 0, 0, 0, 0, 0, 0, 0, 0, 0.0026793317660003344, 0, 0, 0, 0, 0, 0, 0, 0, 0, 0, 0, -0.002053024731620253, 0, 0, 0, 0, 0, 0, -0.002495094744789056, 0, 0, 0, 0, 0.0008190342859966936, 0, 0, 0, 0, 0, 0, -0.002166114629627636, 0, 8.075351101121878e-05, -0.0012651674789820907, 0, 0, -0.0010164331827424255, 0, 0, -0.0019943949480361513, 0, -0.001527470889740543, 0, 0, 0, 0.0022459067580494732, 0, 0, -0.0021733774626711225, 0, 0, -0.0021274282029192567, 0, 0, 0, 0, 0.0003295099019089661, -0.0026184431673141363, 0, 0, 0, 0, 0, 0, 0, 0, 0, -0.0023381500047438435, 0, 0, 0, 0, -0.0023323375040239557, 0, 0, 0.003095759041229633, 0, 0, 0, 0, 0, 0, 0, 0, 0, 0.003994391839781134, 0, 0, 0, 0, 0, 0, 0, 0, 0, 0, 0.0034958442067790706, -0.003129128236997664, 0.009323697602439429, 0, 0, 0, 0, 0, 0]
Start Date: 2024-11-19
End Date: 2025-11-06
Sharpe Ratio: 0.019
Annualized Sharpe: 0.299
Sharpe 95% CI: (np.float64(-1.605), np.float64(1.929))
Sortino Ratio: 0.026
CAGR: 0.006
Calmar Ratio: 0.24
Daily Win Rate (%): 0.394
Max Drawdown: 0.027
Profit Factor: 1.094
Expectancy: 0.000122
Average Win: 0.003609
Average Loss: 0.002145
Total Trades: 66
Total Days: 303



Rolling 9 - Variant 0 - atr_0.25_7 - Fit Metrics
Contracts: [9, 9, 14, 13, 9, 10, 9, 10, 11, 8, 8, 8, 9, 5, 7, 9, 10, 10, 9, 7, 8, 7, 8, 8, 6, 6, 6, 6, 6, 6, 8, 10, 10, 10, 7, 7, 7, 7, 10, 5, 5, 6, 6, 6, 6, 6, 7, 8, 8, 6, 6, 7, 7, 6, 5, 7, 6, 7, 6, 8, 6, 9, 5, 6, 6, 8, 9, 9, 9, 5, 11, 6, 5, 7, 7, 10, 6, 11, 10, 12, 10, 9, 9, 9, 12, 7, 15, 10, 9, 10, 8, 9, 9, 11, 10, 10, 9, 8, 8, 8, 10, 12, 10, 12, 13, 9, 10, 13, 8, 10, 11, 9, 13, 10, 9, 10, 14, 8, 11, 7, 11, 10, 11, 13, 12, 10, 10, 10, 10, 14, 11, 11, 6, 11, 8, 13, 10, 10, 16, 15, 16, 13, 18, 16, 10, 13, 13, 13, 13, 12, 13, 13, 12, 13, 11, 10, 13, 11, 21, 18, 15, 11, 8, 15, 15, 15, 20, 20, 11, 11, 18, 15, 16, 10, 9, 10, 16, 16, 15, 7, 8, 7, 6, 6, 9, 9, 10, 7, 11, 7, 8, 8, 10, 9, 5, 11, 11, 10, 10, 12, 8, 12, 12, 13, 4, 4, 5, 8, 8, 7, 9, 6, 8, 10, 7, 9, 10, 10, 10, 9, 10, 8, 9, 10, 9, 9, 4, 9, 10, 11, 13, 7, 6, 9, 10, 9, 10, 12, 11, 12, 12, 12, 11, 18, 12, 12]
Trade Returns: [-0.0023168250000000002, 0.0007505388672109267, 0.014487516788512308, -0.0025017603595391055, -0.002174113873743027, -0.002351063636912138, 0.001186504549974602, -0.0005392311918729406, -0.002403680335727823, -0.0020986075956482397, 0.0011111254422876092, -0.002103021011516817, -0.0021460923325985295, 0.00301343912751589, 0.00036300185111982344, 0.004200969613144644, -0.002249059736662376, -0.000712169423279661, -0.0023650793172252734, -0.0016690431886309757, -0.002210865969953026, -0.0019387941376906627, -0.0022703104308374753, 0.0036413263346871173, -0.002302492447698335, -0.002496389385449491, -0.002729503165993781, 0.0014146667639300628, -0.00021535316632010848, 0.00035263724337039246, 0.008344017493605744, 0.005650899360981397, 0.0013260169452420552, -0.0025592933616299667, 0.00018803516262531116, 0.003109147169970049, -0.002181375150776887, -0.000814032401247406, -0.002191067203691032, 0.0020433296000770904, 0.0028965904616530982, 0.0038221753514469476, -0.00017446762563653066, 0.003919953228958627, 0.002829415799840747, -0.001992291218952235, -0.0003797476451435913, -3.3996570348908826e-05, -0.002502827357898408, -0.002026817930193264, -0.0019380924037953455, 0.0023577021009682435, 0.00841530817626906, 0.003545394649705201, -0.0004606464366268346, 0.012059116065244376, 0.011539532583864845, -0.0025921301146764183, -0.0016869824743832868, 0.0003000815332212379, -0.0027931300942535, -0.0023380714732422394, -0.0009552864444854572, -0.001853545566738902, -0.0017481542041207655, -0.001995768464983041, 0.001601050548621801, -0.0021915996074059647, -0.0027429478696834146, -0.0016802840268232615, -0.0019055603459106197, 0.003759863348028089, -0.0018992269385726113, 0.0017964523840708103, -0.0022092859556566385, -0.0018786629210852202, -0.0023057790646385523, 0.006594807810564904, -0.00283060984799559, -0.002724477571584083, 0.0013046926523178346, -0.0021563207713559953, -0.0025469880860424787, -0.002885200268865685, -0.0014996639812921854, -0.002803695964698, -0.0018864481554529372, -0.001709015300655822, 0.005707271302794842, -0.002380532406434254, 0.0006336295681850471, 0.002575913438533898, -0.002475914832331326, 0.004061914341321542, -0.0020731112835820145, 0.0030444863350422547, 0.003926334106814673, -0.002031034070414078, -0.0030792204711713278, -0.0025273918449203944, -0.002482194877917862, -0.00254023424524252, 0.0005780513313554281, -0.0016374613701312707, -0.0033265279101210962, -0.0013912863939617615, 0.01743553712090171, -0.0023711961180643867, -0.002292833028633407, -0.00205207647388019, -3.834330849697116e-05, -0.002321874606184142, -0.002752278238433926, 0.0006403466476089924, 0.012151240690500465, -0.002523828587871323, 0.007255439274420793, 0.0016012544009605175, -0.0022074234330038555, -0.002231796359971362, 0.0034548606545900724, -0.0027028840129731174, 0.004223995792513567, -0.002404522426544498, 0.0009364788912326277, -0.002150077617386488, -0.001913153204110544, -0.0012698611613551833, -0.0023393482265789446, -0.0023996473691615334, -0.0027988779580039535, -0.0027910661046044445, -0.0005248932263600319, -0.0019026426418240886, -0.0021455863929641357, 0.003824085195269055, 0.00020578551050795597, 0.00669033061014322, -0.0022388779747204365, -0.0026903567414226556, -0.0021996134041470036, -0.0017887272306937457, -0.0027047840952552356, -0.002111768707705042, -0.0005423433442373395, -0.0024511381911943744, -0.0006274107799699676, 0.0028835898225892946, 0.001451529243030507, 0.0004319055407771124, -0.002047089638499538, -0.0022693702720512974, 0.010228512561437699, -0.002337347191859466, 0.005439350802467395, -0.002189968496385786, -0.0026199516136303285, 0.009711885316021959, -0.0026834919536290313, -0.0025203644483331195, -0.002398159449115508, -0.002198649826272956, -0.0007297703188528725, 0.0012410382408583741, 0.0032879524550450743, -0.0029872502658901423, 0.0005351732437209539, -0.002752335912997006, -0.002544167870747402, 0.0018732803229022444, 0.014598246863084917, -0.002593613167767056, -0.0028721152034259095, -0.0007825639617748887, -0.002166193347961764, 0.0026838868128719953, 0.0021037232703659276, -0.001643826656666873, -0.001358626747049245, -0.002255824849053455, 0.004719055133384898, 0.0007477094771243553, -0.0018461011039651234, 0.004023540530870629, 0.0019519633542293508, -0.0022723391327556484, -0.0021004948291012612, -0.0024404139235500587, 0.003928197150087934, -0.002164008991695366, -0.002593805337700689, -0.0021687020825022093, 0.00428016865533273, -0.002285017837331572, -0.001457711105161257, 0.015109107623544359, -0.0030755247779508795, -0.0025204001677121284, -0.0024017253787234315, -0.0023959709145712224, -0.0020786887252323607]
Daily Returns: [-0.0023168250000000002, 0, 0, 0, 0.0007505388672109267, 0, 0, 0, 0, 0, 0.011985756428973203, 0, -0.002174113873743027, 0, -0.001164559086937536, 0, 0, 0, -0.0005392311918729406, 0, -0.002403680335727823, 0, 0, 0, 0, 0, 0, 0, 0, 0, 0, 0, 0, 0, 0, 0, 0, 0, 0, 0, 0, -0.0020986075956482397, 0.0011111254422876092, 0, 0, 0, 0, 0, 0, 0, 0, 0, 0, -0.002103021011516817, 0, 0, -0.0021460923325985295, 0, 0, 0, 0, 0, 0, 0, 0, 0, 0, 0, 0, 0, 0, 0, 0.00301343912751589, 0, 0, 0, 0, 0, 0, 0, 0, 0.00036300185111982344, 0, 0, 0.0012397404532026072, 0, 0, -0.0023650793172252734, 0, 0, 0, 0, -0.0016690431886309757, 0, 0, 0, 0, 0, 0, 0, 0, -0.002210865969953026, 0, 0, 0, 0, 0, -0.0019387941376906627, 0.001371015903849642, 0, 0, 0, 0, 0, 0, 0, 0, 0, 0, -0.002302492447698335, -0.005225892551443272, 0, 0.0014146667639300628, 0.00013728407705028398, 0, 0, 0, 0, 0, 0, 0, 0, 0, 0, 0, 0, 0, 0, 0, 0, 0, 0, 0.008344017493605744, 0, 0, 0, 0, 0.005650899360981397, 0.0013260169452420552, -0.0025592933616299667, 0, 0, 0, 0, 0, 0, 0, 0, 0, 0, 0, 0.00018803516262531116, 0.00011373961794575616, 0, 0, 0, 0, 0, 0, 0, 0, 0, 0, 0, 0, 0, 0, 0, 0, 0, 0, 0, 0, 0, 0, 0, -0.002191067203691032, 0, 0.0020433296000770904, 0, 0, 0.006544298187463515, 0.003919953228958627, 0, 0, 0, 0.002829415799840747, 0, -0.0023720388640958265, 0, 0, -3.3996570348908826e-05, 0, 0, 0, 0, 0, 0, 0, 0, -0.002502827357898408, 0, 0, 0, 0, 0, -0.002026817930193264, 0, -0.0019380924037953455, 0.0023577021009682435, 0, 0, 0.00841530817626906, 0, 0, 0, 0, 0.003545394649705201, 0, 0, 0, 0, 0, 0, 0, 0, 0, 0, 0, 0, 0, 0, 0, 0, 0, 0, 0, 0, 0, 0, 0, -0.0004606464366268346, 0, 0, 0, 0, 0, 0.012059116065244376, 0, 0, 0, 0, 0, 0, 0.008947402469188428, 0, 0, 0, -0.0016869824743832868, 0, 0.0003000815332212379, 0, 0, 0, 0, -0.0027931300942535, 0, 0, 0, 0, 0, 0, 0, 0, 0, 0, 0, 0, 0, 0, 0, 0, -0.0023380714732422394, 0, 0, 0, 0, 0, -0.0009552864444854572, 0, 0, 0, 0, 0, -0.001853545566738902, -0.0017481542041207655, 0, 0, 0, 0, 0, 0, 0, 0, 0, 0, 0, 0, -0.001995768464983041, 0, 0, 0.001601050548621801, 0, -0.0021915996074059647, 0, 0, 0, -0.0027429478696834146, 0, 0, 0, 0, -0.0016802840268232615, 0, 0, 0, 0, 0, 0, 0, -0.0019055603459106197, 0, 0.003759863348028089, 0, -0.0018992269385726113, 0, 0, 0, 0.0017964523840708103, 0, 0, 0, 0, 0, -0.0022092859556566385, 0, -0.0018786629210852202, 0, 0, 0, 0, 0, 0, -0.0023057790646385523, 0, 0.006594807810564904, -0.00283060984799559, 0, 0, 0, 0, 0, 0, 0, 0, 0, -0.002724477571584083, 0.0013046926523178346, 0, 0, -0.0021563207713559953, -0.0025469880860424787, 0, 0, -0.002885200268865685, 0, 0, 0, 0, 0, 0, 0, 0, 0, 0, 0, 0, -0.0014996639812921854, 0, 0, 0, 0, 0, 0, -0.004690144120150937, 0, 0, 0, -0.001709015300655822, 0, 0.005707271302794842, 0, -0.002380532406434254, 0, 0, 0, 0.0006336295681850471, 0, 0, 0, 0.002575913438533898, 0, -0.002475914832331326, 0, 0, 0, 0.004061914341321542, 0, 0, 0, -0.0020731112835820145, 0.0030444863350422547, 0, 0, 0.0018953000364005947, 0, 0, 0, 0, 0, 0, 0, 0, -0.0030792204711713278, 0, 0, 0, 0, 0, 0, 0, 0, 0, 0, -0.0025273918449203944, 0, -0.002482194877917862, 0, 0, 0, 0, -0.00254023424524252, 0, 0, 0, 0, 0, 0, 0, 0, 0, 0, 0, 0, 0, 0, 0, 0, 0.0005780513313554281, 0, 0, 0, 0, -0.0016374613701312707, 0, 0, -0.004717814304082858, 0, 0, 0, 0, 0, 0, 0, 0, 0, 0, 0.01743553712090171, 0, 0, 0, 0, 0, -0.0023711961180643867, 0, 0, 0, 0, 0, 0, 0, 0, -0.002292833028633407, 0, 0, -0.0020904197823771614, 0, 0, -0.002321874606184142, 0, 0, 0, 0, 0, 0, -0.002752278238433926, 0, 0, 0, 0, 0, 0.0006403466476089924, 0, 0, 0.009627412102629141, 0, 0, 0, 0, 0, 0, 0, 0, 0.007255439274420793, 0, 0, 0, 0, 0, 0, 0, 0, 0, 0, 0, 0, 0, 0, 0, 0, 0, 0, 0, 0, 0.0016012544009605175, 0, 0, 0, 0, 0, 0, 0, 0, 0, -0.0022074234330038555, 0.0012230642946187103, 0, 0, -0.0027028840129731174, 0, 0.004223995792513567, -0.002404522426544498, 0, 0, 0, 0.0009364788912326277, 0, -0.002150077617386488, -0.001913153204110544, 0, 0, 0, 0, -0.0012698611613551833, 0, 0, 0, -0.004738995595740478, 0, 0, 0, 0, 0, 0, 0, 0, 0, 0, 0, 0, 0, -0.0027988779580039535, -0.0027910661046044445, 0, 0, 0, 0, 0, 0, 0, 0, -0.0005248932263600319, 0, -0.0019026426418240886, 0, 0, 0, 0, 0, 0, 0, 0, 0, 0, 0, 0, 0, 0, 0, 0, 0, 0, 0, 0, 0, 0, 0, 0, 0, 0, 0, 0, 0, 0, 0, 0, 0, 0, 0, 0, 0, 0, 0, 0, 0, 0, -0.0021455863929641357, 0, 0, 0, 0, 0.004029870705777011, 0.00669033061014322, 0, 0, -0.0022388779747204365, 0, 0, 0, 0, 0, 0, 0, 0, 0, 0, 0, 0, -0.0026903567414226556, 0, 0, 0, 0, 0, -0.0021996134041470036, 0, 0, 0, 0, 0, -0.0017887272306937457, -0.0027047840952552356, 0, 0, 0, 0, -0.002111768707705042, -0.0005423433442373395, 0, 0, 0, 0, 0, 0, 0, 0, 0, 0, 0, 0, -0.0024511381911943744, 0, 0, 0, 0, 0, 0, 0, 0, 0, 0, -0.0006274107799699676, 0.004335119065619801, 0, 0.0004319055407771124, -0.004316459910550836, 0, 0, 0, 0, 0, 0, 0.007891165369578233, 0.005439350802467395, 0, 0, 0, 0, 0, -0.002189968496385786, 0, 0, 0, 0, -0.0026199516136303285, 0, 0, 0, 0, 0, 0.009711885316021959, 0, 0, 0, 0, 0, -0.0026834919536290313, 0, -0.0025203644483331195, 0, 0, 0, 0, 0, -0.002398159449115508, 0, -0.002198649826272956, 0, 0, -0.0007297703188528725, 0, 0, 0, 0, 0, 0, 0, 0, 0.0012410382408583741, 0.0032879524550450743, 0, 0, 0, -0.0029872502658901423, 0, 0, 0, 0, 0, 0, 0, 0, 0, 0, 0, 0, 0, 0, 0, 0, 0, 0, 0, 0, 0.0005351732437209539, 0, 0, 0, -0.002752335912997006, 0, 0, 0, -0.002544167870747402, 0, 0, 0, 0, 0, 0.0018732803229022444, 0, 0, 0.014598246863084917, 0, 0, 0, 0, 0, 0, 0, 0, 0, 0, 0, 0, 0, 0, 0, 0, 0, 0, 0, -0.002593613167767056, 0, 0, 0, 0, 0, 0, -0.0028721152034259095, 0, 0, 0, 0, 0, 0, 0, 0, 0, -0.0007825639617748887, 0, 0.0005176934649102315, 0, 0, 0, 0, 0, 0, 0, 0, 0, 0, 0, 0, 0, 0, 0, 0, 0, 0, 0, 0, 0, 0, 0, 0, 0, 0.0004598966136990547, -0.001358626747049245, 0, 0, 0, 0, 0, 0, -0.002255824849053455, 0, 0, 0, 0, 0, 0, 0, 0, 0, 0, 0.004719055133384898, 0, 0, 0, 0, 0, 0.0007477094771243553, -0.0018461011039651234, 0, 0.004023540530870629, 0, 0.0019519633542293508, 0, 0, -0.0022723391327556484, 0, 0, 0, -0.0021004948291012612, 0, 0, 0, 0, 0, 0, 0, 0, 0, 0, 0, 0, 0, 0, 0, 0, -0.0024404139235500587, 0, 0, 0, 0, 0, 0.003928197150087934, -0.002164008991695366, 0, 0, 0, 0, 0, -0.002593805337700689, 0, 0, 0, 0, -0.0021687020825022093, 0, 0, 0, 0.00428016865533273, 0, 0, -0.002285017837331572, 0, 0, 0, 0, 0, 0, -0.001457711105161257, 0, 0, 0, 0, 0, 0.012033582845593478, 0, 0, 0, 0, 0, 0, 0, 0, 0, 0, 0, 0, -0.007318096461006782, 0, 0, 0, 0, 0, 0, 0, 0, 0, 0, 0, 0, -0.0020786887252323607, 0]
Start Date: 2021-12-17
End Date: 2025-03-16
Sharpe Ratio: 0.009
Annualized Sharpe: 0.137
Sharpe 95% CI: (np.float64(-0.938), np.float64(0.997))
Sortino Ratio: 0.014
CAGR: 0.003
Calmar Ratio: 0.072
Daily Win Rate (%): 0.343
Max Drawdown: 0.044
Profit Factor: 1.051
Expectancy: 7e-05
Average Win: 0.004175
Average Loss: 0.002076
Total Trades: 201
Total Days: 1016

Rolling 9 - Variant 0 - atr_0.25_7 - Test Metrics
Contracts: [9, 9, 14, 13, 9, 10, 9, 10, 11, 8, 8, 8, 9, 5, 7, 9, 10, 10, 9, 7, 8, 7, 8, 8, 6, 6, 6, 6, 6, 6, 8, 10, 10, 10, 7, 7, 7, 7, 10, 5, 5, 6, 6, 6, 6, 6, 7, 8, 8, 6, 6, 7, 7, 6, 5, 7, 6, 7, 6, 8, 6, 9, 5, 6, 6, 8, 9, 9, 9, 5, 11, 6, 5, 7, 7, 10, 6, 11, 10, 12, 10, 9, 9, 9, 12, 7, 15, 10, 9, 10, 8, 9, 9, 11, 10, 10, 9, 8, 8, 8, 10, 12, 10, 12, 13, 9, 10, 13, 8, 10, 11, 9, 13, 10, 9, 10, 14, 8, 11, 7, 11, 10, 11, 13, 12, 10, 10, 10, 10, 14, 11, 11, 6, 11, 8, 13, 10, 10, 16, 15, 16, 13, 18, 16, 10, 13, 13, 13, 13, 12, 13, 13, 12, 13, 11, 10, 13, 11, 21, 18, 15, 11, 8, 15, 15, 15, 20, 20, 11, 11, 18, 15, 16, 10, 9, 10, 16, 16, 15, 7, 8, 7, 6, 6, 9, 9, 10, 7, 11, 7, 8, 8, 10, 9, 5, 11, 11, 10, 10, 12, 8, 12, 12, 13, 4, 4, 5, 8, 8, 7, 9, 6, 8, 10, 7, 9, 10, 10, 10, 9, 10, 8, 9, 10, 9, 9, 4, 9, 10, 11, 13, 7, 6, 9, 10, 9, 10, 12, 11, 12, 12, 12, 11, 18, 12, 12]
Trade Returns: [0.0031712951900899756, -0.0027823388716055235, 0.011502718643515816, 0.000812723514519795, 0.0007633085162993418, -0.0022589239064790133, 0.006037067512276468, -0.002645898566694263, -0.002307373409561077, 0.0035958272427731247, -0.0021958127219765928, 0.00018174095100412013, 0.005375966924678617, 0.0023019834874597076, -0.00020051330730086982, -0.0024282492467943987, 0.0005640215453322186, -0.002372252668324183, -3.757251550104114e-05, -0.002317301572587789, -0.00268533111602615, 0.00481461152693262, -0.002151315359256947, -0.002040817620714899, -0.0024802566588608484, 0.0008141544186879638, -0.0021532192560752366, 8.027172959388369e-05, -0.0012576200021092916, -0.0010103619186173122, -0.0019824701653311768, -0.001518319773302387, 0.0022324310138034354, -0.002160365951306474, -0.0021146642043042775, 0.0003275287413869013, -0.0026027050736032666, -0.002324059934479291, -0.0023182497199747873, 0.005462050735114191, -0.00238511306501478, 0.003970282721773167, 0.0034748276353162915, -0.0031103814572074674, 0.009267664531823695]
Daily Returns: [0, 0, 0, 0, 0, 0, 0, 0, 0, 0, 0, 0, 0.0031712951900899756, 0, 0.008720379771910293, 0, 0, 0, 0, 0.000812723514519795, 0.0007633085162993418, 0, 0, 0, 0, 0, 0, 0, 0, 0, 0, 0, -0.0022589239064790133, 0, 0, 0, 0, 0, 0.003391168945582205, 0, 0, 0, 0, -0.002307373409561077, 0, 0, 0, 0, 0, 0, 0.0035958272427731247, 0, 0, 0, -0.0021958127219765928, 0, 0, 0, 0.00018174095100412013, 0, 0, 0, 0.005375966924678617, 0, 0.0023019834874597076, 0, 0, 0, 0, 0, 0, 0, -0.0026287625540952686, -0.0018458036384930055, 0, 0, 0, 0, 0, 0, 0, 0, -0.002317301572587789, 0, -0.00268533111602615, 0, 0, 0, 0, 0, 0, 0, 0, 0, 0, 0, 0.0026632961676756727, 0, 0, 0, 0, 0, 0, 0, 0, 0, 0, 0, -0.002040817620714899, 0, 0, 0, 0, 0, 0, -0.0024802566588608484, 0, 0, 0, 0, 0.0008141544186879638, 0, 0, 0, 0, 0, 0, -0.0021532192560752366, 0, 8.027172959388369e-05, -0.0012576200021092916, 0, 0, -0.0010103619186173122, 0, 0, -0.0019824701653311768, 0, -0.001518319773302387, 0, 0, 0, 0.0022324310138034354, 0, 0, -0.002160365951306474, 0, 0, -0.0021146642043042775, 0, 0, 0, 0, 0.0003275287413869013, -0.0026027050736032666, 0, 0, 0, 0, 0, 0, 0, 0, 0, -0.002324059934479291, 0, 0, 0, 0, -0.0023182497199747873, 0, 0, 0.0030769376700994114, 0, 0, 0, 0, 0, 0, 0, 0, 0, 0.003970282721773167, 0, 0, 0, 0, 0, 0, 0, 0, 0, 0, 0.0034748276353162915, -0.0031103814572074674, 0.009267664531823695, 0, 0, 0, 0, 0, 0]
Start Date: 2025-03-17
End Date: 2025-11-06
Sharpe Ratio: 0.039
Annualized Sharpe: 0.624
Sharpe 95% CI: (np.float64(-1.766), np.float64(2.443))
Sortino Ratio: 0.111
CAGR: 0.013
Calmar Ratio: 0.499
Daily Win Rate (%): 0.422
Max Drawdown: 0.027
Profit Factor: 1.203
Expectancy: 0.000242
Average Win: 0.003408
Average Loss: 0.002071
Total Trades: 45
Total Days: 202



Rolling 9 - Variant 1 - atr_0.25_8 - Fit Metrics
Contracts: [9, 9, 14, 13, 9, 10, 9, 10, 11, 8, 8, 8, 9, 5, 7, 9, 10, 10, 9, 7, 8, 7, 8, 8, 6, 6, 6, 6, 6, 6, 8, 10, 10, 10, 7, 7, 7, 7, 10, 5, 5, 6, 6, 6, 6, 6, 7, 8, 8, 6, 6, 7, 7, 6, 5, 7, 6, 7, 6, 8, 6, 9, 5, 6, 6, 8, 9, 9, 9, 5, 11, 6, 5, 7, 7, 10, 6, 11, 10, 12, 10, 9, 9, 9, 12, 7, 15, 10, 9, 10, 8, 9, 9, 11, 11, 10, 9, 8, 8, 8, 10, 12, 10, 12, 13, 9, 10, 13, 8, 10, 11, 9, 13, 10, 9, 10, 14, 8, 11, 7, 11, 10, 11, 13, 12, 10, 10, 10, 10, 14, 11, 11, 6, 11, 8, 13, 10, 10, 16, 15, 16, 13, 18, 16, 10, 13, 13, 13, 13, 12, 13, 13, 12, 13, 11, 10, 13, 11, 21, 18, 15, 11, 8, 15, 15, 15, 20, 20, 11, 11, 18, 15, 16, 10, 9, 10, 16, 16, 16, 7, 9, 7, 6, 6, 9, 9, 10, 7, 11, 7, 8, 8, 10, 9, 5, 11, 11, 10, 10, 12, 8, 12, 12, 13, 4, 4, 5, 8, 8, 7, 9, 6, 8, 10, 7, 9, 10, 10, 10, 9, 10, 8, 9, 10, 9, 9, 4, 9, 10, 11, 13, 7, 6, 9, 10, 9, 10, 12, 11, 12, 12, 12, 11, 18, 12, 12]
Trade Returns: [-0.0023168250000000002, 0.0007505388672109267, 0.016590814812396208, -0.002496584287176676, -0.002169609767678374, -0.002346182354003704, 0.0011840435611086446, -0.0005381090061683682, -0.0023986753804963183, -0.0020942322090908285, 0.0011088062884304457, -0.0020986272218136257, -0.0021415991254844047, 0.003007116442597491, 0.0003622424977190942, 0.004192178657162142, -0.002244372998170986, -0.000710680195480308, -0.0023601397232154795, -0.0016655490564746462, -0.00220622981322563, -0.0019347195224631143, -0.0022655298440991786, 0.003633641392879706, -0.002297650679592109, -0.0024911277942385947, -0.0027237358783644477, 0.0014116694883409397, -0.00021489753754933575, 0.0003518909984377535, 0.008326366237116752, 0.005639043943032972, 0.001323250600864389, -0.002553961204493444, 0.00018764239785207734, 0.0031026540525814603, -0.0021768336754724635, -0.0008123339436683499, -0.00218648042593491, 0.0020390427228903405, 0.002890525821063572, 0.003814195862988761, -0.0001741047766110849, 0.00391179928701672, 0.002823553231136786, -0.001988174800975902, -0.00037896145780092714, -3.392616094349936e-05, -0.0024976010277378393, -0.0020226200983078724, -0.0019340701998650383, 0.002352799581730944, 0.008397850767016452, 0.0035381010413063517, -0.00045971178834169934, 0.01203435375117505, 0.011516108187319667, -0.0025869281884579164, -0.0016835242389053777, 0.0002994760753972937, -0.0027875102601053474, -0.002333355488760571, -0.0009533550866453036, -0.0018497945704619306, -0.0017446099308086284, -0.001991715097698998, 0.0015977923564271341, -0.0021871467425910204, -0.002737362566451153, -0.0016768531719068742, -0.0019016445978285263, 0.003752107761195121, -0.0018953167692972845, 0.0017927606378066736, -0.0022047539527849744, -0.0018748096823510993, -0.0023010386699170706, 0.006581218436988386, -0.002824820515048073, -0.002718900172662005, 0.0013020144764070108, -0.002151900192324569, -0.00254175535670117, -0.0028792575854067193, -0.0014965583521547845, -0.0027978632121530237, -0.0018825126156508504, -0.0017054346937934604, 0.005695293407848891, -0.002375556733007578, 0.0006323072955822091, 0.00282758086006909, -0.002470751301851092, 0.004052404982482639, -0.002068277505479304, 0.003037372933981367, 0.00391718806034045, -0.0020263214173387232, -0.003072834207416049, -0.002522171112160061, -0.0024764236922094457, -0.002534313453684804, 0.0005767005830025896, -0.0016336192081957911, -0.0033187484033632094, -0.0013880372108059727, 0.015040701978008997, -0.0023711915675570126, -0.0022928286180524844, -0.0020520725173561126, -3.83432344168004e-05, -0.0023164176129462245, -0.0027522729207639612, 0.0006403454069822779, 0.012151217103860898, -0.0025238237012595796, 0.007255425360044083, 0.0016012513380954316, -0.002207419231928392, -0.0022317921031136992, 0.0034548540567283705, -0.0027028788568947953, 0.004223987698314048, -0.002404517829976024, 0.0009364771042602888, -0.0021500735184852046, -0.001913149561521478, -0.0012698587294438552, -0.002339343740796444, -0.002399642784624159, -0.0027988725634158344, -0.0027910607400875764, -0.0005248922099015837, -0.0019026389643570004, -0.002145582235842946, 0.0038240777537193976, 0.00020578511158134358, 0.006690317643235093, -0.0022388736642627452, -0.0026903515501211306, -0.002199609133183579, -0.0017887237698620368, -0.0027047788526579877, -0.002111764603429559, -0.0005423422879488059, -0.002451133414673857, -0.0006274095511140391, 0.002883584171202366, 0.0014515264064388193, 0.0004319046979667263, -0.0020470856455811833, -0.002269365836486984, 0.010228492523976465, -0.002337342659401065, 0.005439340230058508, -0.0021899642627950166, -0.002619946495598977, 0.00971186645858794, -0.002683486793246593, -0.0025203595886055252, -0.0023981548133378693, -0.0021986455665710678, -0.0007297689047744572, 0.0012410358343381733, 0.0032879460872183726, -0.002987244499397784, 0.0005351722075443302, -0.0027523305869073286, -0.0025441629338992275, 0.0018732766786107894, 0.016726695954018295, -0.002588178587040329, -0.002866081441273288, -0.00078091521983569, -0.0021616381447724015, 0.0026782278568710464, 0.002099289849605738, -0.0016403696867194565, -0.0014461491822806267, -0.002251270356003369, 0.005298194136820445, 0.0007457743431449405, -0.0018413268021452243, 0.004013085485852782, 0.001946905964015578, -0.002266463113057873, -0.0020950508413221172, -0.0024341026099101853, 0.003918013394890279, -0.002158420746043856, -0.0025870781639295054, -0.002163089603519645, 0.0042690521768787015, -0.00227907614895276, -0.0014539119882505858, 0.009554108585113992, -0.0030674976107030604, -0.0025276685862824786, -0.00240863487612826, -0.002402847294333119, -0.002084698511571315]
Daily Returns: [-0.0023168250000000002, 0, 0, 0, 0.0007505388672109267, 0, 0, 0, 0, 0, 0.014094230525219532, 0, -0.002169609767678374, 0, -0.0011621387928950593, 0, 0, 0, -0.0005381090061683682, 0, -0.0023986753804963183, 0, 0, 0, 0, 0, 0, 0, 0, 0, 0, 0, 0, 0, 0, 0, 0, 0, 0, 0, 0, -0.0020942322090908285, 0.0011088062884304457, 0, 0, 0, 0, 0, 0, 0, 0, 0, 0, -0.0020986272218136257, 0, 0, -0.0021415991254844047, 0, 0, 0, 0, 0, 0, 0, 0, 0, 0, 0, 0, 0, 0, 0, 0.003007116442597491, 0, 0, 0, 0, 0, 0, 0, 0, 0.0003622424977190942, 0, 0, 0.0012371254635108477, 0, 0, -0.0023601397232154795, 0, 0, 0, 0, -0.0016655490564746462, 0, 0, 0, 0, 0, 0, 0, 0, -0.00220622981322563, 0, 0, 0, 0, 0, -0.0019347195224631143, 0.0013681115487805275, 0, 0, 0, 0, 0, 0, 0, 0, 0, 0, -0.002297650679592109, -0.005214863672603043, 0, 0.0014116694883409397, 0.00013699346088841773, 0, 0, 0, 0, 0, 0, 0, 0, 0, 0, 0, 0, 0, 0, 0, 0, 0, 0, 0.008326366237116752, 0, 0, 0, 0, 0.005639043943032972, 0.001323250600864389, -0.002553961204493444, 0, 0, 0, 0, 0, 0, 0, 0, 0, 0, 0, 0.00018764239785207734, 0.00011348643344064686, 0, 0, 0, 0, 0, 0, 0, 0, 0, 0, 0, 0, 0, 0, 0, 0, 0, 0, 0, 0, 0, 0, 0, -0.00218648042593491, 0, 0.0020390427228903405, 0, 0, 0.0065306169074412475, 0.00391179928701672, 0, 0, 0, 0.002823553231136786, 0, -0.002367136258776829, 0, 0, -3.392616094349936e-05, 0, 0, 0, 0, 0, 0, 0, 0, -0.0024976010277378393, 0, 0, 0, 0, 0, -0.0020226200983078724, 0, -0.0019340701998650383, 0.002352799581730944, 0, 0, 0.008397850767016452, 0, 0, 0, 0, 0.0035381010413063517, 0, 0, 0, 0, 0, 0, 0, 0, 0, 0, 0, 0, 0, 0, 0, 0, 0, 0, 0, 0, 0, 0, 0, -0.00045971178834169934, 0, 0, 0, 0, 0, 0.01203435375117505, 0, 0, 0, 0, 0, 0, 0.008929179998861751, 0, 0, 0, -0.0016835242389053777, 0, 0.0002994760753972937, 0, 0, 0, 0, -0.0027875102601053474, 0, 0, 0, 0, 0, 0, 0, 0, 0, 0, 0, 0, 0, 0, 0, 0, -0.002333355488760571, 0, 0, 0, 0, 0, -0.0009533550866453036, 0, 0, 0, 0, 0, -0.0018497945704619306, -0.0017446099308086284, 0, 0, 0, 0, 0, 0, 0, 0, 0, 0, 0, 0, -0.001991715097698998, 0, 0, 0.0015977923564271341, 0, -0.0021871467425910204, 0, 0, 0, -0.002737362566451153, 0, 0, 0, 0, -0.0016768531719068742, 0, 0, 0, 0, 0, 0, 0, -0.0019016445978285263, 0, 0.003752107761195121, 0, -0.0018953167692972845, 0, 0, 0, 0.0017927606378066736, 0, 0, 0, 0, 0, -0.0022047539527849744, 0, -0.0018748096823510993, 0, 0, 0, 0, 0, 0, -0.0023010386699170706, 0, 0.006581218436988386, -0.002824820515048073, 0, 0, 0, 0, 0, 0, 0, 0, 0, -0.002718900172662005, 0.0013020144764070108, 0, 0, -0.002151900192324569, -0.00254175535670117, 0, 0, -0.0028792575854067193, 0, 0, 0, 0, 0, 0, 0, 0, 0, 0, 0, 0, -0.0014965583521547845, 0, 0, 0, 0, 0, 0, -0.004680375827803875, 0, 0, 0, -0.0017054346937934604, 0, 0.005695293407848891, 0, -0.002375556733007578, 0, 0, 0, 0.0006323072955822091, 0, 0, 0, 0.00282758086006909, 0, -0.002470751301851092, 0, 0, 0, 0.004052404982482639, 0, 0, 0, -0.002068277505479304, 0.003037372933981367, 0, 0, 0.0018908666430017267, 0, 0, 0, 0, 0, 0, 0, 0, -0.003072834207416049, 0, 0, 0, 0, 0, 0, 0, 0, 0, 0, -0.002522171112160061, 0, -0.0024764236922094457, 0, 0, 0, 0, -0.002534313453684804, 0, 0, 0, 0, 0, 0, 0, 0, 0, 0, 0, 0, 0, 0, 0, 0, 0.0005767005830025896, 0, 0, 0, 0, -0.0016336192081957911, 0, 0, -0.004706785614169182, 0, 0, 0, 0, 0, 0, 0, 0, 0, 0, 0.015040701978008997, 0, 0, 0, 0, 0, -0.0023711915675570126, 0, 0, 0, 0, 0, 0, 0, 0, -0.0022928286180524844, 0, 0, -0.002090415751772913, 0, 0, -0.0023164176129462245, 0, 0, 0, 0, 0, 0, -0.0027522729207639612, 0, 0, 0, 0, 0, 0.0006403454069822779, 0, 0, 0.009627393402601318, 0, 0, 0, 0, 0, 0, 0, 0, 0.007255425360044083, 0, 0, 0, 0, 0, 0, 0, 0, 0, 0, 0, 0, 0, 0, 0, 0, 0, 0, 0, 0, 0.0016012513380954316, 0, 0, 0, 0, 0, 0, 0, 0, 0, -0.002207419231928392, 0.0012230619536146713, 0, 0, -0.0027028788568947953, 0, 0.004223987698314048, -0.002404517829976024, 0, 0, 0, 0.0009364771042602888, 0, -0.0021500735184852046, -0.001913149561521478, 0, 0, 0, 0, -0.0012698587294438552, 0, 0, 0, -0.0047389865254206034, 0, 0, 0, 0, 0, 0, 0, 0, 0, 0, 0, 0, 0, -0.0027988725634158344, -0.0027910607400875764, 0, 0, 0, 0, 0, 0, 0, 0, -0.0005248922099015837, 0, -0.0019026389643570004, 0, 0, 0, 0, 0, 0, 0, 0, 0, 0, 0, 0, 0, 0, 0, 0, 0, 0, 0, 0, 0, 0, 0, 0, 0, 0, 0, 0, 0, 0, 0, 0, 0, 0, 0, 0, 0, 0, 0, 0, 0, 0, -0.002145582235842946, 0, 0, 0, 0, 0.004029862865300741, 0.006690317643235093, 0, 0, -0.0022388736642627452, 0, 0, 0, 0, 0, 0, 0, 0, 0, 0, 0, 0, -0.0026903515501211306, 0, 0, 0, 0, 0, -0.002199609133183579, 0, 0, 0, 0, 0, -0.0017887237698620368, -0.0027047788526579877, 0, 0, 0, 0, -0.002111764603429559, -0.0005423422879488059, 0, 0, 0, 0, 0, 0, 0, 0, 0, 0, 0, 0, -0.002451133414673857, 0, 0, 0, 0, 0, 0, 0, 0, 0, 0, -0.0006274095511140391, 0.004335110577641185, 0, 0.0004319046979667263, -0.004316451482068167, 0, 0, 0, 0, 0, 0, 0.007891149864575401, 0.005439340230058508, 0, 0, 0, 0, 0, -0.0021899642627950166, 0, 0, 0, 0, -0.002619946495598977, 0, 0, 0, 0, 0, 0.00971186645858794, 0, 0, 0, 0, 0, -0.002683486793246593, 0, -0.0025203595886055252, 0, 0, 0, 0, 0, -0.0023981548133378693, 0, -0.0021986455665710678, 0, 0, -0.0007297689047744572, 0, 0, 0, 0, 0, 0, 0, 0, 0.0012410358343381733, 0.0032879460872183726, 0, 0, 0, -0.002987244499397784, 0, 0, 0, 0, 0, 0, 0, 0, 0, 0, 0, 0, 0, 0, 0, 0, 0, 0, 0, 0, 0.0005351722075443302, 0, 0, 0, -0.0027523305869073286, 0, 0, 0, -0.0025441629338992275, 0, 0, 0, 0, 0, 0.0018732766786107894, 0, 0, 0.016726695954018295, 0, 0, 0, 0, 0, 0, 0, 0, 0, 0, 0, 0, 0, 0, 0, 0, 0, 0, 0, -0.002588178587040329, 0, 0, 0, 0, 0, 0, -0.002866081441273288, 0, 0, 0, 0, 0, 0, 0, 0, 0, -0.00078091521983569, 0, 0.0005165897120986448, 0, 0, 0, 0, 0, 0, 0, 0, 0, 0, 0, 0, 0, 0, 0, 0, 0, 0, 0, 0, 0, 0, 0, 0, 0, 0.00045892016288628153, -0.0014461491822806267, 0, 0, 0, 0, 0, 0, -0.002251270356003369, 0, 0, 0, 0, 0, 0, 0, 0, 0, 0, 0.005298194136820445, 0, 0, 0, 0, 0, 0.0007457743431449405, -0.0018413268021452243, 0, 0.004013085485852782, 0, 0.001946905964015578, 0, 0, -0.002266463113057873, 0, 0, 0, -0.0020950508413221172, 0, 0, 0, 0, 0, 0, 0, 0, 0, 0, 0, 0, 0, 0, 0, 0, -0.0024341026099101853, 0, 0, 0, 0, 0, 0.003918013394890279, -0.002158420746043856, 0, 0, 0, 0, 0, -0.0025870781639295054, 0, 0, 0, 0, -0.002163089603519645, 0, 0, 0, 0.0042690521768787015, 0, 0, -0.00227907614895276, 0, 0, 0, 0, 0, 0, -0.0014539119882505858, 0, 0, 0, 0, 0, 0.0064866109744109324, 0, 0, 0, 0, 0, 0, 0, 0, 0, 0, 0, 0, -0.007339150756743858, 0, 0, 0, 0, 0, 0, 0, 0, 0, 0, 0, 0, -0.002084698511571315, 0]
Start Date: 2021-12-17
End Date: 2025-03-16
Sharpe Ratio: 0.007
Annualized Sharpe: 0.109
Sharpe 95% CI: (np.float64(-0.976), np.float64(0.965))
Sortino Ratio: 0.011
CAGR: 0.002
Calmar Ratio: 0.053
Daily Win Rate (%): 0.343
Max Drawdown: 0.046
Profit Factor: 1.041
Expectancy: 5.5e-05
Average Win: 0.004129
Average Loss: 0.002074
Total Trades: 201
Total Days: 1016

Rolling 9 - Variant 1 - atr_0.25_8 - Test Metrics
Contracts: [9, 9, 14, 13, 9, 10, 9, 10, 11, 8, 8, 8, 9, 5, 7, 9, 10, 10, 9, 7, 8, 7, 8, 8, 6, 6, 6, 6, 6, 6, 8, 10, 10, 10, 7, 7, 7, 7, 10, 5, 5, 6, 6, 6, 6, 6, 7, 8, 8, 6, 6, 7, 7, 6, 5, 7, 6, 7, 6, 8, 6, 9, 5, 6, 6, 8, 9, 9, 9, 5, 11, 6, 5, 7, 7, 10, 6, 11, 10, 12, 10, 9, 9, 9, 12, 7, 15, 10, 9, 10, 8, 9, 9, 11, 11, 10, 9, 8, 8, 8, 10, 12, 10, 12, 13, 9, 10, 13, 8, 10, 11, 9, 13, 10, 9, 10, 14, 8, 11, 7, 11, 10, 11, 13, 12, 10, 10, 10, 10, 14, 11, 11, 6, 11, 8, 13, 10, 10, 16, 15, 16, 13, 18, 16, 10, 13, 13, 13, 13, 12, 13, 13, 12, 13, 11, 10, 13, 11, 21, 18, 15, 11, 8, 15, 15, 15, 20, 20, 11, 11, 18, 15, 16, 10, 9, 10, 16, 16, 16, 7, 9, 7, 6, 6, 9, 9, 10, 7, 11, 7, 8, 8, 10, 9, 5, 11, 11, 10, 10, 12, 8, 12, 12, 13, 4, 4, 5, 8, 8, 7, 9, 6, 8, 10, 7, 9, 10, 10, 10, 9, 10, 8, 9, 10, 9, 9, 4, 9, 10, 11, 13, 7, 6, 9, 10, 9, 10, 12, 11, 12, 12, 12, 11, 18, 12, 12]
Trade Returns: [0.00318037822944744, -0.002790282620756132, 0.011536044121476685, 0.0008150503829197924, 0.0007654921273149107, -0.002265381109606555, 0.006054409854854093, -0.002653479121578339, -0.0023139617820158134, 0.0036061165476385863, -0.002202073368934687, 0.00018226108969577703, 0.005391328576177947, 0.002308526057628157, -0.00020108188256369133, -0.0024351361719082516, 0.0005656251106254277, -0.0023789933888169524, -3.767953183328947e-05, -0.002323902101090349, -0.00269299774473394, 0.004828458618331095, -0.0021574893132297276, -0.002046658921586641, -0.002487356920342267, 0.0008164894995729794, -0.002159389878132707, 8.050226739051206e-05, -0.0012612315551141927, -0.0010132670756854774, -0.0019881762680886788, -0.0015226986275477718, 0.0022388791929155295, -0.0021665920374183754, -0.0021207718125501604, 0.00032847672579143316, -0.0026102357520304703, -0.0023308019781459874, -0.002324990620047941, 0.005477970047656551, -0.0023920266768295497, 0.00398181878272374, 0.0034848840581814928, -0.0031193518834426504, 0.009294476368466923]
Daily Returns: [0, 0, 0, 0, 0, 0, 0, 0, 0, 0, 0, 0, 0.00318037822944744, 0, 0.008745761500720553, 0, 0, 0, 0, 0.0008150503829197924, 0.0007654921273149107, 0, 0, 0, 0, 0, 0, 0, 0, 0, 0, 0, -0.002265381109606555, 0, 0, 0, 0, 0, 0.0034009307332757543, 0, 0, 0, 0, -0.0023139617820158134, 0, 0, 0, 0, 0, 0, 0.0036061165476385863, 0, 0, 0, -0.002202073368934687, 0, 0, 0, 0.00018226108969577703, 0, 0, 0, 0.005391328576177947, 0, 0.002308526057628157, 0, 0, 0, 0, 0, 0, 0, -0.002636218054471943, -0.0018510478100248141, 0, 0, 0, 0, 0, 0, 0, 0, -0.002323902101090349, 0, -0.00269299774473394, 0, 0, 0, 0, 0, 0, 0, 0, 0, 0, 0, 0.002670969305101368, 0, 0, 0, 0, 0, 0, 0, 0, 0, 0, 0, -0.002046658921586641, 0, 0, 0, 0, 0, 0, -0.002487356920342267, 0, 0, 0, 0, 0.0008164894995729794, 0, 0, 0, 0, 0, 0, -0.002159389878132707, 0, 8.050226739051206e-05, -0.0012612315551141927, 0, 0, -0.0010132670756854774, 0, 0, -0.0019881762680886788, 0, -0.0015226986275477718, 0, 0, 0, 0.0022388791929155295, 0, 0, -0.0021665920374183754, 0, 0, -0.0021207718125501604, 0, 0, 0, 0, 0.00032847672579143316, -0.0026102357520304703, 0, 0, 0, 0, 0, 0, 0, 0, 0, -0.0023308019781459874, 0, 0, 0, 0, -0.002324990620047941, 0, 0, 0.0030859433708270013, 0, 0, 0, 0, 0, 0, 0, 0, 0, 0.00398181878272374, 0, 0, 0, 0, 0, 0, 0, 0, 0, 0, 0.0034848840581814928, -0.0031193518834426504, 0.009294476368466923, 0, 0, 0, 0, 0, 0]
Start Date: 2025-03-17
End Date: 2025-11-06
Sharpe Ratio: 0.039
Annualized Sharpe: 0.624
Sharpe 95% CI: (np.float64(-1.765), np.float64(2.443))
Sortino Ratio: 0.111
CAGR: 0.014
Calmar Ratio: 0.499
Daily Win Rate (%): 0.422
Max Drawdown: 0.027
Profit Factor: 1.203
Expectancy: 0.000243
Average Win: 0.003418
Average Loss: 0.002077
Total Trades: 45
Total Days: 202



Rolling 9 - Variant 2 - atr_0.25_6 - Fit Metrics
Contracts: [9, 9, 14, 13, 9, 10, 9, 10, 11, 8, 8, 8, 9, 5, 7, 9, 10, 10, 9, 7, 8, 7, 8, 8, 6, 6, 6, 6, 6, 6, 8, 10, 10, 10, 7, 7, 7, 7, 10, 5, 5, 6, 5, 6, 6, 6, 7, 8, 8, 6, 6, 6, 7, 6, 5, 6, 6, 7, 6, 8, 6, 9, 5, 6, 6, 8, 9, 9, 9, 5, 11, 6, 5, 7, 7, 10, 6, 11, 10, 12, 10, 9, 9, 9, 12, 7, 15, 10, 9, 10, 8, 9, 9, 11, 10, 10, 9, 8, 8, 8, 10, 12, 10, 12, 13, 9, 10, 13, 8, 10, 11, 9, 13, 10, 9, 10, 14, 8, 11, 7, 11, 10, 11, 13, 12, 10, 10, 10, 10, 14, 11, 11, 6, 11, 8, 13, 10, 10, 16, 15, 16, 13, 18, 16, 10, 13, 13, 13, 13, 12, 13, 13, 12, 13, 11, 10, 13, 11, 21, 18, 15, 11, 8, 15, 15, 15, 20, 20, 11, 11, 18, 15, 16, 10, 9, 10, 15, 16, 15, 7, 8, 7, 6, 6, 8, 9, 10, 7, 11, 7, 8, 8, 10, 9, 5, 11, 11, 10, 10, 12, 8, 12, 12, 13, 4, 4, 5, 8, 8, 7, 9, 6, 8, 9, 7, 9, 10, 10, 10, 9, 10, 8, 9, 10, 9, 9, 4, 9, 10, 11, 13, 7, 6, 9, 10, 9, 10, 12, 11, 12, 12, 12, 11, 18, 12, 12]
Trade Returns: [-0.0023168250000000002, 0.0007505388672109267, 0.012384218764628408, -0.002506957939196037, -0.002178636719744304, -0.002355965273395024, 0.0011889757902886439, -0.0005403580678257933, -0.00240870622080548, -0.0021030013030851682, 0.0011134543178567477, -0.0021074332379307013, -0.002150604433404349, 0.003019788456281088, 0.00036376439480810145, 0.004209797515694189, -0.0022537660899704316, -0.0007136649055282088, -0.0023700396309935955, -0.001672552012190516, -0.0022155216524899534, -0.0019428859518232922, -0.0022751112356600976, 0.0036490438518061072, -0.002307354664711818, -0.0025016732500571103, -0.0027352949289659954, 0.0014176767943117855, -0.000215810731256978, 0.0003533866601089259, 0.008361743747698184, 0.005662804733159756, 0.0013287948803087858, -0.0025646478302909993, 0.00018842957508313115, 0.0031156675214555106, -0.002185935615237501, -0.0008157379761022226, -0.0021956732660994576, 0.002047634540675285, 0.002902680604312633, 0.003191823580730385, -0.0001749432417151779, 0.003930641280661181, 0.002837100213325399, -0.00199768677712712, -0.0003807781430176885, -3.408885989685296e-05, -0.0025080756065345364, -0.0020323202642611284, -0.0019433645836811444, 0.00202639562626064, 0.008441034849038015, 0.0035561426500882935, -0.0004628138146130514, 0.010367662234277871, 0.01419096493773644, -0.0025975233499314597, -0.001692078504495469, 0.00030070927158464553, -0.0027989566685546682, -0.002342960997522281, -0.0009572888921210418, -0.001857434645730664, -0.0017518289783321863, -0.0019999711085071, 0.0016044287605240964, -0.0021962164686433463, -0.002748738929025123, -0.0016838413110456547, -0.0019096205002962505, 0.0037679050764900046, -0.0019032813408134505, 0.0018002802767132775, -0.002213985057109028, -0.0018826582294651482, -0.0023106942869885886, 0.0066088985019713085, -0.0028366125637655304, -0.0027302605641216977, 0.0013074695825595257, -0.0021609043286462634, -0.0025524137850238488, -0.002891362169095599, -0.0015028842459015514, -0.002809744133959606, -0.001890529092244174, -0.0017127282591896697, 0.00865541520233882, -0.002385691945622116, 0.0006331525039302501, 0.002573970434879107, -0.002474051877797841, 0.004058858317829521, -0.0020715578618694525, 0.0030422003078918775, 0.00392339486442491, -0.0020295195860860126, -0.0030858425076534858, -0.0025328052284780997, -0.002480340211728771, -0.0025383314932632623, 0.000577617242529637, -0.0016362266097490774, -0.0033240278135564572, -0.0013902422077476742, 0.014902215001178885, -0.002375315294416997, -0.0022968255583099445, -0.0020556579982545825, -3.841036758350811e-05, -0.0023201208808683173, -0.002757091916785951, 0.0006414696971507091, 0.012546535023113531, -0.0025282520787154143, 0.007265350574240591, 0.0016034360916431895, -0.0022104158547922663, -0.0022348285244700567, 0.0034595603268247365, -0.0027065566940202334, 0.004229761336425259, -0.0024077965774002732, 0.0009377517543773901, -0.002152997267355268, -0.0019157478181102338, -0.0012715934240818403, -0.002342543477668979, -0.0024029129475925076, -0.002802720584121539, -0.0027948872959668333, -0.0005256172659032802, -0.0019052621533229063, -0.0021485475787523405, 0.0038293859654051983, 0.000206069672703828, 0.006699567156225652, -0.0022419483577990882, -0.0026940545699639653, -0.0022026556906720655, -0.0017911924332496335, -0.0027085184854781603, -0.002114692263146144, -0.0005430957613600803, -0.002454540612426032, -0.0006282861274268522, 0.0028876154625361887, 0.0014535498179890495, 0.0004325058944084139, -0.0020499338863078876, -0.002272529835799405, 0.011550598075131698, -0.002337549659597453, 0.005439823078651207, -0.002190157613469068, -0.002623597313036682, 0.009712727689435036, -0.002683722470954754, -0.0025205815352810066, -0.0023983665321305795, -0.0021988401097927106, -0.0007298334866117153, 0.0012411457416135452, 0.0032882369097959074, -0.0029875078585898563, 0.0005352195303693696, -0.0027525738326943214, -0.0025443884028415156, 0.0018734431157164673, 0.012470846920593042, -0.002599288300822329, -0.0028784161098208212, -0.0007842857229041697, -0.0021709502523430423, 0.0026897964116448132, 0.0019765809778913446, -0.0016476533577456374, -0.0013617947445999856, -0.002261092074123236, 0.004730098834460435, 0.0007494440602413385, -0.0018503805972986868, 0.004032912234789817, 0.001739108122492382, -0.002278100425160357, -0.002105832587122385, -0.0024466020143084294, 0.003938182201479666, -0.0021694880903140967, -0.002600401266052952, -0.0021742050021722106, 0.004291068333206595, -0.0022908436827278012, -0.0014614361959775894, 0.012957626028150409, -0.003083395594516071, -0.002532294507599276, -0.002413032315372115, -0.0024072236070180534, -0.0020885234330418273]
Daily Returns: [-0.0023168250000000002, 0, 0, 0, 0.0007505388672109267, 0, 0, 0, 0, 0, 0.00987726082543237, 0, -0.002178636719744304, 0, -0.00116698948310638, 0, 0, 0, -0.0005403580678257933, 0, -0.00240870622080548, 0, 0, 0, 0, 0, 0, 0, 0, 0, 0, 0, 0, 0, 0, 0, 0, 0, 0, 0, 0, -0.0021030013030851682, 0.0011134543178567477, 0, 0, 0, 0, 0, 0, 0, 0, 0, 0, -0.0021074332379307013, 0, 0, -0.002150604433404349, 0, 0, 0, 0, 0, 0, 0, 0, 0, 0, 0, 0, 0, 0, 0, 0.003019788456281088, 0, 0, 0, 0, 0, 0, 0, 0, 0.00036376439480810145, 0, 0, 0.0012423665201955487, 0, 0, -0.0023700396309935955, 0, 0, 0, 0, -0.001672552012190516, 0, 0, 0, 0, 0, 0, 0, 0, -0.0022155216524899534, 0, 0, 0, 0, 0, -0.0019428859518232922, 0.0013739326161460097, 0, 0, 0, 0, 0, 0, 0, 0, 0, 0, -0.002307354664711818, -0.005236968179023105, 0, 0.0014176767943117855, 0.00013757592885194788, 0, 0, 0, 0, 0, 0, 0, 0, 0, 0, 0, 0, 0, 0, 0, 0, 0, 0, 0.008361743747698184, 0, 0, 0, 0, 0.005662804733159756, 0.0013287948803087858, -0.0025646478302909993, 0, 0, 0, 0, 0, 0, 0, 0, 0, 0, 0, 0.00018842957508313115, 0.00011399393011578697, 0, 0, 0, 0, 0, 0, 0, 0, 0, 0, 0, 0, 0, 0, 0, 0, 0, 0, 0, 0, 0, 0, 0, -0.0021956732660994576, 0, 0.002047634540675285, 0, 0, 0.00591956094332784, 0.003930641280661181, 0, 0, 0, 0.002837100213325399, 0, -0.0023784649201448083, 0, 0, -3.408885989685296e-05, 0, 0, 0, 0, 0, 0, 0, 0, -0.0025080756065345364, 0, 0, 0, 0, 0, -0.0020323202642611284, 0, -0.0019433645836811444, 0.00202639562626064, 0, 0, 0.008441034849038015, 0, 0, 0, 0, 0.0035561426500882935, 0, 0, 0, 0, 0, 0, 0, 0, 0, 0, 0, 0, 0, 0, 0, 0, 0, 0, 0, 0, 0, 0, 0, -0.0004628138146130514, 0, 0, 0, 0, 0, 0.010367662234277871, 0, 0, 0, 0, 0, 0, 0.01159344158780498, 0, 0, 0, -0.001692078504495469, 0, 0.00030070927158464553, 0, 0, 0, 0, -0.0027989566685546682, 0, 0, 0, 0, 0, 0, 0, 0, 0, 0, 0, 0, 0, 0, 0, 0, -0.002342960997522281, 0, 0, 0, 0, 0, -0.0009572888921210418, 0, 0, 0, 0, 0, -0.001857434645730664, -0.0017518289783321863, 0, 0, 0, 0, 0, 0, 0, 0, 0, 0, 0, 0, -0.0019999711085071, 0, 0, 0.0016044287605240964, 0, -0.0021962164686433463, 0, 0, 0, -0.002748738929025123, 0, 0, 0, 0, -0.0016838413110456547, 0, 0, 0, 0, 0, 0, 0, -0.0019096205002962505, 0, 0.0037679050764900046, 0, -0.0019032813408134505, 0, 0, 0, 0.0018002802767132775, 0, 0, 0, 0, 0, -0.002213985057109028, 0, -0.0018826582294651482, 0, 0, 0, 0, 0, 0, -0.0023106942869885886, 0, 0.0066088985019713085, -0.0028366125637655304, 0, 0, 0, 0, 0, 0, 0, 0, 0, -0.0027302605641216977, 0.0013074695825595257, 0, 0, -0.0021609043286462634, -0.0025524137850238488, 0, 0, -0.002891362169095599, 0, 0, 0, 0, 0, 0, 0, 0, 0, 0, 0, 0, -0.0015028842459015514, 0, 0, 0, 0, 0, 0, -0.00470027322620378, 0, 0, 0, -0.0017127282591896697, 0, 0.00865541520233882, 0, -0.002385691945622116, 0, 0, 0, 0.0006331525039302501, 0, 0, 0, 0.002573970434879107, 0, -0.002474051877797841, 0, 0, 0, 0.004058858317829521, 0, 0, 0, -0.0020715578618694525, 0.0030422003078918775, 0, 0, 0.0018938752783388977, 0, 0, 0, 0, 0, 0, 0, 0, -0.0030858425076534858, 0, 0, 0, 0, 0, 0, 0, 0, 0, 0, -0.0025328052284780997, 0, -0.002480340211728771, 0, 0, 0, 0, -0.0025383314932632623, 0, 0, 0, 0, 0, 0, 0, 0, 0, 0, 0, 0, 0, 0, 0, 0, 0.000577617242529637, 0, 0, 0, 0, -0.0016362266097490774, 0, 0, -0.004714270021304132, 0, 0, 0, 0, 0, 0, 0, 0, 0, 0, 0.014902215001178885, 0, 0, 0, 0, 0, -0.002375315294416997, 0, 0, 0, 0, 0, 0, 0, 0, -0.0022968255583099445, 0, 0, -0.0020940683658380904, 0, 0, -0.0023201208808683173, 0, 0, 0, 0, 0, 0, -0.002757091916785951, 0, 0, 0, 0, 0, 0.0006414696971507091, 0, 0, 0.010018282944398117, 0, 0, 0, 0, 0, 0, 0, 0, 0.007265350574240591, 0, 0, 0, 0, 0, 0, 0, 0, 0, 0, 0, 0, 0, 0, 0, 0, 0, 0, 0, 0, 0.0016034360916431895, 0, 0, 0, 0, 0, 0, 0, 0, 0, -0.0022104158547922663, 0.0012247318023546798, 0, 0, -0.0027065566940202334, 0, 0.004229761336425259, -0.0024077965774002732, 0, 0, 0, 0.0009377517543773901, 0, -0.002152997267355268, -0.0019157478181102338, 0, 0, 0, 0, -0.0012715934240818403, 0, 0, 0, -0.004745456425261486, 0, 0, 0, 0, 0, 0, 0, 0, 0, 0, 0, 0, 0, -0.002802720584121539, -0.0027948872959668333, 0, 0, 0, 0, 0, 0, 0, 0, -0.0005256172659032802, 0, -0.0019052621533229063, 0, 0, 0, 0, 0, 0, 0, 0, 0, 0, 0, 0, 0, 0, 0, 0, 0, 0, 0, 0, 0, 0, 0, 0, 0, 0, 0, 0, 0, 0, 0, 0, 0, 0, 0, 0, 0, 0, 0, 0, 0, 0, -0.0021485475787523405, 0, 0, 0, 0, 0.004035455638109026, 0.006699567156225652, 0, 0, -0.0022419483577990882, 0, 0, 0, 0, 0, 0, 0, 0, 0, 0, 0, 0, -0.0026940545699639653, 0, 0, 0, 0, 0, -0.0022026556906720655, 0, 0, 0, 0, 0, -0.0017911924332496335, -0.0027085184854781603, 0, 0, 0, 0, -0.002114692263146144, -0.0005430957613600803, 0, 0, 0, 0, 0, 0, 0, 0, 0, 0, 0, 0, -0.002454540612426032, 0, 0, 0, 0, 0, 0, 0, 0, 0, 0, -0.0006282861274268522, 0.004341165280525238, 0, 0.0004325058944084139, -0.004322463722107293, 0, 0, 0, 0, 0, 0, 0.009213048415534246, 0.005439823078651207, 0, 0, 0, 0, 0, -0.002190157613469068, 0, 0, 0, 0, -0.002623597313036682, 0, 0, 0, 0, 0, 0.009712727689435036, 0, 0, 0, 0, 0, -0.002683722470954754, 0, -0.0025205815352810066, 0, 0, 0, 0, 0, -0.0023983665321305795, 0, -0.0021988401097927106, 0, 0, -0.0007298334866117153, 0, 0, 0, 0, 0, 0, 0, 0, 0.0012411457416135452, 0.0032882369097959074, 0, 0, 0, -0.0029875078585898563, 0, 0, 0, 0, 0, 0, 0, 0, 0, 0, 0, 0, 0, 0, 0, 0, 0, 0, 0, 0, 0.0005352195303693696, 0, 0, 0, -0.0027525738326943214, 0, 0, 0, -0.0025443884028415156, 0, 0, 0, 0, 0, 0.0018734431157164673, 0, 0, 0.012470846920593042, 0, 0, 0, 0, 0, 0, 0, 0, 0, 0, 0, 0, 0, 0, 0, 0, 0, 0, 0, -0.002599288300822329, 0, 0, 0, 0, 0, 0, -0.0028784161098208212, 0, 0, 0, 0, 0, 0, 0, 0, 0, -0.0007842857229041697, 0, 0.0005188461593017709, 0, 0, 0, 0, 0, 0, 0, 0, 0, 0, 0, 0, 0, 0, 0, 0, 0, 0, 0, 0, 0, 0, 0, 0, 0, 0.00032892762014570726, -0.0013617947445999856, 0, 0, 0, 0, 0, 0, -0.002261092074123236, 0, 0, 0, 0, 0, 0, 0, 0, 0, 0, 0.004730098834460435, 0, 0, 0, 0, 0, 0.0007494440602413385, -0.0018503805972986868, 0, 0.004032912234789817, 0, 0.001739108122492382, 0, 0, -0.002278100425160357, 0, 0, 0, -0.002105832587122385, 0, 0, 0, 0, 0, 0, 0, 0, 0, 0, 0, 0, 0, 0, 0, 0, -0.0024466020143084294, 0, 0, 0, 0, 0, 0.003938182201479666, -0.0021694880903140967, 0, 0, 0, 0, 0, -0.002600401266052952, 0, 0, 0, 0, -0.0021742050021722106, 0, 0, 0, 0.004291068333206595, 0, 0, -0.0022908436827278012, 0, 0, 0, 0, 0, 0, -0.0014614361959775894, 0, 0, 0, 0, 0, 0.009874230433634338, 0, 0, 0, 0, 0, 0, 0, 0, 0, 0, 0, 0, -0.0073525504299894445, 0, 0, 0, 0, 0, 0, 0, 0, 0, 0, 0, 0, -0.0020885234330418273, 0]
Start Date: 2021-12-17
End Date: 2025-03-16
Sharpe Ratio: 0.006
Annualized Sharpe: 0.093
Sharpe 95% CI: (np.float64(-0.964), np.float64(0.978))
Sortino Ratio: 0.01
CAGR: 0.002
Calmar Ratio: 0.046
Daily Win Rate (%): 0.343
Max Drawdown: 0.043
Profit Factor: 1.034
Expectancy: 4.6e-05
Average Win: 0.004113
Average Loss: 0.00208
Total Trades: 201
Total Days: 1016

Rolling 9 - Variant 2 - atr_0.25_6 - Test Metrics
Contracts: [9, 9, 14, 13, 9, 10, 9, 10, 11, 8, 8, 8, 9, 5, 7, 9, 10, 10, 9, 7, 8, 7, 8, 8, 6, 6, 6, 6, 6, 6, 8, 10, 10, 10, 7, 7, 7, 7, 10, 5, 5, 6, 5, 6, 6, 6, 7, 8, 8, 6, 6, 6, 7, 6, 5, 6, 6, 7, 6, 8, 6, 9, 5, 6, 6, 8, 9, 9, 9, 5, 11, 6, 5, 7, 7, 10, 6, 11, 10, 12, 10, 9, 9, 9, 12, 7, 15, 10, 9, 10, 8, 9, 9, 11, 10, 10, 9, 8, 8, 8, 10, 12, 10, 12, 13, 9, 10, 13, 8, 10, 11, 9, 13, 10, 9, 10, 14, 8, 11, 7, 11, 10, 11, 13, 12, 10, 10, 10, 10, 14, 11, 11, 6, 11, 8, 13, 10, 10, 16, 15, 16, 13, 18, 16, 10, 13, 13, 13, 13, 12, 13, 13, 12, 13, 11, 10, 13, 11, 21, 18, 15, 11, 8, 15, 15, 15, 20, 20, 11, 11, 18, 15, 16, 10, 9, 10, 15, 16, 15, 7, 8, 7, 6, 6, 8, 9, 10, 7, 11, 7, 8, 8, 10, 9, 5, 11, 11, 10, 10, 12, 8, 12, 12, 13, 4, 4, 5, 8, 8, 7, 9, 6, 8, 9, 7, 9, 10, 10, 10, 9, 10, 8, 9, 10, 9, 9, 4, 9, 10, 11, 13, 7, 6, 9, 10, 9, 10, 12, 11, 12, 12, 12, 11, 18, 12, 12]
Trade Returns: [0.0031861588645056625, -0.002795338112938394, 0.011557254291889741, 0.0008165312477012803, 0.0007668818149941381, -0.0022694905702770798, 0.006065447035281055, -0.0026583035512056756, -0.0023181546990882203, 0.003612664846452064, -0.002206057690498082, 0.00018259211560282484, 0.004860994449641578, 0.0023139328012938666, -0.00020155174440277337, -0.0024408274266500014, 0.0005669502903683327, -0.0023845638761184375, -3.7767970521281565e-05, -0.002329356803028422, -0.002699333552506226, 0.009828806914715157, -0.0021625916919702426, -0.0020413512631405287, -0.0024932247568074093, 0.0008143677430188774, -0.002153782982420164, 8.02927905984314e-05, -0.001257949939114438, -0.0010106273212493093, -0.0019829914489151714, -0.0015187198034233502, 0.0022330200846988803, -0.0021609347363073747, -0.0021152221625791306, 0.0003276153436672074, -0.002603393032690481, -0.0023246758442450107, -0.0023188655214878575, 0.00546350500330679, -0.002385744649473989, 0.003971336577721661, 0.0034757463311998926, -0.0031112009502628915, 0.00927011390643579]
Daily Returns: [0, 0, 0, 0, 0, 0, 0, 0, 0, 0, 0, 0, 0.0031861588645056625, 0, 0.008761916178951347, 0, 0, 0, 0, 0.0008165312477012803, 0.0007668818149941381, 0, 0, 0, 0, 0, 0, 0, 0, 0, 0, 0, -0.0022694905702770798, 0, 0, 0, 0, 0, 0.0034071434840753792, 0, 0, 0, 0, -0.0023181546990882203, 0, 0, 0, 0, 0, 0, 0.003612664846452064, 0, 0, 0, -0.002206057690498082, 0, 0, 0, 0.00018259211560282484, 0, 0, 0, 0.004860994449641578, 0, 0.0023139328012938666, 0, 0, 0, 0, 0, 0, 0, -0.0026423791710527746, -0.0018553815562713863, 0, 0, 0, 0, 0, 0, 0, 0, -0.002329356803028422, 0, -0.002699333552506226, 0, 0, 0, 0, 0, 0, 0, 0, 0, 0, 0, 0.007666215222744914, 0, 0, 0, 0, 0, 0, 0, 0, 0, 0, 0, -0.0020413512631405287, 0, 0, 0, 0, 0, 0, -0.0024932247568074093, 0, 0, 0, 0, 0.0008143677430188774, 0, 0, 0, 0, 0, 0, -0.002153782982420164, 0, 8.02927905984314e-05, -0.001257949939114438, 0, 0, -0.0010106273212493093, 0, 0, -0.0019829914489151714, 0, -0.0015187198034233502, 0, 0, 0, 0.0022330200846988803, 0, 0, -0.0021609347363073747, 0, 0, -0.0021152221625791306, 0, 0, 0, 0, 0.0003276153436672074, -0.002603393032690481, 0, 0, 0, 0, 0, 0, 0, 0, 0, -0.0023246758442450107, 0, 0, 0, 0, -0.0023188655214878575, 0, 0, 0.0030777603538328013, 0, 0, 0, 0, 0, 0, 0, 0, 0, 0.003971336577721661, 0, 0, 0, 0, 0, 0, 0, 0, 0, 0, 0.0034757463311998926, -0.0031112009502628915, 0.00927011390643579, 0, 0, 0, 0, 0, 0]
Start Date: 2025-03-17
End Date: 2025-11-06
Sharpe Ratio: 0.052
Annualized Sharpe: 0.831
Sharpe 95% CI: (np.float64(-1.552), np.float64(2.6))
Sortino Ratio: 0.156
CAGR: 0.019
Calmar Ratio: 0.862
Daily Win Rate (%): 0.422
Max Drawdown: 0.022
Profit Factor: 1.286
Expectancy: 0.000342
Average Win: 0.003652
Average Loss: 0.002076
Total Trades: 45
Total Days: 202



Rolling 9 - Variant 3 - atr_0.25_9 - Fit Metrics
Contracts: [9, 9, 14, 13, 9, 10, 9, 10, 11, 8, 8, 8, 9, 5, 7, 9, 10, 10, 9, 7, 8, 7, 8, 8, 6, 6, 6, 6, 6, 6, 8, 10, 10, 10, 7, 7, 7, 7, 10, 5, 5, 6, 6, 6, 6, 6, 7, 8, 8, 6, 6, 7, 7, 6, 5, 7, 6, 7, 6, 8, 6, 9, 5, 6, 6, 8, 9, 9, 9, 5, 11, 6, 5, 7, 7, 10, 6, 11, 10, 12, 10, 9, 9, 9, 12, 7, 15, 10, 9, 10, 8, 9, 9, 11, 10, 10, 9, 8, 8, 8, 10, 12, 10, 12, 13, 9, 10, 13, 8, 10, 11, 9, 13, 10, 9, 10, 14, 8, 11, 7, 11, 10, 11, 13, 12, 10, 10, 10, 10, 14, 11, 11, 6, 11, 8, 13, 10, 10, 16, 15, 16, 13, 18, 16, 10, 13, 13, 13, 13, 12, 13, 13, 12, 13, 11, 10, 13, 11, 21, 18, 15, 11, 8, 15, 15, 15, 20, 20, 11, 11, 18, 15, 16, 10, 9, 10, 16, 16, 15, 7, 8, 7, 6, 6, 9, 9, 10, 7, 11, 7, 8, 8, 10, 9, 5, 11, 11, 10, 10, 12, 8, 12, 12, 13, 4, 4, 5, 8, 8, 7, 9, 6, 8, 9, 7, 9, 10, 10, 9, 9, 10, 8, 9, 10, 9, 9, 4, 9, 10, 11, 13, 7, 6, 9, 10, 9, 10, 12, 11, 12, 12, 12, 11, 18, 12, 12]
Trade Returns: [-0.0023168250000000002, 0.0007505388672109267, 0.014487516788512244, -0.0025017603595391055, -0.002174113873743027, -0.002351063636912138, 0.001186504549974602, -0.0005392311918729406, -0.002403680335727823, -0.0020986075956482397, 0.0011111254422876092, -0.002103021011516817, -0.0021460923325985295, 0.00301343912751589, 0.00036300185111982344, 0.004200969613144644, -0.002249059736662376, -0.000712169423279661, -0.0023650793172252734, -0.0016690431886309757, -0.002210865969953026, -0.0019387941376906627, -0.0022703104308374753, 0.0036413263346871173, -0.002302492447698335, -0.002496389385449491, -0.002729503165993781, 0.0014146667639300628, -0.00021535316632010848, 0.00035263724337039246, 0.008344017493605744, 0.005650899360981397, 0.0013260169452420552, -0.0025592933616299667, 0.00018803516262531116, 0.003109147169970049, -0.002181375150776887, -0.000814032401247406, -0.002191067203691032, 0.0020433296000770904, 0.0028965904616530982, 0.0038221753514469476, -0.00017446762563653066, 0.003919953228958627, 0.002829415799840747, -0.001992291218952235, -0.0003797476451435913, -3.3996570348908826e-05, -0.002502827357898408, -0.002026817930193264, -0.0019380924037953455, 0.0023577021009682435, 0.00841530817626906, 0.003545394649705201, -0.0004606464366268346, 0.012059116065244376, 0.011539532583864845, -0.0025921301146764183, -0.0016869824743832868, 0.0003000815332212379, -0.0027931300942535, -0.0023380714732422394, -0.0009552864444854572, -0.001853545566738902, -0.0017481542041207655, -0.001995768464983041, 0.001601050548621801, -0.0021915996074059647, -0.0027429478696834146, -0.0016802840268232615, -0.0019055603459106197, 0.003759863348028089, -0.0018992269385726113, 0.0017964523840708103, -0.0022092859556566385, -0.0018786629210852202, -0.0023057790646385523, 0.006594807810564904, -0.00283060984799559, -0.002724477571584083, 0.0013046926523178346, -0.0021563207713559953, -0.0025469880860424787, -0.002885200268865685, -0.0014996639812921854, -0.002803695964698, -0.0018864481554529372, -0.001709015300655822, 0.005707271302794842, -0.002380532406434254, 0.0006336295681850471, 0.002575913438533898, -0.002475914832331326, 0.004061914341321542, -0.0020731112835820145, 0.0030444863350422547, 0.003926334106814673, -0.002031034070414078, -0.0030792204711713278, -0.0025273918449203944, -0.002482194877917862, -0.00254023424524252, 0.0005780513313554281, -0.0016374613701312707, -0.0033265279101210962, -0.0013912863939617615, 0.015076217173786283, -0.0023767074385004504, -0.00229817490749951, -0.002056868447087488, -3.843303167128832e-05, -0.002321874606184142, -0.0027587188050145106, 0.0006418492588384354, 0.012179808273534149, -0.0025297471019239287, 0.007272291564152264, 0.0016049639438616575, -0.002212511442844081, -0.00223695195510439, 0.0034628515257621, -0.002709128680413342, 0.0042337990013184505, -0.002410089483393949, 0.0009386431437661473, -0.0021550419014421934, -0.001917564823812721, -0.0012728065423633186, -0.002344781145710363, -0.0024051998471395684, -0.00280541164791104, -0.0027975633311560465, -0.0005261243300824856, -0.0019070966588179174, -0.0021506213785947126, 0.003833098278484077, 0.00020626867955331928, 0.006706035768429531, -0.002244098599613694, -0.0026966442361237943, -0.002204786298341437, -0.001792918876705033, -0.002711133784013307, -0.0021167397243078375, -0.0005436227062193653, -0.002456923453828703, -0.0006288991729848872, 0.0028904348051227227, 0.0014549649108000493, 0.00043292634562185127, -0.002051925822659677, -0.0022747426107787893, 0.01025278198951893, -0.002342836785934037, 0.00545215589579042, -0.0021950960727477797, -0.0026261505459484083, 0.009734725013069575, -0.002689741950487702, -0.0025262503440128294, -0.0024037741392783484, -0.0022038090540384215, -0.0007314830103383812, 0.0012439529545567188, 0.003295664976067956, -0.002994234415029092, 0.0005364282289634726, -0.0027587867008278073, -0.002550147260549805, 0.001877694226090331, 0.016766066800712985, -0.002594170117727292, -0.0028727335627707945, -0.0007827329312770162, -0.0021666601808891534, 0.002684466765801407, 0.0021041776248968457, -0.0016441809389204098, -0.0013589200444311502, -0.002256312494277628, 0.004720077565921411, 0.0007478700688421788, -0.0018464973099814519, 0.0040244081775513965, 0.001952383055137436, -0.0022728267671318224, -0.0021009466132430855, -0.0024409376819046376, 0.003929042277380983, -0.0021644727427327357, -0.0025943636116089815, -0.0021691678474128734, 0.004281091192001543, -0.0022855109290719176, -0.001458026390166427, 0.009581268629513397, -0.0030761909474726016, -0.0025348204161144794, -0.0024154334486324535, -0.002409613188339073, -0.0020906119836943344]
Daily Returns: [-0.0023168250000000002, 0, 0, 0, 0.0007505388672109267, 0, 0, 0, 0, 0, 0.011985756428973138, 0, -0.002174113873743027, 0, -0.001164559086937536, 0, 0, 0, -0.0005392311918729406, 0, -0.002403680335727823, 0, 0, 0, 0, 0, 0, 0, 0, 0, 0, 0, 0, 0, 0, 0, 0, 0, 0, 0, 0, -0.0020986075956482397, 0.0011111254422876092, 0, 0, 0, 0, 0, 0, 0, 0, 0, 0, -0.002103021011516817, 0, 0, -0.0021460923325985295, 0, 0, 0, 0, 0, 0, 0, 0, 0, 0, 0, 0, 0, 0, 0, 0.00301343912751589, 0, 0, 0, 0, 0, 0, 0, 0, 0.00036300185111982344, 0, 0, 0.0012397404532026072, 0, 0, -0.0023650793172252734, 0, 0, 0, 0, -0.0016690431886309757, 0, 0, 0, 0, 0, 0, 0, 0, -0.002210865969953026, 0, 0, 0, 0, 0, -0.0019387941376906627, 0.001371015903849642, 0, 0, 0, 0, 0, 0, 0, 0, 0, 0, -0.002302492447698335, -0.005225892551443272, 0, 0.0014146667639300628, 0.00013728407705028398, 0, 0, 0, 0, 0, 0, 0, 0, 0, 0, 0, 0, 0, 0, 0, 0, 0, 0, 0.008344017493605744, 0, 0, 0, 0, 0.005650899360981397, 0.0013260169452420552, -0.0025592933616299667, 0, 0, 0, 0, 0, 0, 0, 0, 0, 0, 0, 0.00018803516262531116, 0.00011373961794575616, 0, 0, 0, 0, 0, 0, 0, 0, 0, 0, 0, 0, 0, 0, 0, 0, 0, 0, 0, 0, 0, 0, 0, -0.002191067203691032, 0, 0.0020433296000770904, 0, 0, 0.006544298187463515, 0.003919953228958627, 0, 0, 0, 0.002829415799840747, 0, -0.0023720388640958265, 0, 0, -3.3996570348908826e-05, 0, 0, 0, 0, 0, 0, 0, 0, -0.002502827357898408, 0, 0, 0, 0, 0, -0.002026817930193264, 0, -0.0019380924037953455, 0.0023577021009682435, 0, 0, 0.00841530817626906, 0, 0, 0, 0, 0.003545394649705201, 0, 0, 0, 0, 0, 0, 0, 0, 0, 0, 0, 0, 0, 0, 0, 0, 0, 0, 0, 0, 0, 0, 0, -0.0004606464366268346, 0, 0, 0, 0, 0, 0.012059116065244376, 0, 0, 0, 0, 0, 0, 0.008947402469188428, 0, 0, 0, -0.0016869824743832868, 0, 0.0003000815332212379, 0, 0, 0, 0, -0.0027931300942535, 0, 0, 0, 0, 0, 0, 0, 0, 0, 0, 0, 0, 0, 0, 0, 0, -0.0023380714732422394, 0, 0, 0, 0, 0, -0.0009552864444854572, 0, 0, 0, 0, 0, -0.001853545566738902, -0.0017481542041207655, 0, 0, 0, 0, 0, 0, 0, 0, 0, 0, 0, 0, -0.001995768464983041, 0, 0, 0.001601050548621801, 0, -0.0021915996074059647, 0, 0, 0, -0.0027429478696834146, 0, 0, 0, 0, -0.0016802840268232615, 0, 0, 0, 0, 0, 0, 0, -0.0019055603459106197, 0, 0.003759863348028089, 0, -0.0018992269385726113, 0, 0, 0, 0.0017964523840708103, 0, 0, 0, 0, 0, -0.0022092859556566385, 0, -0.0018786629210852202, 0, 0, 0, 0, 0, 0, -0.0023057790646385523, 0, 0.006594807810564904, -0.00283060984799559, 0, 0, 0, 0, 0, 0, 0, 0, 0, -0.002724477571584083, 0.0013046926523178346, 0, 0, -0.0021563207713559953, -0.0025469880860424787, 0, 0, -0.002885200268865685, 0, 0, 0, 0, 0, 0, 0, 0, 0, 0, 0, 0, -0.0014996639812921854, 0, 0, 0, 0, 0, 0, -0.004690144120150937, 0, 0, 0, -0.001709015300655822, 0, 0.005707271302794842, 0, -0.002380532406434254, 0, 0, 0, 0.0006336295681850471, 0, 0, 0, 0.002575913438533898, 0, -0.002475914832331326, 0, 0, 0, 0.004061914341321542, 0, 0, 0, -0.0020731112835820145, 0.0030444863350422547, 0, 0, 0.0018953000364005947, 0, 0, 0, 0, 0, 0, 0, 0, -0.0030792204711713278, 0, 0, 0, 0, 0, 0, 0, 0, 0, 0, -0.0025273918449203944, 0, -0.002482194877917862, 0, 0, 0, 0, -0.00254023424524252, 0, 0, 0, 0, 0, 0, 0, 0, 0, 0, 0, 0, 0, 0, 0, 0, 0.0005780513313554281, 0, 0, 0, 0, -0.0016374613701312707, 0, 0, -0.004717814304082858, 0, 0, 0, 0, 0, 0, 0, 0, 0, 0, 0.015076217173786283, 0, 0, 0, 0, 0, -0.0023767074385004504, 0, 0, 0, 0, 0, 0, 0, 0, -0.00229817490749951, 0, 0, -0.0020953014787587765, 0, 0, -0.002321874606184142, 0, 0, 0, 0, 0, 0, -0.0027587188050145106, 0, 0, 0, 0, 0, 0.0006418492588384354, 0, 0, 0.00965006117161022, 0, 0, 0, 0, 0, 0, 0, 0, 0.007272291564152264, 0, 0, 0, 0, 0, 0, 0, 0, 0, 0, 0, 0, 0, 0, 0, 0, 0, 0, 0, 0, 0.0016049639438616575, 0, 0, 0, 0, 0, 0, 0, 0, 0, -0.002212511442844081, 0.0012258995706577098, 0, 0, -0.002709128680413342, 0, 0.0042337990013184505, -0.002410089483393949, 0, 0, 0, 0.0009386431437661473, 0, -0.0021550419014421934, -0.001917564823812721, 0, 0, 0, 0, -0.0012728065423633186, 0, 0, 0, -0.004749980992849932, 0, 0, 0, 0, 0, 0, 0, 0, 0, 0, 0, 0, 0, -0.00280541164791104, -0.0027975633311560465, 0, 0, 0, 0, 0, 0, 0, 0, -0.0005261243300824856, 0, -0.0019070966588179174, 0, 0, 0, 0, 0, 0, 0, 0, 0, 0, 0, 0, 0, 0, 0, 0, 0, 0, 0, 0, 0, 0, 0, 0, 0, 0, 0, 0, 0, 0, 0, 0, 0, 0, 0, 0, 0, 0, 0, 0, 0, 0, -0.0021506213785947126, 0, 0, 0, 0, 0.004039366958037396, 0.006706035768429531, 0, 0, -0.002244098599613694, 0, 0, 0, 0, 0, 0, 0, 0, 0, 0, 0, 0, -0.0026966442361237943, 0, 0, 0, 0, 0, -0.002204786298341437, 0, 0, 0, 0, 0, -0.001792918876705033, -0.002711133784013307, 0, 0, 0, 0, -0.0021167397243078375, -0.0005436227062193653, 0, 0, 0, 0, 0, 0, 0, 0, 0, 0, 0, 0, -0.002456923453828703, 0, 0, 0, 0, 0, 0, 0, 0, 0, 0, -0.0006288991729848872, 0.004345399715922772, 0, 0.00043292634562185127, -0.004326668433438466, 0, 0, 0, 0, 0, 0, 0.007909945203584892, 0.00545215589579042, 0, 0, 0, 0, 0, -0.0021950960727477797, 0, 0, 0, 0, -0.0026261505459484083, 0, 0, 0, 0, 0, 0.009734725013069575, 0, 0, 0, 0, 0, -0.002689741950487702, 0, -0.0025262503440128294, 0, 0, 0, 0, 0, -0.0024037741392783484, 0, -0.0022038090540384215, 0, 0, -0.0007314830103383812, 0, 0, 0, 0, 0, 0, 0, 0, 0.0012439529545567188, 0.003295664976067956, 0, 0, 0, -0.002994234415029092, 0, 0, 0, 0, 0, 0, 0, 0, 0, 0, 0, 0, 0, 0, 0, 0, 0, 0, 0, 0, 0.0005364282289634726, 0, 0, 0, -0.0027587867008278073, 0, 0, 0, -0.002550147260549805, 0, 0, 0, 0, 0, 0.001877694226090331, 0, 0, 0.016766066800712985, 0, 0, 0, 0, 0, 0, 0, 0, 0, 0, 0, 0, 0, 0, 0, 0, 0, 0, 0, -0.002594170117727292, 0, 0, 0, 0, 0, 0, -0.0028727335627707945, 0, 0, 0, 0, 0, 0, 0, 0, 0, -0.0007827329312770162, 0, 0.0005178065849122536, 0, 0, 0, 0, 0, 0, 0, 0, 0, 0, 0, 0, 0, 0, 0, 0, 0, 0, 0, 0, 0, 0, 0, 0, 0, 0.00045999668597643587, -0.0013589200444311502, 0, 0, 0, 0, 0, 0, -0.002256312494277628, 0, 0, 0, 0, 0, 0, 0, 0, 0, 0, 0.004720077565921411, 0, 0, 0, 0, 0, 0.0007478700688421788, -0.0018464973099814519, 0, 0.0040244081775513965, 0, 0.001952383055137436, 0, 0, -0.0022728267671318224, 0, 0, 0, -0.0021009466132430855, 0, 0, 0, 0, 0, 0, 0, 0, 0, 0, 0, 0, 0, 0, 0, 0, -0.0024409376819046376, 0, 0, 0, 0, 0, 0.003929042277380983, -0.0021644727427327357, 0, 0, 0, 0, 0, -0.0025943636116089815, 0, 0, 0, 0, -0.0021691678474128734, 0, 0, 0, 0.004281091192001543, 0, 0, -0.0022855109290719176, 0, 0, 0, 0, 0, 0, -0.001458026390166427, 0, 0, 0, 0, 0, 0.006505077682040795, 0, 0, 0, 0, 0, 0, 0, 0, 0, 0, 0, 0, -0.007359867053086006, 0, 0, 0, 0, 0, 0, 0, 0, 0, 0, 0, 0, -0.0020906119836943344, 0]
Start Date: 2021-12-17
End Date: 2025-03-16
Sharpe Ratio: 0.005
Annualized Sharpe: 0.082
Sharpe 95% CI: (np.float64(-0.995), np.float64(0.948))
Sortino Ratio: 0.008
CAGR: 0.002
Calmar Ratio: 0.038
Daily Win Rate (%): 0.343
Max Drawdown: 0.046
Profit Factor: 1.03
Expectancy: 4.1e-05
Average Win: 0.004095
Average Loss: 0.002078
Total Trades: 201
Total Days: 1016

Rolling 9 - Variant 3 - atr_0.25_9 - Test Metrics
Contracts: [9, 9, 14, 13, 9, 10, 9, 10, 11, 8, 8, 8, 9, 5, 7, 9, 10, 10, 9, 7, 8, 7, 8, 8, 6, 6, 6, 6, 6, 6, 8, 10, 10, 10, 7, 7, 7, 7, 10, 5, 5, 6, 6, 6, 6, 6, 7, 8, 8, 6, 6, 7, 7, 6, 5, 7, 6, 7, 6, 8, 6, 9, 5, 6, 6, 8, 9, 9, 9, 5, 11, 6, 5, 7, 7, 10, 6, 11, 10, 12, 10, 9, 9, 9, 12, 7, 15, 10, 9, 10, 8, 9, 9, 11, 10, 10, 9, 8, 8, 8, 10, 12, 10, 12, 13, 9, 10, 13, 8, 10, 11, 9, 13, 10, 9, 10, 14, 8, 11, 7, 11, 10, 11, 13, 12, 10, 10, 10, 10, 14, 11, 11, 6, 11, 8, 13, 10, 10, 16, 15, 16, 13, 18, 16, 10, 13, 13, 13, 13, 12, 13, 13, 12, 13, 11, 10, 13, 11, 21, 18, 15, 11, 8, 15, 15, 15, 20, 20, 11, 11, 18, 15, 16, 10, 9, 10, 16, 16, 15, 7, 8, 7, 6, 6, 9, 9, 10, 7, 11, 7, 8, 8, 10, 9, 5, 11, 11, 10, 10, 12, 8, 12, 12, 13, 4, 4, 5, 8, 8, 7, 9, 6, 8, 9, 7, 9, 10, 10, 9, 9, 10, 8, 9, 10, 9, 9, 4, 9, 10, 11, 13, 7, 6, 9, 10, 9, 10, 12, 11, 12, 12, 12, 11, 18, 12, 12]
Trade Returns: [0.0031893152245472713, -0.0027980985036567493, 0.011568835909474398, 0.0008173398331544326, 0.0007676406139644317, -0.0022717344182131864, 0.006071473640576428, -0.0026609378033042095, -0.002320444108762658, 0.003616240359187506, -0.0022082331942729883, 0.00018277286299779594, 0.0048657987282490585, 0.002316208662312384, -0.00020174952186614815, -0.0024432230301748366, 0.0005675080989962465, -0.002148217793952113, -3.779615410948439e-05, -0.002331095104382858, -0.0027013526587310217, 0.00484354951912506, -0.0021642177531247253, -0.002053024731620253, -0.002495094744789056, 0.0008190342859966936, -0.002166114629627636, 8.075351101121878e-05, -0.0012651674789820907, -0.0010164331827424255, -0.0019943949480361513, -0.001527470889740543, 0.0022459067580494732, -0.0021733774626711225, -0.0021274282029192567, 0.0003295099019089661, -0.0026184431673141363, -0.0023381500047438435, -0.0023323375040239557, 0.005495320697047445, -0.0023995616558178117, 0.003994391839781134, 0.0034958442067790706, -0.003129128236997664, 0.009323697602439429]
Daily Returns: [0, 0, 0, 0, 0, 0, 0, 0, 0, 0, 0, 0, 0.0031893152245472713, 0, 0.00877073740581765, 0, 0, 0, 0, 0.0008173398331544326, 0.0007676406139644317, 0, 0, 0, 0, 0, 0, 0, 0, 0, 0, 0, -0.0022717344182131864, 0, 0, 0, 0, 0, 0.0034105358372722183, 0, 0, 0, 0, -0.002320444108762658, 0, 0, 0, 0, 0, 0, 0.003616240359187506, 0, 0, 0, -0.0022082331942729883, 0, 0, 0, 0.00018277286299779594, 0, 0, 0, 0.0048657987282490585, 0, 0.002316208662312384, 0, 0, 0, 0, 0, 0, 0, -0.0026449725520409847, -0.0016185058490653507, 0, 0, 0, 0, 0, 0, 0, 0, -0.002331095104382858, 0, -0.0027013526587310217, 0, 0, 0, 0, 0, 0, 0, 0, 0, 0, 0, 0.0026793317660003344, 0, 0, 0, 0, 0, 0, 0, 0, 0, 0, 0, -0.002053024731620253, 0, 0, 0, 0, 0, 0, -0.002495094744789056, 0, 0, 0, 0, 0.0008190342859966936, 0, 0, 0, 0, 0, 0, -0.002166114629627636, 0, 8.075351101121878e-05, -0.0012651674789820907, 0, 0, -0.0010164331827424255, 0, 0, -0.0019943949480361513, 0, -0.001527470889740543, 0, 0, 0, 0.0022459067580494732, 0, 0, -0.0021733774626711225, 0, 0, -0.0021274282029192567, 0, 0, 0, 0, 0.0003295099019089661, -0.0026184431673141363, 0, 0, 0, 0, 0, 0, 0, 0, 0, -0.0023381500047438435, 0, 0, 0, 0, -0.0023323375040239557, 0, 0, 0.003095759041229633, 0, 0, 0, 0, 0, 0, 0, 0, 0, 0.003994391839781134, 0, 0, 0, 0, 0, 0, 0, 0, 0, 0, 0.0034958442067790706, -0.003129128236997664, 0.009323697602439429, 0, 0, 0, 0, 0, 0]
Start Date: 2025-03-17
End Date: 2025-11-06
Sharpe Ratio: 0.039
Annualized Sharpe: 0.611
Sharpe 95% CI: (np.float64(-1.786), np.float64(2.438))
Sortino Ratio: 0.105
CAGR: 0.013
Calmar Ratio: 0.489
Daily Win Rate (%): 0.422
Max Drawdown: 0.027
Profit Factor: 1.198
Expectancy: 0.000237
Average Win: 0.0034
Average Loss: 0.002074
Total Trades: 45
Total Days: 202



Rolling 9 - Variant 4 - atr_0.25_10 - Fit Metrics
Contracts: [9, 9, 14, 13, 9, 10, 9, 10, 11, 8, 8, 8, 9, 5, 7, 9, 10, 10, 9, 7, 8, 7, 8, 8, 6, 6, 6, 6, 6, 6, 8, 10, 10, 10, 7, 7, 7, 7, 10, 5, 5, 6, 6, 6, 6, 6, 7, 8, 8, 6, 6, 7, 7, 6, 5, 7, 6, 7, 6, 8, 6, 9, 5, 6, 6, 8, 9, 9, 9, 5, 11, 6, 5, 7, 7, 10, 6, 11, 10, 12, 10, 9, 9, 9, 12, 7, 15, 10, 9, 10, 8, 9, 9, 11, 10, 10, 9, 8, 8, 8, 10, 12, 10, 12, 13, 9, 10, 13, 8, 10, 11, 9, 13, 10, 9, 10, 14, 8, 11, 7, 11, 10, 11, 13, 12, 10, 10, 10, 10, 14, 11, 11, 6, 11, 8, 13, 10, 10, 16, 15, 16, 13, 18, 16, 10, 13, 13, 13, 13, 12, 13, 13, 12, 13, 11, 10, 13, 11, 21, 18, 15, 11, 8, 15, 15, 15, 20, 20, 11, 11, 18, 15, 16, 10, 9, 10, 16, 16, 15, 7, 8, 7, 6, 6, 9, 9, 10, 7, 11, 7, 8, 8, 10, 9, 5, 11, 11, 10, 10, 12, 8, 12, 12, 13, 4, 4, 5, 8, 8, 7, 9, 6, 8, 9, 7, 9, 10, 10, 9, 9, 10, 8, 9, 10, 9, 9, 4, 9, 10, 11, 13, 7, 6, 9, 10, 9, 10, 12, 11, 12, 12, 12, 11, 18, 12, 12]
Trade Returns: [-0.0023168250000000002, 0.0007505388672109267, 0.014487516788512244, -0.0025017603595391055, -0.002174113873743027, -0.002351063636912138, 0.001186504549974602, -0.0005392311918729406, -0.002403680335727823, -0.0020986075956482397, 0.0011111254422876092, -0.002103021011516817, -0.0021460923325985295, 0.00301343912751589, 0.00036300185111982344, 0.004200969613144644, -0.002249059736662376, -0.000712169423279661, -0.0023650793172252734, -0.0016690431886309757, -0.002210865969953026, -0.0019387941376906627, -0.0022703104308374753, 0.0036413263346871173, -0.002302492447698335, -0.002496389385449491, -0.002729503165993781, 0.0014146667639300628, -0.00021535316632010848, 0.00035263724337039246, 0.008344017493605744, 0.005650899360981397, 0.0013260169452420552, -0.0025592933616299667, 0.00018803516262531116, 0.003109147169970049, -0.002181375150776887, -0.000814032401247406, -0.002191067203691032, 0.0020433296000770904, 0.0028965904616530982, 0.0038221753514469476, -0.00017446762563653066, 0.003919953228958627, 0.002829415799840747, -0.001992291218952235, -0.0003797476451435913, -3.3996570348908826e-05, -0.002502827357898408, -0.002026817930193264, -0.0019380924037953455, 0.0023577021009682435, 0.00841530817626906, 0.003545394649705201, -0.0004606464366268346, 0.012059116065244376, 0.011539532583864845, -0.0025921301146764183, -0.0016869824743832868, 0.0003000815332212379, -0.0027931300942535, -0.0023380714732422394, -0.0009552864444854572, -0.001853545566738902, -0.0017481542041207655, -0.001995768464983041, 0.001601050548621801, -0.0021915996074059647, -0.0027429478696834146, -0.0016802840268232615, -0.0019055603459106197, 0.003759863348028089, -0.0018992269385726113, 0.0017964523840708103, -0.0022092859556566385, -0.0018786629210852202, -0.0023057790646385523, 0.006594807810564904, -0.00283060984799559, -0.002724477571584083, 0.0013046926523178346, -0.0021563207713559953, -0.0025469880860424787, -0.002885200268865685, -0.0014996639812921854, -0.002803695964698, -0.0018864481554529372, -0.001709015300655822, 0.005707271302794842, -0.002380532406434254, 0.0006336295681850471, 0.002575913438533898, -0.002475914832331326, 0.004061914341321542, -0.0020731112835820145, 0.0030444863350422547, 0.003926334106814673, -0.002031034070414078, -0.0030792204711713278, -0.0025273918449203944, -0.002482194877917862, -0.00254023424524252, 0.0005780513313554281, -0.0016374613701312707, -0.0033265279101210962, -0.0013912863939617615, 0.015076217173786283, -0.0023767074385004504, -0.00229817490749951, -0.002056868447087488, -3.843303167128832e-05, -0.002321874606184142, -0.0027587188050145106, 0.0006418492588384354, 0.012179808273534149, -0.0025297471019239287, 0.007272291564152264, 0.0016049639438616575, -0.002212511442844081, -0.00223695195510439, 0.0034628515257621, -0.002709128680413342, 0.0042337990013184505, -0.002410089483393949, 0.0009386431437661473, -0.0021550419014421934, -0.001917564823812721, -0.0012728065423633186, -0.002344781145710363, -0.0024051998471395684, -0.00280541164791104, -0.0027975633311560465, -0.0005261243300824856, -0.0019070966588179174, -0.0021506213785947126, 0.003833098278484077, 0.00020626867955331928, 0.006706035768429531, -0.002244098599613694, -0.0026966442361237943, -0.002204786298341437, -0.001792918876705033, -0.002711133784013307, -0.0021167397243078375, -0.0005436227062193653, -0.002456923453828703, -0.0006288991729848872, 0.0028904348051227227, 0.0014549649108000493, 0.00043292634562185127, -0.002051925822659677, -0.0022747426107787893, 0.01025278198951893, -0.002342836785934037, 0.00545215589579042, -0.0021950960727477797, -0.0026261505459484083, 0.009734725013069575, -0.002689741950487702, -0.0025262503440128294, -0.0024037741392783484, -0.0022038090540384215, -0.0007314830103383812, 0.0012439529545567188, 0.003295664976067956, -0.002994234415029092, 0.0005364282289634726, -0.0027587867008278073, -0.002550147260549805, 0.001877694226090331, 0.016766066800712985, -0.002594170117727292, -0.0028727335627707945, -0.0007827329312770162, -0.0021666601808891534, 0.002684466765801407, 0.0021041776248968457, -0.0016441809389204098, -0.0013589200444311502, -0.002256312494277628, 0.004720077565921411, 0.0007478700688421788, -0.0018464973099814519, 0.0040244081775513965, 0.001952383055137436, -0.0022728267671318224, -0.0021009466132430855, -0.0024409376819046376, 0.003929042277380983, -0.0021644727427327357, -0.0025943636116089815, -0.0021691678474128734, 0.004281091192001543, -0.0022855109290719176, -0.001458026390166427, 0.009581268629513397, -0.0030761909474726016, -0.0025348204161144794, -0.0024154334486324535, -0.002409613188339073, -0.0020906119836943344]
Daily Returns: [-0.0023168250000000002, 0, 0, 0, 0.0007505388672109267, 0, 0, 0, 0, 0, 0.011985756428973138, 0, -0.002174113873743027, 0, -0.001164559086937536, 0, 0, 0, -0.0005392311918729406, 0, -0.002403680335727823, 0, 0, 0, 0, 0, 0, 0, 0, 0, 0, 0, 0, 0, 0, 0, 0, 0, 0, 0, 0, -0.0020986075956482397, 0.0011111254422876092, 0, 0, 0, 0, 0, 0, 0, 0, 0, 0, -0.002103021011516817, 0, 0, -0.0021460923325985295, 0, 0, 0, 0, 0, 0, 0, 0, 0, 0, 0, 0, 0, 0, 0, 0.00301343912751589, 0, 0, 0, 0, 0, 0, 0, 0, 0.00036300185111982344, 0, 0, 0.0012397404532026072, 0, 0, -0.0023650793172252734, 0, 0, 0, 0, -0.0016690431886309757, 0, 0, 0, 0, 0, 0, 0, 0, -0.002210865969953026, 0, 0, 0, 0, 0, -0.0019387941376906627, 0.001371015903849642, 0, 0, 0, 0, 0, 0, 0, 0, 0, 0, -0.002302492447698335, -0.005225892551443272, 0, 0.0014146667639300628, 0.00013728407705028398, 0, 0, 0, 0, 0, 0, 0, 0, 0, 0, 0, 0, 0, 0, 0, 0, 0, 0, 0.008344017493605744, 0, 0, 0, 0, 0.005650899360981397, 0.0013260169452420552, -0.0025592933616299667, 0, 0, 0, 0, 0, 0, 0, 0, 0, 0, 0, 0.00018803516262531116, 0.00011373961794575616, 0, 0, 0, 0, 0, 0, 0, 0, 0, 0, 0, 0, 0, 0, 0, 0, 0, 0, 0, 0, 0, 0, 0, -0.002191067203691032, 0, 0.0020433296000770904, 0, 0, 0.006544298187463515, 0.003919953228958627, 0, 0, 0, 0.002829415799840747, 0, -0.0023720388640958265, 0, 0, -3.3996570348908826e-05, 0, 0, 0, 0, 0, 0, 0, 0, -0.002502827357898408, 0, 0, 0, 0, 0, -0.002026817930193264, 0, -0.0019380924037953455, 0.0023577021009682435, 0, 0, 0.00841530817626906, 0, 0, 0, 0, 0.003545394649705201, 0, 0, 0, 0, 0, 0, 0, 0, 0, 0, 0, 0, 0, 0, 0, 0, 0, 0, 0, 0, 0, 0, 0, -0.0004606464366268346, 0, 0, 0, 0, 0, 0.012059116065244376, 0, 0, 0, 0, 0, 0, 0.008947402469188428, 0, 0, 0, -0.0016869824743832868, 0, 0.0003000815332212379, 0, 0, 0, 0, -0.0027931300942535, 0, 0, 0, 0, 0, 0, 0, 0, 0, 0, 0, 0, 0, 0, 0, 0, -0.0023380714732422394, 0, 0, 0, 0, 0, -0.0009552864444854572, 0, 0, 0, 0, 0, -0.001853545566738902, -0.0017481542041207655, 0, 0, 0, 0, 0, 0, 0, 0, 0, 0, 0, 0, -0.001995768464983041, 0, 0, 0.001601050548621801, 0, -0.0021915996074059647, 0, 0, 0, -0.0027429478696834146, 0, 0, 0, 0, -0.0016802840268232615, 0, 0, 0, 0, 0, 0, 0, -0.0019055603459106197, 0, 0.003759863348028089, 0, -0.0018992269385726113, 0, 0, 0, 0.0017964523840708103, 0, 0, 0, 0, 0, -0.0022092859556566385, 0, -0.0018786629210852202, 0, 0, 0, 0, 0, 0, -0.0023057790646385523, 0, 0.006594807810564904, -0.00283060984799559, 0, 0, 0, 0, 0, 0, 0, 0, 0, -0.002724477571584083, 0.0013046926523178346, 0, 0, -0.0021563207713559953, -0.0025469880860424787, 0, 0, -0.002885200268865685, 0, 0, 0, 0, 0, 0, 0, 0, 0, 0, 0, 0, -0.0014996639812921854, 0, 0, 0, 0, 0, 0, -0.004690144120150937, 0, 0, 0, -0.001709015300655822, 0, 0.005707271302794842, 0, -0.002380532406434254, 0, 0, 0, 0.0006336295681850471, 0, 0, 0, 0.002575913438533898, 0, -0.002475914832331326, 0, 0, 0, 0.004061914341321542, 0, 0, 0, -0.0020731112835820145, 0.0030444863350422547, 0, 0, 0.0018953000364005947, 0, 0, 0, 0, 0, 0, 0, 0, -0.0030792204711713278, 0, 0, 0, 0, 0, 0, 0, 0, 0, 0, -0.0025273918449203944, 0, -0.002482194877917862, 0, 0, 0, 0, -0.00254023424524252, 0, 0, 0, 0, 0, 0, 0, 0, 0, 0, 0, 0, 0, 0, 0, 0, 0.0005780513313554281, 0, 0, 0, 0, -0.0016374613701312707, 0, 0, -0.004717814304082858, 0, 0, 0, 0, 0, 0, 0, 0, 0, 0, 0.015076217173786283, 0, 0, 0, 0, 0, -0.0023767074385004504, 0, 0, 0, 0, 0, 0, 0, 0, -0.00229817490749951, 0, 0, -0.0020953014787587765, 0, 0, -0.002321874606184142, 0, 0, 0, 0, 0, 0, -0.0027587188050145106, 0, 0, 0, 0, 0, 0.0006418492588384354, 0, 0, 0.00965006117161022, 0, 0, 0, 0, 0, 0, 0, 0, 0.007272291564152264, 0, 0, 0, 0, 0, 0, 0, 0, 0, 0, 0, 0, 0, 0, 0, 0, 0, 0, 0, 0, 0.0016049639438616575, 0, 0, 0, 0, 0, 0, 0, 0, 0, -0.002212511442844081, 0.0012258995706577098, 0, 0, -0.002709128680413342, 0, 0.0042337990013184505, -0.002410089483393949, 0, 0, 0, 0.0009386431437661473, 0, -0.0021550419014421934, -0.001917564823812721, 0, 0, 0, 0, -0.0012728065423633186, 0, 0, 0, -0.004749980992849932, 0, 0, 0, 0, 0, 0, 0, 0, 0, 0, 0, 0, 0, -0.00280541164791104, -0.0027975633311560465, 0, 0, 0, 0, 0, 0, 0, 0, -0.0005261243300824856, 0, -0.0019070966588179174, 0, 0, 0, 0, 0, 0, 0, 0, 0, 0, 0, 0, 0, 0, 0, 0, 0, 0, 0, 0, 0, 0, 0, 0, 0, 0, 0, 0, 0, 0, 0, 0, 0, 0, 0, 0, 0, 0, 0, 0, 0, 0, -0.0021506213785947126, 0, 0, 0, 0, 0.004039366958037396, 0.006706035768429531, 0, 0, -0.002244098599613694, 0, 0, 0, 0, 0, 0, 0, 0, 0, 0, 0, 0, -0.0026966442361237943, 0, 0, 0, 0, 0, -0.002204786298341437, 0, 0, 0, 0, 0, -0.001792918876705033, -0.002711133784013307, 0, 0, 0, 0, -0.0021167397243078375, -0.0005436227062193653, 0, 0, 0, 0, 0, 0, 0, 0, 0, 0, 0, 0, -0.002456923453828703, 0, 0, 0, 0, 0, 0, 0, 0, 0, 0, -0.0006288991729848872, 0.004345399715922772, 0, 0.00043292634562185127, -0.004326668433438466, 0, 0, 0, 0, 0, 0, 0.007909945203584892, 0.00545215589579042, 0, 0, 0, 0, 0, -0.0021950960727477797, 0, 0, 0, 0, -0.0026261505459484083, 0, 0, 0, 0, 0, 0.009734725013069575, 0, 0, 0, 0, 0, -0.002689741950487702, 0, -0.0025262503440128294, 0, 0, 0, 0, 0, -0.0024037741392783484, 0, -0.0022038090540384215, 0, 0, -0.0007314830103383812, 0, 0, 0, 0, 0, 0, 0, 0, 0.0012439529545567188, 0.003295664976067956, 0, 0, 0, -0.002994234415029092, 0, 0, 0, 0, 0, 0, 0, 0, 0, 0, 0, 0, 0, 0, 0, 0, 0, 0, 0, 0, 0.0005364282289634726, 0, 0, 0, -0.0027587867008278073, 0, 0, 0, -0.002550147260549805, 0, 0, 0, 0, 0, 0.001877694226090331, 0, 0, 0.016766066800712985, 0, 0, 0, 0, 0, 0, 0, 0, 0, 0, 0, 0, 0, 0, 0, 0, 0, 0, 0, -0.002594170117727292, 0, 0, 0, 0, 0, 0, -0.0028727335627707945, 0, 0, 0, 0, 0, 0, 0, 0, 0, -0.0007827329312770162, 0, 0.0005178065849122536, 0, 0, 0, 0, 0, 0, 0, 0, 0, 0, 0, 0, 0, 0, 0, 0, 0, 0, 0, 0, 0, 0, 0, 0, 0, 0.00045999668597643587, -0.0013589200444311502, 0, 0, 0, 0, 0, 0, -0.002256312494277628, 0, 0, 0, 0, 0, 0, 0, 0, 0, 0, 0.004720077565921411, 0, 0, 0, 0, 0, 0.0007478700688421788, -0.0018464973099814519, 0, 0.0040244081775513965, 0, 0.001952383055137436, 0, 0, -0.0022728267671318224, 0, 0, 0, -0.0021009466132430855, 0, 0, 0, 0, 0, 0, 0, 0, 0, 0, 0, 0, 0, 0, 0, 0, -0.0024409376819046376, 0, 0, 0, 0, 0, 0.003929042277380983, -0.0021644727427327357, 0, 0, 0, 0, 0, -0.0025943636116089815, 0, 0, 0, 0, -0.0021691678474128734, 0, 0, 0, 0.004281091192001543, 0, 0, -0.0022855109290719176, 0, 0, 0, 0, 0, 0, -0.001458026390166427, 0, 0, 0, 0, 0, 0.006505077682040795, 0, 0, 0, 0, 0, 0, 0, 0, 0, 0, 0, 0, -0.007359867053086006, 0, 0, 0, 0, 0, 0, 0, 0, 0, 0, 0, 0, -0.0020906119836943344, 0]
Start Date: 2021-12-17
End Date: 2025-03-16
Sharpe Ratio: 0.005
Annualized Sharpe: 0.082
Sharpe 95% CI: (np.float64(-0.995), np.float64(0.948))
Sortino Ratio: 0.008
CAGR: 0.002
Calmar Ratio: 0.038
Daily Win Rate (%): 0.343
Max Drawdown: 0.046
Profit Factor: 1.03
Expectancy: 4.1e-05
Average Win: 0.004095
Average Loss: 0.002078
Total Trades: 201
Total Days: 1016

Rolling 9 - Variant 4 - atr_0.25_10 - Test Metrics
Contracts: [9, 9, 14, 13, 9, 10, 9, 10, 11, 8, 8, 8, 9, 5, 7, 9, 10, 10, 9, 7, 8, 7, 8, 8, 6, 6, 6, 6, 6, 6, 8, 10, 10, 10, 7, 7, 7, 7, 10, 5, 5, 6, 6, 6, 6, 6, 7, 8, 8, 6, 6, 7, 7, 6, 5, 7, 6, 7, 6, 8, 6, 9, 5, 6, 6, 8, 9, 9, 9, 5, 11, 6, 5, 7, 7, 10, 6, 11, 10, 12, 10, 9, 9, 9, 12, 7, 15, 10, 9, 10, 8, 9, 9, 11, 10, 10, 9, 8, 8, 8, 10, 12, 10, 12, 13, 9, 10, 13, 8, 10, 11, 9, 13, 10, 9, 10, 14, 8, 11, 7, 11, 10, 11, 13, 12, 10, 10, 10, 10, 14, 11, 11, 6, 11, 8, 13, 10, 10, 16, 15, 16, 13, 18, 16, 10, 13, 13, 13, 13, 12, 13, 13, 12, 13, 11, 10, 13, 11, 21, 18, 15, 11, 8, 15, 15, 15, 20, 20, 11, 11, 18, 15, 16, 10, 9, 10, 16, 16, 15, 7, 8, 7, 6, 6, 9, 9, 10, 7, 11, 7, 8, 8, 10, 9, 5, 11, 11, 10, 10, 12, 8, 12, 12, 13, 4, 4, 5, 8, 8, 7, 9, 6, 8, 9, 7, 9, 10, 10, 9, 9, 10, 8, 9, 10, 9, 9, 4, 9, 10, 11, 13, 7, 6, 9, 10, 9, 10, 12, 11, 12, 12, 12, 11, 18, 12, 12]
Trade Returns: [0.0031893152245472713, -0.0027980985036567493, 0.011568835909474398, 0.0008173398331544326, 0.0007676406139644317, -0.0022717344182131864, 0.006071473640576428, -0.0026609378033042095, -0.002320444108762658, 0.003616240359187506, -0.0022082331942729883, 0.00018277286299779594, 0.0048657987282490585, 0.002316208662312384, -0.00020174952186614815, -0.0024432230301748366, 0.0005675080989962465, -0.002148217793952113, -3.779615410948439e-05, -0.002331095104382858, -0.0027013526587310217, 0.00484354951912506, -0.0021642177531247253, -0.002053024731620253, -0.002495094744789056, 0.0008190342859966936, -0.002166114629627636, 8.075351101121878e-05, -0.0012651674789820907, -0.0010164331827424255, -0.0019943949480361513, -0.001527470889740543, 0.0022459067580494732, -0.0021733774626711225, -0.0021274282029192567, 0.0003295099019089661, -0.0026184431673141363, -0.0023381500047438435, -0.0023323375040239557, 0.005495320697047445, -0.0023995616558178117, 0.003994391839781134, 0.0034958442067790706, -0.003129128236997664, 0.009323697602439429]
Daily Returns: [0, 0, 0, 0, 0, 0, 0, 0, 0, 0, 0, 0, 0.0031893152245472713, 0, 0.00877073740581765, 0, 0, 0, 0, 0.0008173398331544326, 0.0007676406139644317, 0, 0, 0, 0, 0, 0, 0, 0, 0, 0, 0, -0.0022717344182131864, 0, 0, 0, 0, 0, 0.0034105358372722183, 0, 0, 0, 0, -0.002320444108762658, 0, 0, 0, 0, 0, 0, 0.003616240359187506, 0, 0, 0, -0.0022082331942729883, 0, 0, 0, 0.00018277286299779594, 0, 0, 0, 0.0048657987282490585, 0, 0.002316208662312384, 0, 0, 0, 0, 0, 0, 0, -0.0026449725520409847, -0.0016185058490653507, 0, 0, 0, 0, 0, 0, 0, 0, -0.002331095104382858, 0, -0.0027013526587310217, 0, 0, 0, 0, 0, 0, 0, 0, 0, 0, 0, 0.0026793317660003344, 0, 0, 0, 0, 0, 0, 0, 0, 0, 0, 0, -0.002053024731620253, 0, 0, 0, 0, 0, 0, -0.002495094744789056, 0, 0, 0, 0, 0.0008190342859966936, 0, 0, 0, 0, 0, 0, -0.002166114629627636, 0, 8.075351101121878e-05, -0.0012651674789820907, 0, 0, -0.0010164331827424255, 0, 0, -0.0019943949480361513, 0, -0.001527470889740543, 0, 0, 0, 0.0022459067580494732, 0, 0, -0.0021733774626711225, 0, 0, -0.0021274282029192567, 0, 0, 0, 0, 0.0003295099019089661, -0.0026184431673141363, 0, 0, 0, 0, 0, 0, 0, 0, 0, -0.0023381500047438435, 0, 0, 0, 0, -0.0023323375040239557, 0, 0, 0.003095759041229633, 0, 0, 0, 0, 0, 0, 0, 0, 0, 0.003994391839781134, 0, 0, 0, 0, 0, 0, 0, 0, 0, 0, 0.0034958442067790706, -0.003129128236997664, 0.009323697602439429, 0, 0, 0, 0, 0, 0]
Start Date: 2025-03-17
End Date: 2025-11-06
Sharpe Ratio: 0.039
Annualized Sharpe: 0.611
Sharpe 95% CI: (np.float64(-1.786), np.float64(2.438))
Sortino Ratio: 0.105
CAGR: 0.013
Calmar Ratio: 0.489
Daily Win Rate (%): 0.422
Max Drawdown: 0.027
Profit Factor: 1.198
Expectancy: 0.000237
Average Win: 0.0034
Average Loss: 0.002074
Total Trades: 45
Total Days: 202



Rolling 10 - Variant 0 - atr_0.25_6 - Fit Metrics
Contracts: [9, 9, 14, 13, 9, 10, 9, 10, 11, 8, 8, 8, 9, 5, 7, 9, 10, 10, 9, 7, 8, 7, 8, 8, 6, 6, 6, 6, 6, 6, 8, 10, 10, 10, 7, 7, 7, 7, 10, 5, 5, 6, 5, 6, 6, 6, 7, 8, 8, 6, 6, 6, 7, 6, 5, 6, 6, 7, 6, 8, 6, 9, 5, 6, 6, 8, 9, 9, 9, 5, 11, 6, 5, 7, 7, 10, 6, 11, 10, 12, 10, 9, 9, 9, 12, 7, 15, 10, 9, 10, 8, 9, 9, 11, 10, 10, 9, 8, 8, 8, 10, 12, 10, 12, 13, 9, 10, 13, 8, 10, 11, 9, 13, 10, 9, 10, 14, 8, 11, 7, 11, 10, 11, 13, 12, 10, 10, 10, 10, 14, 11, 11, 6, 11, 8, 13, 10, 10, 16, 15, 16, 13, 18, 16, 10, 13, 13, 13, 13, 12, 13, 13, 12, 13, 11, 10, 13, 11, 21, 18, 15, 11, 8, 15, 15, 15, 20, 20, 11, 11, 18, 15, 16, 10, 9, 10, 15, 16, 15, 7, 8, 7, 6, 6, 8, 9, 10, 7, 11, 7, 8, 8, 10, 9, 5, 11, 11, 10, 10, 12, 8, 12, 12, 13, 4, 4, 5, 8, 8, 7, 9, 6, 8, 9, 7, 9, 10, 10, 10, 9, 10, 8, 9, 10, 9, 9, 4, 9, 10, 11, 13, 7, 6, 9, 10, 9, 10, 12, 11, 12, 12, 12, 11, 18, 12, 12]
Trade Returns: [-0.0023168250000000002, 0.0007505388672109267, 0.012384218764628408, -0.002506957939196037, -0.002178636719744304, -0.002355965273395024, 0.0011889757902886439, -0.0005403580678257933, -0.00240870622080548, -0.0021030013030851682, 0.0011134543178567477, -0.0021074332379307013, -0.002150604433404349, 0.003019788456281088, 0.00036376439480810145, 0.004209797515694189, -0.0022537660899704316, -0.0007136649055282088, -0.0023700396309935955, -0.001672552012190516, -0.0022155216524899534, -0.0019428859518232922, -0.0022751112356600976, 0.0036490438518061072, -0.002307354664711818, -0.0025016732500571103, -0.0027352949289659954, 0.0014176767943117855, -0.000215810731256978, 0.0003533866601089259, 0.008361743747698184, 0.005662804733159756, 0.0013287948803087858, -0.0025646478302909993, 0.00018842957508313115, 0.0031156675214555106, -0.002185935615237501, -0.0008157379761022226, -0.0021956732660994576, 0.002047634540675285, 0.002902680604312633, 0.003191823580730385, -0.0001749432417151779, 0.003930641280661181, 0.002837100213325399, -0.00199768677712712, -0.0003807781430176885, -3.408885989685296e-05, -0.0025080756065345364, -0.0020323202642611284, -0.0019433645836811444, 0.00202639562626064, 0.008441034849038015, 0.0035561426500882935, -0.0004628138146130514, 0.010367662234277871, 0.01419096493773644, -0.0025975233499314597, -0.001692078504495469, 0.00030070927158464553, -0.0027989566685546682, -0.002342960997522281, -0.0009572888921210418, -0.001857434645730664, -0.0017518289783321863, -0.0019999711085071, 0.0016044287605240964, -0.0021962164686433463, -0.002748738929025123, -0.0016838413110456547, -0.0019096205002962505, 0.0037679050764900046, -0.0019032813408134505, 0.0018002802767132775, -0.002213985057109028, -0.0018826582294651482, -0.0023106942869885886, 0.0066088985019713085, -0.0028366125637655304, -0.0027302605641216977, 0.0013074695825595257, -0.0021609043286462634, -0.0025524137850238488, -0.002891362169095599, -0.0015028842459015514, -0.002809744133959606, -0.001890529092244174, -0.0017127282591896697, 0.00865541520233882, -0.002385691945622116, 0.0006331525039302501, 0.002573970434879107, -0.002474051877797841, 0.004058858317829521, -0.0020715578618694525, 0.0030422003078918775, 0.00392339486442491, -0.0020295195860860126, -0.0030858425076534858, -0.0025328052284780997, -0.002480340211728771, -0.0025383314932632623, 0.000577617242529637, -0.0016362266097490774, -0.0033240278135564572, -0.0013902422077476742, 0.014902215001178885, -0.002375315294416997, -0.0022968255583099445, -0.0020556579982545825, -3.841036758350811e-05, -0.0023201208808683173, -0.002757091916785951, 0.0006414696971507091, 0.012546535023113531, -0.0025282520787154143, 0.007265350574240591, 0.0016034360916431895, -0.0022104158547922663, -0.0022348285244700567, 0.0034595603268247365, -0.0027065566940202334, 0.004229761336425259, -0.0024077965774002732, 0.0009377517543773901, -0.002152997267355268, -0.0019157478181102338, -0.0012715934240818403, -0.002342543477668979, -0.0024029129475925076, -0.002802720584121539, -0.0027948872959668333, -0.0005256172659032802, -0.0019052621533229063, -0.0021485475787523405, 0.0038293859654051983, 0.000206069672703828, 0.006699567156225652, -0.0022419483577990882, -0.0026940545699639653, -0.0022026556906720655, -0.0017911924332496335, -0.0027085184854781603, -0.002114692263146144, -0.0005430957613600803, -0.002454540612426032, -0.0006282861274268522, 0.0028876154625361887, 0.0014535498179890495, 0.0004325058944084139, -0.0020499338863078876, -0.002272529835799405, 0.011550598075131698, -0.002337549659597453, 0.005439823078651207, -0.002190157613469068, -0.002623597313036682, 0.009712727689435036, -0.002683722470954754, -0.0025205815352810066, -0.0023983665321305795, -0.0021988401097927106, -0.0007298334866117153, 0.0012411457416135452, 0.0032882369097959074, -0.0029875078585898563, 0.0005352195303693696, -0.0027525738326943214, -0.0025443884028415156, 0.0018734431157164673, 0.012470846920593042, -0.002599288300822329, -0.0028784161098208212, -0.0007842857229041697, -0.0021709502523430423, 0.0026897964116448132, 0.0019765809778913446, -0.0016476533577456374, -0.0013617947445999856, -0.002261092074123236, 0.004730098834460435, 0.0007494440602413385, -0.0018503805972986868, 0.004032912234789817, 0.001739108122492382, -0.002278100425160357, -0.002105832587122385, -0.0024466020143084294, 0.003938182201479666, -0.0021694880903140967, -0.002600401266052952, -0.0021742050021722106, 0.004291068333206595, -0.0022908436827278012, -0.0014614361959775894, 0.012957626028150409, -0.003083395594516071, -0.002532294507599276, -0.002413032315372115, -0.0024072236070180534, -0.0020885234330418273, 0.0031861588645056625, -0.002795338112938394, 0.011557254291889741, 0.0008165312477012803, 0.0007668818149941381, -0.0022694905702770798, 0.006065447035281055, -0.0026583035512056756, -0.0023181546990882203, 0.003612664846452064, -0.002206057690498082, 0.00018259211560282484, 0.004860994449641578, 0.0023139328012938666, -0.00020155174440277337, -0.0024408274266500014, 0.0005669502903683327, -0.0023845638761184375, -3.7767970521281565e-05, -0.002329356803028422, -0.002699333552506226, 0.009828806914715157, -0.0021625916919702426]
Daily Returns: [-0.0023168250000000002, 0, 0, 0, 0.0007505388672109267, 0, 0, 0, 0, 0, 0.00987726082543237, 0, -0.002178636719744304, 0, -0.00116698948310638, 0, 0, 0, -0.0005403580678257933, 0, -0.00240870622080548, 0, 0, 0, 0, 0, 0, 0, 0, 0, 0, 0, 0, 0, 0, 0, 0, 0, 0, 0, 0, -0.0021030013030851682, 0.0011134543178567477, 0, 0, 0, 0, 0, 0, 0, 0, 0, 0, -0.0021074332379307013, 0, 0, -0.002150604433404349, 0, 0, 0, 0, 0, 0, 0, 0, 0, 0, 0, 0, 0, 0, 0, 0.003019788456281088, 0, 0, 0, 0, 0, 0, 0, 0, 0.00036376439480810145, 0, 0, 0.0012423665201955487, 0, 0, -0.0023700396309935955, 0, 0, 0, 0, -0.001672552012190516, 0, 0, 0, 0, 0, 0, 0, 0, -0.0022155216524899534, 0, 0, 0, 0, 0, -0.0019428859518232922, 0.0013739326161460097, 0, 0, 0, 0, 0, 0, 0, 0, 0, 0, -0.002307354664711818, -0.005236968179023105, 0, 0.0014176767943117855, 0.00013757592885194788, 0, 0, 0, 0, 0, 0, 0, 0, 0, 0, 0, 0, 0, 0, 0, 0, 0, 0, 0.008361743747698184, 0, 0, 0, 0, 0.005662804733159756, 0.0013287948803087858, -0.0025646478302909993, 0, 0, 0, 0, 0, 0, 0, 0, 0, 0, 0, 0.00018842957508313115, 0.00011399393011578697, 0, 0, 0, 0, 0, 0, 0, 0, 0, 0, 0, 0, 0, 0, 0, 0, 0, 0, 0, 0, 0, 0, 0, -0.0021956732660994576, 0, 0.002047634540675285, 0, 0, 0.00591956094332784, 0.003930641280661181, 0, 0, 0, 0.002837100213325399, 0, -0.0023784649201448083, 0, 0, -3.408885989685296e-05, 0, 0, 0, 0, 0, 0, 0, 0, -0.0025080756065345364, 0, 0, 0, 0, 0, -0.0020323202642611284, 0, -0.0019433645836811444, 0.00202639562626064, 0, 0, 0.008441034849038015, 0, 0, 0, 0, 0.0035561426500882935, 0, 0, 0, 0, 0, 0, 0, 0, 0, 0, 0, 0, 0, 0, 0, 0, 0, 0, 0, 0, 0, 0, 0, -0.0004628138146130514, 0, 0, 0, 0, 0, 0.010367662234277871, 0, 0, 0, 0, 0, 0, 0.01159344158780498, 0, 0, 0, -0.001692078504495469, 0, 0.00030070927158464553, 0, 0, 0, 0, -0.0027989566685546682, 0, 0, 0, 0, 0, 0, 0, 0, 0, 0, 0, 0, 0, 0, 0, 0, -0.002342960997522281, 0, 0, 0, 0, 0, -0.0009572888921210418, 0, 0, 0, 0, 0, -0.001857434645730664, -0.0017518289783321863, 0, 0, 0, 0, 0, 0, 0, 0, 0, 0, 0, 0, -0.0019999711085071, 0, 0, 0.0016044287605240964, 0, -0.0021962164686433463, 0, 0, 0, -0.002748738929025123, 0, 0, 0, 0, -0.0016838413110456547, 0, 0, 0, 0, 0, 0, 0, -0.0019096205002962505, 0, 0.0037679050764900046, 0, -0.0019032813408134505, 0, 0, 0, 0.0018002802767132775, 0, 0, 0, 0, 0, -0.002213985057109028, 0, -0.0018826582294651482, 0, 0, 0, 0, 0, 0, -0.0023106942869885886, 0, 0.0066088985019713085, -0.0028366125637655304, 0, 0, 0, 0, 0, 0, 0, 0, 0, -0.0027302605641216977, 0.0013074695825595257, 0, 0, -0.0021609043286462634, -0.0025524137850238488, 0, 0, -0.002891362169095599, 0, 0, 0, 0, 0, 0, 0, 0, 0, 0, 0, 0, -0.0015028842459015514, 0, 0, 0, 0, 0, 0, -0.00470027322620378, 0, 0, 0, -0.0017127282591896697, 0, 0.00865541520233882, 0, -0.002385691945622116, 0, 0, 0, 0.0006331525039302501, 0, 0, 0, 0.002573970434879107, 0, -0.002474051877797841, 0, 0, 0, 0.004058858317829521, 0, 0, 0, -0.0020715578618694525, 0.0030422003078918775, 0, 0, 0.0018938752783388977, 0, 0, 0, 0, 0, 0, 0, 0, -0.0030858425076534858, 0, 0, 0, 0, 0, 0, 0, 0, 0, 0, -0.0025328052284780997, 0, -0.002480340211728771, 0, 0, 0, 0, -0.0025383314932632623, 0, 0, 0, 0, 0, 0, 0, 0, 0, 0, 0, 0, 0, 0, 0, 0, 0.000577617242529637, 0, 0, 0, 0, -0.0016362266097490774, 0, 0, -0.004714270021304132, 0, 0, 0, 0, 0, 0, 0, 0, 0, 0, 0.014902215001178885, 0, 0, 0, 0, 0, -0.002375315294416997, 0, 0, 0, 0, 0, 0, 0, 0, -0.0022968255583099445, 0, 0, -0.0020940683658380904, 0, 0, -0.0023201208808683173, 0, 0, 0, 0, 0, 0, -0.002757091916785951, 0, 0, 0, 0, 0, 0.0006414696971507091, 0, 0, 0.010018282944398117, 0, 0, 0, 0, 0, 0, 0, 0, 0.007265350574240591, 0, 0, 0, 0, 0, 0, 0, 0, 0, 0, 0, 0, 0, 0, 0, 0, 0, 0, 0, 0, 0.0016034360916431895, 0, 0, 0, 0, 0, 0, 0, 0, 0, -0.0022104158547922663, 0.0012247318023546798, 0, 0, -0.0027065566940202334, 0, 0.004229761336425259, -0.0024077965774002732, 0, 0, 0, 0.0009377517543773901, 0, -0.002152997267355268, -0.0019157478181102338, 0, 0, 0, 0, -0.0012715934240818403, 0, 0, 0, -0.004745456425261486, 0, 0, 0, 0, 0, 0, 0, 0, 0, 0, 0, 0, 0, -0.002802720584121539, -0.0027948872959668333, 0, 0, 0, 0, 0, 0, 0, 0, -0.0005256172659032802, 0, -0.0019052621533229063, 0, 0, 0, 0, 0, 0, 0, 0, 0, 0, 0, 0, 0, 0, 0, 0, 0, 0, 0, 0, 0, 0, 0, 0, 0, 0, 0, 0, 0, 0, 0, 0, 0, 0, 0, 0, 0, 0, 0, 0, 0, 0, -0.0021485475787523405, 0, 0, 0, 0, 0.004035455638109026, 0.006699567156225652, 0, 0, -0.0022419483577990882, 0, 0, 0, 0, 0, 0, 0, 0, 0, 0, 0, 0, -0.0026940545699639653, 0, 0, 0, 0, 0, -0.0022026556906720655, 0, 0, 0, 0, 0, -0.0017911924332496335, -0.0027085184854781603, 0, 0, 0, 0, -0.002114692263146144, -0.0005430957613600803, 0, 0, 0, 0, 0, 0, 0, 0, 0, 0, 0, 0, -0.002454540612426032, 0, 0, 0, 0, 0, 0, 0, 0, 0, 0, -0.0006282861274268522, 0.004341165280525238, 0, 0.0004325058944084139, -0.004322463722107293, 0, 0, 0, 0, 0, 0, 0.009213048415534246, 0.005439823078651207, 0, 0, 0, 0, 0, -0.002190157613469068, 0, 0, 0, 0, -0.002623597313036682, 0, 0, 0, 0, 0, 0.009712727689435036, 0, 0, 0, 0, 0, -0.002683722470954754, 0, -0.0025205815352810066, 0, 0, 0, 0, 0, -0.0023983665321305795, 0, -0.0021988401097927106, 0, 0, -0.0007298334866117153, 0, 0, 0, 0, 0, 0, 0, 0, 0.0012411457416135452, 0.0032882369097959074, 0, 0, 0, -0.0029875078585898563, 0, 0, 0, 0, 0, 0, 0, 0, 0, 0, 0, 0, 0, 0, 0, 0, 0, 0, 0, 0, 0.0005352195303693696, 0, 0, 0, -0.0027525738326943214, 0, 0, 0, -0.0025443884028415156, 0, 0, 0, 0, 0, 0.0018734431157164673, 0, 0, 0.012470846920593042, 0, 0, 0, 0, 0, 0, 0, 0, 0, 0, 0, 0, 0, 0, 0, 0, 0, 0, 0, -0.002599288300822329, 0, 0, 0, 0, 0, 0, -0.0028784161098208212, 0, 0, 0, 0, 0, 0, 0, 0, 0, -0.0007842857229041697, 0, 0.0005188461593017709, 0, 0, 0, 0, 0, 0, 0, 0, 0, 0, 0, 0, 0, 0, 0, 0, 0, 0, 0, 0, 0, 0, 0, 0, 0, 0.00032892762014570726, -0.0013617947445999856, 0, 0, 0, 0, 0, 0, -0.002261092074123236, 0, 0, 0, 0, 0, 0, 0, 0, 0, 0, 0.004730098834460435, 0, 0, 0, 0, 0, 0.0007494440602413385, -0.0018503805972986868, 0, 0.004032912234789817, 0, 0.001739108122492382, 0, 0, -0.002278100425160357, 0, 0, 0, -0.002105832587122385, 0, 0, 0, 0, 0, 0, 0, 0, 0, 0, 0, 0, 0, 0, 0, 0, -0.0024466020143084294, 0, 0, 0, 0, 0, 0.003938182201479666, -0.0021694880903140967, 0, 0, 0, 0, 0, -0.002600401266052952, 0, 0, 0, 0, -0.0021742050021722106, 0, 0, 0, 0.004291068333206595, 0, 0, -0.0022908436827278012, 0, 0, 0, 0, 0, 0, -0.0014614361959775894, 0, 0, 0, 0, 0, 0.009874230433634338, 0, 0, 0, 0, 0, 0, 0, 0, 0, 0, 0, 0, -0.0073525504299894445, 0, 0, 0, 0, 0, 0, 0, 0, 0, 0, 0, 0, -0.0020885234330418273, 0, 0, 0, 0, 0, 0, 0, 0, 0, 0, 0, 0, 0, 0.0031861588645056625, 0, 0.008761916178951347, 0, 0, 0, 0, 0.0008165312477012803, 0.0007668818149941381, 0, 0, 0, 0, 0, 0, 0, 0, 0, 0, 0, -0.0022694905702770798, 0, 0, 0, 0, 0, 0.0034071434840753792, 0, 0, 0, 0, -0.0023181546990882203, 0, 0, 0, 0, 0, 0, 0.003612664846452064, 0, 0, 0, -0.002206057690498082, 0, 0, 0, 0.00018259211560282484, 0, 0, 0, 0.004860994449641578, 0, 0.0023139328012938666, 0, 0, 0, 0, 0, 0, 0, -0.0026423791710527746, -0.0018553815562713863, 0, 0, 0, 0, 0, 0, 0, 0, -0.002329356803028422, 0, -0.002699333552506226, 0, 0, 0, 0, 0, 0, 0, 0, 0, 0, 0, 0.007666215222744914, 0, 0, 0, 0]
Start Date: 2021-12-17
End Date: 2025-07-11
Sharpe Ratio: 0.016
Annualized Sharpe: 0.26
Sharpe 95% CI: (np.float64(-0.711), np.float64(1.101))
Sortino Ratio: 0.027
CAGR: 0.006
Calmar Ratio: 0.142
Daily Win Rate (%): 0.357
Max Drawdown: 0.043
Profit Factor: 1.095
Expectancy: 0.000127
Average Win: 0.004094
Average Loss: 0.002077
Total Trades: 224
Total Days: 1117

Rolling 10 - Variant 0 - atr_0.25_6 - Test Metrics
Contracts: [9, 9, 14, 13, 9, 10, 9, 10, 11, 8, 8, 8, 9, 5, 7, 9, 10, 10, 9, 7, 8, 7, 8, 8, 6, 6, 6, 6, 6, 6, 8, 10, 10, 10, 7, 7, 7, 7, 10, 5, 5, 6, 5, 6, 6, 6, 7, 8, 8, 6, 6, 6, 7, 6, 5, 6, 6, 7, 6, 8, 6, 9, 5, 6, 6, 8, 9, 9, 9, 5, 11, 6, 5, 7, 7, 10, 6, 11, 10, 12, 10, 9, 9, 9, 12, 7, 15, 10, 9, 10, 8, 9, 9, 11, 10, 10, 9, 8, 8, 8, 10, 12, 10, 12, 13, 9, 10, 13, 8, 10, 11, 9, 13, 10, 9, 10, 14, 8, 11, 7, 11, 10, 11, 13, 12, 10, 10, 10, 10, 14, 11, 11, 6, 11, 8, 13, 10, 10, 16, 15, 16, 13, 18, 16, 10, 13, 13, 13, 13, 12, 13, 13, 12, 13, 11, 10, 13, 11, 21, 18, 15, 11, 8, 15, 15, 15, 20, 20, 11, 11, 18, 15, 16, 10, 9, 10, 15, 16, 15, 7, 8, 7, 6, 6, 8, 9, 10, 7, 11, 7, 8, 8, 10, 9, 5, 11, 11, 10, 10, 12, 8, 12, 12, 13, 4, 4, 5, 8, 8, 7, 9, 6, 8, 9, 7, 9, 10, 10, 10, 9, 10, 8, 9, 10, 9, 9, 4, 9, 10, 11, 13, 7, 6, 9, 10, 9, 10, 12, 11, 12, 12, 12, 11, 18, 12, 12]
Trade Returns: [-0.0020413512631405287, -0.0024932247568074093, 0.0008143677430188774, -0.002153782982420164, 8.02927905984314e-05, -0.001257949939114438, -0.0010106273212493093, -0.0019829914489151714, -0.0015187198034233502, 0.0022330200846988803, -0.0021609347363073747, -0.0021152221625791306, 0.0003276153436672074, -0.002603393032690481, -0.0023246758442450107, -0.0023188655214878575, 0.00546350500330679, -0.002385744649473989, 0.003971336577721661, 0.0034757463311998926, -0.0031112009502628915, 0.00927011390643579]
Daily Returns: [0, 0, 0, 0, 0, 0, 0, -0.0020413512631405287, 0, 0, 0, 0, 0, 0, -0.0024932247568074093, 0, 0, 0, 0, 0.0008143677430188774, 0, 0, 0, 0, 0, 0, -0.002153782982420164, 0, 8.02927905984314e-05, -0.001257949939114438, 0, 0, -0.0010106273212493093, 0, 0, -0.0019829914489151714, 0, -0.0015187198034233502, 0, 0, 0, 0.0022330200846988803, 0, 0, -0.0021609347363073747, 0, 0, -0.0021152221625791306, 0, 0, 0, 0, 0.0003276153436672074, -0.002603393032690481, 0, 0, 0, 0, 0, 0, 0, 0, 0, -0.0023246758442450107, 0, 0, 0, 0, -0.0023188655214878575, 0, 0, 0.0030777603538328013, 0, 0, 0, 0, 0, 0, 0, 0, 0, 0.003971336577721661, 0, 0, 0, 0, 0, 0, 0, 0, 0, 0, 0.0034757463311998926, -0.0031112009502628915, 0.00927011390643579, 0, 0, 0, 0, 0, 0]
Start Date: 2025-07-13
End Date: 2025-11-06
Sharpe Ratio: -0.028
Annualized Sharpe: -0.439
Sharpe 95% CI: (np.float64(-4.737), np.float64(2.163))
Sortino Ratio: -0.068
CAGR: -0.01
Calmar Ratio: -0.48
Daily Win Rate (%): 0.364
Max Drawdown: 0.02
Profit Factor: 0.87
Expectancy: -0.000175
Average Win: 0.003204
Average Loss: 0.002106
Total Trades: 22
Total Days: 101



Rolling 10 - Variant 1 - atr_0.25_7 - Fit Metrics
Contracts: [9, 9, 14, 13, 9, 10, 9, 10, 11, 8, 8, 8, 9, 5, 7, 9, 10, 10, 9, 7, 8, 7, 8, 8, 6, 6, 6, 6, 6, 6, 8, 10, 10, 10, 7, 7, 7, 7, 10, 5, 5, 6, 6, 6, 6, 6, 7, 8, 8, 6, 6, 7, 7, 6, 5, 7, 6, 7, 6, 8, 6, 9, 5, 6, 6, 8, 9, 9, 9, 5, 11, 6, 5, 7, 7, 10, 6, 11, 10, 12, 10, 9, 9, 9, 12, 7, 15, 10, 9, 10, 8, 9, 9, 11, 10, 10, 9, 8, 8, 8, 10, 12, 10, 12, 13, 9, 10, 13, 8, 10, 11, 9, 13, 10, 9, 10, 14, 8, 11, 7, 11, 10, 11, 13, 12, 10, 10, 10, 10, 14, 11, 11, 6, 11, 8, 13, 10, 10, 16, 15, 16, 13, 18, 16, 10, 13, 13, 13, 13, 12, 13, 13, 12, 13, 11, 10, 13, 11, 21, 18, 15, 11, 8, 15, 15, 15, 20, 20, 11, 11, 18, 15, 16, 10, 9, 10, 16, 16, 15, 7, 8, 7, 6, 6, 9, 9, 10, 7, 11, 7, 8, 8, 10, 9, 5, 11, 11, 10, 10, 12, 8, 12, 12, 13, 4, 4, 5, 8, 8, 7, 9, 6, 8, 10, 7, 9, 10, 10, 10, 9, 10, 8, 9, 10, 9, 9, 4, 9, 10, 11, 13, 7, 6, 9, 10, 9, 10, 12, 11, 12, 12, 12, 11, 18, 12, 12]
Trade Returns: [-0.0023168250000000002, 0.0007505388672109267, 0.014487516788512308, -0.0025017603595391055, -0.002174113873743027, -0.002351063636912138, 0.001186504549974602, -0.0005392311918729406, -0.002403680335727823, -0.0020986075956482397, 0.0011111254422876092, -0.002103021011516817, -0.0021460923325985295, 0.00301343912751589, 0.00036300185111982344, 0.004200969613144644, -0.002249059736662376, -0.000712169423279661, -0.0023650793172252734, -0.0016690431886309757, -0.002210865969953026, -0.0019387941376906627, -0.0022703104308374753, 0.0036413263346871173, -0.002302492447698335, -0.002496389385449491, -0.002729503165993781, 0.0014146667639300628, -0.00021535316632010848, 0.00035263724337039246, 0.008344017493605744, 0.005650899360981397, 0.0013260169452420552, -0.0025592933616299667, 0.00018803516262531116, 0.003109147169970049, -0.002181375150776887, -0.000814032401247406, -0.002191067203691032, 0.0020433296000770904, 0.0028965904616530982, 0.0038221753514469476, -0.00017446762563653066, 0.003919953228958627, 0.002829415799840747, -0.001992291218952235, -0.0003797476451435913, -3.3996570348908826e-05, -0.002502827357898408, -0.002026817930193264, -0.0019380924037953455, 0.0023577021009682435, 0.00841530817626906, 0.003545394649705201, -0.0004606464366268346, 0.012059116065244376, 0.011539532583864845, -0.0025921301146764183, -0.0016869824743832868, 0.0003000815332212379, -0.0027931300942535, -0.0023380714732422394, -0.0009552864444854572, -0.001853545566738902, -0.0017481542041207655, -0.001995768464983041, 0.001601050548621801, -0.0021915996074059647, -0.0027429478696834146, -0.0016802840268232615, -0.0019055603459106197, 0.003759863348028089, -0.0018992269385726113, 0.0017964523840708103, -0.0022092859556566385, -0.0018786629210852202, -0.0023057790646385523, 0.006594807810564904, -0.00283060984799559, -0.002724477571584083, 0.0013046926523178346, -0.0021563207713559953, -0.0025469880860424787, -0.002885200268865685, -0.0014996639812921854, -0.002803695964698, -0.0018864481554529372, -0.001709015300655822, 0.005707271302794842, -0.002380532406434254, 0.0006336295681850471, 0.002575913438533898, -0.002475914832331326, 0.004061914341321542, -0.0020731112835820145, 0.0030444863350422547, 0.003926334106814673, -0.002031034070414078, -0.0030792204711713278, -0.0025273918449203944, -0.002482194877917862, -0.00254023424524252, 0.0005780513313554281, -0.0016374613701312707, -0.0033265279101210962, -0.0013912863939617615, 0.01743553712090171, -0.0023711961180643867, -0.002292833028633407, -0.00205207647388019, -3.834330849697116e-05, -0.002321874606184142, -0.002752278238433926, 0.0006403466476089924, 0.012151240690500465, -0.002523828587871323, 0.007255439274420793, 0.0016012544009605175, -0.0022074234330038555, -0.002231796359971362, 0.0034548606545900724, -0.0027028840129731174, 0.004223995792513567, -0.002404522426544498, 0.0009364788912326277, -0.002150077617386488, -0.001913153204110544, -0.0012698611613551833, -0.0023393482265789446, -0.0023996473691615334, -0.0027988779580039535, -0.0027910661046044445, -0.0005248932263600319, -0.0019026426418240886, -0.0021455863929641357, 0.003824085195269055, 0.00020578551050795597, 0.00669033061014322, -0.0022388779747204365, -0.0026903567414226556, -0.0021996134041470036, -0.0017887272306937457, -0.0027047840952552356, -0.002111768707705042, -0.0005423433442373395, -0.0024511381911943744, -0.0006274107799699676, 0.0028835898225892946, 0.001451529243030507, 0.0004319055407771124, -0.002047089638499538, -0.0022693702720512974, 0.010228512561437699, -0.002337347191859466, 0.005439350802467395, -0.002189968496385786, -0.0026199516136303285, 0.009711885316021959, -0.0026834919536290313, -0.0025203644483331195, -0.002398159449115508, -0.002198649826272956, -0.0007297703188528725, 0.0012410382408583741, 0.0032879524550450743, -0.0029872502658901423, 0.0005351732437209539, -0.002752335912997006, -0.002544167870747402, 0.0018732803229022444, 0.014598246863084917, -0.002593613167767056, -0.0028721152034259095, -0.0007825639617748887, -0.002166193347961764, 0.0026838868128719953, 0.0021037232703659276, -0.001643826656666873, -0.001358626747049245, -0.002255824849053455, 0.004719055133384898, 0.0007477094771243553, -0.0018461011039651234, 0.004023540530870629, 0.0019519633542293508, -0.0022723391327556484, -0.0021004948291012612, -0.0024404139235500587, 0.003928197150087934, -0.002164008991695366, -0.002593805337700689, -0.0021687020825022093, 0.00428016865533273, -0.002285017837331572, -0.001457711105161257, 0.015109107623544359, -0.0030755247779508795, -0.0025204001677121284, -0.0024017253787234315, -0.0023959709145712224, -0.0020786887252323607, 0.0031712951900899756, -0.0027823388716055235, 0.011502718643515816, 0.000812723514519795, 0.0007633085162993418, -0.0022589239064790133, 0.006037067512276468, -0.002645898566694263, -0.002307373409561077, 0.0035958272427731247, -0.0021958127219765928, 0.00018174095100412013, 0.005375966924678617, 0.0023019834874597076, -0.00020051330730086982, -0.0024282492467943987, 0.0005640215453322186, -0.002372252668324183, -3.757251550104114e-05, -0.002317301572587789, -0.00268533111602615, 0.00481461152693262, -0.002151315359256947]
Daily Returns: [-0.0023168250000000002, 0, 0, 0, 0.0007505388672109267, 0, 0, 0, 0, 0, 0.011985756428973203, 0, -0.002174113873743027, 0, -0.001164559086937536, 0, 0, 0, -0.0005392311918729406, 0, -0.002403680335727823, 0, 0, 0, 0, 0, 0, 0, 0, 0, 0, 0, 0, 0, 0, 0, 0, 0, 0, 0, 0, -0.0020986075956482397, 0.0011111254422876092, 0, 0, 0, 0, 0, 0, 0, 0, 0, 0, -0.002103021011516817, 0, 0, -0.0021460923325985295, 0, 0, 0, 0, 0, 0, 0, 0, 0, 0, 0, 0, 0, 0, 0, 0.00301343912751589, 0, 0, 0, 0, 0, 0, 0, 0, 0.00036300185111982344, 0, 0, 0.0012397404532026072, 0, 0, -0.0023650793172252734, 0, 0, 0, 0, -0.0016690431886309757, 0, 0, 0, 0, 0, 0, 0, 0, -0.002210865969953026, 0, 0, 0, 0, 0, -0.0019387941376906627, 0.001371015903849642, 0, 0, 0, 0, 0, 0, 0, 0, 0, 0, -0.002302492447698335, -0.005225892551443272, 0, 0.0014146667639300628, 0.00013728407705028398, 0, 0, 0, 0, 0, 0, 0, 0, 0, 0, 0, 0, 0, 0, 0, 0, 0, 0, 0.008344017493605744, 0, 0, 0, 0, 0.005650899360981397, 0.0013260169452420552, -0.0025592933616299667, 0, 0, 0, 0, 0, 0, 0, 0, 0, 0, 0, 0.00018803516262531116, 0.00011373961794575616, 0, 0, 0, 0, 0, 0, 0, 0, 0, 0, 0, 0, 0, 0, 0, 0, 0, 0, 0, 0, 0, 0, 0, -0.002191067203691032, 0, 0.0020433296000770904, 0, 0, 0.006544298187463515, 0.003919953228958627, 0, 0, 0, 0.002829415799840747, 0, -0.0023720388640958265, 0, 0, -3.3996570348908826e-05, 0, 0, 0, 0, 0, 0, 0, 0, -0.002502827357898408, 0, 0, 0, 0, 0, -0.002026817930193264, 0, -0.0019380924037953455, 0.0023577021009682435, 0, 0, 0.00841530817626906, 0, 0, 0, 0, 0.003545394649705201, 0, 0, 0, 0, 0, 0, 0, 0, 0, 0, 0, 0, 0, 0, 0, 0, 0, 0, 0, 0, 0, 0, 0, -0.0004606464366268346, 0, 0, 0, 0, 0, 0.012059116065244376, 0, 0, 0, 0, 0, 0, 0.008947402469188428, 0, 0, 0, -0.0016869824743832868, 0, 0.0003000815332212379, 0, 0, 0, 0, -0.0027931300942535, 0, 0, 0, 0, 0, 0, 0, 0, 0, 0, 0, 0, 0, 0, 0, 0, -0.0023380714732422394, 0, 0, 0, 0, 0, -0.0009552864444854572, 0, 0, 0, 0, 0, -0.001853545566738902, -0.0017481542041207655, 0, 0, 0, 0, 0, 0, 0, 0, 0, 0, 0, 0, -0.001995768464983041, 0, 0, 0.001601050548621801, 0, -0.0021915996074059647, 0, 0, 0, -0.0027429478696834146, 0, 0, 0, 0, -0.0016802840268232615, 0, 0, 0, 0, 0, 0, 0, -0.0019055603459106197, 0, 0.003759863348028089, 0, -0.0018992269385726113, 0, 0, 0, 0.0017964523840708103, 0, 0, 0, 0, 0, -0.0022092859556566385, 0, -0.0018786629210852202, 0, 0, 0, 0, 0, 0, -0.0023057790646385523, 0, 0.006594807810564904, -0.00283060984799559, 0, 0, 0, 0, 0, 0, 0, 0, 0, -0.002724477571584083, 0.0013046926523178346, 0, 0, -0.0021563207713559953, -0.0025469880860424787, 0, 0, -0.002885200268865685, 0, 0, 0, 0, 0, 0, 0, 0, 0, 0, 0, 0, -0.0014996639812921854, 0, 0, 0, 0, 0, 0, -0.004690144120150937, 0, 0, 0, -0.001709015300655822, 0, 0.005707271302794842, 0, -0.002380532406434254, 0, 0, 0, 0.0006336295681850471, 0, 0, 0, 0.002575913438533898, 0, -0.002475914832331326, 0, 0, 0, 0.004061914341321542, 0, 0, 0, -0.0020731112835820145, 0.0030444863350422547, 0, 0, 0.0018953000364005947, 0, 0, 0, 0, 0, 0, 0, 0, -0.0030792204711713278, 0, 0, 0, 0, 0, 0, 0, 0, 0, 0, -0.0025273918449203944, 0, -0.002482194877917862, 0, 0, 0, 0, -0.00254023424524252, 0, 0, 0, 0, 0, 0, 0, 0, 0, 0, 0, 0, 0, 0, 0, 0, 0.0005780513313554281, 0, 0, 0, 0, -0.0016374613701312707, 0, 0, -0.004717814304082858, 0, 0, 0, 0, 0, 0, 0, 0, 0, 0, 0.01743553712090171, 0, 0, 0, 0, 0, -0.0023711961180643867, 0, 0, 0, 0, 0, 0, 0, 0, -0.002292833028633407, 0, 0, -0.0020904197823771614, 0, 0, -0.002321874606184142, 0, 0, 0, 0, 0, 0, -0.002752278238433926, 0, 0, 0, 0, 0, 0.0006403466476089924, 0, 0, 0.009627412102629141, 0, 0, 0, 0, 0, 0, 0, 0, 0.007255439274420793, 0, 0, 0, 0, 0, 0, 0, 0, 0, 0, 0, 0, 0, 0, 0, 0, 0, 0, 0, 0, 0.0016012544009605175, 0, 0, 0, 0, 0, 0, 0, 0, 0, -0.0022074234330038555, 0.0012230642946187103, 0, 0, -0.0027028840129731174, 0, 0.004223995792513567, -0.002404522426544498, 0, 0, 0, 0.0009364788912326277, 0, -0.002150077617386488, -0.001913153204110544, 0, 0, 0, 0, -0.0012698611613551833, 0, 0, 0, -0.004738995595740478, 0, 0, 0, 0, 0, 0, 0, 0, 0, 0, 0, 0, 0, -0.0027988779580039535, -0.0027910661046044445, 0, 0, 0, 0, 0, 0, 0, 0, -0.0005248932263600319, 0, -0.0019026426418240886, 0, 0, 0, 0, 0, 0, 0, 0, 0, 0, 0, 0, 0, 0, 0, 0, 0, 0, 0, 0, 0, 0, 0, 0, 0, 0, 0, 0, 0, 0, 0, 0, 0, 0, 0, 0, 0, 0, 0, 0, 0, 0, -0.0021455863929641357, 0, 0, 0, 0, 0.004029870705777011, 0.00669033061014322, 0, 0, -0.0022388779747204365, 0, 0, 0, 0, 0, 0, 0, 0, 0, 0, 0, 0, -0.0026903567414226556, 0, 0, 0, 0, 0, -0.0021996134041470036, 0, 0, 0, 0, 0, -0.0017887272306937457, -0.0027047840952552356, 0, 0, 0, 0, -0.002111768707705042, -0.0005423433442373395, 0, 0, 0, 0, 0, 0, 0, 0, 0, 0, 0, 0, -0.0024511381911943744, 0, 0, 0, 0, 0, 0, 0, 0, 0, 0, -0.0006274107799699676, 0.004335119065619801, 0, 0.0004319055407771124, -0.004316459910550836, 0, 0, 0, 0, 0, 0, 0.007891165369578233, 0.005439350802467395, 0, 0, 0, 0, 0, -0.002189968496385786, 0, 0, 0, 0, -0.0026199516136303285, 0, 0, 0, 0, 0, 0.009711885316021959, 0, 0, 0, 0, 0, -0.0026834919536290313, 0, -0.0025203644483331195, 0, 0, 0, 0, 0, -0.002398159449115508, 0, -0.002198649826272956, 0, 0, -0.0007297703188528725, 0, 0, 0, 0, 0, 0, 0, 0, 0.0012410382408583741, 0.0032879524550450743, 0, 0, 0, -0.0029872502658901423, 0, 0, 0, 0, 0, 0, 0, 0, 0, 0, 0, 0, 0, 0, 0, 0, 0, 0, 0, 0, 0.0005351732437209539, 0, 0, 0, -0.002752335912997006, 0, 0, 0, -0.002544167870747402, 0, 0, 0, 0, 0, 0.0018732803229022444, 0, 0, 0.014598246863084917, 0, 0, 0, 0, 0, 0, 0, 0, 0, 0, 0, 0, 0, 0, 0, 0, 0, 0, 0, -0.002593613167767056, 0, 0, 0, 0, 0, 0, -0.0028721152034259095, 0, 0, 0, 0, 0, 0, 0, 0, 0, -0.0007825639617748887, 0, 0.0005176934649102315, 0, 0, 0, 0, 0, 0, 0, 0, 0, 0, 0, 0, 0, 0, 0, 0, 0, 0, 0, 0, 0, 0, 0, 0, 0, 0.0004598966136990547, -0.001358626747049245, 0, 0, 0, 0, 0, 0, -0.002255824849053455, 0, 0, 0, 0, 0, 0, 0, 0, 0, 0, 0.004719055133384898, 0, 0, 0, 0, 0, 0.0007477094771243553, -0.0018461011039651234, 0, 0.004023540530870629, 0, 0.0019519633542293508, 0, 0, -0.0022723391327556484, 0, 0, 0, -0.0021004948291012612, 0, 0, 0, 0, 0, 0, 0, 0, 0, 0, 0, 0, 0, 0, 0, 0, -0.0024404139235500587, 0, 0, 0, 0, 0, 0.003928197150087934, -0.002164008991695366, 0, 0, 0, 0, 0, -0.002593805337700689, 0, 0, 0, 0, -0.0021687020825022093, 0, 0, 0, 0.00428016865533273, 0, 0, -0.002285017837331572, 0, 0, 0, 0, 0, 0, -0.001457711105161257, 0, 0, 0, 0, 0, 0.012033582845593478, 0, 0, 0, 0, 0, 0, 0, 0, 0, 0, 0, 0, -0.007318096461006782, 0, 0, 0, 0, 0, 0, 0, 0, 0, 0, 0, 0, -0.0020786887252323607, 0, 0, 0, 0, 0, 0, 0, 0, 0, 0, 0, 0, 0, 0.0031712951900899756, 0, 0.008720379771910293, 0, 0, 0, 0, 0.000812723514519795, 0.0007633085162993418, 0, 0, 0, 0, 0, 0, 0, 0, 0, 0, 0, -0.0022589239064790133, 0, 0, 0, 0, 0, 0.003391168945582205, 0, 0, 0, 0, -0.002307373409561077, 0, 0, 0, 0, 0, 0, 0.0035958272427731247, 0, 0, 0, -0.0021958127219765928, 0, 0, 0, 0.00018174095100412013, 0, 0, 0, 0.005375966924678617, 0, 0.0023019834874597076, 0, 0, 0, 0, 0, 0, 0, -0.0026287625540952686, -0.0018458036384930055, 0, 0, 0, 0, 0, 0, 0, 0, -0.002317301572587789, 0, -0.00268533111602615, 0, 0, 0, 0, 0, 0, 0, 0, 0, 0, 0, 0.0026632961676756727, 0, 0, 0, 0]
Start Date: 2021-12-17
End Date: 2025-07-11
Sharpe Ratio: 0.016
Annualized Sharpe: 0.258
Sharpe 95% CI: (np.float64(-0.706), np.float64(1.085))
Sortino Ratio: 0.028
CAGR: 0.006
Calmar Ratio: 0.141
Daily Win Rate (%): 0.357
Max Drawdown: 0.044
Profit Factor: 1.096
Expectancy: 0.000129
Average Win: 0.00409
Average Loss: 0.002072
Total Trades: 224
Total Days: 1117

Rolling 10 - Variant 1 - atr_0.25_7 - Test Metrics
Contracts: [9, 9, 14, 13, 9, 10, 9, 10, 11, 8, 8, 8, 9, 5, 7, 9, 10, 10, 9, 7, 8, 7, 8, 8, 6, 6, 6, 6, 6, 6, 8, 10, 10, 10, 7, 7, 7, 7, 10, 5, 5, 6, 6, 6, 6, 6, 7, 8, 8, 6, 6, 7, 7, 6, 5, 7, 6, 7, 6, 8, 6, 9, 5, 6, 6, 8, 9, 9, 9, 5, 11, 6, 5, 7, 7, 10, 6, 11, 10, 12, 10, 9, 9, 9, 12, 7, 15, 10, 9, 10, 8, 9, 9, 11, 10, 10, 9, 8, 8, 8, 10, 12, 10, 12, 13, 9, 10, 13, 8, 10, 11, 9, 13, 10, 9, 10, 14, 8, 11, 7, 11, 10, 11, 13, 12, 10, 10, 10, 10, 14, 11, 11, 6, 11, 8, 13, 10, 10, 16, 15, 16, 13, 18, 16, 10, 13, 13, 13, 13, 12, 13, 13, 12, 13, 11, 10, 13, 11, 21, 18, 15, 11, 8, 15, 15, 15, 20, 20, 11, 11, 18, 15, 16, 10, 9, 10, 16, 16, 15, 7, 8, 7, 6, 6, 9, 9, 10, 7, 11, 7, 8, 8, 10, 9, 5, 11, 11, 10, 10, 12, 8, 12, 12, 13, 4, 4, 5, 8, 8, 7, 9, 6, 8, 10, 7, 9, 10, 10, 10, 9, 10, 8, 9, 10, 9, 9, 4, 9, 10, 11, 13, 7, 6, 9, 10, 9, 10, 12, 11, 12, 12, 12, 11, 18, 12, 12]
Trade Returns: [-0.002040817620714899, -0.0024802566588608484, 0.0008141544186879638, -0.0021532192560752366, 8.027172959388369e-05, -0.0012576200021092916, -0.0010103619186173122, -0.0019824701653311768, -0.001518319773302387, 0.0022324310138034354, -0.002160365951306474, -0.0021146642043042775, 0.0003275287413869013, -0.0026027050736032666, -0.002324059934479291, -0.0023182497199747873, 0.005462050735114191, -0.00238511306501478, 0.003970282721773167, 0.0034748276353162915, -0.0031103814572074674, 0.009267664531823695]
Daily Returns: [0, 0, 0, 0, 0, 0, 0, -0.002040817620714899, 0, 0, 0, 0, 0, 0, -0.0024802566588608484, 0, 0, 0, 0, 0.0008141544186879638, 0, 0, 0, 0, 0, 0, -0.0021532192560752366, 0, 8.027172959388369e-05, -0.0012576200021092916, 0, 0, -0.0010103619186173122, 0, 0, -0.0019824701653311768, 0, -0.001518319773302387, 0, 0, 0, 0.0022324310138034354, 0, 0, -0.002160365951306474, 0, 0, -0.0021146642043042775, 0, 0, 0, 0, 0.0003275287413869013, -0.0026027050736032666, 0, 0, 0, 0, 0, 0, 0, 0, 0, -0.002324059934479291, 0, 0, 0, 0, -0.0023182497199747873, 0, 0, 0.0030769376700994114, 0, 0, 0, 0, 0, 0, 0, 0, 0, 0.003970282721773167, 0, 0, 0, 0, 0, 0, 0, 0, 0, 0, 0.0034748276353162915, -0.0031103814572074674, 0.009267664531823695, 0, 0, 0, 0, 0, 0]
Start Date: 2025-07-13
End Date: 2025-11-06
Sharpe Ratio: -0.028
Annualized Sharpe: -0.438
Sharpe 95% CI: (np.float64(-4.736), np.float64(2.164))
Sortino Ratio: -0.068
CAGR: -0.01
Calmar Ratio: -0.479
Daily Win Rate (%): 0.364
Max Drawdown: 0.02
Profit Factor: 0.87
Expectancy: -0.000174
Average Win: 0.003204
Average Loss: 0.002104
Total Trades: 22
Total Days: 101



Rolling 10 - Variant 2 - atr_0.25_8 - Fit Metrics
Contracts: [9, 9, 14, 13, 9, 10, 9, 10, 11, 8, 8, 8, 9, 5, 7, 9, 10, 10, 9, 7, 8, 7, 8, 8, 6, 6, 6, 6, 6, 6, 8, 10, 10, 10, 7, 7, 7, 7, 10, 5, 5, 6, 6, 6, 6, 6, 7, 8, 8, 6, 6, 7, 7, 6, 5, 7, 6, 7, 6, 8, 6, 9, 5, 6, 6, 8, 9, 9, 9, 5, 11, 6, 5, 7, 7, 10, 6, 11, 10, 12, 10, 9, 9, 9, 12, 7, 15, 10, 9, 10, 8, 9, 9, 11, 11, 10, 9, 8, 8, 8, 10, 12, 10, 12, 13, 9, 10, 13, 8, 10, 11, 9, 13, 10, 9, 10, 14, 8, 11, 7, 11, 10, 11, 13, 12, 10, 10, 10, 10, 14, 11, 11, 6, 11, 8, 13, 10, 10, 16, 15, 16, 13, 18, 16, 10, 13, 13, 13, 13, 12, 13, 13, 12, 13, 11, 10, 13, 11, 21, 18, 15, 11, 8, 15, 15, 15, 20, 20, 11, 11, 18, 15, 16, 10, 9, 10, 16, 16, 16, 7, 9, 7, 6, 6, 9, 9, 10, 7, 11, 7, 8, 8, 10, 9, 5, 11, 11, 10, 10, 12, 8, 12, 12, 13, 4, 4, 5, 8, 8, 7, 9, 6, 8, 10, 7, 9, 10, 10, 10, 9, 10, 8, 9, 10, 9, 9, 4, 9, 10, 11, 13, 7, 6, 9, 10, 9, 10, 12, 11, 12, 12, 12, 11, 18, 12, 12]
Trade Returns: [-0.0023168250000000002, 0.0007505388672109267, 0.016590814812396208, -0.002496584287176676, -0.002169609767678374, -0.002346182354003704, 0.0011840435611086446, -0.0005381090061683682, -0.0023986753804963183, -0.0020942322090908285, 0.0011088062884304457, -0.0020986272218136257, -0.0021415991254844047, 0.003007116442597491, 0.0003622424977190942, 0.004192178657162142, -0.002244372998170986, -0.000710680195480308, -0.0023601397232154795, -0.0016655490564746462, -0.00220622981322563, -0.0019347195224631143, -0.0022655298440991786, 0.003633641392879706, -0.002297650679592109, -0.0024911277942385947, -0.0027237358783644477, 0.0014116694883409397, -0.00021489753754933575, 0.0003518909984377535, 0.008326366237116752, 0.005639043943032972, 0.001323250600864389, -0.002553961204493444, 0.00018764239785207734, 0.0031026540525814603, -0.0021768336754724635, -0.0008123339436683499, -0.00218648042593491, 0.0020390427228903405, 0.002890525821063572, 0.003814195862988761, -0.0001741047766110849, 0.00391179928701672, 0.002823553231136786, -0.001988174800975902, -0.00037896145780092714, -3.392616094349936e-05, -0.0024976010277378393, -0.0020226200983078724, -0.0019340701998650383, 0.002352799581730944, 0.008397850767016452, 0.0035381010413063517, -0.00045971178834169934, 0.01203435375117505, 0.011516108187319667, -0.0025869281884579164, -0.0016835242389053777, 0.0002994760753972937, -0.0027875102601053474, -0.002333355488760571, -0.0009533550866453036, -0.0018497945704619306, -0.0017446099308086284, -0.001991715097698998, 0.0015977923564271341, -0.0021871467425910204, -0.002737362566451153, -0.0016768531719068742, -0.0019016445978285263, 0.003752107761195121, -0.0018953167692972845, 0.0017927606378066736, -0.0022047539527849744, -0.0018748096823510993, -0.0023010386699170706, 0.006581218436988386, -0.002824820515048073, -0.002718900172662005, 0.0013020144764070108, -0.002151900192324569, -0.00254175535670117, -0.0028792575854067193, -0.0014965583521547845, -0.0027978632121530237, -0.0018825126156508504, -0.0017054346937934604, 0.005695293407848891, -0.002375556733007578, 0.0006323072955822091, 0.00282758086006909, -0.002470751301851092, 0.004052404982482639, -0.002068277505479304, 0.003037372933981367, 0.00391718806034045, -0.0020263214173387232, -0.003072834207416049, -0.002522171112160061, -0.0024764236922094457, -0.002534313453684804, 0.0005767005830025896, -0.0016336192081957911, -0.0033187484033632094, -0.0013880372108059727, 0.015040701978008997, -0.0023711915675570126, -0.0022928286180524844, -0.0020520725173561126, -3.83432344168004e-05, -0.0023164176129462245, -0.0027522729207639612, 0.0006403454069822779, 0.012151217103860898, -0.0025238237012595796, 0.007255425360044083, 0.0016012513380954316, -0.002207419231928392, -0.0022317921031136992, 0.0034548540567283705, -0.0027028788568947953, 0.004223987698314048, -0.002404517829976024, 0.0009364771042602888, -0.0021500735184852046, -0.001913149561521478, -0.0012698587294438552, -0.002339343740796444, -0.002399642784624159, -0.0027988725634158344, -0.0027910607400875764, -0.0005248922099015837, -0.0019026389643570004, -0.002145582235842946, 0.0038240777537193976, 0.00020578511158134358, 0.006690317643235093, -0.0022388736642627452, -0.0026903515501211306, -0.002199609133183579, -0.0017887237698620368, -0.0027047788526579877, -0.002111764603429559, -0.0005423422879488059, -0.002451133414673857, -0.0006274095511140391, 0.002883584171202366, 0.0014515264064388193, 0.0004319046979667263, -0.0020470856455811833, -0.002269365836486984, 0.010228492523976465, -0.002337342659401065, 0.005439340230058508, -0.0021899642627950166, -0.002619946495598977, 0.00971186645858794, -0.002683486793246593, -0.0025203595886055252, -0.0023981548133378693, -0.0021986455665710678, -0.0007297689047744572, 0.0012410358343381733, 0.0032879460872183726, -0.002987244499397784, 0.0005351722075443302, -0.0027523305869073286, -0.0025441629338992275, 0.0018732766786107894, 0.016726695954018295, -0.002588178587040329, -0.002866081441273288, -0.00078091521983569, -0.0021616381447724015, 0.0026782278568710464, 0.002099289849605738, -0.0016403696867194565, -0.0014461491822806267, -0.002251270356003369, 0.005298194136820445, 0.0007457743431449405, -0.0018413268021452243, 0.004013085485852782, 0.001946905964015578, -0.002266463113057873, -0.0020950508413221172, -0.0024341026099101853, 0.003918013394890279, -0.002158420746043856, -0.0025870781639295054, -0.002163089603519645, 0.0042690521768787015, -0.00227907614895276, -0.0014539119882505858, 0.009554108585113992, -0.0030674976107030604, -0.0025276685862824786, -0.00240863487612826, -0.002402847294333119, -0.002084698511571315, 0.00318037822944744, -0.002790282620756132, 0.011536044121476685, 0.0008150503829197924, 0.0007654921273149107, -0.002265381109606555, 0.006054409854854093, -0.002653479121578339, -0.0023139617820158134, 0.0036061165476385863, -0.002202073368934687, 0.00018226108969577703, 0.005391328576177947, 0.002308526057628157, -0.00020108188256369133, -0.0024351361719082516, 0.0005656251106254277, -0.0023789933888169524, -3.767953183328947e-05, -0.002323902101090349, -0.00269299774473394, 0.004828458618331095, -0.0021574893132297276]
Daily Returns: [-0.0023168250000000002, 0, 0, 0, 0.0007505388672109267, 0, 0, 0, 0, 0, 0.014094230525219532, 0, -0.002169609767678374, 0, -0.0011621387928950593, 0, 0, 0, -0.0005381090061683682, 0, -0.0023986753804963183, 0, 0, 0, 0, 0, 0, 0, 0, 0, 0, 0, 0, 0, 0, 0, 0, 0, 0, 0, 0, -0.0020942322090908285, 0.0011088062884304457, 0, 0, 0, 0, 0, 0, 0, 0, 0, 0, -0.0020986272218136257, 0, 0, -0.0021415991254844047, 0, 0, 0, 0, 0, 0, 0, 0, 0, 0, 0, 0, 0, 0, 0, 0.003007116442597491, 0, 0, 0, 0, 0, 0, 0, 0, 0.0003622424977190942, 0, 0, 0.0012371254635108477, 0, 0, -0.0023601397232154795, 0, 0, 0, 0, -0.0016655490564746462, 0, 0, 0, 0, 0, 0, 0, 0, -0.00220622981322563, 0, 0, 0, 0, 0, -0.0019347195224631143, 0.0013681115487805275, 0, 0, 0, 0, 0, 0, 0, 0, 0, 0, -0.002297650679592109, -0.005214863672603043, 0, 0.0014116694883409397, 0.00013699346088841773, 0, 0, 0, 0, 0, 0, 0, 0, 0, 0, 0, 0, 0, 0, 0, 0, 0, 0, 0.008326366237116752, 0, 0, 0, 0, 0.005639043943032972, 0.001323250600864389, -0.002553961204493444, 0, 0, 0, 0, 0, 0, 0, 0, 0, 0, 0, 0.00018764239785207734, 0.00011348643344064686, 0, 0, 0, 0, 0, 0, 0, 0, 0, 0, 0, 0, 0, 0, 0, 0, 0, 0, 0, 0, 0, 0, 0, -0.00218648042593491, 0, 0.0020390427228903405, 0, 0, 0.0065306169074412475, 0.00391179928701672, 0, 0, 0, 0.002823553231136786, 0, -0.002367136258776829, 0, 0, -3.392616094349936e-05, 0, 0, 0, 0, 0, 0, 0, 0, -0.0024976010277378393, 0, 0, 0, 0, 0, -0.0020226200983078724, 0, -0.0019340701998650383, 0.002352799581730944, 0, 0, 0.008397850767016452, 0, 0, 0, 0, 0.0035381010413063517, 0, 0, 0, 0, 0, 0, 0, 0, 0, 0, 0, 0, 0, 0, 0, 0, 0, 0, 0, 0, 0, 0, 0, -0.00045971178834169934, 0, 0, 0, 0, 0, 0.01203435375117505, 0, 0, 0, 0, 0, 0, 0.008929179998861751, 0, 0, 0, -0.0016835242389053777, 0, 0.0002994760753972937, 0, 0, 0, 0, -0.0027875102601053474, 0, 0, 0, 0, 0, 0, 0, 0, 0, 0, 0, 0, 0, 0, 0, 0, -0.002333355488760571, 0, 0, 0, 0, 0, -0.0009533550866453036, 0, 0, 0, 0, 0, -0.0018497945704619306, -0.0017446099308086284, 0, 0, 0, 0, 0, 0, 0, 0, 0, 0, 0, 0, -0.001991715097698998, 0, 0, 0.0015977923564271341, 0, -0.0021871467425910204, 0, 0, 0, -0.002737362566451153, 0, 0, 0, 0, -0.0016768531719068742, 0, 0, 0, 0, 0, 0, 0, -0.0019016445978285263, 0, 0.003752107761195121, 0, -0.0018953167692972845, 0, 0, 0, 0.0017927606378066736, 0, 0, 0, 0, 0, -0.0022047539527849744, 0, -0.0018748096823510993, 0, 0, 0, 0, 0, 0, -0.0023010386699170706, 0, 0.006581218436988386, -0.002824820515048073, 0, 0, 0, 0, 0, 0, 0, 0, 0, -0.002718900172662005, 0.0013020144764070108, 0, 0, -0.002151900192324569, -0.00254175535670117, 0, 0, -0.0028792575854067193, 0, 0, 0, 0, 0, 0, 0, 0, 0, 0, 0, 0, -0.0014965583521547845, 0, 0, 0, 0, 0, 0, -0.004680375827803875, 0, 0, 0, -0.0017054346937934604, 0, 0.005695293407848891, 0, -0.002375556733007578, 0, 0, 0, 0.0006323072955822091, 0, 0, 0, 0.00282758086006909, 0, -0.002470751301851092, 0, 0, 0, 0.004052404982482639, 0, 0, 0, -0.002068277505479304, 0.003037372933981367, 0, 0, 0.0018908666430017267, 0, 0, 0, 0, 0, 0, 0, 0, -0.003072834207416049, 0, 0, 0, 0, 0, 0, 0, 0, 0, 0, -0.002522171112160061, 0, -0.0024764236922094457, 0, 0, 0, 0, -0.002534313453684804, 0, 0, 0, 0, 0, 0, 0, 0, 0, 0, 0, 0, 0, 0, 0, 0, 0.0005767005830025896, 0, 0, 0, 0, -0.0016336192081957911, 0, 0, -0.004706785614169182, 0, 0, 0, 0, 0, 0, 0, 0, 0, 0, 0.015040701978008997, 0, 0, 0, 0, 0, -0.0023711915675570126, 0, 0, 0, 0, 0, 0, 0, 0, -0.0022928286180524844, 0, 0, -0.002090415751772913, 0, 0, -0.0023164176129462245, 0, 0, 0, 0, 0, 0, -0.0027522729207639612, 0, 0, 0, 0, 0, 0.0006403454069822779, 0, 0, 0.009627393402601318, 0, 0, 0, 0, 0, 0, 0, 0, 0.007255425360044083, 0, 0, 0, 0, 0, 0, 0, 0, 0, 0, 0, 0, 0, 0, 0, 0, 0, 0, 0, 0, 0.0016012513380954316, 0, 0, 0, 0, 0, 0, 0, 0, 0, -0.002207419231928392, 0.0012230619536146713, 0, 0, -0.0027028788568947953, 0, 0.004223987698314048, -0.002404517829976024, 0, 0, 0, 0.0009364771042602888, 0, -0.0021500735184852046, -0.001913149561521478, 0, 0, 0, 0, -0.0012698587294438552, 0, 0, 0, -0.0047389865254206034, 0, 0, 0, 0, 0, 0, 0, 0, 0, 0, 0, 0, 0, -0.0027988725634158344, -0.0027910607400875764, 0, 0, 0, 0, 0, 0, 0, 0, -0.0005248922099015837, 0, -0.0019026389643570004, 0, 0, 0, 0, 0, 0, 0, 0, 0, 0, 0, 0, 0, 0, 0, 0, 0, 0, 0, 0, 0, 0, 0, 0, 0, 0, 0, 0, 0, 0, 0, 0, 0, 0, 0, 0, 0, 0, 0, 0, 0, 0, -0.002145582235842946, 0, 0, 0, 0, 0.004029862865300741, 0.006690317643235093, 0, 0, -0.0022388736642627452, 0, 0, 0, 0, 0, 0, 0, 0, 0, 0, 0, 0, -0.0026903515501211306, 0, 0, 0, 0, 0, -0.002199609133183579, 0, 0, 0, 0, 0, -0.0017887237698620368, -0.0027047788526579877, 0, 0, 0, 0, -0.002111764603429559, -0.0005423422879488059, 0, 0, 0, 0, 0, 0, 0, 0, 0, 0, 0, 0, -0.002451133414673857, 0, 0, 0, 0, 0, 0, 0, 0, 0, 0, -0.0006274095511140391, 0.004335110577641185, 0, 0.0004319046979667263, -0.004316451482068167, 0, 0, 0, 0, 0, 0, 0.007891149864575401, 0.005439340230058508, 0, 0, 0, 0, 0, -0.0021899642627950166, 0, 0, 0, 0, -0.002619946495598977, 0, 0, 0, 0, 0, 0.00971186645858794, 0, 0, 0, 0, 0, -0.002683486793246593, 0, -0.0025203595886055252, 0, 0, 0, 0, 0, -0.0023981548133378693, 0, -0.0021986455665710678, 0, 0, -0.0007297689047744572, 0, 0, 0, 0, 0, 0, 0, 0, 0.0012410358343381733, 0.0032879460872183726, 0, 0, 0, -0.002987244499397784, 0, 0, 0, 0, 0, 0, 0, 0, 0, 0, 0, 0, 0, 0, 0, 0, 0, 0, 0, 0, 0.0005351722075443302, 0, 0, 0, -0.0027523305869073286, 0, 0, 0, -0.0025441629338992275, 0, 0, 0, 0, 0, 0.0018732766786107894, 0, 0, 0.016726695954018295, 0, 0, 0, 0, 0, 0, 0, 0, 0, 0, 0, 0, 0, 0, 0, 0, 0, 0, 0, -0.002588178587040329, 0, 0, 0, 0, 0, 0, -0.002866081441273288, 0, 0, 0, 0, 0, 0, 0, 0, 0, -0.00078091521983569, 0, 0.0005165897120986448, 0, 0, 0, 0, 0, 0, 0, 0, 0, 0, 0, 0, 0, 0, 0, 0, 0, 0, 0, 0, 0, 0, 0, 0, 0, 0.00045892016288628153, -0.0014461491822806267, 0, 0, 0, 0, 0, 0, -0.002251270356003369, 0, 0, 0, 0, 0, 0, 0, 0, 0, 0, 0.005298194136820445, 0, 0, 0, 0, 0, 0.0007457743431449405, -0.0018413268021452243, 0, 0.004013085485852782, 0, 0.001946905964015578, 0, 0, -0.002266463113057873, 0, 0, 0, -0.0020950508413221172, 0, 0, 0, 0, 0, 0, 0, 0, 0, 0, 0, 0, 0, 0, 0, 0, -0.0024341026099101853, 0, 0, 0, 0, 0, 0.003918013394890279, -0.002158420746043856, 0, 0, 0, 0, 0, -0.0025870781639295054, 0, 0, 0, 0, -0.002163089603519645, 0, 0, 0, 0.0042690521768787015, 0, 0, -0.00227907614895276, 0, 0, 0, 0, 0, 0, -0.0014539119882505858, 0, 0, 0, 0, 0, 0.0064866109744109324, 0, 0, 0, 0, 0, 0, 0, 0, 0, 0, 0, 0, -0.007339150756743858, 0, 0, 0, 0, 0, 0, 0, 0, 0, 0, 0, 0, -0.002084698511571315, 0, 0, 0, 0, 0, 0, 0, 0, 0, 0, 0, 0, 0, 0.00318037822944744, 0, 0.008745761500720553, 0, 0, 0, 0, 0.0008150503829197924, 0.0007654921273149107, 0, 0, 0, 0, 0, 0, 0, 0, 0, 0, 0, -0.002265381109606555, 0, 0, 0, 0, 0, 0.0034009307332757543, 0, 0, 0, 0, -0.0023139617820158134, 0, 0, 0, 0, 0, 0, 0.0036061165476385863, 0, 0, 0, -0.002202073368934687, 0, 0, 0, 0.00018226108969577703, 0, 0, 0, 0.005391328576177947, 0, 0.002308526057628157, 0, 0, 0, 0, 0, 0, 0, -0.002636218054471943, -0.0018510478100248141, 0, 0, 0, 0, 0, 0, 0, 0, -0.002323902101090349, 0, -0.00269299774473394, 0, 0, 0, 0, 0, 0, 0, 0, 0, 0, 0, 0.002670969305101368, 0, 0, 0, 0]
Start Date: 2021-12-17
End Date: 2025-07-11
Sharpe Ratio: 0.015
Annualized Sharpe: 0.234
Sharpe 95% CI: (np.float64(-0.737), np.float64(1.067))
Sortino Ratio: 0.025
CAGR: 0.006
Calmar Ratio: 0.121
Daily Win Rate (%): 0.357
Max Drawdown: 0.046
Profit Factor: 1.087
Expectancy: 0.000116
Average Win: 0.004052
Average Loss: 0.002071
Total Trades: 224
Total Days: 1117

Rolling 10 - Variant 2 - atr_0.25_8 - Test Metrics
Contracts: [9, 9, 14, 13, 9, 10, 9, 10, 11, 8, 8, 8, 9, 5, 7, 9, 10, 10, 9, 7, 8, 7, 8, 8, 6, 6, 6, 6, 6, 6, 8, 10, 10, 10, 7, 7, 7, 7, 10, 5, 5, 6, 6, 6, 6, 6, 7, 8, 8, 6, 6, 7, 7, 6, 5, 7, 6, 7, 6, 8, 6, 9, 5, 6, 6, 8, 9, 9, 9, 5, 11, 6, 5, 7, 7, 10, 6, 11, 10, 12, 10, 9, 9, 9, 12, 7, 15, 10, 9, 10, 8, 9, 9, 11, 11, 10, 9, 8, 8, 8, 10, 12, 10, 12, 13, 9, 10, 13, 8, 10, 11, 9, 13, 10, 9, 10, 14, 8, 11, 7, 11, 10, 11, 13, 12, 10, 10, 10, 10, 14, 11, 11, 6, 11, 8, 13, 10, 10, 16, 15, 16, 13, 18, 16, 10, 13, 13, 13, 13, 12, 13, 13, 12, 13, 11, 10, 13, 11, 21, 18, 15, 11, 8, 15, 15, 15, 20, 20, 11, 11, 18, 15, 16, 10, 9, 10, 16, 16, 16, 7, 9, 7, 6, 6, 9, 9, 10, 7, 11, 7, 8, 8, 10, 9, 5, 11, 11, 10, 10, 12, 8, 12, 12, 13, 4, 4, 5, 8, 8, 7, 9, 6, 8, 10, 7, 9, 10, 10, 10, 9, 10, 8, 9, 10, 9, 9, 4, 9, 10, 11, 13, 7, 6, 9, 10, 9, 10, 12, 11, 12, 12, 12, 11, 18, 12, 12]
Trade Returns: [-0.002046658921586641, -0.002487356920342267, 0.0008164894995729794, -0.002159389878132707, 8.050226739051206e-05, -0.0012612315551141927, -0.0010132670756854774, -0.0019881762680886788, -0.0015226986275477718, 0.0022388791929155295, -0.0021665920374183754, -0.0021207718125501604, 0.00032847672579143316, -0.0026102357520304703, -0.0023308019781459874, -0.002324990620047941, 0.005477970047656551, -0.0023920266768295497, 0.00398181878272374, 0.0034848840581814928, -0.0031193518834426504, 0.009294476368466923]
Daily Returns: [0, 0, 0, 0, 0, 0, 0, -0.002046658921586641, 0, 0, 0, 0, 0, 0, -0.002487356920342267, 0, 0, 0, 0, 0.0008164894995729794, 0, 0, 0, 0, 0, 0, -0.002159389878132707, 0, 8.050226739051206e-05, -0.0012612315551141927, 0, 0, -0.0010132670756854774, 0, 0, -0.0019881762680886788, 0, -0.0015226986275477718, 0, 0, 0, 0.0022388791929155295, 0, 0, -0.0021665920374183754, 0, 0, -0.0021207718125501604, 0, 0, 0, 0, 0.00032847672579143316, -0.0026102357520304703, 0, 0, 0, 0, 0, 0, 0, 0, 0, -0.0023308019781459874, 0, 0, 0, 0, -0.002324990620047941, 0, 0, 0.0030859433708270013, 0, 0, 0, 0, 0, 0, 0, 0, 0, 0.00398181878272374, 0, 0, 0, 0, 0, 0, 0, 0, 0, 0, 0.0034848840581814928, -0.0031193518834426504, 0.009294476368466923, 0, 0, 0, 0, 0, 0]
Start Date: 2025-07-13
End Date: 2025-11-06
Sharpe Ratio: -0.028
Annualized Sharpe: -0.438
Sharpe 95% CI: (np.float64(-4.736), np.float64(2.164))
Sortino Ratio: -0.068
CAGR: -0.01
Calmar Ratio: -0.479
Daily Win Rate (%): 0.364
Max Drawdown: 0.02
Profit Factor: 0.87
Expectancy: -0.000175
Average Win: 0.003213
Average Loss: 0.00211
Total Trades: 22
Total Days: 101



Rolling 10 - Variant 3 - atr_0.25_9 - Fit Metrics
Contracts: [9, 9, 14, 13, 9, 10, 9, 10, 11, 8, 8, 8, 9, 5, 7, 9, 10, 10, 9, 7, 8, 7, 8, 8, 6, 6, 6, 6, 6, 6, 8, 10, 10, 10, 7, 7, 7, 7, 10, 5, 5, 6, 6, 6, 6, 6, 7, 8, 8, 6, 6, 7, 7, 6, 5, 7, 6, 7, 6, 8, 6, 9, 5, 6, 6, 8, 9, 9, 9, 5, 11, 6, 5, 7, 7, 10, 6, 11, 10, 12, 10, 9, 9, 9, 12, 7, 15, 10, 9, 10, 8, 9, 9, 11, 10, 10, 9, 8, 8, 8, 10, 12, 10, 12, 13, 9, 10, 13, 8, 10, 11, 9, 13, 10, 9, 10, 14, 8, 11, 7, 11, 10, 11, 13, 12, 10, 10, 10, 10, 14, 11, 11, 6, 11, 8, 13, 10, 10, 16, 15, 16, 13, 18, 16, 10, 13, 13, 13, 13, 12, 13, 13, 12, 13, 11, 10, 13, 11, 21, 18, 15, 11, 8, 15, 15, 15, 20, 20, 11, 11, 18, 15, 16, 10, 9, 10, 16, 16, 15, 7, 8, 7, 6, 6, 9, 9, 10, 7, 11, 7, 8, 8, 10, 9, 5, 11, 11, 10, 10, 12, 8, 12, 12, 13, 4, 4, 5, 8, 8, 7, 9, 6, 8, 9, 7, 9, 10, 10, 9, 9, 10, 8, 9, 10, 9, 9, 4, 9, 10, 11, 13, 7, 6, 9, 10, 9, 10, 12, 11, 12, 12, 12, 11, 18, 12, 12]
Trade Returns: [-0.0023168250000000002, 0.0007505388672109267, 0.014487516788512244, -0.0025017603595391055, -0.002174113873743027, -0.002351063636912138, 0.001186504549974602, -0.0005392311918729406, -0.002403680335727823, -0.0020986075956482397, 0.0011111254422876092, -0.002103021011516817, -0.0021460923325985295, 0.00301343912751589, 0.00036300185111982344, 0.004200969613144644, -0.002249059736662376, -0.000712169423279661, -0.0023650793172252734, -0.0016690431886309757, -0.002210865969953026, -0.0019387941376906627, -0.0022703104308374753, 0.0036413263346871173, -0.002302492447698335, -0.002496389385449491, -0.002729503165993781, 0.0014146667639300628, -0.00021535316632010848, 0.00035263724337039246, 0.008344017493605744, 0.005650899360981397, 0.0013260169452420552, -0.0025592933616299667, 0.00018803516262531116, 0.003109147169970049, -0.002181375150776887, -0.000814032401247406, -0.002191067203691032, 0.0020433296000770904, 0.0028965904616530982, 0.0038221753514469476, -0.00017446762563653066, 0.003919953228958627, 0.002829415799840747, -0.001992291218952235, -0.0003797476451435913, -3.3996570348908826e-05, -0.002502827357898408, -0.002026817930193264, -0.0019380924037953455, 0.0023577021009682435, 0.00841530817626906, 0.003545394649705201, -0.0004606464366268346, 0.012059116065244376, 0.011539532583864845, -0.0025921301146764183, -0.0016869824743832868, 0.0003000815332212379, -0.0027931300942535, -0.0023380714732422394, -0.0009552864444854572, -0.001853545566738902, -0.0017481542041207655, -0.001995768464983041, 0.001601050548621801, -0.0021915996074059647, -0.0027429478696834146, -0.0016802840268232615, -0.0019055603459106197, 0.003759863348028089, -0.0018992269385726113, 0.0017964523840708103, -0.0022092859556566385, -0.0018786629210852202, -0.0023057790646385523, 0.006594807810564904, -0.00283060984799559, -0.002724477571584083, 0.0013046926523178346, -0.0021563207713559953, -0.0025469880860424787, -0.002885200268865685, -0.0014996639812921854, -0.002803695964698, -0.0018864481554529372, -0.001709015300655822, 0.005707271302794842, -0.002380532406434254, 0.0006336295681850471, 0.002575913438533898, -0.002475914832331326, 0.004061914341321542, -0.0020731112835820145, 0.0030444863350422547, 0.003926334106814673, -0.002031034070414078, -0.0030792204711713278, -0.0025273918449203944, -0.002482194877917862, -0.00254023424524252, 0.0005780513313554281, -0.0016374613701312707, -0.0033265279101210962, -0.0013912863939617615, 0.015076217173786283, -0.0023767074385004504, -0.00229817490749951, -0.002056868447087488, -3.843303167128832e-05, -0.002321874606184142, -0.0027587188050145106, 0.0006418492588384354, 0.012179808273534149, -0.0025297471019239287, 0.007272291564152264, 0.0016049639438616575, -0.002212511442844081, -0.00223695195510439, 0.0034628515257621, -0.002709128680413342, 0.0042337990013184505, -0.002410089483393949, 0.0009386431437661473, -0.0021550419014421934, -0.001917564823812721, -0.0012728065423633186, -0.002344781145710363, -0.0024051998471395684, -0.00280541164791104, -0.0027975633311560465, -0.0005261243300824856, -0.0019070966588179174, -0.0021506213785947126, 0.003833098278484077, 0.00020626867955331928, 0.006706035768429531, -0.002244098599613694, -0.0026966442361237943, -0.002204786298341437, -0.001792918876705033, -0.002711133784013307, -0.0021167397243078375, -0.0005436227062193653, -0.002456923453828703, -0.0006288991729848872, 0.0028904348051227227, 0.0014549649108000493, 0.00043292634562185127, -0.002051925822659677, -0.0022747426107787893, 0.01025278198951893, -0.002342836785934037, 0.00545215589579042, -0.0021950960727477797, -0.0026261505459484083, 0.009734725013069575, -0.002689741950487702, -0.0025262503440128294, -0.0024037741392783484, -0.0022038090540384215, -0.0007314830103383812, 0.0012439529545567188, 0.003295664976067956, -0.002994234415029092, 0.0005364282289634726, -0.0027587867008278073, -0.002550147260549805, 0.001877694226090331, 0.016766066800712985, -0.002594170117727292, -0.0028727335627707945, -0.0007827329312770162, -0.0021666601808891534, 0.002684466765801407, 0.0021041776248968457, -0.0016441809389204098, -0.0013589200444311502, -0.002256312494277628, 0.004720077565921411, 0.0007478700688421788, -0.0018464973099814519, 0.0040244081775513965, 0.001952383055137436, -0.0022728267671318224, -0.0021009466132430855, -0.0024409376819046376, 0.003929042277380983, -0.0021644727427327357, -0.0025943636116089815, -0.0021691678474128734, 0.004281091192001543, -0.0022855109290719176, -0.001458026390166427, 0.009581268629513397, -0.0030761909474726016, -0.0025348204161144794, -0.0024154334486324535, -0.002409613188339073, -0.0020906119836943344, 0.0031893152245472713, -0.0027980985036567493, 0.011568835909474398, 0.0008173398331544326, 0.0007676406139644317, -0.0022717344182131864, 0.006071473640576428, -0.0026609378033042095, -0.002320444108762658, 0.003616240359187506, -0.0022082331942729883, 0.00018277286299779594, 0.0048657987282490585, 0.002316208662312384, -0.00020174952186614815, -0.0024432230301748366, 0.0005675080989962465, -0.002148217793952113, -3.779615410948439e-05, -0.002331095104382858, -0.0027013526587310217, 0.00484354951912506, -0.0021642177531247253]
Daily Returns: [-0.0023168250000000002, 0, 0, 0, 0.0007505388672109267, 0, 0, 0, 0, 0, 0.011985756428973138, 0, -0.002174113873743027, 0, -0.001164559086937536, 0, 0, 0, -0.0005392311918729406, 0, -0.002403680335727823, 0, 0, 0, 0, 0, 0, 0, 0, 0, 0, 0, 0, 0, 0, 0, 0, 0, 0, 0, 0, -0.0020986075956482397, 0.0011111254422876092, 0, 0, 0, 0, 0, 0, 0, 0, 0, 0, -0.002103021011516817, 0, 0, -0.0021460923325985295, 0, 0, 0, 0, 0, 0, 0, 0, 0, 0, 0, 0, 0, 0, 0, 0.00301343912751589, 0, 0, 0, 0, 0, 0, 0, 0, 0.00036300185111982344, 0, 0, 0.0012397404532026072, 0, 0, -0.0023650793172252734, 0, 0, 0, 0, -0.0016690431886309757, 0, 0, 0, 0, 0, 0, 0, 0, -0.002210865969953026, 0, 0, 0, 0, 0, -0.0019387941376906627, 0.001371015903849642, 0, 0, 0, 0, 0, 0, 0, 0, 0, 0, -0.002302492447698335, -0.005225892551443272, 0, 0.0014146667639300628, 0.00013728407705028398, 0, 0, 0, 0, 0, 0, 0, 0, 0, 0, 0, 0, 0, 0, 0, 0, 0, 0, 0.008344017493605744, 0, 0, 0, 0, 0.005650899360981397, 0.0013260169452420552, -0.0025592933616299667, 0, 0, 0, 0, 0, 0, 0, 0, 0, 0, 0, 0.00018803516262531116, 0.00011373961794575616, 0, 0, 0, 0, 0, 0, 0, 0, 0, 0, 0, 0, 0, 0, 0, 0, 0, 0, 0, 0, 0, 0, 0, -0.002191067203691032, 0, 0.0020433296000770904, 0, 0, 0.006544298187463515, 0.003919953228958627, 0, 0, 0, 0.002829415799840747, 0, -0.0023720388640958265, 0, 0, -3.3996570348908826e-05, 0, 0, 0, 0, 0, 0, 0, 0, -0.002502827357898408, 0, 0, 0, 0, 0, -0.002026817930193264, 0, -0.0019380924037953455, 0.0023577021009682435, 0, 0, 0.00841530817626906, 0, 0, 0, 0, 0.003545394649705201, 0, 0, 0, 0, 0, 0, 0, 0, 0, 0, 0, 0, 0, 0, 0, 0, 0, 0, 0, 0, 0, 0, 0, -0.0004606464366268346, 0, 0, 0, 0, 0, 0.012059116065244376, 0, 0, 0, 0, 0, 0, 0.008947402469188428, 0, 0, 0, -0.0016869824743832868, 0, 0.0003000815332212379, 0, 0, 0, 0, -0.0027931300942535, 0, 0, 0, 0, 0, 0, 0, 0, 0, 0, 0, 0, 0, 0, 0, 0, -0.0023380714732422394, 0, 0, 0, 0, 0, -0.0009552864444854572, 0, 0, 0, 0, 0, -0.001853545566738902, -0.0017481542041207655, 0, 0, 0, 0, 0, 0, 0, 0, 0, 0, 0, 0, -0.001995768464983041, 0, 0, 0.001601050548621801, 0, -0.0021915996074059647, 0, 0, 0, -0.0027429478696834146, 0, 0, 0, 0, -0.0016802840268232615, 0, 0, 0, 0, 0, 0, 0, -0.0019055603459106197, 0, 0.003759863348028089, 0, -0.0018992269385726113, 0, 0, 0, 0.0017964523840708103, 0, 0, 0, 0, 0, -0.0022092859556566385, 0, -0.0018786629210852202, 0, 0, 0, 0, 0, 0, -0.0023057790646385523, 0, 0.006594807810564904, -0.00283060984799559, 0, 0, 0, 0, 0, 0, 0, 0, 0, -0.002724477571584083, 0.0013046926523178346, 0, 0, -0.0021563207713559953, -0.0025469880860424787, 0, 0, -0.002885200268865685, 0, 0, 0, 0, 0, 0, 0, 0, 0, 0, 0, 0, -0.0014996639812921854, 0, 0, 0, 0, 0, 0, -0.004690144120150937, 0, 0, 0, -0.001709015300655822, 0, 0.005707271302794842, 0, -0.002380532406434254, 0, 0, 0, 0.0006336295681850471, 0, 0, 0, 0.002575913438533898, 0, -0.002475914832331326, 0, 0, 0, 0.004061914341321542, 0, 0, 0, -0.0020731112835820145, 0.0030444863350422547, 0, 0, 0.0018953000364005947, 0, 0, 0, 0, 0, 0, 0, 0, -0.0030792204711713278, 0, 0, 0, 0, 0, 0, 0, 0, 0, 0, -0.0025273918449203944, 0, -0.002482194877917862, 0, 0, 0, 0, -0.00254023424524252, 0, 0, 0, 0, 0, 0, 0, 0, 0, 0, 0, 0, 0, 0, 0, 0, 0.0005780513313554281, 0, 0, 0, 0, -0.0016374613701312707, 0, 0, -0.004717814304082858, 0, 0, 0, 0, 0, 0, 0, 0, 0, 0, 0.015076217173786283, 0, 0, 0, 0, 0, -0.0023767074385004504, 0, 0, 0, 0, 0, 0, 0, 0, -0.00229817490749951, 0, 0, -0.0020953014787587765, 0, 0, -0.002321874606184142, 0, 0, 0, 0, 0, 0, -0.0027587188050145106, 0, 0, 0, 0, 0, 0.0006418492588384354, 0, 0, 0.00965006117161022, 0, 0, 0, 0, 0, 0, 0, 0, 0.007272291564152264, 0, 0, 0, 0, 0, 0, 0, 0, 0, 0, 0, 0, 0, 0, 0, 0, 0, 0, 0, 0, 0.0016049639438616575, 0, 0, 0, 0, 0, 0, 0, 0, 0, -0.002212511442844081, 0.0012258995706577098, 0, 0, -0.002709128680413342, 0, 0.0042337990013184505, -0.002410089483393949, 0, 0, 0, 0.0009386431437661473, 0, -0.0021550419014421934, -0.001917564823812721, 0, 0, 0, 0, -0.0012728065423633186, 0, 0, 0, -0.004749980992849932, 0, 0, 0, 0, 0, 0, 0, 0, 0, 0, 0, 0, 0, -0.00280541164791104, -0.0027975633311560465, 0, 0, 0, 0, 0, 0, 0, 0, -0.0005261243300824856, 0, -0.0019070966588179174, 0, 0, 0, 0, 0, 0, 0, 0, 0, 0, 0, 0, 0, 0, 0, 0, 0, 0, 0, 0, 0, 0, 0, 0, 0, 0, 0, 0, 0, 0, 0, 0, 0, 0, 0, 0, 0, 0, 0, 0, 0, 0, -0.0021506213785947126, 0, 0, 0, 0, 0.004039366958037396, 0.006706035768429531, 0, 0, -0.002244098599613694, 0, 0, 0, 0, 0, 0, 0, 0, 0, 0, 0, 0, -0.0026966442361237943, 0, 0, 0, 0, 0, -0.002204786298341437, 0, 0, 0, 0, 0, -0.001792918876705033, -0.002711133784013307, 0, 0, 0, 0, -0.0021167397243078375, -0.0005436227062193653, 0, 0, 0, 0, 0, 0, 0, 0, 0, 0, 0, 0, -0.002456923453828703, 0, 0, 0, 0, 0, 0, 0, 0, 0, 0, -0.0006288991729848872, 0.004345399715922772, 0, 0.00043292634562185127, -0.004326668433438466, 0, 0, 0, 0, 0, 0, 0.007909945203584892, 0.00545215589579042, 0, 0, 0, 0, 0, -0.0021950960727477797, 0, 0, 0, 0, -0.0026261505459484083, 0, 0, 0, 0, 0, 0.009734725013069575, 0, 0, 0, 0, 0, -0.002689741950487702, 0, -0.0025262503440128294, 0, 0, 0, 0, 0, -0.0024037741392783484, 0, -0.0022038090540384215, 0, 0, -0.0007314830103383812, 0, 0, 0, 0, 0, 0, 0, 0, 0.0012439529545567188, 0.003295664976067956, 0, 0, 0, -0.002994234415029092, 0, 0, 0, 0, 0, 0, 0, 0, 0, 0, 0, 0, 0, 0, 0, 0, 0, 0, 0, 0, 0.0005364282289634726, 0, 0, 0, -0.0027587867008278073, 0, 0, 0, -0.002550147260549805, 0, 0, 0, 0, 0, 0.001877694226090331, 0, 0, 0.016766066800712985, 0, 0, 0, 0, 0, 0, 0, 0, 0, 0, 0, 0, 0, 0, 0, 0, 0, 0, 0, -0.002594170117727292, 0, 0, 0, 0, 0, 0, -0.0028727335627707945, 0, 0, 0, 0, 0, 0, 0, 0, 0, -0.0007827329312770162, 0, 0.0005178065849122536, 0, 0, 0, 0, 0, 0, 0, 0, 0, 0, 0, 0, 0, 0, 0, 0, 0, 0, 0, 0, 0, 0, 0, 0, 0, 0.00045999668597643587, -0.0013589200444311502, 0, 0, 0, 0, 0, 0, -0.002256312494277628, 0, 0, 0, 0, 0, 0, 0, 0, 0, 0, 0.004720077565921411, 0, 0, 0, 0, 0, 0.0007478700688421788, -0.0018464973099814519, 0, 0.0040244081775513965, 0, 0.001952383055137436, 0, 0, -0.0022728267671318224, 0, 0, 0, -0.0021009466132430855, 0, 0, 0, 0, 0, 0, 0, 0, 0, 0, 0, 0, 0, 0, 0, 0, -0.0024409376819046376, 0, 0, 0, 0, 0, 0.003929042277380983, -0.0021644727427327357, 0, 0, 0, 0, 0, -0.0025943636116089815, 0, 0, 0, 0, -0.0021691678474128734, 0, 0, 0, 0.004281091192001543, 0, 0, -0.0022855109290719176, 0, 0, 0, 0, 0, 0, -0.001458026390166427, 0, 0, 0, 0, 0, 0.006505077682040795, 0, 0, 0, 0, 0, 0, 0, 0, 0, 0, 0, 0, -0.007359867053086006, 0, 0, 0, 0, 0, 0, 0, 0, 0, 0, 0, 0, -0.0020906119836943344, 0, 0, 0, 0, 0, 0, 0, 0, 0, 0, 0, 0, 0, 0.0031893152245472713, 0, 0.00877073740581765, 0, 0, 0, 0, 0.0008173398331544326, 0.0007676406139644317, 0, 0, 0, 0, 0, 0, 0, 0, 0, 0, 0, -0.0022717344182131864, 0, 0, 0, 0, 0, 0.0034105358372722183, 0, 0, 0, 0, -0.002320444108762658, 0, 0, 0, 0, 0, 0, 0.003616240359187506, 0, 0, 0, -0.0022082331942729883, 0, 0, 0, 0.00018277286299779594, 0, 0, 0, 0.0048657987282490585, 0, 0.002316208662312384, 0, 0, 0, 0, 0, 0, 0, -0.0026449725520409847, -0.0016185058490653507, 0, 0, 0, 0, 0, 0, 0, 0, -0.002331095104382858, 0, -0.0027013526587310217, 0, 0, 0, 0, 0, 0, 0, 0, 0, 0, 0, 0.0026793317660003344, 0, 0, 0, 0]
Start Date: 2021-12-17
End Date: 2025-07-11
Sharpe Ratio: 0.013
Annualized Sharpe: 0.208
Sharpe 95% CI: (np.float64(-0.762), np.float64(1.044))
Sortino Ratio: 0.022
CAGR: 0.005
Calmar Ratio: 0.105
Daily Win Rate (%): 0.357
Max Drawdown: 0.046
Profit Factor: 1.076
Expectancy: 0.000102
Average Win: 0.004017
Average Loss: 0.002074
Total Trades: 224
Total Days: 1117

Rolling 10 - Variant 3 - atr_0.25_9 - Test Metrics
Contracts: [9, 9, 14, 13, 9, 10, 9, 10, 11, 8, 8, 8, 9, 5, 7, 9, 10, 10, 9, 7, 8, 7, 8, 8, 6, 6, 6, 6, 6, 6, 8, 10, 10, 10, 7, 7, 7, 7, 10, 5, 5, 6, 6, 6, 6, 6, 7, 8, 8, 6, 6, 7, 7, 6, 5, 7, 6, 7, 6, 8, 6, 9, 5, 6, 6, 8, 9, 9, 9, 5, 11, 6, 5, 7, 7, 10, 6, 11, 10, 12, 10, 9, 9, 9, 12, 7, 15, 10, 9, 10, 8, 9, 9, 11, 10, 10, 9, 8, 8, 8, 10, 12, 10, 12, 13, 9, 10, 13, 8, 10, 11, 9, 13, 10, 9, 10, 14, 8, 11, 7, 11, 10, 11, 13, 12, 10, 10, 10, 10, 14, 11, 11, 6, 11, 8, 13, 10, 10, 16, 15, 16, 13, 18, 16, 10, 13, 13, 13, 13, 12, 13, 13, 12, 13, 11, 10, 13, 11, 21, 18, 15, 11, 8, 15, 15, 15, 20, 20, 11, 11, 18, 15, 16, 10, 9, 10, 16, 16, 15, 7, 8, 7, 6, 6, 9, 9, 10, 7, 11, 7, 8, 8, 10, 9, 5, 11, 11, 10, 10, 12, 8, 12, 12, 13, 4, 4, 5, 8, 8, 7, 9, 6, 8, 9, 7, 9, 10, 10, 9, 9, 10, 8, 9, 10, 9, 9, 4, 9, 10, 11, 13, 7, 6, 9, 10, 9, 10, 12, 11, 12, 12, 12, 11, 18, 12, 12]
Trade Returns: [-0.002053024731620253, -0.002495094744789056, 0.0008190342859966936, -0.002166114629627636, 8.075351101121878e-05, -0.0012651674789820907, -0.0010164331827424255, -0.0019943949480361513, -0.001527470889740543, 0.0022459067580494732, -0.0021733774626711225, -0.0021274282029192567, 0.0003295099019089661, -0.0026184431673141363, -0.0023381500047438435, -0.0023323375040239557, 0.005495320697047445, -0.0023995616558178117, 0.003994391839781134, 0.0034958442067790706, -0.003129128236997664, 0.009323697602439429]
Daily Returns: [0, 0, 0, 0, 0, 0, 0, -0.002053024731620253, 0, 0, 0, 0, 0, 0, -0.002495094744789056, 0, 0, 0, 0, 0.0008190342859966936, 0, 0, 0, 0, 0, 0, -0.002166114629627636, 0, 8.075351101121878e-05, -0.0012651674789820907, 0, 0, -0.0010164331827424255, 0, 0, -0.0019943949480361513, 0, -0.001527470889740543, 0, 0, 0, 0.0022459067580494732, 0, 0, -0.0021733774626711225, 0, 0, -0.0021274282029192567, 0, 0, 0, 0, 0.0003295099019089661, -0.0026184431673141363, 0, 0, 0, 0, 0, 0, 0, 0, 0, -0.0023381500047438435, 0, 0, 0, 0, -0.0023323375040239557, 0, 0, 0.003095759041229633, 0, 0, 0, 0, 0, 0, 0, 0, 0, 0.003994391839781134, 0, 0, 0, 0, 0, 0, 0, 0, 0, 0, 0.0034958442067790706, -0.003129128236997664, 0.009323697602439429, 0, 0, 0, 0, 0, 0]
Start Date: 2025-07-13
End Date: 2025-11-06
Sharpe Ratio: -0.028
Annualized Sharpe: -0.438
Sharpe 95% CI: (np.float64(-4.736), np.float64(2.164))
Sortino Ratio: -0.068
CAGR: -0.01
Calmar Ratio: -0.479
Daily Win Rate (%): 0.364
Max Drawdown: 0.02
Profit Factor: 0.87
Expectancy: -0.000175
Average Win: 0.003223
Average Loss: 0.002117
Total Trades: 22
Total Days: 101



Rolling 10 - Variant 4 - atr_0.25_10 - Fit Metrics
Contracts: [9, 9, 14, 13, 9, 10, 9, 10, 11, 8, 8, 8, 9, 5, 7, 9, 10, 10, 9, 7, 8, 7, 8, 8, 6, 6, 6, 6, 6, 6, 8, 10, 10, 10, 7, 7, 7, 7, 10, 5, 5, 6, 6, 6, 6, 6, 7, 8, 8, 6, 6, 7, 7, 6, 5, 7, 6, 7, 6, 8, 6, 9, 5, 6, 6, 8, 9, 9, 9, 5, 11, 6, 5, 7, 7, 10, 6, 11, 10, 12, 10, 9, 9, 9, 12, 7, 15, 10, 9, 10, 8, 9, 9, 11, 10, 10, 9, 8, 8, 8, 10, 12, 10, 12, 13, 9, 10, 13, 8, 10, 11, 9, 13, 10, 9, 10, 14, 8, 11, 7, 11, 10, 11, 13, 12, 10, 10, 10, 10, 14, 11, 11, 6, 11, 8, 13, 10, 10, 16, 15, 16, 13, 18, 16, 10, 13, 13, 13, 13, 12, 13, 13, 12, 13, 11, 10, 13, 11, 21, 18, 15, 11, 8, 15, 15, 15, 20, 20, 11, 11, 18, 15, 16, 10, 9, 10, 16, 16, 15, 7, 8, 7, 6, 6, 9, 9, 10, 7, 11, 7, 8, 8, 10, 9, 5, 11, 11, 10, 10, 12, 8, 12, 12, 13, 4, 4, 5, 8, 8, 7, 9, 6, 8, 9, 7, 9, 10, 10, 9, 9, 10, 8, 9, 10, 9, 9, 4, 9, 10, 11, 13, 7, 6, 9, 10, 9, 10, 12, 11, 12, 12, 12, 11, 18, 12, 12]
Trade Returns: [-0.0023168250000000002, 0.0007505388672109267, 0.014487516788512244, -0.0025017603595391055, -0.002174113873743027, -0.002351063636912138, 0.001186504549974602, -0.0005392311918729406, -0.002403680335727823, -0.0020986075956482397, 0.0011111254422876092, -0.002103021011516817, -0.0021460923325985295, 0.00301343912751589, 0.00036300185111982344, 0.004200969613144644, -0.002249059736662376, -0.000712169423279661, -0.0023650793172252734, -0.0016690431886309757, -0.002210865969953026, -0.0019387941376906627, -0.0022703104308374753, 0.0036413263346871173, -0.002302492447698335, -0.002496389385449491, -0.002729503165993781, 0.0014146667639300628, -0.00021535316632010848, 0.00035263724337039246, 0.008344017493605744, 0.005650899360981397, 0.0013260169452420552, -0.0025592933616299667, 0.00018803516262531116, 0.003109147169970049, -0.002181375150776887, -0.000814032401247406, -0.002191067203691032, 0.0020433296000770904, 0.0028965904616530982, 0.0038221753514469476, -0.00017446762563653066, 0.003919953228958627, 0.002829415799840747, -0.001992291218952235, -0.0003797476451435913, -3.3996570348908826e-05, -0.002502827357898408, -0.002026817930193264, -0.0019380924037953455, 0.0023577021009682435, 0.00841530817626906, 0.003545394649705201, -0.0004606464366268346, 0.012059116065244376, 0.011539532583864845, -0.0025921301146764183, -0.0016869824743832868, 0.0003000815332212379, -0.0027931300942535, -0.0023380714732422394, -0.0009552864444854572, -0.001853545566738902, -0.0017481542041207655, -0.001995768464983041, 0.001601050548621801, -0.0021915996074059647, -0.0027429478696834146, -0.0016802840268232615, -0.0019055603459106197, 0.003759863348028089, -0.0018992269385726113, 0.0017964523840708103, -0.0022092859556566385, -0.0018786629210852202, -0.0023057790646385523, 0.006594807810564904, -0.00283060984799559, -0.002724477571584083, 0.0013046926523178346, -0.0021563207713559953, -0.0025469880860424787, -0.002885200268865685, -0.0014996639812921854, -0.002803695964698, -0.0018864481554529372, -0.001709015300655822, 0.005707271302794842, -0.002380532406434254, 0.0006336295681850471, 0.002575913438533898, -0.002475914832331326, 0.004061914341321542, -0.0020731112835820145, 0.0030444863350422547, 0.003926334106814673, -0.002031034070414078, -0.0030792204711713278, -0.0025273918449203944, -0.002482194877917862, -0.00254023424524252, 0.0005780513313554281, -0.0016374613701312707, -0.0033265279101210962, -0.0013912863939617615, 0.015076217173786283, -0.0023767074385004504, -0.00229817490749951, -0.002056868447087488, -3.843303167128832e-05, -0.002321874606184142, -0.0027587188050145106, 0.0006418492588384354, 0.012179808273534149, -0.0025297471019239287, 0.007272291564152264, 0.0016049639438616575, -0.002212511442844081, -0.00223695195510439, 0.0034628515257621, -0.002709128680413342, 0.0042337990013184505, -0.002410089483393949, 0.0009386431437661473, -0.0021550419014421934, -0.001917564823812721, -0.0012728065423633186, -0.002344781145710363, -0.0024051998471395684, -0.00280541164791104, -0.0027975633311560465, -0.0005261243300824856, -0.0019070966588179174, -0.0021506213785947126, 0.003833098278484077, 0.00020626867955331928, 0.006706035768429531, -0.002244098599613694, -0.0026966442361237943, -0.002204786298341437, -0.001792918876705033, -0.002711133784013307, -0.0021167397243078375, -0.0005436227062193653, -0.002456923453828703, -0.0006288991729848872, 0.0028904348051227227, 0.0014549649108000493, 0.00043292634562185127, -0.002051925822659677, -0.0022747426107787893, 0.01025278198951893, -0.002342836785934037, 0.00545215589579042, -0.0021950960727477797, -0.0026261505459484083, 0.009734725013069575, -0.002689741950487702, -0.0025262503440128294, -0.0024037741392783484, -0.0022038090540384215, -0.0007314830103383812, 0.0012439529545567188, 0.003295664976067956, -0.002994234415029092, 0.0005364282289634726, -0.0027587867008278073, -0.002550147260549805, 0.001877694226090331, 0.016766066800712985, -0.002594170117727292, -0.0028727335627707945, -0.0007827329312770162, -0.0021666601808891534, 0.002684466765801407, 0.0021041776248968457, -0.0016441809389204098, -0.0013589200444311502, -0.002256312494277628, 0.004720077565921411, 0.0007478700688421788, -0.0018464973099814519, 0.0040244081775513965, 0.001952383055137436, -0.0022728267671318224, -0.0021009466132430855, -0.0024409376819046376, 0.003929042277380983, -0.0021644727427327357, -0.0025943636116089815, -0.0021691678474128734, 0.004281091192001543, -0.0022855109290719176, -0.001458026390166427, 0.009581268629513397, -0.0030761909474726016, -0.0025348204161144794, -0.0024154334486324535, -0.002409613188339073, -0.0020906119836943344, 0.0031893152245472713, -0.0027980985036567493, 0.011568835909474398, 0.0008173398331544326, 0.0007676406139644317, -0.0022717344182131864, 0.006071473640576428, -0.0026609378033042095, -0.002320444108762658, 0.003616240359187506, -0.0022082331942729883, 0.00018277286299779594, 0.0048657987282490585, 0.002316208662312384, -0.00020174952186614815, -0.0024432230301748366, 0.0005675080989962465, -0.002148217793952113, -3.779615410948439e-05, -0.002331095104382858, -0.0027013526587310217, 0.00484354951912506, -0.0021642177531247253]
Daily Returns: [-0.0023168250000000002, 0, 0, 0, 0.0007505388672109267, 0, 0, 0, 0, 0, 0.011985756428973138, 0, -0.002174113873743027, 0, -0.001164559086937536, 0, 0, 0, -0.0005392311918729406, 0, -0.002403680335727823, 0, 0, 0, 0, 0, 0, 0, 0, 0, 0, 0, 0, 0, 0, 0, 0, 0, 0, 0, 0, -0.0020986075956482397, 0.0011111254422876092, 0, 0, 0, 0, 0, 0, 0, 0, 0, 0, -0.002103021011516817, 0, 0, -0.0021460923325985295, 0, 0, 0, 0, 0, 0, 0, 0, 0, 0, 0, 0, 0, 0, 0, 0.00301343912751589, 0, 0, 0, 0, 0, 0, 0, 0, 0.00036300185111982344, 0, 0, 0.0012397404532026072, 0, 0, -0.0023650793172252734, 0, 0, 0, 0, -0.0016690431886309757, 0, 0, 0, 0, 0, 0, 0, 0, -0.002210865969953026, 0, 0, 0, 0, 0, -0.0019387941376906627, 0.001371015903849642, 0, 0, 0, 0, 0, 0, 0, 0, 0, 0, -0.002302492447698335, -0.005225892551443272, 0, 0.0014146667639300628, 0.00013728407705028398, 0, 0, 0, 0, 0, 0, 0, 0, 0, 0, 0, 0, 0, 0, 0, 0, 0, 0, 0.008344017493605744, 0, 0, 0, 0, 0.005650899360981397, 0.0013260169452420552, -0.0025592933616299667, 0, 0, 0, 0, 0, 0, 0, 0, 0, 0, 0, 0.00018803516262531116, 0.00011373961794575616, 0, 0, 0, 0, 0, 0, 0, 0, 0, 0, 0, 0, 0, 0, 0, 0, 0, 0, 0, 0, 0, 0, 0, -0.002191067203691032, 0, 0.0020433296000770904, 0, 0, 0.006544298187463515, 0.003919953228958627, 0, 0, 0, 0.002829415799840747, 0, -0.0023720388640958265, 0, 0, -3.3996570348908826e-05, 0, 0, 0, 0, 0, 0, 0, 0, -0.002502827357898408, 0, 0, 0, 0, 0, -0.002026817930193264, 0, -0.0019380924037953455, 0.0023577021009682435, 0, 0, 0.00841530817626906, 0, 0, 0, 0, 0.003545394649705201, 0, 0, 0, 0, 0, 0, 0, 0, 0, 0, 0, 0, 0, 0, 0, 0, 0, 0, 0, 0, 0, 0, 0, -0.0004606464366268346, 0, 0, 0, 0, 0, 0.012059116065244376, 0, 0, 0, 0, 0, 0, 0.008947402469188428, 0, 0, 0, -0.0016869824743832868, 0, 0.0003000815332212379, 0, 0, 0, 0, -0.0027931300942535, 0, 0, 0, 0, 0, 0, 0, 0, 0, 0, 0, 0, 0, 0, 0, 0, -0.0023380714732422394, 0, 0, 0, 0, 0, -0.0009552864444854572, 0, 0, 0, 0, 0, -0.001853545566738902, -0.0017481542041207655, 0, 0, 0, 0, 0, 0, 0, 0, 0, 0, 0, 0, -0.001995768464983041, 0, 0, 0.001601050548621801, 0, -0.0021915996074059647, 0, 0, 0, -0.0027429478696834146, 0, 0, 0, 0, -0.0016802840268232615, 0, 0, 0, 0, 0, 0, 0, -0.0019055603459106197, 0, 0.003759863348028089, 0, -0.0018992269385726113, 0, 0, 0, 0.0017964523840708103, 0, 0, 0, 0, 0, -0.0022092859556566385, 0, -0.0018786629210852202, 0, 0, 0, 0, 0, 0, -0.0023057790646385523, 0, 0.006594807810564904, -0.00283060984799559, 0, 0, 0, 0, 0, 0, 0, 0, 0, -0.002724477571584083, 0.0013046926523178346, 0, 0, -0.0021563207713559953, -0.0025469880860424787, 0, 0, -0.002885200268865685, 0, 0, 0, 0, 0, 0, 0, 0, 0, 0, 0, 0, -0.0014996639812921854, 0, 0, 0, 0, 0, 0, -0.004690144120150937, 0, 0, 0, -0.001709015300655822, 0, 0.005707271302794842, 0, -0.002380532406434254, 0, 0, 0, 0.0006336295681850471, 0, 0, 0, 0.002575913438533898, 0, -0.002475914832331326, 0, 0, 0, 0.004061914341321542, 0, 0, 0, -0.0020731112835820145, 0.0030444863350422547, 0, 0, 0.0018953000364005947, 0, 0, 0, 0, 0, 0, 0, 0, -0.0030792204711713278, 0, 0, 0, 0, 0, 0, 0, 0, 0, 0, -0.0025273918449203944, 0, -0.002482194877917862, 0, 0, 0, 0, -0.00254023424524252, 0, 0, 0, 0, 0, 0, 0, 0, 0, 0, 0, 0, 0, 0, 0, 0, 0.0005780513313554281, 0, 0, 0, 0, -0.0016374613701312707, 0, 0, -0.004717814304082858, 0, 0, 0, 0, 0, 0, 0, 0, 0, 0, 0.015076217173786283, 0, 0, 0, 0, 0, -0.0023767074385004504, 0, 0, 0, 0, 0, 0, 0, 0, -0.00229817490749951, 0, 0, -0.0020953014787587765, 0, 0, -0.002321874606184142, 0, 0, 0, 0, 0, 0, -0.0027587188050145106, 0, 0, 0, 0, 0, 0.0006418492588384354, 0, 0, 0.00965006117161022, 0, 0, 0, 0, 0, 0, 0, 0, 0.007272291564152264, 0, 0, 0, 0, 0, 0, 0, 0, 0, 0, 0, 0, 0, 0, 0, 0, 0, 0, 0, 0, 0.0016049639438616575, 0, 0, 0, 0, 0, 0, 0, 0, 0, -0.002212511442844081, 0.0012258995706577098, 0, 0, -0.002709128680413342, 0, 0.0042337990013184505, -0.002410089483393949, 0, 0, 0, 0.0009386431437661473, 0, -0.0021550419014421934, -0.001917564823812721, 0, 0, 0, 0, -0.0012728065423633186, 0, 0, 0, -0.004749980992849932, 0, 0, 0, 0, 0, 0, 0, 0, 0, 0, 0, 0, 0, -0.00280541164791104, -0.0027975633311560465, 0, 0, 0, 0, 0, 0, 0, 0, -0.0005261243300824856, 0, -0.0019070966588179174, 0, 0, 0, 0, 0, 0, 0, 0, 0, 0, 0, 0, 0, 0, 0, 0, 0, 0, 0, 0, 0, 0, 0, 0, 0, 0, 0, 0, 0, 0, 0, 0, 0, 0, 0, 0, 0, 0, 0, 0, 0, 0, -0.0021506213785947126, 0, 0, 0, 0, 0.004039366958037396, 0.006706035768429531, 0, 0, -0.002244098599613694, 0, 0, 0, 0, 0, 0, 0, 0, 0, 0, 0, 0, -0.0026966442361237943, 0, 0, 0, 0, 0, -0.002204786298341437, 0, 0, 0, 0, 0, -0.001792918876705033, -0.002711133784013307, 0, 0, 0, 0, -0.0021167397243078375, -0.0005436227062193653, 0, 0, 0, 0, 0, 0, 0, 0, 0, 0, 0, 0, -0.002456923453828703, 0, 0, 0, 0, 0, 0, 0, 0, 0, 0, -0.0006288991729848872, 0.004345399715922772, 0, 0.00043292634562185127, -0.004326668433438466, 0, 0, 0, 0, 0, 0, 0.007909945203584892, 0.00545215589579042, 0, 0, 0, 0, 0, -0.0021950960727477797, 0, 0, 0, 0, -0.0026261505459484083, 0, 0, 0, 0, 0, 0.009734725013069575, 0, 0, 0, 0, 0, -0.002689741950487702, 0, -0.0025262503440128294, 0, 0, 0, 0, 0, -0.0024037741392783484, 0, -0.0022038090540384215, 0, 0, -0.0007314830103383812, 0, 0, 0, 0, 0, 0, 0, 0, 0.0012439529545567188, 0.003295664976067956, 0, 0, 0, -0.002994234415029092, 0, 0, 0, 0, 0, 0, 0, 0, 0, 0, 0, 0, 0, 0, 0, 0, 0, 0, 0, 0, 0.0005364282289634726, 0, 0, 0, -0.0027587867008278073, 0, 0, 0, -0.002550147260549805, 0, 0, 0, 0, 0, 0.001877694226090331, 0, 0, 0.016766066800712985, 0, 0, 0, 0, 0, 0, 0, 0, 0, 0, 0, 0, 0, 0, 0, 0, 0, 0, 0, -0.002594170117727292, 0, 0, 0, 0, 0, 0, -0.0028727335627707945, 0, 0, 0, 0, 0, 0, 0, 0, 0, -0.0007827329312770162, 0, 0.0005178065849122536, 0, 0, 0, 0, 0, 0, 0, 0, 0, 0, 0, 0, 0, 0, 0, 0, 0, 0, 0, 0, 0, 0, 0, 0, 0, 0.00045999668597643587, -0.0013589200444311502, 0, 0, 0, 0, 0, 0, -0.002256312494277628, 0, 0, 0, 0, 0, 0, 0, 0, 0, 0, 0.004720077565921411, 0, 0, 0, 0, 0, 0.0007478700688421788, -0.0018464973099814519, 0, 0.0040244081775513965, 0, 0.001952383055137436, 0, 0, -0.0022728267671318224, 0, 0, 0, -0.0021009466132430855, 0, 0, 0, 0, 0, 0, 0, 0, 0, 0, 0, 0, 0, 0, 0, 0, -0.0024409376819046376, 0, 0, 0, 0, 0, 0.003929042277380983, -0.0021644727427327357, 0, 0, 0, 0, 0, -0.0025943636116089815, 0, 0, 0, 0, -0.0021691678474128734, 0, 0, 0, 0.004281091192001543, 0, 0, -0.0022855109290719176, 0, 0, 0, 0, 0, 0, -0.001458026390166427, 0, 0, 0, 0, 0, 0.006505077682040795, 0, 0, 0, 0, 0, 0, 0, 0, 0, 0, 0, 0, -0.007359867053086006, 0, 0, 0, 0, 0, 0, 0, 0, 0, 0, 0, 0, -0.0020906119836943344, 0, 0, 0, 0, 0, 0, 0, 0, 0, 0, 0, 0, 0, 0.0031893152245472713, 0, 0.00877073740581765, 0, 0, 0, 0, 0.0008173398331544326, 0.0007676406139644317, 0, 0, 0, 0, 0, 0, 0, 0, 0, 0, 0, -0.0022717344182131864, 0, 0, 0, 0, 0, 0.0034105358372722183, 0, 0, 0, 0, -0.002320444108762658, 0, 0, 0, 0, 0, 0, 0.003616240359187506, 0, 0, 0, -0.0022082331942729883, 0, 0, 0, 0.00018277286299779594, 0, 0, 0, 0.0048657987282490585, 0, 0.002316208662312384, 0, 0, 0, 0, 0, 0, 0, -0.0026449725520409847, -0.0016185058490653507, 0, 0, 0, 0, 0, 0, 0, 0, -0.002331095104382858, 0, -0.0027013526587310217, 0, 0, 0, 0, 0, 0, 0, 0, 0, 0, 0, 0.0026793317660003344, 0, 0, 0, 0]
Start Date: 2021-12-17
End Date: 2025-07-11
Sharpe Ratio: 0.013
Annualized Sharpe: 0.208
Sharpe 95% CI: (np.float64(-0.762), np.float64(1.044))
Sortino Ratio: 0.022
CAGR: 0.005
Calmar Ratio: 0.105
Daily Win Rate (%): 0.357
Max Drawdown: 0.046
Profit Factor: 1.076
Expectancy: 0.000102
Average Win: 0.004017
Average Loss: 0.002074
Total Trades: 224
Total Days: 1117

Rolling 10 - Variant 4 - atr_0.25_10 - Test Metrics
Contracts: [9, 9, 14, 13, 9, 10, 9, 10, 11, 8, 8, 8, 9, 5, 7, 9, 10, 10, 9, 7, 8, 7, 8, 8, 6, 6, 6, 6, 6, 6, 8, 10, 10, 10, 7, 7, 7, 7, 10, 5, 5, 6, 6, 6, 6, 6, 7, 8, 8, 6, 6, 7, 7, 6, 5, 7, 6, 7, 6, 8, 6, 9, 5, 6, 6, 8, 9, 9, 9, 5, 11, 6, 5, 7, 7, 10, 6, 11, 10, 12, 10, 9, 9, 9, 12, 7, 15, 10, 9, 10, 8, 9, 9, 11, 10, 10, 9, 8, 8, 8, 10, 12, 10, 12, 13, 9, 10, 13, 8, 10, 11, 9, 13, 10, 9, 10, 14, 8, 11, 7, 11, 10, 11, 13, 12, 10, 10, 10, 10, 14, 11, 11, 6, 11, 8, 13, 10, 10, 16, 15, 16, 13, 18, 16, 10, 13, 13, 13, 13, 12, 13, 13, 12, 13, 11, 10, 13, 11, 21, 18, 15, 11, 8, 15, 15, 15, 20, 20, 11, 11, 18, 15, 16, 10, 9, 10, 16, 16, 15, 7, 8, 7, 6, 6, 9, 9, 10, 7, 11, 7, 8, 8, 10, 9, 5, 11, 11, 10, 10, 12, 8, 12, 12, 13, 4, 4, 5, 8, 8, 7, 9, 6, 8, 9, 7, 9, 10, 10, 9, 9, 10, 8, 9, 10, 9, 9, 4, 9, 10, 11, 13, 7, 6, 9, 10, 9, 10, 12, 11, 12, 12, 12, 11, 18, 12, 12]
Trade Returns: [-0.002053024731620253, -0.002495094744789056, 0.0008190342859966936, -0.002166114629627636, 8.075351101121878e-05, -0.0012651674789820907, -0.0010164331827424255, -0.0019943949480361513, -0.001527470889740543, 0.0022459067580494732, -0.0021733774626711225, -0.0021274282029192567, 0.0003295099019089661, -0.0026184431673141363, -0.0023381500047438435, -0.0023323375040239557, 0.005495320697047445, -0.0023995616558178117, 0.003994391839781134, 0.0034958442067790706, -0.003129128236997664, 0.009323697602439429]
Daily Returns: [0, 0, 0, 0, 0, 0, 0, -0.002053024731620253, 0, 0, 0, 0, 0, 0, -0.002495094744789056, 0, 0, 0, 0, 0.0008190342859966936, 0, 0, 0, 0, 0, 0, -0.002166114629627636, 0, 8.075351101121878e-05, -0.0012651674789820907, 0, 0, -0.0010164331827424255, 0, 0, -0.0019943949480361513, 0, -0.001527470889740543, 0, 0, 0, 0.0022459067580494732, 0, 0, -0.0021733774626711225, 0, 0, -0.0021274282029192567, 0, 0, 0, 0, 0.0003295099019089661, -0.0026184431673141363, 0, 0, 0, 0, 0, 0, 0, 0, 0, -0.0023381500047438435, 0, 0, 0, 0, -0.0023323375040239557, 0, 0, 0.003095759041229633, 0, 0, 0, 0, 0, 0, 0, 0, 0, 0.003994391839781134, 0, 0, 0, 0, 0, 0, 0, 0, 0, 0, 0.0034958442067790706, -0.003129128236997664, 0.009323697602439429, 0, 0, 0, 0, 0, 0]
Start Date: 2025-07-13
End Date: 2025-11-06
Sharpe Ratio: -0.028
Annualized Sharpe: -0.438
Sharpe 95% CI: (np.float64(-4.736), np.float64(2.164))
Sortino Ratio: -0.068
CAGR: -0.01
Calmar Ratio: -0.479
Daily Win Rate (%): 0.364
Max Drawdown: 0.02
Profit Factor: 0.87
Expectancy: -0.000175
Average Win: 0.003223
Average Loss: 0.002117
Total Trades: 22
Total Days: 101

========== Variant Appearance Count (FIT Rankings) ==========
atr_0.25_8: 8 times
atr_0.25_7: 8 times
atr_0.25_6: 6 times
atr_0.25_9: 6 times
atr_0.25_10: 6 times
atr_0.5_1: 4 times
atr_0.25_4: 4 times
atr_0.25_2: 4 times
atr_0.5_2: 2 times
atr_0.25_3: 2 times
atr_0.5_4: 1 times
atr_0.5_5: 1 times
atr_0.5_6: 1 times
atr_0.5_7: 1 times
atr_0.25_11: 1 times

============================================
BEST VARIANT:atr_0.25_8
Total Fit (top 5) Appearances: 8
============================================

========== Best Variant Detailed Metrics ==========

Variant Name: atr_0.25_8
---------------------------------------------------

================ Rolling 1 ================

--- TEST Metrics ---
Start Date: 2022-04-15
End Date:   2025-11-06
Sharpe Ratio:        0.013
Annualized Sharpe:   0.207
Sortino Ratio:       0.022
Calmar Ratio:        0.105
CAGR:                0.005
Sharpe 95% CI:       (np.float64(-0.755), np.float64(1.04))
Daily Win Rate (%):  0.36
Max Drawdown:        0.046
Profit Factor:       1.075
Expectancy:          0.000101
Average Win:         0.00
Average Loss:        0.00

================ Rolling 2 ================

--- TEST Metrics ---
Start Date: 2022-08-12
End Date:   2025-11-06
Sharpe Ratio:        0.003
Annualized Sharpe:   0.054
Sortino Ratio:       0.006
Calmar Ratio:        0.023
CAGR:                0.001
Sharpe 95% CI:       (np.float64(-1.012), np.float64(0.947))
Daily Win Rate (%):  0.343
Max Drawdown:        0.046
Profit Factor:       1.02
Expectancy:          2.7e-05
Average Win:         0.00
Average Loss:        0.00

================ Rolling 3 ================

--- TEST Metrics ---
Start Date: 2022-12-09
End Date:   2025-11-06
Sharpe Ratio:        -0.009
Annualized Sharpe:   -0.136
Sortino Ratio:       -0.015
Calmar Ratio:        -0.101
CAGR:                -0.004
Sharpe 95% CI:       (np.float64(-1.269), np.float64(0.797))
Daily Win Rate (%):  0.343
Max Drawdown:        0.035
Profit Factor:       0.954
Expectancy:          -6.6e-05
Average Win:         0.00
Average Loss:        0.00

================ Rolling 4 ================

--- TEST Metrics ---
Start Date: 2023-04-07
End Date:   2025-11-06
Sharpe Ratio:        0.009
Annualized Sharpe:   0.141
Sortino Ratio:       0.015
Calmar Ratio:        0.114
CAGR:                0.003
Sharpe 95% CI:       (np.float64(-1.107), np.float64(1.138))
Daily Win Rate (%):  0.358
Max Drawdown:        0.028
Profit Factor:       1.051
Expectancy:          7e-05
Average Win:         0.00
Average Loss:        0.00

================ Rolling 5 ================

--- TEST Metrics ---
Start Date: 2023-08-04
End Date:   2025-11-06
Sharpe Ratio:        0.005
Annualized Sharpe:   0.081
Sortino Ratio:       0.008
Calmar Ratio:        0.058
CAGR:                0.002
Sharpe 95% CI:       (np.float64(-1.197), np.float64(1.142))
Daily Win Rate (%):  0.355
Max Drawdown:        0.028
Profit Factor:       1.028
Expectancy:          3.9e-05
Average Win:         0.00
Average Loss:        0.00

================ Rolling 6 ================

--- TEST Metrics ---
Start Date: 2023-12-01
End Date:   2025-11-06
Sharpe Ratio:        0.011
Annualized Sharpe:   0.168
Sortino Ratio:       0.017
Calmar Ratio:        0.136
CAGR:                0.004
Sharpe 95% CI:       (np.float64(-1.25), np.float64(1.282))
Daily Win Rate (%):  0.365
Max Drawdown:        0.027
Profit Factor:       1.061
Expectancy:          8.3e-05
Average Win:         0.00
Average Loss:        0.00

================ Rolling 7 ================

--- TEST Metrics ---
Start Date: 2024-03-28
End Date:   2025-11-06
Sharpe Ratio:        0.026
Annualized Sharpe:   0.413
Sortino Ratio:       0.042
Calmar Ratio:        0.367
CAGR:                0.01
Sharpe 95% CI:       (np.float64(-1.101), np.float64(1.598))
Daily Win Rate (%):  0.386
Max Drawdown:        0.027
Profit Factor:       1.154
Expectancy:          0.000202
Average Win:         0.00
Average Loss:        0.00

================ Rolling 8 ================

--- TEST Metrics ---
Start Date: 2024-07-24
End Date:   2025-11-06
Sharpe Ratio:        0.023
Annualized Sharpe:   0.357
Sortino Ratio:       0.035
Calmar Ratio:        0.309
CAGR:                0.008
Sharpe 95% CI:       (np.float64(-1.361), np.float64(1.648))
Daily Win Rate (%):  0.388
Max Drawdown:        0.027
Profit Factor:       1.132
Expectancy:          0.000172
Average Win:         0.00
Average Loss:        0.00

================ Rolling 9 ================

--- TEST Metrics ---
Start Date: 2024-11-19
End Date:   2025-11-06
Sharpe Ratio:        0.021
Annualized Sharpe:   0.33
Sortino Ratio:       0.029
Calmar Ratio:        0.266
CAGR:                0.007
Sharpe 95% CI:       (np.float64(-1.567), np.float64(1.968))
Daily Win Rate (%):  0.394
Max Drawdown:        0.027
Profit Factor:       1.104
Expectancy:          0.000135
Average Win:         0.00
Average Loss:        0.00

================ Rolling 10 ================

--- TEST Metrics ---
Start Date: 2025-03-17
End Date:   2025-11-06
Sharpe Ratio:        0.039
Annualized Sharpe:   0.624
Sortino Ratio:       0.111
Calmar Ratio:        0.499
CAGR:                0.014
Sharpe 95% CI:       (np.float64(-1.765), np.float64(2.443))
Daily Win Rate (%):  0.422
Max Drawdown:        0.027
Profit Factor:       1.203
Expectancy:          0.000243
Average Win:         0.00
Average Loss:        0.00

================ Rolling 11 ================

--- TEST Metrics ---
Start Date: 2025-07-13
End Date:   2025-11-06
Sharpe Ratio:        -0.028
Annualized Sharpe:   -0.438
Sortino Ratio:       -0.068
Calmar Ratio:        -0.479
CAGR:                -0.01
Sharpe 95% CI:       (np.float64(-4.736), np.float64(2.164))
Daily Win Rate (%):  0.364
Max Drawdown:        0.02
Profit Factor:       0.87
Expectancy:          -0.000175
Average Win:         0.00
Average Loss:        0.00
