


Rolling 0 - Variant 0 - atr_0.5_0.5 - Fit Metrics
Contracts: [5, 4, 4, 3, 4, 3, 3, 3, 3, 3, 4, 4, 5, 5, 7, 7, 5, 5, 5, 5, 5, 5, 5, 5, 6, 6, 6, 7, 4, 5, 4, 5, 7, 6, 5, 6, 6, 5, 3, 3, 4, 2, 5, 2, 3, 3, 3, 6, 4, 5, 5, 4, 4, 9, 7, 6, 6, 6, 6, 4, 5, 2, 3, 7, 6, 7, 6, 6, 5, 8, 5, 1, 1, 4, 4, 5, 3, 5, 5, 5, 6, 6, 6, 5, 5, 7, 6, 6, 6, 4, 6, 7, 7, 6, 6, 5, 6, 6, 6, 6, 6, 5]
Trade Returns: [0.00199, 0.0019481232347628218, 0.0017237026006636355, 0.0018576809948913774, -0.0034529210166603943, 0.001559496428763118, 0.0014528666826111511, 0.0014507589233069777, 0.002024021308003849, 0.002263290164266283, 0.002072054866904614, 0.002005172164671816]
Daily Returns: [0.003938123234762822, 0, 0, 0, 0, 0, 0, 0, 0.0017237026006636355, 0, 0, 0, 0, -0.0015952400217690169, 0.001559496428763118, 0, 0, 0.002903625605918129, 0, 0, 0, 0, 0, 0.002024021308003849, 0, 0, 0, 0, 0, 0, 0, 0, 0.002263290164266283, 0.002072054866904614, 0, 0, 0, 0, 0, 0, 0, 0, 0, 0, 0.002005172164671816, 0, 0, 0, 0, 0]
Start Date: 2023-12-26
End Date: 2024-02-21
Sharpe Ratio: 0.358
Annualized Sharpe: 5.679
Sharpe 95% CI: (np.float64(2.343), np.float64(8.622))
Sortino Ratio: inf
CAGR: 0.089
Calmar Ratio: 55.629
Daily Win Rate (%): 0.917
Max Drawdown: 0.002
Profit Factor: 5.893
Expectancy: 0.001408
Average Win: 0.00185
Average Loss: 0.003453
Total Trades: 12
Total Days: 50

Rolling 0 - Variant 0 - atr_0.5_0.5 - Test Metrics
Contracts: [5, 4, 4, 3, 4, 3, 3, 3, 3, 3, 4, 4, 5, 5, 7, 7, 5, 5, 5, 5, 5, 5, 5, 5, 6, 6, 6, 7, 4, 5, 4, 5, 7, 6, 5, 6, 6, 5, 3, 3, 4, 2, 5, 2, 3, 3, 3, 6, 4, 5, 5, 4, 4, 9, 7, 6, 6, 6, 6, 4, 5, 2, 3, 7, 6, 7, 6, 6, 5, 8, 5, 1, 1, 4, 4, 5, 3, 5, 5, 5, 6, 6, 6, 5, 5, 7, 6, 6, 6, 4, 6, 7, 7, 6, 6, 5, 6, 6, 6, 6, 6, 5]
Trade Returns: [0.001973425322100994, -0.004048495979835678, 0.0016055434323973216, 0.0020916800980548362, 0.002136083125821149, 0.002545183082854227, -0.0013203293833479286, 0.002080323830595537, 0.0016394619460510316, 0.00197656374148312, -0.004369908069221205, 0.001972754969825021, 0.0016193671652919527, 0.0022933023165648933, -0.004258080214120606, 0.0015588946933754715, 0.0015825178324160164, 0.0003928626722402734, 0.0014392859284651453, 0.0017289106703730394, -0.0006479456651278156, 0.0018987854719755477, 0.0005227998838222261, 0.0021237795624719823, -0.004054236243523816, -0.001746260430666881, -0.0012843809206473074, 0.0023567036494423037, -0.003538044648416512, 0.0021293435204757286, 0.0013738556054472986, 0.0010278072472090557, -0.0038943288473425033, 0.0017712435119952225, 0.0019971638715780807, 0.0020543773779539572, 0.0016655491952267821, -0.004420215117135701, 0.0019005631586736565, 0.001449928864079859, -0.0041294074319667565, 0.0016469312471558732, 0.0006289680556054088, 0.0022532576166317975, 0.001702243029566548, -0.0040247807066437, 0.001995737915637791, 0.00018559457445191382, -0.0003523920293929861, -0.004867806405008428, -0.003364583232967533, 0.001759588693723166, 0.0017925962283697758, -0.005467949791446786, 0.0027593829648681085, -0.0019257950188422545, -0.0045620973900103775, -0.005143425036759506, 0.0005825616601730198, -0.002010778479564784, -0.0036676199723944696, -0.0015134496009459118, 0.0021377754299002206, 0.002605184316790413, 0.0020816847177767017, 0.0010995279307631787, 0.0017805299150245475, 0.0012670424577087749, -0.004484951574883094, 0.0020574732691062705, 0.0021417508665830813, 0.0006280032538418869, 0.0017308282577080695, 0.0025217619441061647, 0.0018045394713714891, 0.002444606465145838, -0.004387227256816148, -0.0004765960106570325, 0.001981552411475025, 0.0023413699891171634, -0.004031642164517073, 0.0020689149918190915, -0.004164379929482385, -0.0017228366897650686, 0.0019003521240700478, 0.002014193309707178, -0.004231266244516787, -0.0037195615390274387, -0.003969742527934403, 0.0017940969761310957]
Daily Returns: [0, 0, 0, 0, 0, 0, 0, 0, 0, 0, 0, 0, 0, 0, 0, 0, 0, 0, 0, 0, 0, 0, 0, 0, 0, 0, 0, 0, 0, 0.001973425322100994, -0.004048495979835678, 0, 0, 0, 0, 0, 0, 0, 0, 0, 0, 0.0016055434323973216, 0.004227763223875985, 0, 0, 0.0012248536995062983, 0, 0, 0, 0, 0, 0, 0, 0, 0.002080323830595537, 0, 0, 0, 0.0016394619460510316, 0.00197656374148312, 0, 0, 0, 0, 0, 0, 0, -0.004369908069221205, 0, 0.001972754969825021, 0.0016193671652919527, 0.0022933023165648933, -0.004258080214120606, 0, 0, 0, 0, 0, 0, 0, 0, 0, 0, 0, 0, 0, 0, 0, 0, 0, 0, 0, 0, 0, 0, 0, 0, 0, 0, 0.003141412525791488, 0, 0, 0, 0, 0, 0, 0, 0.0003928626722402734, 0.0014392859284651453, 0, 0, 0, 0, 0, 0, 0, 0, 0, 0, 0, 0, 0.0017289106703730394, 0, 0, 0, -0.0006479456651278156, 0.0018987854719755477, 0.0005227998838222261, 0, 0, 0, 0, 0.0021237795624719823, -0.004054236243523816, 0, 0, 0, -0.001746260430666881, -0.0012843809206473074, 0.0023567036494423037, 0, 0, 0, 0, 0, 0, 0, -0.003538044648416512, 0, 0, 0, 0.0021293435204757286, 0, 0, 0, 0, 0, 0, 0, 0, 0, 0, 0, 0, 0, 0, 0, 0, 0, 0, 0, 0, 0, 0, 0, 0, 0, 0, 0, 0, 0, 0, 0, 0, 0, 0, 0, 0, 0, 0, 0.0013738556054472986, 0, 0, 0.0010278072472090557, 0, 0, 0, -0.0038943288473425033, 0, 0, 0.0017712435119952225, 0, 0, 0, 0, 0, 0, 0, 0, 0, 0.0019971638715780807, 0.0020543773779539572, 0, 0.0016655491952267821, 0, 0, 0, -0.004420215117135701, 0, 0.0019005631586736565, 0, 0, 0, 0, 0, 0, 0.001449928864079859, 0, 0, 0, 0, 0, 0, 0, 0, 0, 0, 0, 0, 0, 0, 0, 0, 0, 0, 0, 0, 0, 0, 0, 0, 0, 0, 0, 0, 0, 0, 0, -0.0041294074319667565, 0.002275899302761282, 0, 0, 0, 0, 0, 0, 0, 0, 0.0022532576166317975, 0, 0, 0, 0, 0, 0, 0, 0.001702243029566548, -0.0040247807066437, 0, 0, 0, 0, 0, 0, 0, 0.001995737915637791, 0, 0, 0, 0, 0, 0.00018559457445191382, 0, 0, 0, 0, 0, 0, -0.0003523920293929861, 0, 0, 0, 0, 0, 0, -0.004867806405008428, 0, 0, 0, 0, -0.003364583232967533, 0.001759588693723166, 0, 0, 0, 0, 0, 0, 0, 0, 0, 0, 0, 0, 0, 0, 0, 0, 0, 0, 0, 0, 0, 0, 0, 0, 0, 0, 0, 0.0017925962283697758, 0, 0, 0, 0, 0, -0.004634361845420932, 0, -0.0045620973900103775, -0.005143425036759506, 0, 0, 0, 0, 0, 0, 0, 0, 0.0005825616601730198, 0, 0, 0, 0, 0, 0, 0, 0, -0.002010778479564784, 0, 0, -0.0036676199723944696, 0, 0, 0, 0, 0, 0, 0, -0.0015134496009459118, 0, 0, 0, 0.0021377754299002206, 0, 0, 0, 0, 0.002605184316790413, 0.0020816847177767017, 0, 0, 0, 0, 0, 0, 0, 0, 0, 0, 0, 0, 0, 0, 0, 0, 0, 0, 0, 0, 0, 0, 0.0010995279307631787, 0, 0, 0, 0, 0, 0.0017805299150245475, 0, 0, 0, 0, 0, 0, 0, 0, 0.0012670424577087749, 0, 0, 0, -0.002427478305776824, 0, 0, 0.0021417508665830813, 0, 0, 0.0006280032538418869, 0.0017308282577080695, 0, 0, 0, 0, 0.0025217619441061647, 0, 0, 0.0042491459365173265, 0, 0, -0.004387227256816148, 0, 0, 0, 0, 0, 0, -0.0004765960106570325, 0, 0, 0, 0, 0, 0, 0, 0, 0.001981552411475025, 0, 0.0023413699891171634, 0, 0, 0, 0, 0, 0, 0, 0, 0, 0, 0, 0, 0, 0, 0, 0, 0, 0, 0, 0, 0, 0, 0, 0, 0, 0, 0, 0, 0, 0, 0, -0.004031642164517073, 0, 0, 0, 0, 0.0020689149918190915, 0, 0, 0, 0, 0, -0.004164379929482385, 0, 0, 0, 0, 0, 0, 0, 0, 0, 0, 0, 0, 0, -0.0017228366897650686, 0, 0, 0, 0, 0, 0, 0, 0, 0, 0.003914545433777226, 0, 0, 0, 0, -0.004231266244516787, -0.0037195615390274387, -0.003969742527934403, 0, 0, 0, 0, 0, 0.0017940969761310957]
Start Date: 2024-02-22
End Date: 2025-11-19
Sharpe Ratio: -0.006
Annualized Sharpe: -0.088
Sharpe 95% CI: (np.float64(-1.364), np.float64(1.337))
Sortino Ratio: -0.004
CAGR: -0.002
Calmar Ratio: -0.058
Daily Win Rate (%): 0.644
Max Drawdown: 0.028
Profit Factor: 0.97
Expectancy: -3.5e-05
Average Win: 0.001769
Average Loss: 0.003306
Total Trades: 90
Total Days: 546



Rolling 0 - Variant 1 - atr_0.5_0.25 - Fit Metrics
Contracts: [5, 4, 4, 3, 3, 3, 3, 3, 3, 3, 4, 4, 5, 5, 7, 7, 4, 5, 5, 5, 5, 5, 5, 5, 6, 6, 6, 6, 4, 5, 4, 5, 6, 6, 5, 5, 6, 5, 3, 3, 4, 2, 5, 2, 3, 3, 3, 5, 4, 4, 4, 4, 4, 9, 7, 5, 6, 6, 6, 4, 5, 2, 3, 7, 6, 6, 6, 6, 4, 7, 5, 1, 1, 4, 4, 4, 3, 5, 5, 5, 6, 6, 6, 5, 5, 6, 6, 6, 6, 4, 6, 7, 6, 5, 6, 4, 6, 6, 6, 6, 6, 5]
Trade Returns: [0.00094, 0.0009311247427418228, 0.0008316348305419389, 0.0006665484348565976, -0.003470911945771731, 0.0007508535151234789, 0.0006978746770832035, 0.0006973879876665092, 0.0009701838158966416, 0.0010975827781094989, 0.0010109565154103575, 0.0009589790500343598]
Daily Returns: [0.0018711247427418227, 0, 0, 0, 0, 0, 0, 0, 0.0008316348305419389, 0, 0, 0, 0, -0.0028043635109151334, 0.0007508535151234789, 0, 0, 0.0013952626647497127, 0, 0, 0, 0, 0, 0.0009701838158966416, 0, 0, 0, 0, 0, 0, 0, 0, 0.0010975827781094989, 0.0010109565154103575, 0, 0, 0, 0, 0, 0, 0, 0, 0, 0, 0.0009589790500343598, 0, 0, 0, 0, 0]
Start Date: 2023-12-26
End Date: 2024-02-21
Sharpe Ratio: 0.201
Annualized Sharpe: 3.194
Sharpe 95% CI: (np.float64(-1.072), np.float64(8.437))
Sortino Ratio: inf
CAGR: 0.031
Calmar Ratio: 11.083
Daily Win Rate (%): 0.917
Max Drawdown: 0.003
Profit Factor: 2.752
Expectancy: 0.000507
Average Win: 0.000868
Average Loss: 0.003471
Total Trades: 12
Total Days: 50

Rolling 0 - Variant 1 - atr_0.5_0.25 - Test Metrics
Contracts: [5, 4, 4, 3, 3, 3, 3, 3, 3, 3, 4, 4, 5, 5, 7, 7, 4, 5, 5, 5, 5, 5, 5, 5, 6, 6, 6, 6, 4, 5, 4, 5, 6, 6, 5, 5, 6, 5, 3, 3, 4, 2, 5, 2, 3, 3, 3, 5, 4, 4, 4, 4, 4, 9, 7, 5, 6, 6, 6, 4, 5, 2, 3, 7, 6, 6, 6, 6, 4, 7, 5, 1, 1, 4, 4, 4, 3, 5, 5, 5, 6, 6, 6, 5, 5, 6, 6, 6, 6, 4, 6, 7, 6, 5, 6, 4, 6, 6, 6, 6, 6, 5]
Trade Returns: [0.0009233628657374857, -0.0041062146131299795, 0.0007605734624485498, 0.0010083599497310216, 0.0010321556173084562, 0.0012417710977157366, -0.0013466779880036742, 0.0010064127829296531, 0.0007825288062225902, 0.0007581652004162948, -0.004465834436512554, 0.0009425094114237513, 0.0007628329510063587, 0.0009409041711929487, -0.004369574878016036, 0.0007555854572605865, 0.0007682803705858091, 0.00034587167862556745, 0.0009865857129870152, 0.0008337514497597756, -0.000555371258248148, 0.0009109180674843432, 0.0005369856311594638, 0.0010201108272230106, -0.004173719939426536, -0.0017979407306747458, 0.0007120940801943601, 0.0011461243932977597, -0.0036356732498463973, 0.0010397416242063852, 0.0006851172264537146, 0.0005061303285596044, 0.0009214191050866527, 0.0008757378764103718, 0.000980877875710188, 0.0008002985652502784, 0.0008248712916346677, 0.0007996585996203122, 0.0009285365586362872, 0.0006987424626391766, -0.003534552985778887, 0.0007685612255645229, 0.0009146710546964329, 0.0010563338253607656, 0.0008086209134432485, -0.003444143164868945, 0.0009712639994912669, 0.0001908115303829824, -0.00036298756618822965, -0.005014222175481905, -0.0034750417960353625, 0.0008405799702656058, 0.0008541074054994368, -0.004937958976956193, 0.0011537059066155774, -0.0019892389363563518, -0.004705958389633159, -0.004250567342674977, 0.0002895179298301834, 0.0010766341496795191, 0.0008324307738112421, -0.0015529057079900401, 0.0008317384091636934, 0.0012809121309466857, 0.0010138116029600268, 0.0005560211612725176, 0.0008943833519621842, 0.0005960529173759531, -0.004616153508306958, 0.0009920242467766824, 0.0010366411610381006, 0.0006478624588000258, 0.0008371235725905007, 0.0010491933189229296, 0.000866343319336874, 0.0011985139637469707, -0.004546482798787404, 0.0008523099675221317, 0.0009587907100462153, 0.0011351999381626738, 0.000729700842839798, 0.0008345603808217521, 0.000909945156406271, 0.0010389918959638892, 0.000908174323206469, 0.000967639346848465, -0.004348661898062427, 0.0007894446312471864, -0.004061979439251395, 0.000862341472049768]
Daily Returns: [0, 0, 0, 0, 0, 0, 0, 0, 0, 0, 0, 0, 0, 0, 0, 0, 0, 0, 0, 0, 0, 0, 0, 0, 0, 0, 0, 0, 0, 0.0009233628657374857, -0.0041062146131299795, 0, 0, 0, 0, 0, 0, 0, 0, 0, 0, 0.0007605734624485498, 0.0020405155670394776, 0, 0, -0.00010490689028793765, 0, 0, 0, 0, 0, 0, 0, 0, 0.0010064127829296531, 0, 0, 0, 0.0007825288062225902, 0.0007581652004162948, 0, 0, 0, 0, 0, 0, 0, -0.004465834436512554, 0, 0.0009425094114237513, 0.0007628329510063587, 0.0009409041711929487, -0.004369574878016036, 0, 0, 0, 0, 0, 0, 0, 0, 0, 0, 0, 0, 0, 0, 0, 0, 0, 0, 0, 0, 0, 0, 0, 0, 0, 0, 0.0015238658278463957, 0, 0, 0, 0, 0, 0, 0, 0.00034587167862556745, 0.0009865857129870152, 0, 0, 0, 0, 0, 0, 0, 0, 0, 0, 0, 0, 0.0008337514497597756, 0, 0, 0, -0.000555371258248148, 0.0009109180674843432, 0.0005369856311594638, 0, 0, 0, 0, 0.0010201108272230106, -0.004173719939426536, 0, 0, 0, -0.0017979407306747458, 0.0007120940801943601, 0.0011461243932977597, 0, 0, 0, 0, 0, 0, 0, -0.0036356732498463973, 0, 0, 0, 0.0010397416242063852, 0, 0, 0, 0, 0, 0, 0, 0, 0, 0, 0, 0, 0, 0, 0, 0, 0, 0, 0, 0, 0, 0, 0, 0, 0, 0, 0, 0, 0, 0, 0, 0, 0, 0, 0, 0, 0, 0, 0.0006851172264537146, 0, 0, 0.0005061303285596044, 0, 0, 0, 0.0009214191050866527, 0, 0, 0.0008757378764103718, 0, 0, 0, 0, 0, 0, 0, 0, 0, 0.000980877875710188, 0.0008002985652502784, 0, 0.0008248712916346677, 0, 0, 0, 0.0007996585996203122, 0, 0.0009285365586362872, 0, 0, 0, 0, 0, 0, 0.0006987424626391766, 0, 0, 0, 0, 0, 0, 0, 0, 0, 0, 0, 0, 0, 0, 0, 0, 0, 0, 0, 0, 0, 0, 0, 0, 0, 0, 0, 0, 0, 0, 0, -0.003534552985778887, 0.0016832322802609557, 0, 0, 0, 0, 0, 0, 0, 0, 0.0010563338253607656, 0, 0, 0, 0, 0, 0, 0, 0.0008086209134432485, -0.003444143164868945, 0, 0, 0, 0, 0, 0, 0, 0.0009712639994912669, 0, 0, 0, 0, 0, 0.0001908115303829824, 0, 0, 0, 0, 0, 0, -0.00036298756618822965, 0, 0, 0, 0, 0, 0, -0.005014222175481905, 0, 0, 0, 0, -0.0034750417960353625, 0.0008405799702656058, 0, 0, 0, 0, 0, 0, 0, 0, 0, 0, 0, 0, 0, 0, 0, 0, 0, 0, 0, 0, 0, 0, 0, 0, 0, 0, 0, 0.0008541074054994368, 0, 0, 0, 0, 0, -0.0057734920066969675, 0, -0.004705958389633159, -0.004250567342674977, 0, 0, 0, 0, 0, 0, 0, 0, 0.0002895179298301834, 0, 0, 0, 0, 0, 0, 0, 0, 0.0010766341496795191, 0, 0, 0.0008324307738112421, 0, 0, 0, 0, 0, 0, 0, -0.0015529057079900401, 0, 0, 0, 0.0008317384091636934, 0, 0, 0, 0, 0.0012809121309466857, 0.0010138116029600268, 0, 0, 0, 0, 0, 0, 0, 0, 0, 0, 0, 0, 0, 0, 0, 0, 0, 0, 0, 0, 0, 0, 0.0005560211612725176, 0, 0, 0, 0, 0, 0.0008943833519621842, 0, 0, 0, 0, 0, 0, 0, 0, 0.0005960529173759531, 0, 0, 0, -0.003624129261530275, 0, 0, 0.0010366411610381006, 0, 0, 0.0006478624588000258, 0.0008371235725905007, 0, 0, 0, 0, 0.0010491933189229296, 0, 0, 0.002064857283083845, 0, 0, -0.004546482798787404, 0, 0, 0, 0, 0, 0, 0.0008523099675221317, 0, 0, 0, 0, 0, 0, 0, 0, 0.0009587907100462153, 0, 0.0011351999381626738, 0, 0, 0, 0, 0, 0, 0, 0, 0, 0, 0, 0, 0, 0, 0, 0, 0, 0, 0, 0, 0, 0, 0, 0, 0, 0, 0, 0, 0, 0, 0, 0.000729700842839798, 0, 0, 0, 0, 0.0008345603808217521, 0, 0, 0, 0, 0, 0.000909945156406271, 0, 0, 0, 0, 0, 0, 0, 0, 0, 0, 0, 0, 0, 0.0010389918959638892, 0, 0, 0, 0, 0, 0, 0, 0, 0, 0.001875813670054934, 0, 0, 0, 0, -0.004348661898062427, 0.0007894446312471864, -0.004061979439251395, 0, 0, 0, 0, 0, 0.000862341472049768]
Start Date: 2024-02-22
End Date: 2025-11-19
Sharpe Ratio: -0.037
Annualized Sharpe: -0.595
Sharpe 95% CI: (np.float64(-1.72), np.float64(0.818))
Sortino Ratio: -0.019
CAGR: -0.008
Calmar Ratio: -0.32
Daily Win Rate (%): 0.756
Max Drawdown: 0.024
Profit Factor: 0.781
Expectancy: -0.000183
Average Win: 0.000864
Average Loss: 0.003422
Total Trades: 90
Total Days: 546



Rolling 0 - Variant 2 - atr_0.5_3 - Fit Metrics
Contracts: [5, 4, 4, 3, 3, 3, 3, 3, 3, 3, 4, 4, 5, 5, 7, 8, 5, 5, 5, 5, 5, 5, 5, 6, 6, 6, 6, 7, 4, 5, 4, 5, 7, 6, 5, 6, 6, 5, 3, 4, 4, 2, 5, 2, 3, 3, 3, 6, 4, 5, 5, 4, 4, 9, 7, 6, 6, 6, 6, 4, 5, 2, 3, 7, 6, 7, 6, 7, 5, 8, 5, 1, 1, 4, 4, 5, 3, 5, 5, 6, 6, 6, 6, 5, 5, 7, 7, 6, 6, 4, 7, 7, 7, 6, 6, 5, 6, 6, 6, 6, 6, 5]
Trade Returns: [-0.00431, -0.00418604184033183, 0.001140622453967754, 0.0049672067901234615, -0.0034850520658380926, -0.000999211465650608, 0.0027656433585394446, 0.0028481469018891478, 0.0026948469121209524, 0.010593207673499675, 0.0022708480628887144, 0.009778402126458112]
Daily Returns: [-0.00849604184033183, 0, 0, 0, 0, 0, 0, 0, 0.001140622453967754, 0, 0, 0, 0, 0.001482154724285369, -0.000999211465650608, 0, 0, 0.005613790260428592, 0, 0, 0, 0, 0, 0.0026948469121209524, 0, 0, 0, 0, 0, 0, 0, 0, 0.010593207673499675, 0.0022708480628887144, 0, 0, 0, 0, 0, 0, 0, 0, 0, 0, 0.009778402126458112, 0, 0, 0, 0, 0]
Start Date: 2023-12-26
End Date: 2024-02-21
Sharpe Ratio: 0.189
Annualized Sharpe: 3.006
Sharpe 95% CI: (np.float64(-1.27), np.float64(6.482))
Sortino Ratio: 0.091
CAGR: 0.128
Calmar Ratio: 128.197
Daily Win Rate (%): 0.667
Max Drawdown: 0.001
Profit Factor: 2.855
Expectancy: 0.002007
Average Win: 0.004632
Average Loss: 0.003245
Total Trades: 12
Total Days: 50

Rolling 0 - Variant 2 - atr_0.5_3 - Test Metrics
Contracts: [5, 4, 4, 3, 3, 3, 3, 3, 3, 3, 4, 4, 5, 5, 7, 8, 5, 5, 5, 5, 5, 5, 5, 6, 6, 6, 6, 7, 4, 5, 4, 5, 7, 6, 5, 6, 6, 5, 3, 4, 4, 2, 5, 2, 3, 3, 3, 6, 4, 5, 5, 4, 4, 9, 7, 6, 6, 6, 6, 4, 5, 2, 3, 7, 6, 7, 6, 7, 5, 8, 5, 1, 1, 4, 4, 5, 3, 5, 5, 6, 6, 6, 6, 5, 5, 7, 7, 6, 6, 4, 7, 7, 7, 6, 6, 5, 6, 6, 6, 6, 6, 5]
Trade Returns: [0.0047768398447815535, -0.0045430912589619595, -0.003493437949380957, 0.0017382758634083978, 0.00023266049211575351, 0.003527863336001847, -0.0013134690455908976, 0.008113602033139102, 0.009773074355176619, -0.004201494421456148, -0.004286349421076833, 0.0014769132132212428, -0.0035553692553921207, -0.0008834091178528918, -0.004204420647995608, 0.003705178062896145, 0.002902863226505674, 0.0003873831410093603, 0.001419218971752942, -0.0037239797628844, -0.0006424216236059553, -0.001905545404976242, 0.0005155042681843915, 0.01075534893508402, -0.004034971026799492, -0.0017379288045821226, -0.0017043230810459132, 0.002200545403995285, -0.0035226160058864776, 0.0003780601057405448, -0.0007597105347819605, -0.00035273163518245455, -0.0038994926591517983, -0.003739731781691457, 0.002187338914052862, 0.012946755977118274, 0.0012160731117895024, -0.004402011796619334, 0.0006128009463508553, 0.0008837534715425571, -0.004126890283839632, 0.006178035509124217, 0.0006285830689986058, -0.003938524931404929, -0.003795088503559351, -0.0040524317518568775, 0.004955768066160023, 0.00018697158616173893, -0.00035075210451265164, -0.004845145172206852, -0.003325410248205892, 0.011143950399401957, -0.0007096200043043021, -0.005405353378827109, 0.00045349745622217985, -0.0022205151136437625, -0.004509587227610288, -0.00508484314551653, 0.0007261416830566257, -0.001986709996604752, -0.003623632146904848, -0.001490735312957369, 0.00516060303939032, -0.005452806494380015, 0.012939569084984828, 0.0013687257823998269, 0.010943870037667997, 0.009598073438576386, -0.004369241002058476, 0.00793600516013103, 0.008787717764559949, 0.0006041554567509924, 0.0007453041123805047, 0.0021644858403408514, -0.0004741048449000617, 0.003433243737718305, -0.004231851435002817, -0.00045964539488063764, 0.00928759894459108, -0.0017776848269371547, -0.003875968992248064, 0.0004394333188107589, -0.004009475577112954, -0.0016584935601448847, 0.00032847418079671027, 0.003272340232800408, -0.004074262174820835, -0.0035809800099723507, -0.003821308343189884, 0.002464075866898039]
Daily Returns: [0, 0, 0, 0, 0, 0, 0, 0, 0, 0, 0, 0, 0, 0, 0, 0, 0, 0, 0, 0, 0, 0, 0, 0, 0, 0, 0, 0, 0, 0.0047768398447815535, -0.0045430912589619595, 0, 0, 0, 0, 0, 0, 0, 0, 0, 0, -0.003493437949380957, 0.0019709363555241513, 0, 0, 0.0022143942904109494, 0, 0, 0, 0, 0, 0, 0, 0, 0.008113602033139102, 0, 0, 0, 0.009773074355176619, -0.004201494421456148, 0, 0, 0, 0, 0, 0, 0, -0.004286349421076833, 0, 0.0014769132132212428, -0.0035553692553921207, -0.0008834091178528918, -0.004204420647995608, 0, 0, 0, 0, 0, 0, 0, 0, 0, 0, 0, 0, 0, 0, 0, 0, 0, 0, 0, 0, 0, 0, 0, 0, 0, 0, 0.006608041289401819, 0, 0, 0, 0, 0, 0, 0, 0.0003873831410093603, 0.001419218971752942, 0, 0, 0, 0, 0, 0, 0, 0, 0, 0, 0, 0, -0.0037239797628844, 0, 0, 0, -0.0006424216236059553, -0.001905545404976242, 0.0005155042681843915, 0, 0, 0, 0, 0.01075534893508402, -0.004034971026799492, 0, 0, 0, -0.0017379288045821226, -0.0017043230810459132, 0.002200545403995285, 0, 0, 0, 0, 0, 0, 0, -0.0035226160058864776, 0, 0, 0, 0.0003780601057405448, 0, 0, 0, 0, 0, 0, 0, 0, 0, 0, 0, 0, 0, 0, 0, 0, 0, 0, 0, 0, 0, 0, 0, 0, 0, 0, 0, 0, 0, 0, 0, 0, 0, 0, 0, 0, 0, 0, -0.0007597105347819605, 0, 0, -0.00035273163518245455, 0, 0, 0, -0.0038994926591517983, 0, 0, -0.003739731781691457, 0, 0, 0, 0, 0, 0, 0, 0, 0, 0.002187338914052862, 0.012946755977118274, 0, 0.0012160731117895024, 0, 0, 0, -0.004402011796619334, 0, 0.0006128009463508553, 0, 0, 0, 0, 0, 0, 0.0008837534715425571, 0, 0, 0, 0, 0, 0, 0, 0, 0, 0, 0, 0, 0, 0, 0, 0, 0, 0, 0, 0, 0, 0, 0, 0, 0, 0, 0, 0, 0, 0, 0, -0.004126890283839632, 0.006806618578122823, 0, 0, 0, 0, 0, 0, 0, 0, -0.003938524931404929, 0, 0, 0, 0, 0, 0, 0, -0.003795088503559351, -0.0040524317518568775, 0, 0, 0, 0, 0, 0, 0, 0.004955768066160023, 0, 0, 0, 0, 0, 0.00018697158616173893, 0, 0, 0, 0, 0, 0, -0.00035075210451265164, 0, 0, 0, 0, 0, 0, -0.004845145172206852, 0, 0, 0, 0, -0.003325410248205892, 0.011143950399401957, 0, 0, 0, 0, 0, 0, 0, 0, 0, 0, 0, 0, 0, 0, 0, 0, 0, 0, 0, 0, 0, 0, 0, 0, 0, 0, 0, -0.0007096200043043021, 0, 0, 0, 0, 0, -0.007172371036248692, 0, -0.004509587227610288, -0.00508484314551653, 0, 0, 0, 0, 0, 0, 0, 0, 0.0007261416830566257, 0, 0, 0, 0, 0, 0, 0, 0, -0.001986709996604752, 0, 0, -0.003623632146904848, 0, 0, 0, 0, 0, 0, 0, -0.001490735312957369, 0, 0, 0, 0.00516060303939032, 0, 0, 0, 0, -0.005452806494380015, 0.012939569084984828, 0, 0, 0, 0, 0, 0, 0, 0, 0, 0, 0, 0, 0, 0, 0, 0, 0, 0, 0, 0, 0, 0, 0.0013687257823998269, 0, 0, 0, 0, 0, 0.010943870037667997, 0, 0, 0, 0, 0, 0, 0, 0, 0.009598073438576386, 0, 0, 0, 0.0035667641580725534, 0, 0, 0.008787717764559949, 0, 0, 0.0006041554567509924, 0.0007453041123805047, 0, 0, 0, 0, 0.0021644858403408514, 0, 0, 0.0029591388928182434, 0, 0, -0.004231851435002817, 0, 0, 0, 0, 0, 0, -0.00045964539488063764, 0, 0, 0, 0, 0, 0, 0, 0, 0.00928759894459108, 0, -0.0017776848269371547, 0, 0, 0, 0, 0, 0, 0, 0, 0, 0, 0, 0, 0, 0, 0, 0, 0, 0, 0, 0, 0, 0, 0, 0, 0, 0, 0, 0, 0, 0, 0, -0.003875968992248064, 0, 0, 0, 0, 0.0004394333188107589, 0, 0, 0, 0, 0, -0.004009475577112954, 0, 0, 0, 0, 0, 0, 0, 0, 0, 0, 0, 0, 0, -0.0016584935601448847, 0, 0, 0, 0, 0, 0, 0, 0, 0, 0.0036008144135971183, 0, 0, 0, 0, -0.004074262174820835, -0.0035809800099723507, -0.003821308343189884, 0, 0, 0, 0, 0, 0.002464075866898039]
Start Date: 2024-02-22
End Date: 2025-11-19
Sharpe Ratio: 0.029
Annualized Sharpe: 0.457
Sharpe 95% CI: (np.float64(-0.956), np.float64(1.662))
Sortino Ratio: 0.034
CAGR: 0.013
Calmar Ratio: 0.42
Daily Win Rate (%): 0.478
Max Drawdown: 0.031
Profit Factor: 1.204
Expectancy: 0.000326
Average Win: 0.004035
Average Loss: 0.003067
Total Trades: 90
Total Days: 546



Rolling 0 - Variant 3 - atr_0.5_4 - Fit Metrics
Contracts: [5, 4, 4, 3, 3, 3, 3, 3, 3, 3, 4, 4, 5, 5, 7, 8, 5, 5, 5, 5, 5, 5, 5, 6, 6, 6, 6, 7, 4, 5, 4, 5, 7, 6, 5, 6, 6, 5, 3, 4, 4, 2, 5, 2, 3, 3, 3, 6, 4, 5, 5, 4, 4, 9, 7, 6, 6, 6, 6, 4, 5, 2, 3, 7, 6, 7, 6, 7, 5, 8, 5, 1, 1, 4, 4, 5, 3, 5, 5, 6, 6, 6, 6, 5, 5, 7, 7, 6, 6, 4, 7, 7, 7, 6, 6, 5, 6, 6, 6, 6, 6, 5]
Trade Returns: [-0.00431, -0.00418604184033183, 0.001140622453967754, 0.0049672067901234615, -0.0034850520658380926, -0.000999211465650608, 0.0027656433585394446, 0.0028481469018891478, 0.0026948469121209524, 0.010593207673499675, 0.0022708480628887144, 0.009778402126458112]
Daily Returns: [-0.00849604184033183, 0, 0, 0, 0, 0, 0, 0, 0.001140622453967754, 0, 0, 0, 0, 0.001482154724285369, -0.000999211465650608, 0, 0, 0.005613790260428592, 0, 0, 0, 0, 0, 0.0026948469121209524, 0, 0, 0, 0, 0, 0, 0, 0, 0.010593207673499675, 0.0022708480628887144, 0, 0, 0, 0, 0, 0, 0, 0, 0, 0, 0.009778402126458112, 0, 0, 0, 0, 0]
Start Date: 2023-12-26
End Date: 2024-02-21
Sharpe Ratio: 0.189
Annualized Sharpe: 3.006
Sharpe 95% CI: (np.float64(-1.27), np.float64(6.482))
Sortino Ratio: 0.091
CAGR: 0.128
Calmar Ratio: 128.197
Daily Win Rate (%): 0.667
Max Drawdown: 0.001
Profit Factor: 2.855
Expectancy: 0.002007
Average Win: 0.004632
Average Loss: 0.003245
Total Trades: 12
Total Days: 50

Rolling 0 - Variant 3 - atr_0.5_4 - Test Metrics
Contracts: [5, 4, 4, 3, 3, 3, 3, 3, 3, 3, 4, 4, 5, 5, 7, 8, 5, 5, 5, 5, 5, 5, 5, 6, 6, 6, 6, 7, 4, 5, 4, 5, 7, 6, 5, 6, 6, 5, 3, 4, 4, 2, 5, 2, 3, 3, 3, 6, 4, 5, 5, 4, 4, 9, 7, 6, 6, 6, 6, 4, 5, 2, 3, 7, 6, 7, 6, 7, 5, 8, 5, 1, 1, 4, 4, 5, 3, 5, 5, 6, 6, 6, 6, 5, 5, 7, 7, 6, 6, 4, 7, 7, 7, 6, 6, 5, 6, 6, 6, 6, 6, 5]
Trade Returns: [0.0047768398447815535, -0.0045430912589619595, -0.003493437949380957, 0.0017382758634083978, 0.00023266049211575351, 0.003527863336001847, -0.0013134690455908976, 0.008113602033139102, 0.009773074355176619, -0.004201494421456148, -0.004286349421076833, 0.0014769132132212428, -0.0035553692553921207, -0.0008834091178528918, -0.004204420647995608, 0.003705178062896145, 0.002902863226505674, 0.0003873831410093603, 0.001419218971752942, -0.0037239797628844, -0.0006424216236059553, -0.001905545404976242, 0.0005155042681843915, 0.01075534893508402, -0.004034971026799492, -0.0017379288045821226, -0.0017043230810459132, 0.002200545403995285, -0.0035226160058864776, 0.0003780601057405448, -0.0007597105347819605, -0.00035273163518245455, -0.0038994926591517983, -0.003739731781691457, 0.002187338914052862, 0.012995648560113468, 0.0012160731117895024, -0.004401799332007647, 0.0006127712385348053, 0.0008837106545272732, -0.00412669095798735, 0.006177735271019511, 0.0006285525830794932, -0.0039383342820962, -0.003794904428940609, -0.0040524317518568775, 0.004955526824101222, 0.00018696248286174586, -0.0003494693985116286, -0.004827420205246549, -0.0033011100124217163, 0.014846210991263887, -0.0007095856097589845, -0.00536543422184007, 0.00045018205892081564, -0.0022042350905880077, -0.004476103753395501, -0.005047480537257252, 0.00072073322079103, -0.001971923202834648, -0.003596608691289802, -0.0014796347922249877, 0.005121978613560746, -0.005412142880572049, 0.017158964370656917, 0.0013585173635500601, 0.014605328678022063, 0.01028763024036894, -0.00431554445520499, 0.007838051521821932, 0.008680095040832503, 0.0005968200680748158, 0.0007362603565736526, 0.002138240607945726, -0.00046836840520565455, 0.0033916836808693986, -0.004180797242452885, -0.0004540768283106057, 0.009175029323602292, -0.00175633442673761, -0.0038293358172268384, 0.0004341260152797597, -0.003961071714684155, -0.0016383919927314902, 0.00032448641632725194, 0.003232626033265857, -0.0040249749135912605, -0.0035374850272587863, -0.0037747295338883095, 0.0024339268731839486]
Daily Returns: [0, 0, 0, 0, 0, 0, 0, 0, 0, 0, 0, 0, 0, 0, 0, 0, 0, 0, 0, 0, 0, 0, 0, 0, 0, 0, 0, 0, 0, 0.0047768398447815535, -0.0045430912589619595, 0, 0, 0, 0, 0, 0, 0, 0, 0, 0, -0.003493437949380957, 0.0019709363555241513, 0, 0, 0.0022143942904109494, 0, 0, 0, 0, 0, 0, 0, 0, 0.008113602033139102, 0, 0, 0, 0.009773074355176619, -0.004201494421456148, 0, 0, 0, 0, 0, 0, 0, -0.004286349421076833, 0, 0.0014769132132212428, -0.0035553692553921207, -0.0008834091178528918, -0.004204420647995608, 0, 0, 0, 0, 0, 0, 0, 0, 0, 0, 0, 0, 0, 0, 0, 0, 0, 0, 0, 0, 0, 0, 0, 0, 0, 0, 0.006608041289401819, 0, 0, 0, 0, 0, 0, 0, 0.0003873831410093603, 0.001419218971752942, 0, 0, 0, 0, 0, 0, 0, 0, 0, 0, 0, 0, -0.0037239797628844, 0, 0, 0, -0.0006424216236059553, -0.001905545404976242, 0.0005155042681843915, 0, 0, 0, 0, 0.01075534893508402, -0.004034971026799492, 0, 0, 0, -0.0017379288045821226, -0.0017043230810459132, 0.002200545403995285, 0, 0, 0, 0, 0, 0, 0, -0.0035226160058864776, 0, 0, 0, 0.0003780601057405448, 0, 0, 0, 0, 0, 0, 0, 0, 0, 0, 0, 0, 0, 0, 0, 0, 0, 0, 0, 0, 0, 0, 0, 0, 0, 0, 0, 0, 0, 0, 0, 0, 0, 0, 0, 0, 0, 0, -0.0007597105347819605, 0, 0, -0.00035273163518245455, 0, 0, 0, -0.0038994926591517983, 0, 0, -0.003739731781691457, 0, 0, 0, 0, 0, 0, 0, 0, 0, 0.002187338914052862, 0.012995648560113468, 0, 0.0012160731117895024, 0, 0, 0, -0.004401799332007647, 0, 0.0006127712385348053, 0, 0, 0, 0, 0, 0, 0.0008837106545272732, 0, 0, 0, 0, 0, 0, 0, 0, 0, 0, 0, 0, 0, 0, 0, 0, 0, 0, 0, 0, 0, 0, 0, 0, 0, 0, 0, 0, 0, 0, 0, -0.00412669095798735, 0.0068062878540990045, 0, 0, 0, 0, 0, 0, 0, 0, -0.0039383342820962, 0, 0, 0, 0, 0, 0, 0, -0.003794904428940609, -0.0040524317518568775, 0, 0, 0, 0, 0, 0, 0, 0.004955526824101222, 0, 0, 0, 0, 0, 0.00018696248286174586, 0, 0, 0, 0, 0, 0, -0.0003494693985116286, 0, 0, 0, 0, 0, 0, -0.004827420205246549, 0, 0, 0, 0, -0.0033011100124217163, 0.014846210991263887, 0, 0, 0, 0, 0, 0, 0, 0, 0, 0, 0, 0, 0, 0, 0, 0, 0, 0, 0, 0, 0, 0, 0, 0, 0, 0, 0, -0.0007095856097589845, 0, 0, 0, 0, 0, -0.007119487253507263, 0, -0.004476103753395501, -0.005047480537257252, 0, 0, 0, 0, 0, 0, 0, 0, 0.00072073322079103, 0, 0, 0, 0, 0, 0, 0, 0, -0.001971923202834648, 0, 0, -0.003596608691289802, 0, 0, 0, 0, 0, 0, 0, -0.0014796347922249877, 0, 0, 0, 0.005121978613560746, 0, 0, 0, 0, -0.005412142880572049, 0.017158964370656917, 0, 0, 0, 0, 0, 0, 0, 0, 0, 0, 0, 0, 0, 0, 0, 0, 0, 0, 0, 0, 0, 0, 0.0013585173635500601, 0, 0, 0, 0, 0, 0.014605328678022063, 0, 0, 0, 0, 0, 0, 0, 0, 0.01028763024036894, 0, 0, 0, 0.0035225070666169414, 0, 0, 0.008680095040832503, 0, 0, 0.0005968200680748158, 0.0007362603565736526, 0, 0, 0, 0, 0.002138240607945726, 0, 0, 0.002923315275663744, 0, 0, -0.004180797242452885, 0, 0, 0, 0, 0, 0, -0.0004540768283106057, 0, 0, 0, 0, 0, 0, 0, 0, 0.009175029323602292, 0, -0.00175633442673761, 0, 0, 0, 0, 0, 0, 0, 0, 0, 0, 0, 0, 0, 0, 0, 0, 0, 0, 0, 0, 0, 0, 0, 0, 0, 0, 0, 0, 0, 0, 0, -0.0038293358172268384, 0, 0, 0, 0, 0.0004341260152797597, 0, 0, 0, 0, 0, -0.003961071714684155, 0, 0, 0, 0, 0, 0, 0, 0, 0, 0, 0, 0, 0, -0.0016383919927314902, 0, 0, 0, 0, 0, 0, 0, 0, 0, 0.0035571124495931087, 0, 0, 0, 0, -0.0040249749135912605, -0.0035374850272587863, -0.0037747295338883095, 0, 0, 0, 0, 0, 0.0024339268731839486]
Start Date: 2024-02-22
End Date: 2025-11-19
Sharpe Ratio: 0.038
Annualized Sharpe: 0.603
Sharpe 95% CI: (np.float64(-0.817), np.float64(1.744))
Sortino Ratio: 0.048
CAGR: 0.019
Calmar Ratio: 0.686
Daily Win Rate (%): 0.478
Max Drawdown: 0.028
Profit Factor: 1.291
Expectancy: 0.000464
Average Win: 0.004309
Average Loss: 0.003053
Total Trades: 90
Total Days: 546



Rolling 0 - Variant 4 - atr_0.5_5 - Fit Metrics
Contracts: [5, 4, 4, 3, 3, 3, 3, 3, 3, 3, 4, 4, 5, 5, 7, 8, 5, 5, 5, 5, 5, 5, 5, 6, 6, 6, 6, 7, 4, 5, 4, 5, 7, 6, 5, 6, 6, 5, 3, 4, 4, 2, 5, 2, 3, 3, 3, 6, 4, 5, 5, 4, 4, 9, 7, 6, 6, 6, 6, 4, 5, 2, 3, 7, 6, 7, 6, 7, 5, 8, 5, 1, 1, 4, 4, 5, 3, 5, 5, 6, 6, 6, 6, 5, 5, 7, 7, 6, 6, 4, 7, 7, 7, 6, 6, 5, 6, 6, 6, 6, 6, 5]
Trade Returns: [-0.00431, -0.00418604184033183, 0.001140622453967754, 0.0049672067901234615, -0.0034850520658380926, -0.000999211465650608, 0.0027656433585394446, 0.0028481469018891478, 0.0026948469121209524, 0.010593207673499675, 0.0022708480628887144, 0.009778402126458112]
Daily Returns: [-0.00849604184033183, 0, 0, 0, 0, 0, 0, 0, 0.001140622453967754, 0, 0, 0, 0, 0.001482154724285369, -0.000999211465650608, 0, 0, 0.005613790260428592, 0, 0, 0, 0, 0, 0.0026948469121209524, 0, 0, 0, 0, 0, 0, 0, 0, 0.010593207673499675, 0.0022708480628887144, 0, 0, 0, 0, 0, 0, 0, 0, 0, 0, 0.009778402126458112, 0, 0, 0, 0, 0]
Start Date: 2023-12-26
End Date: 2024-02-21
Sharpe Ratio: 0.189
Annualized Sharpe: 3.006
Sharpe 95% CI: (np.float64(-1.27), np.float64(6.482))
Sortino Ratio: 0.091
CAGR: 0.128
Calmar Ratio: 128.197
Daily Win Rate (%): 0.667
Max Drawdown: 0.001
Profit Factor: 2.855
Expectancy: 0.002007
Average Win: 0.004632
Average Loss: 0.003245
Total Trades: 12
Total Days: 50

Rolling 0 - Variant 4 - atr_0.5_5 - Test Metrics
Contracts: [5, 4, 4, 3, 3, 3, 3, 3, 3, 3, 4, 4, 5, 5, 7, 8, 5, 5, 5, 5, 5, 5, 5, 6, 6, 6, 6, 7, 4, 5, 4, 5, 7, 6, 5, 6, 6, 5, 3, 4, 4, 2, 5, 2, 3, 3, 3, 6, 4, 5, 5, 4, 4, 9, 7, 6, 6, 6, 6, 4, 5, 2, 3, 7, 6, 7, 6, 7, 5, 8, 5, 1, 1, 4, 4, 5, 3, 5, 5, 6, 6, 6, 6, 5, 5, 7, 7, 6, 6, 4, 7, 7, 7, 6, 6, 5, 6, 6, 6, 6, 6, 5]
Trade Returns: [0.0047768398447815535, -0.0045430912589619595, -0.003493437949380957, 0.0017382758634083978, 0.00023266049211575351, 0.003527863336001847, -0.0013134690455908976, 0.008113602033139102, 0.009773074355176619, -0.004201494421456148, -0.004286349421076833, 0.0014769132132212428, -0.0035553692553921207, -0.0008834091178528918, -0.004204420647995608, 0.003705178062896145, 0.002902863226505674, 0.0003873831410093603, 0.001419218971752942, -0.0037239797628844, -0.0006424216236059553, -0.001905545404976242, 0.0005155042681843915, 0.01075534893508402, -0.004034971026799492, -0.0017379288045821226, -0.0017043230810459132, 0.002200545403995285, -0.0035226160058864776, 0.0003780601057405448, -0.0007597105347819605, -0.00035273163518245455, -0.0038994926591517983, -0.003739731781691457, 0.002187338914052862, 0.012995648560113468, 0.0012160731117895024, -0.004401799332007647, 0.0006127712385348053, 0.0008837106545272732, -0.00412669095798735, 0.006177735271019511, 0.0006285525830794932, -0.0039383342820962, -0.003794904428940609, -0.0040524317518568775, 0.004955526824101222, 0.00018696248286174586, -0.00034821260377404013, -0.004810053335059142, -0.0032773161296135492, 0.018522237587289204, -0.0007095856097589845, -0.0053263529277869474, 0.00044693576706752335, -0.0021882950695565374, -0.004443325667166304, -0.005010899413979562, 0.0007154389428337467, -0.0019574484353793594, -0.0035701562517956136, -0.0014687685867118578, 0.005084172365937383, -0.005372338489884492, 0.021316583030690495, 0.0013485246680407386, 0.018267317428547626, 0.010169990044948571, -0.004266692548032956, 0.00774894468895499, 0.008582174225204818, 0.0005901445854234553, 0.0007280300796224966, 0.002114355701669532, -0.0004631476025679696, 0.0033538597888025036, -0.00413432904201219, -0.0004490089599370232, 0.009072582501035629, -0.0017368998162754091, -0.0037868888113153426, 0.000429295569999953, -0.00391701646577287, -0.0016200980527525948, 0.000320857389954204, 0.003196484236023686, -0.003980117786495899, -0.0034979032874018303, -0.0037323449530957554, 0.002406495121040197]
Daily Returns: [0, 0, 0, 0, 0, 0, 0, 0, 0, 0, 0, 0, 0, 0, 0, 0, 0, 0, 0, 0, 0, 0, 0, 0, 0, 0, 0, 0, 0, 0.0047768398447815535, -0.0045430912589619595, 0, 0, 0, 0, 0, 0, 0, 0, 0, 0, -0.003493437949380957, 0.0019709363555241513, 0, 0, 0.0022143942904109494, 0, 0, 0, 0, 0, 0, 0, 0, 0.008113602033139102, 0, 0, 0, 0.009773074355176619, -0.004201494421456148, 0, 0, 0, 0, 0, 0, 0, -0.004286349421076833, 0, 0.0014769132132212428, -0.0035553692553921207, -0.0008834091178528918, -0.004204420647995608, 0, 0, 0, 0, 0, 0, 0, 0, 0, 0, 0, 0, 0, 0, 0, 0, 0, 0, 0, 0, 0, 0, 0, 0, 0, 0, 0.006608041289401819, 0, 0, 0, 0, 0, 0, 0, 0.0003873831410093603, 0.001419218971752942, 0, 0, 0, 0, 0, 0, 0, 0, 0, 0, 0, 0, -0.0037239797628844, 0, 0, 0, -0.0006424216236059553, -0.001905545404976242, 0.0005155042681843915, 0, 0, 0, 0, 0.01075534893508402, -0.004034971026799492, 0, 0, 0, -0.0017379288045821226, -0.0017043230810459132, 0.002200545403995285, 0, 0, 0, 0, 0, 0, 0, -0.0035226160058864776, 0, 0, 0, 0.0003780601057405448, 0, 0, 0, 0, 0, 0, 0, 0, 0, 0, 0, 0, 0, 0, 0, 0, 0, 0, 0, 0, 0, 0, 0, 0, 0, 0, 0, 0, 0, 0, 0, 0, 0, 0, 0, 0, 0, 0, -0.0007597105347819605, 0, 0, -0.00035273163518245455, 0, 0, 0, -0.0038994926591517983, 0, 0, -0.003739731781691457, 0, 0, 0, 0, 0, 0, 0, 0, 0, 0.002187338914052862, 0.012995648560113468, 0, 0.0012160731117895024, 0, 0, 0, -0.004401799332007647, 0, 0.0006127712385348053, 0, 0, 0, 0, 0, 0, 0.0008837106545272732, 0, 0, 0, 0, 0, 0, 0, 0, 0, 0, 0, 0, 0, 0, 0, 0, 0, 0, 0, 0, 0, 0, 0, 0, 0, 0, 0, 0, 0, 0, 0, -0.00412669095798735, 0.0068062878540990045, 0, 0, 0, 0, 0, 0, 0, 0, -0.0039383342820962, 0, 0, 0, 0, 0, 0, 0, -0.003794904428940609, -0.0040524317518568775, 0, 0, 0, 0, 0, 0, 0, 0.004955526824101222, 0, 0, 0, 0, 0, 0.00018696248286174586, 0, 0, 0, 0, 0, 0, -0.00034821260377404013, 0, 0, 0, 0, 0, 0, -0.004810053335059142, 0, 0, 0, 0, -0.0032773161296135492, 0.018522237587289204, 0, 0, 0, 0, 0, 0, 0, 0, 0, 0, 0, 0, 0, 0, 0, 0, 0, 0, 0, 0, 0, 0, 0, 0, 0, 0, 0, -0.0007095856097589845, 0, 0, 0, 0, 0, -0.007067712230275962, 0, -0.004443325667166304, -0.005010899413979562, 0, 0, 0, 0, 0, 0, 0, 0, 0.0007154389428337467, 0, 0, 0, 0, 0, 0, 0, 0, -0.0019574484353793594, 0, 0, -0.0035701562517956136, 0, 0, 0, 0, 0, 0, 0, -0.0014687685867118578, 0, 0, 0, 0.005084172365937383, 0, 0, 0, 0, -0.005372338489884492, 0.021316583030690495, 0, 0, 0, 0, 0, 0, 0, 0, 0, 0, 0, 0, 0, 0, 0, 0, 0, 0, 0, 0, 0, 0, 0.0013485246680407386, 0, 0, 0, 0, 0, 0.018267317428547626, 0, 0, 0, 0, 0, 0, 0, 0, 0.010169990044948571, 0, 0, 0, 0.0034822521409220344, 0, 0, 0.008582174225204818, 0, 0, 0.0005901445854234553, 0.0007280300796224966, 0, 0, 0, 0, 0.002114355701669532, 0, 0, 0.002890712186234534, 0, 0, -0.00413432904201219, 0, 0, 0, 0, 0, 0, -0.0004490089599370232, 0, 0, 0, 0, 0, 0, 0, 0, 0.009072582501035629, 0, -0.0017368998162754091, 0, 0, 0, 0, 0, 0, 0, 0, 0, 0, 0, 0, 0, 0, 0, 0, 0, 0, 0, 0, 0, 0, 0, 0, 0, 0, 0, 0, 0, 0, 0, -0.0037868888113153426, 0, 0, 0, 0, 0.000429295569999953, 0, 0, 0, 0, 0, -0.00391701646577287, 0, 0, 0, 0, 0, 0, 0, 0, 0, 0, 0, 0, 0, -0.0016200980527525948, 0, 0, 0, 0, 0, 0, 0, 0, 0, 0.00351734162597789, 0, 0, 0, 0, -0.003980117786495899, -0.0034979032874018303, -0.0037323449530957554, 0, 0, 0, 0, 0, 0.002406495121040197]
Start Date: 2024-02-22
End Date: 2025-11-19
Sharpe Ratio: 0.045
Annualized Sharpe: 0.709
Sharpe 95% CI: (np.float64(-0.724), np.float64(1.784))
Sortino Ratio: 0.062
CAGR: 0.024
Calmar Ratio: 1.016
Daily Win Rate (%): 0.478
Max Drawdown: 0.024
Profit Factor: 1.373
Expectancy: 0.000592
Average Win: 0.004562
Average Loss: 0.00304
Total Trades: 90
Total Days: 546



Rolling 1 - Variant 0 - atr_0.5_0.5 - Fit Metrics
Contracts: [5, 4, 4, 3, 4, 3, 3, 3, 3, 3, 4, 4, 5, 5, 7, 7, 5, 5, 5, 5, 5, 5, 5, 5, 6, 6, 6, 7, 4, 5, 4, 5, 7, 6, 5, 6, 6, 5, 3, 3, 4, 2, 5, 2, 3, 3, 3, 6, 4, 5, 5, 4, 4, 9, 7, 6, 6, 6, 6, 4, 5, 2, 3, 7, 6, 7, 6, 6, 5, 8, 5, 1, 1, 4, 4, 5, 3, 5, 5, 5, 6, 6, 6, 5, 5, 7, 6, 6, 6, 4, 6, 7, 7, 6, 6, 5, 6, 6, 6, 6, 6, 5]
Trade Returns: [0.00199, 0.0019481232347628218, 0.0017237026006636355, 0.0018576809948913774, -0.0034529210166603943, 0.001559496428763118, 0.0014528666826111511, 0.0014507589233069777, 0.002024021308003849, 0.002263290164266283, 0.002072054866904614, 0.002005172164671816, 0.001973425322100994, -0.004048495979835678, 0.0016055434323973216, 0.0020916800980548362, 0.002136083125821149, 0.002545183082854227, -0.0013203293833479286]
Daily Returns: [0.003938123234762822, 0, 0, 0, 0, 0, 0, 0, 0.0017237026006636355, 0, 0, 0, 0, -0.0015952400217690169, 0.001559496428763118, 0, 0, 0.002903625605918129, 0, 0, 0, 0, 0, 0.002024021308003849, 0, 0, 0, 0, 0, 0, 0, 0, 0.002263290164266283, 0.002072054866904614, 0, 0, 0, 0, 0, 0, 0, 0, 0, 0, 0.002005172164671816, 0, 0, 0, 0, 0, 0, 0, 0, 0, 0, 0, 0, 0, 0, 0, 0, 0, 0, 0, 0, 0, 0, 0, 0, 0, 0, 0, 0, 0, 0, 0, 0, 0, 0, 0.001973425322100994, -0.004048495979835678, 0, 0, 0, 0, 0, 0, 0, 0, 0, 0, 0.0016055434323973216, 0.004227763223875985, 0, 0, 0.0012248536995062983, 0, 0, 0, 0]
Start Date: 2023-12-26
End Date: 2024-04-19
Sharpe Ratio: 0.234
Annualized Sharpe: 3.707
Sharpe 95% CI: (np.float64(0.678), np.float64(6.393))
Sortino Ratio: 0.126
CAGR: 0.057
Calmar Ratio: 13.97
Daily Win Rate (%): 0.842
Max Drawdown: 0.004
Profit Factor: 3.48
Expectancy: 0.001151
Average Win: 0.001919
Average Loss: 0.002941
Total Trades: 19
Total Days: 100

Rolling 1 - Variant 0 - atr_0.5_0.5 - Test Metrics
Contracts: [5, 4, 4, 3, 4, 3, 3, 3, 3, 3, 4, 4, 5, 5, 7, 7, 5, 5, 5, 5, 5, 5, 5, 5, 6, 6, 6, 7, 4, 5, 4, 5, 7, 6, 5, 6, 6, 5, 3, 3, 4, 2, 5, 2, 3, 3, 3, 6, 4, 5, 5, 4, 4, 9, 7, 6, 6, 6, 6, 4, 5, 2, 3, 7, 6, 7, 6, 6, 5, 8, 5, 1, 1, 4, 4, 5, 3, 5, 5, 5, 6, 6, 6, 5, 5, 7, 6, 6, 6, 4, 6, 7, 7, 6, 6, 5, 6, 6, 6, 6, 6, 5]
Trade Returns: [0.002080323830595537, 0.0016394619460510316, 0.00197656374148312, -0.004369908069221205, 0.001972754969825021, 0.0016193671652919527, 0.0022933023165648933, -0.004258080214120606, 0.0015588946933754715, 0.0015825178324160164, 0.0003928626722402734, 0.0014392859284651453, 0.0017289106703730394, -0.0006479456651278156, 0.0018987854719755477, 0.0005227998838222261, 0.0021237795624719823, -0.004054236243523816, -0.001746260430666881, -0.0012843809206473074, 0.0023567036494423037, -0.003538044648416512, 0.0021293435204757286, 0.0013738556054472986, 0.0010278072472090557, -0.0038943288473425033, 0.0017712435119952225, 0.0019971638715780807, 0.0020543773779539572, 0.0016655491952267821, -0.004420215117135701, 0.0019005631586736565, 0.001449928864079859, -0.0041294074319667565, 0.0016469312471558732, 0.0006289680556054088, 0.0022532576166317975, 0.001702243029566548, -0.0040247807066437, 0.001995737915637791, 0.00018559457445191382, -0.0003523920293929861, -0.004867806405008428, -0.003364583232967533, 0.001759588693723166, 0.0017925962283697758, -0.005467949791446786, 0.0027593829648681085, -0.0019257950188422545, -0.0045620973900103775, -0.005143425036759506, 0.0005825616601730198, -0.002010778479564784, -0.0036676199723944696, -0.0015134496009459118, 0.0021377754299002206, 0.002605184316790413, 0.0020816847177767017, 0.0010995279307631787, 0.0017805299150245475, 0.0012670424577087749, -0.004484951574883094, 0.0020574732691062705, 0.0021417508665830813, 0.0006280032538418869, 0.0017308282577080695, 0.0025217619441061647, 0.0018045394713714891, 0.002444606465145838, -0.004387227256816148, -0.0004765960106570325, 0.001981552411475025, 0.0023413699891171634, -0.004031642164517073, 0.0020689149918190915, -0.004164379929482385, -0.0017228366897650686, 0.0019003521240700478, 0.002014193309707178, -0.004231266244516787, -0.0037195615390274387, -0.003969742527934403, 0.0017940969761310957]
Daily Returns: [0, 0, 0, 0, 0.002080323830595537, 0, 0, 0, 0.0016394619460510316, 0.00197656374148312, 0, 0, 0, 0, 0, 0, 0, -0.004369908069221205, 0, 0.001972754969825021, 0.0016193671652919527, 0.0022933023165648933, -0.004258080214120606, 0, 0, 0, 0, 0, 0, 0, 0, 0, 0, 0, 0, 0, 0, 0, 0, 0, 0, 0, 0, 0, 0, 0, 0, 0, 0, 0.003141412525791488, 0, 0, 0, 0, 0, 0, 0, 0.0003928626722402734, 0.0014392859284651453, 0, 0, 0, 0, 0, 0, 0, 0, 0, 0, 0, 0, 0.0017289106703730394, 0, 0, 0, -0.0006479456651278156, 0.0018987854719755477, 0.0005227998838222261, 0, 0, 0, 0, 0.0021237795624719823, -0.004054236243523816, 0, 0, 0, -0.001746260430666881, -0.0012843809206473074, 0.0023567036494423037, 0, 0, 0, 0, 0, 0, 0, -0.003538044648416512, 0, 0, 0, 0.0021293435204757286, 0, 0, 0, 0, 0, 0, 0, 0, 0, 0, 0, 0, 0, 0, 0, 0, 0, 0, 0, 0, 0, 0, 0, 0, 0, 0, 0, 0, 0, 0, 0, 0, 0, 0, 0, 0, 0, 0, 0.0013738556054472986, 0, 0, 0.0010278072472090557, 0, 0, 0, -0.0038943288473425033, 0, 0, 0.0017712435119952225, 0, 0, 0, 0, 0, 0, 0, 0, 0, 0.0019971638715780807, 0.0020543773779539572, 0, 0.0016655491952267821, 0, 0, 0, -0.004420215117135701, 0, 0.0019005631586736565, 0, 0, 0, 0, 0, 0, 0.001449928864079859, 0, 0, 0, 0, 0, 0, 0, 0, 0, 0, 0, 0, 0, 0, 0, 0, 0, 0, 0, 0, 0, 0, 0, 0, 0, 0, 0, 0, 0, 0, 0, -0.0041294074319667565, 0.002275899302761282, 0, 0, 0, 0, 0, 0, 0, 0, 0.0022532576166317975, 0, 0, 0, 0, 0, 0, 0, 0.001702243029566548, -0.0040247807066437, 0, 0, 0, 0, 0, 0, 0, 0.001995737915637791, 0, 0, 0, 0, 0, 0.00018559457445191382, 0, 0, 0, 0, 0, 0, -0.0003523920293929861, 0, 0, 0, 0, 0, 0, -0.004867806405008428, 0, 0, 0, 0, -0.003364583232967533, 0.001759588693723166, 0, 0, 0, 0, 0, 0, 0, 0, 0, 0, 0, 0, 0, 0, 0, 0, 0, 0, 0, 0, 0, 0, 0, 0, 0, 0, 0, 0.0017925962283697758, 0, 0, 0, 0, 0, -0.004634361845420932, 0, -0.0045620973900103775, -0.005143425036759506, 0, 0, 0, 0, 0, 0, 0, 0, 0.0005825616601730198, 0, 0, 0, 0, 0, 0, 0, 0, -0.002010778479564784, 0, 0, -0.0036676199723944696, 0, 0, 0, 0, 0, 0, 0, -0.0015134496009459118, 0, 0, 0, 0.0021377754299002206, 0, 0, 0, 0, 0.002605184316790413, 0.0020816847177767017, 0, 0, 0, 0, 0, 0, 0, 0, 0, 0, 0, 0, 0, 0, 0, 0, 0, 0, 0, 0, 0, 0, 0.0010995279307631787, 0, 0, 0, 0, 0, 0.0017805299150245475, 0, 0, 0, 0, 0, 0, 0, 0, 0.0012670424577087749, 0, 0, 0, -0.002427478305776824, 0, 0, 0.0021417508665830813, 0, 0, 0.0006280032538418869, 0.0017308282577080695, 0, 0, 0, 0, 0.0025217619441061647, 0, 0, 0.0042491459365173265, 0, 0, -0.004387227256816148, 0, 0, 0, 0, 0, 0, -0.0004765960106570325, 0, 0, 0, 0, 0, 0, 0, 0, 0.001981552411475025, 0, 0.0023413699891171634, 0, 0, 0, 0, 0, 0, 0, 0, 0, 0, 0, 0, 0, 0, 0, 0, 0, 0, 0, 0, 0, 0, 0, 0, 0, 0, 0, 0, 0, 0, 0, -0.004031642164517073, 0, 0, 0, 0, 0.0020689149918190915, 0, 0, 0, 0, 0, -0.004164379929482385, 0, 0, 0, 0, 0, 0, 0, 0, 0, 0, 0, 0, 0, -0.0017228366897650686, 0, 0, 0, 0, 0, 0, 0, 0, 0, 0.003914545433777226, 0, 0, 0, 0, -0.004231266244516787, -0.0037195615390274387, -0.003969742527934403, 0, 0, 0, 0, 0, 0.0017940969761310957]
Start Date: 2024-04-21
End Date: 2025-11-19
Sharpe Ratio: -0.015
Annualized Sharpe: -0.245
Sharpe 95% CI: (np.float64(-1.56), np.float64(1.233))
Sortino Ratio: -0.012
CAGR: -0.004
Calmar Ratio: -0.156
Daily Win Rate (%): 0.639
Max Drawdown: 0.028
Profit Factor: 0.919
Expectancy: -9.8e-05
Average Win: 0.001741
Average Loss: 0.003348
Total Trades: 83
Total Days: 496



Rolling 1 - Variant 1 - atr_0.5_1 - Fit Metrics
Contracts: [5, 4, 4, 3, 3, 3, 3, 3, 3, 3, 4, 4, 5, 5, 7, 7, 5, 5, 5, 5, 5, 5, 5, 6, 6, 6, 6, 7, 4, 5, 4, 5, 7, 6, 5, 6, 6, 5, 3, 4, 4, 2, 5, 2, 3, 3, 3, 6, 4, 5, 5, 4, 4, 10, 7, 6, 6, 6, 6, 5, 5, 2, 3, 7, 6, 7, 6, 7, 5, 8, 5, 1, 1, 4, 4, 5, 3, 5, 5, 6, 6, 6, 6, 5, 5, 7, 7, 6, 6, 4, 7, 7, 7, 6, 6, 5, 6, 6, 6, 6, 6, 5]
Trade Returns: [-0.00431, -0.00418604184033183, 0.001140622453967754, 0.0028874903549382714, -0.0034922791178539016, 0.003221019868987731, 0.0030002405002405004, 0.0029912659828916373, 0.0026948469121209524, 0.004643295149386494, 0.0022651478023882708, 0.004135877901777343, 0.00409702891997385, -0.004039372181748355, 0.0033044220770485962, 0.00173906622830537, 0.00023276609529059586, 0.0035294642389641227, -0.0013140629861308384]
Daily Returns: [-0.00849604184033183, 0, 0, 0, 0, 0, 0, 0, 0.001140622453967754, 0, 0, 0, 0, -0.0006047887629156302, 0.003221019868987731, 0, 0, 0.005991506483132137, 0, 0, 0, 0, 0, 0.0026948469121209524, 0, 0, 0, 0, 0, 0, 0, 0, 0.004643295149386494, 0.0022651478023882708, 0, 0, 0, 0, 0, 0, 0, 0, 0, 0, 0.004135877901777343, 0, 0, 0, 0, 0, 0, 0, 0, 0, 0, 0, 0, 0, 0, 0, 0, 0, 0, 0, 0, 0, 0, 0, 0, 0, 0, 0, 0, 0, 0, 0, 0, 0, 0, 0.00409702891997385, -0.004039372181748355, 0, 0, 0, 0, 0, 0, 0, 0, 0, 0, 0.0033044220770485962, 0.0019718323235959657, 0, 0, 0.0022154012528332843, 0, 0, 0, 0]
Start Date: 2023-12-26
End Date: 2024-04-19
Sharpe Ratio: 0.152
Annualized Sharpe: 2.406
Sharpe 95% CI: (np.float64(-0.659), np.float64(5.939))
Sortino Ratio: 0.057
CAGR: 0.058
Calmar Ratio: 14.395
Daily Win Rate (%): 0.737
Max Drawdown: 0.004
Profit Factor: 2.3
Expectancy: 0.001186
Average Win: 0.002849
Average Loss: 0.003468
Total Trades: 19
Total Days: 100

Rolling 1 - Variant 1 - atr_0.5_1 - Test Metrics
Contracts: [5, 4, 4, 3, 3, 3, 3, 3, 3, 3, 4, 4, 5, 5, 7, 7, 5, 5, 5, 5, 5, 5, 5, 6, 6, 6, 6, 7, 4, 5, 4, 5, 7, 6, 5, 6, 6, 5, 3, 4, 4, 2, 5, 2, 3, 3, 3, 6, 4, 5, 5, 4, 4, 10, 7, 6, 6, 6, 6, 5, 5, 2, 3, 7, 6, 7, 6, 7, 5, 8, 5, 1, 1, 4, 4, 5, 3, 5, 5, 6, 6, 6, 6, 5, 5, 7, 7, 6, 6, 4, 7, 7, 7, 6, 6, 5, 6, 6, 6, 6, 6, 5]
Trade Returns: [0.00424729924013011, 0.004034728725187575, 0.004051840063889885, -0.004329403095062639, 0.004035988528078454, -0.003582082675850313, 0.004706584980541749, -0.004214779827929942, 0.0031754371499301062, 0.0032171746449782515, 0.00038821954484603946, 0.0014222820362337592, 0.0035220207426977725, -0.0006391575295039876, 0.0038716603598321904, 0.0005166178749784526, 0.004364597218453991, -0.003991353647206052, -0.0017190667923127395, -0.0016857939441093995, 0.0022080339989751178, -0.0034842539990601685, 0.004294579456415279, -0.0007466709333577231, 0.00206642462534073, -0.003832592073597953, -0.0036753252462162116, 0.0021493779130233744, 0.004170382214569048, 0.0011951849486756636, -0.004363586255468837, 0.0006074283100037554, 0.002950770543010939, -0.004056625631948586, 0.0033881639124336855, 0.0006178371884593855, 0.005152486793161175, -0.0037302047417081137, -0.003982382370092999, 0.004057167790680763, 0.0002297037587191392, -0.00034756514472387143, -0.004801106515407429, -0.0033198208133370984, 0.0035967240029781793, -0.0006974962552455636, -0.005396170794186434, 0.0004527348609646718, -0.0022167703830319927, -0.004501884801984694, -0.005076248891064273, 0.0007243008753582734, -0.001981677226580802, -0.0036144344689845076, -0.0014881817441955159, 0.004320360574958257, 0.005229983427065505, 0.004189245800618928, 0.002191250138287487, 0.0035604553113301775, 0.003102873522338191, -0.004381181999206558, 0.004146366347058949, 0.004301776112106893, 0.0006108164134005757, 0.0007535162501978821, 0.0021883172831316197, 0.0042472496538291825, 0.003454643597829539, -0.004258138310221231, -0.0004625127712287051, 0.004632957146568711, 0.004677660490191637, -0.0038930537549555643, 0.0004413778533946564, -0.004027210063500203, -0.001665858977465463, 0.003799945390006371, 0.0032755298651252485, -0.004078220495034963, -0.0035844733319721402, -0.003825049520730401, 0.002466497535407091]
Daily Returns: [0, 0, 0, 0, 0.00424729924013011, 0, 0, 0, 0.004034728725187575, 0.004051840063889885, 0, 0, 0, 0, 0, 0, 0, -0.004329403095062639, 0, 0.004035988528078454, -0.003582082675850313, 0.004706584980541749, -0.004214779827929942, 0, 0, 0, 0, 0, 0, 0, 0, 0, 0, 0, 0, 0, 0, 0, 0, 0, 0, 0, 0, 0, 0, 0, 0, 0, 0, 0.006392611794908357, 0, 0, 0, 0, 0, 0, 0, 0.00038821954484603946, 0.0014222820362337592, 0, 0, 0, 0, 0, 0, 0, 0, 0, 0, 0, 0, 0.0035220207426977725, 0, 0, 0, -0.0006391575295039876, 0.0038716603598321904, 0.0005166178749784526, 0, 0, 0, 0, 0.004364597218453991, -0.003991353647206052, 0, 0, 0, -0.0017190667923127395, -0.0016857939441093995, 0.0022080339989751178, 0, 0, 0, 0, 0, 0, 0, -0.0034842539990601685, 0, 0, 0, 0.004294579456415279, 0, 0, 0, 0, 0, 0, 0, 0, 0, 0, 0, 0, 0, 0, 0, 0, 0, 0, 0, 0, 0, 0, 0, 0, 0, 0, 0, 0, 0, 0, 0, 0, 0, 0, 0, 0, 0, 0, -0.0007466709333577231, 0, 0, 0.00206642462534073, 0, 0, 0, -0.003832592073597953, 0, 0, -0.0036753252462162116, 0, 0, 0, 0, 0, 0, 0, 0, 0, 0.0021493779130233744, 0.004170382214569048, 0, 0.0011951849486756636, 0, 0, 0, -0.004363586255468837, 0, 0.0006074283100037554, 0, 0, 0, 0, 0, 0, 0.002950770543010939, 0, 0, 0, 0, 0, 0, 0, 0, 0, 0, 0, 0, 0, 0, 0, 0, 0, 0, 0, 0, 0, 0, 0, 0, 0, 0, 0, 0, 0, 0, 0, -0.004056625631948586, 0.004006001100893071, 0, 0, 0, 0, 0, 0, 0, 0, 0.005152486793161175, 0, 0, 0, 0, 0, 0, 0, -0.0037302047417081137, -0.003982382370092999, 0, 0, 0, 0, 0, 0, 0, 0.004057167790680763, 0, 0, 0, 0, 0, 0.0002297037587191392, 0, 0, 0, 0, 0, 0, -0.00034756514472387143, 0, 0, 0, 0, 0, 0, -0.004801106515407429, 0, 0, 0, 0, -0.0033198208133370984, 0.0035967240029781793, 0, 0, 0, 0, 0, 0, 0, 0, 0, 0, 0, 0, 0, 0, 0, 0, 0, 0, 0, 0, 0, 0, 0, 0, 0, 0, 0, -0.0006974962552455636, 0, 0, 0, 0, 0, -0.007160206316253755, 0, -0.004501884801984694, -0.005076248891064273, 0, 0, 0, 0, 0, 0, 0, 0, 0.0007243008753582734, 0, 0, 0, 0, 0, 0, 0, 0, -0.001981677226580802, 0, 0, -0.0036144344689845076, 0, 0, 0, 0, 0, 0, 0, -0.0014881817441955159, 0, 0, 0, 0.004320360574958257, 0, 0, 0, 0, 0.005229983427065505, 0.004189245800618928, 0, 0, 0, 0, 0, 0, 0, 0, 0, 0, 0, 0, 0, 0, 0, 0, 0, 0, 0, 0, 0, 0, 0.002191250138287487, 0, 0, 0, 0, 0, 0.0035604553113301775, 0, 0, 0, 0, 0, 0, 0, 0, 0.003102873522338191, 0, 0, 0, -0.00023481565214760955, 0, 0, 0.004301776112106893, 0, 0, 0.0006108164134005757, 0.0007535162501978821, 0, 0, 0, 0, 0.0021883172831316197, 0, 0, 0.007701893251658721, 0, 0, -0.004258138310221231, 0, 0, 0, 0, 0, 0, -0.0004625127712287051, 0, 0, 0, 0, 0, 0, 0, 0, 0.004632957146568711, 0, 0.004677660490191637, 0, 0, 0, 0, 0, 0, 0, 0, 0, 0, 0, 0, 0, 0, 0, 0, 0, 0, 0, 0, 0, 0, 0, 0, 0, 0, 0, 0, 0, 0, 0, -0.0038930537549555643, 0, 0, 0, 0, 0.0004413778533946564, 0, 0, 0, 0, 0, -0.004027210063500203, 0, 0, 0, 0, 0, 0, 0, 0, 0, 0, 0, 0, 0, -0.001665858977465463, 0, 0, 0, 0, 0, 0, 0, 0, 0, 0.007075475255131619, 0, 0, 0, 0, -0.004078220495034963, -0.0035844733319721402, -0.003825049520730401, 0, 0, 0, 0, 0, 0.002466497535407091]
Start Date: 2024-04-21
End Date: 2025-11-19
Sharpe Ratio: 0.041
Annualized Sharpe: 0.658
Sharpe 95% CI: (np.float64(-0.73), np.float64(2.071))
Sortino Ratio: 0.036
CAGR: 0.015
Calmar Ratio: 0.466
Daily Win Rate (%): 0.578
Max Drawdown: 0.032
Profit Factor: 1.263
Expectancy: 0.000354
Average Win: 0.002938
Average Loss: 0.00319
Total Trades: 83
Total Days: 496



Rolling 1 - Variant 2 - atr_0.5_3 - Fit Metrics
Contracts: [5, 4, 4, 3, 3, 3, 3, 3, 3, 3, 4, 4, 5, 5, 7, 8, 5, 5, 5, 5, 5, 5, 5, 6, 6, 6, 6, 7, 4, 5, 4, 5, 7, 6, 5, 6, 6, 5, 3, 4, 4, 2, 5, 2, 3, 3, 3, 6, 4, 5, 5, 4, 4, 9, 7, 6, 6, 6, 6, 4, 5, 2, 3, 7, 6, 7, 6, 7, 5, 8, 5, 1, 1, 4, 4, 5, 3, 5, 5, 6, 6, 6, 6, 5, 5, 7, 7, 6, 6, 4, 7, 7, 7, 6, 6, 5, 6, 6, 6, 6, 6, 5]
Trade Returns: [-0.00431, -0.00418604184033183, 0.001140622453967754, 0.0049672067901234615, -0.0034850520658380926, -0.000999211465650608, 0.0027656433585394446, 0.0028481469018891478, 0.0026948469121209524, 0.010593207673499675, 0.0022708480628887144, 0.009778402126458112, 0.0047768398447815535, -0.0045430912589619595, -0.003493437949380957, 0.0017382758634083978, 0.00023266049211575351, 0.003527863336001847, -0.0013134690455908976]
Daily Returns: [-0.00849604184033183, 0, 0, 0, 0, 0, 0, 0, 0.001140622453967754, 0, 0, 0, 0, 0.001482154724285369, -0.000999211465650608, 0, 0, 0.005613790260428592, 0, 0, 0, 0, 0, 0.0026948469121209524, 0, 0, 0, 0, 0, 0, 0, 0, 0.010593207673499675, 0.0022708480628887144, 0, 0, 0, 0, 0, 0, 0, 0, 0, 0, 0.009778402126458112, 0, 0, 0, 0, 0, 0, 0, 0, 0, 0, 0, 0, 0, 0, 0, 0, 0, 0, 0, 0, 0, 0, 0, 0, 0, 0, 0, 0, 0, 0, 0, 0, 0, 0, 0.0047768398447815535, -0.0045430912589619595, 0, 0, 0, 0, 0, 0, 0, 0, 0, 0, -0.003493437949380957, 0.0019709363555241513, 0, 0, 0.0022143942904109494, 0, 0, 0, 0]
Start Date: 2023-12-26
End Date: 2024-04-19
Sharpe Ratio: 0.127
Annualized Sharpe: 2.009
Sharpe 95% CI: (np.float64(-1.012), np.float64(4.652))
Sortino Ratio: 0.08
CAGR: 0.065
Calmar Ratio: 8.043
Daily Win Rate (%): 0.632
Max Drawdown: 0.008
Profit Factor: 2.12
Expectancy: 0.001316
Average Win: 0.003945
Average Loss: 0.00319
Total Trades: 19
Total Days: 100

Rolling 1 - Variant 2 - atr_0.5_3 - Test Metrics
Contracts: [5, 4, 4, 3, 3, 3, 3, 3, 3, 3, 4, 4, 5, 5, 7, 8, 5, 5, 5, 5, 5, 5, 5, 6, 6, 6, 6, 7, 4, 5, 4, 5, 7, 6, 5, 6, 6, 5, 3, 4, 4, 2, 5, 2, 3, 3, 3, 6, 4, 5, 5, 4, 4, 9, 7, 6, 6, 6, 6, 4, 5, 2, 3, 7, 6, 7, 6, 7, 5, 8, 5, 1, 1, 4, 4, 5, 3, 5, 5, 6, 6, 6, 6, 5, 5, 7, 7, 6, 6, 4, 7, 7, 7, 6, 6, 5, 6, 6, 6, 6, 6, 5]
Trade Returns: [0.008113602033139102, 0.009773074355176619, -0.004201494421456148, -0.004286349421076833, 0.0014769132132212428, -0.0035553692553921207, -0.0008834091178528918, -0.004204420647995608, 0.003705178062896145, 0.002902863226505674, 0.0003873831410093603, 0.001419218971752942, -0.0037239797628844, -0.0006424216236059553, -0.001905545404976242, 0.0005155042681843915, 0.01075534893508402, -0.004034971026799492, -0.0017379288045821226, -0.0017043230810459132, 0.002200545403995285, -0.0035226160058864776, 0.0003780601057405448, -0.0007597105347819605, -0.00035273163518245455, -0.0038994926591517983, -0.003739731781691457, 0.002187338914052862, 0.012946755977118274, 0.0012160731117895024, -0.004402011796619334, 0.0006128009463508553, 0.0008837534715425571, -0.004126890283839632, 0.006178035509124217, 0.0006285830689986058, -0.003938524931404929, -0.003795088503559351, -0.0040524317518568775, 0.004955768066160023, 0.00018697158616173893, -0.00035075210451265164, -0.004845145172206852, -0.003325410248205892, 0.011143950399401957, -0.0007096200043043021, -0.005405353378827109, 0.00045349745622217985, -0.0022205151136437625, -0.004509587227610288, -0.00508484314551653, 0.0007261416830566257, -0.001986709996604752, -0.003623632146904848, -0.001490735312957369, 0.00516060303939032, -0.005452806494380015, 0.012939569084984828, 0.0013687257823998269, 0.010943870037667997, 0.009598073438576386, -0.004369241002058476, 0.00793600516013103, 0.008787717764559949, 0.0006041554567509924, 0.0007453041123805047, 0.0021644858403408514, -0.0004741048449000617, 0.003433243737718305, -0.004231851435002817, -0.00045964539488063764, 0.00928759894459108, -0.0017776848269371547, -0.003875968992248064, 0.0004394333188107589, -0.004009475577112954, -0.0016584935601448847, 0.00032847418079671027, 0.003272340232800408, -0.004074262174820835, -0.0035809800099723507, -0.003821308343189884, 0.002464075866898039]
Daily Returns: [0, 0, 0, 0, 0.008113602033139102, 0, 0, 0, 0.009773074355176619, -0.004201494421456148, 0, 0, 0, 0, 0, 0, 0, -0.004286349421076833, 0, 0.0014769132132212428, -0.0035553692553921207, -0.0008834091178528918, -0.004204420647995608, 0, 0, 0, 0, 0, 0, 0, 0, 0, 0, 0, 0, 0, 0, 0, 0, 0, 0, 0, 0, 0, 0, 0, 0, 0, 0, 0.006608041289401819, 0, 0, 0, 0, 0, 0, 0, 0.0003873831410093603, 0.001419218971752942, 0, 0, 0, 0, 0, 0, 0, 0, 0, 0, 0, 0, -0.0037239797628844, 0, 0, 0, -0.0006424216236059553, -0.001905545404976242, 0.0005155042681843915, 0, 0, 0, 0, 0.01075534893508402, -0.004034971026799492, 0, 0, 0, -0.0017379288045821226, -0.0017043230810459132, 0.002200545403995285, 0, 0, 0, 0, 0, 0, 0, -0.0035226160058864776, 0, 0, 0, 0.0003780601057405448, 0, 0, 0, 0, 0, 0, 0, 0, 0, 0, 0, 0, 0, 0, 0, 0, 0, 0, 0, 0, 0, 0, 0, 0, 0, 0, 0, 0, 0, 0, 0, 0, 0, 0, 0, 0, 0, 0, -0.0007597105347819605, 0, 0, -0.00035273163518245455, 0, 0, 0, -0.0038994926591517983, 0, 0, -0.003739731781691457, 0, 0, 0, 0, 0, 0, 0, 0, 0, 0.002187338914052862, 0.012946755977118274, 0, 0.0012160731117895024, 0, 0, 0, -0.004402011796619334, 0, 0.0006128009463508553, 0, 0, 0, 0, 0, 0, 0.0008837534715425571, 0, 0, 0, 0, 0, 0, 0, 0, 0, 0, 0, 0, 0, 0, 0, 0, 0, 0, 0, 0, 0, 0, 0, 0, 0, 0, 0, 0, 0, 0, 0, -0.004126890283839632, 0.006806618578122823, 0, 0, 0, 0, 0, 0, 0, 0, -0.003938524931404929, 0, 0, 0, 0, 0, 0, 0, -0.003795088503559351, -0.0040524317518568775, 0, 0, 0, 0, 0, 0, 0, 0.004955768066160023, 0, 0, 0, 0, 0, 0.00018697158616173893, 0, 0, 0, 0, 0, 0, -0.00035075210451265164, 0, 0, 0, 0, 0, 0, -0.004845145172206852, 0, 0, 0, 0, -0.003325410248205892, 0.011143950399401957, 0, 0, 0, 0, 0, 0, 0, 0, 0, 0, 0, 0, 0, 0, 0, 0, 0, 0, 0, 0, 0, 0, 0, 0, 0, 0, 0, -0.0007096200043043021, 0, 0, 0, 0, 0, -0.007172371036248692, 0, -0.004509587227610288, -0.00508484314551653, 0, 0, 0, 0, 0, 0, 0, 0, 0.0007261416830566257, 0, 0, 0, 0, 0, 0, 0, 0, -0.001986709996604752, 0, 0, -0.003623632146904848, 0, 0, 0, 0, 0, 0, 0, -0.001490735312957369, 0, 0, 0, 0.00516060303939032, 0, 0, 0, 0, -0.005452806494380015, 0.012939569084984828, 0, 0, 0, 0, 0, 0, 0, 0, 0, 0, 0, 0, 0, 0, 0, 0, 0, 0, 0, 0, 0, 0, 0.0013687257823998269, 0, 0, 0, 0, 0, 0.010943870037667997, 0, 0, 0, 0, 0, 0, 0, 0, 0.009598073438576386, 0, 0, 0, 0.0035667641580725534, 0, 0, 0.008787717764559949, 0, 0, 0.0006041554567509924, 0.0007453041123805047, 0, 0, 0, 0, 0.0021644858403408514, 0, 0, 0.0029591388928182434, 0, 0, -0.004231851435002817, 0, 0, 0, 0, 0, 0, -0.00045964539488063764, 0, 0, 0, 0, 0, 0, 0, 0, 0.00928759894459108, 0, -0.0017776848269371547, 0, 0, 0, 0, 0, 0, 0, 0, 0, 0, 0, 0, 0, 0, 0, 0, 0, 0, 0, 0, 0, 0, 0, 0, 0, 0, 0, 0, 0, 0, 0, -0.003875968992248064, 0, 0, 0, 0, 0.0004394333188107589, 0, 0, 0, 0, 0, -0.004009475577112954, 0, 0, 0, 0, 0, 0, 0, 0, 0, 0, 0, 0, 0, -0.0016584935601448847, 0, 0, 0, 0, 0, 0, 0, 0, 0, 0.0036008144135971183, 0, 0, 0, 0, -0.004074262174820835, -0.0035809800099723507, -0.003821308343189884, 0, 0, 0, 0, 0, 0.002464075866898039]
Start Date: 2024-04-21
End Date: 2025-11-19
Sharpe Ratio: 0.03
Annualized Sharpe: 0.473
Sharpe 95% CI: (np.float64(-0.989), np.float64(1.73))
Sortino Ratio: 0.035
CAGR: 0.014
Calmar Ratio: 0.448
Daily Win Rate (%): 0.47
Max Drawdown: 0.031
Profit Factor: 1.211
Expectancy: 0.000342
Average Win: 0.004185
Average Loss: 0.003064
Total Trades: 83
Total Days: 496



Rolling 1 - Variant 3 - atr_0.5_4 - Fit Metrics
Contracts: [5, 4, 4, 3, 3, 3, 3, 3, 3, 3, 4, 4, 5, 5, 7, 8, 5, 5, 5, 5, 5, 5, 5, 6, 6, 6, 6, 7, 4, 5, 4, 5, 7, 6, 5, 6, 6, 5, 3, 4, 4, 2, 5, 2, 3, 3, 3, 6, 4, 5, 5, 4, 4, 9, 7, 6, 6, 6, 6, 4, 5, 2, 3, 7, 6, 7, 6, 7, 5, 8, 5, 1, 1, 4, 4, 5, 3, 5, 5, 6, 6, 6, 6, 5, 5, 7, 7, 6, 6, 4, 7, 7, 7, 6, 6, 5, 6, 6, 6, 6, 6, 5]
Trade Returns: [-0.00431, -0.00418604184033183, 0.001140622453967754, 0.0049672067901234615, -0.0034850520658380926, -0.000999211465650608, 0.0027656433585394446, 0.0028481469018891478, 0.0026948469121209524, 0.010593207673499675, 0.0022708480628887144, 0.009778402126458112, 0.0047768398447815535, -0.0045430912589619595, -0.003493437949380957, 0.0017382758634083978, 0.00023266049211575351, 0.003527863336001847, -0.0013134690455908976]
Daily Returns: [-0.00849604184033183, 0, 0, 0, 0, 0, 0, 0, 0.001140622453967754, 0, 0, 0, 0, 0.001482154724285369, -0.000999211465650608, 0, 0, 0.005613790260428592, 0, 0, 0, 0, 0, 0.0026948469121209524, 0, 0, 0, 0, 0, 0, 0, 0, 0.010593207673499675, 0.0022708480628887144, 0, 0, 0, 0, 0, 0, 0, 0, 0, 0, 0.009778402126458112, 0, 0, 0, 0, 0, 0, 0, 0, 0, 0, 0, 0, 0, 0, 0, 0, 0, 0, 0, 0, 0, 0, 0, 0, 0, 0, 0, 0, 0, 0, 0, 0, 0, 0, 0.0047768398447815535, -0.0045430912589619595, 0, 0, 0, 0, 0, 0, 0, 0, 0, 0, -0.003493437949380957, 0.0019709363555241513, 0, 0, 0.0022143942904109494, 0, 0, 0, 0]
Start Date: 2023-12-26
End Date: 2024-04-19
Sharpe Ratio: 0.127
Annualized Sharpe: 2.009
Sharpe 95% CI: (np.float64(-1.012), np.float64(4.652))
Sortino Ratio: 0.08
CAGR: 0.065
Calmar Ratio: 8.043
Daily Win Rate (%): 0.632
Max Drawdown: 0.008
Profit Factor: 2.12
Expectancy: 0.001316
Average Win: 0.003945
Average Loss: 0.00319
Total Trades: 19
Total Days: 100

Rolling 1 - Variant 3 - atr_0.5_4 - Test Metrics
Contracts: [5, 4, 4, 3, 3, 3, 3, 3, 3, 3, 4, 4, 5, 5, 7, 8, 5, 5, 5, 5, 5, 5, 5, 6, 6, 6, 6, 7, 4, 5, 4, 5, 7, 6, 5, 6, 6, 5, 3, 4, 4, 2, 5, 2, 3, 3, 3, 6, 4, 5, 5, 4, 4, 9, 7, 6, 6, 6, 6, 4, 5, 2, 3, 7, 6, 7, 6, 7, 5, 8, 5, 1, 1, 4, 4, 5, 3, 5, 5, 6, 6, 6, 6, 5, 5, 7, 7, 6, 6, 4, 7, 7, 7, 6, 6, 5, 6, 6, 6, 6, 6, 5]
Trade Returns: [0.008113602033139102, 0.009773074355176619, -0.004201494421456148, -0.004286349421076833, 0.0014769132132212428, -0.0035553692553921207, -0.0008834091178528918, -0.004204420647995608, 0.003705178062896145, 0.002902863226505674, 0.0003873831410093603, 0.001419218971752942, -0.0037239797628844, -0.0006424216236059553, -0.001905545404976242, 0.0005155042681843915, 0.01075534893508402, -0.004034971026799492, -0.0017379288045821226, -0.0017043230810459132, 0.002200545403995285, -0.0035226160058864776, 0.0003780601057405448, -0.0007597105347819605, -0.00035273163518245455, -0.0038994926591517983, -0.003739731781691457, 0.002187338914052862, 0.012995648560113468, 0.0012160731117895024, -0.004401799332007647, 0.0006127712385348053, 0.0008837106545272732, -0.00412669095798735, 0.006177735271019511, 0.0006285525830794932, -0.0039383342820962, -0.003794904428940609, -0.0040524317518568775, 0.004955526824101222, 0.00018696248286174586, -0.0003494693985116286, -0.004827420205246549, -0.0033011100124217163, 0.014846210991263887, -0.0007095856097589845, -0.00536543422184007, 0.00045018205892081564, -0.0022042350905880077, -0.004476103753395501, -0.005047480537257252, 0.00072073322079103, -0.001971923202834648, -0.003596608691289802, -0.0014796347922249877, 0.005121978613560746, -0.005412142880572049, 0.017158964370656917, 0.0013585173635500601, 0.014605328678022063, 0.01028763024036894, -0.00431554445520499, 0.007838051521821932, 0.008680095040832503, 0.0005968200680748158, 0.0007362603565736526, 0.002138240607945726, -0.00046836840520565455, 0.0033916836808693986, -0.004180797242452885, -0.0004540768283106057, 0.009175029323602292, -0.00175633442673761, -0.0038293358172268384, 0.0004341260152797597, -0.003961071714684155, -0.0016383919927314902, 0.00032448641632725194, 0.003232626033265857, -0.0040249749135912605, -0.0035374850272587863, -0.0037747295338883095, 0.0024339268731839486]
Daily Returns: [0, 0, 0, 0, 0.008113602033139102, 0, 0, 0, 0.009773074355176619, -0.004201494421456148, 0, 0, 0, 0, 0, 0, 0, -0.004286349421076833, 0, 0.0014769132132212428, -0.0035553692553921207, -0.0008834091178528918, -0.004204420647995608, 0, 0, 0, 0, 0, 0, 0, 0, 0, 0, 0, 0, 0, 0, 0, 0, 0, 0, 0, 0, 0, 0, 0, 0, 0, 0, 0.006608041289401819, 0, 0, 0, 0, 0, 0, 0, 0.0003873831410093603, 0.001419218971752942, 0, 0, 0, 0, 0, 0, 0, 0, 0, 0, 0, 0, -0.0037239797628844, 0, 0, 0, -0.0006424216236059553, -0.001905545404976242, 0.0005155042681843915, 0, 0, 0, 0, 0.01075534893508402, -0.004034971026799492, 0, 0, 0, -0.0017379288045821226, -0.0017043230810459132, 0.002200545403995285, 0, 0, 0, 0, 0, 0, 0, -0.0035226160058864776, 0, 0, 0, 0.0003780601057405448, 0, 0, 0, 0, 0, 0, 0, 0, 0, 0, 0, 0, 0, 0, 0, 0, 0, 0, 0, 0, 0, 0, 0, 0, 0, 0, 0, 0, 0, 0, 0, 0, 0, 0, 0, 0, 0, 0, -0.0007597105347819605, 0, 0, -0.00035273163518245455, 0, 0, 0, -0.0038994926591517983, 0, 0, -0.003739731781691457, 0, 0, 0, 0, 0, 0, 0, 0, 0, 0.002187338914052862, 0.012995648560113468, 0, 0.0012160731117895024, 0, 0, 0, -0.004401799332007647, 0, 0.0006127712385348053, 0, 0, 0, 0, 0, 0, 0.0008837106545272732, 0, 0, 0, 0, 0, 0, 0, 0, 0, 0, 0, 0, 0, 0, 0, 0, 0, 0, 0, 0, 0, 0, 0, 0, 0, 0, 0, 0, 0, 0, 0, -0.00412669095798735, 0.0068062878540990045, 0, 0, 0, 0, 0, 0, 0, 0, -0.0039383342820962, 0, 0, 0, 0, 0, 0, 0, -0.003794904428940609, -0.0040524317518568775, 0, 0, 0, 0, 0, 0, 0, 0.004955526824101222, 0, 0, 0, 0, 0, 0.00018696248286174586, 0, 0, 0, 0, 0, 0, -0.0003494693985116286, 0, 0, 0, 0, 0, 0, -0.004827420205246549, 0, 0, 0, 0, -0.0033011100124217163, 0.014846210991263887, 0, 0, 0, 0, 0, 0, 0, 0, 0, 0, 0, 0, 0, 0, 0, 0, 0, 0, 0, 0, 0, 0, 0, 0, 0, 0, 0, -0.0007095856097589845, 0, 0, 0, 0, 0, -0.007119487253507263, 0, -0.004476103753395501, -0.005047480537257252, 0, 0, 0, 0, 0, 0, 0, 0, 0.00072073322079103, 0, 0, 0, 0, 0, 0, 0, 0, -0.001971923202834648, 0, 0, -0.003596608691289802, 0, 0, 0, 0, 0, 0, 0, -0.0014796347922249877, 0, 0, 0, 0.005121978613560746, 0, 0, 0, 0, -0.005412142880572049, 0.017158964370656917, 0, 0, 0, 0, 0, 0, 0, 0, 0, 0, 0, 0, 0, 0, 0, 0, 0, 0, 0, 0, 0, 0, 0.0013585173635500601, 0, 0, 0, 0, 0, 0.014605328678022063, 0, 0, 0, 0, 0, 0, 0, 0, 0.01028763024036894, 0, 0, 0, 0.0035225070666169414, 0, 0, 0.008680095040832503, 0, 0, 0.0005968200680748158, 0.0007362603565736526, 0, 0, 0, 0, 0.002138240607945726, 0, 0, 0.002923315275663744, 0, 0, -0.004180797242452885, 0, 0, 0, 0, 0, 0, -0.0004540768283106057, 0, 0, 0, 0, 0, 0, 0, 0, 0.009175029323602292, 0, -0.00175633442673761, 0, 0, 0, 0, 0, 0, 0, 0, 0, 0, 0, 0, 0, 0, 0, 0, 0, 0, 0, 0, 0, 0, 0, 0, 0, 0, 0, 0, 0, 0, 0, -0.0038293358172268384, 0, 0, 0, 0, 0.0004341260152797597, 0, 0, 0, 0, 0, -0.003961071714684155, 0, 0, 0, 0, 0, 0, 0, 0, 0, 0, 0, 0, 0, -0.0016383919927314902, 0, 0, 0, 0, 0, 0, 0, 0, 0, 0.0035571124495931087, 0, 0, 0, 0, -0.0040249749135912605, -0.0035374850272587863, -0.0037747295338883095, 0, 0, 0, 0, 0, 0.0024339268731839486]
Start Date: 2024-04-21
End Date: 2025-11-19
Sharpe Ratio: 0.04
Annualized Sharpe: 0.627
Sharpe 95% CI: (np.float64(-0.837), np.float64(1.813))
Sortino Ratio: 0.051
CAGR: 0.02
Calmar Ratio: 0.739
Daily Win Rate (%): 0.47
Max Drawdown: 0.028
Profit Factor: 1.305
Expectancy: 0.000492
Average Win: 0.004487
Average Loss: 0.003049
Total Trades: 83
Total Days: 496



Rolling 1 - Variant 4 - atr_0.5_5 - Fit Metrics
Contracts: [5, 4, 4, 3, 3, 3, 3, 3, 3, 3, 4, 4, 5, 5, 7, 8, 5, 5, 5, 5, 5, 5, 5, 6, 6, 6, 6, 7, 4, 5, 4, 5, 7, 6, 5, 6, 6, 5, 3, 4, 4, 2, 5, 2, 3, 3, 3, 6, 4, 5, 5, 4, 4, 9, 7, 6, 6, 6, 6, 4, 5, 2, 3, 7, 6, 7, 6, 7, 5, 8, 5, 1, 1, 4, 4, 5, 3, 5, 5, 6, 6, 6, 6, 5, 5, 7, 7, 6, 6, 4, 7, 7, 7, 6, 6, 5, 6, 6, 6, 6, 6, 5]
Trade Returns: [-0.00431, -0.00418604184033183, 0.001140622453967754, 0.0049672067901234615, -0.0034850520658380926, -0.000999211465650608, 0.0027656433585394446, 0.0028481469018891478, 0.0026948469121209524, 0.010593207673499675, 0.0022708480628887144, 0.009778402126458112, 0.0047768398447815535, -0.0045430912589619595, -0.003493437949380957, 0.0017382758634083978, 0.00023266049211575351, 0.003527863336001847, -0.0013134690455908976]
Daily Returns: [-0.00849604184033183, 0, 0, 0, 0, 0, 0, 0, 0.001140622453967754, 0, 0, 0, 0, 0.001482154724285369, -0.000999211465650608, 0, 0, 0.005613790260428592, 0, 0, 0, 0, 0, 0.0026948469121209524, 0, 0, 0, 0, 0, 0, 0, 0, 0.010593207673499675, 0.0022708480628887144, 0, 0, 0, 0, 0, 0, 0, 0, 0, 0, 0.009778402126458112, 0, 0, 0, 0, 0, 0, 0, 0, 0, 0, 0, 0, 0, 0, 0, 0, 0, 0, 0, 0, 0, 0, 0, 0, 0, 0, 0, 0, 0, 0, 0, 0, 0, 0, 0.0047768398447815535, -0.0045430912589619595, 0, 0, 0, 0, 0, 0, 0, 0, 0, 0, -0.003493437949380957, 0.0019709363555241513, 0, 0, 0.0022143942904109494, 0, 0, 0, 0]
Start Date: 2023-12-26
End Date: 2024-04-19
Sharpe Ratio: 0.127
Annualized Sharpe: 2.009
Sharpe 95% CI: (np.float64(-1.012), np.float64(4.652))
Sortino Ratio: 0.08
CAGR: 0.065
Calmar Ratio: 8.043
Daily Win Rate (%): 0.632
Max Drawdown: 0.008
Profit Factor: 2.12
Expectancy: 0.001316
Average Win: 0.003945
Average Loss: 0.00319
Total Trades: 19
Total Days: 100

Rolling 1 - Variant 4 - atr_0.5_5 - Test Metrics
Contracts: [5, 4, 4, 3, 3, 3, 3, 3, 3, 3, 4, 4, 5, 5, 7, 8, 5, 5, 5, 5, 5, 5, 5, 6, 6, 6, 6, 7, 4, 5, 4, 5, 7, 6, 5, 6, 6, 5, 3, 4, 4, 2, 5, 2, 3, 3, 3, 6, 4, 5, 5, 4, 4, 9, 7, 6, 6, 6, 6, 4, 5, 2, 3, 7, 6, 7, 6, 7, 5, 8, 5, 1, 1, 4, 4, 5, 3, 5, 5, 6, 6, 6, 6, 5, 5, 7, 7, 6, 6, 4, 7, 7, 7, 6, 6, 5, 6, 6, 6, 6, 6, 5]
Trade Returns: [0.008113602033139102, 0.009773074355176619, -0.004201494421456148, -0.004286349421076833, 0.0014769132132212428, -0.0035553692553921207, -0.0008834091178528918, -0.004204420647995608, 0.003705178062896145, 0.002902863226505674, 0.0003873831410093603, 0.001419218971752942, -0.0037239797628844, -0.0006424216236059553, -0.001905545404976242, 0.0005155042681843915, 0.01075534893508402, -0.004034971026799492, -0.0017379288045821226, -0.0017043230810459132, 0.002200545403995285, -0.0035226160058864776, 0.0003780601057405448, -0.0007597105347819605, -0.00035273163518245455, -0.0038994926591517983, -0.003739731781691457, 0.002187338914052862, 0.012995648560113468, 0.0012160731117895024, -0.004401799332007647, 0.0006127712385348053, 0.0008837106545272732, -0.00412669095798735, 0.006177735271019511, 0.0006285525830794932, -0.0039383342820962, -0.003794904428940609, -0.0040524317518568775, 0.004955526824101222, 0.00018696248286174586, -0.00034821260377404013, -0.004810053335059142, -0.0032773161296135492, 0.018522237587289204, -0.0007095856097589845, -0.0053263529277869474, 0.00044693576706752335, -0.0021882950695565374, -0.004443325667166304, -0.005010899413979562, 0.0007154389428337467, -0.0019574484353793594, -0.0035701562517956136, -0.0014687685867118578, 0.005084172365937383, -0.005372338489884492, 0.021316583030690495, 0.0013485246680407386, 0.018267317428547626, 0.010169990044948571, -0.004266692548032956, 0.00774894468895499, 0.008582174225204818, 0.0005901445854234553, 0.0007280300796224966, 0.002114355701669532, -0.0004631476025679696, 0.0033538597888025036, -0.00413432904201219, -0.0004490089599370232, 0.009072582501035629, -0.0017368998162754091, -0.0037868888113153426, 0.000429295569999953, -0.00391701646577287, -0.0016200980527525948, 0.000320857389954204, 0.003196484236023686, -0.003980117786495899, -0.0034979032874018303, -0.0037323449530957554, 0.002406495121040197]
Daily Returns: [0, 0, 0, 0, 0.008113602033139102, 0, 0, 0, 0.009773074355176619, -0.004201494421456148, 0, 0, 0, 0, 0, 0, 0, -0.004286349421076833, 0, 0.0014769132132212428, -0.0035553692553921207, -0.0008834091178528918, -0.004204420647995608, 0, 0, 0, 0, 0, 0, 0, 0, 0, 0, 0, 0, 0, 0, 0, 0, 0, 0, 0, 0, 0, 0, 0, 0, 0, 0, 0.006608041289401819, 0, 0, 0, 0, 0, 0, 0, 0.0003873831410093603, 0.001419218971752942, 0, 0, 0, 0, 0, 0, 0, 0, 0, 0, 0, 0, -0.0037239797628844, 0, 0, 0, -0.0006424216236059553, -0.001905545404976242, 0.0005155042681843915, 0, 0, 0, 0, 0.01075534893508402, -0.004034971026799492, 0, 0, 0, -0.0017379288045821226, -0.0017043230810459132, 0.002200545403995285, 0, 0, 0, 0, 0, 0, 0, -0.0035226160058864776, 0, 0, 0, 0.0003780601057405448, 0, 0, 0, 0, 0, 0, 0, 0, 0, 0, 0, 0, 0, 0, 0, 0, 0, 0, 0, 0, 0, 0, 0, 0, 0, 0, 0, 0, 0, 0, 0, 0, 0, 0, 0, 0, 0, 0, -0.0007597105347819605, 0, 0, -0.00035273163518245455, 0, 0, 0, -0.0038994926591517983, 0, 0, -0.003739731781691457, 0, 0, 0, 0, 0, 0, 0, 0, 0, 0.002187338914052862, 0.012995648560113468, 0, 0.0012160731117895024, 0, 0, 0, -0.004401799332007647, 0, 0.0006127712385348053, 0, 0, 0, 0, 0, 0, 0.0008837106545272732, 0, 0, 0, 0, 0, 0, 0, 0, 0, 0, 0, 0, 0, 0, 0, 0, 0, 0, 0, 0, 0, 0, 0, 0, 0, 0, 0, 0, 0, 0, 0, -0.00412669095798735, 0.0068062878540990045, 0, 0, 0, 0, 0, 0, 0, 0, -0.0039383342820962, 0, 0, 0, 0, 0, 0, 0, -0.003794904428940609, -0.0040524317518568775, 0, 0, 0, 0, 0, 0, 0, 0.004955526824101222, 0, 0, 0, 0, 0, 0.00018696248286174586, 0, 0, 0, 0, 0, 0, -0.00034821260377404013, 0, 0, 0, 0, 0, 0, -0.004810053335059142, 0, 0, 0, 0, -0.0032773161296135492, 0.018522237587289204, 0, 0, 0, 0, 0, 0, 0, 0, 0, 0, 0, 0, 0, 0, 0, 0, 0, 0, 0, 0, 0, 0, 0, 0, 0, 0, 0, -0.0007095856097589845, 0, 0, 0, 0, 0, -0.007067712230275962, 0, -0.004443325667166304, -0.005010899413979562, 0, 0, 0, 0, 0, 0, 0, 0, 0.0007154389428337467, 0, 0, 0, 0, 0, 0, 0, 0, -0.0019574484353793594, 0, 0, -0.0035701562517956136, 0, 0, 0, 0, 0, 0, 0, -0.0014687685867118578, 0, 0, 0, 0.005084172365937383, 0, 0, 0, 0, -0.005372338489884492, 0.021316583030690495, 0, 0, 0, 0, 0, 0, 0, 0, 0, 0, 0, 0, 0, 0, 0, 0, 0, 0, 0, 0, 0, 0, 0.0013485246680407386, 0, 0, 0, 0, 0, 0.018267317428547626, 0, 0, 0, 0, 0, 0, 0, 0, 0.010169990044948571, 0, 0, 0, 0.0034822521409220344, 0, 0, 0.008582174225204818, 0, 0, 0.0005901445854234553, 0.0007280300796224966, 0, 0, 0, 0, 0.002114355701669532, 0, 0, 0.002890712186234534, 0, 0, -0.00413432904201219, 0, 0, 0, 0, 0, 0, -0.0004490089599370232, 0, 0, 0, 0, 0, 0, 0, 0, 0.009072582501035629, 0, -0.0017368998162754091, 0, 0, 0, 0, 0, 0, 0, 0, 0, 0, 0, 0, 0, 0, 0, 0, 0, 0, 0, 0, 0, 0, 0, 0, 0, 0, 0, 0, 0, 0, 0, -0.0037868888113153426, 0, 0, 0, 0, 0.000429295569999953, 0, 0, 0, 0, 0, -0.00391701646577287, 0, 0, 0, 0, 0, 0, 0, 0, 0, 0, 0, 0, 0, -0.0016200980527525948, 0, 0, 0, 0, 0, 0, 0, 0, 0, 0.00351734162597789, 0, 0, 0, 0, -0.003980117786495899, -0.0034979032874018303, -0.0037323449530957554, 0, 0, 0, 0, 0, 0.002406495121040197]
Start Date: 2024-04-21
End Date: 2025-11-19
Sharpe Ratio: 0.047
Annualized Sharpe: 0.74
Sharpe 95% CI: (np.float64(-0.762), np.float64(1.848))
Sortino Ratio: 0.066
CAGR: 0.026
Calmar Ratio: 1.1
Daily Win Rate (%): 0.47
Max Drawdown: 0.024
Profit Factor: 1.392
Expectancy: 0.000631
Average Win: 0.004766
Average Loss: 0.003035
Total Trades: 83
Total Days: 496



Rolling 2 - Variant 0 - atr_0.5_0.5 - Fit Metrics
Contracts: [5, 4, 4, 3, 4, 3, 3, 3, 3, 3, 4, 4, 5, 5, 7, 7, 5, 5, 5, 5, 5, 5, 5, 5, 6, 6, 6, 7, 4, 5, 4, 5, 7, 6, 5, 6, 6, 5, 3, 3, 4, 2, 5, 2, 3, 3, 3, 6, 4, 5, 5, 4, 4, 9, 7, 6, 6, 6, 6, 4, 5, 2, 3, 7, 6, 7, 6, 6, 5, 8, 5, 1, 1, 4, 4, 5, 3, 5, 5, 5, 6, 6, 6, 5, 5, 7, 6, 6, 6, 4, 6, 7, 7, 6, 6, 5, 6, 6, 6, 6, 6, 5]
Trade Returns: [0.00199, 0.0019481232347628218, 0.0017237026006636355, 0.0018576809948913774, -0.0034529210166603943, 0.001559496428763118, 0.0014528666826111511, 0.0014507589233069777, 0.002024021308003849, 0.002263290164266283, 0.002072054866904614, 0.002005172164671816, 0.001973425322100994, -0.004048495979835678, 0.0016055434323973216, 0.0020916800980548362, 0.002136083125821149, 0.002545183082854227, -0.0013203293833479286, 0.002080323830595537, 0.0016394619460510316, 0.00197656374148312, -0.004369908069221205, 0.001972754969825021, 0.0016193671652919527, 0.0022933023165648933, -0.004258080214120606, 0.0015588946933754715, 0.0015825178324160164]
Daily Returns: [0.003938123234762822, 0, 0, 0, 0, 0, 0, 0, 0.0017237026006636355, 0, 0, 0, 0, -0.0015952400217690169, 0.001559496428763118, 0, 0, 0.002903625605918129, 0, 0, 0, 0, 0, 0.002024021308003849, 0, 0, 0, 0, 0, 0, 0, 0, 0.002263290164266283, 0.002072054866904614, 0, 0, 0, 0, 0, 0, 0, 0, 0, 0, 0.002005172164671816, 0, 0, 0, 0, 0, 0, 0, 0, 0, 0, 0, 0, 0, 0, 0, 0, 0, 0, 0, 0, 0, 0, 0, 0, 0, 0, 0, 0, 0, 0, 0, 0, 0, 0, 0.001973425322100994, -0.004048495979835678, 0, 0, 0, 0, 0, 0, 0, 0, 0, 0, 0.0016055434323973216, 0.004227763223875985, 0, 0, 0.0012248536995062983, 0, 0, 0, 0, 0, 0, 0, 0, 0.002080323830595537, 0, 0, 0, 0.0016394619460510316, 0.00197656374148312, 0, 0, 0, 0, 0, 0, 0, -0.004369908069221205, 0, 0.001972754969825021, 0.0016193671652919527, 0.0022933023165648933, -0.004258080214120606, 0, 0, 0, 0, 0, 0, 0, 0, 0, 0, 0, 0, 0, 0, 0, 0, 0, 0, 0, 0, 0, 0, 0, 0, 0, 0, 0.003141412525791488]
Start Date: 2023-12-26
End Date: 2024-06-17
Sharpe Ratio: 0.182
Annualized Sharpe: 2.891
Sharpe 95% CI: (np.float64(0.311), np.float64(5.633))
Sortino Ratio: 0.141
CAGR: 0.048
Calmar Ratio: 10.978
Daily Win Rate (%): 0.828
Max Drawdown: 0.004
Profit Factor: 2.603
Expectancy: 0.000965
Average Win: 0.001893
Average Loss: 0.00349
Total Trades: 29
Total Days: 150

Rolling 2 - Variant 0 - atr_0.5_0.5 - Test Metrics
Contracts: [5, 4, 4, 3, 4, 3, 3, 3, 3, 3, 4, 4, 5, 5, 7, 7, 5, 5, 5, 5, 5, 5, 5, 5, 6, 6, 6, 7, 4, 5, 4, 5, 7, 6, 5, 6, 6, 5, 3, 3, 4, 2, 5, 2, 3, 3, 3, 6, 4, 5, 5, 4, 4, 9, 7, 6, 6, 6, 6, 4, 5, 2, 3, 7, 6, 7, 6, 6, 5, 8, 5, 1, 1, 4, 4, 5, 3, 5, 5, 5, 6, 6, 6, 5, 5, 7, 6, 6, 6, 4, 6, 7, 7, 6, 6, 5, 6, 6, 6, 6, 6, 5]
Trade Returns: [0.0003928626722402734, 0.0014392859284651453, 0.0017289106703730394, -0.0006479456651278156, 0.0018987854719755477, 0.0005227998838222261, 0.0021237795624719823, -0.004054236243523816, -0.001746260430666881, -0.0012843809206473074, 0.0023567036494423037, -0.003538044648416512, 0.0021293435204757286, 0.0013738556054472986, 0.0010278072472090557, -0.0038943288473425033, 0.0017712435119952225, 0.0019971638715780807, 0.0020543773779539572, 0.0016655491952267821, -0.004420215117135701, 0.0019005631586736565, 0.001449928864079859, -0.0041294074319667565, 0.0016469312471558732, 0.0006289680556054088, 0.0022532576166317975, 0.001702243029566548, -0.0040247807066437, 0.001995737915637791, 0.00018559457445191382, -0.0003523920293929861, -0.004867806405008428, -0.003364583232967533, 0.001759588693723166, 0.0017925962283697758, -0.005467949791446786, 0.0027593829648681085, -0.0019257950188422545, -0.0045620973900103775, -0.005143425036759506, 0.0005825616601730198, -0.002010778479564784, -0.0036676199723944696, -0.0015134496009459118, 0.0021377754299002206, 0.002605184316790413, 0.0020816847177767017, 0.0010995279307631787, 0.0017805299150245475, 0.0012670424577087749, -0.004484951574883094, 0.0020574732691062705, 0.0021417508665830813, 0.0006280032538418869, 0.0017308282577080695, 0.0025217619441061647, 0.0018045394713714891, 0.002444606465145838, -0.004387227256816148, -0.0004765960106570325, 0.001981552411475025, 0.0023413699891171634, -0.004031642164517073, 0.0020689149918190915, -0.004164379929482385, -0.0017228366897650686, 0.0019003521240700478, 0.002014193309707178, -0.004231266244516787, -0.0037195615390274387, -0.003969742527934403, 0.0017940969761310957]
Daily Returns: [0, 0, 0, 0, 0, 0, 0, 0.0003928626722402734, 0.0014392859284651453, 0, 0, 0, 0, 0, 0, 0, 0, 0, 0, 0, 0, 0.0017289106703730394, 0, 0, 0, -0.0006479456651278156, 0.0018987854719755477, 0.0005227998838222261, 0, 0, 0, 0, 0.0021237795624719823, -0.004054236243523816, 0, 0, 0, -0.001746260430666881, -0.0012843809206473074, 0.0023567036494423037, 0, 0, 0, 0, 0, 0, 0, -0.003538044648416512, 0, 0, 0, 0.0021293435204757286, 0, 0, 0, 0, 0, 0, 0, 0, 0, 0, 0, 0, 0, 0, 0, 0, 0, 0, 0, 0, 0, 0, 0, 0, 0, 0, 0, 0, 0, 0, 0, 0, 0, 0, 0, 0, 0, 0, 0.0013738556054472986, 0, 0, 0.0010278072472090557, 0, 0, 0, -0.0038943288473425033, 0, 0, 0.0017712435119952225, 0, 0, 0, 0, 0, 0, 0, 0, 0, 0.0019971638715780807, 0.0020543773779539572, 0, 0.0016655491952267821, 0, 0, 0, -0.004420215117135701, 0, 0.0019005631586736565, 0, 0, 0, 0, 0, 0, 0.001449928864079859, 0, 0, 0, 0, 0, 0, 0, 0, 0, 0, 0, 0, 0, 0, 0, 0, 0, 0, 0, 0, 0, 0, 0, 0, 0, 0, 0, 0, 0, 0, 0, -0.0041294074319667565, 0.002275899302761282, 0, 0, 0, 0, 0, 0, 0, 0, 0.0022532576166317975, 0, 0, 0, 0, 0, 0, 0, 0.001702243029566548, -0.0040247807066437, 0, 0, 0, 0, 0, 0, 0, 0.001995737915637791, 0, 0, 0, 0, 0, 0.00018559457445191382, 0, 0, 0, 0, 0, 0, -0.0003523920293929861, 0, 0, 0, 0, 0, 0, -0.004867806405008428, 0, 0, 0, 0, -0.003364583232967533, 0.001759588693723166, 0, 0, 0, 0, 0, 0, 0, 0, 0, 0, 0, 0, 0, 0, 0, 0, 0, 0, 0, 0, 0, 0, 0, 0, 0, 0, 0, 0.0017925962283697758, 0, 0, 0, 0, 0, -0.004634361845420932, 0, -0.0045620973900103775, -0.005143425036759506, 0, 0, 0, 0, 0, 0, 0, 0, 0.0005825616601730198, 0, 0, 0, 0, 0, 0, 0, 0, -0.002010778479564784, 0, 0, -0.0036676199723944696, 0, 0, 0, 0, 0, 0, 0, -0.0015134496009459118, 0, 0, 0, 0.0021377754299002206, 0, 0, 0, 0, 0.002605184316790413, 0.0020816847177767017, 0, 0, 0, 0, 0, 0, 0, 0, 0, 0, 0, 0, 0, 0, 0, 0, 0, 0, 0, 0, 0, 0, 0.0010995279307631787, 0, 0, 0, 0, 0, 0.0017805299150245475, 0, 0, 0, 0, 0, 0, 0, 0, 0.0012670424577087749, 0, 0, 0, -0.002427478305776824, 0, 0, 0.0021417508665830813, 0, 0, 0.0006280032538418869, 0.0017308282577080695, 0, 0, 0, 0, 0.0025217619441061647, 0, 0, 0.0042491459365173265, 0, 0, -0.004387227256816148, 0, 0, 0, 0, 0, 0, -0.0004765960106570325, 0, 0, 0, 0, 0, 0, 0, 0, 0.001981552411475025, 0, 0.0023413699891171634, 0, 0, 0, 0, 0, 0, 0, 0, 0, 0, 0, 0, 0, 0, 0, 0, 0, 0, 0, 0, 0, 0, 0, 0, 0, 0, 0, 0, 0, 0, 0, -0.004031642164517073, 0, 0, 0, 0, 0.0020689149918190915, 0, 0, 0, 0, 0, -0.004164379929482385, 0, 0, 0, 0, 0, 0, 0, 0, 0, 0, 0, 0, 0, -0.0017228366897650686, 0, 0, 0, 0, 0, 0, 0, 0, 0, 0.003914545433777226, 0, 0, 0, 0, -0.004231266244516787, -0.0037195615390274387, -0.003969742527934403, 0, 0, 0, 0, 0, 0.0017940969761310957]
Start Date: 2024-06-18
End Date: 2025-11-19
Sharpe Ratio: -0.03
Annualized Sharpe: -0.483
Sharpe 95% CI: (np.float64(-1.869), np.float64(1.062))
Sortino Ratio: -0.022
CAGR: -0.008
Calmar Ratio: -0.297
Daily Win Rate (%): 0.616
Max Drawdown: 0.028
Profit Factor: 0.845
Expectancy: -0.000195
Average Win: 0.001723
Average Loss: 0.003279
Total Trades: 73
Total Days: 446



Rolling 2 - Variant 1 - atr_0.5_1 - Fit Metrics
Contracts: [5, 4, 4, 3, 3, 3, 3, 3, 3, 3, 4, 4, 5, 5, 7, 7, 5, 5, 5, 5, 5, 5, 5, 6, 6, 6, 6, 7, 4, 5, 4, 5, 7, 6, 5, 6, 6, 5, 3, 4, 4, 2, 5, 2, 3, 3, 3, 6, 4, 5, 5, 4, 4, 10, 7, 6, 6, 6, 6, 5, 5, 2, 3, 7, 6, 7, 6, 7, 5, 8, 5, 1, 1, 4, 4, 5, 3, 5, 5, 6, 6, 6, 6, 5, 5, 7, 7, 6, 6, 4, 7, 7, 7, 6, 6, 5, 6, 6, 6, 6, 6, 5]
Trade Returns: [-0.00431, -0.00418604184033183, 0.001140622453967754, 0.0028874903549382714, -0.0034922791178539016, 0.003221019868987731, 0.0030002405002405004, 0.0029912659828916373, 0.0026948469121209524, 0.004643295149386494, 0.0022651478023882708, 0.004135877901777343, 0.00409702891997385, -0.004039372181748355, 0.0033044220770485962, 0.00173906622830537, 0.00023276609529059586, 0.0035294642389641227, -0.0013140629861308384, 0.00424729924013011, 0.004034728725187575, 0.004051840063889885, -0.004329403095062639, 0.004035988528078454, -0.003582082675850313, 0.004706584980541749, -0.004214779827929942, 0.0031754371499301062, 0.0032171746449782515]
Daily Returns: [-0.00849604184033183, 0, 0, 0, 0, 0, 0, 0, 0.001140622453967754, 0, 0, 0, 0, -0.0006047887629156302, 0.003221019868987731, 0, 0, 0.005991506483132137, 0, 0, 0, 0, 0, 0.0026948469121209524, 0, 0, 0, 0, 0, 0, 0, 0, 0.004643295149386494, 0.0022651478023882708, 0, 0, 0, 0, 0, 0, 0, 0, 0, 0, 0.004135877901777343, 0, 0, 0, 0, 0, 0, 0, 0, 0, 0, 0, 0, 0, 0, 0, 0, 0, 0, 0, 0, 0, 0, 0, 0, 0, 0, 0, 0, 0, 0, 0, 0, 0, 0, 0.00409702891997385, -0.004039372181748355, 0, 0, 0, 0, 0, 0, 0, 0, 0, 0, 0.0033044220770485962, 0.0019718323235959657, 0, 0, 0.0022154012528332843, 0, 0, 0, 0, 0, 0, 0, 0, 0.00424729924013011, 0, 0, 0, 0.004034728725187575, 0.004051840063889885, 0, 0, 0, 0, 0, 0, 0, -0.004329403095062639, 0, 0.004035988528078454, -0.003582082675850313, 0.004706584980541749, -0.004214779827929942, 0, 0, 0, 0, 0, 0, 0, 0, 0, 0, 0, 0, 0, 0, 0, 0, 0, 0, 0, 0, 0, 0, 0, 0, 0, 0, 0.006392611794908357]
Start Date: 2023-12-26
End Date: 2024-06-17
Sharpe Ratio: 0.155
Annualized Sharpe: 2.466
Sharpe 95% CI: (np.float64(0.031), np.float64(5.099))
Sortino Ratio: 0.1
CAGR: 0.065
Calmar Ratio: 15.095
Daily Win Rate (%): 0.724
Max Drawdown: 0.004
Profit Factor: 2.286
Expectancy: 0.001306
Average Win: 0.003207
Average Loss: 0.003684
Total Trades: 29
Total Days: 150

Rolling 2 - Variant 1 - atr_0.5_1 - Test Metrics
Contracts: [5, 4, 4, 3, 3, 3, 3, 3, 3, 3, 4, 4, 5, 5, 7, 7, 5, 5, 5, 5, 5, 5, 5, 6, 6, 6, 6, 7, 4, 5, 4, 5, 7, 6, 5, 6, 6, 5, 3, 4, 4, 2, 5, 2, 3, 3, 3, 6, 4, 5, 5, 4, 4, 10, 7, 6, 6, 6, 6, 5, 5, 2, 3, 7, 6, 7, 6, 7, 5, 8, 5, 1, 1, 4, 4, 5, 3, 5, 5, 6, 6, 6, 6, 5, 5, 7, 7, 6, 6, 4, 7, 7, 7, 6, 6, 5, 6, 6, 6, 6, 6, 5]
Trade Returns: [0.00038821954484603946, 0.0014222820362337592, 0.0035220207426977725, -0.0006391575295039876, 0.0038716603598321904, 0.0005166178749784526, 0.004364597218453991, -0.003991353647206052, -0.0017190667923127395, -0.0016857939441093995, 0.0022080339989751178, -0.0034842539990601685, 0.004294579456415279, -0.0007466709333577231, 0.00206642462534073, -0.003832592073597953, -0.0036753252462162116, 0.0021493779130233744, 0.004170382214569048, 0.0011951849486756636, -0.004363586255468837, 0.0006074283100037554, 0.002950770543010939, -0.004056625631948586, 0.0033881639124336855, 0.0006178371884593855, 0.005152486793161175, -0.0037302047417081137, -0.003982382370092999, 0.004057167790680763, 0.0002297037587191392, -0.00034756514472387143, -0.004801106515407429, -0.0033198208133370984, 0.0035967240029781793, -0.0006974962552455636, -0.005396170794186434, 0.0004527348609646718, -0.0022167703830319927, -0.004501884801984694, -0.005076248891064273, 0.0007243008753582734, -0.001981677226580802, -0.0036144344689845076, -0.0014881817441955159, 0.004320360574958257, 0.005229983427065505, 0.004189245800618928, 0.002191250138287487, 0.0035604553113301775, 0.003102873522338191, -0.004381181999206558, 0.004146366347058949, 0.004301776112106893, 0.0006108164134005757, 0.0007535162501978821, 0.0021883172831316197, 0.0042472496538291825, 0.003454643597829539, -0.004258138310221231, -0.0004625127712287051, 0.004632957146568711, 0.004677660490191637, -0.0038930537549555643, 0.0004413778533946564, -0.004027210063500203, -0.001665858977465463, 0.003799945390006371, 0.0032755298651252485, -0.004078220495034963, -0.0035844733319721402, -0.003825049520730401, 0.002466497535407091]
Daily Returns: [0, 0, 0, 0, 0, 0, 0, 0.00038821954484603946, 0.0014222820362337592, 0, 0, 0, 0, 0, 0, 0, 0, 0, 0, 0, 0, 0.0035220207426977725, 0, 0, 0, -0.0006391575295039876, 0.0038716603598321904, 0.0005166178749784526, 0, 0, 0, 0, 0.004364597218453991, -0.003991353647206052, 0, 0, 0, -0.0017190667923127395, -0.0016857939441093995, 0.0022080339989751178, 0, 0, 0, 0, 0, 0, 0, -0.0034842539990601685, 0, 0, 0, 0.004294579456415279, 0, 0, 0, 0, 0, 0, 0, 0, 0, 0, 0, 0, 0, 0, 0, 0, 0, 0, 0, 0, 0, 0, 0, 0, 0, 0, 0, 0, 0, 0, 0, 0, 0, 0, 0, 0, 0, 0, -0.0007466709333577231, 0, 0, 0.00206642462534073, 0, 0, 0, -0.003832592073597953, 0, 0, -0.0036753252462162116, 0, 0, 0, 0, 0, 0, 0, 0, 0, 0.0021493779130233744, 0.004170382214569048, 0, 0.0011951849486756636, 0, 0, 0, -0.004363586255468837, 0, 0.0006074283100037554, 0, 0, 0, 0, 0, 0, 0.002950770543010939, 0, 0, 0, 0, 0, 0, 0, 0, 0, 0, 0, 0, 0, 0, 0, 0, 0, 0, 0, 0, 0, 0, 0, 0, 0, 0, 0, 0, 0, 0, 0, -0.004056625631948586, 0.004006001100893071, 0, 0, 0, 0, 0, 0, 0, 0, 0.005152486793161175, 0, 0, 0, 0, 0, 0, 0, -0.0037302047417081137, -0.003982382370092999, 0, 0, 0, 0, 0, 0, 0, 0.004057167790680763, 0, 0, 0, 0, 0, 0.0002297037587191392, 0, 0, 0, 0, 0, 0, -0.00034756514472387143, 0, 0, 0, 0, 0, 0, -0.004801106515407429, 0, 0, 0, 0, -0.0033198208133370984, 0.0035967240029781793, 0, 0, 0, 0, 0, 0, 0, 0, 0, 0, 0, 0, 0, 0, 0, 0, 0, 0, 0, 0, 0, 0, 0, 0, 0, 0, 0, -0.0006974962552455636, 0, 0, 0, 0, 0, -0.007160206316253755, 0, -0.004501884801984694, -0.005076248891064273, 0, 0, 0, 0, 0, 0, 0, 0, 0.0007243008753582734, 0, 0, 0, 0, 0, 0, 0, 0, -0.001981677226580802, 0, 0, -0.0036144344689845076, 0, 0, 0, 0, 0, 0, 0, -0.0014881817441955159, 0, 0, 0, 0.004320360574958257, 0, 0, 0, 0, 0.005229983427065505, 0.004189245800618928, 0, 0, 0, 0, 0, 0, 0, 0, 0, 0, 0, 0, 0, 0, 0, 0, 0, 0, 0, 0, 0, 0, 0.002191250138287487, 0, 0, 0, 0, 0, 0.0035604553113301775, 0, 0, 0, 0, 0, 0, 0, 0, 0.003102873522338191, 0, 0, 0, -0.00023481565214760955, 0, 0, 0.004301776112106893, 0, 0, 0.0006108164134005757, 0.0007535162501978821, 0, 0, 0, 0, 0.0021883172831316197, 0, 0, 0.007701893251658721, 0, 0, -0.004258138310221231, 0, 0, 0, 0, 0, 0, -0.0004625127712287051, 0, 0, 0, 0, 0, 0, 0, 0, 0.004632957146568711, 0, 0.004677660490191637, 0, 0, 0, 0, 0, 0, 0, 0, 0, 0, 0, 0, 0, 0, 0, 0, 0, 0, 0, 0, 0, 0, 0, 0, 0, 0, 0, 0, 0, 0, 0, -0.0038930537549555643, 0, 0, 0, 0, 0.0004413778533946564, 0, 0, 0, 0, 0, -0.004027210063500203, 0, 0, 0, 0, 0, 0, 0, 0, 0, 0, 0, 0, 0, -0.001665858977465463, 0, 0, 0, 0, 0, 0, 0, 0, 0, 0.007075475255131619, 0, 0, 0, 0, -0.004078220495034963, -0.0035844733319721402, -0.003825049520730401, 0, 0, 0, 0, 0, 0.002466497535407091]
Start Date: 2024-06-18
End Date: 2025-11-19
Sharpe Ratio: 0.023
Annualized Sharpe: 0.365
Sharpe 95% CI: (np.float64(-1.128), np.float64(1.798))
Sortino Ratio: 0.019
CAGR: 0.008
Calmar Ratio: 0.243
Daily Win Rate (%): 0.562
Max Drawdown: 0.032
Profit Factor: 1.141
Expectancy: 0.000192
Average Win: 0.002769
Average Loss: 0.00311
Total Trades: 73
Total Days: 446



Rolling 2 - Variant 2 - atr_0.5_2 - Fit Metrics
Contracts: [5, 4, 4, 3, 3, 3, 3, 3, 3, 3, 4, 4, 5, 5, 7, 8, 5, 5, 5, 5, 5, 5, 5, 6, 6, 6, 6, 7, 4, 5, 4, 5, 7, 6, 5, 6, 6, 5, 3, 4, 4, 2, 5, 2, 3, 3, 3, 6, 4, 5, 5, 4, 4, 9, 7, 6, 6, 6, 6, 4, 5, 2, 3, 7, 6, 7, 6, 6, 5, 8, 5, 1, 1, 4, 4, 5, 3, 5, 5, 5, 6, 6, 6, 5, 5, 7, 7, 6, 6, 4, 6, 7, 7, 6, 6, 5, 6, 6, 6, 6, 6, 5]
Trade Returns: [-0.00431, -0.00418604184033183, 0.001140622453967754, 0.0049672067901234615, -0.0034850520658380926, -0.000999211465650608, 0.0027656433585394446, 0.0028481469018891478, 0.0026948469121209524, 0.00939758603992181, 0.0022708480628887144, 0.008361846342947982, 0.004798577854892332, -0.0045636668137781135, -0.003509399552430042, 0.0017462460587518908, 0.00023372540770479416, 0.0035440070257018418, -0.0013194583235505853, 0.008150648068811306, 0.008198458982651032, -0.004220610129851526, -0.004312487096946853, 0.0014859582702985044, -0.0035771110898111776, 0.009548196943345702, -0.0041865790238150855, 0.0036893969855949444, 0.002890493023539601]
Daily Returns: [-0.00849604184033183, 0, 0, 0, 0, 0, 0, 0, 0.001140622453967754, 0, 0, 0, 0, 0.001482154724285369, -0.000999211465650608, 0, 0, 0.005613790260428592, 0, 0, 0, 0, 0, 0.0026948469121209524, 0, 0, 0, 0, 0, 0, 0, 0, 0.00939758603992181, 0.0022708480628887144, 0, 0, 0, 0, 0, 0, 0, 0, 0, 0, 0.008361846342947982, 0, 0, 0, 0, 0, 0, 0, 0, 0, 0, 0, 0, 0, 0, 0, 0, 0, 0, 0, 0, 0, 0, 0, 0, 0, 0, 0, 0, 0, 0, 0, 0, 0, 0, 0.004798577854892332, -0.0045636668137781135, 0, 0, 0, 0, 0, 0, 0, 0, 0, 0, -0.003509399552430042, 0.001979971466456685, 0, 0, 0.002224548702151256, 0, 0, 0, 0, 0, 0, 0, 0, 0.008150648068811306, 0, 0, 0, 0.008198458982651032, -0.004220610129851526, 0, 0, 0, 0, 0, 0, 0, -0.004312487096946853, 0, 0.0014859582702985044, -0.0035771110898111776, 0.009548196943345702, -0.0041865790238150855, 0, 0, 0, 0, 0, 0, 0, 0, 0, 0, 0, 0, 0, 0, 0, 0, 0, 0, 0, 0, 0, 0, 0, 0, 0, 0, 0.006579890009134545]
Start Date: 2023-12-26
End Date: 2024-06-17
Sharpe Ratio: 0.126
Annualized Sharpe: 1.999
Sharpe 95% CI: (np.float64(-0.419), np.float64(4.124))
Sortino Ratio: 0.13
CAGR: 0.069
Calmar Ratio: 6.515
Daily Win Rate (%): 0.621
Max Drawdown: 0.011
Profit Factor: 2.036
Expectancy: 0.001381
Average Win: 0.004374
Average Loss: 0.003515
Total Trades: 29
Total Days: 150

Rolling 2 - Variant 2 - atr_0.5_2 - Test Metrics
Contracts: [5, 4, 4, 3, 3, 3, 3, 3, 3, 3, 4, 4, 5, 5, 7, 8, 5, 5, 5, 5, 5, 5, 5, 6, 6, 6, 6, 7, 4, 5, 4, 5, 7, 6, 5, 6, 6, 5, 3, 4, 4, 2, 5, 2, 3, 3, 3, 6, 4, 5, 5, 4, 4, 9, 7, 6, 6, 6, 6, 4, 5, 2, 3, 7, 6, 7, 6, 6, 5, 8, 5, 1, 1, 4, 4, 5, 3, 5, 5, 5, 6, 6, 6, 5, 5, 7, 7, 6, 6, 4, 6, 7, 7, 6, 6, 5, 6, 6, 6, 6, 6, 5]
Trade Returns: [0.00038573795661491964, 0.001413193989366833, -0.0037081927349770787, -0.0006396880759096714, -0.0018974319896365294, 0.0005133138400818046, 0.008780874688420578, -0.0040177583008222575, -0.0017304850915738938, -0.0016970106504695102, 0.002203151928646299, -0.003507476462986894, 0.0003764289823291135, -0.0007564340310408197, -0.0003512103248116521, -0.0038826824262811126, -0.00372354741956034, 0.002177798939981728, 0.00855790949450892, 0.0012108244227341395, -0.004401926808313464, 0.0006127890628787778, 0.0008837363442385626, -0.00412318597190211, 0.007062418718033955, 0.0006280165145083181, -0.003938448669466504, -0.0037916676359068605, -0.004034828578092203, 0.004951284804905792, 0.00018680240975105927, -0.00035171272565833286, -0.004858419465977606, -0.003346924222645234, 0.007407249985993073, -0.000708980811027607, -0.005438951258629107, 0.0004564327289114889, -0.0019156535436705671, -0.004537770610826771, -0.0051162871364401055, 0.0007306942376749037, -0.0019991566058069335, -0.0036463794425577872, -0.0015000791057340976, 0.005193117205415756, -0.005487035533690008, 0.008644767899291899, 0.0013773188453998796, 0.007275148919859145, 0.005353016312561552, -0.004434185514218102, 0.008522096272021263, 0.008797823919880689, 0.0006128131570985102, 0.0007559779675484143, 0.0021954610563839154, -0.0004808747340400918, 0.0034822916686554225, -0.0042920986193368945, -0.00046621739105515527, 0.008132024002278651, -0.0018051807930280586, -0.00393602814488079, 0.00044626935979419027, -0.004071821129625359, -0.0016843878302979182, 0.0003336113427856449, 0.0033235008308752164, -0.00413774922488839, -0.0036370123554834294, -0.0038813194175710566, 0.0025029232984470234]
Daily Returns: [0, 0, 0, 0, 0, 0, 0, 0.00038573795661491964, 0.001413193989366833, 0, 0, 0, 0, 0, 0, 0, 0, 0, 0, 0, 0, -0.0037081927349770787, 0, 0, 0, -0.0006396880759096714, -0.0018974319896365294, 0.0005133138400818046, 0, 0, 0, 0, 0.008780874688420578, -0.0040177583008222575, 0, 0, 0, -0.0017304850915738938, -0.0016970106504695102, 0.002203151928646299, 0, 0, 0, 0, 0, 0, 0, -0.003507476462986894, 0, 0, 0, 0.0003764289823291135, 0, 0, 0, 0, 0, 0, 0, 0, 0, 0, 0, 0, 0, 0, 0, 0, 0, 0, 0, 0, 0, 0, 0, 0, 0, 0, 0, 0, 0, 0, 0, 0, 0, 0, 0, 0, 0, 0, -0.0007564340310408197, 0, 0, -0.0003512103248116521, 0, 0, 0, -0.0038826824262811126, 0, 0, -0.00372354741956034, 0, 0, 0, 0, 0, 0, 0, 0, 0, 0.002177798939981728, 0.00855790949450892, 0, 0.0012108244227341395, 0, 0, 0, -0.004401926808313464, 0, 0.0006127890628787778, 0, 0, 0, 0, 0, 0, 0.0008837363442385626, 0, 0, 0, 0, 0, 0, 0, 0, 0, 0, 0, 0, 0, 0, 0, 0, 0, 0, 0, 0, 0, 0, 0, 0, 0, 0, 0, 0, 0, 0, 0, -0.00412318597190211, 0.0076904352325422734, 0, 0, 0, 0, 0, 0, 0, 0, -0.003938448669466504, 0, 0, 0, 0, 0, 0, 0, -0.0037916676359068605, -0.004034828578092203, 0, 0, 0, 0, 0, 0, 0, 0.004951284804905792, 0, 0, 0, 0, 0, 0.00018680240975105927, 0, 0, 0, 0, 0, 0, -0.00035171272565833286, 0, 0, 0, 0, 0, 0, -0.004858419465977606, 0, 0, 0, 0, -0.003346924222645234, 0.007407249985993073, 0, 0, 0, 0, 0, 0, 0, 0, 0, 0, 0, 0, 0, 0, 0, 0, 0, 0, 0, 0, 0, 0, 0, 0, 0, 0, 0, -0.000708980811027607, 0, 0, 0, 0, 0, -0.0068981720733881854, 0, -0.004537770610826771, -0.0051162871364401055, 0, 0, 0, 0, 0, 0, 0, 0, 0.0007306942376749037, 0, 0, 0, 0, 0, 0, 0, 0, -0.0019991566058069335, 0, 0, -0.0036463794425577872, 0, 0, 0, 0, 0, 0, 0, -0.0015000791057340976, 0, 0, 0, 0.005193117205415756, 0, 0, 0, 0, -0.005487035533690008, 0.008644767899291899, 0, 0, 0, 0, 0, 0, 0, 0, 0, 0, 0, 0, 0, 0, 0, 0, 0, 0, 0, 0, 0, 0, 0.0013773188453998796, 0, 0, 0, 0, 0, 0.007275148919859145, 0, 0, 0, 0, 0, 0, 0, 0, 0.005353016312561552, 0, 0, 0, 0.004087910757803161, 0, 0, 0.008797823919880689, 0, 0, 0.0006128131570985102, 0.0007559779675484143, 0, 0, 0, 0, 0.0021954610563839154, 0, 0, 0.0030014169346153307, 0, 0, -0.0042920986193368945, 0, 0, 0, 0, 0, 0, -0.00046621739105515527, 0, 0, 0, 0, 0, 0, 0, 0, 0.008132024002278651, 0, -0.0018051807930280586, 0, 0, 0, 0, 0, 0, 0, 0, 0, 0, 0, 0, 0, 0, 0, 0, 0, 0, 0, 0, 0, 0, 0, 0, 0, 0, 0, 0, 0, 0, 0, -0.00393602814488079, 0, 0, 0, 0, 0.00044626935979419027, 0, 0, 0, 0, 0, -0.004071821129625359, 0, 0, 0, 0, 0, 0, 0, 0, 0, 0, 0, 0, 0, -0.0016843878302979182, 0, 0, 0, 0, 0, 0, 0, 0, 0, 0.0036571121736608614, 0, 0, 0, 0, -0.00413774922488839, -0.0036370123554834294, -0.0038813194175710566, 0, 0, 0, 0, 0, 0.0025029232984470234]
Start Date: 2024-06-18
End Date: 2025-11-19
Sharpe Ratio: -0.003
Annualized Sharpe: -0.055
Sharpe 95% CI: (np.float64(-1.58), np.float64(1.314))
Sortino Ratio: -0.003
CAGR: -0.002
Calmar Ratio: -0.047
Daily Win Rate (%): 0.466
Max Drawdown: 0.036
Profit Factor: 0.979
Expectancy: -3.4e-05
Average Win: 0.003397
Average Loss: 0.003024
Total Trades: 73
Total Days: 446



Rolling 2 - Variant 3 - atr_0.25_5 - Fit Metrics
Contracts: [5, 4, 4, 3, 3, 3, 3, 3, 3, 3, 4, 4, 5, 5, 7, 7, 5, 5, 5, 5, 5, 5, 5, 5, 6, 6, 6, 7, 4, 5, 4, 5, 7, 6, 5, 6, 6, 5, 3, 4, 4, 2, 5, 2, 3, 3, 3, 6, 4, 5, 5, 4, 4, 9, 7, 6, 6, 6, 6, 4, 5, 2, 3, 7, 6, 7, 6, 6, 5, 8, 5, 1, 1, 4, 4, 5, 3, 5, 5, 5, 6, 6, 6, 5, 5, 7, 7, 6, 6, 4, 7, 7, 7, 6, 6, 5, 6, 6, 6, 6, 6, 5]
Trade Returns: [-0.00221, -0.0021327132963850108, -0.0018691139438304215, -0.0015414443815556548, -0.0017850466162511612, -0.001697618501020988, 0.0027776937274955307, -0.0016052720513687062, 0.0026836416374231326, 0.011772013725975026, 0.0022908884295022953, 0.010546703857675012, -0.0022543933508976845, -0.0021233734414983405, -0.001816126027429362, 0.0017509571573063607, 0.00023435486012924383, -0.0027920744136643743, -0.0013314171369049257, 0.008224619354029197, 0.00864367261773966, -0.002153223794974123, -0.002267232703675, 0.0014956001530381624, -0.0018638142205552087, 0.012029165361880133, -0.0021503943975565436, 0.0036978391707366267, 0.0028911710577757487]
Daily Returns: [-0.004342713296385011, 0, 0, 0, 0, 0, 0, 0, -0.0018691139438304215, 0, 0, 0, 0, -0.003326490997806816, -0.001697618501020988, 0, 0, 0.0011724216761268245, 0, 0, 0, 0, 0, 0.0026836416374231326, 0, 0, 0, 0, 0, 0, 0, 0, 0.011772013725975026, 0.0022908884295022953, 0, 0, 0, 0, 0, 0, 0, 0, 0, 0, 0.010546703857675012, 0, 0, 0, 0, 0, 0, 0, 0, 0, 0, 0, 0, 0, 0, 0, 0, 0, 0, 0, 0, 0, 0, 0, 0, 0, 0, 0, 0, 0, 0, 0, 0, 0, 0, -0.0022543933508976845, -0.0021233734414983405, 0, 0, 0, 0, 0, 0, 0, 0, 0, 0, -0.001816126027429362, 0.0019853120174356045, 0, 0, -0.0041234915505693, 0, 0, 0, 0, 0, 0, 0, 0, 0.008224619354029197, 0, 0, 0, 0.00864367261773966, -0.002153223794974123, 0, 0, 0, 0, 0, 0, 0, -0.002267232703675, 0, 0.0014956001530381624, -0.0018638142205552087, 0.012029165361880133, -0.0021503943975565436, 0, 0, 0, 0, 0, 0, 0, 0, 0, 0, 0, 0, 0, 0, 0, 0, 0, 0, 0, 0, 0, 0, 0, 0, 0, 0, 0.006589010228512375]
Start Date: 2023-12-26
End Date: 2024-06-17
Sharpe Ratio: 0.117
Annualized Sharpe: 1.862
Sharpe 95% CI: (np.float64(-0.65), np.float64(3.614))
Sortino Ratio: 0.274
CAGR: 0.064
Calmar Ratio: 7.736
Daily Win Rate (%): 0.448
Max Drawdown: 0.008
Profit Factor: 2.185
Expectancy: 0.001291
Average Win: 0.005311
Average Loss: 0.001975
Total Trades: 29
Total Days: 150

Rolling 2 - Variant 3 - atr_0.25_5 - Test Metrics
Contracts: [5, 4, 4, 3, 3, 3, 3, 3, 3, 3, 4, 4, 5, 5, 7, 7, 5, 5, 5, 5, 5, 5, 5, 5, 6, 6, 6, 7, 4, 5, 4, 5, 7, 6, 5, 6, 6, 5, 3, 4, 4, 2, 5, 2, 3, 3, 3, 6, 4, 5, 5, 4, 4, 9, 7, 6, 6, 6, 6, 4, 5, 2, 3, 7, 6, 7, 6, 6, 5, 8, 5, 1, 1, 4, 4, 5, 3, 5, 5, 5, 6, 6, 6, 5, 5, 7, 7, 6, 6, 4, 7, 7, 7, 6, 6, 5, 6, 6, 6, 6, 6, 5]
Trade Returns: [0.00038582813352313174, 0.0014135242351009764, -0.0019067024861123764, -0.0006386824892650215, -0.00212269399540083, 0.0005134339029913966, 0.01117229662790858, -0.00205858975165402, -0.0015242068107978021, -0.0020736370714276157, 0.0022173345492909834, -0.001771238083919114, -0.0023165369982678843, -0.0014490296126158072, -0.00109842629309931, -0.001971694713044216, -0.001888687188598355, 0.002163813896493685, -0.002234595799346841, 0.001209920187720944, -0.0022880766001508587, 0.0006141443666830836, 0.0008856897017206856, -0.0021000603332250434, 0.0061834808833544615, 0.0006278558721964229, -0.002637252599896374, -0.001991034522908541, -0.0021012224238742216, 0.004959080280592394, -0.002107784803727124, -0.0019655198252358915, -0.0025064972567138324, -0.002389052110715943, -0.0019801292294865562, -0.002045061061340213, -0.0028183653091929713, 0.0004602395566229289, -0.0019297688152459622, -0.002352022641877715, -0.002630414188318244, 0.0007307199349776448, -0.0023116060585945284, -0.001886445381144157, -0.0015682575243934798, -0.00236251347907068, -0.0028147002147439126, 0.010747764090032513, 0.0013773673501330484, 0.009167321059826079, 0.006727700942464001, -0.0022812493331807334, 0.010662394450266465, 0.011127035579965952, 0.0006088291644390767, 0.00075106622882988, 0.0021812074161051773, -0.00047775953528413404, 0.0034597219324368463, -0.0022229195098991757, -0.00046224552815343734, 0.009340161557502315, -0.0025106001029026825, -0.002055703541947083, 0.0004414153208844233, -0.002047715929382084, -0.0027491162205414725, 0.00032966658203960336, 0.0032842153111860384, -0.0021067972528572023, -0.0018842296035929006, -0.0020015087130071533, 0.0024594242478339933]
Daily Returns: [0, 0, 0, 0, 0, 0, 0, 0.00038582813352313174, 0.0014135242351009764, 0, 0, 0, 0, 0, 0, 0, 0, 0, 0, 0, 0, -0.0019067024861123764, 0, 0, 0, -0.0006386824892650215, -0.00212269399540083, 0.0005134339029913966, 0, 0, 0, 0, 0.01117229662790858, -0.00205858975165402, 0, 0, 0, -0.0015242068107978021, -0.0020736370714276157, 0.0022173345492909834, 0, 0, 0, 0, 0, 0, 0, -0.001771238083919114, 0, 0, 0, -0.0023165369982678843, 0, 0, 0, 0, 0, 0, 0, 0, 0, 0, 0, 0, 0, 0, 0, 0, 0, 0, 0, 0, 0, 0, 0, 0, 0, 0, 0, 0, 0, 0, 0, 0, 0, 0, 0, 0, 0, 0, -0.0014490296126158072, 0, 0, -0.00109842629309931, 0, 0, 0, -0.001971694713044216, 0, 0, -0.001888687188598355, 0, 0, 0, 0, 0, 0, 0, 0, 0, 0.002163813896493685, -0.002234595799346841, 0, 0.001209920187720944, 0, 0, 0, -0.0022880766001508587, 0, 0.0006141443666830836, 0, 0, 0, 0, 0, 0, 0.0008856897017206856, 0, 0, 0, 0, 0, 0, 0, 0, 0, 0, 0, 0, 0, 0, 0, 0, 0, 0, 0, 0, 0, 0, 0, 0, 0, 0, 0, 0, 0, 0, 0, -0.0021000603332250434, 0.006811336755550884, 0, 0, 0, 0, 0, 0, 0, 0, -0.002637252599896374, 0, 0, 0, 0, 0, 0, 0, -0.001991034522908541, -0.0021012224238742216, 0, 0, 0, 0, 0, 0, 0, 0.004959080280592394, 0, 0, 0, 0, 0, -0.002107784803727124, 0, 0, 0, 0, 0, 0, -0.0019655198252358915, 0, 0, 0, 0, 0, 0, -0.0025064972567138324, 0, 0, 0, 0, -0.002389052110715943, -0.0019801292294865562, 0, 0, 0, 0, 0, 0, 0, 0, 0, 0, 0, 0, 0, 0, 0, 0, 0, 0, 0, 0, 0, 0, 0, 0, 0, 0, 0, -0.002045061061340213, 0, 0, 0, 0, 0, -0.004287894567816005, 0, -0.002352022641877715, -0.002630414188318244, 0, 0, 0, 0, 0, 0, 0, 0, 0.0007307199349776448, 0, 0, 0, 0, 0, 0, 0, 0, -0.0023116060585945284, 0, 0, -0.001886445381144157, 0, 0, 0, 0, 0, 0, 0, -0.0015682575243934798, 0, 0, 0, -0.00236251347907068, 0, 0, 0, 0, -0.0028147002147439126, 0.010747764090032513, 0, 0, 0, 0, 0, 0, 0, 0, 0, 0, 0, 0, 0, 0, 0, 0, 0, 0, 0, 0, 0, 0, 0.0013773673501330484, 0, 0, 0, 0, 0, 0.009167321059826079, 0, 0, 0, 0, 0, 0, 0, 0, 0.006727700942464001, 0, 0, 0, 0.008381145117085731, 0, 0, 0.011127035579965952, 0, 0, 0.0006088291644390767, 0.00075106622882988, 0, 0, 0, 0, 0.0021812074161051773, 0, 0, 0.002981962397152712, 0, 0, -0.0022229195098991757, 0, 0, 0, 0, 0, 0, -0.00046224552815343734, 0, 0, 0, 0, 0, 0, 0, 0, 0.009340161557502315, 0, -0.0025106001029026825, 0, 0, 0, 0, 0, 0, 0, 0, 0, 0, 0, 0, 0, 0, 0, 0, 0, 0, 0, 0, 0, 0, 0, 0, 0, 0, 0, 0, 0, 0, 0, -0.002055703541947083, 0, 0, 0, 0, 0.0004414153208844233, 0, 0, 0, 0, 0, -0.002047715929382084, 0, 0, 0, 0, 0, 0, 0, 0, 0, 0, 0, 0, 0, -0.0027491162205414725, 0, 0, 0, 0, 0, 0, 0, 0, 0, 0.0036138818932256417, 0, 0, 0, 0, -0.0021067972528572023, -0.0018842296035929006, -0.0020015087130071533, 0, 0, 0, 0, 0, 0.0024594242478339933]
Start Date: 2024-06-18
End Date: 2025-11-19
Sharpe Ratio: 0.027
Annualized Sharpe: 0.425
Sharpe 95% CI: (np.float64(-1.253), np.float64(1.636))
Sortino Ratio: 0.066
CAGR: 0.01
Calmar Ratio: 0.229
Daily Win Rate (%): 0.397
Max Drawdown: 0.042
Profit Factor: 1.198
Expectancy: 0.000241
Average Win: 0.003662
Average Loss: 0.002015
Total Trades: 73
Total Days: 446



Rolling 2 - Variant 4 - atr_0.5_3 - Fit Metrics
Contracts: [5, 4, 4, 3, 3, 3, 3, 3, 3, 3, 4, 4, 5, 5, 7, 8, 5, 5, 5, 5, 5, 5, 5, 6, 6, 6, 6, 7, 4, 5, 4, 5, 7, 6, 5, 6, 6, 5, 3, 4, 4, 2, 5, 2, 3, 3, 3, 6, 4, 5, 5, 4, 4, 9, 7, 6, 6, 6, 6, 4, 5, 2, 3, 7, 6, 7, 6, 7, 5, 8, 5, 1, 1, 4, 4, 5, 3, 5, 5, 6, 6, 6, 6, 5, 5, 7, 7, 6, 6, 4, 7, 7, 7, 6, 6, 5, 6, 6, 6, 6, 6, 5]
Trade Returns: [-0.00431, -0.00418604184033183, 0.001140622453967754, 0.0049672067901234615, -0.0034850520658380926, -0.000999211465650608, 0.0027656433585394446, 0.0028481469018891478, 0.0026948469121209524, 0.010593207673499675, 0.0022708480628887144, 0.009778402126458112, 0.0047768398447815535, -0.0045430912589619595, -0.003493437949380957, 0.0017382758634083978, 0.00023266049211575351, 0.003527863336001847, -0.0013134690455908976, 0.008113602033139102, 0.009773074355176619, -0.004201494421456148, -0.004286349421076833, 0.0014769132132212428, -0.0035553692553921207, -0.0008834091178528918, -0.004204420647995608, 0.003705178062896145, 0.002902863226505674]
Daily Returns: [-0.00849604184033183, 0, 0, 0, 0, 0, 0, 0, 0.001140622453967754, 0, 0, 0, 0, 0.001482154724285369, -0.000999211465650608, 0, 0, 0.005613790260428592, 0, 0, 0, 0, 0, 0.0026948469121209524, 0, 0, 0, 0, 0, 0, 0, 0, 0.010593207673499675, 0.0022708480628887144, 0, 0, 0, 0, 0, 0, 0, 0, 0, 0, 0.009778402126458112, 0, 0, 0, 0, 0, 0, 0, 0, 0, 0, 0, 0, 0, 0, 0, 0, 0, 0, 0, 0, 0, 0, 0, 0, 0, 0, 0, 0, 0, 0, 0, 0, 0, 0, 0.0047768398447815535, -0.0045430912589619595, 0, 0, 0, 0, 0, 0, 0, 0, 0, 0, -0.003493437949380957, 0.0019709363555241513, 0, 0, 0.0022143942904109494, 0, 0, 0, 0, 0, 0, 0, 0, 0.008113602033139102, 0, 0, 0, 0.009773074355176619, -0.004201494421456148, 0, 0, 0, 0, 0, 0, 0, -0.004286349421076833, 0, 0.0014769132132212428, -0.0035553692553921207, -0.0008834091178528918, -0.004204420647995608, 0, 0, 0, 0, 0, 0, 0, 0, 0, 0, 0, 0, 0, 0, 0, 0, 0, 0, 0, 0, 0, 0, 0, 0, 0, 0, 0.006608041289401819]
Start Date: 2023-12-26
End Date: 2024-06-17
Sharpe Ratio: 0.107
Annualized Sharpe: 1.702
Sharpe 95% CI: (np.float64(-0.837), np.float64(3.865))
Sortino Ratio: 0.101
CAGR: 0.058
Calmar Ratio: 3.721
Daily Win Rate (%): 0.586
Max Drawdown: 0.016
Profit Factor: 1.858
Expectancy: 0.001167
Average Win: 0.004312
Average Loss: 0.003288
Total Trades: 29
Total Days: 150

Rolling 2 - Variant 4 - atr_0.5_3 - Test Metrics
Contracts: [5, 4, 4, 3, 3, 3, 3, 3, 3, 3, 4, 4, 5, 5, 7, 8, 5, 5, 5, 5, 5, 5, 5, 6, 6, 6, 6, 7, 4, 5, 4, 5, 7, 6, 5, 6, 6, 5, 3, 4, 4, 2, 5, 2, 3, 3, 3, 6, 4, 5, 5, 4, 4, 9, 7, 6, 6, 6, 6, 4, 5, 2, 3, 7, 6, 7, 6, 7, 5, 8, 5, 1, 1, 4, 4, 5, 3, 5, 5, 6, 6, 6, 6, 5, 5, 7, 7, 6, 6, 4, 7, 7, 7, 6, 6, 5, 6, 6, 6, 6, 6, 5]
Trade Returns: [0.0003873831410093603, 0.001419218971752942, -0.0037239797628844, -0.0006424216236059553, -0.001905545404976242, 0.0005155042681843915, 0.01075534893508402, -0.004034971026799492, -0.0017379288045821226, -0.0017043230810459132, 0.002200545403995285, -0.0035226160058864776, 0.0003780601057405448, -0.0007597105347819605, -0.00035273163518245455, -0.0038994926591517983, -0.003739731781691457, 0.002187338914052862, 0.012946755977118274, 0.0012160731117895024, -0.004402011796619334, 0.0006128009463508553, 0.0008837534715425571, -0.004126890283839632, 0.006178035509124217, 0.0006285830689986058, -0.003938524931404929, -0.003795088503559351, -0.0040524317518568775, 0.004955768066160023, 0.00018697158616173893, -0.00035075210451265164, -0.004845145172206852, -0.003325410248205892, 0.011143950399401957, -0.0007096200043043021, -0.005405353378827109, 0.00045349745622217985, -0.0022205151136437625, -0.004509587227610288, -0.00508484314551653, 0.0007261416830566257, -0.001986709996604752, -0.003623632146904848, -0.001490735312957369, 0.00516060303939032, -0.005452806494380015, 0.012939569084984828, 0.0013687257823998269, 0.010943870037667997, 0.009598073438576386, -0.004369241002058476, 0.00793600516013103, 0.008787717764559949, 0.0006041554567509924, 0.0007453041123805047, 0.0021644858403408514, -0.0004741048449000617, 0.003433243737718305, -0.004231851435002817, -0.00045964539488063764, 0.00928759894459108, -0.0017776848269371547, -0.003875968992248064, 0.0004394333188107589, -0.004009475577112954, -0.0016584935601448847, 0.00032847418079671027, 0.003272340232800408, -0.004074262174820835, -0.0035809800099723507, -0.003821308343189884, 0.002464075866898039]
Daily Returns: [0, 0, 0, 0, 0, 0, 0, 0.0003873831410093603, 0.001419218971752942, 0, 0, 0, 0, 0, 0, 0, 0, 0, 0, 0, 0, -0.0037239797628844, 0, 0, 0, -0.0006424216236059553, -0.001905545404976242, 0.0005155042681843915, 0, 0, 0, 0, 0.01075534893508402, -0.004034971026799492, 0, 0, 0, -0.0017379288045821226, -0.0017043230810459132, 0.002200545403995285, 0, 0, 0, 0, 0, 0, 0, -0.0035226160058864776, 0, 0, 0, 0.0003780601057405448, 0, 0, 0, 0, 0, 0, 0, 0, 0, 0, 0, 0, 0, 0, 0, 0, 0, 0, 0, 0, 0, 0, 0, 0, 0, 0, 0, 0, 0, 0, 0, 0, 0, 0, 0, 0, 0, 0, -0.0007597105347819605, 0, 0, -0.00035273163518245455, 0, 0, 0, -0.0038994926591517983, 0, 0, -0.003739731781691457, 0, 0, 0, 0, 0, 0, 0, 0, 0, 0.002187338914052862, 0.012946755977118274, 0, 0.0012160731117895024, 0, 0, 0, -0.004402011796619334, 0, 0.0006128009463508553, 0, 0, 0, 0, 0, 0, 0.0008837534715425571, 0, 0, 0, 0, 0, 0, 0, 0, 0, 0, 0, 0, 0, 0, 0, 0, 0, 0, 0, 0, 0, 0, 0, 0, 0, 0, 0, 0, 0, 0, 0, -0.004126890283839632, 0.006806618578122823, 0, 0, 0, 0, 0, 0, 0, 0, -0.003938524931404929, 0, 0, 0, 0, 0, 0, 0, -0.003795088503559351, -0.0040524317518568775, 0, 0, 0, 0, 0, 0, 0, 0.004955768066160023, 0, 0, 0, 0, 0, 0.00018697158616173893, 0, 0, 0, 0, 0, 0, -0.00035075210451265164, 0, 0, 0, 0, 0, 0, -0.004845145172206852, 0, 0, 0, 0, -0.003325410248205892, 0.011143950399401957, 0, 0, 0, 0, 0, 0, 0, 0, 0, 0, 0, 0, 0, 0, 0, 0, 0, 0, 0, 0, 0, 0, 0, 0, 0, 0, 0, -0.0007096200043043021, 0, 0, 0, 0, 0, -0.007172371036248692, 0, -0.004509587227610288, -0.00508484314551653, 0, 0, 0, 0, 0, 0, 0, 0, 0.0007261416830566257, 0, 0, 0, 0, 0, 0, 0, 0, -0.001986709996604752, 0, 0, -0.003623632146904848, 0, 0, 0, 0, 0, 0, 0, -0.001490735312957369, 0, 0, 0, 0.00516060303939032, 0, 0, 0, 0, -0.005452806494380015, 0.012939569084984828, 0, 0, 0, 0, 0, 0, 0, 0, 0, 0, 0, 0, 0, 0, 0, 0, 0, 0, 0, 0, 0, 0, 0.0013687257823998269, 0, 0, 0, 0, 0, 0.010943870037667997, 0, 0, 0, 0, 0, 0, 0, 0, 0.009598073438576386, 0, 0, 0, 0.0035667641580725534, 0, 0, 0.008787717764559949, 0, 0, 0.0006041554567509924, 0.0007453041123805047, 0, 0, 0, 0, 0.0021644858403408514, 0, 0, 0.0029591388928182434, 0, 0, -0.004231851435002817, 0, 0, 0, 0, 0, 0, -0.00045964539488063764, 0, 0, 0, 0, 0, 0, 0, 0, 0.00928759894459108, 0, -0.0017776848269371547, 0, 0, 0, 0, 0, 0, 0, 0, 0, 0, 0, 0, 0, 0, 0, 0, 0, 0, 0, 0, 0, 0, 0, 0, 0, 0, 0, 0, 0, 0, 0, -0.003875968992248064, 0, 0, 0, 0, 0.0004394333188107589, 0, 0, 0, 0, 0, -0.004009475577112954, 0, 0, 0, 0, 0, 0, 0, 0, 0, 0, 0, 0, 0, -0.0016584935601448847, 0, 0, 0, 0, 0, 0, 0, 0, 0, 0.0036008144135971183, 0, 0, 0, 0, -0.004074262174820835, -0.0035809800099723507, -0.003821308343189884, 0, 0, 0, 0, 0, 0.002464075866898039]
Start Date: 2024-06-18
End Date: 2025-11-19
Sharpe Ratio: 0.023
Annualized Sharpe: 0.372
Sharpe 95% CI: (np.float64(-1.184), np.float64(1.632))
Sortino Ratio: 0.027
CAGR: 0.011
Calmar Ratio: 0.366
Daily Win Rate (%): 0.466
Max Drawdown: 0.029
Profit Factor: 1.166
Expectancy: 0.000268
Average Win: 0.004037
Average Loss: 0.003017
Total Trades: 73
Total Days: 446



Rolling 3 - Variant 0 - atr_0.5_1 - Fit Metrics
Contracts: [5, 4, 4, 3, 3, 3, 3, 3, 3, 3, 4, 4, 5, 5, 7, 7, 5, 5, 5, 5, 5, 5, 5, 6, 6, 6, 6, 7, 4, 5, 4, 5, 7, 6, 5, 6, 6, 5, 3, 4, 4, 2, 5, 2, 3, 3, 3, 6, 4, 5, 5, 4, 4, 10, 7, 6, 6, 6, 6, 5, 5, 2, 3, 7, 6, 7, 6, 7, 5, 8, 5, 1, 1, 4, 4, 5, 3, 5, 5, 6, 6, 6, 6, 5, 5, 7, 7, 6, 6, 4, 7, 7, 7, 6, 6, 5, 6, 6, 6, 6, 6, 5]
Trade Returns: [-0.00431, -0.00418604184033183, 0.001140622453967754, 0.0028874903549382714, -0.0034922791178539016, 0.003221019868987731, 0.0030002405002405004, 0.0029912659828916373, 0.0026948469121209524, 0.004643295149386494, 0.0022651478023882708, 0.004135877901777343, 0.00409702891997385, -0.004039372181748355, 0.0033044220770485962, 0.00173906622830537, 0.00023276609529059586, 0.0035294642389641227, -0.0013140629861308384, 0.00424729924013011, 0.004034728725187575, 0.004051840063889885, -0.004329403095062639, 0.004035988528078454, -0.003582082675850313, 0.004706584980541749, -0.004214779827929942, 0.0031754371499301062, 0.0032171746449782515, 0.00038821954484603946, 0.0014222820362337592, 0.0035220207426977725, -0.0006391575295039876, 0.0038716603598321904, 0.0005166178749784526, 0.004364597218453991, -0.003991353647206052, -0.0017190667923127395, -0.0016857939441093995, 0.0022080339989751178, -0.0034842539990601685]
Daily Returns: [-0.00849604184033183, 0, 0, 0, 0, 0, 0, 0, 0.001140622453967754, 0, 0, 0, 0, -0.0006047887629156302, 0.003221019868987731, 0, 0, 0.005991506483132137, 0, 0, 0, 0, 0, 0.0026948469121209524, 0, 0, 0, 0, 0, 0, 0, 0, 0.004643295149386494, 0.0022651478023882708, 0, 0, 0, 0, 0, 0, 0, 0, 0, 0, 0.004135877901777343, 0, 0, 0, 0, 0, 0, 0, 0, 0, 0, 0, 0, 0, 0, 0, 0, 0, 0, 0, 0, 0, 0, 0, 0, 0, 0, 0, 0, 0, 0, 0, 0, 0, 0, 0.00409702891997385, -0.004039372181748355, 0, 0, 0, 0, 0, 0, 0, 0, 0, 0, 0.0033044220770485962, 0.0019718323235959657, 0, 0, 0.0022154012528332843, 0, 0, 0, 0, 0, 0, 0, 0, 0.00424729924013011, 0, 0, 0, 0.004034728725187575, 0.004051840063889885, 0, 0, 0, 0, 0, 0, 0, -0.004329403095062639, 0, 0.004035988528078454, -0.003582082675850313, 0.004706584980541749, -0.004214779827929942, 0, 0, 0, 0, 0, 0, 0, 0, 0, 0, 0, 0, 0, 0, 0, 0, 0, 0, 0, 0, 0, 0, 0, 0, 0, 0, 0.006392611794908357, 0, 0, 0, 0, 0, 0, 0, 0.00038821954484603946, 0.0014222820362337592, 0, 0, 0, 0, 0, 0, 0, 0, 0, 0, 0, 0, 0.0035220207426977725, 0, 0, 0, -0.0006391575295039876, 0.0038716603598321904, 0.0005166178749784526, 0, 0, 0, 0, 0.004364597218453991, -0.003991353647206052, 0, 0, 0, -0.0017190667923127395, -0.0016857939441093995, 0.0022080339989751178, 0, 0, 0, 0, 0, 0, 0, -0.0034842539990601685, 0, 0]
Start Date: 2023-12-26
End Date: 2024-08-14
Sharpe Ratio: 0.137
Annualized Sharpe: 2.175
Sharpe 95% CI: (np.float64(0.025), np.float64(4.445))
Sortino Ratio: 0.096
CAGR: 0.055
Calmar Ratio: 6.343
Daily Win Rate (%): 0.683
Max Drawdown: 0.009
Profit Factor: 2.041
Expectancy: 0.00104
Average Win: 0.002987
Average Loss: 0.003153
Total Trades: 41
Total Days: 200

Rolling 3 - Variant 0 - atr_0.5_1 - Test Metrics
Contracts: [5, 4, 4, 3, 3, 3, 3, 3, 3, 3, 4, 4, 5, 5, 7, 7, 5, 5, 5, 5, 5, 5, 5, 6, 6, 6, 6, 7, 4, 5, 4, 5, 7, 6, 5, 6, 6, 5, 3, 4, 4, 2, 5, 2, 3, 3, 3, 6, 4, 5, 5, 4, 4, 10, 7, 6, 6, 6, 6, 5, 5, 2, 3, 7, 6, 7, 6, 7, 5, 8, 5, 1, 1, 4, 4, 5, 3, 5, 5, 6, 6, 6, 6, 5, 5, 7, 7, 6, 6, 4, 7, 7, 7, 6, 6, 5, 6, 6, 6, 6, 6, 5]
Trade Returns: [0.004294579456415279, -0.0007466709333577231, 0.00206642462534073, -0.003832592073597953, -0.0036753252462162116, 0.0021493779130233744, 0.004170382214569048, 0.0011951849486756636, -0.004363586255468837, 0.0006074283100037554, 0.002950770543010939, -0.004056625631948586, 0.0033881639124336855, 0.0006178371884593855, 0.005152486793161175, -0.0037302047417081137, -0.003982382370092999, 0.004057167790680763, 0.0002297037587191392, -0.00034756514472387143, -0.004801106515407429, -0.0033198208133370984, 0.0035967240029781793, -0.0006974962552455636, -0.005396170794186434, 0.0004527348609646718, -0.0022167703830319927, -0.004501884801984694, -0.005076248891064273, 0.0007243008753582734, -0.001981677226580802, -0.0036144344689845076, -0.0014881817441955159, 0.004320360574958257, 0.005229983427065505, 0.004189245800618928, 0.002191250138287487, 0.0035604553113301775, 0.003102873522338191, -0.004381181999206558, 0.004146366347058949, 0.004301776112106893, 0.0006108164134005757, 0.0007535162501978821, 0.0021883172831316197, 0.0042472496538291825, 0.003454643597829539, -0.004258138310221231, -0.0004625127712287051, 0.004632957146568711, 0.004677660490191637, -0.0038930537549555643, 0.0004413778533946564, -0.004027210063500203, -0.001665858977465463, 0.003799945390006371, 0.0032755298651252485, -0.004078220495034963, -0.0035844733319721402, -0.003825049520730401, 0.002466497535407091]
Daily Returns: [0, 0.004294579456415279, 0, 0, 0, 0, 0, 0, 0, 0, 0, 0, 0, 0, 0, 0, 0, 0, 0, 0, 0, 0, 0, 0, 0, 0, 0, 0, 0, 0, 0, 0, 0, 0, 0, 0, 0, 0, 0, 0, -0.0007466709333577231, 0, 0, 0.00206642462534073, 0, 0, 0, -0.003832592073597953, 0, 0, -0.0036753252462162116, 0, 0, 0, 0, 0, 0, 0, 0, 0, 0.0021493779130233744, 0.004170382214569048, 0, 0.0011951849486756636, 0, 0, 0, -0.004363586255468837, 0, 0.0006074283100037554, 0, 0, 0, 0, 0, 0, 0.002950770543010939, 0, 0, 0, 0, 0, 0, 0, 0, 0, 0, 0, 0, 0, 0, 0, 0, 0, 0, 0, 0, 0, 0, 0, 0, 0, 0, 0, 0, 0, 0, 0, -0.004056625631948586, 0.004006001100893071, 0, 0, 0, 0, 0, 0, 0, 0, 0.005152486793161175, 0, 0, 0, 0, 0, 0, 0, -0.0037302047417081137, -0.003982382370092999, 0, 0, 0, 0, 0, 0, 0, 0.004057167790680763, 0, 0, 0, 0, 0, 0.0002297037587191392, 0, 0, 0, 0, 0, 0, -0.00034756514472387143, 0, 0, 0, 0, 0, 0, -0.004801106515407429, 0, 0, 0, 0, -0.0033198208133370984, 0.0035967240029781793, 0, 0, 0, 0, 0, 0, 0, 0, 0, 0, 0, 0, 0, 0, 0, 0, 0, 0, 0, 0, 0, 0, 0, 0, 0, 0, 0, -0.0006974962552455636, 0, 0, 0, 0, 0, -0.007160206316253755, 0, -0.004501884801984694, -0.005076248891064273, 0, 0, 0, 0, 0, 0, 0, 0, 0.0007243008753582734, 0, 0, 0, 0, 0, 0, 0, 0, -0.001981677226580802, 0, 0, -0.0036144344689845076, 0, 0, 0, 0, 0, 0, 0, -0.0014881817441955159, 0, 0, 0, 0.004320360574958257, 0, 0, 0, 0, 0.005229983427065505, 0.004189245800618928, 0, 0, 0, 0, 0, 0, 0, 0, 0, 0, 0, 0, 0, 0, 0, 0, 0, 0, 0, 0, 0, 0, 0.002191250138287487, 0, 0, 0, 0, 0, 0.0035604553113301775, 0, 0, 0, 0, 0, 0, 0, 0, 0.003102873522338191, 0, 0, 0, -0.00023481565214760955, 0, 0, 0.004301776112106893, 0, 0, 0.0006108164134005757, 0.0007535162501978821, 0, 0, 0, 0, 0.0021883172831316197, 0, 0, 0.007701893251658721, 0, 0, -0.004258138310221231, 0, 0, 0, 0, 0, 0, -0.0004625127712287051, 0, 0, 0, 0, 0, 0, 0, 0, 0.004632957146568711, 0, 0.004677660490191637, 0, 0, 0, 0, 0, 0, 0, 0, 0, 0, 0, 0, 0, 0, 0, 0, 0, 0, 0, 0, 0, 0, 0, 0, 0, 0, 0, 0, 0, 0, 0, -0.0038930537549555643, 0, 0, 0, 0, 0.0004413778533946564, 0, 0, 0, 0, 0, -0.004027210063500203, 0, 0, 0, 0, 0, 0, 0, 0, 0, 0, 0, 0, 0, -0.001665858977465463, 0, 0, 0, 0, 0, 0, 0, 0, 0, 0.007075475255131619, 0, 0, 0, 0, -0.004078220495034963, -0.0035844733319721402, -0.003825049520730401, 0, 0, 0, 0, 0, 0.002466497535407091]
Start Date: 2024-08-15
End Date: 2025-11-19
Sharpe Ratio: 0.017
Annualized Sharpe: 0.27
Sharpe 95% CI: (np.float64(-1.291), np.float64(1.81))
Sortino Ratio: 0.014
CAGR: 0.006
Calmar Ratio: 0.179
Daily Win Rate (%): 0.557
Max Drawdown: 0.032
Profit Factor: 1.105
Expectancy: 0.000151
Average Win: 0.00286
Average Loss: 0.003259
Total Trades: 61
Total Days: 396



Rolling 3 - Variant 1 - atr_0.5_0.5 - Fit Metrics
Contracts: [5, 4, 4, 3, 4, 3, 3, 3, 3, 3, 4, 4, 5, 5, 7, 7, 5, 5, 5, 5, 5, 5, 5, 5, 6, 6, 6, 7, 4, 5, 4, 5, 7, 6, 5, 6, 6, 5, 3, 3, 4, 2, 5, 2, 3, 3, 3, 6, 4, 5, 5, 4, 4, 9, 7, 6, 6, 6, 6, 4, 5, 2, 3, 7, 6, 7, 6, 6, 5, 8, 5, 1, 1, 4, 4, 5, 3, 5, 5, 5, 6, 6, 6, 5, 5, 7, 6, 6, 6, 4, 6, 7, 7, 6, 6, 5, 6, 6, 6, 6, 6, 5]
Trade Returns: [0.00199, 0.0019481232347628218, 0.0017237026006636355, 0.0018576809948913774, -0.0034529210166603943, 0.001559496428763118, 0.0014528666826111511, 0.0014507589233069777, 0.002024021308003849, 0.002263290164266283, 0.002072054866904614, 0.002005172164671816, 0.001973425322100994, -0.004048495979835678, 0.0016055434323973216, 0.0020916800980548362, 0.002136083125821149, 0.002545183082854227, -0.0013203293833479286, 0.002080323830595537, 0.0016394619460510316, 0.00197656374148312, -0.004369908069221205, 0.001972754969825021, 0.0016193671652919527, 0.0022933023165648933, -0.004258080214120606, 0.0015588946933754715, 0.0015825178324160164, 0.0003928626722402734, 0.0014392859284651453, 0.0017289106703730394, -0.0006479456651278156, 0.0018987854719755477, 0.0005227998838222261, 0.0021237795624719823, -0.004054236243523816, -0.001746260430666881, -0.0012843809206473074, 0.0023567036494423037, -0.003538044648416512]
Daily Returns: [0.003938123234762822, 0, 0, 0, 0, 0, 0, 0, 0.0017237026006636355, 0, 0, 0, 0, -0.0015952400217690169, 0.001559496428763118, 0, 0, 0.002903625605918129, 0, 0, 0, 0, 0, 0.002024021308003849, 0, 0, 0, 0, 0, 0, 0, 0, 0.002263290164266283, 0.002072054866904614, 0, 0, 0, 0, 0, 0, 0, 0, 0, 0, 0.002005172164671816, 0, 0, 0, 0, 0, 0, 0, 0, 0, 0, 0, 0, 0, 0, 0, 0, 0, 0, 0, 0, 0, 0, 0, 0, 0, 0, 0, 0, 0, 0, 0, 0, 0, 0, 0.001973425322100994, -0.004048495979835678, 0, 0, 0, 0, 0, 0, 0, 0, 0, 0, 0.0016055434323973216, 0.004227763223875985, 0, 0, 0.0012248536995062983, 0, 0, 0, 0, 0, 0, 0, 0, 0.002080323830595537, 0, 0, 0, 0.0016394619460510316, 0.00197656374148312, 0, 0, 0, 0, 0, 0, 0, -0.004369908069221205, 0, 0.001972754969825021, 0.0016193671652919527, 0.0022933023165648933, -0.004258080214120606, 0, 0, 0, 0, 0, 0, 0, 0, 0, 0, 0, 0, 0, 0, 0, 0, 0, 0, 0, 0, 0, 0, 0, 0, 0, 0, 0.003141412525791488, 0, 0, 0, 0, 0, 0, 0, 0.0003928626722402734, 0.0014392859284651453, 0, 0, 0, 0, 0, 0, 0, 0, 0, 0, 0, 0, 0.0017289106703730394, 0, 0, 0, -0.0006479456651278156, 0.0018987854719755477, 0.0005227998838222261, 0, 0, 0, 0, 0.0021237795624719823, -0.004054236243523816, 0, 0, 0, -0.001746260430666881, -0.0012843809206473074, 0.0023567036494423037, 0, 0, 0, 0, 0, 0, 0, -0.003538044648416512, 0, 0]
Start Date: 2023-12-26
End Date: 2024-08-14
Sharpe Ratio: 0.132
Annualized Sharpe: 2.094
Sharpe 95% CI: (np.float64(-0.096), np.float64(4.481))
Sortino Ratio: 0.091
CAGR: 0.035
Calmar Ratio: 4.203
Daily Win Rate (%): 0.756
Max Drawdown: 0.008
Profit Factor: 1.946
Expectancy: 0.000663
Average Win: 0.001803
Average Loss: 0.002872
Total Trades: 41
Total Days: 200

Rolling 3 - Variant 1 - atr_0.5_0.5 - Test Metrics
Contracts: [5, 4, 4, 3, 4, 3, 3, 3, 3, 3, 4, 4, 5, 5, 7, 7, 5, 5, 5, 5, 5, 5, 5, 5, 6, 6, 6, 7, 4, 5, 4, 5, 7, 6, 5, 6, 6, 5, 3, 3, 4, 2, 5, 2, 3, 3, 3, 6, 4, 5, 5, 4, 4, 9, 7, 6, 6, 6, 6, 4, 5, 2, 3, 7, 6, 7, 6, 6, 5, 8, 5, 1, 1, 4, 4, 5, 3, 5, 5, 5, 6, 6, 6, 5, 5, 7, 6, 6, 6, 4, 6, 7, 7, 6, 6, 5, 6, 6, 6, 6, 6, 5]
Trade Returns: [0.0021293435204757286, 0.0013738556054472986, 0.0010278072472090557, -0.0038943288473425033, 0.0017712435119952225, 0.0019971638715780807, 0.0020543773779539572, 0.0016655491952267821, -0.004420215117135701, 0.0019005631586736565, 0.001449928864079859, -0.0041294074319667565, 0.0016469312471558732, 0.0006289680556054088, 0.0022532576166317975, 0.001702243029566548, -0.0040247807066437, 0.001995737915637791, 0.00018559457445191382, -0.0003523920293929861, -0.004867806405008428, -0.003364583232967533, 0.001759588693723166, 0.0017925962283697758, -0.005467949791446786, 0.0027593829648681085, -0.0019257950188422545, -0.0045620973900103775, -0.005143425036759506, 0.0005825616601730198, -0.002010778479564784, -0.0036676199723944696, -0.0015134496009459118, 0.0021377754299002206, 0.002605184316790413, 0.0020816847177767017, 0.0010995279307631787, 0.0017805299150245475, 0.0012670424577087749, -0.004484951574883094, 0.0020574732691062705, 0.0021417508665830813, 0.0006280032538418869, 0.0017308282577080695, 0.0025217619441061647, 0.0018045394713714891, 0.002444606465145838, -0.004387227256816148, -0.0004765960106570325, 0.001981552411475025, 0.0023413699891171634, -0.004031642164517073, 0.0020689149918190915, -0.004164379929482385, -0.0017228366897650686, 0.0019003521240700478, 0.002014193309707178, -0.004231266244516787, -0.0037195615390274387, -0.003969742527934403, 0.0017940969761310957]
Daily Returns: [0, 0.0021293435204757286, 0, 0, 0, 0, 0, 0, 0, 0, 0, 0, 0, 0, 0, 0, 0, 0, 0, 0, 0, 0, 0, 0, 0, 0, 0, 0, 0, 0, 0, 0, 0, 0, 0, 0, 0, 0, 0, 0, 0.0013738556054472986, 0, 0, 0.0010278072472090557, 0, 0, 0, -0.0038943288473425033, 0, 0, 0.0017712435119952225, 0, 0, 0, 0, 0, 0, 0, 0, 0, 0.0019971638715780807, 0.0020543773779539572, 0, 0.0016655491952267821, 0, 0, 0, -0.004420215117135701, 0, 0.0019005631586736565, 0, 0, 0, 0, 0, 0, 0.001449928864079859, 0, 0, 0, 0, 0, 0, 0, 0, 0, 0, 0, 0, 0, 0, 0, 0, 0, 0, 0, 0, 0, 0, 0, 0, 0, 0, 0, 0, 0, 0, 0, -0.0041294074319667565, 0.002275899302761282, 0, 0, 0, 0, 0, 0, 0, 0, 0.0022532576166317975, 0, 0, 0, 0, 0, 0, 0, 0.001702243029566548, -0.0040247807066437, 0, 0, 0, 0, 0, 0, 0, 0.001995737915637791, 0, 0, 0, 0, 0, 0.00018559457445191382, 0, 0, 0, 0, 0, 0, -0.0003523920293929861, 0, 0, 0, 0, 0, 0, -0.004867806405008428, 0, 0, 0, 0, -0.003364583232967533, 0.001759588693723166, 0, 0, 0, 0, 0, 0, 0, 0, 0, 0, 0, 0, 0, 0, 0, 0, 0, 0, 0, 0, 0, 0, 0, 0, 0, 0, 0, 0.0017925962283697758, 0, 0, 0, 0, 0, -0.004634361845420932, 0, -0.0045620973900103775, -0.005143425036759506, 0, 0, 0, 0, 0, 0, 0, 0, 0.0005825616601730198, 0, 0, 0, 0, 0, 0, 0, 0, -0.002010778479564784, 0, 0, -0.0036676199723944696, 0, 0, 0, 0, 0, 0, 0, -0.0015134496009459118, 0, 0, 0, 0.0021377754299002206, 0, 0, 0, 0, 0.002605184316790413, 0.0020816847177767017, 0, 0, 0, 0, 0, 0, 0, 0, 0, 0, 0, 0, 0, 0, 0, 0, 0, 0, 0, 0, 0, 0, 0.0010995279307631787, 0, 0, 0, 0, 0, 0.0017805299150245475, 0, 0, 0, 0, 0, 0, 0, 0, 0.0012670424577087749, 0, 0, 0, -0.002427478305776824, 0, 0, 0.0021417508665830813, 0, 0, 0.0006280032538418869, 0.0017308282577080695, 0, 0, 0, 0, 0.0025217619441061647, 0, 0, 0.0042491459365173265, 0, 0, -0.004387227256816148, 0, 0, 0, 0, 0, 0, -0.0004765960106570325, 0, 0, 0, 0, 0, 0, 0, 0, 0.001981552411475025, 0, 0.0023413699891171634, 0, 0, 0, 0, 0, 0, 0, 0, 0, 0, 0, 0, 0, 0, 0, 0, 0, 0, 0, 0, 0, 0, 0, 0, 0, 0, 0, 0, 0, 0, 0, -0.004031642164517073, 0, 0, 0, 0, 0.0020689149918190915, 0, 0, 0, 0, 0, -0.004164379929482385, 0, 0, 0, 0, 0, 0, 0, 0, 0, 0, 0, 0, 0, -0.0017228366897650686, 0, 0, 0, 0, 0, 0, 0, 0, 0, 0.003914545433777226, 0, 0, 0, 0, -0.004231266244516787, -0.0037195615390274387, -0.003969742527934403, 0, 0, 0, 0, 0, 0.0017940969761310957]
Start Date: 2024-08-15
End Date: 2025-11-19
Sharpe Ratio: -0.032
Annualized Sharpe: -0.512
Sharpe 95% CI: (np.float64(-1.953), np.float64(1.133))
Sortino Ratio: -0.024
CAGR: -0.009
Calmar Ratio: -0.315
Daily Win Rate (%): 0.623
Max Drawdown: 0.028
Profit Factor: 0.833
Expectancy: -0.000221
Average Win: 0.001765
Average Loss: 0.003501
Total Trades: 61
Total Days: 396



Rolling 3 - Variant 2 - atr_0.25_5 - Fit Metrics
Contracts: [5, 4, 4, 3, 3, 3, 3, 3, 3, 3, 4, 4, 5, 5, 7, 7, 5, 5, 5, 5, 5, 5, 5, 5, 6, 6, 6, 7, 4, 5, 4, 5, 7, 6, 5, 6, 6, 5, 3, 4, 4, 2, 5, 2, 3, 3, 3, 6, 4, 5, 5, 4, 4, 9, 7, 6, 6, 6, 6, 4, 5, 2, 3, 7, 6, 7, 6, 6, 5, 8, 5, 1, 1, 4, 4, 5, 3, 5, 5, 5, 6, 6, 6, 5, 5, 7, 7, 6, 6, 4, 7, 7, 7, 6, 6, 5, 6, 6, 6, 6, 6, 5]
Trade Returns: [-0.00221, -0.0021327132963850108, -0.0018691139438304215, -0.0015414443815556548, -0.0017850466162511612, -0.001697618501020988, 0.0027776937274955307, -0.0016052720513687062, 0.0026836416374231326, 0.011772013725975026, 0.0022908884295022953, 0.010546703857675012, -0.0022543933508976845, -0.0021233734414983405, -0.001816126027429362, 0.0017509571573063607, 0.00023435486012924383, -0.0027920744136643743, -0.0013314171369049257, 0.008224619354029197, 0.00864367261773966, -0.002153223794974123, -0.002267232703675, 0.0014956001530381624, -0.0018638142205552087, 0.012029165361880133, -0.0021503943975565436, 0.0036978391707366267, 0.0028911710577757487, 0.00038582813352313174, 0.0014135242351009764, -0.0019067024861123764, -0.0006386824892650215, -0.00212269399540083, 0.0005134339029913966, 0.01117229662790858, -0.00205858975165402, -0.0015242068107978021, -0.0020736370714276157, 0.0022173345492909834, -0.001771238083919114]
Daily Returns: [-0.004342713296385011, 0, 0, 0, 0, 0, 0, 0, -0.0018691139438304215, 0, 0, 0, 0, -0.003326490997806816, -0.001697618501020988, 0, 0, 0.0011724216761268245, 0, 0, 0, 0, 0, 0.0026836416374231326, 0, 0, 0, 0, 0, 0, 0, 0, 0.011772013725975026, 0.0022908884295022953, 0, 0, 0, 0, 0, 0, 0, 0, 0, 0, 0.010546703857675012, 0, 0, 0, 0, 0, 0, 0, 0, 0, 0, 0, 0, 0, 0, 0, 0, 0, 0, 0, 0, 0, 0, 0, 0, 0, 0, 0, 0, 0, 0, 0, 0, 0, 0, -0.0022543933508976845, -0.0021233734414983405, 0, 0, 0, 0, 0, 0, 0, 0, 0, 0, -0.001816126027429362, 0.0019853120174356045, 0, 0, -0.0041234915505693, 0, 0, 0, 0, 0, 0, 0, 0, 0.008224619354029197, 0, 0, 0, 0.00864367261773966, -0.002153223794974123, 0, 0, 0, 0, 0, 0, 0, -0.002267232703675, 0, 0.0014956001530381624, -0.0018638142205552087, 0.012029165361880133, -0.0021503943975565436, 0, 0, 0, 0, 0, 0, 0, 0, 0, 0, 0, 0, 0, 0, 0, 0, 0, 0, 0, 0, 0, 0, 0, 0, 0, 0, 0.006589010228512375, 0, 0, 0, 0, 0, 0, 0, 0.00038582813352313174, 0.0014135242351009764, 0, 0, 0, 0, 0, 0, 0, 0, 0, 0, 0, 0, -0.0019067024861123764, 0, 0, 0, -0.0006386824892650215, -0.00212269399540083, 0.0005134339029913966, 0, 0, 0, 0, 0.01117229662790858, -0.00205858975165402, 0, 0, 0, -0.0015242068107978021, -0.0020736370714276157, 0.0022173345492909834, 0, 0, 0, 0, 0, 0, 0, -0.001771238083919114, 0, 0]
Start Date: 2023-12-26
End Date: 2024-08-14
Sharpe Ratio: 0.1
Annualized Sharpe: 1.595
Sharpe 95% CI: (np.float64(-0.586), np.float64(3.179))
Sortino Ratio: 0.238
CAGR: 0.053
Calmar Ratio: 6.318
Daily Win Rate (%): 0.439
Max Drawdown: 0.008
Profit Factor: 1.94
Expectancy: 0.001001
Average Win: 0.004708
Average Loss: 0.0019
Total Trades: 41
Total Days: 200

Rolling 3 - Variant 2 - atr_0.25_5 - Test Metrics
Contracts: [5, 4, 4, 3, 3, 3, 3, 3, 3, 3, 4, 4, 5, 5, 7, 7, 5, 5, 5, 5, 5, 5, 5, 5, 6, 6, 6, 7, 4, 5, 4, 5, 7, 6, 5, 6, 6, 5, 3, 4, 4, 2, 5, 2, 3, 3, 3, 6, 4, 5, 5, 4, 4, 9, 7, 6, 6, 6, 6, 4, 5, 2, 3, 7, 6, 7, 6, 6, 5, 8, 5, 1, 1, 4, 4, 5, 3, 5, 5, 5, 6, 6, 6, 5, 5, 7, 7, 6, 6, 4, 7, 7, 7, 6, 6, 5, 6, 6, 6, 6, 6, 5]
Trade Returns: [-0.0023165369982678843, -0.0014490296126158072, -0.00109842629309931, -0.001971694713044216, -0.001888687188598355, 0.002163813896493685, -0.002234595799346841, 0.001209920187720944, -0.0022880766001508587, 0.0006141443666830836, 0.0008856897017206856, -0.0021000603332250434, 0.0061834808833544615, 0.0006278558721964229, -0.002637252599896374, -0.001991034522908541, -0.0021012224238742216, 0.004959080280592394, -0.002107784803727124, -0.0019655198252358915, -0.0025064972567138324, -0.002389052110715943, -0.0019801292294865562, -0.002045061061340213, -0.0028183653091929713, 0.0004602395566229289, -0.0019297688152459622, -0.002352022641877715, -0.002630414188318244, 0.0007307199349776448, -0.0023116060585945284, -0.001886445381144157, -0.0015682575243934798, -0.00236251347907068, -0.0028147002147439126, 0.010747764090032513, 0.0013773673501330484, 0.009167321059826079, 0.006727700942464001, -0.0022812493331807334, 0.010662394450266465, 0.011127035579965952, 0.0006088291644390767, 0.00075106622882988, 0.0021812074161051773, -0.00047775953528413404, 0.0034597219324368463, -0.0022229195098991757, -0.00046224552815343734, 0.009340161557502315, -0.0025106001029026825, -0.002055703541947083, 0.0004414153208844233, -0.002047715929382084, -0.0027491162205414725, 0.00032966658203960336, 0.0032842153111860384, -0.0021067972528572023, -0.0018842296035929006, -0.0020015087130071533, 0.0024594242478339933]
Daily Returns: [0, -0.0023165369982678843, 0, 0, 0, 0, 0, 0, 0, 0, 0, 0, 0, 0, 0, 0, 0, 0, 0, 0, 0, 0, 0, 0, 0, 0, 0, 0, 0, 0, 0, 0, 0, 0, 0, 0, 0, 0, 0, 0, -0.0014490296126158072, 0, 0, -0.00109842629309931, 0, 0, 0, -0.001971694713044216, 0, 0, -0.001888687188598355, 0, 0, 0, 0, 0, 0, 0, 0, 0, 0.002163813896493685, -0.002234595799346841, 0, 0.001209920187720944, 0, 0, 0, -0.0022880766001508587, 0, 0.0006141443666830836, 0, 0, 0, 0, 0, 0, 0.0008856897017206856, 0, 0, 0, 0, 0, 0, 0, 0, 0, 0, 0, 0, 0, 0, 0, 0, 0, 0, 0, 0, 0, 0, 0, 0, 0, 0, 0, 0, 0, 0, 0, -0.0021000603332250434, 0.006811336755550884, 0, 0, 0, 0, 0, 0, 0, 0, -0.002637252599896374, 0, 0, 0, 0, 0, 0, 0, -0.001991034522908541, -0.0021012224238742216, 0, 0, 0, 0, 0, 0, 0, 0.004959080280592394, 0, 0, 0, 0, 0, -0.002107784803727124, 0, 0, 0, 0, 0, 0, -0.0019655198252358915, 0, 0, 0, 0, 0, 0, -0.0025064972567138324, 0, 0, 0, 0, -0.002389052110715943, -0.0019801292294865562, 0, 0, 0, 0, 0, 0, 0, 0, 0, 0, 0, 0, 0, 0, 0, 0, 0, 0, 0, 0, 0, 0, 0, 0, 0, 0, 0, -0.002045061061340213, 0, 0, 0, 0, 0, -0.004287894567816005, 0, -0.002352022641877715, -0.002630414188318244, 0, 0, 0, 0, 0, 0, 0, 0, 0.0007307199349776448, 0, 0, 0, 0, 0, 0, 0, 0, -0.0023116060585945284, 0, 0, -0.001886445381144157, 0, 0, 0, 0, 0, 0, 0, -0.0015682575243934798, 0, 0, 0, -0.00236251347907068, 0, 0, 0, 0, -0.0028147002147439126, 0.010747764090032513, 0, 0, 0, 0, 0, 0, 0, 0, 0, 0, 0, 0, 0, 0, 0, 0, 0, 0, 0, 0, 0, 0, 0.0013773673501330484, 0, 0, 0, 0, 0, 0.009167321059826079, 0, 0, 0, 0, 0, 0, 0, 0, 0.006727700942464001, 0, 0, 0, 0.008381145117085731, 0, 0, 0.011127035579965952, 0, 0, 0.0006088291644390767, 0.00075106622882988, 0, 0, 0, 0, 0.0021812074161051773, 0, 0, 0.002981962397152712, 0, 0, -0.0022229195098991757, 0, 0, 0, 0, 0, 0, -0.00046224552815343734, 0, 0, 0, 0, 0, 0, 0, 0, 0.009340161557502315, 0, -0.0025106001029026825, 0, 0, 0, 0, 0, 0, 0, 0, 0, 0, 0, 0, 0, 0, 0, 0, 0, 0, 0, 0, 0, 0, 0, 0, 0, 0, 0, 0, 0, 0, 0, -0.002055703541947083, 0, 0, 0, 0, 0.0004414153208844233, 0, 0, 0, 0, 0, -0.002047715929382084, 0, 0, 0, 0, 0, 0, 0, 0, 0, 0, 0, 0, 0, -0.0027491162205414725, 0, 0, 0, 0, 0, 0, 0, 0, 0, 0.0036138818932256417, 0, 0, 0, 0, -0.0021067972528572023, -0.0018842296035929006, -0.0020015087130071533, 0, 0, 0, 0, 0, 0.0024594242478339933]
Start Date: 2024-08-15
End Date: 2025-11-19
Sharpe Ratio: 0.025
Annualized Sharpe: 0.391
Sharpe 95% CI: (np.float64(-1.383), np.float64(1.729))
Sortino Ratio: 0.06
CAGR: 0.009
Calmar Ratio: 0.232
Daily Win Rate (%): 0.393
Max Drawdown: 0.037
Profit Factor: 1.182
Expectancy: 0.000229
Average Win: 0.003771
Average Loss: 0.002069
Total Trades: 61
Total Days: 396



Rolling 3 - Variant 3 - atr_0.25_1 - Fit Metrics
Contracts: [5, 4, 4, 3, 3, 3, 3, 3, 3, 3, 4, 4, 5, 5, 7, 7, 4, 5, 5, 5, 5, 5, 5, 5, 6, 6, 6, 6, 4, 5, 4, 5, 6, 6, 5, 5, 6, 5, 3, 3, 4, 2, 5, 2, 3, 3, 3, 6, 4, 5, 4, 4, 4, 9, 7, 5, 6, 6, 6, 4, 5, 2, 3, 7, 6, 6, 6, 6, 4, 7, 5, 1, 1, 4, 4, 5, 3, 5, 5, 5, 6, 6, 6, 5, 5, 6, 6, 6, 6, 4, 6, 7, 7, 6, 6, 5, 6, 6, 6, 6, 6, 5]
Trade Returns: [0.00199, 0.0019481232347628218, -0.0018549187155930472, -0.0015297159269719992, -0.00177144384642699, -0.0016846590114269046, 0.0014653041206673944, 0.001463160146076153, 0.002024021308003849, 0.0022626507271952304, 0.002089741107622666, 0.0020222126178137114, -0.0022941168341187703, -0.002160874322995305, 0.001623585550088605, 0.0021151470224857927, 0.0021599976328793074, -0.002814738996929377, -0.0013422553838258232, 0.002114917083390984, 0.0016666666666666674, 0.001578553878066629, -0.002315667181915743, 0.002001306572930257, 0.0016427573899460892, 0.001994033631127377, -0.0022142665389054475, 0.001562220944358636, 0.00160252318847126, 0.0003409872560912179, 0.0014575174794350717, 0.0017507790477718163, -0.0005467724801599868, 0.0019225659221282655, 0.0005293982702401482, 0.0021665235508034945, -0.002106084243369735, -0.0015594465723442511, -0.0015912409330582755, 0.002376779106601326, -0.0018113775683236337]
Daily Returns: [0.003938123234762822, 0, 0, 0, 0, 0, 0, 0, -0.0018549187155930472, 0, 0, 0, 0, -0.0033011597733989895, -0.0016846590114269046, 0, 0, 0.0029284642667435474, 0, 0, 0, 0, 0, 0.002024021308003849, 0, 0, 0, 0, 0, 0, 0, 0, 0.0022626507271952304, 0.002089741107622666, 0, 0, 0, 0, 0, 0, 0, 0, 0, 0, 0.0020222126178137114, 0, 0, 0, 0, 0, 0, 0, 0, 0, 0, 0, 0, 0, 0, 0, 0, 0, 0, 0, 0, 0, 0, 0, 0, 0, 0, 0, 0, 0, 0, 0, 0, 0, 0, -0.0022941168341187703, -0.002160874322995305, 0, 0, 0, 0, 0, 0, 0, 0, 0, 0, 0.001623585550088605, 0.0042751446553651005, 0, 0, -0.004156994380755201, 0, 0, 0, 0, 0, 0, 0, 0, 0.002114917083390984, 0, 0, 0, 0.0016666666666666674, 0.001578553878066629, 0, 0, 0, 0, 0, 0, 0, -0.002315667181915743, 0, 0.002001306572930257, 0.0016427573899460892, 0.001994033631127377, -0.0022142665389054475, 0, 0, 0, 0, 0, 0, 0, 0, 0, 0, 0, 0, 0, 0, 0, 0, 0, 0, 0, 0, 0, 0, 0, 0, 0, 0, 0.003164744132829896, 0, 0, 0, 0, 0, 0, 0, 0.0003409872560912179, 0.0014575174794350717, 0, 0, 0, 0, 0, 0, 0, 0, 0, 0, 0, 0, 0.0017507790477718163, 0, 0, 0, -0.0005467724801599868, 0.0019225659221282655, 0.0005293982702401482, 0, 0, 0, 0, 0.0021665235508034945, -0.002106084243369735, 0, 0, 0, -0.0015594465723442511, -0.0015912409330582755, 0.002376779106601326, 0, 0, 0, 0, 0, 0, 0, -0.0018113775683236337, 0, 0]
Start Date: 2023-12-26
End Date: 2024-08-14
Sharpe Ratio: 0.096
Annualized Sharpe: 1.531
Sharpe 95% CI: (np.float64(-0.624), np.float64(3.664))
Sortino Ratio: 0.105
CAGR: 0.023
Calmar Ratio: 3.395
Daily Win Rate (%): 0.634
Max Drawdown: 0.007
Profit Factor: 1.662
Expectancy: 0.000446
Average Win: 0.001764
Average Loss: 0.00184
Total Trades: 41
Total Days: 200

Rolling 3 - Variant 3 - atr_0.25_1 - Test Metrics
Contracts: [5, 4, 4, 3, 3, 3, 3, 3, 3, 3, 4, 4, 5, 5, 7, 7, 4, 5, 5, 5, 5, 5, 5, 5, 6, 6, 6, 6, 4, 5, 4, 5, 6, 6, 5, 5, 6, 5, 3, 3, 4, 2, 5, 2, 3, 3, 3, 6, 4, 5, 4, 4, 4, 9, 7, 5, 6, 6, 6, 4, 5, 2, 3, 7, 6, 6, 6, 6, 4, 7, 5, 1, 1, 4, 4, 5, 3, 5, 5, 5, 6, 6, 6, 5, 5, 6, 6, 6, 6, 4, 6, 7, 7, 6, 6, 5, 6, 6, 6, 6, 6, 5]
Trade Returns: [-0.0023640754699213095, -0.0014788361245054165, 0.001036951206339543, -0.002011312897765143, 0.001796690307328606, 0.002041677013002882, -0.0022715561831562646, 0.0017075130574527929, -0.0018608061785072953, 0.001927471004003058, 0.0014901279026449778, -0.0017742001885945402, 0.0016357195595142727, 0.0006363122171945437, 0.0022850057567974503, 0.0017582780675462, -0.0021356428166886925, 0.0020560262226961695, -0.0021282193243885306, -0.00200495849951493, -0.002556891825015908, -0.0024325537090539814, -0.00202004292098994, -0.002072587672813774, -0.0025099446900901765, 0.0024147536714514573, -0.001964993134361352, -0.0023931284444665118, -0.002142817607476932, 0.0005945764289222657, -0.002353044052005454, -0.0019203416773905671, -0.0015892457057505606, 0.0021854978743787805, 0.002633011986188656, 0.002078993806786871, 0.0011128364389233958, 0.00182208373338674, 0.0012805444597095055, -0.002331774190670128, 0.002074882592251785, 0.0021895855852282313, 0.0006332758767407949, 0.0017206291569510455, 0.002179668666670616, 0.0018203202108734587, 0.002465945760992042, -0.0023068729513261578, -0.0004797436124301119, 0.001994645537324854, 0.0023224539877300617, -0.0021388363320132093, 0.0021080896468066565, -0.0021271594781995533, -0.002855998775159288, 0.0018779564526701824, 0.0019923254210113704, -0.002188376894975557, -0.0019573509730746327, -0.0020793336680745484, 0.001765986120730309]
Daily Returns: [0, -0.0023640754699213095, 0, 0, 0, 0, 0, 0, 0, 0, 0, 0, 0, 0, 0, 0, 0, 0, 0, 0, 0, 0, 0, 0, 0, 0, 0, 0, 0, 0, 0, 0, 0, 0, 0, 0, 0, 0, 0, 0, -0.0014788361245054165, 0, 0, 0.001036951206339543, 0, 0, 0, -0.002011312897765143, 0, 0, 0.001796690307328606, 0, 0, 0, 0, 0, 0, 0, 0, 0, 0.002041677013002882, -0.0022715561831562646, 0, 0.0017075130574527929, 0, 0, 0, -0.0018608061785072953, 0, 0.001927471004003058, 0, 0, 0, 0, 0, 0, 0.0014901279026449778, 0, 0, 0, 0, 0, 0, 0, 0, 0, 0, 0, 0, 0, 0, 0, 0, 0, 0, 0, 0, 0, 0, 0, 0, 0, 0, 0, 0, 0, 0, 0, -0.0017742001885945402, 0.0022720317767088165, 0, 0, 0, 0, 0, 0, 0, 0, 0.0022850057567974503, 0, 0, 0, 0, 0, 0, 0, 0.0017582780675462, -0.0021356428166886925, 0, 0, 0, 0, 0, 0, 0, 0.0020560262226961695, 0, 0, 0, 0, 0, -0.0021282193243885306, 0, 0, 0, 0, 0, 0, -0.00200495849951493, 0, 0, 0, 0, 0, 0, -0.002556891825015908, 0, 0, 0, 0, -0.0024325537090539814, -0.00202004292098994, 0, 0, 0, 0, 0, 0, 0, 0, 0, 0, 0, 0, 0, 0, 0, 0, 0, 0, 0, 0, 0, 0, 0, 0, 0, 0, 0, -0.002072587672813774, 0, 0, 0, 0, 0, -0.002060184153000071, 0, -0.0023931284444665118, -0.002142817607476932, 0, 0, 0, 0, 0, 0, 0, 0, 0.0005945764289222657, 0, 0, 0, 0, 0, 0, 0, 0, -0.002353044052005454, 0, 0, -0.0019203416773905671, 0, 0, 0, 0, 0, 0, 0, -0.0015892457057505606, 0, 0, 0, 0.0021854978743787805, 0, 0, 0, 0, 0.002633011986188656, 0.002078993806786871, 0, 0, 0, 0, 0, 0, 0, 0, 0, 0, 0, 0, 0, 0, 0, 0, 0, 0, 0, 0, 0, 0, 0.0011128364389233958, 0, 0, 0, 0, 0, 0.00182208373338674, 0, 0, 0, 0, 0, 0, 0, 0, 0.0012805444597095055, 0, 0, 0, -0.00025689159841834307, 0, 0, 0.0021895855852282313, 0, 0, 0.0006332758767407949, 0.0017206291569510455, 0, 0, 0, 0, 0.002179668666670616, 0, 0, 0.0042862659718655004, 0, 0, -0.0023068729513261578, 0, 0, 0, 0, 0, 0, -0.0004797436124301119, 0, 0, 0, 0, 0, 0, 0, 0, 0.001994645537324854, 0, 0.0023224539877300617, 0, 0, 0, 0, 0, 0, 0, 0, 0, 0, 0, 0, 0, 0, 0, 0, 0, 0, 0, 0, 0, 0, 0, 0, 0, 0, 0, 0, 0, 0, 0, -0.0021388363320132093, 0, 0, 0, 0, 0.0021080896468066565, 0, 0, 0, 0, 0, -0.0021271594781995533, 0, 0, 0, 0, 0, 0, 0, 0, 0, 0, 0, 0, 0, -0.002855998775159288, 0, 0, 0, 0, 0, 0, 0, 0, 0, 0.003870281873681553, 0, 0, 0, 0, -0.002188376894975557, -0.0019573509730746327, -0.0020793336680745484, 0, 0, 0, 0, 0, 0.001765986120730309]
Start Date: 2024-08-15
End Date: 2025-11-19
Sharpe Ratio: -0.009
Annualized Sharpe: -0.144
Sharpe 95% CI: (np.float64(-1.751), np.float64(1.418))
Sortino Ratio: -0.013
CAGR: -0.002
Calmar Ratio: -0.075
Daily Win Rate (%): 0.525
Max Drawdown: 0.025
Profit Factor: 0.954
Expectancy: -4.6e-05
Average Win: 0.001801
Average Loss: 0.002085
Total Trades: 61
Total Days: 396



Rolling 3 - Variant 4 - atr_0.5_2 - Fit Metrics
Contracts: [5, 4, 4, 3, 3, 3, 3, 3, 3, 3, 4, 4, 5, 5, 7, 8, 5, 5, 5, 5, 5, 5, 5, 6, 6, 6, 6, 7, 4, 5, 4, 5, 7, 6, 5, 6, 6, 5, 3, 4, 4, 2, 5, 2, 3, 3, 3, 6, 4, 5, 5, 4, 4, 9, 7, 6, 6, 6, 6, 4, 5, 2, 3, 7, 6, 7, 6, 6, 5, 8, 5, 1, 1, 4, 4, 5, 3, 5, 5, 5, 6, 6, 6, 5, 5, 7, 7, 6, 6, 4, 6, 7, 7, 6, 6, 5, 6, 6, 6, 6, 6, 5]
Trade Returns: [-0.00431, -0.00418604184033183, 0.001140622453967754, 0.0049672067901234615, -0.0034850520658380926, -0.000999211465650608, 0.0027656433585394446, 0.0028481469018891478, 0.0026948469121209524, 0.00939758603992181, 0.0022708480628887144, 0.008361846342947982, 0.004798577854892332, -0.0045636668137781135, -0.003509399552430042, 0.0017462460587518908, 0.00023372540770479416, 0.0035440070257018418, -0.0013194583235505853, 0.008150648068811306, 0.008198458982651032, -0.004220610129851526, -0.004312487096946853, 0.0014859582702985044, -0.0035771110898111776, 0.009548196943345702, -0.0041865790238150855, 0.0036893969855949444, 0.002890493023539601, 0.00038573795661491964, 0.001413193989366833, -0.0037081927349770787, -0.0006396880759096714, -0.0018974319896365294, 0.0005133138400818046, 0.008780874688420578, -0.0040177583008222575, -0.0017304850915738938, -0.0016970106504695102, 0.002203151928646299, -0.003507476462986894]
Daily Returns: [-0.00849604184033183, 0, 0, 0, 0, 0, 0, 0, 0.001140622453967754, 0, 0, 0, 0, 0.001482154724285369, -0.000999211465650608, 0, 0, 0.005613790260428592, 0, 0, 0, 0, 0, 0.0026948469121209524, 0, 0, 0, 0, 0, 0, 0, 0, 0.00939758603992181, 0.0022708480628887144, 0, 0, 0, 0, 0, 0, 0, 0, 0, 0, 0.008361846342947982, 0, 0, 0, 0, 0, 0, 0, 0, 0, 0, 0, 0, 0, 0, 0, 0, 0, 0, 0, 0, 0, 0, 0, 0, 0, 0, 0, 0, 0, 0, 0, 0, 0, 0, 0.004798577854892332, -0.0045636668137781135, 0, 0, 0, 0, 0, 0, 0, 0, 0, 0, -0.003509399552430042, 0.001979971466456685, 0, 0, 0.002224548702151256, 0, 0, 0, 0, 0, 0, 0, 0, 0.008150648068811306, 0, 0, 0, 0.008198458982651032, -0.004220610129851526, 0, 0, 0, 0, 0, 0, 0, -0.004312487096946853, 0, 0.0014859582702985044, -0.0035771110898111776, 0.009548196943345702, -0.0041865790238150855, 0, 0, 0, 0, 0, 0, 0, 0, 0, 0, 0, 0, 0, 0, 0, 0, 0, 0, 0, 0, 0, 0, 0, 0, 0, 0, 0.006579890009134545, 0, 0, 0, 0, 0, 0, 0, 0.00038573795661491964, 0.001413193989366833, 0, 0, 0, 0, 0, 0, 0, 0, 0, 0, 0, 0, -0.0037081927349770787, 0, 0, 0, -0.0006396880759096714, -0.0018974319896365294, 0.0005133138400818046, 0, 0, 0, 0, 0.008780874688420578, -0.0040177583008222575, 0, 0, 0, -0.0017304850915738938, -0.0016970106504695102, 0.002203151928646299, 0, 0, 0, 0, 0, 0, 0, -0.003507476462986894, 0, 0]
Start Date: 2023-12-26
End Date: 2024-08-14
Sharpe Ratio: 0.09
Annualized Sharpe: 1.422
Sharpe 95% CI: (np.float64(-0.778), np.float64(3.297))
Sortino Ratio: 0.094
CAGR: 0.046
Calmar Ratio: 4.35
Daily Win Rate (%): 0.561
Max Drawdown: 0.011
Profit Factor: 1.647
Expectancy: 0.000882
Average Win: 0.004001
Average Loss: 0.003104
Total Trades: 41
Total Days: 200

Rolling 3 - Variant 4 - atr_0.5_2 - Test Metrics
Contracts: [5, 4, 4, 3, 3, 3, 3, 3, 3, 3, 4, 4, 5, 5, 7, 8, 5, 5, 5, 5, 5, 5, 5, 6, 6, 6, 6, 7, 4, 5, 4, 5, 7, 6, 5, 6, 6, 5, 3, 4, 4, 2, 5, 2, 3, 3, 3, 6, 4, 5, 5, 4, 4, 9, 7, 6, 6, 6, 6, 4, 5, 2, 3, 7, 6, 7, 6, 6, 5, 8, 5, 1, 1, 4, 4, 5, 3, 5, 5, 5, 6, 6, 6, 5, 5, 7, 7, 6, 6, 4, 6, 7, 7, 6, 6, 5, 6, 6, 6, 6, 6, 5]
Trade Returns: [0.0003764289823291135, -0.0007564340310408197, -0.0003512103248116521, -0.0038826824262811126, -0.00372354741956034, 0.002177798939981728, 0.00855790949450892, 0.0012108244227341395, -0.004401926808313464, 0.0006127890628787778, 0.0008837363442385626, -0.00412318597190211, 0.007062418718033955, 0.0006280165145083181, -0.003938448669466504, -0.0037916676359068605, -0.004034828578092203, 0.004951284804905792, 0.00018680240975105927, -0.00035171272565833286, -0.004858419465977606, -0.003346924222645234, 0.007407249985993073, -0.000708980811027607, -0.005438951258629107, 0.0004564327289114889, -0.0019156535436705671, -0.004537770610826771, -0.0051162871364401055, 0.0007306942376749037, -0.0019991566058069335, -0.0036463794425577872, -0.0015000791057340976, 0.005193117205415756, -0.005487035533690008, 0.008644767899291899, 0.0013773188453998796, 0.007275148919859145, 0.005353016312561552, -0.004434185514218102, 0.008522096272021263, 0.008797823919880689, 0.0006128131570985102, 0.0007559779675484143, 0.0021954610563839154, -0.0004808747340400918, 0.0034822916686554225, -0.0042920986193368945, -0.00046621739105515527, 0.008132024002278651, -0.0018051807930280586, -0.00393602814488079, 0.00044626935979419027, -0.004071821129625359, -0.0016843878302979182, 0.0003336113427856449, 0.0033235008308752164, -0.00413774922488839, -0.0036370123554834294, -0.0038813194175710566, 0.0025029232984470234]
Daily Returns: [0, 0.0003764289823291135, 0, 0, 0, 0, 0, 0, 0, 0, 0, 0, 0, 0, 0, 0, 0, 0, 0, 0, 0, 0, 0, 0, 0, 0, 0, 0, 0, 0, 0, 0, 0, 0, 0, 0, 0, 0, 0, 0, -0.0007564340310408197, 0, 0, -0.0003512103248116521, 0, 0, 0, -0.0038826824262811126, 0, 0, -0.00372354741956034, 0, 0, 0, 0, 0, 0, 0, 0, 0, 0.002177798939981728, 0.00855790949450892, 0, 0.0012108244227341395, 0, 0, 0, -0.004401926808313464, 0, 0.0006127890628787778, 0, 0, 0, 0, 0, 0, 0.0008837363442385626, 0, 0, 0, 0, 0, 0, 0, 0, 0, 0, 0, 0, 0, 0, 0, 0, 0, 0, 0, 0, 0, 0, 0, 0, 0, 0, 0, 0, 0, 0, 0, -0.00412318597190211, 0.0076904352325422734, 0, 0, 0, 0, 0, 0, 0, 0, -0.003938448669466504, 0, 0, 0, 0, 0, 0, 0, -0.0037916676359068605, -0.004034828578092203, 0, 0, 0, 0, 0, 0, 0, 0.004951284804905792, 0, 0, 0, 0, 0, 0.00018680240975105927, 0, 0, 0, 0, 0, 0, -0.00035171272565833286, 0, 0, 0, 0, 0, 0, -0.004858419465977606, 0, 0, 0, 0, -0.003346924222645234, 0.007407249985993073, 0, 0, 0, 0, 0, 0, 0, 0, 0, 0, 0, 0, 0, 0, 0, 0, 0, 0, 0, 0, 0, 0, 0, 0, 0, 0, 0, -0.000708980811027607, 0, 0, 0, 0, 0, -0.0068981720733881854, 0, -0.004537770610826771, -0.0051162871364401055, 0, 0, 0, 0, 0, 0, 0, 0, 0.0007306942376749037, 0, 0, 0, 0, 0, 0, 0, 0, -0.0019991566058069335, 0, 0, -0.0036463794425577872, 0, 0, 0, 0, 0, 0, 0, -0.0015000791057340976, 0, 0, 0, 0.005193117205415756, 0, 0, 0, 0, -0.005487035533690008, 0.008644767899291899, 0, 0, 0, 0, 0, 0, 0, 0, 0, 0, 0, 0, 0, 0, 0, 0, 0, 0, 0, 0, 0, 0, 0.0013773188453998796, 0, 0, 0, 0, 0, 0.007275148919859145, 0, 0, 0, 0, 0, 0, 0, 0, 0.005353016312561552, 0, 0, 0, 0.004087910757803161, 0, 0, 0.008797823919880689, 0, 0, 0.0006128131570985102, 0.0007559779675484143, 0, 0, 0, 0, 0.0021954610563839154, 0, 0, 0.0030014169346153307, 0, 0, -0.0042920986193368945, 0, 0, 0, 0, 0, 0, -0.00046621739105515527, 0, 0, 0, 0, 0, 0, 0, 0, 0.008132024002278651, 0, -0.0018051807930280586, 0, 0, 0, 0, 0, 0, 0, 0, 0, 0, 0, 0, 0, 0, 0, 0, 0, 0, 0, 0, 0, 0, 0, 0, 0, 0, 0, 0, 0, 0, 0, -0.00393602814488079, 0, 0, 0, 0, 0.00044626935979419027, 0, 0, 0, 0, 0, -0.004071821129625359, 0, 0, 0, 0, 0, 0, 0, 0, 0, 0, 0, 0, 0, -0.0016843878302979182, 0, 0, 0, 0, 0, 0, 0, 0, 0, 0.0036571121736608614, 0, 0, 0, 0, -0.00413774922488839, -0.0036370123554834294, -0.0038813194175710566, 0, 0, 0, 0, 0, 0.0025029232984470234]
Start Date: 2024-08-15
End Date: 2025-11-19
Sharpe Ratio: 0.002
Annualized Sharpe: 0.037
Sharpe 95% CI: (np.float64(-1.617), np.float64(1.542))
Sortino Ratio: 0.002
CAGR: 0.001
Calmar Ratio: 0.019
Daily Win Rate (%): 0.475
Max Drawdown: 0.031
Profit Factor: 1.014
Expectancy: 2.4e-05
Average Win: 0.003524
Average Loss: 0.003148
Total Trades: 61
Total Days: 396



Rolling 4 - Variant 0 - atr_0.5_1 - Fit Metrics
Contracts: [5, 4, 4, 3, 3, 3, 3, 3, 3, 3, 4, 4, 5, 5, 7, 7, 5, 5, 5, 5, 5, 5, 5, 6, 6, 6, 6, 7, 4, 5, 4, 5, 7, 6, 5, 6, 6, 5, 3, 4, 4, 2, 5, 2, 3, 3, 3, 6, 4, 5, 5, 4, 4, 10, 7, 6, 6, 6, 6, 5, 5, 2, 3, 7, 6, 7, 6, 7, 5, 8, 5, 1, 1, 4, 4, 5, 3, 5, 5, 6, 6, 6, 6, 5, 5, 7, 7, 6, 6, 4, 7, 7, 7, 6, 6, 5, 6, 6, 6, 6, 6, 5]
Trade Returns: [-0.00431, -0.00418604184033183, 0.001140622453967754, 0.0028874903549382714, -0.0034922791178539016, 0.003221019868987731, 0.0030002405002405004, 0.0029912659828916373, 0.0026948469121209524, 0.004643295149386494, 0.0022651478023882708, 0.004135877901777343, 0.00409702891997385, -0.004039372181748355, 0.0033044220770485962, 0.00173906622830537, 0.00023276609529059586, 0.0035294642389641227, -0.0013140629861308384, 0.00424729924013011, 0.004034728725187575, 0.004051840063889885, -0.004329403095062639, 0.004035988528078454, -0.003582082675850313, 0.004706584980541749, -0.004214779827929942, 0.0031754371499301062, 0.0032171746449782515, 0.00038821954484603946, 0.0014222820362337592, 0.0035220207426977725, -0.0006391575295039876, 0.0038716603598321904, 0.0005166178749784526, 0.004364597218453991, -0.003991353647206052, -0.0017190667923127395, -0.0016857939441093995, 0.0022080339989751178, -0.0034842539990601685, 0.004294579456415279, -0.0007466709333577231, 0.00206642462534073, -0.003832592073597953]
Daily Returns: [-0.00849604184033183, 0, 0, 0, 0, 0, 0, 0, 0.001140622453967754, 0, 0, 0, 0, -0.0006047887629156302, 0.003221019868987731, 0, 0, 0.005991506483132137, 0, 0, 0, 0, 0, 0.0026948469121209524, 0, 0, 0, 0, 0, 0, 0, 0, 0.004643295149386494, 0.0022651478023882708, 0, 0, 0, 0, 0, 0, 0, 0, 0, 0, 0.004135877901777343, 0, 0, 0, 0, 0, 0, 0, 0, 0, 0, 0, 0, 0, 0, 0, 0, 0, 0, 0, 0, 0, 0, 0, 0, 0, 0, 0, 0, 0, 0, 0, 0, 0, 0, 0.00409702891997385, -0.004039372181748355, 0, 0, 0, 0, 0, 0, 0, 0, 0, 0, 0.0033044220770485962, 0.0019718323235959657, 0, 0, 0.0022154012528332843, 0, 0, 0, 0, 0, 0, 0, 0, 0.00424729924013011, 0, 0, 0, 0.004034728725187575, 0.004051840063889885, 0, 0, 0, 0, 0, 0, 0, -0.004329403095062639, 0, 0.004035988528078454, -0.003582082675850313, 0.004706584980541749, -0.004214779827929942, 0, 0, 0, 0, 0, 0, 0, 0, 0, 0, 0, 0, 0, 0, 0, 0, 0, 0, 0, 0, 0, 0, 0, 0, 0, 0, 0.006392611794908357, 0, 0, 0, 0, 0, 0, 0, 0.00038821954484603946, 0.0014222820362337592, 0, 0, 0, 0, 0, 0, 0, 0, 0, 0, 0, 0, 0.0035220207426977725, 0, 0, 0, -0.0006391575295039876, 0.0038716603598321904, 0.0005166178749784526, 0, 0, 0, 0, 0.004364597218453991, -0.003991353647206052, 0, 0, 0, -0.0017190667923127395, -0.0016857939441093995, 0.0022080339989751178, 0, 0, 0, 0, 0, 0, 0, -0.0034842539990601685, 0, 0, 0, 0.004294579456415279, 0, 0, 0, 0, 0, 0, 0, 0, 0, 0, 0, 0, 0, 0, 0, 0, 0, 0, 0, 0, 0, 0, 0, 0, 0, 0, 0, 0, 0, 0, 0, 0, 0, 0, 0, 0, 0, 0, -0.0007466709333577231, 0, 0, 0.00206642462534073, 0, 0, 0, -0.003832592073597953, 0, 0]
Start Date: 2023-12-26
End Date: 2024-10-11
Sharpe Ratio: 0.123
Annualized Sharpe: 1.95
Sharpe 95% CI: (np.float64(0.039), np.float64(3.972))
Sortino Ratio: 0.082
CAGR: 0.046
Calmar Ratio: 5.262
Daily Win Rate (%): 0.667
Max Drawdown: 0.009
Profit Factor: 1.975
Expectancy: 0.000988
Average Win: 0.003
Average Loss: 0.003038
Total Trades: 45
Total Days: 250

Rolling 4 - Variant 0 - atr_0.5_1 - Test Metrics
Contracts: [5, 4, 4, 3, 3, 3, 3, 3, 3, 3, 4, 4, 5, 5, 7, 7, 5, 5, 5, 5, 5, 5, 5, 6, 6, 6, 6, 7, 4, 5, 4, 5, 7, 6, 5, 6, 6, 5, 3, 4, 4, 2, 5, 2, 3, 3, 3, 6, 4, 5, 5, 4, 4, 10, 7, 6, 6, 6, 6, 5, 5, 2, 3, 7, 6, 7, 6, 7, 5, 8, 5, 1, 1, 4, 4, 5, 3, 5, 5, 6, 6, 6, 6, 5, 5, 7, 7, 6, 6, 4, 7, 7, 7, 6, 6, 5, 6, 6, 6, 6, 6, 5]
Trade Returns: [-0.0036753252462162116, 0.0021493779130233744, 0.004170382214569048, 0.0011951849486756636, -0.004363586255468837, 0.0006074283100037554, 0.002950770543010939, -0.004056625631948586, 0.0033881639124336855, 0.0006178371884593855, 0.005152486793161175, -0.0037302047417081137, -0.003982382370092999, 0.004057167790680763, 0.0002297037587191392, -0.00034756514472387143, -0.004801106515407429, -0.0033198208133370984, 0.0035967240029781793, -0.0006974962552455636, -0.005396170794186434, 0.0004527348609646718, -0.0022167703830319927, -0.004501884801984694, -0.005076248891064273, 0.0007243008753582734, -0.001981677226580802, -0.0036144344689845076, -0.0014881817441955159, 0.004320360574958257, 0.005229983427065505, 0.004189245800618928, 0.002191250138287487, 0.0035604553113301775, 0.003102873522338191, -0.004381181999206558, 0.004146366347058949, 0.004301776112106893, 0.0006108164134005757, 0.0007535162501978821, 0.0021883172831316197, 0.0042472496538291825, 0.003454643597829539, -0.004258138310221231, -0.0004625127712287051, 0.004632957146568711, 0.004677660490191637, -0.0038930537549555643, 0.0004413778533946564, -0.004027210063500203, -0.001665858977465463, 0.003799945390006371, 0.0032755298651252485, -0.004078220495034963, -0.0035844733319721402, -0.003825049520730401, 0.002466497535407091]
Daily Returns: [-0.0036753252462162116, 0, 0, 0, 0, 0, 0, 0, 0, 0, 0.0021493779130233744, 0.004170382214569048, 0, 0.0011951849486756636, 0, 0, 0, -0.004363586255468837, 0, 0.0006074283100037554, 0, 0, 0, 0, 0, 0, 0.002950770543010939, 0, 0, 0, 0, 0, 0, 0, 0, 0, 0, 0, 0, 0, 0, 0, 0, 0, 0, 0, 0, 0, 0, 0, 0, 0, 0, 0, 0, 0, 0, 0, -0.004056625631948586, 0.004006001100893071, 0, 0, 0, 0, 0, 0, 0, 0, 0.005152486793161175, 0, 0, 0, 0, 0, 0, 0, -0.0037302047417081137, -0.003982382370092999, 0, 0, 0, 0, 0, 0, 0, 0.004057167790680763, 0, 0, 0, 0, 0, 0.0002297037587191392, 0, 0, 0, 0, 0, 0, -0.00034756514472387143, 0, 0, 0, 0, 0, 0, -0.004801106515407429, 0, 0, 0, 0, -0.0033198208133370984, 0.0035967240029781793, 0, 0, 0, 0, 0, 0, 0, 0, 0, 0, 0, 0, 0, 0, 0, 0, 0, 0, 0, 0, 0, 0, 0, 0, 0, 0, 0, -0.0006974962552455636, 0, 0, 0, 0, 0, -0.007160206316253755, 0, -0.004501884801984694, -0.005076248891064273, 0, 0, 0, 0, 0, 0, 0, 0, 0.0007243008753582734, 0, 0, 0, 0, 0, 0, 0, 0, -0.001981677226580802, 0, 0, -0.0036144344689845076, 0, 0, 0, 0, 0, 0, 0, -0.0014881817441955159, 0, 0, 0, 0.004320360574958257, 0, 0, 0, 0, 0.005229983427065505, 0.004189245800618928, 0, 0, 0, 0, 0, 0, 0, 0, 0, 0, 0, 0, 0, 0, 0, 0, 0, 0, 0, 0, 0, 0, 0.002191250138287487, 0, 0, 0, 0, 0, 0.0035604553113301775, 0, 0, 0, 0, 0, 0, 0, 0, 0.003102873522338191, 0, 0, 0, -0.00023481565214760955, 0, 0, 0.004301776112106893, 0, 0, 0.0006108164134005757, 0.0007535162501978821, 0, 0, 0, 0, 0.0021883172831316197, 0, 0, 0.007701893251658721, 0, 0, -0.004258138310221231, 0, 0, 0, 0, 0, 0, -0.0004625127712287051, 0, 0, 0, 0, 0, 0, 0, 0, 0.004632957146568711, 0, 0.004677660490191637, 0, 0, 0, 0, 0, 0, 0, 0, 0, 0, 0, 0, 0, 0, 0, 0, 0, 0, 0, 0, 0, 0, 0, 0, 0, 0, 0, 0, 0, 0, 0, -0.0038930537549555643, 0, 0, 0, 0, 0.0004413778533946564, 0, 0, 0, 0, 0, -0.004027210063500203, 0, 0, 0, 0, 0, 0, 0, 0, 0, 0, 0, 0, 0, -0.001665858977465463, 0, 0, 0, 0, 0, 0, 0, 0, 0, 0.007075475255131619, 0, 0, 0, 0, -0.004078220495034963, -0.0035844733319721402, -0.003825049520730401, 0, 0, 0, 0, 0, 0.002466497535407091]
Start Date: 2024-10-13
End Date: 2025-11-19
Sharpe Ratio: 0.015
Annualized Sharpe: 0.239
Sharpe 95% CI: (np.float64(-1.478), np.float64(1.813))
Sortino Ratio: 0.013
CAGR: 0.005
Calmar Ratio: 0.164
Daily Win Rate (%): 0.561
Max Drawdown: 0.032
Profit Factor: 1.089
Expectancy: 0.000131
Average Win: 0.00284
Average Loss: 0.003337
Total Trades: 57
Total Days: 346



Rolling 4 - Variant 1 - atr_0.5_0.5 - Fit Metrics
Contracts: [5, 4, 4, 3, 4, 3, 3, 3, 3, 3, 4, 4, 5, 5, 7, 7, 5, 5, 5, 5, 5, 5, 5, 5, 6, 6, 6, 7, 4, 5, 4, 5, 7, 6, 5, 6, 6, 5, 3, 3, 4, 2, 5, 2, 3, 3, 3, 6, 4, 5, 5, 4, 4, 9, 7, 6, 6, 6, 6, 4, 5, 2, 3, 7, 6, 7, 6, 6, 5, 8, 5, 1, 1, 4, 4, 5, 3, 5, 5, 5, 6, 6, 6, 5, 5, 7, 6, 6, 6, 4, 6, 7, 7, 6, 6, 5, 6, 6, 6, 6, 6, 5]
Trade Returns: [0.00199, 0.0019481232347628218, 0.0017237026006636355, 0.0018576809948913774, -0.0034529210166603943, 0.001559496428763118, 0.0014528666826111511, 0.0014507589233069777, 0.002024021308003849, 0.002263290164266283, 0.002072054866904614, 0.002005172164671816, 0.001973425322100994, -0.004048495979835678, 0.0016055434323973216, 0.0020916800980548362, 0.002136083125821149, 0.002545183082854227, -0.0013203293833479286, 0.002080323830595537, 0.0016394619460510316, 0.00197656374148312, -0.004369908069221205, 0.001972754969825021, 0.0016193671652919527, 0.0022933023165648933, -0.004258080214120606, 0.0015588946933754715, 0.0015825178324160164, 0.0003928626722402734, 0.0014392859284651453, 0.0017289106703730394, -0.0006479456651278156, 0.0018987854719755477, 0.0005227998838222261, 0.0021237795624719823, -0.004054236243523816, -0.001746260430666881, -0.0012843809206473074, 0.0023567036494423037, -0.003538044648416512, 0.0021293435204757286, 0.0013738556054472986, 0.0010278072472090557, -0.0038943288473425033]
Daily Returns: [0.003938123234762822, 0, 0, 0, 0, 0, 0, 0, 0.0017237026006636355, 0, 0, 0, 0, -0.0015952400217690169, 0.001559496428763118, 0, 0, 0.002903625605918129, 0, 0, 0, 0, 0, 0.002024021308003849, 0, 0, 0, 0, 0, 0, 0, 0, 0.002263290164266283, 0.002072054866904614, 0, 0, 0, 0, 0, 0, 0, 0, 0, 0, 0.002005172164671816, 0, 0, 0, 0, 0, 0, 0, 0, 0, 0, 0, 0, 0, 0, 0, 0, 0, 0, 0, 0, 0, 0, 0, 0, 0, 0, 0, 0, 0, 0, 0, 0, 0, 0, 0.001973425322100994, -0.004048495979835678, 0, 0, 0, 0, 0, 0, 0, 0, 0, 0, 0.0016055434323973216, 0.004227763223875985, 0, 0, 0.0012248536995062983, 0, 0, 0, 0, 0, 0, 0, 0, 0.002080323830595537, 0, 0, 0, 0.0016394619460510316, 0.00197656374148312, 0, 0, 0, 0, 0, 0, 0, -0.004369908069221205, 0, 0.001972754969825021, 0.0016193671652919527, 0.0022933023165648933, -0.004258080214120606, 0, 0, 0, 0, 0, 0, 0, 0, 0, 0, 0, 0, 0, 0, 0, 0, 0, 0, 0, 0, 0, 0, 0, 0, 0, 0, 0.003141412525791488, 0, 0, 0, 0, 0, 0, 0, 0.0003928626722402734, 0.0014392859284651453, 0, 0, 0, 0, 0, 0, 0, 0, 0, 0, 0, 0, 0.0017289106703730394, 0, 0, 0, -0.0006479456651278156, 0.0018987854719755477, 0.0005227998838222261, 0, 0, 0, 0, 0.0021237795624719823, -0.004054236243523816, 0, 0, 0, -0.001746260430666881, -0.0012843809206473074, 0.0023567036494423037, 0, 0, 0, 0, 0, 0, 0, -0.003538044648416512, 0, 0, 0, 0.0021293435204757286, 0, 0, 0, 0, 0, 0, 0, 0, 0, 0, 0, 0, 0, 0, 0, 0, 0, 0, 0, 0, 0, 0, 0, 0, 0, 0, 0, 0, 0, 0, 0, 0, 0, 0, 0, 0, 0, 0, 0.0013738556054472986, 0, 0, 0.0010278072472090557, 0, 0, 0, -0.0038943288473425033, 0, 0]
Start Date: 2023-12-26
End Date: 2024-10-11
Sharpe Ratio: 0.115
Annualized Sharpe: 1.82
Sharpe 95% CI: (np.float64(-0.214), np.float64(3.976))
Sortino Ratio: 0.077
CAGR: 0.028
Calmar Ratio: 3.429
Daily Win Rate (%): 0.756
Max Drawdown: 0.008
Profit Factor: 1.852
Expectancy: 0.000618
Average Win: 0.001777
Average Loss: 0.002965
Total Trades: 45
Total Days: 250

Rolling 4 - Variant 1 - atr_0.5_0.5 - Test Metrics
Contracts: [5, 4, 4, 3, 4, 3, 3, 3, 3, 3, 4, 4, 5, 5, 7, 7, 5, 5, 5, 5, 5, 5, 5, 5, 6, 6, 6, 7, 4, 5, 4, 5, 7, 6, 5, 6, 6, 5, 3, 3, 4, 2, 5, 2, 3, 3, 3, 6, 4, 5, 5, 4, 4, 9, 7, 6, 6, 6, 6, 4, 5, 2, 3, 7, 6, 7, 6, 6, 5, 8, 5, 1, 1, 4, 4, 5, 3, 5, 5, 5, 6, 6, 6, 5, 5, 7, 6, 6, 6, 4, 6, 7, 7, 6, 6, 5, 6, 6, 6, 6, 6, 5]
Trade Returns: [0.0017712435119952225, 0.0019971638715780807, 0.0020543773779539572, 0.0016655491952267821, -0.004420215117135701, 0.0019005631586736565, 0.001449928864079859, -0.0041294074319667565, 0.0016469312471558732, 0.0006289680556054088, 0.0022532576166317975, 0.001702243029566548, -0.0040247807066437, 0.001995737915637791, 0.00018559457445191382, -0.0003523920293929861, -0.004867806405008428, -0.003364583232967533, 0.001759588693723166, 0.0017925962283697758, -0.005467949791446786, 0.0027593829648681085, -0.0019257950188422545, -0.0045620973900103775, -0.005143425036759506, 0.0005825616601730198, -0.002010778479564784, -0.0036676199723944696, -0.0015134496009459118, 0.0021377754299002206, 0.002605184316790413, 0.0020816847177767017, 0.0010995279307631787, 0.0017805299150245475, 0.0012670424577087749, -0.004484951574883094, 0.0020574732691062705, 0.0021417508665830813, 0.0006280032538418869, 0.0017308282577080695, 0.0025217619441061647, 0.0018045394713714891, 0.002444606465145838, -0.004387227256816148, -0.0004765960106570325, 0.001981552411475025, 0.0023413699891171634, -0.004031642164517073, 0.0020689149918190915, -0.004164379929482385, -0.0017228366897650686, 0.0019003521240700478, 0.002014193309707178, -0.004231266244516787, -0.0037195615390274387, -0.003969742527934403, 0.0017940969761310957]
Daily Returns: [0.0017712435119952225, 0, 0, 0, 0, 0, 0, 0, 0, 0, 0.0019971638715780807, 0.0020543773779539572, 0, 0.0016655491952267821, 0, 0, 0, -0.004420215117135701, 0, 0.0019005631586736565, 0, 0, 0, 0, 0, 0, 0.001449928864079859, 0, 0, 0, 0, 0, 0, 0, 0, 0, 0, 0, 0, 0, 0, 0, 0, 0, 0, 0, 0, 0, 0, 0, 0, 0, 0, 0, 0, 0, 0, 0, -0.0041294074319667565, 0.002275899302761282, 0, 0, 0, 0, 0, 0, 0, 0, 0.0022532576166317975, 0, 0, 0, 0, 0, 0, 0, 0.001702243029566548, -0.0040247807066437, 0, 0, 0, 0, 0, 0, 0, 0.001995737915637791, 0, 0, 0, 0, 0, 0.00018559457445191382, 0, 0, 0, 0, 0, 0, -0.0003523920293929861, 0, 0, 0, 0, 0, 0, -0.004867806405008428, 0, 0, 0, 0, -0.003364583232967533, 0.001759588693723166, 0, 0, 0, 0, 0, 0, 0, 0, 0, 0, 0, 0, 0, 0, 0, 0, 0, 0, 0, 0, 0, 0, 0, 0, 0, 0, 0, 0.0017925962283697758, 0, 0, 0, 0, 0, -0.004634361845420932, 0, -0.0045620973900103775, -0.005143425036759506, 0, 0, 0, 0, 0, 0, 0, 0, 0.0005825616601730198, 0, 0, 0, 0, 0, 0, 0, 0, -0.002010778479564784, 0, 0, -0.0036676199723944696, 0, 0, 0, 0, 0, 0, 0, -0.0015134496009459118, 0, 0, 0, 0.0021377754299002206, 0, 0, 0, 0, 0.002605184316790413, 0.0020816847177767017, 0, 0, 0, 0, 0, 0, 0, 0, 0, 0, 0, 0, 0, 0, 0, 0, 0, 0, 0, 0, 0, 0, 0.0010995279307631787, 0, 0, 0, 0, 0, 0.0017805299150245475, 0, 0, 0, 0, 0, 0, 0, 0, 0.0012670424577087749, 0, 0, 0, -0.002427478305776824, 0, 0, 0.0021417508665830813, 0, 0, 0.0006280032538418869, 0.0017308282577080695, 0, 0, 0, 0, 0.0025217619441061647, 0, 0, 0.0042491459365173265, 0, 0, -0.004387227256816148, 0, 0, 0, 0, 0, 0, -0.0004765960106570325, 0, 0, 0, 0, 0, 0, 0, 0, 0.001981552411475025, 0, 0.0023413699891171634, 0, 0, 0, 0, 0, 0, 0, 0, 0, 0, 0, 0, 0, 0, 0, 0, 0, 0, 0, 0, 0, 0, 0, 0, 0, 0, 0, 0, 0, 0, 0, -0.004031642164517073, 0, 0, 0, 0, 0.0020689149918190915, 0, 0, 0, 0, 0, -0.004164379929482385, 0, 0, 0, 0, 0, 0, 0, 0, 0, 0, 0, 0, 0, -0.0017228366897650686, 0, 0, 0, 0, 0, 0, 0, 0, 0, 0.003914545433777226, 0, 0, 0, 0, -0.004231266244516787, -0.0037195615390274387, -0.003969742527934403, 0, 0, 0, 0, 0, 0.0017940969761310957]
Start Date: 2024-10-13
End Date: 2025-11-19
Sharpe Ratio: -0.037
Annualized Sharpe: -0.589
Sharpe 95% CI: (np.float64(-2.137), np.float64(1.116))
Sortino Ratio: -0.029
CAGR: -0.01
Calmar Ratio: -0.377
Daily Win Rate (%): 0.614
Max Drawdown: 0.028
Profit Factor: 0.816
Expectancy: -0.000247
Average Win: 0.001787
Average Loss: 0.003484
Total Trades: 57
Total Days: 346



Rolling 4 - Variant 2 - atr_0.25_5 - Fit Metrics
Contracts: [5, 4, 4, 3, 3, 3, 3, 3, 3, 3, 4, 4, 5, 5, 7, 7, 5, 5, 5, 5, 5, 5, 5, 5, 6, 6, 6, 7, 4, 5, 4, 5, 7, 6, 5, 6, 6, 5, 3, 4, 4, 2, 5, 2, 3, 3, 3, 6, 4, 5, 5, 4, 4, 9, 7, 6, 6, 6, 6, 4, 5, 2, 3, 7, 6, 7, 6, 6, 5, 8, 5, 1, 1, 4, 4, 5, 3, 5, 5, 5, 6, 6, 6, 5, 5, 7, 7, 6, 6, 4, 7, 7, 7, 6, 6, 5, 6, 6, 6, 6, 6, 5]
Trade Returns: [-0.00221, -0.0021327132963850108, -0.0018691139438304215, -0.0015414443815556548, -0.0017850466162511612, -0.001697618501020988, 0.0027776937274955307, -0.0016052720513687062, 0.0026836416374231326, 0.011772013725975026, 0.0022908884295022953, 0.010546703857675012, -0.0022543933508976845, -0.0021233734414983405, -0.001816126027429362, 0.0017509571573063607, 0.00023435486012924383, -0.0027920744136643743, -0.0013314171369049257, 0.008224619354029197, 0.00864367261773966, -0.002153223794974123, -0.002267232703675, 0.0014956001530381624, -0.0018638142205552087, 0.012029165361880133, -0.0021503943975565436, 0.0036978391707366267, 0.0028911710577757487, 0.00038582813352313174, 0.0014135242351009764, -0.0019067024861123764, -0.0006386824892650215, -0.00212269399540083, 0.0005134339029913966, 0.01117229662790858, -0.00205858975165402, -0.0015242068107978021, -0.0020736370714276157, 0.0022173345492909834, -0.001771238083919114, -0.0023165369982678843, -0.0014490296126158072, -0.00109842629309931, -0.001971694713044216]
Daily Returns: [-0.004342713296385011, 0, 0, 0, 0, 0, 0, 0, -0.0018691139438304215, 0, 0, 0, 0, -0.003326490997806816, -0.001697618501020988, 0, 0, 0.0011724216761268245, 0, 0, 0, 0, 0, 0.0026836416374231326, 0, 0, 0, 0, 0, 0, 0, 0, 0.011772013725975026, 0.0022908884295022953, 0, 0, 0, 0, 0, 0, 0, 0, 0, 0, 0.010546703857675012, 0, 0, 0, 0, 0, 0, 0, 0, 0, 0, 0, 0, 0, 0, 0, 0, 0, 0, 0, 0, 0, 0, 0, 0, 0, 0, 0, 0, 0, 0, 0, 0, 0, 0, -0.0022543933508976845, -0.0021233734414983405, 0, 0, 0, 0, 0, 0, 0, 0, 0, 0, -0.001816126027429362, 0.0019853120174356045, 0, 0, -0.0041234915505693, 0, 0, 0, 0, 0, 0, 0, 0, 0.008224619354029197, 0, 0, 0, 0.00864367261773966, -0.002153223794974123, 0, 0, 0, 0, 0, 0, 0, -0.002267232703675, 0, 0.0014956001530381624, -0.0018638142205552087, 0.012029165361880133, -0.0021503943975565436, 0, 0, 0, 0, 0, 0, 0, 0, 0, 0, 0, 0, 0, 0, 0, 0, 0, 0, 0, 0, 0, 0, 0, 0, 0, 0, 0.006589010228512375, 0, 0, 0, 0, 0, 0, 0, 0.00038582813352313174, 0.0014135242351009764, 0, 0, 0, 0, 0, 0, 0, 0, 0, 0, 0, 0, -0.0019067024861123764, 0, 0, 0, -0.0006386824892650215, -0.00212269399540083, 0.0005134339029913966, 0, 0, 0, 0, 0.01117229662790858, -0.00205858975165402, 0, 0, 0, -0.0015242068107978021, -0.0020736370714276157, 0.0022173345492909834, 0, 0, 0, 0, 0, 0, 0, -0.001771238083919114, 0, 0, 0, -0.0023165369982678843, 0, 0, 0, 0, 0, 0, 0, 0, 0, 0, 0, 0, 0, 0, 0, 0, 0, 0, 0, 0, 0, 0, 0, 0, 0, 0, 0, 0, 0, 0, 0, 0, 0, 0, 0, 0, 0, 0, -0.0014490296126158072, 0, 0, -0.00109842629309931, 0, 0, 0, -0.001971694713044216, 0, 0]
Start Date: 2023-12-26
End Date: 2024-10-11
Sharpe Ratio: 0.074
Annualized Sharpe: 1.178
Sharpe 95% CI: (np.float64(-0.794), np.float64(2.624))
Sortino Ratio: 0.165
CAGR: 0.035
Calmar Ratio: 2.89
Daily Win Rate (%): 0.4
Max Drawdown: 0.012
Profit Factor: 1.677
Expectancy: 0.00076
Average Win: 0.004708
Average Loss: 0.001871
Total Trades: 45
Total Days: 250

Rolling 4 - Variant 2 - atr_0.25_5 - Test Metrics
Contracts: [5, 4, 4, 3, 3, 3, 3, 3, 3, 3, 4, 4, 5, 5, 7, 7, 5, 5, 5, 5, 5, 5, 5, 5, 6, 6, 6, 7, 4, 5, 4, 5, 7, 6, 5, 6, 6, 5, 3, 4, 4, 2, 5, 2, 3, 3, 3, 6, 4, 5, 5, 4, 4, 9, 7, 6, 6, 6, 6, 4, 5, 2, 3, 7, 6, 7, 6, 6, 5, 8, 5, 1, 1, 4, 4, 5, 3, 5, 5, 5, 6, 6, 6, 5, 5, 7, 7, 6, 6, 4, 7, 7, 7, 6, 6, 5, 6, 6, 6, 6, 6, 5]
Trade Returns: [-0.001888687188598355, 0.002163813896493685, -0.002234595799346841, 0.001209920187720944, -0.0022880766001508587, 0.0006141443666830836, 0.0008856897017206856, -0.0021000603332250434, 0.0061834808833544615, 0.0006278558721964229, -0.002637252599896374, -0.001991034522908541, -0.0021012224238742216, 0.004959080280592394, -0.002107784803727124, -0.0019655198252358915, -0.0025064972567138324, -0.002389052110715943, -0.0019801292294865562, -0.002045061061340213, -0.0028183653091929713, 0.0004602395566229289, -0.0019297688152459622, -0.002352022641877715, -0.002630414188318244, 0.0007307199349776448, -0.0023116060585945284, -0.001886445381144157, -0.0015682575243934798, -0.00236251347907068, -0.0028147002147439126, 0.010747764090032513, 0.0013773673501330484, 0.009167321059826079, 0.006727700942464001, -0.0022812493331807334, 0.010662394450266465, 0.011127035579965952, 0.0006088291644390767, 0.00075106622882988, 0.0021812074161051773, -0.00047775953528413404, 0.0034597219324368463, -0.0022229195098991757, -0.00046224552815343734, 0.009340161557502315, -0.0025106001029026825, -0.002055703541947083, 0.0004414153208844233, -0.002047715929382084, -0.0027491162205414725, 0.00032966658203960336, 0.0032842153111860384, -0.0021067972528572023, -0.0018842296035929006, -0.0020015087130071533, 0.0024594242478339933]
Daily Returns: [-0.001888687188598355, 0, 0, 0, 0, 0, 0, 0, 0, 0, 0.002163813896493685, -0.002234595799346841, 0, 0.001209920187720944, 0, 0, 0, -0.0022880766001508587, 0, 0.0006141443666830836, 0, 0, 0, 0, 0, 0, 0.0008856897017206856, 0, 0, 0, 0, 0, 0, 0, 0, 0, 0, 0, 0, 0, 0, 0, 0, 0, 0, 0, 0, 0, 0, 0, 0, 0, 0, 0, 0, 0, 0, 0, -0.0021000603332250434, 0.006811336755550884, 0, 0, 0, 0, 0, 0, 0, 0, -0.002637252599896374, 0, 0, 0, 0, 0, 0, 0, -0.001991034522908541, -0.0021012224238742216, 0, 0, 0, 0, 0, 0, 0, 0.004959080280592394, 0, 0, 0, 0, 0, -0.002107784803727124, 0, 0, 0, 0, 0, 0, -0.0019655198252358915, 0, 0, 0, 0, 0, 0, -0.0025064972567138324, 0, 0, 0, 0, -0.002389052110715943, -0.0019801292294865562, 0, 0, 0, 0, 0, 0, 0, 0, 0, 0, 0, 0, 0, 0, 0, 0, 0, 0, 0, 0, 0, 0, 0, 0, 0, 0, 0, -0.002045061061340213, 0, 0, 0, 0, 0, -0.004287894567816005, 0, -0.002352022641877715, -0.002630414188318244, 0, 0, 0, 0, 0, 0, 0, 0, 0.0007307199349776448, 0, 0, 0, 0, 0, 0, 0, 0, -0.0023116060585945284, 0, 0, -0.001886445381144157, 0, 0, 0, 0, 0, 0, 0, -0.0015682575243934798, 0, 0, 0, -0.00236251347907068, 0, 0, 0, 0, -0.0028147002147439126, 0.010747764090032513, 0, 0, 0, 0, 0, 0, 0, 0, 0, 0, 0, 0, 0, 0, 0, 0, 0, 0, 0, 0, 0, 0, 0.0013773673501330484, 0, 0, 0, 0, 0, 0.009167321059826079, 0, 0, 0, 0, 0, 0, 0, 0, 0.006727700942464001, 0, 0, 0, 0.008381145117085731, 0, 0, 0.011127035579965952, 0, 0, 0.0006088291644390767, 0.00075106622882988, 0, 0, 0, 0, 0.0021812074161051773, 0, 0, 0.002981962397152712, 0, 0, -0.0022229195098991757, 0, 0, 0, 0, 0, 0, -0.00046224552815343734, 0, 0, 0, 0, 0, 0, 0, 0, 0.009340161557502315, 0, -0.0025106001029026825, 0, 0, 0, 0, 0, 0, 0, 0, 0, 0, 0, 0, 0, 0, 0, 0, 0, 0, 0, 0, 0, 0, 0, 0, 0, 0, 0, 0, 0, 0, 0, -0.002055703541947083, 0, 0, 0, 0, 0.0004414153208844233, 0, 0, 0, 0, 0, -0.002047715929382084, 0, 0, 0, 0, 0, 0, 0, 0, 0, 0, 0, 0, 0, -0.0027491162205414725, 0, 0, 0, 0, 0, 0, 0, 0, 0, 0.0036138818932256417, 0, 0, 0, 0, -0.0021067972528572023, -0.0018842296035929006, -0.0020015087130071533, 0, 0, 0, 0, 0, 0.0024594242478339933]
Start Date: 2024-10-13
End Date: 2025-11-19
Sharpe Ratio: 0.04
Annualized Sharpe: 0.628
Sharpe 95% CI: (np.float64(-1.3), np.float64(1.957))
Sortino Ratio: 0.104
CAGR: 0.015
Calmar Ratio: 0.444
Daily Win Rate (%): 0.421
Max Drawdown: 0.034
Profit Factor: 1.298
Expectancy: 0.000365
Average Win: 0.003771
Average Loss: 0.002112
Total Trades: 57
Total Days: 346



Rolling 4 - Variant 3 - atr_0.5_2 - Fit Metrics
Contracts: [5, 4, 4, 3, 3, 3, 3, 3, 3, 3, 4, 4, 5, 5, 7, 8, 5, 5, 5, 5, 5, 5, 5, 6, 6, 6, 6, 7, 4, 5, 4, 5, 7, 6, 5, 6, 6, 5, 3, 4, 4, 2, 5, 2, 3, 3, 3, 6, 4, 5, 5, 4, 4, 9, 7, 6, 6, 6, 6, 4, 5, 2, 3, 7, 6, 7, 6, 6, 5, 8, 5, 1, 1, 4, 4, 5, 3, 5, 5, 5, 6, 6, 6, 5, 5, 7, 7, 6, 6, 4, 6, 7, 7, 6, 6, 5, 6, 6, 6, 6, 6, 5]
Trade Returns: [-0.00431, -0.00418604184033183, 0.001140622453967754, 0.0049672067901234615, -0.0034850520658380926, -0.000999211465650608, 0.0027656433585394446, 0.0028481469018891478, 0.0026948469121209524, 0.00939758603992181, 0.0022708480628887144, 0.008361846342947982, 0.004798577854892332, -0.0045636668137781135, -0.003509399552430042, 0.0017462460587518908, 0.00023372540770479416, 0.0035440070257018418, -0.0013194583235505853, 0.008150648068811306, 0.008198458982651032, -0.004220610129851526, -0.004312487096946853, 0.0014859582702985044, -0.0035771110898111776, 0.009548196943345702, -0.0041865790238150855, 0.0036893969855949444, 0.002890493023539601, 0.00038573795661491964, 0.001413193989366833, -0.0037081927349770787, -0.0006396880759096714, -0.0018974319896365294, 0.0005133138400818046, 0.008780874688420578, -0.0040177583008222575, -0.0017304850915738938, -0.0016970106504695102, 0.002203151928646299, -0.003507476462986894, 0.0003764289823291135, -0.0007564340310408197, -0.0003512103248116521, -0.0038826824262811126]
Daily Returns: [-0.00849604184033183, 0, 0, 0, 0, 0, 0, 0, 0.001140622453967754, 0, 0, 0, 0, 0.001482154724285369, -0.000999211465650608, 0, 0, 0.005613790260428592, 0, 0, 0, 0, 0, 0.0026948469121209524, 0, 0, 0, 0, 0, 0, 0, 0, 0.00939758603992181, 0.0022708480628887144, 0, 0, 0, 0, 0, 0, 0, 0, 0, 0, 0.008361846342947982, 0, 0, 0, 0, 0, 0, 0, 0, 0, 0, 0, 0, 0, 0, 0, 0, 0, 0, 0, 0, 0, 0, 0, 0, 0, 0, 0, 0, 0, 0, 0, 0, 0, 0, 0.004798577854892332, -0.0045636668137781135, 0, 0, 0, 0, 0, 0, 0, 0, 0, 0, -0.003509399552430042, 0.001979971466456685, 0, 0, 0.002224548702151256, 0, 0, 0, 0, 0, 0, 0, 0, 0.008150648068811306, 0, 0, 0, 0.008198458982651032, -0.004220610129851526, 0, 0, 0, 0, 0, 0, 0, -0.004312487096946853, 0, 0.0014859582702985044, -0.0035771110898111776, 0.009548196943345702, -0.0041865790238150855, 0, 0, 0, 0, 0, 0, 0, 0, 0, 0, 0, 0, 0, 0, 0, 0, 0, 0, 0, 0, 0, 0, 0, 0, 0, 0, 0.006579890009134545, 0, 0, 0, 0, 0, 0, 0, 0.00038573795661491964, 0.001413193989366833, 0, 0, 0, 0, 0, 0, 0, 0, 0, 0, 0, 0, -0.0037081927349770787, 0, 0, 0, -0.0006396880759096714, -0.0018974319896365294, 0.0005133138400818046, 0, 0, 0, 0, 0.008780874688420578, -0.0040177583008222575, 0, 0, 0, -0.0017304850915738938, -0.0016970106504695102, 0.002203151928646299, 0, 0, 0, 0, 0, 0, 0, -0.003507476462986894, 0, 0, 0, 0.0003764289823291135, 0, 0, 0, 0, 0, 0, 0, 0, 0, 0, 0, 0, 0, 0, 0, 0, 0, 0, 0, 0, 0, 0, 0, 0, 0, 0, 0, 0, 0, 0, 0, 0, 0, 0, 0, 0, 0, 0, -0.0007564340310408197, 0, 0, -0.0003512103248116521, 0, 0, 0, -0.0038826824262811126, 0, 0]
Start Date: 2023-12-26
End Date: 2024-10-11
Sharpe Ratio: 0.069
Annualized Sharpe: 1.098
Sharpe 95% CI: (np.float64(-0.928), np.float64(2.786))
Sortino Ratio: 0.064
CAGR: 0.032
Calmar Ratio: 2.397
Daily Win Rate (%): 0.533
Max Drawdown: 0.013
Profit Factor: 1.518
Expectancy: 0.000701
Average Win: 0.00385
Average Loss: 0.002898
Total Trades: 45
Total Days: 250

Rolling 4 - Variant 3 - atr_0.5_2 - Test Metrics
Contracts: [5, 4, 4, 3, 3, 3, 3, 3, 3, 3, 4, 4, 5, 5, 7, 8, 5, 5, 5, 5, 5, 5, 5, 6, 6, 6, 6, 7, 4, 5, 4, 5, 7, 6, 5, 6, 6, 5, 3, 4, 4, 2, 5, 2, 3, 3, 3, 6, 4, 5, 5, 4, 4, 9, 7, 6, 6, 6, 6, 4, 5, 2, 3, 7, 6, 7, 6, 6, 5, 8, 5, 1, 1, 4, 4, 5, 3, 5, 5, 5, 6, 6, 6, 5, 5, 7, 7, 6, 6, 4, 6, 7, 7, 6, 6, 5, 6, 6, 6, 6, 6, 5]
Trade Returns: [-0.00372354741956034, 0.002177798939981728, 0.00855790949450892, 0.0012108244227341395, -0.004401926808313464, 0.0006127890628787778, 0.0008837363442385626, -0.00412318597190211, 0.007062418718033955, 0.0006280165145083181, -0.003938448669466504, -0.0037916676359068605, -0.004034828578092203, 0.004951284804905792, 0.00018680240975105927, -0.00035171272565833286, -0.004858419465977606, -0.003346924222645234, 0.007407249985993073, -0.000708980811027607, -0.005438951258629107, 0.0004564327289114889, -0.0019156535436705671, -0.004537770610826771, -0.0051162871364401055, 0.0007306942376749037, -0.0019991566058069335, -0.0036463794425577872, -0.0015000791057340976, 0.005193117205415756, -0.005487035533690008, 0.008644767899291899, 0.0013773188453998796, 0.007275148919859145, 0.005353016312561552, -0.004434185514218102, 0.008522096272021263, 0.008797823919880689, 0.0006128131570985102, 0.0007559779675484143, 0.0021954610563839154, -0.0004808747340400918, 0.0034822916686554225, -0.0042920986193368945, -0.00046621739105515527, 0.008132024002278651, -0.0018051807930280586, -0.00393602814488079, 0.00044626935979419027, -0.004071821129625359, -0.0016843878302979182, 0.0003336113427856449, 0.0033235008308752164, -0.00413774922488839, -0.0036370123554834294, -0.0038813194175710566, 0.0025029232984470234]
Daily Returns: [-0.00372354741956034, 0, 0, 0, 0, 0, 0, 0, 0, 0, 0.002177798939981728, 0.00855790949450892, 0, 0.0012108244227341395, 0, 0, 0, -0.004401926808313464, 0, 0.0006127890628787778, 0, 0, 0, 0, 0, 0, 0.0008837363442385626, 0, 0, 0, 0, 0, 0, 0, 0, 0, 0, 0, 0, 0, 0, 0, 0, 0, 0, 0, 0, 0, 0, 0, 0, 0, 0, 0, 0, 0, 0, 0, -0.00412318597190211, 0.0076904352325422734, 0, 0, 0, 0, 0, 0, 0, 0, -0.003938448669466504, 0, 0, 0, 0, 0, 0, 0, -0.0037916676359068605, -0.004034828578092203, 0, 0, 0, 0, 0, 0, 0, 0.004951284804905792, 0, 0, 0, 0, 0, 0.00018680240975105927, 0, 0, 0, 0, 0, 0, -0.00035171272565833286, 0, 0, 0, 0, 0, 0, -0.004858419465977606, 0, 0, 0, 0, -0.003346924222645234, 0.007407249985993073, 0, 0, 0, 0, 0, 0, 0, 0, 0, 0, 0, 0, 0, 0, 0, 0, 0, 0, 0, 0, 0, 0, 0, 0, 0, 0, 0, -0.000708980811027607, 0, 0, 0, 0, 0, -0.0068981720733881854, 0, -0.004537770610826771, -0.0051162871364401055, 0, 0, 0, 0, 0, 0, 0, 0, 0.0007306942376749037, 0, 0, 0, 0, 0, 0, 0, 0, -0.0019991566058069335, 0, 0, -0.0036463794425577872, 0, 0, 0, 0, 0, 0, 0, -0.0015000791057340976, 0, 0, 0, 0.005193117205415756, 0, 0, 0, 0, -0.005487035533690008, 0.008644767899291899, 0, 0, 0, 0, 0, 0, 0, 0, 0, 0, 0, 0, 0, 0, 0, 0, 0, 0, 0, 0, 0, 0, 0.0013773188453998796, 0, 0, 0, 0, 0, 0.007275148919859145, 0, 0, 0, 0, 0, 0, 0, 0, 0.005353016312561552, 0, 0, 0, 0.004087910757803161, 0, 0, 0.008797823919880689, 0, 0, 0.0006128131570985102, 0.0007559779675484143, 0, 0, 0, 0, 0.0021954610563839154, 0, 0, 0.0030014169346153307, 0, 0, -0.0042920986193368945, 0, 0, 0, 0, 0, 0, -0.00046621739105515527, 0, 0, 0, 0, 0, 0, 0, 0, 0.008132024002278651, 0, -0.0018051807930280586, 0, 0, 0, 0, 0, 0, 0, 0, 0, 0, 0, 0, 0, 0, 0, 0, 0, 0, 0, 0, 0, 0, 0, 0, 0, 0, 0, 0, 0, 0, 0, -0.00393602814488079, 0, 0, 0, 0, 0.00044626935979419027, 0, 0, 0, 0, 0, -0.004071821129625359, 0, 0, 0, 0, 0, 0, 0, 0, 0, 0, 0, 0, 0, -0.0016843878302979182, 0, 0, 0, 0, 0, 0, 0, 0, 0, 0.0036571121736608614, 0, 0, 0, 0, -0.00413774922488839, -0.0036370123554834294, -0.0038813194175710566, 0, 0, 0, 0, 0, 0.0025029232984470234]
Start Date: 2024-10-13
End Date: 2025-11-19
Sharpe Ratio: 0.01
Annualized Sharpe: 0.165
Sharpe 95% CI: (np.float64(-1.662), np.float64(1.751))
Sortino Ratio: 0.011
CAGR: 0.004
Calmar Ratio: 0.13
Daily Win Rate (%): 0.491
Max Drawdown: 0.031
Profit Factor: 1.063
Expectancy: 0.000106
Average Win: 0.003636
Average Loss: 0.003302
Total Trades: 57
Total Days: 346



Rolling 4 - Variant 4 - atr_0.25_1 - Fit Metrics
Contracts: [5, 4, 4, 3, 3, 3, 3, 3, 3, 3, 4, 4, 5, 5, 7, 7, 4, 5, 5, 5, 5, 5, 5, 5, 6, 6, 6, 6, 4, 5, 4, 5, 6, 6, 5, 5, 6, 5, 3, 3, 4, 2, 5, 2, 3, 3, 3, 6, 4, 5, 4, 4, 4, 9, 7, 5, 6, 6, 6, 4, 5, 2, 3, 7, 6, 6, 6, 6, 4, 7, 5, 1, 1, 4, 4, 5, 3, 5, 5, 5, 6, 6, 6, 5, 5, 6, 6, 6, 6, 4, 6, 7, 7, 6, 6, 5, 6, 6, 6, 6, 6, 5]
Trade Returns: [0.00199, 0.0019481232347628218, -0.0018549187155930472, -0.0015297159269719992, -0.00177144384642699, -0.0016846590114269046, 0.0014653041206673944, 0.001463160146076153, 0.002024021308003849, 0.0022626507271952304, 0.002089741107622666, 0.0020222126178137114, -0.0022941168341187703, -0.002160874322995305, 0.001623585550088605, 0.0021151470224857927, 0.0021599976328793074, -0.002814738996929377, -0.0013422553838258232, 0.002114917083390984, 0.0016666666666666674, 0.001578553878066629, -0.002315667181915743, 0.002001306572930257, 0.0016427573899460892, 0.001994033631127377, -0.0022142665389054475, 0.001562220944358636, 0.00160252318847126, 0.0003409872560912179, 0.0014575174794350717, 0.0017507790477718163, -0.0005467724801599868, 0.0019225659221282655, 0.0005293982702401482, 0.0021665235508034945, -0.002106084243369735, -0.0015594465723442511, -0.0015912409330582755, 0.002376779106601326, -0.0018113775683236337, -0.0023640754699213095, -0.0014788361245054165, 0.001036951206339543, -0.002011312897765143]
Daily Returns: [0.003938123234762822, 0, 0, 0, 0, 0, 0, 0, -0.0018549187155930472, 0, 0, 0, 0, -0.0033011597733989895, -0.0016846590114269046, 0, 0, 0.0029284642667435474, 0, 0, 0, 0, 0, 0.002024021308003849, 0, 0, 0, 0, 0, 0, 0, 0, 0.0022626507271952304, 0.002089741107622666, 0, 0, 0, 0, 0, 0, 0, 0, 0, 0, 0.0020222126178137114, 0, 0, 0, 0, 0, 0, 0, 0, 0, 0, 0, 0, 0, 0, 0, 0, 0, 0, 0, 0, 0, 0, 0, 0, 0, 0, 0, 0, 0, 0, 0, 0, 0, 0, -0.0022941168341187703, -0.002160874322995305, 0, 0, 0, 0, 0, 0, 0, 0, 0, 0, 0.001623585550088605, 0.0042751446553651005, 0, 0, -0.004156994380755201, 0, 0, 0, 0, 0, 0, 0, 0, 0.002114917083390984, 0, 0, 0, 0.0016666666666666674, 0.001578553878066629, 0, 0, 0, 0, 0, 0, 0, -0.002315667181915743, 0, 0.002001306572930257, 0.0016427573899460892, 0.001994033631127377, -0.0022142665389054475, 0, 0, 0, 0, 0, 0, 0, 0, 0, 0, 0, 0, 0, 0, 0, 0, 0, 0, 0, 0, 0, 0, 0, 0, 0, 0, 0.003164744132829896, 0, 0, 0, 0, 0, 0, 0, 0.0003409872560912179, 0.0014575174794350717, 0, 0, 0, 0, 0, 0, 0, 0, 0, 0, 0, 0, 0.0017507790477718163, 0, 0, 0, -0.0005467724801599868, 0.0019225659221282655, 0.0005293982702401482, 0, 0, 0, 0, 0.0021665235508034945, -0.002106084243369735, 0, 0, 0, -0.0015594465723442511, -0.0015912409330582755, 0.002376779106601326, 0, 0, 0, 0, 0, 0, 0, -0.0018113775683236337, 0, 0, 0, -0.0023640754699213095, 0, 0, 0, 0, 0, 0, 0, 0, 0, 0, 0, 0, 0, 0, 0, 0, 0, 0, 0, 0, 0, 0, 0, 0, 0, 0, 0, 0, 0, 0, 0, 0, 0, 0, 0, 0, 0, 0, -0.0014788361245054165, 0, 0, 0.001036951206339543, 0, 0, 0, -0.002011312897765143, 0, 0]
Start Date: 2023-12-26
End Date: 2024-10-11
Sharpe Ratio: 0.061
Annualized Sharpe: 0.972
Sharpe 95% CI: (np.float64(-0.996), np.float64(2.889))
Sortino Ratio: 0.068
CAGR: 0.014
Calmar Ratio: 1.43
Daily Win Rate (%): 0.6
Max Drawdown: 0.009
Profit Factor: 1.402
Expectancy: 0.000299
Average Win: 0.001737
Average Loss: 0.001858
Total Trades: 45
Total Days: 250

Rolling 4 - Variant 4 - atr_0.25_1 - Test Metrics
Contracts: [5, 4, 4, 3, 3, 3, 3, 3, 3, 3, 4, 4, 5, 5, 7, 7, 4, 5, 5, 5, 5, 5, 5, 5, 6, 6, 6, 6, 4, 5, 4, 5, 6, 6, 5, 5, 6, 5, 3, 3, 4, 2, 5, 2, 3, 3, 3, 6, 4, 5, 4, 4, 4, 9, 7, 5, 6, 6, 6, 4, 5, 2, 3, 7, 6, 6, 6, 6, 4, 7, 5, 1, 1, 4, 4, 5, 3, 5, 5, 5, 6, 6, 6, 5, 5, 6, 6, 6, 6, 4, 6, 7, 7, 6, 6, 5, 6, 6, 6, 6, 6, 5]
Trade Returns: [0.001796690307328606, 0.002041677013002882, -0.0022715561831562646, 0.0017075130574527929, -0.0018608061785072953, 0.001927471004003058, 0.0014901279026449778, -0.0017742001885945402, 0.0016357195595142727, 0.0006363122171945437, 0.0022850057567974503, 0.0017582780675462, -0.0021356428166886925, 0.0020560262226961695, -0.0021282193243885306, -0.00200495849951493, -0.002556891825015908, -0.0024325537090539814, -0.00202004292098994, -0.002072587672813774, -0.0025099446900901765, 0.0024147536714514573, -0.001964993134361352, -0.0023931284444665118, -0.002142817607476932, 0.0005945764289222657, -0.002353044052005454, -0.0019203416773905671, -0.0015892457057505606, 0.0021854978743787805, 0.002633011986188656, 0.002078993806786871, 0.0011128364389233958, 0.00182208373338674, 0.0012805444597095055, -0.002331774190670128, 0.002074882592251785, 0.0021895855852282313, 0.0006332758767407949, 0.0017206291569510455, 0.002179668666670616, 0.0018203202108734587, 0.002465945760992042, -0.0023068729513261578, -0.0004797436124301119, 0.001994645537324854, 0.0023224539877300617, -0.0021388363320132093, 0.0021080896468066565, -0.0021271594781995533, -0.002855998775159288, 0.0018779564526701824, 0.0019923254210113704, -0.002188376894975557, -0.0019573509730746327, -0.0020793336680745484, 0.001765986120730309]
Daily Returns: [0.001796690307328606, 0, 0, 0, 0, 0, 0, 0, 0, 0, 0.002041677013002882, -0.0022715561831562646, 0, 0.0017075130574527929, 0, 0, 0, -0.0018608061785072953, 0, 0.001927471004003058, 0, 0, 0, 0, 0, 0, 0.0014901279026449778, 0, 0, 0, 0, 0, 0, 0, 0, 0, 0, 0, 0, 0, 0, 0, 0, 0, 0, 0, 0, 0, 0, 0, 0, 0, 0, 0, 0, 0, 0, 0, -0.0017742001885945402, 0.0022720317767088165, 0, 0, 0, 0, 0, 0, 0, 0, 0.0022850057567974503, 0, 0, 0, 0, 0, 0, 0, 0.0017582780675462, -0.0021356428166886925, 0, 0, 0, 0, 0, 0, 0, 0.0020560262226961695, 0, 0, 0, 0, 0, -0.0021282193243885306, 0, 0, 0, 0, 0, 0, -0.00200495849951493, 0, 0, 0, 0, 0, 0, -0.002556891825015908, 0, 0, 0, 0, -0.0024325537090539814, -0.00202004292098994, 0, 0, 0, 0, 0, 0, 0, 0, 0, 0, 0, 0, 0, 0, 0, 0, 0, 0, 0, 0, 0, 0, 0, 0, 0, 0, 0, -0.002072587672813774, 0, 0, 0, 0, 0, -0.002060184153000071, 0, -0.0023931284444665118, -0.002142817607476932, 0, 0, 0, 0, 0, 0, 0, 0, 0.0005945764289222657, 0, 0, 0, 0, 0, 0, 0, 0, -0.002353044052005454, 0, 0, -0.0019203416773905671, 0, 0, 0, 0, 0, 0, 0, -0.0015892457057505606, 0, 0, 0, 0.0021854978743787805, 0, 0, 0, 0, 0.002633011986188656, 0.002078993806786871, 0, 0, 0, 0, 0, 0, 0, 0, 0, 0, 0, 0, 0, 0, 0, 0, 0, 0, 0, 0, 0, 0, 0.0011128364389233958, 0, 0, 0, 0, 0, 0.00182208373338674, 0, 0, 0, 0, 0, 0, 0, 0, 0.0012805444597095055, 0, 0, 0, -0.00025689159841834307, 0, 0, 0.0021895855852282313, 0, 0, 0.0006332758767407949, 0.0017206291569510455, 0, 0, 0, 0, 0.002179668666670616, 0, 0, 0.0042862659718655004, 0, 0, -0.0023068729513261578, 0, 0, 0, 0, 0, 0, -0.0004797436124301119, 0, 0, 0, 0, 0, 0, 0, 0, 0.001994645537324854, 0, 0.0023224539877300617, 0, 0, 0, 0, 0, 0, 0, 0, 0, 0, 0, 0, 0, 0, 0, 0, 0, 0, 0, 0, 0, 0, 0, 0, 0, 0, 0, 0, 0, 0, 0, -0.0021388363320132093, 0, 0, 0, 0, 0.0021080896468066565, 0, 0, 0, 0, 0, -0.0021271594781995533, 0, 0, 0, 0, 0, 0, 0, 0, 0, 0, 0, 0, 0, -0.002855998775159288, 0, 0, 0, 0, 0, 0, 0, 0, 0, 0.003870281873681553, 0, 0, 0, 0, -0.002188376894975557, -0.0019573509730746327, -0.0020793336680745484, 0, 0, 0, 0, 0, 0.001765986120730309]
Start Date: 2024-10-13
End Date: 2025-11-19
Sharpe Ratio: 0.007
Annualized Sharpe: 0.113
Sharpe 95% CI: (np.float64(-1.604), np.float64(1.728))
Sortino Ratio: 0.01
CAGR: 0.001
Calmar Ratio: 0.055
Daily Win Rate (%): 0.544
Max Drawdown: 0.025
Profit Factor: 1.037
Expectancy: 3.5e-05
Average Win: 0.001826
Average Loss: 0.0021
Total Trades: 57
Total Days: 346



Rolling 5 - Variant 0 - atr_0.5_0.5 - Fit Metrics
Contracts: [5, 4, 4, 3, 4, 3, 3, 3, 3, 3, 4, 4, 5, 5, 7, 7, 5, 5, 5, 5, 5, 5, 5, 5, 6, 6, 6, 7, 4, 5, 4, 5, 7, 6, 5, 6, 6, 5, 3, 3, 4, 2, 5, 2, 3, 3, 3, 6, 4, 5, 5, 4, 4, 9, 7, 6, 6, 6, 6, 4, 5, 2, 3, 7, 6, 7, 6, 6, 5, 8, 5, 1, 1, 4, 4, 5, 3, 5, 5, 5, 6, 6, 6, 5, 5, 7, 6, 6, 6, 4, 6, 7, 7, 6, 6, 5, 6, 6, 6, 6, 6, 5]
Trade Returns: [0.00199, 0.0019481232347628218, 0.0017237026006636355, 0.0018576809948913774, -0.0034529210166603943, 0.001559496428763118, 0.0014528666826111511, 0.0014507589233069777, 0.002024021308003849, 0.002263290164266283, 0.002072054866904614, 0.002005172164671816, 0.001973425322100994, -0.004048495979835678, 0.0016055434323973216, 0.0020916800980548362, 0.002136083125821149, 0.002545183082854227, -0.0013203293833479286, 0.002080323830595537, 0.0016394619460510316, 0.00197656374148312, -0.004369908069221205, 0.001972754969825021, 0.0016193671652919527, 0.0022933023165648933, -0.004258080214120606, 0.0015588946933754715, 0.0015825178324160164, 0.0003928626722402734, 0.0014392859284651453, 0.0017289106703730394, -0.0006479456651278156, 0.0018987854719755477, 0.0005227998838222261, 0.0021237795624719823, -0.004054236243523816, -0.001746260430666881, -0.0012843809206473074, 0.0023567036494423037, -0.003538044648416512, 0.0021293435204757286, 0.0013738556054472986, 0.0010278072472090557, -0.0038943288473425033, 0.0017712435119952225, 0.0019971638715780807, 0.0020543773779539572, 0.0016655491952267821, -0.004420215117135701, 0.0019005631586736565, 0.001449928864079859]
Daily Returns: [0.003938123234762822, 0, 0, 0, 0, 0, 0, 0, 0.0017237026006636355, 0, 0, 0, 0, -0.0015952400217690169, 0.001559496428763118, 0, 0, 0.002903625605918129, 0, 0, 0, 0, 0, 0.002024021308003849, 0, 0, 0, 0, 0, 0, 0, 0, 0.002263290164266283, 0.002072054866904614, 0, 0, 0, 0, 0, 0, 0, 0, 0, 0, 0.002005172164671816, 0, 0, 0, 0, 0, 0, 0, 0, 0, 0, 0, 0, 0, 0, 0, 0, 0, 0, 0, 0, 0, 0, 0, 0, 0, 0, 0, 0, 0, 0, 0, 0, 0, 0, 0.001973425322100994, -0.004048495979835678, 0, 0, 0, 0, 0, 0, 0, 0, 0, 0, 0.0016055434323973216, 0.004227763223875985, 0, 0, 0.0012248536995062983, 0, 0, 0, 0, 0, 0, 0, 0, 0.002080323830595537, 0, 0, 0, 0.0016394619460510316, 0.00197656374148312, 0, 0, 0, 0, 0, 0, 0, -0.004369908069221205, 0, 0.001972754969825021, 0.0016193671652919527, 0.0022933023165648933, -0.004258080214120606, 0, 0, 0, 0, 0, 0, 0, 0, 0, 0, 0, 0, 0, 0, 0, 0, 0, 0, 0, 0, 0, 0, 0, 0, 0, 0, 0.003141412525791488, 0, 0, 0, 0, 0, 0, 0, 0.0003928626722402734, 0.0014392859284651453, 0, 0, 0, 0, 0, 0, 0, 0, 0, 0, 0, 0, 0.0017289106703730394, 0, 0, 0, -0.0006479456651278156, 0.0018987854719755477, 0.0005227998838222261, 0, 0, 0, 0, 0.0021237795624719823, -0.004054236243523816, 0, 0, 0, -0.001746260430666881, -0.0012843809206473074, 0.0023567036494423037, 0, 0, 0, 0, 0, 0, 0, -0.003538044648416512, 0, 0, 0, 0.0021293435204757286, 0, 0, 0, 0, 0, 0, 0, 0, 0, 0, 0, 0, 0, 0, 0, 0, 0, 0, 0, 0, 0, 0, 0, 0, 0, 0, 0, 0, 0, 0, 0, 0, 0, 0, 0, 0, 0, 0, 0.0013738556054472986, 0, 0, 0.0010278072472090557, 0, 0, 0, -0.0038943288473425033, 0, 0, 0.0017712435119952225, 0, 0, 0, 0, 0, 0, 0, 0, 0, 0.0019971638715780807, 0.0020543773779539572, 0, 0.0016655491952267821, 0, 0, 0, -0.004420215117135701, 0, 0.0019005631586736565, 0, 0, 0, 0, 0, 0, 0.001449928864079859, 0, 0, 0, 0, 0, 0, 0, 0, 0, 0, 0, 0, 0, 0, 0, 0, 0, 0, 0, 0, 0, 0, 0]
Start Date: 2023-12-26
End Date: 2024-12-09
Sharpe Ratio: 0.119
Annualized Sharpe: 1.896
Sharpe 95% CI: (np.float64(0.084), np.float64(3.889))
Sortino Ratio: 0.079
CAGR: 0.029
Calmar Ratio: 3.52
Daily Win Rate (%): 0.769
Max Drawdown: 0.008
Profit Factor: 1.924
Expectancy: 0.000658
Average Win: 0.001781
Average Loss: 0.003086
Total Trades: 52
Total Days: 300

Rolling 5 - Variant 0 - atr_0.5_0.5 - Test Metrics
Contracts: [5, 4, 4, 3, 4, 3, 3, 3, 3, 3, 4, 4, 5, 5, 7, 7, 5, 5, 5, 5, 5, 5, 5, 5, 6, 6, 6, 7, 4, 5, 4, 5, 7, 6, 5, 6, 6, 5, 3, 3, 4, 2, 5, 2, 3, 3, 3, 6, 4, 5, 5, 4, 4, 9, 7, 6, 6, 6, 6, 4, 5, 2, 3, 7, 6, 7, 6, 6, 5, 8, 5, 1, 1, 4, 4, 5, 3, 5, 5, 5, 6, 6, 6, 5, 5, 7, 6, 6, 6, 4, 6, 7, 7, 6, 6, 5, 6, 6, 6, 6, 6, 5]
Trade Returns: [-0.0041294074319667565, 0.0016469312471558732, 0.0006289680556054088, 0.0022532576166317975, 0.001702243029566548, -0.0040247807066437, 0.001995737915637791, 0.00018559457445191382, -0.0003523920293929861, -0.004867806405008428, -0.003364583232967533, 0.001759588693723166, 0.0017925962283697758, -0.005467949791446786, 0.0027593829648681085, -0.0019257950188422545, -0.0045620973900103775, -0.005143425036759506, 0.0005825616601730198, -0.002010778479564784, -0.0036676199723944696, -0.0015134496009459118, 0.0021377754299002206, 0.002605184316790413, 0.0020816847177767017, 0.0010995279307631787, 0.0017805299150245475, 0.0012670424577087749, -0.004484951574883094, 0.0020574732691062705, 0.0021417508665830813, 0.0006280032538418869, 0.0017308282577080695, 0.0025217619441061647, 0.0018045394713714891, 0.002444606465145838, -0.004387227256816148, -0.0004765960106570325, 0.001981552411475025, 0.0023413699891171634, -0.004031642164517073, 0.0020689149918190915, -0.004164379929482385, -0.0017228366897650686, 0.0019003521240700478, 0.002014193309707178, -0.004231266244516787, -0.0037195615390274387, -0.003969742527934403, 0.0017940969761310957]
Daily Returns: [0, 0, 0, 0, 0, 0, 0, 0, -0.0041294074319667565, 0.002275899302761282, 0, 0, 0, 0, 0, 0, 0, 0, 0.0022532576166317975, 0, 0, 0, 0, 0, 0, 0, 0.001702243029566548, -0.0040247807066437, 0, 0, 0, 0, 0, 0, 0, 0.001995737915637791, 0, 0, 0, 0, 0, 0.00018559457445191382, 0, 0, 0, 0, 0, 0, -0.0003523920293929861, 0, 0, 0, 0, 0, 0, -0.004867806405008428, 0, 0, 0, 0, -0.003364583232967533, 0.001759588693723166, 0, 0, 0, 0, 0, 0, 0, 0, 0, 0, 0, 0, 0, 0, 0, 0, 0, 0, 0, 0, 0, 0, 0, 0, 0, 0, 0, 0.0017925962283697758, 0, 0, 0, 0, 0, -0.004634361845420932, 0, -0.0045620973900103775, -0.005143425036759506, 0, 0, 0, 0, 0, 0, 0, 0, 0.0005825616601730198, 0, 0, 0, 0, 0, 0, 0, 0, -0.002010778479564784, 0, 0, -0.0036676199723944696, 0, 0, 0, 0, 0, 0, 0, -0.0015134496009459118, 0, 0, 0, 0.0021377754299002206, 0, 0, 0, 0, 0.002605184316790413, 0.0020816847177767017, 0, 0, 0, 0, 0, 0, 0, 0, 0, 0, 0, 0, 0, 0, 0, 0, 0, 0, 0, 0, 0, 0, 0.0010995279307631787, 0, 0, 0, 0, 0, 0.0017805299150245475, 0, 0, 0, 0, 0, 0, 0, 0, 0.0012670424577087749, 0, 0, 0, -0.002427478305776824, 0, 0, 0.0021417508665830813, 0, 0, 0.0006280032538418869, 0.0017308282577080695, 0, 0, 0, 0, 0.0025217619441061647, 0, 0, 0.0042491459365173265, 0, 0, -0.004387227256816148, 0, 0, 0, 0, 0, 0, -0.0004765960106570325, 0, 0, 0, 0, 0, 0, 0, 0, 0.001981552411475025, 0, 0.0023413699891171634, 0, 0, 0, 0, 0, 0, 0, 0, 0, 0, 0, 0, 0, 0, 0, 0, 0, 0, 0, 0, 0, 0, 0, 0, 0, 0, 0, 0, 0, 0, 0, -0.004031642164517073, 0, 0, 0, 0, 0.0020689149918190915, 0, 0, 0, 0, 0, -0.004164379929482385, 0, 0, 0, 0, 0, 0, 0, 0, 0, 0, 0, 0, 0, -0.0017228366897650686, 0, 0, 0, 0, 0, 0, 0, 0, 0, 0.003914545433777226, 0, 0, 0, 0, -0.004231266244516787, -0.0037195615390274387, -0.003969742527934403, 0, 0, 0, 0, 0, 0.0017940969761310957]
Start Date: 2024-12-10
End Date: 2025-11-19
Sharpe Ratio: -0.061
Annualized Sharpe: -0.976
Sharpe 95% CI: (np.float64(-2.573), np.float64(0.901))
Sortino Ratio: -0.048
CAGR: -0.017
Calmar Ratio: -0.635
Daily Win Rate (%): 0.58
Max Drawdown: 0.028
Profit Factor: 0.716
Expectancy: -0.00041
Average Win: 0.001783
Average Loss: 0.003439
Total Trades: 50
Total Days: 296



Rolling 5 - Variant 1 - atr_0.5_1 - Fit Metrics
Contracts: [5, 4, 4, 3, 3, 3, 3, 3, 3, 3, 4, 4, 5, 5, 7, 7, 5, 5, 5, 5, 5, 5, 5, 6, 6, 6, 6, 7, 4, 5, 4, 5, 7, 6, 5, 6, 6, 5, 3, 4, 4, 2, 5, 2, 3, 3, 3, 6, 4, 5, 5, 4, 4, 10, 7, 6, 6, 6, 6, 5, 5, 2, 3, 7, 6, 7, 6, 7, 5, 8, 5, 1, 1, 4, 4, 5, 3, 5, 5, 6, 6, 6, 6, 5, 5, 7, 7, 6, 6, 4, 7, 7, 7, 6, 6, 5, 6, 6, 6, 6, 6, 5]
Trade Returns: [-0.00431, -0.00418604184033183, 0.001140622453967754, 0.0028874903549382714, -0.0034922791178539016, 0.003221019868987731, 0.0030002405002405004, 0.0029912659828916373, 0.0026948469121209524, 0.004643295149386494, 0.0022651478023882708, 0.004135877901777343, 0.00409702891997385, -0.004039372181748355, 0.0033044220770485962, 0.00173906622830537, 0.00023276609529059586, 0.0035294642389641227, -0.0013140629861308384, 0.00424729924013011, 0.004034728725187575, 0.004051840063889885, -0.004329403095062639, 0.004035988528078454, -0.003582082675850313, 0.004706584980541749, -0.004214779827929942, 0.0031754371499301062, 0.0032171746449782515, 0.00038821954484603946, 0.0014222820362337592, 0.0035220207426977725, -0.0006391575295039876, 0.0038716603598321904, 0.0005166178749784526, 0.004364597218453991, -0.003991353647206052, -0.0017190667923127395, -0.0016857939441093995, 0.0022080339989751178, -0.0034842539990601685, 0.004294579456415279, -0.0007466709333577231, 0.00206642462534073, -0.003832592073597953, -0.0036753252462162116, 0.0021493779130233744, 0.004170382214569048, 0.0011951849486756636, -0.004363586255468837, 0.0006074283100037554, 0.002950770543010939]
Daily Returns: [-0.00849604184033183, 0, 0, 0, 0, 0, 0, 0, 0.001140622453967754, 0, 0, 0, 0, -0.0006047887629156302, 0.003221019868987731, 0, 0, 0.005991506483132137, 0, 0, 0, 0, 0, 0.0026948469121209524, 0, 0, 0, 0, 0, 0, 0, 0, 0.004643295149386494, 0.0022651478023882708, 0, 0, 0, 0, 0, 0, 0, 0, 0, 0, 0.004135877901777343, 0, 0, 0, 0, 0, 0, 0, 0, 0, 0, 0, 0, 0, 0, 0, 0, 0, 0, 0, 0, 0, 0, 0, 0, 0, 0, 0, 0, 0, 0, 0, 0, 0, 0, 0.00409702891997385, -0.004039372181748355, 0, 0, 0, 0, 0, 0, 0, 0, 0, 0, 0.0033044220770485962, 0.0019718323235959657, 0, 0, 0.0022154012528332843, 0, 0, 0, 0, 0, 0, 0, 0, 0.00424729924013011, 0, 0, 0, 0.004034728725187575, 0.004051840063889885, 0, 0, 0, 0, 0, 0, 0, -0.004329403095062639, 0, 0.004035988528078454, -0.003582082675850313, 0.004706584980541749, -0.004214779827929942, 0, 0, 0, 0, 0, 0, 0, 0, 0, 0, 0, 0, 0, 0, 0, 0, 0, 0, 0, 0, 0, 0, 0, 0, 0, 0, 0.006392611794908357, 0, 0, 0, 0, 0, 0, 0, 0.00038821954484603946, 0.0014222820362337592, 0, 0, 0, 0, 0, 0, 0, 0, 0, 0, 0, 0, 0.0035220207426977725, 0, 0, 0, -0.0006391575295039876, 0.0038716603598321904, 0.0005166178749784526, 0, 0, 0, 0, 0.004364597218453991, -0.003991353647206052, 0, 0, 0, -0.0017190667923127395, -0.0016857939441093995, 0.0022080339989751178, 0, 0, 0, 0, 0, 0, 0, -0.0034842539990601685, 0, 0, 0, 0.004294579456415279, 0, 0, 0, 0, 0, 0, 0, 0, 0, 0, 0, 0, 0, 0, 0, 0, 0, 0, 0, 0, 0, 0, 0, 0, 0, 0, 0, 0, 0, 0, 0, 0, 0, 0, 0, 0, 0, 0, -0.0007466709333577231, 0, 0, 0.00206642462534073, 0, 0, 0, -0.003832592073597953, 0, 0, -0.0036753252462162116, 0, 0, 0, 0, 0, 0, 0, 0, 0, 0.0021493779130233744, 0.004170382214569048, 0, 0.0011951849486756636, 0, 0, 0, -0.004363586255468837, 0, 0.0006074283100037554, 0, 0, 0, 0, 0, 0, 0.002950770543010939, 0, 0, 0, 0, 0, 0, 0, 0, 0, 0, 0, 0, 0, 0, 0, 0, 0, 0, 0, 0, 0, 0, 0]
Start Date: 2023-12-26
End Date: 2024-12-09
Sharpe Ratio: 0.113
Annualized Sharpe: 1.793
Sharpe 95% CI: (np.float64(0.009), np.float64(3.592))
Sortino Ratio: 0.078
CAGR: 0.04
Calmar Ratio: 3.83
Daily Win Rate (%): 0.673
Max Drawdown: 0.011
Profit Factor: 1.886
Expectancy: 0.000913
Average Win: 0.002888
Average Loss: 0.003153
Total Trades: 52
Total Days: 300

Rolling 5 - Variant 1 - atr_0.5_1 - Test Metrics
Contracts: [5, 4, 4, 3, 3, 3, 3, 3, 3, 3, 4, 4, 5, 5, 7, 7, 5, 5, 5, 5, 5, 5, 5, 6, 6, 6, 6, 7, 4, 5, 4, 5, 7, 6, 5, 6, 6, 5, 3, 4, 4, 2, 5, 2, 3, 3, 3, 6, 4, 5, 5, 4, 4, 10, 7, 6, 6, 6, 6, 5, 5, 2, 3, 7, 6, 7, 6, 7, 5, 8, 5, 1, 1, 4, 4, 5, 3, 5, 5, 6, 6, 6, 6, 5, 5, 7, 7, 6, 6, 4, 7, 7, 7, 6, 6, 5, 6, 6, 6, 6, 6, 5]
Trade Returns: [-0.004056625631948586, 0.0033881639124336855, 0.0006178371884593855, 0.005152486793161175, -0.0037302047417081137, -0.003982382370092999, 0.004057167790680763, 0.0002297037587191392, -0.00034756514472387143, -0.004801106515407429, -0.0033198208133370984, 0.0035967240029781793, -0.0006974962552455636, -0.005396170794186434, 0.0004527348609646718, -0.0022167703830319927, -0.004501884801984694, -0.005076248891064273, 0.0007243008753582734, -0.001981677226580802, -0.0036144344689845076, -0.0014881817441955159, 0.004320360574958257, 0.005229983427065505, 0.004189245800618928, 0.002191250138287487, 0.0035604553113301775, 0.003102873522338191, -0.004381181999206558, 0.004146366347058949, 0.004301776112106893, 0.0006108164134005757, 0.0007535162501978821, 0.0021883172831316197, 0.0042472496538291825, 0.003454643597829539, -0.004258138310221231, -0.0004625127712287051, 0.004632957146568711, 0.004677660490191637, -0.0038930537549555643, 0.0004413778533946564, -0.004027210063500203, -0.001665858977465463, 0.003799945390006371, 0.0032755298651252485, -0.004078220495034963, -0.0035844733319721402, -0.003825049520730401, 0.002466497535407091]
Daily Returns: [0, 0, 0, 0, 0, 0, 0, 0, -0.004056625631948586, 0.004006001100893071, 0, 0, 0, 0, 0, 0, 0, 0, 0.005152486793161175, 0, 0, 0, 0, 0, 0, 0, -0.0037302047417081137, -0.003982382370092999, 0, 0, 0, 0, 0, 0, 0, 0.004057167790680763, 0, 0, 0, 0, 0, 0.0002297037587191392, 0, 0, 0, 0, 0, 0, -0.00034756514472387143, 0, 0, 0, 0, 0, 0, -0.004801106515407429, 0, 0, 0, 0, -0.0033198208133370984, 0.0035967240029781793, 0, 0, 0, 0, 0, 0, 0, 0, 0, 0, 0, 0, 0, 0, 0, 0, 0, 0, 0, 0, 0, 0, 0, 0, 0, 0, 0, -0.0006974962552455636, 0, 0, 0, 0, 0, -0.007160206316253755, 0, -0.004501884801984694, -0.005076248891064273, 0, 0, 0, 0, 0, 0, 0, 0, 0.0007243008753582734, 0, 0, 0, 0, 0, 0, 0, 0, -0.001981677226580802, 0, 0, -0.0036144344689845076, 0, 0, 0, 0, 0, 0, 0, -0.0014881817441955159, 0, 0, 0, 0.004320360574958257, 0, 0, 0, 0, 0.005229983427065505, 0.004189245800618928, 0, 0, 0, 0, 0, 0, 0, 0, 0, 0, 0, 0, 0, 0, 0, 0, 0, 0, 0, 0, 0, 0, 0.002191250138287487, 0, 0, 0, 0, 0, 0.0035604553113301775, 0, 0, 0, 0, 0, 0, 0, 0, 0.003102873522338191, 0, 0, 0, -0.00023481565214760955, 0, 0, 0.004301776112106893, 0, 0, 0.0006108164134005757, 0.0007535162501978821, 0, 0, 0, 0, 0.0021883172831316197, 0, 0, 0.007701893251658721, 0, 0, -0.004258138310221231, 0, 0, 0, 0, 0, 0, -0.0004625127712287051, 0, 0, 0, 0, 0, 0, 0, 0, 0.004632957146568711, 0, 0.004677660490191637, 0, 0, 0, 0, 0, 0, 0, 0, 0, 0, 0, 0, 0, 0, 0, 0, 0, 0, 0, 0, 0, 0, 0, 0, 0, 0, 0, 0, 0, 0, 0, -0.0038930537549555643, 0, 0, 0, 0, 0.0004413778533946564, 0, 0, 0, 0, 0, -0.004027210063500203, 0, 0, 0, 0, 0, 0, 0, 0, 0, 0, 0, 0, 0, -0.001665858977465463, 0, 0, 0, 0, 0, 0, 0, 0, 0, 0.007075475255131619, 0, 0, 0, 0, -0.004078220495034963, -0.0035844733319721402, -0.003825049520730401, 0, 0, 0, 0, 0, 0.002466497535407091]
Start Date: 2024-12-10
End Date: 2025-11-19
Sharpe Ratio: 0.01
Annualized Sharpe: 0.161
Sharpe 95% CI: (np.float64(-1.65), np.float64(1.964))
Sortino Ratio: 0.008
CAGR: 0.003
Calmar Ratio: 0.11
Daily Win Rate (%): 0.54
Max Drawdown: 0.032
Profit Factor: 1.059
Expectancy: 8.8e-05
Average Win: 0.002956
Average Loss: 0.003278
Total Trades: 50
Total Days: 296



Rolling 5 - Variant 2 - atr_0.25_1 - Fit Metrics
Contracts: [5, 4, 4, 3, 3, 3, 3, 3, 3, 3, 4, 4, 5, 5, 7, 7, 4, 5, 5, 5, 5, 5, 5, 5, 6, 6, 6, 6, 4, 5, 4, 5, 6, 6, 5, 5, 6, 5, 3, 3, 4, 2, 5, 2, 3, 3, 3, 6, 4, 5, 4, 4, 4, 9, 7, 5, 6, 6, 6, 4, 5, 2, 3, 7, 6, 6, 6, 6, 4, 7, 5, 1, 1, 4, 4, 5, 3, 5, 5, 5, 6, 6, 6, 5, 5, 6, 6, 6, 6, 4, 6, 7, 7, 6, 6, 5, 6, 6, 6, 6, 6, 5]
Trade Returns: [0.00199, 0.0019481232347628218, -0.0018549187155930472, -0.0015297159269719992, -0.00177144384642699, -0.0016846590114269046, 0.0014653041206673944, 0.001463160146076153, 0.002024021308003849, 0.0022626507271952304, 0.002089741107622666, 0.0020222126178137114, -0.0022941168341187703, -0.002160874322995305, 0.001623585550088605, 0.0021151470224857927, 0.0021599976328793074, -0.002814738996929377, -0.0013422553838258232, 0.002114917083390984, 0.0016666666666666674, 0.001578553878066629, -0.002315667181915743, 0.002001306572930257, 0.0016427573899460892, 0.001994033631127377, -0.0022142665389054475, 0.001562220944358636, 0.00160252318847126, 0.0003409872560912179, 0.0014575174794350717, 0.0017507790477718163, -0.0005467724801599868, 0.0019225659221282655, 0.0005293982702401482, 0.0021665235508034945, -0.002106084243369735, -0.0015594465723442511, -0.0015912409330582755, 0.002376779106601326, -0.0018113775683236337, -0.0023640754699213095, -0.0014788361245054165, 0.001036951206339543, -0.002011312897765143, 0.001796690307328606, 0.002041677013002882, -0.0022715561831562646, 0.0017075130574527929, -0.0018608061785072953, 0.001927471004003058, 0.0014901279026449778]
Daily Returns: [0.003938123234762822, 0, 0, 0, 0, 0, 0, 0, -0.0018549187155930472, 0, 0, 0, 0, -0.0033011597733989895, -0.0016846590114269046, 0, 0, 0.0029284642667435474, 0, 0, 0, 0, 0, 0.002024021308003849, 0, 0, 0, 0, 0, 0, 0, 0, 0.0022626507271952304, 0.002089741107622666, 0, 0, 0, 0, 0, 0, 0, 0, 0, 0, 0.0020222126178137114, 0, 0, 0, 0, 0, 0, 0, 0, 0, 0, 0, 0, 0, 0, 0, 0, 0, 0, 0, 0, 0, 0, 0, 0, 0, 0, 0, 0, 0, 0, 0, 0, 0, 0, -0.0022941168341187703, -0.002160874322995305, 0, 0, 0, 0, 0, 0, 0, 0, 0, 0, 0.001623585550088605, 0.0042751446553651005, 0, 0, -0.004156994380755201, 0, 0, 0, 0, 0, 0, 0, 0, 0.002114917083390984, 0, 0, 0, 0.0016666666666666674, 0.001578553878066629, 0, 0, 0, 0, 0, 0, 0, -0.002315667181915743, 0, 0.002001306572930257, 0.0016427573899460892, 0.001994033631127377, -0.0022142665389054475, 0, 0, 0, 0, 0, 0, 0, 0, 0, 0, 0, 0, 0, 0, 0, 0, 0, 0, 0, 0, 0, 0, 0, 0, 0, 0, 0.003164744132829896, 0, 0, 0, 0, 0, 0, 0, 0.0003409872560912179, 0.0014575174794350717, 0, 0, 0, 0, 0, 0, 0, 0, 0, 0, 0, 0, 0.0017507790477718163, 0, 0, 0, -0.0005467724801599868, 0.0019225659221282655, 0.0005293982702401482, 0, 0, 0, 0, 0.0021665235508034945, -0.002106084243369735, 0, 0, 0, -0.0015594465723442511, -0.0015912409330582755, 0.002376779106601326, 0, 0, 0, 0, 0, 0, 0, -0.0018113775683236337, 0, 0, 0, -0.0023640754699213095, 0, 0, 0, 0, 0, 0, 0, 0, 0, 0, 0, 0, 0, 0, 0, 0, 0, 0, 0, 0, 0, 0, 0, 0, 0, 0, 0, 0, 0, 0, 0, 0, 0, 0, 0, 0, 0, 0, -0.0014788361245054165, 0, 0, 0.001036951206339543, 0, 0, 0, -0.002011312897765143, 0, 0, 0.001796690307328606, 0, 0, 0, 0, 0, 0, 0, 0, 0, 0.002041677013002882, -0.0022715561831562646, 0, 0.0017075130574527929, 0, 0, 0, -0.0018608061785072953, 0, 0.001927471004003058, 0, 0, 0, 0, 0, 0, 0.0014901279026449778, 0, 0, 0, 0, 0, 0, 0, 0, 0, 0, 0, 0, 0, 0, 0, 0, 0, 0, 0, 0, 0, 0, 0]
Start Date: 2023-12-26
End Date: 2024-12-09
Sharpe Ratio: 0.072
Annualized Sharpe: 1.136
Sharpe 95% CI: (np.float64(-0.648), np.float64(2.923))
Sortino Ratio: 0.081
CAGR: 0.015
Calmar Ratio: 1.623
Daily Win Rate (%): 0.615
Max Drawdown: 0.009
Profit Factor: 1.487
Expectancy: 0.000352
Average Win: 0.001746
Average Loss: 0.001879
Total Trades: 52
Total Days: 300

Rolling 5 - Variant 2 - atr_0.25_1 - Test Metrics
Contracts: [5, 4, 4, 3, 3, 3, 3, 3, 3, 3, 4, 4, 5, 5, 7, 7, 4, 5, 5, 5, 5, 5, 5, 5, 6, 6, 6, 6, 4, 5, 4, 5, 6, 6, 5, 5, 6, 5, 3, 3, 4, 2, 5, 2, 3, 3, 3, 6, 4, 5, 4, 4, 4, 9, 7, 5, 6, 6, 6, 4, 5, 2, 3, 7, 6, 6, 6, 6, 4, 7, 5, 1, 1, 4, 4, 5, 3, 5, 5, 5, 6, 6, 6, 5, 5, 6, 6, 6, 6, 4, 6, 7, 7, 6, 6, 5, 6, 6, 6, 6, 6, 5]
Trade Returns: [-0.0017742001885945402, 0.0016357195595142727, 0.0006363122171945437, 0.0022850057567974503, 0.0017582780675462, -0.0021356428166886925, 0.0020560262226961695, -0.0021282193243885306, -0.00200495849951493, -0.002556891825015908, -0.0024325537090539814, -0.00202004292098994, -0.002072587672813774, -0.0025099446900901765, 0.0024147536714514573, -0.001964993134361352, -0.0023931284444665118, -0.002142817607476932, 0.0005945764289222657, -0.002353044052005454, -0.0019203416773905671, -0.0015892457057505606, 0.0021854978743787805, 0.002633011986188656, 0.002078993806786871, 0.0011128364389233958, 0.00182208373338674, 0.0012805444597095055, -0.002331774190670128, 0.002074882592251785, 0.0021895855852282313, 0.0006332758767407949, 0.0017206291569510455, 0.002179668666670616, 0.0018203202108734587, 0.002465945760992042, -0.0023068729513261578, -0.0004797436124301119, 0.001994645537324854, 0.0023224539877300617, -0.0021388363320132093, 0.0021080896468066565, -0.0021271594781995533, -0.002855998775159288, 0.0018779564526701824, 0.0019923254210113704, -0.002188376894975557, -0.0019573509730746327, -0.0020793336680745484, 0.001765986120730309]
Daily Returns: [0, 0, 0, 0, 0, 0, 0, 0, -0.0017742001885945402, 0.0022720317767088165, 0, 0, 0, 0, 0, 0, 0, 0, 0.0022850057567974503, 0, 0, 0, 0, 0, 0, 0, 0.0017582780675462, -0.0021356428166886925, 0, 0, 0, 0, 0, 0, 0, 0.0020560262226961695, 0, 0, 0, 0, 0, -0.0021282193243885306, 0, 0, 0, 0, 0, 0, -0.00200495849951493, 0, 0, 0, 0, 0, 0, -0.002556891825015908, 0, 0, 0, 0, -0.0024325537090539814, -0.00202004292098994, 0, 0, 0, 0, 0, 0, 0, 0, 0, 0, 0, 0, 0, 0, 0, 0, 0, 0, 0, 0, 0, 0, 0, 0, 0, 0, 0, -0.002072587672813774, 0, 0, 0, 0, 0, -0.002060184153000071, 0, -0.0023931284444665118, -0.002142817607476932, 0, 0, 0, 0, 0, 0, 0, 0, 0.0005945764289222657, 0, 0, 0, 0, 0, 0, 0, 0, -0.002353044052005454, 0, 0, -0.0019203416773905671, 0, 0, 0, 0, 0, 0, 0, -0.0015892457057505606, 0, 0, 0, 0.0021854978743787805, 0, 0, 0, 0, 0.002633011986188656, 0.002078993806786871, 0, 0, 0, 0, 0, 0, 0, 0, 0, 0, 0, 0, 0, 0, 0, 0, 0, 0, 0, 0, 0, 0, 0.0011128364389233958, 0, 0, 0, 0, 0, 0.00182208373338674, 0, 0, 0, 0, 0, 0, 0, 0, 0.0012805444597095055, 0, 0, 0, -0.00025689159841834307, 0, 0, 0.0021895855852282313, 0, 0, 0.0006332758767407949, 0.0017206291569510455, 0, 0, 0, 0, 0.002179668666670616, 0, 0, 0.0042862659718655004, 0, 0, -0.0023068729513261578, 0, 0, 0, 0, 0, 0, -0.0004797436124301119, 0, 0, 0, 0, 0, 0, 0, 0, 0.001994645537324854, 0, 0.0023224539877300617, 0, 0, 0, 0, 0, 0, 0, 0, 0, 0, 0, 0, 0, 0, 0, 0, 0, 0, 0, 0, 0, 0, 0, 0, 0, 0, 0, 0, 0, 0, 0, -0.0021388363320132093, 0, 0, 0, 0, 0.0021080896468066565, 0, 0, 0, 0, 0, -0.0021271594781995533, 0, 0, 0, 0, 0, 0, 0, 0, 0, 0, 0, 0, 0, -0.002855998775159288, 0, 0, 0, 0, 0, 0, 0, 0, 0, 0.003870281873681553, 0, 0, 0, 0, -0.002188376894975557, -0.0019573509730746327, -0.0020793336680745484, 0, 0, 0, 0, 0, 0.001765986120730309]
Start Date: 2024-12-10
End Date: 2025-11-19
Sharpe Ratio: -0.012
Annualized Sharpe: -0.183
Sharpe 95% CI: (np.float64(-2.03), np.float64(1.61))
Sortino Ratio: -0.017
CAGR: -0.002
Calmar Ratio: -0.1
Daily Win Rate (%): 0.52
Max Drawdown: 0.025
Profit Factor: 0.944
Expectancy: -5.6e-05
Average Win: 0.001832
Average Loss: 0.002103
Total Trades: 50
Total Days: 296



Rolling 5 - Variant 3 - atr_0.5_2 - Fit Metrics
Contracts: [5, 4, 4, 3, 3, 3, 3, 3, 3, 3, 4, 4, 5, 5, 7, 8, 5, 5, 5, 5, 5, 5, 5, 6, 6, 6, 6, 7, 4, 5, 4, 5, 7, 6, 5, 6, 6, 5, 3, 4, 4, 2, 5, 2, 3, 3, 3, 6, 4, 5, 5, 4, 4, 9, 7, 6, 6, 6, 6, 4, 5, 2, 3, 7, 6, 7, 6, 6, 5, 8, 5, 1, 1, 4, 4, 5, 3, 5, 5, 5, 6, 6, 6, 5, 5, 7, 7, 6, 6, 4, 6, 7, 7, 6, 6, 5, 6, 6, 6, 6, 6, 5]
Trade Returns: [-0.00431, -0.00418604184033183, 0.001140622453967754, 0.0049672067901234615, -0.0034850520658380926, -0.000999211465650608, 0.0027656433585394446, 0.0028481469018891478, 0.0026948469121209524, 0.00939758603992181, 0.0022708480628887144, 0.008361846342947982, 0.004798577854892332, -0.0045636668137781135, -0.003509399552430042, 0.0017462460587518908, 0.00023372540770479416, 0.0035440070257018418, -0.0013194583235505853, 0.008150648068811306, 0.008198458982651032, -0.004220610129851526, -0.004312487096946853, 0.0014859582702985044, -0.0035771110898111776, 0.009548196943345702, -0.0041865790238150855, 0.0036893969855949444, 0.002890493023539601, 0.00038573795661491964, 0.001413193989366833, -0.0037081927349770787, -0.0006396880759096714, -0.0018974319896365294, 0.0005133138400818046, 0.008780874688420578, -0.0040177583008222575, -0.0017304850915738938, -0.0016970106504695102, 0.002203151928646299, -0.003507476462986894, 0.0003764289823291135, -0.0007564340310408197, -0.0003512103248116521, -0.0038826824262811126, -0.00372354741956034, 0.002177798939981728, 0.00855790949450892, 0.0012108244227341395, -0.004401926808313464, 0.0006127890628787778, 0.0008837363442385626]
Daily Returns: [-0.00849604184033183, 0, 0, 0, 0, 0, 0, 0, 0.001140622453967754, 0, 0, 0, 0, 0.001482154724285369, -0.000999211465650608, 0, 0, 0.005613790260428592, 0, 0, 0, 0, 0, 0.0026948469121209524, 0, 0, 0, 0, 0, 0, 0, 0, 0.00939758603992181, 0.0022708480628887144, 0, 0, 0, 0, 0, 0, 0, 0, 0, 0, 0.008361846342947982, 0, 0, 0, 0, 0, 0, 0, 0, 0, 0, 0, 0, 0, 0, 0, 0, 0, 0, 0, 0, 0, 0, 0, 0, 0, 0, 0, 0, 0, 0, 0, 0, 0, 0, 0.004798577854892332, -0.0045636668137781135, 0, 0, 0, 0, 0, 0, 0, 0, 0, 0, -0.003509399552430042, 0.001979971466456685, 0, 0, 0.002224548702151256, 0, 0, 0, 0, 0, 0, 0, 0, 0.008150648068811306, 0, 0, 0, 0.008198458982651032, -0.004220610129851526, 0, 0, 0, 0, 0, 0, 0, -0.004312487096946853, 0, 0.0014859582702985044, -0.0035771110898111776, 0.009548196943345702, -0.0041865790238150855, 0, 0, 0, 0, 0, 0, 0, 0, 0, 0, 0, 0, 0, 0, 0, 0, 0, 0, 0, 0, 0, 0, 0, 0, 0, 0, 0.006579890009134545, 0, 0, 0, 0, 0, 0, 0, 0.00038573795661491964, 0.001413193989366833, 0, 0, 0, 0, 0, 0, 0, 0, 0, 0, 0, 0, -0.0037081927349770787, 0, 0, 0, -0.0006396880759096714, -0.0018974319896365294, 0.0005133138400818046, 0, 0, 0, 0, 0.008780874688420578, -0.0040177583008222575, 0, 0, 0, -0.0017304850915738938, -0.0016970106504695102, 0.002203151928646299, 0, 0, 0, 0, 0, 0, 0, -0.003507476462986894, 0, 0, 0, 0.0003764289823291135, 0, 0, 0, 0, 0, 0, 0, 0, 0, 0, 0, 0, 0, 0, 0, 0, 0, 0, 0, 0, 0, 0, 0, 0, 0, 0, 0, 0, 0, 0, 0, 0, 0, 0, 0, 0, 0, 0, -0.0007564340310408197, 0, 0, -0.0003512103248116521, 0, 0, 0, -0.0038826824262811126, 0, 0, -0.00372354741956034, 0, 0, 0, 0, 0, 0, 0, 0, 0, 0.002177798939981728, 0.00855790949450892, 0, 0.0012108244227341395, 0, 0, 0, -0.004401926808313464, 0, 0.0006127890628787778, 0, 0, 0, 0, 0, 0, 0.0008837363442385626, 0, 0, 0, 0, 0, 0, 0, 0, 0, 0, 0, 0, 0, 0, 0, 0, 0, 0, 0, 0, 0, 0, 0]
Start Date: 2023-12-26
End Date: 2024-12-09
Sharpe Ratio: 0.069
Annualized Sharpe: 1.099
Sharpe 95% CI: (np.float64(-0.72), np.float64(2.634))
Sortino Ratio: 0.065
CAGR: 0.031
Calmar Ratio: 1.829
Daily Win Rate (%): 0.558
Max Drawdown: 0.017
Profit Factor: 1.534
Expectancy: 0.000709
Average Win: 0.00365
Average Loss: 0.002999
Total Trades: 52
Total Days: 300

Rolling 5 - Variant 3 - atr_0.5_2 - Test Metrics
Contracts: [5, 4, 4, 3, 3, 3, 3, 3, 3, 3, 4, 4, 5, 5, 7, 8, 5, 5, 5, 5, 5, 5, 5, 6, 6, 6, 6, 7, 4, 5, 4, 5, 7, 6, 5, 6, 6, 5, 3, 4, 4, 2, 5, 2, 3, 3, 3, 6, 4, 5, 5, 4, 4, 9, 7, 6, 6, 6, 6, 4, 5, 2, 3, 7, 6, 7, 6, 6, 5, 8, 5, 1, 1, 4, 4, 5, 3, 5, 5, 5, 6, 6, 6, 5, 5, 7, 7, 6, 6, 4, 6, 7, 7, 6, 6, 5, 6, 6, 6, 6, 6, 5]
Trade Returns: [-0.00412318597190211, 0.007062418718033955, 0.0006280165145083181, -0.003938448669466504, -0.0037916676359068605, -0.004034828578092203, 0.004951284804905792, 0.00018680240975105927, -0.00035171272565833286, -0.004858419465977606, -0.003346924222645234, 0.007407249985993073, -0.000708980811027607, -0.005438951258629107, 0.0004564327289114889, -0.0019156535436705671, -0.004537770610826771, -0.0051162871364401055, 0.0007306942376749037, -0.0019991566058069335, -0.0036463794425577872, -0.0015000791057340976, 0.005193117205415756, -0.005487035533690008, 0.008644767899291899, 0.0013773188453998796, 0.007275148919859145, 0.005353016312561552, -0.004434185514218102, 0.008522096272021263, 0.008797823919880689, 0.0006128131570985102, 0.0007559779675484143, 0.0021954610563839154, -0.0004808747340400918, 0.0034822916686554225, -0.0042920986193368945, -0.00046621739105515527, 0.008132024002278651, -0.0018051807930280586, -0.00393602814488079, 0.00044626935979419027, -0.004071821129625359, -0.0016843878302979182, 0.0003336113427856449, 0.0033235008308752164, -0.00413774922488839, -0.0036370123554834294, -0.0038813194175710566, 0.0025029232984470234]
Daily Returns: [0, 0, 0, 0, 0, 0, 0, 0, -0.00412318597190211, 0.0076904352325422734, 0, 0, 0, 0, 0, 0, 0, 0, -0.003938448669466504, 0, 0, 0, 0, 0, 0, 0, -0.0037916676359068605, -0.004034828578092203, 0, 0, 0, 0, 0, 0, 0, 0.004951284804905792, 0, 0, 0, 0, 0, 0.00018680240975105927, 0, 0, 0, 0, 0, 0, -0.00035171272565833286, 0, 0, 0, 0, 0, 0, -0.004858419465977606, 0, 0, 0, 0, -0.003346924222645234, 0.007407249985993073, 0, 0, 0, 0, 0, 0, 0, 0, 0, 0, 0, 0, 0, 0, 0, 0, 0, 0, 0, 0, 0, 0, 0, 0, 0, 0, 0, -0.000708980811027607, 0, 0, 0, 0, 0, -0.0068981720733881854, 0, -0.004537770610826771, -0.0051162871364401055, 0, 0, 0, 0, 0, 0, 0, 0, 0.0007306942376749037, 0, 0, 0, 0, 0, 0, 0, 0, -0.0019991566058069335, 0, 0, -0.0036463794425577872, 0, 0, 0, 0, 0, 0, 0, -0.0015000791057340976, 0, 0, 0, 0.005193117205415756, 0, 0, 0, 0, -0.005487035533690008, 0.008644767899291899, 0, 0, 0, 0, 0, 0, 0, 0, 0, 0, 0, 0, 0, 0, 0, 0, 0, 0, 0, 0, 0, 0, 0.0013773188453998796, 0, 0, 0, 0, 0, 0.007275148919859145, 0, 0, 0, 0, 0, 0, 0, 0, 0.005353016312561552, 0, 0, 0, 0.004087910757803161, 0, 0, 0.008797823919880689, 0, 0, 0.0006128131570985102, 0.0007559779675484143, 0, 0, 0, 0, 0.0021954610563839154, 0, 0, 0.0030014169346153307, 0, 0, -0.0042920986193368945, 0, 0, 0, 0, 0, 0, -0.00046621739105515527, 0, 0, 0, 0, 0, 0, 0, 0, 0.008132024002278651, 0, -0.0018051807930280586, 0, 0, 0, 0, 0, 0, 0, 0, 0, 0, 0, 0, 0, 0, 0, 0, 0, 0, 0, 0, 0, 0, 0, 0, 0, 0, 0, 0, 0, 0, 0, -0.00393602814488079, 0, 0, 0, 0, 0.00044626935979419027, 0, 0, 0, 0, 0, -0.004071821129625359, 0, 0, 0, 0, 0, 0, 0, 0, 0, 0, 0, 0, 0, -0.0016843878302979182, 0, 0, 0, 0, 0, 0, 0, 0, 0, 0.0036571121736608614, 0, 0, 0, 0, -0.00413774922488839, -0.0036370123554834294, -0.0038813194175710566, 0, 0, 0, 0, 0, 0.0025029232984470234]
Start Date: 2024-12-10
End Date: 2025-11-19
Sharpe Ratio: 0.001
Annualized Sharpe: 0.023
Sharpe 95% CI: (np.float64(-1.834), np.float64(1.777))
Sortino Ratio: 0.002
CAGR: 0.0
Calmar Ratio: 0.009
Daily Win Rate (%): 0.46
Max Drawdown: 0.031
Profit Factor: 1.009
Expectancy: 1.5e-05
Average Win: 0.003842
Average Loss: 0.003245
Total Trades: 50
Total Days: 296



Rolling 5 - Variant 4 - atr_0.5_3 - Fit Metrics
Contracts: [5, 4, 4, 3, 3, 3, 3, 3, 3, 3, 4, 4, 5, 5, 7, 8, 5, 5, 5, 5, 5, 5, 5, 6, 6, 6, 6, 7, 4, 5, 4, 5, 7, 6, 5, 6, 6, 5, 3, 4, 4, 2, 5, 2, 3, 3, 3, 6, 4, 5, 5, 4, 4, 9, 7, 6, 6, 6, 6, 4, 5, 2, 3, 7, 6, 7, 6, 7, 5, 8, 5, 1, 1, 4, 4, 5, 3, 5, 5, 6, 6, 6, 6, 5, 5, 7, 7, 6, 6, 4, 7, 7, 7, 6, 6, 5, 6, 6, 6, 6, 6, 5]
Trade Returns: [-0.00431, -0.00418604184033183, 0.001140622453967754, 0.0049672067901234615, -0.0034850520658380926, -0.000999211465650608, 0.0027656433585394446, 0.0028481469018891478, 0.0026948469121209524, 0.010593207673499675, 0.0022708480628887144, 0.009778402126458112, 0.0047768398447815535, -0.0045430912589619595, -0.003493437949380957, 0.0017382758634083978, 0.00023266049211575351, 0.003527863336001847, -0.0013134690455908976, 0.008113602033139102, 0.009773074355176619, -0.004201494421456148, -0.004286349421076833, 0.0014769132132212428, -0.0035553692553921207, -0.0008834091178528918, -0.004204420647995608, 0.003705178062896145, 0.002902863226505674, 0.0003873831410093603, 0.001419218971752942, -0.0037239797628844, -0.0006424216236059553, -0.001905545404976242, 0.0005155042681843915, 0.01075534893508402, -0.004034971026799492, -0.0017379288045821226, -0.0017043230810459132, 0.002200545403995285, -0.0035226160058864776, 0.0003780601057405448, -0.0007597105347819605, -0.00035273163518245455, -0.0038994926591517983, -0.003739731781691457, 0.002187338914052862, 0.012946755977118274, 0.0012160731117895024, -0.004402011796619334, 0.0006128009463508553, 0.0008837534715425571]
Daily Returns: [-0.00849604184033183, 0, 0, 0, 0, 0, 0, 0, 0.001140622453967754, 0, 0, 0, 0, 0.001482154724285369, -0.000999211465650608, 0, 0, 0.005613790260428592, 0, 0, 0, 0, 0, 0.0026948469121209524, 0, 0, 0, 0, 0, 0, 0, 0, 0.010593207673499675, 0.0022708480628887144, 0, 0, 0, 0, 0, 0, 0, 0, 0, 0, 0.009778402126458112, 0, 0, 0, 0, 0, 0, 0, 0, 0, 0, 0, 0, 0, 0, 0, 0, 0, 0, 0, 0, 0, 0, 0, 0, 0, 0, 0, 0, 0, 0, 0, 0, 0, 0, 0.0047768398447815535, -0.0045430912589619595, 0, 0, 0, 0, 0, 0, 0, 0, 0, 0, -0.003493437949380957, 0.0019709363555241513, 0, 0, 0.0022143942904109494, 0, 0, 0, 0, 0, 0, 0, 0, 0.008113602033139102, 0, 0, 0, 0.009773074355176619, -0.004201494421456148, 0, 0, 0, 0, 0, 0, 0, -0.004286349421076833, 0, 0.0014769132132212428, -0.0035553692553921207, -0.0008834091178528918, -0.004204420647995608, 0, 0, 0, 0, 0, 0, 0, 0, 0, 0, 0, 0, 0, 0, 0, 0, 0, 0, 0, 0, 0, 0, 0, 0, 0, 0, 0.006608041289401819, 0, 0, 0, 0, 0, 0, 0, 0.0003873831410093603, 0.001419218971752942, 0, 0, 0, 0, 0, 0, 0, 0, 0, 0, 0, 0, -0.0037239797628844, 0, 0, 0, -0.0006424216236059553, -0.001905545404976242, 0.0005155042681843915, 0, 0, 0, 0, 0.01075534893508402, -0.004034971026799492, 0, 0, 0, -0.0017379288045821226, -0.0017043230810459132, 0.002200545403995285, 0, 0, 0, 0, 0, 0, 0, -0.0035226160058864776, 0, 0, 0, 0.0003780601057405448, 0, 0, 0, 0, 0, 0, 0, 0, 0, 0, 0, 0, 0, 0, 0, 0, 0, 0, 0, 0, 0, 0, 0, 0, 0, 0, 0, 0, 0, 0, 0, 0, 0, 0, 0, 0, 0, 0, -0.0007597105347819605, 0, 0, -0.00035273163518245455, 0, 0, 0, -0.0038994926591517983, 0, 0, -0.003739731781691457, 0, 0, 0, 0, 0, 0, 0, 0, 0, 0.002187338914052862, 0.012946755977118274, 0, 0.0012160731117895024, 0, 0, 0, -0.004402011796619334, 0, 0.0006128009463508553, 0, 0, 0, 0, 0, 0, 0.0008837534715425571, 0, 0, 0, 0, 0, 0, 0, 0, 0, 0, 0, 0, 0, 0, 0, 0, 0, 0, 0, 0, 0, 0, 0]
Start Date: 2023-12-26
End Date: 2024-12-09
Sharpe Ratio: 0.065
Annualized Sharpe: 1.036
Sharpe 95% CI: (np.float64(-0.806), np.float64(2.505))
Sortino Ratio: 0.064
CAGR: 0.031
Calmar Ratio: 1.601
Daily Win Rate (%): 0.538
Max Drawdown: 0.019
Profit Factor: 1.528
Expectancy: 0.00071
Average Win: 0.003815
Average Loss: 0.002912
Total Trades: 52
Total Days: 300

Rolling 5 - Variant 4 - atr_0.5_3 - Test Metrics
Contracts: [5, 4, 4, 3, 3, 3, 3, 3, 3, 3, 4, 4, 5, 5, 7, 8, 5, 5, 5, 5, 5, 5, 5, 6, 6, 6, 6, 7, 4, 5, 4, 5, 7, 6, 5, 6, 6, 5, 3, 4, 4, 2, 5, 2, 3, 3, 3, 6, 4, 5, 5, 4, 4, 9, 7, 6, 6, 6, 6, 4, 5, 2, 3, 7, 6, 7, 6, 7, 5, 8, 5, 1, 1, 4, 4, 5, 3, 5, 5, 6, 6, 6, 6, 5, 5, 7, 7, 6, 6, 4, 7, 7, 7, 6, 6, 5, 6, 6, 6, 6, 6, 5]
Trade Returns: [-0.004126890283839632, 0.006178035509124217, 0.0006285830689986058, -0.003938524931404929, -0.003795088503559351, -0.0040524317518568775, 0.004955768066160023, 0.00018697158616173893, -0.00035075210451265164, -0.004845145172206852, -0.003325410248205892, 0.011143950399401957, -0.0007096200043043021, -0.005405353378827109, 0.00045349745622217985, -0.0022205151136437625, -0.004509587227610288, -0.00508484314551653, 0.0007261416830566257, -0.001986709996604752, -0.003623632146904848, -0.001490735312957369, 0.00516060303939032, -0.005452806494380015, 0.012939569084984828, 0.0013687257823998269, 0.010943870037667997, 0.009598073438576386, -0.004369241002058476, 0.00793600516013103, 0.008787717764559949, 0.0006041554567509924, 0.0007453041123805047, 0.0021644858403408514, -0.0004741048449000617, 0.003433243737718305, -0.004231851435002817, -0.00045964539488063764, 0.00928759894459108, -0.0017776848269371547, -0.003875968992248064, 0.0004394333188107589, -0.004009475577112954, -0.0016584935601448847, 0.00032847418079671027, 0.003272340232800408, -0.004074262174820835, -0.0035809800099723507, -0.003821308343189884, 0.002464075866898039]
Daily Returns: [0, 0, 0, 0, 0, 0, 0, 0, -0.004126890283839632, 0.006806618578122823, 0, 0, 0, 0, 0, 0, 0, 0, -0.003938524931404929, 0, 0, 0, 0, 0, 0, 0, -0.003795088503559351, -0.0040524317518568775, 0, 0, 0, 0, 0, 0, 0, 0.004955768066160023, 0, 0, 0, 0, 0, 0.00018697158616173893, 0, 0, 0, 0, 0, 0, -0.00035075210451265164, 0, 0, 0, 0, 0, 0, -0.004845145172206852, 0, 0, 0, 0, -0.003325410248205892, 0.011143950399401957, 0, 0, 0, 0, 0, 0, 0, 0, 0, 0, 0, 0, 0, 0, 0, 0, 0, 0, 0, 0, 0, 0, 0, 0, 0, 0, 0, -0.0007096200043043021, 0, 0, 0, 0, 0, -0.007172371036248692, 0, -0.004509587227610288, -0.00508484314551653, 0, 0, 0, 0, 0, 0, 0, 0, 0.0007261416830566257, 0, 0, 0, 0, 0, 0, 0, 0, -0.001986709996604752, 0, 0, -0.003623632146904848, 0, 0, 0, 0, 0, 0, 0, -0.001490735312957369, 0, 0, 0, 0.00516060303939032, 0, 0, 0, 0, -0.005452806494380015, 0.012939569084984828, 0, 0, 0, 0, 0, 0, 0, 0, 0, 0, 0, 0, 0, 0, 0, 0, 0, 0, 0, 0, 0, 0, 0.0013687257823998269, 0, 0, 0, 0, 0, 0.010943870037667997, 0, 0, 0, 0, 0, 0, 0, 0, 0.009598073438576386, 0, 0, 0, 0.0035667641580725534, 0, 0, 0.008787717764559949, 0, 0, 0.0006041554567509924, 0.0007453041123805047, 0, 0, 0, 0, 0.0021644858403408514, 0, 0, 0.0029591388928182434, 0, 0, -0.004231851435002817, 0, 0, 0, 0, 0, 0, -0.00045964539488063764, 0, 0, 0, 0, 0, 0, 0, 0, 0.00928759894459108, 0, -0.0017776848269371547, 0, 0, 0, 0, 0, 0, 0, 0, 0, 0, 0, 0, 0, 0, 0, 0, 0, 0, 0, 0, 0, 0, 0, 0, 0, 0, 0, 0, 0, 0, 0, -0.003875968992248064, 0, 0, 0, 0, 0.0004394333188107589, 0, 0, 0, 0, 0, -0.004009475577112954, 0, 0, 0, 0, 0, 0, 0, 0, 0, 0, 0, 0, 0, -0.0016584935601448847, 0, 0, 0, 0, 0, 0, 0, 0, 0, 0.0036008144135971183, 0, 0, 0, 0, -0.004074262174820835, -0.0035809800099723507, -0.003821308343189884, 0, 0, 0, 0, 0, 0.002464075866898039]
Start Date: 2024-12-10
End Date: 2025-11-19
Sharpe Ratio: 0.028
Annualized Sharpe: 0.447
Sharpe 95% CI: (np.float64(-1.459), np.float64(2.051))
Sortino Ratio: 0.033
CAGR: 0.014
Calmar Ratio: 0.488
Daily Win Rate (%): 0.46
Max Drawdown: 0.028
Profit Factor: 1.189
Expectancy: 0.00033
Average Win: 0.004511
Average Loss: 0.003232
Total Trades: 50
Total Days: 296



Rolling 6 - Variant 0 - atr_0.5_0.5 - Fit Metrics
Contracts: [5, 4, 4, 3, 4, 3, 3, 3, 3, 3, 4, 4, 5, 5, 7, 7, 5, 5, 5, 5, 5, 5, 5, 5, 6, 6, 6, 7, 4, 5, 4, 5, 7, 6, 5, 6, 6, 5, 3, 3, 4, 2, 5, 2, 3, 3, 3, 6, 4, 5, 5, 4, 4, 9, 7, 6, 6, 6, 6, 4, 5, 2, 3, 7, 6, 7, 6, 6, 5, 8, 5, 1, 1, 4, 4, 5, 3, 5, 5, 5, 6, 6, 6, 5, 5, 7, 6, 6, 6, 4, 6, 7, 7, 6, 6, 5, 6, 6, 6, 6, 6, 5]
Trade Returns: [0.00199, 0.0019481232347628218, 0.0017237026006636355, 0.0018576809948913774, -0.0034529210166603943, 0.001559496428763118, 0.0014528666826111511, 0.0014507589233069777, 0.002024021308003849, 0.002263290164266283, 0.002072054866904614, 0.002005172164671816, 0.001973425322100994, -0.004048495979835678, 0.0016055434323973216, 0.0020916800980548362, 0.002136083125821149, 0.002545183082854227, -0.0013203293833479286, 0.002080323830595537, 0.0016394619460510316, 0.00197656374148312, -0.004369908069221205, 0.001972754969825021, 0.0016193671652919527, 0.0022933023165648933, -0.004258080214120606, 0.0015588946933754715, 0.0015825178324160164, 0.0003928626722402734, 0.0014392859284651453, 0.0017289106703730394, -0.0006479456651278156, 0.0018987854719755477, 0.0005227998838222261, 0.0021237795624719823, -0.004054236243523816, -0.001746260430666881, -0.0012843809206473074, 0.0023567036494423037, -0.003538044648416512, 0.0021293435204757286, 0.0013738556054472986, 0.0010278072472090557, -0.0038943288473425033, 0.0017712435119952225, 0.0019971638715780807, 0.0020543773779539572, 0.0016655491952267821, -0.004420215117135701, 0.0019005631586736565, 0.001449928864079859, -0.0041294074319667565, 0.0016469312471558732, 0.0006289680556054088, 0.0022532576166317975, 0.001702243029566548, -0.0040247807066437, 0.001995737915637791, 0.00018559457445191382, -0.0003523920293929861]
Daily Returns: [0.003938123234762822, 0, 0, 0, 0, 0, 0, 0, 0.0017237026006636355, 0, 0, 0, 0, -0.0015952400217690169, 0.001559496428763118, 0, 0, 0.002903625605918129, 0, 0, 0, 0, 0, 0.002024021308003849, 0, 0, 0, 0, 0, 0, 0, 0, 0.002263290164266283, 0.002072054866904614, 0, 0, 0, 0, 0, 0, 0, 0, 0, 0, 0.002005172164671816, 0, 0, 0, 0, 0, 0, 0, 0, 0, 0, 0, 0, 0, 0, 0, 0, 0, 0, 0, 0, 0, 0, 0, 0, 0, 0, 0, 0, 0, 0, 0, 0, 0, 0, 0.001973425322100994, -0.004048495979835678, 0, 0, 0, 0, 0, 0, 0, 0, 0, 0, 0.0016055434323973216, 0.004227763223875985, 0, 0, 0.0012248536995062983, 0, 0, 0, 0, 0, 0, 0, 0, 0.002080323830595537, 0, 0, 0, 0.0016394619460510316, 0.00197656374148312, 0, 0, 0, 0, 0, 0, 0, -0.004369908069221205, 0, 0.001972754969825021, 0.0016193671652919527, 0.0022933023165648933, -0.004258080214120606, 0, 0, 0, 0, 0, 0, 0, 0, 0, 0, 0, 0, 0, 0, 0, 0, 0, 0, 0, 0, 0, 0, 0, 0, 0, 0, 0.003141412525791488, 0, 0, 0, 0, 0, 0, 0, 0.0003928626722402734, 0.0014392859284651453, 0, 0, 0, 0, 0, 0, 0, 0, 0, 0, 0, 0, 0.0017289106703730394, 0, 0, 0, -0.0006479456651278156, 0.0018987854719755477, 0.0005227998838222261, 0, 0, 0, 0, 0.0021237795624719823, -0.004054236243523816, 0, 0, 0, -0.001746260430666881, -0.0012843809206473074, 0.0023567036494423037, 0, 0, 0, 0, 0, 0, 0, -0.003538044648416512, 0, 0, 0, 0.0021293435204757286, 0, 0, 0, 0, 0, 0, 0, 0, 0, 0, 0, 0, 0, 0, 0, 0, 0, 0, 0, 0, 0, 0, 0, 0, 0, 0, 0, 0, 0, 0, 0, 0, 0, 0, 0, 0, 0, 0, 0.0013738556054472986, 0, 0, 0.0010278072472090557, 0, 0, 0, -0.0038943288473425033, 0, 0, 0.0017712435119952225, 0, 0, 0, 0, 0, 0, 0, 0, 0, 0.0019971638715780807, 0.0020543773779539572, 0, 0.0016655491952267821, 0, 0, 0, -0.004420215117135701, 0, 0.0019005631586736565, 0, 0, 0, 0, 0, 0, 0.001449928864079859, 0, 0, 0, 0, 0, 0, 0, 0, 0, 0, 0, 0, 0, 0, 0, 0, 0, 0, 0, 0, 0, 0, 0, 0, 0, 0, 0, 0, 0, 0, 0, -0.0041294074319667565, 0.002275899302761282, 0, 0, 0, 0, 0, 0, 0, 0, 0.0022532576166317975, 0, 0, 0, 0, 0, 0, 0, 0.001702243029566548, -0.0040247807066437, 0, 0, 0, 0, 0, 0, 0, 0.001995737915637791, 0, 0, 0, 0, 0, 0.00018559457445191382, 0, 0, 0, 0, 0, 0, -0.0003523920293929861, 0]
Start Date: 2023-12-26
End Date: 2025-02-05
Sharpe Ratio: 0.101
Annualized Sharpe: 1.607
Sharpe 95% CI: (np.float64(-0.061), np.float64(3.474))
Sortino Ratio: 0.064
CAGR: 0.025
Calmar Ratio: 3.0
Daily Win Rate (%): 0.754
Max Drawdown: 0.008
Profit Factor: 1.749
Expectancy: 0.000559
Average Win: 0.001732
Average Loss: 0.003036
Total Trades: 61
Total Days: 350

Rolling 6 - Variant 0 - atr_0.5_0.5 - Test Metrics
Contracts: [5, 4, 4, 3, 4, 3, 3, 3, 3, 3, 4, 4, 5, 5, 7, 7, 5, 5, 5, 5, 5, 5, 5, 5, 6, 6, 6, 7, 4, 5, 4, 5, 7, 6, 5, 6, 6, 5, 3, 3, 4, 2, 5, 2, 3, 3, 3, 6, 4, 5, 5, 4, 4, 9, 7, 6, 6, 6, 6, 4, 5, 2, 3, 7, 6, 7, 6, 6, 5, 8, 5, 1, 1, 4, 4, 5, 3, 5, 5, 5, 6, 6, 6, 5, 5, 7, 6, 6, 6, 4, 6, 7, 7, 6, 6, 5, 6, 6, 6, 6, 6, 5]
Trade Returns: [-0.004867806405008428, -0.003364583232967533, 0.001759588693723166, 0.0017925962283697758, -0.005467949791446786, 0.0027593829648681085, -0.0019257950188422545, -0.0045620973900103775, -0.005143425036759506, 0.0005825616601730198, -0.002010778479564784, -0.0036676199723944696, -0.0015134496009459118, 0.0021377754299002206, 0.002605184316790413, 0.0020816847177767017, 0.0010995279307631787, 0.0017805299150245475, 0.0012670424577087749, -0.004484951574883094, 0.0020574732691062705, 0.0021417508665830813, 0.0006280032538418869, 0.0017308282577080695, 0.0025217619441061647, 0.0018045394713714891, 0.002444606465145838, -0.004387227256816148, -0.0004765960106570325, 0.001981552411475025, 0.0023413699891171634, -0.004031642164517073, 0.0020689149918190915, -0.004164379929482385, -0.0017228366897650686, 0.0019003521240700478, 0.002014193309707178, -0.004231266244516787, -0.0037195615390274387, -0.003969742527934403, 0.0017940969761310957]
Daily Returns: [0, 0, 0, 0, 0, -0.004867806405008428, 0, 0, 0, 0, -0.003364583232967533, 0.001759588693723166, 0, 0, 0, 0, 0, 0, 0, 0, 0, 0, 0, 0, 0, 0, 0, 0, 0, 0, 0, 0, 0, 0, 0, 0, 0, 0, 0, 0.0017925962283697758, 0, 0, 0, 0, 0, -0.004634361845420932, 0, -0.0045620973900103775, -0.005143425036759506, 0, 0, 0, 0, 0, 0, 0, 0, 0.0005825616601730198, 0, 0, 0, 0, 0, 0, 0, 0, -0.002010778479564784, 0, 0, -0.0036676199723944696, 0, 0, 0, 0, 0, 0, 0, -0.0015134496009459118, 0, 0, 0, 0.0021377754299002206, 0, 0, 0, 0, 0.002605184316790413, 0.0020816847177767017, 0, 0, 0, 0, 0, 0, 0, 0, 0, 0, 0, 0, 0, 0, 0, 0, 0, 0, 0, 0, 0, 0, 0.0010995279307631787, 0, 0, 0, 0, 0, 0.0017805299150245475, 0, 0, 0, 0, 0, 0, 0, 0, 0.0012670424577087749, 0, 0, 0, -0.002427478305776824, 0, 0, 0.0021417508665830813, 0, 0, 0.0006280032538418869, 0.0017308282577080695, 0, 0, 0, 0, 0.0025217619441061647, 0, 0, 0.0042491459365173265, 0, 0, -0.004387227256816148, 0, 0, 0, 0, 0, 0, -0.0004765960106570325, 0, 0, 0, 0, 0, 0, 0, 0, 0.001981552411475025, 0, 0.0023413699891171634, 0, 0, 0, 0, 0, 0, 0, 0, 0, 0, 0, 0, 0, 0, 0, 0, 0, 0, 0, 0, 0, 0, 0, 0, 0, 0, 0, 0, 0, 0, 0, -0.004031642164517073, 0, 0, 0, 0, 0.0020689149918190915, 0, 0, 0, 0, 0, -0.004164379929482385, 0, 0, 0, 0, 0, 0, 0, 0, 0, 0, 0, 0, 0, -0.0017228366897650686, 0, 0, 0, 0, 0, 0, 0, 0, 0, 0.003914545433777226, 0, 0, 0, 0, -0.004231266244516787, -0.0037195615390274387, -0.003969742527934403, 0, 0, 0, 0, 0, 0.0017940969761310957]
Start Date: 2025-02-06
End Date: 2025-11-19
Sharpe Ratio: -0.072
Annualized Sharpe: -1.145
Sharpe 95% CI: (np.float64(-2.876), np.float64(0.842))
Sortino Ratio: -0.062
CAGR: -0.021
Calmar Ratio: -0.822
Daily Win Rate (%): 0.561
Max Drawdown: 0.025
Profit Factor: 0.68
Expectancy: -0.000498
Average Win: 0.001882
Average Loss: 0.00354
Total Trades: 41
Total Days: 246



Rolling 6 - Variant 1 - atr_0.5_1 - Fit Metrics
Contracts: [5, 4, 4, 3, 3, 3, 3, 3, 3, 3, 4, 4, 5, 5, 7, 7, 5, 5, 5, 5, 5, 5, 5, 6, 6, 6, 6, 7, 4, 5, 4, 5, 7, 6, 5, 6, 6, 5, 3, 4, 4, 2, 5, 2, 3, 3, 3, 6, 4, 5, 5, 4, 4, 10, 7, 6, 6, 6, 6, 5, 5, 2, 3, 7, 6, 7, 6, 7, 5, 8, 5, 1, 1, 4, 4, 5, 3, 5, 5, 6, 6, 6, 6, 5, 5, 7, 7, 6, 6, 4, 7, 7, 7, 6, 6, 5, 6, 6, 6, 6, 6, 5]
Trade Returns: [-0.00431, -0.00418604184033183, 0.001140622453967754, 0.0028874903549382714, -0.0034922791178539016, 0.003221019868987731, 0.0030002405002405004, 0.0029912659828916373, 0.0026948469121209524, 0.004643295149386494, 0.0022651478023882708, 0.004135877901777343, 0.00409702891997385, -0.004039372181748355, 0.0033044220770485962, 0.00173906622830537, 0.00023276609529059586, 0.0035294642389641227, -0.0013140629861308384, 0.00424729924013011, 0.004034728725187575, 0.004051840063889885, -0.004329403095062639, 0.004035988528078454, -0.003582082675850313, 0.004706584980541749, -0.004214779827929942, 0.0031754371499301062, 0.0032171746449782515, 0.00038821954484603946, 0.0014222820362337592, 0.0035220207426977725, -0.0006391575295039876, 0.0038716603598321904, 0.0005166178749784526, 0.004364597218453991, -0.003991353647206052, -0.0017190667923127395, -0.0016857939441093995, 0.0022080339989751178, -0.0034842539990601685, 0.004294579456415279, -0.0007466709333577231, 0.00206642462534073, -0.003832592073597953, -0.0036753252462162116, 0.0021493779130233744, 0.004170382214569048, 0.0011951849486756636, -0.004363586255468837, 0.0006074283100037554, 0.002950770543010939, -0.004056625631948586, 0.0033881639124336855, 0.0006178371884593855, 0.005152486793161175, -0.0037302047417081137, -0.003982382370092999, 0.004057167790680763, 0.0002297037587191392, -0.00034756514472387143]
Daily Returns: [-0.00849604184033183, 0, 0, 0, 0, 0, 0, 0, 0.001140622453967754, 0, 0, 0, 0, -0.0006047887629156302, 0.003221019868987731, 0, 0, 0.005991506483132137, 0, 0, 0, 0, 0, 0.0026948469121209524, 0, 0, 0, 0, 0, 0, 0, 0, 0.004643295149386494, 0.0022651478023882708, 0, 0, 0, 0, 0, 0, 0, 0, 0, 0, 0.004135877901777343, 0, 0, 0, 0, 0, 0, 0, 0, 0, 0, 0, 0, 0, 0, 0, 0, 0, 0, 0, 0, 0, 0, 0, 0, 0, 0, 0, 0, 0, 0, 0, 0, 0, 0, 0.00409702891997385, -0.004039372181748355, 0, 0, 0, 0, 0, 0, 0, 0, 0, 0, 0.0033044220770485962, 0.0019718323235959657, 0, 0, 0.0022154012528332843, 0, 0, 0, 0, 0, 0, 0, 0, 0.00424729924013011, 0, 0, 0, 0.004034728725187575, 0.004051840063889885, 0, 0, 0, 0, 0, 0, 0, -0.004329403095062639, 0, 0.004035988528078454, -0.003582082675850313, 0.004706584980541749, -0.004214779827929942, 0, 0, 0, 0, 0, 0, 0, 0, 0, 0, 0, 0, 0, 0, 0, 0, 0, 0, 0, 0, 0, 0, 0, 0, 0, 0, 0.006392611794908357, 0, 0, 0, 0, 0, 0, 0, 0.00038821954484603946, 0.0014222820362337592, 0, 0, 0, 0, 0, 0, 0, 0, 0, 0, 0, 0, 0.0035220207426977725, 0, 0, 0, -0.0006391575295039876, 0.0038716603598321904, 0.0005166178749784526, 0, 0, 0, 0, 0.004364597218453991, -0.003991353647206052, 0, 0, 0, -0.0017190667923127395, -0.0016857939441093995, 0.0022080339989751178, 0, 0, 0, 0, 0, 0, 0, -0.0034842539990601685, 0, 0, 0, 0.004294579456415279, 0, 0, 0, 0, 0, 0, 0, 0, 0, 0, 0, 0, 0, 0, 0, 0, 0, 0, 0, 0, 0, 0, 0, 0, 0, 0, 0, 0, 0, 0, 0, 0, 0, 0, 0, 0, 0, 0, -0.0007466709333577231, 0, 0, 0.00206642462534073, 0, 0, 0, -0.003832592073597953, 0, 0, -0.0036753252462162116, 0, 0, 0, 0, 0, 0, 0, 0, 0, 0.0021493779130233744, 0.004170382214569048, 0, 0.0011951849486756636, 0, 0, 0, -0.004363586255468837, 0, 0.0006074283100037554, 0, 0, 0, 0, 0, 0, 0.002950770543010939, 0, 0, 0, 0, 0, 0, 0, 0, 0, 0, 0, 0, 0, 0, 0, 0, 0, 0, 0, 0, 0, 0, 0, 0, 0, 0, 0, 0, 0, 0, 0, -0.004056625631948586, 0.004006001100893071, 0, 0, 0, 0, 0, 0, 0, 0, 0.005152486793161175, 0, 0, 0, 0, 0, 0, 0, -0.0037302047417081137, -0.003982382370092999, 0, 0, 0, 0, 0, 0, 0, 0.004057167790680763, 0, 0, 0, 0, 0, 0.0002297037587191392, 0, 0, 0, 0, 0, 0, -0.00034756514472387143, 0]
Start Date: 2023-12-26
End Date: 2025-02-05
Sharpe Ratio: 0.099
Annualized Sharpe: 1.571
Sharpe 95% CI: (np.float64(-0.081), np.float64(3.214))
Sortino Ratio: 0.072
CAGR: 0.036
Calmar Ratio: 3.363
Daily Win Rate (%): 0.656
Max Drawdown: 0.011
Profit Factor: 1.743
Expectancy: 0.0008
Average Win: 0.002863
Average Loss: 0.00313
Total Trades: 61
Total Days: 350

Rolling 6 - Variant 1 - atr_0.5_1 - Test Metrics
Contracts: [5, 4, 4, 3, 3, 3, 3, 3, 3, 3, 4, 4, 5, 5, 7, 7, 5, 5, 5, 5, 5, 5, 5, 6, 6, 6, 6, 7, 4, 5, 4, 5, 7, 6, 5, 6, 6, 5, 3, 4, 4, 2, 5, 2, 3, 3, 3, 6, 4, 5, 5, 4, 4, 10, 7, 6, 6, 6, 6, 5, 5, 2, 3, 7, 6, 7, 6, 7, 5, 8, 5, 1, 1, 4, 4, 5, 3, 5, 5, 6, 6, 6, 6, 5, 5, 7, 7, 6, 6, 4, 7, 7, 7, 6, 6, 5, 6, 6, 6, 6, 6, 5]
Trade Returns: [-0.004801106515407429, -0.0033198208133370984, 0.0035967240029781793, -0.0006974962552455636, -0.005396170794186434, 0.0004527348609646718, -0.0022167703830319927, -0.004501884801984694, -0.005076248891064273, 0.0007243008753582734, -0.001981677226580802, -0.0036144344689845076, -0.0014881817441955159, 0.004320360574958257, 0.005229983427065505, 0.004189245800618928, 0.002191250138287487, 0.0035604553113301775, 0.003102873522338191, -0.004381181999206558, 0.004146366347058949, 0.004301776112106893, 0.0006108164134005757, 0.0007535162501978821, 0.0021883172831316197, 0.0042472496538291825, 0.003454643597829539, -0.004258138310221231, -0.0004625127712287051, 0.004632957146568711, 0.004677660490191637, -0.0038930537549555643, 0.0004413778533946564, -0.004027210063500203, -0.001665858977465463, 0.003799945390006371, 0.0032755298651252485, -0.004078220495034963, -0.0035844733319721402, -0.003825049520730401, 0.002466497535407091]
Daily Returns: [0, 0, 0, 0, 0, -0.004801106515407429, 0, 0, 0, 0, -0.0033198208133370984, 0.0035967240029781793, 0, 0, 0, 0, 0, 0, 0, 0, 0, 0, 0, 0, 0, 0, 0, 0, 0, 0, 0, 0, 0, 0, 0, 0, 0, 0, 0, -0.0006974962552455636, 0, 0, 0, 0, 0, -0.007160206316253755, 0, -0.004501884801984694, -0.005076248891064273, 0, 0, 0, 0, 0, 0, 0, 0, 0.0007243008753582734, 0, 0, 0, 0, 0, 0, 0, 0, -0.001981677226580802, 0, 0, -0.0036144344689845076, 0, 0, 0, 0, 0, 0, 0, -0.0014881817441955159, 0, 0, 0, 0.004320360574958257, 0, 0, 0, 0, 0.005229983427065505, 0.004189245800618928, 0, 0, 0, 0, 0, 0, 0, 0, 0, 0, 0, 0, 0, 0, 0, 0, 0, 0, 0, 0, 0, 0, 0.002191250138287487, 0, 0, 0, 0, 0, 0.0035604553113301775, 0, 0, 0, 0, 0, 0, 0, 0, 0.003102873522338191, 0, 0, 0, -0.00023481565214760955, 0, 0, 0.004301776112106893, 0, 0, 0.0006108164134005757, 0.0007535162501978821, 0, 0, 0, 0, 0.0021883172831316197, 0, 0, 0.007701893251658721, 0, 0, -0.004258138310221231, 0, 0, 0, 0, 0, 0, -0.0004625127712287051, 0, 0, 0, 0, 0, 0, 0, 0, 0.004632957146568711, 0, 0.004677660490191637, 0, 0, 0, 0, 0, 0, 0, 0, 0, 0, 0, 0, 0, 0, 0, 0, 0, 0, 0, 0, 0, 0, 0, 0, 0, 0, 0, 0, 0, 0, 0, -0.0038930537549555643, 0, 0, 0, 0, 0.0004413778533946564, 0, 0, 0, 0, 0, -0.004027210063500203, 0, 0, 0, 0, 0, 0, 0, 0, 0, 0, 0, 0, 0, -0.001665858977465463, 0, 0, 0, 0, 0, 0, 0, 0, 0, 0.007075475255131619, 0, 0, 0, 0, -0.004078220495034963, -0.0035844733319721402, -0.003825049520730401, 0, 0, 0, 0, 0, 0.002466497535407091]
Start Date: 2025-02-06
End Date: 2025-11-19
Sharpe Ratio: 0.009
Annualized Sharpe: 0.135
Sharpe 95% CI: (np.float64(-1.893), np.float64(2.087))
Sortino Ratio: 0.007
CAGR: 0.003
Calmar Ratio: 0.104
Daily Win Rate (%): 0.537
Max Drawdown: 0.028
Profit Factor: 1.049
Expectancy: 7.5e-05
Average Win: 0.003017
Average Loss: 0.00333
Total Trades: 41
Total Days: 246



Rolling 6 - Variant 2 - atr_0.25_1 - Fit Metrics
Contracts: [5, 4, 4, 3, 3, 3, 3, 3, 3, 3, 4, 4, 5, 5, 7, 7, 4, 5, 5, 5, 5, 5, 5, 5, 6, 6, 6, 6, 4, 5, 4, 5, 6, 6, 5, 5, 6, 5, 3, 3, 4, 2, 5, 2, 3, 3, 3, 6, 4, 5, 4, 4, 4, 9, 7, 5, 6, 6, 6, 4, 5, 2, 3, 7, 6, 6, 6, 6, 4, 7, 5, 1, 1, 4, 4, 5, 3, 5, 5, 5, 6, 6, 6, 5, 5, 6, 6, 6, 6, 4, 6, 7, 7, 6, 6, 5, 6, 6, 6, 6, 6, 5]
Trade Returns: [0.00199, 0.0019481232347628218, -0.0018549187155930472, -0.0015297159269719992, -0.00177144384642699, -0.0016846590114269046, 0.0014653041206673944, 0.001463160146076153, 0.002024021308003849, 0.0022626507271952304, 0.002089741107622666, 0.0020222126178137114, -0.0022941168341187703, -0.002160874322995305, 0.001623585550088605, 0.0021151470224857927, 0.0021599976328793074, -0.002814738996929377, -0.0013422553838258232, 0.002114917083390984, 0.0016666666666666674, 0.001578553878066629, -0.002315667181915743, 0.002001306572930257, 0.0016427573899460892, 0.001994033631127377, -0.0022142665389054475, 0.001562220944358636, 0.00160252318847126, 0.0003409872560912179, 0.0014575174794350717, 0.0017507790477718163, -0.0005467724801599868, 0.0019225659221282655, 0.0005293982702401482, 0.0021665235508034945, -0.002106084243369735, -0.0015594465723442511, -0.0015912409330582755, 0.002376779106601326, -0.0018113775683236337, -0.0023640754699213095, -0.0014788361245054165, 0.001036951206339543, -0.002011312897765143, 0.001796690307328606, 0.002041677013002882, -0.0022715561831562646, 0.0017075130574527929, -0.0018608061785072953, 0.001927471004003058, 0.0014901279026449778, -0.0017742001885945402, 0.0016357195595142727, 0.0006363122171945437, 0.0022850057567974503, 0.0017582780675462, -0.0021356428166886925, 0.0020560262226961695, -0.0021282193243885306, -0.00200495849951493]
Daily Returns: [0.003938123234762822, 0, 0, 0, 0, 0, 0, 0, -0.0018549187155930472, 0, 0, 0, 0, -0.0033011597733989895, -0.0016846590114269046, 0, 0, 0.0029284642667435474, 0, 0, 0, 0, 0, 0.002024021308003849, 0, 0, 0, 0, 0, 0, 0, 0, 0.0022626507271952304, 0.002089741107622666, 0, 0, 0, 0, 0, 0, 0, 0, 0, 0, 0.0020222126178137114, 0, 0, 0, 0, 0, 0, 0, 0, 0, 0, 0, 0, 0, 0, 0, 0, 0, 0, 0, 0, 0, 0, 0, 0, 0, 0, 0, 0, 0, 0, 0, 0, 0, 0, -0.0022941168341187703, -0.002160874322995305, 0, 0, 0, 0, 0, 0, 0, 0, 0, 0, 0.001623585550088605, 0.0042751446553651005, 0, 0, -0.004156994380755201, 0, 0, 0, 0, 0, 0, 0, 0, 0.002114917083390984, 0, 0, 0, 0.0016666666666666674, 0.001578553878066629, 0, 0, 0, 0, 0, 0, 0, -0.002315667181915743, 0, 0.002001306572930257, 0.0016427573899460892, 0.001994033631127377, -0.0022142665389054475, 0, 0, 0, 0, 0, 0, 0, 0, 0, 0, 0, 0, 0, 0, 0, 0, 0, 0, 0, 0, 0, 0, 0, 0, 0, 0, 0.003164744132829896, 0, 0, 0, 0, 0, 0, 0, 0.0003409872560912179, 0.0014575174794350717, 0, 0, 0, 0, 0, 0, 0, 0, 0, 0, 0, 0, 0.0017507790477718163, 0, 0, 0, -0.0005467724801599868, 0.0019225659221282655, 0.0005293982702401482, 0, 0, 0, 0, 0.0021665235508034945, -0.002106084243369735, 0, 0, 0, -0.0015594465723442511, -0.0015912409330582755, 0.002376779106601326, 0, 0, 0, 0, 0, 0, 0, -0.0018113775683236337, 0, 0, 0, -0.0023640754699213095, 0, 0, 0, 0, 0, 0, 0, 0, 0, 0, 0, 0, 0, 0, 0, 0, 0, 0, 0, 0, 0, 0, 0, 0, 0, 0, 0, 0, 0, 0, 0, 0, 0, 0, 0, 0, 0, 0, -0.0014788361245054165, 0, 0, 0.001036951206339543, 0, 0, 0, -0.002011312897765143, 0, 0, 0.001796690307328606, 0, 0, 0, 0, 0, 0, 0, 0, 0, 0.002041677013002882, -0.0022715561831562646, 0, 0.0017075130574527929, 0, 0, 0, -0.0018608061785072953, 0, 0.001927471004003058, 0, 0, 0, 0, 0, 0, 0.0014901279026449778, 0, 0, 0, 0, 0, 0, 0, 0, 0, 0, 0, 0, 0, 0, 0, 0, 0, 0, 0, 0, 0, 0, 0, 0, 0, 0, 0, 0, 0, 0, 0, -0.0017742001885945402, 0.0022720317767088165, 0, 0, 0, 0, 0, 0, 0, 0, 0.0022850057567974503, 0, 0, 0, 0, 0, 0, 0, 0.0017582780675462, -0.0021356428166886925, 0, 0, 0, 0, 0, 0, 0, 0.0020560262226961695, 0, 0, 0, 0, 0, -0.0021282193243885306, 0, 0, 0, 0, 0, 0, -0.00200495849951493, 0]
Start Date: 2023-12-26
End Date: 2025-02-05
Sharpe Ratio: 0.063
Annualized Sharpe: 0.995
Sharpe 95% CI: (np.float64(-0.66), np.float64(2.643))
Sortino Ratio: 0.078
CAGR: 0.013
Calmar Ratio: 1.414
Daily Win Rate (%): 0.607
Max Drawdown: 0.009
Profit Factor: 1.408
Expectancy: 0.000305
Average Win: 0.001736
Average Loss: 0.001901
Total Trades: 61
Total Days: 350

Rolling 6 - Variant 2 - atr_0.25_1 - Test Metrics
Contracts: [5, 4, 4, 3, 3, 3, 3, 3, 3, 3, 4, 4, 5, 5, 7, 7, 4, 5, 5, 5, 5, 5, 5, 5, 6, 6, 6, 6, 4, 5, 4, 5, 6, 6, 5, 5, 6, 5, 3, 3, 4, 2, 5, 2, 3, 3, 3, 6, 4, 5, 4, 4, 4, 9, 7, 5, 6, 6, 6, 4, 5, 2, 3, 7, 6, 6, 6, 6, 4, 7, 5, 1, 1, 4, 4, 5, 3, 5, 5, 5, 6, 6, 6, 5, 5, 6, 6, 6, 6, 4, 6, 7, 7, 6, 6, 5, 6, 6, 6, 6, 6, 5]
Trade Returns: [-0.002556891825015908, -0.0024325537090539814, -0.00202004292098994, -0.002072587672813774, -0.0025099446900901765, 0.0024147536714514573, -0.001964993134361352, -0.0023931284444665118, -0.002142817607476932, 0.0005945764289222657, -0.002353044052005454, -0.0019203416773905671, -0.0015892457057505606, 0.0021854978743787805, 0.002633011986188656, 0.002078993806786871, 0.0011128364389233958, 0.00182208373338674, 0.0012805444597095055, -0.002331774190670128, 0.002074882592251785, 0.0021895855852282313, 0.0006332758767407949, 0.0017206291569510455, 0.002179668666670616, 0.0018203202108734587, 0.002465945760992042, -0.0023068729513261578, -0.0004797436124301119, 0.001994645537324854, 0.0023224539877300617, -0.0021388363320132093, 0.0021080896468066565, -0.0021271594781995533, -0.002855998775159288, 0.0018779564526701824, 0.0019923254210113704, -0.002188376894975557, -0.0019573509730746327, -0.0020793336680745484, 0.001765986120730309]
Daily Returns: [0, 0, 0, 0, 0, -0.002556891825015908, 0, 0, 0, 0, -0.0024325537090539814, -0.00202004292098994, 0, 0, 0, 0, 0, 0, 0, 0, 0, 0, 0, 0, 0, 0, 0, 0, 0, 0, 0, 0, 0, 0, 0, 0, 0, 0, 0, -0.002072587672813774, 0, 0, 0, 0, 0, -0.002060184153000071, 0, -0.0023931284444665118, -0.002142817607476932, 0, 0, 0, 0, 0, 0, 0, 0, 0.0005945764289222657, 0, 0, 0, 0, 0, 0, 0, 0, -0.002353044052005454, 0, 0, -0.0019203416773905671, 0, 0, 0, 0, 0, 0, 0, -0.0015892457057505606, 0, 0, 0, 0.0021854978743787805, 0, 0, 0, 0, 0.002633011986188656, 0.002078993806786871, 0, 0, 0, 0, 0, 0, 0, 0, 0, 0, 0, 0, 0, 0, 0, 0, 0, 0, 0, 0, 0, 0, 0.0011128364389233958, 0, 0, 0, 0, 0, 0.00182208373338674, 0, 0, 0, 0, 0, 0, 0, 0, 0.0012805444597095055, 0, 0, 0, -0.00025689159841834307, 0, 0, 0.0021895855852282313, 0, 0, 0.0006332758767407949, 0.0017206291569510455, 0, 0, 0, 0, 0.002179668666670616, 0, 0, 0.0042862659718655004, 0, 0, -0.0023068729513261578, 0, 0, 0, 0, 0, 0, -0.0004797436124301119, 0, 0, 0, 0, 0, 0, 0, 0, 0.001994645537324854, 0, 0.0023224539877300617, 0, 0, 0, 0, 0, 0, 0, 0, 0, 0, 0, 0, 0, 0, 0, 0, 0, 0, 0, 0, 0, 0, 0, 0, 0, 0, 0, 0, 0, 0, 0, -0.0021388363320132093, 0, 0, 0, 0, 0.0021080896468066565, 0, 0, 0, 0, 0, -0.0021271594781995533, 0, 0, 0, 0, 0, 0, 0, 0, 0, 0, 0, 0, 0, -0.002855998775159288, 0, 0, 0, 0, 0, 0, 0, 0, 0, 0.003870281873681553, 0, 0, 0, 0, -0.002188376894975557, -0.0019573509730746327, -0.0020793336680745484, 0, 0, 0, 0, 0, 0.001765986120730309]
Start Date: 2025-02-06
End Date: 2025-11-19
Sharpe Ratio: -0.015
Annualized Sharpe: -0.245
Sharpe 95% CI: (np.float64(-2.293), np.float64(1.699))
Sortino Ratio: -0.02
CAGR: -0.003
Calmar Ratio: -0.16
Daily Win Rate (%): 0.512
Max Drawdown: 0.021
Profit Factor: 0.926
Expectancy: -7.7e-05
Average Win: 0.00187
Average Loss: 0.002121
Total Trades: 41
Total Days: 246



Rolling 6 - Variant 3 - atr_0.25_5 - Fit Metrics
Contracts: [5, 4, 4, 3, 3, 3, 3, 3, 3, 3, 4, 4, 5, 5, 7, 7, 5, 5, 5, 5, 5, 5, 5, 5, 6, 6, 6, 7, 4, 5, 4, 5, 7, 6, 5, 6, 6, 5, 3, 4, 4, 2, 5, 2, 3, 3, 3, 6, 4, 5, 5, 4, 4, 9, 7, 6, 6, 6, 6, 4, 5, 2, 3, 7, 6, 7, 6, 6, 5, 8, 5, 1, 1, 4, 4, 5, 3, 5, 5, 5, 6, 6, 6, 5, 5, 7, 7, 6, 6, 4, 7, 7, 7, 6, 6, 5, 6, 6, 6, 6, 6, 5]
Trade Returns: [-0.00221, -0.0021327132963850108, -0.0018691139438304215, -0.0015414443815556548, -0.0017850466162511612, -0.001697618501020988, 0.0027776937274955307, -0.0016052720513687062, 0.0026836416374231326, 0.011772013725975026, 0.0022908884295022953, 0.010546703857675012, -0.0022543933508976845, -0.0021233734414983405, -0.001816126027429362, 0.0017509571573063607, 0.00023435486012924383, -0.0027920744136643743, -0.0013314171369049257, 0.008224619354029197, 0.00864367261773966, -0.002153223794974123, -0.002267232703675, 0.0014956001530381624, -0.0018638142205552087, 0.012029165361880133, -0.0021503943975565436, 0.0036978391707366267, 0.0028911710577757487, 0.00038582813352313174, 0.0014135242351009764, -0.0019067024861123764, -0.0006386824892650215, -0.00212269399540083, 0.0005134339029913966, 0.01117229662790858, -0.00205858975165402, -0.0015242068107978021, -0.0020736370714276157, 0.0022173345492909834, -0.001771238083919114, -0.0023165369982678843, -0.0014490296126158072, -0.00109842629309931, -0.001971694713044216, -0.001888687188598355, 0.002163813896493685, -0.002234595799346841, 0.001209920187720944, -0.0022880766001508587, 0.0006141443666830836, 0.0008856897017206856, -0.0021000603332250434, 0.0061834808833544615, 0.0006278558721964229, -0.002637252599896374, -0.001991034522908541, -0.0021012224238742216, 0.004959080280592394, -0.002107784803727124, -0.0019655198252358915]
Daily Returns: [-0.004342713296385011, 0, 0, 0, 0, 0, 0, 0, -0.0018691139438304215, 0, 0, 0, 0, -0.003326490997806816, -0.001697618501020988, 0, 0, 0.0011724216761268245, 0, 0, 0, 0, 0, 0.0026836416374231326, 0, 0, 0, 0, 0, 0, 0, 0, 0.011772013725975026, 0.0022908884295022953, 0, 0, 0, 0, 0, 0, 0, 0, 0, 0, 0.010546703857675012, 0, 0, 0, 0, 0, 0, 0, 0, 0, 0, 0, 0, 0, 0, 0, 0, 0, 0, 0, 0, 0, 0, 0, 0, 0, 0, 0, 0, 0, 0, 0, 0, 0, 0, -0.0022543933508976845, -0.0021233734414983405, 0, 0, 0, 0, 0, 0, 0, 0, 0, 0, -0.001816126027429362, 0.0019853120174356045, 0, 0, -0.0041234915505693, 0, 0, 0, 0, 0, 0, 0, 0, 0.008224619354029197, 0, 0, 0, 0.00864367261773966, -0.002153223794974123, 0, 0, 0, 0, 0, 0, 0, -0.002267232703675, 0, 0.0014956001530381624, -0.0018638142205552087, 0.012029165361880133, -0.0021503943975565436, 0, 0, 0, 0, 0, 0, 0, 0, 0, 0, 0, 0, 0, 0, 0, 0, 0, 0, 0, 0, 0, 0, 0, 0, 0, 0, 0.006589010228512375, 0, 0, 0, 0, 0, 0, 0, 0.00038582813352313174, 0.0014135242351009764, 0, 0, 0, 0, 0, 0, 0, 0, 0, 0, 0, 0, -0.0019067024861123764, 0, 0, 0, -0.0006386824892650215, -0.00212269399540083, 0.0005134339029913966, 0, 0, 0, 0, 0.01117229662790858, -0.00205858975165402, 0, 0, 0, -0.0015242068107978021, -0.0020736370714276157, 0.0022173345492909834, 0, 0, 0, 0, 0, 0, 0, -0.001771238083919114, 0, 0, 0, -0.0023165369982678843, 0, 0, 0, 0, 0, 0, 0, 0, 0, 0, 0, 0, 0, 0, 0, 0, 0, 0, 0, 0, 0, 0, 0, 0, 0, 0, 0, 0, 0, 0, 0, 0, 0, 0, 0, 0, 0, 0, -0.0014490296126158072, 0, 0, -0.00109842629309931, 0, 0, 0, -0.001971694713044216, 0, 0, -0.001888687188598355, 0, 0, 0, 0, 0, 0, 0, 0, 0, 0.002163813896493685, -0.002234595799346841, 0, 0.001209920187720944, 0, 0, 0, -0.0022880766001508587, 0, 0.0006141443666830836, 0, 0, 0, 0, 0, 0, 0.0008856897017206856, 0, 0, 0, 0, 0, 0, 0, 0, 0, 0, 0, 0, 0, 0, 0, 0, 0, 0, 0, 0, 0, 0, 0, 0, 0, 0, 0, 0, 0, 0, 0, -0.0021000603332250434, 0.006811336755550884, 0, 0, 0, 0, 0, 0, 0, 0, -0.002637252599896374, 0, 0, 0, 0, 0, 0, 0, -0.001991034522908541, -0.0021012224238742216, 0, 0, 0, 0, 0, 0, 0, 0.004959080280592394, 0, 0, 0, 0, 0, -0.002107784803727124, 0, 0, 0, 0, 0, 0, -0.0019655198252358915, 0]
Start Date: 2023-12-26
End Date: 2025-02-05
Sharpe Ratio: 0.054
Annualized Sharpe: 0.859
Sharpe 95% CI: (np.float64(-0.946), np.float64(2.153))
Sortino Ratio: 0.127
CAGR: 0.023
Calmar Ratio: 1.451
Daily Win Rate (%): 0.41
Max Drawdown: 0.016
Profit Factor: 1.452
Expectancy: 0.000517
Average Win: 0.004055
Average Loss: 0.00194
Total Trades: 61
Total Days: 350

Rolling 6 - Variant 3 - atr_0.25_5 - Test Metrics
Contracts: [5, 4, 4, 3, 3, 3, 3, 3, 3, 3, 4, 4, 5, 5, 7, 7, 5, 5, 5, 5, 5, 5, 5, 5, 6, 6, 6, 7, 4, 5, 4, 5, 7, 6, 5, 6, 6, 5, 3, 4, 4, 2, 5, 2, 3, 3, 3, 6, 4, 5, 5, 4, 4, 9, 7, 6, 6, 6, 6, 4, 5, 2, 3, 7, 6, 7, 6, 6, 5, 8, 5, 1, 1, 4, 4, 5, 3, 5, 5, 5, 6, 6, 6, 5, 5, 7, 7, 6, 6, 4, 7, 7, 7, 6, 6, 5, 6, 6, 6, 6, 6, 5]
Trade Returns: [-0.0025064972567138324, -0.002389052110715943, -0.0019801292294865562, -0.002045061061340213, -0.0028183653091929713, 0.0004602395566229289, -0.0019297688152459622, -0.002352022641877715, -0.002630414188318244, 0.0007307199349776448, -0.0023116060585945284, -0.001886445381144157, -0.0015682575243934798, -0.00236251347907068, -0.0028147002147439126, 0.010747764090032513, 0.0013773673501330484, 0.009167321059826079, 0.006727700942464001, -0.0022812493331807334, 0.010662394450266465, 0.011127035579965952, 0.0006088291644390767, 0.00075106622882988, 0.0021812074161051773, -0.00047775953528413404, 0.0034597219324368463, -0.0022229195098991757, -0.00046224552815343734, 0.009340161557502315, -0.0025106001029026825, -0.002055703541947083, 0.0004414153208844233, -0.002047715929382084, -0.0027491162205414725, 0.00032966658203960336, 0.0032842153111860384, -0.0021067972528572023, -0.0018842296035929006, -0.0020015087130071533, 0.0024594242478339933]
Daily Returns: [0, 0, 0, 0, 0, -0.0025064972567138324, 0, 0, 0, 0, -0.002389052110715943, -0.0019801292294865562, 0, 0, 0, 0, 0, 0, 0, 0, 0, 0, 0, 0, 0, 0, 0, 0, 0, 0, 0, 0, 0, 0, 0, 0, 0, 0, 0, -0.002045061061340213, 0, 0, 0, 0, 0, -0.004287894567816005, 0, -0.002352022641877715, -0.002630414188318244, 0, 0, 0, 0, 0, 0, 0, 0, 0.0007307199349776448, 0, 0, 0, 0, 0, 0, 0, 0, -0.0023116060585945284, 0, 0, -0.001886445381144157, 0, 0, 0, 0, 0, 0, 0, -0.0015682575243934798, 0, 0, 0, -0.00236251347907068, 0, 0, 0, 0, -0.0028147002147439126, 0.010747764090032513, 0, 0, 0, 0, 0, 0, 0, 0, 0, 0, 0, 0, 0, 0, 0, 0, 0, 0, 0, 0, 0, 0, 0.0013773673501330484, 0, 0, 0, 0, 0, 0.009167321059826079, 0, 0, 0, 0, 0, 0, 0, 0, 0.006727700942464001, 0, 0, 0, 0.008381145117085731, 0, 0, 0.011127035579965952, 0, 0, 0.0006088291644390767, 0.00075106622882988, 0, 0, 0, 0, 0.0021812074161051773, 0, 0, 0.002981962397152712, 0, 0, -0.0022229195098991757, 0, 0, 0, 0, 0, 0, -0.00046224552815343734, 0, 0, 0, 0, 0, 0, 0, 0, 0.009340161557502315, 0, -0.0025106001029026825, 0, 0, 0, 0, 0, 0, 0, 0, 0, 0, 0, 0, 0, 0, 0, 0, 0, 0, 0, 0, 0, 0, 0, 0, 0, 0, 0, 0, 0, 0, 0, -0.002055703541947083, 0, 0, 0, 0, 0.0004414153208844233, 0, 0, 0, 0, 0, -0.002047715929382084, 0, 0, 0, 0, 0, 0, 0, 0, 0, 0, 0, 0, 0, -0.0027491162205414725, 0, 0, 0, 0, 0, 0, 0, 0, 0, 0.0036138818932256417, 0, 0, 0, 0, -0.0021067972528572023, -0.0018842296035929006, -0.0020015087130071533, 0, 0, 0, 0, 0, 0.0024594242478339933]
Start Date: 2025-02-06
End Date: 2025-11-19
Sharpe Ratio: 0.057
Annualized Sharpe: 0.912
Sharpe 95% CI: (np.float64(-1.332), np.float64(2.432))
Sortino Ratio: 0.14
CAGR: 0.024
Calmar Ratio: 0.855
Daily Win Rate (%): 0.415
Max Drawdown: 0.028
Profit Factor: 1.466
Expectancy: 0.000572
Average Win: 0.004344
Average Loss: 0.0021
Total Trades: 41
Total Days: 246



Rolling 6 - Variant 4 - atr_0.5_2 - Fit Metrics
Contracts: [5, 4, 4, 3, 3, 3, 3, 3, 3, 3, 4, 4, 5, 5, 7, 8, 5, 5, 5, 5, 5, 5, 5, 6, 6, 6, 6, 7, 4, 5, 4, 5, 7, 6, 5, 6, 6, 5, 3, 4, 4, 2, 5, 2, 3, 3, 3, 6, 4, 5, 5, 4, 4, 9, 7, 6, 6, 6, 6, 4, 5, 2, 3, 7, 6, 7, 6, 6, 5, 8, 5, 1, 1, 4, 4, 5, 3, 5, 5, 5, 6, 6, 6, 5, 5, 7, 7, 6, 6, 4, 6, 7, 7, 6, 6, 5, 6, 6, 6, 6, 6, 5]
Trade Returns: [-0.00431, -0.00418604184033183, 0.001140622453967754, 0.0049672067901234615, -0.0034850520658380926, -0.000999211465650608, 0.0027656433585394446, 0.0028481469018891478, 0.0026948469121209524, 0.00939758603992181, 0.0022708480628887144, 0.008361846342947982, 0.004798577854892332, -0.0045636668137781135, -0.003509399552430042, 0.0017462460587518908, 0.00023372540770479416, 0.0035440070257018418, -0.0013194583235505853, 0.008150648068811306, 0.008198458982651032, -0.004220610129851526, -0.004312487096946853, 0.0014859582702985044, -0.0035771110898111776, 0.009548196943345702, -0.0041865790238150855, 0.0036893969855949444, 0.002890493023539601, 0.00038573795661491964, 0.001413193989366833, -0.0037081927349770787, -0.0006396880759096714, -0.0018974319896365294, 0.0005133138400818046, 0.008780874688420578, -0.0040177583008222575, -0.0017304850915738938, -0.0016970106504695102, 0.002203151928646299, -0.003507476462986894, 0.0003764289823291135, -0.0007564340310408197, -0.0003512103248116521, -0.0038826824262811126, -0.00372354741956034, 0.002177798939981728, 0.00855790949450892, 0.0012108244227341395, -0.004401926808313464, 0.0006127890628787778, 0.0008837363442385626, -0.00412318597190211, 0.007062418718033955, 0.0006280165145083181, -0.003938448669466504, -0.0037916676359068605, -0.004034828578092203, 0.004951284804905792, 0.00018680240975105927, -0.00035171272565833286]
Daily Returns: [-0.00849604184033183, 0, 0, 0, 0, 0, 0, 0, 0.001140622453967754, 0, 0, 0, 0, 0.001482154724285369, -0.000999211465650608, 0, 0, 0.005613790260428592, 0, 0, 0, 0, 0, 0.0026948469121209524, 0, 0, 0, 0, 0, 0, 0, 0, 0.00939758603992181, 0.0022708480628887144, 0, 0, 0, 0, 0, 0, 0, 0, 0, 0, 0.008361846342947982, 0, 0, 0, 0, 0, 0, 0, 0, 0, 0, 0, 0, 0, 0, 0, 0, 0, 0, 0, 0, 0, 0, 0, 0, 0, 0, 0, 0, 0, 0, 0, 0, 0, 0, 0.004798577854892332, -0.0045636668137781135, 0, 0, 0, 0, 0, 0, 0, 0, 0, 0, -0.003509399552430042, 0.001979971466456685, 0, 0, 0.002224548702151256, 0, 0, 0, 0, 0, 0, 0, 0, 0.008150648068811306, 0, 0, 0, 0.008198458982651032, -0.004220610129851526, 0, 0, 0, 0, 0, 0, 0, -0.004312487096946853, 0, 0.0014859582702985044, -0.0035771110898111776, 0.009548196943345702, -0.0041865790238150855, 0, 0, 0, 0, 0, 0, 0, 0, 0, 0, 0, 0, 0, 0, 0, 0, 0, 0, 0, 0, 0, 0, 0, 0, 0, 0, 0.006579890009134545, 0, 0, 0, 0, 0, 0, 0, 0.00038573795661491964, 0.001413193989366833, 0, 0, 0, 0, 0, 0, 0, 0, 0, 0, 0, 0, -0.0037081927349770787, 0, 0, 0, -0.0006396880759096714, -0.0018974319896365294, 0.0005133138400818046, 0, 0, 0, 0, 0.008780874688420578, -0.0040177583008222575, 0, 0, 0, -0.0017304850915738938, -0.0016970106504695102, 0.002203151928646299, 0, 0, 0, 0, 0, 0, 0, -0.003507476462986894, 0, 0, 0, 0.0003764289823291135, 0, 0, 0, 0, 0, 0, 0, 0, 0, 0, 0, 0, 0, 0, 0, 0, 0, 0, 0, 0, 0, 0, 0, 0, 0, 0, 0, 0, 0, 0, 0, 0, 0, 0, 0, 0, 0, 0, -0.0007564340310408197, 0, 0, -0.0003512103248116521, 0, 0, 0, -0.0038826824262811126, 0, 0, -0.00372354741956034, 0, 0, 0, 0, 0, 0, 0, 0, 0, 0.002177798939981728, 0.00855790949450892, 0, 0.0012108244227341395, 0, 0, 0, -0.004401926808313464, 0, 0.0006127890628787778, 0, 0, 0, 0, 0, 0, 0.0008837363442385626, 0, 0, 0, 0, 0, 0, 0, 0, 0, 0, 0, 0, 0, 0, 0, 0, 0, 0, 0, 0, 0, 0, 0, 0, 0, 0, 0, 0, 0, 0, 0, -0.00412318597190211, 0.0076904352325422734, 0, 0, 0, 0, 0, 0, 0, 0, -0.003938448669466504, 0, 0, 0, 0, 0, 0, 0, -0.0037916676359068605, -0.004034828578092203, 0, 0, 0, 0, 0, 0, 0, 0.004951284804905792, 0, 0, 0, 0, 0, 0.00018680240975105927, 0, 0, 0, 0, 0, 0, -0.00035171272565833286, 0]
Start Date: 2023-12-26
End Date: 2025-02-05
Sharpe Ratio: 0.054
Annualized Sharpe: 0.858
Sharpe 95% CI: (np.float64(-0.841), np.float64(2.314))
Sortino Ratio: 0.053
CAGR: 0.024
Calmar Ratio: 1.412
Daily Win Rate (%): 0.541
Max Drawdown: 0.017
Profit Factor: 1.393
Expectancy: 0.000548
Average Win: 0.003596
Average Loss: 0.003044
Total Trades: 61
Total Days: 350

Rolling 6 - Variant 4 - atr_0.5_2 - Test Metrics
Contracts: [5, 4, 4, 3, 3, 3, 3, 3, 3, 3, 4, 4, 5, 5, 7, 8, 5, 5, 5, 5, 5, 5, 5, 6, 6, 6, 6, 7, 4, 5, 4, 5, 7, 6, 5, 6, 6, 5, 3, 4, 4, 2, 5, 2, 3, 3, 3, 6, 4, 5, 5, 4, 4, 9, 7, 6, 6, 6, 6, 4, 5, 2, 3, 7, 6, 7, 6, 6, 5, 8, 5, 1, 1, 4, 4, 5, 3, 5, 5, 5, 6, 6, 6, 5, 5, 7, 7, 6, 6, 4, 6, 7, 7, 6, 6, 5, 6, 6, 6, 6, 6, 5]
Trade Returns: [-0.004858419465977606, -0.003346924222645234, 0.007407249985993073, -0.000708980811027607, -0.005438951258629107, 0.0004564327289114889, -0.0019156535436705671, -0.004537770610826771, -0.0051162871364401055, 0.0007306942376749037, -0.0019991566058069335, -0.0036463794425577872, -0.0015000791057340976, 0.005193117205415756, -0.005487035533690008, 0.008644767899291899, 0.0013773188453998796, 0.007275148919859145, 0.005353016312561552, -0.004434185514218102, 0.008522096272021263, 0.008797823919880689, 0.0006128131570985102, 0.0007559779675484143, 0.0021954610563839154, -0.0004808747340400918, 0.0034822916686554225, -0.0042920986193368945, -0.00046621739105515527, 0.008132024002278651, -0.0018051807930280586, -0.00393602814488079, 0.00044626935979419027, -0.004071821129625359, -0.0016843878302979182, 0.0003336113427856449, 0.0033235008308752164, -0.00413774922488839, -0.0036370123554834294, -0.0038813194175710566, 0.0025029232984470234]
Daily Returns: [0, 0, 0, 0, 0, -0.004858419465977606, 0, 0, 0, 0, -0.003346924222645234, 0.007407249985993073, 0, 0, 0, 0, 0, 0, 0, 0, 0, 0, 0, 0, 0, 0, 0, 0, 0, 0, 0, 0, 0, 0, 0, 0, 0, 0, 0, -0.000708980811027607, 0, 0, 0, 0, 0, -0.0068981720733881854, 0, -0.004537770610826771, -0.0051162871364401055, 0, 0, 0, 0, 0, 0, 0, 0, 0.0007306942376749037, 0, 0, 0, 0, 0, 0, 0, 0, -0.0019991566058069335, 0, 0, -0.0036463794425577872, 0, 0, 0, 0, 0, 0, 0, -0.0015000791057340976, 0, 0, 0, 0.005193117205415756, 0, 0, 0, 0, -0.005487035533690008, 0.008644767899291899, 0, 0, 0, 0, 0, 0, 0, 0, 0, 0, 0, 0, 0, 0, 0, 0, 0, 0, 0, 0, 0, 0, 0.0013773188453998796, 0, 0, 0, 0, 0, 0.007275148919859145, 0, 0, 0, 0, 0, 0, 0, 0, 0.005353016312561552, 0, 0, 0, 0.004087910757803161, 0, 0, 0.008797823919880689, 0, 0, 0.0006128131570985102, 0.0007559779675484143, 0, 0, 0, 0, 0.0021954610563839154, 0, 0, 0.0030014169346153307, 0, 0, -0.0042920986193368945, 0, 0, 0, 0, 0, 0, -0.00046621739105515527, 0, 0, 0, 0, 0, 0, 0, 0, 0.008132024002278651, 0, -0.0018051807930280586, 0, 0, 0, 0, 0, 0, 0, 0, 0, 0, 0, 0, 0, 0, 0, 0, 0, 0, 0, 0, 0, 0, 0, 0, 0, 0, 0, 0, 0, 0, 0, -0.00393602814488079, 0, 0, 0, 0, 0.00044626935979419027, 0, 0, 0, 0, 0, -0.004071821129625359, 0, 0, 0, 0, 0, 0, 0, 0, 0, 0, 0, 0, 0, -0.0016843878302979182, 0, 0, 0, 0, 0, 0, 0, 0, 0, 0.0036571121736608614, 0, 0, 0, 0, -0.00413774922488839, -0.0036370123554834294, -0.0038813194175710566, 0, 0, 0, 0, 0, 0.0025029232984470234]
Start Date: 2025-02-06
End Date: 2025-11-19
Sharpe Ratio: 0.01
Annualized Sharpe: 0.157
Sharpe 95% CI: (np.float64(-1.943), np.float64(1.993))
Sortino Ratio: 0.01
CAGR: 0.004
Calmar Ratio: 0.159
Daily Win Rate (%): 0.463
Max Drawdown: 0.025
Profit Factor: 1.058
Expectancy: 0.000101
Average Win: 0.003976
Average Loss: 0.003245
Total Trades: 41
Total Days: 246



Rolling 7 - Variant 0 - atr_0.5_1 - Fit Metrics
Contracts: [5, 4, 4, 3, 3, 3, 3, 3, 3, 3, 4, 4, 5, 5, 7, 7, 5, 5, 5, 5, 5, 5, 5, 6, 6, 6, 6, 7, 4, 5, 4, 5, 7, 6, 5, 6, 6, 5, 3, 4, 4, 2, 5, 2, 3, 3, 3, 6, 4, 5, 5, 4, 4, 10, 7, 6, 6, 6, 6, 5, 5, 2, 3, 7, 6, 7, 6, 7, 5, 8, 5, 1, 1, 4, 4, 5, 3, 5, 5, 6, 6, 6, 6, 5, 5, 7, 7, 6, 6, 4, 7, 7, 7, 6, 6, 5, 6, 6, 6, 6, 6, 5]
Trade Returns: [-0.00431, -0.00418604184033183, 0.001140622453967754, 0.0028874903549382714, -0.0034922791178539016, 0.003221019868987731, 0.0030002405002405004, 0.0029912659828916373, 0.0026948469121209524, 0.004643295149386494, 0.0022651478023882708, 0.004135877901777343, 0.00409702891997385, -0.004039372181748355, 0.0033044220770485962, 0.00173906622830537, 0.00023276609529059586, 0.0035294642389641227, -0.0013140629861308384, 0.00424729924013011, 0.004034728725187575, 0.004051840063889885, -0.004329403095062639, 0.004035988528078454, -0.003582082675850313, 0.004706584980541749, -0.004214779827929942, 0.0031754371499301062, 0.0032171746449782515, 0.00038821954484603946, 0.0014222820362337592, 0.0035220207426977725, -0.0006391575295039876, 0.0038716603598321904, 0.0005166178749784526, 0.004364597218453991, -0.003991353647206052, -0.0017190667923127395, -0.0016857939441093995, 0.0022080339989751178, -0.0034842539990601685, 0.004294579456415279, -0.0007466709333577231, 0.00206642462534073, -0.003832592073597953, -0.0036753252462162116, 0.0021493779130233744, 0.004170382214569048, 0.0011951849486756636, -0.004363586255468837, 0.0006074283100037554, 0.002950770543010939, -0.004056625631948586, 0.0033881639124336855, 0.0006178371884593855, 0.005152486793161175, -0.0037302047417081137, -0.003982382370092999, 0.004057167790680763, 0.0002297037587191392, -0.00034756514472387143, -0.004801106515407429, -0.0033198208133370984, 0.0035967240029781793, -0.0006974962552455636, -0.005396170794186434, 0.0004527348609646718, -0.0022167703830319927, -0.004501884801984694, -0.005076248891064273]
Daily Returns: [-0.00849604184033183, 0, 0, 0, 0, 0, 0, 0, 0.001140622453967754, 0, 0, 0, 0, -0.0006047887629156302, 0.003221019868987731, 0, 0, 0.005991506483132137, 0, 0, 0, 0, 0, 0.0026948469121209524, 0, 0, 0, 0, 0, 0, 0, 0, 0.004643295149386494, 0.0022651478023882708, 0, 0, 0, 0, 0, 0, 0, 0, 0, 0, 0.004135877901777343, 0, 0, 0, 0, 0, 0, 0, 0, 0, 0, 0, 0, 0, 0, 0, 0, 0, 0, 0, 0, 0, 0, 0, 0, 0, 0, 0, 0, 0, 0, 0, 0, 0, 0, 0.00409702891997385, -0.004039372181748355, 0, 0, 0, 0, 0, 0, 0, 0, 0, 0, 0.0033044220770485962, 0.0019718323235959657, 0, 0, 0.0022154012528332843, 0, 0, 0, 0, 0, 0, 0, 0, 0.00424729924013011, 0, 0, 0, 0.004034728725187575, 0.004051840063889885, 0, 0, 0, 0, 0, 0, 0, -0.004329403095062639, 0, 0.004035988528078454, -0.003582082675850313, 0.004706584980541749, -0.004214779827929942, 0, 0, 0, 0, 0, 0, 0, 0, 0, 0, 0, 0, 0, 0, 0, 0, 0, 0, 0, 0, 0, 0, 0, 0, 0, 0, 0.006392611794908357, 0, 0, 0, 0, 0, 0, 0, 0.00038821954484603946, 0.0014222820362337592, 0, 0, 0, 0, 0, 0, 0, 0, 0, 0, 0, 0, 0.0035220207426977725, 0, 0, 0, -0.0006391575295039876, 0.0038716603598321904, 0.0005166178749784526, 0, 0, 0, 0, 0.004364597218453991, -0.003991353647206052, 0, 0, 0, -0.0017190667923127395, -0.0016857939441093995, 0.0022080339989751178, 0, 0, 0, 0, 0, 0, 0, -0.0034842539990601685, 0, 0, 0, 0.004294579456415279, 0, 0, 0, 0, 0, 0, 0, 0, 0, 0, 0, 0, 0, 0, 0, 0, 0, 0, 0, 0, 0, 0, 0, 0, 0, 0, 0, 0, 0, 0, 0, 0, 0, 0, 0, 0, 0, 0, -0.0007466709333577231, 0, 0, 0.00206642462534073, 0, 0, 0, -0.003832592073597953, 0, 0, -0.0036753252462162116, 0, 0, 0, 0, 0, 0, 0, 0, 0, 0.0021493779130233744, 0.004170382214569048, 0, 0.0011951849486756636, 0, 0, 0, -0.004363586255468837, 0, 0.0006074283100037554, 0, 0, 0, 0, 0, 0, 0.002950770543010939, 0, 0, 0, 0, 0, 0, 0, 0, 0, 0, 0, 0, 0, 0, 0, 0, 0, 0, 0, 0, 0, 0, 0, 0, 0, 0, 0, 0, 0, 0, 0, -0.004056625631948586, 0.004006001100893071, 0, 0, 0, 0, 0, 0, 0, 0, 0.005152486793161175, 0, 0, 0, 0, 0, 0, 0, -0.0037302047417081137, -0.003982382370092999, 0, 0, 0, 0, 0, 0, 0, 0.004057167790680763, 0, 0, 0, 0, 0, 0.0002297037587191392, 0, 0, 0, 0, 0, 0, -0.00034756514472387143, 0, 0, 0, 0, 0, 0, -0.004801106515407429, 0, 0, 0, 0, -0.0033198208133370984, 0.0035967240029781793, 0, 0, 0, 0, 0, 0, 0, 0, 0, 0, 0, 0, 0, 0, 0, 0, 0, 0, 0, 0, 0, 0, 0, 0, 0, 0, 0, -0.0006974962552455636, 0, 0, 0, 0, 0, -0.007160206316253755, 0, -0.004501884801984694, -0.005076248891064273, 0]
Start Date: 2023-12-26
End Date: 2025-04-04
Sharpe Ratio: 0.046
Annualized Sharpe: 0.733
Sharpe 95% CI: (np.float64(-0.799), np.float64(2.328))
Sortino Ratio: 0.034
CAGR: 0.017
Calmar Ratio: 0.658
Daily Win Rate (%): 0.6
Max Drawdown: 0.025
Profit Factor: 1.293
Expectancy: 0.000383
Average Win: 0.002823
Average Loss: 0.003276
Total Trades: 70
Total Days: 400

Rolling 7 - Variant 0 - atr_0.5_1 - Test Metrics
Contracts: [5, 4, 4, 3, 3, 3, 3, 3, 3, 3, 4, 4, 5, 5, 7, 7, 5, 5, 5, 5, 5, 5, 5, 6, 6, 6, 6, 7, 4, 5, 4, 5, 7, 6, 5, 6, 6, 5, 3, 4, 4, 2, 5, 2, 3, 3, 3, 6, 4, 5, 5, 4, 4, 10, 7, 6, 6, 6, 6, 5, 5, 2, 3, 7, 6, 7, 6, 7, 5, 8, 5, 1, 1, 4, 4, 5, 3, 5, 5, 6, 6, 6, 6, 5, 5, 7, 7, 6, 6, 4, 7, 7, 7, 6, 6, 5, 6, 6, 6, 6, 6, 5]
Trade Returns: [0.0007243008753582734, -0.001981677226580802, -0.0036144344689845076, -0.0014881817441955159, 0.004320360574958257, 0.005229983427065505, 0.004189245800618928, 0.002191250138287487, 0.0035604553113301775, 0.003102873522338191, -0.004381181999206558, 0.004146366347058949, 0.004301776112106893, 0.0006108164134005757, 0.0007535162501978821, 0.0021883172831316197, 0.0042472496538291825, 0.003454643597829539, -0.004258138310221231, -0.0004625127712287051, 0.004632957146568711, 0.004677660490191637, -0.0038930537549555643, 0.0004413778533946564, -0.004027210063500203, -0.001665858977465463, 0.003799945390006371, 0.0032755298651252485, -0.004078220495034963, -0.0035844733319721402, -0.003825049520730401, 0.002466497535407091]
Daily Returns: [0, 0, 0, 0, 0, 0, 0, 0.0007243008753582734, 0, 0, 0, 0, 0, 0, 0, 0, -0.001981677226580802, 0, 0, -0.0036144344689845076, 0, 0, 0, 0, 0, 0, 0, -0.0014881817441955159, 0, 0, 0, 0.004320360574958257, 0, 0, 0, 0, 0.005229983427065505, 0.004189245800618928, 0, 0, 0, 0, 0, 0, 0, 0, 0, 0, 0, 0, 0, 0, 0, 0, 0, 0, 0, 0, 0, 0, 0.002191250138287487, 0, 0, 0, 0, 0, 0.0035604553113301775, 0, 0, 0, 0, 0, 0, 0, 0, 0.003102873522338191, 0, 0, 0, -0.00023481565214760955, 0, 0, 0.004301776112106893, 0, 0, 0.0006108164134005757, 0.0007535162501978821, 0, 0, 0, 0, 0.0021883172831316197, 0, 0, 0.007701893251658721, 0, 0, -0.004258138310221231, 0, 0, 0, 0, 0, 0, -0.0004625127712287051, 0, 0, 0, 0, 0, 0, 0, 0, 0.004632957146568711, 0, 0.004677660490191637, 0, 0, 0, 0, 0, 0, 0, 0, 0, 0, 0, 0, 0, 0, 0, 0, 0, 0, 0, 0, 0, 0, 0, 0, 0, 0, 0, 0, 0, 0, 0, -0.0038930537549555643, 0, 0, 0, 0, 0.0004413778533946564, 0, 0, 0, 0, 0, -0.004027210063500203, 0, 0, 0, 0, 0, 0, 0, 0, 0, 0, 0, 0, 0, -0.001665858977465463, 0, 0, 0, 0, 0, 0, 0, 0, 0, 0.007075475255131619, 0, 0, 0, 0, -0.004078220495034963, -0.0035844733319721402, -0.003825049520730401, 0, 0, 0, 0, 0, 0.002466497535407091]
Start Date: 2025-04-06
End Date: 2025-11-19
Sharpe Ratio: 0.091
Annualized Sharpe: 1.44
Sharpe 95% CI: (np.float64(-0.713), np.float64(3.421))
Sortino Ratio: 0.086
CAGR: 0.032
Calmar Ratio: 2.401
Daily Win Rate (%): 0.625
Max Drawdown: 0.014
Profit Factor: 1.672
Expectancy: 0.000783
Average Win: 0.003116
Average Loss: 0.003105
Total Trades: 32
Total Days: 196



Rolling 7 - Variant 1 - atr_0.5_9 - Fit Metrics
Contracts: [5, 4, 4, 3, 3, 3, 3, 3, 3, 3, 4, 4, 5, 5, 7, 8, 5, 5, 5, 5, 5, 5, 5, 6, 6, 6, 6, 7, 4, 5, 4, 5, 7, 6, 5, 6, 6, 5, 3, 4, 4, 2, 5, 2, 3, 3, 3, 6, 4, 5, 5, 4, 4, 9, 7, 6, 6, 6, 6, 4, 5, 2, 3, 7, 6, 7, 7, 7, 5, 8, 5, 1, 1, 4, 4, 5, 3, 5, 5, 6, 6, 6, 7, 5, 6, 7, 7, 7, 6, 4, 7, 8, 7, 6, 7, 5, 7, 7, 6, 7, 7, 5]
Trade Returns: [-0.00431, -0.00418604184033183, 0.001140622453967754, 0.0049672067901234615, -0.0034850520658380926, -0.000999211465650608, 0.0027656433585394446, 0.0028481469018891478, 0.0026948469121209524, 0.010593207673499675, 0.0022708480628887144, 0.009778402126458112, 0.0047768398447815535, -0.0045430912589619595, -0.003493437949380957, 0.0017382758634083978, 0.00023266049211575351, 0.003527863336001847, -0.0013134690455908976, 0.008113602033139102, 0.009773074355176619, -0.004201494421456148, -0.004286349421076833, 0.0014769132132212428, -0.0035553692553921207, -0.0008834091178528918, -0.004204420647995608, 0.003705178062896145, 0.002902863226505674, 0.0003873831410093603, 0.001419218971752942, -0.0037239797628844, -0.0006424216236059553, -0.001905545404976242, 0.0005155042681843915, 0.01075534893508402, -0.004034971026799492, -0.0017379288045821226, -0.0017043230810459132, 0.002200545403995285, -0.0035226160058864776, 0.0003780601057405448, -0.0007597105347819605, -0.00035273163518245455, -0.0038994926591517983, -0.003739731781691457, 0.002187338914052862, 0.012995648560113468, 0.0012160731117895024, -0.004401799332007647, 0.0006127712385348053, 0.0008837106545272732, -0.00412669095798735, 0.006177735271019511, 0.0006285525830794932, -0.0039383342820962, -0.003794904428940609, -0.0040524317518568775, 0.004955526824101222, 0.00018696248286174586, -0.00034702403188830914, -0.004793629234498956, -0.0037558564256121164, 0.0333262807573323, -0.0007095856097589845, -0.005233933334451698, 0.00043902124088055525, -0.0021505933564802972, -0.004365822170506906, -0.004924381531065338]
Daily Returns: [-0.00849604184033183, 0, 0, 0, 0, 0, 0, 0, 0.001140622453967754, 0, 0, 0, 0, 0.001482154724285369, -0.000999211465650608, 0, 0, 0.005613790260428592, 0, 0, 0, 0, 0, 0.0026948469121209524, 0, 0, 0, 0, 0, 0, 0, 0, 0.010593207673499675, 0.0022708480628887144, 0, 0, 0, 0, 0, 0, 0, 0, 0, 0, 0.009778402126458112, 0, 0, 0, 0, 0, 0, 0, 0, 0, 0, 0, 0, 0, 0, 0, 0, 0, 0, 0, 0, 0, 0, 0, 0, 0, 0, 0, 0, 0, 0, 0, 0, 0, 0, 0.0047768398447815535, -0.0045430912589619595, 0, 0, 0, 0, 0, 0, 0, 0, 0, 0, -0.003493437949380957, 0.0019709363555241513, 0, 0, 0.0022143942904109494, 0, 0, 0, 0, 0, 0, 0, 0, 0.008113602033139102, 0, 0, 0, 0.009773074355176619, -0.004201494421456148, 0, 0, 0, 0, 0, 0, 0, -0.004286349421076833, 0, 0.0014769132132212428, -0.0035553692553921207, -0.0008834091178528918, -0.004204420647995608, 0, 0, 0, 0, 0, 0, 0, 0, 0, 0, 0, 0, 0, 0, 0, 0, 0, 0, 0, 0, 0, 0, 0, 0, 0, 0, 0.006608041289401819, 0, 0, 0, 0, 0, 0, 0, 0.0003873831410093603, 0.001419218971752942, 0, 0, 0, 0, 0, 0, 0, 0, 0, 0, 0, 0, -0.0037239797628844, 0, 0, 0, -0.0006424216236059553, -0.001905545404976242, 0.0005155042681843915, 0, 0, 0, 0, 0.01075534893508402, -0.004034971026799492, 0, 0, 0, -0.0017379288045821226, -0.0017043230810459132, 0.002200545403995285, 0, 0, 0, 0, 0, 0, 0, -0.0035226160058864776, 0, 0, 0, 0.0003780601057405448, 0, 0, 0, 0, 0, 0, 0, 0, 0, 0, 0, 0, 0, 0, 0, 0, 0, 0, 0, 0, 0, 0, 0, 0, 0, 0, 0, 0, 0, 0, 0, 0, 0, 0, 0, 0, 0, 0, -0.0007597105347819605, 0, 0, -0.00035273163518245455, 0, 0, 0, -0.0038994926591517983, 0, 0, -0.003739731781691457, 0, 0, 0, 0, 0, 0, 0, 0, 0, 0.002187338914052862, 0.012995648560113468, 0, 0.0012160731117895024, 0, 0, 0, -0.004401799332007647, 0, 0.0006127712385348053, 0, 0, 0, 0, 0, 0, 0.0008837106545272732, 0, 0, 0, 0, 0, 0, 0, 0, 0, 0, 0, 0, 0, 0, 0, 0, 0, 0, 0, 0, 0, 0, 0, 0, 0, 0, 0, 0, 0, 0, 0, -0.00412669095798735, 0.0068062878540990045, 0, 0, 0, 0, 0, 0, 0, 0, -0.0039383342820962, 0, 0, 0, 0, 0, 0, 0, -0.003794904428940609, -0.0040524317518568775, 0, 0, 0, 0, 0, 0, 0, 0.004955526824101222, 0, 0, 0, 0, 0, 0.00018696248286174586, 0, 0, 0, 0, 0, 0, -0.00034702403188830914, 0, 0, 0, 0, 0, 0, -0.004793629234498956, 0, 0, 0, 0, -0.0037558564256121164, 0.0333262807573323, 0, 0, 0, 0, 0, 0, 0, 0, 0, 0, 0, 0, 0, 0, 0, 0, 0, 0, 0, 0, 0, 0, 0, 0, 0, 0, 0, -0.0007095856097589845, 0, 0, 0, 0, 0, -0.00694550545005144, 0, -0.004365822170506906, -0.004924381531065338, 0]
Start Date: 2023-12-26
End Date: 2025-04-04
Sharpe Ratio: 0.041
Annualized Sharpe: 0.65
Sharpe 95% CI: (np.float64(-1.157), np.float64(1.811))
Sortino Ratio: 0.054
CAGR: 0.025
Calmar Ratio: 1.293
Daily Win Rate (%): 0.486
Max Drawdown: 0.019
Profit Factor: 1.361
Expectancy: 0.000578
Average Win: 0.004487
Average Loss: 0.003113
Total Trades: 70
Total Days: 400

Rolling 7 - Variant 1 - atr_0.5_9 - Test Metrics
Contracts: [5, 4, 4, 3, 3, 3, 3, 3, 3, 3, 4, 4, 5, 5, 7, 8, 5, 5, 5, 5, 5, 5, 5, 6, 6, 6, 6, 7, 4, 5, 4, 5, 7, 6, 5, 6, 6, 5, 3, 4, 4, 2, 5, 2, 3, 3, 3, 6, 4, 5, 5, 4, 4, 9, 7, 6, 6, 6, 6, 4, 5, 2, 3, 7, 6, 7, 7, 7, 5, 8, 5, 1, 1, 4, 4, 5, 3, 5, 5, 6, 6, 6, 7, 5, 6, 7, 7, 7, 6, 4, 7, 8, 7, 6, 7, 5, 7, 7, 6, 7, 7, 5]
Trade Returns: [0.0007029216355144543, -0.0019232250079351896, -0.0035076164579471805, -0.0014430773624754852, 0.00499479747937403, -0.005278231481969338, 0.037777395232519224, 0.0013248996444978156, 0.0217549257623815, 0.009832425860337269, -0.004126450620682436, 0.007493189245623945, 0.009684528682072846, 0.0005701884116332947, 0.0008441102828303305, 0.0020426610107968884, -0.0004474749627104908, 0.0037803690834026797, -0.003992665954027711, -0.00043356196026869687, 0.008760328227882355, -0.0019173022429616695, -0.0036583471051033264, 0.0004146701068927465, -0.004414228980157229, -0.0015657081448849318, 0.00036174679150196936, 0.0036036902643359473, -0.0038445700329433168, -0.0039413712123101945, -0.0042074080434479294, 0.002326366807865452]
Daily Returns: [0, 0, 0, 0, 0, 0, 0, 0.0007029216355144543, 0, 0, 0, 0, 0, 0, 0, 0, -0.0019232250079351896, 0, 0, -0.0035076164579471805, 0, 0, 0, 0, 0, 0, 0, -0.0014430773624754852, 0, 0, 0, 0.00499479747937403, 0, 0, 0, 0, -0.005278231481969338, 0.037777395232519224, 0, 0, 0, 0, 0, 0, 0, 0, 0, 0, 0, 0, 0, 0, 0, 0, 0, 0, 0, 0, 0, 0, 0.0013248996444978156, 0, 0, 0, 0, 0, 0.0217549257623815, 0, 0, 0, 0, 0, 0, 0, 0, 0.009832425860337269, 0, 0, 0, 0.0033667386249415085, 0, 0, 0.009684528682072846, 0, 0, 0.0005701884116332947, 0.0008441102828303305, 0, 0, 0, 0, 0.0020426610107968884, 0, 0, 0.0033328941206921888, 0, 0, -0.003992665954027711, 0, 0, 0, 0, 0, 0, -0.00043356196026869687, 0, 0, 0, 0, 0, 0, 0, 0, 0.008760328227882355, 0, -0.0019173022429616695, 0, 0, 0, 0, 0, 0, 0, 0, 0, 0, 0, 0, 0, 0, 0, 0, 0, 0, 0, 0, 0, 0, 0, 0, 0, 0, 0, 0, 0, 0, 0, -0.0036583471051033264, 0, 0, 0, 0, 0.0004146701068927465, 0, 0, 0, 0, 0, -0.004414228980157229, 0, 0, 0, 0, 0, 0, 0, 0, 0, 0, 0, 0, 0, -0.0015657081448849318, 0, 0, 0, 0, 0, 0, 0, 0, 0, 0.003965437055837916, 0, 0, 0, 0, -0.0038445700329433168, -0.0039413712123101945, -0.0042074080434479294, 0, 0, 0, 0, 0, 0.002326366807865452]
Start Date: 2025-04-06
End Date: 2025-11-19
Sharpe Ratio: 0.105
Annualized Sharpe: 1.664
Sharpe 95% CI: (np.float64(-0.534), np.float64(2.908))
Sortino Ratio: 0.252
CAGR: 0.095
Calmar Ratio: 4.976
Daily Win Rate (%): 0.531
Max Drawdown: 0.019
Profit Factor: 2.601
Expectancy: 0.002236
Average Win: 0.006839
Average Loss: 0.00298
Total Trades: 32
Total Days: 196



Rolling 7 - Variant 2 - atr_0.5_10 - Fit Metrics
Contracts: [5, 4, 4, 3, 3, 3, 3, 3, 3, 3, 4, 4, 5, 5, 7, 8, 5, 5, 5, 5, 5, 5, 5, 6, 6, 6, 6, 7, 4, 5, 4, 5, 7, 6, 5, 6, 6, 5, 3, 4, 4, 2, 5, 2, 3, 3, 3, 6, 4, 5, 5, 4, 4, 9, 7, 6, 6, 6, 6, 4, 5, 2, 3, 7, 6, 7, 7, 7, 5, 8, 5, 1, 1, 4, 4, 5, 3, 5, 5, 6, 6, 6, 7, 5, 6, 7, 7, 7, 6, 4, 7, 8, 7, 6, 7, 5, 7, 7, 6, 7, 7, 5]
Trade Returns: [-0.00431, -0.00418604184033183, 0.001140622453967754, 0.0049672067901234615, -0.0034850520658380926, -0.000999211465650608, 0.0027656433585394446, 0.0028481469018891478, 0.0026948469121209524, 0.010593207673499675, 0.0022708480628887144, 0.009778402126458112, 0.0047768398447815535, -0.0045430912589619595, -0.003493437949380957, 0.0017382758634083978, 0.00023266049211575351, 0.003527863336001847, -0.0013134690455908976, 0.008113602033139102, 0.009773074355176619, -0.004201494421456148, -0.004286349421076833, 0.0014769132132212428, -0.0035553692553921207, -0.0008834091178528918, -0.004204420647995608, 0.003705178062896145, 0.002902863226505674, 0.0003873831410093603, 0.001419218971752942, -0.0037239797628844, -0.0006424216236059553, -0.001905545404976242, 0.0005155042681843915, 0.01075534893508402, -0.004034971026799492, -0.0017379288045821226, -0.0017043230810459132, 0.002200545403995285, -0.0035226160058864776, 0.0003780601057405448, -0.0007597105347819605, -0.00035273163518245455, -0.0038994926591517983, -0.003739731781691457, 0.002187338914052862, 0.012995648560113468, 0.0012160731117895024, -0.004401799332007647, 0.0006127712385348053, 0.0008837106545272732, -0.00412669095798735, 0.006177735271019511, 0.0006285525830794932, -0.0039383342820962, -0.003794904428940609, -0.0040524317518568775, 0.004955526824101222, 0.00018696248286174586, -0.00034702403188830914, -0.004793629234498956, -0.003763976325937822, 0.03109614185970716, -0.0007095856097589845, -0.005245372471881779, 0.00043997079185492465, -0.0021552603561929575, -0.004375414302910122, -0.0049350910064239846]
Daily Returns: [-0.00849604184033183, 0, 0, 0, 0, 0, 0, 0, 0.001140622453967754, 0, 0, 0, 0, 0.001482154724285369, -0.000999211465650608, 0, 0, 0.005613790260428592, 0, 0, 0, 0, 0, 0.0026948469121209524, 0, 0, 0, 0, 0, 0, 0, 0, 0.010593207673499675, 0.0022708480628887144, 0, 0, 0, 0, 0, 0, 0, 0, 0, 0, 0.009778402126458112, 0, 0, 0, 0, 0, 0, 0, 0, 0, 0, 0, 0, 0, 0, 0, 0, 0, 0, 0, 0, 0, 0, 0, 0, 0, 0, 0, 0, 0, 0, 0, 0, 0, 0, 0.0047768398447815535, -0.0045430912589619595, 0, 0, 0, 0, 0, 0, 0, 0, 0, 0, -0.003493437949380957, 0.0019709363555241513, 0, 0, 0.0022143942904109494, 0, 0, 0, 0, 0, 0, 0, 0, 0.008113602033139102, 0, 0, 0, 0.009773074355176619, -0.004201494421456148, 0, 0, 0, 0, 0, 0, 0, -0.004286349421076833, 0, 0.0014769132132212428, -0.0035553692553921207, -0.0008834091178528918, -0.004204420647995608, 0, 0, 0, 0, 0, 0, 0, 0, 0, 0, 0, 0, 0, 0, 0, 0, 0, 0, 0, 0, 0, 0, 0, 0, 0, 0, 0.006608041289401819, 0, 0, 0, 0, 0, 0, 0, 0.0003873831410093603, 0.001419218971752942, 0, 0, 0, 0, 0, 0, 0, 0, 0, 0, 0, 0, -0.0037239797628844, 0, 0, 0, -0.0006424216236059553, -0.001905545404976242, 0.0005155042681843915, 0, 0, 0, 0, 0.01075534893508402, -0.004034971026799492, 0, 0, 0, -0.0017379288045821226, -0.0017043230810459132, 0.002200545403995285, 0, 0, 0, 0, 0, 0, 0, -0.0035226160058864776, 0, 0, 0, 0.0003780601057405448, 0, 0, 0, 0, 0, 0, 0, 0, 0, 0, 0, 0, 0, 0, 0, 0, 0, 0, 0, 0, 0, 0, 0, 0, 0, 0, 0, 0, 0, 0, 0, 0, 0, 0, 0, 0, 0, 0, -0.0007597105347819605, 0, 0, -0.00035273163518245455, 0, 0, 0, -0.0038994926591517983, 0, 0, -0.003739731781691457, 0, 0, 0, 0, 0, 0, 0, 0, 0, 0.002187338914052862, 0.012995648560113468, 0, 0.0012160731117895024, 0, 0, 0, -0.004401799332007647, 0, 0.0006127712385348053, 0, 0, 0, 0, 0, 0, 0.0008837106545272732, 0, 0, 0, 0, 0, 0, 0, 0, 0, 0, 0, 0, 0, 0, 0, 0, 0, 0, 0, 0, 0, 0, 0, 0, 0, 0, 0, 0, 0, 0, 0, -0.00412669095798735, 0.0068062878540990045, 0, 0, 0, 0, 0, 0, 0, 0, -0.0039383342820962, 0, 0, 0, 0, 0, 0, 0, -0.003794904428940609, -0.0040524317518568775, 0, 0, 0, 0, 0, 0, 0, 0.004955526824101222, 0, 0, 0, 0, 0, 0.00018696248286174586, 0, 0, 0, 0, 0, 0, -0.00034702403188830914, 0, 0, 0, 0, 0, 0, -0.004793629234498956, 0, 0, 0, 0, -0.003763976325937822, 0.03109614185970716, 0, 0, 0, 0, 0, 0, 0, 0, 0, 0, 0, 0, 0, 0, 0, 0, 0, 0, 0, 0, 0, 0, 0, 0, 0, 0, 0, -0.0007095856097589845, 0, 0, 0, 0, 0, -0.006960662036219811, 0, -0.004375414302910122, -0.0049350910064239846, 0]
Start Date: 2023-12-26
End Date: 2025-04-04
Sharpe Ratio: 0.04
Annualized Sharpe: 0.632
Sharpe 95% CI: (np.float64(-1.16), np.float64(1.82))
Sortino Ratio: 0.05
CAGR: 0.024
Calmar Ratio: 1.219
Daily Win Rate (%): 0.486
Max Drawdown: 0.019
Profit Factor: 1.341
Expectancy: 0.000546
Average Win: 0.004422
Average Loss: 0.003115
Total Trades: 70
Total Days: 400

Rolling 7 - Variant 2 - atr_0.5_10 - Test Metrics
Contracts: [5, 4, 4, 3, 3, 3, 3, 3, 3, 3, 4, 4, 5, 5, 7, 8, 5, 5, 5, 5, 5, 5, 5, 6, 6, 6, 6, 7, 4, 5, 4, 5, 7, 6, 5, 6, 6, 5, 3, 4, 4, 2, 5, 2, 3, 3, 3, 6, 4, 5, 5, 4, 4, 9, 7, 6, 6, 6, 6, 4, 5, 2, 3, 7, 6, 7, 7, 7, 5, 8, 5, 1, 1, 4, 4, 5, 3, 5, 5, 6, 6, 6, 7, 5, 6, 7, 7, 7, 6, 4, 7, 8, 7, 6, 7, 5, 7, 7, 6, 7, 7, 5]
Trade Returns: [0.0007044707522203037, -0.0019274604767076649, -0.0035153561089684973, -0.0014462568687785594, 0.005005857515694161, -0.005289877757619878, 0.042079578654401456, 0.0013278233693140844, 0.0217549257623815, 0.009813553401449661, -0.0041186072405331505, 0.007478887610446519, 0.009666181831241287, 0.0005691185598455099, 0.0008425273688083181, 0.0020388337444744247, -0.0004466382496035022, 0.0037732971843898195, -0.003985224990328413, -0.00043275071607831587, 0.008743929551749456, -0.0019137443075781123, -0.0036515452980186163, 0.00041389630305700345, -0.004405995123702029, -0.001562774706491369, 0.00036106797860626717, 0.0035969304297114035, -0.003837384200819565, -0.003933976072461992, -0.004199482563755539, 0.0023219661584638774]
Daily Returns: [0, 0, 0, 0, 0, 0, 0, 0.0007044707522203037, 0, 0, 0, 0, 0, 0, 0, 0, -0.0019274604767076649, 0, 0, -0.0035153561089684973, 0, 0, 0, 0, 0, 0, 0, -0.0014462568687785594, 0, 0, 0, 0.005005857515694161, 0, 0, 0, 0, -0.005289877757619878, 0.042079578654401456, 0, 0, 0, 0, 0, 0, 0, 0, 0, 0, 0, 0, 0, 0, 0, 0, 0, 0, 0, 0, 0, 0, 0.0013278233693140844, 0, 0, 0, 0, 0, 0.0217549257623815, 0, 0, 0, 0, 0, 0, 0, 0, 0.009813553401449661, 0, 0, 0, 0.0033602803699133684, 0, 0, 0.009666181831241287, 0, 0, 0.0005691185598455099, 0.0008425273688083181, 0, 0, 0, 0, 0.0020388337444744247, 0, 0, 0.0033266589347863175, 0, 0, -0.003985224990328413, 0, 0, 0, 0, 0, 0, -0.00043275071607831587, 0, 0, 0, 0, 0, 0, 0, 0, 0.008743929551749456, 0, -0.0019137443075781123, 0, 0, 0, 0, 0, 0, 0, 0, 0, 0, 0, 0, 0, 0, 0, 0, 0, 0, 0, 0, 0, 0, 0, 0, 0, 0, 0, 0, 0, 0, 0, -0.0036515452980186163, 0, 0, 0, 0, 0.00041389630305700345, 0, 0, 0, 0, 0, -0.004405995123702029, 0, 0, 0, 0, 0, 0, 0, 0, 0, 0, 0, 0, 0, -0.001562774706491369, 0, 0, 0, 0, 0, 0, 0, 0, 0, 0.00395799840831767, 0, 0, 0, 0, -0.003837384200819565, -0.003933976072461992, -0.004199482563755539, 0, 0, 0, 0, 0, 0.0023219661584638774]
Start Date: 2025-04-06
End Date: 2025-11-19
Sharpe Ratio: 0.104
Annualized Sharpe: 1.649
Sharpe 95% CI: (np.float64(-0.529), np.float64(2.86))
Sortino Ratio: 0.267
CAGR: 0.101
Calmar Ratio: 5.289
Daily Win Rate (%): 0.531
Max Drawdown: 0.019
Profit Factor: 2.698
Expectancy: 0.00237
Average Win: 0.007088
Average Loss: 0.002978
Total Trades: 32
Total Days: 196



Rolling 7 - Variant 3 - atr_0.5_11 - Fit Metrics
Contracts: [5, 4, 4, 3, 3, 3, 3, 3, 3, 3, 4, 4, 5, 5, 7, 8, 5, 5, 5, 5, 5, 5, 5, 6, 6, 6, 6, 7, 4, 5, 4, 5, 7, 6, 5, 6, 6, 5, 3, 4, 4, 2, 5, 2, 3, 3, 3, 6, 4, 5, 5, 4, 4, 9, 7, 6, 6, 6, 6, 4, 5, 2, 3, 7, 6, 7, 7, 7, 5, 8, 5, 1, 1, 4, 4, 5, 3, 5, 5, 6, 6, 6, 7, 6, 6, 7, 7, 7, 6, 4, 7, 8, 7, 6, 7, 5, 7, 7, 7, 7, 7, 6]
Trade Returns: [-0.00431, -0.00418604184033183, 0.001140622453967754, 0.0049672067901234615, -0.0034850520658380926, -0.000999211465650608, 0.0027656433585394446, 0.0028481469018891478, 0.0026948469121209524, 0.010593207673499675, 0.0022708480628887144, 0.009778402126458112, 0.0047768398447815535, -0.0045430912589619595, -0.003493437949380957, 0.0017382758634083978, 0.00023266049211575351, 0.003527863336001847, -0.0013134690455908976, 0.008113602033139102, 0.009773074355176619, -0.004201494421456148, -0.004286349421076833, 0.0014769132132212428, -0.0035553692553921207, -0.0008834091178528918, -0.004204420647995608, 0.003705178062896145, 0.002902863226505674, 0.0003873831410093603, 0.001419218971752942, -0.0037239797628844, -0.0006424216236059553, -0.001905545404976242, 0.0005155042681843915, 0.01075534893508402, -0.004034971026799492, -0.0017379288045821226, -0.0017043230810459132, 0.002200545403995285, -0.0035226160058864776, 0.0003780601057405448, -0.0007597105347819605, -0.00035273163518245455, -0.0038994926591517983, -0.003739731781691457, 0.002187338914052862, 0.012995648560113468, 0.0012160731117895024, -0.004401799332007647, 0.0006127712385348053, 0.0008837106545272732, -0.00412669095798735, 0.006177735271019511, 0.0006285525830794932, -0.0039383342820962, -0.003794904428940609, -0.0040524317518568775, 0.004955526824101222, 0.00018696248286174586, -0.00034702403188830914, -0.004793629234498956, -0.003763976325937822, 0.03109614185970716, -0.0007095856097589845, -0.005245372471881779, 0.00043997079185492465, -0.0021552603561929575, -0.004375414302910122, -0.0049350910064239846]
Daily Returns: [-0.00849604184033183, 0, 0, 0, 0, 0, 0, 0, 0.001140622453967754, 0, 0, 0, 0, 0.001482154724285369, -0.000999211465650608, 0, 0, 0.005613790260428592, 0, 0, 0, 0, 0, 0.0026948469121209524, 0, 0, 0, 0, 0, 0, 0, 0, 0.010593207673499675, 0.0022708480628887144, 0, 0, 0, 0, 0, 0, 0, 0, 0, 0, 0.009778402126458112, 0, 0, 0, 0, 0, 0, 0, 0, 0, 0, 0, 0, 0, 0, 0, 0, 0, 0, 0, 0, 0, 0, 0, 0, 0, 0, 0, 0, 0, 0, 0, 0, 0, 0, 0.0047768398447815535, -0.0045430912589619595, 0, 0, 0, 0, 0, 0, 0, 0, 0, 0, -0.003493437949380957, 0.0019709363555241513, 0, 0, 0.0022143942904109494, 0, 0, 0, 0, 0, 0, 0, 0, 0.008113602033139102, 0, 0, 0, 0.009773074355176619, -0.004201494421456148, 0, 0, 0, 0, 0, 0, 0, -0.004286349421076833, 0, 0.0014769132132212428, -0.0035553692553921207, -0.0008834091178528918, -0.004204420647995608, 0, 0, 0, 0, 0, 0, 0, 0, 0, 0, 0, 0, 0, 0, 0, 0, 0, 0, 0, 0, 0, 0, 0, 0, 0, 0, 0.006608041289401819, 0, 0, 0, 0, 0, 0, 0, 0.0003873831410093603, 0.001419218971752942, 0, 0, 0, 0, 0, 0, 0, 0, 0, 0, 0, 0, -0.0037239797628844, 0, 0, 0, -0.0006424216236059553, -0.001905545404976242, 0.0005155042681843915, 0, 0, 0, 0, 0.01075534893508402, -0.004034971026799492, 0, 0, 0, -0.0017379288045821226, -0.0017043230810459132, 0.002200545403995285, 0, 0, 0, 0, 0, 0, 0, -0.0035226160058864776, 0, 0, 0, 0.0003780601057405448, 0, 0, 0, 0, 0, 0, 0, 0, 0, 0, 0, 0, 0, 0, 0, 0, 0, 0, 0, 0, 0, 0, 0, 0, 0, 0, 0, 0, 0, 0, 0, 0, 0, 0, 0, 0, 0, 0, -0.0007597105347819605, 0, 0, -0.00035273163518245455, 0, 0, 0, -0.0038994926591517983, 0, 0, -0.003739731781691457, 0, 0, 0, 0, 0, 0, 0, 0, 0, 0.002187338914052862, 0.012995648560113468, 0, 0.0012160731117895024, 0, 0, 0, -0.004401799332007647, 0, 0.0006127712385348053, 0, 0, 0, 0, 0, 0, 0.0008837106545272732, 0, 0, 0, 0, 0, 0, 0, 0, 0, 0, 0, 0, 0, 0, 0, 0, 0, 0, 0, 0, 0, 0, 0, 0, 0, 0, 0, 0, 0, 0, 0, -0.00412669095798735, 0.0068062878540990045, 0, 0, 0, 0, 0, 0, 0, 0, -0.0039383342820962, 0, 0, 0, 0, 0, 0, 0, -0.003794904428940609, -0.0040524317518568775, 0, 0, 0, 0, 0, 0, 0, 0.004955526824101222, 0, 0, 0, 0, 0, 0.00018696248286174586, 0, 0, 0, 0, 0, 0, -0.00034702403188830914, 0, 0, 0, 0, 0, 0, -0.004793629234498956, 0, 0, 0, 0, -0.003763976325937822, 0.03109614185970716, 0, 0, 0, 0, 0, 0, 0, 0, 0, 0, 0, 0, 0, 0, 0, 0, 0, 0, 0, 0, 0, 0, 0, 0, 0, 0, 0, -0.0007095856097589845, 0, 0, 0, 0, 0, -0.006960662036219811, 0, -0.004375414302910122, -0.0049350910064239846, 0]
Start Date: 2023-12-26
End Date: 2025-04-04
Sharpe Ratio: 0.04
Annualized Sharpe: 0.632
Sharpe 95% CI: (np.float64(-1.16), np.float64(1.82))
Sortino Ratio: 0.05
CAGR: 0.024
Calmar Ratio: 1.219
Daily Win Rate (%): 0.486
Max Drawdown: 0.019
Profit Factor: 1.341
Expectancy: 0.000546
Average Win: 0.004422
Average Loss: 0.003115
Total Trades: 70
Total Days: 400

Rolling 7 - Variant 3 - atr_0.5_11 - Test Metrics
Contracts: [5, 4, 4, 3, 3, 3, 3, 3, 3, 3, 4, 4, 5, 5, 7, 8, 5, 5, 5, 5, 5, 5, 5, 6, 6, 6, 6, 7, 4, 5, 4, 5, 7, 6, 5, 6, 6, 5, 3, 4, 4, 2, 5, 2, 3, 3, 3, 6, 4, 5, 5, 4, 4, 9, 7, 6, 6, 6, 6, 4, 5, 2, 3, 7, 6, 7, 7, 7, 5, 8, 5, 1, 1, 4, 4, 5, 3, 5, 5, 6, 6, 6, 7, 6, 6, 7, 7, 7, 6, 4, 7, 8, 7, 6, 7, 5, 7, 7, 7, 7, 7, 6]
Trade Returns: [0.0007044707522203037, -0.0019274604767076649, -0.0035153561089684973, -0.0014462568687785594, 0.005005857515694161, -0.005289877757619878, 0.04629796398920854, 0.0013278233693140844, 0.0217549257623815, 0.009773987855901636, -0.00410216287704099, 0.007448903656161158, 0.009627715228530733, 0.0006802504171848567, 0.0008391133015390437, 0.002030578962635898, -0.00044483357575593463, 0.0037580441216985296, -0.003969175551567616, -0.00043100098211702243, 0.008708560118753142, -0.0019060699920113256, -0.003636874254019521, 0.0004122272957889474, -0.004388235584153049, -0.0015564477617219907, 0.0003596039042709503, 0.0035823506807883057, -0.004458866209310863, -0.003920532993979183, -0.004185075721044776, 0.00277676026766968]
Daily Returns: [0, 0, 0, 0, 0, 0, 0, 0.0007044707522203037, 0, 0, 0, 0, 0, 0, 0, 0, -0.0019274604767076649, 0, 0, -0.0035153561089684973, 0, 0, 0, 0, 0, 0, 0, -0.0014462568687785594, 0, 0, 0, 0.005005857515694161, 0, 0, 0, 0, -0.005289877757619878, 0.04629796398920854, 0, 0, 0, 0, 0, 0, 0, 0, 0, 0, 0, 0, 0, 0, 0, 0, 0, 0, 0, 0, 0, 0, 0.0013278233693140844, 0, 0, 0, 0, 0, 0.0217549257623815, 0, 0, 0, 0, 0, 0, 0, 0, 0.009773987855901636, 0, 0, 0, 0.0033467407791201685, 0, 0, 0.009627715228530733, 0, 0, 0.0006802504171848567, 0.0008391133015390437, 0, 0, 0, 0, 0.002030578962635898, 0, 0, 0.003313210545942595, 0, 0, -0.003969175551567616, 0, 0, 0, 0, 0, 0, -0.00043100098211702243, 0, 0, 0, 0, 0, 0, 0, 0, 0.008708560118753142, 0, -0.0019060699920113256, 0, 0, 0, 0, 0, 0, 0, 0, 0, 0, 0, 0, 0, 0, 0, 0, 0, 0, 0, 0, 0, 0, 0, 0, 0, 0, 0, 0, 0, 0, 0, -0.003636874254019521, 0, 0, 0, 0, 0.0004122272957889474, 0, 0, 0, 0, 0, -0.004388235584153049, 0, 0, 0, 0, 0, 0, 0, 0, 0, 0, 0, 0, 0, -0.0015564477617219907, 0, 0, 0, 0, 0, 0, 0, 0, 0, 0.003941954585059256, 0, 0, 0, 0, -0.004458866209310863, -0.003920532993979183, -0.004185075721044776, 0, 0, 0, 0, 0, 0.00277676026766968]
Start Date: 2025-04-06
End Date: 2025-11-19
Sharpe Ratio: 0.103
Annualized Sharpe: 1.629
Sharpe 95% CI: (np.float64(-0.543), np.float64(2.815))
Sortino Ratio: 0.275
CAGR: 0.106
Calmar Ratio: 5.422
Daily Win Rate (%): 0.531
Max Drawdown: 0.02
Profit Factor: 2.769
Expectancy: 0.002497
Average Win: 0.007358
Average Loss: 0.003012
Total Trades: 32
Total Days: 196



Rolling 7 - Variant 4 - atr_0.5_12 - Fit Metrics
Contracts: [5, 4, 4, 3, 3, 3, 3, 3, 3, 3, 4, 4, 5, 5, 7, 8, 5, 5, 5, 5, 5, 5, 5, 6, 6, 6, 6, 7, 4, 5, 4, 5, 7, 6, 5, 6, 6, 5, 3, 4, 4, 2, 5, 2, 3, 3, 3, 6, 4, 5, 5, 4, 4, 9, 7, 6, 6, 6, 6, 4, 5, 2, 3, 7, 6, 7, 7, 7, 5, 8, 5, 1, 1, 4, 4, 5, 3, 5, 5, 6, 6, 6, 7, 6, 6, 7, 7, 7, 6, 4, 7, 8, 7, 6, 7, 5, 7, 7, 7, 7, 7, 6]
Trade Returns: [-0.00431, -0.00418604184033183, 0.001140622453967754, 0.0049672067901234615, -0.0034850520658380926, -0.000999211465650608, 0.0027656433585394446, 0.0028481469018891478, 0.0026948469121209524, 0.010593207673499675, 0.0022708480628887144, 0.009778402126458112, 0.0047768398447815535, -0.0045430912589619595, -0.003493437949380957, 0.0017382758634083978, 0.00023266049211575351, 0.003527863336001847, -0.0013134690455908976, 0.008113602033139102, 0.009773074355176619, -0.004201494421456148, -0.004286349421076833, 0.0014769132132212428, -0.0035553692553921207, -0.0008834091178528918, -0.004204420647995608, 0.003705178062896145, 0.002902863226505674, 0.0003873831410093603, 0.001419218971752942, -0.0037239797628844, -0.0006424216236059553, -0.001905545404976242, 0.0005155042681843915, 0.01075534893508402, -0.004034971026799492, -0.0017379288045821226, -0.0017043230810459132, 0.002200545403995285, -0.0035226160058864776, 0.0003780601057405448, -0.0007597105347819605, -0.00035273163518245455, -0.0038994926591517983, -0.003739731781691457, 0.002187338914052862, 0.012995648560113468, 0.0012160731117895024, -0.004401799332007647, 0.0006127712385348053, 0.0008837106545272732, -0.00412669095798735, 0.006177735271019511, 0.0006285525830794932, -0.0039383342820962, -0.003794904428940609, -0.0040524317518568775, 0.004955526824101222, 0.00018696248286174586, -0.00034702403188830914, -0.004793629234498956, -0.003763976325937822, 0.03109614185970716, -0.0007095856097589845, -0.005245372471881779, 0.00043997079185492465, -0.0021552603561929575, -0.004375414302910122, -0.0049350910064239846]
Daily Returns: [-0.00849604184033183, 0, 0, 0, 0, 0, 0, 0, 0.001140622453967754, 0, 0, 0, 0, 0.001482154724285369, -0.000999211465650608, 0, 0, 0.005613790260428592, 0, 0, 0, 0, 0, 0.0026948469121209524, 0, 0, 0, 0, 0, 0, 0, 0, 0.010593207673499675, 0.0022708480628887144, 0, 0, 0, 0, 0, 0, 0, 0, 0, 0, 0.009778402126458112, 0, 0, 0, 0, 0, 0, 0, 0, 0, 0, 0, 0, 0, 0, 0, 0, 0, 0, 0, 0, 0, 0, 0, 0, 0, 0, 0, 0, 0, 0, 0, 0, 0, 0, 0.0047768398447815535, -0.0045430912589619595, 0, 0, 0, 0, 0, 0, 0, 0, 0, 0, -0.003493437949380957, 0.0019709363555241513, 0, 0, 0.0022143942904109494, 0, 0, 0, 0, 0, 0, 0, 0, 0.008113602033139102, 0, 0, 0, 0.009773074355176619, -0.004201494421456148, 0, 0, 0, 0, 0, 0, 0, -0.004286349421076833, 0, 0.0014769132132212428, -0.0035553692553921207, -0.0008834091178528918, -0.004204420647995608, 0, 0, 0, 0, 0, 0, 0, 0, 0, 0, 0, 0, 0, 0, 0, 0, 0, 0, 0, 0, 0, 0, 0, 0, 0, 0, 0.006608041289401819, 0, 0, 0, 0, 0, 0, 0, 0.0003873831410093603, 0.001419218971752942, 0, 0, 0, 0, 0, 0, 0, 0, 0, 0, 0, 0, -0.0037239797628844, 0, 0, 0, -0.0006424216236059553, -0.001905545404976242, 0.0005155042681843915, 0, 0, 0, 0, 0.01075534893508402, -0.004034971026799492, 0, 0, 0, -0.0017379288045821226, -0.0017043230810459132, 0.002200545403995285, 0, 0, 0, 0, 0, 0, 0, -0.0035226160058864776, 0, 0, 0, 0.0003780601057405448, 0, 0, 0, 0, 0, 0, 0, 0, 0, 0, 0, 0, 0, 0, 0, 0, 0, 0, 0, 0, 0, 0, 0, 0, 0, 0, 0, 0, 0, 0, 0, 0, 0, 0, 0, 0, 0, 0, -0.0007597105347819605, 0, 0, -0.00035273163518245455, 0, 0, 0, -0.0038994926591517983, 0, 0, -0.003739731781691457, 0, 0, 0, 0, 0, 0, 0, 0, 0, 0.002187338914052862, 0.012995648560113468, 0, 0.0012160731117895024, 0, 0, 0, -0.004401799332007647, 0, 0.0006127712385348053, 0, 0, 0, 0, 0, 0, 0.0008837106545272732, 0, 0, 0, 0, 0, 0, 0, 0, 0, 0, 0, 0, 0, 0, 0, 0, 0, 0, 0, 0, 0, 0, 0, 0, 0, 0, 0, 0, 0, 0, 0, -0.00412669095798735, 0.0068062878540990045, 0, 0, 0, 0, 0, 0, 0, 0, -0.0039383342820962, 0, 0, 0, 0, 0, 0, 0, -0.003794904428940609, -0.0040524317518568775, 0, 0, 0, 0, 0, 0, 0, 0.004955526824101222, 0, 0, 0, 0, 0, 0.00018696248286174586, 0, 0, 0, 0, 0, 0, -0.00034702403188830914, 0, 0, 0, 0, 0, 0, -0.004793629234498956, 0, 0, 0, 0, -0.003763976325937822, 0.03109614185970716, 0, 0, 0, 0, 0, 0, 0, 0, 0, 0, 0, 0, 0, 0, 0, 0, 0, 0, 0, 0, 0, 0, 0, 0, 0, 0, 0, -0.0007095856097589845, 0, 0, 0, 0, 0, -0.006960662036219811, 0, -0.004375414302910122, -0.0049350910064239846, 0]
Start Date: 2023-12-26
End Date: 2025-04-04
Sharpe Ratio: 0.04
Annualized Sharpe: 0.632
Sharpe 95% CI: (np.float64(-1.16), np.float64(1.82))
Sortino Ratio: 0.05
CAGR: 0.024
Calmar Ratio: 1.219
Daily Win Rate (%): 0.486
Max Drawdown: 0.019
Profit Factor: 1.341
Expectancy: 0.000546
Average Win: 0.004422
Average Loss: 0.003115
Total Trades: 70
Total Days: 400

Rolling 7 - Variant 4 - atr_0.5_12 - Test Metrics
Contracts: [5, 4, 4, 3, 3, 3, 3, 3, 3, 3, 4, 4, 5, 5, 7, 8, 5, 5, 5, 5, 5, 5, 5, 6, 6, 6, 6, 7, 4, 5, 4, 5, 7, 6, 5, 6, 6, 5, 3, 4, 4, 2, 5, 2, 3, 3, 3, 6, 4, 5, 5, 4, 4, 9, 7, 6, 6, 6, 6, 4, 5, 2, 3, 7, 6, 7, 7, 7, 5, 8, 5, 1, 1, 4, 4, 5, 3, 5, 5, 6, 6, 6, 7, 6, 6, 7, 7, 7, 6, 4, 7, 8, 7, 6, 7, 5, 7, 7, 7, 7, 7, 6]
Trade Returns: [0.0007044707522203037, -0.0019274604767076649, -0.0035153561089684973, -0.0014462568687785594, 0.005005857515694161, -0.005289877757619878, 0.05051634932401562, 0.0013278233693140844, 0.0217549257623815, 0.009734740064032, -0.004085849306156301, 0.007419159161961601, 0.009589553568247337, 0.0006775796994299107, 0.0008358211060698917, 0.0020226187980217462, -0.00044309328344438215, 0.003743335262464507, -0.003953698267628222, -0.0004293136787431969, 0.008674452786016718, -0.00189866901208133, -0.003622725961412376, 0.0004106178043178119, -0.004371109282994248, -0.0015503466257938854, 0.00035819210036435747, 0.0035682914181092225, -0.004441429201650028, -0.0039051328133551323, -0.004168571945085447, 0.0027657643227080963]
Daily Returns: [0, 0, 0, 0, 0, 0, 0, 0.0007044707522203037, 0, 0, 0, 0, 0, 0, 0, 0, -0.0019274604767076649, 0, 0, -0.0035153561089684973, 0, 0, 0, 0, 0, 0, 0, -0.0014462568687785594, 0, 0, 0, 0.005005857515694161, 0, 0, 0, 0, -0.005289877757619878, 0.05051634932401562, 0, 0, 0, 0, 0, 0, 0, 0, 0, 0, 0, 0, 0, 0, 0, 0, 0, 0, 0, 0, 0, 0, 0.0013278233693140844, 0, 0, 0, 0, 0, 0.0217549257623815, 0, 0, 0, 0, 0, 0, 0, 0, 0.009734740064032, 0, 0, 0, 0.0033333098558053003, 0, 0, 0.009589553568247337, 0, 0, 0.0006775796994299107, 0.0008358211060698917, 0, 0, 0, 0, 0.0020226187980217462, 0, 0, 0.003300241979020125, 0, 0, -0.003953698267628222, 0, 0, 0, 0, 0, 0, -0.0004293136787431969, 0, 0, 0, 0, 0, 0, 0, 0, 0.008674452786016718, 0, -0.00189866901208133, 0, 0, 0, 0, 0, 0, 0, 0, 0, 0, 0, 0, 0, 0, 0, 0, 0, 0, 0, 0, 0, 0, 0, 0, 0, 0, 0, 0, 0, 0, 0, -0.003622725961412376, 0, 0, 0, 0, 0.0004106178043178119, 0, 0, 0, 0, 0, -0.004371109282994248, 0, 0, 0, 0, 0, 0, 0, 0, 0, 0, 0, 0, 0, -0.0015503466257938854, 0, 0, 0, 0, 0, 0, 0, 0, 0, 0.00392648351847358, 0, 0, 0, 0, -0.004441429201650028, -0.0039051328133551323, -0.004168571945085447, 0, 0, 0, 0, 0, 0.0027657643227080963]
Start Date: 2025-04-06
End Date: 2025-11-19
Sharpe Ratio: 0.102
Annualized Sharpe: 1.611
Sharpe 95% CI: (np.float64(-0.545), np.float64(2.773))
Sortino Ratio: 0.29
CAGR: 0.112
Calmar Ratio: 5.733
Daily Win Rate (%): 0.531
Max Drawdown: 0.019
Profit Factor: 2.866
Expectancy: 0.002627
Average Win: 0.007595
Average Loss: 0.003003
Total Trades: 32
Total Days: 196



Rolling 8 - Variant 0 - atr_0.5_13 - Fit Metrics
Contracts: [5, 4, 4, 3, 3, 3, 3, 3, 3, 3, 4, 4, 5, 5, 7, 8, 5, 5, 5, 5, 5, 5, 5, 6, 6, 6, 6, 7, 4, 5, 4, 5, 7, 6, 5, 6, 6, 5, 3, 4, 4, 2, 5, 2, 3, 3, 3, 6, 4, 5, 5, 4, 4, 9, 7, 6, 6, 6, 6, 4, 5, 2, 3, 7, 6, 7, 7, 7, 5, 8, 5, 1, 1, 4, 4, 5, 3, 5, 5, 6, 6, 6, 7, 6, 6, 7, 7, 7, 6, 4, 7, 8, 7, 6, 7, 5, 7, 7, 7, 7, 7, 6]
Trade Returns: [-0.00431, -0.00418604184033183, 0.001140622453967754, 0.0049672067901234615, -0.0034850520658380926, -0.000999211465650608, 0.0027656433585394446, 0.0028481469018891478, 0.0026948469121209524, 0.010593207673499675, 0.0022708480628887144, 0.009778402126458112, 0.0047768398447815535, -0.0045430912589619595, -0.003493437949380957, 0.0017382758634083978, 0.00023266049211575351, 0.003527863336001847, -0.0013134690455908976, 0.008113602033139102, 0.009773074355176619, -0.004201494421456148, -0.004286349421076833, 0.0014769132132212428, -0.0035553692553921207, -0.0008834091178528918, -0.004204420647995608, 0.003705178062896145, 0.002902863226505674, 0.0003873831410093603, 0.001419218971752942, -0.0037239797628844, -0.0006424216236059553, -0.001905545404976242, 0.0005155042681843915, 0.01075534893508402, -0.004034971026799492, -0.0017379288045821226, -0.0017043230810459132, 0.002200545403995285, -0.0035226160058864776, 0.0003780601057405448, -0.0007597105347819605, -0.00035273163518245455, -0.0038994926591517983, -0.003739731781691457, 0.002187338914052862, 0.012995648560113468, 0.0012160731117895024, -0.004401799332007647, 0.0006127712385348053, 0.0008837106545272732, -0.00412669095798735, 0.006177735271019511, 0.0006285525830794932, -0.0039383342820962, -0.003794904428940609, -0.0040524317518568775, 0.004955526824101222, 0.00018696248286174586, -0.00034702403188830914, -0.004793629234498956, -0.003763976325937822, 0.03109614185970716, -0.0007095856097589845, -0.005245372471881779, 0.00043997079185492465, -0.0021552603561929575, -0.004375414302910122, -0.0049350910064239846, 0.0007044707522203037, -0.0019274604767076649, -0.0035153561089684973, -0.0014462568687785594, 0.005005857515694161, -0.005289877757619878, 0.05473473465882271]
Daily Returns: [-0.00849604184033183, 0, 0, 0, 0, 0, 0, 0, 0.001140622453967754, 0, 0, 0, 0, 0.001482154724285369, -0.000999211465650608, 0, 0, 0.005613790260428592, 0, 0, 0, 0, 0, 0.0026948469121209524, 0, 0, 0, 0, 0, 0, 0, 0, 0.010593207673499675, 0.0022708480628887144, 0, 0, 0, 0, 0, 0, 0, 0, 0, 0, 0.009778402126458112, 0, 0, 0, 0, 0, 0, 0, 0, 0, 0, 0, 0, 0, 0, 0, 0, 0, 0, 0, 0, 0, 0, 0, 0, 0, 0, 0, 0, 0, 0, 0, 0, 0, 0, 0.0047768398447815535, -0.0045430912589619595, 0, 0, 0, 0, 0, 0, 0, 0, 0, 0, -0.003493437949380957, 0.0019709363555241513, 0, 0, 0.0022143942904109494, 0, 0, 0, 0, 0, 0, 0, 0, 0.008113602033139102, 0, 0, 0, 0.009773074355176619, -0.004201494421456148, 0, 0, 0, 0, 0, 0, 0, -0.004286349421076833, 0, 0.0014769132132212428, -0.0035553692553921207, -0.0008834091178528918, -0.004204420647995608, 0, 0, 0, 0, 0, 0, 0, 0, 0, 0, 0, 0, 0, 0, 0, 0, 0, 0, 0, 0, 0, 0, 0, 0, 0, 0, 0.006608041289401819, 0, 0, 0, 0, 0, 0, 0, 0.0003873831410093603, 0.001419218971752942, 0, 0, 0, 0, 0, 0, 0, 0, 0, 0, 0, 0, -0.0037239797628844, 0, 0, 0, -0.0006424216236059553, -0.001905545404976242, 0.0005155042681843915, 0, 0, 0, 0, 0.01075534893508402, -0.004034971026799492, 0, 0, 0, -0.0017379288045821226, -0.0017043230810459132, 0.002200545403995285, 0, 0, 0, 0, 0, 0, 0, -0.0035226160058864776, 0, 0, 0, 0.0003780601057405448, 0, 0, 0, 0, 0, 0, 0, 0, 0, 0, 0, 0, 0, 0, 0, 0, 0, 0, 0, 0, 0, 0, 0, 0, 0, 0, 0, 0, 0, 0, 0, 0, 0, 0, 0, 0, 0, 0, -0.0007597105347819605, 0, 0, -0.00035273163518245455, 0, 0, 0, -0.0038994926591517983, 0, 0, -0.003739731781691457, 0, 0, 0, 0, 0, 0, 0, 0, 0, 0.002187338914052862, 0.012995648560113468, 0, 0.0012160731117895024, 0, 0, 0, -0.004401799332007647, 0, 0.0006127712385348053, 0, 0, 0, 0, 0, 0, 0.0008837106545272732, 0, 0, 0, 0, 0, 0, 0, 0, 0, 0, 0, 0, 0, 0, 0, 0, 0, 0, 0, 0, 0, 0, 0, 0, 0, 0, 0, 0, 0, 0, 0, -0.00412669095798735, 0.0068062878540990045, 0, 0, 0, 0, 0, 0, 0, 0, -0.0039383342820962, 0, 0, 0, 0, 0, 0, 0, -0.003794904428940609, -0.0040524317518568775, 0, 0, 0, 0, 0, 0, 0, 0.004955526824101222, 0, 0, 0, 0, 0, 0.00018696248286174586, 0, 0, 0, 0, 0, 0, -0.00034702403188830914, 0, 0, 0, 0, 0, 0, -0.004793629234498956, 0, 0, 0, 0, -0.003763976325937822, 0.03109614185970716, 0, 0, 0, 0, 0, 0, 0, 0, 0, 0, 0, 0, 0, 0, 0, 0, 0, 0, 0, 0, 0, 0, 0, 0, 0, 0, 0, -0.0007095856097589845, 0, 0, 0, 0, 0, -0.006960662036219811, 0, -0.004375414302910122, -0.0049350910064239846, 0, 0, 0, 0, 0, 0, 0, 0, 0.0007044707522203037, 0, 0, 0, 0, 0, 0, 0, 0, -0.0019274604767076649, 0, 0, -0.0035153561089684973, 0, 0, 0, 0, 0, 0, 0, -0.0014462568687785594, 0, 0, 0, 0.005005857515694161, 0, 0, 0, 0, -0.005289877757619878, 0.05473473465882271, 0, 0, 0, 0, 0, 0, 0, 0, 0, 0, 0]
Start Date: 2023-12-26
End Date: 2025-06-01
Sharpe Ratio: 0.056
Annualized Sharpe: 0.885
Sharpe 95% CI: (np.float64(-0.7), np.float64(1.807))
Sortino Ratio: 0.104
CAGR: 0.048
Calmar Ratio: 2.072
Daily Win Rate (%): 0.481
Max Drawdown: 0.023
Profit Factor: 1.696
Expectancy: 0.001123
Average Win: 0.005697
Average Loss: 0.003108
Total Trades: 77
Total Days: 449

Rolling 8 - Variant 0 - atr_0.5_13 - Test Metrics
Contracts: [5, 4, 4, 3, 3, 3, 3, 3, 3, 3, 4, 4, 5, 5, 7, 8, 5, 5, 5, 5, 5, 5, 5, 6, 6, 6, 6, 7, 4, 5, 4, 5, 7, 6, 5, 6, 6, 5, 3, 4, 4, 2, 5, 2, 3, 3, 3, 6, 4, 5, 5, 4, 4, 9, 7, 6, 6, 6, 6, 4, 5, 2, 3, 7, 6, 7, 7, 7, 5, 8, 5, 1, 1, 4, 4, 5, 3, 5, 5, 6, 6, 6, 7, 6, 6, 7, 7, 7, 6, 4, 7, 8, 7, 6, 7, 5, 7, 7, 7, 7, 7, 6]
Trade Returns: [0.0013278233693140844, 0.0217549257623815, 0.009695806213296958, -0.004069664973643313, 0.007389651270666045, 0.00955169323857933, 0.0006749298705681666, 0.0008325546429850739, 0.0020147207997107453, -0.00044136655492393433, 0.0037287410943014666, -0.003938341218162459, -0.00042763953492450975, 0.008640611575754437, -0.0018913252836118763, -0.003608687322569973, 0.0004090208320952082, -0.004354116142378902, -0.0015442931349150574, 0.00035679133858266686, 0.0035543420777527815, -0.004424128042353982, -0.0038898531457340884, -0.004152197822567691, 0.0027548551219209495]
Daily Returns: [0, 0, 0, 0, 0, 0, 0, 0, 0, 0, 0, 0.0013278233693140844, 0, 0, 0, 0, 0, 0.0217549257623815, 0, 0, 0, 0, 0, 0, 0, 0, 0.009695806213296958, 0, 0, 0, 0.0033199862970227315, 0, 0, 0.00955169323857933, 0, 0, 0.0006749298705681666, 0.0008325546429850739, 0, 0, 0, 0, 0.0020147207997107453, 0, 0, 0.0032873745393775322, 0, 0, -0.003938341218162459, 0, 0, 0, 0, 0, 0, -0.00042763953492450975, 0, 0, 0, 0, 0, 0, 0, 0, 0.008640611575754437, 0, -0.0018913252836118763, 0, 0, 0, 0, 0, 0, 0, 0, 0, 0, 0, 0, 0, 0, 0, 0, 0, 0, 0, 0, 0, 0, 0, 0, 0, 0, 0, 0, 0, 0, 0, -0.003608687322569973, 0, 0, 0, 0, 0.0004090208320952082, 0, 0, 0, 0, 0, -0.004354116142378902, 0, 0, 0, 0, 0, 0, 0, 0, 0, 0, 0, 0, 0, -0.0015442931349150574, 0, 0, 0, 0, 0, 0, 0, 0, 0, 0.0039111334163354486, 0, 0, 0, 0, -0.004424128042353982, -0.0038898531457340884, -0.004152197822567691, 0, 0, 0, 0, 0, 0.0027548551219209495]
Start Date: 2025-06-02
End Date: 2025-11-19
Sharpe Ratio: 0.111
Annualized Sharpe: 1.757
Sharpe 95% CI: (np.float64(-0.813), np.float64(3.444))
Sortino Ratio: 0.186
CAGR: 0.07
Calmar Ratio: 3.61
Daily Win Rate (%): 0.56
Max Drawdown: 0.019
Profit Factor: 2.22
Expectancy: 0.001598
Average Win: 0.005192
Average Loss: 0.002977
Total Trades: 25
Total Days: 147



Rolling 8 - Variant 1 - atr_0.5_11 - Fit Metrics
Contracts: [5, 4, 4, 3, 3, 3, 3, 3, 3, 3, 4, 4, 5, 5, 7, 8, 5, 5, 5, 5, 5, 5, 5, 6, 6, 6, 6, 7, 4, 5, 4, 5, 7, 6, 5, 6, 6, 5, 3, 4, 4, 2, 5, 2, 3, 3, 3, 6, 4, 5, 5, 4, 4, 9, 7, 6, 6, 6, 6, 4, 5, 2, 3, 7, 6, 7, 7, 7, 5, 8, 5, 1, 1, 4, 4, 5, 3, 5, 5, 6, 6, 6, 7, 6, 6, 7, 7, 7, 6, 4, 7, 8, 7, 6, 7, 5, 7, 7, 7, 7, 7, 6]
Trade Returns: [-0.00431, -0.00418604184033183, 0.001140622453967754, 0.0049672067901234615, -0.0034850520658380926, -0.000999211465650608, 0.0027656433585394446, 0.0028481469018891478, 0.0026948469121209524, 0.010593207673499675, 0.0022708480628887144, 0.009778402126458112, 0.0047768398447815535, -0.0045430912589619595, -0.003493437949380957, 0.0017382758634083978, 0.00023266049211575351, 0.003527863336001847, -0.0013134690455908976, 0.008113602033139102, 0.009773074355176619, -0.004201494421456148, -0.004286349421076833, 0.0014769132132212428, -0.0035553692553921207, -0.0008834091178528918, -0.004204420647995608, 0.003705178062896145, 0.002902863226505674, 0.0003873831410093603, 0.001419218971752942, -0.0037239797628844, -0.0006424216236059553, -0.001905545404976242, 0.0005155042681843915, 0.01075534893508402, -0.004034971026799492, -0.0017379288045821226, -0.0017043230810459132, 0.002200545403995285, -0.0035226160058864776, 0.0003780601057405448, -0.0007597105347819605, -0.00035273163518245455, -0.0038994926591517983, -0.003739731781691457, 0.002187338914052862, 0.012995648560113468, 0.0012160731117895024, -0.004401799332007647, 0.0006127712385348053, 0.0008837106545272732, -0.00412669095798735, 0.006177735271019511, 0.0006285525830794932, -0.0039383342820962, -0.003794904428940609, -0.0040524317518568775, 0.004955526824101222, 0.00018696248286174586, -0.00034702403188830914, -0.004793629234498956, -0.003763976325937822, 0.03109614185970716, -0.0007095856097589845, -0.005245372471881779, 0.00043997079185492465, -0.0021552603561929575, -0.004375414302910122, -0.0049350910064239846, 0.0007044707522203037, -0.0019274604767076649, -0.0035153561089684973, -0.0014462568687785594, 0.005005857515694161, -0.005289877757619878, 0.04629796398920854]
Daily Returns: [-0.00849604184033183, 0, 0, 0, 0, 0, 0, 0, 0.001140622453967754, 0, 0, 0, 0, 0.001482154724285369, -0.000999211465650608, 0, 0, 0.005613790260428592, 0, 0, 0, 0, 0, 0.0026948469121209524, 0, 0, 0, 0, 0, 0, 0, 0, 0.010593207673499675, 0.0022708480628887144, 0, 0, 0, 0, 0, 0, 0, 0, 0, 0, 0.009778402126458112, 0, 0, 0, 0, 0, 0, 0, 0, 0, 0, 0, 0, 0, 0, 0, 0, 0, 0, 0, 0, 0, 0, 0, 0, 0, 0, 0, 0, 0, 0, 0, 0, 0, 0, 0.0047768398447815535, -0.0045430912589619595, 0, 0, 0, 0, 0, 0, 0, 0, 0, 0, -0.003493437949380957, 0.0019709363555241513, 0, 0, 0.0022143942904109494, 0, 0, 0, 0, 0, 0, 0, 0, 0.008113602033139102, 0, 0, 0, 0.009773074355176619, -0.004201494421456148, 0, 0, 0, 0, 0, 0, 0, -0.004286349421076833, 0, 0.0014769132132212428, -0.0035553692553921207, -0.0008834091178528918, -0.004204420647995608, 0, 0, 0, 0, 0, 0, 0, 0, 0, 0, 0, 0, 0, 0, 0, 0, 0, 0, 0, 0, 0, 0, 0, 0, 0, 0, 0.006608041289401819, 0, 0, 0, 0, 0, 0, 0, 0.0003873831410093603, 0.001419218971752942, 0, 0, 0, 0, 0, 0, 0, 0, 0, 0, 0, 0, -0.0037239797628844, 0, 0, 0, -0.0006424216236059553, -0.001905545404976242, 0.0005155042681843915, 0, 0, 0, 0, 0.01075534893508402, -0.004034971026799492, 0, 0, 0, -0.0017379288045821226, -0.0017043230810459132, 0.002200545403995285, 0, 0, 0, 0, 0, 0, 0, -0.0035226160058864776, 0, 0, 0, 0.0003780601057405448, 0, 0, 0, 0, 0, 0, 0, 0, 0, 0, 0, 0, 0, 0, 0, 0, 0, 0, 0, 0, 0, 0, 0, 0, 0, 0, 0, 0, 0, 0, 0, 0, 0, 0, 0, 0, 0, 0, -0.0007597105347819605, 0, 0, -0.00035273163518245455, 0, 0, 0, -0.0038994926591517983, 0, 0, -0.003739731781691457, 0, 0, 0, 0, 0, 0, 0, 0, 0, 0.002187338914052862, 0.012995648560113468, 0, 0.0012160731117895024, 0, 0, 0, -0.004401799332007647, 0, 0.0006127712385348053, 0, 0, 0, 0, 0, 0, 0.0008837106545272732, 0, 0, 0, 0, 0, 0, 0, 0, 0, 0, 0, 0, 0, 0, 0, 0, 0, 0, 0, 0, 0, 0, 0, 0, 0, 0, 0, 0, 0, 0, 0, -0.00412669095798735, 0.0068062878540990045, 0, 0, 0, 0, 0, 0, 0, 0, -0.0039383342820962, 0, 0, 0, 0, 0, 0, 0, -0.003794904428940609, -0.0040524317518568775, 0, 0, 0, 0, 0, 0, 0, 0.004955526824101222, 0, 0, 0, 0, 0, 0.00018696248286174586, 0, 0, 0, 0, 0, 0, -0.00034702403188830914, 0, 0, 0, 0, 0, 0, -0.004793629234498956, 0, 0, 0, 0, -0.003763976325937822, 0.03109614185970716, 0, 0, 0, 0, 0, 0, 0, 0, 0, 0, 0, 0, 0, 0, 0, 0, 0, 0, 0, 0, 0, 0, 0, 0, 0, 0, 0, -0.0007095856097589845, 0, 0, 0, 0, 0, -0.006960662036219811, 0, -0.004375414302910122, -0.0049350910064239846, 0, 0, 0, 0, 0, 0, 0, 0, 0.0007044707522203037, 0, 0, 0, 0, 0, 0, 0, 0, -0.0019274604767076649, 0, 0, -0.0035153561089684973, 0, 0, 0, 0, 0, 0, 0, -0.0014462568687785594, 0, 0, 0, 0.005005857515694161, 0, 0, 0, 0, -0.005289877757619878, 0.04629796398920854, 0, 0, 0, 0, 0, 0, 0, 0, 0, 0, 0]
Start Date: 2023-12-26
End Date: 2025-06-01
Sharpe Ratio: 0.055
Annualized Sharpe: 0.871
Sharpe 95% CI: (np.float64(-0.702), np.float64(1.838))
Sortino Ratio: 0.094
CAGR: 0.043
Calmar Ratio: 1.87
Daily Win Rate (%): 0.481
Max Drawdown: 0.023
Profit Factor: 1.628
Expectancy: 0.001014
Average Win: 0.005469
Average Loss: 0.003108
Total Trades: 77
Total Days: 449

Rolling 8 - Variant 1 - atr_0.5_11 - Test Metrics
Contracts: [5, 4, 4, 3, 3, 3, 3, 3, 3, 3, 4, 4, 5, 5, 7, 8, 5, 5, 5, 5, 5, 5, 5, 6, 6, 6, 6, 7, 4, 5, 4, 5, 7, 6, 5, 6, 6, 5, 3, 4, 4, 2, 5, 2, 3, 3, 3, 6, 4, 5, 5, 4, 4, 9, 7, 6, 6, 6, 6, 4, 5, 2, 3, 7, 6, 7, 7, 7, 5, 8, 5, 1, 1, 4, 4, 5, 3, 5, 5, 6, 6, 6, 7, 6, 6, 7, 7, 7, 6, 4, 7, 8, 7, 6, 7, 5, 7, 7, 7, 7, 7, 6]
Trade Returns: [0.0013278233693140844, 0.0217549257623815, 0.009773987855901636, -0.00410216287704099, 0.007448903656161158, 0.009627715228530733, 0.0006802504171848567, 0.0008391133015390437, 0.002030578962635898, -0.00044483357575593463, 0.0037580441216985296, -0.003969175551567616, -0.00043100098211702243, 0.008708560118753142, -0.0019060699920113256, -0.003636874254019521, 0.0004122272957889474, -0.004388235584153049, -0.0015564477617219907, 0.0003596039042709503, 0.0035823506807883057, -0.004458866209310863, -0.003920532993979183, -0.004185075721044776, 0.00277676026766968]
Daily Returns: [0, 0, 0, 0, 0, 0, 0, 0, 0, 0, 0, 0.0013278233693140844, 0, 0, 0, 0, 0, 0.0217549257623815, 0, 0, 0, 0, 0, 0, 0, 0, 0.009773987855901636, 0, 0, 0, 0.0033467407791201685, 0, 0, 0.009627715228530733, 0, 0, 0.0006802504171848567, 0.0008391133015390437, 0, 0, 0, 0, 0.002030578962635898, 0, 0, 0.003313210545942595, 0, 0, -0.003969175551567616, 0, 0, 0, 0, 0, 0, -0.00043100098211702243, 0, 0, 0, 0, 0, 0, 0, 0, 0.008708560118753142, 0, -0.0019060699920113256, 0, 0, 0, 0, 0, 0, 0, 0, 0, 0, 0, 0, 0, 0, 0, 0, 0, 0, 0, 0, 0, 0, 0, 0, 0, 0, 0, 0, 0, 0, 0, -0.003636874254019521, 0, 0, 0, 0, 0.0004122272957889474, 0, 0, 0, 0, 0, -0.004388235584153049, 0, 0, 0, 0, 0, 0, 0, 0, 0, 0, 0, 0, 0, -0.0015564477617219907, 0, 0, 0, 0, 0, 0, 0, 0, 0, 0.003941954585059256, 0, 0, 0, 0, -0.004458866209310863, -0.003920532993979183, -0.004185075721044776, 0, 0, 0, 0, 0, 0.00277676026766968]
Start Date: 2025-06-02
End Date: 2025-11-19
Sharpe Ratio: 0.111
Annualized Sharpe: 1.757
Sharpe 95% CI: (np.float64(-0.813), np.float64(3.445))
Sortino Ratio: 0.185
CAGR: 0.07
Calmar Ratio: 3.595
Daily Win Rate (%): 0.56
Max Drawdown: 0.02
Profit Factor: 2.215
Expectancy: 0.001603
Average Win: 0.00522
Average Loss: 0.003
Total Trades: 25
Total Days: 147



Rolling 8 - Variant 2 - atr_0.5_12 - Fit Metrics
Contracts: [5, 4, 4, 3, 3, 3, 3, 3, 3, 3, 4, 4, 5, 5, 7, 8, 5, 5, 5, 5, 5, 5, 5, 6, 6, 6, 6, 7, 4, 5, 4, 5, 7, 6, 5, 6, 6, 5, 3, 4, 4, 2, 5, 2, 3, 3, 3, 6, 4, 5, 5, 4, 4, 9, 7, 6, 6, 6, 6, 4, 5, 2, 3, 7, 6, 7, 7, 7, 5, 8, 5, 1, 1, 4, 4, 5, 3, 5, 5, 6, 6, 6, 7, 6, 6, 7, 7, 7, 6, 4, 7, 8, 7, 6, 7, 5, 7, 7, 7, 7, 7, 6]
Trade Returns: [-0.00431, -0.00418604184033183, 0.001140622453967754, 0.0049672067901234615, -0.0034850520658380926, -0.000999211465650608, 0.0027656433585394446, 0.0028481469018891478, 0.0026948469121209524, 0.010593207673499675, 0.0022708480628887144, 0.009778402126458112, 0.0047768398447815535, -0.0045430912589619595, -0.003493437949380957, 0.0017382758634083978, 0.00023266049211575351, 0.003527863336001847, -0.0013134690455908976, 0.008113602033139102, 0.009773074355176619, -0.004201494421456148, -0.004286349421076833, 0.0014769132132212428, -0.0035553692553921207, -0.0008834091178528918, -0.004204420647995608, 0.003705178062896145, 0.002902863226505674, 0.0003873831410093603, 0.001419218971752942, -0.0037239797628844, -0.0006424216236059553, -0.001905545404976242, 0.0005155042681843915, 0.01075534893508402, -0.004034971026799492, -0.0017379288045821226, -0.0017043230810459132, 0.002200545403995285, -0.0035226160058864776, 0.0003780601057405448, -0.0007597105347819605, -0.00035273163518245455, -0.0038994926591517983, -0.003739731781691457, 0.002187338914052862, 0.012995648560113468, 0.0012160731117895024, -0.004401799332007647, 0.0006127712385348053, 0.0008837106545272732, -0.00412669095798735, 0.006177735271019511, 0.0006285525830794932, -0.0039383342820962, -0.003794904428940609, -0.0040524317518568775, 0.004955526824101222, 0.00018696248286174586, -0.00034702403188830914, -0.004793629234498956, -0.003763976325937822, 0.03109614185970716, -0.0007095856097589845, -0.005245372471881779, 0.00043997079185492465, -0.0021552603561929575, -0.004375414302910122, -0.0049350910064239846, 0.0007044707522203037, -0.0019274604767076649, -0.0035153561089684973, -0.0014462568687785594, 0.005005857515694161, -0.005289877757619878, 0.05051634932401562]
Daily Returns: [-0.00849604184033183, 0, 0, 0, 0, 0, 0, 0, 0.001140622453967754, 0, 0, 0, 0, 0.001482154724285369, -0.000999211465650608, 0, 0, 0.005613790260428592, 0, 0, 0, 0, 0, 0.0026948469121209524, 0, 0, 0, 0, 0, 0, 0, 0, 0.010593207673499675, 0.0022708480628887144, 0, 0, 0, 0, 0, 0, 0, 0, 0, 0, 0.009778402126458112, 0, 0, 0, 0, 0, 0, 0, 0, 0, 0, 0, 0, 0, 0, 0, 0, 0, 0, 0, 0, 0, 0, 0, 0, 0, 0, 0, 0, 0, 0, 0, 0, 0, 0, 0.0047768398447815535, -0.0045430912589619595, 0, 0, 0, 0, 0, 0, 0, 0, 0, 0, -0.003493437949380957, 0.0019709363555241513, 0, 0, 0.0022143942904109494, 0, 0, 0, 0, 0, 0, 0, 0, 0.008113602033139102, 0, 0, 0, 0.009773074355176619, -0.004201494421456148, 0, 0, 0, 0, 0, 0, 0, -0.004286349421076833, 0, 0.0014769132132212428, -0.0035553692553921207, -0.0008834091178528918, -0.004204420647995608, 0, 0, 0, 0, 0, 0, 0, 0, 0, 0, 0, 0, 0, 0, 0, 0, 0, 0, 0, 0, 0, 0, 0, 0, 0, 0, 0.006608041289401819, 0, 0, 0, 0, 0, 0, 0, 0.0003873831410093603, 0.001419218971752942, 0, 0, 0, 0, 0, 0, 0, 0, 0, 0, 0, 0, -0.0037239797628844, 0, 0, 0, -0.0006424216236059553, -0.001905545404976242, 0.0005155042681843915, 0, 0, 0, 0, 0.01075534893508402, -0.004034971026799492, 0, 0, 0, -0.0017379288045821226, -0.0017043230810459132, 0.002200545403995285, 0, 0, 0, 0, 0, 0, 0, -0.0035226160058864776, 0, 0, 0, 0.0003780601057405448, 0, 0, 0, 0, 0, 0, 0, 0, 0, 0, 0, 0, 0, 0, 0, 0, 0, 0, 0, 0, 0, 0, 0, 0, 0, 0, 0, 0, 0, 0, 0, 0, 0, 0, 0, 0, 0, 0, -0.0007597105347819605, 0, 0, -0.00035273163518245455, 0, 0, 0, -0.0038994926591517983, 0, 0, -0.003739731781691457, 0, 0, 0, 0, 0, 0, 0, 0, 0, 0.002187338914052862, 0.012995648560113468, 0, 0.0012160731117895024, 0, 0, 0, -0.004401799332007647, 0, 0.0006127712385348053, 0, 0, 0, 0, 0, 0, 0.0008837106545272732, 0, 0, 0, 0, 0, 0, 0, 0, 0, 0, 0, 0, 0, 0, 0, 0, 0, 0, 0, 0, 0, 0, 0, 0, 0, 0, 0, 0, 0, 0, 0, -0.00412669095798735, 0.0068062878540990045, 0, 0, 0, 0, 0, 0, 0, 0, -0.0039383342820962, 0, 0, 0, 0, 0, 0, 0, -0.003794904428940609, -0.0040524317518568775, 0, 0, 0, 0, 0, 0, 0, 0.004955526824101222, 0, 0, 0, 0, 0, 0.00018696248286174586, 0, 0, 0, 0, 0, 0, -0.00034702403188830914, 0, 0, 0, 0, 0, 0, -0.004793629234498956, 0, 0, 0, 0, -0.003763976325937822, 0.03109614185970716, 0, 0, 0, 0, 0, 0, 0, 0, 0, 0, 0, 0, 0, 0, 0, 0, 0, 0, 0, 0, 0, 0, 0, 0, 0, 0, 0, -0.0007095856097589845, 0, 0, 0, 0, 0, -0.006960662036219811, 0, -0.004375414302910122, -0.0049350910064239846, 0, 0, 0, 0, 0, 0, 0, 0, 0.0007044707522203037, 0, 0, 0, 0, 0, 0, 0, 0, -0.0019274604767076649, 0, 0, -0.0035153561089684973, 0, 0, 0, 0, 0, 0, 0, -0.0014462568687785594, 0, 0, 0, 0.005005857515694161, 0, 0, 0, 0, -0.005289877757619878, 0.05051634932401562, 0, 0, 0, 0, 0, 0, 0, 0, 0, 0, 0]
Start Date: 2023-12-26
End Date: 2025-06-01
Sharpe Ratio: 0.055
Annualized Sharpe: 0.879
Sharpe 95% CI: (np.float64(-0.7), np.float64(1.824))
Sortino Ratio: 0.099
CAGR: 0.046
Calmar Ratio: 1.971
Daily Win Rate (%): 0.481
Max Drawdown: 0.023
Profit Factor: 1.662
Expectancy: 0.001068
Average Win: 0.005583
Average Loss: 0.003108
Total Trades: 77
Total Days: 449

Rolling 8 - Variant 2 - atr_0.5_12 - Test Metrics
Contracts: [5, 4, 4, 3, 3, 3, 3, 3, 3, 3, 4, 4, 5, 5, 7, 8, 5, 5, 5, 5, 5, 5, 5, 6, 6, 6, 6, 7, 4, 5, 4, 5, 7, 6, 5, 6, 6, 5, 3, 4, 4, 2, 5, 2, 3, 3, 3, 6, 4, 5, 5, 4, 4, 9, 7, 6, 6, 6, 6, 4, 5, 2, 3, 7, 6, 7, 7, 7, 5, 8, 5, 1, 1, 4, 4, 5, 3, 5, 5, 6, 6, 6, 7, 6, 6, 7, 7, 7, 6, 4, 7, 8, 7, 6, 7, 5, 7, 7, 7, 7, 7, 6]
Trade Returns: [0.0013278233693140844, 0.0217549257623815, 0.009734740064032, -0.004085849306156301, 0.007419159161961601, 0.009589553568247337, 0.0006775796994299107, 0.0008358211060698917, 0.0020226187980217462, -0.00044309328344438215, 0.003743335262464507, -0.003953698267628222, -0.0004293136787431969, 0.008674452786016718, -0.00189866901208133, -0.003622725961412376, 0.0004106178043178119, -0.004371109282994248, -0.0015503466257938854, 0.00035819210036435747, 0.0035682914181092225, -0.004441429201650028, -0.0039051328133551323, -0.004168571945085447, 0.0027657643227080963]
Daily Returns: [0, 0, 0, 0, 0, 0, 0, 0, 0, 0, 0, 0.0013278233693140844, 0, 0, 0, 0, 0, 0.0217549257623815, 0, 0, 0, 0, 0, 0, 0, 0, 0.009734740064032, 0, 0, 0, 0.0033333098558053003, 0, 0, 0.009589553568247337, 0, 0, 0.0006775796994299107, 0.0008358211060698917, 0, 0, 0, 0, 0.0020226187980217462, 0, 0, 0.003300241979020125, 0, 0, -0.003953698267628222, 0, 0, 0, 0, 0, 0, -0.0004293136787431969, 0, 0, 0, 0, 0, 0, 0, 0, 0.008674452786016718, 0, -0.00189866901208133, 0, 0, 0, 0, 0, 0, 0, 0, 0, 0, 0, 0, 0, 0, 0, 0, 0, 0, 0, 0, 0, 0, 0, 0, 0, 0, 0, 0, 0, 0, 0, -0.003622725961412376, 0, 0, 0, 0, 0.0004106178043178119, 0, 0, 0, 0, 0, -0.004371109282994248, 0, 0, 0, 0, 0, 0, 0, 0, 0, 0, 0, 0, 0, -0.0015503466257938854, 0, 0, 0, 0, 0, 0, 0, 0, 0, 0.00392648351847358, 0, 0, 0, 0, -0.004441429201650028, -0.0039051328133551323, -0.004168571945085447, 0, 0, 0, 0, 0, 0.0027657643227080963]
Start Date: 2025-06-02
End Date: 2025-11-19
Sharpe Ratio: 0.111
Annualized Sharpe: 1.757
Sharpe 95% CI: (np.float64(-0.813), np.float64(3.445))
Sortino Ratio: 0.186
CAGR: 0.07
Calmar Ratio: 3.603
Daily Win Rate (%): 0.56
Max Drawdown: 0.019
Profit Factor: 2.217
Expectancy: 0.001601
Average Win: 0.005206
Average Loss: 0.002988
Total Trades: 25
Total Days: 147



Rolling 8 - Variant 3 - atr_0.5_14 - Fit Metrics
Contracts: [5, 4, 4, 3, 3, 3, 3, 3, 3, 3, 4, 4, 5, 5, 7, 8, 5, 5, 5, 5, 5, 5, 5, 6, 6, 6, 6, 7, 4, 5, 4, 5, 7, 6, 5, 6, 6, 5, 3, 4, 4, 2, 5, 2, 3, 3, 3, 6, 4, 5, 5, 4, 4, 9, 7, 6, 6, 6, 6, 4, 5, 2, 3, 7, 6, 7, 7, 7, 5, 8, 5, 1, 1, 4, 4, 5, 3, 5, 5, 6, 6, 6, 7, 6, 6, 7, 7, 7, 6, 4, 7, 8, 7, 6, 7, 5, 7, 7, 7, 7, 7, 5]
Trade Returns: [-0.00431, -0.00418604184033183, 0.001140622453967754, 0.0049672067901234615, -0.0034850520658380926, -0.000999211465650608, 0.0027656433585394446, 0.0028481469018891478, 0.0026948469121209524, 0.010593207673499675, 0.0022708480628887144, 0.009778402126458112, 0.0047768398447815535, -0.0045430912589619595, -0.003493437949380957, 0.0017382758634083978, 0.00023266049211575351, 0.003527863336001847, -0.0013134690455908976, 0.008113602033139102, 0.009773074355176619, -0.004201494421456148, -0.004286349421076833, 0.0014769132132212428, -0.0035553692553921207, -0.0008834091178528918, -0.004204420647995608, 0.003705178062896145, 0.002902863226505674, 0.0003873831410093603, 0.001419218971752942, -0.0037239797628844, -0.0006424216236059553, -0.001905545404976242, 0.0005155042681843915, 0.01075534893508402, -0.004034971026799492, -0.0017379288045821226, -0.0017043230810459132, 0.002200545403995285, -0.0035226160058864776, 0.0003780601057405448, -0.0007597105347819605, -0.00035273163518245455, -0.0038994926591517983, -0.003739731781691457, 0.002187338914052862, 0.012995648560113468, 0.0012160731117895024, -0.004401799332007647, 0.0006127712385348053, 0.0008837106545272732, -0.00412669095798735, 0.006177735271019511, 0.0006285525830794932, -0.0039383342820962, -0.003794904428940609, -0.0040524317518568775, 0.004955526824101222, 0.00018696248286174586, -0.00034702403188830914, -0.004793629234498956, -0.003763976325937822, 0.03109614185970716, -0.0007095856097589845, -0.005245372471881779, 0.00043997079185492465, -0.0021552603561929575, -0.004375414302910122, -0.0049350910064239846, 0.0007044707522203037, -0.0019274604767076649, -0.0035153561089684973, -0.0014462568687785594, 0.005005857515694161, -0.005289877757619878, 0.0443546628799154]
Daily Returns: [-0.00849604184033183, 0, 0, 0, 0, 0, 0, 0, 0.001140622453967754, 0, 0, 0, 0, 0.001482154724285369, -0.000999211465650608, 0, 0, 0.005613790260428592, 0, 0, 0, 0, 0, 0.0026948469121209524, 0, 0, 0, 0, 0, 0, 0, 0, 0.010593207673499675, 0.0022708480628887144, 0, 0, 0, 0, 0, 0, 0, 0, 0, 0, 0.009778402126458112, 0, 0, 0, 0, 0, 0, 0, 0, 0, 0, 0, 0, 0, 0, 0, 0, 0, 0, 0, 0, 0, 0, 0, 0, 0, 0, 0, 0, 0, 0, 0, 0, 0, 0, 0.0047768398447815535, -0.0045430912589619595, 0, 0, 0, 0, 0, 0, 0, 0, 0, 0, -0.003493437949380957, 0.0019709363555241513, 0, 0, 0.0022143942904109494, 0, 0, 0, 0, 0, 0, 0, 0, 0.008113602033139102, 0, 0, 0, 0.009773074355176619, -0.004201494421456148, 0, 0, 0, 0, 0, 0, 0, -0.004286349421076833, 0, 0.0014769132132212428, -0.0035553692553921207, -0.0008834091178528918, -0.004204420647995608, 0, 0, 0, 0, 0, 0, 0, 0, 0, 0, 0, 0, 0, 0, 0, 0, 0, 0, 0, 0, 0, 0, 0, 0, 0, 0, 0.006608041289401819, 0, 0, 0, 0, 0, 0, 0, 0.0003873831410093603, 0.001419218971752942, 0, 0, 0, 0, 0, 0, 0, 0, 0, 0, 0, 0, -0.0037239797628844, 0, 0, 0, -0.0006424216236059553, -0.001905545404976242, 0.0005155042681843915, 0, 0, 0, 0, 0.01075534893508402, -0.004034971026799492, 0, 0, 0, -0.0017379288045821226, -0.0017043230810459132, 0.002200545403995285, 0, 0, 0, 0, 0, 0, 0, -0.0035226160058864776, 0, 0, 0, 0.0003780601057405448, 0, 0, 0, 0, 0, 0, 0, 0, 0, 0, 0, 0, 0, 0, 0, 0, 0, 0, 0, 0, 0, 0, 0, 0, 0, 0, 0, 0, 0, 0, 0, 0, 0, 0, 0, 0, 0, 0, -0.0007597105347819605, 0, 0, -0.00035273163518245455, 0, 0, 0, -0.0038994926591517983, 0, 0, -0.003739731781691457, 0, 0, 0, 0, 0, 0, 0, 0, 0, 0.002187338914052862, 0.012995648560113468, 0, 0.0012160731117895024, 0, 0, 0, -0.004401799332007647, 0, 0.0006127712385348053, 0, 0, 0, 0, 0, 0, 0.0008837106545272732, 0, 0, 0, 0, 0, 0, 0, 0, 0, 0, 0, 0, 0, 0, 0, 0, 0, 0, 0, 0, 0, 0, 0, 0, 0, 0, 0, 0, 0, 0, 0, -0.00412669095798735, 0.0068062878540990045, 0, 0, 0, 0, 0, 0, 0, 0, -0.0039383342820962, 0, 0, 0, 0, 0, 0, 0, -0.003794904428940609, -0.0040524317518568775, 0, 0, 0, 0, 0, 0, 0, 0.004955526824101222, 0, 0, 0, 0, 0, 0.00018696248286174586, 0, 0, 0, 0, 0, 0, -0.00034702403188830914, 0, 0, 0, 0, 0, 0, -0.004793629234498956, 0, 0, 0, 0, -0.003763976325937822, 0.03109614185970716, 0, 0, 0, 0, 0, 0, 0, 0, 0, 0, 0, 0, 0, 0, 0, 0, 0, 0, 0, 0, 0, 0, 0, 0, 0, 0, 0, -0.0007095856097589845, 0, 0, 0, 0, 0, -0.006960662036219811, 0, -0.004375414302910122, -0.0049350910064239846, 0, 0, 0, 0, 0, 0, 0, 0, 0.0007044707522203037, 0, 0, 0, 0, 0, 0, 0, 0, -0.0019274604767076649, 0, 0, -0.0035153561089684973, 0, 0, 0, 0, 0, 0, 0, -0.0014462568687785594, 0, 0, 0, 0.005005857515694161, 0, 0, 0, 0, -0.005289877757619878, 0.0443546628799154, 0, 0, 0, 0, 0, 0, 0, 0, 0, 0, 0]
Start Date: 2023-12-26
End Date: 2025-06-01
Sharpe Ratio: 0.055
Annualized Sharpe: 0.866
Sharpe 95% CI: (np.float64(-0.702), np.float64(1.842))
Sortino Ratio: 0.091
CAGR: 0.042
Calmar Ratio: 1.823
Daily Win Rate (%): 0.481
Max Drawdown: 0.023
Profit Factor: 1.612
Expectancy: 0.000988
Average Win: 0.005416
Average Loss: 0.003108
Total Trades: 77
Total Days: 449

Rolling 8 - Variant 3 - atr_0.5_14 - Test Metrics
Contracts: [5, 4, 4, 3, 3, 3, 3, 3, 3, 3, 4, 4, 5, 5, 7, 8, 5, 5, 5, 5, 5, 5, 5, 6, 6, 6, 6, 7, 4, 5, 4, 5, 7, 6, 5, 6, 6, 5, 3, 4, 4, 2, 5, 2, 3, 3, 3, 6, 4, 5, 5, 4, 4, 9, 7, 6, 6, 6, 6, 4, 5, 2, 3, 7, 6, 7, 7, 7, 5, 8, 5, 1, 1, 4, 4, 5, 3, 5, 5, 6, 6, 6, 7, 6, 6, 7, 7, 7, 6, 4, 7, 8, 7, 6, 7, 5, 7, 7, 7, 7, 7, 5]
Trade Returns: [0.0013278233693140844, 0.0217549257623815, 0.009792174973858493, -0.0041097220274628685, 0.007462686567164136, 0.00964539769571209, 0.0006814878441380816, 0.0008406386725711982, 0.0020342671233725966, -0.0004456398911366116, 0.0037648590743188767, -0.003976346379251089, -0.0004317827495713445, 0.008724362889591183, -0.0019094988793979476, -0.00364342925469716, 0.0004129729996841011, -0.004396170462744575, -0.00155927458293834, 0.00036025803703735524, 0.0035888647620669705, -0.004466945136297511, -0.0039276683996704465, -0.004192722631432586, 0.002318212738534242]
Daily Returns: [0, 0, 0, 0, 0, 0, 0, 0, 0, 0, 0, 0.0013278233693140844, 0, 0, 0, 0, 0, 0.0217549257623815, 0, 0, 0, 0, 0, 0, 0, 0, 0.009792174973858493, 0, 0, 0, 0.003352964539701267, 0, 0, 0.00964539769571209, 0, 0, 0.0006814878441380816, 0.0008406386725711982, 0, 0, 0, 0, 0.0020342671233725966, 0, 0, 0.0033192191831822654, 0, 0, -0.003976346379251089, 0, 0, 0, 0, 0, 0, -0.0004317827495713445, 0, 0, 0, 0, 0, 0, 0, 0, 0.008724362889591183, 0, -0.0019094988793979476, 0, 0, 0, 0, 0, 0, 0, 0, 0, 0, 0, 0, 0, 0, 0, 0, 0, 0, 0, 0, 0, 0, 0, 0, 0, 0, 0, 0, 0, 0, 0, -0.00364342925469716, 0, 0, 0, 0, 0.0004129729996841011, 0, 0, 0, 0, 0, -0.004396170462744575, 0, 0, 0, 0, 0, 0, 0, 0, 0, 0, 0, 0, 0, -0.00155927458293834, 0, 0, 0, 0, 0, 0, 0, 0, 0, 0.0039491227991043255, 0, 0, 0, 0, -0.004466945136297511, -0.0039276683996704465, -0.004192722631432586, 0, 0, 0, 0, 0, 0.002318212738534242]
Start Date: 2025-06-02
End Date: 2025-11-19
Sharpe Ratio: 0.11
Annualized Sharpe: 1.738
Sharpe 95% CI: (np.float64(-0.855), np.float64(3.426))
Sortino Ratio: 0.183
CAGR: 0.07
Calmar Ratio: 3.548
Daily Win Rate (%): 0.56
Max Drawdown: 0.02
Profit Factor: 2.199
Expectancy: 0.001586
Average Win: 0.005193
Average Loss: 0.003005
Total Trades: 25
Total Days: 147



Rolling 8 - Variant 4 - atr_0.5_15 - Fit Metrics
Contracts: [5, 4, 4, 3, 3, 3, 3, 3, 3, 3, 4, 4, 5, 5, 7, 8, 5, 5, 5, 5, 5, 5, 5, 6, 6, 6, 6, 7, 4, 5, 4, 5, 7, 6, 5, 6, 6, 5, 3, 4, 4, 2, 5, 2, 3, 3, 3, 6, 4, 5, 5, 4, 4, 9, 7, 6, 6, 6, 6, 4, 5, 2, 3, 7, 6, 7, 7, 7, 5, 8, 5, 1, 1, 4, 4, 5, 3, 5, 5, 6, 6, 6, 7, 6, 6, 7, 7, 7, 6, 4, 7, 8, 7, 6, 7, 5, 7, 7, 7, 7, 7, 5]
Trade Returns: [-0.00431, -0.00418604184033183, 0.001140622453967754, 0.0049672067901234615, -0.0034850520658380926, -0.000999211465650608, 0.0027656433585394446, 0.0028481469018891478, 0.0026948469121209524, 0.010593207673499675, 0.0022708480628887144, 0.009778402126458112, 0.0047768398447815535, -0.0045430912589619595, -0.003493437949380957, 0.0017382758634083978, 0.00023266049211575351, 0.003527863336001847, -0.0013134690455908976, 0.008113602033139102, 0.009773074355176619, -0.004201494421456148, -0.004286349421076833, 0.0014769132132212428, -0.0035553692553921207, -0.0008834091178528918, -0.004204420647995608, 0.003705178062896145, 0.002902863226505674, 0.0003873831410093603, 0.001419218971752942, -0.0037239797628844, -0.0006424216236059553, -0.001905545404976242, 0.0005155042681843915, 0.01075534893508402, -0.004034971026799492, -0.0017379288045821226, -0.0017043230810459132, 0.002200545403995285, -0.0035226160058864776, 0.0003780601057405448, -0.0007597105347819605, -0.00035273163518245455, -0.0038994926591517983, -0.003739731781691457, 0.002187338914052862, 0.012995648560113468, 0.0012160731117895024, -0.004401799332007647, 0.0006127712385348053, 0.0008837106545272732, -0.00412669095798735, 0.006177735271019511, 0.0006285525830794932, -0.0039383342820962, -0.003794904428940609, -0.0040524317518568775, 0.004955526824101222, 0.00018696248286174586, -0.00034702403188830914, -0.004793629234498956, -0.003763976325937822, 0.03109614185970716, -0.0007095856097589845, -0.005245372471881779, 0.00043997079185492465, -0.0021552603561929575, -0.004375414302910122, -0.0049350910064239846, 0.0007044707522203037, -0.0019274604767076649, -0.0035153561089684973, -0.0014462568687785594, 0.005005857515694161, -0.005289877757619878, 0.0443546628799154]
Daily Returns: [-0.00849604184033183, 0, 0, 0, 0, 0, 0, 0, 0.001140622453967754, 0, 0, 0, 0, 0.001482154724285369, -0.000999211465650608, 0, 0, 0.005613790260428592, 0, 0, 0, 0, 0, 0.0026948469121209524, 0, 0, 0, 0, 0, 0, 0, 0, 0.010593207673499675, 0.0022708480628887144, 0, 0, 0, 0, 0, 0, 0, 0, 0, 0, 0.009778402126458112, 0, 0, 0, 0, 0, 0, 0, 0, 0, 0, 0, 0, 0, 0, 0, 0, 0, 0, 0, 0, 0, 0, 0, 0, 0, 0, 0, 0, 0, 0, 0, 0, 0, 0, 0.0047768398447815535, -0.0045430912589619595, 0, 0, 0, 0, 0, 0, 0, 0, 0, 0, -0.003493437949380957, 0.0019709363555241513, 0, 0, 0.0022143942904109494, 0, 0, 0, 0, 0, 0, 0, 0, 0.008113602033139102, 0, 0, 0, 0.009773074355176619, -0.004201494421456148, 0, 0, 0, 0, 0, 0, 0, -0.004286349421076833, 0, 0.0014769132132212428, -0.0035553692553921207, -0.0008834091178528918, -0.004204420647995608, 0, 0, 0, 0, 0, 0, 0, 0, 0, 0, 0, 0, 0, 0, 0, 0, 0, 0, 0, 0, 0, 0, 0, 0, 0, 0, 0.006608041289401819, 0, 0, 0, 0, 0, 0, 0, 0.0003873831410093603, 0.001419218971752942, 0, 0, 0, 0, 0, 0, 0, 0, 0, 0, 0, 0, -0.0037239797628844, 0, 0, 0, -0.0006424216236059553, -0.001905545404976242, 0.0005155042681843915, 0, 0, 0, 0, 0.01075534893508402, -0.004034971026799492, 0, 0, 0, -0.0017379288045821226, -0.0017043230810459132, 0.002200545403995285, 0, 0, 0, 0, 0, 0, 0, -0.0035226160058864776, 0, 0, 0, 0.0003780601057405448, 0, 0, 0, 0, 0, 0, 0, 0, 0, 0, 0, 0, 0, 0, 0, 0, 0, 0, 0, 0, 0, 0, 0, 0, 0, 0, 0, 0, 0, 0, 0, 0, 0, 0, 0, 0, 0, 0, -0.0007597105347819605, 0, 0, -0.00035273163518245455, 0, 0, 0, -0.0038994926591517983, 0, 0, -0.003739731781691457, 0, 0, 0, 0, 0, 0, 0, 0, 0, 0.002187338914052862, 0.012995648560113468, 0, 0.0012160731117895024, 0, 0, 0, -0.004401799332007647, 0, 0.0006127712385348053, 0, 0, 0, 0, 0, 0, 0.0008837106545272732, 0, 0, 0, 0, 0, 0, 0, 0, 0, 0, 0, 0, 0, 0, 0, 0, 0, 0, 0, 0, 0, 0, 0, 0, 0, 0, 0, 0, 0, 0, 0, -0.00412669095798735, 0.0068062878540990045, 0, 0, 0, 0, 0, 0, 0, 0, -0.0039383342820962, 0, 0, 0, 0, 0, 0, 0, -0.003794904428940609, -0.0040524317518568775, 0, 0, 0, 0, 0, 0, 0, 0.004955526824101222, 0, 0, 0, 0, 0, 0.00018696248286174586, 0, 0, 0, 0, 0, 0, -0.00034702403188830914, 0, 0, 0, 0, 0, 0, -0.004793629234498956, 0, 0, 0, 0, -0.003763976325937822, 0.03109614185970716, 0, 0, 0, 0, 0, 0, 0, 0, 0, 0, 0, 0, 0, 0, 0, 0, 0, 0, 0, 0, 0, 0, 0, 0, 0, 0, 0, -0.0007095856097589845, 0, 0, 0, 0, 0, -0.006960662036219811, 0, -0.004375414302910122, -0.0049350910064239846, 0, 0, 0, 0, 0, 0, 0, 0, 0.0007044707522203037, 0, 0, 0, 0, 0, 0, 0, 0, -0.0019274604767076649, 0, 0, -0.0035153561089684973, 0, 0, 0, 0, 0, 0, 0, -0.0014462568687785594, 0, 0, 0, 0.005005857515694161, 0, 0, 0, 0, -0.005289877757619878, 0.0443546628799154, 0, 0, 0, 0, 0, 0, 0, 0, 0, 0, 0]
Start Date: 2023-12-26
End Date: 2025-06-01
Sharpe Ratio: 0.055
Annualized Sharpe: 0.866
Sharpe 95% CI: (np.float64(-0.702), np.float64(1.842))
Sortino Ratio: 0.091
CAGR: 0.042
Calmar Ratio: 1.823
Daily Win Rate (%): 0.481
Max Drawdown: 0.023
Profit Factor: 1.612
Expectancy: 0.000988
Average Win: 0.005416
Average Loss: 0.003108
Total Trades: 77
Total Days: 449

Rolling 8 - Variant 4 - atr_0.5_15 - Test Metrics
Contracts: [5, 4, 4, 3, 3, 3, 3, 3, 3, 3, 4, 4, 5, 5, 7, 8, 5, 5, 5, 5, 5, 5, 5, 6, 6, 6, 6, 7, 4, 5, 4, 5, 7, 6, 5, 6, 6, 5, 3, 4, 4, 2, 5, 2, 3, 3, 3, 6, 4, 5, 5, 4, 4, 9, 7, 6, 6, 6, 6, 4, 5, 2, 3, 7, 6, 7, 7, 7, 5, 8, 5, 1, 1, 4, 4, 5, 3, 5, 5, 6, 6, 6, 7, 6, 6, 7, 7, 7, 6, 4, 7, 8, 7, 6, 7, 5, 7, 7, 7, 7, 7, 5]
Trade Returns: [0.0013278233693140844, 0.0217549257623815, 0.009792174973858493, -0.0041097220274628685, 0.007462686567164136, 0.00964539769571209, 0.0006814878441380816, 0.0008406386725711982, 0.0020342671233725966, -0.0004456398911366116, 0.0037648590743188767, -0.003976346379251089, -0.0004317827495713445, 0.008724362889591183, -0.0019094988793979476, -0.00364342925469716, 0.0004129729996841011, -0.004396170462744575, -0.00155927458293834, 0.00036025803703735524, 0.0035888647620669705, -0.004466945136297511, -0.0039276683996704465, -0.004192722631432586, 0.002318212738534242]
Daily Returns: [0, 0, 0, 0, 0, 0, 0, 0, 0, 0, 0, 0.0013278233693140844, 0, 0, 0, 0, 0, 0.0217549257623815, 0, 0, 0, 0, 0, 0, 0, 0, 0.009792174973858493, 0, 0, 0, 0.003352964539701267, 0, 0, 0.00964539769571209, 0, 0, 0.0006814878441380816, 0.0008406386725711982, 0, 0, 0, 0, 0.0020342671233725966, 0, 0, 0.0033192191831822654, 0, 0, -0.003976346379251089, 0, 0, 0, 0, 0, 0, -0.0004317827495713445, 0, 0, 0, 0, 0, 0, 0, 0, 0.008724362889591183, 0, -0.0019094988793979476, 0, 0, 0, 0, 0, 0, 0, 0, 0, 0, 0, 0, 0, 0, 0, 0, 0, 0, 0, 0, 0, 0, 0, 0, 0, 0, 0, 0, 0, 0, 0, -0.00364342925469716, 0, 0, 0, 0, 0.0004129729996841011, 0, 0, 0, 0, 0, -0.004396170462744575, 0, 0, 0, 0, 0, 0, 0, 0, 0, 0, 0, 0, 0, -0.00155927458293834, 0, 0, 0, 0, 0, 0, 0, 0, 0, 0.0039491227991043255, 0, 0, 0, 0, -0.004466945136297511, -0.0039276683996704465, -0.004192722631432586, 0, 0, 0, 0, 0, 0.002318212738534242]
Start Date: 2025-06-02
End Date: 2025-11-19
Sharpe Ratio: 0.11
Annualized Sharpe: 1.738
Sharpe 95% CI: (np.float64(-0.855), np.float64(3.426))
Sortino Ratio: 0.183
CAGR: 0.07
Calmar Ratio: 3.548
Daily Win Rate (%): 0.56
Max Drawdown: 0.02
Profit Factor: 2.199
Expectancy: 0.001586
Average Win: 0.005193
Average Loss: 0.003005
Total Trades: 25
Total Days: 147



Rolling 9 - Variant 0 - atr_0.5_8 - Fit Metrics
Contracts: [5, 4, 4, 3, 3, 3, 3, 3, 3, 3, 4, 4, 5, 5, 7, 8, 5, 5, 5, 5, 5, 5, 5, 6, 6, 6, 6, 7, 4, 5, 4, 5, 7, 6, 5, 6, 6, 5, 3, 4, 4, 2, 5, 2, 3, 3, 3, 6, 4, 5, 5, 4, 4, 9, 7, 6, 6, 6, 6, 4, 5, 2, 3, 7, 6, 7, 7, 7, 5, 8, 5, 1, 1, 4, 4, 5, 3, 5, 5, 6, 6, 6, 7, 5, 6, 7, 7, 7, 6, 4, 7, 8, 7, 6, 6, 5, 7, 7, 6, 6, 7, 5]
Trade Returns: [-0.00431, -0.00418604184033183, 0.001140622453967754, 0.0049672067901234615, -0.0034850520658380926, -0.000999211465650608, 0.0027656433585394446, 0.0028481469018891478, 0.0026948469121209524, 0.010593207673499675, 0.0022708480628887144, 0.009778402126458112, 0.0047768398447815535, -0.0045430912589619595, -0.003493437949380957, 0.0017382758634083978, 0.00023266049211575351, 0.003527863336001847, -0.0013134690455908976, 0.008113602033139102, 0.009773074355176619, -0.004201494421456148, -0.004286349421076833, 0.0014769132132212428, -0.0035553692553921207, -0.0008834091178528918, -0.004204420647995608, 0.003705178062896145, 0.002902863226505674, 0.0003873831410093603, 0.001419218971752942, -0.0037239797628844, -0.0006424216236059553, -0.001905545404976242, 0.0005155042681843915, 0.01075534893508402, -0.004034971026799492, -0.0017379288045821226, -0.0017043230810459132, 0.002200545403995285, -0.0035226160058864776, 0.0003780601057405448, -0.0007597105347819605, -0.00035273163518245455, -0.0038994926591517983, -0.003739731781691457, 0.002187338914052862, 0.012995648560113468, 0.0012160731117895024, -0.004401799332007647, 0.0006127712385348053, 0.0008837106545272732, -0.00412669095798735, 0.006177735271019511, 0.0006285525830794932, -0.0039383342820962, -0.003794904428940609, -0.0040524317518568775, 0.004955526824101222, 0.00018696248286174586, -0.00034702403188830914, -0.004793629234498956, -0.0037694091261521647, 0.029609382594623656, -0.0007095856097589845, -0.005253026382988278, 0.00044060611109561374, -0.002158382958804992, -0.0043818325086837405, -0.0049422565729220205, 0.0007055072955868032, -0.0019302945018652685, -0.0035205348795482247, -0.001448384334818185, 0.0050132581249845935, -0.005297670535886291, 0.0336926328101118, 0.0013297796985706828, 0.0217549257623815, 0.009907828176144072, -0.0041577848428190015, 0.007550326377194829, 0.009757821846789617, 0.000574461935613614, 0.000850433200625047, 0.0020579488273455883, -0.00045081710600470496, 0.0038086169959534086, -0.004022387008545792]
Daily Returns: [-0.00849604184033183, 0, 0, 0, 0, 0, 0, 0, 0.001140622453967754, 0, 0, 0, 0, 0.001482154724285369, -0.000999211465650608, 0, 0, 0.005613790260428592, 0, 0, 0, 0, 0, 0.0026948469121209524, 0, 0, 0, 0, 0, 0, 0, 0, 0.010593207673499675, 0.0022708480628887144, 0, 0, 0, 0, 0, 0, 0, 0, 0, 0, 0.009778402126458112, 0, 0, 0, 0, 0, 0, 0, 0, 0, 0, 0, 0, 0, 0, 0, 0, 0, 0, 0, 0, 0, 0, 0, 0, 0, 0, 0, 0, 0, 0, 0, 0, 0, 0, 0.0047768398447815535, -0.0045430912589619595, 0, 0, 0, 0, 0, 0, 0, 0, 0, 0, -0.003493437949380957, 0.0019709363555241513, 0, 0, 0.0022143942904109494, 0, 0, 0, 0, 0, 0, 0, 0, 0.008113602033139102, 0, 0, 0, 0.009773074355176619, -0.004201494421456148, 0, 0, 0, 0, 0, 0, 0, -0.004286349421076833, 0, 0.0014769132132212428, -0.0035553692553921207, -0.0008834091178528918, -0.004204420647995608, 0, 0, 0, 0, 0, 0, 0, 0, 0, 0, 0, 0, 0, 0, 0, 0, 0, 0, 0, 0, 0, 0, 0, 0, 0, 0, 0.006608041289401819, 0, 0, 0, 0, 0, 0, 0, 0.0003873831410093603, 0.001419218971752942, 0, 0, 0, 0, 0, 0, 0, 0, 0, 0, 0, 0, -0.0037239797628844, 0, 0, 0, -0.0006424216236059553, -0.001905545404976242, 0.0005155042681843915, 0, 0, 0, 0, 0.01075534893508402, -0.004034971026799492, 0, 0, 0, -0.0017379288045821226, -0.0017043230810459132, 0.002200545403995285, 0, 0, 0, 0, 0, 0, 0, -0.0035226160058864776, 0, 0, 0, 0.0003780601057405448, 0, 0, 0, 0, 0, 0, 0, 0, 0, 0, 0, 0, 0, 0, 0, 0, 0, 0, 0, 0, 0, 0, 0, 0, 0, 0, 0, 0, 0, 0, 0, 0, 0, 0, 0, 0, 0, 0, -0.0007597105347819605, 0, 0, -0.00035273163518245455, 0, 0, 0, -0.0038994926591517983, 0, 0, -0.003739731781691457, 0, 0, 0, 0, 0, 0, 0, 0, 0, 0.002187338914052862, 0.012995648560113468, 0, 0.0012160731117895024, 0, 0, 0, -0.004401799332007647, 0, 0.0006127712385348053, 0, 0, 0, 0, 0, 0, 0.0008837106545272732, 0, 0, 0, 0, 0, 0, 0, 0, 0, 0, 0, 0, 0, 0, 0, 0, 0, 0, 0, 0, 0, 0, 0, 0, 0, 0, 0, 0, 0, 0, 0, -0.00412669095798735, 0.0068062878540990045, 0, 0, 0, 0, 0, 0, 0, 0, -0.0039383342820962, 0, 0, 0, 0, 0, 0, 0, -0.003794904428940609, -0.0040524317518568775, 0, 0, 0, 0, 0, 0, 0, 0.004955526824101222, 0, 0, 0, 0, 0, 0.00018696248286174586, 0, 0, 0, 0, 0, 0, -0.00034702403188830914, 0, 0, 0, 0, 0, 0, -0.004793629234498956, 0, 0, 0, 0, -0.0037694091261521647, 0.029609382594623656, 0, 0, 0, 0, 0, 0, 0, 0, 0, 0, 0, 0, 0, 0, 0, 0, 0, 0, 0, 0, 0, 0, 0, 0, 0, 0, 0, -0.0007095856097589845, 0, 0, 0, 0, 0, -0.0069708032306976565, 0, -0.0043818325086837405, -0.0049422565729220205, 0, 0, 0, 0, 0, 0, 0, 0, 0.0007055072955868032, 0, 0, 0, 0, 0, 0, 0, 0, -0.0019302945018652685, 0, 0, -0.0035205348795482247, 0, 0, 0, 0, 0, 0, 0, -0.001448384334818185, 0, 0, 0, 0.0050132581249845935, 0, 0, 0, 0, -0.005297670535886291, 0.0336926328101118, 0, 0, 0, 0, 0, 0, 0, 0, 0, 0, 0, 0, 0, 0, 0, 0, 0, 0, 0, 0, 0, 0, 0.0013297796985706828, 0, 0, 0, 0, 0, 0.0217549257623815, 0, 0, 0, 0, 0, 0, 0, 0, 0.009907828176144072, 0, 0, 0, 0.0033925415343758272, 0, 0, 0.009757821846789617, 0, 0, 0.000574461935613614, 0.000850433200625047, 0, 0, 0, 0, 0.0020579488273455883, 0, 0, 0.0033577998899487036, 0, 0, -0.004022387008545792]
Start Date: 2023-12-26
End Date: 2025-07-28
Sharpe Ratio: 0.079
Annualized Sharpe: 1.252
Sharpe 95% CI: (np.float64(-0.053), np.float64(2.153))
Sortino Ratio: 0.124
CAGR: 0.058
Calmar Ratio: 2.477
Daily Win Rate (%): 0.517
Max Drawdown: 0.023
Profit Factor: 1.849
Expectancy: 0.001268
Average Win: 0.005345
Average Loss: 0.003093
Total Trades: 89
Total Days: 498

Rolling 9 - Variant 0 - atr_0.5_8 - Test Metrics
Contracts: [5, 4, 4, 3, 3, 3, 3, 3, 3, 3, 4, 4, 5, 5, 7, 8, 5, 5, 5, 5, 5, 5, 5, 6, 6, 6, 6, 7, 4, 5, 4, 5, 7, 6, 5, 6, 6, 5, 3, 4, 4, 2, 5, 2, 3, 3, 3, 6, 4, 5, 5, 4, 4, 9, 7, 6, 6, 6, 6, 4, 5, 2, 3, 7, 6, 7, 7, 7, 5, 8, 5, 1, 1, 4, 4, 5, 3, 5, 5, 6, 6, 6, 7, 5, 6, 7, 7, 7, 6, 4, 7, 8, 7, 6, 6, 5, 7, 7, 6, 6, 7, 5]
Trade Returns: [-0.0004368023916721426, 0.008825831317015385, -0.0019315129533862738, -0.003685514611322288, 0.00041776090864783724, -0.0038118148414509907, -0.0015764196285740324, 0.00036422551839337817, 0.003628374136848725, -0.0038708086344409064, -0.0034014642801400074, -0.0042339395619528705, 0.0023410990330085895]
Daily Returns: [0, 0, 0, 0, 0, 0, -0.0004368023916721426, 0, 0, 0, 0, 0, 0, 0, 0, 0.008825831317015385, 0, -0.0019315129533862738, 0, 0, 0, 0, 0, 0, 0, 0, 0, 0, 0, 0, 0, 0, 0, 0, 0, 0, 0, 0, 0, 0, 0, 0, 0, 0, 0, 0, 0, 0, 0, -0.003685514611322288, 0, 0, 0, 0, 0.00041776090864783724, 0, 0, 0, 0, 0, -0.0038118148414509907, 0, 0, 0, 0, 0, 0, 0, 0, 0, 0, 0, 0, 0, -0.0015764196285740324, 0, 0, 0, 0, 0, 0, 0, 0, 0, 0.003992599655242103, 0, 0, 0, 0, -0.0038708086344409064, -0.0034014642801400074, -0.0042339395619528705, 0, 0, 0, 0, 0, 0.0023410990330085895]
Start Date: 2025-07-29
End Date: 2025-11-19
Sharpe Ratio: -0.056
Annualized Sharpe: -0.882
Sharpe 95% CI: (np.float64(-4.603), np.float64(1.969))
Sortino Ratio: -0.055
CAGR: -0.019
Calmar Ratio: -1.056
Daily Win Rate (%): 0.385
Max Drawdown: 0.018
Profit Factor: 0.679
Expectancy: -0.000567
Average Win: 0.003115
Average Loss: 0.002869
Total Trades: 13
Total Days: 98



Rolling 9 - Variant 1 - atr_0.5_9 - Fit Metrics
Contracts: [5, 4, 4, 3, 3, 3, 3, 3, 3, 3, 4, 4, 5, 5, 7, 8, 5, 5, 5, 5, 5, 5, 5, 6, 6, 6, 6, 7, 4, 5, 4, 5, 7, 6, 5, 6, 6, 5, 3, 4, 4, 2, 5, 2, 3, 3, 3, 6, 4, 5, 5, 4, 4, 9, 7, 6, 6, 6, 6, 4, 5, 2, 3, 7, 6, 7, 7, 7, 5, 8, 5, 1, 1, 4, 4, 5, 3, 5, 5, 6, 6, 6, 7, 5, 6, 7, 7, 7, 6, 4, 7, 8, 7, 6, 7, 5, 7, 7, 6, 7, 7, 5]
Trade Returns: [-0.00431, -0.00418604184033183, 0.001140622453967754, 0.0049672067901234615, -0.0034850520658380926, -0.000999211465650608, 0.0027656433585394446, 0.0028481469018891478, 0.0026948469121209524, 0.010593207673499675, 0.0022708480628887144, 0.009778402126458112, 0.0047768398447815535, -0.0045430912589619595, -0.003493437949380957, 0.0017382758634083978, 0.00023266049211575351, 0.003527863336001847, -0.0013134690455908976, 0.008113602033139102, 0.009773074355176619, -0.004201494421456148, -0.004286349421076833, 0.0014769132132212428, -0.0035553692553921207, -0.0008834091178528918, -0.004204420647995608, 0.003705178062896145, 0.002902863226505674, 0.0003873831410093603, 0.001419218971752942, -0.0037239797628844, -0.0006424216236059553, -0.001905545404976242, 0.0005155042681843915, 0.01075534893508402, -0.004034971026799492, -0.0017379288045821226, -0.0017043230810459132, 0.002200545403995285, -0.0035226160058864776, 0.0003780601057405448, -0.0007597105347819605, -0.00035273163518245455, -0.0038994926591517983, -0.003739731781691457, 0.002187338914052862, 0.012995648560113468, 0.0012160731117895024, -0.004401799332007647, 0.0006127712385348053, 0.0008837106545272732, -0.00412669095798735, 0.006177735271019511, 0.0006285525830794932, -0.0039383342820962, -0.003794904428940609, -0.0040524317518568775, 0.004955526824101222, 0.00018696248286174586, -0.00034702403188830914, -0.004793629234498956, -0.0037558564256121164, 0.0333262807573323, -0.0007095856097589845, -0.005233933334451698, 0.00043902124088055525, -0.0021505933564802972, -0.004365822170506906, -0.004924381531065338, 0.0007029216355144543, -0.0019232250079351896, -0.0035076164579471805, -0.0014430773624754852, 0.00499479747937403, -0.005278231481969338, 0.037777395232519224, 0.0013248996444978156, 0.0217549257623815, 0.009832425860337269, -0.004126450620682436, 0.007493189245623945, 0.009684528682072846, 0.0005701884116332947, 0.0008441102828303305, 0.0020426610107968884, -0.0004474749627104908, 0.0037803690834026797, -0.003992665954027711]
Daily Returns: [-0.00849604184033183, 0, 0, 0, 0, 0, 0, 0, 0.001140622453967754, 0, 0, 0, 0, 0.001482154724285369, -0.000999211465650608, 0, 0, 0.005613790260428592, 0, 0, 0, 0, 0, 0.0026948469121209524, 0, 0, 0, 0, 0, 0, 0, 0, 0.010593207673499675, 0.0022708480628887144, 0, 0, 0, 0, 0, 0, 0, 0, 0, 0, 0.009778402126458112, 0, 0, 0, 0, 0, 0, 0, 0, 0, 0, 0, 0, 0, 0, 0, 0, 0, 0, 0, 0, 0, 0, 0, 0, 0, 0, 0, 0, 0, 0, 0, 0, 0, 0, 0.0047768398447815535, -0.0045430912589619595, 0, 0, 0, 0, 0, 0, 0, 0, 0, 0, -0.003493437949380957, 0.0019709363555241513, 0, 0, 0.0022143942904109494, 0, 0, 0, 0, 0, 0, 0, 0, 0.008113602033139102, 0, 0, 0, 0.009773074355176619, -0.004201494421456148, 0, 0, 0, 0, 0, 0, 0, -0.004286349421076833, 0, 0.0014769132132212428, -0.0035553692553921207, -0.0008834091178528918, -0.004204420647995608, 0, 0, 0, 0, 0, 0, 0, 0, 0, 0, 0, 0, 0, 0, 0, 0, 0, 0, 0, 0, 0, 0, 0, 0, 0, 0, 0.006608041289401819, 0, 0, 0, 0, 0, 0, 0, 0.0003873831410093603, 0.001419218971752942, 0, 0, 0, 0, 0, 0, 0, 0, 0, 0, 0, 0, -0.0037239797628844, 0, 0, 0, -0.0006424216236059553, -0.001905545404976242, 0.0005155042681843915, 0, 0, 0, 0, 0.01075534893508402, -0.004034971026799492, 0, 0, 0, -0.0017379288045821226, -0.0017043230810459132, 0.002200545403995285, 0, 0, 0, 0, 0, 0, 0, -0.0035226160058864776, 0, 0, 0, 0.0003780601057405448, 0, 0, 0, 0, 0, 0, 0, 0, 0, 0, 0, 0, 0, 0, 0, 0, 0, 0, 0, 0, 0, 0, 0, 0, 0, 0, 0, 0, 0, 0, 0, 0, 0, 0, 0, 0, 0, 0, -0.0007597105347819605, 0, 0, -0.00035273163518245455, 0, 0, 0, -0.0038994926591517983, 0, 0, -0.003739731781691457, 0, 0, 0, 0, 0, 0, 0, 0, 0, 0.002187338914052862, 0.012995648560113468, 0, 0.0012160731117895024, 0, 0, 0, -0.004401799332007647, 0, 0.0006127712385348053, 0, 0, 0, 0, 0, 0, 0.0008837106545272732, 0, 0, 0, 0, 0, 0, 0, 0, 0, 0, 0, 0, 0, 0, 0, 0, 0, 0, 0, 0, 0, 0, 0, 0, 0, 0, 0, 0, 0, 0, 0, -0.00412669095798735, 0.0068062878540990045, 0, 0, 0, 0, 0, 0, 0, 0, -0.0039383342820962, 0, 0, 0, 0, 0, 0, 0, -0.003794904428940609, -0.0040524317518568775, 0, 0, 0, 0, 0, 0, 0, 0.004955526824101222, 0, 0, 0, 0, 0, 0.00018696248286174586, 0, 0, 0, 0, 0, 0, -0.00034702403188830914, 0, 0, 0, 0, 0, 0, -0.004793629234498956, 0, 0, 0, 0, -0.0037558564256121164, 0.0333262807573323, 0, 0, 0, 0, 0, 0, 0, 0, 0, 0, 0, 0, 0, 0, 0, 0, 0, 0, 0, 0, 0, 0, 0, 0, 0, 0, 0, -0.0007095856097589845, 0, 0, 0, 0, 0, -0.00694550545005144, 0, -0.004365822170506906, -0.004924381531065338, 0, 0, 0, 0, 0, 0, 0, 0, 0.0007029216355144543, 0, 0, 0, 0, 0, 0, 0, 0, -0.0019232250079351896, 0, 0, -0.0035076164579471805, 0, 0, 0, 0, 0, 0, 0, -0.0014430773624754852, 0, 0, 0, 0.00499479747937403, 0, 0, 0, 0, -0.005278231481969338, 0.037777395232519224, 0, 0, 0, 0, 0, 0, 0, 0, 0, 0, 0, 0, 0, 0, 0, 0, 0, 0, 0, 0, 0, 0, 0.0013248996444978156, 0, 0, 0, 0, 0, 0.0217549257623815, 0, 0, 0, 0, 0, 0, 0, 0, 0.009832425860337269, 0, 0, 0, 0.0033667386249415085, 0, 0, 0.009684528682072846, 0, 0, 0.0005701884116332947, 0.0008441102828303305, 0, 0, 0, 0, 0.0020426610107968884, 0, 0, 0.0033328941206921888, 0, 0, -0.003992665954027711]
Start Date: 2023-12-26
End Date: 2025-07-28
Sharpe Ratio: 0.079
Annualized Sharpe: 1.26
Sharpe 95% CI: (np.float64(-0.036), np.float64(2.14))
Sortino Ratio: 0.132
CAGR: 0.062
Calmar Ratio: 2.658
Daily Win Rate (%): 0.517
Max Drawdown: 0.023
Profit Factor: 1.908
Expectancy: 0.001355
Average Win: 0.005508
Average Loss: 0.003088
Total Trades: 89
Total Days: 498

Rolling 9 - Variant 1 - atr_0.5_9 - Test Metrics
Contracts: [5, 4, 4, 3, 3, 3, 3, 3, 3, 3, 4, 4, 5, 5, 7, 8, 5, 5, 5, 5, 5, 5, 5, 6, 6, 6, 6, 7, 4, 5, 4, 5, 7, 6, 5, 6, 6, 5, 3, 4, 4, 2, 5, 2, 3, 3, 3, 6, 4, 5, 5, 4, 4, 9, 7, 6, 6, 6, 6, 4, 5, 2, 3, 7, 6, 7, 7, 7, 5, 8, 5, 1, 1, 4, 4, 5, 3, 5, 5, 6, 6, 6, 7, 5, 6, 7, 7, 7, 6, 4, 7, 8, 7, 6, 7, 5, 7, 7, 6, 7, 7, 5]
Trade Returns: [-0.00043356196026869687, 0.008760328227882355, -0.0019173022429616695, -0.0036583471051033264, 0.0004146701068927465, -0.004414228980157229, -0.0015657081448849318, 0.00036174679150196936, 0.0036036902643359473, -0.0038445700329433168, -0.0039413712123101945, -0.0042074080434479294, 0.002326366807865452]
Daily Returns: [0, 0, 0, 0, 0, 0, -0.00043356196026869687, 0, 0, 0, 0, 0, 0, 0, 0, 0.008760328227882355, 0, -0.0019173022429616695, 0, 0, 0, 0, 0, 0, 0, 0, 0, 0, 0, 0, 0, 0, 0, 0, 0, 0, 0, 0, 0, 0, 0, 0, 0, 0, 0, 0, 0, 0, 0, -0.0036583471051033264, 0, 0, 0, 0, 0.0004146701068927465, 0, 0, 0, 0, 0, -0.004414228980157229, 0, 0, 0, 0, 0, 0, 0, 0, 0, 0, 0, 0, 0, -0.0015657081448849318, 0, 0, 0, 0, 0, 0, 0, 0, 0, 0.003965437055837916, 0, 0, 0, 0, -0.0038445700329433168, -0.0039413712123101945, -0.0042074080434479294, 0, 0, 0, 0, 0, 0.002326366807865452]
Start Date: 2025-07-29
End Date: 2025-11-19
Sharpe Ratio: -0.063
Annualized Sharpe: -1.0
Sharpe 95% CI: (np.float64(-4.616), np.float64(1.905))
Sortino Ratio: -0.059
CAGR: -0.022
Calmar Ratio: -1.15
Daily Win Rate (%): 0.385
Max Drawdown: 0.019
Profit Factor: 0.645
Expectancy: -0.000655
Average Win: 0.003093
Average Loss: 0.002998
Total Trades: 13
Total Days: 98



Rolling 9 - Variant 2 - atr_0.5_10 - Fit Metrics
Contracts: [5, 4, 4, 3, 3, 3, 3, 3, 3, 3, 4, 4, 5, 5, 7, 8, 5, 5, 5, 5, 5, 5, 5, 6, 6, 6, 6, 7, 4, 5, 4, 5, 7, 6, 5, 6, 6, 5, 3, 4, 4, 2, 5, 2, 3, 3, 3, 6, 4, 5, 5, 4, 4, 9, 7, 6, 6, 6, 6, 4, 5, 2, 3, 7, 6, 7, 7, 7, 5, 8, 5, 1, 1, 4, 4, 5, 3, 5, 5, 6, 6, 6, 7, 5, 6, 7, 7, 7, 6, 4, 7, 8, 7, 6, 7, 5, 7, 7, 6, 7, 7, 5]
Trade Returns: [-0.00431, -0.00418604184033183, 0.001140622453967754, 0.0049672067901234615, -0.0034850520658380926, -0.000999211465650608, 0.0027656433585394446, 0.0028481469018891478, 0.0026948469121209524, 0.010593207673499675, 0.0022708480628887144, 0.009778402126458112, 0.0047768398447815535, -0.0045430912589619595, -0.003493437949380957, 0.0017382758634083978, 0.00023266049211575351, 0.003527863336001847, -0.0013134690455908976, 0.008113602033139102, 0.009773074355176619, -0.004201494421456148, -0.004286349421076833, 0.0014769132132212428, -0.0035553692553921207, -0.0008834091178528918, -0.004204420647995608, 0.003705178062896145, 0.002902863226505674, 0.0003873831410093603, 0.001419218971752942, -0.0037239797628844, -0.0006424216236059553, -0.001905545404976242, 0.0005155042681843915, 0.01075534893508402, -0.004034971026799492, -0.0017379288045821226, -0.0017043230810459132, 0.002200545403995285, -0.0035226160058864776, 0.0003780601057405448, -0.0007597105347819605, -0.00035273163518245455, -0.0038994926591517983, -0.003739731781691457, 0.002187338914052862, 0.012995648560113468, 0.0012160731117895024, -0.004401799332007647, 0.0006127712385348053, 0.0008837106545272732, -0.00412669095798735, 0.006177735271019511, 0.0006285525830794932, -0.0039383342820962, -0.003794904428940609, -0.0040524317518568775, 0.004955526824101222, 0.00018696248286174586, -0.00034702403188830914, -0.004793629234498956, -0.003763976325937822, 0.03109614185970716, -0.0007095856097589845, -0.005245372471881779, 0.00043997079185492465, -0.0021552603561929575, -0.004375414302910122, -0.0049350910064239846, 0.0007044707522203037, -0.0019274604767076649, -0.0035153561089684973, -0.0014462568687785594, 0.005005857515694161, -0.005289877757619878, 0.042079578654401456, 0.0013278233693140844, 0.0217549257623815, 0.009813553401449661, -0.0041186072405331505, 0.007478887610446519, 0.009666181831241287, 0.0005691185598455099, 0.0008425273688083181, 0.0020388337444744247, -0.0004466382496035022, 0.0037732971843898195, -0.003985224990328413]
Daily Returns: [-0.00849604184033183, 0, 0, 0, 0, 0, 0, 0, 0.001140622453967754, 0, 0, 0, 0, 0.001482154724285369, -0.000999211465650608, 0, 0, 0.005613790260428592, 0, 0, 0, 0, 0, 0.0026948469121209524, 0, 0, 0, 0, 0, 0, 0, 0, 0.010593207673499675, 0.0022708480628887144, 0, 0, 0, 0, 0, 0, 0, 0, 0, 0, 0.009778402126458112, 0, 0, 0, 0, 0, 0, 0, 0, 0, 0, 0, 0, 0, 0, 0, 0, 0, 0, 0, 0, 0, 0, 0, 0, 0, 0, 0, 0, 0, 0, 0, 0, 0, 0, 0.0047768398447815535, -0.0045430912589619595, 0, 0, 0, 0, 0, 0, 0, 0, 0, 0, -0.003493437949380957, 0.0019709363555241513, 0, 0, 0.0022143942904109494, 0, 0, 0, 0, 0, 0, 0, 0, 0.008113602033139102, 0, 0, 0, 0.009773074355176619, -0.004201494421456148, 0, 0, 0, 0, 0, 0, 0, -0.004286349421076833, 0, 0.0014769132132212428, -0.0035553692553921207, -0.0008834091178528918, -0.004204420647995608, 0, 0, 0, 0, 0, 0, 0, 0, 0, 0, 0, 0, 0, 0, 0, 0, 0, 0, 0, 0, 0, 0, 0, 0, 0, 0, 0.006608041289401819, 0, 0, 0, 0, 0, 0, 0, 0.0003873831410093603, 0.001419218971752942, 0, 0, 0, 0, 0, 0, 0, 0, 0, 0, 0, 0, -0.0037239797628844, 0, 0, 0, -0.0006424216236059553, -0.001905545404976242, 0.0005155042681843915, 0, 0, 0, 0, 0.01075534893508402, -0.004034971026799492, 0, 0, 0, -0.0017379288045821226, -0.0017043230810459132, 0.002200545403995285, 0, 0, 0, 0, 0, 0, 0, -0.0035226160058864776, 0, 0, 0, 0.0003780601057405448, 0, 0, 0, 0, 0, 0, 0, 0, 0, 0, 0, 0, 0, 0, 0, 0, 0, 0, 0, 0, 0, 0, 0, 0, 0, 0, 0, 0, 0, 0, 0, 0, 0, 0, 0, 0, 0, 0, -0.0007597105347819605, 0, 0, -0.00035273163518245455, 0, 0, 0, -0.0038994926591517983, 0, 0, -0.003739731781691457, 0, 0, 0, 0, 0, 0, 0, 0, 0, 0.002187338914052862, 0.012995648560113468, 0, 0.0012160731117895024, 0, 0, 0, -0.004401799332007647, 0, 0.0006127712385348053, 0, 0, 0, 0, 0, 0, 0.0008837106545272732, 0, 0, 0, 0, 0, 0, 0, 0, 0, 0, 0, 0, 0, 0, 0, 0, 0, 0, 0, 0, 0, 0, 0, 0, 0, 0, 0, 0, 0, 0, 0, -0.00412669095798735, 0.0068062878540990045, 0, 0, 0, 0, 0, 0, 0, 0, -0.0039383342820962, 0, 0, 0, 0, 0, 0, 0, -0.003794904428940609, -0.0040524317518568775, 0, 0, 0, 0, 0, 0, 0, 0.004955526824101222, 0, 0, 0, 0, 0, 0.00018696248286174586, 0, 0, 0, 0, 0, 0, -0.00034702403188830914, 0, 0, 0, 0, 0, 0, -0.004793629234498956, 0, 0, 0, 0, -0.003763976325937822, 0.03109614185970716, 0, 0, 0, 0, 0, 0, 0, 0, 0, 0, 0, 0, 0, 0, 0, 0, 0, 0, 0, 0, 0, 0, 0, 0, 0, 0, 0, -0.0007095856097589845, 0, 0, 0, 0, 0, -0.006960662036219811, 0, -0.004375414302910122, -0.0049350910064239846, 0, 0, 0, 0, 0, 0, 0, 0, 0.0007044707522203037, 0, 0, 0, 0, 0, 0, 0, 0, -0.0019274604767076649, 0, 0, -0.0035153561089684973, 0, 0, 0, 0, 0, 0, 0, -0.0014462568687785594, 0, 0, 0, 0.005005857515694161, 0, 0, 0, 0, -0.005289877757619878, 0.042079578654401456, 0, 0, 0, 0, 0, 0, 0, 0, 0, 0, 0, 0, 0, 0, 0, 0, 0, 0, 0, 0, 0, 0, 0.0013278233693140844, 0, 0, 0, 0, 0, 0.0217549257623815, 0, 0, 0, 0, 0, 0, 0, 0, 0.009813553401449661, 0, 0, 0, 0.0033602803699133684, 0, 0, 0.009666181831241287, 0, 0, 0.0005691185598455099, 0.0008425273688083181, 0, 0, 0, 0, 0.0020388337444744247, 0, 0, 0.0033266589347863175, 0, 0, -0.003985224990328413]
Start Date: 2023-12-26
End Date: 2025-07-28
Sharpe Ratio: 0.079
Annualized Sharpe: 1.254
Sharpe 95% CI: (np.float64(-0.025), np.float64(2.129))
Sortino Ratio: 0.134
CAGR: 0.063
Calmar Ratio: 2.696
Daily Win Rate (%): 0.517
Max Drawdown: 0.023
Profit Factor: 1.922
Expectancy: 0.001377
Average Win: 0.005552
Average Loss: 0.00309
Total Trades: 89
Total Days: 498

Rolling 9 - Variant 2 - atr_0.5_10 - Test Metrics
Contracts: [5, 4, 4, 3, 3, 3, 3, 3, 3, 3, 4, 4, 5, 5, 7, 8, 5, 5, 5, 5, 5, 5, 5, 6, 6, 6, 6, 7, 4, 5, 4, 5, 7, 6, 5, 6, 6, 5, 3, 4, 4, 2, 5, 2, 3, 3, 3, 6, 4, 5, 5, 4, 4, 9, 7, 6, 6, 6, 6, 4, 5, 2, 3, 7, 6, 7, 7, 7, 5, 8, 5, 1, 1, 4, 4, 5, 3, 5, 5, 6, 6, 6, 7, 5, 6, 7, 7, 7, 6, 4, 7, 8, 7, 6, 7, 5, 7, 7, 6, 7, 7, 5]
Trade Returns: [-0.00043275071607831587, 0.008743929551749456, -0.0019137443075781123, -0.0036515452980186163, 0.00041389630305700345, -0.004405995123702029, -0.001562774706491369, 0.00036106797860626717, 0.0035969304297114035, -0.003837384200819565, -0.003933976072461992, -0.004199482563755539, 0.0023219661584638774]
Daily Returns: [0, 0, 0, 0, 0, 0, -0.00043275071607831587, 0, 0, 0, 0, 0, 0, 0, 0, 0.008743929551749456, 0, -0.0019137443075781123, 0, 0, 0, 0, 0, 0, 0, 0, 0, 0, 0, 0, 0, 0, 0, 0, 0, 0, 0, 0, 0, 0, 0, 0, 0, 0, 0, 0, 0, 0, 0, -0.0036515452980186163, 0, 0, 0, 0, 0.00041389630305700345, 0, 0, 0, 0, 0, -0.004405995123702029, 0, 0, 0, 0, 0, 0, 0, 0, 0, 0, 0, 0, 0, -0.001562774706491369, 0, 0, 0, 0, 0, 0, 0, 0, 0, 0.00395799840831767, 0, 0, 0, 0, -0.003837384200819565, -0.003933976072461992, -0.004199482563755539, 0, 0, 0, 0, 0, 0.0023219661584638774]
Start Date: 2025-07-29
End Date: 2025-11-19
Sharpe Ratio: -0.063
Annualized Sharpe: -1.0
Sharpe 95% CI: (np.float64(-4.616), np.float64(1.905))
Sortino Ratio: -0.059
CAGR: -0.022
Calmar Ratio: -1.15
Daily Win Rate (%): 0.385
Max Drawdown: 0.019
Profit Factor: 0.645
Expectancy: -0.000654
Average Win: 0.003088
Average Loss: 0.002992
Total Trades: 13
Total Days: 98



Rolling 9 - Variant 3 - atr_0.5_11 - Fit Metrics
Contracts: [5, 4, 4, 3, 3, 3, 3, 3, 3, 3, 4, 4, 5, 5, 7, 8, 5, 5, 5, 5, 5, 5, 5, 6, 6, 6, 6, 7, 4, 5, 4, 5, 7, 6, 5, 6, 6, 5, 3, 4, 4, 2, 5, 2, 3, 3, 3, 6, 4, 5, 5, 4, 4, 9, 7, 6, 6, 6, 6, 4, 5, 2, 3, 7, 6, 7, 7, 7, 5, 8, 5, 1, 1, 4, 4, 5, 3, 5, 5, 6, 6, 6, 7, 6, 6, 7, 7, 7, 6, 4, 7, 8, 7, 6, 7, 5, 7, 7, 7, 7, 7, 6]
Trade Returns: [-0.00431, -0.00418604184033183, 0.001140622453967754, 0.0049672067901234615, -0.0034850520658380926, -0.000999211465650608, 0.0027656433585394446, 0.0028481469018891478, 0.0026948469121209524, 0.010593207673499675, 0.0022708480628887144, 0.009778402126458112, 0.0047768398447815535, -0.0045430912589619595, -0.003493437949380957, 0.0017382758634083978, 0.00023266049211575351, 0.003527863336001847, -0.0013134690455908976, 0.008113602033139102, 0.009773074355176619, -0.004201494421456148, -0.004286349421076833, 0.0014769132132212428, -0.0035553692553921207, -0.0008834091178528918, -0.004204420647995608, 0.003705178062896145, 0.002902863226505674, 0.0003873831410093603, 0.001419218971752942, -0.0037239797628844, -0.0006424216236059553, -0.001905545404976242, 0.0005155042681843915, 0.01075534893508402, -0.004034971026799492, -0.0017379288045821226, -0.0017043230810459132, 0.002200545403995285, -0.0035226160058864776, 0.0003780601057405448, -0.0007597105347819605, -0.00035273163518245455, -0.0038994926591517983, -0.003739731781691457, 0.002187338914052862, 0.012995648560113468, 0.0012160731117895024, -0.004401799332007647, 0.0006127712385348053, 0.0008837106545272732, -0.00412669095798735, 0.006177735271019511, 0.0006285525830794932, -0.0039383342820962, -0.003794904428940609, -0.0040524317518568775, 0.004955526824101222, 0.00018696248286174586, -0.00034702403188830914, -0.004793629234498956, -0.003763976325937822, 0.03109614185970716, -0.0007095856097589845, -0.005245372471881779, 0.00043997079185492465, -0.0021552603561929575, -0.004375414302910122, -0.0049350910064239846, 0.0007044707522203037, -0.0019274604767076649, -0.0035153561089684973, -0.0014462568687785594, 0.005005857515694161, -0.005289877757619878, 0.04629796398920854, 0.0013278233693140844, 0.0217549257623815, 0.009773987855901636, -0.00410216287704099, 0.007448903656161158, 0.009627715228530733, 0.0006802504171848567, 0.0008391133015390437, 0.002030578962635898, -0.00044483357575593463, 0.0037580441216985296, -0.003969175551567616]
Daily Returns: [-0.00849604184033183, 0, 0, 0, 0, 0, 0, 0, 0.001140622453967754, 0, 0, 0, 0, 0.001482154724285369, -0.000999211465650608, 0, 0, 0.005613790260428592, 0, 0, 0, 0, 0, 0.0026948469121209524, 0, 0, 0, 0, 0, 0, 0, 0, 0.010593207673499675, 0.0022708480628887144, 0, 0, 0, 0, 0, 0, 0, 0, 0, 0, 0.009778402126458112, 0, 0, 0, 0, 0, 0, 0, 0, 0, 0, 0, 0, 0, 0, 0, 0, 0, 0, 0, 0, 0, 0, 0, 0, 0, 0, 0, 0, 0, 0, 0, 0, 0, 0, 0.0047768398447815535, -0.0045430912589619595, 0, 0, 0, 0, 0, 0, 0, 0, 0, 0, -0.003493437949380957, 0.0019709363555241513, 0, 0, 0.0022143942904109494, 0, 0, 0, 0, 0, 0, 0, 0, 0.008113602033139102, 0, 0, 0, 0.009773074355176619, -0.004201494421456148, 0, 0, 0, 0, 0, 0, 0, -0.004286349421076833, 0, 0.0014769132132212428, -0.0035553692553921207, -0.0008834091178528918, -0.004204420647995608, 0, 0, 0, 0, 0, 0, 0, 0, 0, 0, 0, 0, 0, 0, 0, 0, 0, 0, 0, 0, 0, 0, 0, 0, 0, 0, 0.006608041289401819, 0, 0, 0, 0, 0, 0, 0, 0.0003873831410093603, 0.001419218971752942, 0, 0, 0, 0, 0, 0, 0, 0, 0, 0, 0, 0, -0.0037239797628844, 0, 0, 0, -0.0006424216236059553, -0.001905545404976242, 0.0005155042681843915, 0, 0, 0, 0, 0.01075534893508402, -0.004034971026799492, 0, 0, 0, -0.0017379288045821226, -0.0017043230810459132, 0.002200545403995285, 0, 0, 0, 0, 0, 0, 0, -0.0035226160058864776, 0, 0, 0, 0.0003780601057405448, 0, 0, 0, 0, 0, 0, 0, 0, 0, 0, 0, 0, 0, 0, 0, 0, 0, 0, 0, 0, 0, 0, 0, 0, 0, 0, 0, 0, 0, 0, 0, 0, 0, 0, 0, 0, 0, 0, -0.0007597105347819605, 0, 0, -0.00035273163518245455, 0, 0, 0, -0.0038994926591517983, 0, 0, -0.003739731781691457, 0, 0, 0, 0, 0, 0, 0, 0, 0, 0.002187338914052862, 0.012995648560113468, 0, 0.0012160731117895024, 0, 0, 0, -0.004401799332007647, 0, 0.0006127712385348053, 0, 0, 0, 0, 0, 0, 0.0008837106545272732, 0, 0, 0, 0, 0, 0, 0, 0, 0, 0, 0, 0, 0, 0, 0, 0, 0, 0, 0, 0, 0, 0, 0, 0, 0, 0, 0, 0, 0, 0, 0, -0.00412669095798735, 0.0068062878540990045, 0, 0, 0, 0, 0, 0, 0, 0, -0.0039383342820962, 0, 0, 0, 0, 0, 0, 0, -0.003794904428940609, -0.0040524317518568775, 0, 0, 0, 0, 0, 0, 0, 0.004955526824101222, 0, 0, 0, 0, 0, 0.00018696248286174586, 0, 0, 0, 0, 0, 0, -0.00034702403188830914, 0, 0, 0, 0, 0, 0, -0.004793629234498956, 0, 0, 0, 0, -0.003763976325937822, 0.03109614185970716, 0, 0, 0, 0, 0, 0, 0, 0, 0, 0, 0, 0, 0, 0, 0, 0, 0, 0, 0, 0, 0, 0, 0, 0, 0, 0, 0, -0.0007095856097589845, 0, 0, 0, 0, 0, -0.006960662036219811, 0, -0.004375414302910122, -0.0049350910064239846, 0, 0, 0, 0, 0, 0, 0, 0, 0.0007044707522203037, 0, 0, 0, 0, 0, 0, 0, 0, -0.0019274604767076649, 0, 0, -0.0035153561089684973, 0, 0, 0, 0, 0, 0, 0, -0.0014462568687785594, 0, 0, 0, 0.005005857515694161, 0, 0, 0, 0, -0.005289877757619878, 0.04629796398920854, 0, 0, 0, 0, 0, 0, 0, 0, 0, 0, 0, 0, 0, 0, 0, 0, 0, 0, 0, 0, 0, 0, 0.0013278233693140844, 0, 0, 0, 0, 0, 0.0217549257623815, 0, 0, 0, 0, 0, 0, 0, 0, 0.009773987855901636, 0, 0, 0, 0.0033467407791201685, 0, 0, 0.009627715228530733, 0, 0, 0.0006802504171848567, 0.0008391133015390437, 0, 0, 0, 0, 0.002030578962635898, 0, 0, 0.003313210545942595, 0, 0, -0.003969175551567616]
Start Date: 2023-12-26
End Date: 2025-07-28
Sharpe Ratio: 0.079
Annualized Sharpe: 1.251
Sharpe 95% CI: (np.float64(-0.006), np.float64(2.109))
Sortino Ratio: 0.139
CAGR: 0.065
Calmar Ratio: 2.789
Daily Win Rate (%): 0.517
Max Drawdown: 0.023
Profit Factor: 1.954
Expectancy: 0.001424
Average Win: 0.005643
Average Loss: 0.003089
Total Trades: 89
Total Days: 498

Rolling 9 - Variant 3 - atr_0.5_11 - Test Metrics
Contracts: [5, 4, 4, 3, 3, 3, 3, 3, 3, 3, 4, 4, 5, 5, 7, 8, 5, 5, 5, 5, 5, 5, 5, 6, 6, 6, 6, 7, 4, 5, 4, 5, 7, 6, 5, 6, 6, 5, 3, 4, 4, 2, 5, 2, 3, 3, 3, 6, 4, 5, 5, 4, 4, 9, 7, 6, 6, 6, 6, 4, 5, 2, 3, 7, 6, 7, 7, 7, 5, 8, 5, 1, 1, 4, 4, 5, 3, 5, 5, 6, 6, 6, 7, 6, 6, 7, 7, 7, 6, 4, 7, 8, 7, 6, 7, 5, 7, 7, 7, 7, 7, 6]
Trade Returns: [-0.00043100098211702243, 0.008708560118753142, -0.0019060699920113256, -0.003636874254019521, 0.0004122272957889474, -0.004388235584153049, -0.0015564477617219907, 0.0003596039042709503, 0.0035823506807883057, -0.004458866209310863, -0.003920532993979183, -0.004185075721044776, 0.00277676026766968]
Daily Returns: [0, 0, 0, 0, 0, 0, -0.00043100098211702243, 0, 0, 0, 0, 0, 0, 0, 0, 0.008708560118753142, 0, -0.0019060699920113256, 0, 0, 0, 0, 0, 0, 0, 0, 0, 0, 0, 0, 0, 0, 0, 0, 0, 0, 0, 0, 0, 0, 0, 0, 0, 0, 0, 0, 0, 0, 0, -0.003636874254019521, 0, 0, 0, 0, 0.0004122272957889474, 0, 0, 0, 0, 0, -0.004388235584153049, 0, 0, 0, 0, 0, 0, 0, 0, 0, 0, 0, 0, 0, -0.0015564477617219907, 0, 0, 0, 0, 0, 0, 0, 0, 0, 0.003941954585059256, 0, 0, 0, 0, -0.004458866209310863, -0.003920532993979183, -0.004185075721044776, 0, 0, 0, 0, 0, 0.00277676026766968]
Start Date: 2025-07-29
End Date: 2025-11-19
Sharpe Ratio: -0.063
Annualized Sharpe: -1.0
Sharpe 95% CI: (np.float64(-4.581), np.float64(1.906))
Sortino Ratio: -0.057
CAGR: -0.022
Calmar Ratio: -1.136
Daily Win Rate (%): 0.385
Max Drawdown: 0.02
Profit Factor: 0.647
Expectancy: -0.000665
Average Win: 0.003168
Average Loss: 0.00306
Total Trades: 13
Total Days: 98



Rolling 9 - Variant 4 - atr_0.5_14 - Fit Metrics
Contracts: [5, 4, 4, 3, 3, 3, 3, 3, 3, 3, 4, 4, 5, 5, 7, 8, 5, 5, 5, 5, 5, 5, 5, 6, 6, 6, 6, 7, 4, 5, 4, 5, 7, 6, 5, 6, 6, 5, 3, 4, 4, 2, 5, 2, 3, 3, 3, 6, 4, 5, 5, 4, 4, 9, 7, 6, 6, 6, 6, 4, 5, 2, 3, 7, 6, 7, 7, 7, 5, 8, 5, 1, 1, 4, 4, 5, 3, 5, 5, 6, 6, 6, 7, 6, 6, 7, 7, 7, 6, 4, 7, 8, 7, 6, 7, 5, 7, 7, 7, 7, 7, 5]
Trade Returns: [-0.00431, -0.00418604184033183, 0.001140622453967754, 0.0049672067901234615, -0.0034850520658380926, -0.000999211465650608, 0.0027656433585394446, 0.0028481469018891478, 0.0026948469121209524, 0.010593207673499675, 0.0022708480628887144, 0.009778402126458112, 0.0047768398447815535, -0.0045430912589619595, -0.003493437949380957, 0.0017382758634083978, 0.00023266049211575351, 0.003527863336001847, -0.0013134690455908976, 0.008113602033139102, 0.009773074355176619, -0.004201494421456148, -0.004286349421076833, 0.0014769132132212428, -0.0035553692553921207, -0.0008834091178528918, -0.004204420647995608, 0.003705178062896145, 0.002902863226505674, 0.0003873831410093603, 0.001419218971752942, -0.0037239797628844, -0.0006424216236059553, -0.001905545404976242, 0.0005155042681843915, 0.01075534893508402, -0.004034971026799492, -0.0017379288045821226, -0.0017043230810459132, 0.002200545403995285, -0.0035226160058864776, 0.0003780601057405448, -0.0007597105347819605, -0.00035273163518245455, -0.0038994926591517983, -0.003739731781691457, 0.002187338914052862, 0.012995648560113468, 0.0012160731117895024, -0.004401799332007647, 0.0006127712385348053, 0.0008837106545272732, -0.00412669095798735, 0.006177735271019511, 0.0006285525830794932, -0.0039383342820962, -0.003794904428940609, -0.0040524317518568775, 0.004955526824101222, 0.00018696248286174586, -0.00034702403188830914, -0.004793629234498956, -0.003763976325937822, 0.03109614185970716, -0.0007095856097589845, -0.005245372471881779, 0.00043997079185492465, -0.0021552603561929575, -0.004375414302910122, -0.0049350910064239846, 0.0007044707522203037, -0.0019274604767076649, -0.0035153561089684973, -0.0014462568687785594, 0.005005857515694161, -0.005289877757619878, 0.0443546628799154, 0.0013278233693140844, 0.0217549257623815, 0.009792174973858493, -0.0041097220274628685, 0.007462686567164136, 0.00964539769571209, 0.0006814878441380816, 0.0008406386725711982, 0.0020342671233725966, -0.0004456398911366116, 0.0037648590743188767, -0.003976346379251089]
Daily Returns: [-0.00849604184033183, 0, 0, 0, 0, 0, 0, 0, 0.001140622453967754, 0, 0, 0, 0, 0.001482154724285369, -0.000999211465650608, 0, 0, 0.005613790260428592, 0, 0, 0, 0, 0, 0.0026948469121209524, 0, 0, 0, 0, 0, 0, 0, 0, 0.010593207673499675, 0.0022708480628887144, 0, 0, 0, 0, 0, 0, 0, 0, 0, 0, 0.009778402126458112, 0, 0, 0, 0, 0, 0, 0, 0, 0, 0, 0, 0, 0, 0, 0, 0, 0, 0, 0, 0, 0, 0, 0, 0, 0, 0, 0, 0, 0, 0, 0, 0, 0, 0, 0.0047768398447815535, -0.0045430912589619595, 0, 0, 0, 0, 0, 0, 0, 0, 0, 0, -0.003493437949380957, 0.0019709363555241513, 0, 0, 0.0022143942904109494, 0, 0, 0, 0, 0, 0, 0, 0, 0.008113602033139102, 0, 0, 0, 0.009773074355176619, -0.004201494421456148, 0, 0, 0, 0, 0, 0, 0, -0.004286349421076833, 0, 0.0014769132132212428, -0.0035553692553921207, -0.0008834091178528918, -0.004204420647995608, 0, 0, 0, 0, 0, 0, 0, 0, 0, 0, 0, 0, 0, 0, 0, 0, 0, 0, 0, 0, 0, 0, 0, 0, 0, 0, 0.006608041289401819, 0, 0, 0, 0, 0, 0, 0, 0.0003873831410093603, 0.001419218971752942, 0, 0, 0, 0, 0, 0, 0, 0, 0, 0, 0, 0, -0.0037239797628844, 0, 0, 0, -0.0006424216236059553, -0.001905545404976242, 0.0005155042681843915, 0, 0, 0, 0, 0.01075534893508402, -0.004034971026799492, 0, 0, 0, -0.0017379288045821226, -0.0017043230810459132, 0.002200545403995285, 0, 0, 0, 0, 0, 0, 0, -0.0035226160058864776, 0, 0, 0, 0.0003780601057405448, 0, 0, 0, 0, 0, 0, 0, 0, 0, 0, 0, 0, 0, 0, 0, 0, 0, 0, 0, 0, 0, 0, 0, 0, 0, 0, 0, 0, 0, 0, 0, 0, 0, 0, 0, 0, 0, 0, -0.0007597105347819605, 0, 0, -0.00035273163518245455, 0, 0, 0, -0.0038994926591517983, 0, 0, -0.003739731781691457, 0, 0, 0, 0, 0, 0, 0, 0, 0, 0.002187338914052862, 0.012995648560113468, 0, 0.0012160731117895024, 0, 0, 0, -0.004401799332007647, 0, 0.0006127712385348053, 0, 0, 0, 0, 0, 0, 0.0008837106545272732, 0, 0, 0, 0, 0, 0, 0, 0, 0, 0, 0, 0, 0, 0, 0, 0, 0, 0, 0, 0, 0, 0, 0, 0, 0, 0, 0, 0, 0, 0, 0, -0.00412669095798735, 0.0068062878540990045, 0, 0, 0, 0, 0, 0, 0, 0, -0.0039383342820962, 0, 0, 0, 0, 0, 0, 0, -0.003794904428940609, -0.0040524317518568775, 0, 0, 0, 0, 0, 0, 0, 0.004955526824101222, 0, 0, 0, 0, 0, 0.00018696248286174586, 0, 0, 0, 0, 0, 0, -0.00034702403188830914, 0, 0, 0, 0, 0, 0, -0.004793629234498956, 0, 0, 0, 0, -0.003763976325937822, 0.03109614185970716, 0, 0, 0, 0, 0, 0, 0, 0, 0, 0, 0, 0, 0, 0, 0, 0, 0, 0, 0, 0, 0, 0, 0, 0, 0, 0, 0, -0.0007095856097589845, 0, 0, 0, 0, 0, -0.006960662036219811, 0, -0.004375414302910122, -0.0049350910064239846, 0, 0, 0, 0, 0, 0, 0, 0, 0.0007044707522203037, 0, 0, 0, 0, 0, 0, 0, 0, -0.0019274604767076649, 0, 0, -0.0035153561089684973, 0, 0, 0, 0, 0, 0, 0, -0.0014462568687785594, 0, 0, 0, 0.005005857515694161, 0, 0, 0, 0, -0.005289877757619878, 0.0443546628799154, 0, 0, 0, 0, 0, 0, 0, 0, 0, 0, 0, 0, 0, 0, 0, 0, 0, 0, 0, 0, 0, 0, 0.0013278233693140844, 0, 0, 0, 0, 0, 0.0217549257623815, 0, 0, 0, 0, 0, 0, 0, 0, 0.009792174973858493, 0, 0, 0, 0.003352964539701267, 0, 0, 0.00964539769571209, 0, 0, 0.0006814878441380816, 0.0008406386725711982, 0, 0, 0, 0, 0.0020342671233725966, 0, 0, 0.0033192191831822654, 0, 0, -0.003976346379251089]
Start Date: 2023-12-26
End Date: 2025-07-28
Sharpe Ratio: 0.079
Annualized Sharpe: 1.253
Sharpe 95% CI: (np.float64(-0.009), np.float64(2.117))
Sortino Ratio: 0.137
CAGR: 0.064
Calmar Ratio: 2.747
Daily Win Rate (%): 0.517
Max Drawdown: 0.023
Profit Factor: 1.94
Expectancy: 0.001403
Average Win: 0.005602
Average Loss: 0.003089
Total Trades: 89
Total Days: 498

Rolling 9 - Variant 4 - atr_0.5_14 - Test Metrics
Contracts: [5, 4, 4, 3, 3, 3, 3, 3, 3, 3, 4, 4, 5, 5, 7, 8, 5, 5, 5, 5, 5, 5, 5, 6, 6, 6, 6, 7, 4, 5, 4, 5, 7, 6, 5, 6, 6, 5, 3, 4, 4, 2, 5, 2, 3, 3, 3, 6, 4, 5, 5, 4, 4, 9, 7, 6, 6, 6, 6, 4, 5, 2, 3, 7, 6, 7, 7, 7, 5, 8, 5, 1, 1, 4, 4, 5, 3, 5, 5, 6, 6, 6, 7, 6, 6, 7, 7, 7, 6, 4, 7, 8, 7, 6, 7, 5, 7, 7, 7, 7, 7, 5]
Trade Returns: [-0.0004317827495713445, 0.008724362889591183, -0.0019094988793979476, -0.00364342925469716, 0.0004129729996841011, -0.004396170462744575, -0.00155927458293834, 0.00036025803703735524, 0.0035888647620669705, -0.004466945136297511, -0.0039276683996704465, -0.004192722631432586, 0.002318212738534242]
Daily Returns: [0, 0, 0, 0, 0, 0, -0.0004317827495713445, 0, 0, 0, 0, 0, 0, 0, 0, 0.008724362889591183, 0, -0.0019094988793979476, 0, 0, 0, 0, 0, 0, 0, 0, 0, 0, 0, 0, 0, 0, 0, 0, 0, 0, 0, 0, 0, 0, 0, 0, 0, 0, 0, 0, 0, 0, 0, -0.00364342925469716, 0, 0, 0, 0, 0.0004129729996841011, 0, 0, 0, 0, 0, -0.004396170462744575, 0, 0, 0, 0, 0, 0, 0, 0, 0, 0, 0, 0, 0, -0.00155927458293834, 0, 0, 0, 0, 0, 0, 0, 0, 0, 0.0039491227991043255, 0, 0, 0, 0, -0.004466945136297511, -0.0039276683996704465, -0.004192722631432586, 0, 0, 0, 0, 0, 0.002318212738534242]
Start Date: 2025-07-29
End Date: 2025-11-19
Sharpe Ratio: -0.067
Annualized Sharpe: -1.061
Sharpe 95% CI: (np.float64(-4.604), np.float64(1.859))
Sortino Ratio: -0.06
CAGR: -0.023
Calmar Ratio: -1.195
Daily Win Rate (%): 0.385
Max Drawdown: 0.02
Profit Factor: 0.628
Expectancy: -0.000702
Average Win: 0.003081
Average Loss: 0.003066
Total Trades: 13
Total Days: 98



Rolling 10 - Variant 0 - atr_0.5_1 - Fit Metrics
Contracts: [5, 4, 4, 3, 3, 3, 3, 3, 3, 3, 4, 4, 5, 5, 7, 7, 5, 5, 5, 5, 5, 5, 5, 6, 6, 6, 6, 7, 4, 5, 4, 5, 7, 6, 5, 6, 6, 5, 3, 4, 4, 2, 5, 2, 3, 3, 3, 6, 4, 5, 5, 4, 4, 10, 7, 6, 6, 6, 6, 5, 5, 2, 3, 7, 6, 7, 6, 7, 5, 8, 5, 1, 1, 4, 4, 5, 3, 5, 5, 6, 6, 6, 6, 5, 5, 7, 7, 6, 6, 4, 7, 7, 7, 6, 6, 5, 6, 6, 6, 6, 6, 5]
Trade Returns: [-0.00431, -0.00418604184033183, 0.001140622453967754, 0.0028874903549382714, -0.0034922791178539016, 0.003221019868987731, 0.0030002405002405004, 0.0029912659828916373, 0.0026948469121209524, 0.004643295149386494, 0.0022651478023882708, 0.004135877901777343, 0.00409702891997385, -0.004039372181748355, 0.0033044220770485962, 0.00173906622830537, 0.00023276609529059586, 0.0035294642389641227, -0.0013140629861308384, 0.00424729924013011, 0.004034728725187575, 0.004051840063889885, -0.004329403095062639, 0.004035988528078454, -0.003582082675850313, 0.004706584980541749, -0.004214779827929942, 0.0031754371499301062, 0.0032171746449782515, 0.00038821954484603946, 0.0014222820362337592, 0.0035220207426977725, -0.0006391575295039876, 0.0038716603598321904, 0.0005166178749784526, 0.004364597218453991, -0.003991353647206052, -0.0017190667923127395, -0.0016857939441093995, 0.0022080339989751178, -0.0034842539990601685, 0.004294579456415279, -0.0007466709333577231, 0.00206642462534073, -0.003832592073597953, -0.0036753252462162116, 0.0021493779130233744, 0.004170382214569048, 0.0011951849486756636, -0.004363586255468837, 0.0006074283100037554, 0.002950770543010939, -0.004056625631948586, 0.0033881639124336855, 0.0006178371884593855, 0.005152486793161175, -0.0037302047417081137, -0.003982382370092999, 0.004057167790680763, 0.0002297037587191392, -0.00034756514472387143, -0.004801106515407429, -0.0033198208133370984, 0.0035967240029781793, -0.0006974962552455636, -0.005396170794186434, 0.0004527348609646718, -0.0022167703830319927, -0.004501884801984694, -0.005076248891064273, 0.0007243008753582734, -0.001981677226580802, -0.0036144344689845076, -0.0014881817441955159, 0.004320360574958257, 0.005229983427065505, 0.004189245800618928, 0.002191250138287487, 0.0035604553113301775, 0.003102873522338191, -0.004381181999206558, 0.004146366347058949, 0.004301776112106893, 0.0006108164134005757, 0.0007535162501978821, 0.0021883172831316197, 0.0042472496538291825, 0.003454643597829539, -0.004258138310221231, -0.0004625127712287051, 0.004632957146568711, 0.004677660490191637]
Daily Returns: [-0.00849604184033183, 0, 0, 0, 0, 0, 0, 0, 0.001140622453967754, 0, 0, 0, 0, -0.0006047887629156302, 0.003221019868987731, 0, 0, 0.005991506483132137, 0, 0, 0, 0, 0, 0.0026948469121209524, 0, 0, 0, 0, 0, 0, 0, 0, 0.004643295149386494, 0.0022651478023882708, 0, 0, 0, 0, 0, 0, 0, 0, 0, 0, 0.004135877901777343, 0, 0, 0, 0, 0, 0, 0, 0, 0, 0, 0, 0, 0, 0, 0, 0, 0, 0, 0, 0, 0, 0, 0, 0, 0, 0, 0, 0, 0, 0, 0, 0, 0, 0, 0.00409702891997385, -0.004039372181748355, 0, 0, 0, 0, 0, 0, 0, 0, 0, 0, 0.0033044220770485962, 0.0019718323235959657, 0, 0, 0.0022154012528332843, 0, 0, 0, 0, 0, 0, 0, 0, 0.00424729924013011, 0, 0, 0, 0.004034728725187575, 0.004051840063889885, 0, 0, 0, 0, 0, 0, 0, -0.004329403095062639, 0, 0.004035988528078454, -0.003582082675850313, 0.004706584980541749, -0.004214779827929942, 0, 0, 0, 0, 0, 0, 0, 0, 0, 0, 0, 0, 0, 0, 0, 0, 0, 0, 0, 0, 0, 0, 0, 0, 0, 0, 0.006392611794908357, 0, 0, 0, 0, 0, 0, 0, 0.00038821954484603946, 0.0014222820362337592, 0, 0, 0, 0, 0, 0, 0, 0, 0, 0, 0, 0, 0.0035220207426977725, 0, 0, 0, -0.0006391575295039876, 0.0038716603598321904, 0.0005166178749784526, 0, 0, 0, 0, 0.004364597218453991, -0.003991353647206052, 0, 0, 0, -0.0017190667923127395, -0.0016857939441093995, 0.0022080339989751178, 0, 0, 0, 0, 0, 0, 0, -0.0034842539990601685, 0, 0, 0, 0.004294579456415279, 0, 0, 0, 0, 0, 0, 0, 0, 0, 0, 0, 0, 0, 0, 0, 0, 0, 0, 0, 0, 0, 0, 0, 0, 0, 0, 0, 0, 0, 0, 0, 0, 0, 0, 0, 0, 0, 0, -0.0007466709333577231, 0, 0, 0.00206642462534073, 0, 0, 0, -0.003832592073597953, 0, 0, -0.0036753252462162116, 0, 0, 0, 0, 0, 0, 0, 0, 0, 0.0021493779130233744, 0.004170382214569048, 0, 0.0011951849486756636, 0, 0, 0, -0.004363586255468837, 0, 0.0006074283100037554, 0, 0, 0, 0, 0, 0, 0.002950770543010939, 0, 0, 0, 0, 0, 0, 0, 0, 0, 0, 0, 0, 0, 0, 0, 0, 0, 0, 0, 0, 0, 0, 0, 0, 0, 0, 0, 0, 0, 0, 0, -0.004056625631948586, 0.004006001100893071, 0, 0, 0, 0, 0, 0, 0, 0, 0.005152486793161175, 0, 0, 0, 0, 0, 0, 0, -0.0037302047417081137, -0.003982382370092999, 0, 0, 0, 0, 0, 0, 0, 0.004057167790680763, 0, 0, 0, 0, 0, 0.0002297037587191392, 0, 0, 0, 0, 0, 0, -0.00034756514472387143, 0, 0, 0, 0, 0, 0, -0.004801106515407429, 0, 0, 0, 0, -0.0033198208133370984, 0.0035967240029781793, 0, 0, 0, 0, 0, 0, 0, 0, 0, 0, 0, 0, 0, 0, 0, 0, 0, 0, 0, 0, 0, 0, 0, 0, 0, 0, 0, -0.0006974962552455636, 0, 0, 0, 0, 0, -0.007160206316253755, 0, -0.004501884801984694, -0.005076248891064273, 0, 0, 0, 0, 0, 0, 0, 0, 0.0007243008753582734, 0, 0, 0, 0, 0, 0, 0, 0, -0.001981677226580802, 0, 0, -0.0036144344689845076, 0, 0, 0, 0, 0, 0, 0, -0.0014881817441955159, 0, 0, 0, 0.004320360574958257, 0, 0, 0, 0, 0.005229983427065505, 0.004189245800618928, 0, 0, 0, 0, 0, 0, 0, 0, 0, 0, 0, 0, 0, 0, 0, 0, 0, 0, 0, 0, 0, 0, 0.002191250138287487, 0, 0, 0, 0, 0, 0.0035604553113301775, 0, 0, 0, 0, 0, 0, 0, 0, 0.003102873522338191, 0, 0, 0, -0.00023481565214760955, 0, 0, 0.004301776112106893, 0, 0, 0.0006108164134005757, 0.0007535162501978821, 0, 0, 0, 0, 0.0021883172831316197, 0, 0, 0.007701893251658721, 0, 0, -0.004258138310221231, 0, 0, 0, 0, 0, 0, -0.0004625127712287051, 0, 0, 0, 0, 0, 0, 0, 0, 0.004632957146568711, 0, 0.004677660490191637, 0, 0, 0, 0, 0, 0, 0, 0, 0, 0, 0, 0, 0, 0, 0, 0, 0, 0, 0, 0, 0, 0, 0, 0, 0, 0, 0, 0, 0, 0, 0]
Start Date: 2023-12-26
End Date: 2025-09-23
Sharpe Ratio: 0.081
Annualized Sharpe: 1.292
Sharpe 95% CI: (np.float64(0.001), np.float64(2.589))
Sortino Ratio: 0.058
CAGR: 0.029
Calmar Ratio: 0.921
Daily Win Rate (%): 0.63
Max Drawdown: 0.032
Profit Factor: 1.584
Expectancy: 0.000685
Average Win: 0.002947
Average Loss: 0.003174
Total Trades: 92
Total Days: 547

Rolling 10 - Variant 0 - atr_0.5_1 - Test Metrics
Contracts: [5, 4, 4, 3, 3, 3, 3, 3, 3, 3, 4, 4, 5, 5, 7, 7, 5, 5, 5, 5, 5, 5, 5, 6, 6, 6, 6, 7, 4, 5, 4, 5, 7, 6, 5, 6, 6, 5, 3, 4, 4, 2, 5, 2, 3, 3, 3, 6, 4, 5, 5, 4, 4, 10, 7, 6, 6, 6, 6, 5, 5, 2, 3, 7, 6, 7, 6, 7, 5, 8, 5, 1, 1, 4, 4, 5, 3, 5, 5, 6, 6, 6, 6, 5, 5, 7, 7, 6, 6, 4, 7, 7, 7, 6, 6, 5, 6, 6, 6, 6, 6, 5]
Trade Returns: [-0.0038930537549555643, 0.0004413778533946564, -0.004027210063500203, -0.001665858977465463, 0.003799945390006371, 0.0032755298651252485, -0.004078220495034963, -0.0035844733319721402, -0.003825049520730401, 0.002466497535407091]
Daily Returns: [-0.0038930537549555643, 0, 0, 0, 0, 0.0004413778533946564, 0, 0, 0, 0, 0, -0.004027210063500203, 0, 0, 0, 0, 0, 0, 0, 0, 0, 0, 0, 0, 0, -0.001665858977465463, 0, 0, 0, 0, 0, 0, 0, 0, 0, 0.007075475255131619, 0, 0, 0, 0, -0.004078220495034963, -0.0035844733319721402, -0.003825049520730401, 0, 0, 0, 0, 0, 0.002466497535407091]
Start Date: 2025-09-24
End Date: 2025-11-19
Sharpe Ratio: -0.136
Annualized Sharpe: -2.166
Sharpe 95% CI: (np.float64(-6.87), np.float64(2.129))
Sortino Ratio: -0.246
CAGR: -0.056
Calmar Ratio: -4.873
Daily Win Rate (%): 0.4
Max Drawdown: 0.011
Profit Factor: 0.474
Expectancy: -0.001109
Average Win: 0.002496
Average Loss: 0.003512
Total Trades: 10
Total Days: 49



Rolling 10 - Variant 1 - atr_0.5_8 - Fit Metrics
Contracts: [5, 4, 4, 3, 3, 3, 3, 3, 3, 3, 4, 4, 5, 5, 7, 8, 5, 5, 5, 5, 5, 5, 5, 6, 6, 6, 6, 7, 4, 5, 4, 5, 7, 6, 5, 6, 6, 5, 3, 4, 4, 2, 5, 2, 3, 3, 3, 6, 4, 5, 5, 4, 4, 9, 7, 6, 6, 6, 6, 4, 5, 2, 3, 7, 6, 7, 7, 7, 5, 8, 5, 1, 1, 4, 4, 5, 3, 5, 5, 6, 6, 6, 7, 5, 6, 7, 7, 7, 6, 4, 7, 8, 7, 6, 6, 5, 7, 7, 6, 6, 7, 5]
Trade Returns: [-0.00431, -0.00418604184033183, 0.001140622453967754, 0.0049672067901234615, -0.0034850520658380926, -0.000999211465650608, 0.0027656433585394446, 0.0028481469018891478, 0.0026948469121209524, 0.010593207673499675, 0.0022708480628887144, 0.009778402126458112, 0.0047768398447815535, -0.0045430912589619595, -0.003493437949380957, 0.0017382758634083978, 0.00023266049211575351, 0.003527863336001847, -0.0013134690455908976, 0.008113602033139102, 0.009773074355176619, -0.004201494421456148, -0.004286349421076833, 0.0014769132132212428, -0.0035553692553921207, -0.0008834091178528918, -0.004204420647995608, 0.003705178062896145, 0.002902863226505674, 0.0003873831410093603, 0.001419218971752942, -0.0037239797628844, -0.0006424216236059553, -0.001905545404976242, 0.0005155042681843915, 0.01075534893508402, -0.004034971026799492, -0.0017379288045821226, -0.0017043230810459132, 0.002200545403995285, -0.0035226160058864776, 0.0003780601057405448, -0.0007597105347819605, -0.00035273163518245455, -0.0038994926591517983, -0.003739731781691457, 0.002187338914052862, 0.012995648560113468, 0.0012160731117895024, -0.004401799332007647, 0.0006127712385348053, 0.0008837106545272732, -0.00412669095798735, 0.006177735271019511, 0.0006285525830794932, -0.0039383342820962, -0.003794904428940609, -0.0040524317518568775, 0.004955526824101222, 0.00018696248286174586, -0.00034702403188830914, -0.004793629234498956, -0.0037694091261521647, 0.029609382594623656, -0.0007095856097589845, -0.005253026382988278, 0.00044060611109561374, -0.002158382958804992, -0.0043818325086837405, -0.0049422565729220205, 0.0007055072955868032, -0.0019302945018652685, -0.0035205348795482247, -0.001448384334818185, 0.0050132581249845935, -0.005297670535886291, 0.0336926328101118, 0.0013297796985706828, 0.0217549257623815, 0.009907828176144072, -0.0041577848428190015, 0.007550326377194829, 0.009757821846789617, 0.000574461935613614, 0.000850433200625047, 0.0020579488273455883, -0.00045081710600470496, 0.0038086169959534086, -0.004022387008545792, -0.0004368023916721426, 0.008825831317015385, -0.0019315129533862738]
Daily Returns: [-0.00849604184033183, 0, 0, 0, 0, 0, 0, 0, 0.001140622453967754, 0, 0, 0, 0, 0.001482154724285369, -0.000999211465650608, 0, 0, 0.005613790260428592, 0, 0, 0, 0, 0, 0.0026948469121209524, 0, 0, 0, 0, 0, 0, 0, 0, 0.010593207673499675, 0.0022708480628887144, 0, 0, 0, 0, 0, 0, 0, 0, 0, 0, 0.009778402126458112, 0, 0, 0, 0, 0, 0, 0, 0, 0, 0, 0, 0, 0, 0, 0, 0, 0, 0, 0, 0, 0, 0, 0, 0, 0, 0, 0, 0, 0, 0, 0, 0, 0, 0, 0.0047768398447815535, -0.0045430912589619595, 0, 0, 0, 0, 0, 0, 0, 0, 0, 0, -0.003493437949380957, 0.0019709363555241513, 0, 0, 0.0022143942904109494, 0, 0, 0, 0, 0, 0, 0, 0, 0.008113602033139102, 0, 0, 0, 0.009773074355176619, -0.004201494421456148, 0, 0, 0, 0, 0, 0, 0, -0.004286349421076833, 0, 0.0014769132132212428, -0.0035553692553921207, -0.0008834091178528918, -0.004204420647995608, 0, 0, 0, 0, 0, 0, 0, 0, 0, 0, 0, 0, 0, 0, 0, 0, 0, 0, 0, 0, 0, 0, 0, 0, 0, 0, 0.006608041289401819, 0, 0, 0, 0, 0, 0, 0, 0.0003873831410093603, 0.001419218971752942, 0, 0, 0, 0, 0, 0, 0, 0, 0, 0, 0, 0, -0.0037239797628844, 0, 0, 0, -0.0006424216236059553, -0.001905545404976242, 0.0005155042681843915, 0, 0, 0, 0, 0.01075534893508402, -0.004034971026799492, 0, 0, 0, -0.0017379288045821226, -0.0017043230810459132, 0.002200545403995285, 0, 0, 0, 0, 0, 0, 0, -0.0035226160058864776, 0, 0, 0, 0.0003780601057405448, 0, 0, 0, 0, 0, 0, 0, 0, 0, 0, 0, 0, 0, 0, 0, 0, 0, 0, 0, 0, 0, 0, 0, 0, 0, 0, 0, 0, 0, 0, 0, 0, 0, 0, 0, 0, 0, 0, -0.0007597105347819605, 0, 0, -0.00035273163518245455, 0, 0, 0, -0.0038994926591517983, 0, 0, -0.003739731781691457, 0, 0, 0, 0, 0, 0, 0, 0, 0, 0.002187338914052862, 0.012995648560113468, 0, 0.0012160731117895024, 0, 0, 0, -0.004401799332007647, 0, 0.0006127712385348053, 0, 0, 0, 0, 0, 0, 0.0008837106545272732, 0, 0, 0, 0, 0, 0, 0, 0, 0, 0, 0, 0, 0, 0, 0, 0, 0, 0, 0, 0, 0, 0, 0, 0, 0, 0, 0, 0, 0, 0, 0, -0.00412669095798735, 0.0068062878540990045, 0, 0, 0, 0, 0, 0, 0, 0, -0.0039383342820962, 0, 0, 0, 0, 0, 0, 0, -0.003794904428940609, -0.0040524317518568775, 0, 0, 0, 0, 0, 0, 0, 0.004955526824101222, 0, 0, 0, 0, 0, 0.00018696248286174586, 0, 0, 0, 0, 0, 0, -0.00034702403188830914, 0, 0, 0, 0, 0, 0, -0.004793629234498956, 0, 0, 0, 0, -0.0037694091261521647, 0.029609382594623656, 0, 0, 0, 0, 0, 0, 0, 0, 0, 0, 0, 0, 0, 0, 0, 0, 0, 0, 0, 0, 0, 0, 0, 0, 0, 0, 0, -0.0007095856097589845, 0, 0, 0, 0, 0, -0.0069708032306976565, 0, -0.0043818325086837405, -0.0049422565729220205, 0, 0, 0, 0, 0, 0, 0, 0, 0.0007055072955868032, 0, 0, 0, 0, 0, 0, 0, 0, -0.0019302945018652685, 0, 0, -0.0035205348795482247, 0, 0, 0, 0, 0, 0, 0, -0.001448384334818185, 0, 0, 0, 0.0050132581249845935, 0, 0, 0, 0, -0.005297670535886291, 0.0336926328101118, 0, 0, 0, 0, 0, 0, 0, 0, 0, 0, 0, 0, 0, 0, 0, 0, 0, 0, 0, 0, 0, 0, 0.0013297796985706828, 0, 0, 0, 0, 0, 0.0217549257623815, 0, 0, 0, 0, 0, 0, 0, 0, 0.009907828176144072, 0, 0, 0, 0.0033925415343758272, 0, 0, 0.009757821846789617, 0, 0, 0.000574461935613614, 0.000850433200625047, 0, 0, 0, 0, 0.0020579488273455883, 0, 0, 0.0033577998899487036, 0, 0, -0.004022387008545792, 0, 0, 0, 0, 0, 0, -0.0004368023916721426, 0, 0, 0, 0, 0, 0, 0, 0, 0.008825831317015385, 0, -0.0019315129533862738, 0, 0, 0, 0, 0, 0, 0, 0, 0, 0, 0, 0, 0, 0, 0, 0, 0, 0, 0, 0, 0, 0, 0, 0, 0, 0, 0, 0, 0, 0, 0]
Start Date: 2023-12-26
End Date: 2025-09-23
Sharpe Ratio: 0.079
Annualized Sharpe: 1.251
Sharpe 95% CI: (np.float64(0.024), np.float64(2.152))
Sortino Ratio: 0.118
CAGR: 0.056
Calmar Ratio: 2.383
Daily Win Rate (%): 0.511
Max Drawdown: 0.023
Profit Factor: 1.882
Expectancy: 0.001297
Average Win: 0.005419
Average Loss: 0.003008
Total Trades: 92
Total Days: 547

Rolling 10 - Variant 1 - atr_0.5_8 - Test Metrics
Contracts: [5, 4, 4, 3, 3, 3, 3, 3, 3, 3, 4, 4, 5, 5, 7, 8, 5, 5, 5, 5, 5, 5, 5, 6, 6, 6, 6, 7, 4, 5, 4, 5, 7, 6, 5, 6, 6, 5, 3, 4, 4, 2, 5, 2, 3, 3, 3, 6, 4, 5, 5, 4, 4, 9, 7, 6, 6, 6, 6, 4, 5, 2, 3, 7, 6, 7, 7, 7, 5, 8, 5, 1, 1, 4, 4, 5, 3, 5, 5, 6, 6, 6, 7, 5, 6, 7, 7, 7, 6, 4, 7, 8, 7, 6, 6, 5, 7, 7, 6, 6, 7, 5]
Trade Returns: [-0.003685514611322288, 0.00041776090864783724, -0.0038118148414509907, -0.0015764196285740324, 0.00036422551839337817, 0.003628374136848725, -0.0038708086344409064, -0.0034014642801400074, -0.0042339395619528705, 0.0023410990330085895]
Daily Returns: [-0.003685514611322288, 0, 0, 0, 0, 0.00041776090864783724, 0, 0, 0, 0, 0, -0.0038118148414509907, 0, 0, 0, 0, 0, 0, 0, 0, 0, 0, 0, 0, 0, -0.0015764196285740324, 0, 0, 0, 0, 0, 0, 0, 0, 0, 0.003992599655242103, 0, 0, 0, 0, -0.0038708086344409064, -0.0034014642801400074, -0.0042339395619528705, 0, 0, 0, 0, 0, 0.0023410990330085895]
Start Date: 2025-09-24
End Date: 2025-11-19
Sharpe Ratio: -0.203
Annualized Sharpe: -3.223
Sharpe 95% CI: (np.float64(-6.914), np.float64(1.253))
Sortino Ratio: -0.298
CAGR: -0.069
Calmar Ratio: -5.357
Daily Win Rate (%): 0.4
Max Drawdown: 0.013
Profit Factor: 0.328
Expectancy: -0.001383
Average Win: 0.001688
Average Loss: 0.00343
Total Trades: 10
Total Days: 49



Rolling 10 - Variant 2 - atr_0.5_9 - Fit Metrics
Contracts: [5, 4, 4, 3, 3, 3, 3, 3, 3, 3, 4, 4, 5, 5, 7, 8, 5, 5, 5, 5, 5, 5, 5, 6, 6, 6, 6, 7, 4, 5, 4, 5, 7, 6, 5, 6, 6, 5, 3, 4, 4, 2, 5, 2, 3, 3, 3, 6, 4, 5, 5, 4, 4, 9, 7, 6, 6, 6, 6, 4, 5, 2, 3, 7, 6, 7, 7, 7, 5, 8, 5, 1, 1, 4, 4, 5, 3, 5, 5, 6, 6, 6, 7, 5, 6, 7, 7, 7, 6, 4, 7, 8, 7, 6, 7, 5, 7, 7, 6, 7, 7, 5]
Trade Returns: [-0.00431, -0.00418604184033183, 0.001140622453967754, 0.0049672067901234615, -0.0034850520658380926, -0.000999211465650608, 0.0027656433585394446, 0.0028481469018891478, 0.0026948469121209524, 0.010593207673499675, 0.0022708480628887144, 0.009778402126458112, 0.0047768398447815535, -0.0045430912589619595, -0.003493437949380957, 0.0017382758634083978, 0.00023266049211575351, 0.003527863336001847, -0.0013134690455908976, 0.008113602033139102, 0.009773074355176619, -0.004201494421456148, -0.004286349421076833, 0.0014769132132212428, -0.0035553692553921207, -0.0008834091178528918, -0.004204420647995608, 0.003705178062896145, 0.002902863226505674, 0.0003873831410093603, 0.001419218971752942, -0.0037239797628844, -0.0006424216236059553, -0.001905545404976242, 0.0005155042681843915, 0.01075534893508402, -0.004034971026799492, -0.0017379288045821226, -0.0017043230810459132, 0.002200545403995285, -0.0035226160058864776, 0.0003780601057405448, -0.0007597105347819605, -0.00035273163518245455, -0.0038994926591517983, -0.003739731781691457, 0.002187338914052862, 0.012995648560113468, 0.0012160731117895024, -0.004401799332007647, 0.0006127712385348053, 0.0008837106545272732, -0.00412669095798735, 0.006177735271019511, 0.0006285525830794932, -0.0039383342820962, -0.003794904428940609, -0.0040524317518568775, 0.004955526824101222, 0.00018696248286174586, -0.00034702403188830914, -0.004793629234498956, -0.0037558564256121164, 0.0333262807573323, -0.0007095856097589845, -0.005233933334451698, 0.00043902124088055525, -0.0021505933564802972, -0.004365822170506906, -0.004924381531065338, 0.0007029216355144543, -0.0019232250079351896, -0.0035076164579471805, -0.0014430773624754852, 0.00499479747937403, -0.005278231481969338, 0.037777395232519224, 0.0013248996444978156, 0.0217549257623815, 0.009832425860337269, -0.004126450620682436, 0.007493189245623945, 0.009684528682072846, 0.0005701884116332947, 0.0008441102828303305, 0.0020426610107968884, -0.0004474749627104908, 0.0037803690834026797, -0.003992665954027711, -0.00043356196026869687, 0.008760328227882355, -0.0019173022429616695]
Daily Returns: [-0.00849604184033183, 0, 0, 0, 0, 0, 0, 0, 0.001140622453967754, 0, 0, 0, 0, 0.001482154724285369, -0.000999211465650608, 0, 0, 0.005613790260428592, 0, 0, 0, 0, 0, 0.0026948469121209524, 0, 0, 0, 0, 0, 0, 0, 0, 0.010593207673499675, 0.0022708480628887144, 0, 0, 0, 0, 0, 0, 0, 0, 0, 0, 0.009778402126458112, 0, 0, 0, 0, 0, 0, 0, 0, 0, 0, 0, 0, 0, 0, 0, 0, 0, 0, 0, 0, 0, 0, 0, 0, 0, 0, 0, 0, 0, 0, 0, 0, 0, 0, 0.0047768398447815535, -0.0045430912589619595, 0, 0, 0, 0, 0, 0, 0, 0, 0, 0, -0.003493437949380957, 0.0019709363555241513, 0, 0, 0.0022143942904109494, 0, 0, 0, 0, 0, 0, 0, 0, 0.008113602033139102, 0, 0, 0, 0.009773074355176619, -0.004201494421456148, 0, 0, 0, 0, 0, 0, 0, -0.004286349421076833, 0, 0.0014769132132212428, -0.0035553692553921207, -0.0008834091178528918, -0.004204420647995608, 0, 0, 0, 0, 0, 0, 0, 0, 0, 0, 0, 0, 0, 0, 0, 0, 0, 0, 0, 0, 0, 0, 0, 0, 0, 0, 0.006608041289401819, 0, 0, 0, 0, 0, 0, 0, 0.0003873831410093603, 0.001419218971752942, 0, 0, 0, 0, 0, 0, 0, 0, 0, 0, 0, 0, -0.0037239797628844, 0, 0, 0, -0.0006424216236059553, -0.001905545404976242, 0.0005155042681843915, 0, 0, 0, 0, 0.01075534893508402, -0.004034971026799492, 0, 0, 0, -0.0017379288045821226, -0.0017043230810459132, 0.002200545403995285, 0, 0, 0, 0, 0, 0, 0, -0.0035226160058864776, 0, 0, 0, 0.0003780601057405448, 0, 0, 0, 0, 0, 0, 0, 0, 0, 0, 0, 0, 0, 0, 0, 0, 0, 0, 0, 0, 0, 0, 0, 0, 0, 0, 0, 0, 0, 0, 0, 0, 0, 0, 0, 0, 0, 0, -0.0007597105347819605, 0, 0, -0.00035273163518245455, 0, 0, 0, -0.0038994926591517983, 0, 0, -0.003739731781691457, 0, 0, 0, 0, 0, 0, 0, 0, 0, 0.002187338914052862, 0.012995648560113468, 0, 0.0012160731117895024, 0, 0, 0, -0.004401799332007647, 0, 0.0006127712385348053, 0, 0, 0, 0, 0, 0, 0.0008837106545272732, 0, 0, 0, 0, 0, 0, 0, 0, 0, 0, 0, 0, 0, 0, 0, 0, 0, 0, 0, 0, 0, 0, 0, 0, 0, 0, 0, 0, 0, 0, 0, -0.00412669095798735, 0.0068062878540990045, 0, 0, 0, 0, 0, 0, 0, 0, -0.0039383342820962, 0, 0, 0, 0, 0, 0, 0, -0.003794904428940609, -0.0040524317518568775, 0, 0, 0, 0, 0, 0, 0, 0.004955526824101222, 0, 0, 0, 0, 0, 0.00018696248286174586, 0, 0, 0, 0, 0, 0, -0.00034702403188830914, 0, 0, 0, 0, 0, 0, -0.004793629234498956, 0, 0, 0, 0, -0.0037558564256121164, 0.0333262807573323, 0, 0, 0, 0, 0, 0, 0, 0, 0, 0, 0, 0, 0, 0, 0, 0, 0, 0, 0, 0, 0, 0, 0, 0, 0, 0, 0, -0.0007095856097589845, 0, 0, 0, 0, 0, -0.00694550545005144, 0, -0.004365822170506906, -0.004924381531065338, 0, 0, 0, 0, 0, 0, 0, 0, 0.0007029216355144543, 0, 0, 0, 0, 0, 0, 0, 0, -0.0019232250079351896, 0, 0, -0.0035076164579471805, 0, 0, 0, 0, 0, 0, 0, -0.0014430773624754852, 0, 0, 0, 0.00499479747937403, 0, 0, 0, 0, -0.005278231481969338, 0.037777395232519224, 0, 0, 0, 0, 0, 0, 0, 0, 0, 0, 0, 0, 0, 0, 0, 0, 0, 0, 0, 0, 0, 0, 0.0013248996444978156, 0, 0, 0, 0, 0, 0.0217549257623815, 0, 0, 0, 0, 0, 0, 0, 0, 0.009832425860337269, 0, 0, 0, 0.0033667386249415085, 0, 0, 0.009684528682072846, 0, 0, 0.0005701884116332947, 0.0008441102828303305, 0, 0, 0, 0, 0.0020426610107968884, 0, 0, 0.0033328941206921888, 0, 0, -0.003992665954027711, 0, 0, 0, 0, 0, 0, -0.00043356196026869687, 0, 0, 0, 0, 0, 0, 0, 0, 0.008760328227882355, 0, -0.0019173022429616695, 0, 0, 0, 0, 0, 0, 0, 0, 0, 0, 0, 0, 0, 0, 0, 0, 0, 0, 0, 0, 0, 0, 0, 0, 0, 0, 0, 0, 0, 0, 0]
Start Date: 2023-12-26
End Date: 2025-09-23
Sharpe Ratio: 0.079
Annualized Sharpe: 1.256
Sharpe 95% CI: (np.float64(0.061), np.float64(2.124))
Sortino Ratio: 0.125
CAGR: 0.059
Calmar Ratio: 2.547
Daily Win Rate (%): 0.511
Max Drawdown: 0.023
Profit Factor: 1.94
Expectancy: 0.00138
Average Win: 0.005577
Average Loss: 0.003003
Total Trades: 92
Total Days: 547

Rolling 10 - Variant 2 - atr_0.5_9 - Test Metrics
Contracts: [5, 4, 4, 3, 3, 3, 3, 3, 3, 3, 4, 4, 5, 5, 7, 8, 5, 5, 5, 5, 5, 5, 5, 6, 6, 6, 6, 7, 4, 5, 4, 5, 7, 6, 5, 6, 6, 5, 3, 4, 4, 2, 5, 2, 3, 3, 3, 6, 4, 5, 5, 4, 4, 9, 7, 6, 6, 6, 6, 4, 5, 2, 3, 7, 6, 7, 7, 7, 5, 8, 5, 1, 1, 4, 4, 5, 3, 5, 5, 6, 6, 6, 7, 5, 6, 7, 7, 7, 6, 4, 7, 8, 7, 6, 7, 5, 7, 7, 6, 7, 7, 5]
Trade Returns: [-0.0036583471051033264, 0.0004146701068927465, -0.004414228980157229, -0.0015657081448849318, 0.00036174679150196936, 0.0036036902643359473, -0.0038445700329433168, -0.0039413712123101945, -0.0042074080434479294, 0.002326366807865452]
Daily Returns: [-0.0036583471051033264, 0, 0, 0, 0, 0.0004146701068927465, 0, 0, 0, 0, 0, -0.004414228980157229, 0, 0, 0, 0, 0, 0, 0, 0, 0, 0, 0, 0, 0, -0.0015657081448849318, 0, 0, 0, 0, 0, 0, 0, 0, 0, 0.003965437055837916, 0, 0, 0, 0, -0.0038445700329433168, -0.0039413712123101945, -0.0042074080434479294, 0, 0, 0, 0, 0, 0.002326366807865452]
Start Date: 2025-09-24
End Date: 2025-11-19
Sharpe Ratio: -0.211
Annualized Sharpe: -3.348
Sharpe 95% CI: (np.float64(-6.927), np.float64(1.095))
Sortino Ratio: -0.294
CAGR: -0.074
Calmar Ratio: -5.313
Daily Win Rate (%): 0.4
Max Drawdown: 0.014
Profit Factor: 0.31
Expectancy: -0.001493
Average Win: 0.001677
Average Loss: 0.003605
Total Trades: 10
Total Days: 49



Rolling 10 - Variant 3 - atr_0.5_10 - Fit Metrics
Contracts: [5, 4, 4, 3, 3, 3, 3, 3, 3, 3, 4, 4, 5, 5, 7, 8, 5, 5, 5, 5, 5, 5, 5, 6, 6, 6, 6, 7, 4, 5, 4, 5, 7, 6, 5, 6, 6, 5, 3, 4, 4, 2, 5, 2, 3, 3, 3, 6, 4, 5, 5, 4, 4, 9, 7, 6, 6, 6, 6, 4, 5, 2, 3, 7, 6, 7, 7, 7, 5, 8, 5, 1, 1, 4, 4, 5, 3, 5, 5, 6, 6, 6, 7, 5, 6, 7, 7, 7, 6, 4, 7, 8, 7, 6, 7, 5, 7, 7, 6, 7, 7, 5]
Trade Returns: [-0.00431, -0.00418604184033183, 0.001140622453967754, 0.0049672067901234615, -0.0034850520658380926, -0.000999211465650608, 0.0027656433585394446, 0.0028481469018891478, 0.0026948469121209524, 0.010593207673499675, 0.0022708480628887144, 0.009778402126458112, 0.0047768398447815535, -0.0045430912589619595, -0.003493437949380957, 0.0017382758634083978, 0.00023266049211575351, 0.003527863336001847, -0.0013134690455908976, 0.008113602033139102, 0.009773074355176619, -0.004201494421456148, -0.004286349421076833, 0.0014769132132212428, -0.0035553692553921207, -0.0008834091178528918, -0.004204420647995608, 0.003705178062896145, 0.002902863226505674, 0.0003873831410093603, 0.001419218971752942, -0.0037239797628844, -0.0006424216236059553, -0.001905545404976242, 0.0005155042681843915, 0.01075534893508402, -0.004034971026799492, -0.0017379288045821226, -0.0017043230810459132, 0.002200545403995285, -0.0035226160058864776, 0.0003780601057405448, -0.0007597105347819605, -0.00035273163518245455, -0.0038994926591517983, -0.003739731781691457, 0.002187338914052862, 0.012995648560113468, 0.0012160731117895024, -0.004401799332007647, 0.0006127712385348053, 0.0008837106545272732, -0.00412669095798735, 0.006177735271019511, 0.0006285525830794932, -0.0039383342820962, -0.003794904428940609, -0.0040524317518568775, 0.004955526824101222, 0.00018696248286174586, -0.00034702403188830914, -0.004793629234498956, -0.003763976325937822, 0.03109614185970716, -0.0007095856097589845, -0.005245372471881779, 0.00043997079185492465, -0.0021552603561929575, -0.004375414302910122, -0.0049350910064239846, 0.0007044707522203037, -0.0019274604767076649, -0.0035153561089684973, -0.0014462568687785594, 0.005005857515694161, -0.005289877757619878, 0.042079578654401456, 0.0013278233693140844, 0.0217549257623815, 0.009813553401449661, -0.0041186072405331505, 0.007478887610446519, 0.009666181831241287, 0.0005691185598455099, 0.0008425273688083181, 0.0020388337444744247, -0.0004466382496035022, 0.0037732971843898195, -0.003985224990328413, -0.00043275071607831587, 0.008743929551749456, -0.0019137443075781123]
Daily Returns: [-0.00849604184033183, 0, 0, 0, 0, 0, 0, 0, 0.001140622453967754, 0, 0, 0, 0, 0.001482154724285369, -0.000999211465650608, 0, 0, 0.005613790260428592, 0, 0, 0, 0, 0, 0.0026948469121209524, 0, 0, 0, 0, 0, 0, 0, 0, 0.010593207673499675, 0.0022708480628887144, 0, 0, 0, 0, 0, 0, 0, 0, 0, 0, 0.009778402126458112, 0, 0, 0, 0, 0, 0, 0, 0, 0, 0, 0, 0, 0, 0, 0, 0, 0, 0, 0, 0, 0, 0, 0, 0, 0, 0, 0, 0, 0, 0, 0, 0, 0, 0, 0.0047768398447815535, -0.0045430912589619595, 0, 0, 0, 0, 0, 0, 0, 0, 0, 0, -0.003493437949380957, 0.0019709363555241513, 0, 0, 0.0022143942904109494, 0, 0, 0, 0, 0, 0, 0, 0, 0.008113602033139102, 0, 0, 0, 0.009773074355176619, -0.004201494421456148, 0, 0, 0, 0, 0, 0, 0, -0.004286349421076833, 0, 0.0014769132132212428, -0.0035553692553921207, -0.0008834091178528918, -0.004204420647995608, 0, 0, 0, 0, 0, 0, 0, 0, 0, 0, 0, 0, 0, 0, 0, 0, 0, 0, 0, 0, 0, 0, 0, 0, 0, 0, 0.006608041289401819, 0, 0, 0, 0, 0, 0, 0, 0.0003873831410093603, 0.001419218971752942, 0, 0, 0, 0, 0, 0, 0, 0, 0, 0, 0, 0, -0.0037239797628844, 0, 0, 0, -0.0006424216236059553, -0.001905545404976242, 0.0005155042681843915, 0, 0, 0, 0, 0.01075534893508402, -0.004034971026799492, 0, 0, 0, -0.0017379288045821226, -0.0017043230810459132, 0.002200545403995285, 0, 0, 0, 0, 0, 0, 0, -0.0035226160058864776, 0, 0, 0, 0.0003780601057405448, 0, 0, 0, 0, 0, 0, 0, 0, 0, 0, 0, 0, 0, 0, 0, 0, 0, 0, 0, 0, 0, 0, 0, 0, 0, 0, 0, 0, 0, 0, 0, 0, 0, 0, 0, 0, 0, 0, -0.0007597105347819605, 0, 0, -0.00035273163518245455, 0, 0, 0, -0.0038994926591517983, 0, 0, -0.003739731781691457, 0, 0, 0, 0, 0, 0, 0, 0, 0, 0.002187338914052862, 0.012995648560113468, 0, 0.0012160731117895024, 0, 0, 0, -0.004401799332007647, 0, 0.0006127712385348053, 0, 0, 0, 0, 0, 0, 0.0008837106545272732, 0, 0, 0, 0, 0, 0, 0, 0, 0, 0, 0, 0, 0, 0, 0, 0, 0, 0, 0, 0, 0, 0, 0, 0, 0, 0, 0, 0, 0, 0, 0, -0.00412669095798735, 0.0068062878540990045, 0, 0, 0, 0, 0, 0, 0, 0, -0.0039383342820962, 0, 0, 0, 0, 0, 0, 0, -0.003794904428940609, -0.0040524317518568775, 0, 0, 0, 0, 0, 0, 0, 0.004955526824101222, 0, 0, 0, 0, 0, 0.00018696248286174586, 0, 0, 0, 0, 0, 0, -0.00034702403188830914, 0, 0, 0, 0, 0, 0, -0.004793629234498956, 0, 0, 0, 0, -0.003763976325937822, 0.03109614185970716, 0, 0, 0, 0, 0, 0, 0, 0, 0, 0, 0, 0, 0, 0, 0, 0, 0, 0, 0, 0, 0, 0, 0, 0, 0, 0, 0, -0.0007095856097589845, 0, 0, 0, 0, 0, -0.006960662036219811, 0, -0.004375414302910122, -0.0049350910064239846, 0, 0, 0, 0, 0, 0, 0, 0, 0.0007044707522203037, 0, 0, 0, 0, 0, 0, 0, 0, -0.0019274604767076649, 0, 0, -0.0035153561089684973, 0, 0, 0, 0, 0, 0, 0, -0.0014462568687785594, 0, 0, 0, 0.005005857515694161, 0, 0, 0, 0, -0.005289877757619878, 0.042079578654401456, 0, 0, 0, 0, 0, 0, 0, 0, 0, 0, 0, 0, 0, 0, 0, 0, 0, 0, 0, 0, 0, 0, 0.0013278233693140844, 0, 0, 0, 0, 0, 0.0217549257623815, 0, 0, 0, 0, 0, 0, 0, 0, 0.009813553401449661, 0, 0, 0, 0.0033602803699133684, 0, 0, 0.009666181831241287, 0, 0, 0.0005691185598455099, 0.0008425273688083181, 0, 0, 0, 0, 0.0020388337444744247, 0, 0, 0.0033266589347863175, 0, 0, -0.003985224990328413, 0, 0, 0, 0, 0, 0, -0.00043275071607831587, 0, 0, 0, 0, 0, 0, 0, 0, 0.008743929551749456, 0, -0.0019137443075781123, 0, 0, 0, 0, 0, 0, 0, 0, 0, 0, 0, 0, 0, 0, 0, 0, 0, 0, 0, 0, 0, 0, 0, 0, 0, 0, 0, 0, 0, 0, 0]
Start Date: 2023-12-26
End Date: 2025-09-23
Sharpe Ratio: 0.079
Annualized Sharpe: 1.249
Sharpe 95% CI: (np.float64(0.043), np.float64(2.119))
Sortino Ratio: 0.127
CAGR: 0.06
Calmar Ratio: 2.581
Daily Win Rate (%): 0.511
Max Drawdown: 0.023
Profit Factor: 1.954
Expectancy: 0.001402
Average Win: 0.00562
Average Loss: 0.003004
Total Trades: 92
Total Days: 547

Rolling 10 - Variant 3 - atr_0.5_10 - Test Metrics
Contracts: [5, 4, 4, 3, 3, 3, 3, 3, 3, 3, 4, 4, 5, 5, 7, 8, 5, 5, 5, 5, 5, 5, 5, 6, 6, 6, 6, 7, 4, 5, 4, 5, 7, 6, 5, 6, 6, 5, 3, 4, 4, 2, 5, 2, 3, 3, 3, 6, 4, 5, 5, 4, 4, 9, 7, 6, 6, 6, 6, 4, 5, 2, 3, 7, 6, 7, 7, 7, 5, 8, 5, 1, 1, 4, 4, 5, 3, 5, 5, 6, 6, 6, 7, 5, 6, 7, 7, 7, 6, 4, 7, 8, 7, 6, 7, 5, 7, 7, 6, 7, 7, 5]
Trade Returns: [-0.0036515452980186163, 0.00041389630305700345, -0.004405995123702029, -0.001562774706491369, 0.00036106797860626717, 0.0035969304297114035, -0.003837384200819565, -0.003933976072461992, -0.004199482563755539, 0.0023219661584638774]
Daily Returns: [-0.0036515452980186163, 0, 0, 0, 0, 0.00041389630305700345, 0, 0, 0, 0, 0, -0.004405995123702029, 0, 0, 0, 0, 0, 0, 0, 0, 0, 0, 0, 0, 0, -0.001562774706491369, 0, 0, 0, 0, 0, 0, 0, 0, 0, 0.00395799840831767, 0, 0, 0, 0, -0.003837384200819565, -0.003933976072461992, -0.004199482563755539, 0, 0, 0, 0, 0, 0.0023219661584638774]
Start Date: 2025-09-24
End Date: 2025-11-19
Sharpe Ratio: -0.211
Annualized Sharpe: -3.348
Sharpe 95% CI: (np.float64(-6.927), np.float64(1.095))
Sortino Ratio: -0.294
CAGR: -0.074
Calmar Ratio: -5.314
Daily Win Rate (%): 0.4
Max Drawdown: 0.014
Profit Factor: 0.31
Expectancy: -0.00149
Average Win: 0.001673
Average Loss: 0.003599
Total Trades: 10
Total Days: 49



Rolling 10 - Variant 4 - atr_0.5_14 - Fit Metrics
Contracts: [5, 4, 4, 3, 3, 3, 3, 3, 3, 3, 4, 4, 5, 5, 7, 8, 5, 5, 5, 5, 5, 5, 5, 6, 6, 6, 6, 7, 4, 5, 4, 5, 7, 6, 5, 6, 6, 5, 3, 4, 4, 2, 5, 2, 3, 3, 3, 6, 4, 5, 5, 4, 4, 9, 7, 6, 6, 6, 6, 4, 5, 2, 3, 7, 6, 7, 7, 7, 5, 8, 5, 1, 1, 4, 4, 5, 3, 5, 5, 6, 6, 6, 7, 6, 6, 7, 7, 7, 6, 4, 7, 8, 7, 6, 7, 5, 7, 7, 7, 7, 7, 5]
Trade Returns: [-0.00431, -0.00418604184033183, 0.001140622453967754, 0.0049672067901234615, -0.0034850520658380926, -0.000999211465650608, 0.0027656433585394446, 0.0028481469018891478, 0.0026948469121209524, 0.010593207673499675, 0.0022708480628887144, 0.009778402126458112, 0.0047768398447815535, -0.0045430912589619595, -0.003493437949380957, 0.0017382758634083978, 0.00023266049211575351, 0.003527863336001847, -0.0013134690455908976, 0.008113602033139102, 0.009773074355176619, -0.004201494421456148, -0.004286349421076833, 0.0014769132132212428, -0.0035553692553921207, -0.0008834091178528918, -0.004204420647995608, 0.003705178062896145, 0.002902863226505674, 0.0003873831410093603, 0.001419218971752942, -0.0037239797628844, -0.0006424216236059553, -0.001905545404976242, 0.0005155042681843915, 0.01075534893508402, -0.004034971026799492, -0.0017379288045821226, -0.0017043230810459132, 0.002200545403995285, -0.0035226160058864776, 0.0003780601057405448, -0.0007597105347819605, -0.00035273163518245455, -0.0038994926591517983, -0.003739731781691457, 0.002187338914052862, 0.012995648560113468, 0.0012160731117895024, -0.004401799332007647, 0.0006127712385348053, 0.0008837106545272732, -0.00412669095798735, 0.006177735271019511, 0.0006285525830794932, -0.0039383342820962, -0.003794904428940609, -0.0040524317518568775, 0.004955526824101222, 0.00018696248286174586, -0.00034702403188830914, -0.004793629234498956, -0.003763976325937822, 0.03109614185970716, -0.0007095856097589845, -0.005245372471881779, 0.00043997079185492465, -0.0021552603561929575, -0.004375414302910122, -0.0049350910064239846, 0.0007044707522203037, -0.0019274604767076649, -0.0035153561089684973, -0.0014462568687785594, 0.005005857515694161, -0.005289877757619878, 0.0443546628799154, 0.0013278233693140844, 0.0217549257623815, 0.009792174973858493, -0.0041097220274628685, 0.007462686567164136, 0.00964539769571209, 0.0006814878441380816, 0.0008406386725711982, 0.0020342671233725966, -0.0004456398911366116, 0.0037648590743188767, -0.003976346379251089, -0.0004317827495713445, 0.008724362889591183, -0.0019094988793979476]
Daily Returns: [-0.00849604184033183, 0, 0, 0, 0, 0, 0, 0, 0.001140622453967754, 0, 0, 0, 0, 0.001482154724285369, -0.000999211465650608, 0, 0, 0.005613790260428592, 0, 0, 0, 0, 0, 0.0026948469121209524, 0, 0, 0, 0, 0, 0, 0, 0, 0.010593207673499675, 0.0022708480628887144, 0, 0, 0, 0, 0, 0, 0, 0, 0, 0, 0.009778402126458112, 0, 0, 0, 0, 0, 0, 0, 0, 0, 0, 0, 0, 0, 0, 0, 0, 0, 0, 0, 0, 0, 0, 0, 0, 0, 0, 0, 0, 0, 0, 0, 0, 0, 0, 0.0047768398447815535, -0.0045430912589619595, 0, 0, 0, 0, 0, 0, 0, 0, 0, 0, -0.003493437949380957, 0.0019709363555241513, 0, 0, 0.0022143942904109494, 0, 0, 0, 0, 0, 0, 0, 0, 0.008113602033139102, 0, 0, 0, 0.009773074355176619, -0.004201494421456148, 0, 0, 0, 0, 0, 0, 0, -0.004286349421076833, 0, 0.0014769132132212428, -0.0035553692553921207, -0.0008834091178528918, -0.004204420647995608, 0, 0, 0, 0, 0, 0, 0, 0, 0, 0, 0, 0, 0, 0, 0, 0, 0, 0, 0, 0, 0, 0, 0, 0, 0, 0, 0.006608041289401819, 0, 0, 0, 0, 0, 0, 0, 0.0003873831410093603, 0.001419218971752942, 0, 0, 0, 0, 0, 0, 0, 0, 0, 0, 0, 0, -0.0037239797628844, 0, 0, 0, -0.0006424216236059553, -0.001905545404976242, 0.0005155042681843915, 0, 0, 0, 0, 0.01075534893508402, -0.004034971026799492, 0, 0, 0, -0.0017379288045821226, -0.0017043230810459132, 0.002200545403995285, 0, 0, 0, 0, 0, 0, 0, -0.0035226160058864776, 0, 0, 0, 0.0003780601057405448, 0, 0, 0, 0, 0, 0, 0, 0, 0, 0, 0, 0, 0, 0, 0, 0, 0, 0, 0, 0, 0, 0, 0, 0, 0, 0, 0, 0, 0, 0, 0, 0, 0, 0, 0, 0, 0, 0, -0.0007597105347819605, 0, 0, -0.00035273163518245455, 0, 0, 0, -0.0038994926591517983, 0, 0, -0.003739731781691457, 0, 0, 0, 0, 0, 0, 0, 0, 0, 0.002187338914052862, 0.012995648560113468, 0, 0.0012160731117895024, 0, 0, 0, -0.004401799332007647, 0, 0.0006127712385348053, 0, 0, 0, 0, 0, 0, 0.0008837106545272732, 0, 0, 0, 0, 0, 0, 0, 0, 0, 0, 0, 0, 0, 0, 0, 0, 0, 0, 0, 0, 0, 0, 0, 0, 0, 0, 0, 0, 0, 0, 0, -0.00412669095798735, 0.0068062878540990045, 0, 0, 0, 0, 0, 0, 0, 0, -0.0039383342820962, 0, 0, 0, 0, 0, 0, 0, -0.003794904428940609, -0.0040524317518568775, 0, 0, 0, 0, 0, 0, 0, 0.004955526824101222, 0, 0, 0, 0, 0, 0.00018696248286174586, 0, 0, 0, 0, 0, 0, -0.00034702403188830914, 0, 0, 0, 0, 0, 0, -0.004793629234498956, 0, 0, 0, 0, -0.003763976325937822, 0.03109614185970716, 0, 0, 0, 0, 0, 0, 0, 0, 0, 0, 0, 0, 0, 0, 0, 0, 0, 0, 0, 0, 0, 0, 0, 0, 0, 0, 0, -0.0007095856097589845, 0, 0, 0, 0, 0, -0.006960662036219811, 0, -0.004375414302910122, -0.0049350910064239846, 0, 0, 0, 0, 0, 0, 0, 0, 0.0007044707522203037, 0, 0, 0, 0, 0, 0, 0, 0, -0.0019274604767076649, 0, 0, -0.0035153561089684973, 0, 0, 0, 0, 0, 0, 0, -0.0014462568687785594, 0, 0, 0, 0.005005857515694161, 0, 0, 0, 0, -0.005289877757619878, 0.0443546628799154, 0, 0, 0, 0, 0, 0, 0, 0, 0, 0, 0, 0, 0, 0, 0, 0, 0, 0, 0, 0, 0, 0, 0.0013278233693140844, 0, 0, 0, 0, 0, 0.0217549257623815, 0, 0, 0, 0, 0, 0, 0, 0, 0.009792174973858493, 0, 0, 0, 0.003352964539701267, 0, 0, 0.00964539769571209, 0, 0, 0.0006814878441380816, 0.0008406386725711982, 0, 0, 0, 0, 0.0020342671233725966, 0, 0, 0.0033192191831822654, 0, 0, -0.003976346379251089, 0, 0, 0, 0, 0, 0, -0.0004317827495713445, 0, 0, 0, 0, 0, 0, 0, 0, 0.008724362889591183, 0, -0.0019094988793979476, 0, 0, 0, 0, 0, 0, 0, 0, 0, 0, 0, 0, 0, 0, 0, 0, 0, 0, 0, 0, 0, 0, 0, 0, 0, 0, 0, 0, 0, 0, 0]
Start Date: 2023-12-26
End Date: 2025-09-23
Sharpe Ratio: 0.079
Annualized Sharpe: 1.247
Sharpe 95% CI: (np.float64(0.047), np.float64(2.112))
Sortino Ratio: 0.129
CAGR: 0.061
Calmar Ratio: 2.627
Daily Win Rate (%): 0.511
Max Drawdown: 0.023
Profit Factor: 1.971
Expectancy: 0.001427
Average Win: 0.005669
Average Loss: 0.003004
Total Trades: 92
Total Days: 547

Rolling 10 - Variant 4 - atr_0.5_14 - Test Metrics
Contracts: [5, 4, 4, 3, 3, 3, 3, 3, 3, 3, 4, 4, 5, 5, 7, 8, 5, 5, 5, 5, 5, 5, 5, 6, 6, 6, 6, 7, 4, 5, 4, 5, 7, 6, 5, 6, 6, 5, 3, 4, 4, 2, 5, 2, 3, 3, 3, 6, 4, 5, 5, 4, 4, 9, 7, 6, 6, 6, 6, 4, 5, 2, 3, 7, 6, 7, 7, 7, 5, 8, 5, 1, 1, 4, 4, 5, 3, 5, 5, 6, 6, 6, 7, 6, 6, 7, 7, 7, 6, 4, 7, 8, 7, 6, 7, 5, 7, 7, 7, 7, 7, 5]
Trade Returns: [-0.00364342925469716, 0.0004129729996841011, -0.004396170462744575, -0.00155927458293834, 0.00036025803703735524, 0.0035888647620669705, -0.004466945136297511, -0.0039276683996704465, -0.004192722631432586, 0.002318212738534242]
Daily Returns: [-0.00364342925469716, 0, 0, 0, 0, 0.0004129729996841011, 0, 0, 0, 0, 0, -0.004396170462744575, 0, 0, 0, 0, 0, 0, 0, 0, 0, 0, 0, 0, 0, -0.00155927458293834, 0, 0, 0, 0, 0, 0, 0, 0, 0, 0.0039491227991043255, 0, 0, 0, 0, -0.004466945136297511, -0.0039276683996704465, -0.004192722631432586, 0, 0, 0, 0, 0, 0.002318212738534242]
Start Date: 2025-09-24
End Date: 2025-11-19
Sharpe Ratio: -0.215
Annualized Sharpe: -3.409
Sharpe 95% CI: (np.float64(-6.935), np.float64(1.019))
Sortino Ratio: -0.29
CAGR: -0.077
Calmar Ratio: -5.292
Daily Win Rate (%): 0.4
Max Drawdown: 0.015
Profit Factor: 0.301
Expectancy: -0.001551
Average Win: 0.00167
Average Loss: 0.003698
Total Trades: 10
Total Days: 49

========== Variant Appearance Count (FIT Rankings) ==========
atr_0.5_1: 8 times
atr_0.5_0.5: 7 times
atr_0.5_2: 5 times
atr_0.5_3: 4 times
atr_0.25_5: 4 times
atr_0.25_1: 4 times
atr_0.5_9: 3 times
atr_0.5_10: 3 times
atr_0.5_11: 3 times
atr_0.5_14: 3 times
atr_0.5_4: 2 times
atr_0.5_5: 2 times
atr_0.5_12: 2 times
atr_0.5_8: 2 times
atr_0.5_0.25: 1 times
atr_0.5_13: 1 times
atr_0.5_15: 1 times

============================================
BEST VARIANT:atr_0.5_1
Total Fit (top 5) Appearances: 8
============================================

========== Best Variant Detailed Metrics ==========

Variant Name: atr_0.5_1
---------------------------------------------------

================ Rolling 1 ================

--- TEST Metrics ---
Start Date: 2024-02-22
End Date:   2025-11-19
Sharpe Ratio:        0.048
Annualized Sharpe:   0.769
Sortino Ratio:       0.042
Calmar Ratio:        0.534
CAGR:                0.017
Sharpe 95% CI:       (np.float64(-0.583), np.float64(2.104))
Daily Win Rate (%):  0.589
Max Drawdown:        0.032
Profit Factor:       1.315
Expectancy:          0.00041
Average Win:         0.00
Average Loss:        0.00

================ Rolling 2 ================

--- TEST Metrics ---
Start Date: 2024-04-21
End Date:   2025-11-19
Sharpe Ratio:        0.041
Annualized Sharpe:   0.658
Sortino Ratio:       0.036
Calmar Ratio:        0.466
CAGR:                0.015
Sharpe 95% CI:       (np.float64(-0.73), np.float64(2.071))
Daily Win Rate (%):  0.578
Max Drawdown:        0.032
Profit Factor:       1.263
Expectancy:          0.000354
Average Win:         0.00
Average Loss:        0.00

================ Rolling 3 ================

--- TEST Metrics ---
Start Date: 2024-06-18
End Date:   2025-11-19
Sharpe Ratio:        0.023
Annualized Sharpe:   0.365
Sortino Ratio:       0.019
Calmar Ratio:        0.243
CAGR:                0.008
Sharpe 95% CI:       (np.float64(-1.128), np.float64(1.798))
Daily Win Rate (%):  0.562
Max Drawdown:        0.032
Profit Factor:       1.141
Expectancy:          0.000192
Average Win:         0.00
Average Loss:        0.00

================ Rolling 4 ================

--- TEST Metrics ---
Start Date: 2024-08-15
End Date:   2025-11-19
Sharpe Ratio:        0.017
Annualized Sharpe:   0.27
Sortino Ratio:       0.014
Calmar Ratio:        0.179
CAGR:                0.006
Sharpe 95% CI:       (np.float64(-1.291), np.float64(1.81))
Daily Win Rate (%):  0.557
Max Drawdown:        0.032
Profit Factor:       1.105
Expectancy:          0.000151
Average Win:         0.00
Average Loss:        0.00

================ Rolling 5 ================

--- TEST Metrics ---
Start Date: 2024-10-13
End Date:   2025-11-19
Sharpe Ratio:        0.015
Annualized Sharpe:   0.239
Sortino Ratio:       0.013
Calmar Ratio:        0.164
CAGR:                0.005
Sharpe 95% CI:       (np.float64(-1.478), np.float64(1.813))
Daily Win Rate (%):  0.561
Max Drawdown:        0.032
Profit Factor:       1.089
Expectancy:          0.000131
Average Win:         0.00
Average Loss:        0.00

================ Rolling 6 ================

--- TEST Metrics ---
Start Date: 2024-12-10
End Date:   2025-11-19
Sharpe Ratio:        0.01
Annualized Sharpe:   0.161
Sortino Ratio:       0.008
Calmar Ratio:        0.11
CAGR:                0.003
Sharpe 95% CI:       (np.float64(-1.65), np.float64(1.964))
Daily Win Rate (%):  0.54
Max Drawdown:        0.032
Profit Factor:       1.059
Expectancy:          8.8e-05
Average Win:         0.00
Average Loss:        0.00

================ Rolling 7 ================

--- TEST Metrics ---
Start Date: 2025-02-06
End Date:   2025-11-19
Sharpe Ratio:        0.009
Annualized Sharpe:   0.135
Sortino Ratio:       0.007
Calmar Ratio:        0.104
CAGR:                0.003
Sharpe 95% CI:       (np.float64(-1.893), np.float64(2.087))
Daily Win Rate (%):  0.537
Max Drawdown:        0.028
Profit Factor:       1.049
Expectancy:          7.5e-05
Average Win:         0.00
Average Loss:        0.00

================ Rolling 8 ================

--- TEST Metrics ---
Start Date: 2025-04-06
End Date:   2025-11-19
Sharpe Ratio:        0.091
Annualized Sharpe:   1.44
Sortino Ratio:       0.086
Calmar Ratio:        2.401
CAGR:                0.032
Sharpe 95% CI:       (np.float64(-0.713), np.float64(3.421))
Daily Win Rate (%):  0.625
Max Drawdown:        0.014
Profit Factor:       1.672
Expectancy:          0.000783
Average Win:         0.00
Average Loss:        0.00

================ Rolling 9 ================

--- TEST Metrics ---
Start Date: 2025-06-02
End Date:   2025-11-19
Sharpe Ratio:        0.083
Annualized Sharpe:   1.321
Sortino Ratio:       0.074
Calmar Ratio:        2.254
CAGR:                0.03
Sharpe 95% CI:       (np.float64(-1.261), np.float64(3.565))
Daily Win Rate (%):  0.64
Max Drawdown:        0.014
Profit Factor:       1.586
Expectancy:          0.000707
Average Win:         0.00
Average Loss:        0.00

================ Rolling 10 ================

--- TEST Metrics ---
Start Date: 2025-07-29
End Date:   2025-11-19
Sharpe Ratio:        -0.017
Annualized Sharpe:   -0.268
Sortino Ratio:       -0.016
Calmar Ratio:        -0.442
CAGR:                -0.006
Sharpe 95% CI:       (np.float64(-3.794), np.float64(2.606))
Daily Win Rate (%):  0.462
Max Drawdown:        0.014
Profit Factor:       0.896
Expectancy:          -0.000172
Average Win:         0.00
Average Loss:        0.00

================ Rolling 11 ================

--- TEST Metrics ---
Start Date: 2025-09-24
End Date:   2025-11-19
Sharpe Ratio:        -0.136
Annualized Sharpe:   -2.166
Sortino Ratio:       -0.246
Calmar Ratio:        -4.873
CAGR:                -0.056
Sharpe 95% CI:       (np.float64(-6.87), np.float64(2.129))
Daily Win Rate (%):  0.4
Max Drawdown:        0.011
Profit Factor:       0.474
Expectancy:          -0.001109
Average Win:         0.00
Average Loss:        0.00
