


Rolling 0 - Variant 0 - atr_0.25_4 - Fit Metrics
Contracts: [3, 4, 4, 3, 3, 3, 3, 3, 3, 3, 2, 1, 2, 1, 1, 2, 2, 2, 2, 2, 2, 2, 1, 2, 1, 2, 2, 1, 1, 1, 2, 2, 2, 2, 2, 2, 2, 2, 2, 2, 2, 2, 3, 2, 2, 2, 2, 2, 3, 3, 3, 2, 2, 3, 3, 4, 3, 3, 3, 3, 3, 4, 4, 4, 4, 3, 3, 4, 3, 3, 3, 5, 5, 5, 5, 4, 3, 3, 4, 4, 4, 5, 3, 5, 4, 4, 3, 5, 4, 4, 4, 3, 4, 3, 4, 3, 5, 3, 4, 4, 5, 4, 3, 4, 3, 3, 3, 3, 3, 4, 5, 7, 8, 5, 5, 5, 5, 5, 5, 5, 6, 6, 6, 7, 7, 6, 5, 7, 6, 5, 6, 6, 5, 3, 4, 4, 5, 2, 3, 3, 3, 4, 5, 5, 4, 4, 6, 6, 6, 5, 5, 3, 7, 6, 6, 5, 8, 5, 1, 4, 4, 5, 3, 5, 5, 5, 6, 6, 6, 5, 5, 7, 7, 6, 6, 4, 7, 7, 7, 6, 6, 5, 6, 6]
Trade Returns: [0.005934, -0.0018768626967574416, 0.00692398555444671, 0.009786369508149375, -0.0020041297218510875, -0.0018314838552637006, -0.0017758461326673096, 0.004190414648129281, 0.0009063906425956889, -0.002240403311798282, 0.0067932727347735835, -0.0012737789876952174, 0.0017053958020726186, -0.001139308676827123]
Daily Returns: [0.005934, 0, 0, 0, 0, 0, 0, 0, 0, 0, 0, 0, 0, 0, -0.0018768626967574416, 0.00692398555444671, 0, 0, 0, 0, 0, 0, 0, 0, 0, 0, 0, 0, 0, 0, 0, 0.009786369508149375, -0.0020041297218510875, 0, -0.0018314838552637006, 0, 0, 0, 0, 0, 0, -0.0017758461326673096, 0, 0, 0, 0, 0, 0.0050968052907249695, -0.002240403311798282, 0, 0, 0, 0, 0, 0.0067932727347735835, 0, 0, 0, 0, 0, 0, 0, 0, 0, 0, 0, 0, 0, 0, 0, 0, 0, 0, 0, 0, 0, 0, 0, 0, 0, 0, 0, 0, 0, 0, 0, 0, 0, 0, 0, 0, 0, 0, -0.0012737789876952174, 0, 0, 0, 0, 0.0017053958020726186, -0.001139308676827123, 0, 0]
Start Date: 2021-12-17
End Date: 2022-04-14
Sharpe Ratio: 0.144
Annualized Sharpe: 2.293
Sharpe 95% CI: (np.float64(-0.689), np.float64(4.226))
Sortino Ratio: 0.601
CAGR: 0.061
Calmar Ratio: 10.888
Daily Win Rate (%): 0.5
Max Drawdown: 0.006
Profit Factor: 2.985
Expectancy: 0.001721
Average Win: 0.005177
Average Loss: 0.001735
Total Trades: 14
Total Days: 102

Rolling 0 - Variant 0 - atr_0.25_4 - Test Metrics
Contracts: [3, 4, 4, 3, 3, 3, 3, 3, 3, 3, 2, 1, 2, 1, 1, 2, 2, 2, 2, 2, 2, 2, 1, 2, 1, 2, 2, 1, 1, 1, 2, 2, 2, 2, 2, 2, 2, 2, 2, 2, 2, 2, 3, 2, 2, 2, 2, 2, 3, 3, 3, 2, 2, 3, 3, 4, 3, 3, 3, 3, 3, 4, 4, 4, 4, 3, 3, 4, 3, 3, 3, 5, 5, 5, 5, 4, 3, 3, 4, 4, 4, 5, 3, 5, 4, 4, 3, 5, 4, 4, 4, 3, 4, 3, 4, 3, 5, 3, 4, 4, 5, 4, 3, 4, 3, 3, 3, 3, 3, 4, 5, 7, 8, 5, 5, 5, 5, 5, 5, 5, 6, 6, 6, 7, 7, 6, 5, 7, 6, 5, 6, 6, 5, 3, 4, 4, 5, 2, 3, 3, 3, 4, 5, 5, 4, 4, 6, 6, 6, 5, 5, 3, 7, 6, 6, 5, 8, 5, 1, 4, 4, 5, 3, 5, 5, 5, 6, 6, 6, 5, 5, 7, 7, 6, 6, 4, 7, 7, 7, 6, 6, 5, 6, 6]
Trade Returns: [0.004570218447877497, -0.0024265171019464057, 0.007707674154103108, -0.002798631523153279, -0.001980923435952404, 0.0031907122612566054, -0.0017712211521094163, -0.0028064858429025096, -0.0012665689988268184, -0.002809076316486667, 0.0014729611989982311, 0.007681684118537474, 0.006151928236537574, -0.001156294010358547, -0.0012539414403568816, 0.00031628969049897433, 0.004276272663473938, 0.007252915180439779, -0.002100359843864356, -4.201921424069368e-05, -0.002123969530969461, -0.0019388384595047134, -0.0021921489586332644, 0.0007822775781606632, -0.0016882450673383906, -0.001658304604777147, 0.007511378833250466, 0.0015453940372271604, 0.0012260050567934498, -0.00042342655075206393, -0.0018547069868262358, -0.0015522844580386143, -0.0016312838893484036, -0.0014229934258470822, -0.0021087241258781523, 0.0027367416223373887, -0.0023089413417578634, -0.0017737079537912504, 0.001557161110286701, -0.0020838905447555394, -0.002724548704441416, -0.0018677885034999193, 0.008213827678675518, -0.0017693077149911226, -0.001825195038717721, 0.0006116847268517689, -0.0027547676438611605, 0.0020873019875925873, -0.0025630403388478685, -0.0025544041750896335, -0.0013132892083655542, 0.0026142649199417784, 0.0012427482157271602, 0.0031629439410824126, -0.0024437445745583747, -0.0018315053699041925, -0.0020454219385559118, -0.002049614264538175, -0.0023458366752583328, -0.002644052053677182, -0.002042589157842837, 0.0008736543377817602, 0.0030819178468921814, -0.001689702492359563, 0.00010935556375721168, 0.0009294206546167605, -0.0017634792040154257, 0.0013458343781344144, -0.0024525178857927876, 0.007228783666666011, -7.769313542317431e-06, 0.005120017403397504, -0.0017160149803469899, -0.002526181304322576, 0.008764082012866664, 0.0009157350601479829, 0.007449877661322718, -0.002294491505235976, -0.002240555000563481, 0.0011103628139111953, -0.002113493044999789, 0.0027568133769716985, -0.002544524393953598, 0.0003394960497620667, -0.00046784702169350774, -0.0019643425782763665, -0.0021719491802333407, -0.0018214096327208173, -0.0020095163302074194, -0.001741615941861273, -0.001657711546598504, 0.002664870733449057, -0.0015691951360741175, 0.002573486920676495, 0.009019644152276907, 0.0021980061358588218, 0.00811508315809597, -0.00226986128625473, -0.0024479804161566723, -0.001823458652359041, 0.0017120175983931694, 0.00022915194683678373, -0.0027778308100574675, -0.00130184651612471, 0.008041713392951297, 0.00808975943710184, -0.0021529550737339493, -0.0022750252780586464, 0.0014634201679719035, -0.0021938105091452833, 0.009390550793740899, -0.0025980696305155098, 0.00038132305952583335, 0.0013970256872464855, -0.0019313562245923531, -0.0006312538279157169, -0.0021543864134542, 0.0005074358140679789, -0.002081794751993248, -0.0015348687054807842, -0.0020874537224367246, -0.0017886579381169833, -0.0023347367062369747, -0.0014497827228517725, -0.0019754082605559697, -0.001893509628677614, 0.0021320902508453793, -0.0022495643852016804, 0.0011946634554925878, -0.0023024040537597025, 0.0006051773303636499, 0.0008727656911213321, -0.0021341166076724945, 0.0006209073295810342, -0.002022442213884756, 0.004897008880037746, -0.0026483203316157644, -0.001987553853518431, -0.0025651750151569814, -0.002440157357382826, -0.0020312575138254395, -0.002882754425357391, -0.0023898112437704625, -0.002666393586743774, 0.0007283987885988026, -0.0023431919957806985, -0.0019195318215069505, -0.0015928340102388083, -0.0024040293877933953, -0.0028551917393710353, 0.008550742605919991, 0.0053562229749769775, -0.002340688581670818, 0.00850928064090019, 0.008900445793893147, 0.0006118371366022282, 0.0007547746663226837, 0.002191969144406432, -0.00048011156878367914, 0.003476762493662209, -0.0022908158419603013, -0.0004645460014774413, 0.00945333333333334, -0.0025888599770172646, -0.0021320832174592463, 0.0004436321720534564, -0.0021148459914572355, -0.002810578409440506, 0.00033136419209981095, 0.0033011216960226715]
Daily Returns: [0, 0, 0, 0, 0, 0, 0, 0, 0.004570218447877497, 0, 0, -0.0024265171019464057, 0.007707674154103108, 0, -0.002798631523153279, 0, -0.001980923435952404, 0.0031907122612566054, 0, 0, -0.0017712211521094163, -0.0028064858429025096, 0, 0, -0.0012665689988268184, 0, 0, 0, 0, -0.002809076316486667, 0, 0, 0, 0, 0, 0, 0, 0, 0, 0, 0, 0, 0, 0, 0, 0, 0, 0, 0, 0, 0, 0, 0.0014729611989982311, 0, 0, 0, 0, 0, 0, 0, 0, 0, 0, 0, 0, 0, 0.007681684118537474, 0, 0, 0.004995634226179027, 0, 0, 0, 0, 0, -0.0012539414403568816, 0, 0, 0, 0, 0.00031628969049897433, 0, 0, 0, 0, 0, 0.004276272663473938, 0.005152555336575423, -4.201921424069368e-05, 0, 0, 0, -0.002123969530969461, 0, 0, 0, 0, 0, 0, 0, -0.003348709839977315, -0.0016882450673383906, 0, 0, -0.001658304604777147, 0, 0, 0, 0.007511378833250466, 0, 0, 0, 0, 0, 0, 0, 0, 0, 0, 0, 0, 0, 0, 0, 0, 0, 0, 0, 0, 0, 0, 0, 0, 0, 0, 0, 0, 0, 0, 0, 0, 0, 0, 0, 0, 0, 0.0015453940372271604, 0, 0, 0, 0, 0, 0, 0, 0.0012260050567934498, 0, 0, 0, 0, 0, 0, -0.00042342655075206393, 0, 0, -0.0018547069868262358, -0.003183568347387018, -0.0014229934258470822, 0, 0, 0, 0, 0.0006280174964592364, 0, 0, 0, 0, 0, 0, -0.0023089413417578634, 0, 0, 0, -0.0017737079537912504, 0.001557161110286701, 0, 0, 0, 0, 0, 0, 0, 0, 0, 0, 0, 0, 0, 0, 0, 0, 0, 0, 0, 0, 0, 0, 0, 0, 0, 0, 0, 0, 0, 0, 0, 0, 0, 0, 0, 0, 0, 0, -0.0020838905447555394, 0, 0, -0.002724548704441416, 0, 0, 0, 0, 0, 0.006346039175175599, -0.0017693077149911226, 0, 0, 0, 0, -0.001825195038717721, 0, -0.0021430829170093917, 0, 0, 0, 0, 0, 0.0020873019875925873, -0.0025630403388478685, 0, 0, 0, 0, 0, -0.003867693383455188, 0, 0, 0, 0, 0.0026142649199417784, 0, 0, 0, 0, 0.0012427482157271602, 0.0007191993665240379, 0, 0, 0, 0, 0, 0, 0, 0, 0, 0, 0, 0, 0, 0, 0, 0, 0, 0, 0, 0, 0, 0, 0, 0, 0, 0, 0, 0, 0, 0, 0, 0, -0.0018315053699041925, 0, 0, 0, 0, 0, 0, 0, 0, 0, 0, 0, 0, -0.006440872878352419, 0, 0, 0, 0, -0.002644052053677182, 0, 0, 0, 0, 0, 0, -0.002042589157842837, 0, 0, 0, 0, 0.003955572184673942, 0, -0.001689702492359563, 0, 0, 0, 0, 0, 0, 0, 0, 0, 0, 0, 0.00010935556375721168, 0, 0.0009294206546167605, 0, 0, 0, 0, 0, 0, 0, 0, 0, 0, 0, 0, 0, 0, 0, 0, 0, 0, 0, 0, 0, 0, 0, 0, 0, 0, 0, 0, -0.0017634792040154257, 0, 0, 0, 0, 0, 0.0013458343781344144, 0, 0, 0, 0, 0, 0, -0.0024525178857927876, 0, 0, 0, 0, 0, 0, 0, 0.007228783666666011, 0, 0, 0, 0, 0, 0, 0, 0, 0, 0, 0, 0, 0, -7.769313542317431e-06, 0, 0.005120017403397504, 0, 0, -0.0017160149803469899, 0, 0, 0, 0, 0, -0.002526181304322576, 0, 0, 0, 0, 0.008764082012866664, 0, 0, 0, 0, 0, 0, 0, 0, 0, 0, 0, 0, 0, 0, 0, 0, 0, 0, 0, 0, 0, 0, 0, 0, 0, 0, 0, 0, 0, 0, 0, 0, 0, 0.0009157350601479829, 0, 0.007449877661322718, 0, 0, 0, 0, 0, 0, 0, 0, 0, -0.002294491505235976, 0, 0, 0, 0, 0, 0, 0, 0, 0, 0, 0, 0, 0, 0, -0.0011301921866522858, 0, 0, -0.002113493044999789, 0, 0.0027568133769716985, 0, 0, 0, 0, 0, 0, 0, 0, -0.002544524393953598, 0, 0, 0, 0, 0, 0, 0, 0, 0, 0, 0, 0, 0, 0, 0, 0, 0, 0, 0, 0, 0, 0, 0, 0, 0, 0, 0, 0, 0, 0.0003394960497620667, -0.00046784702169350774, 0, 0, -0.0019643425782763665, 0, -0.0021719491802333407, 0, 0, 0, 0, 0, -0.0018214096327208173, 0, 0, 0, 0, -0.003751132272068692, -0.001657711546598504, 0, 0, 0.0010956755973749394, 0, 0, 0, 0, 0, 0.002573486920676495, 0, 0, 0, 0, 0, 0, 0, 0, 0.009019644152276907, 0.0021980061358588218, 0, 0, 0, 0, 0, 0, 0, 0, 0, 0, 0.00811508315809597, 0, 0, 0, 0, 0, 0, 0, 0, 0, 0, 0, 0, 0, 0, 0, 0, 0, 0, 0, 0, 0, 0, 0, 0, 0, 0, 0, 0, 0, 0, 0, 0, 0, 0, -0.00226986128625473, -0.0024479804161566723, 0, 0, 0, 0, 0, 0, 0, 0, 0, 0, -0.001823458652359041, 0.0019411695452299532, 0, 0, -0.004079677326182177, 0, 0, 0, 0, 0, 0, 0, 0, 0.008041713392951297, 0, 0, 0, 0.00808975943710184, -0.0021529550737339493, 0, 0, 0, 0, 0, 0, 0, -0.0022750252780586464, 0, 0.0014634201679719035, -0.0021938105091452833, 0.009390550793740899, -0.0025980696305155098, 0, 0, 0, 0, 0, 0, 0, 0, 0, 0, 0, 0, 0, 0, 0, 0, 0, 0, 0, 0, 0, 0, 0, 0, 0, 0, 0, 0, 0, 0, 0, 0, 0, 0, 0.00038132305952583335, 0.0013970256872464855, 0, 0, 0, 0, 0, 0, 0, 0, 0, 0, 0, 0, -0.0019313562245923531, 0, 0, 0, -0.0006312538279157169, -0.0021543864134542, 0.0005074358140679789, 0, 0, 0, 0, 0, -0.002081794751993248, 0, 0, 0, -0.0015348687054807842, -0.0020874537224367246, 0, 0, 0, 0, 0, 0, 0, 0, -0.0017886579381169833, 0, 0, 0, -0.0023347367062369747, 0, 0, 0, 0, 0, 0, 0, 0, 0, 0, 0, 0, 0, 0, 0, 0, 0, 0, 0, 0, 0, 0, 0, 0, 0, 0, 0, 0, 0, 0, 0, 0, 0, 0, 0, 0, 0, 0, -0.0014497827228517725, 0, 0, 0, 0, 0, 0, -0.0019754082605559697, 0, 0, -0.001893509628677614, 0, 0, 0, 0, 0, 0, 0, 0, 0, 0.0021320902508453793, -0.0022495643852016804, 0, 0.0011946634554925878, 0, 0, 0, -0.0023024040537597025, 0, 0.0006051773303636499, 0, 0, 0, 0, 0, 0, 0.0008727656911213321, 0, 0, 0, 0, 0, 0, 0, 0, 0, 0, 0, 0, 0, 0, 0, 0, 0, 0, 0, 0, 0, 0, 0, 0, 0, 0, 0, 0, 0, 0, 0, -0.0021341166076724945, 0.0006209073295810342, 0, 0, 0, 0, 0, 0, 0, 0, 0, 0, 0, 0, 0, 0, 0, 0, -0.002022442213884756, 0, 0, 0, 0, 0, 0, 0, 0, 0.004897008880037746, 0, 0, 0, 0, 0, -0.0026483203316157644, 0, 0, 0, 0, 0, 0, -0.001987553853518431, 0, 0, 0, 0, 0, 0, -0.0025651750151569814, 0, 0, 0, 0, -0.002440157357382826, -0.0020312575138254395, 0, 0, 0, 0, 0, 0, 0, 0, 0, 0, 0, 0, 0, 0, 0, 0, 0, 0, 0, 0, 0, 0, 0, 0, 0, 0, 0, 0, 0, 0, 0, 0, 0, -0.002882754425357391, 0, -0.0023898112437704625, -0.002666393586743774, 0, 0, 0, 0, 0, 0, 0, 0, 0.0007283987885988026, 0, 0, 0, 0, 0, 0, 0, 0, -0.0023431919957806985, 0, 0, -0.0019195318215069505, 0, 0, 0, 0, 0, 0, 0, -0.0015928340102388083, 0, 0, 0, -0.0024040293877933953, 0, 0, 0, 0, -0.0028551917393710353, 0.008550742605919991, 0, 0, 0, 0, 0, 0, 0, 0, 0, 0, 0, 0, 0, 0, 0, 0, 0, 0, 0, 0, 0, 0, 0, 0, 0, 0, 0, 0, 0, 0, 0, 0, 0, 0, 0, 0, 0, 0.0053562229749769775, 0, 0, 0, 0.006168592059229372, 0, 0, 0.008900445793893147, 0, 0, 0.0006118371366022282, 0.0007547746663226837, 0, 0, 0, 0, 0.002191969144406432, 0, 0, 0.00299665092487853, 0, 0, -0.0022908158419603013, 0, 0, 0, 0, 0, 0, -0.0004645460014774413, 0, 0, 0, 0, 0, 0, 0, 0, 0.00945333333333334, 0, -0.0025888599770172646, 0, 0, 0, 0, 0, 0, 0, 0, 0, 0, 0, 0, 0, 0, 0, 0, 0, 0, 0, 0, 0, 0, 0, 0, 0, 0, 0, 0, 0, 0, 0, -0.0021320832174592463, 0, 0, 0, 0, 0.0004436321720534564, 0, 0, 0, 0, 0, -0.0021148459914572355, 0, 0, 0, 0, 0, 0, 0, 0, 0, 0, 0, 0, 0, -0.002810578409440506, 0, 0, 0, 0, 0, 0, 0, 0, 0, 0.0036324858881224826, 0, 0]
Start Date: 2022-04-15
End Date: 2025-11-06
Sharpe Ratio: 0.021
Annualized Sharpe: 0.332
Sharpe 95% CI: (np.float64(-0.63), np.float64(1.158))
Sortino Ratio: 0.031
CAGR: 0.007
Calmar Ratio: 0.137
Daily Win Rate (%): 0.394
Max Drawdown: 0.047
Profit Factor: 1.144
Expectancy: 0.000174
Average Win: 0.003502
Average Loss: 0.001991
Total Trades: 170
Total Days: 1116



Rolling 0 - Variant 1 - atr_0.25_7 - Fit Metrics
Contracts: [3, 4, 4, 3, 3, 3, 3, 3, 3, 3, 2, 1, 2, 1, 1, 2, 2, 2, 2, 2, 2, 2, 1, 2, 1, 2, 2, 1, 1, 1, 2, 2, 2, 2, 2, 2, 2, 2, 2, 2, 2, 2, 3, 2, 2, 2, 2, 2, 3, 3, 3, 2, 2, 3, 3, 4, 3, 3, 3, 3, 3, 4, 4, 4, 4, 3, 3, 4, 3, 3, 3, 5, 5, 5, 5, 4, 3, 3, 4, 4, 4, 5, 3, 5, 4, 4, 3, 5, 4, 5, 4, 3, 4, 3, 4, 3, 5, 3, 4, 4, 5, 4, 3, 4, 4, 4, 3, 3, 3, 4, 5, 7, 8, 5, 5, 5, 5, 5, 5, 5, 6, 6, 6, 7, 7, 6, 6, 7, 6, 5, 6, 6, 5, 3, 4, 4, 5, 2, 3, 3, 3, 4, 5, 5, 4, 4, 6, 6, 6, 5, 5, 3, 7, 6, 6, 5, 8, 5, 1, 4, 4, 5, 3, 5, 5, 6, 6, 6, 6, 5, 5, 7, 7, 6, 6, 4, 7, 7, 7, 6, 6, 5, 6, 6]
Trade Returns: [0.004673999999999995, -0.001879216541883238, 0.004738797709581083, 0.004400826569320462, -0.002021795069428799, -0.0018476601255933607, -0.0017915600261889178, 0.004227560834540777, 0.0009143915733473045, -0.002260161829959899, 0.012026010111520042, -0.0012783711680531928, 0.001711574276252785, -0.0011434213273443555]
Daily Returns: [0.004673999999999995, 0, 0, 0, 0, 0, 0, 0, 0, 0, 0, 0, 0, 0, -0.001879216541883238, 0.004738797709581083, 0, 0, 0, 0, 0, 0, 0, 0, 0, 0, 0, 0, 0, 0, 0, 0.004400826569320462, -0.002021795069428799, 0, -0.0018476601255933607, 0, 0, 0, 0, 0, 0, -0.0017915600261889178, 0, 0, 0, 0, 0, 0.005141952407888081, -0.002260161829959899, 0, 0, 0, 0, 0, 0.012026010111520042, 0, 0, 0, 0, 0, 0, 0, 0, 0, 0, 0, 0, 0, 0, 0, 0, 0, 0, 0, 0, 0, 0, 0, 0, 0, 0, 0, 0, 0, 0, 0, 0, 0, 0, 0, 0, 0, 0, -0.0012783711680531928, 0, 0, 0, 0, 0.001711574276252785, -0.0011434213273443555, 0, 0]
Start Date: 2021-12-17
End Date: 2022-04-14
Sharpe Ratio: 0.126
Annualized Sharpe: 2.002
Sharpe 95% CI: (np.float64(-1.297), np.float64(3.875))
Sortino Ratio: 0.504
CAGR: 0.052
Calmar Ratio: 9.122
Daily Win Rate (%): 0.5
Max Drawdown: 0.006
Profit Factor: 2.675
Expectancy: 0.001462
Average Win: 0.00467
Average Loss: 0.001746
Total Trades: 14
Total Days: 102

Rolling 0 - Variant 1 - atr_0.25_7 - Test Metrics
Contracts: [3, 4, 4, 3, 3, 3, 3, 3, 3, 3, 2, 1, 2, 1, 1, 2, 2, 2, 2, 2, 2, 2, 1, 2, 1, 2, 2, 1, 1, 1, 2, 2, 2, 2, 2, 2, 2, 2, 2, 2, 2, 2, 3, 2, 2, 2, 2, 2, 3, 3, 3, 2, 2, 3, 3, 4, 3, 3, 3, 3, 3, 4, 4, 4, 4, 3, 3, 4, 3, 3, 3, 5, 5, 5, 5, 4, 3, 3, 4, 4, 4, 5, 3, 5, 4, 4, 3, 5, 4, 5, 4, 3, 4, 3, 4, 3, 5, 3, 4, 4, 5, 4, 3, 4, 4, 4, 3, 3, 3, 4, 5, 7, 8, 5, 5, 5, 5, 5, 5, 5, 6, 6, 6, 7, 7, 6, 6, 7, 6, 5, 6, 6, 5, 3, 4, 4, 5, 2, 3, 3, 3, 4, 5, 5, 4, 4, 6, 6, 6, 5, 5, 3, 7, 6, 6, 5, 8, 5, 1, 4, 4, 5, 3, 5, 5, 6, 6, 6, 6, 5, 5, 7, 7, 6, 6, 4, 7, 7, 7, 6, 6, 5, 6, 6]
Trade Returns: [0.004586734803510749, -0.0024406423027904943, 0.0054797290859274995, -0.002814962728885357, -0.001992548414832203, 0.0032022521333685172, -0.001781636253172048, -0.00282290911282499, -0.0012740299465533672, -0.002825644783922434, 0.0014816736230653755, 0.006392772909398438, 0.010875499126528573, -0.0011591709516774224, -0.0012570649560799652, 0.00031707854654288527, 0.0042869347063894435, 0.006481859262053409, -0.0021071873828809183, -4.2156092513461194e-05, -0.002130888687893792, -0.0019451737778273242, -0.0021993259508907063, 0.0007848357423430551, -0.0016937565292201799, -0.0016637457827325564, 0.01322001523453056, 0.001541737584051407, 0.001223108753800789, -0.00042242747376954233, -0.0018503289473684194, -0.0015486134950604554, -0.0016274201188857123, -0.0014196175068302338, -0.0021037142627228704, 0.002730226021242806, -0.0023034592098158356, -0.0017694869063726458, 0.001553448829434005, -0.002078930243540053, -0.0027180499290190754, -0.0018633071670571917, 0.00796146241228241, -0.0017654966565185848, -0.001820829596196316, 0.0006103614653310533, -0.002748811872396444, 0.0020827768293013474, -0.002557495354398542, -0.002548892301112224, -0.001310142395860123, 0.002608594612390343, 0.0012400597237486963, 0.0031560931743683423, -0.002438464461888381, -0.0018275509082812335, -0.0020409900446115917, -0.0020451642043923524, -0.002340733028228656, -0.0026382861070384784, -0.002038123052655416, 0.0008717460664165404, 0.0030751654955476393, -0.0016860475222054186, 0.00010911691292664086, 0.0009273925656627253, -0.0017596346811538058, 0.0013428879714768361, -0.0024471617798178364, 0.007212979067720012, -7.752448804781633e-06, 0.0051089033688527016, -0.001712308956070019, -0.0025207162310946275, 0.015367783038506595, 0.001134757724457895, 0.010622247283478374, -0.002267018644533736, -0.002213666987487969, 0.0010970534125523924, -0.00208807358189731, 0.002723587174690551, -0.002513940081277762, 0.00033540513908891236, -0.0004622113783559835, -0.0019406693414042943, -0.002145723080194976, -0.0017994248673683414, -0.0019852173565804068, -0.002294019354359304, -0.0021847112228080804, 0.002635431918008779, -0.0015519058090525935, 0.0025423454659285662, 0.01014124487787014, 0.0021737509535253233, 0.00938600069497949, -0.0022395515658151267, -0.0024152188792109295, -0.0017989439916212544, 0.0016889596763235953, 0.00022607086944975957, -0.0027404897471780504, -0.0012842983198356104, 0.007933175993585397, 0.009557456373232366, -0.002124072128226288, -0.0022412982432013034, 0.0014416763678696228, -0.002161261343367142, -0.0008611578658942308, -0.0025857002938295794, 0.0003794654957445544, 0.0013902228467428579, -0.001921964508966058, -0.0006281782829793791, -0.002143883384716693, 0.0006060163961102472, -0.002071623815612357, -0.0015273542954726063, -0.0020772183337096416, -0.0017798693756881914, -0.002323244533764488, -0.0014426299029537946, -0.0019656596606112487, -0.001884146792681238, 0.0021215278041806966, -0.0022384435608704895, 0.0011887608069164203, -0.002290996478900018, 0.0006021720115784982, 0.0008684341332703596, -0.0021235341240136325, 0.000617821872801129, -0.0020123983557790714, 0.0048725759174132206, -0.0026351417152481148, -0.0019776853079701865, -0.002552413242767527, -0.002427961835355037, -0.002021126127074478, -0.0028682733880901127, -0.002377771892416455, -0.0026530349373941435, 0.0007247205272244912, -0.002331367935945473, -0.0019098229726084036, -0.0015847428057939605, -0.002391846719572502, -0.00284066504752013, 0.014968213349414297, 0.01121540758573595, -0.002300613496932516, 0.0079043674785182, 0.008752959388089537, 0.0006017865538317149, 0.0007423835209652522, 0.002156010254195075, -0.00047225236266740126, 0.003419822596702853, -0.002253426385268647, -0.00045694680876966545, 0.0092330463619587, -0.0025470470405429754, -0.002097559795343679, 0.00043643362851665605, -0.002080544670188928, -0.002764897754828297, 0.00032596355952206054, 0.0032473369589644573]
Daily Returns: [0, 0, 0, 0, 0, 0, 0, 0, 0.004586734803510749, 0, 0, -0.0024406423027904943, 0.0054797290859274995, 0, -0.002814962728885357, 0, -0.001992548414832203, 0.0032022521333685172, 0, 0, -0.001781636253172048, -0.00282290911282499, 0, 0, -0.0012740299465533672, 0, 0, 0, 0, -0.002825644783922434, 0, 0, 0, 0, 0, 0, 0, 0, 0, 0, 0, 0, 0, 0, 0, 0, 0, 0, 0, 0, 0, 0, 0.0014816736230653755, 0, 0, 0, 0, 0, 0, 0, 0, 0, 0, 0, 0, 0, 0.006392772909398438, 0, 0, 0.00971632817485115, 0, 0, 0, 0, 0, -0.0012570649560799652, 0, 0, 0, 0, 0.00031707854654288527, 0, 0, 0, 0, 0, 0.0042869347063894435, 0.00437467187917249, -4.2156092513461194e-05, 0, 0, 0, -0.002130888687893792, 0, 0, 0, 0, 0, 0, 0, -0.0033596639863749753, -0.0016937565292201799, 0, 0, -0.0016637457827325564, 0, 0, 0, 0.01322001523453056, 0, 0, 0, 0, 0, 0, 0, 0, 0, 0, 0, 0, 0, 0, 0, 0, 0, 0, 0, 0, 0, 0, 0, 0, 0, 0, 0, 0, 0, 0, 0, 0, 0, 0, 0, 0, 0, 0.001541737584051407, 0, 0, 0, 0, 0, 0, 0, 0.001223108753800789, 0, 0, 0, 0, 0, 0, -0.00042242747376954233, 0, 0, -0.0018503289473684194, -0.0031760336139461678, -0.0014196175068302338, 0, 0, 0, 0, 0.0006265117585199354, 0, 0, 0, 0, 0, 0, -0.0023034592098158356, 0, 0, 0, -0.0017694869063726458, 0.001553448829434005, 0, 0, 0, 0, 0, 0, 0, 0, 0, 0, 0, 0, 0, 0, 0, 0, 0, 0, 0, 0, 0, 0, 0, 0, 0, 0, 0, 0, 0, 0, 0, 0, 0, 0, 0, 0, 0, 0, -0.002078930243540053, 0, 0, -0.0027180499290190754, 0, 0, 0, 0, 0, 0.006098155245225219, -0.0017654966565185848, 0, 0, 0, 0, -0.001820829596196316, 0, -0.0021384504070653906, 0, 0, 0, 0, 0, 0.0020827768293013474, -0.002557495354398542, 0, 0, 0, 0, 0, -0.003859034696972347, 0, 0, 0, 0, 0.002608594612390343, 0, 0, 0, 0, 0.0012400597237486963, 0.0007176287124799614, 0, 0, 0, 0, 0, 0, 0, 0, 0, 0, 0, 0, 0, 0, 0, 0, 0, 0, 0, 0, 0, 0, 0, 0, 0, 0, 0, 0, 0, 0, 0, 0, -0.0018275509082812335, 0, 0, 0, 0, 0, 0, 0, 0, 0, 0, 0, 0, -0.006426887277232601, 0, 0, 0, 0, -0.0026382861070384784, 0, 0, 0, 0, 0, 0, -0.002038123052655416, 0, 0, 0, 0, 0.00394691156196418, 0, -0.0016860475222054186, 0, 0, 0, 0, 0, 0, 0, 0, 0, 0, 0, 0.00010911691292664086, 0, 0.0009273925656627253, 0, 0, 0, 0, 0, 0, 0, 0, 0, 0, 0, 0, 0, 0, 0, 0, 0, 0, 0, 0, 0, 0, 0, 0, 0, 0, 0, 0, -0.0017596346811538058, 0, 0, 0, 0, 0, 0.0013428879714768361, 0, 0, 0, 0, 0, 0, -0.0024471617798178364, 0, 0, 0, 0, 0, 0, 0, 0.007212979067720012, 0, 0, 0, 0, 0, 0, 0, 0, 0, 0, 0, 0, 0, -7.752448804781633e-06, 0, 0.0051089033688527016, 0, 0, -0.001712308956070019, 0, 0, 0, 0, 0, -0.0025207162310946275, 0, 0, 0, 0, 0.015367783038506595, 0, 0, 0, 0, 0, 0, 0, 0, 0, 0, 0, 0, 0, 0, 0, 0, 0, 0, 0, 0, 0, 0, 0, 0, 0, 0, 0, 0, 0, 0, 0, 0, 0, 0.001134757724457895, 0, 0.010622247283478374, 0, 0, 0, 0, 0, 0, 0, 0, 0, -0.002267018644533736, 0, 0, 0, 0, 0, 0, 0, 0, 0, 0, 0, 0, 0, 0, -0.0011166135749355766, 0, 0, -0.00208807358189731, 0, 0.002723587174690551, 0, 0, 0, 0, 0, 0, 0, 0, -0.002513940081277762, 0, 0, 0, 0, 0, 0, 0, 0, 0, 0, 0, 0, 0, 0, 0, 0, 0, 0, 0, 0, 0, 0, 0, 0, 0, 0, 0, 0, 0, 0.00033540513908891236, -0.0004622113783559835, 0, 0, -0.0019406693414042943, 0, -0.002145723080194976, 0, 0, 0, 0, 0, -0.0017994248673683414, 0, 0, 0, 0, -0.00427923671093971, -0.0021847112228080804, 0, 0, 0.0010835261089561855, 0, 0, 0, 0, 0, 0.0025423454659285662, 0, 0, 0, 0, 0, 0, 0, 0, 0.01014124487787014, 0.0021737509535253233, 0, 0, 0, 0, 0, 0, 0, 0, 0, 0, 0.00938600069497949, 0, 0, 0, 0, 0, 0, 0, 0, 0, 0, 0, 0, 0, 0, 0, 0, 0, 0, 0, 0, 0, 0, 0, 0, 0, 0, 0, 0, 0, 0, 0, 0, 0, 0, -0.0022395515658151267, -0.0024152188792109295, 0, 0, 0, 0, 0, 0, 0, 0, 0, 0, -0.0017989439916212544, 0.0019150305457733548, 0, 0, -0.004024788067013661, 0, 0, 0, 0, 0, 0, 0, 0, 0.007933175993585397, 0, 0, 0, 0.009557456373232366, -0.002124072128226288, 0, 0, 0, 0, 0, 0, 0, -0.0022412982432013034, 0, 0.0014416763678696228, -0.002161261343367142, -0.0008611578658942308, -0.0025857002938295794, 0, 0, 0, 0, 0, 0, 0, 0, 0, 0, 0, 0, 0, 0, 0, 0, 0, 0, 0, 0, 0, 0, 0, 0, 0, 0, 0, 0, 0, 0, 0, 0, 0, 0, 0.0003794654957445544, 0.0013902228467428579, 0, 0, 0, 0, 0, 0, 0, 0, 0, 0, 0, 0, -0.001921964508966058, 0, 0, 0, -0.0006281782829793791, -0.002143883384716693, 0.0006060163961102472, 0, 0, 0, 0, 0, -0.002071623815612357, 0, 0, 0, -0.0015273542954726063, -0.0020772183337096416, 0, 0, 0, 0, 0, 0, 0, 0, -0.0017798693756881914, 0, 0, 0, -0.002323244533764488, 0, 0, 0, 0, 0, 0, 0, 0, 0, 0, 0, 0, 0, 0, 0, 0, 0, 0, 0, 0, 0, 0, 0, 0, 0, 0, 0, 0, 0, 0, 0, 0, 0, 0, 0, 0, 0, 0, -0.0014426299029537946, 0, 0, 0, 0, 0, 0, -0.0019656596606112487, 0, 0, -0.001884146792681238, 0, 0, 0, 0, 0, 0, 0, 0, 0, 0.0021215278041806966, -0.0022384435608704895, 0, 0.0011887608069164203, 0, 0, 0, -0.002290996478900018, 0, 0.0006021720115784982, 0, 0, 0, 0, 0, 0, 0.0008684341332703596, 0, 0, 0, 0, 0, 0, 0, 0, 0, 0, 0, 0, 0, 0, 0, 0, 0, 0, 0, 0, 0, 0, 0, 0, 0, 0, 0, 0, 0, 0, 0, -0.0021235341240136325, 0.000617821872801129, 0, 0, 0, 0, 0, 0, 0, 0, 0, 0, 0, 0, 0, 0, 0, 0, -0.0020123983557790714, 0, 0, 0, 0, 0, 0, 0, 0, 0.0048725759174132206, 0, 0, 0, 0, 0, -0.0026351417152481148, 0, 0, 0, 0, 0, 0, -0.0019776853079701865, 0, 0, 0, 0, 0, 0, -0.002552413242767527, 0, 0, 0, 0, -0.002427961835355037, -0.002021126127074478, 0, 0, 0, 0, 0, 0, 0, 0, 0, 0, 0, 0, 0, 0, 0, 0, 0, 0, 0, 0, 0, 0, 0, 0, 0, 0, 0, 0, 0, 0, 0, 0, 0, -0.0028682733880901127, 0, -0.002377771892416455, -0.0026530349373941435, 0, 0, 0, 0, 0, 0, 0, 0, 0.0007247205272244912, 0, 0, 0, 0, 0, 0, 0, 0, -0.002331367935945473, 0, 0, -0.0019098229726084036, 0, 0, 0, 0, 0, 0, 0, -0.0015847428057939605, 0, 0, 0, -0.002391846719572502, 0, 0, 0, 0, -0.00284066504752013, 0.014968213349414297, 0, 0, 0, 0, 0, 0, 0, 0, 0, 0, 0, 0, 0, 0, 0, 0, 0, 0, 0, 0, 0, 0, 0, 0, 0, 0, 0, 0, 0, 0, 0, 0, 0, 0, 0, 0, 0, 0.01121540758573595, 0, 0, 0, 0.005603753981585684, 0, 0, 0.008752959388089537, 0, 0, 0.0006017865538317149, 0.0007423835209652522, 0, 0, 0, 0, 0.002156010254195075, 0, 0, 0.0029475702340354517, 0, 0, -0.002253426385268647, 0, 0, 0, 0, 0, 0, -0.00045694680876966545, 0, 0, 0, 0, 0, 0, 0, 0, 0.0092330463619587, 0, -0.0025470470405429754, 0, 0, 0, 0, 0, 0, 0, 0, 0, 0, 0, 0, 0, 0, 0, 0, 0, 0, 0, 0, 0, 0, 0, 0, 0, 0, 0, 0, 0, 0, 0, -0.002097559795343679, 0, 0, 0, 0, 0.00043643362851665605, 0, 0, 0, 0, 0, -0.002080544670188928, 0, 0, 0, 0, 0, 0, 0, 0, 0, 0, 0, 0, 0, -0.002764897754828297, 0, 0, 0, 0, 0, 0, 0, 0, 0, 0.0035733005184865178, 0, 0]
Start Date: 2022-04-15
End Date: 2025-11-06
Sharpe Ratio: 0.031
Annualized Sharpe: 0.488
Sharpe 95% CI: (np.float64(-0.477), np.float64(1.268))
Sortino Ratio: 0.052
CAGR: 0.011
Calmar Ratio: 0.209
Daily Win Rate (%): 0.388
Max Drawdown: 0.053
Profit Factor: 1.242
Expectancy: 0.000293
Average Win: 0.003876
Average Loss: 0.001981
Total Trades: 170
Total Days: 1116



Rolling 0 - Variant 2 - atr_0.25_8 - Fit Metrics
Contracts: [3, 4, 4, 3, 3, 3, 3, 3, 3, 3, 2, 1, 2, 1, 1, 2, 2, 2, 2, 2, 2, 2, 1, 2, 1, 2, 2, 1, 1, 1, 2, 2, 2, 2, 2, 2, 2, 2, 2, 2, 2, 2, 3, 2, 2, 2, 2, 2, 3, 3, 3, 2, 2, 3, 3, 5, 3, 3, 3, 3, 3, 4, 4, 4, 4, 3, 3, 5, 3, 3, 3, 5, 5, 5, 5, 4, 3, 3, 4, 4, 4, 5, 3, 5, 4, 4, 3, 5, 4, 5, 4, 3, 4, 3, 4, 3, 5, 3, 4, 4, 5, 4, 3, 4, 4, 4, 3, 4, 3, 4, 5, 7, 8, 5, 5, 5, 5, 5, 5, 5, 6, 6, 6, 7, 7, 6, 6, 7, 7, 5, 6, 6, 5, 3, 4, 4, 5, 2, 3, 3, 3, 4, 5, 5, 4, 4, 6, 6, 6, 5, 5, 3, 7, 6, 6, 5, 8, 5, 1, 4, 4, 5, 3, 5, 5, 6, 6, 6, 6, 5, 5, 7, 7, 6, 6, 4, 7, 7, 7, 6, 6, 5, 6, 6]
Trade Returns: [0.004673999999999995, -0.001879216541883238, 0.004738797709581083, 0.004400826569320462, -0.002021795069428799, -0.0018476601255933607, -0.0017915600261889178, 0.004227560834540777, 0.0009143915733473045, -0.002260161829959899, 0.01375024030219612, -0.0012762074848790815, 0.0017086631568040537, -0.0011414835780250779]
Daily Returns: [0.004673999999999995, 0, 0, 0, 0, 0, 0, 0, 0, 0, 0, 0, 0, 0, -0.001879216541883238, 0.004738797709581083, 0, 0, 0, 0, 0, 0, 0, 0, 0, 0, 0, 0, 0, 0, 0, 0.004400826569320462, -0.002021795069428799, 0, -0.0018476601255933607, 0, 0, 0, 0, 0, 0, -0.0017915600261889178, 0, 0, 0, 0, 0, 0.005141952407888081, -0.002260161829959899, 0, 0, 0, 0, 0, 0.01375024030219612, 0, 0, 0, 0, 0, 0, 0, 0, 0, 0, 0, 0, 0, 0, 0, 0, 0, 0, 0, 0, 0, 0, 0, 0, 0, 0, 0, 0, 0, 0, 0, 0, 0, 0, 0, 0, 0, 0, -0.0012762074848790815, 0, 0, 0, 0, 0.0017086631568040537, -0.0011414835780250779, 0, 0]
Start Date: 2021-12-17
End Date: 2022-04-14
Sharpe Ratio: 0.126
Annualized Sharpe: 2.006
Sharpe 95% CI: (np.float64(-1.275), np.float64(3.818))
Sortino Ratio: 0.545
CAGR: 0.056
Calmar Ratio: 9.906
Daily Win Rate (%): 0.5
Max Drawdown: 0.006
Profit Factor: 2.817
Expectancy: 0.001585
Average Win: 0.004916
Average Loss: 0.001745
Total Trades: 14
Total Days: 102

Rolling 0 - Variant 2 - atr_0.25_8 - Test Metrics
Contracts: [3, 4, 4, 3, 3, 3, 3, 3, 3, 3, 2, 1, 2, 1, 1, 2, 2, 2, 2, 2, 2, 2, 1, 2, 1, 2, 2, 1, 1, 1, 2, 2, 2, 2, 2, 2, 2, 2, 2, 2, 2, 2, 3, 2, 2, 2, 2, 2, 3, 3, 3, 2, 2, 3, 3, 5, 3, 3, 3, 3, 3, 4, 4, 4, 4, 3, 3, 5, 3, 3, 3, 5, 5, 5, 5, 4, 3, 3, 4, 4, 4, 5, 3, 5, 4, 4, 3, 5, 4, 5, 4, 3, 4, 3, 4, 3, 5, 3, 4, 4, 5, 4, 3, 4, 4, 4, 3, 4, 3, 4, 5, 7, 8, 5, 5, 5, 5, 5, 5, 5, 6, 6, 6, 7, 7, 6, 6, 7, 7, 5, 6, 6, 5, 3, 4, 4, 5, 2, 3, 3, 3, 4, 5, 5, 4, 4, 6, 6, 6, 5, 5, 3, 7, 6, 6, 5, 8, 5, 1, 4, 4, 5, 3, 5, 5, 6, 6, 6, 6, 5, 5, 7, 7, 6, 6, 4, 7, 7, 7, 6, 6, 5, 6, 6]
Trade Returns: [0.004578952808313863, -0.0024365427350674885, 0.005470474386027558, -0.0028102228630596986, -0.001989174375852747, 0.0031968148950496152, -0.0017786133446706669, -0.002818142471464367, -0.001271864443867015, -0.002820835843785945, 0.0014791448424141852, 0.006381878442649285, 0.012414211917487726, -0.0011554492602048661, -0.0012530242925032188, 0.0003160580621786503, 0.004273142011651939, 0.006461093398097736, -0.002100479946325303, -4.202162203461052e-05, -0.0021240912442361095, -0.001938949901519737, -0.002192275205405819, 0.0007823225776762078, -0.0016883420175112835, -0.0016584003170584353, 0.013717056325108458, 0.0015360223863856665, 0.0012185816620542854, -0.00042086584616785093, -0.001843485781262445, -0.0015428756009044432, -0.0016213809141391252, -0.0014143408828384398, -0.002095883821609362, 0.002720042235254996, -0.0022948905777859145, -0.0017628894561237448, 0.0015476466385612967, -0.0020711773581874593, -0.002707892558182317, -0.0018571480916501602, 0.007935097203491682, -0.0017596960594692909, -0.002267508335014746, 0.0006083474511011569, -0.0027397471121064477, 0.002075889584281896, -0.0025490558481964065, -0.002540503069534508, -0.0013058174359369616, 0.002599964484523748, 0.0012359678186323185, 0.003147583477501139, -0.003038035045080208, -0.0018226387887527026, -0.0020354849663517926, -0.002039636616020523, -0.0023343936581982734, -0.002631124159933512, -0.00203257572512723, 0.0008693757998452063, 0.0030667785169433445, -0.0016815074627728106, 0.00010882048312406951, 0.000924873461377809, -0.0017548593491878916, 0.001339228277015579, -0.0024405089482087043, 0.007193348245660141, -7.731500452308162e-06, 0.005095098190814864, -0.0017077054438880293, -0.0025139277375806185, 0.01752790153784354, 0.0011292915451175264, 0.010571137155575448, -0.0022562365075557687, -0.002203114787351529, 0.0010918300347059278, -0.002078098088488579, 0.0027105485041054454, -0.0025019375907657814, 0.00033379977294072105, -0.0004599998114754657, -0.0019313794462750221, -0.002135431725712299, -0.001790797792860611, -0.001975682452571321, -0.002282979477834811, -0.0021741733295069917, 0.0026226922879133254, -0.002059231397579834, 0.0025301257298257426, 0.010097575708074484, 0.0021643703148140434, 0.009345987712940864, -0.00223009265038221, -0.0024049952198852784, -0.0017912944963179999, 0.0016817649700570467, 0.00022510945947470433, -0.0027288379089037023, -0.0012788228811503395, 0.00789931062273685, 0.009516976986626909, -0.0021150592216582077, -0.002231895000999357, 0.0014356143650466923, -0.0021521866364397433, -0.000857534236404738, -0.002574810697539626, 0.00037786422947339883, 0.0016150850431588426, -0.001913427617634001, -0.0006253827211965848, -0.0021343365584288606, 0.0006034575884791499, -0.0020623790335374563, -0.00152052427228045, -0.0020679152829054218, -0.001771881516685531, -0.002312799559251857, -0.0014361290103714153, -0.0019567995958209706, -0.0018756374900834882, 0.0021119284215227402, -0.0022283365090275966, 0.0011833962150195002, -0.0022806290372338724, 0.0005994407748720759, 0.0008644975866109045, -0.0021139166177334126, 0.0006150178241276552, -0.002003270490839212, 0.0048503722112742415, -0.0026231652099862773, -0.00196871674945519, -0.0025408155314713366, -0.0024168792094934107, -0.0020119190964654247, -0.002855114454016925, -0.002366832024199415, -0.002640895608075783, 0.0007213782568106559, -0.0023206238700450646, -0.0019010011166449659, -0.0015773911153881982, -0.0023807772560284, -0.0028274662598742717, 0.01704213275129595, 0.010335610335610344, -0.0022872141693486762, 0.007858224999192082, 0.008702261569537873, 0.0005983310303821548, 0.0007381232235989801, 0.002143646738968026, -0.0004695500517996438, 0.00340024457899609, -0.002240569543117032, -0.0004543338609068378, 0.00918022525828703, -0.002532608254235475, -0.0020856388865242207, 0.0004339480931319451, -0.0020687008892077224, -0.0027491255737406516, 0.00032409899547936847, 0.0032287676869994716]
Daily Returns: [0, 0, 0, 0, 0, 0, 0, 0, 0.004578952808313863, 0, 0, -0.0024365427350674885, 0.005470474386027558, 0, -0.0028102228630596986, 0, -0.001989174375852747, 0.0031968148950496152, 0, 0, -0.0017786133446706669, -0.002818142471464367, 0, 0, -0.001271864443867015, 0, 0, 0, 0, -0.002820835843785945, 0, 0, 0, 0, 0, 0, 0, 0, 0, 0, 0, 0, 0, 0, 0, 0, 0, 0, 0, 0, 0, 0, 0.0014791448424141852, 0, 0, 0, 0, 0, 0, 0, 0, 0, 0, 0, 0, 0, 0.006381878442649285, 0, 0, 0.01125876265728286, 0, 0, 0, 0, 0, -0.0012530242925032188, 0, 0, 0, 0, 0.0003160580621786503, 0, 0, 0, 0, 0, 0.004273142011651939, 0.004360613451772433, -4.202162203461052e-05, 0, 0, 0, -0.0021240912442361095, 0, 0, 0, 0, 0, 0, 0, -0.003348902529249348, -0.0016883420175112835, 0, 0, -0.0016584003170584353, 0, 0, 0, 0.013717056325108458, 0, 0, 0, 0, 0, 0, 0, 0, 0, 0, 0, 0, 0, 0, 0, 0, 0, 0, 0, 0, 0, 0, 0, 0, 0, 0, 0, 0, 0, 0, 0, 0, 0, 0, 0, 0, 0, 0.0015360223863856665, 0, 0, 0, 0, 0, 0, 0, 0.0012185816620542854, 0, 0, 0, 0, 0, 0, -0.00042086584616785093, 0, 0, -0.001843485781262445, -0.0031642565150435684, -0.0014143408828384398, 0, 0, 0, 0, 0.0006241584136456339, 0, 0, 0, 0, 0, 0, -0.0022948905777859145, 0, 0, 0, -0.0017628894561237448, 0.0015476466385612967, 0, 0, 0, 0, 0, 0, 0, 0, 0, 0, 0, 0, 0, 0, 0, 0, 0, 0, 0, 0, 0, 0, 0, 0, 0, 0, 0, 0, 0, 0, 0, 0, 0, 0, 0, 0, 0, 0, -0.0020711773581874593, 0, 0, -0.002707892558182317, 0, 0, 0, 0, 0, 0.006077949111841522, -0.0017596960594692909, 0, 0, 0, 0, -0.002267508335014746, 0, -0.002131399661005291, 0, 0, 0, 0, 0, 0.002075889584281896, -0.0025490558481964065, 0, 0, 0, 0, 0, -0.0038463205054714697, 0, 0, 0, 0, 0.002599964484523748, 0, 0, 0, 0, 0.0012359678186323185, 0.0001095484324209312, 0, 0, 0, 0, 0, 0, 0, 0, 0, 0, 0, 0, 0, 0, 0, 0, 0, 0, 0, 0, 0, 0, 0, 0, 0, 0, 0, 0, 0, 0, 0, 0, -0.0018226387887527026, 0, 0, 0, 0, 0, 0, 0, 0, 0, 0, 0, 0, -0.006409515240570589, 0, 0, 0, 0, -0.002631124159933512, 0, 0, 0, 0, 0, 0, -0.00203257572512723, 0, 0, 0, 0, 0.003936154316788551, 0, -0.0016815074627728106, 0, 0, 0, 0, 0, 0, 0, 0, 0, 0, 0, 0.00010882048312406951, 0, 0.000924873461377809, 0, 0, 0, 0, 0, 0, 0, 0, 0, 0, 0, 0, 0, 0, 0, 0, 0, 0, 0, 0, 0, 0, 0, 0, 0, 0, 0, 0, -0.0017548593491878916, 0, 0, 0, 0, 0, 0.001339228277015579, 0, 0, 0, 0, 0, 0, -0.0024405089482087043, 0, 0, 0, 0, 0, 0, 0, 0.007193348245660141, 0, 0, 0, 0, 0, 0, 0, 0, 0, 0, 0, 0, 0, -7.731500452308162e-06, 0, 0.005095098190814864, 0, 0, -0.0017077054438880293, 0, 0, 0, 0, 0, -0.0025139277375806185, 0, 0, 0, 0, 0.01752790153784354, 0, 0, 0, 0, 0, 0, 0, 0, 0, 0, 0, 0, 0, 0, 0, 0, 0, 0, 0, 0, 0, 0, 0, 0, 0, 0, 0, 0, 0, 0, 0, 0, 0, 0.0011292915451175264, 0, 0.010571137155575448, 0, 0, 0, 0, 0, 0, 0, 0, 0, -0.0022562365075557687, 0, 0, 0, 0, 0, 0, 0, 0, 0, 0, 0, 0, 0, 0, -0.0011112847526456012, 0, 0, -0.002078098088488579, 0, 0.0027105485041054454, 0, 0, 0, 0, 0, 0, 0, 0, -0.0025019375907657814, 0, 0, 0, 0, 0, 0, 0, 0, 0, 0, 0, 0, 0, 0, 0, 0, 0, 0, 0, 0, 0, 0, 0, 0, 0, 0, 0, 0, 0, 0.00033379977294072105, -0.0004599998114754657, 0, 0, -0.0019313794462750221, 0, -0.002135431725712299, 0, 0, 0, 0, 0, -0.001790797792860611, 0, 0, 0, 0, -0.004258661930406132, -0.0021741733295069917, 0, 0, 0.0005634608903334914, 0, 0, 0, 0, 0, 0.0025301257298257426, 0, 0, 0, 0, 0, 0, 0, 0, 0.010097575708074484, 0.0021643703148140434, 0, 0, 0, 0, 0, 0, 0, 0, 0, 0, 0.009345987712940864, 0, 0, 0, 0, 0, 0, 0, 0, 0, 0, 0, 0, 0, 0, 0, 0, 0, 0, 0, 0, 0, 0, 0, 0, 0, 0, 0, 0, 0, 0, 0, 0, 0, 0, -0.00223009265038221, -0.0024049952198852784, 0, 0, 0, 0, 0, 0, 0, 0, 0, 0, -0.0017912944963179999, 0.0019068744295317511, 0, 0, -0.004007660790054042, 0, 0, 0, 0, 0, 0, 0, 0, 0.00789931062273685, 0, 0, 0, 0.009516976986626909, -0.0021150592216582077, 0, 0, 0, 0, 0, 0, 0, -0.002231895000999357, 0, 0.0014356143650466923, -0.0021521866364397433, -0.000857534236404738, -0.002574810697539626, 0, 0, 0, 0, 0, 0, 0, 0, 0, 0, 0, 0, 0, 0, 0, 0, 0, 0, 0, 0, 0, 0, 0, 0, 0, 0, 0, 0, 0, 0, 0, 0, 0, 0, 0.00037786422947339883, 0.0016150850431588426, 0, 0, 0, 0, 0, 0, 0, 0, 0, 0, 0, 0, -0.001913427617634001, 0, 0, 0, -0.0006253827211965848, -0.0021343365584288606, 0.0006034575884791499, 0, 0, 0, 0, 0, -0.0020623790335374563, 0, 0, 0, -0.00152052427228045, -0.0020679152829054218, 0, 0, 0, 0, 0, 0, 0, 0, -0.001771881516685531, 0, 0, 0, -0.002312799559251857, 0, 0, 0, 0, 0, 0, 0, 0, 0, 0, 0, 0, 0, 0, 0, 0, 0, 0, 0, 0, 0, 0, 0, 0, 0, 0, 0, 0, 0, 0, 0, 0, 0, 0, 0, 0, 0, 0, -0.0014361290103714153, 0, 0, 0, 0, 0, 0, -0.0019567995958209706, 0, 0, -0.0018756374900834882, 0, 0, 0, 0, 0, 0, 0, 0, 0, 0.0021119284215227402, -0.0022283365090275966, 0, 0.0011833962150195002, 0, 0, 0, -0.0022806290372338724, 0, 0.0005994407748720759, 0, 0, 0, 0, 0, 0, 0.0008644975866109045, 0, 0, 0, 0, 0, 0, 0, 0, 0, 0, 0, 0, 0, 0, 0, 0, 0, 0, 0, 0, 0, 0, 0, 0, 0, 0, 0, 0, 0, 0, 0, -0.0021139166177334126, 0.0006150178241276552, 0, 0, 0, 0, 0, 0, 0, 0, 0, 0, 0, 0, 0, 0, 0, 0, -0.002003270490839212, 0, 0, 0, 0, 0, 0, 0, 0, 0.0048503722112742415, 0, 0, 0, 0, 0, -0.0026231652099862773, 0, 0, 0, 0, 0, 0, -0.00196871674945519, 0, 0, 0, 0, 0, 0, -0.0025408155314713366, 0, 0, 0, 0, -0.0024168792094934107, -0.0020119190964654247, 0, 0, 0, 0, 0, 0, 0, 0, 0, 0, 0, 0, 0, 0, 0, 0, 0, 0, 0, 0, 0, 0, 0, 0, 0, 0, 0, 0, 0, 0, 0, 0, 0, -0.002855114454016925, 0, -0.002366832024199415, -0.002640895608075783, 0, 0, 0, 0, 0, 0, 0, 0, 0.0007213782568106559, 0, 0, 0, 0, 0, 0, 0, 0, -0.0023206238700450646, 0, 0, -0.0019010011166449659, 0, 0, 0, 0, 0, 0, 0, -0.0015773911153881982, 0, 0, 0, -0.0023807772560284, 0, 0, 0, 0, -0.0028274662598742717, 0.01704213275129595, 0, 0, 0, 0, 0, 0, 0, 0, 0, 0, 0, 0, 0, 0, 0, 0, 0, 0, 0, 0, 0, 0, 0, 0, 0, 0, 0, 0, 0, 0, 0, 0, 0, 0, 0, 0, 0, 0.010335610335610344, 0, 0, 0, 0.005571010829843405, 0, 0, 0.008702261569537873, 0, 0, 0.0005983310303821548, 0.0007381232235989801, 0, 0, 0, 0, 0.002143646738968026, 0, 0, 0.0029306945271964464, 0, 0, -0.002240569543117032, 0, 0, 0, 0, 0, 0, -0.0004543338609068378, 0, 0, 0, 0, 0, 0, 0, 0, 0.00918022525828703, 0, -0.002532608254235475, 0, 0, 0, 0, 0, 0, 0, 0, 0, 0, 0, 0, 0, 0, 0, 0, 0, 0, 0, 0, 0, 0, 0, 0, 0, 0, 0, 0, 0, 0, 0, -0.0020856388865242207, 0, 0, 0, 0, 0.0004339480931319451, 0, 0, 0, 0, 0, -0.0020687008892077224, 0, 0, 0, 0, 0, 0, 0, 0, 0, 0, 0, 0, 0, -0.0027491255737406516, 0, 0, 0, 0, 0, 0, 0, 0, 0, 0.00355286668247884, 0, 0]
Start Date: 2022-04-15
End Date: 2025-11-06
Sharpe Ratio: 0.032
Annualized Sharpe: 0.512
Sharpe 95% CI: (np.float64(-0.451), np.float64(1.281))
Sortino Ratio: 0.056
CAGR: 0.012
Calmar Ratio: 0.229
Daily Win Rate (%): 0.388
Max Drawdown: 0.052
Profit Factor: 1.261
Expectancy: 0.000317
Average Win: 0.00395
Average Loss: 0.001988
Total Trades: 170
Total Days: 1116



Rolling 0 - Variant 3 - atr_0.25_9 - Fit Metrics
Contracts: [3, 4, 4, 3, 3, 3, 3, 3, 3, 3, 2, 1, 2, 1, 1, 2, 2, 2, 2, 2, 2, 2, 1, 2, 1, 2, 2, 1, 1, 1, 2, 2, 2, 2, 2, 2, 2, 2, 2, 2, 2, 2, 3, 2, 2, 2, 2, 2, 3, 3, 3, 2, 2, 3, 3, 5, 3, 3, 3, 3, 3, 4, 4, 4, 4, 3, 3, 5, 3, 3, 3, 5, 5, 5, 5, 4, 3, 3, 4, 4, 4, 5, 3, 5, 4, 4, 3, 5, 4, 5, 4, 3, 4, 3, 4, 3, 5, 3, 4, 4, 5, 4, 3, 4, 4, 4, 4, 4, 3, 4, 5, 7, 8, 5, 5, 5, 5, 5, 5, 5, 6, 6, 6, 7, 7, 6, 6, 7, 7, 5, 6, 6, 5, 3, 4, 4, 5, 3, 3, 3, 3, 4, 5, 5, 4, 4, 6, 6, 6, 5, 5, 3, 7, 6, 6, 5, 8, 5, 1, 4, 4, 5, 3, 5, 5, 6, 6, 6, 6, 5, 5, 7, 7, 6, 6, 4, 7, 7, 7, 6, 6, 5, 6, 6]
Trade Returns: [0.004673999999999995, -0.001879216541883238, 0.004738797709581083, 0.004400826569320462, -0.002021795069428799, -0.0018476601255933607, -0.0017915600261889178, 0.004227560834540777, 0.0009143915733473045, -0.002260161829959899, 0.015474470492872195, -0.0012740511135323263, 0.0017057619232563237, -0.0011395523853787264]
Daily Returns: [0.004673999999999995, 0, 0, 0, 0, 0, 0, 0, 0, 0, 0, 0, 0, 0, -0.001879216541883238, 0.004738797709581083, 0, 0, 0, 0, 0, 0, 0, 0, 0, 0, 0, 0, 0, 0, 0, 0.004400826569320462, -0.002021795069428799, 0, -0.0018476601255933607, 0, 0, 0, 0, 0, 0, -0.0017915600261889178, 0, 0, 0, 0, 0, 0.005141952407888081, -0.002260161829959899, 0, 0, 0, 0, 0, 0.015474470492872195, 0, 0, 0, 0, 0, 0, 0, 0, 0, 0, 0, 0, 0, 0, 0, 0, 0, 0, 0, 0, 0, 0, 0, 0, 0, 0, 0, 0, 0, 0, 0, 0, 0, 0, 0, 0, 0, 0, -0.0012740511135323263, 0, 0, 0, 0, 0.0017057619232563237, -0.0011395523853787264, 0, 0]
Start Date: 2021-12-17
End Date: 2022-04-14
Sharpe Ratio: 0.126
Annualized Sharpe: 2.002
Sharpe 95% CI: (np.float64(-1.275), np.float64(3.766))
Sortino Ratio: 0.586
CAGR: 0.06
Calmar Ratio: 10.693
Daily Win Rate (%): 0.5
Max Drawdown: 0.006
Profit Factor: 2.959
Expectancy: 0.001709
Average Win: 0.005162
Average Loss: 0.001745
Total Trades: 14
Total Days: 102

Rolling 0 - Variant 3 - atr_0.25_9 - Test Metrics
Contracts: [3, 4, 4, 3, 3, 3, 3, 3, 3, 3, 2, 1, 2, 1, 1, 2, 2, 2, 2, 2, 2, 2, 1, 2, 1, 2, 2, 1, 1, 1, 2, 2, 2, 2, 2, 2, 2, 2, 2, 2, 2, 2, 3, 2, 2, 2, 2, 2, 3, 3, 3, 2, 2, 3, 3, 5, 3, 3, 3, 3, 3, 4, 4, 4, 4, 3, 3, 5, 3, 3, 3, 5, 5, 5, 5, 4, 3, 3, 4, 4, 4, 5, 3, 5, 4, 4, 3, 5, 4, 5, 4, 3, 4, 3, 4, 3, 5, 3, 4, 4, 5, 4, 3, 4, 4, 4, 4, 4, 3, 4, 5, 7, 8, 5, 5, 5, 5, 5, 5, 5, 6, 6, 6, 7, 7, 6, 6, 7, 7, 5, 6, 6, 5, 3, 4, 4, 5, 3, 3, 3, 3, 4, 5, 5, 4, 4, 6, 6, 6, 5, 5, 3, 7, 6, 6, 5, 8, 5, 1, 4, 4, 5, 3, 5, 5, 6, 6, 6, 6, 5, 5, 7, 7, 6, 6, 4, 7, 7, 7, 6, 6, 5, 6, 6]
Trade Returns: [0.004571197174735357, -0.0024324569164079057, 0.005461250893897062, -0.0028054989324806066, -0.001985811744269418, 0.0031913960896630274, -0.0017756006767530386, -0.0028133919004539798, -0.0012697062902146798, -0.002816043244425523, 0.0014766246788243415, 0.006371021045097757, 0.013947722273606975, -0.0011517513903421524, -0.0012490095220188287, 0.00031504412538757, 0.004259437784938737, 0.006440460163994614, -0.0020938150754685426, -4.188800670208106e-05, -0.0021173370297874277, -0.0019327657266396984, -0.0021852695229529827, 0.0007798254567139656, -0.001682962013143131, -0.001653089090379097, 0.013673053059436828, 0.0015311614086684917, 0.001214731169774771, -0.0004195376015299944, -0.0018376653331619174, -0.0015379953026744438, -0.001616244394363631, -0.0014098530104731926, -0.002089223942734712, 0.0027113809356743334, -0.002287602828032355, -0.0017572783151474705, 0.001542711927187047, -0.0020645835279405043, -0.002699253836837458, -0.0018511861624314918, 0.007909576230057553, -0.0017540809131921008, -0.0022602549490963746, 0.0006063978814453473, -0.0027309723719185445, 0.0020692228106815045, -0.002540886393207925, -0.002532382142781943, -0.0013016308782168992, 0.002591610646575113, 0.001232006847041176, 0.0031374780597620325, -0.003028310873361021, -0.0018168054504163502, -0.0020289476012262143, -0.002033072598999072, -0.0023268657408122583, -0.002622619561451556, -0.002025988542685482, 0.0008665612059740593, 0.0030568195076420275, -0.001676116018715668, 0.00010846848312636052, 0.000921882111419931, -0.0017491887750067233, 0.0013348826002813664, -0.002432608977974712, 0.0071700375869088095, -7.70662422887125e-06, 0.005078704506483205, -0.0017022385971100277, -0.002505866223227555, 0.019666084666575545, 0.0011233006537798163, 0.010515120199742033, -0.00224441784945996, -0.0021915484326598634, 0.0010861045795543516, -0.0020671641092376396, 0.0026962573246447786, -0.0024887817693928496, 0.0003320401899945239, -0.0004575757859895332, -0.001921197145971584, -0.002124151984014347, -0.00178134213231163, -0.0019652319594906215, -0.0022708797395655537, -0.0021626240342390276, 0.003478306996587993, -0.002046522516467522, 0.0025167326932242166, 0.010035263114178522, 0.002150985158769951, 0.009288886230768043, -0.0022165927802406597, -0.0023904042344303593, -0.0017803778129503386, 0.0016714975123634584, 0.00022373742176185488, -0.002712209416120032, -0.001271009031640649, 0.007850982916860073, 0.00945920601348503, -0.0021021965163069067, -0.002218473668042023, 0.0014269622113120932, -0.0021392343308449246, -0.0008523623536270567, -0.002559268484990611, 0.00037557886323562865, 0.0016053204907693817, -0.0019018778735897489, -0.0006216006216006407, -0.002121420796587956, 0.000599805618549519, -0.0020498721844402646, -0.001511284443064729, -0.0020553300815429874, -0.0017610757486437485, -0.0022986701352290828, -0.002141002731042854, -0.0019462037776602813, -0.0018654613494443076, 0.002100448886253912, -0.002216249617321307, 0.001176980734683758, -0.002268231024506308, 0.0005961746716322996, 0.0008597901056259693, -0.0021024155171829153, 0.0006116646718343267, -0.0019923550920143552, 0.00482382152808055, -0.002608843601716545, -0.00195799183226914, -0.0025269468547355223, -0.002403627084662354, -0.0020009095043201463, -0.0028393803739280785, -0.0023537516504965857, -0.002626380277026025, 0.0007173821306632873, -0.002307777824631888, -0.0018904535935909024, -0.001568601725654839, -0.0023675427216347223, -0.002811686567481446, 0.019078422101126306, 0.010257229407100202, -0.002270045005618645, 0.007799102367463323, 0.008637295369668318, 0.0005939024775013307, 0.0007326632401521377, 0.0021278015435828267, -0.0004660866477273468, 0.0033751526590430235, -0.0022240909996237876, -0.0004509849585426851, 0.00911252713602597, -0.0025141005860126603, -0.002070359143933133, 0.00043076232044667555, -0.0020535203337154564, -0.002728910408764967, 0.00032170927465651063, 0.003204968255288485]
Daily Returns: [0, 0, 0, 0, 0, 0, 0, 0, 0.004571197174735357, 0, 0, -0.0024324569164079057, 0.005461250893897062, 0, -0.0028054989324806066, 0, -0.001985811744269418, 0.0031913960896630274, 0, 0, -0.0017756006767530386, -0.0028133919004539798, 0, 0, -0.0012697062902146798, 0, 0, 0, 0, -0.002816043244425523, 0, 0, 0, 0, 0, 0, 0, 0, 0, 0, 0, 0, 0, 0, 0, 0, 0, 0, 0, 0, 0, 0, 0.0014766246788243415, 0, 0, 0, 0, 0, 0, 0, 0, 0, 0, 0, 0, 0, 0.006371021045097757, 0, 0, 0.012795970883264823, 0, 0, 0, 0, 0, -0.0012490095220188287, 0, 0, 0, 0, 0.00031504412538757, 0, 0, 0, 0, 0, 0.004259437784938737, 0.0043466450885260716, -4.188800670208106e-05, 0, 0, 0, -0.0021173370297874277, 0, 0, 0, 0, 0, 0, 0, -0.003338209792878715, -0.001682962013143131, 0, 0, -0.001653089090379097, 0, 0, 0, 0.013673053059436828, 0, 0, 0, 0, 0, 0, 0, 0, 0, 0, 0, 0, 0, 0, 0, 0, 0, 0, 0, 0, 0, 0, 0, 0, 0, 0, 0, 0, 0, 0, 0, 0, 0, 0, 0, 0, 0, 0.0015311614086684917, 0, 0, 0, 0, 0, 0, 0, 0.001214731169774771, 0, 0, 0, 0, 0, 0, -0.0004195376015299944, 0, 0, -0.0018376653331619174, -0.0031542396970380745, -0.0014098530104731926, 0, 0, 0, 0, 0.0006221569929396212, 0, 0, 0, 0, 0, 0, -0.002287602828032355, 0, 0, 0, -0.0017572783151474705, 0.001542711927187047, 0, 0, 0, 0, 0, 0, 0, 0, 0, 0, 0, 0, 0, 0, 0, 0, 0, 0, 0, 0, 0, 0, 0, 0, 0, 0, 0, 0, 0, 0, 0, 0, 0, 0, 0, 0, 0, 0, -0.0020645835279405043, 0, 0, -0.002699253836837458, 0, 0, 0, 0, 0, 0.006058390067626061, -0.0017540809131921008, 0, 0, 0, 0, -0.0022602549490963746, 0, -0.0021245744904731974, 0, 0, 0, 0, 0, 0.0020692228106815045, -0.002540886393207925, 0, 0, 0, 0, 0, -0.0038340130209988423, 0, 0, 0, 0, 0.002591610646575113, 0, 0, 0, 0, 0.001232006847041176, 0.00010916718640101167, 0, 0, 0, 0, 0, 0, 0, 0, 0, 0, 0, 0, 0, 0, 0, 0, 0, 0, 0, 0, 0, 0, 0, 0, 0, 0, 0, 0, 0, 0, 0, 0, -0.0018168054504163502, 0, 0, 0, 0, 0, 0, 0, 0, 0, 0, 0, 0, -0.006388885941037545, 0, 0, 0, 0, -0.002622619561451556, 0, 0, 0, 0, 0, 0, -0.002025988542685482, 0, 0, 0, 0, 0.003923380713616087, 0, -0.001676116018715668, 0, 0, 0, 0, 0, 0, 0, 0, 0, 0, 0, 0.00010846848312636052, 0, 0.000921882111419931, 0, 0, 0, 0, 0, 0, 0, 0, 0, 0, 0, 0, 0, 0, 0, 0, 0, 0, 0, 0, 0, 0, 0, 0, 0, 0, 0, 0, -0.0017491887750067233, 0, 0, 0, 0, 0, 0.0013348826002813664, 0, 0, 0, 0, 0, 0, -0.002432608977974712, 0, 0, 0, 0, 0, 0, 0, 0.0071700375869088095, 0, 0, 0, 0, 0, 0, 0, 0, 0, 0, 0, 0, 0, -7.70662422887125e-06, 0, 0.005078704506483205, 0, 0, -0.0017022385971100277, 0, 0, 0, 0, 0, -0.002505866223227555, 0, 0, 0, 0, 0.019666084666575545, 0, 0, 0, 0, 0, 0, 0, 0, 0, 0, 0, 0, 0, 0, 0, 0, 0, 0, 0, 0, 0, 0, 0, 0, 0, 0, 0, 0, 0, 0, 0, 0, 0, 0.0011233006537798163, 0, 0.010515120199742033, 0, 0, 0, 0, 0, 0, 0, 0, 0, -0.00224441784945996, 0, 0, 0, 0, 0, 0, 0, 0, 0, 0, 0, 0, 0, 0, -0.0011054438531055118, 0, 0, -0.0020671641092376396, 0, 0.0026962573246447786, 0, 0, 0, 0, 0, 0, 0, 0, -0.0024887817693928496, 0, 0, 0, 0, 0, 0, 0, 0, 0, 0, 0, 0, 0, 0, 0, 0, 0, 0, 0, 0, 0, 0, 0, 0, 0, 0, 0, 0, 0, 0.0003320401899945239, -0.0004575757859895332, 0, 0, -0.001921197145971584, 0, -0.002124151984014347, 0, 0, 0, 0, 0, -0.00178134213231163, 0, 0, 0, 0, -0.004236111699056175, -0.0021626240342390276, 0, 0, 0.0014317844801204713, 0, 0, 0, 0, 0, 0.0025167326932242166, 0, 0, 0, 0, 0, 0, 0, 0, 0.010035263114178522, 0.002150985158769951, 0, 0, 0, 0, 0, 0, 0, 0, 0, 0, 0.009288886230768043, 0, 0, 0, 0, 0, 0, 0, 0, 0, 0, 0, 0, 0, 0, 0, 0, 0, 0, 0, 0, 0, 0, 0, 0, 0, 0, 0, 0, 0, 0, 0, 0, 0, 0, -0.0022165927802406597, -0.0023904042344303593, 0, 0, 0, 0, 0, 0, 0, 0, 0, 0, -0.0017803778129503386, 0.0018952349341253133, 0, 0, -0.003983218447760681, 0, 0, 0, 0, 0, 0, 0, 0, 0.007850982916860073, 0, 0, 0, 0.00945920601348503, -0.0021021965163069067, 0, 0, 0, 0, 0, 0, 0, -0.002218473668042023, 0, 0.0014269622113120932, -0.0021392343308449246, -0.0008523623536270567, -0.002559268484990611, 0, 0, 0, 0, 0, 0, 0, 0, 0, 0, 0, 0, 0, 0, 0, 0, 0, 0, 0, 0, 0, 0, 0, 0, 0, 0, 0, 0, 0, 0, 0, 0, 0, 0, 0.00037557886323562865, 0.0016053204907693817, 0, 0, 0, 0, 0, 0, 0, 0, 0, 0, 0, 0, -0.0019018778735897489, 0, 0, 0, -0.0006216006216006407, -0.002121420796587956, 0.000599805618549519, 0, 0, 0, 0, 0, -0.0020498721844402646, 0, 0, 0, -0.001511284443064729, -0.0020553300815429874, 0, 0, 0, 0, 0, 0, 0, 0, -0.0017610757486437485, 0, 0, 0, -0.0022986701352290828, 0, 0, 0, 0, 0, 0, 0, 0, 0, 0, 0, 0, 0, 0, 0, 0, 0, 0, 0, 0, 0, 0, 0, 0, 0, 0, 0, 0, 0, 0, 0, 0, 0, 0, 0, 0, 0, 0, -0.002141002731042854, 0, 0, 0, 0, 0, 0, -0.0019462037776602813, 0, 0, -0.0018654613494443076, 0, 0, 0, 0, 0, 0, 0, 0, 0, 0.002100448886253912, -0.002216249617321307, 0, 0.001176980734683758, 0, 0, 0, -0.002268231024506308, 0, 0.0005961746716322996, 0, 0, 0, 0, 0, 0, 0.0008597901056259693, 0, 0, 0, 0, 0, 0, 0, 0, 0, 0, 0, 0, 0, 0, 0, 0, 0, 0, 0, 0, 0, 0, 0, 0, 0, 0, 0, 0, 0, 0, 0, -0.0021024155171829153, 0.0006116646718343267, 0, 0, 0, 0, 0, 0, 0, 0, 0, 0, 0, 0, 0, 0, 0, 0, -0.0019923550920143552, 0, 0, 0, 0, 0, 0, 0, 0, 0.00482382152808055, 0, 0, 0, 0, 0, -0.002608843601716545, 0, 0, 0, 0, 0, 0, -0.00195799183226914, 0, 0, 0, 0, 0, 0, -0.0025269468547355223, 0, 0, 0, 0, -0.002403627084662354, -0.0020009095043201463, 0, 0, 0, 0, 0, 0, 0, 0, 0, 0, 0, 0, 0, 0, 0, 0, 0, 0, 0, 0, 0, 0, 0, 0, 0, 0, 0, 0, 0, 0, 0, 0, 0, -0.0028393803739280785, 0, -0.0023537516504965857, -0.002626380277026025, 0, 0, 0, 0, 0, 0, 0, 0, 0.0007173821306632873, 0, 0, 0, 0, 0, 0, 0, 0, -0.002307777824631888, 0, 0, -0.0018904535935909024, 0, 0, 0, 0, 0, 0, 0, -0.001568601725654839, 0, 0, 0, -0.0023675427216347223, 0, 0, 0, 0, -0.002811686567481446, 0.019078422101126306, 0, 0, 0, 0, 0, 0, 0, 0, 0, 0, 0, 0, 0, 0, 0, 0, 0, 0, 0, 0, 0, 0, 0, 0, 0, 0, 0, 0, 0, 0, 0, 0, 0, 0, 0, 0, 0, 0.010257229407100202, 0, 0, 0, 0.005529057361844678, 0, 0, 0.008637295369668318, 0, 0, 0.0005939024775013307, 0.0007326632401521377, 0, 0, 0, 0, 0.0021278015435828267, 0, 0, 0.0029090660113156768, 0, 0, -0.0022240909996237876, 0, 0, 0, 0, 0, 0, -0.0004509849585426851, 0, 0, 0, 0, 0, 0, 0, 0, 0.00911252713602597, 0, -0.0025141005860126603, 0, 0, 0, 0, 0, 0, 0, 0, 0, 0, 0, 0, 0, 0, 0, 0, 0, 0, 0, 0, 0, 0, 0, 0, 0, 0, 0, 0, 0, 0, 0, -0.002070359143933133, 0, 0, 0, 0, 0.00043076232044667555, 0, 0, 0, 0, 0, -0.0020535203337154564, 0, 0, 0, 0, 0, 0, 0, 0, 0, 0, 0, 0, 0, -0.002728910408764967, 0, 0, 0, 0, 0, 0, 0, 0, 0, 0.0035266775299449956, 0, 0]
Start Date: 2022-04-15
End Date: 2025-11-06
Sharpe Ratio: 0.034
Annualized Sharpe: 0.547
Sharpe 95% CI: (np.float64(-0.412), np.float64(1.302))
Sortino Ratio: 0.063
CAGR: 0.013
Calmar Ratio: 0.252
Daily Win Rate (%): 0.388
Max Drawdown: 0.053
Profit Factor: 1.289
Expectancy: 0.000351
Average Win: 0.004034
Average Loss: 0.001986
Total Trades: 170
Total Days: 1116



Rolling 0 - Variant 4 - atr_0.25_10 - Fit Metrics
Contracts: [3, 4, 4, 3, 3, 3, 3, 3, 3, 3, 2, 1, 2, 1, 1, 2, 2, 2, 2, 2, 2, 2, 1, 2, 1, 2, 2, 1, 1, 1, 2, 2, 2, 2, 2, 2, 2, 2, 2, 2, 2, 2, 3, 2, 2, 2, 2, 2, 3, 3, 3, 2, 2, 3, 3, 5, 3, 3, 3, 3, 3, 4, 4, 4, 4, 3, 3, 5, 3, 3, 3, 5, 5, 5, 5, 4, 3, 3, 4, 4, 4, 5, 3, 5, 4, 4, 3, 5, 4, 5, 4, 3, 4, 3, 4, 4, 5, 3, 4, 5, 5, 4, 3, 4, 4, 4, 4, 4, 3, 4, 5, 7, 8, 5, 5, 5, 5, 5, 5, 5, 6, 6, 6, 7, 7, 6, 6, 7, 7, 6, 6, 6, 5, 3, 4, 4, 6, 3, 3, 3, 3, 4, 5, 5, 4, 4, 6, 6, 6, 5, 5, 3, 7, 6, 6, 5, 8, 5, 1, 4, 4, 5, 3, 5, 5, 6, 6, 6, 6, 5, 5, 7, 7, 6, 6, 4, 7, 7, 7, 6, 6, 5, 6, 6]
Trade Returns: [0.004673999999999995, -0.001879216541883238, 0.004738797709581083, 0.004400826569320462, -0.002021795069428799, -0.0018476601255933607, -0.0017915600261889178, 0.004227560834540777, 0.0009143915733473045, -0.002260161829959899, 0.017198700683548274, -0.0012719020170116897, 0.0017028705253375022, -0.0011376277161832399]
Daily Returns: [0.004673999999999995, 0, 0, 0, 0, 0, 0, 0, 0, 0, 0, 0, 0, 0, -0.001879216541883238, 0.004738797709581083, 0, 0, 0, 0, 0, 0, 0, 0, 0, 0, 0, 0, 0, 0, 0, 0.004400826569320462, -0.002021795069428799, 0, -0.0018476601255933607, 0, 0, 0, 0, 0, 0, -0.0017915600261889178, 0, 0, 0, 0, 0, 0.005141952407888081, -0.002260161829959899, 0, 0, 0, 0, 0, 0.017198700683548274, 0, 0, 0, 0, 0, 0, 0, 0, 0, 0, 0, 0, 0, 0, 0, 0, 0, 0, 0, 0, 0, 0, 0, 0, 0, 0, 0, 0, 0, 0, 0, 0, 0, 0, 0, 0, 0, 0, -0.0012719020170116897, 0, 0, 0, 0, 0.0017028705253375022, -0.0011376277161832399, 0, 0]
Start Date: 2021-12-17
End Date: 2022-04-14
Sharpe Ratio: 0.126
Annualized Sharpe: 1.994
Sharpe 95% CI: (np.float64(-1.274), np.float64(3.72))
Sortino Ratio: 0.627
CAGR: 0.065
Calmar Ratio: 11.482
Daily Win Rate (%): 0.5
Max Drawdown: 0.006
Profit Factor: 3.101
Expectancy: 0.001832
Average Win: 0.005408
Average Loss: 0.001744
Total Trades: 14
Total Days: 102

Rolling 0 - Variant 4 - atr_0.25_10 - Test Metrics
Contracts: [3, 4, 4, 3, 3, 3, 3, 3, 3, 3, 2, 1, 2, 1, 1, 2, 2, 2, 2, 2, 2, 2, 1, 2, 1, 2, 2, 1, 1, 1, 2, 2, 2, 2, 2, 2, 2, 2, 2, 2, 2, 2, 3, 2, 2, 2, 2, 2, 3, 3, 3, 2, 2, 3, 3, 5, 3, 3, 3, 3, 3, 4, 4, 4, 4, 3, 3, 5, 3, 3, 3, 5, 5, 5, 5, 4, 3, 3, 4, 4, 4, 5, 3, 5, 4, 4, 3, 5, 4, 5, 4, 3, 4, 3, 4, 4, 5, 3, 4, 5, 5, 4, 3, 4, 4, 4, 4, 4, 3, 4, 5, 7, 8, 5, 5, 5, 5, 5, 5, 5, 6, 6, 6, 7, 7, 6, 6, 7, 7, 6, 6, 6, 5, 3, 4, 4, 6, 3, 3, 3, 3, 4, 5, 5, 4, 4, 6, 6, 6, 5, 5, 3, 7, 6, 6, 5, 8, 5, 1, 4, 4, 5, 3, 5, 5, 6, 6, 6, 6, 5, 5, 7, 7, 6, 6, 4, 7, 7, 7, 6, 6, 5, 6, 6]
Trade Returns: [0.004563467769051197, -0.0024283847777604606, 0.0054520584519481535, -0.00280079085692241, -0.0019824604623284022, 0.0031859956236323797, -0.0017725981974697452, -0.0028086573186607428, -0.0012675554482492741, -0.0028112669026935135, 0.001474113088325573, 0.006360200527869315, 0.0154760565347445, -0.0011480771141047289, -0.0012450203965323023, 0.0003140366733559112, 0.004245821177803828, 0.006419958293145054, -0.00208719236640643, -4.1755238384451856e-05, -0.0021106256334723957, -0.0019266208745183436, -0.002178308472895127, 0.0007773442263138766, -0.0016776161872843532, -0.0016478117747812146, 0.013629331209215365, 0.0015263311005073875, 0.0012109049345319226, -0.00041821771434600295, -0.0018318815232509476, -0.0015331457810169352, -0.0016111403167063136, -0.0014053935291287684, -0.002082606254646979, 0.0027027746205281968, -0.002280361218315677, -0.0017517027804956808, 0.0015378085847022255, -0.002058031548882523, -0.0026906700587262995, -0.0018452623894135956, 0.007884218892177988, -0.0017485014885118863, -0.0022530478199852956, 0.0006044607674356038, -0.0027222536589841997, 0.0020625987210354467, -0.0025327691354151503, -0.0025243129690156302, -0.001297471079599295, 0.0025833103194329403, 0.0012280711822193731, 0.0031274373219018306, -0.0030186487534700113, -0.0018110093320470317, -0.0020224520937650956, -0.0020265506954622544, -0.0023193862191887337, -0.0026141697647633056, -0.0020194439178759464, 0.0008637647777206869, 0.003046924970441705, -0.0016707590375049988, 0.00010811875300462843, 0.0009189100491308193, -0.0017435547300672536, 0.0013305650349975514, -0.0024247599874028395, 0.007146877520507378, -7.68190757130339e-06, 0.005062415978490451, -0.0016968066404757169, -0.0024978562459804605, 0.021790564202147963, 0.00111737299037177, 0.010459693787587187, -0.002232722363570279, -0.0021801028904484356, 0.0010804388586704195, -0.0020563445867287544, 0.0035761547377517783, -0.0024735580365528647, 0.0003300040831013688, -0.00045477080669629257, -0.0023867683529433703, -0.002112110054017682, -0.0017712474963379275, -0.00195407548271654, -0.002257962882390891, -0.002150295101687907, 0.0034584347380555835, -0.0020348706242772838, 0.002502435004120768, 0.00997813294792266, 0.0021387135365330684, 0.009236527585995379, -0.0022042128639851517, -0.0023770240692142174, -0.0017703675690906807, 0.001662082784722189, 0.0002224793094242579, -0.002696961608612484, -0.00126384420518139, 0.007806670003963832, 0.009406229457341436, -0.0020904015420873685, -0.0022061648220982354, 0.0014190274345304078, -0.002127355744409742, -0.0008476193271883956, -0.002545015185624521, 0.000373483069994028, 0.0015963658767597932, -0.0022695431350910665, -0.000618366592008735, -0.002110376755654834, 0.0005964566059409773, -0.0020391780543842332, -0.001503384000887607, -0.002044569390351633, -0.001751836737723689, -0.002743907539982786, -0.0021307016775314437, -0.0019368309489911878, -0.0018564599384171302, 0.002090294739050296, -0.0022055580061755634, 0.0011713058098262597, -0.0022572644577320217, 0.0005932857327923928, 0.0008556262114334933, -0.0020922423926554054, 0.0006086987561127943, -0.0019827001898210135, 0.004800338004153409, -0.0025961760959907904, -0.0019485053949947072, -0.002514679937857125, -0.0023919060619515013, -0.0019911717178192905, -0.0028254648820159553, -0.0023421834862734727, -0.002613542315712125, 0.0007138480801494847, -0.0022964170934302265, -0.0018811258461720818, -0.001560829140084896, -0.002355838937229343, -0.0027977325867585543, 0.0211045315449597, 0.010185930046794101, -0.002254424729132552, 0.007745315152264533, 0.008578185306650542, 0.0005898726243801995, 0.000727694773493454, 0.002113382608775657, -0.00046293489702461455, 0.003352318779050269, -0.002209094655859323, -0.0004479373768860958, 0.00905092061159838, -0.0024972561125439813, -0.0020564530108698243, 0.00042786302532072247, -0.0020397047911130295, -0.0027105134957932115, 0.000319534581354597, 0.003183310202013536]
Daily Returns: [0, 0, 0, 0, 0, 0, 0, 0, 0.004563467769051197, 0, 0, -0.0024283847777604606, 0.0054520584519481535, 0, -0.00280079085692241, 0, -0.0019824604623284022, 0.0031859956236323797, 0, 0, -0.0017725981974697452, -0.0028086573186607428, 0, 0, -0.0012675554482492741, 0, 0, 0, 0, -0.0028112669026935135, 0, 0, 0, 0, 0, 0, 0, 0, 0, 0, 0, 0, 0, 0, 0, 0, 0, 0, 0, 0, 0, 0, 0.001474113088325573, 0, 0, 0, 0, 0, 0, 0, 0, 0, 0, 0, 0, 0, 0.006360200527869315, 0, 0, 0.014327979420639772, 0, 0, 0, 0, 0, -0.0012450203965323023, 0, 0, 0, 0, 0.0003140366733559112, 0, 0, 0, 0, 0, 0.004245821177803828, 0.004332765926738624, -4.1755238384451856e-05, 0, 0, 0, -0.0021106256334723957, 0, 0, 0, 0, 0, 0, 0, -0.003327585121099594, -0.0016776161872843532, 0, 0, -0.0016478117747812146, 0, 0, 0, 0.013629331209215365, 0, 0, 0, 0, 0, 0, 0, 0, 0, 0, 0, 0, 0, 0, 0, 0, 0, 0, 0, 0, 0, 0, 0, 0, 0, 0, 0, 0, 0, 0, 0, 0, 0, 0, 0, 0, 0, 0.0015263311005073875, 0, 0, 0, 0, 0, 0, 0, 0.0012109049345319226, 0, 0, 0, 0, 0, 0, -0.00041821771434600295, 0, 0, -0.0018318815232509476, -0.003144286097723249, -0.0014053935291287684, 0, 0, 0, 0, 0.0006201683658812176, 0, 0, 0, 0, 0, 0, -0.002280361218315677, 0, 0, 0, -0.0017517027804956808, 0.0015378085847022255, 0, 0, 0, 0, 0, 0, 0, 0, 0, 0, 0, 0, 0, 0, 0, 0, 0, 0, 0, 0, 0, 0, 0, 0, 0, 0, 0, 0, 0, 0, 0, 0, 0, 0, 0, 0, 0, 0, -0.002058031548882523, 0, 0, -0.0026906700587262995, 0, 0, 0, 0, 0, 0.0060389565027643925, -0.0017485014885118863, 0, 0, 0, 0, -0.0022530478199852956, 0, -0.0021177928915485957, 0, 0, 0, 0, 0, 0.0020625987210354467, -0.0025327691354151503, 0, 0, 0, 0, 0, -0.0038217840486149254, 0, 0, 0, 0, 0.0025833103194329403, 0, 0, 0, 0, 0.0012280711822193731, 0.00010878856843181926, 0, 0, 0, 0, 0, 0, 0, 0, 0, 0, 0, 0, 0, 0, 0, 0, 0, 0, 0, 0, 0, 0, 0, 0, 0, 0, 0, 0, 0, 0, 0, 0, -0.0018110093320470317, 0, 0, 0, 0, 0, 0, 0, 0, 0, 0, 0, 0, -0.006368389008416083, 0, 0, 0, 0, -0.0026141697647633056, 0, 0, 0, 0, 0, 0, -0.0020194439178759464, 0, 0, 0, 0, 0.0039106897481623925, 0, -0.0016707590375049988, 0, 0, 0, 0, 0, 0, 0, 0, 0, 0, 0, 0.00010811875300462843, 0, 0.0009189100491308193, 0, 0, 0, 0, 0, 0, 0, 0, 0, 0, 0, 0, 0, 0, 0, 0, 0, 0, 0, 0, 0, 0, 0, 0, 0, 0, 0, 0, -0.0017435547300672536, 0, 0, 0, 0, 0, 0.0013305650349975514, 0, 0, 0, 0, 0, 0, -0.0024247599874028395, 0, 0, 0, 0, 0, 0, 0, 0.007146877520507378, 0, 0, 0, 0, 0, 0, 0, 0, 0, 0, 0, 0, 0, -7.68190757130339e-06, 0, 0.005062415978490451, 0, 0, -0.0016968066404757169, 0, 0, 0, 0, 0, -0.0024978562459804605, 0, 0, 0, 0, 0.021790564202147963, 0, 0, 0, 0, 0, 0, 0, 0, 0, 0, 0, 0, 0, 0, 0, 0, 0, 0, 0, 0, 0, 0, 0, 0, 0, 0, 0, 0, 0, 0, 0, 0, 0, 0.00111737299037177, 0, 0.010459693787587187, 0, 0, 0, 0, 0, 0, 0, 0, 0, -0.002232722363570279, 0, 0, 0, 0, 0, 0, 0, 0, 0, 0, 0, 0, 0, 0, -0.0010996640317780162, 0, 0, -0.0020563445867287544, 0, 0.0035761547377517783, 0, 0, 0, 0, 0, 0, 0, 0, -0.0024735580365528647, 0, 0, 0, 0, 0, 0, 0, 0, 0, 0, 0, 0, 0, 0, 0, 0, 0, 0, 0, 0, 0, 0, 0, 0, 0, 0, 0, 0, 0, 0.0003300040831013688, -0.00045477080669629257, 0, 0, -0.0023867683529433703, 0, -0.002112110054017682, 0, 0, 0, 0, 0, -0.0017712474963379275, 0, 0, 0, 0, -0.004212038365107431, -0.002150295101687907, 0, 0, 0.0014235641137782997, 0, 0, 0, 0, 0, 0.002502435004120768, 0, 0, 0, 0, 0, 0, 0, 0, 0.00997813294792266, 0.0021387135365330684, 0, 0, 0, 0, 0, 0, 0, 0, 0, 0, 0.009236527585995379, 0, 0, 0, 0, 0, 0, 0, 0, 0, 0, 0, 0, 0, 0, 0, 0, 0, 0, 0, 0, 0, 0, 0, 0, 0, 0, 0, 0, 0, 0, 0, 0, 0, 0, -0.0022042128639851517, -0.0023770240692142174, 0, 0, 0, 0, 0, 0, 0, 0, 0, 0, -0.0017703675690906807, 0.001884562094146447, 0, 0, -0.003960805813793874, 0, 0, 0, 0, 0, 0, 0, 0, 0.007806670003963832, 0, 0, 0, 0.009406229457341436, -0.0020904015420873685, 0, 0, 0, 0, 0, 0, 0, -0.0022061648220982354, 0, 0.0014190274345304078, -0.002127355744409742, -0.0008476193271883956, -0.002545015185624521, 0, 0, 0, 0, 0, 0, 0, 0, 0, 0, 0, 0, 0, 0, 0, 0, 0, 0, 0, 0, 0, 0, 0, 0, 0, 0, 0, 0, 0, 0, 0, 0, 0, 0, 0.000373483069994028, 0.0015963658767597932, 0, 0, 0, 0, 0, 0, 0, 0, 0, 0, 0, 0, -0.0022695431350910665, 0, 0, 0, -0.000618366592008735, -0.002110376755654834, 0.0005964566059409773, 0, 0, 0, 0, 0, -0.0020391780543842332, 0, 0, 0, -0.001503384000887607, -0.002044569390351633, 0, 0, 0, 0, 0, 0, 0, 0, -0.001751836737723689, 0, 0, 0, -0.002743907539982786, 0, 0, 0, 0, 0, 0, 0, 0, 0, 0, 0, 0, 0, 0, 0, 0, 0, 0, 0, 0, 0, 0, 0, 0, 0, 0, 0, 0, 0, 0, 0, 0, 0, 0, 0, 0, 0, 0, -0.0021307016775314437, 0, 0, 0, 0, 0, 0, -0.0019368309489911878, 0, 0, -0.0018564599384171302, 0, 0, 0, 0, 0, 0, 0, 0, 0, 0.002090294739050296, -0.0022055580061755634, 0, 0.0011713058098262597, 0, 0, 0, -0.0022572644577320217, 0, 0.0005932857327923928, 0, 0, 0, 0, 0, 0, 0.0008556262114334933, 0, 0, 0, 0, 0, 0, 0, 0, 0, 0, 0, 0, 0, 0, 0, 0, 0, 0, 0, 0, 0, 0, 0, 0, 0, 0, 0, 0, 0, 0, 0, -0.0020922423926554054, 0.0006086987561127943, 0, 0, 0, 0, 0, 0, 0, 0, 0, 0, 0, 0, 0, 0, 0, 0, -0.0019827001898210135, 0, 0, 0, 0, 0, 0, 0, 0, 0.004800338004153409, 0, 0, 0, 0, 0, -0.0025961760959907904, 0, 0, 0, 0, 0, 0, -0.0019485053949947072, 0, 0, 0, 0, 0, 0, -0.002514679937857125, 0, 0, 0, 0, -0.0023919060619515013, -0.0019911717178192905, 0, 0, 0, 0, 0, 0, 0, 0, 0, 0, 0, 0, 0, 0, 0, 0, 0, 0, 0, 0, 0, 0, 0, 0, 0, 0, 0, 0, 0, 0, 0, 0, 0, -0.0028254648820159553, 0, -0.0023421834862734727, -0.002613542315712125, 0, 0, 0, 0, 0, 0, 0, 0, 0.0007138480801494847, 0, 0, 0, 0, 0, 0, 0, 0, -0.0022964170934302265, 0, 0, -0.0018811258461720818, 0, 0, 0, 0, 0, 0, 0, -0.001560829140084896, 0, 0, 0, -0.002355838937229343, 0, 0, 0, 0, -0.0027977325867585543, 0.0211045315449597, 0, 0, 0, 0, 0, 0, 0, 0, 0, 0, 0, 0, 0, 0, 0, 0, 0, 0, 0, 0, 0, 0, 0, 0, 0, 0, 0, 0, 0, 0, 0, 0, 0, 0, 0, 0, 0, 0.010185930046794101, 0, 0, 0, 0.005490890423131981, 0, 0, 0.008578185306650542, 0, 0, 0.0005898726243801995, 0.000727694773493454, 0, 0, 0, 0, 0.002113382608775657, 0, 0, 0.0028893838820256545, 0, 0, -0.002209094655859323, 0, 0, 0, 0, 0, 0, -0.0004479373768860958, 0, 0, 0, 0, 0, 0, 0, 0, 0.00905092061159838, 0, -0.0024972561125439813, 0, 0, 0, 0, 0, 0, 0, 0, 0, 0, 0, 0, 0, 0, 0, 0, 0, 0, 0, 0, 0, 0, 0, 0, 0, 0, 0, 0, 0, 0, 0, -0.0020564530108698243, 0, 0, 0, 0, 0.00042786302532072247, 0, 0, 0, 0, 0, -0.0020397047911130295, 0, 0, 0, 0, 0, 0, 0, 0, 0, 0, 0, 0, 0, -0.0027105134957932115, 0, 0, 0, 0, 0, 0, 0, 0, 0, 0.003502844783368133, 0, 0]
Start Date: 2022-04-15
End Date: 2025-11-06
Sharpe Ratio: 0.036
Annualized Sharpe: 0.573
Sharpe 95% CI: (np.float64(-0.38), np.float64(1.312))
Sortino Ratio: 0.068
CAGR: 0.014
Calmar Ratio: 0.271
Daily Win Rate (%): 0.388
Max Drawdown: 0.053
Profit Factor: 1.314
Expectancy: 0.000382
Average Win: 0.004118
Average Loss: 0.00199
Total Trades: 170
Total Days: 1116



Rolling 1 - Variant 0 - atr_0.25_3 - Fit Metrics
Contracts: [3, 4, 4, 3, 3, 3, 3, 3, 3, 3, 2, 1, 2, 1, 1, 2, 2, 2, 2, 2, 2, 2, 1, 2, 1, 2, 2, 1, 1, 1, 2, 2, 2, 2, 2, 2, 2, 2, 2, 2, 2, 2, 3, 2, 2, 2, 2, 2, 3, 3, 3, 2, 2, 3, 3, 4, 3, 3, 3, 3, 3, 4, 4, 4, 4, 3, 3, 4, 3, 3, 3, 5, 5, 5, 5, 4, 3, 3, 4, 4, 4, 5, 3, 5, 4, 4, 3, 5, 4, 4, 4, 3, 4, 3, 4, 3, 5, 3, 4, 4, 5, 4, 3, 4, 3, 3, 3, 3, 3, 4, 5, 7, 8, 5, 5, 5, 5, 5, 5, 5, 6, 6, 6, 6, 7, 5, 5, 7, 6, 5, 6, 6, 5, 3, 4, 4, 5, 2, 3, 3, 3, 4, 5, 5, 4, 4, 6, 6, 6, 4, 5, 3, 7, 6, 6, 5, 8, 5, 1, 4, 4, 5, 3, 5, 5, 5, 6, 6, 6, 5, 5, 7, 6, 6, 6, 4, 6, 7, 7, 6, 6, 5, 6, 6]
Trade Returns: [0.004434, -0.0018796655628941276, 0.005178814737677873, 0.007347147770551473, -0.002015481577946731, -0.001841878755813862, -0.0017859438505582316, 0.0042142845820983, 0.0009115320644228621, -0.002253100230435186, 0.00511302794779496, -0.001279156380767416, 0.0017179496251567548, -0.0011441245494765535, 0.0045895589488580656, -0.0024413741338151604, 0.005794405616176083, -0.0028158088663072568, -0.001993150738362886, 0.006314508849731174, -0.001782175896070979, -0.0028237600348497106, -0.0012744165286538165, 0.008248214814248556, 0.0014658452230748155, 0.005722793919240273, 0.004590015846942852, -0.0011547499418782263, -0.0012522650416075154, 0.0003158663115096757, 0.004270550338775188, 0.005421893483183117, -0.0021013811527849013, -4.203968928847824e-05, -0.0021250045385663467, -0.0019397861251622065, -0.002193222519901284, 0.0007826602391334081, -0.0016890694988902304]
Daily Returns: [0.004434, 0, 0, 0, 0, 0, 0, 0, 0, 0, 0, 0, 0, 0, -0.0018796655628941276, 0.005178814737677873, 0, 0, 0, 0, 0, 0, 0, 0, 0, 0, 0, 0, 0, 0, 0, 0.007347147770551473, -0.002015481577946731, 0, -0.001841878755813862, 0, 0, 0, 0, 0, 0, -0.0017859438505582316, 0, 0, 0, 0, 0, 0.005125816646521161, -0.002253100230435186, 0, 0, 0, 0, 0, 0.00511302794779496, 0, 0, 0, 0, 0, 0, 0, 0, 0, 0, 0, 0, 0, 0, 0, 0, 0, 0, 0, 0, 0, 0, 0, 0, 0, 0, 0, 0, 0, 0, 0, 0, 0, 0, 0, 0, 0, 0, -0.001279156380767416, 0, 0, 0, 0, 0.0017179496251567548, -0.0011441245494765535, 0, 0, 0, 0, 0, 0, 0, 0, 0, 0, 0.0045895589488580656, 0, 0, -0.0024413741338151604, 0.005794405616176083, 0, -0.0028158088663072568, 0, -0.001993150738362886, 0.006314508849731174, 0, 0, -0.001782175896070979, -0.0028237600348497106, 0, 0, -0.0012744165286538165, 0, 0, 0, 0, 0.008248214814248556, 0, 0, 0, 0, 0, 0, 0, 0, 0, 0, 0, 0, 0, 0, 0, 0, 0, 0, 0, 0, 0, 0, 0.0014658452230748155, 0, 0, 0, 0, 0, 0, 0, 0, 0, 0, 0, 0, 0, 0.005722793919240273, 0, 0, 0.0034352659050646255, 0, 0, 0, 0, 0, -0.0012522650416075154, 0, 0, 0, 0, 0.0003158663115096757, 0, 0, 0, 0, 0, 0.004270550338775188, 0.003320512330398216, -4.203968928847824e-05, 0, 0, 0, -0.0021250045385663467, 0, 0, 0, 0, 0, 0, 0, -0.003350348405930082, -0.0016890694988902304]
Start Date: 2021-12-17
End Date: 2022-08-11
Sharpe Ratio: 0.126
Annualized Sharpe: 1.995
Sharpe 95% CI: (np.float64(0.033), np.float64(3.711))
Sortino Ratio: 0.252
CAGR: 0.049
Calmar Ratio: 6.752
Daily Win Rate (%): 0.462
Max Drawdown: 0.007
Profit Factor: 2.021
Expectancy: 0.00099
Average Win: 0.004246
Average Loss: 0.001801
Total Trades: 39
Total Days: 204

Rolling 1 - Variant 0 - atr_0.25_3 - Test Metrics
Contracts: [3, 4, 4, 3, 3, 3, 3, 3, 3, 3, 2, 1, 2, 1, 1, 2, 2, 2, 2, 2, 2, 2, 1, 2, 1, 2, 2, 1, 1, 1, 2, 2, 2, 2, 2, 2, 2, 2, 2, 2, 2, 2, 3, 2, 2, 2, 2, 2, 3, 3, 3, 2, 2, 3, 3, 4, 3, 3, 3, 3, 3, 4, 4, 4, 4, 3, 3, 4, 3, 3, 3, 5, 5, 5, 5, 4, 3, 3, 4, 4, 4, 5, 3, 5, 4, 4, 3, 5, 4, 4, 4, 3, 4, 3, 4, 3, 5, 3, 4, 4, 5, 4, 3, 4, 3, 3, 3, 3, 3, 4, 5, 7, 8, 5, 5, 5, 5, 5, 5, 5, 6, 6, 6, 6, 7, 5, 5, 7, 6, 5, 6, 6, 5, 3, 4, 4, 5, 2, 3, 3, 3, 4, 5, 5, 4, 4, 6, 6, 6, 4, 5, 3, 7, 6, 6, 5, 8, 5, 1, 4, 4, 5, 3, 5, 5, 5, 6, 6, 6, 5, 5, 7, 6, 6, 6, 4, 6, 7, 7, 6, 6, 5, 6, 6]
Trade Returns: [-0.0016591185114896829, 0.005625700079623508, 0.0015490530263089738, 0.0012289033473259936, -0.00042442630754848423, -0.001859088014046441, -0.0015559579584758494, -0.0016351503589845928, -0.001426371729389215, -0.0021137375615784856, 0.0027432619352150676, -0.0023144273668049904, -0.0017779320452003527, 0.0015608760996642518, -0.002088854428255659, -0.0027310522378972604, -0.0018722732469067611, 0.006159120348276628, -0.0017771858127140396, -0.001829563734325637, 0.0006144202089806164, -0.002767079526331946, 0.002096656651039177, -0.002574503085903621, -0.0025657982774436633, -0.0013164383934015163, 0.0026259869382980823, 0.0012483059399529916, 0.0031771061468827523, -0.002454659678136632, -0.0018396800353963742, -0.0020545837666460223, -0.0020588137720005217, -0.002356387472231781, -0.002655972213238305, -0.0020518222697399444, 0.0008775994220016549, 0.0030958776773827405, -0.001697258140714947, 0.0001098489380942274, 0.0009336134173585605, -0.0017714271157678561, 0.00135192575625193, -0.00246359087509496, 0.007408848562742332, -7.803035771082261e-06, 0.00588353488081745, -0.0017221550986845288, -0.0025352358935006648, 0.00657525708943596, 0.0009210241169003701, 0.005598385438011799, -0.002311961134473952, -0.002257653503116062, 0.001118826270502193, -0.0021296583865908682, 0.0027779442439332864, -0.0025639740441003537, 0.00034209773558357786, -0.0004714310831515335, -0.001979398023308185, -0.002188628814363603, -0.0018353916954333986, -0.00202497076012049, -0.0017550372289458702, -0.0016705087068938666, 0.0026854773596901404, -0.0015812967411283035, 0.002593293541029739, 0.006795488075823345, 0.0022149839671785007, 0.006120222799277933, -0.0022969537059246833, -0.002477266082996109, -0.0018453749685996416, 0.0017326325367095258, 0.00023190646439273077, -0.0028112139420754696, -0.0013175358205051208, 0.006441161349151691, 0.0061184952434193435, -0.002178775258368041, -0.002310659112637927, 0.0014863948778909399, -0.001909886346421936, 0.007114299492219999, -0.002203340684161129, 0.00038790871342335, 0.0014211437150683035, -0.001964651531855967, -0.0006421576497030218, -0.0021916236374067703, 0.0005162040267737607, -0.002117856307761896, -0.0015615126505572855, -0.002123746720119423, -0.00181982218178173, -0.0023754895826090996, -0.0014751489668149566, -0.002009980190657659, -0.0019267149800634485, 0.0021695516259972883, -0.0022890042443570236, 0.00121559686387641, -0.002342862920159899, 0.0006158367486938099, 0.004588665839564196, -0.002163650287420391, 0.0006295185931424956, -0.002050473492387424, 0.00632747254032911, -0.002148081416955446, -0.0020112848971493244, -0.00259586447917678, -0.0024694873960562336, -0.002055622497386674, -0.0029175841305383626, -0.002418769652503428, -0.00269852226574187, 0.0007372465222267963, -0.002371633373845455, -0.001942886252302736, -0.0016122986857683415, -0.0024333355094870424, -0.0028901389650322997, 0.0064643880943701095, 0.00404769350746003, -0.0023774274500217847, 0.006449764358333419, 0.006761837633435366, 0.0006240578189569544, 0.0007698409450138312, 0.0022356900258623, -0.0004197141280439655, 0.00354574083433776, -0.0023361046326930692, -0.0004737514513492542, 0.006165573025326639, -0.0026488122818398062, -0.002181588707616785, 0.00045395552399854185, -0.002164036276694145, -0.0028760928667067, 0.00033911055588794337, 0.0033782664856092572]
Daily Returns: [0, 0, -0.0016591185114896829, 0, 0, 0, 0.005625700079623508, 0, 0, 0, 0, 0, 0, 0, 0, 0, 0, 0, 0, 0, 0, 0, 0, 0, 0, 0, 0, 0, 0, 0, 0, 0, 0, 0, 0, 0, 0, 0, 0, 0, 0, 0, 0, 0, 0.0015490530263089738, 0, 0, 0, 0, 0, 0, 0, 0.0012289033473259936, 0, 0, 0, 0, 0, 0, -0.00042442630754848423, 0, 0, -0.001859088014046441, -0.0031911083174604423, -0.001426371729389215, 0, 0, 0, 0, 0.000629524373636582, 0, 0, 0, 0, 0, 0, -0.0023144273668049904, 0, 0, 0, -0.0017779320452003527, 0.0015608760996642518, 0, 0, 0, 0, 0, 0, 0, 0, 0, 0, 0, 0, 0, 0, 0, 0, 0, 0, 0, 0, 0, 0, 0, 0, 0, 0, 0, 0, 0, 0, 0, 0, 0, 0, 0, 0, 0, 0, -0.002088854428255659, 0, 0, -0.0027310522378972604, 0, 0, 0, 0, 0, 0.004286847101369866, -0.0017771858127140396, 0, 0, 0, 0, -0.001829563734325637, 0, -0.0021526593173513296, 0, 0, 0, 0, 0, 0.002096656651039177, -0.002574503085903621, 0, 0, 0, 0, 0, -0.0038822366708451796, 0, 0, 0, 0, 0.0026259869382980823, 0, 0, 0, 0, 0.0012483059399529916, 0.0007224464687461203, 0, 0, 0, 0, 0, 0, 0, 0, 0, 0, 0, 0, 0, 0, 0, 0, 0, 0, 0, 0, 0, 0, 0, 0, 0, 0, 0, 0, 0, 0, 0, 0, -0.0018396800353963742, 0, 0, 0, 0, 0, 0, 0, 0, 0, 0, 0, 0, -0.006469785010878325, 0, 0, 0, 0, -0.002655972213238305, 0, 0, 0, 0, 0, 0, -0.0020518222697399444, 0, 0, 0, 0, 0.003973477099384395, 0, -0.001697258140714947, 0, 0, 0, 0, 0, 0, 0, 0, 0, 0, 0, 0.0001098489380942274, 0, 0.0009336134173585605, 0, 0, 0, 0, 0, 0, 0, 0, 0, 0, 0, 0, 0, 0, 0, 0, 0, 0, 0, 0, 0, 0, 0, 0, 0, 0, 0, 0, -0.0017714271157678561, 0, 0, 0, 0, 0, 0.00135192575625193, 0, 0, 0, 0, 0, 0, -0.00246359087509496, 0, 0, 0, 0, 0, 0, 0, 0.007408848562742332, 0, 0, 0, 0, 0, 0, 0, 0, 0, 0, 0, 0, 0, -7.803035771082261e-06, 0, 0.00588353488081745, 0, 0, -0.0017221550986845288, 0, 0, 0, 0, 0, -0.0025352358935006648, 0, 0, 0, 0, 0.00657525708943596, 0, 0, 0, 0, 0, 0, 0, 0, 0, 0, 0, 0, 0, 0, 0, 0, 0, 0, 0, 0, 0, 0, 0, 0, 0, 0, 0, 0, 0, 0, 0, 0, 0, 0.0009210241169003701, 0, 0.005598385438011799, 0, 0, 0, 0, 0, 0, 0, 0, 0, -0.002311961134473952, 0, 0, 0, 0, 0, 0, 0, 0, 0, 0, 0, 0, 0, 0, -0.001138827232613869, 0, 0, -0.0021296583865908682, 0, 0.0027779442439332864, 0, 0, 0, 0, 0, 0, 0, 0, -0.0025639740441003537, 0, 0, 0, 0, 0, 0, 0, 0, 0, 0, 0, 0, 0, 0, 0, 0, 0, 0, 0, 0, 0, 0, 0, 0, 0, 0, 0, 0, 0, 0.00034209773558357786, -0.0004714310831515335, 0, 0, -0.001979398023308185, 0, -0.002188628814363603, 0, 0, 0, 0, 0, -0.0018353916954333986, 0, 0, 0, 0, -0.0037800079890663602, -0.0016705087068938666, 0, 0, 0.001104180618561837, 0, 0, 0, 0, 0, 0.002593293541029739, 0, 0, 0, 0, 0, 0, 0, 0, 0.006795488075823345, 0.0022149839671785007, 0, 0, 0, 0, 0, 0, 0, 0, 0, 0, 0.006120222799277933, 0, 0, 0, 0, 0, 0, 0, 0, 0, 0, 0, 0, 0, 0, 0, 0, 0, 0, 0, 0, 0, 0, 0, 0, 0, 0, 0, 0, 0, 0, 0, 0, 0, 0, -0.0022969537059246833, -0.002477266082996109, 0, 0, 0, 0, 0, 0, 0, 0, 0, 0, -0.0018453749685996416, 0.0019645390011022567, 0, 0, -0.00412874976258059, 0, 0, 0, 0, 0, 0, 0, 0, 0.006441161349151691, 0, 0, 0, 0.0061184952434193435, -0.002178775258368041, 0, 0, 0, 0, 0, 0, 0, -0.002310659112637927, 0, 0.0014863948778909399, -0.001909886346421936, 0.007114299492219999, -0.002203340684161129, 0, 0, 0, 0, 0, 0, 0, 0, 0, 0, 0, 0, 0, 0, 0, 0, 0, 0, 0, 0, 0, 0, 0, 0, 0, 0, 0, 0, 0, 0, 0, 0, 0, 0, 0.00038790871342335, 0.0014211437150683035, 0, 0, 0, 0, 0, 0, 0, 0, 0, 0, 0, 0, -0.001964651531855967, 0, 0, 0, -0.0006421576497030218, -0.0021916236374067703, 0.0005162040267737607, 0, 0, 0, 0, 0, -0.002117856307761896, 0, 0, 0, -0.0015615126505572855, -0.002123746720119423, 0, 0, 0, 0, 0, 0, 0, 0, -0.00181982218178173, 0, 0, 0, -0.0023754895826090996, 0, 0, 0, 0, 0, 0, 0, 0, 0, 0, 0, 0, 0, 0, 0, 0, 0, 0, 0, 0, 0, 0, 0, 0, 0, 0, 0, 0, 0, 0, 0, 0, 0, 0, 0, 0, 0, 0, -0.0014751489668149566, 0, 0, 0, 0, 0, 0, -0.002009980190657659, 0, 0, -0.0019267149800634485, 0, 0, 0, 0, 0, 0, 0, 0, 0, 0.0021695516259972883, -0.0022890042443570236, 0, 0.00121559686387641, 0, 0, 0, -0.002342862920159899, 0, 0.0006158367486938099, 0, 0, 0, 0, 0, 0, 0.004588665839564196, 0, 0, 0, 0, 0, 0, 0, 0, 0, 0, 0, 0, 0, 0, 0, 0, 0, 0, 0, 0, 0, 0, 0, 0, 0, 0, 0, 0, 0, 0, 0, -0.002163650287420391, 0.0006295185931424956, 0, 0, 0, 0, 0, 0, 0, 0, 0, 0, 0, 0, 0, 0, 0, 0, -0.002050473492387424, 0, 0, 0, 0, 0, 0, 0, 0, 0.00632747254032911, 0, 0, 0, 0, 0, -0.002148081416955446, 0, 0, 0, 0, 0, 0, -0.0020112848971493244, 0, 0, 0, 0, 0, 0, -0.00259586447917678, 0, 0, 0, 0, -0.0024694873960562336, -0.002055622497386674, 0, 0, 0, 0, 0, 0, 0, 0, 0, 0, 0, 0, 0, 0, 0, 0, 0, 0, 0, 0, 0, 0, 0, 0, 0, 0, 0, 0, 0, 0, 0, 0, 0, -0.0029175841305383626, 0, -0.002418769652503428, -0.00269852226574187, 0, 0, 0, 0, 0, 0, 0, 0, 0.0007372465222267963, 0, 0, 0, 0, 0, 0, 0, 0, -0.002371633373845455, 0, 0, -0.001942886252302736, 0, 0, 0, 0, 0, 0, 0, -0.0016122986857683415, 0, 0, 0, -0.0024333355094870424, 0, 0, 0, 0, -0.0028901389650322997, 0.0064643880943701095, 0, 0, 0, 0, 0, 0, 0, 0, 0, 0, 0, 0, 0, 0, 0, 0, 0, 0, 0, 0, 0, 0, 0, 0, 0, 0, 0, 0, 0, 0, 0, 0, 0, 0, 0, 0, 0, 0.00404769350746003, 0, 0, 0, 0.0040723369083116336, 0, 0, 0.006761837633435366, 0, 0, 0.0006240578189569544, 0.0007698409450138312, 0, 0, 0, 0, 0.0022356900258623, 0, 0, 0.0031260267062937943, 0, 0, -0.0023361046326930692, 0, 0, 0, 0, 0, 0, -0.0004737514513492542, 0, 0, 0, 0, 0, 0, 0, 0, 0.006165573025326639, 0, -0.0026488122818398062, 0, 0, 0, 0, 0, 0, 0, 0, 0, 0, 0, 0, 0, 0, 0, 0, 0, 0, 0, 0, 0, 0, 0, 0, 0, 0, 0, 0, 0, 0, 0, -0.002181588707616785, 0, 0, 0, 0, 0.00045395552399854185, 0, 0, 0, 0, 0, -0.002164036276694145, 0, 0, 0, 0, 0, 0, 0, 0, 0, 0, 0, 0, 0, -0.0028760928667067, 0, 0, 0, 0, 0, 0, 0, 0, 0, 0.0037173770414972006, 0, 0]
Start Date: 2022-08-12
End Date: 2025-11-06
Sharpe Ratio: -0.008
Annualized Sharpe: -0.119
Sharpe 95% CI: (np.float64(-1.173), np.float64(0.815))
Sortino Ratio: -0.01
CAGR: -0.002
Calmar Ratio: -0.051
Daily Win Rate (%): 0.393
Max Drawdown: 0.042
Profit Factor: 0.954
Expectancy: -5.6e-05
Average Win: 0.002965
Average Loss: 0.002013
Total Trades: 145
Total Days: 1014



Rolling 1 - Variant 1 - atr_0.25_4 - Fit Metrics
Contracts: [3, 4, 4, 3, 3, 3, 3, 3, 3, 3, 2, 1, 2, 1, 1, 2, 2, 2, 2, 2, 2, 2, 1, 2, 1, 2, 2, 1, 1, 1, 2, 2, 2, 2, 2, 2, 2, 2, 2, 2, 2, 2, 3, 2, 2, 2, 2, 2, 3, 3, 3, 2, 2, 3, 3, 4, 3, 3, 3, 3, 3, 4, 4, 4, 4, 3, 3, 4, 3, 3, 3, 5, 5, 5, 5, 4, 3, 3, 4, 4, 4, 5, 3, 5, 4, 4, 3, 5, 4, 4, 4, 3, 4, 3, 4, 3, 5, 3, 4, 4, 5, 4, 3, 4, 3, 3, 3, 3, 3, 4, 5, 7, 8, 5, 5, 5, 5, 5, 5, 5, 6, 6, 6, 7, 7, 6, 5, 7, 6, 5, 6, 6, 5, 3, 4, 4, 5, 2, 3, 3, 3, 4, 5, 5, 4, 4, 6, 6, 6, 5, 5, 3, 7, 6, 6, 5, 8, 5, 1, 4, 4, 5, 3, 5, 5, 5, 6, 6, 6, 5, 5, 7, 7, 6, 6, 4, 7, 7, 7, 6, 6, 5, 6, 6]
Trade Returns: [0.005934, -0.0018768626967574416, 0.00692398555444671, 0.009786369508149375, -0.0020041297218510875, -0.0018314838552637006, -0.0017758461326673096, 0.004190414648129281, 0.0009063906425956889, -0.002240403311798282, 0.0067932727347735835, -0.0012737789876952174, 0.0017053958020726186, -0.001139308676827123, 0.004570218447877497, -0.0024265171019464057, 0.007707674154103108, -0.002798631523153279, -0.001980923435952404, 0.0031907122612566054, -0.0017712211521094163, -0.0028064858429025096, -0.0012665689988268184, -0.002809076316486667, 0.0014729611989982311, 0.007681684118537474, 0.006151928236537574, -0.001156294010358547, -0.0012539414403568816, 0.00031628969049897433, 0.004276272663473938, 0.007252915180439779, -0.002100359843864356, -4.201921424069368e-05, -0.002123969530969461, -0.0019388384595047134, -0.0021921489586332644, 0.0007822775781606632, -0.0016882450673383906]
Daily Returns: [0.005934, 0, 0, 0, 0, 0, 0, 0, 0, 0, 0, 0, 0, 0, -0.0018768626967574416, 0.00692398555444671, 0, 0, 0, 0, 0, 0, 0, 0, 0, 0, 0, 0, 0, 0, 0, 0.009786369508149375, -0.0020041297218510875, 0, -0.0018314838552637006, 0, 0, 0, 0, 0, 0, -0.0017758461326673096, 0, 0, 0, 0, 0, 0.0050968052907249695, -0.002240403311798282, 0, 0, 0, 0, 0, 0.0067932727347735835, 0, 0, 0, 0, 0, 0, 0, 0, 0, 0, 0, 0, 0, 0, 0, 0, 0, 0, 0, 0, 0, 0, 0, 0, 0, 0, 0, 0, 0, 0, 0, 0, 0, 0, 0, 0, 0, 0, -0.0012737789876952174, 0, 0, 0, 0, 0.0017053958020726186, -0.001139308676827123, 0, 0, 0, 0, 0, 0, 0, 0, 0, 0, 0.004570218447877497, 0, 0, -0.0024265171019464057, 0.007707674154103108, 0, -0.002798631523153279, 0, -0.001980923435952404, 0.0031907122612566054, 0, 0, -0.0017712211521094163, -0.0028064858429025096, 0, 0, -0.0012665689988268184, 0, 0, 0, 0, -0.002809076316486667, 0, 0, 0, 0, 0, 0, 0, 0, 0, 0, 0, 0, 0, 0, 0, 0, 0, 0, 0, 0, 0, 0, 0.0014729611989982311, 0, 0, 0, 0, 0, 0, 0, 0, 0, 0, 0, 0, 0, 0.007681684118537474, 0, 0, 0.004995634226179027, 0, 0, 0, 0, 0, -0.0012539414403568816, 0, 0, 0, 0, 0.00031628969049897433, 0, 0, 0, 0, 0, 0.004276272663473938, 0.005152555336575423, -4.201921424069368e-05, 0, 0, 0, -0.002123969530969461, 0, 0, 0, 0, 0, 0, 0, -0.003348709839977315, -0.0016882450673383906]
Start Date: 2021-12-17
End Date: 2022-08-11
Sharpe Ratio: 0.117
Annualized Sharpe: 1.854
Sharpe 95% CI: (np.float64(-0.235), np.float64(3.527))
Sortino Ratio: 0.253
CAGR: 0.049
Calmar Ratio: 4.817
Daily Win Rate (%): 0.436
Max Drawdown: 0.01
Profit Factor: 1.967
Expectancy: 0.001004
Average Win: 0.004685
Average Loss: 0.001841
Total Trades: 39
Total Days: 204

Rolling 1 - Variant 1 - atr_0.25_4 - Test Metrics
Contracts: [3, 4, 4, 3, 3, 3, 3, 3, 3, 3, 2, 1, 2, 1, 1, 2, 2, 2, 2, 2, 2, 2, 1, 2, 1, 2, 2, 1, 1, 1, 2, 2, 2, 2, 2, 2, 2, 2, 2, 2, 2, 2, 3, 2, 2, 2, 2, 2, 3, 3, 3, 2, 2, 3, 3, 4, 3, 3, 3, 3, 3, 4, 4, 4, 4, 3, 3, 4, 3, 3, 3, 5, 5, 5, 5, 4, 3, 3, 4, 4, 4, 5, 3, 5, 4, 4, 3, 5, 4, 4, 4, 3, 4, 3, 4, 3, 5, 3, 4, 4, 5, 4, 3, 4, 3, 3, 3, 3, 3, 4, 5, 7, 8, 5, 5, 5, 5, 5, 5, 5, 6, 6, 6, 7, 7, 6, 5, 7, 6, 5, 6, 6, 5, 3, 4, 4, 5, 2, 3, 3, 3, 4, 5, 5, 4, 4, 6, 6, 6, 5, 5, 3, 7, 6, 6, 5, 8, 5, 1, 4, 4, 5, 3, 5, 5, 5, 6, 6, 6, 5, 5, 7, 7, 6, 6, 4, 7, 7, 7, 6, 6, 5, 6, 6]
Trade Returns: [-0.001658304604777147, 0.007511378833250466, 0.0015453940372271604, 0.0012260050567934498, -0.00042342655075206393, -0.0018547069868262358, -0.0015522844580386143, -0.0016312838893484036, -0.0014229934258470822, -0.0021087241258781523, 0.0027367416223373887, -0.0023089413417578634, -0.0017737079537912504, 0.001557161110286701, -0.0020838905447555394, -0.002724548704441416, -0.0018677885034999193, 0.008213827678675518, -0.0017693077149911226, -0.001825195038717721, 0.0006116847268517689, -0.0027547676438611605, 0.0020873019875925873, -0.0025630403388478685, -0.0025544041750896335, -0.0013132892083655542, 0.0026142649199417784, 0.0012427482157271602, 0.0031629439410824126, -0.0024437445745583747, -0.0018315053699041925, -0.0020454219385559118, -0.002049614264538175, -0.0023458366752583328, -0.002644052053677182, -0.002042589157842837, 0.0008736543377817602, 0.0030819178468921814, -0.001689702492359563, 0.00010935556375721168, 0.0009294206546167605, -0.0017634792040154257, 0.0013458343781344144, -0.0024525178857927876, 0.007228783666666011, -7.769313542317431e-06, 0.005120017403397504, -0.0017160149803469899, -0.002526181304322576, 0.008764082012866664, 0.0009157350601479829, 0.007449877661322718, -0.002294491505235976, -0.002240555000563481, 0.0011103628139111953, -0.002113493044999789, 0.0027568133769716985, -0.002544524393953598, 0.0003394960497620667, -0.00046784702169350774, -0.0019643425782763665, -0.0021719491802333407, -0.0018214096327208173, -0.0020095163302074194, -0.001741615941861273, -0.001657711546598504, 0.002664870733449057, -0.0015691951360741175, 0.002573486920676495, 0.009019644152276907, 0.0021980061358588218, 0.00811508315809597, -0.00226986128625473, -0.0024479804161566723, -0.001823458652359041, 0.0017120175983931694, 0.00022915194683678373, -0.0027778308100574675, -0.00130184651612471, 0.008041713392951297, 0.00808975943710184, -0.0021529550737339493, -0.0022750252780586464, 0.0014634201679719035, -0.0021938105091452833, 0.009390550793740899, -0.0025980696305155098, 0.00038132305952583335, 0.0013970256872464855, -0.0019313562245923531, -0.0006312538279157169, -0.0021543864134542, 0.0005074358140679789, -0.002081794751993248, -0.0015348687054807842, -0.0020874537224367246, -0.0017886579381169833, -0.0023347367062369747, -0.0014497827228517725, -0.0019754082605559697, -0.001893509628677614, 0.0021320902508453793, -0.0022495643852016804, 0.0011946634554925878, -0.0023024040537597025, 0.0006051773303636499, 0.0008727656911213321, -0.0021341166076724945, 0.0006209073295810342, -0.002022442213884756, 0.004897008880037746, -0.0026483203316157644, -0.001987553853518431, -0.0025651750151569814, -0.002440157357382826, -0.0020312575138254395, -0.002882754425357391, -0.0023898112437704625, -0.002666393586743774, 0.0007283987885988026, -0.0023431919957806985, -0.0019195318215069505, -0.0015928340102388083, -0.0024040293877933953, -0.0028551917393710353, 0.008550742605919991, 0.0053562229749769775, -0.002340688581670818, 0.00850928064090019, 0.008900445793893147, 0.0006118371366022282, 0.0007547746663226837, 0.002191969144406432, -0.00048011156878367914, 0.003476762493662209, -0.0022908158419603013, -0.0004645460014774413, 0.00945333333333334, -0.0025888599770172646, -0.0021320832174592463, 0.0004436321720534564, -0.0021148459914572355, -0.002810578409440506, 0.00033136419209981095, 0.0033011216960226715]
Daily Returns: [0, 0, -0.001658304604777147, 0, 0, 0, 0.007511378833250466, 0, 0, 0, 0, 0, 0, 0, 0, 0, 0, 0, 0, 0, 0, 0, 0, 0, 0, 0, 0, 0, 0, 0, 0, 0, 0, 0, 0, 0, 0, 0, 0, 0, 0, 0, 0, 0, 0.0015453940372271604, 0, 0, 0, 0, 0, 0, 0, 0.0012260050567934498, 0, 0, 0, 0, 0, 0, -0.00042342655075206393, 0, 0, -0.0018547069868262358, -0.003183568347387018, -0.0014229934258470822, 0, 0, 0, 0, 0.0006280174964592364, 0, 0, 0, 0, 0, 0, -0.0023089413417578634, 0, 0, 0, -0.0017737079537912504, 0.001557161110286701, 0, 0, 0, 0, 0, 0, 0, 0, 0, 0, 0, 0, 0, 0, 0, 0, 0, 0, 0, 0, 0, 0, 0, 0, 0, 0, 0, 0, 0, 0, 0, 0, 0, 0, 0, 0, 0, 0, -0.0020838905447555394, 0, 0, -0.002724548704441416, 0, 0, 0, 0, 0, 0.006346039175175599, -0.0017693077149911226, 0, 0, 0, 0, -0.001825195038717721, 0, -0.0021430829170093917, 0, 0, 0, 0, 0, 0.0020873019875925873, -0.0025630403388478685, 0, 0, 0, 0, 0, -0.003867693383455188, 0, 0, 0, 0, 0.0026142649199417784, 0, 0, 0, 0, 0.0012427482157271602, 0.0007191993665240379, 0, 0, 0, 0, 0, 0, 0, 0, 0, 0, 0, 0, 0, 0, 0, 0, 0, 0, 0, 0, 0, 0, 0, 0, 0, 0, 0, 0, 0, 0, 0, 0, -0.0018315053699041925, 0, 0, 0, 0, 0, 0, 0, 0, 0, 0, 0, 0, -0.006440872878352419, 0, 0, 0, 0, -0.002644052053677182, 0, 0, 0, 0, 0, 0, -0.002042589157842837, 0, 0, 0, 0, 0.003955572184673942, 0, -0.001689702492359563, 0, 0, 0, 0, 0, 0, 0, 0, 0, 0, 0, 0.00010935556375721168, 0, 0.0009294206546167605, 0, 0, 0, 0, 0, 0, 0, 0, 0, 0, 0, 0, 0, 0, 0, 0, 0, 0, 0, 0, 0, 0, 0, 0, 0, 0, 0, 0, -0.0017634792040154257, 0, 0, 0, 0, 0, 0.0013458343781344144, 0, 0, 0, 0, 0, 0, -0.0024525178857927876, 0, 0, 0, 0, 0, 0, 0, 0.007228783666666011, 0, 0, 0, 0, 0, 0, 0, 0, 0, 0, 0, 0, 0, -7.769313542317431e-06, 0, 0.005120017403397504, 0, 0, -0.0017160149803469899, 0, 0, 0, 0, 0, -0.002526181304322576, 0, 0, 0, 0, 0.008764082012866664, 0, 0, 0, 0, 0, 0, 0, 0, 0, 0, 0, 0, 0, 0, 0, 0, 0, 0, 0, 0, 0, 0, 0, 0, 0, 0, 0, 0, 0, 0, 0, 0, 0, 0.0009157350601479829, 0, 0.007449877661322718, 0, 0, 0, 0, 0, 0, 0, 0, 0, -0.002294491505235976, 0, 0, 0, 0, 0, 0, 0, 0, 0, 0, 0, 0, 0, 0, -0.0011301921866522858, 0, 0, -0.002113493044999789, 0, 0.0027568133769716985, 0, 0, 0, 0, 0, 0, 0, 0, -0.002544524393953598, 0, 0, 0, 0, 0, 0, 0, 0, 0, 0, 0, 0, 0, 0, 0, 0, 0, 0, 0, 0, 0, 0, 0, 0, 0, 0, 0, 0, 0, 0.0003394960497620667, -0.00046784702169350774, 0, 0, -0.0019643425782763665, 0, -0.0021719491802333407, 0, 0, 0, 0, 0, -0.0018214096327208173, 0, 0, 0, 0, -0.003751132272068692, -0.001657711546598504, 0, 0, 0.0010956755973749394, 0, 0, 0, 0, 0, 0.002573486920676495, 0, 0, 0, 0, 0, 0, 0, 0, 0.009019644152276907, 0.0021980061358588218, 0, 0, 0, 0, 0, 0, 0, 0, 0, 0, 0.00811508315809597, 0, 0, 0, 0, 0, 0, 0, 0, 0, 0, 0, 0, 0, 0, 0, 0, 0, 0, 0, 0, 0, 0, 0, 0, 0, 0, 0, 0, 0, 0, 0, 0, 0, 0, -0.00226986128625473, -0.0024479804161566723, 0, 0, 0, 0, 0, 0, 0, 0, 0, 0, -0.001823458652359041, 0.0019411695452299532, 0, 0, -0.004079677326182177, 0, 0, 0, 0, 0, 0, 0, 0, 0.008041713392951297, 0, 0, 0, 0.00808975943710184, -0.0021529550737339493, 0, 0, 0, 0, 0, 0, 0, -0.0022750252780586464, 0, 0.0014634201679719035, -0.0021938105091452833, 0.009390550793740899, -0.0025980696305155098, 0, 0, 0, 0, 0, 0, 0, 0, 0, 0, 0, 0, 0, 0, 0, 0, 0, 0, 0, 0, 0, 0, 0, 0, 0, 0, 0, 0, 0, 0, 0, 0, 0, 0, 0.00038132305952583335, 0.0013970256872464855, 0, 0, 0, 0, 0, 0, 0, 0, 0, 0, 0, 0, -0.0019313562245923531, 0, 0, 0, -0.0006312538279157169, -0.0021543864134542, 0.0005074358140679789, 0, 0, 0, 0, 0, -0.002081794751993248, 0, 0, 0, -0.0015348687054807842, -0.0020874537224367246, 0, 0, 0, 0, 0, 0, 0, 0, -0.0017886579381169833, 0, 0, 0, -0.0023347367062369747, 0, 0, 0, 0, 0, 0, 0, 0, 0, 0, 0, 0, 0, 0, 0, 0, 0, 0, 0, 0, 0, 0, 0, 0, 0, 0, 0, 0, 0, 0, 0, 0, 0, 0, 0, 0, 0, 0, -0.0014497827228517725, 0, 0, 0, 0, 0, 0, -0.0019754082605559697, 0, 0, -0.001893509628677614, 0, 0, 0, 0, 0, 0, 0, 0, 0, 0.0021320902508453793, -0.0022495643852016804, 0, 0.0011946634554925878, 0, 0, 0, -0.0023024040537597025, 0, 0.0006051773303636499, 0, 0, 0, 0, 0, 0, 0.0008727656911213321, 0, 0, 0, 0, 0, 0, 0, 0, 0, 0, 0, 0, 0, 0, 0, 0, 0, 0, 0, 0, 0, 0, 0, 0, 0, 0, 0, 0, 0, 0, 0, -0.0021341166076724945, 0.0006209073295810342, 0, 0, 0, 0, 0, 0, 0, 0, 0, 0, 0, 0, 0, 0, 0, 0, -0.002022442213884756, 0, 0, 0, 0, 0, 0, 0, 0, 0.004897008880037746, 0, 0, 0, 0, 0, -0.0026483203316157644, 0, 0, 0, 0, 0, 0, -0.001987553853518431, 0, 0, 0, 0, 0, 0, -0.0025651750151569814, 0, 0, 0, 0, -0.002440157357382826, -0.0020312575138254395, 0, 0, 0, 0, 0, 0, 0, 0, 0, 0, 0, 0, 0, 0, 0, 0, 0, 0, 0, 0, 0, 0, 0, 0, 0, 0, 0, 0, 0, 0, 0, 0, 0, -0.002882754425357391, 0, -0.0023898112437704625, -0.002666393586743774, 0, 0, 0, 0, 0, 0, 0, 0, 0.0007283987885988026, 0, 0, 0, 0, 0, 0, 0, 0, -0.0023431919957806985, 0, 0, -0.0019195318215069505, 0, 0, 0, 0, 0, 0, 0, -0.0015928340102388083, 0, 0, 0, -0.0024040293877933953, 0, 0, 0, 0, -0.0028551917393710353, 0.008550742605919991, 0, 0, 0, 0, 0, 0, 0, 0, 0, 0, 0, 0, 0, 0, 0, 0, 0, 0, 0, 0, 0, 0, 0, 0, 0, 0, 0, 0, 0, 0, 0, 0, 0, 0, 0, 0, 0, 0.0053562229749769775, 0, 0, 0, 0.006168592059229372, 0, 0, 0.008900445793893147, 0, 0, 0.0006118371366022282, 0.0007547746663226837, 0, 0, 0, 0, 0.002191969144406432, 0, 0, 0.00299665092487853, 0, 0, -0.0022908158419603013, 0, 0, 0, 0, 0, 0, -0.0004645460014774413, 0, 0, 0, 0, 0, 0, 0, 0, 0.00945333333333334, 0, -0.0025888599770172646, 0, 0, 0, 0, 0, 0, 0, 0, 0, 0, 0, 0, 0, 0, 0, 0, 0, 0, 0, 0, 0, 0, 0, 0, 0, 0, 0, 0, 0, 0, 0, -0.0021320832174592463, 0, 0, 0, 0, 0.0004436321720534564, 0, 0, 0, 0, 0, -0.0021148459914572355, 0, 0, 0, 0, 0, 0, 0, 0, 0, 0, 0, 0, 0, -0.002810578409440506, 0, 0, 0, 0, 0, 0, 0, 0, 0, 0.0036324858881224826, 0, 0]
Start Date: 2022-08-12
End Date: 2025-11-06
Sharpe Ratio: 0.012
Annualized Sharpe: 0.186
Sharpe 95% CI: (np.float64(-0.871), np.float64(1.075))
Sortino Ratio: 0.017
CAGR: 0.003
Calmar Ratio: 0.072
Daily Win Rate (%): 0.393
Max Drawdown: 0.047
Profit Factor: 1.082
Expectancy: 0.0001
Average Win: 0.003355
Average Loss: 0.002008
Total Trades: 145
Total Days: 1014



Rolling 1 - Variant 2 - atr_0.25_12 - Fit Metrics
Contracts: [3, 4, 4, 3, 3, 3, 3, 3, 3, 3, 2, 1, 2, 1, 1, 2, 2, 2, 2, 2, 2, 2, 1, 2, 1, 2, 2, 1, 1, 1, 2, 2, 2, 2, 2, 2, 2, 2, 2, 2, 2, 2, 3, 2, 2, 3, 2, 3, 3, 3, 3, 2, 2, 3, 3, 5, 3, 3, 3, 3, 3, 4, 4, 4, 4, 3, 3, 5, 3, 3, 3, 5, 5, 5, 5, 4, 3, 3, 4, 4, 4, 5, 3, 5, 4, 4, 3, 5, 4, 5, 4, 3, 4, 3, 4, 4, 5, 3, 4, 5, 5, 5, 3, 4, 4, 4, 4, 4, 3, 4, 6, 7, 8, 5, 5, 5, 5, 6, 5, 5, 6, 6, 6, 7, 7, 6, 6, 7, 7, 6, 6, 6, 5, 4, 4, 4, 6, 3, 3, 3, 3, 4, 5, 5, 4, 4, 6, 6, 6, 5, 5, 3, 7, 7, 6, 5, 8, 5, 1, 4, 4, 5, 3, 5, 5, 6, 6, 6, 7, 5, 5, 7, 7, 6, 6, 4, 7, 8, 7, 6, 6, 5, 7, 7]
Trade Returns: [0.004673999999999995, -0.001879216541883238, 0.004738797709581083, 0.004400826569320462, -0.002021795069428799, -0.0018476601255933607, -0.0017915600261889178, 0.004227560834540777, 0.0009143915733473045, -0.002260161829959899, 0.020647161064900426, -0.001267625501687913, 0.0016971170369967598, -0.001133797816375059, 0.004548087110976795, -0.0024202812666010783, 0.005433766093530946, -0.0027914219526496407, -0.0019757917183008196, 0.0031752493384897156, -0.0017666235987594632, -0.0027992358009149574, -0.0012632755512519236, -0.0028017626623351387, 0.0014691154522108835, 0.006338669385277479, 0.018517301245442205, -0.001140798445021487, -0.001237118103921721, 0.0003120409763077261, 0.004218847482386614, 0.006379343654939635, -0.0020740718434395706, -4.149221078043075e-05, -0.002097329676837709, -0.0019144476478021675, -0.002164518574677785, 0.0007724288343140275, -0.0016670257765278227]
Daily Returns: [0.004673999999999995, 0, 0, 0, 0, 0, 0, 0, 0, 0, 0, 0, 0, 0, -0.001879216541883238, 0.004738797709581083, 0, 0, 0, 0, 0, 0, 0, 0, 0, 0, 0, 0, 0, 0, 0, 0.004400826569320462, -0.002021795069428799, 0, -0.0018476601255933607, 0, 0, 0, 0, 0, 0, -0.0017915600261889178, 0, 0, 0, 0, 0, 0.005141952407888081, -0.002260161829959899, 0, 0, 0, 0, 0, 0.020647161064900426, 0, 0, 0, 0, 0, 0, 0, 0, 0, 0, 0, 0, 0, 0, 0, 0, 0, 0, 0, 0, 0, 0, 0, 0, 0, 0, 0, 0, 0, 0, 0, 0, 0, 0, 0, 0, 0, 0, -0.001267625501687913, 0, 0, 0, 0, 0.0016971170369967598, -0.001133797816375059, 0, 0, 0, 0, 0, 0, 0, 0, 0, 0, 0.004548087110976795, 0, 0, -0.0024202812666010783, 0.005433766093530946, 0, -0.0027914219526496407, 0, -0.0019757917183008196, 0.0031752493384897156, 0, 0, -0.0017666235987594632, -0.0027992358009149574, 0, 0, -0.0012632755512519236, 0, 0, 0, 0, -0.0028017626623351387, 0, 0, 0, 0, 0, 0, 0, 0, 0, 0, 0, 0, 0, 0, 0, 0, 0, 0, 0, 0, 0, 0, 0.0014691154522108835, 0, 0, 0, 0, 0, 0, 0, 0, 0, 0, 0, 0, 0, 0.006338669385277479, 0, 0, 0.017376502800420718, 0, 0, 0, 0, 0, -0.001237118103921721, 0, 0, 0, 0, 0.0003120409763077261, 0, 0, 0, 0, 0, 0.004218847482386614, 0.0043052718115000645, -4.149221078043075e-05, 0, 0, 0, -0.002097329676837709, 0, 0, 0, 0, 0, 0, 0, -0.003306537388165925, -0.0016670257765278227]
Start Date: 2021-12-17
End Date: 2022-08-11
Sharpe Ratio: 0.114
Annualized Sharpe: 1.803
Sharpe 95% CI: (np.float64(-0.177), np.float64(3.147))
Sortino Ratio: 0.339
CAGR: 0.066
Calmar Ratio: 6.457
Daily Win Rate (%): 0.436
Max Drawdown: 0.01
Profit Factor: 2.291
Expectancy: 0.001336
Average Win: 0.005439
Average Loss: 0.001834
Total Trades: 39
Total Days: 204

Rolling 1 - Variant 2 - atr_0.25_12 - Test Metrics
Contracts: [3, 4, 4, 3, 3, 3, 3, 3, 3, 3, 2, 1, 2, 1, 1, 2, 2, 2, 2, 2, 2, 2, 1, 2, 1, 2, 2, 1, 1, 1, 2, 2, 2, 2, 2, 2, 2, 2, 2, 2, 2, 2, 3, 2, 2, 3, 2, 3, 3, 3, 3, 2, 2, 3, 3, 5, 3, 3, 3, 3, 3, 4, 4, 4, 4, 3, 3, 5, 3, 3, 3, 5, 5, 5, 5, 4, 3, 3, 4, 4, 4, 5, 3, 5, 4, 4, 3, 5, 4, 5, 4, 3, 4, 3, 4, 4, 5, 3, 4, 5, 5, 5, 3, 4, 4, 4, 4, 4, 3, 4, 6, 7, 8, 5, 5, 5, 5, 6, 5, 5, 6, 6, 6, 7, 7, 6, 6, 7, 7, 6, 6, 6, 5, 4, 4, 4, 6, 3, 3, 3, 3, 4, 5, 5, 4, 4, 6, 6, 6, 5, 5, 3, 7, 7, 6, 5, 8, 5, 1, 4, 4, 5, 3, 5, 5, 6, 6, 6, 7, 5, 5, 7, 7, 6, 6, 4, 7, 8, 7, 6, 6, 5, 7, 7]
Trade Returns: [-0.001637357585980267, 0.013542721025274127, 0.0015167613391050313, 0.001203324324020385, -0.0004156026987966293, -0.0018204224428870538, -0.002285306865301985, -0.0016022506732461738, -0.002096440007534374, -0.0020725310360578857, 0.0026896719999849033, -0.0022693360447151615, -0.0017432143208270614, 0.0015303436075956515, -0.002048056521064912, -0.002677601945003987, -0.0018362443749523288, 0.007845616903894546, -0.0017400072784618172, -0.0022420757821614355, 0.0006015117742122481, -0.002708980536811886, 0.0020525146165364843, -0.002520411718010853, -0.0025120284962386013, -0.0012911383727086288, 0.002570674463297757, 0.0012220796674115972, 0.0031121518852165126, -0.0030039393432399948, -0.001802185434995855, -0.002012563739133586, -0.002016622320090528, -0.0023080002375037586, -0.0026013069887807832, -0.0020094815191218332, 0.0008595079461221406, 0.003031863496710639, -0.001662603793707625, 0.00010758637649082884, 0.000914385824714562, -0.0017349782360031013, 0.0013239927922372122, -0.002412811935248202, 0.007111622643252523, -7.6442810267186e-06, 0.0050376197055782244, -0.001688537152571121, -0.002485662205172844, 0.026037509595078154, 0.0011073022395419998, 0.010365526074614695, -0.002212848859114677, -0.0021606547170610678, 0.0010708115537254766, -0.0020379607101850047, 0.003544118354315664, -0.002451477337658748, 0.0003270509977827067, -0.00045070256032300727, -0.002365407395224465, -0.002093162397912025, -0.00175427883040676, -0.0019353224147040022, -0.002236251418552344, -0.0021295725776577317, 0.003425034464875668, -0.0020152856816183277, 0.0030999233372252435, 0.00988210624937264, 0.002118087573699951, 0.010978209248644247, -0.0021794465625921775, -0.0023502577437160732, -0.0017503441121539875, 0.0016432511034568666, 0.00021996271631961786, -0.003199753695935435, -0.001250181552100398, 0.007722171191055185, 0.009305197319869354, -0.0020668072583344475, -0.0021826869129278064, 0.0014038931735241055, -0.0021046988034732978, -0.000838572901389632, -0.0025178300882512175, 0.0003694859231323562, 0.0015792873193053072, -0.0022453009448066526, -0.0006117466276557002, -0.0020877701485304545, 0.0005900693513607773, -0.002017288435734303, -0.0019829510115977034, -0.0020235494229951475, -0.0017337898000264486, -0.002715591469068752, -0.0021086537822939504, -0.0019167700762276203, -0.0018371945872140147, 0.0020685628492785003, -0.002182675108810055, 0.0011591598586823235, -0.0022337938718043323, 0.0005871030551654179, 0.0008467148947548247, -0.0020704701971028276, 0.000602351401396538, -0.001962037546263955, 0.004750083989697297, -0.0025690669446719805, -0.001928203222960109, -0.0024884279723871986, -0.0023676031104245617, -0.002298721895699227, -0.002796613992091298, -0.002318200322663331, -0.002586924409318928, 0.0007065215337940173, -0.002272864564455722, -0.0018617886794166409, -0.0015447169918869118, -0.0023315767524737475, -0.0027688074337246476, 0.025083867323611484, 0.01004119608255599, -0.0022227096046488924, 0.007636111752482063, 0.009867848193155313, 0.0005808761063874852, 0.0007166026864436584, 0.002081191863047389, -0.0004558981827392607, 0.0033013395402378466, -0.0021756111464893485, -0.00044113313361817264, 0.008913374945964525, -0.0028110181873593847, -0.002026114767626032, 0.0004215380735349831, -0.0020095652424443246, -0.0026703811427787865, 0.00036725596474341686, 0.00365855202359704]
Daily Returns: [0, 0, -0.001637357585980267, 0, 0, 0, 0.013542721025274127, 0, 0, 0, 0, 0, 0, 0, 0, 0, 0, 0, 0, 0, 0, 0, 0, 0, 0, 0, 0, 0, 0, 0, 0, 0, 0, 0, 0, 0, 0, 0, 0, 0, 0, 0, 0, 0, 0.0015167613391050313, 0, 0, 0, 0, 0, 0, 0, 0.001203324324020385, 0, 0, 0, 0, 0, 0, -0.0004156026987966293, 0, 0, -0.0018204224428870538, -0.003887557538548159, -0.002096440007534374, 0, 0, 0, 0, 0.0006171409639270176, 0, 0, 0, 0, 0, 0, -0.0022693360447151615, 0, 0, 0, -0.0017432143208270614, 0.0015303436075956515, 0, 0, 0, 0, 0, 0, 0, 0, 0, 0, 0, 0, 0, 0, 0, 0, 0, 0, 0, 0, 0, 0, 0, 0, 0, 0, 0, 0, 0, 0, 0, 0, 0, 0, 0, 0, 0, 0, -0.002048056521064912, 0, 0, -0.002677601945003987, 0, 0, 0, 0, 0, 0.006009372528942217, -0.0017400072784618172, 0, 0, 0, 0, -0.0022420757821614355, 0, -0.002107468762599638, 0, 0, 0, 0, 0, 0.0020525146165364843, -0.002520411718010853, 0, 0, 0, 0, 0, -0.0038031668689472303, 0, 0, 0, 0, 0.002570674463297757, 0, 0, 0, 0, 0.0012220796674115972, 0.00010821254197651781, 0, 0, 0, 0, 0, 0, 0, 0, 0, 0, 0, 0, 0, 0, 0, 0, 0, 0, 0, 0, 0, 0, 0, 0, 0, 0, 0, 0, 0, 0, 0, 0, -0.001802185434995855, 0, 0, 0, 0, 0, 0, 0, 0, 0, 0, 0, 0, -0.006337186296727873, 0, 0, 0, 0, -0.0026013069887807832, 0, 0, 0, 0, 0, 0, -0.0020094815191218332, 0, 0, 0, 0, 0.0038913714428327794, 0, -0.001662603793707625, 0, 0, 0, 0, 0, 0, 0, 0, 0, 0, 0, 0.00010758637649082884, 0, 0.000914385824714562, 0, 0, 0, 0, 0, 0, 0, 0, 0, 0, 0, 0, 0, 0, 0, 0, 0, 0, 0, 0, 0, 0, 0, 0, 0, 0, 0, 0, -0.0017349782360031013, 0, 0, 0, 0, 0, 0.0013239927922372122, 0, 0, 0, 0, 0, 0, -0.002412811935248202, 0, 0, 0, 0, 0, 0, 0, 0.007111622643252523, 0, 0, 0, 0, 0, 0, 0, 0, 0, 0, 0, 0, 0, -7.6442810267186e-06, 0, 0.0050376197055782244, 0, 0, -0.001688537152571121, 0, 0, 0, 0, 0, -0.002485662205172844, 0, 0, 0, 0, 0.026037509595078154, 0, 0, 0, 0, 0, 0, 0, 0, 0, 0, 0, 0, 0, 0, 0, 0, 0, 0, 0, 0, 0, 0, 0, 0, 0, 0, 0, 0, 0, 0, 0, 0, 0, 0.0011073022395419998, 0, 0.010365526074614695, 0, 0, 0, 0, 0, 0, 0, 0, 0, -0.002212848859114677, 0, 0, 0, 0, 0, 0, 0, 0, 0, 0, 0, 0, 0, 0, -0.0010898431633355912, 0, 0, -0.0020379607101850047, 0, 0.003544118354315664, 0, 0, 0, 0, 0, 0, 0, 0, -0.002451477337658748, 0, 0, 0, 0, 0, 0, 0, 0, 0, 0, 0, 0, 0, 0, 0, 0, 0, 0, 0, 0, 0, 0, 0, 0, 0, 0, 0, 0, 0, 0.0003270509977827067, -0.00045070256032300727, 0, 0, -0.002365407395224465, 0, -0.002093162397912025, 0, 0, 0, 0, 0, -0.00175427883040676, 0, 0, 0, 0, -0.004171573833256346, -0.0021295725776577317, 0, 0, 0.0014097487832573402, 0, 0, 0, 0, 0, 0.0030999233372252435, 0, 0, 0, 0, 0, 0, 0, 0, 0.00988210624937264, 0.002118087573699951, 0, 0, 0, 0, 0, 0, 0, 0, 0, 0, 0.010978209248644247, 0, 0, 0, 0, 0, 0, 0, 0, 0, 0, 0, 0, 0, 0, 0, 0, 0, 0, 0, 0, 0, 0, 0, 0, 0, 0, 0, 0, 0, 0, 0, 0, 0, 0, -0.0021794465625921775, -0.0023502577437160732, 0, 0, 0, 0, 0, 0, 0, 0, 0, 0, -0.0017503441121539875, 0.0018632138197764844, 0, 0, -0.0044499352480358335, 0, 0, 0, 0, 0, 0, 0, 0, 0.007722171191055185, 0, 0, 0, 0.009305197319869354, -0.0020668072583344475, 0, 0, 0, 0, 0, 0, 0, -0.0021826869129278064, 0, 0.0014038931735241055, -0.0021046988034732978, -0.000838572901389632, -0.0025178300882512175, 0, 0, 0, 0, 0, 0, 0, 0, 0, 0, 0, 0, 0, 0, 0, 0, 0, 0, 0, 0, 0, 0, 0, 0, 0, 0, 0, 0, 0, 0, 0, 0, 0, 0, 0.0003694859231323562, 0.0015792873193053072, 0, 0, 0, 0, 0, 0, 0, 0, 0, 0, 0, 0, -0.0022453009448066526, 0, 0, 0, -0.0006117466276557002, -0.0020877701485304545, 0.0005900693513607773, 0, 0, 0, 0, 0, -0.002017288435734303, 0, 0, 0, -0.0019829510115977034, -0.0020235494229951475, 0, 0, 0, 0, 0, 0, 0, 0, -0.0017337898000264486, 0, 0, 0, -0.002715591469068752, 0, 0, 0, 0, 0, 0, 0, 0, 0, 0, 0, 0, 0, 0, 0, 0, 0, 0, 0, 0, 0, 0, 0, 0, 0, 0, 0, 0, 0, 0, 0, 0, 0, 0, 0, 0, 0, 0, -0.0021086537822939504, 0, 0, 0, 0, 0, 0, -0.0019167700762276203, 0, 0, -0.0018371945872140147, 0, 0, 0, 0, 0, 0, 0, 0, 0, 0.0020685628492785003, -0.002182675108810055, 0, 0.0011591598586823235, 0, 0, 0, -0.0022337938718043323, 0, 0.0005871030551654179, 0, 0, 0, 0, 0, 0, 0.0008467148947548247, 0, 0, 0, 0, 0, 0, 0, 0, 0, 0, 0, 0, 0, 0, 0, 0, 0, 0, 0, 0, 0, 0, 0, 0, 0, 0, 0, 0, 0, 0, 0, -0.0020704701971028276, 0.000602351401396538, 0, 0, 0, 0, 0, 0, 0, 0, 0, 0, 0, 0, 0, 0, 0, 0, -0.001962037546263955, 0, 0, 0, 0, 0, 0, 0, 0, 0.004750083989697297, 0, 0, 0, 0, 0, -0.0025690669446719805, 0, 0, 0, 0, 0, 0, -0.001928203222960109, 0, 0, 0, 0, 0, 0, -0.0024884279723871986, 0, 0, 0, 0, -0.0023676031104245617, -0.002298721895699227, 0, 0, 0, 0, 0, 0, 0, 0, 0, 0, 0, 0, 0, 0, 0, 0, 0, 0, 0, 0, 0, 0, 0, 0, 0, 0, 0, 0, 0, 0, 0, 0, 0, -0.002796613992091298, 0, -0.002318200322663331, -0.002586924409318928, 0, 0, 0, 0, 0, 0, 0, 0, 0.0007065215337940173, 0, 0, 0, 0, 0, 0, 0, 0, -0.002272864564455722, 0, 0, -0.0018617886794166409, 0, 0, 0, 0, 0, 0, 0, -0.0015447169918869118, 0, 0, 0, -0.0023315767524737475, 0, 0, 0, 0, -0.0027688074337246476, 0.025083867323611484, 0, 0, 0, 0, 0, 0, 0, 0, 0, 0, 0, 0, 0, 0, 0, 0, 0, 0, 0, 0, 0, 0, 0, 0, 0, 0, 0, 0, 0, 0, 0, 0, 0, 0, 0, 0, 0, 0.01004119608255599, 0, 0, 0, 0.0054134021478331705, 0, 0, 0.009867848193155313, 0, 0, 0.0005808761063874852, 0.0007166026864436584, 0, 0, 0, 0, 0.002081191863047389, 0, 0, 0.002845441357498586, 0, 0, -0.0021756111464893485, 0, 0, 0, 0, 0, 0, -0.00044113313361817264, 0, 0, 0, 0, 0, 0, 0, 0, 0.008913374945964525, 0, -0.0028110181873593847, 0, 0, 0, 0, 0, 0, 0, 0, 0, 0, 0, 0, 0, 0, 0, 0, 0, 0, 0, 0, 0, 0, 0, 0, 0, 0, 0, 0, 0, 0, 0, -0.002026114767626032, 0, 0, 0, 0, 0.0004215380735349831, 0, 0, 0, 0, 0, -0.0020095652424443246, 0, 0, 0, 0, 0, 0, 0, 0, 0, 0, 0, 0, 0, -0.0026703811427787865, 0, 0, 0, 0, 0, 0, 0, 0, 0, 0.0040258079883404565, 0, 0]
Start Date: 2022-08-12
End Date: 2025-11-06
Sharpe Ratio: 0.031
Annualized Sharpe: 0.499
Sharpe 95% CI: (np.float64(-0.565), np.float64(1.249))
Sortino Ratio: 0.061
CAGR: 0.013
Calmar Ratio: 0.247
Daily Win Rate (%): 0.386
Max Drawdown: 0.054
Profit Factor: 1.301
Expectancy: 0.000374
Average Win: 0.004187
Average Loss: 0.002025
Total Trades: 145
Total Days: 1014



Rolling 1 - Variant 3 - atr_0.25_13 - Fit Metrics
Contracts: [3, 4, 4, 3, 3, 3, 3, 3, 3, 3, 2, 1, 2, 1, 1, 2, 2, 2, 2, 2, 2, 2, 1, 2, 1, 2, 2, 1, 1, 1, 2, 2, 2, 2, 2, 2, 2, 2, 2, 2, 2, 2, 3, 2, 2, 3, 2, 3, 3, 3, 3, 2, 2, 3, 3, 5, 3, 3, 3, 3, 3, 4, 4, 4, 4, 3, 3, 5, 3, 3, 3, 5, 5, 5, 5, 4, 3, 3, 4, 4, 4, 5, 3, 5, 4, 4, 3, 5, 4, 5, 4, 3, 4, 3, 4, 4, 5, 3, 4, 5, 5, 5, 3, 4, 4, 4, 4, 4, 3, 4, 6, 7, 8, 5, 5, 5, 5, 6, 5, 5, 6, 6, 6, 7, 7, 6, 6, 7, 7, 6, 6, 7, 5, 4, 4, 4, 6, 3, 3, 3, 3, 5, 5, 5, 4, 4, 6, 6, 6, 5, 5, 3, 7, 7, 6, 5, 8, 5, 1, 4, 4, 5, 3, 5, 5, 6, 6, 6, 7, 5, 6, 7, 7, 7, 6, 4, 7, 8, 7, 6, 6, 5, 7, 7]
Trade Returns: [0.004673999999999995, -0.001879216541883238, 0.004738797709581083, 0.004400826569320462, -0.002021795069428799, -0.0018476601255933607, -0.0017915600261889178, 0.004227560834540777, 0.0009143915733473045, -0.002260161829959899, 0.022371391255576505, -0.001265498010120126, 0.0016942548477206036, -0.0011318925204310466, 0.004540435595622755, -0.002416249758279294, 0.005424665867147642, -0.0027867609661539057, -0.001972474142639603, 0.003169903335365317, -0.0017636513771757724, -0.0027945487054041418, -0.00126114642278045, -0.0027970346002102625, 0.0014666293201375609, 0.006327958388526548, 0.02003026349311737, -0.0011371936105234873, -0.001233204456206087, 0.00031105260961760296, 0.004205488750602019, 0.006359228433756778, -0.002067573246878001, -4.1361935738592554e-05, -0.002090744320019252, -0.0019084185395695109, -0.0021576888922478117, 0.0007699943760214816, -0.0016617805545297642]
Daily Returns: [0.004673999999999995, 0, 0, 0, 0, 0, 0, 0, 0, 0, 0, 0, 0, 0, -0.001879216541883238, 0.004738797709581083, 0, 0, 0, 0, 0, 0, 0, 0, 0, 0, 0, 0, 0, 0, 0, 0.004400826569320462, -0.002021795069428799, 0, -0.0018476601255933607, 0, 0, 0, 0, 0, 0, -0.0017915600261889178, 0, 0, 0, 0, 0, 0.005141952407888081, -0.002260161829959899, 0, 0, 0, 0, 0, 0.022371391255576505, 0, 0, 0, 0, 0, 0, 0, 0, 0, 0, 0, 0, 0, 0, 0, 0, 0, 0, 0, 0, 0, 0, 0, 0, 0, 0, 0, 0, 0, 0, 0, 0, 0, 0, 0, 0, 0, 0, -0.001265498010120126, 0, 0, 0, 0, 0.0016942548477206036, -0.0011318925204310466, 0, 0, 0, 0, 0, 0, 0, 0, 0, 0, 0.004540435595622755, 0, 0, -0.002416249758279294, 0.005424665867147642, 0, -0.0027867609661539057, 0, -0.001972474142639603, 0.003169903335365317, 0, 0, -0.0017636513771757724, -0.0027945487054041418, 0, 0, -0.00126114642278045, 0, 0, 0, 0, -0.0027970346002102625, 0, 0, 0, 0, 0, 0, 0, 0, 0, 0, 0, 0, 0, 0, 0, 0, 0, 0, 0, 0, 0, 0, 0.0014666293201375609, 0, 0, 0, 0, 0, 0, 0, 0, 0, 0, 0, 0, 0, 0.006327958388526548, 0, 0, 0.018893069882593882, 0, 0, 0, 0, 0, -0.001233204456206087, 0, 0, 0, 0, 0.00031105260961760296, 0, 0, 0, 0, 0, 0.004205488750602019, 0.0042916551868787765, -4.1361935738592554e-05, 0, 0, 0, -0.002090744320019252, 0, 0, 0, 0, 0, 0, 0, -0.003296113055795841, -0.0016617805545297642]
Start Date: 2021-12-17
End Date: 2022-08-11
Sharpe Ratio: 0.114
Annualized Sharpe: 1.807
Sharpe 95% CI: (np.float64(-0.151), np.float64(3.115))
Sortino Ratio: 0.361
CAGR: 0.07
Calmar Ratio: 6.879
Daily Win Rate (%): 0.436
Max Drawdown: 0.01
Profit Factor: 2.374
Expectancy: 0.001419
Average Win: 0.005625
Average Loss: 0.001831
Total Trades: 39
Total Days: 204

Rolling 1 - Variant 3 - atr_0.25_13 - Test Metrics
Contracts: [3, 4, 4, 3, 3, 3, 3, 3, 3, 3, 2, 1, 2, 1, 1, 2, 2, 2, 2, 2, 2, 2, 1, 2, 1, 2, 2, 1, 1, 1, 2, 2, 2, 2, 2, 2, 2, 2, 2, 2, 2, 2, 3, 2, 2, 3, 2, 3, 3, 3, 3, 2, 2, 3, 3, 5, 3, 3, 3, 3, 3, 4, 4, 4, 4, 3, 3, 5, 3, 3, 3, 5, 5, 5, 5, 4, 3, 3, 4, 4, 4, 5, 3, 5, 4, 4, 3, 5, 4, 5, 4, 3, 4, 3, 4, 4, 5, 3, 4, 5, 5, 5, 3, 4, 4, 4, 4, 4, 3, 4, 6, 7, 8, 5, 5, 5, 5, 6, 5, 5, 6, 6, 6, 7, 7, 6, 6, 7, 7, 6, 6, 7, 5, 4, 4, 4, 6, 3, 3, 3, 3, 5, 5, 5, 4, 4, 6, 6, 6, 5, 5, 3, 7, 7, 6, 5, 8, 5, 1, 4, 4, 5, 3, 5, 5, 6, 6, 6, 7, 5, 6, 7, 7, 7, 6, 4, 7, 8, 7, 6, 6, 5, 7, 7]
Trade Returns: [-0.0016321800775569548, 0.013499827411591076, 0.0015120213180035288, 0.0011995695002914913, -0.00041430741610275326, -0.0018147464955975581, -0.0022781684872063427, -0.0015972344597710618, -0.0020898661208855157, -0.0020660185113753307, 0.002681202732488783, -0.002262209443361081, -0.0017377275348770575, 0.001525518449710751, -0.0020416088556433594, -0.002669155107569027, -0.0018304156925357802, 0.007820667355997473, -0.0017345168860320363, -0.0022349839384205087, 0.0005996057023261002, -0.00270040145715483, 0.0020459969005809106, -0.0025124245466155316, -0.002504088307440718, -0.0012870452629900637, 0.00256250749062602, 0.0012182070724320955, 0.003102272338451826, -0.0029944318728844705, -0.0017964820787647474, -0.0020061725460516428, -0.0020102053648665638, -0.0023006413156995377, -0.00259299375002392, -0.0020030429368753677, 0.0008567567826578839, 0.003022129601682529, -0.0016573327005220688, 0.00010724230249222359, 0.0009114618239193819, -0.0017294352169637697, 0.0013197452718733003, -0.0024050899752783577, 0.007088837814297389, -7.619962014504524e-06, 0.005021593231898125, -0.0016831921511688518, -0.002477780667994479, 0.02812461932025825, 0.001101541788237343, 0.010311661460905017, -0.002201479233139211, -0.0021495287712501904, 0.0010653038587062871, -0.0020274439514588786, 0.0035257920150748006, -0.0024388454908864203, 0.00032536166614584457, -0.0004483752827612359, -0.002353187742097978, -0.002082323652063989, -0.0017452039108767814, -0.0019252934504983825, -0.0022246406669487514, -0.0021184910565974157, 0.0034071739941320825, -0.0020048122892773993, 0.003083837919388098, 0.009830754208953489, 0.0021070578097347227, 0.010921716709274259, -0.002168352559271928, -0.0023382682654515437, -0.0017413756320464185, 0.0016348166630743126, 0.0002188355396211201, -0.0031833604690807474, -0.0012437560701697918, 0.0076824325932925855, 0.009257677475165652, -0.002056239047797551, -0.0021716425973277646, 0.001396774065478754, -0.002094040813972768, -0.0008343175390883154, -0.0025050426182575327, 0.00036760578173269823, 0.0015712540163822896, -0.002233897772066519, -0.000608632804221322, -0.0024233262826682334, 0.0005870650011414908, -0.0020076891770109606, -0.001973496164972629, -0.002013881921579001, -0.0017254899093569452, -0.002702569088542097, -0.002098514516102382, -0.0019075447253080473, -0.001828335331061264, 0.002573212032671486, -0.002171037259047063, 0.0011535744248686304, -0.0022218575466636196, 0.0005839588715549455, 0.0008421830270569772, -0.0020593977553302616, 0.0005991235045026471, -0.001951529622223784, 0.004724529310645724, -0.0025552810994374695, -0.0019178785823957974, -0.002475077982543019, -0.002354840629743164, -0.002286359047449375, -0.002781464381180255, -0.0023056073119617922, -0.0025729467698331326, 0.0007026746728993, -0.002260497985453209, -0.0018516357997975256, -0.0015362579552841236, -0.0023188383939310546, -0.0027536218170118964, 0.027033438342126258, 0.009967016824191367, -0.002206451400437998, 0.00758013322991783, 0.009796053553457848, 0.0005766908756690775, 0.0008537310206948329, 0.002065922358750623, -0.0004525601976898599, 0.003823349743073837, -0.002158551515281688, -0.00043766659133064506, 0.008843300589673057, -0.0027891125001334107, -0.0020102815107613404, 0.00041823729068028704, -0.001993836258877129, -0.0026494381579960247, 0.0003643680368460342, 0.0036297933727114304]
Daily Returns: [0, 0, -0.0016321800775569548, 0, 0, 0, 0.013499827411591076, 0, 0, 0, 0, 0, 0, 0, 0, 0, 0, 0, 0, 0, 0, 0, 0, 0, 0, 0, 0, 0, 0, 0, 0, 0, 0, 0, 0, 0, 0, 0, 0, 0, 0, 0, 0, 0, 0.0015120213180035288, 0, 0, 0, 0, 0, 0, 0, 0.0011995695002914913, 0, 0, 0, 0, 0, 0, -0.00041430741610275326, 0, 0, -0.0018147464955975581, -0.0038754029469774045, -0.0020898661208855157, 0, 0, 0, 0, 0.0006151842211134522, 0, 0, 0, 0, 0, 0, -0.002262209443361081, 0, 0, 0, -0.0017377275348770575, 0.001525518449710751, 0, 0, 0, 0, 0, 0, 0, 0, 0, 0, 0, 0, 0, 0, 0, 0, 0, 0, 0, 0, 0, 0, 0, 0, 0, 0, 0, 0, 0, 0, 0, 0, 0, 0, 0, 0, 0, 0, -0.0020416088556433594, 0, 0, -0.002669155107569027, 0, 0, 0, 0, 0, 0.005990251663461692, -0.0017345168860320363, 0, 0, 0, 0, -0.0022349839384205087, 0, -0.00210079575482873, 0, 0, 0, 0, 0, 0.0020459969005809106, -0.0025124245466155316, 0, 0, 0, 0, 0, -0.003791133570430782, 0, 0, 0, 0, 0.00256250749062602, 0, 0, 0, 0, 0.0012182070724320955, 0.00010784046556735561, 0, 0, 0, 0, 0, 0, 0, 0, 0, 0, 0, 0, 0, 0, 0, 0, 0, 0, 0, 0, 0, 0, 0, 0, 0, 0, 0, 0, 0, 0, 0, 0, -0.0017964820787647474, 0, 0, 0, 0, 0, 0, 0, 0, 0, 0, 0, 0, -0.006317019226617745, 0, 0, 0, 0, -0.00259299375002392, 0, 0, 0, 0, 0, 0, -0.0020030429368753677, 0, 0, 0, 0, 0.003878886384340413, 0, -0.0016573327005220688, 0, 0, 0, 0, 0, 0, 0, 0, 0, 0, 0, 0.00010724230249222359, 0, 0.0009114618239193819, 0, 0, 0, 0, 0, 0, 0, 0, 0, 0, 0, 0, 0, 0, 0, 0, 0, 0, 0, 0, 0, 0, 0, 0, 0, 0, 0, 0, -0.0017294352169637697, 0, 0, 0, 0, 0, 0.0013197452718733003, 0, 0, 0, 0, 0, 0, -0.0024050899752783577, 0, 0, 0, 0, 0, 0, 0, 0.007088837814297389, 0, 0, 0, 0, 0, 0, 0, 0, 0, 0, 0, 0, 0, -7.619962014504524e-06, 0, 0.005021593231898125, 0, 0, -0.0016831921511688518, 0, 0, 0, 0, 0, -0.002477780667994479, 0, 0, 0, 0, 0.02812461932025825, 0, 0, 0, 0, 0, 0, 0, 0, 0, 0, 0, 0, 0, 0, 0, 0, 0, 0, 0, 0, 0, 0, 0, 0, 0, 0, 0, 0, 0, 0, 0, 0, 0, 0.001101541788237343, 0, 0.010311661460905017, 0, 0, 0, 0, 0, 0, 0, 0, 0, -0.002201479233139211, 0, 0, 0, 0, 0, 0, 0, 0, 0, 0, 0, 0, 0, 0, -0.0010842249125439032, 0, 0, -0.0020274439514588786, 0, 0.0035257920150748006, 0, 0, 0, 0, 0, 0, 0, 0, -0.0024388454908864203, 0, 0, 0, 0, 0, 0, 0, 0, 0, 0, 0, 0, 0, 0, 0, 0, 0, 0, 0, 0, 0, 0, 0, 0, 0, 0, 0, 0, 0, 0.00032536166614584457, -0.0004483752827612359, 0, 0, -0.002353187742097978, 0, -0.002082323652063989, 0, 0, 0, 0, 0, -0.0017452039108767814, 0, 0, 0, 0, -0.004149934117447134, -0.0021184910565974157, 0, 0, 0.0014023617048546833, 0, 0, 0, 0, 0, 0.003083837919388098, 0, 0, 0, 0, 0, 0, 0, 0, 0.009830754208953489, 0.0021070578097347227, 0, 0, 0, 0, 0, 0, 0, 0, 0, 0, 0.010921716709274259, 0, 0, 0, 0, 0, 0, 0, 0, 0, 0, 0, 0, 0, 0, 0, 0, 0, 0, 0, 0, 0, 0, 0, 0, 0, 0, 0, 0, 0, 0, 0, 0, 0, 0, -0.002168352559271928, -0.0023382682654515437, 0, 0, 0, 0, 0, 0, 0, 0, 0, 0, -0.0017413756320464185, 0.0018536522026954326, 0, 0, -0.004427116539250539, 0, 0, 0, 0, 0, 0, 0, 0, 0.0076824325932925855, 0, 0, 0, 0.009257677475165652, -0.002056239047797551, 0, 0, 0, 0, 0, 0, 0, -0.0021716425973277646, 0, 0.001396774065478754, -0.002094040813972768, -0.0008343175390883154, -0.0025050426182575327, 0, 0, 0, 0, 0, 0, 0, 0, 0, 0, 0, 0, 0, 0, 0, 0, 0, 0, 0, 0, 0, 0, 0, 0, 0, 0, 0, 0, 0, 0, 0, 0, 0, 0, 0.00036760578173269823, 0.0015712540163822896, 0, 0, 0, 0, 0, 0, 0, 0, 0, 0, 0, 0, -0.002233897772066519, 0, 0, 0, -0.000608632804221322, -0.0024233262826682334, 0.0005870650011414908, 0, 0, 0, 0, 0, -0.0020076891770109606, 0, 0, 0, -0.001973496164972629, -0.002013881921579001, 0, 0, 0, 0, 0, 0, 0, 0, -0.0017254899093569452, 0, 0, 0, -0.002702569088542097, 0, 0, 0, 0, 0, 0, 0, 0, 0, 0, 0, 0, 0, 0, 0, 0, 0, 0, 0, 0, 0, 0, 0, 0, 0, 0, 0, 0, 0, 0, 0, 0, 0, 0, 0, 0, 0, 0, -0.002098514516102382, 0, 0, 0, 0, 0, 0, -0.0019075447253080473, 0, 0, -0.001828335331061264, 0, 0, 0, 0, 0, 0, 0, 0, 0, 0.002573212032671486, -0.002171037259047063, 0, 0.0011535744248686304, 0, 0, 0, -0.0022218575466636196, 0, 0.0005839588715549455, 0, 0, 0, 0, 0, 0, 0.0008421830270569772, 0, 0, 0, 0, 0, 0, 0, 0, 0, 0, 0, 0, 0, 0, 0, 0, 0, 0, 0, 0, 0, 0, 0, 0, 0, 0, 0, 0, 0, 0, 0, -0.0020593977553302616, 0.0005991235045026471, 0, 0, 0, 0, 0, 0, 0, 0, 0, 0, 0, 0, 0, 0, 0, 0, -0.001951529622223784, 0, 0, 0, 0, 0, 0, 0, 0, 0.004724529310645724, 0, 0, 0, 0, 0, -0.0025552810994374695, 0, 0, 0, 0, 0, 0, -0.0019178785823957974, 0, 0, 0, 0, 0, 0, -0.002475077982543019, 0, 0, 0, 0, -0.002354840629743164, -0.002286359047449375, 0, 0, 0, 0, 0, 0, 0, 0, 0, 0, 0, 0, 0, 0, 0, 0, 0, 0, 0, 0, 0, 0, 0, 0, 0, 0, 0, 0, 0, 0, 0, 0, 0, -0.002781464381180255, 0, -0.0023056073119617922, -0.0025729467698331326, 0, 0, 0, 0, 0, 0, 0, 0, 0.0007026746728993, 0, 0, 0, 0, 0, 0, 0, 0, -0.002260497985453209, 0, 0, -0.0018516357997975256, 0, 0, 0, 0, 0, 0, 0, -0.0015362579552841236, 0, 0, 0, -0.0023188383939310546, 0, 0, 0, 0, -0.0027536218170118964, 0.027033438342126258, 0, 0, 0, 0, 0, 0, 0, 0, 0, 0, 0, 0, 0, 0, 0, 0, 0, 0, 0, 0, 0, 0, 0, 0, 0, 0, 0, 0, 0, 0, 0, 0, 0, 0, 0, 0, 0, 0.009967016824191367, 0, 0, 0, 0.005373681829479832, 0, 0, 0.009796053553457848, 0, 0, 0.0005766908756690775, 0.0008537310206948329, 0, 0, 0, 0, 0.002065922358750623, 0, 0, 0.003370789545383977, 0, 0, -0.002158551515281688, 0, 0, 0, 0, 0, 0, -0.00043766659133064506, 0, 0, 0, 0, 0, 0, 0, 0, 0.008843300589673057, 0, -0.0027891125001334107, 0, 0, 0, 0, 0, 0, 0, 0, 0, 0, 0, 0, 0, 0, 0, 0, 0, 0, 0, 0, 0, 0, 0, 0, 0, 0, 0, 0, 0, 0, 0, -0.0020102815107613404, 0, 0, 0, 0, 0.00041823729068028704, 0, 0, 0, 0, 0, -0.001993836258877129, 0, 0, 0, 0, 0, 0, 0, 0, 0, 0, 0, 0, 0, -0.0026494381579960247, 0, 0, 0, 0, 0, 0, 0, 0, 0, 0.003994161409557465, 0, 0]
Start Date: 2022-08-12
End Date: 2025-11-06
Sharpe Ratio: 0.033
Annualized Sharpe: 0.525
Sharpe 95% CI: (np.float64(-0.536), np.float64(1.254))
Sortino Ratio: 0.067
CAGR: 0.014
Calmar Ratio: 0.271
Daily Win Rate (%): 0.386
Max Drawdown: 0.053
Profit Factor: 1.328
Expectancy: 0.000407
Average Win: 0.004263
Average Loss: 0.002019
Total Trades: 145
Total Days: 1014



Rolling 1 - Variant 4 - atr_0.25_14 - Fit Metrics
Contracts: [3, 4, 4, 3, 3, 3, 3, 3, 3, 3, 2, 1, 2, 1, 1, 2, 2, 2, 2, 2, 2, 2, 1, 2, 1, 2, 2, 1, 1, 1, 2, 2, 2, 2, 2, 2, 2, 2, 2, 2, 2, 2, 3, 2, 2, 3, 2, 3, 4, 3, 3, 2, 2, 3, 3, 5, 3, 3, 3, 3, 3, 4, 4, 4, 4, 3, 3, 5, 3, 3, 4, 5, 5, 5, 5, 4, 3, 3, 4, 4, 4, 5, 3, 5, 4, 4, 3, 5, 4, 5, 4, 3, 4, 3, 4, 4, 5, 3, 4, 5, 5, 5, 3, 4, 4, 4, 4, 4, 4, 4, 6, 7, 8, 5, 5, 5, 5, 6, 5, 5, 6, 6, 6, 7, 7, 6, 6, 7, 7, 6, 6, 7, 5, 4, 4, 4, 6, 3, 3, 3, 3, 5, 5, 5, 4, 4, 6, 6, 6, 5, 5, 3, 7, 7, 7, 5, 8, 5, 1, 4, 4, 5, 3, 5, 5, 6, 6, 6, 7, 5, 6, 7, 7, 7, 6, 4, 7, 8, 7, 6, 6, 5, 7, 7]
Trade Returns: [0.004673999999999995, -0.001879216541883238, 0.004738797709581083, 0.004400826569320462, -0.002021795069428799, -0.0018476601255933607, -0.0017915600261889178, 0.004227560834540777, 0.0009143915733473045, -0.002260161829959899, 0.02409562144625258, -0.001263377647845036, 0.0016914022963592243, -0.0011299936172715478, 0.00453280978222048, -0.002412231658342366, 0.005415596071098417, -0.0027821155191078842, -0.0019691676894649534, 0.0031645753035615906, -0.0017606891399071902, -0.0027898772799849368, -0.0012590244591126488, -0.0027923224687073987, 0.0014641515882355238, 0.00631728352930227, 0.021538153244981557, -0.0011336114862570826, -0.0012293154922077257, 0.0003100704843149791, 0.004192214351057331, 0.006339239667679288, -0.002061115246641803, -4.1232476197616e-05, -0.002084200188177786, -0.0019024272866724806, -0.002150902173503596, 0.00076757521484582, -0.0016565682367127067]
Daily Returns: [0.004673999999999995, 0, 0, 0, 0, 0, 0, 0, 0, 0, 0, 0, 0, 0, -0.001879216541883238, 0.004738797709581083, 0, 0, 0, 0, 0, 0, 0, 0, 0, 0, 0, 0, 0, 0, 0, 0.004400826569320462, -0.002021795069428799, 0, -0.0018476601255933607, 0, 0, 0, 0, 0, 0, -0.0017915600261889178, 0, 0, 0, 0, 0, 0.005141952407888081, -0.002260161829959899, 0, 0, 0, 0, 0, 0.02409562144625258, 0, 0, 0, 0, 0, 0, 0, 0, 0, 0, 0, 0, 0, 0, 0, 0, 0, 0, 0, 0, 0, 0, 0, 0, 0, 0, 0, 0, 0, 0, 0, 0, 0, 0, 0, 0, 0, 0, -0.001263377647845036, 0, 0, 0, 0, 0.0016914022963592243, -0.0011299936172715478, 0, 0, 0, 0, 0, 0, 0, 0, 0, 0, 0.00453280978222048, 0, 0, -0.002412231658342366, 0.005415596071098417, 0, -0.0027821155191078842, 0, -0.0019691676894649534, 0.0031645753035615906, 0, 0, -0.0017606891399071902, -0.0027898772799849368, 0, 0, -0.0012590244591126488, 0, 0, 0, 0, -0.0027923224687073987, 0, 0, 0, 0, 0, 0, 0, 0, 0, 0, 0, 0, 0, 0, 0, 0, 0, 0, 0, 0, 0, 0, 0.0014641515882355238, 0, 0, 0, 0, 0, 0, 0, 0, 0, 0, 0, 0, 0, 0.00631728352930227, 0, 0, 0.020404541758724474, 0, 0, 0, 0, 0, -0.0012293154922077257, 0, 0, 0, 0, 0.0003100704843149791, 0, 0, 0, 0, 0, 0.004192214351057331, 0.004278124421037485, -4.1232476197616e-05, 0, 0, 0, -0.002084200188177786, 0, 0, 0, 0, 0, 0, 0, -0.0032857542453302566, -0.0016565682367127067]
Start Date: 2021-12-17
End Date: 2022-08-11
Sharpe Ratio: 0.114
Annualized Sharpe: 1.808
Sharpe 95% CI: (np.float64(-0.122), np.float64(3.083))
Sortino Ratio: 0.383
CAGR: 0.074
Calmar Ratio: 7.302
Daily Win Rate (%): 0.436
Max Drawdown: 0.01
Profit Factor: 2.456
Expectancy: 0.001502
Average Win: 0.005811
Average Loss: 0.001828
Total Trades: 39
Total Days: 204

Rolling 1 - Variant 4 - atr_0.25_14 - Test Metrics
Contracts: [3, 4, 4, 3, 3, 3, 3, 3, 3, 3, 2, 1, 2, 1, 1, 2, 2, 2, 2, 2, 2, 2, 1, 2, 1, 2, 2, 1, 1, 1, 2, 2, 2, 2, 2, 2, 2, 2, 2, 2, 2, 2, 3, 2, 2, 3, 2, 3, 4, 3, 3, 2, 2, 3, 3, 5, 3, 3, 3, 3, 3, 4, 4, 4, 4, 3, 3, 5, 3, 3, 4, 5, 5, 5, 5, 4, 3, 3, 4, 4, 4, 5, 3, 5, 4, 4, 3, 5, 4, 5, 4, 3, 4, 3, 4, 4, 5, 3, 4, 5, 5, 5, 3, 4, 4, 4, 4, 4, 4, 4, 6, 7, 8, 5, 5, 5, 5, 6, 5, 5, 6, 6, 6, 7, 7, 6, 6, 7, 7, 6, 6, 7, 5, 4, 4, 4, 6, 3, 3, 3, 3, 5, 5, 5, 4, 4, 6, 6, 6, 5, 5, 3, 7, 7, 7, 5, 8, 5, 1, 4, 4, 5, 3, 5, 5, 6, 6, 6, 7, 5, 6, 7, 7, 7, 6, 4, 7, 8, 7, 6, 6, 5, 7, 7]
Trade Returns: [-0.0016270352096459395, 0.01345720465235866, 0.0015073108306252684, 0.0011958380365904159, -0.0004130201821753934, -0.0018091058326912112, -0.002271074565083625, -0.0015922495570855095, -0.0020833333333333316, -0.0027460623828843766, 0.0026746265961709176, -0.0022566757646529144, -0.001733467197611499, 0.001521771884887746, -0.0020366024281265496, -0.0026625964555244616, -0.0018258900977220916, 0.007801295847096891, -0.001730253808254704, -0.002229477470941216, 0.0005981257464741529, -0.0026937402697145263, 0.0020409363269595243, -0.0025062229667698293, -0.0024979231175893046, -0.0012838672049567304, 0.0025561663956156183, 0.0012152002241117, 0.003094601513169119, -0.0029870498156725576, -0.001792053716243038, -0.002002315473818064, -0.002006332784999096, -0.002296200312511909, -0.0025879768896528666, -0.0019991574432231623, 0.0008550965283463754, 0.003016255545151713, -0.0022043200127259705, 0.00010703466202848708, 0.0009096972581036829, -0.00172609011947064, 0.0013171820357077233, -0.0024004299734326907, 0.007075087840231304, -7.605285673558249e-06, 0.005011921375958708, -0.0016799664006719864, -0.0024730241389896417, 0.030236194145394375, 0.0010971685675034847, 0.010270768097255488, -0.0021928466573658888, -0.0021410813829962, 0.0010611220910304096, -0.0020194592458856265, 0.003511878249999557, -0.002429254803257759, 0.00032407907529437345, -0.0004466083391294591, -0.0023439102282382593, -0.002074094740242578, -0.0017383140554060104, -0.0019176793875181858, -0.002215825855227804, -0.0021100782056957365, 0.0033936149762668687, -0.001996861022893902, 0.003071625901715319, 0.009784937528070064, 0.002798245743565517, 0.010871308786000684, -0.0021584524058539697, -0.002327569226209732, -0.0017333727804206933, 0.0016272904795324845, 0.0002178297261336105, -0.003168732271160727, -0.001238022586629721, 0.007646974113306481, 0.009215272677277314, -0.0020468085183461076, -0.002161786216192963, 0.0013904208268512967, -0.002084529276693457, -0.0008305199918026567, -0.0024936309857938608, 0.0003659279608619209, 0.00156408514533556, -0.0022237214950748896, -0.0006058540649021354, -0.002412255774889807, 0.0005843839619067988, -0.0019984952506348166, -0.001964440723363616, -0.002004622980169849, -0.001717540932602894, -0.002690097488695577, -0.0020888043376955175, -0.001898709865059898, -0.0018198512230389874, 0.0025612496695161654, -0.002160970312296838, 0.0011482254697285955, -0.0022115326380005556, 0.0005812392167249999, 0.0008382630307620478, -0.0020498201815450073, 0.0005963314572205553, -0.0019424404851686584, 0.004702426045342874, -0.0025433568624559995, -0.0019089479636968864, -0.002463530716745561, -0.0027344357472396464, -0.0022756658908714778, -0.002769448957827324, -0.0022956198453536105, -0.0025618605790918773, 0.0006996238119022064, -0.00225069025529632, -0.0018435838971190264, -0.0015295496576856586, -0.0023087362203172554, -0.002741579300416797, 0.028993256635195128, 0.009904407957312266, -0.0021927272727272737, 0.00753288119039198, 0.009735444759534624, 0.0005731572546484208, 0.0008485028578793124, 0.002053281583960045, -0.0004497967882368145, 0.0037999932142978956, -0.002145415020395676, -0.00043499731692231777, 0.00878934292170748, -0.0027722429177856733, -0.00199808878464078, 0.0004156955261213199, -0.001981724099966973, -0.0026333113890717598, 0.00036214432254035175, 0.003607649000540357]
Daily Returns: [0, 0, -0.0016270352096459395, 0, 0, 0, 0.01345720465235866, 0, 0, 0, 0, 0, 0, 0, 0, 0, 0, 0, 0, 0, 0, 0, 0, 0, 0, 0, 0, 0, 0, 0, 0, 0, 0, 0, 0, 0, 0, 0, 0, 0, 0, 0, 0, 0, 0.0015073108306252684, 0, 0, 0, 0, 0, 0, 0, 0.0011958380365904159, 0, 0, 0, 0, 0, 0, -0.0004130201821753934, 0, 0, -0.0018091058326912112, -0.0038633241221691346, -0.0020833333333333316, 0, 0, 0, 0, -7.143578671345904e-05, 0, 0, 0, 0, 0, 0, -0.0022566757646529144, 0, 0, 0, -0.001733467197611499, 0.001521771884887746, 0, 0, 0, 0, 0, 0, 0, 0, 0, 0, 0, 0, 0, 0, 0, 0, 0, 0, 0, 0, 0, 0, 0, 0, 0, 0, 0, 0, 0, 0, 0, 0, 0, 0, 0, 0, 0, 0, -0.0020366024281265496, 0, 0, -0.0026625964555244616, 0, 0, 0, 0, 0, 0.005975405749374799, -0.001730253808254704, 0, 0, 0, 0, -0.002229477470941216, 0, -0.0020956145232403733, 0, 0, 0, 0, 0, 0.0020409363269595243, -0.0025062229667698293, 0, 0, 0, 0, 0, -0.003781790322546035, 0, 0, 0, 0, 0.0025561663956156183, 0, 0, 0, 0, 0.0012152002241117, 0.00010755169749656138, 0, 0, 0, 0, 0, 0, 0, 0, 0, 0, 0, 0, 0, 0, 0, 0, 0, 0, 0, 0, 0, 0, 0, 0, 0, 0, 0, 0, 0, 0, 0, 0, -0.001792053716243038, 0, 0, 0, 0, 0, 0, 0, 0, 0, 0, 0, 0, -0.006304848571329069, 0, 0, 0, 0, -0.0025879768896528666, 0, 0, 0, 0, 0, 0, -0.0019991574432231623, 0, 0, 0, 0, 0.0038713520734980885, 0, -0.0022043200127259705, 0, 0, 0, 0, 0, 0, 0, 0, 0, 0, 0, 0.00010703466202848708, 0, 0.0009096972581036829, 0, 0, 0, 0, 0, 0, 0, 0, 0, 0, 0, 0, 0, 0, 0, 0, 0, 0, 0, 0, 0, 0, 0, 0, 0, 0, 0, 0, -0.00172609011947064, 0, 0, 0, 0, 0, 0.0013171820357077233, 0, 0, 0, 0, 0, 0, -0.0024004299734326907, 0, 0, 0, 0, 0, 0, 0, 0.007075087840231304, 0, 0, 0, 0, 0, 0, 0, 0, 0, 0, 0, 0, 0, -7.605285673558249e-06, 0, 0.005011921375958708, 0, 0, -0.0016799664006719864, 0, 0, 0, 0, 0, -0.0024730241389896417, 0, 0, 0, 0, 0.030236194145394375, 0, 0, 0, 0, 0, 0, 0, 0, 0, 0, 0, 0, 0, 0, 0, 0, 0, 0, 0, 0, 0, 0, 0, 0, 0, 0, 0, 0, 0, 0, 0, 0, 0, 0.0010971685675034847, 0, 0.010270768097255488, 0, 0, 0, 0, 0, 0, 0, 0, 0, -0.0021928466573658888, 0, 0, 0, 0, 0, 0, 0, 0, 0, 0, 0, 0, 0, 0, -0.0010799592919657902, 0, 0, -0.0020194592458856265, 0, 0.003511878249999557, 0, 0, 0, 0, 0, 0, 0, 0, -0.002429254803257759, 0, 0, 0, 0, 0, 0, 0, 0, 0, 0, 0, 0, 0, 0, 0, 0, 0, 0, 0, 0, 0, 0, 0, 0, 0, 0, 0, 0, 0, 0.00032407907529437345, -0.0004466083391294591, 0, 0, -0.0023439102282382593, 0, -0.002074094740242578, 0, 0, 0, 0, 0, -0.0017383140554060104, 0, 0, 0, 0, -0.00413350524274599, -0.0021100782056957365, 0, 0, 0.0013967539533729667, 0, 0, 0, 0, 0, 0.003071625901715319, 0, 0, 0, 0, 0, 0, 0, 0, 0.009784937528070064, 0.002798245743565517, 0, 0, 0, 0, 0, 0, 0, 0, 0, 0, 0.010871308786000684, 0, 0, 0, 0, 0, 0, 0, 0, 0, 0, 0, 0, 0, 0, 0, 0, 0, 0, 0, 0, 0, 0, 0, 0, 0, 0, 0, 0, 0, 0, 0, 0, 0, 0, -0.0021584524058539697, -0.002327569226209732, 0, 0, 0, 0, 0, 0, 0, 0, 0, 0, -0.0017333727804206933, 0.0018451202056660948, 0, 0, -0.004406754857790449, 0, 0, 0, 0, 0, 0, 0, 0, 0.007646974113306481, 0, 0, 0, 0.009215272677277314, -0.0020468085183461076, 0, 0, 0, 0, 0, 0, 0, -0.002161786216192963, 0, 0.0013904208268512967, -0.002084529276693457, -0.0008305199918026567, -0.0024936309857938608, 0, 0, 0, 0, 0, 0, 0, 0, 0, 0, 0, 0, 0, 0, 0, 0, 0, 0, 0, 0, 0, 0, 0, 0, 0, 0, 0, 0, 0, 0, 0, 0, 0, 0, 0.0003659279608619209, 0.00156408514533556, 0, 0, 0, 0, 0, 0, 0, 0, 0, 0, 0, 0, -0.0022237214950748896, 0, 0, 0, -0.0006058540649021354, -0.002412255774889807, 0.0005843839619067988, 0, 0, 0, 0, 0, -0.0019984952506348166, 0, 0, 0, -0.001964440723363616, -0.002004622980169849, 0, 0, 0, 0, 0, 0, 0, 0, -0.001717540932602894, 0, 0, 0, -0.002690097488695577, 0, 0, 0, 0, 0, 0, 0, 0, 0, 0, 0, 0, 0, 0, 0, 0, 0, 0, 0, 0, 0, 0, 0, 0, 0, 0, 0, 0, 0, 0, 0, 0, 0, 0, 0, 0, 0, 0, -0.0020888043376955175, 0, 0, 0, 0, 0, 0, -0.001898709865059898, 0, 0, -0.0018198512230389874, 0, 0, 0, 0, 0, 0, 0, 0, 0, 0.0025612496695161654, -0.002160970312296838, 0, 0.0011482254697285955, 0, 0, 0, -0.0022115326380005556, 0, 0.0005812392167249999, 0, 0, 0, 0, 0, 0, 0.0008382630307620478, 0, 0, 0, 0, 0, 0, 0, 0, 0, 0, 0, 0, 0, 0, 0, 0, 0, 0, 0, 0, 0, 0, 0, 0, 0, 0, 0, 0, 0, 0, 0, -0.0020498201815450073, 0.0005963314572205553, 0, 0, 0, 0, 0, 0, 0, 0, 0, 0, 0, 0, 0, 0, 0, 0, -0.0019424404851686584, 0, 0, 0, 0, 0, 0, 0, 0, 0.004702426045342874, 0, 0, 0, 0, 0, -0.0025433568624559995, 0, 0, 0, 0, 0, 0, -0.0019089479636968864, 0, 0, 0, 0, 0, 0, -0.002463530716745561, 0, 0, 0, 0, -0.0027344357472396464, -0.0022756658908714778, 0, 0, 0, 0, 0, 0, 0, 0, 0, 0, 0, 0, 0, 0, 0, 0, 0, 0, 0, 0, 0, 0, 0, 0, 0, 0, 0, 0, 0, 0, 0, 0, 0, -0.002769448957827324, 0, -0.0022956198453536105, -0.0025618605790918773, 0, 0, 0, 0, 0, 0, 0, 0, 0.0006996238119022064, 0, 0, 0, 0, 0, 0, 0, 0, -0.00225069025529632, 0, 0, -0.0018435838971190264, 0, 0, 0, 0, 0, 0, 0, -0.0015295496576856586, 0, 0, 0, -0.0023087362203172554, 0, 0, 0, 0, -0.002741579300416797, 0.028993256635195128, 0, 0, 0, 0, 0, 0, 0, 0, 0, 0, 0, 0, 0, 0, 0, 0, 0, 0, 0, 0, 0, 0, 0, 0, 0, 0, 0, 0, 0, 0, 0, 0, 0, 0, 0, 0, 0, 0.009904407957312266, 0, 0, 0, 0.005340153917664707, 0, 0, 0.009735444759534624, 0, 0, 0.0005731572546484208, 0.0008485028578793124, 0, 0, 0, 0, 0.002053281583960045, 0, 0, 0.003350196426061081, 0, 0, -0.002145415020395676, 0, 0, 0, 0, 0, 0, -0.00043499731692231777, 0, 0, 0, 0, 0, 0, 0, 0, 0.00878934292170748, 0, -0.0027722429177856733, 0, 0, 0, 0, 0, 0, 0, 0, 0, 0, 0, 0, 0, 0, 0, 0, 0, 0, 0, 0, 0, 0, 0, 0, 0, 0, 0, 0, 0, 0, 0, -0.00199808878464078, 0, 0, 0, 0, 0.0004156955261213199, 0, 0, 0, 0, 0, -0.001981724099966973, 0, 0, 0, 0, 0, 0, 0, 0, 0, 0, 0, 0, 0, -0.0026333113890717598, 0, 0, 0, 0, 0, 0, 0, 0, 0, 0.003969793323080709, 0, 0]
Start Date: 2022-08-12
End Date: 2025-11-06
Sharpe Ratio: 0.034
Annualized Sharpe: 0.533
Sharpe 95% CI: (np.float64(-0.53), np.float64(1.247))
Sortino Ratio: 0.069
CAGR: 0.015
Calmar Ratio: 0.284
Daily Win Rate (%): 0.386
Max Drawdown: 0.053
Profit Factor: 1.344
Expectancy: 0.000428
Average Win: 0.004334
Average Loss: 0.00203
Total Trades: 145
Total Days: 1014



Rolling 2 - Variant 0 - atr_0.25_10 - Fit Metrics
Contracts: [3, 4, 4, 3, 3, 3, 3, 3, 3, 3, 2, 1, 2, 1, 1, 2, 2, 2, 2, 2, 2, 2, 1, 2, 1, 2, 2, 1, 1, 1, 2, 2, 2, 2, 2, 2, 2, 2, 2, 2, 2, 2, 3, 2, 2, 2, 2, 2, 3, 3, 3, 2, 2, 3, 3, 5, 3, 3, 3, 3, 3, 4, 4, 4, 4, 3, 3, 5, 3, 3, 3, 5, 5, 5, 5, 4, 3, 3, 4, 4, 4, 5, 3, 5, 4, 4, 3, 5, 4, 5, 4, 3, 4, 3, 4, 4, 5, 3, 4, 5, 5, 4, 3, 4, 4, 4, 4, 4, 3, 4, 5, 7, 8, 5, 5, 5, 5, 5, 5, 5, 6, 6, 6, 7, 7, 6, 6, 7, 7, 6, 6, 6, 5, 3, 4, 4, 6, 3, 3, 3, 3, 4, 5, 5, 4, 4, 6, 6, 6, 5, 5, 3, 7, 6, 6, 5, 8, 5, 1, 4, 4, 5, 3, 5, 5, 6, 6, 6, 6, 5, 5, 7, 7, 6, 6, 4, 7, 7, 7, 6, 6, 5, 6, 6]
Trade Returns: [0.004673999999999995, -0.001879216541883238, 0.004738797709581083, 0.004400826569320462, -0.002021795069428799, -0.0018476601255933607, -0.0017915600261889178, 0.004227560834540777, 0.0009143915733473045, -0.002260161829959899, 0.017198700683548274, -0.0012719020170116897, 0.0017028705253375022, -0.0011376277161832399, 0.004563467769051197, -0.0024283847777604606, 0.0054520584519481535, -0.00280079085692241, -0.0019824604623284022, 0.0031859956236323797, -0.0017725981974697452, -0.0028086573186607428, -0.0012675554482492741, -0.0028112669026935135, 0.001474113088325573, 0.006360200527869315, 0.0154760565347445, -0.0011480771141047289, -0.0012450203965323023, 0.0003140366733559112, 0.004245821177803828, 0.006419958293145054, -0.00208719236640643, -4.1755238384451856e-05, -0.0021106256334723957, -0.0019266208745183436, -0.002178308472895127, 0.0007773442263138766, -0.0016776161872843532, -0.0016478117747812146, 0.013629331209215365, 0.0015263311005073875, 0.0012109049345319226, -0.00041821771434600295, -0.0018318815232509476, -0.0015331457810169352, -0.0016111403167063136, -0.0014053935291287684, -0.002082606254646979, 0.0027027746205281968, -0.002280361218315677, -0.0017517027804956808, 0.0015378085847022255]
Daily Returns: [0.004673999999999995, 0, 0, 0, 0, 0, 0, 0, 0, 0, 0, 0, 0, 0, -0.001879216541883238, 0.004738797709581083, 0, 0, 0, 0, 0, 0, 0, 0, 0, 0, 0, 0, 0, 0, 0, 0.004400826569320462, -0.002021795069428799, 0, -0.0018476601255933607, 0, 0, 0, 0, 0, 0, -0.0017915600261889178, 0, 0, 0, 0, 0, 0.005141952407888081, -0.002260161829959899, 0, 0, 0, 0, 0, 0.017198700683548274, 0, 0, 0, 0, 0, 0, 0, 0, 0, 0, 0, 0, 0, 0, 0, 0, 0, 0, 0, 0, 0, 0, 0, 0, 0, 0, 0, 0, 0, 0, 0, 0, 0, 0, 0, 0, 0, 0, -0.0012719020170116897, 0, 0, 0, 0, 0.0017028705253375022, -0.0011376277161832399, 0, 0, 0, 0, 0, 0, 0, 0, 0, 0, 0.004563467769051197, 0, 0, -0.0024283847777604606, 0.0054520584519481535, 0, -0.00280079085692241, 0, -0.0019824604623284022, 0.0031859956236323797, 0, 0, -0.0017725981974697452, -0.0028086573186607428, 0, 0, -0.0012675554482492741, 0, 0, 0, 0, -0.0028112669026935135, 0, 0, 0, 0, 0, 0, 0, 0, 0, 0, 0, 0, 0, 0, 0, 0, 0, 0, 0, 0, 0, 0, 0.001474113088325573, 0, 0, 0, 0, 0, 0, 0, 0, 0, 0, 0, 0, 0, 0.006360200527869315, 0, 0, 0.014327979420639772, 0, 0, 0, 0, 0, -0.0012450203965323023, 0, 0, 0, 0, 0.0003140366733559112, 0, 0, 0, 0, 0, 0.004245821177803828, 0.004332765926738624, -4.1755238384451856e-05, 0, 0, 0, -0.0021106256334723957, 0, 0, 0, 0, 0, 0, 0, -0.003327585121099594, -0.0016776161872843532, 0, 0, -0.0016478117747812146, 0, 0, 0, 0.013629331209215365, 0, 0, 0, 0, 0, 0, 0, 0, 0, 0, 0, 0, 0, 0, 0, 0, 0, 0, 0, 0, 0, 0, 0, 0, 0, 0, 0, 0, 0, 0, 0, 0, 0, 0, 0, 0, 0, 0.0015263311005073875, 0, 0, 0, 0, 0, 0, 0, 0.0012109049345319226, 0, 0, 0, 0, 0, 0, -0.00041821771434600295, 0, 0, -0.0018318815232509476, -0.003144286097723249, -0.0014053935291287684, 0, 0, 0, 0, 0.0006201683658812176, 0, 0, 0, 0, 0, 0, -0.002280361218315677, 0, 0, 0, -0.0017517027804956808, 0.0015378085847022255, 0, 0, 0, 0, 0, 0, 0, 0, 0, 0, 0, 0, 0, 0, 0, 0, 0, 0, 0, 0]
Start Date: 2021-12-17
End Date: 2022-12-08
Sharpe Ratio: 0.092
Annualized Sharpe: 1.463
Sharpe 95% CI: (np.float64(-0.283), np.float64(2.638))
Sortino Ratio: 0.221
CAGR: 0.043
Calmar Ratio: 4.208
Daily Win Rate (%): 0.415
Max Drawdown: 0.01
Profit Factor: 1.939
Expectancy: 0.000975
Average Win: 0.004852
Average Loss: 0.001776
Total Trades: 53
Total Days: 306

Rolling 2 - Variant 0 - atr_0.25_10 - Test Metrics
Contracts: [3, 4, 4, 3, 3, 3, 3, 3, 3, 3, 2, 1, 2, 1, 1, 2, 2, 2, 2, 2, 2, 2, 1, 2, 1, 2, 2, 1, 1, 1, 2, 2, 2, 2, 2, 2, 2, 2, 2, 2, 2, 2, 3, 2, 2, 2, 2, 2, 3, 3, 3, 2, 2, 3, 3, 5, 3, 3, 3, 3, 3, 4, 4, 4, 4, 3, 3, 5, 3, 3, 3, 5, 5, 5, 5, 4, 3, 3, 4, 4, 4, 5, 3, 5, 4, 4, 3, 5, 4, 5, 4, 3, 4, 3, 4, 4, 5, 3, 4, 5, 5, 4, 3, 4, 4, 4, 4, 4, 3, 4, 5, 7, 8, 5, 5, 5, 5, 5, 5, 5, 6, 6, 6, 7, 7, 6, 6, 7, 7, 6, 6, 6, 5, 3, 4, 4, 6, 3, 3, 3, 3, 4, 5, 5, 4, 4, 6, 6, 6, 5, 5, 3, 7, 6, 6, 5, 8, 5, 1, 4, 4, 5, 3, 5, 5, 6, 6, 6, 6, 5, 5, 7, 7, 6, 6, 4, 7, 7, 7, 6, 6, 5, 6, 6]
Trade Returns: [-0.002058031548882523, -0.0026906700587262995, -0.0018452623894135956, 0.007884218892177988, -0.0017485014885118863, -0.0022530478199852956, 0.0006044607674356038, -0.0027222536589841997, 0.0020625987210354467, -0.0025327691354151503, -0.0025243129690156302, -0.001297471079599295, 0.0025833103194329403, 0.0012280711822193731, 0.0031274373219018306, -0.0030186487534700113, -0.0018110093320470317, -0.0020224520937650956, -0.0020265506954622544, -0.0023193862191887337, -0.0026141697647633056, -0.0020194439178759464, 0.0008637647777206869, 0.003046924970441705, -0.0016707590375049988, 0.00010811875300462843, 0.0009189100491308193, -0.0017435547300672536, 0.0013305650349975514, -0.0024247599874028395, 0.007146877520507378, -7.68190757130339e-06, 0.005062415978490451, -0.0016968066404757169, -0.0024978562459804605, 0.021790564202147963, 0.00111737299037177, 0.010459693787587187, -0.002232722363570279, -0.0021801028904484356, 0.0010804388586704195, -0.0020563445867287544, 0.0035761547377517783, -0.0024735580365528647, 0.0003300040831013688, -0.00045477080669629257, -0.0023867683529433703, -0.002112110054017682, -0.0017712474963379275, -0.00195407548271654, -0.002257962882390891, -0.002150295101687907, 0.0034584347380555835, -0.0020348706242772838, 0.002502435004120768, 0.00997813294792266, 0.0021387135365330684, 0.009236527585995379, -0.0022042128639851517, -0.0023770240692142174, -0.0017703675690906807, 0.001662082784722189, 0.0002224793094242579, -0.002696961608612484, -0.00126384420518139, 0.007806670003963832, 0.009406229457341436, -0.0020904015420873685, -0.0022061648220982354, 0.0014190274345304078, -0.002127355744409742, -0.0008476193271883956, -0.002545015185624521, 0.000373483069994028, 0.0015963658767597932, -0.0022695431350910665, -0.000618366592008735, -0.002110376755654834, 0.0005964566059409773, -0.0020391780543842332, -0.001503384000887607, -0.002044569390351633, -0.001751836737723689, -0.002743907539982786, -0.0021307016775314437, -0.0019368309489911878, -0.0018564599384171302, 0.002090294739050296, -0.0022055580061755634, 0.0011713058098262597, -0.0022572644577320217, 0.0005932857327923928, 0.0008556262114334933, -0.0020922423926554054, 0.0006086987561127943, -0.0019827001898210135, 0.004800338004153409, -0.0025961760959907904, -0.0019485053949947072, -0.002514679937857125, -0.0023919060619515013, -0.0019911717178192905, -0.0028254648820159553, -0.0023421834862734727, -0.002613542315712125, 0.0007138480801494847, -0.0022964170934302265, -0.0018811258461720818, -0.001560829140084896, -0.002355838937229343, -0.0027977325867585543, 0.0211045315449597, 0.010185930046794101, -0.002254424729132552, 0.007745315152264533, 0.008578185306650542, 0.0005898726243801995, 0.000727694773493454, 0.002113382608775657, -0.00046293489702461455, 0.003352318779050269, -0.002209094655859323, -0.0004479373768860958, 0.00905092061159838, -0.0024972561125439813, -0.0020564530108698243, 0.00042786302532072247, -0.0020397047911130295, -0.0027105134957932115, 0.000319534581354597, 0.003183310202013536]
Daily Returns: [0, 0, 0, 0, 0, 0, 0, 0, 0, 0, 0, 0, 0, 0, 0, 0, 0, 0, -0.002058031548882523, 0, 0, -0.0026906700587262995, 0, 0, 0, 0, 0, 0.0060389565027643925, -0.0017485014885118863, 0, 0, 0, 0, -0.0022530478199852956, 0, -0.0021177928915485957, 0, 0, 0, 0, 0, 0.0020625987210354467, -0.0025327691354151503, 0, 0, 0, 0, 0, -0.0038217840486149254, 0, 0, 0, 0, 0.0025833103194329403, 0, 0, 0, 0, 0.0012280711822193731, 0.00010878856843181926, 0, 0, 0, 0, 0, 0, 0, 0, 0, 0, 0, 0, 0, 0, 0, 0, 0, 0, 0, 0, 0, 0, 0, 0, 0, 0, 0, 0, 0, 0, 0, 0, -0.0018110093320470317, 0, 0, 0, 0, 0, 0, 0, 0, 0, 0, 0, 0, -0.006368389008416083, 0, 0, 0, 0, -0.0026141697647633056, 0, 0, 0, 0, 0, 0, -0.0020194439178759464, 0, 0, 0, 0, 0.0039106897481623925, 0, -0.0016707590375049988, 0, 0, 0, 0, 0, 0, 0, 0, 0, 0, 0, 0.00010811875300462843, 0, 0.0009189100491308193, 0, 0, 0, 0, 0, 0, 0, 0, 0, 0, 0, 0, 0, 0, 0, 0, 0, 0, 0, 0, 0, 0, 0, 0, 0, 0, 0, 0, -0.0017435547300672536, 0, 0, 0, 0, 0, 0.0013305650349975514, 0, 0, 0, 0, 0, 0, -0.0024247599874028395, 0, 0, 0, 0, 0, 0, 0, 0.007146877520507378, 0, 0, 0, 0, 0, 0, 0, 0, 0, 0, 0, 0, 0, -7.68190757130339e-06, 0, 0.005062415978490451, 0, 0, -0.0016968066404757169, 0, 0, 0, 0, 0, -0.0024978562459804605, 0, 0, 0, 0, 0.021790564202147963, 0, 0, 0, 0, 0, 0, 0, 0, 0, 0, 0, 0, 0, 0, 0, 0, 0, 0, 0, 0, 0, 0, 0, 0, 0, 0, 0, 0, 0, 0, 0, 0, 0, 0.00111737299037177, 0, 0.010459693787587187, 0, 0, 0, 0, 0, 0, 0, 0, 0, -0.002232722363570279, 0, 0, 0, 0, 0, 0, 0, 0, 0, 0, 0, 0, 0, 0, -0.0010996640317780162, 0, 0, -0.0020563445867287544, 0, 0.0035761547377517783, 0, 0, 0, 0, 0, 0, 0, 0, -0.0024735580365528647, 0, 0, 0, 0, 0, 0, 0, 0, 0, 0, 0, 0, 0, 0, 0, 0, 0, 0, 0, 0, 0, 0, 0, 0, 0, 0, 0, 0, 0, 0.0003300040831013688, -0.00045477080669629257, 0, 0, -0.0023867683529433703, 0, -0.002112110054017682, 0, 0, 0, 0, 0, -0.0017712474963379275, 0, 0, 0, 0, -0.004212038365107431, -0.002150295101687907, 0, 0, 0.0014235641137782997, 0, 0, 0, 0, 0, 0.002502435004120768, 0, 0, 0, 0, 0, 0, 0, 0, 0.00997813294792266, 0.0021387135365330684, 0, 0, 0, 0, 0, 0, 0, 0, 0, 0, 0.009236527585995379, 0, 0, 0, 0, 0, 0, 0, 0, 0, 0, 0, 0, 0, 0, 0, 0, 0, 0, 0, 0, 0, 0, 0, 0, 0, 0, 0, 0, 0, 0, 0, 0, 0, 0, -0.0022042128639851517, -0.0023770240692142174, 0, 0, 0, 0, 0, 0, 0, 0, 0, 0, -0.0017703675690906807, 0.001884562094146447, 0, 0, -0.003960805813793874, 0, 0, 0, 0, 0, 0, 0, 0, 0.007806670003963832, 0, 0, 0, 0.009406229457341436, -0.0020904015420873685, 0, 0, 0, 0, 0, 0, 0, -0.0022061648220982354, 0, 0.0014190274345304078, -0.002127355744409742, -0.0008476193271883956, -0.002545015185624521, 0, 0, 0, 0, 0, 0, 0, 0, 0, 0, 0, 0, 0, 0, 0, 0, 0, 0, 0, 0, 0, 0, 0, 0, 0, 0, 0, 0, 0, 0, 0, 0, 0, 0, 0.000373483069994028, 0.0015963658767597932, 0, 0, 0, 0, 0, 0, 0, 0, 0, 0, 0, 0, -0.0022695431350910665, 0, 0, 0, -0.000618366592008735, -0.002110376755654834, 0.0005964566059409773, 0, 0, 0, 0, 0, -0.0020391780543842332, 0, 0, 0, -0.001503384000887607, -0.002044569390351633, 0, 0, 0, 0, 0, 0, 0, 0, -0.001751836737723689, 0, 0, 0, -0.002743907539982786, 0, 0, 0, 0, 0, 0, 0, 0, 0, 0, 0, 0, 0, 0, 0, 0, 0, 0, 0, 0, 0, 0, 0, 0, 0, 0, 0, 0, 0, 0, 0, 0, 0, 0, 0, 0, 0, 0, -0.0021307016775314437, 0, 0, 0, 0, 0, 0, -0.0019368309489911878, 0, 0, -0.0018564599384171302, 0, 0, 0, 0, 0, 0, 0, 0, 0, 0.002090294739050296, -0.0022055580061755634, 0, 0.0011713058098262597, 0, 0, 0, -0.0022572644577320217, 0, 0.0005932857327923928, 0, 0, 0, 0, 0, 0, 0.0008556262114334933, 0, 0, 0, 0, 0, 0, 0, 0, 0, 0, 0, 0, 0, 0, 0, 0, 0, 0, 0, 0, 0, 0, 0, 0, 0, 0, 0, 0, 0, 0, 0, -0.0020922423926554054, 0.0006086987561127943, 0, 0, 0, 0, 0, 0, 0, 0, 0, 0, 0, 0, 0, 0, 0, 0, -0.0019827001898210135, 0, 0, 0, 0, 0, 0, 0, 0, 0.004800338004153409, 0, 0, 0, 0, 0, -0.0025961760959907904, 0, 0, 0, 0, 0, 0, -0.0019485053949947072, 0, 0, 0, 0, 0, 0, -0.002514679937857125, 0, 0, 0, 0, -0.0023919060619515013, -0.0019911717178192905, 0, 0, 0, 0, 0, 0, 0, 0, 0, 0, 0, 0, 0, 0, 0, 0, 0, 0, 0, 0, 0, 0, 0, 0, 0, 0, 0, 0, 0, 0, 0, 0, 0, -0.0028254648820159553, 0, -0.0023421834862734727, -0.002613542315712125, 0, 0, 0, 0, 0, 0, 0, 0, 0.0007138480801494847, 0, 0, 0, 0, 0, 0, 0, 0, -0.0022964170934302265, 0, 0, -0.0018811258461720818, 0, 0, 0, 0, 0, 0, 0, -0.001560829140084896, 0, 0, 0, -0.002355838937229343, 0, 0, 0, 0, -0.0027977325867585543, 0.0211045315449597, 0, 0, 0, 0, 0, 0, 0, 0, 0, 0, 0, 0, 0, 0, 0, 0, 0, 0, 0, 0, 0, 0, 0, 0, 0, 0, 0, 0, 0, 0, 0, 0, 0, 0, 0, 0, 0, 0.010185930046794101, 0, 0, 0, 0.005490890423131981, 0, 0, 0.008578185306650542, 0, 0, 0.0005898726243801995, 0.000727694773493454, 0, 0, 0, 0, 0.002113382608775657, 0, 0, 0.0028893838820256545, 0, 0, -0.002209094655859323, 0, 0, 0, 0, 0, 0, -0.0004479373768860958, 0, 0, 0, 0, 0, 0, 0, 0, 0.00905092061159838, 0, -0.0024972561125439813, 0, 0, 0, 0, 0, 0, 0, 0, 0, 0, 0, 0, 0, 0, 0, 0, 0, 0, 0, 0, 0, 0, 0, 0, 0, 0, 0, 0, 0, 0, 0, -0.0020564530108698243, 0, 0, 0, 0, 0.00042786302532072247, 0, 0, 0, 0, 0, -0.0020397047911130295, 0, 0, 0, 0, 0, 0, 0, 0, 0, 0, 0, 0, 0, -0.0027105134957932115, 0, 0, 0, 0, 0, 0, 0, 0, 0, 0.003502844783368133, 0, 0]
Start Date: 2022-12-09
End Date: 2025-11-06
Sharpe Ratio: 0.027
Annualized Sharpe: 0.428
Sharpe 95% CI: (np.float64(-0.7), np.float64(1.237))
Sortino Ratio: 0.05
CAGR: 0.01
Calmar Ratio: 0.197
Daily Win Rate (%): 0.389
Max Drawdown: 0.053
Profit Factor: 1.237
Expectancy: 0.000297
Average Win: 0.003979
Average Loss: 0.002051
Total Trades: 131
Total Days: 912



Rolling 2 - Variant 1 - atr_0.25_13 - Fit Metrics
Contracts: [3, 4, 4, 3, 3, 3, 3, 3, 3, 3, 2, 1, 2, 1, 1, 2, 2, 2, 2, 2, 2, 2, 1, 2, 1, 2, 2, 1, 1, 1, 2, 2, 2, 2, 2, 2, 2, 2, 2, 2, 2, 2, 3, 2, 2, 3, 2, 3, 3, 3, 3, 2, 2, 3, 3, 5, 3, 3, 3, 3, 3, 4, 4, 4, 4, 3, 3, 5, 3, 3, 3, 5, 5, 5, 5, 4, 3, 3, 4, 4, 4, 5, 3, 5, 4, 4, 3, 5, 4, 5, 4, 3, 4, 3, 4, 4, 5, 3, 4, 5, 5, 5, 3, 4, 4, 4, 4, 4, 3, 4, 6, 7, 8, 5, 5, 5, 5, 6, 5, 5, 6, 6, 6, 7, 7, 6, 6, 7, 7, 6, 6, 7, 5, 4, 4, 4, 6, 3, 3, 3, 3, 5, 5, 5, 4, 4, 6, 6, 6, 5, 5, 3, 7, 7, 6, 5, 8, 5, 1, 4, 4, 5, 3, 5, 5, 6, 6, 6, 7, 5, 6, 7, 7, 7, 6, 4, 7, 8, 7, 6, 6, 5, 7, 7]
Trade Returns: [0.004673999999999995, -0.001879216541883238, 0.004738797709581083, 0.004400826569320462, -0.002021795069428799, -0.0018476601255933607, -0.0017915600261889178, 0.004227560834540777, 0.0009143915733473045, -0.002260161829959899, 0.022371391255576505, -0.001265498010120126, 0.0016942548477206036, -0.0011318925204310466, 0.004540435595622755, -0.002416249758279294, 0.005424665867147642, -0.0027867609661539057, -0.001972474142639603, 0.003169903335365317, -0.0017636513771757724, -0.0027945487054041418, -0.00126114642278045, -0.0027970346002102625, 0.0014666293201375609, 0.006327958388526548, 0.02003026349311737, -0.0011371936105234873, -0.001233204456206087, 0.00031105260961760296, 0.004205488750602019, 0.006359228433756778, -0.002067573246878001, -4.1361935738592554e-05, -0.002090744320019252, -0.0019084185395695109, -0.0021576888922478117, 0.0007699943760214816, -0.0016617805545297642, -0.0016321800775569548, 0.013499827411591076, 0.0015120213180035288, 0.0011995695002914913, -0.00041430741610275326, -0.0018147464955975581, -0.0022781684872063427, -0.0015972344597710618, -0.0020898661208855157, -0.0020660185113753307, 0.002681202732488783, -0.002262209443361081, -0.0017377275348770575, 0.001525518449710751]
Daily Returns: [0.004673999999999995, 0, 0, 0, 0, 0, 0, 0, 0, 0, 0, 0, 0, 0, -0.001879216541883238, 0.004738797709581083, 0, 0, 0, 0, 0, 0, 0, 0, 0, 0, 0, 0, 0, 0, 0, 0.004400826569320462, -0.002021795069428799, 0, -0.0018476601255933607, 0, 0, 0, 0, 0, 0, -0.0017915600261889178, 0, 0, 0, 0, 0, 0.005141952407888081, -0.002260161829959899, 0, 0, 0, 0, 0, 0.022371391255576505, 0, 0, 0, 0, 0, 0, 0, 0, 0, 0, 0, 0, 0, 0, 0, 0, 0, 0, 0, 0, 0, 0, 0, 0, 0, 0, 0, 0, 0, 0, 0, 0, 0, 0, 0, 0, 0, 0, -0.001265498010120126, 0, 0, 0, 0, 0.0016942548477206036, -0.0011318925204310466, 0, 0, 0, 0, 0, 0, 0, 0, 0, 0, 0.004540435595622755, 0, 0, -0.002416249758279294, 0.005424665867147642, 0, -0.0027867609661539057, 0, -0.001972474142639603, 0.003169903335365317, 0, 0, -0.0017636513771757724, -0.0027945487054041418, 0, 0, -0.00126114642278045, 0, 0, 0, 0, -0.0027970346002102625, 0, 0, 0, 0, 0, 0, 0, 0, 0, 0, 0, 0, 0, 0, 0, 0, 0, 0, 0, 0, 0, 0, 0.0014666293201375609, 0, 0, 0, 0, 0, 0, 0, 0, 0, 0, 0, 0, 0, 0.006327958388526548, 0, 0, 0.018893069882593882, 0, 0, 0, 0, 0, -0.001233204456206087, 0, 0, 0, 0, 0.00031105260961760296, 0, 0, 0, 0, 0, 0.004205488750602019, 0.0042916551868787765, -4.1361935738592554e-05, 0, 0, 0, -0.002090744320019252, 0, 0, 0, 0, 0, 0, 0, -0.003296113055795841, -0.0016617805545297642, 0, 0, -0.0016321800775569548, 0, 0, 0, 0.013499827411591076, 0, 0, 0, 0, 0, 0, 0, 0, 0, 0, 0, 0, 0, 0, 0, 0, 0, 0, 0, 0, 0, 0, 0, 0, 0, 0, 0, 0, 0, 0, 0, 0, 0, 0, 0, 0, 0, 0.0015120213180035288, 0, 0, 0, 0, 0, 0, 0, 0.0011995695002914913, 0, 0, 0, 0, 0, 0, -0.00041430741610275326, 0, 0, -0.0018147464955975581, -0.0038754029469774045, -0.0020898661208855157, 0, 0, 0, 0, 0.0006151842211134522, 0, 0, 0, 0, 0, 0, -0.002262209443361081, 0, 0, 0, -0.0017377275348770575, 0.001525518449710751, 0, 0, 0, 0, 0, 0, 0, 0, 0, 0, 0, 0, 0, 0, 0, 0, 0, 0, 0, 0]
Start Date: 2021-12-17
End Date: 2022-12-08
Sharpe Ratio: 0.092
Annualized Sharpe: 1.461
Sharpe 95% CI: (np.float64(-0.267), np.float64(2.566))
Sortino Ratio: 0.24
CAGR: 0.05
Calmar Ratio: 4.332
Daily Win Rate (%): 0.415
Max Drawdown: 0.012
Profit Factor: 2.066
Expectancy: 0.00113
Average Win: 0.005275
Average Loss: 0.001812
Total Trades: 53
Total Days: 306

Rolling 2 - Variant 1 - atr_0.25_13 - Test Metrics
Contracts: [3, 4, 4, 3, 3, 3, 3, 3, 3, 3, 2, 1, 2, 1, 1, 2, 2, 2, 2, 2, 2, 2, 1, 2, 1, 2, 2, 1, 1, 1, 2, 2, 2, 2, 2, 2, 2, 2, 2, 2, 2, 2, 3, 2, 2, 3, 2, 3, 3, 3, 3, 2, 2, 3, 3, 5, 3, 3, 3, 3, 3, 4, 4, 4, 4, 3, 3, 5, 3, 3, 3, 5, 5, 5, 5, 4, 3, 3, 4, 4, 4, 5, 3, 5, 4, 4, 3, 5, 4, 5, 4, 3, 4, 3, 4, 4, 5, 3, 4, 5, 5, 5, 3, 4, 4, 4, 4, 4, 3, 4, 6, 7, 8, 5, 5, 5, 5, 6, 5, 5, 6, 6, 6, 7, 7, 6, 6, 7, 7, 6, 6, 7, 5, 4, 4, 4, 6, 3, 3, 3, 3, 5, 5, 5, 4, 4, 6, 6, 6, 5, 5, 3, 7, 7, 6, 5, 8, 5, 1, 4, 4, 5, 3, 5, 5, 6, 6, 6, 7, 5, 6, 7, 7, 7, 6, 4, 7, 8, 7, 6, 6, 5, 7, 7]
Trade Returns: [-0.0020416088556433594, -0.002669155107569027, -0.0018304156925357802, 0.007820667355997473, -0.0017345168860320363, -0.0022349839384205087, 0.0005996057023261002, -0.00270040145715483, 0.0020459969005809106, -0.0025124245466155316, -0.002504088307440718, -0.0012870452629900637, 0.00256250749062602, 0.0012182070724320955, 0.003102272338451826, -0.0029944318728844705, -0.0017964820787647474, -0.0020061725460516428, -0.0020102053648665638, -0.0023006413156995377, -0.00259299375002392, -0.0020030429368753677, 0.0008567567826578839, 0.003022129601682529, -0.0016573327005220688, 0.00010724230249222359, 0.0009114618239193819, -0.0017294352169637697, 0.0013197452718733003, -0.0024050899752783577, 0.007088837814297389, -7.619962014504524e-06, 0.005021593231898125, -0.0016831921511688518, -0.002477780667994479, 0.02812461932025825, 0.001101541788237343, 0.010311661460905017, -0.002201479233139211, -0.0021495287712501904, 0.0010653038587062871, -0.0020274439514588786, 0.0035257920150748006, -0.0024388454908864203, 0.00032536166614584457, -0.0004483752827612359, -0.002353187742097978, -0.002082323652063989, -0.0017452039108767814, -0.0019252934504983825, -0.0022246406669487514, -0.0021184910565974157, 0.0034071739941320825, -0.0020048122892773993, 0.003083837919388098, 0.009830754208953489, 0.0021070578097347227, 0.010921716709274259, -0.002168352559271928, -0.0023382682654515437, -0.0017413756320464185, 0.0016348166630743126, 0.0002188355396211201, -0.0031833604690807474, -0.0012437560701697918, 0.0076824325932925855, 0.009257677475165652, -0.002056239047797551, -0.0021716425973277646, 0.001396774065478754, -0.002094040813972768, -0.0008343175390883154, -0.0025050426182575327, 0.00036760578173269823, 0.0015712540163822896, -0.002233897772066519, -0.000608632804221322, -0.0024233262826682334, 0.0005870650011414908, -0.0020076891770109606, -0.001973496164972629, -0.002013881921579001, -0.0017254899093569452, -0.002702569088542097, -0.002098514516102382, -0.0019075447253080473, -0.001828335331061264, 0.002573212032671486, -0.002171037259047063, 0.0011535744248686304, -0.0022218575466636196, 0.0005839588715549455, 0.0008421830270569772, -0.0020593977553302616, 0.0005991235045026471, -0.001951529622223784, 0.004724529310645724, -0.0025552810994374695, -0.0019178785823957974, -0.002475077982543019, -0.002354840629743164, -0.002286359047449375, -0.002781464381180255, -0.0023056073119617922, -0.0025729467698331326, 0.0007026746728993, -0.002260497985453209, -0.0018516357997975256, -0.0015362579552841236, -0.0023188383939310546, -0.0027536218170118964, 0.027033438342126258, 0.009967016824191367, -0.002206451400437998, 0.00758013322991783, 0.009796053553457848, 0.0005766908756690775, 0.0008537310206948329, 0.002065922358750623, -0.0004525601976898599, 0.003823349743073837, -0.002158551515281688, -0.00043766659133064506, 0.008843300589673057, -0.0027891125001334107, -0.0020102815107613404, 0.00041823729068028704, -0.001993836258877129, -0.0026494381579960247, 0.0003643680368460342, 0.0036297933727114304]
Daily Returns: [0, 0, 0, 0, 0, 0, 0, 0, 0, 0, 0, 0, 0, 0, 0, 0, 0, 0, -0.0020416088556433594, 0, 0, -0.002669155107569027, 0, 0, 0, 0, 0, 0.005990251663461692, -0.0017345168860320363, 0, 0, 0, 0, -0.0022349839384205087, 0, -0.00210079575482873, 0, 0, 0, 0, 0, 0.0020459969005809106, -0.0025124245466155316, 0, 0, 0, 0, 0, -0.003791133570430782, 0, 0, 0, 0, 0.00256250749062602, 0, 0, 0, 0, 0.0012182070724320955, 0.00010784046556735561, 0, 0, 0, 0, 0, 0, 0, 0, 0, 0, 0, 0, 0, 0, 0, 0, 0, 0, 0, 0, 0, 0, 0, 0, 0, 0, 0, 0, 0, 0, 0, 0, -0.0017964820787647474, 0, 0, 0, 0, 0, 0, 0, 0, 0, 0, 0, 0, -0.006317019226617745, 0, 0, 0, 0, -0.00259299375002392, 0, 0, 0, 0, 0, 0, -0.0020030429368753677, 0, 0, 0, 0, 0.003878886384340413, 0, -0.0016573327005220688, 0, 0, 0, 0, 0, 0, 0, 0, 0, 0, 0, 0.00010724230249222359, 0, 0.0009114618239193819, 0, 0, 0, 0, 0, 0, 0, 0, 0, 0, 0, 0, 0, 0, 0, 0, 0, 0, 0, 0, 0, 0, 0, 0, 0, 0, 0, 0, -0.0017294352169637697, 0, 0, 0, 0, 0, 0.0013197452718733003, 0, 0, 0, 0, 0, 0, -0.0024050899752783577, 0, 0, 0, 0, 0, 0, 0, 0.007088837814297389, 0, 0, 0, 0, 0, 0, 0, 0, 0, 0, 0, 0, 0, -7.619962014504524e-06, 0, 0.005021593231898125, 0, 0, -0.0016831921511688518, 0, 0, 0, 0, 0, -0.002477780667994479, 0, 0, 0, 0, 0.02812461932025825, 0, 0, 0, 0, 0, 0, 0, 0, 0, 0, 0, 0, 0, 0, 0, 0, 0, 0, 0, 0, 0, 0, 0, 0, 0, 0, 0, 0, 0, 0, 0, 0, 0, 0.001101541788237343, 0, 0.010311661460905017, 0, 0, 0, 0, 0, 0, 0, 0, 0, -0.002201479233139211, 0, 0, 0, 0, 0, 0, 0, 0, 0, 0, 0, 0, 0, 0, -0.0010842249125439032, 0, 0, -0.0020274439514588786, 0, 0.0035257920150748006, 0, 0, 0, 0, 0, 0, 0, 0, -0.0024388454908864203, 0, 0, 0, 0, 0, 0, 0, 0, 0, 0, 0, 0, 0, 0, 0, 0, 0, 0, 0, 0, 0, 0, 0, 0, 0, 0, 0, 0, 0, 0.00032536166614584457, -0.0004483752827612359, 0, 0, -0.002353187742097978, 0, -0.002082323652063989, 0, 0, 0, 0, 0, -0.0017452039108767814, 0, 0, 0, 0, -0.004149934117447134, -0.0021184910565974157, 0, 0, 0.0014023617048546833, 0, 0, 0, 0, 0, 0.003083837919388098, 0, 0, 0, 0, 0, 0, 0, 0, 0.009830754208953489, 0.0021070578097347227, 0, 0, 0, 0, 0, 0, 0, 0, 0, 0, 0.010921716709274259, 0, 0, 0, 0, 0, 0, 0, 0, 0, 0, 0, 0, 0, 0, 0, 0, 0, 0, 0, 0, 0, 0, 0, 0, 0, 0, 0, 0, 0, 0, 0, 0, 0, 0, -0.002168352559271928, -0.0023382682654515437, 0, 0, 0, 0, 0, 0, 0, 0, 0, 0, -0.0017413756320464185, 0.0018536522026954326, 0, 0, -0.004427116539250539, 0, 0, 0, 0, 0, 0, 0, 0, 0.0076824325932925855, 0, 0, 0, 0.009257677475165652, -0.002056239047797551, 0, 0, 0, 0, 0, 0, 0, -0.0021716425973277646, 0, 0.001396774065478754, -0.002094040813972768, -0.0008343175390883154, -0.0025050426182575327, 0, 0, 0, 0, 0, 0, 0, 0, 0, 0, 0, 0, 0, 0, 0, 0, 0, 0, 0, 0, 0, 0, 0, 0, 0, 0, 0, 0, 0, 0, 0, 0, 0, 0, 0.00036760578173269823, 0.0015712540163822896, 0, 0, 0, 0, 0, 0, 0, 0, 0, 0, 0, 0, -0.002233897772066519, 0, 0, 0, -0.000608632804221322, -0.0024233262826682334, 0.0005870650011414908, 0, 0, 0, 0, 0, -0.0020076891770109606, 0, 0, 0, -0.001973496164972629, -0.002013881921579001, 0, 0, 0, 0, 0, 0, 0, 0, -0.0017254899093569452, 0, 0, 0, -0.002702569088542097, 0, 0, 0, 0, 0, 0, 0, 0, 0, 0, 0, 0, 0, 0, 0, 0, 0, 0, 0, 0, 0, 0, 0, 0, 0, 0, 0, 0, 0, 0, 0, 0, 0, 0, 0, 0, 0, 0, -0.002098514516102382, 0, 0, 0, 0, 0, 0, -0.0019075447253080473, 0, 0, -0.001828335331061264, 0, 0, 0, 0, 0, 0, 0, 0, 0, 0.002573212032671486, -0.002171037259047063, 0, 0.0011535744248686304, 0, 0, 0, -0.0022218575466636196, 0, 0.0005839588715549455, 0, 0, 0, 0, 0, 0, 0.0008421830270569772, 0, 0, 0, 0, 0, 0, 0, 0, 0, 0, 0, 0, 0, 0, 0, 0, 0, 0, 0, 0, 0, 0, 0, 0, 0, 0, 0, 0, 0, 0, 0, -0.0020593977553302616, 0.0005991235045026471, 0, 0, 0, 0, 0, 0, 0, 0, 0, 0, 0, 0, 0, 0, 0, 0, -0.001951529622223784, 0, 0, 0, 0, 0, 0, 0, 0, 0.004724529310645724, 0, 0, 0, 0, 0, -0.0025552810994374695, 0, 0, 0, 0, 0, 0, -0.0019178785823957974, 0, 0, 0, 0, 0, 0, -0.002475077982543019, 0, 0, 0, 0, -0.002354840629743164, -0.002286359047449375, 0, 0, 0, 0, 0, 0, 0, 0, 0, 0, 0, 0, 0, 0, 0, 0, 0, 0, 0, 0, 0, 0, 0, 0, 0, 0, 0, 0, 0, 0, 0, 0, 0, -0.002781464381180255, 0, -0.0023056073119617922, -0.0025729467698331326, 0, 0, 0, 0, 0, 0, 0, 0, 0.0007026746728993, 0, 0, 0, 0, 0, 0, 0, 0, -0.002260497985453209, 0, 0, -0.0018516357997975256, 0, 0, 0, 0, 0, 0, 0, -0.0015362579552841236, 0, 0, 0, -0.0023188383939310546, 0, 0, 0, 0, -0.0027536218170118964, 0.027033438342126258, 0, 0, 0, 0, 0, 0, 0, 0, 0, 0, 0, 0, 0, 0, 0, 0, 0, 0, 0, 0, 0, 0, 0, 0, 0, 0, 0, 0, 0, 0, 0, 0, 0, 0, 0, 0, 0, 0.009967016824191367, 0, 0, 0, 0.005373681829479832, 0, 0, 0.009796053553457848, 0, 0, 0.0005766908756690775, 0.0008537310206948329, 0, 0, 0, 0, 0.002065922358750623, 0, 0, 0.003370789545383977, 0, 0, -0.002158551515281688, 0, 0, 0, 0, 0, 0, -0.00043766659133064506, 0, 0, 0, 0, 0, 0, 0, 0, 0.008843300589673057, 0, -0.0027891125001334107, 0, 0, 0, 0, 0, 0, 0, 0, 0, 0, 0, 0, 0, 0, 0, 0, 0, 0, 0, 0, 0, 0, 0, 0, 0, 0, 0, 0, 0, 0, 0, -0.0020102815107613404, 0, 0, 0, 0, 0.00041823729068028704, 0, 0, 0, 0, 0, -0.001993836258877129, 0, 0, 0, 0, 0, 0, 0, 0, 0, 0, 0, 0, 0, -0.0026494381579960247, 0, 0, 0, 0, 0, 0, 0, 0, 0, 0.003994161409557465, 0, 0]
Start Date: 2022-12-09
End Date: 2025-11-06
Sharpe Ratio: 0.033
Annualized Sharpe: 0.53
Sharpe 95% CI: (np.float64(-0.614), np.float64(1.278))
Sortino Ratio: 0.07
CAGR: 0.015
Calmar Ratio: 0.278
Daily Win Rate (%): 0.389
Max Drawdown: 0.053
Profit Factor: 1.333
Expectancy: 0.000416
Average Win: 0.004281
Average Loss: 0.002048
Total Trades: 131
Total Days: 912



Rolling 2 - Variant 2 - atr_0.25_15 - Fit Metrics
Contracts: [3, 4, 4, 3, 3, 3, 3, 3, 3, 3, 2, 1, 2, 1, 1, 2, 2, 2, 2, 2, 2, 2, 1, 2, 1, 2, 2, 1, 1, 1, 2, 2, 2, 2, 2, 2, 2, 2, 2, 2, 2, 2, 3, 2, 2, 3, 2, 3, 4, 3, 3, 2, 2, 3, 3, 5, 3, 3, 3, 3, 3, 4, 4, 4, 4, 3, 3, 5, 3, 3, 4, 5, 5, 5, 5, 4, 3, 3, 4, 4, 4, 5, 3, 5, 4, 4, 3, 5, 4, 5, 4, 3, 4, 3, 4, 4, 5, 3, 4, 5, 5, 5, 3, 4, 4, 4, 4, 4, 4, 4, 6, 7, 8, 5, 5, 5, 5, 6, 5, 5, 6, 7, 7, 7, 7, 6, 6, 7, 7, 6, 6, 7, 5, 4, 4, 4, 6, 3, 3, 3, 3, 5, 5, 5, 4, 4, 6, 6, 6, 5, 5, 3, 7, 7, 7, 5, 8, 5, 2, 4, 4, 5, 3, 5, 5, 6, 6, 6, 7, 5, 6, 7, 7, 7, 6, 4, 7, 8, 7, 6, 7, 5, 7, 7]
Trade Returns: [0.004673999999999995, -0.001879216541883238, 0.004738797709581083, 0.004400826569320462, -0.002021795069428799, -0.0018476601255933607, -0.0017915600261889178, 0.004227560834540777, 0.0009143915733473045, -0.002260161829959899, 0.02581985163692866, -0.0012612643790868524, 0.0016885593343134932, -0.0011281010747761608, 0.004525209541485245, -0.0024082269000089696, 0.005406556553003612, -0.0027774855339295114, -0.0019658723029366905, 0.003159265152611017, -0.0017577368367289645, -0.0027852214462051363, -0.0012569096241434768, -0.0027876261874475628, 0.0014616822140026842, 0.006306644625027586, 0.023040995968114243, -0.001130051858286608, -0.0012254509791372143, 0.00030909454146579456, 0.004179023487694695, 0.006319376167996337, -0.0020546974635114066, -4.1103824524036384e-05, -0.002077696895412624, -0.0018964735336998838, -0.002144158014306902, 0.0007651712070575915, -0.0016513885144243724, -0.0016219226745542523, 0.013414850190159894, 0.0015026296018031513, 0.0011921297155972233, -0.0004117409222254832, -0.0018035001261707895, -0.0022640246849325234, -0.0015872956729425694, -0.0020768412606594375, -0.002737487308268369, 0.002666251666407326, -0.002249628334470924, -0.0017280415029837753, 0.0015170005444680127]
Daily Returns: [0.004673999999999995, 0, 0, 0, 0, 0, 0, 0, 0, 0, 0, 0, 0, 0, -0.001879216541883238, 0.004738797709581083, 0, 0, 0, 0, 0, 0, 0, 0, 0, 0, 0, 0, 0, 0, 0, 0.004400826569320462, -0.002021795069428799, 0, -0.0018476601255933607, 0, 0, 0, 0, 0, 0, -0.0017915600261889178, 0, 0, 0, 0, 0, 0.005141952407888081, -0.002260161829959899, 0, 0, 0, 0, 0, 0.02581985163692866, 0, 0, 0, 0, 0, 0, 0, 0, 0, 0, 0, 0, 0, 0, 0, 0, 0, 0, 0, 0, 0, 0, 0, 0, 0, 0, 0, 0, 0, 0, 0, 0, 0, 0, 0, 0, 0, 0, -0.0012612643790868524, 0, 0, 0, 0, 0.0016885593343134932, -0.0011281010747761608, 0, 0, 0, 0, 0, 0, 0, 0, 0, 0, 0.004525209541485245, 0, 0, -0.0024082269000089696, 0.005406556553003612, 0, -0.0027774855339295114, 0, -0.0019658723029366905, 0.003159265152611017, 0, 0, -0.0017577368367289645, -0.0027852214462051363, 0, 0, -0.0012569096241434768, 0, 0, 0, 0, -0.0027876261874475628, 0, 0, 0, 0, 0, 0, 0, 0, 0, 0, 0, 0, 0, 0, 0, 0, 0, 0, 0, 0, 0, 0, 0.0014616822140026842, 0, 0, 0, 0, 0, 0, 0, 0, 0, 0, 0, 0, 0, 0.006306644625027586, 0, 0, 0.021910944109827635, 0, 0, 0, 0, 0, -0.0012254509791372143, 0, 0, 0, 0, 0.00030909454146579456, 0, 0, 0, 0, 0, 0.004179023487694695, 0.0042646787044849305, -4.1103824524036384e-05, 0, 0, 0, -0.002077696895412624, 0, 0, 0, 0, 0, 0, 0, -0.0032754603409491947, -0.0016513885144243724, 0, 0, -0.0016219226745542523, 0, 0, 0, 0.013414850190159894, 0, 0, 0, 0, 0, 0, 0, 0, 0, 0, 0, 0, 0, 0, 0, 0, 0, 0, 0, 0, 0, 0, 0, 0, 0, 0, 0, 0, 0, 0, 0, 0, 0, 0, 0, 0, 0, 0.0015026296018031513, 0, 0, 0, 0, 0, 0, 0, 0.0011921297155972233, 0, 0, 0, 0, 0, 0, -0.0004117409222254832, 0, 0, -0.0018035001261707895, -0.0038513203578750925, -0.0020768412606594375, 0, 0, 0, 0, -7.123564186104284e-05, 0, 0, 0, 0, 0, 0, -0.002249628334470924, 0, 0, 0, -0.0017280415029837753, 0.0015170005444680127, 0, 0, 0, 0, 0, 0, 0, 0, 0, 0, 0, 0, 0, 0, 0, 0, 0, 0, 0, 0]
Start Date: 2021-12-17
End Date: 2022-12-08
Sharpe Ratio: 0.092
Annualized Sharpe: 1.458
Sharpe 95% CI: (np.float64(-0.255), np.float64(2.511))
Sortino Ratio: 0.246
CAGR: 0.055
Calmar Ratio: 4.516
Daily Win Rate (%): 0.415
Max Drawdown: 0.012
Profit Factor: 2.158
Expectancy: 0.001238
Average Win: 0.005556
Average Loss: 0.001827
Total Trades: 53
Total Days: 306

Rolling 2 - Variant 2 - atr_0.25_15 - Test Metrics
Contracts: [3, 4, 4, 3, 3, 3, 3, 3, 3, 3, 2, 1, 2, 1, 1, 2, 2, 2, 2, 2, 2, 2, 1, 2, 1, 2, 2, 1, 1, 1, 2, 2, 2, 2, 2, 2, 2, 2, 2, 2, 2, 2, 3, 2, 2, 3, 2, 3, 4, 3, 3, 2, 2, 3, 3, 5, 3, 3, 3, 3, 3, 4, 4, 4, 4, 3, 3, 5, 3, 3, 4, 5, 5, 5, 5, 4, 3, 3, 4, 4, 4, 5, 3, 5, 4, 4, 3, 5, 4, 5, 4, 3, 4, 3, 4, 4, 5, 3, 4, 5, 5, 5, 3, 4, 4, 4, 4, 4, 4, 4, 6, 7, 8, 5, 5, 5, 5, 6, 5, 5, 6, 7, 7, 7, 7, 6, 6, 7, 7, 6, 6, 7, 5, 4, 4, 4, 6, 3, 3, 3, 3, 5, 5, 5, 4, 4, 6, 6, 6, 5, 5, 3, 7, 7, 7, 5, 8, 5, 2, 4, 4, 5, 3, 5, 5, 6, 6, 6, 7, 5, 6, 7, 7, 7, 6, 4, 7, 8, 7, 6, 7, 5, 7, 7]
Trade Returns: [-0.002030226568036021, -0.002654243878614832, -0.0018201268607631288, 0.0077766269472336925, -0.001724824699189068, -0.0022224649773421564, 0.0005962410398745347, -0.0026852572963004155, 0.002034491821380701, -0.002498325329509108, -0.0024900717095480964, -0.0012798199946391204, 0.0025480912016132267, 0.0012113710380430962, 0.0030848329048843155, -0.002977648788210017, -0.0017864142068923924, -0.0019959891024670796, -0.0019999810428337167, -0.0022889163263367833, -0.002579748498319831, -0.0019927847448891938, 0.0008523734883242204, 0.0030066214525883133, -0.002197370706254577, 0.00010669410229295971, 0.0009068031189455368, -0.0017206036578054306, 0.0013129780329410438, -0.0023927869390058584, 0.007052536145440663, -7.581213752336836e-06, 0.004996057738961628, -0.0016746754373392272, -0.00246522241784481, 0.03229942108741637, 0.0010915128000513236, 0.010217881292261467, -0.0021816811266462273, -0.002130155593973821, 0.0010557133683786544, -0.0020091320876957043, 0.0034938829695087743, -0.002416850353350791, 0.00032242022831724127, -0.00044432304470543325, -0.002331911110463359, -0.002063452063999884, -0.001729403137005944, -0.0019078319792112108, -0.0022044256958405205, -0.0020991981209974872, 0.0033760798490693644, -0.0019865777715875406, 0.0030558320646445624, 0.009734587818214476, 0.002783806911039379, 0.010815908307792705, -0.002147570572003719, -0.002315809535453643, -0.0017245769368985436, 0.0016190186756969726, 0.00021672424909566126, -0.003152654567647555, -0.0012317211673093964, 0.007608003728737959, 0.009168664549990279, -0.0020364433247009777, -0.002509443855875524, 0.0016145903178221884, -0.0020743406560057706, -0.0008264521945704564, -0.0024814073482599722, 0.00036413078573323753, 0.001556406279417937, -0.002212821114180496, -0.0006028776642796964, -0.0024003978520299256, 0.0005815122189357366, -0.0019886476116432175, -0.0019547416008323885, -0.001994706078975184, -0.0017090272484842346, -0.0026767401077587385, -0.002078404774330338, -0.0018892478500250269, -0.001810765025429123, 0.0025484386018114857, -0.0021501888704037447, 0.0011424968749886057, -0.0022004751565441777, 0.0005783266593949053, 0.0008340649692712911, -0.002039563138734156, 0.0005933413910559032, -0.001932706667838005, 0.004678756057564358, -0.002530587096206321, -0.0018993838896381116, -0.002451164624029481, -0.0027206448499316623, -0.002264214747536381, -0.0027554075799632997, -0.002283948668717889, -0.0025489048020997077, 0.001392117414309397, -0.0022376728202669234, -0.0018328971509998053, -0.0015206465647041665, -0.0022953285398911315, -0.002725597008774363, 0.03088999629958696, 0.009828394841277078, -0.0021760625897670935, 0.007475506594865112, 0.009661844419714901, 0.0005688656286054338, 0.0008421531403961284, 0.0020379289103648226, -0.00044644043474801806, 0.0037716252550012773, -0.0021294591067925524, -0.0004317552443221836, 0.008723806893719368, -0.0027517509946140815, -0.0019832785160078924, 0.0004126081774003647, -0.0022948473450625545, -0.002614582302811031, 0.00035956186589581235, 0.0035819320477567447]
Daily Returns: [0, 0, 0, 0, 0, 0, 0, 0, 0, 0, 0, 0, 0, 0, 0, 0, 0, 0, -0.002030226568036021, 0, 0, -0.002654243878614832, 0, 0, 0, 0, 0, 0.005956500086470563, -0.001724824699189068, 0, 0, 0, 0, -0.0022224649773421564, 0, -0.002089016256425881, 0, 0, 0, 0, 0, 0.002034491821380701, -0.002498325329509108, 0, 0, 0, 0, 0, -0.003769891704187217, 0, 0, 0, 0, 0.0025480912016132267, 0, 0, 0, 0, 0.0012113710380430962, 0.00010718411667429845, 0, 0, 0, 0, 0, 0, 0, 0, 0, 0, 0, 0, 0, 0, 0, 0, 0, 0, 0, 0, 0, 0, 0, 0, 0, 0, 0, 0, 0, 0, 0, 0, -0.0017864142068923924, 0, 0, 0, 0, 0, 0, 0, 0, 0, 0, 0, 0, -0.00628488647163758, 0, 0, 0, 0, -0.002579748498319831, 0, 0, 0, 0, 0, 0, -0.0019927847448891938, 0, 0, 0, 0, 0.003858994940912534, 0, -0.002197370706254577, 0, 0, 0, 0, 0, 0, 0, 0, 0, 0, 0, 0.00010669410229295971, 0, 0.0009068031189455368, 0, 0, 0, 0, 0, 0, 0, 0, 0, 0, 0, 0, 0, 0, 0, 0, 0, 0, 0, 0, 0, 0, 0, 0, 0, 0, 0, 0, -0.0017206036578054306, 0, 0, 0, 0, 0, 0.0013129780329410438, 0, 0, 0, 0, 0, 0, -0.0023927869390058584, 0, 0, 0, 0, 0, 0, 0, 0.007052536145440663, 0, 0, 0, 0, 0, 0, 0, 0, 0, 0, 0, 0, 0, -7.581213752336836e-06, 0, 0.004996057738961628, 0, 0, -0.0016746754373392272, 0, 0, 0, 0, 0, -0.00246522241784481, 0, 0, 0, 0, 0.03229942108741637, 0, 0, 0, 0, 0, 0, 0, 0, 0, 0, 0, 0, 0, 0, 0, 0, 0, 0, 0, 0, 0, 0, 0, 0, 0, 0, 0, 0, 0, 0, 0, 0, 0, 0.0010915128000513236, 0, 0.010217881292261467, 0, 0, 0, 0, 0, 0, 0, 0, 0, -0.0021816811266462273, 0, 0, 0, 0, 0, 0, 0, 0, 0, 0, 0, 0, 0, 0, -0.0010744422255951666, 0, 0, -0.0020091320876957043, 0, 0.0034938829695087743, 0, 0, 0, 0, 0, 0, 0, 0, -0.002416850353350791, 0, 0, 0, 0, 0, 0, 0, 0, 0, 0, 0, 0, 0, 0, 0, 0, 0, 0, 0, 0, 0, 0, 0, 0, 0, 0, 0, 0, 0, 0.00032242022831724127, -0.00044432304470543325, 0, 0, -0.002331911110463359, 0, -0.002063452063999884, 0, 0, 0, 0, 0, -0.001729403137005944, 0, 0, 0, 0, -0.004112257675051731, -0.0020991981209974872, 0, 0, 0.0013895020774818238, 0, 0, 0, 0, 0, 0.0030558320646445624, 0, 0, 0, 0, 0, 0, 0, 0, 0.009734587818214476, 0.002783806911039379, 0, 0, 0, 0, 0, 0, 0, 0, 0, 0, 0.010815908307792705, 0, 0, 0, 0, 0, 0, 0, 0, 0, 0, 0, 0, 0, 0, 0, 0, 0, 0, 0, 0, 0, 0, 0, 0, 0, 0, 0, 0, 0, 0, 0, 0, 0, 0, -0.002147570572003719, -0.002315809535453643, 0, 0, 0, 0, 0, 0, 0, 0, 0, 0, -0.0017245769368985436, 0.001835742924792634, 0, 0, -0.0043843757349569515, 0, 0, 0, 0, 0, 0, 0, 0, 0.007608003728737959, 0, 0, 0, 0.009168664549990279, -0.0020364433247009777, 0, 0, 0, 0, 0, 0, 0, -0.002509443855875524, 0, 0.0016145903178221884, -0.0020743406560057706, -0.0008264521945704564, -0.0024814073482599722, 0, 0, 0, 0, 0, 0, 0, 0, 0, 0, 0, 0, 0, 0, 0, 0, 0, 0, 0, 0, 0, 0, 0, 0, 0, 0, 0, 0, 0, 0, 0, 0, 0, 0, 0.00036413078573323753, 0.001556406279417937, 0, 0, 0, 0, 0, 0, 0, 0, 0, 0, 0, 0, -0.002212821114180496, 0, 0, 0, -0.0006028776642796964, -0.0024003978520299256, 0.0005815122189357366, 0, 0, 0, 0, 0, -0.0019886476116432175, 0, 0, 0, -0.0019547416008323885, -0.001994706078975184, 0, 0, 0, 0, 0, 0, 0, 0, -0.0017090272484842346, 0, 0, 0, -0.0026767401077587385, 0, 0, 0, 0, 0, 0, 0, 0, 0, 0, 0, 0, 0, 0, 0, 0, 0, 0, 0, 0, 0, 0, 0, 0, 0, 0, 0, 0, 0, 0, 0, 0, 0, 0, 0, 0, 0, 0, -0.002078404774330338, 0, 0, 0, 0, 0, 0, -0.0018892478500250269, 0, 0, -0.001810765025429123, 0, 0, 0, 0, 0, 0, 0, 0, 0, 0.0025484386018114857, -0.0021501888704037447, 0, 0.0011424968749886057, 0, 0, 0, -0.0022004751565441777, 0, 0.0005783266593949053, 0, 0, 0, 0, 0, 0, 0.0008340649692712911, 0, 0, 0, 0, 0, 0, 0, 0, 0, 0, 0, 0, 0, 0, 0, 0, 0, 0, 0, 0, 0, 0, 0, 0, 0, 0, 0, 0, 0, 0, 0, -0.002039563138734156, 0.0005933413910559032, 0, 0, 0, 0, 0, 0, 0, 0, 0, 0, 0, 0, 0, 0, 0, 0, -0.001932706667838005, 0, 0, 0, 0, 0, 0, 0, 0, 0.004678756057564358, 0, 0, 0, 0, 0, -0.002530587096206321, 0, 0, 0, 0, 0, 0, -0.0018993838896381116, 0, 0, 0, 0, 0, 0, -0.002451164624029481, 0, 0, 0, 0, -0.0027206448499316623, -0.002264214747536381, 0, 0, 0, 0, 0, 0, 0, 0, 0, 0, 0, 0, 0, 0, 0, 0, 0, 0, 0, 0, 0, 0, 0, 0, 0, 0, 0, 0, 0, 0, 0, 0, 0, -0.0027554075799632997, 0, -0.002283948668717889, -0.0025489048020997077, 0, 0, 0, 0, 0, 0, 0, 0, 0.001392117414309397, 0, 0, 0, 0, 0, 0, 0, 0, -0.0022376728202669234, 0, 0, -0.0018328971509998053, 0, 0, 0, 0, 0, 0, 0, -0.0015206465647041665, 0, 0, 0, -0.0022953285398911315, 0, 0, 0, 0, -0.002725597008774363, 0.03088999629958696, 0, 0, 0, 0, 0, 0, 0, 0, 0, 0, 0, 0, 0, 0, 0, 0, 0, 0, 0, 0, 0, 0, 0, 0, 0, 0, 0, 0, 0, 0, 0, 0, 0, 0, 0, 0, 0, 0.009828394841277078, 0, 0, 0, 0.005299444005098018, 0, 0, 0.009661844419714901, 0, 0, 0.0005688656286054338, 0.0008421531403961284, 0, 0, 0, 0, 0.0020379289103648226, 0, 0, 0.003325184820253259, 0, 0, -0.0021294591067925524, 0, 0, 0, 0, 0, 0, -0.0004317552443221836, 0, 0, 0, 0, 0, 0, 0, 0, 0.008723806893719368, 0, -0.0027517509946140815, 0, 0, 0, 0, 0, 0, 0, 0, 0, 0, 0, 0, 0, 0, 0, 0, 0, 0, 0, 0, 0, 0, 0, 0, 0, 0, 0, 0, 0, 0, 0, -0.0019832785160078924, 0, 0, 0, 0, 0.0004126081774003647, 0, 0, 0, 0, 0, -0.0022948473450625545, 0, 0, 0, 0, 0, 0, 0, 0, 0, 0, 0, 0, 0, -0.002614582302811031, 0, 0, 0, 0, 0, 0, 0, 0, 0, 0.003941493913652557, 0, 0]
Start Date: 2022-12-09
End Date: 2025-11-06
Sharpe Ratio: 0.036
Annualized Sharpe: 0.564
Sharpe 95% CI: (np.float64(-0.588), np.float64(1.275))
Sortino Ratio: 0.08
CAGR: 0.017
Calmar Ratio: 0.323
Daily Win Rate (%): 0.389
Max Drawdown: 0.052
Profit Factor: 1.38
Expectancy: 0.000476
Average Win: 0.004439
Average Loss: 0.00205
Total Trades: 131
Total Days: 912



Rolling 2 - Variant 3 - atr_0.25_3 - Fit Metrics
Contracts: [3, 4, 4, 3, 3, 3, 3, 3, 3, 3, 2, 1, 2, 1, 1, 2, 2, 2, 2, 2, 2, 2, 1, 2, 1, 2, 2, 1, 1, 1, 2, 2, 2, 2, 2, 2, 2, 2, 2, 2, 2, 2, 3, 2, 2, 2, 2, 2, 3, 3, 3, 2, 2, 3, 3, 4, 3, 3, 3, 3, 3, 4, 4, 4, 4, 3, 3, 4, 3, 3, 3, 5, 5, 5, 5, 4, 3, 3, 4, 4, 4, 5, 3, 5, 4, 4, 3, 5, 4, 4, 4, 3, 4, 3, 4, 3, 5, 3, 4, 4, 5, 4, 3, 4, 3, 3, 3, 3, 3, 4, 5, 7, 8, 5, 5, 5, 5, 5, 5, 5, 6, 6, 6, 6, 7, 5, 5, 7, 6, 5, 6, 6, 5, 3, 4, 4, 5, 2, 3, 3, 3, 4, 5, 5, 4, 4, 6, 6, 6, 4, 5, 3, 7, 6, 6, 5, 8, 5, 1, 4, 4, 5, 3, 5, 5, 5, 6, 6, 6, 5, 5, 7, 6, 6, 6, 4, 6, 7, 7, 6, 6, 5, 6, 6]
Trade Returns: [0.004434, -0.0018796655628941276, 0.005178814737677873, 0.007347147770551473, -0.002015481577946731, -0.001841878755813862, -0.0017859438505582316, 0.0042142845820983, 0.0009115320644228621, -0.002253100230435186, 0.00511302794779496, -0.001279156380767416, 0.0017179496251567548, -0.0011441245494765535, 0.0045895589488580656, -0.0024413741338151604, 0.005794405616176083, -0.0028158088663072568, -0.001993150738362886, 0.006314508849731174, -0.001782175896070979, -0.0028237600348497106, -0.0012744165286538165, 0.008248214814248556, 0.0014658452230748155, 0.005722793919240273, 0.004590015846942852, -0.0011547499418782263, -0.0012522650416075154, 0.0003158663115096757, 0.004270550338775188, 0.005421893483183117, -0.0021013811527849013, -4.203968928847824e-05, -0.0021250045385663467, -0.0019397861251622065, -0.002193222519901284, 0.0007826602391334081, -0.0016890694988902304, -0.0016591185114896829, 0.005625700079623508, 0.0015490530263089738, 0.0012289033473259936, -0.00042442630754848423, -0.001859088014046441, -0.0015559579584758494, -0.0016351503589845928, -0.001426371729389215, -0.0021137375615784856, 0.0027432619352150676, -0.0023144273668049904, -0.0017779320452003527, 0.0015608760996642518]
Daily Returns: [0.004434, 0, 0, 0, 0, 0, 0, 0, 0, 0, 0, 0, 0, 0, -0.0018796655628941276, 0.005178814737677873, 0, 0, 0, 0, 0, 0, 0, 0, 0, 0, 0, 0, 0, 0, 0, 0.007347147770551473, -0.002015481577946731, 0, -0.001841878755813862, 0, 0, 0, 0, 0, 0, -0.0017859438505582316, 0, 0, 0, 0, 0, 0.005125816646521161, -0.002253100230435186, 0, 0, 0, 0, 0, 0.00511302794779496, 0, 0, 0, 0, 0, 0, 0, 0, 0, 0, 0, 0, 0, 0, 0, 0, 0, 0, 0, 0, 0, 0, 0, 0, 0, 0, 0, 0, 0, 0, 0, 0, 0, 0, 0, 0, 0, 0, -0.001279156380767416, 0, 0, 0, 0, 0.0017179496251567548, -0.0011441245494765535, 0, 0, 0, 0, 0, 0, 0, 0, 0, 0, 0.0045895589488580656, 0, 0, -0.0024413741338151604, 0.005794405616176083, 0, -0.0028158088663072568, 0, -0.001993150738362886, 0.006314508849731174, 0, 0, -0.001782175896070979, -0.0028237600348497106, 0, 0, -0.0012744165286538165, 0, 0, 0, 0, 0.008248214814248556, 0, 0, 0, 0, 0, 0, 0, 0, 0, 0, 0, 0, 0, 0, 0, 0, 0, 0, 0, 0, 0, 0, 0.0014658452230748155, 0, 0, 0, 0, 0, 0, 0, 0, 0, 0, 0, 0, 0, 0.005722793919240273, 0, 0, 0.0034352659050646255, 0, 0, 0, 0, 0, -0.0012522650416075154, 0, 0, 0, 0, 0.0003158663115096757, 0, 0, 0, 0, 0, 0.004270550338775188, 0.003320512330398216, -4.203968928847824e-05, 0, 0, 0, -0.0021250045385663467, 0, 0, 0, 0, 0, 0, 0, -0.003350348405930082, -0.0016890694988902304, 0, 0, -0.0016591185114896829, 0, 0, 0, 0.005625700079623508, 0, 0, 0, 0, 0, 0, 0, 0, 0, 0, 0, 0, 0, 0, 0, 0, 0, 0, 0, 0, 0, 0, 0, 0, 0, 0, 0, 0, 0, 0, 0, 0, 0, 0, 0, 0, 0, 0.0015490530263089738, 0, 0, 0, 0, 0, 0, 0, 0.0012289033473259936, 0, 0, 0, 0, 0, 0, -0.00042442630754848423, 0, 0, -0.001859088014046441, -0.0031911083174604423, -0.001426371729389215, 0, 0, 0, 0, 0.000629524373636582, 0, 0, 0, 0, 0, 0, -0.0023144273668049904, 0, 0, 0, -0.0017779320452003527, 0.0015608760996642518, 0, 0, 0, 0, 0, 0, 0, 0, 0, 0, 0, 0, 0, 0, 0, 0, 0, 0, 0, 0]
Start Date: 2021-12-17
End Date: 2022-12-08
Sharpe Ratio: 0.091
Annualized Sharpe: 1.44
Sharpe 95% CI: (np.float64(-0.322), np.float64(2.886))
Sortino Ratio: 0.157
CAGR: 0.03
Calmar Ratio: 2.806
Daily Win Rate (%): 0.434
Max Drawdown: 0.011
Profit Factor: 1.695
Expectancy: 0.00069
Average Win: 0.003876
Average Loss: 0.001753
Total Trades: 53
Total Days: 306

Rolling 2 - Variant 3 - atr_0.25_3 - Test Metrics
Contracts: [3, 4, 4, 3, 3, 3, 3, 3, 3, 3, 2, 1, 2, 1, 1, 2, 2, 2, 2, 2, 2, 2, 1, 2, 1, 2, 2, 1, 1, 1, 2, 2, 2, 2, 2, 2, 2, 2, 2, 2, 2, 2, 3, 2, 2, 2, 2, 2, 3, 3, 3, 2, 2, 3, 3, 4, 3, 3, 3, 3, 3, 4, 4, 4, 4, 3, 3, 4, 3, 3, 3, 5, 5, 5, 5, 4, 3, 3, 4, 4, 4, 5, 3, 5, 4, 4, 3, 5, 4, 4, 4, 3, 4, 3, 4, 3, 5, 3, 4, 4, 5, 4, 3, 4, 3, 3, 3, 3, 3, 4, 5, 7, 8, 5, 5, 5, 5, 5, 5, 5, 6, 6, 6, 6, 7, 5, 5, 7, 6, 5, 6, 6, 5, 3, 4, 4, 5, 2, 3, 3, 3, 4, 5, 5, 4, 4, 6, 6, 6, 4, 5, 3, 7, 6, 6, 5, 8, 5, 1, 4, 4, 5, 3, 5, 5, 5, 6, 6, 6, 5, 5, 7, 6, 6, 6, 4, 6, 7, 7, 6, 6, 5, 6, 6]
Trade Returns: [-0.002088854428255659, -0.0027310522378972604, -0.0018722732469067611, 0.006159120348276628, -0.0017771858127140396, -0.001829563734325637, 0.0006144202089806164, -0.002767079526331946, 0.002096656651039177, -0.002574503085903621, -0.0025657982774436633, -0.0013164383934015163, 0.0026259869382980823, 0.0012483059399529916, 0.0031771061468827523, -0.002454659678136632, -0.0018396800353963742, -0.0020545837666460223, -0.0020588137720005217, -0.002356387472231781, -0.002655972213238305, -0.0020518222697399444, 0.0008775994220016549, 0.0030958776773827405, -0.001697258140714947, 0.0001098489380942274, 0.0009336134173585605, -0.0017714271157678561, 0.00135192575625193, -0.00246359087509496, 0.007408848562742332, -7.803035771082261e-06, 0.00588353488081745, -0.0017221550986845288, -0.0025352358935006648, 0.00657525708943596, 0.0009210241169003701, 0.005598385438011799, -0.002311961134473952, -0.002257653503116062, 0.001118826270502193, -0.0021296583865908682, 0.0027779442439332864, -0.0025639740441003537, 0.00034209773558357786, -0.0004714310831515335, -0.001979398023308185, -0.002188628814363603, -0.0018353916954333986, -0.00202497076012049, -0.0017550372289458702, -0.0016705087068938666, 0.0026854773596901404, -0.0015812967411283035, 0.002593293541029739, 0.006795488075823345, 0.0022149839671785007, 0.006120222799277933, -0.0022969537059246833, -0.002477266082996109, -0.0018453749685996416, 0.0017326325367095258, 0.00023190646439273077, -0.0028112139420754696, -0.0013175358205051208, 0.006441161349151691, 0.0061184952434193435, -0.002178775258368041, -0.002310659112637927, 0.0014863948778909399, -0.001909886346421936, 0.007114299492219999, -0.002203340684161129, 0.00038790871342335, 0.0014211437150683035, -0.001964651531855967, -0.0006421576497030218, -0.0021916236374067703, 0.0005162040267737607, -0.002117856307761896, -0.0015615126505572855, -0.002123746720119423, -0.00181982218178173, -0.0023754895826090996, -0.0014751489668149566, -0.002009980190657659, -0.0019267149800634485, 0.0021695516259972883, -0.0022890042443570236, 0.00121559686387641, -0.002342862920159899, 0.0006158367486938099, 0.004588665839564196, -0.002163650287420391, 0.0006295185931424956, -0.002050473492387424, 0.00632747254032911, -0.002148081416955446, -0.0020112848971493244, -0.00259586447917678, -0.0024694873960562336, -0.002055622497386674, -0.0029175841305383626, -0.002418769652503428, -0.00269852226574187, 0.0007372465222267963, -0.002371633373845455, -0.001942886252302736, -0.0016122986857683415, -0.0024333355094870424, -0.0028901389650322997, 0.0064643880943701095, 0.00404769350746003, -0.0023774274500217847, 0.006449764358333419, 0.006761837633435366, 0.0006240578189569544, 0.0007698409450138312, 0.0022356900258623, -0.0004197141280439655, 0.00354574083433776, -0.0023361046326930692, -0.0004737514513492542, 0.006165573025326639, -0.0026488122818398062, -0.002181588707616785, 0.00045395552399854185, -0.002164036276694145, -0.0028760928667067, 0.00033911055588794337, 0.0033782664856092572]
Daily Returns: [0, 0, 0, 0, 0, 0, 0, 0, 0, 0, 0, 0, 0, 0, 0, 0, 0, 0, -0.002088854428255659, 0, 0, -0.0027310522378972604, 0, 0, 0, 0, 0, 0.004286847101369866, -0.0017771858127140396, 0, 0, 0, 0, -0.001829563734325637, 0, -0.0021526593173513296, 0, 0, 0, 0, 0, 0.002096656651039177, -0.002574503085903621, 0, 0, 0, 0, 0, -0.0038822366708451796, 0, 0, 0, 0, 0.0026259869382980823, 0, 0, 0, 0, 0.0012483059399529916, 0.0007224464687461203, 0, 0, 0, 0, 0, 0, 0, 0, 0, 0, 0, 0, 0, 0, 0, 0, 0, 0, 0, 0, 0, 0, 0, 0, 0, 0, 0, 0, 0, 0, 0, 0, -0.0018396800353963742, 0, 0, 0, 0, 0, 0, 0, 0, 0, 0, 0, 0, -0.006469785010878325, 0, 0, 0, 0, -0.002655972213238305, 0, 0, 0, 0, 0, 0, -0.0020518222697399444, 0, 0, 0, 0, 0.003973477099384395, 0, -0.001697258140714947, 0, 0, 0, 0, 0, 0, 0, 0, 0, 0, 0, 0.0001098489380942274, 0, 0.0009336134173585605, 0, 0, 0, 0, 0, 0, 0, 0, 0, 0, 0, 0, 0, 0, 0, 0, 0, 0, 0, 0, 0, 0, 0, 0, 0, 0, 0, 0, -0.0017714271157678561, 0, 0, 0, 0, 0, 0.00135192575625193, 0, 0, 0, 0, 0, 0, -0.00246359087509496, 0, 0, 0, 0, 0, 0, 0, 0.007408848562742332, 0, 0, 0, 0, 0, 0, 0, 0, 0, 0, 0, 0, 0, -7.803035771082261e-06, 0, 0.00588353488081745, 0, 0, -0.0017221550986845288, 0, 0, 0, 0, 0, -0.0025352358935006648, 0, 0, 0, 0, 0.00657525708943596, 0, 0, 0, 0, 0, 0, 0, 0, 0, 0, 0, 0, 0, 0, 0, 0, 0, 0, 0, 0, 0, 0, 0, 0, 0, 0, 0, 0, 0, 0, 0, 0, 0, 0.0009210241169003701, 0, 0.005598385438011799, 0, 0, 0, 0, 0, 0, 0, 0, 0, -0.002311961134473952, 0, 0, 0, 0, 0, 0, 0, 0, 0, 0, 0, 0, 0, 0, -0.001138827232613869, 0, 0, -0.0021296583865908682, 0, 0.0027779442439332864, 0, 0, 0, 0, 0, 0, 0, 0, -0.0025639740441003537, 0, 0, 0, 0, 0, 0, 0, 0, 0, 0, 0, 0, 0, 0, 0, 0, 0, 0, 0, 0, 0, 0, 0, 0, 0, 0, 0, 0, 0, 0.00034209773558357786, -0.0004714310831515335, 0, 0, -0.001979398023308185, 0, -0.002188628814363603, 0, 0, 0, 0, 0, -0.0018353916954333986, 0, 0, 0, 0, -0.0037800079890663602, -0.0016705087068938666, 0, 0, 0.001104180618561837, 0, 0, 0, 0, 0, 0.002593293541029739, 0, 0, 0, 0, 0, 0, 0, 0, 0.006795488075823345, 0.0022149839671785007, 0, 0, 0, 0, 0, 0, 0, 0, 0, 0, 0.006120222799277933, 0, 0, 0, 0, 0, 0, 0, 0, 0, 0, 0, 0, 0, 0, 0, 0, 0, 0, 0, 0, 0, 0, 0, 0, 0, 0, 0, 0, 0, 0, 0, 0, 0, 0, -0.0022969537059246833, -0.002477266082996109, 0, 0, 0, 0, 0, 0, 0, 0, 0, 0, -0.0018453749685996416, 0.0019645390011022567, 0, 0, -0.00412874976258059, 0, 0, 0, 0, 0, 0, 0, 0, 0.006441161349151691, 0, 0, 0, 0.0061184952434193435, -0.002178775258368041, 0, 0, 0, 0, 0, 0, 0, -0.002310659112637927, 0, 0.0014863948778909399, -0.001909886346421936, 0.007114299492219999, -0.002203340684161129, 0, 0, 0, 0, 0, 0, 0, 0, 0, 0, 0, 0, 0, 0, 0, 0, 0, 0, 0, 0, 0, 0, 0, 0, 0, 0, 0, 0, 0, 0, 0, 0, 0, 0, 0.00038790871342335, 0.0014211437150683035, 0, 0, 0, 0, 0, 0, 0, 0, 0, 0, 0, 0, -0.001964651531855967, 0, 0, 0, -0.0006421576497030218, -0.0021916236374067703, 0.0005162040267737607, 0, 0, 0, 0, 0, -0.002117856307761896, 0, 0, 0, -0.0015615126505572855, -0.002123746720119423, 0, 0, 0, 0, 0, 0, 0, 0, -0.00181982218178173, 0, 0, 0, -0.0023754895826090996, 0, 0, 0, 0, 0, 0, 0, 0, 0, 0, 0, 0, 0, 0, 0, 0, 0, 0, 0, 0, 0, 0, 0, 0, 0, 0, 0, 0, 0, 0, 0, 0, 0, 0, 0, 0, 0, 0, -0.0014751489668149566, 0, 0, 0, 0, 0, 0, -0.002009980190657659, 0, 0, -0.0019267149800634485, 0, 0, 0, 0, 0, 0, 0, 0, 0, 0.0021695516259972883, -0.0022890042443570236, 0, 0.00121559686387641, 0, 0, 0, -0.002342862920159899, 0, 0.0006158367486938099, 0, 0, 0, 0, 0, 0, 0.004588665839564196, 0, 0, 0, 0, 0, 0, 0, 0, 0, 0, 0, 0, 0, 0, 0, 0, 0, 0, 0, 0, 0, 0, 0, 0, 0, 0, 0, 0, 0, 0, 0, -0.002163650287420391, 0.0006295185931424956, 0, 0, 0, 0, 0, 0, 0, 0, 0, 0, 0, 0, 0, 0, 0, 0, -0.002050473492387424, 0, 0, 0, 0, 0, 0, 0, 0, 0.00632747254032911, 0, 0, 0, 0, 0, -0.002148081416955446, 0, 0, 0, 0, 0, 0, -0.0020112848971493244, 0, 0, 0, 0, 0, 0, -0.00259586447917678, 0, 0, 0, 0, -0.0024694873960562336, -0.002055622497386674, 0, 0, 0, 0, 0, 0, 0, 0, 0, 0, 0, 0, 0, 0, 0, 0, 0, 0, 0, 0, 0, 0, 0, 0, 0, 0, 0, 0, 0, 0, 0, 0, 0, -0.0029175841305383626, 0, -0.002418769652503428, -0.00269852226574187, 0, 0, 0, 0, 0, 0, 0, 0, 0.0007372465222267963, 0, 0, 0, 0, 0, 0, 0, 0, -0.002371633373845455, 0, 0, -0.001942886252302736, 0, 0, 0, 0, 0, 0, 0, -0.0016122986857683415, 0, 0, 0, -0.0024333355094870424, 0, 0, 0, 0, -0.0028901389650322997, 0.0064643880943701095, 0, 0, 0, 0, 0, 0, 0, 0, 0, 0, 0, 0, 0, 0, 0, 0, 0, 0, 0, 0, 0, 0, 0, 0, 0, 0, 0, 0, 0, 0, 0, 0, 0, 0, 0, 0, 0, 0.00404769350746003, 0, 0, 0, 0.0040723369083116336, 0, 0, 0.006761837633435366, 0, 0, 0.0006240578189569544, 0.0007698409450138312, 0, 0, 0, 0, 0.0022356900258623, 0, 0, 0.0031260267062937943, 0, 0, -0.0023361046326930692, 0, 0, 0, 0, 0, 0, -0.0004737514513492542, 0, 0, 0, 0, 0, 0, 0, 0, 0.006165573025326639, 0, -0.0026488122818398062, 0, 0, 0, 0, 0, 0, 0, 0, 0, 0, 0, 0, 0, 0, 0, 0, 0, 0, 0, 0, 0, 0, 0, 0, 0, 0, 0, 0, 0, 0, 0, -0.002181588707616785, 0, 0, 0, 0, 0.00045395552399854185, 0, 0, 0, 0, 0, -0.002164036276694145, 0, 0, 0, 0, 0, 0, 0, 0, 0, 0, 0, 0, 0, -0.0028760928667067, 0, 0, 0, 0, 0, 0, 0, 0, 0, 0.0037173770414972006, 0, 0]
Start Date: 2022-12-09
End Date: 2025-11-06
Sharpe Ratio: -0.006
Annualized Sharpe: -0.097
Sharpe 95% CI: (np.float64(-1.229), np.float64(0.888))
Sortino Ratio: -0.008
CAGR: -0.002
Calmar Ratio: -0.043
Daily Win Rate (%): 0.397
Max Drawdown: 0.042
Profit Factor: 0.962
Expectancy: -4.7e-05
Average Win: 0.003006
Average Loss: 0.002056
Total Trades: 131
Total Days: 912



Rolling 2 - Variant 4 - atr_0.25_9 - Fit Metrics
Contracts: [3, 4, 4, 3, 3, 3, 3, 3, 3, 3, 2, 1, 2, 1, 1, 2, 2, 2, 2, 2, 2, 2, 1, 2, 1, 2, 2, 1, 1, 1, 2, 2, 2, 2, 2, 2, 2, 2, 2, 2, 2, 2, 3, 2, 2, 2, 2, 2, 3, 3, 3, 2, 2, 3, 3, 5, 3, 3, 3, 3, 3, 4, 4, 4, 4, 3, 3, 5, 3, 3, 3, 5, 5, 5, 5, 4, 3, 3, 4, 4, 4, 5, 3, 5, 4, 4, 3, 5, 4, 5, 4, 3, 4, 3, 4, 3, 5, 3, 4, 4, 5, 4, 3, 4, 4, 4, 4, 4, 3, 4, 5, 7, 8, 5, 5, 5, 5, 5, 5, 5, 6, 6, 6, 7, 7, 6, 6, 7, 7, 5, 6, 6, 5, 3, 4, 4, 5, 3, 3, 3, 3, 4, 5, 5, 4, 4, 6, 6, 6, 5, 5, 3, 7, 6, 6, 5, 8, 5, 1, 4, 4, 5, 3, 5, 5, 6, 6, 6, 6, 5, 5, 7, 7, 6, 6, 4, 7, 7, 7, 6, 6, 5, 6, 6]
Trade Returns: [0.004673999999999995, -0.001879216541883238, 0.004738797709581083, 0.004400826569320462, -0.002021795069428799, -0.0018476601255933607, -0.0017915600261889178, 0.004227560834540777, 0.0009143915733473045, -0.002260161829959899, 0.015474470492872195, -0.0012740511135323263, 0.0017057619232563237, -0.0011395523853787264, 0.004571197174735357, -0.0024324569164079057, 0.005461250893897062, -0.0028054989324806066, -0.001985811744269418, 0.0031913960896630274, -0.0017756006767530386, -0.0028133919004539798, -0.0012697062902146798, -0.002816043244425523, 0.0014766246788243415, 0.006371021045097757, 0.013947722273606975, -0.0011517513903421524, -0.0012490095220188287, 0.00031504412538757, 0.004259437784938737, 0.006440460163994614, -0.0020938150754685426, -4.188800670208106e-05, -0.0021173370297874277, -0.0019327657266396984, -0.0021852695229529827, 0.0007798254567139656, -0.001682962013143131, -0.001653089090379097, 0.013673053059436828, 0.0015311614086684917, 0.001214731169774771, -0.0004195376015299944, -0.0018376653331619174, -0.0015379953026744438, -0.001616244394363631, -0.0014098530104731926, -0.002089223942734712, 0.0027113809356743334, -0.002287602828032355, -0.0017572783151474705, 0.001542711927187047]
Daily Returns: [0.004673999999999995, 0, 0, 0, 0, 0, 0, 0, 0, 0, 0, 0, 0, 0, -0.001879216541883238, 0.004738797709581083, 0, 0, 0, 0, 0, 0, 0, 0, 0, 0, 0, 0, 0, 0, 0, 0.004400826569320462, -0.002021795069428799, 0, -0.0018476601255933607, 0, 0, 0, 0, 0, 0, -0.0017915600261889178, 0, 0, 0, 0, 0, 0.005141952407888081, -0.002260161829959899, 0, 0, 0, 0, 0, 0.015474470492872195, 0, 0, 0, 0, 0, 0, 0, 0, 0, 0, 0, 0, 0, 0, 0, 0, 0, 0, 0, 0, 0, 0, 0, 0, 0, 0, 0, 0, 0, 0, 0, 0, 0, 0, 0, 0, 0, 0, -0.0012740511135323263, 0, 0, 0, 0, 0.0017057619232563237, -0.0011395523853787264, 0, 0, 0, 0, 0, 0, 0, 0, 0, 0, 0.004571197174735357, 0, 0, -0.0024324569164079057, 0.005461250893897062, 0, -0.0028054989324806066, 0, -0.001985811744269418, 0.0031913960896630274, 0, 0, -0.0017756006767530386, -0.0028133919004539798, 0, 0, -0.0012697062902146798, 0, 0, 0, 0, -0.002816043244425523, 0, 0, 0, 0, 0, 0, 0, 0, 0, 0, 0, 0, 0, 0, 0, 0, 0, 0, 0, 0, 0, 0, 0.0014766246788243415, 0, 0, 0, 0, 0, 0, 0, 0, 0, 0, 0, 0, 0, 0.006371021045097757, 0, 0, 0.012795970883264823, 0, 0, 0, 0, 0, -0.0012490095220188287, 0, 0, 0, 0, 0.00031504412538757, 0, 0, 0, 0, 0, 0.004259437784938737, 0.0043466450885260716, -4.188800670208106e-05, 0, 0, 0, -0.0021173370297874277, 0, 0, 0, 0, 0, 0, 0, -0.003338209792878715, -0.001682962013143131, 0, 0, -0.001653089090379097, 0, 0, 0, 0.013673053059436828, 0, 0, 0, 0, 0, 0, 0, 0, 0, 0, 0, 0, 0, 0, 0, 0, 0, 0, 0, 0, 0, 0, 0, 0, 0, 0, 0, 0, 0, 0, 0, 0, 0, 0, 0, 0, 0, 0.0015311614086684917, 0, 0, 0, 0, 0, 0, 0, 0.001214731169774771, 0, 0, 0, 0, 0, 0, -0.0004195376015299944, 0, 0, -0.0018376653331619174, -0.0031542396970380745, -0.0014098530104731926, 0, 0, 0, 0, 0.0006221569929396212, 0, 0, 0, 0, 0, 0, -0.002287602828032355, 0, 0, 0, -0.0017572783151474705, 0.001542711927187047, 0, 0, 0, 0, 0, 0, 0, 0, 0, 0, 0, 0, 0, 0, 0, 0, 0, 0, 0, 0]
Start Date: 2021-12-17
End Date: 2022-12-08
Sharpe Ratio: 0.091
Annualized Sharpe: 1.439
Sharpe 95% CI: (np.float64(-0.316), np.float64(2.657))
Sortino Ratio: 0.207
CAGR: 0.04
Calmar Ratio: 3.935
Daily Win Rate (%): 0.415
Max Drawdown: 0.01
Profit Factor: 1.878
Expectancy: 0.000914
Average Win: 0.00471
Average Loss: 0.00178
Total Trades: 53
Total Days: 306

Rolling 2 - Variant 4 - atr_0.25_9 - Test Metrics
Contracts: [3, 4, 4, 3, 3, 3, 3, 3, 3, 3, 2, 1, 2, 1, 1, 2, 2, 2, 2, 2, 2, 2, 1, 2, 1, 2, 2, 1, 1, 1, 2, 2, 2, 2, 2, 2, 2, 2, 2, 2, 2, 2, 3, 2, 2, 2, 2, 2, 3, 3, 3, 2, 2, 3, 3, 5, 3, 3, 3, 3, 3, 4, 4, 4, 4, 3, 3, 5, 3, 3, 3, 5, 5, 5, 5, 4, 3, 3, 4, 4, 4, 5, 3, 5, 4, 4, 3, 5, 4, 5, 4, 3, 4, 3, 4, 3, 5, 3, 4, 4, 5, 4, 3, 4, 4, 4, 4, 4, 3, 4, 5, 7, 8, 5, 5, 5, 5, 5, 5, 5, 6, 6, 6, 7, 7, 6, 6, 7, 7, 5, 6, 6, 5, 3, 4, 4, 5, 3, 3, 3, 3, 4, 5, 5, 4, 4, 6, 6, 6, 5, 5, 3, 7, 6, 6, 5, 8, 5, 1, 4, 4, 5, 3, 5, 5, 6, 6, 6, 6, 5, 5, 7, 7, 6, 6, 4, 7, 7, 7, 6, 6, 5, 6, 6]
Trade Returns: [-0.0020645835279405043, -0.002699253836837458, -0.0018511861624314918, 0.007909576230057553, -0.0017540809131921008, -0.0022602549490963746, 0.0006063978814453473, -0.0027309723719185445, 0.0020692228106815045, -0.002540886393207925, -0.002532382142781943, -0.0013016308782168992, 0.002591610646575113, 0.001232006847041176, 0.0031374780597620325, -0.003028310873361021, -0.0018168054504163502, -0.0020289476012262143, -0.002033072598999072, -0.0023268657408122583, -0.002622619561451556, -0.002025988542685482, 0.0008665612059740593, 0.0030568195076420275, -0.001676116018715668, 0.00010846848312636052, 0.000921882111419931, -0.0017491887750067233, 0.0013348826002813664, -0.002432608977974712, 0.0071700375869088095, -7.70662422887125e-06, 0.005078704506483205, -0.0017022385971100277, -0.002505866223227555, 0.019666084666575545, 0.0011233006537798163, 0.010515120199742033, -0.00224441784945996, -0.0021915484326598634, 0.0010861045795543516, -0.0020671641092376396, 0.0026962573246447786, -0.0024887817693928496, 0.0003320401899945239, -0.0004575757859895332, -0.001921197145971584, -0.002124151984014347, -0.00178134213231163, -0.0019652319594906215, -0.0022708797395655537, -0.0021626240342390276, 0.003478306996587993, -0.002046522516467522, 0.0025167326932242166, 0.010035263114178522, 0.002150985158769951, 0.009288886230768043, -0.0022165927802406597, -0.0023904042344303593, -0.0017803778129503386, 0.0016714975123634584, 0.00022373742176185488, -0.002712209416120032, -0.001271009031640649, 0.007850982916860073, 0.00945920601348503, -0.0021021965163069067, -0.002218473668042023, 0.0014269622113120932, -0.0021392343308449246, -0.0008523623536270567, -0.002559268484990611, 0.00037557886323562865, 0.0016053204907693817, -0.0019018778735897489, -0.0006216006216006407, -0.002121420796587956, 0.000599805618549519, -0.0020498721844402646, -0.001511284443064729, -0.0020553300815429874, -0.0017610757486437485, -0.0022986701352290828, -0.002141002731042854, -0.0019462037776602813, -0.0018654613494443076, 0.002100448886253912, -0.002216249617321307, 0.001176980734683758, -0.002268231024506308, 0.0005961746716322996, 0.0008597901056259693, -0.0021024155171829153, 0.0006116646718343267, -0.0019923550920143552, 0.00482382152808055, -0.002608843601716545, -0.00195799183226914, -0.0025269468547355223, -0.002403627084662354, -0.0020009095043201463, -0.0028393803739280785, -0.0023537516504965857, -0.002626380277026025, 0.0007173821306632873, -0.002307777824631888, -0.0018904535935909024, -0.001568601725654839, -0.0023675427216347223, -0.002811686567481446, 0.019078422101126306, 0.010257229407100202, -0.002270045005618645, 0.007799102367463323, 0.008637295369668318, 0.0005939024775013307, 0.0007326632401521377, 0.0021278015435828267, -0.0004660866477273468, 0.0033751526590430235, -0.0022240909996237876, -0.0004509849585426851, 0.00911252713602597, -0.0025141005860126603, -0.002070359143933133, 0.00043076232044667555, -0.0020535203337154564, -0.002728910408764967, 0.00032170927465651063, 0.003204968255288485]
Daily Returns: [0, 0, 0, 0, 0, 0, 0, 0, 0, 0, 0, 0, 0, 0, 0, 0, 0, 0, -0.0020645835279405043, 0, 0, -0.002699253836837458, 0, 0, 0, 0, 0, 0.006058390067626061, -0.0017540809131921008, 0, 0, 0, 0, -0.0022602549490963746, 0, -0.0021245744904731974, 0, 0, 0, 0, 0, 0.0020692228106815045, -0.002540886393207925, 0, 0, 0, 0, 0, -0.0038340130209988423, 0, 0, 0, 0, 0.002591610646575113, 0, 0, 0, 0, 0.001232006847041176, 0.00010916718640101167, 0, 0, 0, 0, 0, 0, 0, 0, 0, 0, 0, 0, 0, 0, 0, 0, 0, 0, 0, 0, 0, 0, 0, 0, 0, 0, 0, 0, 0, 0, 0, 0, -0.0018168054504163502, 0, 0, 0, 0, 0, 0, 0, 0, 0, 0, 0, 0, -0.006388885941037545, 0, 0, 0, 0, -0.002622619561451556, 0, 0, 0, 0, 0, 0, -0.002025988542685482, 0, 0, 0, 0, 0.003923380713616087, 0, -0.001676116018715668, 0, 0, 0, 0, 0, 0, 0, 0, 0, 0, 0, 0.00010846848312636052, 0, 0.000921882111419931, 0, 0, 0, 0, 0, 0, 0, 0, 0, 0, 0, 0, 0, 0, 0, 0, 0, 0, 0, 0, 0, 0, 0, 0, 0, 0, 0, 0, -0.0017491887750067233, 0, 0, 0, 0, 0, 0.0013348826002813664, 0, 0, 0, 0, 0, 0, -0.002432608977974712, 0, 0, 0, 0, 0, 0, 0, 0.0071700375869088095, 0, 0, 0, 0, 0, 0, 0, 0, 0, 0, 0, 0, 0, -7.70662422887125e-06, 0, 0.005078704506483205, 0, 0, -0.0017022385971100277, 0, 0, 0, 0, 0, -0.002505866223227555, 0, 0, 0, 0, 0.019666084666575545, 0, 0, 0, 0, 0, 0, 0, 0, 0, 0, 0, 0, 0, 0, 0, 0, 0, 0, 0, 0, 0, 0, 0, 0, 0, 0, 0, 0, 0, 0, 0, 0, 0, 0.0011233006537798163, 0, 0.010515120199742033, 0, 0, 0, 0, 0, 0, 0, 0, 0, -0.00224441784945996, 0, 0, 0, 0, 0, 0, 0, 0, 0, 0, 0, 0, 0, 0, -0.0011054438531055118, 0, 0, -0.0020671641092376396, 0, 0.0026962573246447786, 0, 0, 0, 0, 0, 0, 0, 0, -0.0024887817693928496, 0, 0, 0, 0, 0, 0, 0, 0, 0, 0, 0, 0, 0, 0, 0, 0, 0, 0, 0, 0, 0, 0, 0, 0, 0, 0, 0, 0, 0, 0.0003320401899945239, -0.0004575757859895332, 0, 0, -0.001921197145971584, 0, -0.002124151984014347, 0, 0, 0, 0, 0, -0.00178134213231163, 0, 0, 0, 0, -0.004236111699056175, -0.0021626240342390276, 0, 0, 0.0014317844801204713, 0, 0, 0, 0, 0, 0.0025167326932242166, 0, 0, 0, 0, 0, 0, 0, 0, 0.010035263114178522, 0.002150985158769951, 0, 0, 0, 0, 0, 0, 0, 0, 0, 0, 0.009288886230768043, 0, 0, 0, 0, 0, 0, 0, 0, 0, 0, 0, 0, 0, 0, 0, 0, 0, 0, 0, 0, 0, 0, 0, 0, 0, 0, 0, 0, 0, 0, 0, 0, 0, 0, -0.0022165927802406597, -0.0023904042344303593, 0, 0, 0, 0, 0, 0, 0, 0, 0, 0, -0.0017803778129503386, 0.0018952349341253133, 0, 0, -0.003983218447760681, 0, 0, 0, 0, 0, 0, 0, 0, 0.007850982916860073, 0, 0, 0, 0.00945920601348503, -0.0021021965163069067, 0, 0, 0, 0, 0, 0, 0, -0.002218473668042023, 0, 0.0014269622113120932, -0.0021392343308449246, -0.0008523623536270567, -0.002559268484990611, 0, 0, 0, 0, 0, 0, 0, 0, 0, 0, 0, 0, 0, 0, 0, 0, 0, 0, 0, 0, 0, 0, 0, 0, 0, 0, 0, 0, 0, 0, 0, 0, 0, 0, 0.00037557886323562865, 0.0016053204907693817, 0, 0, 0, 0, 0, 0, 0, 0, 0, 0, 0, 0, -0.0019018778735897489, 0, 0, 0, -0.0006216006216006407, -0.002121420796587956, 0.000599805618549519, 0, 0, 0, 0, 0, -0.0020498721844402646, 0, 0, 0, -0.001511284443064729, -0.0020553300815429874, 0, 0, 0, 0, 0, 0, 0, 0, -0.0017610757486437485, 0, 0, 0, -0.0022986701352290828, 0, 0, 0, 0, 0, 0, 0, 0, 0, 0, 0, 0, 0, 0, 0, 0, 0, 0, 0, 0, 0, 0, 0, 0, 0, 0, 0, 0, 0, 0, 0, 0, 0, 0, 0, 0, 0, 0, -0.002141002731042854, 0, 0, 0, 0, 0, 0, -0.0019462037776602813, 0, 0, -0.0018654613494443076, 0, 0, 0, 0, 0, 0, 0, 0, 0, 0.002100448886253912, -0.002216249617321307, 0, 0.001176980734683758, 0, 0, 0, -0.002268231024506308, 0, 0.0005961746716322996, 0, 0, 0, 0, 0, 0, 0.0008597901056259693, 0, 0, 0, 0, 0, 0, 0, 0, 0, 0, 0, 0, 0, 0, 0, 0, 0, 0, 0, 0, 0, 0, 0, 0, 0, 0, 0, 0, 0, 0, 0, -0.0021024155171829153, 0.0006116646718343267, 0, 0, 0, 0, 0, 0, 0, 0, 0, 0, 0, 0, 0, 0, 0, 0, -0.0019923550920143552, 0, 0, 0, 0, 0, 0, 0, 0, 0.00482382152808055, 0, 0, 0, 0, 0, -0.002608843601716545, 0, 0, 0, 0, 0, 0, -0.00195799183226914, 0, 0, 0, 0, 0, 0, -0.0025269468547355223, 0, 0, 0, 0, -0.002403627084662354, -0.0020009095043201463, 0, 0, 0, 0, 0, 0, 0, 0, 0, 0, 0, 0, 0, 0, 0, 0, 0, 0, 0, 0, 0, 0, 0, 0, 0, 0, 0, 0, 0, 0, 0, 0, 0, -0.0028393803739280785, 0, -0.0023537516504965857, -0.002626380277026025, 0, 0, 0, 0, 0, 0, 0, 0, 0.0007173821306632873, 0, 0, 0, 0, 0, 0, 0, 0, -0.002307777824631888, 0, 0, -0.0018904535935909024, 0, 0, 0, 0, 0, 0, 0, -0.001568601725654839, 0, 0, 0, -0.0023675427216347223, 0, 0, 0, 0, -0.002811686567481446, 0.019078422101126306, 0, 0, 0, 0, 0, 0, 0, 0, 0, 0, 0, 0, 0, 0, 0, 0, 0, 0, 0, 0, 0, 0, 0, 0, 0, 0, 0, 0, 0, 0, 0, 0, 0, 0, 0, 0, 0, 0.010257229407100202, 0, 0, 0, 0.005529057361844678, 0, 0, 0.008637295369668318, 0, 0, 0.0005939024775013307, 0.0007326632401521377, 0, 0, 0, 0, 0.0021278015435828267, 0, 0, 0.0029090660113156768, 0, 0, -0.0022240909996237876, 0, 0, 0, 0, 0, 0, -0.0004509849585426851, 0, 0, 0, 0, 0, 0, 0, 0, 0.00911252713602597, 0, -0.0025141005860126603, 0, 0, 0, 0, 0, 0, 0, 0, 0, 0, 0, 0, 0, 0, 0, 0, 0, 0, 0, 0, 0, 0, 0, 0, 0, 0, 0, 0, 0, 0, 0, -0.002070359143933133, 0, 0, 0, 0, 0.00043076232044667555, 0, 0, 0, 0, 0, -0.0020535203337154564, 0, 0, 0, 0, 0, 0, 0, 0, 0, 0, 0, 0, 0, -0.002728910408764967, 0, 0, 0, 0, 0, 0, 0, 0, 0, 0.0035266775299449956, 0, 0]
Start Date: 2022-12-09
End Date: 2025-11-06
Sharpe Ratio: 0.025
Annualized Sharpe: 0.403
Sharpe 95% CI: (np.float64(-0.708), np.float64(1.231))
Sortino Ratio: 0.045
CAGR: 0.009
Calmar Ratio: 0.18
Daily Win Rate (%): 0.389
Max Drawdown: 0.053
Profit Factor: 1.215
Expectancy: 0.000269
Average Win: 0.003897
Average Loss: 0.002044
Total Trades: 131
Total Days: 912



Rolling 3 - Variant 0 - atr_0.25_15 - Fit Metrics
Contracts: [3, 4, 4, 3, 3, 3, 3, 3, 3, 3, 2, 1, 2, 1, 1, 2, 2, 2, 2, 2, 2, 2, 1, 2, 1, 2, 2, 1, 1, 1, 2, 2, 2, 2, 2, 2, 2, 2, 2, 2, 2, 2, 3, 2, 2, 3, 2, 3, 4, 3, 3, 2, 2, 3, 3, 5, 3, 3, 3, 3, 3, 4, 4, 4, 4, 3, 3, 5, 3, 3, 4, 5, 5, 5, 5, 4, 3, 3, 4, 4, 4, 5, 3, 5, 4, 4, 3, 5, 4, 5, 4, 3, 4, 3, 4, 4, 5, 3, 4, 5, 5, 5, 3, 4, 4, 4, 4, 4, 4, 4, 6, 7, 8, 5, 5, 5, 5, 6, 5, 5, 6, 7, 7, 7, 7, 6, 6, 7, 7, 6, 6, 7, 5, 4, 4, 4, 6, 3, 3, 3, 3, 5, 5, 5, 4, 4, 6, 6, 6, 5, 5, 3, 7, 7, 7, 5, 8, 5, 2, 4, 4, 5, 3, 5, 5, 6, 6, 6, 7, 5, 6, 7, 7, 7, 6, 4, 7, 8, 7, 6, 7, 5, 7, 7]
Trade Returns: [0.004673999999999995, -0.001879216541883238, 0.004738797709581083, 0.004400826569320462, -0.002021795069428799, -0.0018476601255933607, -0.0017915600261889178, 0.004227560834540777, 0.0009143915733473045, -0.002260161829959899, 0.02581985163692866, -0.0012612643790868524, 0.0016885593343134932, -0.0011281010747761608, 0.004525209541485245, -0.0024082269000089696, 0.005406556553003612, -0.0027774855339295114, -0.0019658723029366905, 0.003159265152611017, -0.0017577368367289645, -0.0027852214462051363, -0.0012569096241434768, -0.0027876261874475628, 0.0014616822140026842, 0.006306644625027586, 0.023040995968114243, -0.001130051858286608, -0.0012254509791372143, 0.00030909454146579456, 0.004179023487694695, 0.006319376167996337, -0.0020546974635114066, -4.1103824524036384e-05, -0.002077696895412624, -0.0018964735336998838, -0.002144158014306902, 0.0007651712070575915, -0.0016513885144243724, -0.0016219226745542523, 0.013414850190159894, 0.0015026296018031513, 0.0011921297155972233, -0.0004117409222254832, -0.0018035001261707895, -0.0022640246849325234, -0.0015872956729425694, -0.0020768412606594375, -0.002737487308268369, 0.002666251666407326, -0.002249628334470924, -0.0017280415029837753, 0.0015170005444680127, -0.002030226568036021, -0.002654243878614832, -0.0018201268607631288, 0.0077766269472336925, -0.001724824699189068, -0.0022224649773421564, 0.0005962410398745347, -0.0026852572963004155, 0.002034491821380701, -0.002498325329509108, -0.0024900717095480964, -0.0012798199946391204, 0.0025480912016132267, 0.0012113710380430962, 0.0030848329048843155, -0.002977648788210017, -0.0017864142068923924]
Daily Returns: [0.004673999999999995, 0, 0, 0, 0, 0, 0, 0, 0, 0, 0, 0, 0, 0, -0.001879216541883238, 0.004738797709581083, 0, 0, 0, 0, 0, 0, 0, 0, 0, 0, 0, 0, 0, 0, 0, 0.004400826569320462, -0.002021795069428799, 0, -0.0018476601255933607, 0, 0, 0, 0, 0, 0, -0.0017915600261889178, 0, 0, 0, 0, 0, 0.005141952407888081, -0.002260161829959899, 0, 0, 0, 0, 0, 0.02581985163692866, 0, 0, 0, 0, 0, 0, 0, 0, 0, 0, 0, 0, 0, 0, 0, 0, 0, 0, 0, 0, 0, 0, 0, 0, 0, 0, 0, 0, 0, 0, 0, 0, 0, 0, 0, 0, 0, 0, -0.0012612643790868524, 0, 0, 0, 0, 0.0016885593343134932, -0.0011281010747761608, 0, 0, 0, 0, 0, 0, 0, 0, 0, 0, 0.004525209541485245, 0, 0, -0.0024082269000089696, 0.005406556553003612, 0, -0.0027774855339295114, 0, -0.0019658723029366905, 0.003159265152611017, 0, 0, -0.0017577368367289645, -0.0027852214462051363, 0, 0, -0.0012569096241434768, 0, 0, 0, 0, -0.0027876261874475628, 0, 0, 0, 0, 0, 0, 0, 0, 0, 0, 0, 0, 0, 0, 0, 0, 0, 0, 0, 0, 0, 0, 0.0014616822140026842, 0, 0, 0, 0, 0, 0, 0, 0, 0, 0, 0, 0, 0, 0.006306644625027586, 0, 0, 0.021910944109827635, 0, 0, 0, 0, 0, -0.0012254509791372143, 0, 0, 0, 0, 0.00030909454146579456, 0, 0, 0, 0, 0, 0.004179023487694695, 0.0042646787044849305, -4.1103824524036384e-05, 0, 0, 0, -0.002077696895412624, 0, 0, 0, 0, 0, 0, 0, -0.0032754603409491947, -0.0016513885144243724, 0, 0, -0.0016219226745542523, 0, 0, 0, 0.013414850190159894, 0, 0, 0, 0, 0, 0, 0, 0, 0, 0, 0, 0, 0, 0, 0, 0, 0, 0, 0, 0, 0, 0, 0, 0, 0, 0, 0, 0, 0, 0, 0, 0, 0, 0, 0, 0, 0, 0.0015026296018031513, 0, 0, 0, 0, 0, 0, 0, 0.0011921297155972233, 0, 0, 0, 0, 0, 0, -0.0004117409222254832, 0, 0, -0.0018035001261707895, -0.0038513203578750925, -0.0020768412606594375, 0, 0, 0, 0, -7.123564186104284e-05, 0, 0, 0, 0, 0, 0, -0.002249628334470924, 0, 0, 0, -0.0017280415029837753, 0.0015170005444680127, 0, 0, 0, 0, 0, 0, 0, 0, 0, 0, 0, 0, 0, 0, 0, 0, 0, 0, 0, 0, 0, 0, 0, 0, 0, 0, 0, 0, 0, 0, 0, 0, 0, 0, 0, 0, 0, 0, -0.002030226568036021, 0, 0, -0.002654243878614832, 0, 0, 0, 0, 0, 0.005956500086470563, -0.001724824699189068, 0, 0, 0, 0, -0.0022224649773421564, 0, -0.002089016256425881, 0, 0, 0, 0, 0, 0.002034491821380701, -0.002498325329509108, 0, 0, 0, 0, 0, -0.003769891704187217, 0, 0, 0, 0, 0.0025480912016132267, 0, 0, 0, 0, 0.0012113710380430962, 0.00010718411667429845, 0, 0, 0, 0, 0, 0, 0, 0, 0, 0, 0, 0, 0, 0, 0, 0, 0, 0, 0, 0, 0, 0, 0, 0, 0, 0, 0, 0, 0, 0, 0, 0, -0.0017864142068923924, 0, 0, 0, 0, 0, 0, 0, 0, 0]
Start Date: 2021-12-17
End Date: 2023-04-06
Sharpe Ratio: 0.069
Annualized Sharpe: 1.097
Sharpe 95% CI: (np.float64(-0.453), np.float64(2.049))
Sortino Ratio: 0.17
CAGR: 0.036
Calmar Ratio: 1.86
Daily Win Rate (%): 0.4
Max Drawdown: 0.02
Profit Factor: 1.726
Expectancy: 0.000838
Average Win: 0.004981
Average Loss: 0.001924
Total Trades: 70
Total Days: 408

Rolling 3 - Variant 0 - atr_0.25_15 - Test Metrics
Contracts: [3, 4, 4, 3, 3, 3, 3, 3, 3, 3, 2, 1, 2, 1, 1, 2, 2, 2, 2, 2, 2, 2, 1, 2, 1, 2, 2, 1, 1, 1, 2, 2, 2, 2, 2, 2, 2, 2, 2, 2, 2, 2, 3, 2, 2, 3, 2, 3, 4, 3, 3, 2, 2, 3, 3, 5, 3, 3, 3, 3, 3, 4, 4, 4, 4, 3, 3, 5, 3, 3, 4, 5, 5, 5, 5, 4, 3, 3, 4, 4, 4, 5, 3, 5, 4, 4, 3, 5, 4, 5, 4, 3, 4, 3, 4, 4, 5, 3, 4, 5, 5, 5, 3, 4, 4, 4, 4, 4, 4, 4, 6, 7, 8, 5, 5, 5, 5, 6, 5, 5, 6, 7, 7, 7, 7, 6, 6, 7, 7, 6, 6, 7, 5, 4, 4, 4, 6, 3, 3, 3, 3, 5, 5, 5, 4, 4, 6, 6, 6, 5, 5, 3, 7, 7, 7, 5, 8, 5, 2, 4, 4, 5, 3, 5, 5, 6, 6, 6, 7, 5, 6, 7, 7, 7, 6, 4, 7, 8, 7, 6, 7, 5, 7, 7]
Trade Returns: [-0.0019959891024670796, -0.0019999810428337167, -0.0022889163263367833, -0.002579748498319831, -0.0019927847448891938, 0.0008523734883242204, 0.0030066214525883133, -0.002197370706254577, 0.00010669410229295971, 0.0009068031189455368, -0.0017206036578054306, 0.0013129780329410438, -0.0023927869390058584, 0.007052536145440663, -7.581213752336836e-06, 0.004996057738961628, -0.0016746754373392272, -0.00246522241784481, 0.03229942108741637, 0.0010915128000513236, 0.010217881292261467, -0.0021816811266462273, -0.002130155593973821, 0.0010557133683786544, -0.0020091320876957043, 0.0034938829695087743, -0.002416850353350791, 0.00032242022831724127, -0.00044432304470543325, -0.002331911110463359, -0.002063452063999884, -0.001729403137005944, -0.0019078319792112108, -0.0022044256958405205, -0.0020991981209974872, 0.0033760798490693644, -0.0019865777715875406, 0.0030558320646445624, 0.009734587818214476, 0.002783806911039379, 0.010815908307792705, -0.002147570572003719, -0.002315809535453643, -0.0017245769368985436, 0.0016190186756969726, 0.00021672424909566126, -0.003152654567647555, -0.0012317211673093964, 0.007608003728737959, 0.009168664549990279, -0.0020364433247009777, -0.002509443855875524, 0.0016145903178221884, -0.0020743406560057706, -0.0008264521945704564, -0.0024814073482599722, 0.00036413078573323753, 0.001556406279417937, -0.002212821114180496, -0.0006028776642796964, -0.0024003978520299256, 0.0005815122189357366, -0.0019886476116432175, -0.0019547416008323885, -0.001994706078975184, -0.0017090272484842346, -0.0026767401077587385, -0.002078404774330338, -0.0018892478500250269, -0.001810765025429123, 0.0025484386018114857, -0.0021501888704037447, 0.0011424968749886057, -0.0022004751565441777, 0.0005783266593949053, 0.0008340649692712911, -0.002039563138734156, 0.0005933413910559032, -0.001932706667838005, 0.004678756057564358, -0.002530587096206321, -0.0018993838896381116, -0.002451164624029481, -0.0027206448499316623, -0.002264214747536381, -0.0027554075799632997, -0.002283948668717889, -0.0025489048020997077, 0.001392117414309397, -0.0022376728202669234, -0.0018328971509998053, -0.0015206465647041665, -0.0022953285398911315, -0.002725597008774363, 0.03088999629958696, 0.009828394841277078, -0.0021760625897670935, 0.007475506594865112, 0.009661844419714901, 0.0005688656286054338, 0.0008421531403961284, 0.0020379289103648226, -0.00044644043474801806, 0.0037716252550012773, -0.0021294591067925524, -0.0004317552443221836, 0.008723806893719368, -0.0027517509946140815, -0.0019832785160078924, 0.0004126081774003647, -0.0022948473450625545, -0.002614582302811031, 0.00035956186589581235, 0.0035819320477567447]
Daily Returns: [0, 0, 0, -0.00628488647163758, 0, 0, 0, 0, -0.002579748498319831, 0, 0, 0, 0, 0, 0, -0.0019927847448891938, 0, 0, 0, 0, 0.003858994940912534, 0, -0.002197370706254577, 0, 0, 0, 0, 0, 0, 0, 0, 0, 0, 0, 0.00010669410229295971, 0, 0.0009068031189455368, 0, 0, 0, 0, 0, 0, 0, 0, 0, 0, 0, 0, 0, 0, 0, 0, 0, 0, 0, 0, 0, 0, 0, 0, 0, 0, 0, 0, -0.0017206036578054306, 0, 0, 0, 0, 0, 0.0013129780329410438, 0, 0, 0, 0, 0, 0, -0.0023927869390058584, 0, 0, 0, 0, 0, 0, 0, 0.007052536145440663, 0, 0, 0, 0, 0, 0, 0, 0, 0, 0, 0, 0, 0, -7.581213752336836e-06, 0, 0.004996057738961628, 0, 0, -0.0016746754373392272, 0, 0, 0, 0, 0, -0.00246522241784481, 0, 0, 0, 0, 0.03229942108741637, 0, 0, 0, 0, 0, 0, 0, 0, 0, 0, 0, 0, 0, 0, 0, 0, 0, 0, 0, 0, 0, 0, 0, 0, 0, 0, 0, 0, 0, 0, 0, 0, 0, 0.0010915128000513236, 0, 0.010217881292261467, 0, 0, 0, 0, 0, 0, 0, 0, 0, -0.0021816811266462273, 0, 0, 0, 0, 0, 0, 0, 0, 0, 0, 0, 0, 0, 0, -0.0010744422255951666, 0, 0, -0.0020091320876957043, 0, 0.0034938829695087743, 0, 0, 0, 0, 0, 0, 0, 0, -0.002416850353350791, 0, 0, 0, 0, 0, 0, 0, 0, 0, 0, 0, 0, 0, 0, 0, 0, 0, 0, 0, 0, 0, 0, 0, 0, 0, 0, 0, 0, 0, 0.00032242022831724127, -0.00044432304470543325, 0, 0, -0.002331911110463359, 0, -0.002063452063999884, 0, 0, 0, 0, 0, -0.001729403137005944, 0, 0, 0, 0, -0.004112257675051731, -0.0020991981209974872, 0, 0, 0.0013895020774818238, 0, 0, 0, 0, 0, 0.0030558320646445624, 0, 0, 0, 0, 0, 0, 0, 0, 0.009734587818214476, 0.002783806911039379, 0, 0, 0, 0, 0, 0, 0, 0, 0, 0, 0.010815908307792705, 0, 0, 0, 0, 0, 0, 0, 0, 0, 0, 0, 0, 0, 0, 0, 0, 0, 0, 0, 0, 0, 0, 0, 0, 0, 0, 0, 0, 0, 0, 0, 0, 0, 0, -0.002147570572003719, -0.002315809535453643, 0, 0, 0, 0, 0, 0, 0, 0, 0, 0, -0.0017245769368985436, 0.001835742924792634, 0, 0, -0.0043843757349569515, 0, 0, 0, 0, 0, 0, 0, 0, 0.007608003728737959, 0, 0, 0, 0.009168664549990279, -0.0020364433247009777, 0, 0, 0, 0, 0, 0, 0, -0.002509443855875524, 0, 0.0016145903178221884, -0.0020743406560057706, -0.0008264521945704564, -0.0024814073482599722, 0, 0, 0, 0, 0, 0, 0, 0, 0, 0, 0, 0, 0, 0, 0, 0, 0, 0, 0, 0, 0, 0, 0, 0, 0, 0, 0, 0, 0, 0, 0, 0, 0, 0, 0.00036413078573323753, 0.001556406279417937, 0, 0, 0, 0, 0, 0, 0, 0, 0, 0, 0, 0, -0.002212821114180496, 0, 0, 0, -0.0006028776642796964, -0.0024003978520299256, 0.0005815122189357366, 0, 0, 0, 0, 0, -0.0019886476116432175, 0, 0, 0, -0.0019547416008323885, -0.001994706078975184, 0, 0, 0, 0, 0, 0, 0, 0, -0.0017090272484842346, 0, 0, 0, -0.0026767401077587385, 0, 0, 0, 0, 0, 0, 0, 0, 0, 0, 0, 0, 0, 0, 0, 0, 0, 0, 0, 0, 0, 0, 0, 0, 0, 0, 0, 0, 0, 0, 0, 0, 0, 0, 0, 0, 0, 0, -0.002078404774330338, 0, 0, 0, 0, 0, 0, -0.0018892478500250269, 0, 0, -0.001810765025429123, 0, 0, 0, 0, 0, 0, 0, 0, 0, 0.0025484386018114857, -0.0021501888704037447, 0, 0.0011424968749886057, 0, 0, 0, -0.0022004751565441777, 0, 0.0005783266593949053, 0, 0, 0, 0, 0, 0, 0.0008340649692712911, 0, 0, 0, 0, 0, 0, 0, 0, 0, 0, 0, 0, 0, 0, 0, 0, 0, 0, 0, 0, 0, 0, 0, 0, 0, 0, 0, 0, 0, 0, 0, -0.002039563138734156, 0.0005933413910559032, 0, 0, 0, 0, 0, 0, 0, 0, 0, 0, 0, 0, 0, 0, 0, 0, -0.001932706667838005, 0, 0, 0, 0, 0, 0, 0, 0, 0.004678756057564358, 0, 0, 0, 0, 0, -0.002530587096206321, 0, 0, 0, 0, 0, 0, -0.0018993838896381116, 0, 0, 0, 0, 0, 0, -0.002451164624029481, 0, 0, 0, 0, -0.0027206448499316623, -0.002264214747536381, 0, 0, 0, 0, 0, 0, 0, 0, 0, 0, 0, 0, 0, 0, 0, 0, 0, 0, 0, 0, 0, 0, 0, 0, 0, 0, 0, 0, 0, 0, 0, 0, 0, -0.0027554075799632997, 0, -0.002283948668717889, -0.0025489048020997077, 0, 0, 0, 0, 0, 0, 0, 0, 0.001392117414309397, 0, 0, 0, 0, 0, 0, 0, 0, -0.0022376728202669234, 0, 0, -0.0018328971509998053, 0, 0, 0, 0, 0, 0, 0, -0.0015206465647041665, 0, 0, 0, -0.0022953285398911315, 0, 0, 0, 0, -0.002725597008774363, 0.03088999629958696, 0, 0, 0, 0, 0, 0, 0, 0, 0, 0, 0, 0, 0, 0, 0, 0, 0, 0, 0, 0, 0, 0, 0, 0, 0, 0, 0, 0, 0, 0, 0, 0, 0, 0, 0, 0, 0, 0.009828394841277078, 0, 0, 0, 0.005299444005098018, 0, 0, 0.009661844419714901, 0, 0, 0.0005688656286054338, 0.0008421531403961284, 0, 0, 0, 0, 0.0020379289103648226, 0, 0, 0.003325184820253259, 0, 0, -0.0021294591067925524, 0, 0, 0, 0, 0, 0, -0.0004317552443221836, 0, 0, 0, 0, 0, 0, 0, 0, 0.008723806893719368, 0, -0.0027517509946140815, 0, 0, 0, 0, 0, 0, 0, 0, 0, 0, 0, 0, 0, 0, 0, 0, 0, 0, 0, 0, 0, 0, 0, 0, 0, 0, 0, 0, 0, 0, 0, -0.0019832785160078924, 0, 0, 0, 0, 0.0004126081774003647, 0, 0, 0, 0, 0, -0.0022948473450625545, 0, 0, 0, 0, 0, 0, 0, 0, 0, 0, 0, 0, 0, -0.002614582302811031, 0, 0, 0, 0, 0, 0, 0, 0, 0, 0.003941493913652557, 0, 0]
Start Date: 2023-04-07
End Date: 2025-11-06
Sharpe Ratio: 0.042
Annualized Sharpe: 0.674
Sharpe 95% CI: (np.float64(-0.504), np.float64(1.436))
Sortino Ratio: 0.098
CAGR: 0.021
Calmar Ratio: 0.406
Daily Win Rate (%): 0.395
Max Drawdown: 0.052
Profit Factor: 1.495
Expectancy: 0.000608
Average Win: 0.004647
Average Loss: 0.002027
Total Trades: 114
Total Days: 810



Rolling 3 - Variant 1 - atr_0.25_13 - Fit Metrics
Contracts: [3, 4, 4, 3, 3, 3, 3, 3, 3, 3, 2, 1, 2, 1, 1, 2, 2, 2, 2, 2, 2, 2, 1, 2, 1, 2, 2, 1, 1, 1, 2, 2, 2, 2, 2, 2, 2, 2, 2, 2, 2, 2, 3, 2, 2, 3, 2, 3, 3, 3, 3, 2, 2, 3, 3, 5, 3, 3, 3, 3, 3, 4, 4, 4, 4, 3, 3, 5, 3, 3, 3, 5, 5, 5, 5, 4, 3, 3, 4, 4, 4, 5, 3, 5, 4, 4, 3, 5, 4, 5, 4, 3, 4, 3, 4, 4, 5, 3, 4, 5, 5, 5, 3, 4, 4, 4, 4, 4, 3, 4, 6, 7, 8, 5, 5, 5, 5, 6, 5, 5, 6, 6, 6, 7, 7, 6, 6, 7, 7, 6, 6, 7, 5, 4, 4, 4, 6, 3, 3, 3, 3, 5, 5, 5, 4, 4, 6, 6, 6, 5, 5, 3, 7, 7, 6, 5, 8, 5, 1, 4, 4, 5, 3, 5, 5, 6, 6, 6, 7, 5, 6, 7, 7, 7, 6, 4, 7, 8, 7, 6, 6, 5, 7, 7]
Trade Returns: [0.004673999999999995, -0.001879216541883238, 0.004738797709581083, 0.004400826569320462, -0.002021795069428799, -0.0018476601255933607, -0.0017915600261889178, 0.004227560834540777, 0.0009143915733473045, -0.002260161829959899, 0.022371391255576505, -0.001265498010120126, 0.0016942548477206036, -0.0011318925204310466, 0.004540435595622755, -0.002416249758279294, 0.005424665867147642, -0.0027867609661539057, -0.001972474142639603, 0.003169903335365317, -0.0017636513771757724, -0.0027945487054041418, -0.00126114642278045, -0.0027970346002102625, 0.0014666293201375609, 0.006327958388526548, 0.02003026349311737, -0.0011371936105234873, -0.001233204456206087, 0.00031105260961760296, 0.004205488750602019, 0.006359228433756778, -0.002067573246878001, -4.1361935738592554e-05, -0.002090744320019252, -0.0019084185395695109, -0.0021576888922478117, 0.0007699943760214816, -0.0016617805545297642, -0.0016321800775569548, 0.013499827411591076, 0.0015120213180035288, 0.0011995695002914913, -0.00041430741610275326, -0.0018147464955975581, -0.0022781684872063427, -0.0015972344597710618, -0.0020898661208855157, -0.0020660185113753307, 0.002681202732488783, -0.002262209443361081, -0.0017377275348770575, 0.001525518449710751, -0.0020416088556433594, -0.002669155107569027, -0.0018304156925357802, 0.007820667355997473, -0.0017345168860320363, -0.0022349839384205087, 0.0005996057023261002, -0.00270040145715483, 0.0020459969005809106, -0.0025124245466155316, -0.002504088307440718, -0.0012870452629900637, 0.00256250749062602, 0.0012182070724320955, 0.003102272338451826, -0.0029944318728844705, -0.0017964820787647474]
Daily Returns: [0.004673999999999995, 0, 0, 0, 0, 0, 0, 0, 0, 0, 0, 0, 0, 0, -0.001879216541883238, 0.004738797709581083, 0, 0, 0, 0, 0, 0, 0, 0, 0, 0, 0, 0, 0, 0, 0, 0.004400826569320462, -0.002021795069428799, 0, -0.0018476601255933607, 0, 0, 0, 0, 0, 0, -0.0017915600261889178, 0, 0, 0, 0, 0, 0.005141952407888081, -0.002260161829959899, 0, 0, 0, 0, 0, 0.022371391255576505, 0, 0, 0, 0, 0, 0, 0, 0, 0, 0, 0, 0, 0, 0, 0, 0, 0, 0, 0, 0, 0, 0, 0, 0, 0, 0, 0, 0, 0, 0, 0, 0, 0, 0, 0, 0, 0, 0, -0.001265498010120126, 0, 0, 0, 0, 0.0016942548477206036, -0.0011318925204310466, 0, 0, 0, 0, 0, 0, 0, 0, 0, 0, 0.004540435595622755, 0, 0, -0.002416249758279294, 0.005424665867147642, 0, -0.0027867609661539057, 0, -0.001972474142639603, 0.003169903335365317, 0, 0, -0.0017636513771757724, -0.0027945487054041418, 0, 0, -0.00126114642278045, 0, 0, 0, 0, -0.0027970346002102625, 0, 0, 0, 0, 0, 0, 0, 0, 0, 0, 0, 0, 0, 0, 0, 0, 0, 0, 0, 0, 0, 0, 0.0014666293201375609, 0, 0, 0, 0, 0, 0, 0, 0, 0, 0, 0, 0, 0, 0.006327958388526548, 0, 0, 0.018893069882593882, 0, 0, 0, 0, 0, -0.001233204456206087, 0, 0, 0, 0, 0.00031105260961760296, 0, 0, 0, 0, 0, 0.004205488750602019, 0.0042916551868787765, -4.1361935738592554e-05, 0, 0, 0, -0.002090744320019252, 0, 0, 0, 0, 0, 0, 0, -0.003296113055795841, -0.0016617805545297642, 0, 0, -0.0016321800775569548, 0, 0, 0, 0.013499827411591076, 0, 0, 0, 0, 0, 0, 0, 0, 0, 0, 0, 0, 0, 0, 0, 0, 0, 0, 0, 0, 0, 0, 0, 0, 0, 0, 0, 0, 0, 0, 0, 0, 0, 0, 0, 0, 0, 0.0015120213180035288, 0, 0, 0, 0, 0, 0, 0, 0.0011995695002914913, 0, 0, 0, 0, 0, 0, -0.00041430741610275326, 0, 0, -0.0018147464955975581, -0.0038754029469774045, -0.0020898661208855157, 0, 0, 0, 0, 0.0006151842211134522, 0, 0, 0, 0, 0, 0, -0.002262209443361081, 0, 0, 0, -0.0017377275348770575, 0.001525518449710751, 0, 0, 0, 0, 0, 0, 0, 0, 0, 0, 0, 0, 0, 0, 0, 0, 0, 0, 0, 0, 0, 0, 0, 0, 0, 0, 0, 0, 0, 0, 0, 0, 0, 0, 0, 0, 0, 0, -0.0020416088556433594, 0, 0, -0.002669155107569027, 0, 0, 0, 0, 0, 0.005990251663461692, -0.0017345168860320363, 0, 0, 0, 0, -0.0022349839384205087, 0, -0.00210079575482873, 0, 0, 0, 0, 0, 0.0020459969005809106, -0.0025124245466155316, 0, 0, 0, 0, 0, -0.003791133570430782, 0, 0, 0, 0, 0.00256250749062602, 0, 0, 0, 0, 0.0012182070724320955, 0.00010784046556735561, 0, 0, 0, 0, 0, 0, 0, 0, 0, 0, 0, 0, 0, 0, 0, 0, 0, 0, 0, 0, 0, 0, 0, 0, 0, 0, 0, 0, 0, 0, 0, 0, -0.0017964820787647474, 0, 0, 0, 0, 0, 0, 0, 0, 0]
Start Date: 2021-12-17
End Date: 2023-04-06
Sharpe Ratio: 0.068
Annualized Sharpe: 1.08
Sharpe 95% CI: (np.float64(-0.473), np.float64(2.074))
Sortino Ratio: 0.164
CAGR: 0.033
Calmar Ratio: 1.726
Daily Win Rate (%): 0.4
Max Drawdown: 0.019
Profit Factor: 1.657
Expectancy: 0.000756
Average Win: 0.004764
Average Loss: 0.001916
Total Trades: 70
Total Days: 408

Rolling 3 - Variant 1 - atr_0.25_13 - Test Metrics
Contracts: [3, 4, 4, 3, 3, 3, 3, 3, 3, 3, 2, 1, 2, 1, 1, 2, 2, 2, 2, 2, 2, 2, 1, 2, 1, 2, 2, 1, 1, 1, 2, 2, 2, 2, 2, 2, 2, 2, 2, 2, 2, 2, 3, 2, 2, 3, 2, 3, 3, 3, 3, 2, 2, 3, 3, 5, 3, 3, 3, 3, 3, 4, 4, 4, 4, 3, 3, 5, 3, 3, 3, 5, 5, 5, 5, 4, 3, 3, 4, 4, 4, 5, 3, 5, 4, 4, 3, 5, 4, 5, 4, 3, 4, 3, 4, 4, 5, 3, 4, 5, 5, 5, 3, 4, 4, 4, 4, 4, 3, 4, 6, 7, 8, 5, 5, 5, 5, 6, 5, 5, 6, 6, 6, 7, 7, 6, 6, 7, 7, 6, 6, 7, 5, 4, 4, 4, 6, 3, 3, 3, 3, 5, 5, 5, 4, 4, 6, 6, 6, 5, 5, 3, 7, 7, 6, 5, 8, 5, 1, 4, 4, 5, 3, 5, 5, 6, 6, 6, 7, 5, 6, 7, 7, 7, 6, 4, 7, 8, 7, 6, 6, 5, 7, 7]
Trade Returns: [-0.0020061725460516428, -0.0020102053648665638, -0.0023006413156995377, -0.00259299375002392, -0.0020030429368753677, 0.0008567567826578839, 0.003022129601682529, -0.0016573327005220688, 0.00010724230249222359, 0.0009114618239193819, -0.0017294352169637697, 0.0013197452718733003, -0.0024050899752783577, 0.007088837814297389, -7.619962014504524e-06, 0.005021593231898125, -0.0016831921511688518, -0.002477780667994479, 0.02812461932025825, 0.001101541788237343, 0.010311661460905017, -0.002201479233139211, -0.0021495287712501904, 0.0010653038587062871, -0.0020274439514588786, 0.0035257920150748006, -0.0024388454908864203, 0.00032536166614584457, -0.0004483752827612359, -0.002353187742097978, -0.002082323652063989, -0.0017452039108767814, -0.0019252934504983825, -0.0022246406669487514, -0.0021184910565974157, 0.0034071739941320825, -0.0020048122892773993, 0.003083837919388098, 0.009830754208953489, 0.0021070578097347227, 0.010921716709274259, -0.002168352559271928, -0.0023382682654515437, -0.0017413756320464185, 0.0016348166630743126, 0.0002188355396211201, -0.0031833604690807474, -0.0012437560701697918, 0.0076824325932925855, 0.009257677475165652, -0.002056239047797551, -0.0021716425973277646, 0.001396774065478754, -0.002094040813972768, -0.0008343175390883154, -0.0025050426182575327, 0.00036760578173269823, 0.0015712540163822896, -0.002233897772066519, -0.000608632804221322, -0.0024233262826682334, 0.0005870650011414908, -0.0020076891770109606, -0.001973496164972629, -0.002013881921579001, -0.0017254899093569452, -0.002702569088542097, -0.002098514516102382, -0.0019075447253080473, -0.001828335331061264, 0.002573212032671486, -0.002171037259047063, 0.0011535744248686304, -0.0022218575466636196, 0.0005839588715549455, 0.0008421830270569772, -0.0020593977553302616, 0.0005991235045026471, -0.001951529622223784, 0.004724529310645724, -0.0025552810994374695, -0.0019178785823957974, -0.002475077982543019, -0.002354840629743164, -0.002286359047449375, -0.002781464381180255, -0.0023056073119617922, -0.0025729467698331326, 0.0007026746728993, -0.002260497985453209, -0.0018516357997975256, -0.0015362579552841236, -0.0023188383939310546, -0.0027536218170118964, 0.027033438342126258, 0.009967016824191367, -0.002206451400437998, 0.00758013322991783, 0.009796053553457848, 0.0005766908756690775, 0.0008537310206948329, 0.002065922358750623, -0.0004525601976898599, 0.003823349743073837, -0.002158551515281688, -0.00043766659133064506, 0.008843300589673057, -0.0027891125001334107, -0.0020102815107613404, 0.00041823729068028704, -0.001993836258877129, -0.0026494381579960247, 0.0003643680368460342, 0.0036297933727114304]
Daily Returns: [0, 0, 0, -0.006317019226617745, 0, 0, 0, 0, -0.00259299375002392, 0, 0, 0, 0, 0, 0, -0.0020030429368753677, 0, 0, 0, 0, 0.003878886384340413, 0, -0.0016573327005220688, 0, 0, 0, 0, 0, 0, 0, 0, 0, 0, 0, 0.00010724230249222359, 0, 0.0009114618239193819, 0, 0, 0, 0, 0, 0, 0, 0, 0, 0, 0, 0, 0, 0, 0, 0, 0, 0, 0, 0, 0, 0, 0, 0, 0, 0, 0, 0, -0.0017294352169637697, 0, 0, 0, 0, 0, 0.0013197452718733003, 0, 0, 0, 0, 0, 0, -0.0024050899752783577, 0, 0, 0, 0, 0, 0, 0, 0.007088837814297389, 0, 0, 0, 0, 0, 0, 0, 0, 0, 0, 0, 0, 0, -7.619962014504524e-06, 0, 0.005021593231898125, 0, 0, -0.0016831921511688518, 0, 0, 0, 0, 0, -0.002477780667994479, 0, 0, 0, 0, 0.02812461932025825, 0, 0, 0, 0, 0, 0, 0, 0, 0, 0, 0, 0, 0, 0, 0, 0, 0, 0, 0, 0, 0, 0, 0, 0, 0, 0, 0, 0, 0, 0, 0, 0, 0, 0.001101541788237343, 0, 0.010311661460905017, 0, 0, 0, 0, 0, 0, 0, 0, 0, -0.002201479233139211, 0, 0, 0, 0, 0, 0, 0, 0, 0, 0, 0, 0, 0, 0, -0.0010842249125439032, 0, 0, -0.0020274439514588786, 0, 0.0035257920150748006, 0, 0, 0, 0, 0, 0, 0, 0, -0.0024388454908864203, 0, 0, 0, 0, 0, 0, 0, 0, 0, 0, 0, 0, 0, 0, 0, 0, 0, 0, 0, 0, 0, 0, 0, 0, 0, 0, 0, 0, 0, 0.00032536166614584457, -0.0004483752827612359, 0, 0, -0.002353187742097978, 0, -0.002082323652063989, 0, 0, 0, 0, 0, -0.0017452039108767814, 0, 0, 0, 0, -0.004149934117447134, -0.0021184910565974157, 0, 0, 0.0014023617048546833, 0, 0, 0, 0, 0, 0.003083837919388098, 0, 0, 0, 0, 0, 0, 0, 0, 0.009830754208953489, 0.0021070578097347227, 0, 0, 0, 0, 0, 0, 0, 0, 0, 0, 0.010921716709274259, 0, 0, 0, 0, 0, 0, 0, 0, 0, 0, 0, 0, 0, 0, 0, 0, 0, 0, 0, 0, 0, 0, 0, 0, 0, 0, 0, 0, 0, 0, 0, 0, 0, 0, -0.002168352559271928, -0.0023382682654515437, 0, 0, 0, 0, 0, 0, 0, 0, 0, 0, -0.0017413756320464185, 0.0018536522026954326, 0, 0, -0.004427116539250539, 0, 0, 0, 0, 0, 0, 0, 0, 0.0076824325932925855, 0, 0, 0, 0.009257677475165652, -0.002056239047797551, 0, 0, 0, 0, 0, 0, 0, -0.0021716425973277646, 0, 0.001396774065478754, -0.002094040813972768, -0.0008343175390883154, -0.0025050426182575327, 0, 0, 0, 0, 0, 0, 0, 0, 0, 0, 0, 0, 0, 0, 0, 0, 0, 0, 0, 0, 0, 0, 0, 0, 0, 0, 0, 0, 0, 0, 0, 0, 0, 0, 0.00036760578173269823, 0.0015712540163822896, 0, 0, 0, 0, 0, 0, 0, 0, 0, 0, 0, 0, -0.002233897772066519, 0, 0, 0, -0.000608632804221322, -0.0024233262826682334, 0.0005870650011414908, 0, 0, 0, 0, 0, -0.0020076891770109606, 0, 0, 0, -0.001973496164972629, -0.002013881921579001, 0, 0, 0, 0, 0, 0, 0, 0, -0.0017254899093569452, 0, 0, 0, -0.002702569088542097, 0, 0, 0, 0, 0, 0, 0, 0, 0, 0, 0, 0, 0, 0, 0, 0, 0, 0, 0, 0, 0, 0, 0, 0, 0, 0, 0, 0, 0, 0, 0, 0, 0, 0, 0, 0, 0, 0, -0.002098514516102382, 0, 0, 0, 0, 0, 0, -0.0019075447253080473, 0, 0, -0.001828335331061264, 0, 0, 0, 0, 0, 0, 0, 0, 0, 0.002573212032671486, -0.002171037259047063, 0, 0.0011535744248686304, 0, 0, 0, -0.0022218575466636196, 0, 0.0005839588715549455, 0, 0, 0, 0, 0, 0, 0.0008421830270569772, 0, 0, 0, 0, 0, 0, 0, 0, 0, 0, 0, 0, 0, 0, 0, 0, 0, 0, 0, 0, 0, 0, 0, 0, 0, 0, 0, 0, 0, 0, 0, -0.0020593977553302616, 0.0005991235045026471, 0, 0, 0, 0, 0, 0, 0, 0, 0, 0, 0, 0, 0, 0, 0, 0, -0.001951529622223784, 0, 0, 0, 0, 0, 0, 0, 0, 0.004724529310645724, 0, 0, 0, 0, 0, -0.0025552810994374695, 0, 0, 0, 0, 0, 0, -0.0019178785823957974, 0, 0, 0, 0, 0, 0, -0.002475077982543019, 0, 0, 0, 0, -0.002354840629743164, -0.002286359047449375, 0, 0, 0, 0, 0, 0, 0, 0, 0, 0, 0, 0, 0, 0, 0, 0, 0, 0, 0, 0, 0, 0, 0, 0, 0, 0, 0, 0, 0, 0, 0, 0, 0, -0.002781464381180255, 0, -0.0023056073119617922, -0.0025729467698331326, 0, 0, 0, 0, 0, 0, 0, 0, 0.0007026746728993, 0, 0, 0, 0, 0, 0, 0, 0, -0.002260497985453209, 0, 0, -0.0018516357997975256, 0, 0, 0, 0, 0, 0, 0, -0.0015362579552841236, 0, 0, 0, -0.0023188383939310546, 0, 0, 0, 0, -0.0027536218170118964, 0.027033438342126258, 0, 0, 0, 0, 0, 0, 0, 0, 0, 0, 0, 0, 0, 0, 0, 0, 0, 0, 0, 0, 0, 0, 0, 0, 0, 0, 0, 0, 0, 0, 0, 0, 0, 0, 0, 0, 0, 0.009967016824191367, 0, 0, 0, 0.005373681829479832, 0, 0, 0.009796053553457848, 0, 0, 0.0005766908756690775, 0.0008537310206948329, 0, 0, 0, 0, 0.002065922358750623, 0, 0, 0.003370789545383977, 0, 0, -0.002158551515281688, 0, 0, 0, 0, 0, 0, -0.00043766659133064506, 0, 0, 0, 0, 0, 0, 0, 0, 0.008843300589673057, 0, -0.0027891125001334107, 0, 0, 0, 0, 0, 0, 0, 0, 0, 0, 0, 0, 0, 0, 0, 0, 0, 0, 0, 0, 0, 0, 0, 0, 0, 0, 0, 0, 0, 0, 0, -0.0020102815107613404, 0, 0, 0, 0, 0.00041823729068028704, 0, 0, 0, 0, 0, -0.001993836258877129, 0, 0, 0, 0, 0, 0, 0, 0, 0, 0, 0, 0, 0, -0.0026494381579960247, 0, 0, 0, 0, 0, 0, 0, 0, 0, 0.003994161409557465, 0, 0]
Start Date: 2023-04-07
End Date: 2025-11-06
Sharpe Ratio: 0.041
Annualized Sharpe: 0.645
Sharpe 95% CI: (np.float64(-0.524), np.float64(1.446))
Sortino Ratio: 0.086
CAGR: 0.019
Calmar Ratio: 0.355
Daily Win Rate (%): 0.395
Max Drawdown: 0.053
Profit Factor: 1.44
Expectancy: 0.000539
Average Win: 0.004466
Average Loss: 0.002022
Total Trades: 114
Total Days: 810



Rolling 3 - Variant 2 - atr_0.25_14 - Fit Metrics
Contracts: [3, 4, 4, 3, 3, 3, 3, 3, 3, 3, 2, 1, 2, 1, 1, 2, 2, 2, 2, 2, 2, 2, 1, 2, 1, 2, 2, 1, 1, 1, 2, 2, 2, 2, 2, 2, 2, 2, 2, 2, 2, 2, 3, 2, 2, 3, 2, 3, 4, 3, 3, 2, 2, 3, 3, 5, 3, 3, 3, 3, 3, 4, 4, 4, 4, 3, 3, 5, 3, 3, 4, 5, 5, 5, 5, 4, 3, 3, 4, 4, 4, 5, 3, 5, 4, 4, 3, 5, 4, 5, 4, 3, 4, 3, 4, 4, 5, 3, 4, 5, 5, 5, 3, 4, 4, 4, 4, 4, 4, 4, 6, 7, 8, 5, 5, 5, 5, 6, 5, 5, 6, 6, 6, 7, 7, 6, 6, 7, 7, 6, 6, 7, 5, 4, 4, 4, 6, 3, 3, 3, 3, 5, 5, 5, 4, 4, 6, 6, 6, 5, 5, 3, 7, 7, 7, 5, 8, 5, 1, 4, 4, 5, 3, 5, 5, 6, 6, 6, 7, 5, 6, 7, 7, 7, 6, 4, 7, 8, 7, 6, 6, 5, 7, 7]
Trade Returns: [0.004673999999999995, -0.001879216541883238, 0.004738797709581083, 0.004400826569320462, -0.002021795069428799, -0.0018476601255933607, -0.0017915600261889178, 0.004227560834540777, 0.0009143915733473045, -0.002260161829959899, 0.02409562144625258, -0.001263377647845036, 0.0016914022963592243, -0.0011299936172715478, 0.00453280978222048, -0.002412231658342366, 0.005415596071098417, -0.0027821155191078842, -0.0019691676894649534, 0.0031645753035615906, -0.0017606891399071902, -0.0027898772799849368, -0.0012590244591126488, -0.0027923224687073987, 0.0014641515882355238, 0.00631728352930227, 0.021538153244981557, -0.0011336114862570826, -0.0012293154922077257, 0.0003100704843149791, 0.004192214351057331, 0.006339239667679288, -0.002061115246641803, -4.1232476197616e-05, -0.002084200188177786, -0.0019024272866724806, -0.002150902173503596, 0.00076757521484582, -0.0016565682367127067, -0.0016270352096459395, 0.01345720465235866, 0.0015073108306252684, 0.0011958380365904159, -0.0004130201821753934, -0.0018091058326912112, -0.002271074565083625, -0.0015922495570855095, -0.0020833333333333316, -0.0027460623828843766, 0.0026746265961709176, -0.0022566757646529144, -0.001733467197611499, 0.001521771884887746, -0.0020366024281265496, -0.0026625964555244616, -0.0018258900977220916, 0.007801295847096891, -0.001730253808254704, -0.002229477470941216, 0.0005981257464741529, -0.0026937402697145263, 0.0020409363269595243, -0.0025062229667698293, -0.0024979231175893046, -0.0012838672049567304, 0.0025561663956156183, 0.0012152002241117, 0.003094601513169119, -0.0029870498156725576, -0.001792053716243038]
Daily Returns: [0.004673999999999995, 0, 0, 0, 0, 0, 0, 0, 0, 0, 0, 0, 0, 0, -0.001879216541883238, 0.004738797709581083, 0, 0, 0, 0, 0, 0, 0, 0, 0, 0, 0, 0, 0, 0, 0, 0.004400826569320462, -0.002021795069428799, 0, -0.0018476601255933607, 0, 0, 0, 0, 0, 0, -0.0017915600261889178, 0, 0, 0, 0, 0, 0.005141952407888081, -0.002260161829959899, 0, 0, 0, 0, 0, 0.02409562144625258, 0, 0, 0, 0, 0, 0, 0, 0, 0, 0, 0, 0, 0, 0, 0, 0, 0, 0, 0, 0, 0, 0, 0, 0, 0, 0, 0, 0, 0, 0, 0, 0, 0, 0, 0, 0, 0, 0, -0.001263377647845036, 0, 0, 0, 0, 0.0016914022963592243, -0.0011299936172715478, 0, 0, 0, 0, 0, 0, 0, 0, 0, 0, 0.00453280978222048, 0, 0, -0.002412231658342366, 0.005415596071098417, 0, -0.0027821155191078842, 0, -0.0019691676894649534, 0.0031645753035615906, 0, 0, -0.0017606891399071902, -0.0027898772799849368, 0, 0, -0.0012590244591126488, 0, 0, 0, 0, -0.0027923224687073987, 0, 0, 0, 0, 0, 0, 0, 0, 0, 0, 0, 0, 0, 0, 0, 0, 0, 0, 0, 0, 0, 0, 0.0014641515882355238, 0, 0, 0, 0, 0, 0, 0, 0, 0, 0, 0, 0, 0, 0.00631728352930227, 0, 0, 0.020404541758724474, 0, 0, 0, 0, 0, -0.0012293154922077257, 0, 0, 0, 0, 0.0003100704843149791, 0, 0, 0, 0, 0, 0.004192214351057331, 0.004278124421037485, -4.1232476197616e-05, 0, 0, 0, -0.002084200188177786, 0, 0, 0, 0, 0, 0, 0, -0.0032857542453302566, -0.0016565682367127067, 0, 0, -0.0016270352096459395, 0, 0, 0, 0.01345720465235866, 0, 0, 0, 0, 0, 0, 0, 0, 0, 0, 0, 0, 0, 0, 0, 0, 0, 0, 0, 0, 0, 0, 0, 0, 0, 0, 0, 0, 0, 0, 0, 0, 0, 0, 0, 0, 0, 0.0015073108306252684, 0, 0, 0, 0, 0, 0, 0, 0.0011958380365904159, 0, 0, 0, 0, 0, 0, -0.0004130201821753934, 0, 0, -0.0018091058326912112, -0.0038633241221691346, -0.0020833333333333316, 0, 0, 0, 0, -7.143578671345904e-05, 0, 0, 0, 0, 0, 0, -0.0022566757646529144, 0, 0, 0, -0.001733467197611499, 0.001521771884887746, 0, 0, 0, 0, 0, 0, 0, 0, 0, 0, 0, 0, 0, 0, 0, 0, 0, 0, 0, 0, 0, 0, 0, 0, 0, 0, 0, 0, 0, 0, 0, 0, 0, 0, 0, 0, 0, 0, -0.0020366024281265496, 0, 0, -0.0026625964555244616, 0, 0, 0, 0, 0, 0.005975405749374799, -0.001730253808254704, 0, 0, 0, 0, -0.002229477470941216, 0, -0.0020956145232403733, 0, 0, 0, 0, 0, 0.0020409363269595243, -0.0025062229667698293, 0, 0, 0, 0, 0, -0.003781790322546035, 0, 0, 0, 0, 0.0025561663956156183, 0, 0, 0, 0, 0.0012152002241117, 0.00010755169749656138, 0, 0, 0, 0, 0, 0, 0, 0, 0, 0, 0, 0, 0, 0, 0, 0, 0, 0, 0, 0, 0, 0, 0, 0, 0, 0, 0, 0, 0, 0, 0, 0, -0.001792053716243038, 0, 0, 0, 0, 0, 0, 0, 0, 0]
Start Date: 2021-12-17
End Date: 2023-04-06
Sharpe Ratio: 0.068
Annualized Sharpe: 1.083
Sharpe 95% CI: (np.float64(-0.463), np.float64(2.06))
Sortino Ratio: 0.161
CAGR: 0.034
Calmar Ratio: 1.752
Daily Win Rate (%): 0.4
Max Drawdown: 0.02
Profit Factor: 1.685
Expectancy: 0.000792
Average Win: 0.004873
Average Loss: 0.001928
Total Trades: 70
Total Days: 408

Rolling 3 - Variant 2 - atr_0.25_14 - Test Metrics
Contracts: [3, 4, 4, 3, 3, 3, 3, 3, 3, 3, 2, 1, 2, 1, 1, 2, 2, 2, 2, 2, 2, 2, 1, 2, 1, 2, 2, 1, 1, 1, 2, 2, 2, 2, 2, 2, 2, 2, 2, 2, 2, 2, 3, 2, 2, 3, 2, 3, 4, 3, 3, 2, 2, 3, 3, 5, 3, 3, 3, 3, 3, 4, 4, 4, 4, 3, 3, 5, 3, 3, 4, 5, 5, 5, 5, 4, 3, 3, 4, 4, 4, 5, 3, 5, 4, 4, 3, 5, 4, 5, 4, 3, 4, 3, 4, 4, 5, 3, 4, 5, 5, 5, 3, 4, 4, 4, 4, 4, 4, 4, 6, 7, 8, 5, 5, 5, 5, 6, 5, 5, 6, 6, 6, 7, 7, 6, 6, 7, 7, 6, 6, 7, 5, 4, 4, 4, 6, 3, 3, 3, 3, 5, 5, 5, 4, 4, 6, 6, 6, 5, 5, 3, 7, 7, 7, 5, 8, 5, 1, 4, 4, 5, 3, 5, 5, 6, 6, 6, 7, 5, 6, 7, 7, 7, 6, 4, 7, 8, 7, 6, 6, 5, 7, 7]
Trade Returns: [-0.002002315473818064, -0.002006332784999096, -0.002296200312511909, -0.0025879768896528666, -0.0019991574432231623, 0.0008550965283463754, 0.003016255545151713, -0.0022043200127259705, 0.00010703466202848708, 0.0009096972581036829, -0.00172609011947064, 0.0013171820357077233, -0.0024004299734326907, 0.007075087840231304, -7.605285673558249e-06, 0.005011921375958708, -0.0016799664006719864, -0.0024730241389896417, 0.030236194145394375, 0.0010971685675034847, 0.010270768097255488, -0.0021928466573658888, -0.0021410813829962, 0.0010611220910304096, -0.0020194592458856265, 0.003511878249999557, -0.002429254803257759, 0.00032407907529437345, -0.0004466083391294591, -0.0023439102282382593, -0.002074094740242578, -0.0017383140554060104, -0.0019176793875181858, -0.002215825855227804, -0.0021100782056957365, 0.0033936149762668687, -0.001996861022893902, 0.003071625901715319, 0.009784937528070064, 0.002798245743565517, 0.010871308786000684, -0.0021584524058539697, -0.002327569226209732, -0.0017333727804206933, 0.0016272904795324845, 0.0002178297261336105, -0.003168732271160727, -0.001238022586629721, 0.007646974113306481, 0.009215272677277314, -0.0020468085183461076, -0.002161786216192963, 0.0013904208268512967, -0.002084529276693457, -0.0008305199918026567, -0.0024936309857938608, 0.0003659279608619209, 0.00156408514533556, -0.0022237214950748896, -0.0006058540649021354, -0.002412255774889807, 0.0005843839619067988, -0.0019984952506348166, -0.001964440723363616, -0.002004622980169849, -0.001717540932602894, -0.002690097488695577, -0.0020888043376955175, -0.001898709865059898, -0.0018198512230389874, 0.0025612496695161654, -0.002160970312296838, 0.0011482254697285955, -0.0022115326380005556, 0.0005812392167249999, 0.0008382630307620478, -0.0020498201815450073, 0.0005963314572205553, -0.0019424404851686584, 0.004702426045342874, -0.0025433568624559995, -0.0019089479636968864, -0.002463530716745561, -0.0027344357472396464, -0.0022756658908714778, -0.002769448957827324, -0.0022956198453536105, -0.0025618605790918773, 0.0006996238119022064, -0.00225069025529632, -0.0018435838971190264, -0.0015295496576856586, -0.0023087362203172554, -0.002741579300416797, 0.028993256635195128, 0.009904407957312266, -0.0021927272727272737, 0.00753288119039198, 0.009735444759534624, 0.0005731572546484208, 0.0008485028578793124, 0.002053281583960045, -0.0004497967882368145, 0.0037999932142978956, -0.002145415020395676, -0.00043499731692231777, 0.00878934292170748, -0.0027722429177856733, -0.00199808878464078, 0.0004156955261213199, -0.001981724099966973, -0.0026333113890717598, 0.00036214432254035175, 0.003607649000540357]
Daily Returns: [0, 0, 0, -0.006304848571329069, 0, 0, 0, 0, -0.0025879768896528666, 0, 0, 0, 0, 0, 0, -0.0019991574432231623, 0, 0, 0, 0, 0.0038713520734980885, 0, -0.0022043200127259705, 0, 0, 0, 0, 0, 0, 0, 0, 0, 0, 0, 0.00010703466202848708, 0, 0.0009096972581036829, 0, 0, 0, 0, 0, 0, 0, 0, 0, 0, 0, 0, 0, 0, 0, 0, 0, 0, 0, 0, 0, 0, 0, 0, 0, 0, 0, 0, -0.00172609011947064, 0, 0, 0, 0, 0, 0.0013171820357077233, 0, 0, 0, 0, 0, 0, -0.0024004299734326907, 0, 0, 0, 0, 0, 0, 0, 0.007075087840231304, 0, 0, 0, 0, 0, 0, 0, 0, 0, 0, 0, 0, 0, -7.605285673558249e-06, 0, 0.005011921375958708, 0, 0, -0.0016799664006719864, 0, 0, 0, 0, 0, -0.0024730241389896417, 0, 0, 0, 0, 0.030236194145394375, 0, 0, 0, 0, 0, 0, 0, 0, 0, 0, 0, 0, 0, 0, 0, 0, 0, 0, 0, 0, 0, 0, 0, 0, 0, 0, 0, 0, 0, 0, 0, 0, 0, 0.0010971685675034847, 0, 0.010270768097255488, 0, 0, 0, 0, 0, 0, 0, 0, 0, -0.0021928466573658888, 0, 0, 0, 0, 0, 0, 0, 0, 0, 0, 0, 0, 0, 0, -0.0010799592919657902, 0, 0, -0.0020194592458856265, 0, 0.003511878249999557, 0, 0, 0, 0, 0, 0, 0, 0, -0.002429254803257759, 0, 0, 0, 0, 0, 0, 0, 0, 0, 0, 0, 0, 0, 0, 0, 0, 0, 0, 0, 0, 0, 0, 0, 0, 0, 0, 0, 0, 0, 0.00032407907529437345, -0.0004466083391294591, 0, 0, -0.0023439102282382593, 0, -0.002074094740242578, 0, 0, 0, 0, 0, -0.0017383140554060104, 0, 0, 0, 0, -0.00413350524274599, -0.0021100782056957365, 0, 0, 0.0013967539533729667, 0, 0, 0, 0, 0, 0.003071625901715319, 0, 0, 0, 0, 0, 0, 0, 0, 0.009784937528070064, 0.002798245743565517, 0, 0, 0, 0, 0, 0, 0, 0, 0, 0, 0.010871308786000684, 0, 0, 0, 0, 0, 0, 0, 0, 0, 0, 0, 0, 0, 0, 0, 0, 0, 0, 0, 0, 0, 0, 0, 0, 0, 0, 0, 0, 0, 0, 0, 0, 0, 0, -0.0021584524058539697, -0.002327569226209732, 0, 0, 0, 0, 0, 0, 0, 0, 0, 0, -0.0017333727804206933, 0.0018451202056660948, 0, 0, -0.004406754857790449, 0, 0, 0, 0, 0, 0, 0, 0, 0.007646974113306481, 0, 0, 0, 0.009215272677277314, -0.0020468085183461076, 0, 0, 0, 0, 0, 0, 0, -0.002161786216192963, 0, 0.0013904208268512967, -0.002084529276693457, -0.0008305199918026567, -0.0024936309857938608, 0, 0, 0, 0, 0, 0, 0, 0, 0, 0, 0, 0, 0, 0, 0, 0, 0, 0, 0, 0, 0, 0, 0, 0, 0, 0, 0, 0, 0, 0, 0, 0, 0, 0, 0.0003659279608619209, 0.00156408514533556, 0, 0, 0, 0, 0, 0, 0, 0, 0, 0, 0, 0, -0.0022237214950748896, 0, 0, 0, -0.0006058540649021354, -0.002412255774889807, 0.0005843839619067988, 0, 0, 0, 0, 0, -0.0019984952506348166, 0, 0, 0, -0.001964440723363616, -0.002004622980169849, 0, 0, 0, 0, 0, 0, 0, 0, -0.001717540932602894, 0, 0, 0, -0.002690097488695577, 0, 0, 0, 0, 0, 0, 0, 0, 0, 0, 0, 0, 0, 0, 0, 0, 0, 0, 0, 0, 0, 0, 0, 0, 0, 0, 0, 0, 0, 0, 0, 0, 0, 0, 0, 0, 0, 0, -0.0020888043376955175, 0, 0, 0, 0, 0, 0, -0.001898709865059898, 0, 0, -0.0018198512230389874, 0, 0, 0, 0, 0, 0, 0, 0, 0, 0.0025612496695161654, -0.002160970312296838, 0, 0.0011482254697285955, 0, 0, 0, -0.0022115326380005556, 0, 0.0005812392167249999, 0, 0, 0, 0, 0, 0, 0.0008382630307620478, 0, 0, 0, 0, 0, 0, 0, 0, 0, 0, 0, 0, 0, 0, 0, 0, 0, 0, 0, 0, 0, 0, 0, 0, 0, 0, 0, 0, 0, 0, 0, -0.0020498201815450073, 0.0005963314572205553, 0, 0, 0, 0, 0, 0, 0, 0, 0, 0, 0, 0, 0, 0, 0, 0, -0.0019424404851686584, 0, 0, 0, 0, 0, 0, 0, 0, 0.004702426045342874, 0, 0, 0, 0, 0, -0.0025433568624559995, 0, 0, 0, 0, 0, 0, -0.0019089479636968864, 0, 0, 0, 0, 0, 0, -0.002463530716745561, 0, 0, 0, 0, -0.0027344357472396464, -0.0022756658908714778, 0, 0, 0, 0, 0, 0, 0, 0, 0, 0, 0, 0, 0, 0, 0, 0, 0, 0, 0, 0, 0, 0, 0, 0, 0, 0, 0, 0, 0, 0, 0, 0, 0, -0.002769448957827324, 0, -0.0022956198453536105, -0.0025618605790918773, 0, 0, 0, 0, 0, 0, 0, 0, 0.0006996238119022064, 0, 0, 0, 0, 0, 0, 0, 0, -0.00225069025529632, 0, 0, -0.0018435838971190264, 0, 0, 0, 0, 0, 0, 0, -0.0015295496576856586, 0, 0, 0, -0.0023087362203172554, 0, 0, 0, 0, -0.002741579300416797, 0.028993256635195128, 0, 0, 0, 0, 0, 0, 0, 0, 0, 0, 0, 0, 0, 0, 0, 0, 0, 0, 0, 0, 0, 0, 0, 0, 0, 0, 0, 0, 0, 0, 0, 0, 0, 0, 0, 0, 0, 0.009904407957312266, 0, 0, 0, 0.005340153917664707, 0, 0, 0.009735444759534624, 0, 0, 0.0005731572546484208, 0.0008485028578793124, 0, 0, 0, 0, 0.002053281583960045, 0, 0, 0.003350196426061081, 0, 0, -0.002145415020395676, 0, 0, 0, 0, 0, 0, -0.00043499731692231777, 0, 0, 0, 0, 0, 0, 0, 0, 0.00878934292170748, 0, -0.0027722429177856733, 0, 0, 0, 0, 0, 0, 0, 0, 0, 0, 0, 0, 0, 0, 0, 0, 0, 0, 0, 0, 0, 0, 0, 0, 0, 0, 0, 0, 0, 0, 0, -0.00199808878464078, 0, 0, 0, 0, 0.0004156955261213199, 0, 0, 0, 0, 0, -0.001981724099966973, 0, 0, 0, 0, 0, 0, 0, 0, 0, 0, 0, 0, 0, -0.0026333113890717598, 0, 0, 0, 0, 0, 0, 0, 0, 0, 0.003969793323080709, 0, 0]
Start Date: 2023-04-07
End Date: 2025-11-06
Sharpe Ratio: 0.041
Annualized Sharpe: 0.658
Sharpe 95% CI: (np.float64(-0.506), np.float64(1.441))
Sortino Ratio: 0.092
CAGR: 0.02
Calmar Ratio: 0.376
Daily Win Rate (%): 0.395
Max Drawdown: 0.053
Profit Factor: 1.466
Expectancy: 0.000572
Average Win: 0.004557
Average Loss: 0.002027
Total Trades: 114
Total Days: 810



Rolling 3 - Variant 3 - atr_0.25_20 - Fit Metrics
Contracts: [3, 4, 4, 3, 3, 3, 3, 3, 3, 3, 2, 1, 2, 1, 1, 2, 2, 2, 2, 2, 2, 2, 1, 2, 1, 2, 2, 1, 1, 1, 2, 2, 2, 2, 2, 2, 2, 2, 2, 2, 2, 2, 3, 2, 2, 3, 2, 3, 4, 3, 3, 2, 2, 3, 3, 5, 3, 3, 3, 3, 3, 4, 4, 4, 4, 3, 3, 5, 3, 3, 4, 5, 5, 5, 5, 4, 3, 3, 4, 4, 4, 5, 3, 5, 4, 4, 3, 5, 4, 5, 4, 3, 4, 3, 4, 4, 5, 3, 4, 5, 5, 5, 3, 4, 4, 4, 4, 4, 4, 4, 6, 7, 8, 5, 5, 5, 5, 6, 5, 5, 6, 6, 6, 7, 7, 6, 6, 7, 7, 6, 6, 7, 5, 4, 4, 4, 6, 3, 3, 3, 3, 5, 5, 5, 4, 4, 6, 6, 6, 5, 5, 3, 7, 7, 7, 5, 8, 5, 1, 4, 4, 5, 3, 5, 5, 6, 6, 6, 7, 6, 6, 7, 7, 7, 6, 4, 7, 8, 7, 6, 7, 5, 7, 7]
Trade Returns: [0.004673999999999995, -0.001879216541883238, 0.004738797709581083, 0.004400826569320462, -0.002021795069428799, -0.0018476601255933607, -0.0017915600261889178, 0.004227560834540777, 0.0009143915733473045, -0.002260161829959899, 0.024531633678377577, -0.0012628425893663265, 0.0016906824824789938, -0.0011295144437141367, 0.004530885471642389, -0.002411217703152735, 0.005413307361752218, -0.0027809432607134314, -0.001968333330123397, 0.003163230821223381, -0.0017599416440401978, -0.00278869847293791, -0.001258489001270088, -0.0027911334092088043, 0.0014635263609436458, 0.00631458984238722, 0.020045993305162095, -0.0011347887329262443, -0.0012305935770954585, 0.00031039325311056474, 0.004196576894987207, 0.006345808902220279, -0.0020632376729974233, -4.127502298268324e-05, -0.0020863509122156587, -0.0019043962950835702, -0.0021531326005392246, 0.0007683702640707928, -0.001658281253525257, -0.0016287260414777182, 0.013471212333407737, 0.0015088589440975188, 0.0011970643953519663, -0.0004134432372233053, -0.0018109596595693928, -0.002273406002687769, -0.001593887851656183, -0.0020854803350259495, -0.0027488982813752734, 0.0026773963356197614, -0.0022590064502802615, -0.001735261569037813, 0.0015233498614279474, -0.0020387110376530898, -0.002665358823695849, -0.0018277961675119182, 0.007809454631194855, -0.0017320493275573186, -0.0022317966719750627, 0.0005987490691914899, -0.0026965458081400066, 0.002043067715542702, -0.002508834926620367, -0.0025005197603432294, -0.0012852057276956331, 0.0025588371063674613, 0.001216466638118236, 0.0030978322766789385, -0.0029901589704769103, -0.0017939188422032646]
Daily Returns: [0.004673999999999995, 0, 0, 0, 0, 0, 0, 0, 0, 0, 0, 0, 0, 0, -0.001879216541883238, 0.004738797709581083, 0, 0, 0, 0, 0, 0, 0, 0, 0, 0, 0, 0, 0, 0, 0, 0.004400826569320462, -0.002021795069428799, 0, -0.0018476601255933607, 0, 0, 0, 0, 0, 0, -0.0017915600261889178, 0, 0, 0, 0, 0, 0.005141952407888081, -0.002260161829959899, 0, 0, 0, 0, 0, 0.024531633678377577, 0, 0, 0, 0, 0, 0, 0, 0, 0, 0, 0, 0, 0, 0, 0, 0, 0, 0, 0, 0, 0, 0, 0, 0, 0, 0, 0, 0, 0, 0, 0, 0, 0, 0, 0, 0, 0, 0, -0.0012628425893663265, 0, 0, 0, 0, 0.0016906824824789938, -0.0011295144437141367, 0, 0, 0, 0, 0, 0, 0, 0, 0, 0, 0.004530885471642389, 0, 0, -0.002411217703152735, 0.005413307361752218, 0, -0.0027809432607134314, 0, -0.001968333330123397, 0.003163230821223381, 0, 0, -0.0017599416440401978, -0.00278869847293791, 0, 0, -0.001258489001270088, 0, 0, 0, 0, -0.0027911334092088043, 0, 0, 0, 0, 0, 0, 0, 0, 0, 0, 0, 0, 0, 0, 0, 0, 0, 0, 0, 0, 0, 0, 0.0014635263609436458, 0, 0, 0, 0, 0, 0, 0, 0, 0, 0, 0, 0, 0, 0.00631458984238722, 0, 0, 0.01891120457223585, 0, 0, 0, 0, 0, -0.0012305935770954585, 0, 0, 0, 0, 0.00031039325311056474, 0, 0, 0, 0, 0, 0.004196576894987207, 0.004282571229222856, -4.127502298268324e-05, 0, 0, 0, -0.0020863509122156587, 0, 0, 0, 0, 0, 0, 0, -0.003289158631552002, -0.001658281253525257, 0, 0, -0.0016287260414777182, 0, 0, 0, 0.013471212333407737, 0, 0, 0, 0, 0, 0, 0, 0, 0, 0, 0, 0, 0, 0, 0, 0, 0, 0, 0, 0, 0, 0, 0, 0, 0, 0, 0, 0, 0, 0, 0, 0, 0, 0, 0, 0, 0, 0.0015088589440975188, 0, 0, 0, 0, 0, 0, 0, 0.0011970643953519663, 0, 0, 0, 0, 0, 0, -0.0004134432372233053, 0, 0, -0.0018109596595693928, -0.003867293854343952, -0.0020854803350259495, 0, 0, 0, 0, -7.150194575551196e-05, 0, 0, 0, 0, 0, 0, -0.0022590064502802615, 0, 0, 0, -0.001735261569037813, 0.0015233498614279474, 0, 0, 0, 0, 0, 0, 0, 0, 0, 0, 0, 0, 0, 0, 0, 0, 0, 0, 0, 0, 0, 0, 0, 0, 0, 0, 0, 0, 0, 0, 0, 0, 0, 0, 0, 0, 0, 0, -0.0020387110376530898, 0, 0, -0.002665358823695849, 0, 0, 0, 0, 0, 0.005981658463682937, -0.0017320493275573186, 0, 0, 0, 0, -0.0022317966719750627, 0, -0.002097796738948517, 0, 0, 0, 0, 0, 0.002043067715542702, -0.002508834926620367, 0, 0, 0, 0, 0, -0.0037857254880388626, 0, 0, 0, 0, 0.0025588371063674613, 0, 0, 0, 0, 0.001216466638118236, 0.00010767330620202811, 0, 0, 0, 0, 0, 0, 0, 0, 0, 0, 0, 0, 0, 0, 0, 0, 0, 0, 0, 0, 0, 0, 0, 0, 0, 0, 0, 0, 0, 0, 0, 0, -0.0017939188422032646, 0, 0, 0, 0, 0, 0, 0, 0, 0]
Start Date: 2021-12-17
End Date: 2023-04-06
Sharpe Ratio: 0.068
Annualized Sharpe: 1.074
Sharpe 95% CI: (np.float64(-0.464), np.float64(2.054))
Sortino Ratio: 0.157
CAGR: 0.034
Calmar Ratio: 1.716
Daily Win Rate (%): 0.4
Max Drawdown: 0.02
Profit Factor: 1.671
Expectancy: 0.000777
Average Win: 0.004837
Average Loss: 0.00193
Total Trades: 70
Total Days: 408

Rolling 3 - Variant 3 - atr_0.25_20 - Test Metrics
Contracts: [3, 4, 4, 3, 3, 3, 3, 3, 3, 3, 2, 1, 2, 1, 1, 2, 2, 2, 2, 2, 2, 2, 1, 2, 1, 2, 2, 1, 1, 1, 2, 2, 2, 2, 2, 2, 2, 2, 2, 2, 2, 2, 3, 2, 2, 3, 2, 3, 4, 3, 3, 2, 2, 3, 3, 5, 3, 3, 3, 3, 3, 4, 4, 4, 4, 3, 3, 5, 3, 3, 4, 5, 5, 5, 5, 4, 3, 3, 4, 4, 4, 5, 3, 5, 4, 4, 3, 5, 4, 5, 4, 3, 4, 3, 4, 4, 5, 3, 4, 5, 5, 5, 3, 4, 4, 4, 4, 4, 4, 4, 6, 7, 8, 5, 5, 5, 5, 6, 5, 5, 6, 6, 6, 7, 7, 6, 6, 7, 7, 6, 6, 7, 5, 4, 4, 4, 6, 3, 3, 3, 3, 5, 5, 5, 4, 4, 6, 6, 6, 5, 5, 3, 7, 7, 7, 5, 8, 5, 1, 4, 4, 5, 3, 5, 5, 6, 6, 6, 7, 6, 6, 7, 7, 7, 6, 4, 7, 8, 7, 6, 7, 5, 7, 7]
Trade Returns: [-0.0020044077972413265, -0.0020084335170431284, -0.0022986093890086405, -0.0025906983413794744, -0.002001265167634711, 0.000855997150506151, 0.003019441979463164, -0.002206618338439139, 0.00010714729883571889, 0.0009106544659375248, -0.0017279047052909434, 0.001318572486939042, -0.002402957840056828, 0.007082546649926681, -7.613247049881921e-06, 0.005017168002801655, -0.0016817162596206288, -0.002475604388933574, 0.031180646547707563, 0.0010973102068291005, 0.01027209255199603, -0.0021931262614119074, -0.0021413549866370687, 0.0010612575354755325, -0.0020197178615139473, 0.0035123288977043526, -0.0024295654366002163, 0.00032412061681801616, -0.0004466655683086911, -0.002344210715240667, -0.0020743612619459353, -0.0017385372079972716, -0.0019179259945107643, -0.002216111350392238, -0.0021103506797764218, 0.0033940541200045775, -0.0019971185485148746, 0.0030720214268895596, 0.009786198441130045, 0.0027986073420983703, 0.010872696115071146, -0.002158724891522723, -0.0023278636970740867, -0.0017335930394878016, 0.0016274976178526292, 0.00021785740869508595, -0.003169134877000904, -0.0012381803846735126, 0.00764795000300815, 0.009216439783755618, -0.002047068073165475, -0.0021620575042757117, 0.001390595692387304, -0.002084791072357681, -0.0008306245145700857, -0.0024939450756280754, 0.000365974140231184, 0.0015642824575093422, -0.002224001583431549, -0.0006059305452112739, -0.0024125604719018815, 0.0005844577530846137, -0.0019987482951852784, -0.0019646899541632765, -0.002004877809598353, -0.001717759706525122, -0.0026904407328352258, -0.002089071578574132, -0.0018989530146336475, -0.0018200847173369952, 0.002561578887448441, -0.002161247369413955, 0.0011483726808183242, -0.0022118167918193997, 0.0005813140641211743, 0.0008383709129417999, -0.0020500837668635933, 0.0005964082967020582, -0.001942690626517728, 0.004703034334922603, -0.002543685025436852, -0.0019091937427002778, -0.002463848505566235, -0.0027347901599398617, -0.002275960170697014, -0.0027698098175611167, -0.0022959197958684653, -0.0025621935347316487, 0.0006997154365831401, -0.0022509848058525615, -0.0018438257134987166, -0.0015297511190891498, -0.0023090396084769925, -0.002741940954986942, 0.04146895922266254, 0.009787058003832092, -0.002166999083607354, 0.007444302785400913, 0.009621812539993996, 0.0006798373347544129, 0.0008386040957140574, 0.0020293477626794126, -0.0004445644062684287, 0.0037557691119759896, -0.0021205402278437853, -0.000429943067784784, 0.008687175310652944, -0.002740295805145397, -0.001974999693323031, 0.0004108824138815121, -0.002285252922385651, -0.0026036260770743707, 0.0003580512136701381, 0.0035668884144008607]
Daily Returns: [0, 0, 0, -0.006311450703293095, 0, 0, 0, 0, -0.0025906983413794744, 0, 0, 0, 0, 0, 0, -0.002001265167634711, 0, 0, 0, 0, 0.0038754391299693153, 0, -0.002206618338439139, 0, 0, 0, 0, 0, 0, 0, 0, 0, 0, 0, 0.00010714729883571889, 0, 0.0009106544659375248, 0, 0, 0, 0, 0, 0, 0, 0, 0, 0, 0, 0, 0, 0, 0, 0, 0, 0, 0, 0, 0, 0, 0, 0, 0, 0, 0, 0, -0.0017279047052909434, 0, 0, 0, 0, 0, 0.001318572486939042, 0, 0, 0, 0, 0, 0, -0.002402957840056828, 0, 0, 0, 0, 0, 0, 0, 0.007082546649926681, 0, 0, 0, 0, 0, 0, 0, 0, 0, 0, 0, 0, 0, -7.613247049881921e-06, 0, 0.005017168002801655, 0, 0, -0.0016817162596206288, 0, 0, 0, 0, 0, -0.002475604388933574, 0, 0, 0, 0, 0.031180646547707563, 0, 0, 0, 0, 0, 0, 0, 0, 0, 0, 0, 0, 0, 0, 0, 0, 0, 0, 0, 0, 0, 0, 0, 0, 0, 0, 0, 0, 0, 0, 0, 0, 0, 0.0010973102068291005, 0, 0.01027209255199603, 0, 0, 0, 0, 0, 0, 0, 0, 0, -0.0021931262614119074, 0, 0, 0, 0, 0, 0, 0, 0, 0, 0, 0, 0, 0, 0, -0.0010800974511615362, 0, 0, -0.0020197178615139473, 0, 0.0035123288977043526, 0, 0, 0, 0, 0, 0, 0, 0, -0.0024295654366002163, 0, 0, 0, 0, 0, 0, 0, 0, 0, 0, 0, 0, 0, 0, 0, 0, 0, 0, 0, 0, 0, 0, 0, 0, 0, 0, 0, 0, 0, 0.00032412061681801616, -0.0004466655683086911, 0, 0, -0.002344210715240667, 0, -0.0020743612619459353, 0, 0, 0, 0, 0, -0.0017385372079972716, 0, 0, 0, 0, -0.004134037344903002, -0.0021103506797764218, 0, 0, 0.001396935571489703, 0, 0, 0, 0, 0, 0.0030720214268895596, 0, 0, 0, 0, 0, 0, 0, 0, 0.009786198441130045, 0.0027986073420983703, 0, 0, 0, 0, 0, 0, 0, 0, 0, 0, 0.010872696115071146, 0, 0, 0, 0, 0, 0, 0, 0, 0, 0, 0, 0, 0, 0, 0, 0, 0, 0, 0, 0, 0, 0, 0, 0, 0, 0, 0, 0, 0, 0, 0, 0, 0, 0, -0.002158724891522723, -0.0023278636970740867, 0, 0, 0, 0, 0, 0, 0, 0, 0, 0, -0.0017335930394878016, 0.0018453550265477151, 0, 0, -0.004407315261674417, 0, 0, 0, 0, 0, 0, 0, 0, 0.00764795000300815, 0, 0, 0, 0.009216439783755618, -0.002047068073165475, 0, 0, 0, 0, 0, 0, 0, -0.0021620575042757117, 0, 0.001390595692387304, -0.002084791072357681, -0.0008306245145700857, -0.0024939450756280754, 0, 0, 0, 0, 0, 0, 0, 0, 0, 0, 0, 0, 0, 0, 0, 0, 0, 0, 0, 0, 0, 0, 0, 0, 0, 0, 0, 0, 0, 0, 0, 0, 0, 0, 0.000365974140231184, 0.0015642824575093422, 0, 0, 0, 0, 0, 0, 0, 0, 0, 0, 0, 0, -0.002224001583431549, 0, 0, 0, -0.0006059305452112739, -0.0024125604719018815, 0.0005844577530846137, 0, 0, 0, 0, 0, -0.0019987482951852784, 0, 0, 0, -0.0019646899541632765, -0.002004877809598353, 0, 0, 0, 0, 0, 0, 0, 0, -0.001717759706525122, 0, 0, 0, -0.0026904407328352258, 0, 0, 0, 0, 0, 0, 0, 0, 0, 0, 0, 0, 0, 0, 0, 0, 0, 0, 0, 0, 0, 0, 0, 0, 0, 0, 0, 0, 0, 0, 0, 0, 0, 0, 0, 0, 0, 0, -0.002089071578574132, 0, 0, 0, 0, 0, 0, -0.0018989530146336475, 0, 0, -0.0018200847173369952, 0, 0, 0, 0, 0, 0, 0, 0, 0, 0.002561578887448441, -0.002161247369413955, 0, 0.0011483726808183242, 0, 0, 0, -0.0022118167918193997, 0, 0.0005813140641211743, 0, 0, 0, 0, 0, 0, 0.0008383709129417999, 0, 0, 0, 0, 0, 0, 0, 0, 0, 0, 0, 0, 0, 0, 0, 0, 0, 0, 0, 0, 0, 0, 0, 0, 0, 0, 0, 0, 0, 0, 0, -0.0020500837668635933, 0.0005964082967020582, 0, 0, 0, 0, 0, 0, 0, 0, 0, 0, 0, 0, 0, 0, 0, 0, -0.001942690626517728, 0, 0, 0, 0, 0, 0, 0, 0, 0.004703034334922603, 0, 0, 0, 0, 0, -0.002543685025436852, 0, 0, 0, 0, 0, 0, -0.0019091937427002778, 0, 0, 0, 0, 0, 0, -0.002463848505566235, 0, 0, 0, 0, -0.0027347901599398617, -0.002275960170697014, 0, 0, 0, 0, 0, 0, 0, 0, 0, 0, 0, 0, 0, 0, 0, 0, 0, 0, 0, 0, 0, 0, 0, 0, 0, 0, 0, 0, 0, 0, 0, 0, 0, -0.0027698098175611167, 0, -0.0022959197958684653, -0.0025621935347316487, 0, 0, 0, 0, 0, 0, 0, 0, 0.0006997154365831401, 0, 0, 0, 0, 0, 0, 0, 0, -0.0022509848058525615, 0, 0, -0.0018438257134987166, 0, 0, 0, 0, 0, 0, 0, -0.0015297511190891498, 0, 0, 0, -0.0023090396084769925, 0, 0, 0, 0, -0.002741940954986942, 0.04146895922266254, 0, 0, 0, 0, 0, 0, 0, 0, 0, 0, 0, 0, 0, 0, 0, 0, 0, 0, 0, 0, 0, 0, 0, 0, 0, 0, 0, 0, 0, 0, 0, 0, 0, 0, 0, 0, 0, 0.009787058003832092, 0, 0, 0, 0.005277303701793559, 0, 0, 0.009621812539993996, 0, 0, 0.0006798373347544129, 0.0008386040957140574, 0, 0, 0, 0, 0.0020293477626794126, 0, 0, 0.003311204705707561, 0, 0, -0.0021205402278437853, 0, 0, 0, 0, 0, 0, -0.000429943067784784, 0, 0, 0, 0, 0, 0, 0, 0, 0.008687175310652944, 0, -0.002740295805145397, 0, 0, 0, 0, 0, 0, 0, 0, 0, 0, 0, 0, 0, 0, 0, 0, 0, 0, 0, 0, 0, 0, 0, 0, 0, 0, 0, 0, 0, 0, 0, -0.001974999693323031, 0, 0, 0, 0, 0.0004108824138815121, 0, 0, 0, 0, 0, -0.002285252922385651, 0, 0, 0, 0, 0, 0, 0, 0, 0, 0, 0, 0, 0, -0.0026036260770743707, 0, 0, 0, 0, 0, 0, 0, 0, 0, 0.0039249396280709985, 0, 0]
Start Date: 2023-04-07
End Date: 2025-11-06
Sharpe Ratio: 0.043
Annualized Sharpe: 0.69
Sharpe 95% CI: (np.float64(-0.48), np.float64(1.41))
Sortino Ratio: 0.11
CAGR: 0.024
Calmar Ratio: 0.45
Daily Win Rate (%): 0.395
Max Drawdown: 0.053
Profit Factor: 1.557
Expectancy: 0.000684
Average Win: 0.004846
Average Loss: 0.00203
Total Trades: 114
Total Days: 810



Rolling 3 - Variant 4 - atr_0.25_12 - Fit Metrics
Contracts: [3, 4, 4, 3, 3, 3, 3, 3, 3, 3, 2, 1, 2, 1, 1, 2, 2, 2, 2, 2, 2, 2, 1, 2, 1, 2, 2, 1, 1, 1, 2, 2, 2, 2, 2, 2, 2, 2, 2, 2, 2, 2, 3, 2, 2, 3, 2, 3, 3, 3, 3, 2, 2, 3, 3, 5, 3, 3, 3, 3, 3, 4, 4, 4, 4, 3, 3, 5, 3, 3, 3, 5, 5, 5, 5, 4, 3, 3, 4, 4, 4, 5, 3, 5, 4, 4, 3, 5, 4, 5, 4, 3, 4, 3, 4, 4, 5, 3, 4, 5, 5, 5, 3, 4, 4, 4, 4, 4, 3, 4, 6, 7, 8, 5, 5, 5, 5, 6, 5, 5, 6, 6, 6, 7, 7, 6, 6, 7, 7, 6, 6, 6, 5, 4, 4, 4, 6, 3, 3, 3, 3, 4, 5, 5, 4, 4, 6, 6, 6, 5, 5, 3, 7, 7, 6, 5, 8, 5, 1, 4, 4, 5, 3, 5, 5, 6, 6, 6, 7, 5, 5, 7, 7, 6, 6, 4, 7, 8, 7, 6, 6, 5, 7, 7]
Trade Returns: [0.004673999999999995, -0.001879216541883238, 0.004738797709581083, 0.004400826569320462, -0.002021795069428799, -0.0018476601255933607, -0.0017915600261889178, 0.004227560834540777, 0.0009143915733473045, -0.002260161829959899, 0.020647161064900426, -0.001267625501687913, 0.0016971170369967598, -0.001133797816375059, 0.004548087110976795, -0.0024202812666010783, 0.005433766093530946, -0.0027914219526496407, -0.0019757917183008196, 0.0031752493384897156, -0.0017666235987594632, -0.0027992358009149574, -0.0012632755512519236, -0.0028017626623351387, 0.0014691154522108835, 0.006338669385277479, 0.018517301245442205, -0.001140798445021487, -0.001237118103921721, 0.0003120409763077261, 0.004218847482386614, 0.006379343654939635, -0.0020740718434395706, -4.149221078043075e-05, -0.002097329676837709, -0.0019144476478021675, -0.002164518574677785, 0.0007724288343140275, -0.0016670257765278227, -0.001637357585980267, 0.013542721025274127, 0.0015167613391050313, 0.001203324324020385, -0.0004156026987966293, -0.0018204224428870538, -0.002285306865301985, -0.0016022506732461738, -0.002096440007534374, -0.0020725310360578857, 0.0026896719999849033, -0.0022693360447151615, -0.0017432143208270614, 0.0015303436075956515, -0.002048056521064912, -0.002677601945003987, -0.0018362443749523288, 0.007845616903894546, -0.0017400072784618172, -0.0022420757821614355, 0.0006015117742122481, -0.002708980536811886, 0.0020525146165364843, -0.002520411718010853, -0.0025120284962386013, -0.0012911383727086288, 0.002570674463297757, 0.0012220796674115972, 0.0031121518852165126, -0.0030039393432399948, -0.001802185434995855]
Daily Returns: [0.004673999999999995, 0, 0, 0, 0, 0, 0, 0, 0, 0, 0, 0, 0, 0, -0.001879216541883238, 0.004738797709581083, 0, 0, 0, 0, 0, 0, 0, 0, 0, 0, 0, 0, 0, 0, 0, 0.004400826569320462, -0.002021795069428799, 0, -0.0018476601255933607, 0, 0, 0, 0, 0, 0, -0.0017915600261889178, 0, 0, 0, 0, 0, 0.005141952407888081, -0.002260161829959899, 0, 0, 0, 0, 0, 0.020647161064900426, 0, 0, 0, 0, 0, 0, 0, 0, 0, 0, 0, 0, 0, 0, 0, 0, 0, 0, 0, 0, 0, 0, 0, 0, 0, 0, 0, 0, 0, 0, 0, 0, 0, 0, 0, 0, 0, 0, -0.001267625501687913, 0, 0, 0, 0, 0.0016971170369967598, -0.001133797816375059, 0, 0, 0, 0, 0, 0, 0, 0, 0, 0, 0.004548087110976795, 0, 0, -0.0024202812666010783, 0.005433766093530946, 0, -0.0027914219526496407, 0, -0.0019757917183008196, 0.0031752493384897156, 0, 0, -0.0017666235987594632, -0.0027992358009149574, 0, 0, -0.0012632755512519236, 0, 0, 0, 0, -0.0028017626623351387, 0, 0, 0, 0, 0, 0, 0, 0, 0, 0, 0, 0, 0, 0, 0, 0, 0, 0, 0, 0, 0, 0, 0.0014691154522108835, 0, 0, 0, 0, 0, 0, 0, 0, 0, 0, 0, 0, 0, 0.006338669385277479, 0, 0, 0.017376502800420718, 0, 0, 0, 0, 0, -0.001237118103921721, 0, 0, 0, 0, 0.0003120409763077261, 0, 0, 0, 0, 0, 0.004218847482386614, 0.0043052718115000645, -4.149221078043075e-05, 0, 0, 0, -0.002097329676837709, 0, 0, 0, 0, 0, 0, 0, -0.003306537388165925, -0.0016670257765278227, 0, 0, -0.001637357585980267, 0, 0, 0, 0.013542721025274127, 0, 0, 0, 0, 0, 0, 0, 0, 0, 0, 0, 0, 0, 0, 0, 0, 0, 0, 0, 0, 0, 0, 0, 0, 0, 0, 0, 0, 0, 0, 0, 0, 0, 0, 0, 0, 0, 0.0015167613391050313, 0, 0, 0, 0, 0, 0, 0, 0.001203324324020385, 0, 0, 0, 0, 0, 0, -0.0004156026987966293, 0, 0, -0.0018204224428870538, -0.003887557538548159, -0.002096440007534374, 0, 0, 0, 0, 0.0006171409639270176, 0, 0, 0, 0, 0, 0, -0.0022693360447151615, 0, 0, 0, -0.0017432143208270614, 0.0015303436075956515, 0, 0, 0, 0, 0, 0, 0, 0, 0, 0, 0, 0, 0, 0, 0, 0, 0, 0, 0, 0, 0, 0, 0, 0, 0, 0, 0, 0, 0, 0, 0, 0, 0, 0, 0, 0, 0, 0, -0.002048056521064912, 0, 0, -0.002677601945003987, 0, 0, 0, 0, 0, 0.006009372528942217, -0.0017400072784618172, 0, 0, 0, 0, -0.0022420757821614355, 0, -0.002107468762599638, 0, 0, 0, 0, 0, 0.0020525146165364843, -0.002520411718010853, 0, 0, 0, 0, 0, -0.0038031668689472303, 0, 0, 0, 0, 0.002570674463297757, 0, 0, 0, 0, 0.0012220796674115972, 0.00010821254197651781, 0, 0, 0, 0, 0, 0, 0, 0, 0, 0, 0, 0, 0, 0, 0, 0, 0, 0, 0, 0, 0, 0, 0, 0, 0, 0, 0, 0, 0, 0, 0, 0, -0.001802185434995855, 0, 0, 0, 0, 0, 0, 0, 0, 0]
Start Date: 2021-12-17
End Date: 2023-04-06
Sharpe Ratio: 0.067
Annualized Sharpe: 1.059
Sharpe 95% CI: (np.float64(-0.487), np.float64(2.081))
Sortino Ratio: 0.153
CAGR: 0.031
Calmar Ratio: 1.614
Daily Win Rate (%): 0.4
Max Drawdown: 0.019
Profit Factor: 1.616
Expectancy: 0.00071
Average Win: 0.004655
Average Loss: 0.001921
Total Trades: 70
Total Days: 408

Rolling 3 - Variant 4 - atr_0.25_12 - Test Metrics
Contracts: [3, 4, 4, 3, 3, 3, 3, 3, 3, 3, 2, 1, 2, 1, 1, 2, 2, 2, 2, 2, 2, 2, 1, 2, 1, 2, 2, 1, 1, 1, 2, 2, 2, 2, 2, 2, 2, 2, 2, 2, 2, 2, 3, 2, 2, 3, 2, 3, 3, 3, 3, 2, 2, 3, 3, 5, 3, 3, 3, 3, 3, 4, 4, 4, 4, 3, 3, 5, 3, 3, 3, 5, 5, 5, 5, 4, 3, 3, 4, 4, 4, 5, 3, 5, 4, 4, 3, 5, 4, 5, 4, 3, 4, 3, 4, 4, 5, 3, 4, 5, 5, 5, 3, 4, 4, 4, 4, 4, 3, 4, 6, 7, 8, 5, 5, 5, 5, 6, 5, 5, 6, 6, 6, 7, 7, 6, 6, 7, 7, 6, 6, 6, 5, 4, 4, 4, 6, 3, 3, 3, 3, 4, 5, 5, 4, 4, 6, 6, 6, 5, 5, 3, 7, 7, 6, 5, 8, 5, 1, 4, 4, 5, 3, 5, 5, 6, 6, 6, 7, 5, 5, 7, 7, 6, 6, 4, 7, 8, 7, 6, 6, 5, 7, 7]
Trade Returns: [-0.002012563739133586, -0.002016622320090528, -0.0023080002375037586, -0.0026013069887807832, -0.0020094815191218332, 0.0008595079461221406, 0.003031863496710639, -0.001662603793707625, 0.00010758637649082884, 0.000914385824714562, -0.0017349782360031013, 0.0013239927922372122, -0.002412811935248202, 0.007111622643252523, -7.6442810267186e-06, 0.0050376197055782244, -0.001688537152571121, -0.002485662205172844, 0.026037509595078154, 0.0011073022395419998, 0.010365526074614695, -0.002212848859114677, -0.0021606547170610678, 0.0010708115537254766, -0.0020379607101850047, 0.003544118354315664, -0.002451477337658748, 0.0003270509977827067, -0.00045070256032300727, -0.002365407395224465, -0.002093162397912025, -0.00175427883040676, -0.0019353224147040022, -0.002236251418552344, -0.0021295725776577317, 0.003425034464875668, -0.0020152856816183277, 0.0030999233372252435, 0.00988210624937264, 0.002118087573699951, 0.010978209248644247, -0.0021794465625921775, -0.0023502577437160732, -0.0017503441121539875, 0.0016432511034568666, 0.00021996271631961786, -0.003199753695935435, -0.001250181552100398, 0.007722171191055185, 0.009305197319869354, -0.0020668072583344475, -0.0021826869129278064, 0.0014038931735241055, -0.0021046988034732978, -0.000838572901389632, -0.0025178300882512175, 0.0003694859231323562, 0.0015792873193053072, -0.0022453009448066526, -0.0006117466276557002, -0.0020877701485304545, 0.0005900693513607773, -0.002017288435734303, -0.0019829510115977034, -0.0020235494229951475, -0.0017337898000264486, -0.002715591469068752, -0.0021086537822939504, -0.0019167700762276203, -0.0018371945872140147, 0.0020685628492785003, -0.002182675108810055, 0.0011591598586823235, -0.0022337938718043323, 0.0005871030551654179, 0.0008467148947548247, -0.0020704701971028276, 0.000602351401396538, -0.001962037546263955, 0.004750083989697297, -0.0025690669446719805, -0.001928203222960109, -0.0024884279723871986, -0.0023676031104245617, -0.002298721895699227, -0.002796613992091298, -0.002318200322663331, -0.002586924409318928, 0.0007065215337940173, -0.002272864564455722, -0.0018617886794166409, -0.0015447169918869118, -0.0023315767524737475, -0.0027688074337246476, 0.025083867323611484, 0.01004119608255599, -0.0022227096046488924, 0.007636111752482063, 0.009867848193155313, 0.0005808761063874852, 0.0007166026864436584, 0.002081191863047389, -0.0004558981827392607, 0.0033013395402378466, -0.0021756111464893485, -0.00044113313361817264, 0.008913374945964525, -0.0028110181873593847, -0.002026114767626032, 0.0004215380735349831, -0.0020095652424443246, -0.0026703811427787865, 0.00036725596474341686, 0.00365855202359704]
Daily Returns: [0, 0, 0, -0.006337186296727873, 0, 0, 0, 0, -0.0026013069887807832, 0, 0, 0, 0, 0, 0, -0.0020094815191218332, 0, 0, 0, 0, 0.0038913714428327794, 0, -0.001662603793707625, 0, 0, 0, 0, 0, 0, 0, 0, 0, 0, 0, 0.00010758637649082884, 0, 0.000914385824714562, 0, 0, 0, 0, 0, 0, 0, 0, 0, 0, 0, 0, 0, 0, 0, 0, 0, 0, 0, 0, 0, 0, 0, 0, 0, 0, 0, 0, -0.0017349782360031013, 0, 0, 0, 0, 0, 0.0013239927922372122, 0, 0, 0, 0, 0, 0, -0.002412811935248202, 0, 0, 0, 0, 0, 0, 0, 0.007111622643252523, 0, 0, 0, 0, 0, 0, 0, 0, 0, 0, 0, 0, 0, -7.6442810267186e-06, 0, 0.0050376197055782244, 0, 0, -0.001688537152571121, 0, 0, 0, 0, 0, -0.002485662205172844, 0, 0, 0, 0, 0.026037509595078154, 0, 0, 0, 0, 0, 0, 0, 0, 0, 0, 0, 0, 0, 0, 0, 0, 0, 0, 0, 0, 0, 0, 0, 0, 0, 0, 0, 0, 0, 0, 0, 0, 0, 0.0011073022395419998, 0, 0.010365526074614695, 0, 0, 0, 0, 0, 0, 0, 0, 0, -0.002212848859114677, 0, 0, 0, 0, 0, 0, 0, 0, 0, 0, 0, 0, 0, 0, -0.0010898431633355912, 0, 0, -0.0020379607101850047, 0, 0.003544118354315664, 0, 0, 0, 0, 0, 0, 0, 0, -0.002451477337658748, 0, 0, 0, 0, 0, 0, 0, 0, 0, 0, 0, 0, 0, 0, 0, 0, 0, 0, 0, 0, 0, 0, 0, 0, 0, 0, 0, 0, 0, 0.0003270509977827067, -0.00045070256032300727, 0, 0, -0.002365407395224465, 0, -0.002093162397912025, 0, 0, 0, 0, 0, -0.00175427883040676, 0, 0, 0, 0, -0.004171573833256346, -0.0021295725776577317, 0, 0, 0.0014097487832573402, 0, 0, 0, 0, 0, 0.0030999233372252435, 0, 0, 0, 0, 0, 0, 0, 0, 0.00988210624937264, 0.002118087573699951, 0, 0, 0, 0, 0, 0, 0, 0, 0, 0, 0.010978209248644247, 0, 0, 0, 0, 0, 0, 0, 0, 0, 0, 0, 0, 0, 0, 0, 0, 0, 0, 0, 0, 0, 0, 0, 0, 0, 0, 0, 0, 0, 0, 0, 0, 0, 0, -0.0021794465625921775, -0.0023502577437160732, 0, 0, 0, 0, 0, 0, 0, 0, 0, 0, -0.0017503441121539875, 0.0018632138197764844, 0, 0, -0.0044499352480358335, 0, 0, 0, 0, 0, 0, 0, 0, 0.007722171191055185, 0, 0, 0, 0.009305197319869354, -0.0020668072583344475, 0, 0, 0, 0, 0, 0, 0, -0.0021826869129278064, 0, 0.0014038931735241055, -0.0021046988034732978, -0.000838572901389632, -0.0025178300882512175, 0, 0, 0, 0, 0, 0, 0, 0, 0, 0, 0, 0, 0, 0, 0, 0, 0, 0, 0, 0, 0, 0, 0, 0, 0, 0, 0, 0, 0, 0, 0, 0, 0, 0, 0.0003694859231323562, 0.0015792873193053072, 0, 0, 0, 0, 0, 0, 0, 0, 0, 0, 0, 0, -0.0022453009448066526, 0, 0, 0, -0.0006117466276557002, -0.0020877701485304545, 0.0005900693513607773, 0, 0, 0, 0, 0, -0.002017288435734303, 0, 0, 0, -0.0019829510115977034, -0.0020235494229951475, 0, 0, 0, 0, 0, 0, 0, 0, -0.0017337898000264486, 0, 0, 0, -0.002715591469068752, 0, 0, 0, 0, 0, 0, 0, 0, 0, 0, 0, 0, 0, 0, 0, 0, 0, 0, 0, 0, 0, 0, 0, 0, 0, 0, 0, 0, 0, 0, 0, 0, 0, 0, 0, 0, 0, 0, -0.0021086537822939504, 0, 0, 0, 0, 0, 0, -0.0019167700762276203, 0, 0, -0.0018371945872140147, 0, 0, 0, 0, 0, 0, 0, 0, 0, 0.0020685628492785003, -0.002182675108810055, 0, 0.0011591598586823235, 0, 0, 0, -0.0022337938718043323, 0, 0.0005871030551654179, 0, 0, 0, 0, 0, 0, 0.0008467148947548247, 0, 0, 0, 0, 0, 0, 0, 0, 0, 0, 0, 0, 0, 0, 0, 0, 0, 0, 0, 0, 0, 0, 0, 0, 0, 0, 0, 0, 0, 0, 0, -0.0020704701971028276, 0.000602351401396538, 0, 0, 0, 0, 0, 0, 0, 0, 0, 0, 0, 0, 0, 0, 0, 0, -0.001962037546263955, 0, 0, 0, 0, 0, 0, 0, 0, 0.004750083989697297, 0, 0, 0, 0, 0, -0.0025690669446719805, 0, 0, 0, 0, 0, 0, -0.001928203222960109, 0, 0, 0, 0, 0, 0, -0.0024884279723871986, 0, 0, 0, 0, -0.0023676031104245617, -0.002298721895699227, 0, 0, 0, 0, 0, 0, 0, 0, 0, 0, 0, 0, 0, 0, 0, 0, 0, 0, 0, 0, 0, 0, 0, 0, 0, 0, 0, 0, 0, 0, 0, 0, 0, -0.002796613992091298, 0, -0.002318200322663331, -0.002586924409318928, 0, 0, 0, 0, 0, 0, 0, 0, 0.0007065215337940173, 0, 0, 0, 0, 0, 0, 0, 0, -0.002272864564455722, 0, 0, -0.0018617886794166409, 0, 0, 0, 0, 0, 0, 0, -0.0015447169918869118, 0, 0, 0, -0.0023315767524737475, 0, 0, 0, 0, -0.0027688074337246476, 0.025083867323611484, 0, 0, 0, 0, 0, 0, 0, 0, 0, 0, 0, 0, 0, 0, 0, 0, 0, 0, 0, 0, 0, 0, 0, 0, 0, 0, 0, 0, 0, 0, 0, 0, 0, 0, 0, 0, 0, 0.01004119608255599, 0, 0, 0, 0.0054134021478331705, 0, 0, 0.009867848193155313, 0, 0, 0.0005808761063874852, 0.0007166026864436584, 0, 0, 0, 0, 0.002081191863047389, 0, 0, 0.002845441357498586, 0, 0, -0.0021756111464893485, 0, 0, 0, 0, 0, 0, -0.00044113313361817264, 0, 0, 0, 0, 0, 0, 0, 0, 0.008913374945964525, 0, -0.0028110181873593847, 0, 0, 0, 0, 0, 0, 0, 0, 0, 0, 0, 0, 0, 0, 0, 0, 0, 0, 0, 0, 0, 0, 0, 0, 0, 0, 0, 0, 0, 0, 0, -0.002026114767626032, 0, 0, 0, 0, 0.0004215380735349831, 0, 0, 0, 0, 0, -0.0020095652424443246, 0, 0, 0, 0, 0, 0, 0, 0, 0, 0, 0, 0, 0, -0.0026703811427787865, 0, 0, 0, 0, 0, 0, 0, 0, 0, 0.0040258079883404565, 0, 0]
Start Date: 2023-04-07
End Date: 2025-11-06
Sharpe Ratio: 0.039
Annualized Sharpe: 0.618
Sharpe 95% CI: (np.float64(-0.558), np.float64(1.435))
Sortino Ratio: 0.079
CAGR: 0.017
Calmar Ratio: 0.325
Daily Win Rate (%): 0.395
Max Drawdown: 0.054
Profit Factor: 1.405
Expectancy: 0.000497
Average Win: 0.004368
Average Loss: 0.002028
Total Trades: 114
Total Days: 810



Rolling 4 - Variant 0 - atr_0.25_15 - Fit Metrics
Contracts: [3, 4, 4, 3, 3, 3, 3, 3, 3, 3, 2, 1, 2, 1, 1, 2, 2, 2, 2, 2, 2, 2, 1, 2, 1, 2, 2, 1, 1, 1, 2, 2, 2, 2, 2, 2, 2, 2, 2, 2, 2, 2, 3, 2, 2, 3, 2, 3, 4, 3, 3, 2, 2, 3, 3, 5, 3, 3, 3, 3, 3, 4, 4, 4, 4, 3, 3, 5, 3, 3, 4, 5, 5, 5, 5, 4, 3, 3, 4, 4, 4, 5, 3, 5, 4, 4, 3, 5, 4, 5, 4, 3, 4, 3, 4, 4, 5, 3, 4, 5, 5, 5, 3, 4, 4, 4, 4, 4, 4, 4, 6, 7, 8, 5, 5, 5, 5, 6, 5, 5, 6, 7, 7, 7, 7, 6, 6, 7, 7, 6, 6, 7, 5, 4, 4, 4, 6, 3, 3, 3, 3, 5, 5, 5, 4, 4, 6, 6, 6, 5, 5, 3, 7, 7, 7, 5, 8, 5, 2, 4, 4, 5, 3, 5, 5, 6, 6, 6, 7, 5, 6, 7, 7, 7, 6, 4, 7, 8, 7, 6, 7, 5, 7, 7]
Trade Returns: [0.004673999999999995, -0.001879216541883238, 0.004738797709581083, 0.004400826569320462, -0.002021795069428799, -0.0018476601255933607, -0.0017915600261889178, 0.004227560834540777, 0.0009143915733473045, -0.002260161829959899, 0.02581985163692866, -0.0012612643790868524, 0.0016885593343134932, -0.0011281010747761608, 0.004525209541485245, -0.0024082269000089696, 0.005406556553003612, -0.0027774855339295114, -0.0019658723029366905, 0.003159265152611017, -0.0017577368367289645, -0.0027852214462051363, -0.0012569096241434768, -0.0027876261874475628, 0.0014616822140026842, 0.006306644625027586, 0.023040995968114243, -0.001130051858286608, -0.0012254509791372143, 0.00030909454146579456, 0.004179023487694695, 0.006319376167996337, -0.0020546974635114066, -4.1103824524036384e-05, -0.002077696895412624, -0.0018964735336998838, -0.002144158014306902, 0.0007651712070575915, -0.0016513885144243724, -0.0016219226745542523, 0.013414850190159894, 0.0015026296018031513, 0.0011921297155972233, -0.0004117409222254832, -0.0018035001261707895, -0.0022640246849325234, -0.0015872956729425694, -0.0020768412606594375, -0.002737487308268369, 0.002666251666407326, -0.002249628334470924, -0.0017280415029837753, 0.0015170005444680127, -0.002030226568036021, -0.002654243878614832, -0.0018201268607631288, 0.0077766269472336925, -0.001724824699189068, -0.0022224649773421564, 0.0005962410398745347, -0.0026852572963004155, 0.002034491821380701, -0.002498325329509108, -0.0024900717095480964, -0.0012798199946391204, 0.0025480912016132267, 0.0012113710380430962, 0.0030848329048843155, -0.002977648788210017, -0.0017864142068923924, -0.0019959891024670796, -0.0019999810428337167, -0.0022889163263367833, -0.002579748498319831, -0.0019927847448891938, 0.0008523734883242204, 0.0030066214525883133, -0.002197370706254577, 0.00010669410229295971, 0.0009068031189455368, -0.0017206036578054306, 0.0013129780329410438, -0.0023927869390058584, 0.007052536145440663, -7.581213752336836e-06]
Daily Returns: [0.004673999999999995, 0, 0, 0, 0, 0, 0, 0, 0, 0, 0, 0, 0, 0, -0.001879216541883238, 0.004738797709581083, 0, 0, 0, 0, 0, 0, 0, 0, 0, 0, 0, 0, 0, 0, 0, 0.004400826569320462, -0.002021795069428799, 0, -0.0018476601255933607, 0, 0, 0, 0, 0, 0, -0.0017915600261889178, 0, 0, 0, 0, 0, 0.005141952407888081, -0.002260161829959899, 0, 0, 0, 0, 0, 0.02581985163692866, 0, 0, 0, 0, 0, 0, 0, 0, 0, 0, 0, 0, 0, 0, 0, 0, 0, 0, 0, 0, 0, 0, 0, 0, 0, 0, 0, 0, 0, 0, 0, 0, 0, 0, 0, 0, 0, 0, -0.0012612643790868524, 0, 0, 0, 0, 0.0016885593343134932, -0.0011281010747761608, 0, 0, 0, 0, 0, 0, 0, 0, 0, 0, 0.004525209541485245, 0, 0, -0.0024082269000089696, 0.005406556553003612, 0, -0.0027774855339295114, 0, -0.0019658723029366905, 0.003159265152611017, 0, 0, -0.0017577368367289645, -0.0027852214462051363, 0, 0, -0.0012569096241434768, 0, 0, 0, 0, -0.0027876261874475628, 0, 0, 0, 0, 0, 0, 0, 0, 0, 0, 0, 0, 0, 0, 0, 0, 0, 0, 0, 0, 0, 0, 0.0014616822140026842, 0, 0, 0, 0, 0, 0, 0, 0, 0, 0, 0, 0, 0, 0.006306644625027586, 0, 0, 0.021910944109827635, 0, 0, 0, 0, 0, -0.0012254509791372143, 0, 0, 0, 0, 0.00030909454146579456, 0, 0, 0, 0, 0, 0.004179023487694695, 0.0042646787044849305, -4.1103824524036384e-05, 0, 0, 0, -0.002077696895412624, 0, 0, 0, 0, 0, 0, 0, -0.0032754603409491947, -0.0016513885144243724, 0, 0, -0.0016219226745542523, 0, 0, 0, 0.013414850190159894, 0, 0, 0, 0, 0, 0, 0, 0, 0, 0, 0, 0, 0, 0, 0, 0, 0, 0, 0, 0, 0, 0, 0, 0, 0, 0, 0, 0, 0, 0, 0, 0, 0, 0, 0, 0, 0, 0.0015026296018031513, 0, 0, 0, 0, 0, 0, 0, 0.0011921297155972233, 0, 0, 0, 0, 0, 0, -0.0004117409222254832, 0, 0, -0.0018035001261707895, -0.0038513203578750925, -0.0020768412606594375, 0, 0, 0, 0, -7.123564186104284e-05, 0, 0, 0, 0, 0, 0, -0.002249628334470924, 0, 0, 0, -0.0017280415029837753, 0.0015170005444680127, 0, 0, 0, 0, 0, 0, 0, 0, 0, 0, 0, 0, 0, 0, 0, 0, 0, 0, 0, 0, 0, 0, 0, 0, 0, 0, 0, 0, 0, 0, 0, 0, 0, 0, 0, 0, 0, 0, -0.002030226568036021, 0, 0, -0.002654243878614832, 0, 0, 0, 0, 0, 0.005956500086470563, -0.001724824699189068, 0, 0, 0, 0, -0.0022224649773421564, 0, -0.002089016256425881, 0, 0, 0, 0, 0, 0.002034491821380701, -0.002498325329509108, 0, 0, 0, 0, 0, -0.003769891704187217, 0, 0, 0, 0, 0.0025480912016132267, 0, 0, 0, 0, 0.0012113710380430962, 0.00010718411667429845, 0, 0, 0, 0, 0, 0, 0, 0, 0, 0, 0, 0, 0, 0, 0, 0, 0, 0, 0, 0, 0, 0, 0, 0, 0, 0, 0, 0, 0, 0, 0, 0, -0.0017864142068923924, 0, 0, 0, 0, 0, 0, 0, 0, 0, 0, 0, 0, -0.00628488647163758, 0, 0, 0, 0, -0.002579748498319831, 0, 0, 0, 0, 0, 0, -0.0019927847448891938, 0, 0, 0, 0, 0.003858994940912534, 0, -0.002197370706254577, 0, 0, 0, 0, 0, 0, 0, 0, 0, 0, 0, 0.00010669410229295971, 0, 0.0009068031189455368, 0, 0, 0, 0, 0, 0, 0, 0, 0, 0, 0, 0, 0, 0, 0, 0, 0, 0, 0, 0, 0, 0, 0, 0, 0, 0, 0, 0, -0.0017206036578054306, 0, 0, 0, 0, 0, 0.0013129780329410438, 0, 0, 0, 0, 0, 0, -0.0023927869390058584, 0, 0, 0, 0, 0, 0, 0, 0.007052536145440663, 0, 0, 0, 0, 0, 0, 0, 0, 0, 0, 0, 0, 0, -7.581213752336836e-06, 0]
Start Date: 2021-12-17
End Date: 2023-08-03
Sharpe Ratio: 0.056
Annualized Sharpe: 0.883
Sharpe 95% CI: (np.float64(-0.582), np.float64(1.812))
Sortino Ratio: 0.1
CAGR: 0.027
Calmar Ratio: 0.953
Daily Win Rate (%): 0.4
Max Drawdown: 0.028
Profit Factor: 1.559
Expectancy: 0.000644
Average Win: 0.004492
Average Loss: 0.001921
Total Trades: 85
Total Days: 510

Rolling 4 - Variant 0 - atr_0.25_15 - Test Metrics
Contracts: [3, 4, 4, 3, 3, 3, 3, 3, 3, 3, 2, 1, 2, 1, 1, 2, 2, 2, 2, 2, 2, 2, 1, 2, 1, 2, 2, 1, 1, 1, 2, 2, 2, 2, 2, 2, 2, 2, 2, 2, 2, 2, 3, 2, 2, 3, 2, 3, 4, 3, 3, 2, 2, 3, 3, 5, 3, 3, 3, 3, 3, 4, 4, 4, 4, 3, 3, 5, 3, 3, 4, 5, 5, 5, 5, 4, 3, 3, 4, 4, 4, 5, 3, 5, 4, 4, 3, 5, 4, 5, 4, 3, 4, 3, 4, 4, 5, 3, 4, 5, 5, 5, 3, 4, 4, 4, 4, 4, 4, 4, 6, 7, 8, 5, 5, 5, 5, 6, 5, 5, 6, 7, 7, 7, 7, 6, 6, 7, 7, 6, 6, 7, 5, 4, 4, 4, 6, 3, 3, 3, 3, 5, 5, 5, 4, 4, 6, 6, 6, 5, 5, 3, 7, 7, 7, 5, 8, 5, 2, 4, 4, 5, 3, 5, 5, 6, 6, 6, 7, 5, 6, 7, 7, 7, 6, 4, 7, 8, 7, 6, 7, 5, 7, 7]
Trade Returns: [0.004996057738961628, -0.0016746754373392272, -0.00246522241784481, 0.03229942108741637, 0.0010915128000513236, 0.010217881292261467, -0.0021816811266462273, -0.002130155593973821, 0.0010557133683786544, -0.0020091320876957043, 0.0034938829695087743, -0.002416850353350791, 0.00032242022831724127, -0.00044432304470543325, -0.002331911110463359, -0.002063452063999884, -0.001729403137005944, -0.0019078319792112108, -0.0022044256958405205, -0.0020991981209974872, 0.0033760798490693644, -0.0019865777715875406, 0.0030558320646445624, 0.009734587818214476, 0.002783806911039379, 0.010815908307792705, -0.002147570572003719, -0.002315809535453643, -0.0017245769368985436, 0.0016190186756969726, 0.00021672424909566126, -0.003152654567647555, -0.0012317211673093964, 0.007608003728737959, 0.009168664549990279, -0.0020364433247009777, -0.002509443855875524, 0.0016145903178221884, -0.0020743406560057706, -0.0008264521945704564, -0.0024814073482599722, 0.00036413078573323753, 0.001556406279417937, -0.002212821114180496, -0.0006028776642796964, -0.0024003978520299256, 0.0005815122189357366, -0.0019886476116432175, -0.0019547416008323885, -0.001994706078975184, -0.0017090272484842346, -0.0026767401077587385, -0.002078404774330338, -0.0018892478500250269, -0.001810765025429123, 0.0025484386018114857, -0.0021501888704037447, 0.0011424968749886057, -0.0022004751565441777, 0.0005783266593949053, 0.0008340649692712911, -0.002039563138734156, 0.0005933413910559032, -0.001932706667838005, 0.004678756057564358, -0.002530587096206321, -0.0018993838896381116, -0.002451164624029481, -0.0027206448499316623, -0.002264214747536381, -0.0027554075799632997, -0.002283948668717889, -0.0025489048020997077, 0.001392117414309397, -0.0022376728202669234, -0.0018328971509998053, -0.0015206465647041665, -0.0022953285398911315, -0.002725597008774363, 0.03088999629958696, 0.009828394841277078, -0.0021760625897670935, 0.007475506594865112, 0.009661844419714901, 0.0005688656286054338, 0.0008421531403961284, 0.0020379289103648226, -0.00044644043474801806, 0.0037716252550012773, -0.0021294591067925524, -0.0004317552443221836, 0.008723806893719368, -0.0027517509946140815, -0.0019832785160078924, 0.0004126081774003647, -0.0022948473450625545, -0.002614582302811031, 0.00035956186589581235, 0.0035819320477567447]
Daily Returns: [0.004996057738961628, 0, 0, -0.0016746754373392272, 0, 0, 0, 0, 0, -0.00246522241784481, 0, 0, 0, 0, 0.03229942108741637, 0, 0, 0, 0, 0, 0, 0, 0, 0, 0, 0, 0, 0, 0, 0, 0, 0, 0, 0, 0, 0, 0, 0, 0, 0, 0, 0, 0, 0, 0, 0, 0, 0, 0.0010915128000513236, 0, 0.010217881292261467, 0, 0, 0, 0, 0, 0, 0, 0, 0, -0.0021816811266462273, 0, 0, 0, 0, 0, 0, 0, 0, 0, 0, 0, 0, 0, 0, -0.0010744422255951666, 0, 0, -0.0020091320876957043, 0, 0.0034938829695087743, 0, 0, 0, 0, 0, 0, 0, 0, -0.002416850353350791, 0, 0, 0, 0, 0, 0, 0, 0, 0, 0, 0, 0, 0, 0, 0, 0, 0, 0, 0, 0, 0, 0, 0, 0, 0, 0, 0, 0, 0, 0.00032242022831724127, -0.00044432304470543325, 0, 0, -0.002331911110463359, 0, -0.002063452063999884, 0, 0, 0, 0, 0, -0.001729403137005944, 0, 0, 0, 0, -0.004112257675051731, -0.0020991981209974872, 0, 0, 0.0013895020774818238, 0, 0, 0, 0, 0, 0.0030558320646445624, 0, 0, 0, 0, 0, 0, 0, 0, 0.009734587818214476, 0.002783806911039379, 0, 0, 0, 0, 0, 0, 0, 0, 0, 0, 0.010815908307792705, 0, 0, 0, 0, 0, 0, 0, 0, 0, 0, 0, 0, 0, 0, 0, 0, 0, 0, 0, 0, 0, 0, 0, 0, 0, 0, 0, 0, 0, 0, 0, 0, 0, 0, -0.002147570572003719, -0.002315809535453643, 0, 0, 0, 0, 0, 0, 0, 0, 0, 0, -0.0017245769368985436, 0.001835742924792634, 0, 0, -0.0043843757349569515, 0, 0, 0, 0, 0, 0, 0, 0, 0.007608003728737959, 0, 0, 0, 0.009168664549990279, -0.0020364433247009777, 0, 0, 0, 0, 0, 0, 0, -0.002509443855875524, 0, 0.0016145903178221884, -0.0020743406560057706, -0.0008264521945704564, -0.0024814073482599722, 0, 0, 0, 0, 0, 0, 0, 0, 0, 0, 0, 0, 0, 0, 0, 0, 0, 0, 0, 0, 0, 0, 0, 0, 0, 0, 0, 0, 0, 0, 0, 0, 0, 0, 0.00036413078573323753, 0.001556406279417937, 0, 0, 0, 0, 0, 0, 0, 0, 0, 0, 0, 0, -0.002212821114180496, 0, 0, 0, -0.0006028776642796964, -0.0024003978520299256, 0.0005815122189357366, 0, 0, 0, 0, 0, -0.0019886476116432175, 0, 0, 0, -0.0019547416008323885, -0.001994706078975184, 0, 0, 0, 0, 0, 0, 0, 0, -0.0017090272484842346, 0, 0, 0, -0.0026767401077587385, 0, 0, 0, 0, 0, 0, 0, 0, 0, 0, 0, 0, 0, 0, 0, 0, 0, 0, 0, 0, 0, 0, 0, 0, 0, 0, 0, 0, 0, 0, 0, 0, 0, 0, 0, 0, 0, 0, -0.002078404774330338, 0, 0, 0, 0, 0, 0, -0.0018892478500250269, 0, 0, -0.001810765025429123, 0, 0, 0, 0, 0, 0, 0, 0, 0, 0.0025484386018114857, -0.0021501888704037447, 0, 0.0011424968749886057, 0, 0, 0, -0.0022004751565441777, 0, 0.0005783266593949053, 0, 0, 0, 0, 0, 0, 0.0008340649692712911, 0, 0, 0, 0, 0, 0, 0, 0, 0, 0, 0, 0, 0, 0, 0, 0, 0, 0, 0, 0, 0, 0, 0, 0, 0, 0, 0, 0, 0, 0, 0, -0.002039563138734156, 0.0005933413910559032, 0, 0, 0, 0, 0, 0, 0, 0, 0, 0, 0, 0, 0, 0, 0, 0, -0.001932706667838005, 0, 0, 0, 0, 0, 0, 0, 0, 0.004678756057564358, 0, 0, 0, 0, 0, -0.002530587096206321, 0, 0, 0, 0, 0, 0, -0.0018993838896381116, 0, 0, 0, 0, 0, 0, -0.002451164624029481, 0, 0, 0, 0, -0.0027206448499316623, -0.002264214747536381, 0, 0, 0, 0, 0, 0, 0, 0, 0, 0, 0, 0, 0, 0, 0, 0, 0, 0, 0, 0, 0, 0, 0, 0, 0, 0, 0, 0, 0, 0, 0, 0, 0, -0.0027554075799632997, 0, -0.002283948668717889, -0.0025489048020997077, 0, 0, 0, 0, 0, 0, 0, 0, 0.001392117414309397, 0, 0, 0, 0, 0, 0, 0, 0, -0.0022376728202669234, 0, 0, -0.0018328971509998053, 0, 0, 0, 0, 0, 0, 0, -0.0015206465647041665, 0, 0, 0, -0.0022953285398911315, 0, 0, 0, 0, -0.002725597008774363, 0.03088999629958696, 0, 0, 0, 0, 0, 0, 0, 0, 0, 0, 0, 0, 0, 0, 0, 0, 0, 0, 0, 0, 0, 0, 0, 0, 0, 0, 0, 0, 0, 0, 0, 0, 0, 0, 0, 0, 0, 0.009828394841277078, 0, 0, 0, 0.005299444005098018, 0, 0, 0.009661844419714901, 0, 0, 0.0005688656286054338, 0.0008421531403961284, 0, 0, 0, 0, 0.0020379289103648226, 0, 0, 0.003325184820253259, 0, 0, -0.0021294591067925524, 0, 0, 0, 0, 0, 0, -0.0004317552443221836, 0, 0, 0, 0, 0, 0, 0, 0, 0.008723806893719368, 0, -0.0027517509946140815, 0, 0, 0, 0, 0, 0, 0, 0, 0, 0, 0, 0, 0, 0, 0, 0, 0, 0, 0, 0, 0, 0, 0, 0, 0, 0, 0, 0, 0, 0, 0, -0.0019832785160078924, 0, 0, 0, 0, 0.0004126081774003647, 0, 0, 0, 0, 0, -0.0022948473450625545, 0, 0, 0, 0, 0, 0, 0, 0, 0, 0, 0, 0, 0, -0.002614582302811031, 0, 0, 0, 0, 0, 0, 0, 0, 0, 0.003941493913652557, 0, 0]
Start Date: 2023-08-04
End Date: 2025-11-06
Sharpe Ratio: 0.049
Annualized Sharpe: 0.778
Sharpe 95% CI: (np.float64(-0.404), np.float64(1.536))
Sortino Ratio: 0.153
CAGR: 0.026
Calmar Ratio: 0.493
Daily Win Rate (%): 0.394
Max Drawdown: 0.052
Profit Factor: 1.597
Expectancy: 0.00074
Average Win: 0.005023
Average Loss: 0.002045
Total Trades: 99
Total Days: 708



Rolling 4 - Variant 1 - atr_0.25_13 - Fit Metrics
Contracts: [3, 4, 4, 3, 3, 3, 3, 3, 3, 3, 2, 1, 2, 1, 1, 2, 2, 2, 2, 2, 2, 2, 1, 2, 1, 2, 2, 1, 1, 1, 2, 2, 2, 2, 2, 2, 2, 2, 2, 2, 2, 2, 3, 2, 2, 3, 2, 3, 3, 3, 3, 2, 2, 3, 3, 5, 3, 3, 3, 3, 3, 4, 4, 4, 4, 3, 3, 5, 3, 3, 3, 5, 5, 5, 5, 4, 3, 3, 4, 4, 4, 5, 3, 5, 4, 4, 3, 5, 4, 5, 4, 3, 4, 3, 4, 4, 5, 3, 4, 5, 5, 5, 3, 4, 4, 4, 4, 4, 3, 4, 6, 7, 8, 5, 5, 5, 5, 6, 5, 5, 6, 6, 6, 7, 7, 6, 6, 7, 7, 6, 6, 7, 5, 4, 4, 4, 6, 3, 3, 3, 3, 5, 5, 5, 4, 4, 6, 6, 6, 5, 5, 3, 7, 7, 6, 5, 8, 5, 1, 4, 4, 5, 3, 5, 5, 6, 6, 6, 7, 5, 6, 7, 7, 7, 6, 4, 7, 8, 7, 6, 6, 5, 7, 7]
Trade Returns: [0.004673999999999995, -0.001879216541883238, 0.004738797709581083, 0.004400826569320462, -0.002021795069428799, -0.0018476601255933607, -0.0017915600261889178, 0.004227560834540777, 0.0009143915733473045, -0.002260161829959899, 0.022371391255576505, -0.001265498010120126, 0.0016942548477206036, -0.0011318925204310466, 0.004540435595622755, -0.002416249758279294, 0.005424665867147642, -0.0027867609661539057, -0.001972474142639603, 0.003169903335365317, -0.0017636513771757724, -0.0027945487054041418, -0.00126114642278045, -0.0027970346002102625, 0.0014666293201375609, 0.006327958388526548, 0.02003026349311737, -0.0011371936105234873, -0.001233204456206087, 0.00031105260961760296, 0.004205488750602019, 0.006359228433756778, -0.002067573246878001, -4.1361935738592554e-05, -0.002090744320019252, -0.0019084185395695109, -0.0021576888922478117, 0.0007699943760214816, -0.0016617805545297642, -0.0016321800775569548, 0.013499827411591076, 0.0015120213180035288, 0.0011995695002914913, -0.00041430741610275326, -0.0018147464955975581, -0.0022781684872063427, -0.0015972344597710618, -0.0020898661208855157, -0.0020660185113753307, 0.002681202732488783, -0.002262209443361081, -0.0017377275348770575, 0.001525518449710751, -0.0020416088556433594, -0.002669155107569027, -0.0018304156925357802, 0.007820667355997473, -0.0017345168860320363, -0.0022349839384205087, 0.0005996057023261002, -0.00270040145715483, 0.0020459969005809106, -0.0025124245466155316, -0.002504088307440718, -0.0012870452629900637, 0.00256250749062602, 0.0012182070724320955, 0.003102272338451826, -0.0029944318728844705, -0.0017964820787647474, -0.0020061725460516428, -0.0020102053648665638, -0.0023006413156995377, -0.00259299375002392, -0.0020030429368753677, 0.0008567567826578839, 0.003022129601682529, -0.0016573327005220688, 0.00010724230249222359, 0.0009114618239193819, -0.0017294352169637697, 0.0013197452718733003, -0.0024050899752783577, 0.007088837814297389, -7.619962014504524e-06]
Daily Returns: [0.004673999999999995, 0, 0, 0, 0, 0, 0, 0, 0, 0, 0, 0, 0, 0, -0.001879216541883238, 0.004738797709581083, 0, 0, 0, 0, 0, 0, 0, 0, 0, 0, 0, 0, 0, 0, 0, 0.004400826569320462, -0.002021795069428799, 0, -0.0018476601255933607, 0, 0, 0, 0, 0, 0, -0.0017915600261889178, 0, 0, 0, 0, 0, 0.005141952407888081, -0.002260161829959899, 0, 0, 0, 0, 0, 0.022371391255576505, 0, 0, 0, 0, 0, 0, 0, 0, 0, 0, 0, 0, 0, 0, 0, 0, 0, 0, 0, 0, 0, 0, 0, 0, 0, 0, 0, 0, 0, 0, 0, 0, 0, 0, 0, 0, 0, 0, -0.001265498010120126, 0, 0, 0, 0, 0.0016942548477206036, -0.0011318925204310466, 0, 0, 0, 0, 0, 0, 0, 0, 0, 0, 0.004540435595622755, 0, 0, -0.002416249758279294, 0.005424665867147642, 0, -0.0027867609661539057, 0, -0.001972474142639603, 0.003169903335365317, 0, 0, -0.0017636513771757724, -0.0027945487054041418, 0, 0, -0.00126114642278045, 0, 0, 0, 0, -0.0027970346002102625, 0, 0, 0, 0, 0, 0, 0, 0, 0, 0, 0, 0, 0, 0, 0, 0, 0, 0, 0, 0, 0, 0, 0.0014666293201375609, 0, 0, 0, 0, 0, 0, 0, 0, 0, 0, 0, 0, 0, 0.006327958388526548, 0, 0, 0.018893069882593882, 0, 0, 0, 0, 0, -0.001233204456206087, 0, 0, 0, 0, 0.00031105260961760296, 0, 0, 0, 0, 0, 0.004205488750602019, 0.0042916551868787765, -4.1361935738592554e-05, 0, 0, 0, -0.002090744320019252, 0, 0, 0, 0, 0, 0, 0, -0.003296113055795841, -0.0016617805545297642, 0, 0, -0.0016321800775569548, 0, 0, 0, 0.013499827411591076, 0, 0, 0, 0, 0, 0, 0, 0, 0, 0, 0, 0, 0, 0, 0, 0, 0, 0, 0, 0, 0, 0, 0, 0, 0, 0, 0, 0, 0, 0, 0, 0, 0, 0, 0, 0, 0, 0.0015120213180035288, 0, 0, 0, 0, 0, 0, 0, 0.0011995695002914913, 0, 0, 0, 0, 0, 0, -0.00041430741610275326, 0, 0, -0.0018147464955975581, -0.0038754029469774045, -0.0020898661208855157, 0, 0, 0, 0, 0.0006151842211134522, 0, 0, 0, 0, 0, 0, -0.002262209443361081, 0, 0, 0, -0.0017377275348770575, 0.001525518449710751, 0, 0, 0, 0, 0, 0, 0, 0, 0, 0, 0, 0, 0, 0, 0, 0, 0, 0, 0, 0, 0, 0, 0, 0, 0, 0, 0, 0, 0, 0, 0, 0, 0, 0, 0, 0, 0, 0, -0.0020416088556433594, 0, 0, -0.002669155107569027, 0, 0, 0, 0, 0, 0.005990251663461692, -0.0017345168860320363, 0, 0, 0, 0, -0.0022349839384205087, 0, -0.00210079575482873, 0, 0, 0, 0, 0, 0.0020459969005809106, -0.0025124245466155316, 0, 0, 0, 0, 0, -0.003791133570430782, 0, 0, 0, 0, 0.00256250749062602, 0, 0, 0, 0, 0.0012182070724320955, 0.00010784046556735561, 0, 0, 0, 0, 0, 0, 0, 0, 0, 0, 0, 0, 0, 0, 0, 0, 0, 0, 0, 0, 0, 0, 0, 0, 0, 0, 0, 0, 0, 0, 0, 0, -0.0017964820787647474, 0, 0, 0, 0, 0, 0, 0, 0, 0, 0, 0, 0, -0.006317019226617745, 0, 0, 0, 0, -0.00259299375002392, 0, 0, 0, 0, 0, 0, -0.0020030429368753677, 0, 0, 0, 0, 0.003878886384340413, 0, -0.0016573327005220688, 0, 0, 0, 0, 0, 0, 0, 0, 0, 0, 0, 0.00010724230249222359, 0, 0.0009114618239193819, 0, 0, 0, 0, 0, 0, 0, 0, 0, 0, 0, 0, 0, 0, 0, 0, 0, 0, 0, 0, 0, 0, 0, 0, 0, 0, 0, 0, -0.0017294352169637697, 0, 0, 0, 0, 0, 0.0013197452718733003, 0, 0, 0, 0, 0, 0, -0.0024050899752783577, 0, 0, 0, 0, 0, 0, 0, 0.007088837814297389, 0, 0, 0, 0, 0, 0, 0, 0, 0, 0, 0, 0, 0, -7.619962014504524e-06, 0]
Start Date: 2021-12-17
End Date: 2023-08-03
Sharpe Ratio: 0.055
Annualized Sharpe: 0.866
Sharpe 95% CI: (np.float64(-0.565), np.float64(1.848))
Sortino Ratio: 0.093
CAGR: 0.024
Calmar Ratio: 0.882
Daily Win Rate (%): 0.4
Max Drawdown: 0.028
Profit Factor: 1.509
Expectancy: 0.000582
Average Win: 0.004315
Average Loss: 0.001906
Total Trades: 85
Total Days: 510

Rolling 4 - Variant 1 - atr_0.25_13 - Test Metrics
Contracts: [3, 4, 4, 3, 3, 3, 3, 3, 3, 3, 2, 1, 2, 1, 1, 2, 2, 2, 2, 2, 2, 2, 1, 2, 1, 2, 2, 1, 1, 1, 2, 2, 2, 2, 2, 2, 2, 2, 2, 2, 2, 2, 3, 2, 2, 3, 2, 3, 3, 3, 3, 2, 2, 3, 3, 5, 3, 3, 3, 3, 3, 4, 4, 4, 4, 3, 3, 5, 3, 3, 3, 5, 5, 5, 5, 4, 3, 3, 4, 4, 4, 5, 3, 5, 4, 4, 3, 5, 4, 5, 4, 3, 4, 3, 4, 4, 5, 3, 4, 5, 5, 5, 3, 4, 4, 4, 4, 4, 3, 4, 6, 7, 8, 5, 5, 5, 5, 6, 5, 5, 6, 6, 6, 7, 7, 6, 6, 7, 7, 6, 6, 7, 5, 4, 4, 4, 6, 3, 3, 3, 3, 5, 5, 5, 4, 4, 6, 6, 6, 5, 5, 3, 7, 7, 6, 5, 8, 5, 1, 4, 4, 5, 3, 5, 5, 6, 6, 6, 7, 5, 6, 7, 7, 7, 6, 4, 7, 8, 7, 6, 6, 5, 7, 7]
Trade Returns: [0.005021593231898125, -0.0016831921511688518, -0.002477780667994479, 0.02812461932025825, 0.001101541788237343, 0.010311661460905017, -0.002201479233139211, -0.0021495287712501904, 0.0010653038587062871, -0.0020274439514588786, 0.0035257920150748006, -0.0024388454908864203, 0.00032536166614584457, -0.0004483752827612359, -0.002353187742097978, -0.002082323652063989, -0.0017452039108767814, -0.0019252934504983825, -0.0022246406669487514, -0.0021184910565974157, 0.0034071739941320825, -0.0020048122892773993, 0.003083837919388098, 0.009830754208953489, 0.0021070578097347227, 0.010921716709274259, -0.002168352559271928, -0.0023382682654515437, -0.0017413756320464185, 0.0016348166630743126, 0.0002188355396211201, -0.0031833604690807474, -0.0012437560701697918, 0.0076824325932925855, 0.009257677475165652, -0.002056239047797551, -0.0021716425973277646, 0.001396774065478754, -0.002094040813972768, -0.0008343175390883154, -0.0025050426182575327, 0.00036760578173269823, 0.0015712540163822896, -0.002233897772066519, -0.000608632804221322, -0.0024233262826682334, 0.0005870650011414908, -0.0020076891770109606, -0.001973496164972629, -0.002013881921579001, -0.0017254899093569452, -0.002702569088542097, -0.002098514516102382, -0.0019075447253080473, -0.001828335331061264, 0.002573212032671486, -0.002171037259047063, 0.0011535744248686304, -0.0022218575466636196, 0.0005839588715549455, 0.0008421830270569772, -0.0020593977553302616, 0.0005991235045026471, -0.001951529622223784, 0.004724529310645724, -0.0025552810994374695, -0.0019178785823957974, -0.002475077982543019, -0.002354840629743164, -0.002286359047449375, -0.002781464381180255, -0.0023056073119617922, -0.0025729467698331326, 0.0007026746728993, -0.002260497985453209, -0.0018516357997975256, -0.0015362579552841236, -0.0023188383939310546, -0.0027536218170118964, 0.027033438342126258, 0.009967016824191367, -0.002206451400437998, 0.00758013322991783, 0.009796053553457848, 0.0005766908756690775, 0.0008537310206948329, 0.002065922358750623, -0.0004525601976898599, 0.003823349743073837, -0.002158551515281688, -0.00043766659133064506, 0.008843300589673057, -0.0027891125001334107, -0.0020102815107613404, 0.00041823729068028704, -0.001993836258877129, -0.0026494381579960247, 0.0003643680368460342, 0.0036297933727114304]
Daily Returns: [0.005021593231898125, 0, 0, -0.0016831921511688518, 0, 0, 0, 0, 0, -0.002477780667994479, 0, 0, 0, 0, 0.02812461932025825, 0, 0, 0, 0, 0, 0, 0, 0, 0, 0, 0, 0, 0, 0, 0, 0, 0, 0, 0, 0, 0, 0, 0, 0, 0, 0, 0, 0, 0, 0, 0, 0, 0, 0.001101541788237343, 0, 0.010311661460905017, 0, 0, 0, 0, 0, 0, 0, 0, 0, -0.002201479233139211, 0, 0, 0, 0, 0, 0, 0, 0, 0, 0, 0, 0, 0, 0, -0.0010842249125439032, 0, 0, -0.0020274439514588786, 0, 0.0035257920150748006, 0, 0, 0, 0, 0, 0, 0, 0, -0.0024388454908864203, 0, 0, 0, 0, 0, 0, 0, 0, 0, 0, 0, 0, 0, 0, 0, 0, 0, 0, 0, 0, 0, 0, 0, 0, 0, 0, 0, 0, 0, 0.00032536166614584457, -0.0004483752827612359, 0, 0, -0.002353187742097978, 0, -0.002082323652063989, 0, 0, 0, 0, 0, -0.0017452039108767814, 0, 0, 0, 0, -0.004149934117447134, -0.0021184910565974157, 0, 0, 0.0014023617048546833, 0, 0, 0, 0, 0, 0.003083837919388098, 0, 0, 0, 0, 0, 0, 0, 0, 0.009830754208953489, 0.0021070578097347227, 0, 0, 0, 0, 0, 0, 0, 0, 0, 0, 0.010921716709274259, 0, 0, 0, 0, 0, 0, 0, 0, 0, 0, 0, 0, 0, 0, 0, 0, 0, 0, 0, 0, 0, 0, 0, 0, 0, 0, 0, 0, 0, 0, 0, 0, 0, 0, -0.002168352559271928, -0.0023382682654515437, 0, 0, 0, 0, 0, 0, 0, 0, 0, 0, -0.0017413756320464185, 0.0018536522026954326, 0, 0, -0.004427116539250539, 0, 0, 0, 0, 0, 0, 0, 0, 0.0076824325932925855, 0, 0, 0, 0.009257677475165652, -0.002056239047797551, 0, 0, 0, 0, 0, 0, 0, -0.0021716425973277646, 0, 0.001396774065478754, -0.002094040813972768, -0.0008343175390883154, -0.0025050426182575327, 0, 0, 0, 0, 0, 0, 0, 0, 0, 0, 0, 0, 0, 0, 0, 0, 0, 0, 0, 0, 0, 0, 0, 0, 0, 0, 0, 0, 0, 0, 0, 0, 0, 0, 0.00036760578173269823, 0.0015712540163822896, 0, 0, 0, 0, 0, 0, 0, 0, 0, 0, 0, 0, -0.002233897772066519, 0, 0, 0, -0.000608632804221322, -0.0024233262826682334, 0.0005870650011414908, 0, 0, 0, 0, 0, -0.0020076891770109606, 0, 0, 0, -0.001973496164972629, -0.002013881921579001, 0, 0, 0, 0, 0, 0, 0, 0, -0.0017254899093569452, 0, 0, 0, -0.002702569088542097, 0, 0, 0, 0, 0, 0, 0, 0, 0, 0, 0, 0, 0, 0, 0, 0, 0, 0, 0, 0, 0, 0, 0, 0, 0, 0, 0, 0, 0, 0, 0, 0, 0, 0, 0, 0, 0, 0, -0.002098514516102382, 0, 0, 0, 0, 0, 0, -0.0019075447253080473, 0, 0, -0.001828335331061264, 0, 0, 0, 0, 0, 0, 0, 0, 0, 0.002573212032671486, -0.002171037259047063, 0, 0.0011535744248686304, 0, 0, 0, -0.0022218575466636196, 0, 0.0005839588715549455, 0, 0, 0, 0, 0, 0, 0.0008421830270569772, 0, 0, 0, 0, 0, 0, 0, 0, 0, 0, 0, 0, 0, 0, 0, 0, 0, 0, 0, 0, 0, 0, 0, 0, 0, 0, 0, 0, 0, 0, 0, -0.0020593977553302616, 0.0005991235045026471, 0, 0, 0, 0, 0, 0, 0, 0, 0, 0, 0, 0, 0, 0, 0, 0, -0.001951529622223784, 0, 0, 0, 0, 0, 0, 0, 0, 0.004724529310645724, 0, 0, 0, 0, 0, -0.0025552810994374695, 0, 0, 0, 0, 0, 0, -0.0019178785823957974, 0, 0, 0, 0, 0, 0, -0.002475077982543019, 0, 0, 0, 0, -0.002354840629743164, -0.002286359047449375, 0, 0, 0, 0, 0, 0, 0, 0, 0, 0, 0, 0, 0, 0, 0, 0, 0, 0, 0, 0, 0, 0, 0, 0, 0, 0, 0, 0, 0, 0, 0, 0, 0, -0.002781464381180255, 0, -0.0023056073119617922, -0.0025729467698331326, 0, 0, 0, 0, 0, 0, 0, 0, 0.0007026746728993, 0, 0, 0, 0, 0, 0, 0, 0, -0.002260497985453209, 0, 0, -0.0018516357997975256, 0, 0, 0, 0, 0, 0, 0, -0.0015362579552841236, 0, 0, 0, -0.0023188383939310546, 0, 0, 0, 0, -0.0027536218170118964, 0.027033438342126258, 0, 0, 0, 0, 0, 0, 0, 0, 0, 0, 0, 0, 0, 0, 0, 0, 0, 0, 0, 0, 0, 0, 0, 0, 0, 0, 0, 0, 0, 0, 0, 0, 0, 0, 0, 0, 0, 0.009967016824191367, 0, 0, 0, 0.005373681829479832, 0, 0, 0.009796053553457848, 0, 0, 0.0005766908756690775, 0.0008537310206948329, 0, 0, 0, 0, 0.002065922358750623, 0, 0, 0.003370789545383977, 0, 0, -0.002158551515281688, 0, 0, 0, 0, 0, 0, -0.00043766659133064506, 0, 0, 0, 0, 0, 0, 0, 0, 0.008843300589673057, 0, -0.0027891125001334107, 0, 0, 0, 0, 0, 0, 0, 0, 0, 0, 0, 0, 0, 0, 0, 0, 0, 0, 0, 0, 0, 0, 0, 0, 0, 0, 0, 0, 0, 0, 0, -0.0020102815107613404, 0, 0, 0, 0, 0.00041823729068028704, 0, 0, 0, 0, 0, -0.001993836258877129, 0, 0, 0, 0, 0, 0, 0, 0, 0, 0, 0, 0, 0, -0.0026494381579960247, 0, 0, 0, 0, 0, 0, 0, 0, 0, 0.003994161409557465, 0, 0]
Start Date: 2023-08-04
End Date: 2025-11-06
Sharpe Ratio: 0.047
Annualized Sharpe: 0.746
Sharpe 95% CI: (np.float64(-0.441), np.float64(1.545))
Sortino Ratio: 0.136
CAGR: 0.023
Calmar Ratio: 0.431
Daily Win Rate (%): 0.394
Max Drawdown: 0.053
Profit Factor: 1.528
Expectancy: 0.000655
Average Win: 0.004812
Average Loss: 0.002047
Total Trades: 99
Total Days: 708



Rolling 4 - Variant 2 - atr_0.25_14 - Fit Metrics
Contracts: [3, 4, 4, 3, 3, 3, 3, 3, 3, 3, 2, 1, 2, 1, 1, 2, 2, 2, 2, 2, 2, 2, 1, 2, 1, 2, 2, 1, 1, 1, 2, 2, 2, 2, 2, 2, 2, 2, 2, 2, 2, 2, 3, 2, 2, 3, 2, 3, 4, 3, 3, 2, 2, 3, 3, 5, 3, 3, 3, 3, 3, 4, 4, 4, 4, 3, 3, 5, 3, 3, 4, 5, 5, 5, 5, 4, 3, 3, 4, 4, 4, 5, 3, 5, 4, 4, 3, 5, 4, 5, 4, 3, 4, 3, 4, 4, 5, 3, 4, 5, 5, 5, 3, 4, 4, 4, 4, 4, 4, 4, 6, 7, 8, 5, 5, 5, 5, 6, 5, 5, 6, 6, 6, 7, 7, 6, 6, 7, 7, 6, 6, 7, 5, 4, 4, 4, 6, 3, 3, 3, 3, 5, 5, 5, 4, 4, 6, 6, 6, 5, 5, 3, 7, 7, 7, 5, 8, 5, 1, 4, 4, 5, 3, 5, 5, 6, 6, 6, 7, 5, 6, 7, 7, 7, 6, 4, 7, 8, 7, 6, 6, 5, 7, 7]
Trade Returns: [0.004673999999999995, -0.001879216541883238, 0.004738797709581083, 0.004400826569320462, -0.002021795069428799, -0.0018476601255933607, -0.0017915600261889178, 0.004227560834540777, 0.0009143915733473045, -0.002260161829959899, 0.02409562144625258, -0.001263377647845036, 0.0016914022963592243, -0.0011299936172715478, 0.00453280978222048, -0.002412231658342366, 0.005415596071098417, -0.0027821155191078842, -0.0019691676894649534, 0.0031645753035615906, -0.0017606891399071902, -0.0027898772799849368, -0.0012590244591126488, -0.0027923224687073987, 0.0014641515882355238, 0.00631728352930227, 0.021538153244981557, -0.0011336114862570826, -0.0012293154922077257, 0.0003100704843149791, 0.004192214351057331, 0.006339239667679288, -0.002061115246641803, -4.1232476197616e-05, -0.002084200188177786, -0.0019024272866724806, -0.002150902173503596, 0.00076757521484582, -0.0016565682367127067, -0.0016270352096459395, 0.01345720465235866, 0.0015073108306252684, 0.0011958380365904159, -0.0004130201821753934, -0.0018091058326912112, -0.002271074565083625, -0.0015922495570855095, -0.0020833333333333316, -0.0027460623828843766, 0.0026746265961709176, -0.0022566757646529144, -0.001733467197611499, 0.001521771884887746, -0.0020366024281265496, -0.0026625964555244616, -0.0018258900977220916, 0.007801295847096891, -0.001730253808254704, -0.002229477470941216, 0.0005981257464741529, -0.0026937402697145263, 0.0020409363269595243, -0.0025062229667698293, -0.0024979231175893046, -0.0012838672049567304, 0.0025561663956156183, 0.0012152002241117, 0.003094601513169119, -0.0029870498156725576, -0.001792053716243038, -0.002002315473818064, -0.002006332784999096, -0.002296200312511909, -0.0025879768896528666, -0.0019991574432231623, 0.0008550965283463754, 0.003016255545151713, -0.0022043200127259705, 0.00010703466202848708, 0.0009096972581036829, -0.00172609011947064, 0.0013171820357077233, -0.0024004299734326907, 0.007075087840231304, -7.605285673558249e-06]
Daily Returns: [0.004673999999999995, 0, 0, 0, 0, 0, 0, 0, 0, 0, 0, 0, 0, 0, -0.001879216541883238, 0.004738797709581083, 0, 0, 0, 0, 0, 0, 0, 0, 0, 0, 0, 0, 0, 0, 0, 0.004400826569320462, -0.002021795069428799, 0, -0.0018476601255933607, 0, 0, 0, 0, 0, 0, -0.0017915600261889178, 0, 0, 0, 0, 0, 0.005141952407888081, -0.002260161829959899, 0, 0, 0, 0, 0, 0.02409562144625258, 0, 0, 0, 0, 0, 0, 0, 0, 0, 0, 0, 0, 0, 0, 0, 0, 0, 0, 0, 0, 0, 0, 0, 0, 0, 0, 0, 0, 0, 0, 0, 0, 0, 0, 0, 0, 0, 0, -0.001263377647845036, 0, 0, 0, 0, 0.0016914022963592243, -0.0011299936172715478, 0, 0, 0, 0, 0, 0, 0, 0, 0, 0, 0.00453280978222048, 0, 0, -0.002412231658342366, 0.005415596071098417, 0, -0.0027821155191078842, 0, -0.0019691676894649534, 0.0031645753035615906, 0, 0, -0.0017606891399071902, -0.0027898772799849368, 0, 0, -0.0012590244591126488, 0, 0, 0, 0, -0.0027923224687073987, 0, 0, 0, 0, 0, 0, 0, 0, 0, 0, 0, 0, 0, 0, 0, 0, 0, 0, 0, 0, 0, 0, 0.0014641515882355238, 0, 0, 0, 0, 0, 0, 0, 0, 0, 0, 0, 0, 0, 0.00631728352930227, 0, 0, 0.020404541758724474, 0, 0, 0, 0, 0, -0.0012293154922077257, 0, 0, 0, 0, 0.0003100704843149791, 0, 0, 0, 0, 0, 0.004192214351057331, 0.004278124421037485, -4.1232476197616e-05, 0, 0, 0, -0.002084200188177786, 0, 0, 0, 0, 0, 0, 0, -0.0032857542453302566, -0.0016565682367127067, 0, 0, -0.0016270352096459395, 0, 0, 0, 0.01345720465235866, 0, 0, 0, 0, 0, 0, 0, 0, 0, 0, 0, 0, 0, 0, 0, 0, 0, 0, 0, 0, 0, 0, 0, 0, 0, 0, 0, 0, 0, 0, 0, 0, 0, 0, 0, 0, 0, 0.0015073108306252684, 0, 0, 0, 0, 0, 0, 0, 0.0011958380365904159, 0, 0, 0, 0, 0, 0, -0.0004130201821753934, 0, 0, -0.0018091058326912112, -0.0038633241221691346, -0.0020833333333333316, 0, 0, 0, 0, -7.143578671345904e-05, 0, 0, 0, 0, 0, 0, -0.0022566757646529144, 0, 0, 0, -0.001733467197611499, 0.001521771884887746, 0, 0, 0, 0, 0, 0, 0, 0, 0, 0, 0, 0, 0, 0, 0, 0, 0, 0, 0, 0, 0, 0, 0, 0, 0, 0, 0, 0, 0, 0, 0, 0, 0, 0, 0, 0, 0, 0, -0.0020366024281265496, 0, 0, -0.0026625964555244616, 0, 0, 0, 0, 0, 0.005975405749374799, -0.001730253808254704, 0, 0, 0, 0, -0.002229477470941216, 0, -0.0020956145232403733, 0, 0, 0, 0, 0, 0.0020409363269595243, -0.0025062229667698293, 0, 0, 0, 0, 0, -0.003781790322546035, 0, 0, 0, 0, 0.0025561663956156183, 0, 0, 0, 0, 0.0012152002241117, 0.00010755169749656138, 0, 0, 0, 0, 0, 0, 0, 0, 0, 0, 0, 0, 0, 0, 0, 0, 0, 0, 0, 0, 0, 0, 0, 0, 0, 0, 0, 0, 0, 0, 0, 0, -0.001792053716243038, 0, 0, 0, 0, 0, 0, 0, 0, 0, 0, 0, 0, -0.006304848571329069, 0, 0, 0, 0, -0.0025879768896528666, 0, 0, 0, 0, 0, 0, -0.0019991574432231623, 0, 0, 0, 0, 0.0038713520734980885, 0, -0.0022043200127259705, 0, 0, 0, 0, 0, 0, 0, 0, 0, 0, 0, 0.00010703466202848708, 0, 0.0009096972581036829, 0, 0, 0, 0, 0, 0, 0, 0, 0, 0, 0, 0, 0, 0, 0, 0, 0, 0, 0, 0, 0, 0, 0, 0, 0, 0, 0, 0, -0.00172609011947064, 0, 0, 0, 0, 0, 0.0013171820357077233, 0, 0, 0, 0, 0, 0, -0.0024004299734326907, 0, 0, 0, 0, 0, 0, 0, 0.007075087840231304, 0, 0, 0, 0, 0, 0, 0, 0, 0, 0, 0, 0, 0, -7.605285673558249e-06, 0]
Start Date: 2021-12-17
End Date: 2023-08-03
Sharpe Ratio: 0.054
Annualized Sharpe: 0.865
Sharpe 95% CI: (np.float64(-0.59), np.float64(1.818))
Sortino Ratio: 0.094
CAGR: 0.025
Calmar Ratio: 0.893
Daily Win Rate (%): 0.4
Max Drawdown: 0.028
Profit Factor: 1.524
Expectancy: 0.000606
Average Win: 0.004404
Average Loss: 0.001926
Total Trades: 85
Total Days: 510

Rolling 4 - Variant 2 - atr_0.25_14 - Test Metrics
Contracts: [3, 4, 4, 3, 3, 3, 3, 3, 3, 3, 2, 1, 2, 1, 1, 2, 2, 2, 2, 2, 2, 2, 1, 2, 1, 2, 2, 1, 1, 1, 2, 2, 2, 2, 2, 2, 2, 2, 2, 2, 2, 2, 3, 2, 2, 3, 2, 3, 4, 3, 3, 2, 2, 3, 3, 5, 3, 3, 3, 3, 3, 4, 4, 4, 4, 3, 3, 5, 3, 3, 4, 5, 5, 5, 5, 4, 3, 3, 4, 4, 4, 5, 3, 5, 4, 4, 3, 5, 4, 5, 4, 3, 4, 3, 4, 4, 5, 3, 4, 5, 5, 5, 3, 4, 4, 4, 4, 4, 4, 4, 6, 7, 8, 5, 5, 5, 5, 6, 5, 5, 6, 6, 6, 7, 7, 6, 6, 7, 7, 6, 6, 7, 5, 4, 4, 4, 6, 3, 3, 3, 3, 5, 5, 5, 4, 4, 6, 6, 6, 5, 5, 3, 7, 7, 7, 5, 8, 5, 1, 4, 4, 5, 3, 5, 5, 6, 6, 6, 7, 5, 6, 7, 7, 7, 6, 4, 7, 8, 7, 6, 6, 5, 7, 7]
Trade Returns: [0.005011921375958708, -0.0016799664006719864, -0.0024730241389896417, 0.030236194145394375, 0.0010971685675034847, 0.010270768097255488, -0.0021928466573658888, -0.0021410813829962, 0.0010611220910304096, -0.0020194592458856265, 0.003511878249999557, -0.002429254803257759, 0.00032407907529437345, -0.0004466083391294591, -0.0023439102282382593, -0.002074094740242578, -0.0017383140554060104, -0.0019176793875181858, -0.002215825855227804, -0.0021100782056957365, 0.0033936149762668687, -0.001996861022893902, 0.003071625901715319, 0.009784937528070064, 0.002798245743565517, 0.010871308786000684, -0.0021584524058539697, -0.002327569226209732, -0.0017333727804206933, 0.0016272904795324845, 0.0002178297261336105, -0.003168732271160727, -0.001238022586629721, 0.007646974113306481, 0.009215272677277314, -0.0020468085183461076, -0.002161786216192963, 0.0013904208268512967, -0.002084529276693457, -0.0008305199918026567, -0.0024936309857938608, 0.0003659279608619209, 0.00156408514533556, -0.0022237214950748896, -0.0006058540649021354, -0.002412255774889807, 0.0005843839619067988, -0.0019984952506348166, -0.001964440723363616, -0.002004622980169849, -0.001717540932602894, -0.002690097488695577, -0.0020888043376955175, -0.001898709865059898, -0.0018198512230389874, 0.0025612496695161654, -0.002160970312296838, 0.0011482254697285955, -0.0022115326380005556, 0.0005812392167249999, 0.0008382630307620478, -0.0020498201815450073, 0.0005963314572205553, -0.0019424404851686584, 0.004702426045342874, -0.0025433568624559995, -0.0019089479636968864, -0.002463530716745561, -0.0027344357472396464, -0.0022756658908714778, -0.002769448957827324, -0.0022956198453536105, -0.0025618605790918773, 0.0006996238119022064, -0.00225069025529632, -0.0018435838971190264, -0.0015295496576856586, -0.0023087362203172554, -0.002741579300416797, 0.028993256635195128, 0.009904407957312266, -0.0021927272727272737, 0.00753288119039198, 0.009735444759534624, 0.0005731572546484208, 0.0008485028578793124, 0.002053281583960045, -0.0004497967882368145, 0.0037999932142978956, -0.002145415020395676, -0.00043499731692231777, 0.00878934292170748, -0.0027722429177856733, -0.00199808878464078, 0.0004156955261213199, -0.001981724099966973, -0.0026333113890717598, 0.00036214432254035175, 0.003607649000540357]
Daily Returns: [0.005011921375958708, 0, 0, -0.0016799664006719864, 0, 0, 0, 0, 0, -0.0024730241389896417, 0, 0, 0, 0, 0.030236194145394375, 0, 0, 0, 0, 0, 0, 0, 0, 0, 0, 0, 0, 0, 0, 0, 0, 0, 0, 0, 0, 0, 0, 0, 0, 0, 0, 0, 0, 0, 0, 0, 0, 0, 0.0010971685675034847, 0, 0.010270768097255488, 0, 0, 0, 0, 0, 0, 0, 0, 0, -0.0021928466573658888, 0, 0, 0, 0, 0, 0, 0, 0, 0, 0, 0, 0, 0, 0, -0.0010799592919657902, 0, 0, -0.0020194592458856265, 0, 0.003511878249999557, 0, 0, 0, 0, 0, 0, 0, 0, -0.002429254803257759, 0, 0, 0, 0, 0, 0, 0, 0, 0, 0, 0, 0, 0, 0, 0, 0, 0, 0, 0, 0, 0, 0, 0, 0, 0, 0, 0, 0, 0, 0.00032407907529437345, -0.0004466083391294591, 0, 0, -0.0023439102282382593, 0, -0.002074094740242578, 0, 0, 0, 0, 0, -0.0017383140554060104, 0, 0, 0, 0, -0.00413350524274599, -0.0021100782056957365, 0, 0, 0.0013967539533729667, 0, 0, 0, 0, 0, 0.003071625901715319, 0, 0, 0, 0, 0, 0, 0, 0, 0.009784937528070064, 0.002798245743565517, 0, 0, 0, 0, 0, 0, 0, 0, 0, 0, 0.010871308786000684, 0, 0, 0, 0, 0, 0, 0, 0, 0, 0, 0, 0, 0, 0, 0, 0, 0, 0, 0, 0, 0, 0, 0, 0, 0, 0, 0, 0, 0, 0, 0, 0, 0, 0, -0.0021584524058539697, -0.002327569226209732, 0, 0, 0, 0, 0, 0, 0, 0, 0, 0, -0.0017333727804206933, 0.0018451202056660948, 0, 0, -0.004406754857790449, 0, 0, 0, 0, 0, 0, 0, 0, 0.007646974113306481, 0, 0, 0, 0.009215272677277314, -0.0020468085183461076, 0, 0, 0, 0, 0, 0, 0, -0.002161786216192963, 0, 0.0013904208268512967, -0.002084529276693457, -0.0008305199918026567, -0.0024936309857938608, 0, 0, 0, 0, 0, 0, 0, 0, 0, 0, 0, 0, 0, 0, 0, 0, 0, 0, 0, 0, 0, 0, 0, 0, 0, 0, 0, 0, 0, 0, 0, 0, 0, 0, 0.0003659279608619209, 0.00156408514533556, 0, 0, 0, 0, 0, 0, 0, 0, 0, 0, 0, 0, -0.0022237214950748896, 0, 0, 0, -0.0006058540649021354, -0.002412255774889807, 0.0005843839619067988, 0, 0, 0, 0, 0, -0.0019984952506348166, 0, 0, 0, -0.001964440723363616, -0.002004622980169849, 0, 0, 0, 0, 0, 0, 0, 0, -0.001717540932602894, 0, 0, 0, -0.002690097488695577, 0, 0, 0, 0, 0, 0, 0, 0, 0, 0, 0, 0, 0, 0, 0, 0, 0, 0, 0, 0, 0, 0, 0, 0, 0, 0, 0, 0, 0, 0, 0, 0, 0, 0, 0, 0, 0, 0, -0.0020888043376955175, 0, 0, 0, 0, 0, 0, -0.001898709865059898, 0, 0, -0.0018198512230389874, 0, 0, 0, 0, 0, 0, 0, 0, 0, 0.0025612496695161654, -0.002160970312296838, 0, 0.0011482254697285955, 0, 0, 0, -0.0022115326380005556, 0, 0.0005812392167249999, 0, 0, 0, 0, 0, 0, 0.0008382630307620478, 0, 0, 0, 0, 0, 0, 0, 0, 0, 0, 0, 0, 0, 0, 0, 0, 0, 0, 0, 0, 0, 0, 0, 0, 0, 0, 0, 0, 0, 0, 0, -0.0020498201815450073, 0.0005963314572205553, 0, 0, 0, 0, 0, 0, 0, 0, 0, 0, 0, 0, 0, 0, 0, 0, -0.0019424404851686584, 0, 0, 0, 0, 0, 0, 0, 0, 0.004702426045342874, 0, 0, 0, 0, 0, -0.0025433568624559995, 0, 0, 0, 0, 0, 0, -0.0019089479636968864, 0, 0, 0, 0, 0, 0, -0.002463530716745561, 0, 0, 0, 0, -0.0027344357472396464, -0.0022756658908714778, 0, 0, 0, 0, 0, 0, 0, 0, 0, 0, 0, 0, 0, 0, 0, 0, 0, 0, 0, 0, 0, 0, 0, 0, 0, 0, 0, 0, 0, 0, 0, 0, 0, -0.002769448957827324, 0, -0.0022956198453536105, -0.0025618605790918773, 0, 0, 0, 0, 0, 0, 0, 0, 0.0006996238119022064, 0, 0, 0, 0, 0, 0, 0, 0, -0.00225069025529632, 0, 0, -0.0018435838971190264, 0, 0, 0, 0, 0, 0, 0, -0.0015295496576856586, 0, 0, 0, -0.0023087362203172554, 0, 0, 0, 0, -0.002741579300416797, 0.028993256635195128, 0, 0, 0, 0, 0, 0, 0, 0, 0, 0, 0, 0, 0, 0, 0, 0, 0, 0, 0, 0, 0, 0, 0, 0, 0, 0, 0, 0, 0, 0, 0, 0, 0, 0, 0, 0, 0, 0.009904407957312266, 0, 0, 0, 0.005340153917664707, 0, 0, 0.009735444759534624, 0, 0, 0.0005731572546484208, 0.0008485028578793124, 0, 0, 0, 0, 0.002053281583960045, 0, 0, 0.003350196426061081, 0, 0, -0.002145415020395676, 0, 0, 0, 0, 0, 0, -0.00043499731692231777, 0, 0, 0, 0, 0, 0, 0, 0, 0.00878934292170748, 0, -0.0027722429177856733, 0, 0, 0, 0, 0, 0, 0, 0, 0, 0, 0, 0, 0, 0, 0, 0, 0, 0, 0, 0, 0, 0, 0, 0, 0, 0, 0, 0, 0, 0, 0, -0.00199808878464078, 0, 0, 0, 0, 0.0004156955261213199, 0, 0, 0, 0, 0, -0.001981724099966973, 0, 0, 0, 0, 0, 0, 0, 0, 0, 0, 0, 0, 0, -0.0026333113890717598, 0, 0, 0, 0, 0, 0, 0, 0, 0, 0.003969793323080709, 0, 0]
Start Date: 2023-08-04
End Date: 2025-11-06
Sharpe Ratio: 0.048
Annualized Sharpe: 0.764
Sharpe 95% CI: (np.float64(-0.42), np.float64(1.539))
Sortino Ratio: 0.144
CAGR: 0.024
Calmar Ratio: 0.458
Daily Win Rate (%): 0.394
Max Drawdown: 0.053
Profit Factor: 1.564
Expectancy: 0.000698
Average Win: 0.004918
Average Loss: 0.002044
Total Trades: 99
Total Days: 708



Rolling 4 - Variant 3 - atr_0.25_20 - Fit Metrics
Contracts: [3, 4, 4, 3, 3, 3, 3, 3, 3, 3, 2, 1, 2, 1, 1, 2, 2, 2, 2, 2, 2, 2, 1, 2, 1, 2, 2, 1, 1, 1, 2, 2, 2, 2, 2, 2, 2, 2, 2, 2, 2, 2, 3, 2, 2, 3, 2, 3, 4, 3, 3, 2, 2, 3, 3, 5, 3, 3, 3, 3, 3, 4, 4, 4, 4, 3, 3, 5, 3, 3, 4, 5, 5, 5, 5, 4, 3, 3, 4, 4, 4, 5, 3, 5, 4, 4, 3, 5, 4, 5, 4, 3, 4, 3, 4, 4, 5, 3, 4, 5, 5, 5, 3, 4, 4, 4, 4, 4, 4, 4, 6, 7, 8, 5, 5, 5, 5, 6, 5, 5, 6, 6, 6, 7, 7, 6, 6, 7, 7, 6, 6, 7, 5, 4, 4, 4, 6, 3, 3, 3, 3, 5, 5, 5, 4, 4, 6, 6, 6, 5, 5, 3, 7, 7, 7, 5, 8, 5, 1, 4, 4, 5, 3, 5, 5, 6, 6, 6, 7, 6, 6, 7, 7, 7, 6, 4, 7, 8, 7, 6, 7, 5, 7, 7]
Trade Returns: [0.004673999999999995, -0.001879216541883238, 0.004738797709581083, 0.004400826569320462, -0.002021795069428799, -0.0018476601255933607, -0.0017915600261889178, 0.004227560834540777, 0.0009143915733473045, -0.002260161829959899, 0.024531633678377577, -0.0012628425893663265, 0.0016906824824789938, -0.0011295144437141367, 0.004530885471642389, -0.002411217703152735, 0.005413307361752218, -0.0027809432607134314, -0.001968333330123397, 0.003163230821223381, -0.0017599416440401978, -0.00278869847293791, -0.001258489001270088, -0.0027911334092088043, 0.0014635263609436458, 0.00631458984238722, 0.020045993305162095, -0.0011347887329262443, -0.0012305935770954585, 0.00031039325311056474, 0.004196576894987207, 0.006345808902220279, -0.0020632376729974233, -4.127502298268324e-05, -0.0020863509122156587, -0.0019043962950835702, -0.0021531326005392246, 0.0007683702640707928, -0.001658281253525257, -0.0016287260414777182, 0.013471212333407737, 0.0015088589440975188, 0.0011970643953519663, -0.0004134432372233053, -0.0018109596595693928, -0.002273406002687769, -0.001593887851656183, -0.0020854803350259495, -0.0027488982813752734, 0.0026773963356197614, -0.0022590064502802615, -0.001735261569037813, 0.0015233498614279474, -0.0020387110376530898, -0.002665358823695849, -0.0018277961675119182, 0.007809454631194855, -0.0017320493275573186, -0.0022317966719750627, 0.0005987490691914899, -0.0026965458081400066, 0.002043067715542702, -0.002508834926620367, -0.0025005197603432294, -0.0012852057276956331, 0.0025588371063674613, 0.001216466638118236, 0.0030978322766789385, -0.0029901589704769103, -0.0017939188422032646, -0.0020044077972413265, -0.0020084335170431284, -0.0022986093890086405, -0.0025906983413794744, -0.002001265167634711, 0.000855997150506151, 0.003019441979463164, -0.002206618338439139, 0.00010714729883571889, 0.0009106544659375248, -0.0017279047052909434, 0.001318572486939042, -0.002402957840056828, 0.007082546649926681, -7.613247049881921e-06]
Daily Returns: [0.004673999999999995, 0, 0, 0, 0, 0, 0, 0, 0, 0, 0, 0, 0, 0, -0.001879216541883238, 0.004738797709581083, 0, 0, 0, 0, 0, 0, 0, 0, 0, 0, 0, 0, 0, 0, 0, 0.004400826569320462, -0.002021795069428799, 0, -0.0018476601255933607, 0, 0, 0, 0, 0, 0, -0.0017915600261889178, 0, 0, 0, 0, 0, 0.005141952407888081, -0.002260161829959899, 0, 0, 0, 0, 0, 0.024531633678377577, 0, 0, 0, 0, 0, 0, 0, 0, 0, 0, 0, 0, 0, 0, 0, 0, 0, 0, 0, 0, 0, 0, 0, 0, 0, 0, 0, 0, 0, 0, 0, 0, 0, 0, 0, 0, 0, 0, -0.0012628425893663265, 0, 0, 0, 0, 0.0016906824824789938, -0.0011295144437141367, 0, 0, 0, 0, 0, 0, 0, 0, 0, 0, 0.004530885471642389, 0, 0, -0.002411217703152735, 0.005413307361752218, 0, -0.0027809432607134314, 0, -0.001968333330123397, 0.003163230821223381, 0, 0, -0.0017599416440401978, -0.00278869847293791, 0, 0, -0.001258489001270088, 0, 0, 0, 0, -0.0027911334092088043, 0, 0, 0, 0, 0, 0, 0, 0, 0, 0, 0, 0, 0, 0, 0, 0, 0, 0, 0, 0, 0, 0, 0.0014635263609436458, 0, 0, 0, 0, 0, 0, 0, 0, 0, 0, 0, 0, 0, 0.00631458984238722, 0, 0, 0.01891120457223585, 0, 0, 0, 0, 0, -0.0012305935770954585, 0, 0, 0, 0, 0.00031039325311056474, 0, 0, 0, 0, 0, 0.004196576894987207, 0.004282571229222856, -4.127502298268324e-05, 0, 0, 0, -0.0020863509122156587, 0, 0, 0, 0, 0, 0, 0, -0.003289158631552002, -0.001658281253525257, 0, 0, -0.0016287260414777182, 0, 0, 0, 0.013471212333407737, 0, 0, 0, 0, 0, 0, 0, 0, 0, 0, 0, 0, 0, 0, 0, 0, 0, 0, 0, 0, 0, 0, 0, 0, 0, 0, 0, 0, 0, 0, 0, 0, 0, 0, 0, 0, 0, 0.0015088589440975188, 0, 0, 0, 0, 0, 0, 0, 0.0011970643953519663, 0, 0, 0, 0, 0, 0, -0.0004134432372233053, 0, 0, -0.0018109596595693928, -0.003867293854343952, -0.0020854803350259495, 0, 0, 0, 0, -7.150194575551196e-05, 0, 0, 0, 0, 0, 0, -0.0022590064502802615, 0, 0, 0, -0.001735261569037813, 0.0015233498614279474, 0, 0, 0, 0, 0, 0, 0, 0, 0, 0, 0, 0, 0, 0, 0, 0, 0, 0, 0, 0, 0, 0, 0, 0, 0, 0, 0, 0, 0, 0, 0, 0, 0, 0, 0, 0, 0, 0, -0.0020387110376530898, 0, 0, -0.002665358823695849, 0, 0, 0, 0, 0, 0.005981658463682937, -0.0017320493275573186, 0, 0, 0, 0, -0.0022317966719750627, 0, -0.002097796738948517, 0, 0, 0, 0, 0, 0.002043067715542702, -0.002508834926620367, 0, 0, 0, 0, 0, -0.0037857254880388626, 0, 0, 0, 0, 0.0025588371063674613, 0, 0, 0, 0, 0.001216466638118236, 0.00010767330620202811, 0, 0, 0, 0, 0, 0, 0, 0, 0, 0, 0, 0, 0, 0, 0, 0, 0, 0, 0, 0, 0, 0, 0, 0, 0, 0, 0, 0, 0, 0, 0, 0, -0.0017939188422032646, 0, 0, 0, 0, 0, 0, 0, 0, 0, 0, 0, 0, -0.006311450703293095, 0, 0, 0, 0, -0.0025906983413794744, 0, 0, 0, 0, 0, 0, -0.002001265167634711, 0, 0, 0, 0, 0.0038754391299693153, 0, -0.002206618338439139, 0, 0, 0, 0, 0, 0, 0, 0, 0, 0, 0, 0.00010714729883571889, 0, 0.0009106544659375248, 0, 0, 0, 0, 0, 0, 0, 0, 0, 0, 0, 0, 0, 0, 0, 0, 0, 0, 0, 0, 0, 0, 0, 0, 0, 0, 0, 0, -0.0017279047052909434, 0, 0, 0, 0, 0, 0.001318572486939042, 0, 0, 0, 0, 0, 0, -0.002402957840056828, 0, 0, 0, 0, 0, 0, 0, 0.007082546649926681, 0, 0, 0, 0, 0, 0, 0, 0, 0, 0, 0, 0, 0, -7.613247049881921e-06, 0]
Start Date: 2021-12-17
End Date: 2023-08-03
Sharpe Ratio: 0.054
Annualized Sharpe: 0.856
Sharpe 95% CI: (np.float64(-0.592), np.float64(1.816))
Sortino Ratio: 0.092
CAGR: 0.025
Calmar Ratio: 0.874
Daily Win Rate (%): 0.4
Max Drawdown: 0.028
Profit Factor: 1.513
Expectancy: 0.000593
Average Win: 0.004374
Average Loss: 0.001927
Total Trades: 85
Total Days: 510

Rolling 4 - Variant 3 - atr_0.25_20 - Test Metrics
Contracts: [3, 4, 4, 3, 3, 3, 3, 3, 3, 3, 2, 1, 2, 1, 1, 2, 2, 2, 2, 2, 2, 2, 1, 2, 1, 2, 2, 1, 1, 1, 2, 2, 2, 2, 2, 2, 2, 2, 2, 2, 2, 2, 3, 2, 2, 3, 2, 3, 4, 3, 3, 2, 2, 3, 3, 5, 3, 3, 3, 3, 3, 4, 4, 4, 4, 3, 3, 5, 3, 3, 4, 5, 5, 5, 5, 4, 3, 3, 4, 4, 4, 5, 3, 5, 4, 4, 3, 5, 4, 5, 4, 3, 4, 3, 4, 4, 5, 3, 4, 5, 5, 5, 3, 4, 4, 4, 4, 4, 4, 4, 6, 7, 8, 5, 5, 5, 5, 6, 5, 5, 6, 6, 6, 7, 7, 6, 6, 7, 7, 6, 6, 7, 5, 4, 4, 4, 6, 3, 3, 3, 3, 5, 5, 5, 4, 4, 6, 6, 6, 5, 5, 3, 7, 7, 7, 5, 8, 5, 1, 4, 4, 5, 3, 5, 5, 6, 6, 6, 7, 6, 6, 7, 7, 7, 6, 4, 7, 8, 7, 6, 7, 5, 7, 7]
Trade Returns: [0.005017168002801655, -0.0016817162596206288, -0.002475604388933574, 0.031180646547707563, 0.0010973102068291005, 0.01027209255199603, -0.0021931262614119074, -0.0021413549866370687, 0.0010612575354755325, -0.0020197178615139473, 0.0035123288977043526, -0.0024295654366002163, 0.00032412061681801616, -0.0004466655683086911, -0.002344210715240667, -0.0020743612619459353, -0.0017385372079972716, -0.0019179259945107643, -0.002216111350392238, -0.0021103506797764218, 0.0033940541200045775, -0.0019971185485148746, 0.0030720214268895596, 0.009786198441130045, 0.0027986073420983703, 0.010872696115071146, -0.002158724891522723, -0.0023278636970740867, -0.0017335930394878016, 0.0016274976178526292, 0.00021785740869508595, -0.003169134877000904, -0.0012381803846735126, 0.00764795000300815, 0.009216439783755618, -0.002047068073165475, -0.0021620575042757117, 0.001390595692387304, -0.002084791072357681, -0.0008306245145700857, -0.0024939450756280754, 0.000365974140231184, 0.0015642824575093422, -0.002224001583431549, -0.0006059305452112739, -0.0024125604719018815, 0.0005844577530846137, -0.0019987482951852784, -0.0019646899541632765, -0.002004877809598353, -0.001717759706525122, -0.0026904407328352258, -0.002089071578574132, -0.0018989530146336475, -0.0018200847173369952, 0.002561578887448441, -0.002161247369413955, 0.0011483726808183242, -0.0022118167918193997, 0.0005813140641211743, 0.0008383709129417999, -0.0020500837668635933, 0.0005964082967020582, -0.001942690626517728, 0.004703034334922603, -0.002543685025436852, -0.0019091937427002778, -0.002463848505566235, -0.0027347901599398617, -0.002275960170697014, -0.0027698098175611167, -0.0022959197958684653, -0.0025621935347316487, 0.0006997154365831401, -0.0022509848058525615, -0.0018438257134987166, -0.0015297511190891498, -0.0023090396084769925, -0.002741940954986942, 0.04146895922266254, 0.009787058003832092, -0.002166999083607354, 0.007444302785400913, 0.009621812539993996, 0.0006798373347544129, 0.0008386040957140574, 0.0020293477626794126, -0.0004445644062684287, 0.0037557691119759896, -0.0021205402278437853, -0.000429943067784784, 0.008687175310652944, -0.002740295805145397, -0.001974999693323031, 0.0004108824138815121, -0.002285252922385651, -0.0026036260770743707, 0.0003580512136701381, 0.0035668884144008607]
Daily Returns: [0.005017168002801655, 0, 0, -0.0016817162596206288, 0, 0, 0, 0, 0, -0.002475604388933574, 0, 0, 0, 0, 0.031180646547707563, 0, 0, 0, 0, 0, 0, 0, 0, 0, 0, 0, 0, 0, 0, 0, 0, 0, 0, 0, 0, 0, 0, 0, 0, 0, 0, 0, 0, 0, 0, 0, 0, 0, 0.0010973102068291005, 0, 0.01027209255199603, 0, 0, 0, 0, 0, 0, 0, 0, 0, -0.0021931262614119074, 0, 0, 0, 0, 0, 0, 0, 0, 0, 0, 0, 0, 0, 0, -0.0010800974511615362, 0, 0, -0.0020197178615139473, 0, 0.0035123288977043526, 0, 0, 0, 0, 0, 0, 0, 0, -0.0024295654366002163, 0, 0, 0, 0, 0, 0, 0, 0, 0, 0, 0, 0, 0, 0, 0, 0, 0, 0, 0, 0, 0, 0, 0, 0, 0, 0, 0, 0, 0, 0.00032412061681801616, -0.0004466655683086911, 0, 0, -0.002344210715240667, 0, -0.0020743612619459353, 0, 0, 0, 0, 0, -0.0017385372079972716, 0, 0, 0, 0, -0.004134037344903002, -0.0021103506797764218, 0, 0, 0.001396935571489703, 0, 0, 0, 0, 0, 0.0030720214268895596, 0, 0, 0, 0, 0, 0, 0, 0, 0.009786198441130045, 0.0027986073420983703, 0, 0, 0, 0, 0, 0, 0, 0, 0, 0, 0.010872696115071146, 0, 0, 0, 0, 0, 0, 0, 0, 0, 0, 0, 0, 0, 0, 0, 0, 0, 0, 0, 0, 0, 0, 0, 0, 0, 0, 0, 0, 0, 0, 0, 0, 0, 0, -0.002158724891522723, -0.0023278636970740867, 0, 0, 0, 0, 0, 0, 0, 0, 0, 0, -0.0017335930394878016, 0.0018453550265477151, 0, 0, -0.004407315261674417, 0, 0, 0, 0, 0, 0, 0, 0, 0.00764795000300815, 0, 0, 0, 0.009216439783755618, -0.002047068073165475, 0, 0, 0, 0, 0, 0, 0, -0.0021620575042757117, 0, 0.001390595692387304, -0.002084791072357681, -0.0008306245145700857, -0.0024939450756280754, 0, 0, 0, 0, 0, 0, 0, 0, 0, 0, 0, 0, 0, 0, 0, 0, 0, 0, 0, 0, 0, 0, 0, 0, 0, 0, 0, 0, 0, 0, 0, 0, 0, 0, 0.000365974140231184, 0.0015642824575093422, 0, 0, 0, 0, 0, 0, 0, 0, 0, 0, 0, 0, -0.002224001583431549, 0, 0, 0, -0.0006059305452112739, -0.0024125604719018815, 0.0005844577530846137, 0, 0, 0, 0, 0, -0.0019987482951852784, 0, 0, 0, -0.0019646899541632765, -0.002004877809598353, 0, 0, 0, 0, 0, 0, 0, 0, -0.001717759706525122, 0, 0, 0, -0.0026904407328352258, 0, 0, 0, 0, 0, 0, 0, 0, 0, 0, 0, 0, 0, 0, 0, 0, 0, 0, 0, 0, 0, 0, 0, 0, 0, 0, 0, 0, 0, 0, 0, 0, 0, 0, 0, 0, 0, 0, -0.002089071578574132, 0, 0, 0, 0, 0, 0, -0.0018989530146336475, 0, 0, -0.0018200847173369952, 0, 0, 0, 0, 0, 0, 0, 0, 0, 0.002561578887448441, -0.002161247369413955, 0, 0.0011483726808183242, 0, 0, 0, -0.0022118167918193997, 0, 0.0005813140641211743, 0, 0, 0, 0, 0, 0, 0.0008383709129417999, 0, 0, 0, 0, 0, 0, 0, 0, 0, 0, 0, 0, 0, 0, 0, 0, 0, 0, 0, 0, 0, 0, 0, 0, 0, 0, 0, 0, 0, 0, 0, -0.0020500837668635933, 0.0005964082967020582, 0, 0, 0, 0, 0, 0, 0, 0, 0, 0, 0, 0, 0, 0, 0, 0, -0.001942690626517728, 0, 0, 0, 0, 0, 0, 0, 0, 0.004703034334922603, 0, 0, 0, 0, 0, -0.002543685025436852, 0, 0, 0, 0, 0, 0, -0.0019091937427002778, 0, 0, 0, 0, 0, 0, -0.002463848505566235, 0, 0, 0, 0, -0.0027347901599398617, -0.002275960170697014, 0, 0, 0, 0, 0, 0, 0, 0, 0, 0, 0, 0, 0, 0, 0, 0, 0, 0, 0, 0, 0, 0, 0, 0, 0, 0, 0, 0, 0, 0, 0, 0, 0, -0.0027698098175611167, 0, -0.0022959197958684653, -0.0025621935347316487, 0, 0, 0, 0, 0, 0, 0, 0, 0.0006997154365831401, 0, 0, 0, 0, 0, 0, 0, 0, -0.0022509848058525615, 0, 0, -0.0018438257134987166, 0, 0, 0, 0, 0, 0, 0, -0.0015297511190891498, 0, 0, 0, -0.0023090396084769925, 0, 0, 0, 0, -0.002741940954986942, 0.04146895922266254, 0, 0, 0, 0, 0, 0, 0, 0, 0, 0, 0, 0, 0, 0, 0, 0, 0, 0, 0, 0, 0, 0, 0, 0, 0, 0, 0, 0, 0, 0, 0, 0, 0, 0, 0, 0, 0, 0.009787058003832092, 0, 0, 0, 0.005277303701793559, 0, 0, 0.009621812539993996, 0, 0, 0.0006798373347544129, 0.0008386040957140574, 0, 0, 0, 0, 0.0020293477626794126, 0, 0, 0.003311204705707561, 0, 0, -0.0021205402278437853, 0, 0, 0, 0, 0, 0, -0.000429943067784784, 0, 0, 0, 0, 0, 0, 0, 0, 0.008687175310652944, 0, -0.002740295805145397, 0, 0, 0, 0, 0, 0, 0, 0, 0, 0, 0, 0, 0, 0, 0, 0, 0, 0, 0, 0, 0, 0, 0, 0, 0, 0, 0, 0, 0, 0, 0, -0.001974999693323031, 0, 0, 0, 0, 0.0004108824138815121, 0, 0, 0, 0, 0, -0.002285252922385651, 0, 0, 0, 0, 0, 0, 0, 0, 0, 0, 0, 0, 0, -0.0026036260770743707, 0, 0, 0, 0, 0, 0, 0, 0, 0, 0.0039249396280709985, 0, 0]
Start Date: 2023-08-04
End Date: 2025-11-06
Sharpe Ratio: 0.05
Annualized Sharpe: 0.788
Sharpe 95% CI: (np.float64(-0.404), np.float64(1.514))
Sortino Ratio: 0.171
CAGR: 0.029
Calmar Ratio: 0.543
Daily Win Rate (%): 0.394
Max Drawdown: 0.053
Profit Factor: 1.667
Expectancy: 0.000828
Average Win: 0.005251
Average Loss: 0.002047
Total Trades: 99
Total Days: 708



Rolling 4 - Variant 4 - atr_0.25_12 - Fit Metrics
Contracts: [3, 4, 4, 3, 3, 3, 3, 3, 3, 3, 2, 1, 2, 1, 1, 2, 2, 2, 2, 2, 2, 2, 1, 2, 1, 2, 2, 1, 1, 1, 2, 2, 2, 2, 2, 2, 2, 2, 2, 2, 2, 2, 3, 2, 2, 3, 2, 3, 3, 3, 3, 2, 2, 3, 3, 5, 3, 3, 3, 3, 3, 4, 4, 4, 4, 3, 3, 5, 3, 3, 3, 5, 5, 5, 5, 4, 3, 3, 4, 4, 4, 5, 3, 5, 4, 4, 3, 5, 4, 5, 4, 3, 4, 3, 4, 4, 5, 3, 4, 5, 5, 5, 3, 4, 4, 4, 4, 4, 3, 4, 6, 7, 8, 5, 5, 5, 5, 6, 5, 5, 6, 6, 6, 7, 7, 6, 6, 7, 7, 6, 6, 6, 5, 4, 4, 4, 6, 3, 3, 3, 3, 4, 5, 5, 4, 4, 6, 6, 6, 5, 5, 3, 7, 7, 6, 5, 8, 5, 1, 4, 4, 5, 3, 5, 5, 6, 6, 6, 7, 5, 5, 7, 7, 6, 6, 4, 7, 8, 7, 6, 6, 5, 7, 7]
Trade Returns: [0.004673999999999995, -0.001879216541883238, 0.004738797709581083, 0.004400826569320462, -0.002021795069428799, -0.0018476601255933607, -0.0017915600261889178, 0.004227560834540777, 0.0009143915733473045, -0.002260161829959899, 0.020647161064900426, -0.001267625501687913, 0.0016971170369967598, -0.001133797816375059, 0.004548087110976795, -0.0024202812666010783, 0.005433766093530946, -0.0027914219526496407, -0.0019757917183008196, 0.0031752493384897156, -0.0017666235987594632, -0.0027992358009149574, -0.0012632755512519236, -0.0028017626623351387, 0.0014691154522108835, 0.006338669385277479, 0.018517301245442205, -0.001140798445021487, -0.001237118103921721, 0.0003120409763077261, 0.004218847482386614, 0.006379343654939635, -0.0020740718434395706, -4.149221078043075e-05, -0.002097329676837709, -0.0019144476478021675, -0.002164518574677785, 0.0007724288343140275, -0.0016670257765278227, -0.001637357585980267, 0.013542721025274127, 0.0015167613391050313, 0.001203324324020385, -0.0004156026987966293, -0.0018204224428870538, -0.002285306865301985, -0.0016022506732461738, -0.002096440007534374, -0.0020725310360578857, 0.0026896719999849033, -0.0022693360447151615, -0.0017432143208270614, 0.0015303436075956515, -0.002048056521064912, -0.002677601945003987, -0.0018362443749523288, 0.007845616903894546, -0.0017400072784618172, -0.0022420757821614355, 0.0006015117742122481, -0.002708980536811886, 0.0020525146165364843, -0.002520411718010853, -0.0025120284962386013, -0.0012911383727086288, 0.002570674463297757, 0.0012220796674115972, 0.0031121518852165126, -0.0030039393432399948, -0.001802185434995855, -0.002012563739133586, -0.002016622320090528, -0.0023080002375037586, -0.0026013069887807832, -0.0020094815191218332, 0.0008595079461221406, 0.003031863496710639, -0.001662603793707625, 0.00010758637649082884, 0.000914385824714562, -0.0017349782360031013, 0.0013239927922372122, -0.002412811935248202, 0.007111622643252523, -7.6442810267186e-06]
Daily Returns: [0.004673999999999995, 0, 0, 0, 0, 0, 0, 0, 0, 0, 0, 0, 0, 0, -0.001879216541883238, 0.004738797709581083, 0, 0, 0, 0, 0, 0, 0, 0, 0, 0, 0, 0, 0, 0, 0, 0.004400826569320462, -0.002021795069428799, 0, -0.0018476601255933607, 0, 0, 0, 0, 0, 0, -0.0017915600261889178, 0, 0, 0, 0, 0, 0.005141952407888081, -0.002260161829959899, 0, 0, 0, 0, 0, 0.020647161064900426, 0, 0, 0, 0, 0, 0, 0, 0, 0, 0, 0, 0, 0, 0, 0, 0, 0, 0, 0, 0, 0, 0, 0, 0, 0, 0, 0, 0, 0, 0, 0, 0, 0, 0, 0, 0, 0, 0, -0.001267625501687913, 0, 0, 0, 0, 0.0016971170369967598, -0.001133797816375059, 0, 0, 0, 0, 0, 0, 0, 0, 0, 0, 0.004548087110976795, 0, 0, -0.0024202812666010783, 0.005433766093530946, 0, -0.0027914219526496407, 0, -0.0019757917183008196, 0.0031752493384897156, 0, 0, -0.0017666235987594632, -0.0027992358009149574, 0, 0, -0.0012632755512519236, 0, 0, 0, 0, -0.0028017626623351387, 0, 0, 0, 0, 0, 0, 0, 0, 0, 0, 0, 0, 0, 0, 0, 0, 0, 0, 0, 0, 0, 0, 0.0014691154522108835, 0, 0, 0, 0, 0, 0, 0, 0, 0, 0, 0, 0, 0, 0.006338669385277479, 0, 0, 0.017376502800420718, 0, 0, 0, 0, 0, -0.001237118103921721, 0, 0, 0, 0, 0.0003120409763077261, 0, 0, 0, 0, 0, 0.004218847482386614, 0.0043052718115000645, -4.149221078043075e-05, 0, 0, 0, -0.002097329676837709, 0, 0, 0, 0, 0, 0, 0, -0.003306537388165925, -0.0016670257765278227, 0, 0, -0.001637357585980267, 0, 0, 0, 0.013542721025274127, 0, 0, 0, 0, 0, 0, 0, 0, 0, 0, 0, 0, 0, 0, 0, 0, 0, 0, 0, 0, 0, 0, 0, 0, 0, 0, 0, 0, 0, 0, 0, 0, 0, 0, 0, 0, 0, 0.0015167613391050313, 0, 0, 0, 0, 0, 0, 0, 0.001203324324020385, 0, 0, 0, 0, 0, 0, -0.0004156026987966293, 0, 0, -0.0018204224428870538, -0.003887557538548159, -0.002096440007534374, 0, 0, 0, 0, 0.0006171409639270176, 0, 0, 0, 0, 0, 0, -0.0022693360447151615, 0, 0, 0, -0.0017432143208270614, 0.0015303436075956515, 0, 0, 0, 0, 0, 0, 0, 0, 0, 0, 0, 0, 0, 0, 0, 0, 0, 0, 0, 0, 0, 0, 0, 0, 0, 0, 0, 0, 0, 0, 0, 0, 0, 0, 0, 0, 0, 0, -0.002048056521064912, 0, 0, -0.002677601945003987, 0, 0, 0, 0, 0, 0.006009372528942217, -0.0017400072784618172, 0, 0, 0, 0, -0.0022420757821614355, 0, -0.002107468762599638, 0, 0, 0, 0, 0, 0.0020525146165364843, -0.002520411718010853, 0, 0, 0, 0, 0, -0.0038031668689472303, 0, 0, 0, 0, 0.002570674463297757, 0, 0, 0, 0, 0.0012220796674115972, 0.00010821254197651781, 0, 0, 0, 0, 0, 0, 0, 0, 0, 0, 0, 0, 0, 0, 0, 0, 0, 0, 0, 0, 0, 0, 0, 0, 0, 0, 0, 0, 0, 0, 0, 0, -0.001802185434995855, 0, 0, 0, 0, 0, 0, 0, 0, 0, 0, 0, 0, -0.006337186296727873, 0, 0, 0, 0, -0.0026013069887807832, 0, 0, 0, 0, 0, 0, -0.0020094815191218332, 0, 0, 0, 0, 0.0038913714428327794, 0, -0.001662603793707625, 0, 0, 0, 0, 0, 0, 0, 0, 0, 0, 0, 0.00010758637649082884, 0, 0.000914385824714562, 0, 0, 0, 0, 0, 0, 0, 0, 0, 0, 0, 0, 0, 0, 0, 0, 0, 0, 0, 0, 0, 0, 0, 0, 0, 0, 0, 0, -0.0017349782360031013, 0, 0, 0, 0, 0, 0.0013239927922372122, 0, 0, 0, 0, 0, 0, -0.002412811935248202, 0, 0, 0, 0, 0, 0, 0, 0.007111622643252523, 0, 0, 0, 0, 0, 0, 0, 0, 0, 0, 0, 0, 0, -7.6442810267186e-06, 0]
Start Date: 2021-12-17
End Date: 2023-08-03
Sharpe Ratio: 0.053
Annualized Sharpe: 0.842
Sharpe 95% CI: (np.float64(-0.602), np.float64(1.855))
Sortino Ratio: 0.086
CAGR: 0.023
Calmar Ratio: 0.821
Daily Win Rate (%): 0.4
Max Drawdown: 0.028
Profit Factor: 1.475
Expectancy: 0.000544
Average Win: 0.004227
Average Loss: 0.001911
Total Trades: 85
Total Days: 510

Rolling 4 - Variant 4 - atr_0.25_12 - Test Metrics
Contracts: [3, 4, 4, 3, 3, 3, 3, 3, 3, 3, 2, 1, 2, 1, 1, 2, 2, 2, 2, 2, 2, 2, 1, 2, 1, 2, 2, 1, 1, 1, 2, 2, 2, 2, 2, 2, 2, 2, 2, 2, 2, 2, 3, 2, 2, 3, 2, 3, 3, 3, 3, 2, 2, 3, 3, 5, 3, 3, 3, 3, 3, 4, 4, 4, 4, 3, 3, 5, 3, 3, 3, 5, 5, 5, 5, 4, 3, 3, 4, 4, 4, 5, 3, 5, 4, 4, 3, 5, 4, 5, 4, 3, 4, 3, 4, 4, 5, 3, 4, 5, 5, 5, 3, 4, 4, 4, 4, 4, 3, 4, 6, 7, 8, 5, 5, 5, 5, 6, 5, 5, 6, 6, 6, 7, 7, 6, 6, 7, 7, 6, 6, 6, 5, 4, 4, 4, 6, 3, 3, 3, 3, 4, 5, 5, 4, 4, 6, 6, 6, 5, 5, 3, 7, 7, 6, 5, 8, 5, 1, 4, 4, 5, 3, 5, 5, 6, 6, 6, 7, 5, 5, 7, 7, 6, 6, 4, 7, 8, 7, 6, 6, 5, 7, 7]
Trade Returns: [0.0050376197055782244, -0.001688537152571121, -0.002485662205172844, 0.026037509595078154, 0.0011073022395419998, 0.010365526074614695, -0.002212848859114677, -0.0021606547170610678, 0.0010708115537254766, -0.0020379607101850047, 0.003544118354315664, -0.002451477337658748, 0.0003270509977827067, -0.00045070256032300727, -0.002365407395224465, -0.002093162397912025, -0.00175427883040676, -0.0019353224147040022, -0.002236251418552344, -0.0021295725776577317, 0.003425034464875668, -0.0020152856816183277, 0.0030999233372252435, 0.00988210624937264, 0.002118087573699951, 0.010978209248644247, -0.0021794465625921775, -0.0023502577437160732, -0.0017503441121539875, 0.0016432511034568666, 0.00021996271631961786, -0.003199753695935435, -0.001250181552100398, 0.007722171191055185, 0.009305197319869354, -0.0020668072583344475, -0.0021826869129278064, 0.0014038931735241055, -0.0021046988034732978, -0.000838572901389632, -0.0025178300882512175, 0.0003694859231323562, 0.0015792873193053072, -0.0022453009448066526, -0.0006117466276557002, -0.0020877701485304545, 0.0005900693513607773, -0.002017288435734303, -0.0019829510115977034, -0.0020235494229951475, -0.0017337898000264486, -0.002715591469068752, -0.0021086537822939504, -0.0019167700762276203, -0.0018371945872140147, 0.0020685628492785003, -0.002182675108810055, 0.0011591598586823235, -0.0022337938718043323, 0.0005871030551654179, 0.0008467148947548247, -0.0020704701971028276, 0.000602351401396538, -0.001962037546263955, 0.004750083989697297, -0.0025690669446719805, -0.001928203222960109, -0.0024884279723871986, -0.0023676031104245617, -0.002298721895699227, -0.002796613992091298, -0.002318200322663331, -0.002586924409318928, 0.0007065215337940173, -0.002272864564455722, -0.0018617886794166409, -0.0015447169918869118, -0.0023315767524737475, -0.0027688074337246476, 0.025083867323611484, 0.01004119608255599, -0.0022227096046488924, 0.007636111752482063, 0.009867848193155313, 0.0005808761063874852, 0.0007166026864436584, 0.002081191863047389, -0.0004558981827392607, 0.0033013395402378466, -0.0021756111464893485, -0.00044113313361817264, 0.008913374945964525, -0.0028110181873593847, -0.002026114767626032, 0.0004215380735349831, -0.0020095652424443246, -0.0026703811427787865, 0.00036725596474341686, 0.00365855202359704]
Daily Returns: [0.0050376197055782244, 0, 0, -0.001688537152571121, 0, 0, 0, 0, 0, -0.002485662205172844, 0, 0, 0, 0, 0.026037509595078154, 0, 0, 0, 0, 0, 0, 0, 0, 0, 0, 0, 0, 0, 0, 0, 0, 0, 0, 0, 0, 0, 0, 0, 0, 0, 0, 0, 0, 0, 0, 0, 0, 0, 0.0011073022395419998, 0, 0.010365526074614695, 0, 0, 0, 0, 0, 0, 0, 0, 0, -0.002212848859114677, 0, 0, 0, 0, 0, 0, 0, 0, 0, 0, 0, 0, 0, 0, -0.0010898431633355912, 0, 0, -0.0020379607101850047, 0, 0.003544118354315664, 0, 0, 0, 0, 0, 0, 0, 0, -0.002451477337658748, 0, 0, 0, 0, 0, 0, 0, 0, 0, 0, 0, 0, 0, 0, 0, 0, 0, 0, 0, 0, 0, 0, 0, 0, 0, 0, 0, 0, 0, 0.0003270509977827067, -0.00045070256032300727, 0, 0, -0.002365407395224465, 0, -0.002093162397912025, 0, 0, 0, 0, 0, -0.00175427883040676, 0, 0, 0, 0, -0.004171573833256346, -0.0021295725776577317, 0, 0, 0.0014097487832573402, 0, 0, 0, 0, 0, 0.0030999233372252435, 0, 0, 0, 0, 0, 0, 0, 0, 0.00988210624937264, 0.002118087573699951, 0, 0, 0, 0, 0, 0, 0, 0, 0, 0, 0.010978209248644247, 0, 0, 0, 0, 0, 0, 0, 0, 0, 0, 0, 0, 0, 0, 0, 0, 0, 0, 0, 0, 0, 0, 0, 0, 0, 0, 0, 0, 0, 0, 0, 0, 0, 0, -0.0021794465625921775, -0.0023502577437160732, 0, 0, 0, 0, 0, 0, 0, 0, 0, 0, -0.0017503441121539875, 0.0018632138197764844, 0, 0, -0.0044499352480358335, 0, 0, 0, 0, 0, 0, 0, 0, 0.007722171191055185, 0, 0, 0, 0.009305197319869354, -0.0020668072583344475, 0, 0, 0, 0, 0, 0, 0, -0.0021826869129278064, 0, 0.0014038931735241055, -0.0021046988034732978, -0.000838572901389632, -0.0025178300882512175, 0, 0, 0, 0, 0, 0, 0, 0, 0, 0, 0, 0, 0, 0, 0, 0, 0, 0, 0, 0, 0, 0, 0, 0, 0, 0, 0, 0, 0, 0, 0, 0, 0, 0, 0.0003694859231323562, 0.0015792873193053072, 0, 0, 0, 0, 0, 0, 0, 0, 0, 0, 0, 0, -0.0022453009448066526, 0, 0, 0, -0.0006117466276557002, -0.0020877701485304545, 0.0005900693513607773, 0, 0, 0, 0, 0, -0.002017288435734303, 0, 0, 0, -0.0019829510115977034, -0.0020235494229951475, 0, 0, 0, 0, 0, 0, 0, 0, -0.0017337898000264486, 0, 0, 0, -0.002715591469068752, 0, 0, 0, 0, 0, 0, 0, 0, 0, 0, 0, 0, 0, 0, 0, 0, 0, 0, 0, 0, 0, 0, 0, 0, 0, 0, 0, 0, 0, 0, 0, 0, 0, 0, 0, 0, 0, 0, -0.0021086537822939504, 0, 0, 0, 0, 0, 0, -0.0019167700762276203, 0, 0, -0.0018371945872140147, 0, 0, 0, 0, 0, 0, 0, 0, 0, 0.0020685628492785003, -0.002182675108810055, 0, 0.0011591598586823235, 0, 0, 0, -0.0022337938718043323, 0, 0.0005871030551654179, 0, 0, 0, 0, 0, 0, 0.0008467148947548247, 0, 0, 0, 0, 0, 0, 0, 0, 0, 0, 0, 0, 0, 0, 0, 0, 0, 0, 0, 0, 0, 0, 0, 0, 0, 0, 0, 0, 0, 0, 0, -0.0020704701971028276, 0.000602351401396538, 0, 0, 0, 0, 0, 0, 0, 0, 0, 0, 0, 0, 0, 0, 0, 0, -0.001962037546263955, 0, 0, 0, 0, 0, 0, 0, 0, 0.004750083989697297, 0, 0, 0, 0, 0, -0.0025690669446719805, 0, 0, 0, 0, 0, 0, -0.001928203222960109, 0, 0, 0, 0, 0, 0, -0.0024884279723871986, 0, 0, 0, 0, -0.0023676031104245617, -0.002298721895699227, 0, 0, 0, 0, 0, 0, 0, 0, 0, 0, 0, 0, 0, 0, 0, 0, 0, 0, 0, 0, 0, 0, 0, 0, 0, 0, 0, 0, 0, 0, 0, 0, 0, -0.002796613992091298, 0, -0.002318200322663331, -0.002586924409318928, 0, 0, 0, 0, 0, 0, 0, 0, 0.0007065215337940173, 0, 0, 0, 0, 0, 0, 0, 0, -0.002272864564455722, 0, 0, -0.0018617886794166409, 0, 0, 0, 0, 0, 0, 0, -0.0015447169918869118, 0, 0, 0, -0.0023315767524737475, 0, 0, 0, 0, -0.0027688074337246476, 0.025083867323611484, 0, 0, 0, 0, 0, 0, 0, 0, 0, 0, 0, 0, 0, 0, 0, 0, 0, 0, 0, 0, 0, 0, 0, 0, 0, 0, 0, 0, 0, 0, 0, 0, 0, 0, 0, 0, 0, 0.01004119608255599, 0, 0, 0, 0.0054134021478331705, 0, 0, 0.009867848193155313, 0, 0, 0.0005808761063874852, 0.0007166026864436584, 0, 0, 0, 0, 0.002081191863047389, 0, 0, 0.002845441357498586, 0, 0, -0.0021756111464893485, 0, 0, 0, 0, 0, 0, -0.00044113313361817264, 0, 0, 0, 0, 0, 0, 0, 0, 0.008913374945964525, 0, -0.0028110181873593847, 0, 0, 0, 0, 0, 0, 0, 0, 0, 0, 0, 0, 0, 0, 0, 0, 0, 0, 0, 0, 0, 0, 0, 0, 0, 0, 0, 0, 0, 0, 0, -0.002026114767626032, 0, 0, 0, 0, 0.0004215380735349831, 0, 0, 0, 0, 0, -0.0020095652424443246, 0, 0, 0, 0, 0, 0, 0, 0, 0, 0, 0, 0, 0, -0.0026703811427787865, 0, 0, 0, 0, 0, 0, 0, 0, 0, 0.0040258079883404565, 0, 0]
Start Date: 2023-08-04
End Date: 2025-11-06
Sharpe Ratio: 0.045
Annualized Sharpe: 0.719
Sharpe 95% CI: (np.float64(-0.486), np.float64(1.545))
Sortino Ratio: 0.125
CAGR: 0.021
Calmar Ratio: 0.396
Daily Win Rate (%): 0.394
Max Drawdown: 0.054
Profit Factor: 1.488
Expectancy: 0.000607
Average Win: 0.004698
Average Loss: 0.002052
Total Trades: 99
Total Days: 708



Rolling 5 - Variant 0 - atr_0.25_15 - Fit Metrics
Contracts: [3, 4, 4, 3, 3, 3, 3, 3, 3, 3, 2, 1, 2, 1, 1, 2, 2, 2, 2, 2, 2, 2, 1, 2, 1, 2, 2, 1, 1, 1, 2, 2, 2, 2, 2, 2, 2, 2, 2, 2, 2, 2, 3, 2, 2, 3, 2, 3, 4, 3, 3, 2, 2, 3, 3, 5, 3, 3, 3, 3, 3, 4, 4, 4, 4, 3, 3, 5, 3, 3, 4, 5, 5, 5, 5, 4, 3, 3, 4, 4, 4, 5, 3, 5, 4, 4, 3, 5, 4, 5, 4, 3, 4, 3, 4, 4, 5, 3, 4, 5, 5, 5, 3, 4, 4, 4, 4, 4, 4, 4, 6, 7, 8, 5, 5, 5, 5, 6, 5, 5, 6, 7, 7, 7, 7, 6, 6, 7, 7, 6, 6, 7, 5, 4, 4, 4, 6, 3, 3, 3, 3, 5, 5, 5, 4, 4, 6, 6, 6, 5, 5, 3, 7, 7, 7, 5, 8, 5, 2, 4, 4, 5, 3, 5, 5, 6, 6, 6, 7, 5, 6, 7, 7, 7, 6, 4, 7, 8, 7, 6, 7, 5, 7, 7]
Trade Returns: [0.004673999999999995, -0.001879216541883238, 0.004738797709581083, 0.004400826569320462, -0.002021795069428799, -0.0018476601255933607, -0.0017915600261889178, 0.004227560834540777, 0.0009143915733473045, -0.002260161829959899, 0.02581985163692866, -0.0012612643790868524, 0.0016885593343134932, -0.0011281010747761608, 0.004525209541485245, -0.0024082269000089696, 0.005406556553003612, -0.0027774855339295114, -0.0019658723029366905, 0.003159265152611017, -0.0017577368367289645, -0.0027852214462051363, -0.0012569096241434768, -0.0027876261874475628, 0.0014616822140026842, 0.006306644625027586, 0.023040995968114243, -0.001130051858286608, -0.0012254509791372143, 0.00030909454146579456, 0.004179023487694695, 0.006319376167996337, -0.0020546974635114066, -4.1103824524036384e-05, -0.002077696895412624, -0.0018964735336998838, -0.002144158014306902, 0.0007651712070575915, -0.0016513885144243724, -0.0016219226745542523, 0.013414850190159894, 0.0015026296018031513, 0.0011921297155972233, -0.0004117409222254832, -0.0018035001261707895, -0.0022640246849325234, -0.0015872956729425694, -0.0020768412606594375, -0.002737487308268369, 0.002666251666407326, -0.002249628334470924, -0.0017280415029837753, 0.0015170005444680127, -0.002030226568036021, -0.002654243878614832, -0.0018201268607631288, 0.0077766269472336925, -0.001724824699189068, -0.0022224649773421564, 0.0005962410398745347, -0.0026852572963004155, 0.002034491821380701, -0.002498325329509108, -0.0024900717095480964, -0.0012798199946391204, 0.0025480912016132267, 0.0012113710380430962, 0.0030848329048843155, -0.002977648788210017, -0.0017864142068923924, -0.0019959891024670796, -0.0019999810428337167, -0.0022889163263367833, -0.002579748498319831, -0.0019927847448891938, 0.0008523734883242204, 0.0030066214525883133, -0.002197370706254577, 0.00010669410229295971, 0.0009068031189455368, -0.0017206036578054306, 0.0013129780329410438, -0.0023927869390058584, 0.007052536145440663, -7.581213752336836e-06, 0.004996057738961628, -0.0016746754373392272, -0.00246522241784481, 0.03229942108741637, 0.0010915128000513236, 0.010217881292261467, -0.0021816811266462273, -0.002130155593973821, 0.0010557133683786544, -0.0020091320876957043, 0.0034938829695087743, -0.002416850353350791]
Daily Returns: [0.004673999999999995, 0, 0, 0, 0, 0, 0, 0, 0, 0, 0, 0, 0, 0, -0.001879216541883238, 0.004738797709581083, 0, 0, 0, 0, 0, 0, 0, 0, 0, 0, 0, 0, 0, 0, 0, 0.004400826569320462, -0.002021795069428799, 0, -0.0018476601255933607, 0, 0, 0, 0, 0, 0, -0.0017915600261889178, 0, 0, 0, 0, 0, 0.005141952407888081, -0.002260161829959899, 0, 0, 0, 0, 0, 0.02581985163692866, 0, 0, 0, 0, 0, 0, 0, 0, 0, 0, 0, 0, 0, 0, 0, 0, 0, 0, 0, 0, 0, 0, 0, 0, 0, 0, 0, 0, 0, 0, 0, 0, 0, 0, 0, 0, 0, 0, -0.0012612643790868524, 0, 0, 0, 0, 0.0016885593343134932, -0.0011281010747761608, 0, 0, 0, 0, 0, 0, 0, 0, 0, 0, 0.004525209541485245, 0, 0, -0.0024082269000089696, 0.005406556553003612, 0, -0.0027774855339295114, 0, -0.0019658723029366905, 0.003159265152611017, 0, 0, -0.0017577368367289645, -0.0027852214462051363, 0, 0, -0.0012569096241434768, 0, 0, 0, 0, -0.0027876261874475628, 0, 0, 0, 0, 0, 0, 0, 0, 0, 0, 0, 0, 0, 0, 0, 0, 0, 0, 0, 0, 0, 0, 0.0014616822140026842, 0, 0, 0, 0, 0, 0, 0, 0, 0, 0, 0, 0, 0, 0.006306644625027586, 0, 0, 0.021910944109827635, 0, 0, 0, 0, 0, -0.0012254509791372143, 0, 0, 0, 0, 0.00030909454146579456, 0, 0, 0, 0, 0, 0.004179023487694695, 0.0042646787044849305, -4.1103824524036384e-05, 0, 0, 0, -0.002077696895412624, 0, 0, 0, 0, 0, 0, 0, -0.0032754603409491947, -0.0016513885144243724, 0, 0, -0.0016219226745542523, 0, 0, 0, 0.013414850190159894, 0, 0, 0, 0, 0, 0, 0, 0, 0, 0, 0, 0, 0, 0, 0, 0, 0, 0, 0, 0, 0, 0, 0, 0, 0, 0, 0, 0, 0, 0, 0, 0, 0, 0, 0, 0, 0, 0.0015026296018031513, 0, 0, 0, 0, 0, 0, 0, 0.0011921297155972233, 0, 0, 0, 0, 0, 0, -0.0004117409222254832, 0, 0, -0.0018035001261707895, -0.0038513203578750925, -0.0020768412606594375, 0, 0, 0, 0, -7.123564186104284e-05, 0, 0, 0, 0, 0, 0, -0.002249628334470924, 0, 0, 0, -0.0017280415029837753, 0.0015170005444680127, 0, 0, 0, 0, 0, 0, 0, 0, 0, 0, 0, 0, 0, 0, 0, 0, 0, 0, 0, 0, 0, 0, 0, 0, 0, 0, 0, 0, 0, 0, 0, 0, 0, 0, 0, 0, 0, 0, -0.002030226568036021, 0, 0, -0.002654243878614832, 0, 0, 0, 0, 0, 0.005956500086470563, -0.001724824699189068, 0, 0, 0, 0, -0.0022224649773421564, 0, -0.002089016256425881, 0, 0, 0, 0, 0, 0.002034491821380701, -0.002498325329509108, 0, 0, 0, 0, 0, -0.003769891704187217, 0, 0, 0, 0, 0.0025480912016132267, 0, 0, 0, 0, 0.0012113710380430962, 0.00010718411667429845, 0, 0, 0, 0, 0, 0, 0, 0, 0, 0, 0, 0, 0, 0, 0, 0, 0, 0, 0, 0, 0, 0, 0, 0, 0, 0, 0, 0, 0, 0, 0, 0, -0.0017864142068923924, 0, 0, 0, 0, 0, 0, 0, 0, 0, 0, 0, 0, -0.00628488647163758, 0, 0, 0, 0, -0.002579748498319831, 0, 0, 0, 0, 0, 0, -0.0019927847448891938, 0, 0, 0, 0, 0.003858994940912534, 0, -0.002197370706254577, 0, 0, 0, 0, 0, 0, 0, 0, 0, 0, 0, 0.00010669410229295971, 0, 0.0009068031189455368, 0, 0, 0, 0, 0, 0, 0, 0, 0, 0, 0, 0, 0, 0, 0, 0, 0, 0, 0, 0, 0, 0, 0, 0, 0, 0, 0, 0, -0.0017206036578054306, 0, 0, 0, 0, 0, 0.0013129780329410438, 0, 0, 0, 0, 0, 0, -0.0023927869390058584, 0, 0, 0, 0, 0, 0, 0, 0.007052536145440663, 0, 0, 0, 0, 0, 0, 0, 0, 0, 0, 0, 0, 0, -7.581213752336836e-06, 0, 0.004996057738961628, 0, 0, -0.0016746754373392272, 0, 0, 0, 0, 0, -0.00246522241784481, 0, 0, 0, 0, 0.03229942108741637, 0, 0, 0, 0, 0, 0, 0, 0, 0, 0, 0, 0, 0, 0, 0, 0, 0, 0, 0, 0, 0, 0, 0, 0, 0, 0, 0, 0, 0, 0, 0, 0, 0, 0.0010915128000513236, 0, 0.010217881292261467, 0, 0, 0, 0, 0, 0, 0, 0, 0, -0.0021816811266462273, 0, 0, 0, 0, 0, 0, 0, 0, 0, 0, 0, 0, 0, 0, -0.0010744422255951666, 0, 0, -0.0020091320876957043, 0, 0.0034938829695087743, 0, 0, 0, 0, 0, 0, 0, 0, -0.002416850353350791, 0, 0, 0, 0, 0, 0, 0, 0, 0, 0, 0, 0]
Start Date: 2021-12-17
End Date: 2023-11-30
Sharpe Ratio: 0.069
Annualized Sharpe: 1.095
Sharpe 95% CI: (np.float64(-0.081), np.float64(1.884))
Sortino Ratio: 0.153
CAGR: 0.039
Calmar Ratio: 1.388
Daily Win Rate (%): 0.412
Max Drawdown: 0.028
Profit Factor: 1.857
Expectancy: 0.00098
Average Win: 0.005147
Average Loss: 0.001945
Total Trades: 97
Total Days: 612

Rolling 5 - Variant 0 - atr_0.25_15 - Test Metrics
Contracts: [3, 4, 4, 3, 3, 3, 3, 3, 3, 3, 2, 1, 2, 1, 1, 2, 2, 2, 2, 2, 2, 2, 1, 2, 1, 2, 2, 1, 1, 1, 2, 2, 2, 2, 2, 2, 2, 2, 2, 2, 2, 2, 3, 2, 2, 3, 2, 3, 4, 3, 3, 2, 2, 3, 3, 5, 3, 3, 3, 3, 3, 4, 4, 4, 4, 3, 3, 5, 3, 3, 4, 5, 5, 5, 5, 4, 3, 3, 4, 4, 4, 5, 3, 5, 4, 4, 3, 5, 4, 5, 4, 3, 4, 3, 4, 4, 5, 3, 4, 5, 5, 5, 3, 4, 4, 4, 4, 4, 4, 4, 6, 7, 8, 5, 5, 5, 5, 6, 5, 5, 6, 7, 7, 7, 7, 6, 6, 7, 7, 6, 6, 7, 5, 4, 4, 4, 6, 3, 3, 3, 3, 5, 5, 5, 4, 4, 6, 6, 6, 5, 5, 3, 7, 7, 7, 5, 8, 5, 2, 4, 4, 5, 3, 5, 5, 6, 6, 6, 7, 5, 6, 7, 7, 7, 6, 4, 7, 8, 7, 6, 7, 5, 7, 7]
Trade Returns: [0.00032242022831724127, -0.00044432304470543325, -0.002331911110463359, -0.002063452063999884, -0.001729403137005944, -0.0019078319792112108, -0.0022044256958405205, -0.0020991981209974872, 0.0033760798490693644, -0.0019865777715875406, 0.0030558320646445624, 0.009734587818214476, 0.002783806911039379, 0.010815908307792705, -0.002147570572003719, -0.002315809535453643, -0.0017245769368985436, 0.0016190186756969726, 0.00021672424909566126, -0.003152654567647555, -0.0012317211673093964, 0.007608003728737959, 0.009168664549990279, -0.0020364433247009777, -0.002509443855875524, 0.0016145903178221884, -0.0020743406560057706, -0.0008264521945704564, -0.0024814073482599722, 0.00036413078573323753, 0.001556406279417937, -0.002212821114180496, -0.0006028776642796964, -0.0024003978520299256, 0.0005815122189357366, -0.0019886476116432175, -0.0019547416008323885, -0.001994706078975184, -0.0017090272484842346, -0.0026767401077587385, -0.002078404774330338, -0.0018892478500250269, -0.001810765025429123, 0.0025484386018114857, -0.0021501888704037447, 0.0011424968749886057, -0.0022004751565441777, 0.0005783266593949053, 0.0008340649692712911, -0.002039563138734156, 0.0005933413910559032, -0.001932706667838005, 0.004678756057564358, -0.002530587096206321, -0.0018993838896381116, -0.002451164624029481, -0.0027206448499316623, -0.002264214747536381, -0.0027554075799632997, -0.002283948668717889, -0.0025489048020997077, 0.001392117414309397, -0.0022376728202669234, -0.0018328971509998053, -0.0015206465647041665, -0.0022953285398911315, -0.002725597008774363, 0.03088999629958696, 0.009828394841277078, -0.0021760625897670935, 0.007475506594865112, 0.009661844419714901, 0.0005688656286054338, 0.0008421531403961284, 0.0020379289103648226, -0.00044644043474801806, 0.0037716252550012773, -0.0021294591067925524, -0.0004317552443221836, 0.008723806893719368, -0.0027517509946140815, -0.0019832785160078924, 0.0004126081774003647, -0.0022948473450625545, -0.002614582302811031, 0.00035956186589581235, 0.0035819320477567447]
Daily Returns: [0, 0, 0, 0, 0, 0, 0, 0, 0, 0, 0, 0, 0, 0, 0, 0, 0, 0.00032242022831724127, -0.00044432304470543325, 0, 0, -0.002331911110463359, 0, -0.002063452063999884, 0, 0, 0, 0, 0, -0.001729403137005944, 0, 0, 0, 0, -0.004112257675051731, -0.0020991981209974872, 0, 0, 0.0013895020774818238, 0, 0, 0, 0, 0, 0.0030558320646445624, 0, 0, 0, 0, 0, 0, 0, 0, 0.009734587818214476, 0.002783806911039379, 0, 0, 0, 0, 0, 0, 0, 0, 0, 0, 0.010815908307792705, 0, 0, 0, 0, 0, 0, 0, 0, 0, 0, 0, 0, 0, 0, 0, 0, 0, 0, 0, 0, 0, 0, 0, 0, 0, 0, 0, 0, 0, 0, 0, 0, 0, 0, -0.002147570572003719, -0.002315809535453643, 0, 0, 0, 0, 0, 0, 0, 0, 0, 0, -0.0017245769368985436, 0.001835742924792634, 0, 0, -0.0043843757349569515, 0, 0, 0, 0, 0, 0, 0, 0, 0.007608003728737959, 0, 0, 0, 0.009168664549990279, -0.0020364433247009777, 0, 0, 0, 0, 0, 0, 0, -0.002509443855875524, 0, 0.0016145903178221884, -0.0020743406560057706, -0.0008264521945704564, -0.0024814073482599722, 0, 0, 0, 0, 0, 0, 0, 0, 0, 0, 0, 0, 0, 0, 0, 0, 0, 0, 0, 0, 0, 0, 0, 0, 0, 0, 0, 0, 0, 0, 0, 0, 0, 0, 0.00036413078573323753, 0.001556406279417937, 0, 0, 0, 0, 0, 0, 0, 0, 0, 0, 0, 0, -0.002212821114180496, 0, 0, 0, -0.0006028776642796964, -0.0024003978520299256, 0.0005815122189357366, 0, 0, 0, 0, 0, -0.0019886476116432175, 0, 0, 0, -0.0019547416008323885, -0.001994706078975184, 0, 0, 0, 0, 0, 0, 0, 0, -0.0017090272484842346, 0, 0, 0, -0.0026767401077587385, 0, 0, 0, 0, 0, 0, 0, 0, 0, 0, 0, 0, 0, 0, 0, 0, 0, 0, 0, 0, 0, 0, 0, 0, 0, 0, 0, 0, 0, 0, 0, 0, 0, 0, 0, 0, 0, 0, -0.002078404774330338, 0, 0, 0, 0, 0, 0, -0.0018892478500250269, 0, 0, -0.001810765025429123, 0, 0, 0, 0, 0, 0, 0, 0, 0, 0.0025484386018114857, -0.0021501888704037447, 0, 0.0011424968749886057, 0, 0, 0, -0.0022004751565441777, 0, 0.0005783266593949053, 0, 0, 0, 0, 0, 0, 0.0008340649692712911, 0, 0, 0, 0, 0, 0, 0, 0, 0, 0, 0, 0, 0, 0, 0, 0, 0, 0, 0, 0, 0, 0, 0, 0, 0, 0, 0, 0, 0, 0, 0, -0.002039563138734156, 0.0005933413910559032, 0, 0, 0, 0, 0, 0, 0, 0, 0, 0, 0, 0, 0, 0, 0, 0, -0.001932706667838005, 0, 0, 0, 0, 0, 0, 0, 0, 0.004678756057564358, 0, 0, 0, 0, 0, -0.002530587096206321, 0, 0, 0, 0, 0, 0, -0.0018993838896381116, 0, 0, 0, 0, 0, 0, -0.002451164624029481, 0, 0, 0, 0, -0.0027206448499316623, -0.002264214747536381, 0, 0, 0, 0, 0, 0, 0, 0, 0, 0, 0, 0, 0, 0, 0, 0, 0, 0, 0, 0, 0, 0, 0, 0, 0, 0, 0, 0, 0, 0, 0, 0, 0, -0.0027554075799632997, 0, -0.002283948668717889, -0.0025489048020997077, 0, 0, 0, 0, 0, 0, 0, 0, 0.001392117414309397, 0, 0, 0, 0, 0, 0, 0, 0, -0.0022376728202669234, 0, 0, -0.0018328971509998053, 0, 0, 0, 0, 0, 0, 0, -0.0015206465647041665, 0, 0, 0, -0.0022953285398911315, 0, 0, 0, 0, -0.002725597008774363, 0.03088999629958696, 0, 0, 0, 0, 0, 0, 0, 0, 0, 0, 0, 0, 0, 0, 0, 0, 0, 0, 0, 0, 0, 0, 0, 0, 0, 0, 0, 0, 0, 0, 0, 0, 0, 0, 0, 0, 0, 0.009828394841277078, 0, 0, 0, 0.005299444005098018, 0, 0, 0.009661844419714901, 0, 0, 0.0005688656286054338, 0.0008421531403961284, 0, 0, 0, 0, 0.0020379289103648226, 0, 0, 0.003325184820253259, 0, 0, -0.0021294591067925524, 0, 0, 0, 0, 0, 0, -0.0004317552443221836, 0, 0, 0, 0, 0, 0, 0, 0, 0.008723806893719368, 0, -0.0027517509946140815, 0, 0, 0, 0, 0, 0, 0, 0, 0, 0, 0, 0, 0, 0, 0, 0, 0, 0, 0, 0, 0, 0, 0, 0, 0, 0, 0, 0, 0, 0, 0, -0.0019832785160078924, 0, 0, 0, 0, 0.0004126081774003647, 0, 0, 0, 0, 0, -0.0022948473450625545, 0, 0, 0, 0, 0, 0, 0, 0, 0, 0, 0, 0, 0, -0.002614582302811031, 0, 0, 0, 0, 0, 0, 0, 0, 0, 0.003941493913652557, 0, 0]
Start Date: 2023-12-01
End Date: 2025-11-06
Sharpe Ratio: 0.03
Annualized Sharpe: 0.482
Sharpe 95% CI: (np.float64(-1.027), np.float64(1.389))
Sortino Ratio: 0.078
CAGR: 0.013
Calmar Ratio: 0.255
Daily Win Rate (%): 0.379
Max Drawdown: 0.052
Profit Factor: 1.3
Expectancy: 0.000379
Average Win: 0.004325
Average Loss: 0.002033
Total Trades: 87
Total Days: 606



Rolling 5 - Variant 1 - atr_0.25_13 - Fit Metrics
Contracts: [3, 4, 4, 3, 3, 3, 3, 3, 3, 3, 2, 1, 2, 1, 1, 2, 2, 2, 2, 2, 2, 2, 1, 2, 1, 2, 2, 1, 1, 1, 2, 2, 2, 2, 2, 2, 2, 2, 2, 2, 2, 2, 3, 2, 2, 3, 2, 3, 3, 3, 3, 2, 2, 3, 3, 5, 3, 3, 3, 3, 3, 4, 4, 4, 4, 3, 3, 5, 3, 3, 3, 5, 5, 5, 5, 4, 3, 3, 4, 4, 4, 5, 3, 5, 4, 4, 3, 5, 4, 5, 4, 3, 4, 3, 4, 4, 5, 3, 4, 5, 5, 5, 3, 4, 4, 4, 4, 4, 3, 4, 6, 7, 8, 5, 5, 5, 5, 6, 5, 5, 6, 6, 6, 7, 7, 6, 6, 7, 7, 6, 6, 7, 5, 4, 4, 4, 6, 3, 3, 3, 3, 5, 5, 5, 4, 4, 6, 6, 6, 5, 5, 3, 7, 7, 6, 5, 8, 5, 1, 4, 4, 5, 3, 5, 5, 6, 6, 6, 7, 5, 6, 7, 7, 7, 6, 4, 7, 8, 7, 6, 6, 5, 7, 7]
Trade Returns: [0.004673999999999995, -0.001879216541883238, 0.004738797709581083, 0.004400826569320462, -0.002021795069428799, -0.0018476601255933607, -0.0017915600261889178, 0.004227560834540777, 0.0009143915733473045, -0.002260161829959899, 0.022371391255576505, -0.001265498010120126, 0.0016942548477206036, -0.0011318925204310466, 0.004540435595622755, -0.002416249758279294, 0.005424665867147642, -0.0027867609661539057, -0.001972474142639603, 0.003169903335365317, -0.0017636513771757724, -0.0027945487054041418, -0.00126114642278045, -0.0027970346002102625, 0.0014666293201375609, 0.006327958388526548, 0.02003026349311737, -0.0011371936105234873, -0.001233204456206087, 0.00031105260961760296, 0.004205488750602019, 0.006359228433756778, -0.002067573246878001, -4.1361935738592554e-05, -0.002090744320019252, -0.0019084185395695109, -0.0021576888922478117, 0.0007699943760214816, -0.0016617805545297642, -0.0016321800775569548, 0.013499827411591076, 0.0015120213180035288, 0.0011995695002914913, -0.00041430741610275326, -0.0018147464955975581, -0.0022781684872063427, -0.0015972344597710618, -0.0020898661208855157, -0.0020660185113753307, 0.002681202732488783, -0.002262209443361081, -0.0017377275348770575, 0.001525518449710751, -0.0020416088556433594, -0.002669155107569027, -0.0018304156925357802, 0.007820667355997473, -0.0017345168860320363, -0.0022349839384205087, 0.0005996057023261002, -0.00270040145715483, 0.0020459969005809106, -0.0025124245466155316, -0.002504088307440718, -0.0012870452629900637, 0.00256250749062602, 0.0012182070724320955, 0.003102272338451826, -0.0029944318728844705, -0.0017964820787647474, -0.0020061725460516428, -0.0020102053648665638, -0.0023006413156995377, -0.00259299375002392, -0.0020030429368753677, 0.0008567567826578839, 0.003022129601682529, -0.0016573327005220688, 0.00010724230249222359, 0.0009114618239193819, -0.0017294352169637697, 0.0013197452718733003, -0.0024050899752783577, 0.007088837814297389, -7.619962014504524e-06, 0.005021593231898125, -0.0016831921511688518, -0.002477780667994479, 0.02812461932025825, 0.001101541788237343, 0.010311661460905017, -0.002201479233139211, -0.0021495287712501904, 0.0010653038587062871, -0.0020274439514588786, 0.0035257920150748006, -0.0024388454908864203]
Daily Returns: [0.004673999999999995, 0, 0, 0, 0, 0, 0, 0, 0, 0, 0, 0, 0, 0, -0.001879216541883238, 0.004738797709581083, 0, 0, 0, 0, 0, 0, 0, 0, 0, 0, 0, 0, 0, 0, 0, 0.004400826569320462, -0.002021795069428799, 0, -0.0018476601255933607, 0, 0, 0, 0, 0, 0, -0.0017915600261889178, 0, 0, 0, 0, 0, 0.005141952407888081, -0.002260161829959899, 0, 0, 0, 0, 0, 0.022371391255576505, 0, 0, 0, 0, 0, 0, 0, 0, 0, 0, 0, 0, 0, 0, 0, 0, 0, 0, 0, 0, 0, 0, 0, 0, 0, 0, 0, 0, 0, 0, 0, 0, 0, 0, 0, 0, 0, 0, -0.001265498010120126, 0, 0, 0, 0, 0.0016942548477206036, -0.0011318925204310466, 0, 0, 0, 0, 0, 0, 0, 0, 0, 0, 0.004540435595622755, 0, 0, -0.002416249758279294, 0.005424665867147642, 0, -0.0027867609661539057, 0, -0.001972474142639603, 0.003169903335365317, 0, 0, -0.0017636513771757724, -0.0027945487054041418, 0, 0, -0.00126114642278045, 0, 0, 0, 0, -0.0027970346002102625, 0, 0, 0, 0, 0, 0, 0, 0, 0, 0, 0, 0, 0, 0, 0, 0, 0, 0, 0, 0, 0, 0, 0.0014666293201375609, 0, 0, 0, 0, 0, 0, 0, 0, 0, 0, 0, 0, 0, 0.006327958388526548, 0, 0, 0.018893069882593882, 0, 0, 0, 0, 0, -0.001233204456206087, 0, 0, 0, 0, 0.00031105260961760296, 0, 0, 0, 0, 0, 0.004205488750602019, 0.0042916551868787765, -4.1361935738592554e-05, 0, 0, 0, -0.002090744320019252, 0, 0, 0, 0, 0, 0, 0, -0.003296113055795841, -0.0016617805545297642, 0, 0, -0.0016321800775569548, 0, 0, 0, 0.013499827411591076, 0, 0, 0, 0, 0, 0, 0, 0, 0, 0, 0, 0, 0, 0, 0, 0, 0, 0, 0, 0, 0, 0, 0, 0, 0, 0, 0, 0, 0, 0, 0, 0, 0, 0, 0, 0, 0, 0.0015120213180035288, 0, 0, 0, 0, 0, 0, 0, 0.0011995695002914913, 0, 0, 0, 0, 0, 0, -0.00041430741610275326, 0, 0, -0.0018147464955975581, -0.0038754029469774045, -0.0020898661208855157, 0, 0, 0, 0, 0.0006151842211134522, 0, 0, 0, 0, 0, 0, -0.002262209443361081, 0, 0, 0, -0.0017377275348770575, 0.001525518449710751, 0, 0, 0, 0, 0, 0, 0, 0, 0, 0, 0, 0, 0, 0, 0, 0, 0, 0, 0, 0, 0, 0, 0, 0, 0, 0, 0, 0, 0, 0, 0, 0, 0, 0, 0, 0, 0, 0, -0.0020416088556433594, 0, 0, -0.002669155107569027, 0, 0, 0, 0, 0, 0.005990251663461692, -0.0017345168860320363, 0, 0, 0, 0, -0.0022349839384205087, 0, -0.00210079575482873, 0, 0, 0, 0, 0, 0.0020459969005809106, -0.0025124245466155316, 0, 0, 0, 0, 0, -0.003791133570430782, 0, 0, 0, 0, 0.00256250749062602, 0, 0, 0, 0, 0.0012182070724320955, 0.00010784046556735561, 0, 0, 0, 0, 0, 0, 0, 0, 0, 0, 0, 0, 0, 0, 0, 0, 0, 0, 0, 0, 0, 0, 0, 0, 0, 0, 0, 0, 0, 0, 0, 0, -0.0017964820787647474, 0, 0, 0, 0, 0, 0, 0, 0, 0, 0, 0, 0, -0.006317019226617745, 0, 0, 0, 0, -0.00259299375002392, 0, 0, 0, 0, 0, 0, -0.0020030429368753677, 0, 0, 0, 0, 0.003878886384340413, 0, -0.0016573327005220688, 0, 0, 0, 0, 0, 0, 0, 0, 0, 0, 0, 0.00010724230249222359, 0, 0.0009114618239193819, 0, 0, 0, 0, 0, 0, 0, 0, 0, 0, 0, 0, 0, 0, 0, 0, 0, 0, 0, 0, 0, 0, 0, 0, 0, 0, 0, 0, -0.0017294352169637697, 0, 0, 0, 0, 0, 0.0013197452718733003, 0, 0, 0, 0, 0, 0, -0.0024050899752783577, 0, 0, 0, 0, 0, 0, 0, 0.007088837814297389, 0, 0, 0, 0, 0, 0, 0, 0, 0, 0, 0, 0, 0, -7.619962014504524e-06, 0, 0.005021593231898125, 0, 0, -0.0016831921511688518, 0, 0, 0, 0, 0, -0.002477780667994479, 0, 0, 0, 0, 0.02812461932025825, 0, 0, 0, 0, 0, 0, 0, 0, 0, 0, 0, 0, 0, 0, 0, 0, 0, 0, 0, 0, 0, 0, 0, 0, 0, 0, 0, 0, 0, 0, 0, 0, 0, 0.001101541788237343, 0, 0.010311661460905017, 0, 0, 0, 0, 0, 0, 0, 0, 0, -0.002201479233139211, 0, 0, 0, 0, 0, 0, 0, 0, 0, 0, 0, 0, 0, 0, -0.0010842249125439032, 0, 0, -0.0020274439514588786, 0, 0.0035257920150748006, 0, 0, 0, 0, 0, 0, 0, 0, -0.0024388454908864203, 0, 0, 0, 0, 0, 0, 0, 0, 0, 0, 0, 0]
Start Date: 2021-12-17
End Date: 2023-11-30
Sharpe Ratio: 0.068
Annualized Sharpe: 1.084
Sharpe 95% CI: (np.float64(-0.111), np.float64(1.902))
Sortino Ratio: 0.141
CAGR: 0.035
Calmar Ratio: 1.28
Daily Win Rate (%): 0.412
Max Drawdown: 0.028
Profit Factor: 1.778
Expectancy: 0.000883
Average Win: 0.004896
Average Loss: 0.001933
Total Trades: 97
Total Days: 612

Rolling 5 - Variant 1 - atr_0.25_13 - Test Metrics
Contracts: [3, 4, 4, 3, 3, 3, 3, 3, 3, 3, 2, 1, 2, 1, 1, 2, 2, 2, 2, 2, 2, 2, 1, 2, 1, 2, 2, 1, 1, 1, 2, 2, 2, 2, 2, 2, 2, 2, 2, 2, 2, 2, 3, 2, 2, 3, 2, 3, 3, 3, 3, 2, 2, 3, 3, 5, 3, 3, 3, 3, 3, 4, 4, 4, 4, 3, 3, 5, 3, 3, 3, 5, 5, 5, 5, 4, 3, 3, 4, 4, 4, 5, 3, 5, 4, 4, 3, 5, 4, 5, 4, 3, 4, 3, 4, 4, 5, 3, 4, 5, 5, 5, 3, 4, 4, 4, 4, 4, 3, 4, 6, 7, 8, 5, 5, 5, 5, 6, 5, 5, 6, 6, 6, 7, 7, 6, 6, 7, 7, 6, 6, 7, 5, 4, 4, 4, 6, 3, 3, 3, 3, 5, 5, 5, 4, 4, 6, 6, 6, 5, 5, 3, 7, 7, 6, 5, 8, 5, 1, 4, 4, 5, 3, 5, 5, 6, 6, 6, 7, 5, 6, 7, 7, 7, 6, 4, 7, 8, 7, 6, 6, 5, 7, 7]
Trade Returns: [0.00032536166614584457, -0.0004483752827612359, -0.002353187742097978, -0.002082323652063989, -0.0017452039108767814, -0.0019252934504983825, -0.0022246406669487514, -0.0021184910565974157, 0.0034071739941320825, -0.0020048122892773993, 0.003083837919388098, 0.009830754208953489, 0.0021070578097347227, 0.010921716709274259, -0.002168352559271928, -0.0023382682654515437, -0.0017413756320464185, 0.0016348166630743126, 0.0002188355396211201, -0.0031833604690807474, -0.0012437560701697918, 0.0076824325932925855, 0.009257677475165652, -0.002056239047797551, -0.0021716425973277646, 0.001396774065478754, -0.002094040813972768, -0.0008343175390883154, -0.0025050426182575327, 0.00036760578173269823, 0.0015712540163822896, -0.002233897772066519, -0.000608632804221322, -0.0024233262826682334, 0.0005870650011414908, -0.0020076891770109606, -0.001973496164972629, -0.002013881921579001, -0.0017254899093569452, -0.002702569088542097, -0.002098514516102382, -0.0019075447253080473, -0.001828335331061264, 0.002573212032671486, -0.002171037259047063, 0.0011535744248686304, -0.0022218575466636196, 0.0005839588715549455, 0.0008421830270569772, -0.0020593977553302616, 0.0005991235045026471, -0.001951529622223784, 0.004724529310645724, -0.0025552810994374695, -0.0019178785823957974, -0.002475077982543019, -0.002354840629743164, -0.002286359047449375, -0.002781464381180255, -0.0023056073119617922, -0.0025729467698331326, 0.0007026746728993, -0.002260497985453209, -0.0018516357997975256, -0.0015362579552841236, -0.0023188383939310546, -0.0027536218170118964, 0.027033438342126258, 0.009967016824191367, -0.002206451400437998, 0.00758013322991783, 0.009796053553457848, 0.0005766908756690775, 0.0008537310206948329, 0.002065922358750623, -0.0004525601976898599, 0.003823349743073837, -0.002158551515281688, -0.00043766659133064506, 0.008843300589673057, -0.0027891125001334107, -0.0020102815107613404, 0.00041823729068028704, -0.001993836258877129, -0.0026494381579960247, 0.0003643680368460342, 0.0036297933727114304]
Daily Returns: [0, 0, 0, 0, 0, 0, 0, 0, 0, 0, 0, 0, 0, 0, 0, 0, 0, 0.00032536166614584457, -0.0004483752827612359, 0, 0, -0.002353187742097978, 0, -0.002082323652063989, 0, 0, 0, 0, 0, -0.0017452039108767814, 0, 0, 0, 0, -0.004149934117447134, -0.0021184910565974157, 0, 0, 0.0014023617048546833, 0, 0, 0, 0, 0, 0.003083837919388098, 0, 0, 0, 0, 0, 0, 0, 0, 0.009830754208953489, 0.0021070578097347227, 0, 0, 0, 0, 0, 0, 0, 0, 0, 0, 0.010921716709274259, 0, 0, 0, 0, 0, 0, 0, 0, 0, 0, 0, 0, 0, 0, 0, 0, 0, 0, 0, 0, 0, 0, 0, 0, 0, 0, 0, 0, 0, 0, 0, 0, 0, 0, -0.002168352559271928, -0.0023382682654515437, 0, 0, 0, 0, 0, 0, 0, 0, 0, 0, -0.0017413756320464185, 0.0018536522026954326, 0, 0, -0.004427116539250539, 0, 0, 0, 0, 0, 0, 0, 0, 0.0076824325932925855, 0, 0, 0, 0.009257677475165652, -0.002056239047797551, 0, 0, 0, 0, 0, 0, 0, -0.0021716425973277646, 0, 0.001396774065478754, -0.002094040813972768, -0.0008343175390883154, -0.0025050426182575327, 0, 0, 0, 0, 0, 0, 0, 0, 0, 0, 0, 0, 0, 0, 0, 0, 0, 0, 0, 0, 0, 0, 0, 0, 0, 0, 0, 0, 0, 0, 0, 0, 0, 0, 0.00036760578173269823, 0.0015712540163822896, 0, 0, 0, 0, 0, 0, 0, 0, 0, 0, 0, 0, -0.002233897772066519, 0, 0, 0, -0.000608632804221322, -0.0024233262826682334, 0.0005870650011414908, 0, 0, 0, 0, 0, -0.0020076891770109606, 0, 0, 0, -0.001973496164972629, -0.002013881921579001, 0, 0, 0, 0, 0, 0, 0, 0, -0.0017254899093569452, 0, 0, 0, -0.002702569088542097, 0, 0, 0, 0, 0, 0, 0, 0, 0, 0, 0, 0, 0, 0, 0, 0, 0, 0, 0, 0, 0, 0, 0, 0, 0, 0, 0, 0, 0, 0, 0, 0, 0, 0, 0, 0, 0, 0, -0.002098514516102382, 0, 0, 0, 0, 0, 0, -0.0019075447253080473, 0, 0, -0.001828335331061264, 0, 0, 0, 0, 0, 0, 0, 0, 0, 0.002573212032671486, -0.002171037259047063, 0, 0.0011535744248686304, 0, 0, 0, -0.0022218575466636196, 0, 0.0005839588715549455, 0, 0, 0, 0, 0, 0, 0.0008421830270569772, 0, 0, 0, 0, 0, 0, 0, 0, 0, 0, 0, 0, 0, 0, 0, 0, 0, 0, 0, 0, 0, 0, 0, 0, 0, 0, 0, 0, 0, 0, 0, -0.0020593977553302616, 0.0005991235045026471, 0, 0, 0, 0, 0, 0, 0, 0, 0, 0, 0, 0, 0, 0, 0, 0, -0.001951529622223784, 0, 0, 0, 0, 0, 0, 0, 0, 0.004724529310645724, 0, 0, 0, 0, 0, -0.0025552810994374695, 0, 0, 0, 0, 0, 0, -0.0019178785823957974, 0, 0, 0, 0, 0, 0, -0.002475077982543019, 0, 0, 0, 0, -0.002354840629743164, -0.002286359047449375, 0, 0, 0, 0, 0, 0, 0, 0, 0, 0, 0, 0, 0, 0, 0, 0, 0, 0, 0, 0, 0, 0, 0, 0, 0, 0, 0, 0, 0, 0, 0, 0, 0, -0.002781464381180255, 0, -0.0023056073119617922, -0.0025729467698331326, 0, 0, 0, 0, 0, 0, 0, 0, 0.0007026746728993, 0, 0, 0, 0, 0, 0, 0, 0, -0.002260497985453209, 0, 0, -0.0018516357997975256, 0, 0, 0, 0, 0, 0, 0, -0.0015362579552841236, 0, 0, 0, -0.0023188383939310546, 0, 0, 0, 0, -0.0027536218170118964, 0.027033438342126258, 0, 0, 0, 0, 0, 0, 0, 0, 0, 0, 0, 0, 0, 0, 0, 0, 0, 0, 0, 0, 0, 0, 0, 0, 0, 0, 0, 0, 0, 0, 0, 0, 0, 0, 0, 0, 0, 0.009967016824191367, 0, 0, 0, 0.005373681829479832, 0, 0, 0.009796053553457848, 0, 0, 0.0005766908756690775, 0.0008537310206948329, 0, 0, 0, 0, 0.002065922358750623, 0, 0, 0.003370789545383977, 0, 0, -0.002158551515281688, 0, 0, 0, 0, 0, 0, -0.00043766659133064506, 0, 0, 0, 0, 0, 0, 0, 0, 0.008843300589673057, 0, -0.0027891125001334107, 0, 0, 0, 0, 0, 0, 0, 0, 0, 0, 0, 0, 0, 0, 0, 0, 0, 0, 0, 0, 0, 0, 0, 0, 0, 0, 0, 0, 0, 0, 0, -0.0020102815107613404, 0, 0, 0, 0, 0.00041823729068028704, 0, 0, 0, 0, 0, -0.001993836258877129, 0, 0, 0, 0, 0, 0, 0, 0, 0, 0, 0, 0, 0, -0.0026494381579960247, 0, 0, 0, 0, 0, 0, 0, 0, 0, 0.003994161409557465, 0, 0]
Start Date: 2023-12-01
End Date: 2025-11-06
Sharpe Ratio: 0.028
Annualized Sharpe: 0.444
Sharpe 95% CI: (np.float64(-1.05), np.float64(1.392))
Sortino Ratio: 0.068
CAGR: 0.012
Calmar Ratio: 0.219
Daily Win Rate (%): 0.379
Max Drawdown: 0.053
Profit Factor: 1.261
Expectancy: 0.00033
Average Win: 0.004198
Average Loss: 0.002034
Total Trades: 87
Total Days: 606



Rolling 5 - Variant 2 - atr_0.25_14 - Fit Metrics
Contracts: [3, 4, 4, 3, 3, 3, 3, 3, 3, 3, 2, 1, 2, 1, 1, 2, 2, 2, 2, 2, 2, 2, 1, 2, 1, 2, 2, 1, 1, 1, 2, 2, 2, 2, 2, 2, 2, 2, 2, 2, 2, 2, 3, 2, 2, 3, 2, 3, 4, 3, 3, 2, 2, 3, 3, 5, 3, 3, 3, 3, 3, 4, 4, 4, 4, 3, 3, 5, 3, 3, 4, 5, 5, 5, 5, 4, 3, 3, 4, 4, 4, 5, 3, 5, 4, 4, 3, 5, 4, 5, 4, 3, 4, 3, 4, 4, 5, 3, 4, 5, 5, 5, 3, 4, 4, 4, 4, 4, 4, 4, 6, 7, 8, 5, 5, 5, 5, 6, 5, 5, 6, 6, 6, 7, 7, 6, 6, 7, 7, 6, 6, 7, 5, 4, 4, 4, 6, 3, 3, 3, 3, 5, 5, 5, 4, 4, 6, 6, 6, 5, 5, 3, 7, 7, 7, 5, 8, 5, 1, 4, 4, 5, 3, 5, 5, 6, 6, 6, 7, 5, 6, 7, 7, 7, 6, 4, 7, 8, 7, 6, 6, 5, 7, 7]
Trade Returns: [0.004673999999999995, -0.001879216541883238, 0.004738797709581083, 0.004400826569320462, -0.002021795069428799, -0.0018476601255933607, -0.0017915600261889178, 0.004227560834540777, 0.0009143915733473045, -0.002260161829959899, 0.02409562144625258, -0.001263377647845036, 0.0016914022963592243, -0.0011299936172715478, 0.00453280978222048, -0.002412231658342366, 0.005415596071098417, -0.0027821155191078842, -0.0019691676894649534, 0.0031645753035615906, -0.0017606891399071902, -0.0027898772799849368, -0.0012590244591126488, -0.0027923224687073987, 0.0014641515882355238, 0.00631728352930227, 0.021538153244981557, -0.0011336114862570826, -0.0012293154922077257, 0.0003100704843149791, 0.004192214351057331, 0.006339239667679288, -0.002061115246641803, -4.1232476197616e-05, -0.002084200188177786, -0.0019024272866724806, -0.002150902173503596, 0.00076757521484582, -0.0016565682367127067, -0.0016270352096459395, 0.01345720465235866, 0.0015073108306252684, 0.0011958380365904159, -0.0004130201821753934, -0.0018091058326912112, -0.002271074565083625, -0.0015922495570855095, -0.0020833333333333316, -0.0027460623828843766, 0.0026746265961709176, -0.0022566757646529144, -0.001733467197611499, 0.001521771884887746, -0.0020366024281265496, -0.0026625964555244616, -0.0018258900977220916, 0.007801295847096891, -0.001730253808254704, -0.002229477470941216, 0.0005981257464741529, -0.0026937402697145263, 0.0020409363269595243, -0.0025062229667698293, -0.0024979231175893046, -0.0012838672049567304, 0.0025561663956156183, 0.0012152002241117, 0.003094601513169119, -0.0029870498156725576, -0.001792053716243038, -0.002002315473818064, -0.002006332784999096, -0.002296200312511909, -0.0025879768896528666, -0.0019991574432231623, 0.0008550965283463754, 0.003016255545151713, -0.0022043200127259705, 0.00010703466202848708, 0.0009096972581036829, -0.00172609011947064, 0.0013171820357077233, -0.0024004299734326907, 0.007075087840231304, -7.605285673558249e-06, 0.005011921375958708, -0.0016799664006719864, -0.0024730241389896417, 0.030236194145394375, 0.0010971685675034847, 0.010270768097255488, -0.0021928466573658888, -0.0021410813829962, 0.0010611220910304096, -0.0020194592458856265, 0.003511878249999557, -0.002429254803257759]
Daily Returns: [0.004673999999999995, 0, 0, 0, 0, 0, 0, 0, 0, 0, 0, 0, 0, 0, -0.001879216541883238, 0.004738797709581083, 0, 0, 0, 0, 0, 0, 0, 0, 0, 0, 0, 0, 0, 0, 0, 0.004400826569320462, -0.002021795069428799, 0, -0.0018476601255933607, 0, 0, 0, 0, 0, 0, -0.0017915600261889178, 0, 0, 0, 0, 0, 0.005141952407888081, -0.002260161829959899, 0, 0, 0, 0, 0, 0.02409562144625258, 0, 0, 0, 0, 0, 0, 0, 0, 0, 0, 0, 0, 0, 0, 0, 0, 0, 0, 0, 0, 0, 0, 0, 0, 0, 0, 0, 0, 0, 0, 0, 0, 0, 0, 0, 0, 0, 0, -0.001263377647845036, 0, 0, 0, 0, 0.0016914022963592243, -0.0011299936172715478, 0, 0, 0, 0, 0, 0, 0, 0, 0, 0, 0.00453280978222048, 0, 0, -0.002412231658342366, 0.005415596071098417, 0, -0.0027821155191078842, 0, -0.0019691676894649534, 0.0031645753035615906, 0, 0, -0.0017606891399071902, -0.0027898772799849368, 0, 0, -0.0012590244591126488, 0, 0, 0, 0, -0.0027923224687073987, 0, 0, 0, 0, 0, 0, 0, 0, 0, 0, 0, 0, 0, 0, 0, 0, 0, 0, 0, 0, 0, 0, 0.0014641515882355238, 0, 0, 0, 0, 0, 0, 0, 0, 0, 0, 0, 0, 0, 0.00631728352930227, 0, 0, 0.020404541758724474, 0, 0, 0, 0, 0, -0.0012293154922077257, 0, 0, 0, 0, 0.0003100704843149791, 0, 0, 0, 0, 0, 0.004192214351057331, 0.004278124421037485, -4.1232476197616e-05, 0, 0, 0, -0.002084200188177786, 0, 0, 0, 0, 0, 0, 0, -0.0032857542453302566, -0.0016565682367127067, 0, 0, -0.0016270352096459395, 0, 0, 0, 0.01345720465235866, 0, 0, 0, 0, 0, 0, 0, 0, 0, 0, 0, 0, 0, 0, 0, 0, 0, 0, 0, 0, 0, 0, 0, 0, 0, 0, 0, 0, 0, 0, 0, 0, 0, 0, 0, 0, 0, 0.0015073108306252684, 0, 0, 0, 0, 0, 0, 0, 0.0011958380365904159, 0, 0, 0, 0, 0, 0, -0.0004130201821753934, 0, 0, -0.0018091058326912112, -0.0038633241221691346, -0.0020833333333333316, 0, 0, 0, 0, -7.143578671345904e-05, 0, 0, 0, 0, 0, 0, -0.0022566757646529144, 0, 0, 0, -0.001733467197611499, 0.001521771884887746, 0, 0, 0, 0, 0, 0, 0, 0, 0, 0, 0, 0, 0, 0, 0, 0, 0, 0, 0, 0, 0, 0, 0, 0, 0, 0, 0, 0, 0, 0, 0, 0, 0, 0, 0, 0, 0, 0, -0.0020366024281265496, 0, 0, -0.0026625964555244616, 0, 0, 0, 0, 0, 0.005975405749374799, -0.001730253808254704, 0, 0, 0, 0, -0.002229477470941216, 0, -0.0020956145232403733, 0, 0, 0, 0, 0, 0.0020409363269595243, -0.0025062229667698293, 0, 0, 0, 0, 0, -0.003781790322546035, 0, 0, 0, 0, 0.0025561663956156183, 0, 0, 0, 0, 0.0012152002241117, 0.00010755169749656138, 0, 0, 0, 0, 0, 0, 0, 0, 0, 0, 0, 0, 0, 0, 0, 0, 0, 0, 0, 0, 0, 0, 0, 0, 0, 0, 0, 0, 0, 0, 0, 0, -0.001792053716243038, 0, 0, 0, 0, 0, 0, 0, 0, 0, 0, 0, 0, -0.006304848571329069, 0, 0, 0, 0, -0.0025879768896528666, 0, 0, 0, 0, 0, 0, -0.0019991574432231623, 0, 0, 0, 0, 0.0038713520734980885, 0, -0.0022043200127259705, 0, 0, 0, 0, 0, 0, 0, 0, 0, 0, 0, 0.00010703466202848708, 0, 0.0009096972581036829, 0, 0, 0, 0, 0, 0, 0, 0, 0, 0, 0, 0, 0, 0, 0, 0, 0, 0, 0, 0, 0, 0, 0, 0, 0, 0, 0, 0, -0.00172609011947064, 0, 0, 0, 0, 0, 0.0013171820357077233, 0, 0, 0, 0, 0, 0, -0.0024004299734326907, 0, 0, 0, 0, 0, 0, 0, 0.007075087840231304, 0, 0, 0, 0, 0, 0, 0, 0, 0, 0, 0, 0, 0, -7.605285673558249e-06, 0, 0.005011921375958708, 0, 0, -0.0016799664006719864, 0, 0, 0, 0, 0, -0.0024730241389896417, 0, 0, 0, 0, 0.030236194145394375, 0, 0, 0, 0, 0, 0, 0, 0, 0, 0, 0, 0, 0, 0, 0, 0, 0, 0, 0, 0, 0, 0, 0, 0, 0, 0, 0, 0, 0, 0, 0, 0, 0, 0.0010971685675034847, 0, 0.010270768097255488, 0, 0, 0, 0, 0, 0, 0, 0, 0, -0.0021928466573658888, 0, 0, 0, 0, 0, 0, 0, 0, 0, 0, 0, 0, 0, 0, -0.0010799592919657902, 0, 0, -0.0020194592458856265, 0, 0.003511878249999557, 0, 0, 0, 0, 0, 0, 0, 0, -0.002429254803257759, 0, 0, 0, 0, 0, 0, 0, 0, 0, 0, 0, 0]
Start Date: 2021-12-17
End Date: 2023-11-30
Sharpe Ratio: 0.068
Annualized Sharpe: 1.083
Sharpe 95% CI: (np.float64(-0.109), np.float64(1.887))
Sortino Ratio: 0.144
CAGR: 0.037
Calmar Ratio: 1.306
Daily Win Rate (%): 0.412
Max Drawdown: 0.028
Profit Factor: 1.807
Expectancy: 0.000925
Average Win: 0.005023
Average Loss: 0.00195
Total Trades: 97
Total Days: 612

Rolling 5 - Variant 2 - atr_0.25_14 - Test Metrics
Contracts: [3, 4, 4, 3, 3, 3, 3, 3, 3, 3, 2, 1, 2, 1, 1, 2, 2, 2, 2, 2, 2, 2, 1, 2, 1, 2, 2, 1, 1, 1, 2, 2, 2, 2, 2, 2, 2, 2, 2, 2, 2, 2, 3, 2, 2, 3, 2, 3, 4, 3, 3, 2, 2, 3, 3, 5, 3, 3, 3, 3, 3, 4, 4, 4, 4, 3, 3, 5, 3, 3, 4, 5, 5, 5, 5, 4, 3, 3, 4, 4, 4, 5, 3, 5, 4, 4, 3, 5, 4, 5, 4, 3, 4, 3, 4, 4, 5, 3, 4, 5, 5, 5, 3, 4, 4, 4, 4, 4, 4, 4, 6, 7, 8, 5, 5, 5, 5, 6, 5, 5, 6, 6, 6, 7, 7, 6, 6, 7, 7, 6, 6, 7, 5, 4, 4, 4, 6, 3, 3, 3, 3, 5, 5, 5, 4, 4, 6, 6, 6, 5, 5, 3, 7, 7, 7, 5, 8, 5, 1, 4, 4, 5, 3, 5, 5, 6, 6, 6, 7, 5, 6, 7, 7, 7, 6, 4, 7, 8, 7, 6, 6, 5, 7, 7]
Trade Returns: [0.00032407907529437345, -0.0004466083391294591, -0.0023439102282382593, -0.002074094740242578, -0.0017383140554060104, -0.0019176793875181858, -0.002215825855227804, -0.0021100782056957365, 0.0033936149762668687, -0.001996861022893902, 0.003071625901715319, 0.009784937528070064, 0.002798245743565517, 0.010871308786000684, -0.0021584524058539697, -0.002327569226209732, -0.0017333727804206933, 0.0016272904795324845, 0.0002178297261336105, -0.003168732271160727, -0.001238022586629721, 0.007646974113306481, 0.009215272677277314, -0.0020468085183461076, -0.002161786216192963, 0.0013904208268512967, -0.002084529276693457, -0.0008305199918026567, -0.0024936309857938608, 0.0003659279608619209, 0.00156408514533556, -0.0022237214950748896, -0.0006058540649021354, -0.002412255774889807, 0.0005843839619067988, -0.0019984952506348166, -0.001964440723363616, -0.002004622980169849, -0.001717540932602894, -0.002690097488695577, -0.0020888043376955175, -0.001898709865059898, -0.0018198512230389874, 0.0025612496695161654, -0.002160970312296838, 0.0011482254697285955, -0.0022115326380005556, 0.0005812392167249999, 0.0008382630307620478, -0.0020498201815450073, 0.0005963314572205553, -0.0019424404851686584, 0.004702426045342874, -0.0025433568624559995, -0.0019089479636968864, -0.002463530716745561, -0.0027344357472396464, -0.0022756658908714778, -0.002769448957827324, -0.0022956198453536105, -0.0025618605790918773, 0.0006996238119022064, -0.00225069025529632, -0.0018435838971190264, -0.0015295496576856586, -0.0023087362203172554, -0.002741579300416797, 0.028993256635195128, 0.009904407957312266, -0.0021927272727272737, 0.00753288119039198, 0.009735444759534624, 0.0005731572546484208, 0.0008485028578793124, 0.002053281583960045, -0.0004497967882368145, 0.0037999932142978956, -0.002145415020395676, -0.00043499731692231777, 0.00878934292170748, -0.0027722429177856733, -0.00199808878464078, 0.0004156955261213199, -0.001981724099966973, -0.0026333113890717598, 0.00036214432254035175, 0.003607649000540357]
Daily Returns: [0, 0, 0, 0, 0, 0, 0, 0, 0, 0, 0, 0, 0, 0, 0, 0, 0, 0.00032407907529437345, -0.0004466083391294591, 0, 0, -0.0023439102282382593, 0, -0.002074094740242578, 0, 0, 0, 0, 0, -0.0017383140554060104, 0, 0, 0, 0, -0.00413350524274599, -0.0021100782056957365, 0, 0, 0.0013967539533729667, 0, 0, 0, 0, 0, 0.003071625901715319, 0, 0, 0, 0, 0, 0, 0, 0, 0.009784937528070064, 0.002798245743565517, 0, 0, 0, 0, 0, 0, 0, 0, 0, 0, 0.010871308786000684, 0, 0, 0, 0, 0, 0, 0, 0, 0, 0, 0, 0, 0, 0, 0, 0, 0, 0, 0, 0, 0, 0, 0, 0, 0, 0, 0, 0, 0, 0, 0, 0, 0, 0, -0.0021584524058539697, -0.002327569226209732, 0, 0, 0, 0, 0, 0, 0, 0, 0, 0, -0.0017333727804206933, 0.0018451202056660948, 0, 0, -0.004406754857790449, 0, 0, 0, 0, 0, 0, 0, 0, 0.007646974113306481, 0, 0, 0, 0.009215272677277314, -0.0020468085183461076, 0, 0, 0, 0, 0, 0, 0, -0.002161786216192963, 0, 0.0013904208268512967, -0.002084529276693457, -0.0008305199918026567, -0.0024936309857938608, 0, 0, 0, 0, 0, 0, 0, 0, 0, 0, 0, 0, 0, 0, 0, 0, 0, 0, 0, 0, 0, 0, 0, 0, 0, 0, 0, 0, 0, 0, 0, 0, 0, 0, 0.0003659279608619209, 0.00156408514533556, 0, 0, 0, 0, 0, 0, 0, 0, 0, 0, 0, 0, -0.0022237214950748896, 0, 0, 0, -0.0006058540649021354, -0.002412255774889807, 0.0005843839619067988, 0, 0, 0, 0, 0, -0.0019984952506348166, 0, 0, 0, -0.001964440723363616, -0.002004622980169849, 0, 0, 0, 0, 0, 0, 0, 0, -0.001717540932602894, 0, 0, 0, -0.002690097488695577, 0, 0, 0, 0, 0, 0, 0, 0, 0, 0, 0, 0, 0, 0, 0, 0, 0, 0, 0, 0, 0, 0, 0, 0, 0, 0, 0, 0, 0, 0, 0, 0, 0, 0, 0, 0, 0, 0, -0.0020888043376955175, 0, 0, 0, 0, 0, 0, -0.001898709865059898, 0, 0, -0.0018198512230389874, 0, 0, 0, 0, 0, 0, 0, 0, 0, 0.0025612496695161654, -0.002160970312296838, 0, 0.0011482254697285955, 0, 0, 0, -0.0022115326380005556, 0, 0.0005812392167249999, 0, 0, 0, 0, 0, 0, 0.0008382630307620478, 0, 0, 0, 0, 0, 0, 0, 0, 0, 0, 0, 0, 0, 0, 0, 0, 0, 0, 0, 0, 0, 0, 0, 0, 0, 0, 0, 0, 0, 0, 0, -0.0020498201815450073, 0.0005963314572205553, 0, 0, 0, 0, 0, 0, 0, 0, 0, 0, 0, 0, 0, 0, 0, 0, -0.0019424404851686584, 0, 0, 0, 0, 0, 0, 0, 0, 0.004702426045342874, 0, 0, 0, 0, 0, -0.0025433568624559995, 0, 0, 0, 0, 0, 0, -0.0019089479636968864, 0, 0, 0, 0, 0, 0, -0.002463530716745561, 0, 0, 0, 0, -0.0027344357472396464, -0.0022756658908714778, 0, 0, 0, 0, 0, 0, 0, 0, 0, 0, 0, 0, 0, 0, 0, 0, 0, 0, 0, 0, 0, 0, 0, 0, 0, 0, 0, 0, 0, 0, 0, 0, 0, -0.002769448957827324, 0, -0.0022956198453536105, -0.0025618605790918773, 0, 0, 0, 0, 0, 0, 0, 0, 0.0006996238119022064, 0, 0, 0, 0, 0, 0, 0, 0, -0.00225069025529632, 0, 0, -0.0018435838971190264, 0, 0, 0, 0, 0, 0, 0, -0.0015295496576856586, 0, 0, 0, -0.0023087362203172554, 0, 0, 0, 0, -0.002741579300416797, 0.028993256635195128, 0, 0, 0, 0, 0, 0, 0, 0, 0, 0, 0, 0, 0, 0, 0, 0, 0, 0, 0, 0, 0, 0, 0, 0, 0, 0, 0, 0, 0, 0, 0, 0, 0, 0, 0, 0, 0, 0.009904407957312266, 0, 0, 0, 0.005340153917664707, 0, 0, 0.009735444759534624, 0, 0, 0.0005731572546484208, 0.0008485028578793124, 0, 0, 0, 0, 0.002053281583960045, 0, 0, 0.003350196426061081, 0, 0, -0.002145415020395676, 0, 0, 0, 0, 0, 0, -0.00043499731692231777, 0, 0, 0, 0, 0, 0, 0, 0, 0.00878934292170748, 0, -0.0027722429177856733, 0, 0, 0, 0, 0, 0, 0, 0, 0, 0, 0, 0, 0, 0, 0, 0, 0, 0, 0, 0, 0, 0, 0, 0, 0, 0, 0, 0, 0, 0, 0, -0.00199808878464078, 0, 0, 0, 0, 0.0004156955261213199, 0, 0, 0, 0, 0, -0.001981724099966973, 0, 0, 0, 0, 0, 0, 0, 0, 0, 0, 0, 0, 0, -0.0026333113890717598, 0, 0, 0, 0, 0, 0, 0, 0, 0, 0.003969793323080709, 0, 0]
Start Date: 2023-12-01
End Date: 2025-11-06
Sharpe Ratio: 0.029
Annualized Sharpe: 0.465
Sharpe 95% CI: (np.float64(-1.033), np.float64(1.392))
Sortino Ratio: 0.073
CAGR: 0.013
Calmar Ratio: 0.236
Daily Win Rate (%): 0.379
Max Drawdown: 0.053
Profit Factor: 1.282
Expectancy: 0.000355
Average Win: 0.004261
Average Loss: 0.002032
Total Trades: 87
Total Days: 606



Rolling 5 - Variant 3 - atr_0.25_20 - Fit Metrics
Contracts: [3, 4, 4, 3, 3, 3, 3, 3, 3, 3, 2, 1, 2, 1, 1, 2, 2, 2, 2, 2, 2, 2, 1, 2, 1, 2, 2, 1, 1, 1, 2, 2, 2, 2, 2, 2, 2, 2, 2, 2, 2, 2, 3, 2, 2, 3, 2, 3, 4, 3, 3, 2, 2, 3, 3, 5, 3, 3, 3, 3, 3, 4, 4, 4, 4, 3, 3, 5, 3, 3, 4, 5, 5, 5, 5, 4, 3, 3, 4, 4, 4, 5, 3, 5, 4, 4, 3, 5, 4, 5, 4, 3, 4, 3, 4, 4, 5, 3, 4, 5, 5, 5, 3, 4, 4, 4, 4, 4, 4, 4, 6, 7, 8, 5, 5, 5, 5, 6, 5, 5, 6, 6, 6, 7, 7, 6, 6, 7, 7, 6, 6, 7, 5, 4, 4, 4, 6, 3, 3, 3, 3, 5, 5, 5, 4, 4, 6, 6, 6, 5, 5, 3, 7, 7, 7, 5, 8, 5, 1, 4, 4, 5, 3, 5, 5, 6, 6, 6, 7, 6, 6, 7, 7, 7, 6, 4, 7, 8, 7, 6, 7, 5, 7, 7]
Trade Returns: [0.004673999999999995, -0.001879216541883238, 0.004738797709581083, 0.004400826569320462, -0.002021795069428799, -0.0018476601255933607, -0.0017915600261889178, 0.004227560834540777, 0.0009143915733473045, -0.002260161829959899, 0.024531633678377577, -0.0012628425893663265, 0.0016906824824789938, -0.0011295144437141367, 0.004530885471642389, -0.002411217703152735, 0.005413307361752218, -0.0027809432607134314, -0.001968333330123397, 0.003163230821223381, -0.0017599416440401978, -0.00278869847293791, -0.001258489001270088, -0.0027911334092088043, 0.0014635263609436458, 0.00631458984238722, 0.020045993305162095, -0.0011347887329262443, -0.0012305935770954585, 0.00031039325311056474, 0.004196576894987207, 0.006345808902220279, -0.0020632376729974233, -4.127502298268324e-05, -0.0020863509122156587, -0.0019043962950835702, -0.0021531326005392246, 0.0007683702640707928, -0.001658281253525257, -0.0016287260414777182, 0.013471212333407737, 0.0015088589440975188, 0.0011970643953519663, -0.0004134432372233053, -0.0018109596595693928, -0.002273406002687769, -0.001593887851656183, -0.0020854803350259495, -0.0027488982813752734, 0.0026773963356197614, -0.0022590064502802615, -0.001735261569037813, 0.0015233498614279474, -0.0020387110376530898, -0.002665358823695849, -0.0018277961675119182, 0.007809454631194855, -0.0017320493275573186, -0.0022317966719750627, 0.0005987490691914899, -0.0026965458081400066, 0.002043067715542702, -0.002508834926620367, -0.0025005197603432294, -0.0012852057276956331, 0.0025588371063674613, 0.001216466638118236, 0.0030978322766789385, -0.0029901589704769103, -0.0017939188422032646, -0.0020044077972413265, -0.0020084335170431284, -0.0022986093890086405, -0.0025906983413794744, -0.002001265167634711, 0.000855997150506151, 0.003019441979463164, -0.002206618338439139, 0.00010714729883571889, 0.0009106544659375248, -0.0017279047052909434, 0.001318572486939042, -0.002402957840056828, 0.007082546649926681, -7.613247049881921e-06, 0.005017168002801655, -0.0016817162596206288, -0.002475604388933574, 0.031180646547707563, 0.0010973102068291005, 0.01027209255199603, -0.0021931262614119074, -0.0021413549866370687, 0.0010612575354755325, -0.0020197178615139473, 0.0035123288977043526, -0.0024295654366002163]
Daily Returns: [0.004673999999999995, 0, 0, 0, 0, 0, 0, 0, 0, 0, 0, 0, 0, 0, -0.001879216541883238, 0.004738797709581083, 0, 0, 0, 0, 0, 0, 0, 0, 0, 0, 0, 0, 0, 0, 0, 0.004400826569320462, -0.002021795069428799, 0, -0.0018476601255933607, 0, 0, 0, 0, 0, 0, -0.0017915600261889178, 0, 0, 0, 0, 0, 0.005141952407888081, -0.002260161829959899, 0, 0, 0, 0, 0, 0.024531633678377577, 0, 0, 0, 0, 0, 0, 0, 0, 0, 0, 0, 0, 0, 0, 0, 0, 0, 0, 0, 0, 0, 0, 0, 0, 0, 0, 0, 0, 0, 0, 0, 0, 0, 0, 0, 0, 0, 0, -0.0012628425893663265, 0, 0, 0, 0, 0.0016906824824789938, -0.0011295144437141367, 0, 0, 0, 0, 0, 0, 0, 0, 0, 0, 0.004530885471642389, 0, 0, -0.002411217703152735, 0.005413307361752218, 0, -0.0027809432607134314, 0, -0.001968333330123397, 0.003163230821223381, 0, 0, -0.0017599416440401978, -0.00278869847293791, 0, 0, -0.001258489001270088, 0, 0, 0, 0, -0.0027911334092088043, 0, 0, 0, 0, 0, 0, 0, 0, 0, 0, 0, 0, 0, 0, 0, 0, 0, 0, 0, 0, 0, 0, 0.0014635263609436458, 0, 0, 0, 0, 0, 0, 0, 0, 0, 0, 0, 0, 0, 0.00631458984238722, 0, 0, 0.01891120457223585, 0, 0, 0, 0, 0, -0.0012305935770954585, 0, 0, 0, 0, 0.00031039325311056474, 0, 0, 0, 0, 0, 0.004196576894987207, 0.004282571229222856, -4.127502298268324e-05, 0, 0, 0, -0.0020863509122156587, 0, 0, 0, 0, 0, 0, 0, -0.003289158631552002, -0.001658281253525257, 0, 0, -0.0016287260414777182, 0, 0, 0, 0.013471212333407737, 0, 0, 0, 0, 0, 0, 0, 0, 0, 0, 0, 0, 0, 0, 0, 0, 0, 0, 0, 0, 0, 0, 0, 0, 0, 0, 0, 0, 0, 0, 0, 0, 0, 0, 0, 0, 0, 0.0015088589440975188, 0, 0, 0, 0, 0, 0, 0, 0.0011970643953519663, 0, 0, 0, 0, 0, 0, -0.0004134432372233053, 0, 0, -0.0018109596595693928, -0.003867293854343952, -0.0020854803350259495, 0, 0, 0, 0, -7.150194575551196e-05, 0, 0, 0, 0, 0, 0, -0.0022590064502802615, 0, 0, 0, -0.001735261569037813, 0.0015233498614279474, 0, 0, 0, 0, 0, 0, 0, 0, 0, 0, 0, 0, 0, 0, 0, 0, 0, 0, 0, 0, 0, 0, 0, 0, 0, 0, 0, 0, 0, 0, 0, 0, 0, 0, 0, 0, 0, 0, -0.0020387110376530898, 0, 0, -0.002665358823695849, 0, 0, 0, 0, 0, 0.005981658463682937, -0.0017320493275573186, 0, 0, 0, 0, -0.0022317966719750627, 0, -0.002097796738948517, 0, 0, 0, 0, 0, 0.002043067715542702, -0.002508834926620367, 0, 0, 0, 0, 0, -0.0037857254880388626, 0, 0, 0, 0, 0.0025588371063674613, 0, 0, 0, 0, 0.001216466638118236, 0.00010767330620202811, 0, 0, 0, 0, 0, 0, 0, 0, 0, 0, 0, 0, 0, 0, 0, 0, 0, 0, 0, 0, 0, 0, 0, 0, 0, 0, 0, 0, 0, 0, 0, 0, -0.0017939188422032646, 0, 0, 0, 0, 0, 0, 0, 0, 0, 0, 0, 0, -0.006311450703293095, 0, 0, 0, 0, -0.0025906983413794744, 0, 0, 0, 0, 0, 0, -0.002001265167634711, 0, 0, 0, 0, 0.0038754391299693153, 0, -0.002206618338439139, 0, 0, 0, 0, 0, 0, 0, 0, 0, 0, 0, 0.00010714729883571889, 0, 0.0009106544659375248, 0, 0, 0, 0, 0, 0, 0, 0, 0, 0, 0, 0, 0, 0, 0, 0, 0, 0, 0, 0, 0, 0, 0, 0, 0, 0, 0, 0, -0.0017279047052909434, 0, 0, 0, 0, 0, 0.001318572486939042, 0, 0, 0, 0, 0, 0, -0.002402957840056828, 0, 0, 0, 0, 0, 0, 0, 0.007082546649926681, 0, 0, 0, 0, 0, 0, 0, 0, 0, 0, 0, 0, 0, -7.613247049881921e-06, 0, 0.005017168002801655, 0, 0, -0.0016817162596206288, 0, 0, 0, 0, 0, -0.002475604388933574, 0, 0, 0, 0, 0.031180646547707563, 0, 0, 0, 0, 0, 0, 0, 0, 0, 0, 0, 0, 0, 0, 0, 0, 0, 0, 0, 0, 0, 0, 0, 0, 0, 0, 0, 0, 0, 0, 0, 0, 0, 0.0010973102068291005, 0, 0.01027209255199603, 0, 0, 0, 0, 0, 0, 0, 0, 0, -0.0021931262614119074, 0, 0, 0, 0, 0, 0, 0, 0, 0, 0, 0, 0, 0, 0, -0.0010800974511615362, 0, 0, -0.0020197178615139473, 0, 0.0035123288977043526, 0, 0, 0, 0, 0, 0, 0, 0, -0.0024295654366002163, 0, 0, 0, 0, 0, 0, 0, 0, 0, 0, 0, 0]
Start Date: 2021-12-17
End Date: 2023-11-30
Sharpe Ratio: 0.068
Annualized Sharpe: 1.077
Sharpe 95% CI: (np.float64(-0.118), np.float64(1.88))
Sortino Ratio: 0.144
CAGR: 0.037
Calmar Ratio: 1.303
Daily Win Rate (%): 0.412
Max Drawdown: 0.028
Profit Factor: 1.806
Expectancy: 0.000924
Average Win: 0.005022
Average Loss: 0.001951
Total Trades: 97
Total Days: 612

Rolling 5 - Variant 3 - atr_0.25_20 - Test Metrics
Contracts: [3, 4, 4, 3, 3, 3, 3, 3, 3, 3, 2, 1, 2, 1, 1, 2, 2, 2, 2, 2, 2, 2, 1, 2, 1, 2, 2, 1, 1, 1, 2, 2, 2, 2, 2, 2, 2, 2, 2, 2, 2, 2, 3, 2, 2, 3, 2, 3, 4, 3, 3, 2, 2, 3, 3, 5, 3, 3, 3, 3, 3, 4, 4, 4, 4, 3, 3, 5, 3, 3, 4, 5, 5, 5, 5, 4, 3, 3, 4, 4, 4, 5, 3, 5, 4, 4, 3, 5, 4, 5, 4, 3, 4, 3, 4, 4, 5, 3, 4, 5, 5, 5, 3, 4, 4, 4, 4, 4, 4, 4, 6, 7, 8, 5, 5, 5, 5, 6, 5, 5, 6, 6, 6, 7, 7, 6, 6, 7, 7, 6, 6, 7, 5, 4, 4, 4, 6, 3, 3, 3, 3, 5, 5, 5, 4, 4, 6, 6, 6, 5, 5, 3, 7, 7, 7, 5, 8, 5, 1, 4, 4, 5, 3, 5, 5, 6, 6, 6, 7, 6, 6, 7, 7, 7, 6, 4, 7, 8, 7, 6, 7, 5, 7, 7]
Trade Returns: [0.00032412061681801616, -0.0004466655683086911, -0.002344210715240667, -0.0020743612619459353, -0.0017385372079972716, -0.0019179259945107643, -0.002216111350392238, -0.0021103506797764218, 0.0033940541200045775, -0.0019971185485148746, 0.0030720214268895596, 0.009786198441130045, 0.0027986073420983703, 0.010872696115071146, -0.002158724891522723, -0.0023278636970740867, -0.0017335930394878016, 0.0016274976178526292, 0.00021785740869508595, -0.003169134877000904, -0.0012381803846735126, 0.00764795000300815, 0.009216439783755618, -0.002047068073165475, -0.0021620575042757117, 0.001390595692387304, -0.002084791072357681, -0.0008306245145700857, -0.0024939450756280754, 0.000365974140231184, 0.0015642824575093422, -0.002224001583431549, -0.0006059305452112739, -0.0024125604719018815, 0.0005844577530846137, -0.0019987482951852784, -0.0019646899541632765, -0.002004877809598353, -0.001717759706525122, -0.0026904407328352258, -0.002089071578574132, -0.0018989530146336475, -0.0018200847173369952, 0.002561578887448441, -0.002161247369413955, 0.0011483726808183242, -0.0022118167918193997, 0.0005813140641211743, 0.0008383709129417999, -0.0020500837668635933, 0.0005964082967020582, -0.001942690626517728, 0.004703034334922603, -0.002543685025436852, -0.0019091937427002778, -0.002463848505566235, -0.0027347901599398617, -0.002275960170697014, -0.0027698098175611167, -0.0022959197958684653, -0.0025621935347316487, 0.0006997154365831401, -0.0022509848058525615, -0.0018438257134987166, -0.0015297511190891498, -0.0023090396084769925, -0.002741940954986942, 0.04146895922266254, 0.009787058003832092, -0.002166999083607354, 0.007444302785400913, 0.009621812539993996, 0.0006798373347544129, 0.0008386040957140574, 0.0020293477626794126, -0.0004445644062684287, 0.0037557691119759896, -0.0021205402278437853, -0.000429943067784784, 0.008687175310652944, -0.002740295805145397, -0.001974999693323031, 0.0004108824138815121, -0.002285252922385651, -0.0026036260770743707, 0.0003580512136701381, 0.0035668884144008607]
Daily Returns: [0, 0, 0, 0, 0, 0, 0, 0, 0, 0, 0, 0, 0, 0, 0, 0, 0, 0.00032412061681801616, -0.0004466655683086911, 0, 0, -0.002344210715240667, 0, -0.0020743612619459353, 0, 0, 0, 0, 0, -0.0017385372079972716, 0, 0, 0, 0, -0.004134037344903002, -0.0021103506797764218, 0, 0, 0.001396935571489703, 0, 0, 0, 0, 0, 0.0030720214268895596, 0, 0, 0, 0, 0, 0, 0, 0, 0.009786198441130045, 0.0027986073420983703, 0, 0, 0, 0, 0, 0, 0, 0, 0, 0, 0.010872696115071146, 0, 0, 0, 0, 0, 0, 0, 0, 0, 0, 0, 0, 0, 0, 0, 0, 0, 0, 0, 0, 0, 0, 0, 0, 0, 0, 0, 0, 0, 0, 0, 0, 0, 0, -0.002158724891522723, -0.0023278636970740867, 0, 0, 0, 0, 0, 0, 0, 0, 0, 0, -0.0017335930394878016, 0.0018453550265477151, 0, 0, -0.004407315261674417, 0, 0, 0, 0, 0, 0, 0, 0, 0.00764795000300815, 0, 0, 0, 0.009216439783755618, -0.002047068073165475, 0, 0, 0, 0, 0, 0, 0, -0.0021620575042757117, 0, 0.001390595692387304, -0.002084791072357681, -0.0008306245145700857, -0.0024939450756280754, 0, 0, 0, 0, 0, 0, 0, 0, 0, 0, 0, 0, 0, 0, 0, 0, 0, 0, 0, 0, 0, 0, 0, 0, 0, 0, 0, 0, 0, 0, 0, 0, 0, 0, 0.000365974140231184, 0.0015642824575093422, 0, 0, 0, 0, 0, 0, 0, 0, 0, 0, 0, 0, -0.002224001583431549, 0, 0, 0, -0.0006059305452112739, -0.0024125604719018815, 0.0005844577530846137, 0, 0, 0, 0, 0, -0.0019987482951852784, 0, 0, 0, -0.0019646899541632765, -0.002004877809598353, 0, 0, 0, 0, 0, 0, 0, 0, -0.001717759706525122, 0, 0, 0, -0.0026904407328352258, 0, 0, 0, 0, 0, 0, 0, 0, 0, 0, 0, 0, 0, 0, 0, 0, 0, 0, 0, 0, 0, 0, 0, 0, 0, 0, 0, 0, 0, 0, 0, 0, 0, 0, 0, 0, 0, 0, -0.002089071578574132, 0, 0, 0, 0, 0, 0, -0.0018989530146336475, 0, 0, -0.0018200847173369952, 0, 0, 0, 0, 0, 0, 0, 0, 0, 0.002561578887448441, -0.002161247369413955, 0, 0.0011483726808183242, 0, 0, 0, -0.0022118167918193997, 0, 0.0005813140641211743, 0, 0, 0, 0, 0, 0, 0.0008383709129417999, 0, 0, 0, 0, 0, 0, 0, 0, 0, 0, 0, 0, 0, 0, 0, 0, 0, 0, 0, 0, 0, 0, 0, 0, 0, 0, 0, 0, 0, 0, 0, -0.0020500837668635933, 0.0005964082967020582, 0, 0, 0, 0, 0, 0, 0, 0, 0, 0, 0, 0, 0, 0, 0, 0, -0.001942690626517728, 0, 0, 0, 0, 0, 0, 0, 0, 0.004703034334922603, 0, 0, 0, 0, 0, -0.002543685025436852, 0, 0, 0, 0, 0, 0, -0.0019091937427002778, 0, 0, 0, 0, 0, 0, -0.002463848505566235, 0, 0, 0, 0, -0.0027347901599398617, -0.002275960170697014, 0, 0, 0, 0, 0, 0, 0, 0, 0, 0, 0, 0, 0, 0, 0, 0, 0, 0, 0, 0, 0, 0, 0, 0, 0, 0, 0, 0, 0, 0, 0, 0, 0, -0.0027698098175611167, 0, -0.0022959197958684653, -0.0025621935347316487, 0, 0, 0, 0, 0, 0, 0, 0, 0.0006997154365831401, 0, 0, 0, 0, 0, 0, 0, 0, -0.0022509848058525615, 0, 0, -0.0018438257134987166, 0, 0, 0, 0, 0, 0, 0, -0.0015297511190891498, 0, 0, 0, -0.0023090396084769925, 0, 0, 0, 0, -0.002741940954986942, 0.04146895922266254, 0, 0, 0, 0, 0, 0, 0, 0, 0, 0, 0, 0, 0, 0, 0, 0, 0, 0, 0, 0, 0, 0, 0, 0, 0, 0, 0, 0, 0, 0, 0, 0, 0, 0, 0, 0, 0, 0.009787058003832092, 0, 0, 0, 0.005277303701793559, 0, 0, 0.009621812539993996, 0, 0, 0.0006798373347544129, 0.0008386040957140574, 0, 0, 0, 0, 0.0020293477626794126, 0, 0, 0.003311204705707561, 0, 0, -0.0021205402278437853, 0, 0, 0, 0, 0, 0, -0.000429943067784784, 0, 0, 0, 0, 0, 0, 0, 0, 0.008687175310652944, 0, -0.002740295805145397, 0, 0, 0, 0, 0, 0, 0, 0, 0, 0, 0, 0, 0, 0, 0, 0, 0, 0, 0, 0, 0, 0, 0, 0, 0, 0, 0, 0, 0, 0, 0, -0.001974999693323031, 0, 0, 0, 0, 0.0004108824138815121, 0, 0, 0, 0, 0, -0.002285252922385651, 0, 0, 0, 0, 0, 0, 0, 0, 0, 0, 0, 0, 0, -0.0026036260770743707, 0, 0, 0, 0, 0, 0, 0, 0, 0, 0.0039249396280709985, 0, 0]
Start Date: 2023-12-01
End Date: 2025-11-06
Sharpe Ratio: 0.033
Annualized Sharpe: 0.53
Sharpe 95% CI: (np.float64(-1.048), np.float64(1.352))
Sortino Ratio: 0.102
CAGR: 0.017
Calmar Ratio: 0.326
Daily Win Rate (%): 0.379
Max Drawdown: 0.053
Profit Factor: 1.389
Expectancy: 0.000491
Average Win: 0.004625
Average Loss: 0.002035
Total Trades: 87
Total Days: 606



Rolling 5 - Variant 4 - atr_0.25_12 - Fit Metrics
Contracts: [3, 4, 4, 3, 3, 3, 3, 3, 3, 3, 2, 1, 2, 1, 1, 2, 2, 2, 2, 2, 2, 2, 1, 2, 1, 2, 2, 1, 1, 1, 2, 2, 2, 2, 2, 2, 2, 2, 2, 2, 2, 2, 3, 2, 2, 3, 2, 3, 3, 3, 3, 2, 2, 3, 3, 5, 3, 3, 3, 3, 3, 4, 4, 4, 4, 3, 3, 5, 3, 3, 3, 5, 5, 5, 5, 4, 3, 3, 4, 4, 4, 5, 3, 5, 4, 4, 3, 5, 4, 5, 4, 3, 4, 3, 4, 4, 5, 3, 4, 5, 5, 5, 3, 4, 4, 4, 4, 4, 3, 4, 6, 7, 8, 5, 5, 5, 5, 6, 5, 5, 6, 6, 6, 7, 7, 6, 6, 7, 7, 6, 6, 6, 5, 4, 4, 4, 6, 3, 3, 3, 3, 4, 5, 5, 4, 4, 6, 6, 6, 5, 5, 3, 7, 7, 6, 5, 8, 5, 1, 4, 4, 5, 3, 5, 5, 6, 6, 6, 7, 5, 5, 7, 7, 6, 6, 4, 7, 8, 7, 6, 6, 5, 7, 7]
Trade Returns: [0.004673999999999995, -0.001879216541883238, 0.004738797709581083, 0.004400826569320462, -0.002021795069428799, -0.0018476601255933607, -0.0017915600261889178, 0.004227560834540777, 0.0009143915733473045, -0.002260161829959899, 0.020647161064900426, -0.001267625501687913, 0.0016971170369967598, -0.001133797816375059, 0.004548087110976795, -0.0024202812666010783, 0.005433766093530946, -0.0027914219526496407, -0.0019757917183008196, 0.0031752493384897156, -0.0017666235987594632, -0.0027992358009149574, -0.0012632755512519236, -0.0028017626623351387, 0.0014691154522108835, 0.006338669385277479, 0.018517301245442205, -0.001140798445021487, -0.001237118103921721, 0.0003120409763077261, 0.004218847482386614, 0.006379343654939635, -0.0020740718434395706, -4.149221078043075e-05, -0.002097329676837709, -0.0019144476478021675, -0.002164518574677785, 0.0007724288343140275, -0.0016670257765278227, -0.001637357585980267, 0.013542721025274127, 0.0015167613391050313, 0.001203324324020385, -0.0004156026987966293, -0.0018204224428870538, -0.002285306865301985, -0.0016022506732461738, -0.002096440007534374, -0.0020725310360578857, 0.0026896719999849033, -0.0022693360447151615, -0.0017432143208270614, 0.0015303436075956515, -0.002048056521064912, -0.002677601945003987, -0.0018362443749523288, 0.007845616903894546, -0.0017400072784618172, -0.0022420757821614355, 0.0006015117742122481, -0.002708980536811886, 0.0020525146165364843, -0.002520411718010853, -0.0025120284962386013, -0.0012911383727086288, 0.002570674463297757, 0.0012220796674115972, 0.0031121518852165126, -0.0030039393432399948, -0.001802185434995855, -0.002012563739133586, -0.002016622320090528, -0.0023080002375037586, -0.0026013069887807832, -0.0020094815191218332, 0.0008595079461221406, 0.003031863496710639, -0.001662603793707625, 0.00010758637649082884, 0.000914385824714562, -0.0017349782360031013, 0.0013239927922372122, -0.002412811935248202, 0.007111622643252523, -7.6442810267186e-06, 0.0050376197055782244, -0.001688537152571121, -0.002485662205172844, 0.026037509595078154, 0.0011073022395419998, 0.010365526074614695, -0.002212848859114677, -0.0021606547170610678, 0.0010708115537254766, -0.0020379607101850047, 0.003544118354315664, -0.002451477337658748]
Daily Returns: [0.004673999999999995, 0, 0, 0, 0, 0, 0, 0, 0, 0, 0, 0, 0, 0, -0.001879216541883238, 0.004738797709581083, 0, 0, 0, 0, 0, 0, 0, 0, 0, 0, 0, 0, 0, 0, 0, 0.004400826569320462, -0.002021795069428799, 0, -0.0018476601255933607, 0, 0, 0, 0, 0, 0, -0.0017915600261889178, 0, 0, 0, 0, 0, 0.005141952407888081, -0.002260161829959899, 0, 0, 0, 0, 0, 0.020647161064900426, 0, 0, 0, 0, 0, 0, 0, 0, 0, 0, 0, 0, 0, 0, 0, 0, 0, 0, 0, 0, 0, 0, 0, 0, 0, 0, 0, 0, 0, 0, 0, 0, 0, 0, 0, 0, 0, 0, -0.001267625501687913, 0, 0, 0, 0, 0.0016971170369967598, -0.001133797816375059, 0, 0, 0, 0, 0, 0, 0, 0, 0, 0, 0.004548087110976795, 0, 0, -0.0024202812666010783, 0.005433766093530946, 0, -0.0027914219526496407, 0, -0.0019757917183008196, 0.0031752493384897156, 0, 0, -0.0017666235987594632, -0.0027992358009149574, 0, 0, -0.0012632755512519236, 0, 0, 0, 0, -0.0028017626623351387, 0, 0, 0, 0, 0, 0, 0, 0, 0, 0, 0, 0, 0, 0, 0, 0, 0, 0, 0, 0, 0, 0, 0.0014691154522108835, 0, 0, 0, 0, 0, 0, 0, 0, 0, 0, 0, 0, 0, 0.006338669385277479, 0, 0, 0.017376502800420718, 0, 0, 0, 0, 0, -0.001237118103921721, 0, 0, 0, 0, 0.0003120409763077261, 0, 0, 0, 0, 0, 0.004218847482386614, 0.0043052718115000645, -4.149221078043075e-05, 0, 0, 0, -0.002097329676837709, 0, 0, 0, 0, 0, 0, 0, -0.003306537388165925, -0.0016670257765278227, 0, 0, -0.001637357585980267, 0, 0, 0, 0.013542721025274127, 0, 0, 0, 0, 0, 0, 0, 0, 0, 0, 0, 0, 0, 0, 0, 0, 0, 0, 0, 0, 0, 0, 0, 0, 0, 0, 0, 0, 0, 0, 0, 0, 0, 0, 0, 0, 0, 0.0015167613391050313, 0, 0, 0, 0, 0, 0, 0, 0.001203324324020385, 0, 0, 0, 0, 0, 0, -0.0004156026987966293, 0, 0, -0.0018204224428870538, -0.003887557538548159, -0.002096440007534374, 0, 0, 0, 0, 0.0006171409639270176, 0, 0, 0, 0, 0, 0, -0.0022693360447151615, 0, 0, 0, -0.0017432143208270614, 0.0015303436075956515, 0, 0, 0, 0, 0, 0, 0, 0, 0, 0, 0, 0, 0, 0, 0, 0, 0, 0, 0, 0, 0, 0, 0, 0, 0, 0, 0, 0, 0, 0, 0, 0, 0, 0, 0, 0, 0, 0, -0.002048056521064912, 0, 0, -0.002677601945003987, 0, 0, 0, 0, 0, 0.006009372528942217, -0.0017400072784618172, 0, 0, 0, 0, -0.0022420757821614355, 0, -0.002107468762599638, 0, 0, 0, 0, 0, 0.0020525146165364843, -0.002520411718010853, 0, 0, 0, 0, 0, -0.0038031668689472303, 0, 0, 0, 0, 0.002570674463297757, 0, 0, 0, 0, 0.0012220796674115972, 0.00010821254197651781, 0, 0, 0, 0, 0, 0, 0, 0, 0, 0, 0, 0, 0, 0, 0, 0, 0, 0, 0, 0, 0, 0, 0, 0, 0, 0, 0, 0, 0, 0, 0, 0, -0.001802185434995855, 0, 0, 0, 0, 0, 0, 0, 0, 0, 0, 0, 0, -0.006337186296727873, 0, 0, 0, 0, -0.0026013069887807832, 0, 0, 0, 0, 0, 0, -0.0020094815191218332, 0, 0, 0, 0, 0.0038913714428327794, 0, -0.001662603793707625, 0, 0, 0, 0, 0, 0, 0, 0, 0, 0, 0, 0.00010758637649082884, 0, 0.000914385824714562, 0, 0, 0, 0, 0, 0, 0, 0, 0, 0, 0, 0, 0, 0, 0, 0, 0, 0, 0, 0, 0, 0, 0, 0, 0, 0, 0, 0, -0.0017349782360031013, 0, 0, 0, 0, 0, 0.0013239927922372122, 0, 0, 0, 0, 0, 0, -0.002412811935248202, 0, 0, 0, 0, 0, 0, 0, 0.007111622643252523, 0, 0, 0, 0, 0, 0, 0, 0, 0, 0, 0, 0, 0, -7.6442810267186e-06, 0, 0.0050376197055782244, 0, 0, -0.001688537152571121, 0, 0, 0, 0, 0, -0.002485662205172844, 0, 0, 0, 0, 0.026037509595078154, 0, 0, 0, 0, 0, 0, 0, 0, 0, 0, 0, 0, 0, 0, 0, 0, 0, 0, 0, 0, 0, 0, 0, 0, 0, 0, 0, 0, 0, 0, 0, 0, 0, 0.0011073022395419998, 0, 0.010365526074614695, 0, 0, 0, 0, 0, 0, 0, 0, 0, -0.002212848859114677, 0, 0, 0, 0, 0, 0, 0, 0, 0, 0, 0, 0, 0, 0, -0.0010898431633355912, 0, 0, -0.0020379607101850047, 0, 0.003544118354315664, 0, 0, 0, 0, 0, 0, 0, 0, -0.002451477337658748, 0, 0, 0, 0, 0, 0, 0, 0, 0, 0, 0, 0]
Start Date: 2021-12-17
End Date: 2023-11-30
Sharpe Ratio: 0.067
Annualized Sharpe: 1.068
Sharpe 95% CI: (np.float64(-0.143), np.float64(1.911))
Sortino Ratio: 0.132
CAGR: 0.033
Calmar Ratio: 1.197
Daily Win Rate (%): 0.412
Max Drawdown: 0.028
Profit Factor: 1.728
Expectancy: 0.000829
Average Win: 0.004772
Average Loss: 0.001938
Total Trades: 97
Total Days: 612

Rolling 5 - Variant 4 - atr_0.25_12 - Test Metrics
Contracts: [3, 4, 4, 3, 3, 3, 3, 3, 3, 3, 2, 1, 2, 1, 1, 2, 2, 2, 2, 2, 2, 2, 1, 2, 1, 2, 2, 1, 1, 1, 2, 2, 2, 2, 2, 2, 2, 2, 2, 2, 2, 2, 3, 2, 2, 3, 2, 3, 3, 3, 3, 2, 2, 3, 3, 5, 3, 3, 3, 3, 3, 4, 4, 4, 4, 3, 3, 5, 3, 3, 3, 5, 5, 5, 5, 4, 3, 3, 4, 4, 4, 5, 3, 5, 4, 4, 3, 5, 4, 5, 4, 3, 4, 3, 4, 4, 5, 3, 4, 5, 5, 5, 3, 4, 4, 4, 4, 4, 3, 4, 6, 7, 8, 5, 5, 5, 5, 6, 5, 5, 6, 6, 6, 7, 7, 6, 6, 7, 7, 6, 6, 6, 5, 4, 4, 4, 6, 3, 3, 3, 3, 4, 5, 5, 4, 4, 6, 6, 6, 5, 5, 3, 7, 7, 6, 5, 8, 5, 1, 4, 4, 5, 3, 5, 5, 6, 6, 6, 7, 5, 5, 7, 7, 6, 6, 4, 7, 8, 7, 6, 6, 5, 7, 7]
Trade Returns: [0.0003270509977827067, -0.00045070256032300727, -0.002365407395224465, -0.002093162397912025, -0.00175427883040676, -0.0019353224147040022, -0.002236251418552344, -0.0021295725776577317, 0.003425034464875668, -0.0020152856816183277, 0.0030999233372252435, 0.00988210624937264, 0.002118087573699951, 0.010978209248644247, -0.0021794465625921775, -0.0023502577437160732, -0.0017503441121539875, 0.0016432511034568666, 0.00021996271631961786, -0.003199753695935435, -0.001250181552100398, 0.007722171191055185, 0.009305197319869354, -0.0020668072583344475, -0.0021826869129278064, 0.0014038931735241055, -0.0021046988034732978, -0.000838572901389632, -0.0025178300882512175, 0.0003694859231323562, 0.0015792873193053072, -0.0022453009448066526, -0.0006117466276557002, -0.0020877701485304545, 0.0005900693513607773, -0.002017288435734303, -0.0019829510115977034, -0.0020235494229951475, -0.0017337898000264486, -0.002715591469068752, -0.0021086537822939504, -0.0019167700762276203, -0.0018371945872140147, 0.0020685628492785003, -0.002182675108810055, 0.0011591598586823235, -0.0022337938718043323, 0.0005871030551654179, 0.0008467148947548247, -0.0020704701971028276, 0.000602351401396538, -0.001962037546263955, 0.004750083989697297, -0.0025690669446719805, -0.001928203222960109, -0.0024884279723871986, -0.0023676031104245617, -0.002298721895699227, -0.002796613992091298, -0.002318200322663331, -0.002586924409318928, 0.0007065215337940173, -0.002272864564455722, -0.0018617886794166409, -0.0015447169918869118, -0.0023315767524737475, -0.0027688074337246476, 0.025083867323611484, 0.01004119608255599, -0.0022227096046488924, 0.007636111752482063, 0.009867848193155313, 0.0005808761063874852, 0.0007166026864436584, 0.002081191863047389, -0.0004558981827392607, 0.0033013395402378466, -0.0021756111464893485, -0.00044113313361817264, 0.008913374945964525, -0.0028110181873593847, -0.002026114767626032, 0.0004215380735349831, -0.0020095652424443246, -0.0026703811427787865, 0.00036725596474341686, 0.00365855202359704]
Daily Returns: [0, 0, 0, 0, 0, 0, 0, 0, 0, 0, 0, 0, 0, 0, 0, 0, 0, 0.0003270509977827067, -0.00045070256032300727, 0, 0, -0.002365407395224465, 0, -0.002093162397912025, 0, 0, 0, 0, 0, -0.00175427883040676, 0, 0, 0, 0, -0.004171573833256346, -0.0021295725776577317, 0, 0, 0.0014097487832573402, 0, 0, 0, 0, 0, 0.0030999233372252435, 0, 0, 0, 0, 0, 0, 0, 0, 0.00988210624937264, 0.002118087573699951, 0, 0, 0, 0, 0, 0, 0, 0, 0, 0, 0.010978209248644247, 0, 0, 0, 0, 0, 0, 0, 0, 0, 0, 0, 0, 0, 0, 0, 0, 0, 0, 0, 0, 0, 0, 0, 0, 0, 0, 0, 0, 0, 0, 0, 0, 0, 0, -0.0021794465625921775, -0.0023502577437160732, 0, 0, 0, 0, 0, 0, 0, 0, 0, 0, -0.0017503441121539875, 0.0018632138197764844, 0, 0, -0.0044499352480358335, 0, 0, 0, 0, 0, 0, 0, 0, 0.007722171191055185, 0, 0, 0, 0.009305197319869354, -0.0020668072583344475, 0, 0, 0, 0, 0, 0, 0, -0.0021826869129278064, 0, 0.0014038931735241055, -0.0021046988034732978, -0.000838572901389632, -0.0025178300882512175, 0, 0, 0, 0, 0, 0, 0, 0, 0, 0, 0, 0, 0, 0, 0, 0, 0, 0, 0, 0, 0, 0, 0, 0, 0, 0, 0, 0, 0, 0, 0, 0, 0, 0, 0.0003694859231323562, 0.0015792873193053072, 0, 0, 0, 0, 0, 0, 0, 0, 0, 0, 0, 0, -0.0022453009448066526, 0, 0, 0, -0.0006117466276557002, -0.0020877701485304545, 0.0005900693513607773, 0, 0, 0, 0, 0, -0.002017288435734303, 0, 0, 0, -0.0019829510115977034, -0.0020235494229951475, 0, 0, 0, 0, 0, 0, 0, 0, -0.0017337898000264486, 0, 0, 0, -0.002715591469068752, 0, 0, 0, 0, 0, 0, 0, 0, 0, 0, 0, 0, 0, 0, 0, 0, 0, 0, 0, 0, 0, 0, 0, 0, 0, 0, 0, 0, 0, 0, 0, 0, 0, 0, 0, 0, 0, 0, -0.0021086537822939504, 0, 0, 0, 0, 0, 0, -0.0019167700762276203, 0, 0, -0.0018371945872140147, 0, 0, 0, 0, 0, 0, 0, 0, 0, 0.0020685628492785003, -0.002182675108810055, 0, 0.0011591598586823235, 0, 0, 0, -0.0022337938718043323, 0, 0.0005871030551654179, 0, 0, 0, 0, 0, 0, 0.0008467148947548247, 0, 0, 0, 0, 0, 0, 0, 0, 0, 0, 0, 0, 0, 0, 0, 0, 0, 0, 0, 0, 0, 0, 0, 0, 0, 0, 0, 0, 0, 0, 0, -0.0020704701971028276, 0.000602351401396538, 0, 0, 0, 0, 0, 0, 0, 0, 0, 0, 0, 0, 0, 0, 0, 0, -0.001962037546263955, 0, 0, 0, 0, 0, 0, 0, 0, 0.004750083989697297, 0, 0, 0, 0, 0, -0.0025690669446719805, 0, 0, 0, 0, 0, 0, -0.001928203222960109, 0, 0, 0, 0, 0, 0, -0.0024884279723871986, 0, 0, 0, 0, -0.0023676031104245617, -0.002298721895699227, 0, 0, 0, 0, 0, 0, 0, 0, 0, 0, 0, 0, 0, 0, 0, 0, 0, 0, 0, 0, 0, 0, 0, 0, 0, 0, 0, 0, 0, 0, 0, 0, 0, -0.002796613992091298, 0, -0.002318200322663331, -0.002586924409318928, 0, 0, 0, 0, 0, 0, 0, 0, 0.0007065215337940173, 0, 0, 0, 0, 0, 0, 0, 0, -0.002272864564455722, 0, 0, -0.0018617886794166409, 0, 0, 0, 0, 0, 0, 0, -0.0015447169918869118, 0, 0, 0, -0.0023315767524737475, 0, 0, 0, 0, -0.0027688074337246476, 0.025083867323611484, 0, 0, 0, 0, 0, 0, 0, 0, 0, 0, 0, 0, 0, 0, 0, 0, 0, 0, 0, 0, 0, 0, 0, 0, 0, 0, 0, 0, 0, 0, 0, 0, 0, 0, 0, 0, 0, 0.01004119608255599, 0, 0, 0, 0.0054134021478331705, 0, 0, 0.009867848193155313, 0, 0, 0.0005808761063874852, 0.0007166026864436584, 0, 0, 0, 0, 0.002081191863047389, 0, 0, 0.002845441357498586, 0, 0, -0.0021756111464893485, 0, 0, 0, 0, 0, 0, -0.00044113313361817264, 0, 0, 0, 0, 0, 0, 0, 0, 0.008913374945964525, 0, -0.0028110181873593847, 0, 0, 0, 0, 0, 0, 0, 0, 0, 0, 0, 0, 0, 0, 0, 0, 0, 0, 0, 0, 0, 0, 0, 0, 0, 0, 0, 0, 0, 0, 0, -0.002026114767626032, 0, 0, 0, 0, 0.0004215380735349831, 0, 0, 0, 0, 0, -0.0020095652424443246, 0, 0, 0, 0, 0, 0, 0, 0, 0, 0, 0, 0, 0, -0.0026703811427787865, 0, 0, 0, 0, 0, 0, 0, 0, 0, 0.0040258079883404565, 0, 0]
Start Date: 2023-12-01
End Date: 2025-11-06
Sharpe Ratio: 0.026
Annualized Sharpe: 0.414
Sharpe 95% CI: (np.float64(-1.064), np.float64(1.378))
Sortino Ratio: 0.062
CAGR: 0.011
Calmar Ratio: 0.196
Daily Win Rate (%): 0.379
Max Drawdown: 0.054
Profit Factor: 1.236
Expectancy: 0.000298
Average Win: 0.004123
Average Loss: 0.002039
Total Trades: 87
Total Days: 606



Rolling 6 - Variant 0 - atr_0.25_15 - Fit Metrics
Contracts: [3, 4, 4, 3, 3, 3, 3, 3, 3, 3, 2, 1, 2, 1, 1, 2, 2, 2, 2, 2, 2, 2, 1, 2, 1, 2, 2, 1, 1, 1, 2, 2, 2, 2, 2, 2, 2, 2, 2, 2, 2, 2, 3, 2, 2, 3, 2, 3, 4, 3, 3, 2, 2, 3, 3, 5, 3, 3, 3, 3, 3, 4, 4, 4, 4, 3, 3, 5, 3, 3, 4, 5, 5, 5, 5, 4, 3, 3, 4, 4, 4, 5, 3, 5, 4, 4, 3, 5, 4, 5, 4, 3, 4, 3, 4, 4, 5, 3, 4, 5, 5, 5, 3, 4, 4, 4, 4, 4, 4, 4, 6, 7, 8, 5, 5, 5, 5, 6, 5, 5, 6, 7, 7, 7, 7, 6, 6, 7, 7, 6, 6, 7, 5, 4, 4, 4, 6, 3, 3, 3, 3, 5, 5, 5, 4, 4, 6, 6, 6, 5, 5, 3, 7, 7, 7, 5, 8, 5, 2, 4, 4, 5, 3, 5, 5, 6, 6, 6, 7, 5, 6, 7, 7, 7, 6, 4, 7, 8, 7, 6, 7, 5, 7, 7]
Trade Returns: [0.004673999999999995, -0.001879216541883238, 0.004738797709581083, 0.004400826569320462, -0.002021795069428799, -0.0018476601255933607, -0.0017915600261889178, 0.004227560834540777, 0.0009143915733473045, -0.002260161829959899, 0.02581985163692866, -0.0012612643790868524, 0.0016885593343134932, -0.0011281010747761608, 0.004525209541485245, -0.0024082269000089696, 0.005406556553003612, -0.0027774855339295114, -0.0019658723029366905, 0.003159265152611017, -0.0017577368367289645, -0.0027852214462051363, -0.0012569096241434768, -0.0027876261874475628, 0.0014616822140026842, 0.006306644625027586, 0.023040995968114243, -0.001130051858286608, -0.0012254509791372143, 0.00030909454146579456, 0.004179023487694695, 0.006319376167996337, -0.0020546974635114066, -4.1103824524036384e-05, -0.002077696895412624, -0.0018964735336998838, -0.002144158014306902, 0.0007651712070575915, -0.0016513885144243724, -0.0016219226745542523, 0.013414850190159894, 0.0015026296018031513, 0.0011921297155972233, -0.0004117409222254832, -0.0018035001261707895, -0.0022640246849325234, -0.0015872956729425694, -0.0020768412606594375, -0.002737487308268369, 0.002666251666407326, -0.002249628334470924, -0.0017280415029837753, 0.0015170005444680127, -0.002030226568036021, -0.002654243878614832, -0.0018201268607631288, 0.0077766269472336925, -0.001724824699189068, -0.0022224649773421564, 0.0005962410398745347, -0.0026852572963004155, 0.002034491821380701, -0.002498325329509108, -0.0024900717095480964, -0.0012798199946391204, 0.0025480912016132267, 0.0012113710380430962, 0.0030848329048843155, -0.002977648788210017, -0.0017864142068923924, -0.0019959891024670796, -0.0019999810428337167, -0.0022889163263367833, -0.002579748498319831, -0.0019927847448891938, 0.0008523734883242204, 0.0030066214525883133, -0.002197370706254577, 0.00010669410229295971, 0.0009068031189455368, -0.0017206036578054306, 0.0013129780329410438, -0.0023927869390058584, 0.007052536145440663, -7.581213752336836e-06, 0.004996057738961628, -0.0016746754373392272, -0.00246522241784481, 0.03229942108741637, 0.0010915128000513236, 0.010217881292261467, -0.0021816811266462273, -0.002130155593973821, 0.0010557133683786544, -0.0020091320876957043, 0.0034938829695087743, -0.002416850353350791, 0.00032242022831724127, -0.00044432304470543325, -0.002331911110463359, -0.002063452063999884, -0.001729403137005944, -0.0019078319792112108, -0.0022044256958405205, -0.0020991981209974872, 0.0033760798490693644, -0.0019865777715875406, 0.0030558320646445624, 0.009734587818214476, 0.002783806911039379, 0.010815908307792705, -0.002147570572003719]
Daily Returns: [0.004673999999999995, 0, 0, 0, 0, 0, 0, 0, 0, 0, 0, 0, 0, 0, -0.001879216541883238, 0.004738797709581083, 0, 0, 0, 0, 0, 0, 0, 0, 0, 0, 0, 0, 0, 0, 0, 0.004400826569320462, -0.002021795069428799, 0, -0.0018476601255933607, 0, 0, 0, 0, 0, 0, -0.0017915600261889178, 0, 0, 0, 0, 0, 0.005141952407888081, -0.002260161829959899, 0, 0, 0, 0, 0, 0.02581985163692866, 0, 0, 0, 0, 0, 0, 0, 0, 0, 0, 0, 0, 0, 0, 0, 0, 0, 0, 0, 0, 0, 0, 0, 0, 0, 0, 0, 0, 0, 0, 0, 0, 0, 0, 0, 0, 0, 0, -0.0012612643790868524, 0, 0, 0, 0, 0.0016885593343134932, -0.0011281010747761608, 0, 0, 0, 0, 0, 0, 0, 0, 0, 0, 0.004525209541485245, 0, 0, -0.0024082269000089696, 0.005406556553003612, 0, -0.0027774855339295114, 0, -0.0019658723029366905, 0.003159265152611017, 0, 0, -0.0017577368367289645, -0.0027852214462051363, 0, 0, -0.0012569096241434768, 0, 0, 0, 0, -0.0027876261874475628, 0, 0, 0, 0, 0, 0, 0, 0, 0, 0, 0, 0, 0, 0, 0, 0, 0, 0, 0, 0, 0, 0, 0.0014616822140026842, 0, 0, 0, 0, 0, 0, 0, 0, 0, 0, 0, 0, 0, 0.006306644625027586, 0, 0, 0.021910944109827635, 0, 0, 0, 0, 0, -0.0012254509791372143, 0, 0, 0, 0, 0.00030909454146579456, 0, 0, 0, 0, 0, 0.004179023487694695, 0.0042646787044849305, -4.1103824524036384e-05, 0, 0, 0, -0.002077696895412624, 0, 0, 0, 0, 0, 0, 0, -0.0032754603409491947, -0.0016513885144243724, 0, 0, -0.0016219226745542523, 0, 0, 0, 0.013414850190159894, 0, 0, 0, 0, 0, 0, 0, 0, 0, 0, 0, 0, 0, 0, 0, 0, 0, 0, 0, 0, 0, 0, 0, 0, 0, 0, 0, 0, 0, 0, 0, 0, 0, 0, 0, 0, 0, 0.0015026296018031513, 0, 0, 0, 0, 0, 0, 0, 0.0011921297155972233, 0, 0, 0, 0, 0, 0, -0.0004117409222254832, 0, 0, -0.0018035001261707895, -0.0038513203578750925, -0.0020768412606594375, 0, 0, 0, 0, -7.123564186104284e-05, 0, 0, 0, 0, 0, 0, -0.002249628334470924, 0, 0, 0, -0.0017280415029837753, 0.0015170005444680127, 0, 0, 0, 0, 0, 0, 0, 0, 0, 0, 0, 0, 0, 0, 0, 0, 0, 0, 0, 0, 0, 0, 0, 0, 0, 0, 0, 0, 0, 0, 0, 0, 0, 0, 0, 0, 0, 0, -0.002030226568036021, 0, 0, -0.002654243878614832, 0, 0, 0, 0, 0, 0.005956500086470563, -0.001724824699189068, 0, 0, 0, 0, -0.0022224649773421564, 0, -0.002089016256425881, 0, 0, 0, 0, 0, 0.002034491821380701, -0.002498325329509108, 0, 0, 0, 0, 0, -0.003769891704187217, 0, 0, 0, 0, 0.0025480912016132267, 0, 0, 0, 0, 0.0012113710380430962, 0.00010718411667429845, 0, 0, 0, 0, 0, 0, 0, 0, 0, 0, 0, 0, 0, 0, 0, 0, 0, 0, 0, 0, 0, 0, 0, 0, 0, 0, 0, 0, 0, 0, 0, 0, -0.0017864142068923924, 0, 0, 0, 0, 0, 0, 0, 0, 0, 0, 0, 0, -0.00628488647163758, 0, 0, 0, 0, -0.002579748498319831, 0, 0, 0, 0, 0, 0, -0.0019927847448891938, 0, 0, 0, 0, 0.003858994940912534, 0, -0.002197370706254577, 0, 0, 0, 0, 0, 0, 0, 0, 0, 0, 0, 0.00010669410229295971, 0, 0.0009068031189455368, 0, 0, 0, 0, 0, 0, 0, 0, 0, 0, 0, 0, 0, 0, 0, 0, 0, 0, 0, 0, 0, 0, 0, 0, 0, 0, 0, 0, -0.0017206036578054306, 0, 0, 0, 0, 0, 0.0013129780329410438, 0, 0, 0, 0, 0, 0, -0.0023927869390058584, 0, 0, 0, 0, 0, 0, 0, 0.007052536145440663, 0, 0, 0, 0, 0, 0, 0, 0, 0, 0, 0, 0, 0, -7.581213752336836e-06, 0, 0.004996057738961628, 0, 0, -0.0016746754373392272, 0, 0, 0, 0, 0, -0.00246522241784481, 0, 0, 0, 0, 0.03229942108741637, 0, 0, 0, 0, 0, 0, 0, 0, 0, 0, 0, 0, 0, 0, 0, 0, 0, 0, 0, 0, 0, 0, 0, 0, 0, 0, 0, 0, 0, 0, 0, 0, 0, 0.0010915128000513236, 0, 0.010217881292261467, 0, 0, 0, 0, 0, 0, 0, 0, 0, -0.0021816811266462273, 0, 0, 0, 0, 0, 0, 0, 0, 0, 0, 0, 0, 0, 0, -0.0010744422255951666, 0, 0, -0.0020091320876957043, 0, 0.0034938829695087743, 0, 0, 0, 0, 0, 0, 0, 0, -0.002416850353350791, 0, 0, 0, 0, 0, 0, 0, 0, 0, 0, 0, 0, 0, 0, 0, 0, 0, 0, 0, 0, 0, 0, 0, 0, 0, 0, 0, 0, 0, 0.00032242022831724127, -0.00044432304470543325, 0, 0, -0.002331911110463359, 0, -0.002063452063999884, 0, 0, 0, 0, 0, -0.001729403137005944, 0, 0, 0, 0, -0.004112257675051731, -0.0020991981209974872, 0, 0, 0.0013895020774818238, 0, 0, 0, 0, 0, 0.0030558320646445624, 0, 0, 0, 0, 0, 0, 0, 0, 0.009734587818214476, 0.002783806911039379, 0, 0, 0, 0, 0, 0, 0, 0, 0, 0, 0.010815908307792705, 0, 0, 0, 0, 0, 0, 0, 0, 0, 0, 0, 0, 0, 0, 0, 0, 0, 0, 0, 0, 0, 0, 0, 0, 0, 0, 0, 0, 0, 0, 0, 0, 0, 0, -0.002147570572003719]
Start Date: 2021-12-17
End Date: 2024-03-27
Sharpe Ratio: 0.07
Annualized Sharpe: 1.108
Sharpe 95% CI: (np.float64(0.038), np.float64(1.826))
Sortino Ratio: 0.15
CAGR: 0.038
Calmar Ratio: 1.357
Daily Win Rate (%): 0.411
Max Drawdown: 0.028
Profit Factor: 1.847
Expectancy: 0.000966
Average Win: 0.00513
Average Loss: 0.001936
Total Trades: 112
Total Days: 713

Rolling 6 - Variant 0 - atr_0.25_15 - Test Metrics
Contracts: [3, 4, 4, 3, 3, 3, 3, 3, 3, 3, 2, 1, 2, 1, 1, 2, 2, 2, 2, 2, 2, 2, 1, 2, 1, 2, 2, 1, 1, 1, 2, 2, 2, 2, 2, 2, 2, 2, 2, 2, 2, 2, 3, 2, 2, 3, 2, 3, 4, 3, 3, 2, 2, 3, 3, 5, 3, 3, 3, 3, 3, 4, 4, 4, 4, 3, 3, 5, 3, 3, 4, 5, 5, 5, 5, 4, 3, 3, 4, 4, 4, 5, 3, 5, 4, 4, 3, 5, 4, 5, 4, 3, 4, 3, 4, 4, 5, 3, 4, 5, 5, 5, 3, 4, 4, 4, 4, 4, 4, 4, 6, 7, 8, 5, 5, 5, 5, 6, 5, 5, 6, 7, 7, 7, 7, 6, 6, 7, 7, 6, 6, 7, 5, 4, 4, 4, 6, 3, 3, 3, 3, 5, 5, 5, 4, 4, 6, 6, 6, 5, 5, 3, 7, 7, 7, 5, 8, 5, 2, 4, 4, 5, 3, 5, 5, 6, 6, 6, 7, 5, 6, 7, 7, 7, 6, 4, 7, 8, 7, 6, 7, 5, 7, 7]
Trade Returns: [-0.002315809535453643, -0.0017245769368985436, 0.0016190186756969726, 0.00021672424909566126, -0.003152654567647555, -0.0012317211673093964, 0.007608003728737959, 0.009168664549990279, -0.0020364433247009777, -0.002509443855875524, 0.0016145903178221884, -0.0020743406560057706, -0.0008264521945704564, -0.0024814073482599722, 0.00036413078573323753, 0.001556406279417937, -0.002212821114180496, -0.0006028776642796964, -0.0024003978520299256, 0.0005815122189357366, -0.0019886476116432175, -0.0019547416008323885, -0.001994706078975184, -0.0017090272484842346, -0.0026767401077587385, -0.002078404774330338, -0.0018892478500250269, -0.001810765025429123, 0.0025484386018114857, -0.0021501888704037447, 0.0011424968749886057, -0.0022004751565441777, 0.0005783266593949053, 0.0008340649692712911, -0.002039563138734156, 0.0005933413910559032, -0.001932706667838005, 0.004678756057564358, -0.002530587096206321, -0.0018993838896381116, -0.002451164624029481, -0.0027206448499316623, -0.002264214747536381, -0.0027554075799632997, -0.002283948668717889, -0.0025489048020997077, 0.001392117414309397, -0.0022376728202669234, -0.0018328971509998053, -0.0015206465647041665, -0.0022953285398911315, -0.002725597008774363, 0.03088999629958696, 0.009828394841277078, -0.0021760625897670935, 0.007475506594865112, 0.009661844419714901, 0.0005688656286054338, 0.0008421531403961284, 0.0020379289103648226, -0.00044644043474801806, 0.0037716252550012773, -0.0021294591067925524, -0.0004317552443221836, 0.008723806893719368, -0.0027517509946140815, -0.0019832785160078924, 0.0004126081774003647, -0.0022948473450625545, -0.002614582302811031, 0.00035956186589581235, 0.0035819320477567447]
Daily Returns: [-0.002315809535453643, 0, 0, 0, 0, 0, 0, 0, 0, 0, 0, -0.0017245769368985436, 0.001835742924792634, 0, 0, -0.0043843757349569515, 0, 0, 0, 0, 0, 0, 0, 0, 0.007608003728737959, 0, 0, 0, 0.009168664549990279, -0.0020364433247009777, 0, 0, 0, 0, 0, 0, 0, -0.002509443855875524, 0, 0.0016145903178221884, -0.0020743406560057706, -0.0008264521945704564, -0.0024814073482599722, 0, 0, 0, 0, 0, 0, 0, 0, 0, 0, 0, 0, 0, 0, 0, 0, 0, 0, 0, 0, 0, 0, 0, 0, 0, 0, 0, 0, 0, 0, 0, 0, 0, 0, 0.00036413078573323753, 0.001556406279417937, 0, 0, 0, 0, 0, 0, 0, 0, 0, 0, 0, 0, -0.002212821114180496, 0, 0, 0, -0.0006028776642796964, -0.0024003978520299256, 0.0005815122189357366, 0, 0, 0, 0, 0, -0.0019886476116432175, 0, 0, 0, -0.0019547416008323885, -0.001994706078975184, 0, 0, 0, 0, 0, 0, 0, 0, -0.0017090272484842346, 0, 0, 0, -0.0026767401077587385, 0, 0, 0, 0, 0, 0, 0, 0, 0, 0, 0, 0, 0, 0, 0, 0, 0, 0, 0, 0, 0, 0, 0, 0, 0, 0, 0, 0, 0, 0, 0, 0, 0, 0, 0, 0, 0, 0, -0.002078404774330338, 0, 0, 0, 0, 0, 0, -0.0018892478500250269, 0, 0, -0.001810765025429123, 0, 0, 0, 0, 0, 0, 0, 0, 0, 0.0025484386018114857, -0.0021501888704037447, 0, 0.0011424968749886057, 0, 0, 0, -0.0022004751565441777, 0, 0.0005783266593949053, 0, 0, 0, 0, 0, 0, 0.0008340649692712911, 0, 0, 0, 0, 0, 0, 0, 0, 0, 0, 0, 0, 0, 0, 0, 0, 0, 0, 0, 0, 0, 0, 0, 0, 0, 0, 0, 0, 0, 0, 0, -0.002039563138734156, 0.0005933413910559032, 0, 0, 0, 0, 0, 0, 0, 0, 0, 0, 0, 0, 0, 0, 0, 0, -0.001932706667838005, 0, 0, 0, 0, 0, 0, 0, 0, 0.004678756057564358, 0, 0, 0, 0, 0, -0.002530587096206321, 0, 0, 0, 0, 0, 0, -0.0018993838896381116, 0, 0, 0, 0, 0, 0, -0.002451164624029481, 0, 0, 0, 0, -0.0027206448499316623, -0.002264214747536381, 0, 0, 0, 0, 0, 0, 0, 0, 0, 0, 0, 0, 0, 0, 0, 0, 0, 0, 0, 0, 0, 0, 0, 0, 0, 0, 0, 0, 0, 0, 0, 0, 0, -0.0027554075799632997, 0, -0.002283948668717889, -0.0025489048020997077, 0, 0, 0, 0, 0, 0, 0, 0, 0.001392117414309397, 0, 0, 0, 0, 0, 0, 0, 0, -0.0022376728202669234, 0, 0, -0.0018328971509998053, 0, 0, 0, 0, 0, 0, 0, -0.0015206465647041665, 0, 0, 0, -0.0022953285398911315, 0, 0, 0, 0, -0.002725597008774363, 0.03088999629958696, 0, 0, 0, 0, 0, 0, 0, 0, 0, 0, 0, 0, 0, 0, 0, 0, 0, 0, 0, 0, 0, 0, 0, 0, 0, 0, 0, 0, 0, 0, 0, 0, 0, 0, 0, 0, 0, 0.009828394841277078, 0, 0, 0, 0.005299444005098018, 0, 0, 0.009661844419714901, 0, 0, 0.0005688656286054338, 0.0008421531403961284, 0, 0, 0, 0, 0.0020379289103648226, 0, 0, 0.003325184820253259, 0, 0, -0.0021294591067925524, 0, 0, 0, 0, 0, 0, -0.0004317552443221836, 0, 0, 0, 0, 0, 0, 0, 0, 0.008723806893719368, 0, -0.0027517509946140815, 0, 0, 0, 0, 0, 0, 0, 0, 0, 0, 0, 0, 0, 0, 0, 0, 0, 0, 0, 0, 0, 0, 0, 0, 0, 0, 0, 0, 0, 0, 0, -0.0019832785160078924, 0, 0, 0, 0, 0.0004126081774003647, 0, 0, 0, 0, 0, -0.0022948473450625545, 0, 0, 0, 0, 0, 0, 0, 0, 0, 0, 0, 0, 0, -0.002614582302811031, 0, 0, 0, 0, 0, 0, 0, 0, 0, 0.003941493913652557, 0, 0]
Start Date: 2024-03-28
End Date: 2025-11-06
Sharpe Ratio: 0.021
Annualized Sharpe: 0.341
Sharpe 95% CI: (np.float64(-1.572), np.float64(1.339))
Sortino Ratio: 0.062
CAGR: 0.009
Calmar Ratio: 0.181
Daily Win Rate (%): 0.375
Max Drawdown: 0.052
Profit Factor: 1.213
Expectancy: 0.000274
Average Win: 0.004172
Average Loss: 0.002064
Total Trades: 72
Total Days: 505



Rolling 6 - Variant 1 - atr_0.25_13 - Fit Metrics
Contracts: [3, 4, 4, 3, 3, 3, 3, 3, 3, 3, 2, 1, 2, 1, 1, 2, 2, 2, 2, 2, 2, 2, 1, 2, 1, 2, 2, 1, 1, 1, 2, 2, 2, 2, 2, 2, 2, 2, 2, 2, 2, 2, 3, 2, 2, 3, 2, 3, 3, 3, 3, 2, 2, 3, 3, 5, 3, 3, 3, 3, 3, 4, 4, 4, 4, 3, 3, 5, 3, 3, 3, 5, 5, 5, 5, 4, 3, 3, 4, 4, 4, 5, 3, 5, 4, 4, 3, 5, 4, 5, 4, 3, 4, 3, 4, 4, 5, 3, 4, 5, 5, 5, 3, 4, 4, 4, 4, 4, 3, 4, 6, 7, 8, 5, 5, 5, 5, 6, 5, 5, 6, 6, 6, 7, 7, 6, 6, 7, 7, 6, 6, 7, 5, 4, 4, 4, 6, 3, 3, 3, 3, 5, 5, 5, 4, 4, 6, 6, 6, 5, 5, 3, 7, 7, 6, 5, 8, 5, 1, 4, 4, 5, 3, 5, 5, 6, 6, 6, 7, 5, 6, 7, 7, 7, 6, 4, 7, 8, 7, 6, 6, 5, 7, 7]
Trade Returns: [0.004673999999999995, -0.001879216541883238, 0.004738797709581083, 0.004400826569320462, -0.002021795069428799, -0.0018476601255933607, -0.0017915600261889178, 0.004227560834540777, 0.0009143915733473045, -0.002260161829959899, 0.022371391255576505, -0.001265498010120126, 0.0016942548477206036, -0.0011318925204310466, 0.004540435595622755, -0.002416249758279294, 0.005424665867147642, -0.0027867609661539057, -0.001972474142639603, 0.003169903335365317, -0.0017636513771757724, -0.0027945487054041418, -0.00126114642278045, -0.0027970346002102625, 0.0014666293201375609, 0.006327958388526548, 0.02003026349311737, -0.0011371936105234873, -0.001233204456206087, 0.00031105260961760296, 0.004205488750602019, 0.006359228433756778, -0.002067573246878001, -4.1361935738592554e-05, -0.002090744320019252, -0.0019084185395695109, -0.0021576888922478117, 0.0007699943760214816, -0.0016617805545297642, -0.0016321800775569548, 0.013499827411591076, 0.0015120213180035288, 0.0011995695002914913, -0.00041430741610275326, -0.0018147464955975581, -0.0022781684872063427, -0.0015972344597710618, -0.0020898661208855157, -0.0020660185113753307, 0.002681202732488783, -0.002262209443361081, -0.0017377275348770575, 0.001525518449710751, -0.0020416088556433594, -0.002669155107569027, -0.0018304156925357802, 0.007820667355997473, -0.0017345168860320363, -0.0022349839384205087, 0.0005996057023261002, -0.00270040145715483, 0.0020459969005809106, -0.0025124245466155316, -0.002504088307440718, -0.0012870452629900637, 0.00256250749062602, 0.0012182070724320955, 0.003102272338451826, -0.0029944318728844705, -0.0017964820787647474, -0.0020061725460516428, -0.0020102053648665638, -0.0023006413156995377, -0.00259299375002392, -0.0020030429368753677, 0.0008567567826578839, 0.003022129601682529, -0.0016573327005220688, 0.00010724230249222359, 0.0009114618239193819, -0.0017294352169637697, 0.0013197452718733003, -0.0024050899752783577, 0.007088837814297389, -7.619962014504524e-06, 0.005021593231898125, -0.0016831921511688518, -0.002477780667994479, 0.02812461932025825, 0.001101541788237343, 0.010311661460905017, -0.002201479233139211, -0.0021495287712501904, 0.0010653038587062871, -0.0020274439514588786, 0.0035257920150748006, -0.0024388454908864203, 0.00032536166614584457, -0.0004483752827612359, -0.002353187742097978, -0.002082323652063989, -0.0017452039108767814, -0.0019252934504983825, -0.0022246406669487514, -0.0021184910565974157, 0.0034071739941320825, -0.0020048122892773993, 0.003083837919388098, 0.009830754208953489, 0.0021070578097347227, 0.010921716709274259, -0.002168352559271928]
Daily Returns: [0.004673999999999995, 0, 0, 0, 0, 0, 0, 0, 0, 0, 0, 0, 0, 0, -0.001879216541883238, 0.004738797709581083, 0, 0, 0, 0, 0, 0, 0, 0, 0, 0, 0, 0, 0, 0, 0, 0.004400826569320462, -0.002021795069428799, 0, -0.0018476601255933607, 0, 0, 0, 0, 0, 0, -0.0017915600261889178, 0, 0, 0, 0, 0, 0.005141952407888081, -0.002260161829959899, 0, 0, 0, 0, 0, 0.022371391255576505, 0, 0, 0, 0, 0, 0, 0, 0, 0, 0, 0, 0, 0, 0, 0, 0, 0, 0, 0, 0, 0, 0, 0, 0, 0, 0, 0, 0, 0, 0, 0, 0, 0, 0, 0, 0, 0, 0, -0.001265498010120126, 0, 0, 0, 0, 0.0016942548477206036, -0.0011318925204310466, 0, 0, 0, 0, 0, 0, 0, 0, 0, 0, 0.004540435595622755, 0, 0, -0.002416249758279294, 0.005424665867147642, 0, -0.0027867609661539057, 0, -0.001972474142639603, 0.003169903335365317, 0, 0, -0.0017636513771757724, -0.0027945487054041418, 0, 0, -0.00126114642278045, 0, 0, 0, 0, -0.0027970346002102625, 0, 0, 0, 0, 0, 0, 0, 0, 0, 0, 0, 0, 0, 0, 0, 0, 0, 0, 0, 0, 0, 0, 0.0014666293201375609, 0, 0, 0, 0, 0, 0, 0, 0, 0, 0, 0, 0, 0, 0.006327958388526548, 0, 0, 0.018893069882593882, 0, 0, 0, 0, 0, -0.001233204456206087, 0, 0, 0, 0, 0.00031105260961760296, 0, 0, 0, 0, 0, 0.004205488750602019, 0.0042916551868787765, -4.1361935738592554e-05, 0, 0, 0, -0.002090744320019252, 0, 0, 0, 0, 0, 0, 0, -0.003296113055795841, -0.0016617805545297642, 0, 0, -0.0016321800775569548, 0, 0, 0, 0.013499827411591076, 0, 0, 0, 0, 0, 0, 0, 0, 0, 0, 0, 0, 0, 0, 0, 0, 0, 0, 0, 0, 0, 0, 0, 0, 0, 0, 0, 0, 0, 0, 0, 0, 0, 0, 0, 0, 0, 0.0015120213180035288, 0, 0, 0, 0, 0, 0, 0, 0.0011995695002914913, 0, 0, 0, 0, 0, 0, -0.00041430741610275326, 0, 0, -0.0018147464955975581, -0.0038754029469774045, -0.0020898661208855157, 0, 0, 0, 0, 0.0006151842211134522, 0, 0, 0, 0, 0, 0, -0.002262209443361081, 0, 0, 0, -0.0017377275348770575, 0.001525518449710751, 0, 0, 0, 0, 0, 0, 0, 0, 0, 0, 0, 0, 0, 0, 0, 0, 0, 0, 0, 0, 0, 0, 0, 0, 0, 0, 0, 0, 0, 0, 0, 0, 0, 0, 0, 0, 0, 0, -0.0020416088556433594, 0, 0, -0.002669155107569027, 0, 0, 0, 0, 0, 0.005990251663461692, -0.0017345168860320363, 0, 0, 0, 0, -0.0022349839384205087, 0, -0.00210079575482873, 0, 0, 0, 0, 0, 0.0020459969005809106, -0.0025124245466155316, 0, 0, 0, 0, 0, -0.003791133570430782, 0, 0, 0, 0, 0.00256250749062602, 0, 0, 0, 0, 0.0012182070724320955, 0.00010784046556735561, 0, 0, 0, 0, 0, 0, 0, 0, 0, 0, 0, 0, 0, 0, 0, 0, 0, 0, 0, 0, 0, 0, 0, 0, 0, 0, 0, 0, 0, 0, 0, 0, -0.0017964820787647474, 0, 0, 0, 0, 0, 0, 0, 0, 0, 0, 0, 0, -0.006317019226617745, 0, 0, 0, 0, -0.00259299375002392, 0, 0, 0, 0, 0, 0, -0.0020030429368753677, 0, 0, 0, 0, 0.003878886384340413, 0, -0.0016573327005220688, 0, 0, 0, 0, 0, 0, 0, 0, 0, 0, 0, 0.00010724230249222359, 0, 0.0009114618239193819, 0, 0, 0, 0, 0, 0, 0, 0, 0, 0, 0, 0, 0, 0, 0, 0, 0, 0, 0, 0, 0, 0, 0, 0, 0, 0, 0, 0, -0.0017294352169637697, 0, 0, 0, 0, 0, 0.0013197452718733003, 0, 0, 0, 0, 0, 0, -0.0024050899752783577, 0, 0, 0, 0, 0, 0, 0, 0.007088837814297389, 0, 0, 0, 0, 0, 0, 0, 0, 0, 0, 0, 0, 0, -7.619962014504524e-06, 0, 0.005021593231898125, 0, 0, -0.0016831921511688518, 0, 0, 0, 0, 0, -0.002477780667994479, 0, 0, 0, 0, 0.02812461932025825, 0, 0, 0, 0, 0, 0, 0, 0, 0, 0, 0, 0, 0, 0, 0, 0, 0, 0, 0, 0, 0, 0, 0, 0, 0, 0, 0, 0, 0, 0, 0, 0, 0, 0.001101541788237343, 0, 0.010311661460905017, 0, 0, 0, 0, 0, 0, 0, 0, 0, -0.002201479233139211, 0, 0, 0, 0, 0, 0, 0, 0, 0, 0, 0, 0, 0, 0, -0.0010842249125439032, 0, 0, -0.0020274439514588786, 0, 0.0035257920150748006, 0, 0, 0, 0, 0, 0, 0, 0, -0.0024388454908864203, 0, 0, 0, 0, 0, 0, 0, 0, 0, 0, 0, 0, 0, 0, 0, 0, 0, 0, 0, 0, 0, 0, 0, 0, 0, 0, 0, 0, 0, 0.00032536166614584457, -0.0004483752827612359, 0, 0, -0.002353187742097978, 0, -0.002082323652063989, 0, 0, 0, 0, 0, -0.0017452039108767814, 0, 0, 0, 0, -0.004149934117447134, -0.0021184910565974157, 0, 0, 0.0014023617048546833, 0, 0, 0, 0, 0, 0.003083837919388098, 0, 0, 0, 0, 0, 0, 0, 0, 0.009830754208953489, 0.0021070578097347227, 0, 0, 0, 0, 0, 0, 0, 0, 0, 0, 0.010921716709274259, 0, 0, 0, 0, 0, 0, 0, 0, 0, 0, 0, 0, 0, 0, 0, 0, 0, 0, 0, 0, 0, 0, 0, 0, 0, 0, 0, 0, 0, 0, 0, 0, 0, 0, -0.002168352559271928]
Start Date: 2021-12-17
End Date: 2024-03-27
Sharpe Ratio: 0.069
Annualized Sharpe: 1.096
Sharpe 95% CI: (np.float64(-0.007), np.float64(1.845))
Sortino Ratio: 0.139
CAGR: 0.035
Calmar Ratio: 1.261
Daily Win Rate (%): 0.411
Max Drawdown: 0.028
Profit Factor: 1.772
Expectancy: 0.000877
Average Win: 0.004903
Average Loss: 0.001928
Total Trades: 112
Total Days: 713

Rolling 6 - Variant 1 - atr_0.25_13 - Test Metrics
Contracts: [3, 4, 4, 3, 3, 3, 3, 3, 3, 3, 2, 1, 2, 1, 1, 2, 2, 2, 2, 2, 2, 2, 1, 2, 1, 2, 2, 1, 1, 1, 2, 2, 2, 2, 2, 2, 2, 2, 2, 2, 2, 2, 3, 2, 2, 3, 2, 3, 3, 3, 3, 2, 2, 3, 3, 5, 3, 3, 3, 3, 3, 4, 4, 4, 4, 3, 3, 5, 3, 3, 3, 5, 5, 5, 5, 4, 3, 3, 4, 4, 4, 5, 3, 5, 4, 4, 3, 5, 4, 5, 4, 3, 4, 3, 4, 4, 5, 3, 4, 5, 5, 5, 3, 4, 4, 4, 4, 4, 3, 4, 6, 7, 8, 5, 5, 5, 5, 6, 5, 5, 6, 6, 6, 7, 7, 6, 6, 7, 7, 6, 6, 7, 5, 4, 4, 4, 6, 3, 3, 3, 3, 5, 5, 5, 4, 4, 6, 6, 6, 5, 5, 3, 7, 7, 6, 5, 8, 5, 1, 4, 4, 5, 3, 5, 5, 6, 6, 6, 7, 5, 6, 7, 7, 7, 6, 4, 7, 8, 7, 6, 6, 5, 7, 7]
Trade Returns: [-0.0023382682654515437, -0.0017413756320464185, 0.0016348166630743126, 0.0002188355396211201, -0.0031833604690807474, -0.0012437560701697918, 0.0076824325932925855, 0.009257677475165652, -0.002056239047797551, -0.0021716425973277646, 0.001396774065478754, -0.002094040813972768, -0.0008343175390883154, -0.0025050426182575327, 0.00036760578173269823, 0.0015712540163822896, -0.002233897772066519, -0.000608632804221322, -0.0024233262826682334, 0.0005870650011414908, -0.0020076891770109606, -0.001973496164972629, -0.002013881921579001, -0.0017254899093569452, -0.002702569088542097, -0.002098514516102382, -0.0019075447253080473, -0.001828335331061264, 0.002573212032671486, -0.002171037259047063, 0.0011535744248686304, -0.0022218575466636196, 0.0005839588715549455, 0.0008421830270569772, -0.0020593977553302616, 0.0005991235045026471, -0.001951529622223784, 0.004724529310645724, -0.0025552810994374695, -0.0019178785823957974, -0.002475077982543019, -0.002354840629743164, -0.002286359047449375, -0.002781464381180255, -0.0023056073119617922, -0.0025729467698331326, 0.0007026746728993, -0.002260497985453209, -0.0018516357997975256, -0.0015362579552841236, -0.0023188383939310546, -0.0027536218170118964, 0.027033438342126258, 0.009967016824191367, -0.002206451400437998, 0.00758013322991783, 0.009796053553457848, 0.0005766908756690775, 0.0008537310206948329, 0.002065922358750623, -0.0004525601976898599, 0.003823349743073837, -0.002158551515281688, -0.00043766659133064506, 0.008843300589673057, -0.0027891125001334107, -0.0020102815107613404, 0.00041823729068028704, -0.001993836258877129, -0.0026494381579960247, 0.0003643680368460342, 0.0036297933727114304]
Daily Returns: [-0.0023382682654515437, 0, 0, 0, 0, 0, 0, 0, 0, 0, 0, -0.0017413756320464185, 0.0018536522026954326, 0, 0, -0.004427116539250539, 0, 0, 0, 0, 0, 0, 0, 0, 0.0076824325932925855, 0, 0, 0, 0.009257677475165652, -0.002056239047797551, 0, 0, 0, 0, 0, 0, 0, -0.0021716425973277646, 0, 0.001396774065478754, -0.002094040813972768, -0.0008343175390883154, -0.0025050426182575327, 0, 0, 0, 0, 0, 0, 0, 0, 0, 0, 0, 0, 0, 0, 0, 0, 0, 0, 0, 0, 0, 0, 0, 0, 0, 0, 0, 0, 0, 0, 0, 0, 0, 0, 0.00036760578173269823, 0.0015712540163822896, 0, 0, 0, 0, 0, 0, 0, 0, 0, 0, 0, 0, -0.002233897772066519, 0, 0, 0, -0.000608632804221322, -0.0024233262826682334, 0.0005870650011414908, 0, 0, 0, 0, 0, -0.0020076891770109606, 0, 0, 0, -0.001973496164972629, -0.002013881921579001, 0, 0, 0, 0, 0, 0, 0, 0, -0.0017254899093569452, 0, 0, 0, -0.002702569088542097, 0, 0, 0, 0, 0, 0, 0, 0, 0, 0, 0, 0, 0, 0, 0, 0, 0, 0, 0, 0, 0, 0, 0, 0, 0, 0, 0, 0, 0, 0, 0, 0, 0, 0, 0, 0, 0, 0, -0.002098514516102382, 0, 0, 0, 0, 0, 0, -0.0019075447253080473, 0, 0, -0.001828335331061264, 0, 0, 0, 0, 0, 0, 0, 0, 0, 0.002573212032671486, -0.002171037259047063, 0, 0.0011535744248686304, 0, 0, 0, -0.0022218575466636196, 0, 0.0005839588715549455, 0, 0, 0, 0, 0, 0, 0.0008421830270569772, 0, 0, 0, 0, 0, 0, 0, 0, 0, 0, 0, 0, 0, 0, 0, 0, 0, 0, 0, 0, 0, 0, 0, 0, 0, 0, 0, 0, 0, 0, 0, -0.0020593977553302616, 0.0005991235045026471, 0, 0, 0, 0, 0, 0, 0, 0, 0, 0, 0, 0, 0, 0, 0, 0, -0.001951529622223784, 0, 0, 0, 0, 0, 0, 0, 0, 0.004724529310645724, 0, 0, 0, 0, 0, -0.0025552810994374695, 0, 0, 0, 0, 0, 0, -0.0019178785823957974, 0, 0, 0, 0, 0, 0, -0.002475077982543019, 0, 0, 0, 0, -0.002354840629743164, -0.002286359047449375, 0, 0, 0, 0, 0, 0, 0, 0, 0, 0, 0, 0, 0, 0, 0, 0, 0, 0, 0, 0, 0, 0, 0, 0, 0, 0, 0, 0, 0, 0, 0, 0, 0, -0.002781464381180255, 0, -0.0023056073119617922, -0.0025729467698331326, 0, 0, 0, 0, 0, 0, 0, 0, 0.0007026746728993, 0, 0, 0, 0, 0, 0, 0, 0, -0.002260497985453209, 0, 0, -0.0018516357997975256, 0, 0, 0, 0, 0, 0, 0, -0.0015362579552841236, 0, 0, 0, -0.0023188383939310546, 0, 0, 0, 0, -0.0027536218170118964, 0.027033438342126258, 0, 0, 0, 0, 0, 0, 0, 0, 0, 0, 0, 0, 0, 0, 0, 0, 0, 0, 0, 0, 0, 0, 0, 0, 0, 0, 0, 0, 0, 0, 0, 0, 0, 0, 0, 0, 0, 0.009967016824191367, 0, 0, 0, 0.005373681829479832, 0, 0, 0.009796053553457848, 0, 0, 0.0005766908756690775, 0.0008537310206948329, 0, 0, 0, 0, 0.002065922358750623, 0, 0, 0.003370789545383977, 0, 0, -0.002158551515281688, 0, 0, 0, 0, 0, 0, -0.00043766659133064506, 0, 0, 0, 0, 0, 0, 0, 0, 0.008843300589673057, 0, -0.0027891125001334107, 0, 0, 0, 0, 0, 0, 0, 0, 0, 0, 0, 0, 0, 0, 0, 0, 0, 0, 0, 0, 0, 0, 0, 0, 0, 0, 0, 0, 0, 0, 0, -0.0020102815107613404, 0, 0, 0, 0, 0.00041823729068028704, 0, 0, 0, 0, 0, -0.001993836258877129, 0, 0, 0, 0, 0, 0, 0, 0, 0, 0, 0, 0, 0, -0.0026494381579960247, 0, 0, 0, 0, 0, 0, 0, 0, 0, 0.003994161409557465, 0, 0]
Start Date: 2024-03-28
End Date: 2025-11-06
Sharpe Ratio: 0.019
Annualized Sharpe: 0.297
Sharpe 95% CI: (np.float64(-1.575), np.float64(1.329))
Sortino Ratio: 0.051
CAGR: 0.008
Calmar Ratio: 0.145
Daily Win Rate (%): 0.375
Max Drawdown: 0.053
Profit Factor: 1.173
Expectancy: 0.000223
Average Win: 0.004031
Average Loss: 0.002061
Total Trades: 72
Total Days: 505



Rolling 6 - Variant 2 - atr_0.25_14 - Fit Metrics
Contracts: [3, 4, 4, 3, 3, 3, 3, 3, 3, 3, 2, 1, 2, 1, 1, 2, 2, 2, 2, 2, 2, 2, 1, 2, 1, 2, 2, 1, 1, 1, 2, 2, 2, 2, 2, 2, 2, 2, 2, 2, 2, 2, 3, 2, 2, 3, 2, 3, 4, 3, 3, 2, 2, 3, 3, 5, 3, 3, 3, 3, 3, 4, 4, 4, 4, 3, 3, 5, 3, 3, 4, 5, 5, 5, 5, 4, 3, 3, 4, 4, 4, 5, 3, 5, 4, 4, 3, 5, 4, 5, 4, 3, 4, 3, 4, 4, 5, 3, 4, 5, 5, 5, 3, 4, 4, 4, 4, 4, 4, 4, 6, 7, 8, 5, 5, 5, 5, 6, 5, 5, 6, 6, 6, 7, 7, 6, 6, 7, 7, 6, 6, 7, 5, 4, 4, 4, 6, 3, 3, 3, 3, 5, 5, 5, 4, 4, 6, 6, 6, 5, 5, 3, 7, 7, 7, 5, 8, 5, 1, 4, 4, 5, 3, 5, 5, 6, 6, 6, 7, 5, 6, 7, 7, 7, 6, 4, 7, 8, 7, 6, 6, 5, 7, 7]
Trade Returns: [0.004673999999999995, -0.001879216541883238, 0.004738797709581083, 0.004400826569320462, -0.002021795069428799, -0.0018476601255933607, -0.0017915600261889178, 0.004227560834540777, 0.0009143915733473045, -0.002260161829959899, 0.02409562144625258, -0.001263377647845036, 0.0016914022963592243, -0.0011299936172715478, 0.00453280978222048, -0.002412231658342366, 0.005415596071098417, -0.0027821155191078842, -0.0019691676894649534, 0.0031645753035615906, -0.0017606891399071902, -0.0027898772799849368, -0.0012590244591126488, -0.0027923224687073987, 0.0014641515882355238, 0.00631728352930227, 0.021538153244981557, -0.0011336114862570826, -0.0012293154922077257, 0.0003100704843149791, 0.004192214351057331, 0.006339239667679288, -0.002061115246641803, -4.1232476197616e-05, -0.002084200188177786, -0.0019024272866724806, -0.002150902173503596, 0.00076757521484582, -0.0016565682367127067, -0.0016270352096459395, 0.01345720465235866, 0.0015073108306252684, 0.0011958380365904159, -0.0004130201821753934, -0.0018091058326912112, -0.002271074565083625, -0.0015922495570855095, -0.0020833333333333316, -0.0027460623828843766, 0.0026746265961709176, -0.0022566757646529144, -0.001733467197611499, 0.001521771884887746, -0.0020366024281265496, -0.0026625964555244616, -0.0018258900977220916, 0.007801295847096891, -0.001730253808254704, -0.002229477470941216, 0.0005981257464741529, -0.0026937402697145263, 0.0020409363269595243, -0.0025062229667698293, -0.0024979231175893046, -0.0012838672049567304, 0.0025561663956156183, 0.0012152002241117, 0.003094601513169119, -0.0029870498156725576, -0.001792053716243038, -0.002002315473818064, -0.002006332784999096, -0.002296200312511909, -0.0025879768896528666, -0.0019991574432231623, 0.0008550965283463754, 0.003016255545151713, -0.0022043200127259705, 0.00010703466202848708, 0.0009096972581036829, -0.00172609011947064, 0.0013171820357077233, -0.0024004299734326907, 0.007075087840231304, -7.605285673558249e-06, 0.005011921375958708, -0.0016799664006719864, -0.0024730241389896417, 0.030236194145394375, 0.0010971685675034847, 0.010270768097255488, -0.0021928466573658888, -0.0021410813829962, 0.0010611220910304096, -0.0020194592458856265, 0.003511878249999557, -0.002429254803257759, 0.00032407907529437345, -0.0004466083391294591, -0.0023439102282382593, -0.002074094740242578, -0.0017383140554060104, -0.0019176793875181858, -0.002215825855227804, -0.0021100782056957365, 0.0033936149762668687, -0.001996861022893902, 0.003071625901715319, 0.009784937528070064, 0.002798245743565517, 0.010871308786000684, -0.0021584524058539697]
Daily Returns: [0.004673999999999995, 0, 0, 0, 0, 0, 0, 0, 0, 0, 0, 0, 0, 0, -0.001879216541883238, 0.004738797709581083, 0, 0, 0, 0, 0, 0, 0, 0, 0, 0, 0, 0, 0, 0, 0, 0.004400826569320462, -0.002021795069428799, 0, -0.0018476601255933607, 0, 0, 0, 0, 0, 0, -0.0017915600261889178, 0, 0, 0, 0, 0, 0.005141952407888081, -0.002260161829959899, 0, 0, 0, 0, 0, 0.02409562144625258, 0, 0, 0, 0, 0, 0, 0, 0, 0, 0, 0, 0, 0, 0, 0, 0, 0, 0, 0, 0, 0, 0, 0, 0, 0, 0, 0, 0, 0, 0, 0, 0, 0, 0, 0, 0, 0, 0, -0.001263377647845036, 0, 0, 0, 0, 0.0016914022963592243, -0.0011299936172715478, 0, 0, 0, 0, 0, 0, 0, 0, 0, 0, 0.00453280978222048, 0, 0, -0.002412231658342366, 0.005415596071098417, 0, -0.0027821155191078842, 0, -0.0019691676894649534, 0.0031645753035615906, 0, 0, -0.0017606891399071902, -0.0027898772799849368, 0, 0, -0.0012590244591126488, 0, 0, 0, 0, -0.0027923224687073987, 0, 0, 0, 0, 0, 0, 0, 0, 0, 0, 0, 0, 0, 0, 0, 0, 0, 0, 0, 0, 0, 0, 0.0014641515882355238, 0, 0, 0, 0, 0, 0, 0, 0, 0, 0, 0, 0, 0, 0.00631728352930227, 0, 0, 0.020404541758724474, 0, 0, 0, 0, 0, -0.0012293154922077257, 0, 0, 0, 0, 0.0003100704843149791, 0, 0, 0, 0, 0, 0.004192214351057331, 0.004278124421037485, -4.1232476197616e-05, 0, 0, 0, -0.002084200188177786, 0, 0, 0, 0, 0, 0, 0, -0.0032857542453302566, -0.0016565682367127067, 0, 0, -0.0016270352096459395, 0, 0, 0, 0.01345720465235866, 0, 0, 0, 0, 0, 0, 0, 0, 0, 0, 0, 0, 0, 0, 0, 0, 0, 0, 0, 0, 0, 0, 0, 0, 0, 0, 0, 0, 0, 0, 0, 0, 0, 0, 0, 0, 0, 0.0015073108306252684, 0, 0, 0, 0, 0, 0, 0, 0.0011958380365904159, 0, 0, 0, 0, 0, 0, -0.0004130201821753934, 0, 0, -0.0018091058326912112, -0.0038633241221691346, -0.0020833333333333316, 0, 0, 0, 0, -7.143578671345904e-05, 0, 0, 0, 0, 0, 0, -0.0022566757646529144, 0, 0, 0, -0.001733467197611499, 0.001521771884887746, 0, 0, 0, 0, 0, 0, 0, 0, 0, 0, 0, 0, 0, 0, 0, 0, 0, 0, 0, 0, 0, 0, 0, 0, 0, 0, 0, 0, 0, 0, 0, 0, 0, 0, 0, 0, 0, 0, -0.0020366024281265496, 0, 0, -0.0026625964555244616, 0, 0, 0, 0, 0, 0.005975405749374799, -0.001730253808254704, 0, 0, 0, 0, -0.002229477470941216, 0, -0.0020956145232403733, 0, 0, 0, 0, 0, 0.0020409363269595243, -0.0025062229667698293, 0, 0, 0, 0, 0, -0.003781790322546035, 0, 0, 0, 0, 0.0025561663956156183, 0, 0, 0, 0, 0.0012152002241117, 0.00010755169749656138, 0, 0, 0, 0, 0, 0, 0, 0, 0, 0, 0, 0, 0, 0, 0, 0, 0, 0, 0, 0, 0, 0, 0, 0, 0, 0, 0, 0, 0, 0, 0, 0, -0.001792053716243038, 0, 0, 0, 0, 0, 0, 0, 0, 0, 0, 0, 0, -0.006304848571329069, 0, 0, 0, 0, -0.0025879768896528666, 0, 0, 0, 0, 0, 0, -0.0019991574432231623, 0, 0, 0, 0, 0.0038713520734980885, 0, -0.0022043200127259705, 0, 0, 0, 0, 0, 0, 0, 0, 0, 0, 0, 0.00010703466202848708, 0, 0.0009096972581036829, 0, 0, 0, 0, 0, 0, 0, 0, 0, 0, 0, 0, 0, 0, 0, 0, 0, 0, 0, 0, 0, 0, 0, 0, 0, 0, 0, 0, -0.00172609011947064, 0, 0, 0, 0, 0, 0.0013171820357077233, 0, 0, 0, 0, 0, 0, -0.0024004299734326907, 0, 0, 0, 0, 0, 0, 0, 0.007075087840231304, 0, 0, 0, 0, 0, 0, 0, 0, 0, 0, 0, 0, 0, -7.605285673558249e-06, 0, 0.005011921375958708, 0, 0, -0.0016799664006719864, 0, 0, 0, 0, 0, -0.0024730241389896417, 0, 0, 0, 0, 0.030236194145394375, 0, 0, 0, 0, 0, 0, 0, 0, 0, 0, 0, 0, 0, 0, 0, 0, 0, 0, 0, 0, 0, 0, 0, 0, 0, 0, 0, 0, 0, 0, 0, 0, 0, 0.0010971685675034847, 0, 0.010270768097255488, 0, 0, 0, 0, 0, 0, 0, 0, 0, -0.0021928466573658888, 0, 0, 0, 0, 0, 0, 0, 0, 0, 0, 0, 0, 0, 0, -0.0010799592919657902, 0, 0, -0.0020194592458856265, 0, 0.003511878249999557, 0, 0, 0, 0, 0, 0, 0, 0, -0.002429254803257759, 0, 0, 0, 0, 0, 0, 0, 0, 0, 0, 0, 0, 0, 0, 0, 0, 0, 0, 0, 0, 0, 0, 0, 0, 0, 0, 0, 0, 0, 0.00032407907529437345, -0.0004466083391294591, 0, 0, -0.0023439102282382593, 0, -0.002074094740242578, 0, 0, 0, 0, 0, -0.0017383140554060104, 0, 0, 0, 0, -0.00413350524274599, -0.0021100782056957365, 0, 0, 0.0013967539533729667, 0, 0, 0, 0, 0, 0.003071625901715319, 0, 0, 0, 0, 0, 0, 0, 0, 0.009784937528070064, 0.002798245743565517, 0, 0, 0, 0, 0, 0, 0, 0, 0, 0, 0.010871308786000684, 0, 0, 0, 0, 0, 0, 0, 0, 0, 0, 0, 0, 0, 0, 0, 0, 0, 0, 0, 0, 0, 0, 0, 0, 0, 0, 0, 0, 0, 0, 0, 0, 0, 0, -0.0021584524058539697]
Start Date: 2021-12-17
End Date: 2024-03-27
Sharpe Ratio: 0.069
Annualized Sharpe: 1.1
Sharpe 95% CI: (np.float64(0.008), np.float64(1.834))
Sortino Ratio: 0.142
CAGR: 0.037
Calmar Ratio: 1.287
Daily Win Rate (%): 0.411
Max Drawdown: 0.028
Profit Factor: 1.804
Expectancy: 0.00092
Average Win: 0.005025
Average Loss: 0.001942
Total Trades: 112
Total Days: 713

Rolling 6 - Variant 2 - atr_0.25_14 - Test Metrics
Contracts: [3, 4, 4, 3, 3, 3, 3, 3, 3, 3, 2, 1, 2, 1, 1, 2, 2, 2, 2, 2, 2, 2, 1, 2, 1, 2, 2, 1, 1, 1, 2, 2, 2, 2, 2, 2, 2, 2, 2, 2, 2, 2, 3, 2, 2, 3, 2, 3, 4, 3, 3, 2, 2, 3, 3, 5, 3, 3, 3, 3, 3, 4, 4, 4, 4, 3, 3, 5, 3, 3, 4, 5, 5, 5, 5, 4, 3, 3, 4, 4, 4, 5, 3, 5, 4, 4, 3, 5, 4, 5, 4, 3, 4, 3, 4, 4, 5, 3, 4, 5, 5, 5, 3, 4, 4, 4, 4, 4, 4, 4, 6, 7, 8, 5, 5, 5, 5, 6, 5, 5, 6, 6, 6, 7, 7, 6, 6, 7, 7, 6, 6, 7, 5, 4, 4, 4, 6, 3, 3, 3, 3, 5, 5, 5, 4, 4, 6, 6, 6, 5, 5, 3, 7, 7, 7, 5, 8, 5, 1, 4, 4, 5, 3, 5, 5, 6, 6, 6, 7, 5, 6, 7, 7, 7, 6, 4, 7, 8, 7, 6, 6, 5, 7, 7]
Trade Returns: [-0.002327569226209732, -0.0017333727804206933, 0.0016272904795324845, 0.0002178297261336105, -0.003168732271160727, -0.001238022586629721, 0.007646974113306481, 0.009215272677277314, -0.0020468085183461076, -0.002161786216192963, 0.0013904208268512967, -0.002084529276693457, -0.0008305199918026567, -0.0024936309857938608, 0.0003659279608619209, 0.00156408514533556, -0.0022237214950748896, -0.0006058540649021354, -0.002412255774889807, 0.0005843839619067988, -0.0019984952506348166, -0.001964440723363616, -0.002004622980169849, -0.001717540932602894, -0.002690097488695577, -0.0020888043376955175, -0.001898709865059898, -0.0018198512230389874, 0.0025612496695161654, -0.002160970312296838, 0.0011482254697285955, -0.0022115326380005556, 0.0005812392167249999, 0.0008382630307620478, -0.0020498201815450073, 0.0005963314572205553, -0.0019424404851686584, 0.004702426045342874, -0.0025433568624559995, -0.0019089479636968864, -0.002463530716745561, -0.0027344357472396464, -0.0022756658908714778, -0.002769448957827324, -0.0022956198453536105, -0.0025618605790918773, 0.0006996238119022064, -0.00225069025529632, -0.0018435838971190264, -0.0015295496576856586, -0.0023087362203172554, -0.002741579300416797, 0.028993256635195128, 0.009904407957312266, -0.0021927272727272737, 0.00753288119039198, 0.009735444759534624, 0.0005731572546484208, 0.0008485028578793124, 0.002053281583960045, -0.0004497967882368145, 0.0037999932142978956, -0.002145415020395676, -0.00043499731692231777, 0.00878934292170748, -0.0027722429177856733, -0.00199808878464078, 0.0004156955261213199, -0.001981724099966973, -0.0026333113890717598, 0.00036214432254035175, 0.003607649000540357]
Daily Returns: [-0.002327569226209732, 0, 0, 0, 0, 0, 0, 0, 0, 0, 0, -0.0017333727804206933, 0.0018451202056660948, 0, 0, -0.004406754857790449, 0, 0, 0, 0, 0, 0, 0, 0, 0.007646974113306481, 0, 0, 0, 0.009215272677277314, -0.0020468085183461076, 0, 0, 0, 0, 0, 0, 0, -0.002161786216192963, 0, 0.0013904208268512967, -0.002084529276693457, -0.0008305199918026567, -0.0024936309857938608, 0, 0, 0, 0, 0, 0, 0, 0, 0, 0, 0, 0, 0, 0, 0, 0, 0, 0, 0, 0, 0, 0, 0, 0, 0, 0, 0, 0, 0, 0, 0, 0, 0, 0, 0.0003659279608619209, 0.00156408514533556, 0, 0, 0, 0, 0, 0, 0, 0, 0, 0, 0, 0, -0.0022237214950748896, 0, 0, 0, -0.0006058540649021354, -0.002412255774889807, 0.0005843839619067988, 0, 0, 0, 0, 0, -0.0019984952506348166, 0, 0, 0, -0.001964440723363616, -0.002004622980169849, 0, 0, 0, 0, 0, 0, 0, 0, -0.001717540932602894, 0, 0, 0, -0.002690097488695577, 0, 0, 0, 0, 0, 0, 0, 0, 0, 0, 0, 0, 0, 0, 0, 0, 0, 0, 0, 0, 0, 0, 0, 0, 0, 0, 0, 0, 0, 0, 0, 0, 0, 0, 0, 0, 0, 0, -0.0020888043376955175, 0, 0, 0, 0, 0, 0, -0.001898709865059898, 0, 0, -0.0018198512230389874, 0, 0, 0, 0, 0, 0, 0, 0, 0, 0.0025612496695161654, -0.002160970312296838, 0, 0.0011482254697285955, 0, 0, 0, -0.0022115326380005556, 0, 0.0005812392167249999, 0, 0, 0, 0, 0, 0, 0.0008382630307620478, 0, 0, 0, 0, 0, 0, 0, 0, 0, 0, 0, 0, 0, 0, 0, 0, 0, 0, 0, 0, 0, 0, 0, 0, 0, 0, 0, 0, 0, 0, 0, -0.0020498201815450073, 0.0005963314572205553, 0, 0, 0, 0, 0, 0, 0, 0, 0, 0, 0, 0, 0, 0, 0, 0, -0.0019424404851686584, 0, 0, 0, 0, 0, 0, 0, 0, 0.004702426045342874, 0, 0, 0, 0, 0, -0.0025433568624559995, 0, 0, 0, 0, 0, 0, -0.0019089479636968864, 0, 0, 0, 0, 0, 0, -0.002463530716745561, 0, 0, 0, 0, -0.0027344357472396464, -0.0022756658908714778, 0, 0, 0, 0, 0, 0, 0, 0, 0, 0, 0, 0, 0, 0, 0, 0, 0, 0, 0, 0, 0, 0, 0, 0, 0, 0, 0, 0, 0, 0, 0, 0, 0, -0.002769448957827324, 0, -0.0022956198453536105, -0.0025618605790918773, 0, 0, 0, 0, 0, 0, 0, 0, 0.0006996238119022064, 0, 0, 0, 0, 0, 0, 0, 0, -0.00225069025529632, 0, 0, -0.0018435838971190264, 0, 0, 0, 0, 0, 0, 0, -0.0015295496576856586, 0, 0, 0, -0.0023087362203172554, 0, 0, 0, 0, -0.002741579300416797, 0.028993256635195128, 0, 0, 0, 0, 0, 0, 0, 0, 0, 0, 0, 0, 0, 0, 0, 0, 0, 0, 0, 0, 0, 0, 0, 0, 0, 0, 0, 0, 0, 0, 0, 0, 0, 0, 0, 0, 0, 0.009904407957312266, 0, 0, 0, 0.005340153917664707, 0, 0, 0.009735444759534624, 0, 0, 0.0005731572546484208, 0.0008485028578793124, 0, 0, 0, 0, 0.002053281583960045, 0, 0, 0.003350196426061081, 0, 0, -0.002145415020395676, 0, 0, 0, 0, 0, 0, -0.00043499731692231777, 0, 0, 0, 0, 0, 0, 0, 0, 0.00878934292170748, 0, -0.0027722429177856733, 0, 0, 0, 0, 0, 0, 0, 0, 0, 0, 0, 0, 0, 0, 0, 0, 0, 0, 0, 0, 0, 0, 0, 0, 0, 0, 0, 0, 0, 0, 0, -0.00199808878464078, 0, 0, 0, 0, 0.0004156955261213199, 0, 0, 0, 0, 0, -0.001981724099966973, 0, 0, 0, 0, 0, 0, 0, 0, 0, 0, 0, 0, 0, -0.0026333113890717598, 0, 0, 0, 0, 0, 0, 0, 0, 0, 0.003969793323080709, 0, 0]
Start Date: 2024-03-28
End Date: 2025-11-06
Sharpe Ratio: 0.02
Annualized Sharpe: 0.315
Sharpe 95% CI: (np.float64(-1.579), np.float64(1.329))
Sortino Ratio: 0.056
CAGR: 0.008
Calmar Ratio: 0.159
Daily Win Rate (%): 0.375
Max Drawdown: 0.053
Profit Factor: 1.19
Expectancy: 0.000245
Average Win: 0.004087
Average Loss: 0.00206
Total Trades: 72
Total Days: 505



Rolling 6 - Variant 3 - atr_0.25_20 - Fit Metrics
Contracts: [3, 4, 4, 3, 3, 3, 3, 3, 3, 3, 2, 1, 2, 1, 1, 2, 2, 2, 2, 2, 2, 2, 1, 2, 1, 2, 2, 1, 1, 1, 2, 2, 2, 2, 2, 2, 2, 2, 2, 2, 2, 2, 3, 2, 2, 3, 2, 3, 4, 3, 3, 2, 2, 3, 3, 5, 3, 3, 3, 3, 3, 4, 4, 4, 4, 3, 3, 5, 3, 3, 4, 5, 5, 5, 5, 4, 3, 3, 4, 4, 4, 5, 3, 5, 4, 4, 3, 5, 4, 5, 4, 3, 4, 3, 4, 4, 5, 3, 4, 5, 5, 5, 3, 4, 4, 4, 4, 4, 4, 4, 6, 7, 8, 5, 5, 5, 5, 6, 5, 5, 6, 6, 6, 7, 7, 6, 6, 7, 7, 6, 6, 7, 5, 4, 4, 4, 6, 3, 3, 3, 3, 5, 5, 5, 4, 4, 6, 6, 6, 5, 5, 3, 7, 7, 7, 5, 8, 5, 1, 4, 4, 5, 3, 5, 5, 6, 6, 6, 7, 6, 6, 7, 7, 7, 6, 4, 7, 8, 7, 6, 7, 5, 7, 7]
Trade Returns: [0.004673999999999995, -0.001879216541883238, 0.004738797709581083, 0.004400826569320462, -0.002021795069428799, -0.0018476601255933607, -0.0017915600261889178, 0.004227560834540777, 0.0009143915733473045, -0.002260161829959899, 0.024531633678377577, -0.0012628425893663265, 0.0016906824824789938, -0.0011295144437141367, 0.004530885471642389, -0.002411217703152735, 0.005413307361752218, -0.0027809432607134314, -0.001968333330123397, 0.003163230821223381, -0.0017599416440401978, -0.00278869847293791, -0.001258489001270088, -0.0027911334092088043, 0.0014635263609436458, 0.00631458984238722, 0.020045993305162095, -0.0011347887329262443, -0.0012305935770954585, 0.00031039325311056474, 0.004196576894987207, 0.006345808902220279, -0.0020632376729974233, -4.127502298268324e-05, -0.0020863509122156587, -0.0019043962950835702, -0.0021531326005392246, 0.0007683702640707928, -0.001658281253525257, -0.0016287260414777182, 0.013471212333407737, 0.0015088589440975188, 0.0011970643953519663, -0.0004134432372233053, -0.0018109596595693928, -0.002273406002687769, -0.001593887851656183, -0.0020854803350259495, -0.0027488982813752734, 0.0026773963356197614, -0.0022590064502802615, -0.001735261569037813, 0.0015233498614279474, -0.0020387110376530898, -0.002665358823695849, -0.0018277961675119182, 0.007809454631194855, -0.0017320493275573186, -0.0022317966719750627, 0.0005987490691914899, -0.0026965458081400066, 0.002043067715542702, -0.002508834926620367, -0.0025005197603432294, -0.0012852057276956331, 0.0025588371063674613, 0.001216466638118236, 0.0030978322766789385, -0.0029901589704769103, -0.0017939188422032646, -0.0020044077972413265, -0.0020084335170431284, -0.0022986093890086405, -0.0025906983413794744, -0.002001265167634711, 0.000855997150506151, 0.003019441979463164, -0.002206618338439139, 0.00010714729883571889, 0.0009106544659375248, -0.0017279047052909434, 0.001318572486939042, -0.002402957840056828, 0.007082546649926681, -7.613247049881921e-06, 0.005017168002801655, -0.0016817162596206288, -0.002475604388933574, 0.031180646547707563, 0.0010973102068291005, 0.01027209255199603, -0.0021931262614119074, -0.0021413549866370687, 0.0010612575354755325, -0.0020197178615139473, 0.0035123288977043526, -0.0024295654366002163, 0.00032412061681801616, -0.0004466655683086911, -0.002344210715240667, -0.0020743612619459353, -0.0017385372079972716, -0.0019179259945107643, -0.002216111350392238, -0.0021103506797764218, 0.0033940541200045775, -0.0019971185485148746, 0.0030720214268895596, 0.009786198441130045, 0.0027986073420983703, 0.010872696115071146, -0.002158724891522723]
Daily Returns: [0.004673999999999995, 0, 0, 0, 0, 0, 0, 0, 0, 0, 0, 0, 0, 0, -0.001879216541883238, 0.004738797709581083, 0, 0, 0, 0, 0, 0, 0, 0, 0, 0, 0, 0, 0, 0, 0, 0.004400826569320462, -0.002021795069428799, 0, -0.0018476601255933607, 0, 0, 0, 0, 0, 0, -0.0017915600261889178, 0, 0, 0, 0, 0, 0.005141952407888081, -0.002260161829959899, 0, 0, 0, 0, 0, 0.024531633678377577, 0, 0, 0, 0, 0, 0, 0, 0, 0, 0, 0, 0, 0, 0, 0, 0, 0, 0, 0, 0, 0, 0, 0, 0, 0, 0, 0, 0, 0, 0, 0, 0, 0, 0, 0, 0, 0, 0, -0.0012628425893663265, 0, 0, 0, 0, 0.0016906824824789938, -0.0011295144437141367, 0, 0, 0, 0, 0, 0, 0, 0, 0, 0, 0.004530885471642389, 0, 0, -0.002411217703152735, 0.005413307361752218, 0, -0.0027809432607134314, 0, -0.001968333330123397, 0.003163230821223381, 0, 0, -0.0017599416440401978, -0.00278869847293791, 0, 0, -0.001258489001270088, 0, 0, 0, 0, -0.0027911334092088043, 0, 0, 0, 0, 0, 0, 0, 0, 0, 0, 0, 0, 0, 0, 0, 0, 0, 0, 0, 0, 0, 0, 0.0014635263609436458, 0, 0, 0, 0, 0, 0, 0, 0, 0, 0, 0, 0, 0, 0.00631458984238722, 0, 0, 0.01891120457223585, 0, 0, 0, 0, 0, -0.0012305935770954585, 0, 0, 0, 0, 0.00031039325311056474, 0, 0, 0, 0, 0, 0.004196576894987207, 0.004282571229222856, -4.127502298268324e-05, 0, 0, 0, -0.0020863509122156587, 0, 0, 0, 0, 0, 0, 0, -0.003289158631552002, -0.001658281253525257, 0, 0, -0.0016287260414777182, 0, 0, 0, 0.013471212333407737, 0, 0, 0, 0, 0, 0, 0, 0, 0, 0, 0, 0, 0, 0, 0, 0, 0, 0, 0, 0, 0, 0, 0, 0, 0, 0, 0, 0, 0, 0, 0, 0, 0, 0, 0, 0, 0, 0.0015088589440975188, 0, 0, 0, 0, 0, 0, 0, 0.0011970643953519663, 0, 0, 0, 0, 0, 0, -0.0004134432372233053, 0, 0, -0.0018109596595693928, -0.003867293854343952, -0.0020854803350259495, 0, 0, 0, 0, -7.150194575551196e-05, 0, 0, 0, 0, 0, 0, -0.0022590064502802615, 0, 0, 0, -0.001735261569037813, 0.0015233498614279474, 0, 0, 0, 0, 0, 0, 0, 0, 0, 0, 0, 0, 0, 0, 0, 0, 0, 0, 0, 0, 0, 0, 0, 0, 0, 0, 0, 0, 0, 0, 0, 0, 0, 0, 0, 0, 0, 0, -0.0020387110376530898, 0, 0, -0.002665358823695849, 0, 0, 0, 0, 0, 0.005981658463682937, -0.0017320493275573186, 0, 0, 0, 0, -0.0022317966719750627, 0, -0.002097796738948517, 0, 0, 0, 0, 0, 0.002043067715542702, -0.002508834926620367, 0, 0, 0, 0, 0, -0.0037857254880388626, 0, 0, 0, 0, 0.0025588371063674613, 0, 0, 0, 0, 0.001216466638118236, 0.00010767330620202811, 0, 0, 0, 0, 0, 0, 0, 0, 0, 0, 0, 0, 0, 0, 0, 0, 0, 0, 0, 0, 0, 0, 0, 0, 0, 0, 0, 0, 0, 0, 0, 0, -0.0017939188422032646, 0, 0, 0, 0, 0, 0, 0, 0, 0, 0, 0, 0, -0.006311450703293095, 0, 0, 0, 0, -0.0025906983413794744, 0, 0, 0, 0, 0, 0, -0.002001265167634711, 0, 0, 0, 0, 0.0038754391299693153, 0, -0.002206618338439139, 0, 0, 0, 0, 0, 0, 0, 0, 0, 0, 0, 0.00010714729883571889, 0, 0.0009106544659375248, 0, 0, 0, 0, 0, 0, 0, 0, 0, 0, 0, 0, 0, 0, 0, 0, 0, 0, 0, 0, 0, 0, 0, 0, 0, 0, 0, 0, -0.0017279047052909434, 0, 0, 0, 0, 0, 0.001318572486939042, 0, 0, 0, 0, 0, 0, -0.002402957840056828, 0, 0, 0, 0, 0, 0, 0, 0.007082546649926681, 0, 0, 0, 0, 0, 0, 0, 0, 0, 0, 0, 0, 0, -7.613247049881921e-06, 0, 0.005017168002801655, 0, 0, -0.0016817162596206288, 0, 0, 0, 0, 0, -0.002475604388933574, 0, 0, 0, 0, 0.031180646547707563, 0, 0, 0, 0, 0, 0, 0, 0, 0, 0, 0, 0, 0, 0, 0, 0, 0, 0, 0, 0, 0, 0, 0, 0, 0, 0, 0, 0, 0, 0, 0, 0, 0, 0.0010973102068291005, 0, 0.01027209255199603, 0, 0, 0, 0, 0, 0, 0, 0, 0, -0.0021931262614119074, 0, 0, 0, 0, 0, 0, 0, 0, 0, 0, 0, 0, 0, 0, -0.0010800974511615362, 0, 0, -0.0020197178615139473, 0, 0.0035123288977043526, 0, 0, 0, 0, 0, 0, 0, 0, -0.0024295654366002163, 0, 0, 0, 0, 0, 0, 0, 0, 0, 0, 0, 0, 0, 0, 0, 0, 0, 0, 0, 0, 0, 0, 0, 0, 0, 0, 0, 0, 0, 0.00032412061681801616, -0.0004466655683086911, 0, 0, -0.002344210715240667, 0, -0.0020743612619459353, 0, 0, 0, 0, 0, -0.0017385372079972716, 0, 0, 0, 0, -0.004134037344903002, -0.0021103506797764218, 0, 0, 0.001396935571489703, 0, 0, 0, 0, 0, 0.0030720214268895596, 0, 0, 0, 0, 0, 0, 0, 0, 0.009786198441130045, 0.0027986073420983703, 0, 0, 0, 0, 0, 0, 0, 0, 0, 0, 0.010872696115071146, 0, 0, 0, 0, 0, 0, 0, 0, 0, 0, 0, 0, 0, 0, 0, 0, 0, 0, 0, 0, 0, 0, 0, 0, 0, 0, 0, 0, 0, 0, 0, 0, 0, 0, -0.002158724891522723]
Start Date: 2021-12-17
End Date: 2024-03-27
Sharpe Ratio: 0.069
Annualized Sharpe: 1.095
Sharpe 95% CI: (np.float64(0.002), np.float64(1.826))
Sortino Ratio: 0.142
CAGR: 0.036
Calmar Ratio: 1.284
Daily Win Rate (%): 0.411
Max Drawdown: 0.028
Profit Factor: 1.802
Expectancy: 0.000919
Average Win: 0.005024
Average Loss: 0.001943
Total Trades: 112
Total Days: 713

Rolling 6 - Variant 3 - atr_0.25_20 - Test Metrics
Contracts: [3, 4, 4, 3, 3, 3, 3, 3, 3, 3, 2, 1, 2, 1, 1, 2, 2, 2, 2, 2, 2, 2, 1, 2, 1, 2, 2, 1, 1, 1, 2, 2, 2, 2, 2, 2, 2, 2, 2, 2, 2, 2, 3, 2, 2, 3, 2, 3, 4, 3, 3, 2, 2, 3, 3, 5, 3, 3, 3, 3, 3, 4, 4, 4, 4, 3, 3, 5, 3, 3, 4, 5, 5, 5, 5, 4, 3, 3, 4, 4, 4, 5, 3, 5, 4, 4, 3, 5, 4, 5, 4, 3, 4, 3, 4, 4, 5, 3, 4, 5, 5, 5, 3, 4, 4, 4, 4, 4, 4, 4, 6, 7, 8, 5, 5, 5, 5, 6, 5, 5, 6, 6, 6, 7, 7, 6, 6, 7, 7, 6, 6, 7, 5, 4, 4, 4, 6, 3, 3, 3, 3, 5, 5, 5, 4, 4, 6, 6, 6, 5, 5, 3, 7, 7, 7, 5, 8, 5, 1, 4, 4, 5, 3, 5, 5, 6, 6, 6, 7, 6, 6, 7, 7, 7, 6, 4, 7, 8, 7, 6, 7, 5, 7, 7]
Trade Returns: [-0.0023278636970740867, -0.0017335930394878016, 0.0016274976178526292, 0.00021785740869508595, -0.003169134877000904, -0.0012381803846735126, 0.00764795000300815, 0.009216439783755618, -0.002047068073165475, -0.0021620575042757117, 0.001390595692387304, -0.002084791072357681, -0.0008306245145700857, -0.0024939450756280754, 0.000365974140231184, 0.0015642824575093422, -0.002224001583431549, -0.0006059305452112739, -0.0024125604719018815, 0.0005844577530846137, -0.0019987482951852784, -0.0019646899541632765, -0.002004877809598353, -0.001717759706525122, -0.0026904407328352258, -0.002089071578574132, -0.0018989530146336475, -0.0018200847173369952, 0.002561578887448441, -0.002161247369413955, 0.0011483726808183242, -0.0022118167918193997, 0.0005813140641211743, 0.0008383709129417999, -0.0020500837668635933, 0.0005964082967020582, -0.001942690626517728, 0.004703034334922603, -0.002543685025436852, -0.0019091937427002778, -0.002463848505566235, -0.0027347901599398617, -0.002275960170697014, -0.0027698098175611167, -0.0022959197958684653, -0.0025621935347316487, 0.0006997154365831401, -0.0022509848058525615, -0.0018438257134987166, -0.0015297511190891498, -0.0023090396084769925, -0.002741940954986942, 0.04146895922266254, 0.009787058003832092, -0.002166999083607354, 0.007444302785400913, 0.009621812539993996, 0.0006798373347544129, 0.0008386040957140574, 0.0020293477626794126, -0.0004445644062684287, 0.0037557691119759896, -0.0021205402278437853, -0.000429943067784784, 0.008687175310652944, -0.002740295805145397, -0.001974999693323031, 0.0004108824138815121, -0.002285252922385651, -0.0026036260770743707, 0.0003580512136701381, 0.0035668884144008607]
Daily Returns: [-0.0023278636970740867, 0, 0, 0, 0, 0, 0, 0, 0, 0, 0, -0.0017335930394878016, 0.0018453550265477151, 0, 0, -0.004407315261674417, 0, 0, 0, 0, 0, 0, 0, 0, 0.00764795000300815, 0, 0, 0, 0.009216439783755618, -0.002047068073165475, 0, 0, 0, 0, 0, 0, 0, -0.0021620575042757117, 0, 0.001390595692387304, -0.002084791072357681, -0.0008306245145700857, -0.0024939450756280754, 0, 0, 0, 0, 0, 0, 0, 0, 0, 0, 0, 0, 0, 0, 0, 0, 0, 0, 0, 0, 0, 0, 0, 0, 0, 0, 0, 0, 0, 0, 0, 0, 0, 0, 0.000365974140231184, 0.0015642824575093422, 0, 0, 0, 0, 0, 0, 0, 0, 0, 0, 0, 0, -0.002224001583431549, 0, 0, 0, -0.0006059305452112739, -0.0024125604719018815, 0.0005844577530846137, 0, 0, 0, 0, 0, -0.0019987482951852784, 0, 0, 0, -0.0019646899541632765, -0.002004877809598353, 0, 0, 0, 0, 0, 0, 0, 0, -0.001717759706525122, 0, 0, 0, -0.0026904407328352258, 0, 0, 0, 0, 0, 0, 0, 0, 0, 0, 0, 0, 0, 0, 0, 0, 0, 0, 0, 0, 0, 0, 0, 0, 0, 0, 0, 0, 0, 0, 0, 0, 0, 0, 0, 0, 0, 0, -0.002089071578574132, 0, 0, 0, 0, 0, 0, -0.0018989530146336475, 0, 0, -0.0018200847173369952, 0, 0, 0, 0, 0, 0, 0, 0, 0, 0.002561578887448441, -0.002161247369413955, 0, 0.0011483726808183242, 0, 0, 0, -0.0022118167918193997, 0, 0.0005813140641211743, 0, 0, 0, 0, 0, 0, 0.0008383709129417999, 0, 0, 0, 0, 0, 0, 0, 0, 0, 0, 0, 0, 0, 0, 0, 0, 0, 0, 0, 0, 0, 0, 0, 0, 0, 0, 0, 0, 0, 0, 0, -0.0020500837668635933, 0.0005964082967020582, 0, 0, 0, 0, 0, 0, 0, 0, 0, 0, 0, 0, 0, 0, 0, 0, -0.001942690626517728, 0, 0, 0, 0, 0, 0, 0, 0, 0.004703034334922603, 0, 0, 0, 0, 0, -0.002543685025436852, 0, 0, 0, 0, 0, 0, -0.0019091937427002778, 0, 0, 0, 0, 0, 0, -0.002463848505566235, 0, 0, 0, 0, -0.0027347901599398617, -0.002275960170697014, 0, 0, 0, 0, 0, 0, 0, 0, 0, 0, 0, 0, 0, 0, 0, 0, 0, 0, 0, 0, 0, 0, 0, 0, 0, 0, 0, 0, 0, 0, 0, 0, 0, -0.0027698098175611167, 0, -0.0022959197958684653, -0.0025621935347316487, 0, 0, 0, 0, 0, 0, 0, 0, 0.0006997154365831401, 0, 0, 0, 0, 0, 0, 0, 0, -0.0022509848058525615, 0, 0, -0.0018438257134987166, 0, 0, 0, 0, 0, 0, 0, -0.0015297511190891498, 0, 0, 0, -0.0023090396084769925, 0, 0, 0, 0, -0.002741940954986942, 0.04146895922266254, 0, 0, 0, 0, 0, 0, 0, 0, 0, 0, 0, 0, 0, 0, 0, 0, 0, 0, 0, 0, 0, 0, 0, 0, 0, 0, 0, 0, 0, 0, 0, 0, 0, 0, 0, 0, 0, 0.009787058003832092, 0, 0, 0, 0.005277303701793559, 0, 0, 0.009621812539993996, 0, 0, 0.0006798373347544129, 0.0008386040957140574, 0, 0, 0, 0, 0.0020293477626794126, 0, 0, 0.003311204705707561, 0, 0, -0.0021205402278437853, 0, 0, 0, 0, 0, 0, -0.000429943067784784, 0, 0, 0, 0, 0, 0, 0, 0, 0.008687175310652944, 0, -0.002740295805145397, 0, 0, 0, 0, 0, 0, 0, 0, 0, 0, 0, 0, 0, 0, 0, 0, 0, 0, 0, 0, 0, 0, 0, 0, 0, 0, 0, 0, 0, 0, 0, -0.001974999693323031, 0, 0, 0, 0, 0.0004108824138815121, 0, 0, 0, 0, 0, -0.002285252922385651, 0, 0, 0, 0, 0, 0, 0, 0, 0, 0, 0, 0, 0, -0.0026036260770743707, 0, 0, 0, 0, 0, 0, 0, 0, 0, 0.0039249396280709985, 0, 0]
Start Date: 2024-03-28
End Date: 2025-11-06
Sharpe Ratio: 0.027
Annualized Sharpe: 0.422
Sharpe 95% CI: (np.float64(-1.6), np.float64(1.329))
Sortino Ratio: 0.093
CAGR: 0.014
Calmar Ratio: 0.267
Daily Win Rate (%): 0.375
Max Drawdown: 0.053
Profit Factor: 1.318
Expectancy: 0.00041
Average Win: 0.004533
Average Loss: 0.002064
Total Trades: 72
Total Days: 505



Rolling 6 - Variant 4 - atr_0.25_12 - Fit Metrics
Contracts: [3, 4, 4, 3, 3, 3, 3, 3, 3, 3, 2, 1, 2, 1, 1, 2, 2, 2, 2, 2, 2, 2, 1, 2, 1, 2, 2, 1, 1, 1, 2, 2, 2, 2, 2, 2, 2, 2, 2, 2, 2, 2, 3, 2, 2, 3, 2, 3, 3, 3, 3, 2, 2, 3, 3, 5, 3, 3, 3, 3, 3, 4, 4, 4, 4, 3, 3, 5, 3, 3, 3, 5, 5, 5, 5, 4, 3, 3, 4, 4, 4, 5, 3, 5, 4, 4, 3, 5, 4, 5, 4, 3, 4, 3, 4, 4, 5, 3, 4, 5, 5, 5, 3, 4, 4, 4, 4, 4, 3, 4, 6, 7, 8, 5, 5, 5, 5, 6, 5, 5, 6, 6, 6, 7, 7, 6, 6, 7, 7, 6, 6, 6, 5, 4, 4, 4, 6, 3, 3, 3, 3, 4, 5, 5, 4, 4, 6, 6, 6, 5, 5, 3, 7, 7, 6, 5, 8, 5, 1, 4, 4, 5, 3, 5, 5, 6, 6, 6, 7, 5, 5, 7, 7, 6, 6, 4, 7, 8, 7, 6, 6, 5, 7, 7]
Trade Returns: [0.004673999999999995, -0.001879216541883238, 0.004738797709581083, 0.004400826569320462, -0.002021795069428799, -0.0018476601255933607, -0.0017915600261889178, 0.004227560834540777, 0.0009143915733473045, -0.002260161829959899, 0.020647161064900426, -0.001267625501687913, 0.0016971170369967598, -0.001133797816375059, 0.004548087110976795, -0.0024202812666010783, 0.005433766093530946, -0.0027914219526496407, -0.0019757917183008196, 0.0031752493384897156, -0.0017666235987594632, -0.0027992358009149574, -0.0012632755512519236, -0.0028017626623351387, 0.0014691154522108835, 0.006338669385277479, 0.018517301245442205, -0.001140798445021487, -0.001237118103921721, 0.0003120409763077261, 0.004218847482386614, 0.006379343654939635, -0.0020740718434395706, -4.149221078043075e-05, -0.002097329676837709, -0.0019144476478021675, -0.002164518574677785, 0.0007724288343140275, -0.0016670257765278227, -0.001637357585980267, 0.013542721025274127, 0.0015167613391050313, 0.001203324324020385, -0.0004156026987966293, -0.0018204224428870538, -0.002285306865301985, -0.0016022506732461738, -0.002096440007534374, -0.0020725310360578857, 0.0026896719999849033, -0.0022693360447151615, -0.0017432143208270614, 0.0015303436075956515, -0.002048056521064912, -0.002677601945003987, -0.0018362443749523288, 0.007845616903894546, -0.0017400072784618172, -0.0022420757821614355, 0.0006015117742122481, -0.002708980536811886, 0.0020525146165364843, -0.002520411718010853, -0.0025120284962386013, -0.0012911383727086288, 0.002570674463297757, 0.0012220796674115972, 0.0031121518852165126, -0.0030039393432399948, -0.001802185434995855, -0.002012563739133586, -0.002016622320090528, -0.0023080002375037586, -0.0026013069887807832, -0.0020094815191218332, 0.0008595079461221406, 0.003031863496710639, -0.001662603793707625, 0.00010758637649082884, 0.000914385824714562, -0.0017349782360031013, 0.0013239927922372122, -0.002412811935248202, 0.007111622643252523, -7.6442810267186e-06, 0.0050376197055782244, -0.001688537152571121, -0.002485662205172844, 0.026037509595078154, 0.0011073022395419998, 0.010365526074614695, -0.002212848859114677, -0.0021606547170610678, 0.0010708115537254766, -0.0020379607101850047, 0.003544118354315664, -0.002451477337658748, 0.0003270509977827067, -0.00045070256032300727, -0.002365407395224465, -0.002093162397912025, -0.00175427883040676, -0.0019353224147040022, -0.002236251418552344, -0.0021295725776577317, 0.003425034464875668, -0.0020152856816183277, 0.0030999233372252435, 0.00988210624937264, 0.002118087573699951, 0.010978209248644247, -0.0021794465625921775]
Daily Returns: [0.004673999999999995, 0, 0, 0, 0, 0, 0, 0, 0, 0, 0, 0, 0, 0, -0.001879216541883238, 0.004738797709581083, 0, 0, 0, 0, 0, 0, 0, 0, 0, 0, 0, 0, 0, 0, 0, 0.004400826569320462, -0.002021795069428799, 0, -0.0018476601255933607, 0, 0, 0, 0, 0, 0, -0.0017915600261889178, 0, 0, 0, 0, 0, 0.005141952407888081, -0.002260161829959899, 0, 0, 0, 0, 0, 0.020647161064900426, 0, 0, 0, 0, 0, 0, 0, 0, 0, 0, 0, 0, 0, 0, 0, 0, 0, 0, 0, 0, 0, 0, 0, 0, 0, 0, 0, 0, 0, 0, 0, 0, 0, 0, 0, 0, 0, 0, -0.001267625501687913, 0, 0, 0, 0, 0.0016971170369967598, -0.001133797816375059, 0, 0, 0, 0, 0, 0, 0, 0, 0, 0, 0.004548087110976795, 0, 0, -0.0024202812666010783, 0.005433766093530946, 0, -0.0027914219526496407, 0, -0.0019757917183008196, 0.0031752493384897156, 0, 0, -0.0017666235987594632, -0.0027992358009149574, 0, 0, -0.0012632755512519236, 0, 0, 0, 0, -0.0028017626623351387, 0, 0, 0, 0, 0, 0, 0, 0, 0, 0, 0, 0, 0, 0, 0, 0, 0, 0, 0, 0, 0, 0, 0.0014691154522108835, 0, 0, 0, 0, 0, 0, 0, 0, 0, 0, 0, 0, 0, 0.006338669385277479, 0, 0, 0.017376502800420718, 0, 0, 0, 0, 0, -0.001237118103921721, 0, 0, 0, 0, 0.0003120409763077261, 0, 0, 0, 0, 0, 0.004218847482386614, 0.0043052718115000645, -4.149221078043075e-05, 0, 0, 0, -0.002097329676837709, 0, 0, 0, 0, 0, 0, 0, -0.003306537388165925, -0.0016670257765278227, 0, 0, -0.001637357585980267, 0, 0, 0, 0.013542721025274127, 0, 0, 0, 0, 0, 0, 0, 0, 0, 0, 0, 0, 0, 0, 0, 0, 0, 0, 0, 0, 0, 0, 0, 0, 0, 0, 0, 0, 0, 0, 0, 0, 0, 0, 0, 0, 0, 0.0015167613391050313, 0, 0, 0, 0, 0, 0, 0, 0.001203324324020385, 0, 0, 0, 0, 0, 0, -0.0004156026987966293, 0, 0, -0.0018204224428870538, -0.003887557538548159, -0.002096440007534374, 0, 0, 0, 0, 0.0006171409639270176, 0, 0, 0, 0, 0, 0, -0.0022693360447151615, 0, 0, 0, -0.0017432143208270614, 0.0015303436075956515, 0, 0, 0, 0, 0, 0, 0, 0, 0, 0, 0, 0, 0, 0, 0, 0, 0, 0, 0, 0, 0, 0, 0, 0, 0, 0, 0, 0, 0, 0, 0, 0, 0, 0, 0, 0, 0, 0, -0.002048056521064912, 0, 0, -0.002677601945003987, 0, 0, 0, 0, 0, 0.006009372528942217, -0.0017400072784618172, 0, 0, 0, 0, -0.0022420757821614355, 0, -0.002107468762599638, 0, 0, 0, 0, 0, 0.0020525146165364843, -0.002520411718010853, 0, 0, 0, 0, 0, -0.0038031668689472303, 0, 0, 0, 0, 0.002570674463297757, 0, 0, 0, 0, 0.0012220796674115972, 0.00010821254197651781, 0, 0, 0, 0, 0, 0, 0, 0, 0, 0, 0, 0, 0, 0, 0, 0, 0, 0, 0, 0, 0, 0, 0, 0, 0, 0, 0, 0, 0, 0, 0, 0, -0.001802185434995855, 0, 0, 0, 0, 0, 0, 0, 0, 0, 0, 0, 0, -0.006337186296727873, 0, 0, 0, 0, -0.0026013069887807832, 0, 0, 0, 0, 0, 0, -0.0020094815191218332, 0, 0, 0, 0, 0.0038913714428327794, 0, -0.001662603793707625, 0, 0, 0, 0, 0, 0, 0, 0, 0, 0, 0, 0.00010758637649082884, 0, 0.000914385824714562, 0, 0, 0, 0, 0, 0, 0, 0, 0, 0, 0, 0, 0, 0, 0, 0, 0, 0, 0, 0, 0, 0, 0, 0, 0, 0, 0, 0, -0.0017349782360031013, 0, 0, 0, 0, 0, 0.0013239927922372122, 0, 0, 0, 0, 0, 0, -0.002412811935248202, 0, 0, 0, 0, 0, 0, 0, 0.007111622643252523, 0, 0, 0, 0, 0, 0, 0, 0, 0, 0, 0, 0, 0, -7.6442810267186e-06, 0, 0.0050376197055782244, 0, 0, -0.001688537152571121, 0, 0, 0, 0, 0, -0.002485662205172844, 0, 0, 0, 0, 0.026037509595078154, 0, 0, 0, 0, 0, 0, 0, 0, 0, 0, 0, 0, 0, 0, 0, 0, 0, 0, 0, 0, 0, 0, 0, 0, 0, 0, 0, 0, 0, 0, 0, 0, 0, 0.0011073022395419998, 0, 0.010365526074614695, 0, 0, 0, 0, 0, 0, 0, 0, 0, -0.002212848859114677, 0, 0, 0, 0, 0, 0, 0, 0, 0, 0, 0, 0, 0, 0, -0.0010898431633355912, 0, 0, -0.0020379607101850047, 0, 0.003544118354315664, 0, 0, 0, 0, 0, 0, 0, 0, -0.002451477337658748, 0, 0, 0, 0, 0, 0, 0, 0, 0, 0, 0, 0, 0, 0, 0, 0, 0, 0, 0, 0, 0, 0, 0, 0, 0, 0, 0, 0, 0, 0.0003270509977827067, -0.00045070256032300727, 0, 0, -0.002365407395224465, 0, -0.002093162397912025, 0, 0, 0, 0, 0, -0.00175427883040676, 0, 0, 0, 0, -0.004171573833256346, -0.0021295725776577317, 0, 0, 0.0014097487832573402, 0, 0, 0, 0, 0, 0.0030999233372252435, 0, 0, 0, 0, 0, 0, 0, 0, 0.00988210624937264, 0.002118087573699951, 0, 0, 0, 0, 0, 0, 0, 0, 0, 0, 0.010978209248644247, 0, 0, 0, 0, 0, 0, 0, 0, 0, 0, 0, 0, 0, 0, 0, 0, 0, 0, 0, 0, 0, 0, 0, 0, 0, 0, 0, 0, 0, 0, 0, 0, 0, 0, -0.0021794465625921775]
Start Date: 2021-12-17
End Date: 2024-03-27
Sharpe Ratio: 0.068
Annualized Sharpe: 1.083
Sharpe 95% CI: (np.float64(-0.032), np.float64(1.855))
Sortino Ratio: 0.131
CAGR: 0.033
Calmar Ratio: 1.189
Daily Win Rate (%): 0.411
Max Drawdown: 0.028
Profit Factor: 1.729
Expectancy: 0.000831
Average Win: 0.004798
Average Loss: 0.001934
Total Trades: 112
Total Days: 713

Rolling 6 - Variant 4 - atr_0.25_12 - Test Metrics
Contracts: [3, 4, 4, 3, 3, 3, 3, 3, 3, 3, 2, 1, 2, 1, 1, 2, 2, 2, 2, 2, 2, 2, 1, 2, 1, 2, 2, 1, 1, 1, 2, 2, 2, 2, 2, 2, 2, 2, 2, 2, 2, 2, 3, 2, 2, 3, 2, 3, 3, 3, 3, 2, 2, 3, 3, 5, 3, 3, 3, 3, 3, 4, 4, 4, 4, 3, 3, 5, 3, 3, 3, 5, 5, 5, 5, 4, 3, 3, 4, 4, 4, 5, 3, 5, 4, 4, 3, 5, 4, 5, 4, 3, 4, 3, 4, 4, 5, 3, 4, 5, 5, 5, 3, 4, 4, 4, 4, 4, 3, 4, 6, 7, 8, 5, 5, 5, 5, 6, 5, 5, 6, 6, 6, 7, 7, 6, 6, 7, 7, 6, 6, 6, 5, 4, 4, 4, 6, 3, 3, 3, 3, 4, 5, 5, 4, 4, 6, 6, 6, 5, 5, 3, 7, 7, 6, 5, 8, 5, 1, 4, 4, 5, 3, 5, 5, 6, 6, 6, 7, 5, 5, 7, 7, 6, 6, 4, 7, 8, 7, 6, 6, 5, 7, 7]
Trade Returns: [-0.0023502577437160732, -0.0017503441121539875, 0.0016432511034568666, 0.00021996271631961786, -0.003199753695935435, -0.001250181552100398, 0.007722171191055185, 0.009305197319869354, -0.0020668072583344475, -0.0021826869129278064, 0.0014038931735241055, -0.0021046988034732978, -0.000838572901389632, -0.0025178300882512175, 0.0003694859231323562, 0.0015792873193053072, -0.0022453009448066526, -0.0006117466276557002, -0.0020877701485304545, 0.0005900693513607773, -0.002017288435734303, -0.0019829510115977034, -0.0020235494229951475, -0.0017337898000264486, -0.002715591469068752, -0.0021086537822939504, -0.0019167700762276203, -0.0018371945872140147, 0.0020685628492785003, -0.002182675108810055, 0.0011591598586823235, -0.0022337938718043323, 0.0005871030551654179, 0.0008467148947548247, -0.0020704701971028276, 0.000602351401396538, -0.001962037546263955, 0.004750083989697297, -0.0025690669446719805, -0.001928203222960109, -0.0024884279723871986, -0.0023676031104245617, -0.002298721895699227, -0.002796613992091298, -0.002318200322663331, -0.002586924409318928, 0.0007065215337940173, -0.002272864564455722, -0.0018617886794166409, -0.0015447169918869118, -0.0023315767524737475, -0.0027688074337246476, 0.025083867323611484, 0.01004119608255599, -0.0022227096046488924, 0.007636111752482063, 0.009867848193155313, 0.0005808761063874852, 0.0007166026864436584, 0.002081191863047389, -0.0004558981827392607, 0.0033013395402378466, -0.0021756111464893485, -0.00044113313361817264, 0.008913374945964525, -0.0028110181873593847, -0.002026114767626032, 0.0004215380735349831, -0.0020095652424443246, -0.0026703811427787865, 0.00036725596474341686, 0.00365855202359704]
Daily Returns: [-0.0023502577437160732, 0, 0, 0, 0, 0, 0, 0, 0, 0, 0, -0.0017503441121539875, 0.0018632138197764844, 0, 0, -0.0044499352480358335, 0, 0, 0, 0, 0, 0, 0, 0, 0.007722171191055185, 0, 0, 0, 0.009305197319869354, -0.0020668072583344475, 0, 0, 0, 0, 0, 0, 0, -0.0021826869129278064, 0, 0.0014038931735241055, -0.0021046988034732978, -0.000838572901389632, -0.0025178300882512175, 0, 0, 0, 0, 0, 0, 0, 0, 0, 0, 0, 0, 0, 0, 0, 0, 0, 0, 0, 0, 0, 0, 0, 0, 0, 0, 0, 0, 0, 0, 0, 0, 0, 0, 0.0003694859231323562, 0.0015792873193053072, 0, 0, 0, 0, 0, 0, 0, 0, 0, 0, 0, 0, -0.0022453009448066526, 0, 0, 0, -0.0006117466276557002, -0.0020877701485304545, 0.0005900693513607773, 0, 0, 0, 0, 0, -0.002017288435734303, 0, 0, 0, -0.0019829510115977034, -0.0020235494229951475, 0, 0, 0, 0, 0, 0, 0, 0, -0.0017337898000264486, 0, 0, 0, -0.002715591469068752, 0, 0, 0, 0, 0, 0, 0, 0, 0, 0, 0, 0, 0, 0, 0, 0, 0, 0, 0, 0, 0, 0, 0, 0, 0, 0, 0, 0, 0, 0, 0, 0, 0, 0, 0, 0, 0, 0, -0.0021086537822939504, 0, 0, 0, 0, 0, 0, -0.0019167700762276203, 0, 0, -0.0018371945872140147, 0, 0, 0, 0, 0, 0, 0, 0, 0, 0.0020685628492785003, -0.002182675108810055, 0, 0.0011591598586823235, 0, 0, 0, -0.0022337938718043323, 0, 0.0005871030551654179, 0, 0, 0, 0, 0, 0, 0.0008467148947548247, 0, 0, 0, 0, 0, 0, 0, 0, 0, 0, 0, 0, 0, 0, 0, 0, 0, 0, 0, 0, 0, 0, 0, 0, 0, 0, 0, 0, 0, 0, 0, -0.0020704701971028276, 0.000602351401396538, 0, 0, 0, 0, 0, 0, 0, 0, 0, 0, 0, 0, 0, 0, 0, 0, -0.001962037546263955, 0, 0, 0, 0, 0, 0, 0, 0, 0.004750083989697297, 0, 0, 0, 0, 0, -0.0025690669446719805, 0, 0, 0, 0, 0, 0, -0.001928203222960109, 0, 0, 0, 0, 0, 0, -0.0024884279723871986, 0, 0, 0, 0, -0.0023676031104245617, -0.002298721895699227, 0, 0, 0, 0, 0, 0, 0, 0, 0, 0, 0, 0, 0, 0, 0, 0, 0, 0, 0, 0, 0, 0, 0, 0, 0, 0, 0, 0, 0, 0, 0, 0, 0, -0.002796613992091298, 0, -0.002318200322663331, -0.002586924409318928, 0, 0, 0, 0, 0, 0, 0, 0, 0.0007065215337940173, 0, 0, 0, 0, 0, 0, 0, 0, -0.002272864564455722, 0, 0, -0.0018617886794166409, 0, 0, 0, 0, 0, 0, 0, -0.0015447169918869118, 0, 0, 0, -0.0023315767524737475, 0, 0, 0, 0, -0.0027688074337246476, 0.025083867323611484, 0, 0, 0, 0, 0, 0, 0, 0, 0, 0, 0, 0, 0, 0, 0, 0, 0, 0, 0, 0, 0, 0, 0, 0, 0, 0, 0, 0, 0, 0, 0, 0, 0, 0, 0, 0, 0, 0.01004119608255599, 0, 0, 0, 0.0054134021478331705, 0, 0, 0.009867848193155313, 0, 0, 0.0005808761063874852, 0.0007166026864436584, 0, 0, 0, 0, 0.002081191863047389, 0, 0, 0.002845441357498586, 0, 0, -0.0021756111464893485, 0, 0, 0, 0, 0, 0, -0.00044113313361817264, 0, 0, 0, 0, 0, 0, 0, 0, 0.008913374945964525, 0, -0.0028110181873593847, 0, 0, 0, 0, 0, 0, 0, 0, 0, 0, 0, 0, 0, 0, 0, 0, 0, 0, 0, 0, 0, 0, 0, 0, 0, 0, 0, 0, 0, 0, 0, -0.002026114767626032, 0, 0, 0, 0, 0.0004215380735349831, 0, 0, 0, 0, 0, -0.0020095652424443246, 0, 0, 0, 0, 0, 0, 0, 0, 0, 0, 0, 0, 0, -0.0026703811427787865, 0, 0, 0, 0, 0, 0, 0, 0, 0, 0.0040258079883404565, 0, 0]
Start Date: 2024-03-28
End Date: 2025-11-06
Sharpe Ratio: 0.016
Annualized Sharpe: 0.254
Sharpe 95% CI: (np.float64(-1.607), np.float64(1.321))
Sortino Ratio: 0.042
CAGR: 0.006
Calmar Ratio: 0.118
Daily Win Rate (%): 0.375
Max Drawdown: 0.054
Profit Factor: 1.143
Expectancy: 0.000185
Average Win: 0.003934
Average Loss: 0.002065
Total Trades: 72
Total Days: 505



Rolling 7 - Variant 0 - atr_0.25_15 - Fit Metrics
Contracts: [3, 4, 4, 3, 3, 3, 3, 3, 3, 3, 2, 1, 2, 1, 1, 2, 2, 2, 2, 2, 2, 2, 1, 2, 1, 2, 2, 1, 1, 1, 2, 2, 2, 2, 2, 2, 2, 2, 2, 2, 2, 2, 3, 2, 2, 3, 2, 3, 4, 3, 3, 2, 2, 3, 3, 5, 3, 3, 3, 3, 3, 4, 4, 4, 4, 3, 3, 5, 3, 3, 4, 5, 5, 5, 5, 4, 3, 3, 4, 4, 4, 5, 3, 5, 4, 4, 3, 5, 4, 5, 4, 3, 4, 3, 4, 4, 5, 3, 4, 5, 5, 5, 3, 4, 4, 4, 4, 4, 4, 4, 6, 7, 8, 5, 5, 5, 5, 6, 5, 5, 6, 7, 7, 7, 7, 6, 6, 7, 7, 6, 6, 7, 5, 4, 4, 4, 6, 3, 3, 3, 3, 5, 5, 5, 4, 4, 6, 6, 6, 5, 5, 3, 7, 7, 7, 5, 8, 5, 2, 4, 4, 5, 3, 5, 5, 6, 6, 6, 7, 5, 6, 7, 7, 7, 6, 4, 7, 8, 7, 6, 7, 5, 7, 7]
Trade Returns: [0.004673999999999995, -0.001879216541883238, 0.004738797709581083, 0.004400826569320462, -0.002021795069428799, -0.0018476601255933607, -0.0017915600261889178, 0.004227560834540777, 0.0009143915733473045, -0.002260161829959899, 0.02581985163692866, -0.0012612643790868524, 0.0016885593343134932, -0.0011281010747761608, 0.004525209541485245, -0.0024082269000089696, 0.005406556553003612, -0.0027774855339295114, -0.0019658723029366905, 0.003159265152611017, -0.0017577368367289645, -0.0027852214462051363, -0.0012569096241434768, -0.0027876261874475628, 0.0014616822140026842, 0.006306644625027586, 0.023040995968114243, -0.001130051858286608, -0.0012254509791372143, 0.00030909454146579456, 0.004179023487694695, 0.006319376167996337, -0.0020546974635114066, -4.1103824524036384e-05, -0.002077696895412624, -0.0018964735336998838, -0.002144158014306902, 0.0007651712070575915, -0.0016513885144243724, -0.0016219226745542523, 0.013414850190159894, 0.0015026296018031513, 0.0011921297155972233, -0.0004117409222254832, -0.0018035001261707895, -0.0022640246849325234, -0.0015872956729425694, -0.0020768412606594375, -0.002737487308268369, 0.002666251666407326, -0.002249628334470924, -0.0017280415029837753, 0.0015170005444680127, -0.002030226568036021, -0.002654243878614832, -0.0018201268607631288, 0.0077766269472336925, -0.001724824699189068, -0.0022224649773421564, 0.0005962410398745347, -0.0026852572963004155, 0.002034491821380701, -0.002498325329509108, -0.0024900717095480964, -0.0012798199946391204, 0.0025480912016132267, 0.0012113710380430962, 0.0030848329048843155, -0.002977648788210017, -0.0017864142068923924, -0.0019959891024670796, -0.0019999810428337167, -0.0022889163263367833, -0.002579748498319831, -0.0019927847448891938, 0.0008523734883242204, 0.0030066214525883133, -0.002197370706254577, 0.00010669410229295971, 0.0009068031189455368, -0.0017206036578054306, 0.0013129780329410438, -0.0023927869390058584, 0.007052536145440663, -7.581213752336836e-06, 0.004996057738961628, -0.0016746754373392272, -0.00246522241784481, 0.03229942108741637, 0.0010915128000513236, 0.010217881292261467, -0.0021816811266462273, -0.002130155593973821, 0.0010557133683786544, -0.0020091320876957043, 0.0034938829695087743, -0.002416850353350791, 0.00032242022831724127, -0.00044432304470543325, -0.002331911110463359, -0.002063452063999884, -0.001729403137005944, -0.0019078319792112108, -0.0022044256958405205, -0.0020991981209974872, 0.0033760798490693644, -0.0019865777715875406, 0.0030558320646445624, 0.009734587818214476, 0.002783806911039379, 0.010815908307792705, -0.002147570572003719, -0.002315809535453643, -0.0017245769368985436, 0.0016190186756969726, 0.00021672424909566126, -0.003152654567647555, -0.0012317211673093964, 0.007608003728737959, 0.009168664549990279, -0.0020364433247009777, -0.002509443855875524, 0.0016145903178221884, -0.0020743406560057706, -0.0008264521945704564, -0.0024814073482599722, 0.00036413078573323753, 0.001556406279417937, -0.002212821114180496, -0.0006028776642796964, -0.0024003978520299256, 0.0005815122189357366]
Daily Returns: [0.004673999999999995, 0, 0, 0, 0, 0, 0, 0, 0, 0, 0, 0, 0, 0, -0.001879216541883238, 0.004738797709581083, 0, 0, 0, 0, 0, 0, 0, 0, 0, 0, 0, 0, 0, 0, 0, 0.004400826569320462, -0.002021795069428799, 0, -0.0018476601255933607, 0, 0, 0, 0, 0, 0, -0.0017915600261889178, 0, 0, 0, 0, 0, 0.005141952407888081, -0.002260161829959899, 0, 0, 0, 0, 0, 0.02581985163692866, 0, 0, 0, 0, 0, 0, 0, 0, 0, 0, 0, 0, 0, 0, 0, 0, 0, 0, 0, 0, 0, 0, 0, 0, 0, 0, 0, 0, 0, 0, 0, 0, 0, 0, 0, 0, 0, 0, -0.0012612643790868524, 0, 0, 0, 0, 0.0016885593343134932, -0.0011281010747761608, 0, 0, 0, 0, 0, 0, 0, 0, 0, 0, 0.004525209541485245, 0, 0, -0.0024082269000089696, 0.005406556553003612, 0, -0.0027774855339295114, 0, -0.0019658723029366905, 0.003159265152611017, 0, 0, -0.0017577368367289645, -0.0027852214462051363, 0, 0, -0.0012569096241434768, 0, 0, 0, 0, -0.0027876261874475628, 0, 0, 0, 0, 0, 0, 0, 0, 0, 0, 0, 0, 0, 0, 0, 0, 0, 0, 0, 0, 0, 0, 0.0014616822140026842, 0, 0, 0, 0, 0, 0, 0, 0, 0, 0, 0, 0, 0, 0.006306644625027586, 0, 0, 0.021910944109827635, 0, 0, 0, 0, 0, -0.0012254509791372143, 0, 0, 0, 0, 0.00030909454146579456, 0, 0, 0, 0, 0, 0.004179023487694695, 0.0042646787044849305, -4.1103824524036384e-05, 0, 0, 0, -0.002077696895412624, 0, 0, 0, 0, 0, 0, 0, -0.0032754603409491947, -0.0016513885144243724, 0, 0, -0.0016219226745542523, 0, 0, 0, 0.013414850190159894, 0, 0, 0, 0, 0, 0, 0, 0, 0, 0, 0, 0, 0, 0, 0, 0, 0, 0, 0, 0, 0, 0, 0, 0, 0, 0, 0, 0, 0, 0, 0, 0, 0, 0, 0, 0, 0, 0.0015026296018031513, 0, 0, 0, 0, 0, 0, 0, 0.0011921297155972233, 0, 0, 0, 0, 0, 0, -0.0004117409222254832, 0, 0, -0.0018035001261707895, -0.0038513203578750925, -0.0020768412606594375, 0, 0, 0, 0, -7.123564186104284e-05, 0, 0, 0, 0, 0, 0, -0.002249628334470924, 0, 0, 0, -0.0017280415029837753, 0.0015170005444680127, 0, 0, 0, 0, 0, 0, 0, 0, 0, 0, 0, 0, 0, 0, 0, 0, 0, 0, 0, 0, 0, 0, 0, 0, 0, 0, 0, 0, 0, 0, 0, 0, 0, 0, 0, 0, 0, 0, -0.002030226568036021, 0, 0, -0.002654243878614832, 0, 0, 0, 0, 0, 0.005956500086470563, -0.001724824699189068, 0, 0, 0, 0, -0.0022224649773421564, 0, -0.002089016256425881, 0, 0, 0, 0, 0, 0.002034491821380701, -0.002498325329509108, 0, 0, 0, 0, 0, -0.003769891704187217, 0, 0, 0, 0, 0.0025480912016132267, 0, 0, 0, 0, 0.0012113710380430962, 0.00010718411667429845, 0, 0, 0, 0, 0, 0, 0, 0, 0, 0, 0, 0, 0, 0, 0, 0, 0, 0, 0, 0, 0, 0, 0, 0, 0, 0, 0, 0, 0, 0, 0, 0, -0.0017864142068923924, 0, 0, 0, 0, 0, 0, 0, 0, 0, 0, 0, 0, -0.00628488647163758, 0, 0, 0, 0, -0.002579748498319831, 0, 0, 0, 0, 0, 0, -0.0019927847448891938, 0, 0, 0, 0, 0.003858994940912534, 0, -0.002197370706254577, 0, 0, 0, 0, 0, 0, 0, 0, 0, 0, 0, 0.00010669410229295971, 0, 0.0009068031189455368, 0, 0, 0, 0, 0, 0, 0, 0, 0, 0, 0, 0, 0, 0, 0, 0, 0, 0, 0, 0, 0, 0, 0, 0, 0, 0, 0, 0, -0.0017206036578054306, 0, 0, 0, 0, 0, 0.0013129780329410438, 0, 0, 0, 0, 0, 0, -0.0023927869390058584, 0, 0, 0, 0, 0, 0, 0, 0.007052536145440663, 0, 0, 0, 0, 0, 0, 0, 0, 0, 0, 0, 0, 0, -7.581213752336836e-06, 0, 0.004996057738961628, 0, 0, -0.0016746754373392272, 0, 0, 0, 0, 0, -0.00246522241784481, 0, 0, 0, 0, 0.03229942108741637, 0, 0, 0, 0, 0, 0, 0, 0, 0, 0, 0, 0, 0, 0, 0, 0, 0, 0, 0, 0, 0, 0, 0, 0, 0, 0, 0, 0, 0, 0, 0, 0, 0, 0.0010915128000513236, 0, 0.010217881292261467, 0, 0, 0, 0, 0, 0, 0, 0, 0, -0.0021816811266462273, 0, 0, 0, 0, 0, 0, 0, 0, 0, 0, 0, 0, 0, 0, -0.0010744422255951666, 0, 0, -0.0020091320876957043, 0, 0.0034938829695087743, 0, 0, 0, 0, 0, 0, 0, 0, -0.002416850353350791, 0, 0, 0, 0, 0, 0, 0, 0, 0, 0, 0, 0, 0, 0, 0, 0, 0, 0, 0, 0, 0, 0, 0, 0, 0, 0, 0, 0, 0, 0.00032242022831724127, -0.00044432304470543325, 0, 0, -0.002331911110463359, 0, -0.002063452063999884, 0, 0, 0, 0, 0, -0.001729403137005944, 0, 0, 0, 0, -0.004112257675051731, -0.0020991981209974872, 0, 0, 0.0013895020774818238, 0, 0, 0, 0, 0, 0.0030558320646445624, 0, 0, 0, 0, 0, 0, 0, 0, 0.009734587818214476, 0.002783806911039379, 0, 0, 0, 0, 0, 0, 0, 0, 0, 0, 0.010815908307792705, 0, 0, 0, 0, 0, 0, 0, 0, 0, 0, 0, 0, 0, 0, 0, 0, 0, 0, 0, 0, 0, 0, 0, 0, 0, 0, 0, 0, 0, 0, 0, 0, 0, 0, -0.002147570572003719, -0.002315809535453643, 0, 0, 0, 0, 0, 0, 0, 0, 0, 0, -0.0017245769368985436, 0.001835742924792634, 0, 0, -0.0043843757349569515, 0, 0, 0, 0, 0, 0, 0, 0, 0.007608003728737959, 0, 0, 0, 0.009168664549990279, -0.0020364433247009777, 0, 0, 0, 0, 0, 0, 0, -0.002509443855875524, 0, 0.0016145903178221884, -0.0020743406560057706, -0.0008264521945704564, -0.0024814073482599722, 0, 0, 0, 0, 0, 0, 0, 0, 0, 0, 0, 0, 0, 0, 0, 0, 0, 0, 0, 0, 0, 0, 0, 0, 0, 0, 0, 0, 0, 0, 0, 0, 0, 0, 0.00036413078573323753, 0.001556406279417937, 0, 0, 0, 0, 0, 0, 0, 0, 0, 0, 0, 0, -0.002212821114180496, 0, 0, 0, -0.0006028776642796964, -0.0024003978520299256, 0.0005815122189357366, 0, 0, 0]
Start Date: 2021-12-17
End Date: 2024-07-23
Sharpe Ratio: 0.063
Annualized Sharpe: 0.998
Sharpe 95% CI: (np.float64(-0.003), np.float64(1.721))
Sortino Ratio: 0.132
CAGR: 0.033
Calmar Ratio: 1.175
Daily Win Rate (%): 0.409
Max Drawdown: 0.028
Profit Factor: 1.709
Expectancy: 0.000813
Average Win: 0.004791
Average Loss: 0.00194
Total Trades: 132
Total Days: 814

Rolling 7 - Variant 0 - atr_0.25_15 - Test Metrics
Contracts: [3, 4, 4, 3, 3, 3, 3, 3, 3, 3, 2, 1, 2, 1, 1, 2, 2, 2, 2, 2, 2, 2, 1, 2, 1, 2, 2, 1, 1, 1, 2, 2, 2, 2, 2, 2, 2, 2, 2, 2, 2, 2, 3, 2, 2, 3, 2, 3, 4, 3, 3, 2, 2, 3, 3, 5, 3, 3, 3, 3, 3, 4, 4, 4, 4, 3, 3, 5, 3, 3, 4, 5, 5, 5, 5, 4, 3, 3, 4, 4, 4, 5, 3, 5, 4, 4, 3, 5, 4, 5, 4, 3, 4, 3, 4, 4, 5, 3, 4, 5, 5, 5, 3, 4, 4, 4, 4, 4, 4, 4, 6, 7, 8, 5, 5, 5, 5, 6, 5, 5, 6, 7, 7, 7, 7, 6, 6, 7, 7, 6, 6, 7, 5, 4, 4, 4, 6, 3, 3, 3, 3, 5, 5, 5, 4, 4, 6, 6, 6, 5, 5, 3, 7, 7, 7, 5, 8, 5, 2, 4, 4, 5, 3, 5, 5, 6, 6, 6, 7, 5, 6, 7, 7, 7, 6, 4, 7, 8, 7, 6, 7, 5, 7, 7]
Trade Returns: [-0.0019886476116432175, -0.0019547416008323885, -0.001994706078975184, -0.0017090272484842346, -0.0026767401077587385, -0.002078404774330338, -0.0018892478500250269, -0.001810765025429123, 0.0025484386018114857, -0.0021501888704037447, 0.0011424968749886057, -0.0022004751565441777, 0.0005783266593949053, 0.0008340649692712911, -0.002039563138734156, 0.0005933413910559032, -0.001932706667838005, 0.004678756057564358, -0.002530587096206321, -0.0018993838896381116, -0.002451164624029481, -0.0027206448499316623, -0.002264214747536381, -0.0027554075799632997, -0.002283948668717889, -0.0025489048020997077, 0.001392117414309397, -0.0022376728202669234, -0.0018328971509998053, -0.0015206465647041665, -0.0022953285398911315, -0.002725597008774363, 0.03088999629958696, 0.009828394841277078, -0.0021760625897670935, 0.007475506594865112, 0.009661844419714901, 0.0005688656286054338, 0.0008421531403961284, 0.0020379289103648226, -0.00044644043474801806, 0.0037716252550012773, -0.0021294591067925524, -0.0004317552443221836, 0.008723806893719368, -0.0027517509946140815, -0.0019832785160078924, 0.0004126081774003647, -0.0022948473450625545, -0.002614582302811031, 0.00035956186589581235, 0.0035819320477567447]
Daily Returns: [0, 0, -0.0019886476116432175, 0, 0, 0, -0.0019547416008323885, -0.001994706078975184, 0, 0, 0, 0, 0, 0, 0, 0, -0.0017090272484842346, 0, 0, 0, -0.0026767401077587385, 0, 0, 0, 0, 0, 0, 0, 0, 0, 0, 0, 0, 0, 0, 0, 0, 0, 0, 0, 0, 0, 0, 0, 0, 0, 0, 0, 0, 0, 0, 0, 0, 0, 0, 0, 0, 0, 0, -0.002078404774330338, 0, 0, 0, 0, 0, 0, -0.0018892478500250269, 0, 0, -0.001810765025429123, 0, 0, 0, 0, 0, 0, 0, 0, 0, 0.0025484386018114857, -0.0021501888704037447, 0, 0.0011424968749886057, 0, 0, 0, -0.0022004751565441777, 0, 0.0005783266593949053, 0, 0, 0, 0, 0, 0, 0.0008340649692712911, 0, 0, 0, 0, 0, 0, 0, 0, 0, 0, 0, 0, 0, 0, 0, 0, 0, 0, 0, 0, 0, 0, 0, 0, 0, 0, 0, 0, 0, 0, 0, -0.002039563138734156, 0.0005933413910559032, 0, 0, 0, 0, 0, 0, 0, 0, 0, 0, 0, 0, 0, 0, 0, 0, -0.001932706667838005, 0, 0, 0, 0, 0, 0, 0, 0, 0.004678756057564358, 0, 0, 0, 0, 0, -0.002530587096206321, 0, 0, 0, 0, 0, 0, -0.0018993838896381116, 0, 0, 0, 0, 0, 0, -0.002451164624029481, 0, 0, 0, 0, -0.0027206448499316623, -0.002264214747536381, 0, 0, 0, 0, 0, 0, 0, 0, 0, 0, 0, 0, 0, 0, 0, 0, 0, 0, 0, 0, 0, 0, 0, 0, 0, 0, 0, 0, 0, 0, 0, 0, 0, -0.0027554075799632997, 0, -0.002283948668717889, -0.0025489048020997077, 0, 0, 0, 0, 0, 0, 0, 0, 0.001392117414309397, 0, 0, 0, 0, 0, 0, 0, 0, -0.0022376728202669234, 0, 0, -0.0018328971509998053, 0, 0, 0, 0, 0, 0, 0, -0.0015206465647041665, 0, 0, 0, -0.0022953285398911315, 0, 0, 0, 0, -0.002725597008774363, 0.03088999629958696, 0, 0, 0, 0, 0, 0, 0, 0, 0, 0, 0, 0, 0, 0, 0, 0, 0, 0, 0, 0, 0, 0, 0, 0, 0, 0, 0, 0, 0, 0, 0, 0, 0, 0, 0, 0, 0, 0.009828394841277078, 0, 0, 0, 0.005299444005098018, 0, 0, 0.009661844419714901, 0, 0, 0.0005688656286054338, 0.0008421531403961284, 0, 0, 0, 0, 0.0020379289103648226, 0, 0, 0.003325184820253259, 0, 0, -0.0021294591067925524, 0, 0, 0, 0, 0, 0, -0.0004317552443221836, 0, 0, 0, 0, 0, 0, 0, 0, 0.008723806893719368, 0, -0.0027517509946140815, 0, 0, 0, 0, 0, 0, 0, 0, 0, 0, 0, 0, 0, 0, 0, 0, 0, 0, 0, 0, 0, 0, 0, 0, 0, 0, 0, 0, 0, 0, 0, -0.0019832785160078924, 0, 0, 0, 0, 0.0004126081774003647, 0, 0, 0, 0, 0, -0.0022948473450625545, 0, 0, 0, 0, 0, 0, 0, 0, 0, 0, 0, 0, 0, -0.002614582302811031, 0, 0, 0, 0, 0, 0, 0, 0, 0, 0.003941493913652557, 0, 0]
Start Date: 2024-07-24
End Date: 2025-11-06
Sharpe Ratio: 0.027
Annualized Sharpe: 0.425
Sharpe 95% CI: (np.float64(-1.857), np.float64(1.462))
Sortino Ratio: 0.11
CAGR: 0.012
Calmar Ratio: 0.298
Daily Win Rate (%): 0.365
Max Drawdown: 0.042
Profit Factor: 1.297
Expectancy: 0.000396
Average Win: 0.004733
Average Loss: 0.002101
Total Trades: 52
Total Days: 404



Rolling 7 - Variant 1 - atr_0.25_13 - Fit Metrics
Contracts: [3, 4, 4, 3, 3, 3, 3, 3, 3, 3, 2, 1, 2, 1, 1, 2, 2, 2, 2, 2, 2, 2, 1, 2, 1, 2, 2, 1, 1, 1, 2, 2, 2, 2, 2, 2, 2, 2, 2, 2, 2, 2, 3, 2, 2, 3, 2, 3, 3, 3, 3, 2, 2, 3, 3, 5, 3, 3, 3, 3, 3, 4, 4, 4, 4, 3, 3, 5, 3, 3, 3, 5, 5, 5, 5, 4, 3, 3, 4, 4, 4, 5, 3, 5, 4, 4, 3, 5, 4, 5, 4, 3, 4, 3, 4, 4, 5, 3, 4, 5, 5, 5, 3, 4, 4, 4, 4, 4, 3, 4, 6, 7, 8, 5, 5, 5, 5, 6, 5, 5, 6, 6, 6, 7, 7, 6, 6, 7, 7, 6, 6, 7, 5, 4, 4, 4, 6, 3, 3, 3, 3, 5, 5, 5, 4, 4, 6, 6, 6, 5, 5, 3, 7, 7, 6, 5, 8, 5, 1, 4, 4, 5, 3, 5, 5, 6, 6, 6, 7, 5, 6, 7, 7, 7, 6, 4, 7, 8, 7, 6, 6, 5, 7, 7]
Trade Returns: [0.004673999999999995, -0.001879216541883238, 0.004738797709581083, 0.004400826569320462, -0.002021795069428799, -0.0018476601255933607, -0.0017915600261889178, 0.004227560834540777, 0.0009143915733473045, -0.002260161829959899, 0.022371391255576505, -0.001265498010120126, 0.0016942548477206036, -0.0011318925204310466, 0.004540435595622755, -0.002416249758279294, 0.005424665867147642, -0.0027867609661539057, -0.001972474142639603, 0.003169903335365317, -0.0017636513771757724, -0.0027945487054041418, -0.00126114642278045, -0.0027970346002102625, 0.0014666293201375609, 0.006327958388526548, 0.02003026349311737, -0.0011371936105234873, -0.001233204456206087, 0.00031105260961760296, 0.004205488750602019, 0.006359228433756778, -0.002067573246878001, -4.1361935738592554e-05, -0.002090744320019252, -0.0019084185395695109, -0.0021576888922478117, 0.0007699943760214816, -0.0016617805545297642, -0.0016321800775569548, 0.013499827411591076, 0.0015120213180035288, 0.0011995695002914913, -0.00041430741610275326, -0.0018147464955975581, -0.0022781684872063427, -0.0015972344597710618, -0.0020898661208855157, -0.0020660185113753307, 0.002681202732488783, -0.002262209443361081, -0.0017377275348770575, 0.001525518449710751, -0.0020416088556433594, -0.002669155107569027, -0.0018304156925357802, 0.007820667355997473, -0.0017345168860320363, -0.0022349839384205087, 0.0005996057023261002, -0.00270040145715483, 0.0020459969005809106, -0.0025124245466155316, -0.002504088307440718, -0.0012870452629900637, 0.00256250749062602, 0.0012182070724320955, 0.003102272338451826, -0.0029944318728844705, -0.0017964820787647474, -0.0020061725460516428, -0.0020102053648665638, -0.0023006413156995377, -0.00259299375002392, -0.0020030429368753677, 0.0008567567826578839, 0.003022129601682529, -0.0016573327005220688, 0.00010724230249222359, 0.0009114618239193819, -0.0017294352169637697, 0.0013197452718733003, -0.0024050899752783577, 0.007088837814297389, -7.619962014504524e-06, 0.005021593231898125, -0.0016831921511688518, -0.002477780667994479, 0.02812461932025825, 0.001101541788237343, 0.010311661460905017, -0.002201479233139211, -0.0021495287712501904, 0.0010653038587062871, -0.0020274439514588786, 0.0035257920150748006, -0.0024388454908864203, 0.00032536166614584457, -0.0004483752827612359, -0.002353187742097978, -0.002082323652063989, -0.0017452039108767814, -0.0019252934504983825, -0.0022246406669487514, -0.0021184910565974157, 0.0034071739941320825, -0.0020048122892773993, 0.003083837919388098, 0.009830754208953489, 0.0021070578097347227, 0.010921716709274259, -0.002168352559271928, -0.0023382682654515437, -0.0017413756320464185, 0.0016348166630743126, 0.0002188355396211201, -0.0031833604690807474, -0.0012437560701697918, 0.0076824325932925855, 0.009257677475165652, -0.002056239047797551, -0.0021716425973277646, 0.001396774065478754, -0.002094040813972768, -0.0008343175390883154, -0.0025050426182575327, 0.00036760578173269823, 0.0015712540163822896, -0.002233897772066519, -0.000608632804221322, -0.0024233262826682334, 0.0005870650011414908]
Daily Returns: [0.004673999999999995, 0, 0, 0, 0, 0, 0, 0, 0, 0, 0, 0, 0, 0, -0.001879216541883238, 0.004738797709581083, 0, 0, 0, 0, 0, 0, 0, 0, 0, 0, 0, 0, 0, 0, 0, 0.004400826569320462, -0.002021795069428799, 0, -0.0018476601255933607, 0, 0, 0, 0, 0, 0, -0.0017915600261889178, 0, 0, 0, 0, 0, 0.005141952407888081, -0.002260161829959899, 0, 0, 0, 0, 0, 0.022371391255576505, 0, 0, 0, 0, 0, 0, 0, 0, 0, 0, 0, 0, 0, 0, 0, 0, 0, 0, 0, 0, 0, 0, 0, 0, 0, 0, 0, 0, 0, 0, 0, 0, 0, 0, 0, 0, 0, 0, -0.001265498010120126, 0, 0, 0, 0, 0.0016942548477206036, -0.0011318925204310466, 0, 0, 0, 0, 0, 0, 0, 0, 0, 0, 0.004540435595622755, 0, 0, -0.002416249758279294, 0.005424665867147642, 0, -0.0027867609661539057, 0, -0.001972474142639603, 0.003169903335365317, 0, 0, -0.0017636513771757724, -0.0027945487054041418, 0, 0, -0.00126114642278045, 0, 0, 0, 0, -0.0027970346002102625, 0, 0, 0, 0, 0, 0, 0, 0, 0, 0, 0, 0, 0, 0, 0, 0, 0, 0, 0, 0, 0, 0, 0.0014666293201375609, 0, 0, 0, 0, 0, 0, 0, 0, 0, 0, 0, 0, 0, 0.006327958388526548, 0, 0, 0.018893069882593882, 0, 0, 0, 0, 0, -0.001233204456206087, 0, 0, 0, 0, 0.00031105260961760296, 0, 0, 0, 0, 0, 0.004205488750602019, 0.0042916551868787765, -4.1361935738592554e-05, 0, 0, 0, -0.002090744320019252, 0, 0, 0, 0, 0, 0, 0, -0.003296113055795841, -0.0016617805545297642, 0, 0, -0.0016321800775569548, 0, 0, 0, 0.013499827411591076, 0, 0, 0, 0, 0, 0, 0, 0, 0, 0, 0, 0, 0, 0, 0, 0, 0, 0, 0, 0, 0, 0, 0, 0, 0, 0, 0, 0, 0, 0, 0, 0, 0, 0, 0, 0, 0, 0.0015120213180035288, 0, 0, 0, 0, 0, 0, 0, 0.0011995695002914913, 0, 0, 0, 0, 0, 0, -0.00041430741610275326, 0, 0, -0.0018147464955975581, -0.0038754029469774045, -0.0020898661208855157, 0, 0, 0, 0, 0.0006151842211134522, 0, 0, 0, 0, 0, 0, -0.002262209443361081, 0, 0, 0, -0.0017377275348770575, 0.001525518449710751, 0, 0, 0, 0, 0, 0, 0, 0, 0, 0, 0, 0, 0, 0, 0, 0, 0, 0, 0, 0, 0, 0, 0, 0, 0, 0, 0, 0, 0, 0, 0, 0, 0, 0, 0, 0, 0, 0, -0.0020416088556433594, 0, 0, -0.002669155107569027, 0, 0, 0, 0, 0, 0.005990251663461692, -0.0017345168860320363, 0, 0, 0, 0, -0.0022349839384205087, 0, -0.00210079575482873, 0, 0, 0, 0, 0, 0.0020459969005809106, -0.0025124245466155316, 0, 0, 0, 0, 0, -0.003791133570430782, 0, 0, 0, 0, 0.00256250749062602, 0, 0, 0, 0, 0.0012182070724320955, 0.00010784046556735561, 0, 0, 0, 0, 0, 0, 0, 0, 0, 0, 0, 0, 0, 0, 0, 0, 0, 0, 0, 0, 0, 0, 0, 0, 0, 0, 0, 0, 0, 0, 0, 0, -0.0017964820787647474, 0, 0, 0, 0, 0, 0, 0, 0, 0, 0, 0, 0, -0.006317019226617745, 0, 0, 0, 0, -0.00259299375002392, 0, 0, 0, 0, 0, 0, -0.0020030429368753677, 0, 0, 0, 0, 0.003878886384340413, 0, -0.0016573327005220688, 0, 0, 0, 0, 0, 0, 0, 0, 0, 0, 0, 0.00010724230249222359, 0, 0.0009114618239193819, 0, 0, 0, 0, 0, 0, 0, 0, 0, 0, 0, 0, 0, 0, 0, 0, 0, 0, 0, 0, 0, 0, 0, 0, 0, 0, 0, 0, -0.0017294352169637697, 0, 0, 0, 0, 0, 0.0013197452718733003, 0, 0, 0, 0, 0, 0, -0.0024050899752783577, 0, 0, 0, 0, 0, 0, 0, 0.007088837814297389, 0, 0, 0, 0, 0, 0, 0, 0, 0, 0, 0, 0, 0, -7.619962014504524e-06, 0, 0.005021593231898125, 0, 0, -0.0016831921511688518, 0, 0, 0, 0, 0, -0.002477780667994479, 0, 0, 0, 0, 0.02812461932025825, 0, 0, 0, 0, 0, 0, 0, 0, 0, 0, 0, 0, 0, 0, 0, 0, 0, 0, 0, 0, 0, 0, 0, 0, 0, 0, 0, 0, 0, 0, 0, 0, 0, 0.001101541788237343, 0, 0.010311661460905017, 0, 0, 0, 0, 0, 0, 0, 0, 0, -0.002201479233139211, 0, 0, 0, 0, 0, 0, 0, 0, 0, 0, 0, 0, 0, 0, -0.0010842249125439032, 0, 0, -0.0020274439514588786, 0, 0.0035257920150748006, 0, 0, 0, 0, 0, 0, 0, 0, -0.0024388454908864203, 0, 0, 0, 0, 0, 0, 0, 0, 0, 0, 0, 0, 0, 0, 0, 0, 0, 0, 0, 0, 0, 0, 0, 0, 0, 0, 0, 0, 0, 0.00032536166614584457, -0.0004483752827612359, 0, 0, -0.002353187742097978, 0, -0.002082323652063989, 0, 0, 0, 0, 0, -0.0017452039108767814, 0, 0, 0, 0, -0.004149934117447134, -0.0021184910565974157, 0, 0, 0.0014023617048546833, 0, 0, 0, 0, 0, 0.003083837919388098, 0, 0, 0, 0, 0, 0, 0, 0, 0.009830754208953489, 0.0021070578097347227, 0, 0, 0, 0, 0, 0, 0, 0, 0, 0, 0.010921716709274259, 0, 0, 0, 0, 0, 0, 0, 0, 0, 0, 0, 0, 0, 0, 0, 0, 0, 0, 0, 0, 0, 0, 0, 0, 0, 0, 0, 0, 0, 0, 0, 0, 0, 0, -0.002168352559271928, -0.0023382682654515437, 0, 0, 0, 0, 0, 0, 0, 0, 0, 0, -0.0017413756320464185, 0.0018536522026954326, 0, 0, -0.004427116539250539, 0, 0, 0, 0, 0, 0, 0, 0, 0.0076824325932925855, 0, 0, 0, 0.009257677475165652, -0.002056239047797551, 0, 0, 0, 0, 0, 0, 0, -0.0021716425973277646, 0, 0.001396774065478754, -0.002094040813972768, -0.0008343175390883154, -0.0025050426182575327, 0, 0, 0, 0, 0, 0, 0, 0, 0, 0, 0, 0, 0, 0, 0, 0, 0, 0, 0, 0, 0, 0, 0, 0, 0, 0, 0, 0, 0, 0, 0, 0, 0, 0, 0.00036760578173269823, 0.0015712540163822896, 0, 0, 0, 0, 0, 0, 0, 0, 0, 0, 0, 0, -0.002233897772066519, 0, 0, 0, -0.000608632804221322, -0.0024233262826682334, 0.0005870650011414908, 0, 0, 0]
Start Date: 2021-12-17
End Date: 2024-07-23
Sharpe Ratio: 0.062
Annualized Sharpe: 0.982
Sharpe 95% CI: (np.float64(-0.047), np.float64(1.732))
Sortino Ratio: 0.122
CAGR: 0.03
Calmar Ratio: 1.093
Daily Win Rate (%): 0.409
Max Drawdown: 0.028
Profit Factor: 1.647
Expectancy: 0.000739
Average Win: 0.004597
Average Loss: 0.001932
Total Trades: 132
Total Days: 814

Rolling 7 - Variant 1 - atr_0.25_13 - Test Metrics
Contracts: [3, 4, 4, 3, 3, 3, 3, 3, 3, 3, 2, 1, 2, 1, 1, 2, 2, 2, 2, 2, 2, 2, 1, 2, 1, 2, 2, 1, 1, 1, 2, 2, 2, 2, 2, 2, 2, 2, 2, 2, 2, 2, 3, 2, 2, 3, 2, 3, 3, 3, 3, 2, 2, 3, 3, 5, 3, 3, 3, 3, 3, 4, 4, 4, 4, 3, 3, 5, 3, 3, 3, 5, 5, 5, 5, 4, 3, 3, 4, 4, 4, 5, 3, 5, 4, 4, 3, 5, 4, 5, 4, 3, 4, 3, 4, 4, 5, 3, 4, 5, 5, 5, 3, 4, 4, 4, 4, 4, 3, 4, 6, 7, 8, 5, 5, 5, 5, 6, 5, 5, 6, 6, 6, 7, 7, 6, 6, 7, 7, 6, 6, 7, 5, 4, 4, 4, 6, 3, 3, 3, 3, 5, 5, 5, 4, 4, 6, 6, 6, 5, 5, 3, 7, 7, 6, 5, 8, 5, 1, 4, 4, 5, 3, 5, 5, 6, 6, 6, 7, 5, 6, 7, 7, 7, 6, 4, 7, 8, 7, 6, 6, 5, 7, 7]
Trade Returns: [-0.0020076891770109606, -0.001973496164972629, -0.002013881921579001, -0.0017254899093569452, -0.002702569088542097, -0.002098514516102382, -0.0019075447253080473, -0.001828335331061264, 0.002573212032671486, -0.002171037259047063, 0.0011535744248686304, -0.0022218575466636196, 0.0005839588715549455, 0.0008421830270569772, -0.0020593977553302616, 0.0005991235045026471, -0.001951529622223784, 0.004724529310645724, -0.0025552810994374695, -0.0019178785823957974, -0.002475077982543019, -0.002354840629743164, -0.002286359047449375, -0.002781464381180255, -0.0023056073119617922, -0.0025729467698331326, 0.0007026746728993, -0.002260497985453209, -0.0018516357997975256, -0.0015362579552841236, -0.0023188383939310546, -0.0027536218170118964, 0.027033438342126258, 0.009967016824191367, -0.002206451400437998, 0.00758013322991783, 0.009796053553457848, 0.0005766908756690775, 0.0008537310206948329, 0.002065922358750623, -0.0004525601976898599, 0.003823349743073837, -0.002158551515281688, -0.00043766659133064506, 0.008843300589673057, -0.0027891125001334107, -0.0020102815107613404, 0.00041823729068028704, -0.001993836258877129, -0.0026494381579960247, 0.0003643680368460342, 0.0036297933727114304]
Daily Returns: [0, 0, -0.0020076891770109606, 0, 0, 0, -0.001973496164972629, -0.002013881921579001, 0, 0, 0, 0, 0, 0, 0, 0, -0.0017254899093569452, 0, 0, 0, -0.002702569088542097, 0, 0, 0, 0, 0, 0, 0, 0, 0, 0, 0, 0, 0, 0, 0, 0, 0, 0, 0, 0, 0, 0, 0, 0, 0, 0, 0, 0, 0, 0, 0, 0, 0, 0, 0, 0, 0, 0, -0.002098514516102382, 0, 0, 0, 0, 0, 0, -0.0019075447253080473, 0, 0, -0.001828335331061264, 0, 0, 0, 0, 0, 0, 0, 0, 0, 0.002573212032671486, -0.002171037259047063, 0, 0.0011535744248686304, 0, 0, 0, -0.0022218575466636196, 0, 0.0005839588715549455, 0, 0, 0, 0, 0, 0, 0.0008421830270569772, 0, 0, 0, 0, 0, 0, 0, 0, 0, 0, 0, 0, 0, 0, 0, 0, 0, 0, 0, 0, 0, 0, 0, 0, 0, 0, 0, 0, 0, 0, 0, -0.0020593977553302616, 0.0005991235045026471, 0, 0, 0, 0, 0, 0, 0, 0, 0, 0, 0, 0, 0, 0, 0, 0, -0.001951529622223784, 0, 0, 0, 0, 0, 0, 0, 0, 0.004724529310645724, 0, 0, 0, 0, 0, -0.0025552810994374695, 0, 0, 0, 0, 0, 0, -0.0019178785823957974, 0, 0, 0, 0, 0, 0, -0.002475077982543019, 0, 0, 0, 0, -0.002354840629743164, -0.002286359047449375, 0, 0, 0, 0, 0, 0, 0, 0, 0, 0, 0, 0, 0, 0, 0, 0, 0, 0, 0, 0, 0, 0, 0, 0, 0, 0, 0, 0, 0, 0, 0, 0, 0, -0.002781464381180255, 0, -0.0023056073119617922, -0.0025729467698331326, 0, 0, 0, 0, 0, 0, 0, 0, 0.0007026746728993, 0, 0, 0, 0, 0, 0, 0, 0, -0.002260497985453209, 0, 0, -0.0018516357997975256, 0, 0, 0, 0, 0, 0, 0, -0.0015362579552841236, 0, 0, 0, -0.0023188383939310546, 0, 0, 0, 0, -0.0027536218170118964, 0.027033438342126258, 0, 0, 0, 0, 0, 0, 0, 0, 0, 0, 0, 0, 0, 0, 0, 0, 0, 0, 0, 0, 0, 0, 0, 0, 0, 0, 0, 0, 0, 0, 0, 0, 0, 0, 0, 0, 0, 0.009967016824191367, 0, 0, 0, 0.005373681829479832, 0, 0, 0.009796053553457848, 0, 0, 0.0005766908756690775, 0.0008537310206948329, 0, 0, 0, 0, 0.002065922358750623, 0, 0, 0.003370789545383977, 0, 0, -0.002158551515281688, 0, 0, 0, 0, 0, 0, -0.00043766659133064506, 0, 0, 0, 0, 0, 0, 0, 0, 0.008843300589673057, 0, -0.0027891125001334107, 0, 0, 0, 0, 0, 0, 0, 0, 0, 0, 0, 0, 0, 0, 0, 0, 0, 0, 0, 0, 0, 0, 0, 0, 0, 0, 0, 0, 0, 0, 0, -0.0020102815107613404, 0, 0, 0, 0, 0.00041823729068028704, 0, 0, 0, 0, 0, -0.001993836258877129, 0, 0, 0, 0, 0, 0, 0, 0, 0, 0, 0, 0, 0, -0.0026494381579960247, 0, 0, 0, 0, 0, 0, 0, 0, 0, 0.003994161409557465, 0, 0]
Start Date: 2024-07-24
End Date: 2025-11-06
Sharpe Ratio: 0.024
Annualized Sharpe: 0.375
Sharpe 95% CI: (np.float64(-1.863), np.float64(1.46))
Sortino Ratio: 0.091
CAGR: 0.01
Calmar Ratio: 0.238
Daily Win Rate (%): 0.365
Max Drawdown: 0.043
Profit Factor: 1.242
Expectancy: 0.000323
Average Win: 0.004533
Average Loss: 0.002101
Total Trades: 52
Total Days: 404



Rolling 7 - Variant 2 - atr_0.25_14 - Fit Metrics
Contracts: [3, 4, 4, 3, 3, 3, 3, 3, 3, 3, 2, 1, 2, 1, 1, 2, 2, 2, 2, 2, 2, 2, 1, 2, 1, 2, 2, 1, 1, 1, 2, 2, 2, 2, 2, 2, 2, 2, 2, 2, 2, 2, 3, 2, 2, 3, 2, 3, 4, 3, 3, 2, 2, 3, 3, 5, 3, 3, 3, 3, 3, 4, 4, 4, 4, 3, 3, 5, 3, 3, 4, 5, 5, 5, 5, 4, 3, 3, 4, 4, 4, 5, 3, 5, 4, 4, 3, 5, 4, 5, 4, 3, 4, 3, 4, 4, 5, 3, 4, 5, 5, 5, 3, 4, 4, 4, 4, 4, 4, 4, 6, 7, 8, 5, 5, 5, 5, 6, 5, 5, 6, 6, 6, 7, 7, 6, 6, 7, 7, 6, 6, 7, 5, 4, 4, 4, 6, 3, 3, 3, 3, 5, 5, 5, 4, 4, 6, 6, 6, 5, 5, 3, 7, 7, 7, 5, 8, 5, 1, 4, 4, 5, 3, 5, 5, 6, 6, 6, 7, 5, 6, 7, 7, 7, 6, 4, 7, 8, 7, 6, 6, 5, 7, 7]
Trade Returns: [0.004673999999999995, -0.001879216541883238, 0.004738797709581083, 0.004400826569320462, -0.002021795069428799, -0.0018476601255933607, -0.0017915600261889178, 0.004227560834540777, 0.0009143915733473045, -0.002260161829959899, 0.02409562144625258, -0.001263377647845036, 0.0016914022963592243, -0.0011299936172715478, 0.00453280978222048, -0.002412231658342366, 0.005415596071098417, -0.0027821155191078842, -0.0019691676894649534, 0.0031645753035615906, -0.0017606891399071902, -0.0027898772799849368, -0.0012590244591126488, -0.0027923224687073987, 0.0014641515882355238, 0.00631728352930227, 0.021538153244981557, -0.0011336114862570826, -0.0012293154922077257, 0.0003100704843149791, 0.004192214351057331, 0.006339239667679288, -0.002061115246641803, -4.1232476197616e-05, -0.002084200188177786, -0.0019024272866724806, -0.002150902173503596, 0.00076757521484582, -0.0016565682367127067, -0.0016270352096459395, 0.01345720465235866, 0.0015073108306252684, 0.0011958380365904159, -0.0004130201821753934, -0.0018091058326912112, -0.002271074565083625, -0.0015922495570855095, -0.0020833333333333316, -0.0027460623828843766, 0.0026746265961709176, -0.0022566757646529144, -0.001733467197611499, 0.001521771884887746, -0.0020366024281265496, -0.0026625964555244616, -0.0018258900977220916, 0.007801295847096891, -0.001730253808254704, -0.002229477470941216, 0.0005981257464741529, -0.0026937402697145263, 0.0020409363269595243, -0.0025062229667698293, -0.0024979231175893046, -0.0012838672049567304, 0.0025561663956156183, 0.0012152002241117, 0.003094601513169119, -0.0029870498156725576, -0.001792053716243038, -0.002002315473818064, -0.002006332784999096, -0.002296200312511909, -0.0025879768896528666, -0.0019991574432231623, 0.0008550965283463754, 0.003016255545151713, -0.0022043200127259705, 0.00010703466202848708, 0.0009096972581036829, -0.00172609011947064, 0.0013171820357077233, -0.0024004299734326907, 0.007075087840231304, -7.605285673558249e-06, 0.005011921375958708, -0.0016799664006719864, -0.0024730241389896417, 0.030236194145394375, 0.0010971685675034847, 0.010270768097255488, -0.0021928466573658888, -0.0021410813829962, 0.0010611220910304096, -0.0020194592458856265, 0.003511878249999557, -0.002429254803257759, 0.00032407907529437345, -0.0004466083391294591, -0.0023439102282382593, -0.002074094740242578, -0.0017383140554060104, -0.0019176793875181858, -0.002215825855227804, -0.0021100782056957365, 0.0033936149762668687, -0.001996861022893902, 0.003071625901715319, 0.009784937528070064, 0.002798245743565517, 0.010871308786000684, -0.0021584524058539697, -0.002327569226209732, -0.0017333727804206933, 0.0016272904795324845, 0.0002178297261336105, -0.003168732271160727, -0.001238022586629721, 0.007646974113306481, 0.009215272677277314, -0.0020468085183461076, -0.002161786216192963, 0.0013904208268512967, -0.002084529276693457, -0.0008305199918026567, -0.0024936309857938608, 0.0003659279608619209, 0.00156408514533556, -0.0022237214950748896, -0.0006058540649021354, -0.002412255774889807, 0.0005843839619067988]
Daily Returns: [0.004673999999999995, 0, 0, 0, 0, 0, 0, 0, 0, 0, 0, 0, 0, 0, -0.001879216541883238, 0.004738797709581083, 0, 0, 0, 0, 0, 0, 0, 0, 0, 0, 0, 0, 0, 0, 0, 0.004400826569320462, -0.002021795069428799, 0, -0.0018476601255933607, 0, 0, 0, 0, 0, 0, -0.0017915600261889178, 0, 0, 0, 0, 0, 0.005141952407888081, -0.002260161829959899, 0, 0, 0, 0, 0, 0.02409562144625258, 0, 0, 0, 0, 0, 0, 0, 0, 0, 0, 0, 0, 0, 0, 0, 0, 0, 0, 0, 0, 0, 0, 0, 0, 0, 0, 0, 0, 0, 0, 0, 0, 0, 0, 0, 0, 0, 0, -0.001263377647845036, 0, 0, 0, 0, 0.0016914022963592243, -0.0011299936172715478, 0, 0, 0, 0, 0, 0, 0, 0, 0, 0, 0.00453280978222048, 0, 0, -0.002412231658342366, 0.005415596071098417, 0, -0.0027821155191078842, 0, -0.0019691676894649534, 0.0031645753035615906, 0, 0, -0.0017606891399071902, -0.0027898772799849368, 0, 0, -0.0012590244591126488, 0, 0, 0, 0, -0.0027923224687073987, 0, 0, 0, 0, 0, 0, 0, 0, 0, 0, 0, 0, 0, 0, 0, 0, 0, 0, 0, 0, 0, 0, 0.0014641515882355238, 0, 0, 0, 0, 0, 0, 0, 0, 0, 0, 0, 0, 0, 0.00631728352930227, 0, 0, 0.020404541758724474, 0, 0, 0, 0, 0, -0.0012293154922077257, 0, 0, 0, 0, 0.0003100704843149791, 0, 0, 0, 0, 0, 0.004192214351057331, 0.004278124421037485, -4.1232476197616e-05, 0, 0, 0, -0.002084200188177786, 0, 0, 0, 0, 0, 0, 0, -0.0032857542453302566, -0.0016565682367127067, 0, 0, -0.0016270352096459395, 0, 0, 0, 0.01345720465235866, 0, 0, 0, 0, 0, 0, 0, 0, 0, 0, 0, 0, 0, 0, 0, 0, 0, 0, 0, 0, 0, 0, 0, 0, 0, 0, 0, 0, 0, 0, 0, 0, 0, 0, 0, 0, 0, 0.0015073108306252684, 0, 0, 0, 0, 0, 0, 0, 0.0011958380365904159, 0, 0, 0, 0, 0, 0, -0.0004130201821753934, 0, 0, -0.0018091058326912112, -0.0038633241221691346, -0.0020833333333333316, 0, 0, 0, 0, -7.143578671345904e-05, 0, 0, 0, 0, 0, 0, -0.0022566757646529144, 0, 0, 0, -0.001733467197611499, 0.001521771884887746, 0, 0, 0, 0, 0, 0, 0, 0, 0, 0, 0, 0, 0, 0, 0, 0, 0, 0, 0, 0, 0, 0, 0, 0, 0, 0, 0, 0, 0, 0, 0, 0, 0, 0, 0, 0, 0, 0, -0.0020366024281265496, 0, 0, -0.0026625964555244616, 0, 0, 0, 0, 0, 0.005975405749374799, -0.001730253808254704, 0, 0, 0, 0, -0.002229477470941216, 0, -0.0020956145232403733, 0, 0, 0, 0, 0, 0.0020409363269595243, -0.0025062229667698293, 0, 0, 0, 0, 0, -0.003781790322546035, 0, 0, 0, 0, 0.0025561663956156183, 0, 0, 0, 0, 0.0012152002241117, 0.00010755169749656138, 0, 0, 0, 0, 0, 0, 0, 0, 0, 0, 0, 0, 0, 0, 0, 0, 0, 0, 0, 0, 0, 0, 0, 0, 0, 0, 0, 0, 0, 0, 0, 0, -0.001792053716243038, 0, 0, 0, 0, 0, 0, 0, 0, 0, 0, 0, 0, -0.006304848571329069, 0, 0, 0, 0, -0.0025879768896528666, 0, 0, 0, 0, 0, 0, -0.0019991574432231623, 0, 0, 0, 0, 0.0038713520734980885, 0, -0.0022043200127259705, 0, 0, 0, 0, 0, 0, 0, 0, 0, 0, 0, 0.00010703466202848708, 0, 0.0009096972581036829, 0, 0, 0, 0, 0, 0, 0, 0, 0, 0, 0, 0, 0, 0, 0, 0, 0, 0, 0, 0, 0, 0, 0, 0, 0, 0, 0, 0, -0.00172609011947064, 0, 0, 0, 0, 0, 0.0013171820357077233, 0, 0, 0, 0, 0, 0, -0.0024004299734326907, 0, 0, 0, 0, 0, 0, 0, 0.007075087840231304, 0, 0, 0, 0, 0, 0, 0, 0, 0, 0, 0, 0, 0, -7.605285673558249e-06, 0, 0.005011921375958708, 0, 0, -0.0016799664006719864, 0, 0, 0, 0, 0, -0.0024730241389896417, 0, 0, 0, 0, 0.030236194145394375, 0, 0, 0, 0, 0, 0, 0, 0, 0, 0, 0, 0, 0, 0, 0, 0, 0, 0, 0, 0, 0, 0, 0, 0, 0, 0, 0, 0, 0, 0, 0, 0, 0, 0.0010971685675034847, 0, 0.010270768097255488, 0, 0, 0, 0, 0, 0, 0, 0, 0, -0.0021928466573658888, 0, 0, 0, 0, 0, 0, 0, 0, 0, 0, 0, 0, 0, 0, -0.0010799592919657902, 0, 0, -0.0020194592458856265, 0, 0.003511878249999557, 0, 0, 0, 0, 0, 0, 0, 0, -0.002429254803257759, 0, 0, 0, 0, 0, 0, 0, 0, 0, 0, 0, 0, 0, 0, 0, 0, 0, 0, 0, 0, 0, 0, 0, 0, 0, 0, 0, 0, 0, 0.00032407907529437345, -0.0004466083391294591, 0, 0, -0.0023439102282382593, 0, -0.002074094740242578, 0, 0, 0, 0, 0, -0.0017383140554060104, 0, 0, 0, 0, -0.00413350524274599, -0.0021100782056957365, 0, 0, 0.0013967539533729667, 0, 0, 0, 0, 0, 0.003071625901715319, 0, 0, 0, 0, 0, 0, 0, 0, 0.009784937528070064, 0.002798245743565517, 0, 0, 0, 0, 0, 0, 0, 0, 0, 0, 0.010871308786000684, 0, 0, 0, 0, 0, 0, 0, 0, 0, 0, 0, 0, 0, 0, 0, 0, 0, 0, 0, 0, 0, 0, 0, 0, 0, 0, 0, 0, 0, 0, 0, 0, 0, 0, -0.0021584524058539697, -0.002327569226209732, 0, 0, 0, 0, 0, 0, 0, 0, 0, 0, -0.0017333727804206933, 0.0018451202056660948, 0, 0, -0.004406754857790449, 0, 0, 0, 0, 0, 0, 0, 0, 0.007646974113306481, 0, 0, 0, 0.009215272677277314, -0.0020468085183461076, 0, 0, 0, 0, 0, 0, 0, -0.002161786216192963, 0, 0.0013904208268512967, -0.002084529276693457, -0.0008305199918026567, -0.0024936309857938608, 0, 0, 0, 0, 0, 0, 0, 0, 0, 0, 0, 0, 0, 0, 0, 0, 0, 0, 0, 0, 0, 0, 0, 0, 0, 0, 0, 0, 0, 0, 0, 0, 0, 0, 0.0003659279608619209, 0.00156408514533556, 0, 0, 0, 0, 0, 0, 0, 0, 0, 0, 0, 0, -0.0022237214950748896, 0, 0, 0, -0.0006058540649021354, -0.002412255774889807, 0.0005843839619067988, 0, 0, 0]
Start Date: 2021-12-17
End Date: 2024-07-23
Sharpe Ratio: 0.062
Annualized Sharpe: 0.989
Sharpe 95% CI: (np.float64(-0.024), np.float64(1.726))
Sortino Ratio: 0.125
CAGR: 0.032
Calmar Ratio: 1.116
Daily Win Rate (%): 0.409
Max Drawdown: 0.028
Profit Factor: 1.675
Expectancy: 0.000775
Average Win: 0.004699
Average Loss: 0.001942
Total Trades: 132
Total Days: 814

Rolling 7 - Variant 2 - atr_0.25_14 - Test Metrics
Contracts: [3, 4, 4, 3, 3, 3, 3, 3, 3, 3, 2, 1, 2, 1, 1, 2, 2, 2, 2, 2, 2, 2, 1, 2, 1, 2, 2, 1, 1, 1, 2, 2, 2, 2, 2, 2, 2, 2, 2, 2, 2, 2, 3, 2, 2, 3, 2, 3, 4, 3, 3, 2, 2, 3, 3, 5, 3, 3, 3, 3, 3, 4, 4, 4, 4, 3, 3, 5, 3, 3, 4, 5, 5, 5, 5, 4, 3, 3, 4, 4, 4, 5, 3, 5, 4, 4, 3, 5, 4, 5, 4, 3, 4, 3, 4, 4, 5, 3, 4, 5, 5, 5, 3, 4, 4, 4, 4, 4, 4, 4, 6, 7, 8, 5, 5, 5, 5, 6, 5, 5, 6, 6, 6, 7, 7, 6, 6, 7, 7, 6, 6, 7, 5, 4, 4, 4, 6, 3, 3, 3, 3, 5, 5, 5, 4, 4, 6, 6, 6, 5, 5, 3, 7, 7, 7, 5, 8, 5, 1, 4, 4, 5, 3, 5, 5, 6, 6, 6, 7, 5, 6, 7, 7, 7, 6, 4, 7, 8, 7, 6, 6, 5, 7, 7]
Trade Returns: [-0.0019984952506348166, -0.001964440723363616, -0.002004622980169849, -0.001717540932602894, -0.002690097488695577, -0.0020888043376955175, -0.001898709865059898, -0.0018198512230389874, 0.0025612496695161654, -0.002160970312296838, 0.0011482254697285955, -0.0022115326380005556, 0.0005812392167249999, 0.0008382630307620478, -0.0020498201815450073, 0.0005963314572205553, -0.0019424404851686584, 0.004702426045342874, -0.0025433568624559995, -0.0019089479636968864, -0.002463530716745561, -0.0027344357472396464, -0.0022756658908714778, -0.002769448957827324, -0.0022956198453536105, -0.0025618605790918773, 0.0006996238119022064, -0.00225069025529632, -0.0018435838971190264, -0.0015295496576856586, -0.0023087362203172554, -0.002741579300416797, 0.028993256635195128, 0.009904407957312266, -0.0021927272727272737, 0.00753288119039198, 0.009735444759534624, 0.0005731572546484208, 0.0008485028578793124, 0.002053281583960045, -0.0004497967882368145, 0.0037999932142978956, -0.002145415020395676, -0.00043499731692231777, 0.00878934292170748, -0.0027722429177856733, -0.00199808878464078, 0.0004156955261213199, -0.001981724099966973, -0.0026333113890717598, 0.00036214432254035175, 0.003607649000540357]
Daily Returns: [0, 0, -0.0019984952506348166, 0, 0, 0, -0.001964440723363616, -0.002004622980169849, 0, 0, 0, 0, 0, 0, 0, 0, -0.001717540932602894, 0, 0, 0, -0.002690097488695577, 0, 0, 0, 0, 0, 0, 0, 0, 0, 0, 0, 0, 0, 0, 0, 0, 0, 0, 0, 0, 0, 0, 0, 0, 0, 0, 0, 0, 0, 0, 0, 0, 0, 0, 0, 0, 0, 0, -0.0020888043376955175, 0, 0, 0, 0, 0, 0, -0.001898709865059898, 0, 0, -0.0018198512230389874, 0, 0, 0, 0, 0, 0, 0, 0, 0, 0.0025612496695161654, -0.002160970312296838, 0, 0.0011482254697285955, 0, 0, 0, -0.0022115326380005556, 0, 0.0005812392167249999, 0, 0, 0, 0, 0, 0, 0.0008382630307620478, 0, 0, 0, 0, 0, 0, 0, 0, 0, 0, 0, 0, 0, 0, 0, 0, 0, 0, 0, 0, 0, 0, 0, 0, 0, 0, 0, 0, 0, 0, 0, -0.0020498201815450073, 0.0005963314572205553, 0, 0, 0, 0, 0, 0, 0, 0, 0, 0, 0, 0, 0, 0, 0, 0, -0.0019424404851686584, 0, 0, 0, 0, 0, 0, 0, 0, 0.004702426045342874, 0, 0, 0, 0, 0, -0.0025433568624559995, 0, 0, 0, 0, 0, 0, -0.0019089479636968864, 0, 0, 0, 0, 0, 0, -0.002463530716745561, 0, 0, 0, 0, -0.0027344357472396464, -0.0022756658908714778, 0, 0, 0, 0, 0, 0, 0, 0, 0, 0, 0, 0, 0, 0, 0, 0, 0, 0, 0, 0, 0, 0, 0, 0, 0, 0, 0, 0, 0, 0, 0, 0, 0, -0.002769448957827324, 0, -0.0022956198453536105, -0.0025618605790918773, 0, 0, 0, 0, 0, 0, 0, 0, 0.0006996238119022064, 0, 0, 0, 0, 0, 0, 0, 0, -0.00225069025529632, 0, 0, -0.0018435838971190264, 0, 0, 0, 0, 0, 0, 0, -0.0015295496576856586, 0, 0, 0, -0.0023087362203172554, 0, 0, 0, 0, -0.002741579300416797, 0.028993256635195128, 0, 0, 0, 0, 0, 0, 0, 0, 0, 0, 0, 0, 0, 0, 0, 0, 0, 0, 0, 0, 0, 0, 0, 0, 0, 0, 0, 0, 0, 0, 0, 0, 0, 0, 0, 0, 0, 0.009904407957312266, 0, 0, 0, 0.005340153917664707, 0, 0, 0.009735444759534624, 0, 0, 0.0005731572546484208, 0.0008485028578793124, 0, 0, 0, 0, 0.002053281583960045, 0, 0, 0.003350196426061081, 0, 0, -0.002145415020395676, 0, 0, 0, 0, 0, 0, -0.00043499731692231777, 0, 0, 0, 0, 0, 0, 0, 0, 0.00878934292170748, 0, -0.0027722429177856733, 0, 0, 0, 0, 0, 0, 0, 0, 0, 0, 0, 0, 0, 0, 0, 0, 0, 0, 0, 0, 0, 0, 0, 0, 0, 0, 0, 0, 0, 0, 0, -0.00199808878464078, 0, 0, 0, 0, 0.0004156955261213199, 0, 0, 0, 0, 0, -0.001981724099966973, 0, 0, 0, 0, 0, 0, 0, 0, 0, 0, 0, 0, 0, -0.0026333113890717598, 0, 0, 0, 0, 0, 0, 0, 0, 0, 0.003969793323080709, 0, 0]
Start Date: 2024-07-24
End Date: 2025-11-06
Sharpe Ratio: 0.025
Annualized Sharpe: 0.394
Sharpe 95% CI: (np.float64(-1.887), np.float64(1.459))
Sortino Ratio: 0.098
CAGR: 0.011
Calmar Ratio: 0.259
Daily Win Rate (%): 0.365
Max Drawdown: 0.043
Profit Factor: 1.265
Expectancy: 0.000353
Average Win: 0.004618
Average Loss: 0.002103
Total Trades: 52
Total Days: 404



Rolling 7 - Variant 3 - atr_0.25_20 - Fit Metrics
Contracts: [3, 4, 4, 3, 3, 3, 3, 3, 3, 3, 2, 1, 2, 1, 1, 2, 2, 2, 2, 2, 2, 2, 1, 2, 1, 2, 2, 1, 1, 1, 2, 2, 2, 2, 2, 2, 2, 2, 2, 2, 2, 2, 3, 2, 2, 3, 2, 3, 4, 3, 3, 2, 2, 3, 3, 5, 3, 3, 3, 3, 3, 4, 4, 4, 4, 3, 3, 5, 3, 3, 4, 5, 5, 5, 5, 4, 3, 3, 4, 4, 4, 5, 3, 5, 4, 4, 3, 5, 4, 5, 4, 3, 4, 3, 4, 4, 5, 3, 4, 5, 5, 5, 3, 4, 4, 4, 4, 4, 4, 4, 6, 7, 8, 5, 5, 5, 5, 6, 5, 5, 6, 6, 6, 7, 7, 6, 6, 7, 7, 6, 6, 7, 5, 4, 4, 4, 6, 3, 3, 3, 3, 5, 5, 5, 4, 4, 6, 6, 6, 5, 5, 3, 7, 7, 7, 5, 8, 5, 1, 4, 4, 5, 3, 5, 5, 6, 6, 6, 7, 6, 6, 7, 7, 7, 6, 4, 7, 8, 7, 6, 7, 5, 7, 7]
Trade Returns: [0.004673999999999995, -0.001879216541883238, 0.004738797709581083, 0.004400826569320462, -0.002021795069428799, -0.0018476601255933607, -0.0017915600261889178, 0.004227560834540777, 0.0009143915733473045, -0.002260161829959899, 0.024531633678377577, -0.0012628425893663265, 0.0016906824824789938, -0.0011295144437141367, 0.004530885471642389, -0.002411217703152735, 0.005413307361752218, -0.0027809432607134314, -0.001968333330123397, 0.003163230821223381, -0.0017599416440401978, -0.00278869847293791, -0.001258489001270088, -0.0027911334092088043, 0.0014635263609436458, 0.00631458984238722, 0.020045993305162095, -0.0011347887329262443, -0.0012305935770954585, 0.00031039325311056474, 0.004196576894987207, 0.006345808902220279, -0.0020632376729974233, -4.127502298268324e-05, -0.0020863509122156587, -0.0019043962950835702, -0.0021531326005392246, 0.0007683702640707928, -0.001658281253525257, -0.0016287260414777182, 0.013471212333407737, 0.0015088589440975188, 0.0011970643953519663, -0.0004134432372233053, -0.0018109596595693928, -0.002273406002687769, -0.001593887851656183, -0.0020854803350259495, -0.0027488982813752734, 0.0026773963356197614, -0.0022590064502802615, -0.001735261569037813, 0.0015233498614279474, -0.0020387110376530898, -0.002665358823695849, -0.0018277961675119182, 0.007809454631194855, -0.0017320493275573186, -0.0022317966719750627, 0.0005987490691914899, -0.0026965458081400066, 0.002043067715542702, -0.002508834926620367, -0.0025005197603432294, -0.0012852057276956331, 0.0025588371063674613, 0.001216466638118236, 0.0030978322766789385, -0.0029901589704769103, -0.0017939188422032646, -0.0020044077972413265, -0.0020084335170431284, -0.0022986093890086405, -0.0025906983413794744, -0.002001265167634711, 0.000855997150506151, 0.003019441979463164, -0.002206618338439139, 0.00010714729883571889, 0.0009106544659375248, -0.0017279047052909434, 0.001318572486939042, -0.002402957840056828, 0.007082546649926681, -7.613247049881921e-06, 0.005017168002801655, -0.0016817162596206288, -0.002475604388933574, 0.031180646547707563, 0.0010973102068291005, 0.01027209255199603, -0.0021931262614119074, -0.0021413549866370687, 0.0010612575354755325, -0.0020197178615139473, 0.0035123288977043526, -0.0024295654366002163, 0.00032412061681801616, -0.0004466655683086911, -0.002344210715240667, -0.0020743612619459353, -0.0017385372079972716, -0.0019179259945107643, -0.002216111350392238, -0.0021103506797764218, 0.0033940541200045775, -0.0019971185485148746, 0.0030720214268895596, 0.009786198441130045, 0.0027986073420983703, 0.010872696115071146, -0.002158724891522723, -0.0023278636970740867, -0.0017335930394878016, 0.0016274976178526292, 0.00021785740869508595, -0.003169134877000904, -0.0012381803846735126, 0.00764795000300815, 0.009216439783755618, -0.002047068073165475, -0.0021620575042757117, 0.001390595692387304, -0.002084791072357681, -0.0008306245145700857, -0.0024939450756280754, 0.000365974140231184, 0.0015642824575093422, -0.002224001583431549, -0.0006059305452112739, -0.0024125604719018815, 0.0005844577530846137]
Daily Returns: [0.004673999999999995, 0, 0, 0, 0, 0, 0, 0, 0, 0, 0, 0, 0, 0, -0.001879216541883238, 0.004738797709581083, 0, 0, 0, 0, 0, 0, 0, 0, 0, 0, 0, 0, 0, 0, 0, 0.004400826569320462, -0.002021795069428799, 0, -0.0018476601255933607, 0, 0, 0, 0, 0, 0, -0.0017915600261889178, 0, 0, 0, 0, 0, 0.005141952407888081, -0.002260161829959899, 0, 0, 0, 0, 0, 0.024531633678377577, 0, 0, 0, 0, 0, 0, 0, 0, 0, 0, 0, 0, 0, 0, 0, 0, 0, 0, 0, 0, 0, 0, 0, 0, 0, 0, 0, 0, 0, 0, 0, 0, 0, 0, 0, 0, 0, 0, -0.0012628425893663265, 0, 0, 0, 0, 0.0016906824824789938, -0.0011295144437141367, 0, 0, 0, 0, 0, 0, 0, 0, 0, 0, 0.004530885471642389, 0, 0, -0.002411217703152735, 0.005413307361752218, 0, -0.0027809432607134314, 0, -0.001968333330123397, 0.003163230821223381, 0, 0, -0.0017599416440401978, -0.00278869847293791, 0, 0, -0.001258489001270088, 0, 0, 0, 0, -0.0027911334092088043, 0, 0, 0, 0, 0, 0, 0, 0, 0, 0, 0, 0, 0, 0, 0, 0, 0, 0, 0, 0, 0, 0, 0.0014635263609436458, 0, 0, 0, 0, 0, 0, 0, 0, 0, 0, 0, 0, 0, 0.00631458984238722, 0, 0, 0.01891120457223585, 0, 0, 0, 0, 0, -0.0012305935770954585, 0, 0, 0, 0, 0.00031039325311056474, 0, 0, 0, 0, 0, 0.004196576894987207, 0.004282571229222856, -4.127502298268324e-05, 0, 0, 0, -0.0020863509122156587, 0, 0, 0, 0, 0, 0, 0, -0.003289158631552002, -0.001658281253525257, 0, 0, -0.0016287260414777182, 0, 0, 0, 0.013471212333407737, 0, 0, 0, 0, 0, 0, 0, 0, 0, 0, 0, 0, 0, 0, 0, 0, 0, 0, 0, 0, 0, 0, 0, 0, 0, 0, 0, 0, 0, 0, 0, 0, 0, 0, 0, 0, 0, 0.0015088589440975188, 0, 0, 0, 0, 0, 0, 0, 0.0011970643953519663, 0, 0, 0, 0, 0, 0, -0.0004134432372233053, 0, 0, -0.0018109596595693928, -0.003867293854343952, -0.0020854803350259495, 0, 0, 0, 0, -7.150194575551196e-05, 0, 0, 0, 0, 0, 0, -0.0022590064502802615, 0, 0, 0, -0.001735261569037813, 0.0015233498614279474, 0, 0, 0, 0, 0, 0, 0, 0, 0, 0, 0, 0, 0, 0, 0, 0, 0, 0, 0, 0, 0, 0, 0, 0, 0, 0, 0, 0, 0, 0, 0, 0, 0, 0, 0, 0, 0, 0, -0.0020387110376530898, 0, 0, -0.002665358823695849, 0, 0, 0, 0, 0, 0.005981658463682937, -0.0017320493275573186, 0, 0, 0, 0, -0.0022317966719750627, 0, -0.002097796738948517, 0, 0, 0, 0, 0, 0.002043067715542702, -0.002508834926620367, 0, 0, 0, 0, 0, -0.0037857254880388626, 0, 0, 0, 0, 0.0025588371063674613, 0, 0, 0, 0, 0.001216466638118236, 0.00010767330620202811, 0, 0, 0, 0, 0, 0, 0, 0, 0, 0, 0, 0, 0, 0, 0, 0, 0, 0, 0, 0, 0, 0, 0, 0, 0, 0, 0, 0, 0, 0, 0, 0, -0.0017939188422032646, 0, 0, 0, 0, 0, 0, 0, 0, 0, 0, 0, 0, -0.006311450703293095, 0, 0, 0, 0, -0.0025906983413794744, 0, 0, 0, 0, 0, 0, -0.002001265167634711, 0, 0, 0, 0, 0.0038754391299693153, 0, -0.002206618338439139, 0, 0, 0, 0, 0, 0, 0, 0, 0, 0, 0, 0.00010714729883571889, 0, 0.0009106544659375248, 0, 0, 0, 0, 0, 0, 0, 0, 0, 0, 0, 0, 0, 0, 0, 0, 0, 0, 0, 0, 0, 0, 0, 0, 0, 0, 0, 0, -0.0017279047052909434, 0, 0, 0, 0, 0, 0.001318572486939042, 0, 0, 0, 0, 0, 0, -0.002402957840056828, 0, 0, 0, 0, 0, 0, 0, 0.007082546649926681, 0, 0, 0, 0, 0, 0, 0, 0, 0, 0, 0, 0, 0, -7.613247049881921e-06, 0, 0.005017168002801655, 0, 0, -0.0016817162596206288, 0, 0, 0, 0, 0, -0.002475604388933574, 0, 0, 0, 0, 0.031180646547707563, 0, 0, 0, 0, 0, 0, 0, 0, 0, 0, 0, 0, 0, 0, 0, 0, 0, 0, 0, 0, 0, 0, 0, 0, 0, 0, 0, 0, 0, 0, 0, 0, 0, 0.0010973102068291005, 0, 0.01027209255199603, 0, 0, 0, 0, 0, 0, 0, 0, 0, -0.0021931262614119074, 0, 0, 0, 0, 0, 0, 0, 0, 0, 0, 0, 0, 0, 0, -0.0010800974511615362, 0, 0, -0.0020197178615139473, 0, 0.0035123288977043526, 0, 0, 0, 0, 0, 0, 0, 0, -0.0024295654366002163, 0, 0, 0, 0, 0, 0, 0, 0, 0, 0, 0, 0, 0, 0, 0, 0, 0, 0, 0, 0, 0, 0, 0, 0, 0, 0, 0, 0, 0, 0.00032412061681801616, -0.0004466655683086911, 0, 0, -0.002344210715240667, 0, -0.0020743612619459353, 0, 0, 0, 0, 0, -0.0017385372079972716, 0, 0, 0, 0, -0.004134037344903002, -0.0021103506797764218, 0, 0, 0.001396935571489703, 0, 0, 0, 0, 0, 0.0030720214268895596, 0, 0, 0, 0, 0, 0, 0, 0, 0.009786198441130045, 0.0027986073420983703, 0, 0, 0, 0, 0, 0, 0, 0, 0, 0, 0.010872696115071146, 0, 0, 0, 0, 0, 0, 0, 0, 0, 0, 0, 0, 0, 0, 0, 0, 0, 0, 0, 0, 0, 0, 0, 0, 0, 0, 0, 0, 0, 0, 0, 0, 0, 0, -0.002158724891522723, -0.0023278636970740867, 0, 0, 0, 0, 0, 0, 0, 0, 0, 0, -0.0017335930394878016, 0.0018453550265477151, 0, 0, -0.004407315261674417, 0, 0, 0, 0, 0, 0, 0, 0, 0.00764795000300815, 0, 0, 0, 0.009216439783755618, -0.002047068073165475, 0, 0, 0, 0, 0, 0, 0, -0.0021620575042757117, 0, 0.001390595692387304, -0.002084791072357681, -0.0008306245145700857, -0.0024939450756280754, 0, 0, 0, 0, 0, 0, 0, 0, 0, 0, 0, 0, 0, 0, 0, 0, 0, 0, 0, 0, 0, 0, 0, 0, 0, 0, 0, 0, 0, 0, 0, 0, 0, 0, 0.000365974140231184, 0.0015642824575093422, 0, 0, 0, 0, 0, 0, 0, 0, 0, 0, 0, 0, -0.002224001583431549, 0, 0, 0, -0.0006059305452112739, -0.0024125604719018815, 0.0005844577530846137, 0, 0, 0]
Start Date: 2021-12-17
End Date: 2024-07-23
Sharpe Ratio: 0.062
Annualized Sharpe: 0.984
Sharpe 95% CI: (np.float64(-0.044), np.float64(1.719))
Sortino Ratio: 0.125
CAGR: 0.032
Calmar Ratio: 1.113
Daily Win Rate (%): 0.409
Max Drawdown: 0.028
Profit Factor: 1.674
Expectancy: 0.000774
Average Win: 0.004699
Average Loss: 0.001943
Total Trades: 132
Total Days: 814

Rolling 7 - Variant 3 - atr_0.25_20 - Test Metrics
Contracts: [3, 4, 4, 3, 3, 3, 3, 3, 3, 3, 2, 1, 2, 1, 1, 2, 2, 2, 2, 2, 2, 2, 1, 2, 1, 2, 2, 1, 1, 1, 2, 2, 2, 2, 2, 2, 2, 2, 2, 2, 2, 2, 3, 2, 2, 3, 2, 3, 4, 3, 3, 2, 2, 3, 3, 5, 3, 3, 3, 3, 3, 4, 4, 4, 4, 3, 3, 5, 3, 3, 4, 5, 5, 5, 5, 4, 3, 3, 4, 4, 4, 5, 3, 5, 4, 4, 3, 5, 4, 5, 4, 3, 4, 3, 4, 4, 5, 3, 4, 5, 5, 5, 3, 4, 4, 4, 4, 4, 4, 4, 6, 7, 8, 5, 5, 5, 5, 6, 5, 5, 6, 6, 6, 7, 7, 6, 6, 7, 7, 6, 6, 7, 5, 4, 4, 4, 6, 3, 3, 3, 3, 5, 5, 5, 4, 4, 6, 6, 6, 5, 5, 3, 7, 7, 7, 5, 8, 5, 1, 4, 4, 5, 3, 5, 5, 6, 6, 6, 7, 6, 6, 7, 7, 7, 6, 4, 7, 8, 7, 6, 7, 5, 7, 7]
Trade Returns: [-0.0019987482951852784, -0.0019646899541632765, -0.002004877809598353, -0.001717759706525122, -0.0026904407328352258, -0.002089071578574132, -0.0018989530146336475, -0.0018200847173369952, 0.002561578887448441, -0.002161247369413955, 0.0011483726808183242, -0.0022118167918193997, 0.0005813140641211743, 0.0008383709129417999, -0.0020500837668635933, 0.0005964082967020582, -0.001942690626517728, 0.004703034334922603, -0.002543685025436852, -0.0019091937427002778, -0.002463848505566235, -0.0027347901599398617, -0.002275960170697014, -0.0027698098175611167, -0.0022959197958684653, -0.0025621935347316487, 0.0006997154365831401, -0.0022509848058525615, -0.0018438257134987166, -0.0015297511190891498, -0.0023090396084769925, -0.002741940954986942, 0.04146895922266254, 0.009787058003832092, -0.002166999083607354, 0.007444302785400913, 0.009621812539993996, 0.0006798373347544129, 0.0008386040957140574, 0.0020293477626794126, -0.0004445644062684287, 0.0037557691119759896, -0.0021205402278437853, -0.000429943067784784, 0.008687175310652944, -0.002740295805145397, -0.001974999693323031, 0.0004108824138815121, -0.002285252922385651, -0.0026036260770743707, 0.0003580512136701381, 0.0035668884144008607]
Daily Returns: [0, 0, -0.0019987482951852784, 0, 0, 0, -0.0019646899541632765, -0.002004877809598353, 0, 0, 0, 0, 0, 0, 0, 0, -0.001717759706525122, 0, 0, 0, -0.0026904407328352258, 0, 0, 0, 0, 0, 0, 0, 0, 0, 0, 0, 0, 0, 0, 0, 0, 0, 0, 0, 0, 0, 0, 0, 0, 0, 0, 0, 0, 0, 0, 0, 0, 0, 0, 0, 0, 0, 0, -0.002089071578574132, 0, 0, 0, 0, 0, 0, -0.0018989530146336475, 0, 0, -0.0018200847173369952, 0, 0, 0, 0, 0, 0, 0, 0, 0, 0.002561578887448441, -0.002161247369413955, 0, 0.0011483726808183242, 0, 0, 0, -0.0022118167918193997, 0, 0.0005813140641211743, 0, 0, 0, 0, 0, 0, 0.0008383709129417999, 0, 0, 0, 0, 0, 0, 0, 0, 0, 0, 0, 0, 0, 0, 0, 0, 0, 0, 0, 0, 0, 0, 0, 0, 0, 0, 0, 0, 0, 0, 0, -0.0020500837668635933, 0.0005964082967020582, 0, 0, 0, 0, 0, 0, 0, 0, 0, 0, 0, 0, 0, 0, 0, 0, -0.001942690626517728, 0, 0, 0, 0, 0, 0, 0, 0, 0.004703034334922603, 0, 0, 0, 0, 0, -0.002543685025436852, 0, 0, 0, 0, 0, 0, -0.0019091937427002778, 0, 0, 0, 0, 0, 0, -0.002463848505566235, 0, 0, 0, 0, -0.0027347901599398617, -0.002275960170697014, 0, 0, 0, 0, 0, 0, 0, 0, 0, 0, 0, 0, 0, 0, 0, 0, 0, 0, 0, 0, 0, 0, 0, 0, 0, 0, 0, 0, 0, 0, 0, 0, 0, -0.0027698098175611167, 0, -0.0022959197958684653, -0.0025621935347316487, 0, 0, 0, 0, 0, 0, 0, 0, 0.0006997154365831401, 0, 0, 0, 0, 0, 0, 0, 0, -0.0022509848058525615, 0, 0, -0.0018438257134987166, 0, 0, 0, 0, 0, 0, 0, -0.0015297511190891498, 0, 0, 0, -0.0023090396084769925, 0, 0, 0, 0, -0.002741940954986942, 0.04146895922266254, 0, 0, 0, 0, 0, 0, 0, 0, 0, 0, 0, 0, 0, 0, 0, 0, 0, 0, 0, 0, 0, 0, 0, 0, 0, 0, 0, 0, 0, 0, 0, 0, 0, 0, 0, 0, 0, 0.009787058003832092, 0, 0, 0, 0.005277303701793559, 0, 0, 0.009621812539993996, 0, 0, 0.0006798373347544129, 0.0008386040957140574, 0, 0, 0, 0, 0.0020293477626794126, 0, 0, 0.003311204705707561, 0, 0, -0.0021205402278437853, 0, 0, 0, 0, 0, 0, -0.000429943067784784, 0, 0, 0, 0, 0, 0, 0, 0, 0.008687175310652944, 0, -0.002740295805145397, 0, 0, 0, 0, 0, 0, 0, 0, 0, 0, 0, 0, 0, 0, 0, 0, 0, 0, 0, 0, 0, 0, 0, 0, 0, 0, 0, 0, 0, 0, 0, -0.001974999693323031, 0, 0, 0, 0, 0.0004108824138815121, 0, 0, 0, 0, 0, -0.002285252922385651, 0, 0, 0, 0, 0, 0, 0, 0, 0, 0, 0, 0, 0, -0.0026036260770743707, 0, 0, 0, 0, 0, 0, 0, 0, 0, 0.0039249396280709985, 0, 0]
Start Date: 2024-07-24
End Date: 2025-11-06
Sharpe Ratio: 0.032
Annualized Sharpe: 0.506
Sharpe 95% CI: (np.float64(-1.905), np.float64(1.439))
Sortino Ratio: 0.161
CAGR: 0.018
Calmar Ratio: 0.429
Daily Win Rate (%): 0.365
Max Drawdown: 0.043
Profit Factor: 1.435
Expectancy: 0.000581
Average Win: 0.005251
Average Loss: 0.002108
Total Trades: 52
Total Days: 404



Rolling 7 - Variant 4 - atr_0.25_12 - Fit Metrics
Contracts: [3, 4, 4, 3, 3, 3, 3, 3, 3, 3, 2, 1, 2, 1, 1, 2, 2, 2, 2, 2, 2, 2, 1, 2, 1, 2, 2, 1, 1, 1, 2, 2, 2, 2, 2, 2, 2, 2, 2, 2, 2, 2, 3, 2, 2, 3, 2, 3, 3, 3, 3, 2, 2, 3, 3, 5, 3, 3, 3, 3, 3, 4, 4, 4, 4, 3, 3, 5, 3, 3, 3, 5, 5, 5, 5, 4, 3, 3, 4, 4, 4, 5, 3, 5, 4, 4, 3, 5, 4, 5, 4, 3, 4, 3, 4, 4, 5, 3, 4, 5, 5, 5, 3, 4, 4, 4, 4, 4, 3, 4, 6, 7, 8, 5, 5, 5, 5, 6, 5, 5, 6, 6, 6, 7, 7, 6, 6, 7, 7, 6, 6, 6, 5, 4, 4, 4, 6, 3, 3, 3, 3, 4, 5, 5, 4, 4, 6, 6, 6, 5, 5, 3, 7, 7, 6, 5, 8, 5, 1, 4, 4, 5, 3, 5, 5, 6, 6, 6, 7, 5, 5, 7, 7, 6, 6, 4, 7, 8, 7, 6, 6, 5, 7, 7]
Trade Returns: [0.004673999999999995, -0.001879216541883238, 0.004738797709581083, 0.004400826569320462, -0.002021795069428799, -0.0018476601255933607, -0.0017915600261889178, 0.004227560834540777, 0.0009143915733473045, -0.002260161829959899, 0.020647161064900426, -0.001267625501687913, 0.0016971170369967598, -0.001133797816375059, 0.004548087110976795, -0.0024202812666010783, 0.005433766093530946, -0.0027914219526496407, -0.0019757917183008196, 0.0031752493384897156, -0.0017666235987594632, -0.0027992358009149574, -0.0012632755512519236, -0.0028017626623351387, 0.0014691154522108835, 0.006338669385277479, 0.018517301245442205, -0.001140798445021487, -0.001237118103921721, 0.0003120409763077261, 0.004218847482386614, 0.006379343654939635, -0.0020740718434395706, -4.149221078043075e-05, -0.002097329676837709, -0.0019144476478021675, -0.002164518574677785, 0.0007724288343140275, -0.0016670257765278227, -0.001637357585980267, 0.013542721025274127, 0.0015167613391050313, 0.001203324324020385, -0.0004156026987966293, -0.0018204224428870538, -0.002285306865301985, -0.0016022506732461738, -0.002096440007534374, -0.0020725310360578857, 0.0026896719999849033, -0.0022693360447151615, -0.0017432143208270614, 0.0015303436075956515, -0.002048056521064912, -0.002677601945003987, -0.0018362443749523288, 0.007845616903894546, -0.0017400072784618172, -0.0022420757821614355, 0.0006015117742122481, -0.002708980536811886, 0.0020525146165364843, -0.002520411718010853, -0.0025120284962386013, -0.0012911383727086288, 0.002570674463297757, 0.0012220796674115972, 0.0031121518852165126, -0.0030039393432399948, -0.001802185434995855, -0.002012563739133586, -0.002016622320090528, -0.0023080002375037586, -0.0026013069887807832, -0.0020094815191218332, 0.0008595079461221406, 0.003031863496710639, -0.001662603793707625, 0.00010758637649082884, 0.000914385824714562, -0.0017349782360031013, 0.0013239927922372122, -0.002412811935248202, 0.007111622643252523, -7.6442810267186e-06, 0.0050376197055782244, -0.001688537152571121, -0.002485662205172844, 0.026037509595078154, 0.0011073022395419998, 0.010365526074614695, -0.002212848859114677, -0.0021606547170610678, 0.0010708115537254766, -0.0020379607101850047, 0.003544118354315664, -0.002451477337658748, 0.0003270509977827067, -0.00045070256032300727, -0.002365407395224465, -0.002093162397912025, -0.00175427883040676, -0.0019353224147040022, -0.002236251418552344, -0.0021295725776577317, 0.003425034464875668, -0.0020152856816183277, 0.0030999233372252435, 0.00988210624937264, 0.002118087573699951, 0.010978209248644247, -0.0021794465625921775, -0.0023502577437160732, -0.0017503441121539875, 0.0016432511034568666, 0.00021996271631961786, -0.003199753695935435, -0.001250181552100398, 0.007722171191055185, 0.009305197319869354, -0.0020668072583344475, -0.0021826869129278064, 0.0014038931735241055, -0.0021046988034732978, -0.000838572901389632, -0.0025178300882512175, 0.0003694859231323562, 0.0015792873193053072, -0.0022453009448066526, -0.0006117466276557002, -0.0020877701485304545, 0.0005900693513607773]
Daily Returns: [0.004673999999999995, 0, 0, 0, 0, 0, 0, 0, 0, 0, 0, 0, 0, 0, -0.001879216541883238, 0.004738797709581083, 0, 0, 0, 0, 0, 0, 0, 0, 0, 0, 0, 0, 0, 0, 0, 0.004400826569320462, -0.002021795069428799, 0, -0.0018476601255933607, 0, 0, 0, 0, 0, 0, -0.0017915600261889178, 0, 0, 0, 0, 0, 0.005141952407888081, -0.002260161829959899, 0, 0, 0, 0, 0, 0.020647161064900426, 0, 0, 0, 0, 0, 0, 0, 0, 0, 0, 0, 0, 0, 0, 0, 0, 0, 0, 0, 0, 0, 0, 0, 0, 0, 0, 0, 0, 0, 0, 0, 0, 0, 0, 0, 0, 0, 0, -0.001267625501687913, 0, 0, 0, 0, 0.0016971170369967598, -0.001133797816375059, 0, 0, 0, 0, 0, 0, 0, 0, 0, 0, 0.004548087110976795, 0, 0, -0.0024202812666010783, 0.005433766093530946, 0, -0.0027914219526496407, 0, -0.0019757917183008196, 0.0031752493384897156, 0, 0, -0.0017666235987594632, -0.0027992358009149574, 0, 0, -0.0012632755512519236, 0, 0, 0, 0, -0.0028017626623351387, 0, 0, 0, 0, 0, 0, 0, 0, 0, 0, 0, 0, 0, 0, 0, 0, 0, 0, 0, 0, 0, 0, 0.0014691154522108835, 0, 0, 0, 0, 0, 0, 0, 0, 0, 0, 0, 0, 0, 0.006338669385277479, 0, 0, 0.017376502800420718, 0, 0, 0, 0, 0, -0.001237118103921721, 0, 0, 0, 0, 0.0003120409763077261, 0, 0, 0, 0, 0, 0.004218847482386614, 0.0043052718115000645, -4.149221078043075e-05, 0, 0, 0, -0.002097329676837709, 0, 0, 0, 0, 0, 0, 0, -0.003306537388165925, -0.0016670257765278227, 0, 0, -0.001637357585980267, 0, 0, 0, 0.013542721025274127, 0, 0, 0, 0, 0, 0, 0, 0, 0, 0, 0, 0, 0, 0, 0, 0, 0, 0, 0, 0, 0, 0, 0, 0, 0, 0, 0, 0, 0, 0, 0, 0, 0, 0, 0, 0, 0, 0.0015167613391050313, 0, 0, 0, 0, 0, 0, 0, 0.001203324324020385, 0, 0, 0, 0, 0, 0, -0.0004156026987966293, 0, 0, -0.0018204224428870538, -0.003887557538548159, -0.002096440007534374, 0, 0, 0, 0, 0.0006171409639270176, 0, 0, 0, 0, 0, 0, -0.0022693360447151615, 0, 0, 0, -0.0017432143208270614, 0.0015303436075956515, 0, 0, 0, 0, 0, 0, 0, 0, 0, 0, 0, 0, 0, 0, 0, 0, 0, 0, 0, 0, 0, 0, 0, 0, 0, 0, 0, 0, 0, 0, 0, 0, 0, 0, 0, 0, 0, 0, -0.002048056521064912, 0, 0, -0.002677601945003987, 0, 0, 0, 0, 0, 0.006009372528942217, -0.0017400072784618172, 0, 0, 0, 0, -0.0022420757821614355, 0, -0.002107468762599638, 0, 0, 0, 0, 0, 0.0020525146165364843, -0.002520411718010853, 0, 0, 0, 0, 0, -0.0038031668689472303, 0, 0, 0, 0, 0.002570674463297757, 0, 0, 0, 0, 0.0012220796674115972, 0.00010821254197651781, 0, 0, 0, 0, 0, 0, 0, 0, 0, 0, 0, 0, 0, 0, 0, 0, 0, 0, 0, 0, 0, 0, 0, 0, 0, 0, 0, 0, 0, 0, 0, 0, -0.001802185434995855, 0, 0, 0, 0, 0, 0, 0, 0, 0, 0, 0, 0, -0.006337186296727873, 0, 0, 0, 0, -0.0026013069887807832, 0, 0, 0, 0, 0, 0, -0.0020094815191218332, 0, 0, 0, 0, 0.0038913714428327794, 0, -0.001662603793707625, 0, 0, 0, 0, 0, 0, 0, 0, 0, 0, 0, 0.00010758637649082884, 0, 0.000914385824714562, 0, 0, 0, 0, 0, 0, 0, 0, 0, 0, 0, 0, 0, 0, 0, 0, 0, 0, 0, 0, 0, 0, 0, 0, 0, 0, 0, 0, -0.0017349782360031013, 0, 0, 0, 0, 0, 0.0013239927922372122, 0, 0, 0, 0, 0, 0, -0.002412811935248202, 0, 0, 0, 0, 0, 0, 0, 0.007111622643252523, 0, 0, 0, 0, 0, 0, 0, 0, 0, 0, 0, 0, 0, -7.6442810267186e-06, 0, 0.0050376197055782244, 0, 0, -0.001688537152571121, 0, 0, 0, 0, 0, -0.002485662205172844, 0, 0, 0, 0, 0.026037509595078154, 0, 0, 0, 0, 0, 0, 0, 0, 0, 0, 0, 0, 0, 0, 0, 0, 0, 0, 0, 0, 0, 0, 0, 0, 0, 0, 0, 0, 0, 0, 0, 0, 0, 0.0011073022395419998, 0, 0.010365526074614695, 0, 0, 0, 0, 0, 0, 0, 0, 0, -0.002212848859114677, 0, 0, 0, 0, 0, 0, 0, 0, 0, 0, 0, 0, 0, 0, -0.0010898431633355912, 0, 0, -0.0020379607101850047, 0, 0.003544118354315664, 0, 0, 0, 0, 0, 0, 0, 0, -0.002451477337658748, 0, 0, 0, 0, 0, 0, 0, 0, 0, 0, 0, 0, 0, 0, 0, 0, 0, 0, 0, 0, 0, 0, 0, 0, 0, 0, 0, 0, 0, 0.0003270509977827067, -0.00045070256032300727, 0, 0, -0.002365407395224465, 0, -0.002093162397912025, 0, 0, 0, 0, 0, -0.00175427883040676, 0, 0, 0, 0, -0.004171573833256346, -0.0021295725776577317, 0, 0, 0.0014097487832573402, 0, 0, 0, 0, 0, 0.0030999233372252435, 0, 0, 0, 0, 0, 0, 0, 0, 0.00988210624937264, 0.002118087573699951, 0, 0, 0, 0, 0, 0, 0, 0, 0, 0, 0.010978209248644247, 0, 0, 0, 0, 0, 0, 0, 0, 0, 0, 0, 0, 0, 0, 0, 0, 0, 0, 0, 0, 0, 0, 0, 0, 0, 0, 0, 0, 0, 0, 0, 0, 0, 0, -0.0021794465625921775, -0.0023502577437160732, 0, 0, 0, 0, 0, 0, 0, 0, 0, 0, -0.0017503441121539875, 0.0018632138197764844, 0, 0, -0.0044499352480358335, 0, 0, 0, 0, 0, 0, 0, 0, 0.007722171191055185, 0, 0, 0, 0.009305197319869354, -0.0020668072583344475, 0, 0, 0, 0, 0, 0, 0, -0.0021826869129278064, 0, 0.0014038931735241055, -0.0021046988034732978, -0.000838572901389632, -0.0025178300882512175, 0, 0, 0, 0, 0, 0, 0, 0, 0, 0, 0, 0, 0, 0, 0, 0, 0, 0, 0, 0, 0, 0, 0, 0, 0, 0, 0, 0, 0, 0, 0, 0, 0, 0, 0.0003694859231323562, 0.0015792873193053072, 0, 0, 0, 0, 0, 0, 0, 0, 0, 0, 0, 0, -0.0022453009448066526, 0, 0, 0, -0.0006117466276557002, -0.0020877701485304545, 0.0005900693513607773, 0, 0, 0]
Start Date: 2021-12-17
End Date: 2024-07-23
Sharpe Ratio: 0.061
Annualized Sharpe: 0.971
Sharpe 95% CI: (np.float64(-0.074), np.float64(1.738))
Sortino Ratio: 0.115
CAGR: 0.029
Calmar Ratio: 1.034
Daily Win Rate (%): 0.409
Max Drawdown: 0.028
Profit Factor: 1.614
Expectancy: 0.000702
Average Win: 0.00451
Average Loss: 0.001934
Total Trades: 132
Total Days: 814

Rolling 7 - Variant 4 - atr_0.25_12 - Test Metrics
Contracts: [3, 4, 4, 3, 3, 3, 3, 3, 3, 3, 2, 1, 2, 1, 1, 2, 2, 2, 2, 2, 2, 2, 1, 2, 1, 2, 2, 1, 1, 1, 2, 2, 2, 2, 2, 2, 2, 2, 2, 2, 2, 2, 3, 2, 2, 3, 2, 3, 3, 3, 3, 2, 2, 3, 3, 5, 3, 3, 3, 3, 3, 4, 4, 4, 4, 3, 3, 5, 3, 3, 3, 5, 5, 5, 5, 4, 3, 3, 4, 4, 4, 5, 3, 5, 4, 4, 3, 5, 4, 5, 4, 3, 4, 3, 4, 4, 5, 3, 4, 5, 5, 5, 3, 4, 4, 4, 4, 4, 3, 4, 6, 7, 8, 5, 5, 5, 5, 6, 5, 5, 6, 6, 6, 7, 7, 6, 6, 7, 7, 6, 6, 6, 5, 4, 4, 4, 6, 3, 3, 3, 3, 4, 5, 5, 4, 4, 6, 6, 6, 5, 5, 3, 7, 7, 6, 5, 8, 5, 1, 4, 4, 5, 3, 5, 5, 6, 6, 6, 7, 5, 5, 7, 7, 6, 6, 4, 7, 8, 7, 6, 6, 5, 7, 7]
Trade Returns: [-0.002017288435734303, -0.0019829510115977034, -0.0020235494229951475, -0.0017337898000264486, -0.002715591469068752, -0.0021086537822939504, -0.0019167700762276203, -0.0018371945872140147, 0.0020685628492785003, -0.002182675108810055, 0.0011591598586823235, -0.0022337938718043323, 0.0005871030551654179, 0.0008467148947548247, -0.0020704701971028276, 0.000602351401396538, -0.001962037546263955, 0.004750083989697297, -0.0025690669446719805, -0.001928203222960109, -0.0024884279723871986, -0.0023676031104245617, -0.002298721895699227, -0.002796613992091298, -0.002318200322663331, -0.002586924409318928, 0.0007065215337940173, -0.002272864564455722, -0.0018617886794166409, -0.0015447169918869118, -0.0023315767524737475, -0.0027688074337246476, 0.025083867323611484, 0.01004119608255599, -0.0022227096046488924, 0.007636111752482063, 0.009867848193155313, 0.0005808761063874852, 0.0007166026864436584, 0.002081191863047389, -0.0004558981827392607, 0.0033013395402378466, -0.0021756111464893485, -0.00044113313361817264, 0.008913374945964525, -0.0028110181873593847, -0.002026114767626032, 0.0004215380735349831, -0.0020095652424443246, -0.0026703811427787865, 0.00036725596474341686, 0.00365855202359704]
Daily Returns: [0, 0, -0.002017288435734303, 0, 0, 0, -0.0019829510115977034, -0.0020235494229951475, 0, 0, 0, 0, 0, 0, 0, 0, -0.0017337898000264486, 0, 0, 0, -0.002715591469068752, 0, 0, 0, 0, 0, 0, 0, 0, 0, 0, 0, 0, 0, 0, 0, 0, 0, 0, 0, 0, 0, 0, 0, 0, 0, 0, 0, 0, 0, 0, 0, 0, 0, 0, 0, 0, 0, 0, -0.0021086537822939504, 0, 0, 0, 0, 0, 0, -0.0019167700762276203, 0, 0, -0.0018371945872140147, 0, 0, 0, 0, 0, 0, 0, 0, 0, 0.0020685628492785003, -0.002182675108810055, 0, 0.0011591598586823235, 0, 0, 0, -0.0022337938718043323, 0, 0.0005871030551654179, 0, 0, 0, 0, 0, 0, 0.0008467148947548247, 0, 0, 0, 0, 0, 0, 0, 0, 0, 0, 0, 0, 0, 0, 0, 0, 0, 0, 0, 0, 0, 0, 0, 0, 0, 0, 0, 0, 0, 0, 0, -0.0020704701971028276, 0.000602351401396538, 0, 0, 0, 0, 0, 0, 0, 0, 0, 0, 0, 0, 0, 0, 0, 0, -0.001962037546263955, 0, 0, 0, 0, 0, 0, 0, 0, 0.004750083989697297, 0, 0, 0, 0, 0, -0.0025690669446719805, 0, 0, 0, 0, 0, 0, -0.001928203222960109, 0, 0, 0, 0, 0, 0, -0.0024884279723871986, 0, 0, 0, 0, -0.0023676031104245617, -0.002298721895699227, 0, 0, 0, 0, 0, 0, 0, 0, 0, 0, 0, 0, 0, 0, 0, 0, 0, 0, 0, 0, 0, 0, 0, 0, 0, 0, 0, 0, 0, 0, 0, 0, 0, -0.002796613992091298, 0, -0.002318200322663331, -0.002586924409318928, 0, 0, 0, 0, 0, 0, 0, 0, 0.0007065215337940173, 0, 0, 0, 0, 0, 0, 0, 0, -0.002272864564455722, 0, 0, -0.0018617886794166409, 0, 0, 0, 0, 0, 0, 0, -0.0015447169918869118, 0, 0, 0, -0.0023315767524737475, 0, 0, 0, 0, -0.0027688074337246476, 0.025083867323611484, 0, 0, 0, 0, 0, 0, 0, 0, 0, 0, 0, 0, 0, 0, 0, 0, 0, 0, 0, 0, 0, 0, 0, 0, 0, 0, 0, 0, 0, 0, 0, 0, 0, 0, 0, 0, 0, 0.01004119608255599, 0, 0, 0, 0.0054134021478331705, 0, 0, 0.009867848193155313, 0, 0, 0.0005808761063874852, 0.0007166026864436584, 0, 0, 0, 0, 0.002081191863047389, 0, 0, 0.002845441357498586, 0, 0, -0.0021756111464893485, 0, 0, 0, 0, 0, 0, -0.00044113313361817264, 0, 0, 0, 0, 0, 0, 0, 0, 0.008913374945964525, 0, -0.0028110181873593847, 0, 0, 0, 0, 0, 0, 0, 0, 0, 0, 0, 0, 0, 0, 0, 0, 0, 0, 0, 0, 0, 0, 0, 0, 0, 0, 0, 0, 0, 0, 0, -0.002026114767626032, 0, 0, 0, 0, 0.0004215380735349831, 0, 0, 0, 0, 0, -0.0020095652424443246, 0, 0, 0, 0, 0, 0, 0, 0, 0, 0, 0, 0, 0, -0.0026703811427787865, 0, 0, 0, 0, 0, 0, 0, 0, 0, 0.0040258079883404565, 0, 0]
Start Date: 2024-07-24
End Date: 2025-11-06
Sharpe Ratio: 0.02
Annualized Sharpe: 0.318
Sharpe 95% CI: (np.float64(-1.928), np.float64(1.434))
Sortino Ratio: 0.074
CAGR: 0.008
Calmar Ratio: 0.189
Daily Win Rate (%): 0.365
Max Drawdown: 0.043
Profit Factor: 1.196
Expectancy: 0.000263
Average Win: 0.004389
Average Loss: 0.002113
Total Trades: 52
Total Days: 404



Rolling 8 - Variant 0 - atr_0.25_15 - Fit Metrics
Contracts: [3, 4, 4, 3, 3, 3, 3, 3, 3, 3, 2, 1, 2, 1, 1, 2, 2, 2, 2, 2, 2, 2, 1, 2, 1, 2, 2, 1, 1, 1, 2, 2, 2, 2, 2, 2, 2, 2, 2, 2, 2, 2, 3, 2, 2, 3, 2, 3, 4, 3, 3, 2, 2, 3, 3, 5, 3, 3, 3, 3, 3, 4, 4, 4, 4, 3, 3, 5, 3, 3, 4, 5, 5, 5, 5, 4, 3, 3, 4, 4, 4, 5, 3, 5, 4, 4, 3, 5, 4, 5, 4, 3, 4, 3, 4, 4, 5, 3, 4, 5, 5, 5, 3, 4, 4, 4, 4, 4, 4, 4, 6, 7, 8, 5, 5, 5, 5, 6, 5, 5, 6, 7, 7, 7, 7, 6, 6, 7, 7, 6, 6, 7, 5, 4, 4, 4, 6, 3, 3, 3, 3, 5, 5, 5, 4, 4, 6, 6, 6, 5, 5, 3, 7, 7, 7, 5, 8, 5, 2, 4, 4, 5, 3, 5, 5, 6, 6, 6, 7, 5, 6, 7, 7, 7, 6, 4, 7, 8, 7, 6, 7, 5, 7, 7]
Trade Returns: [0.004673999999999995, -0.001879216541883238, 0.004738797709581083, 0.004400826569320462, -0.002021795069428799, -0.0018476601255933607, -0.0017915600261889178, 0.004227560834540777, 0.0009143915733473045, -0.002260161829959899, 0.02581985163692866, -0.0012612643790868524, 0.0016885593343134932, -0.0011281010747761608, 0.004525209541485245, -0.0024082269000089696, 0.005406556553003612, -0.0027774855339295114, -0.0019658723029366905, 0.003159265152611017, -0.0017577368367289645, -0.0027852214462051363, -0.0012569096241434768, -0.0027876261874475628, 0.0014616822140026842, 0.006306644625027586, 0.023040995968114243, -0.001130051858286608, -0.0012254509791372143, 0.00030909454146579456, 0.004179023487694695, 0.006319376167996337, -0.0020546974635114066, -4.1103824524036384e-05, -0.002077696895412624, -0.0018964735336998838, -0.002144158014306902, 0.0007651712070575915, -0.0016513885144243724, -0.0016219226745542523, 0.013414850190159894, 0.0015026296018031513, 0.0011921297155972233, -0.0004117409222254832, -0.0018035001261707895, -0.0022640246849325234, -0.0015872956729425694, -0.0020768412606594375, -0.002737487308268369, 0.002666251666407326, -0.002249628334470924, -0.0017280415029837753, 0.0015170005444680127, -0.002030226568036021, -0.002654243878614832, -0.0018201268607631288, 0.0077766269472336925, -0.001724824699189068, -0.0022224649773421564, 0.0005962410398745347, -0.0026852572963004155, 0.002034491821380701, -0.002498325329509108, -0.0024900717095480964, -0.0012798199946391204, 0.0025480912016132267, 0.0012113710380430962, 0.0030848329048843155, -0.002977648788210017, -0.0017864142068923924, -0.0019959891024670796, -0.0019999810428337167, -0.0022889163263367833, -0.002579748498319831, -0.0019927847448891938, 0.0008523734883242204, 0.0030066214525883133, -0.002197370706254577, 0.00010669410229295971, 0.0009068031189455368, -0.0017206036578054306, 0.0013129780329410438, -0.0023927869390058584, 0.007052536145440663, -7.581213752336836e-06, 0.004996057738961628, -0.0016746754373392272, -0.00246522241784481, 0.03229942108741637, 0.0010915128000513236, 0.010217881292261467, -0.0021816811266462273, -0.002130155593973821, 0.0010557133683786544, -0.0020091320876957043, 0.0034938829695087743, -0.002416850353350791, 0.00032242022831724127, -0.00044432304470543325, -0.002331911110463359, -0.002063452063999884, -0.001729403137005944, -0.0019078319792112108, -0.0022044256958405205, -0.0020991981209974872, 0.0033760798490693644, -0.0019865777715875406, 0.0030558320646445624, 0.009734587818214476, 0.002783806911039379, 0.010815908307792705, -0.002147570572003719, -0.002315809535453643, -0.0017245769368985436, 0.0016190186756969726, 0.00021672424909566126, -0.003152654567647555, -0.0012317211673093964, 0.007608003728737959, 0.009168664549990279, -0.0020364433247009777, -0.002509443855875524, 0.0016145903178221884, -0.0020743406560057706, -0.0008264521945704564, -0.0024814073482599722, 0.00036413078573323753, 0.001556406279417937, -0.002212821114180496, -0.0006028776642796964, -0.0024003978520299256, 0.0005815122189357366, -0.0019886476116432175, -0.0019547416008323885, -0.001994706078975184, -0.0017090272484842346, -0.0026767401077587385, -0.002078404774330338, -0.0018892478500250269, -0.001810765025429123, 0.0025484386018114857, -0.0021501888704037447, 0.0011424968749886057, -0.0022004751565441777, 0.0005783266593949053, 0.0008340649692712911]
Daily Returns: [0.004673999999999995, 0, 0, 0, 0, 0, 0, 0, 0, 0, 0, 0, 0, 0, -0.001879216541883238, 0.004738797709581083, 0, 0, 0, 0, 0, 0, 0, 0, 0, 0, 0, 0, 0, 0, 0, 0.004400826569320462, -0.002021795069428799, 0, -0.0018476601255933607, 0, 0, 0, 0, 0, 0, -0.0017915600261889178, 0, 0, 0, 0, 0, 0.005141952407888081, -0.002260161829959899, 0, 0, 0, 0, 0, 0.02581985163692866, 0, 0, 0, 0, 0, 0, 0, 0, 0, 0, 0, 0, 0, 0, 0, 0, 0, 0, 0, 0, 0, 0, 0, 0, 0, 0, 0, 0, 0, 0, 0, 0, 0, 0, 0, 0, 0, 0, -0.0012612643790868524, 0, 0, 0, 0, 0.0016885593343134932, -0.0011281010747761608, 0, 0, 0, 0, 0, 0, 0, 0, 0, 0, 0.004525209541485245, 0, 0, -0.0024082269000089696, 0.005406556553003612, 0, -0.0027774855339295114, 0, -0.0019658723029366905, 0.003159265152611017, 0, 0, -0.0017577368367289645, -0.0027852214462051363, 0, 0, -0.0012569096241434768, 0, 0, 0, 0, -0.0027876261874475628, 0, 0, 0, 0, 0, 0, 0, 0, 0, 0, 0, 0, 0, 0, 0, 0, 0, 0, 0, 0, 0, 0, 0.0014616822140026842, 0, 0, 0, 0, 0, 0, 0, 0, 0, 0, 0, 0, 0, 0.006306644625027586, 0, 0, 0.021910944109827635, 0, 0, 0, 0, 0, -0.0012254509791372143, 0, 0, 0, 0, 0.00030909454146579456, 0, 0, 0, 0, 0, 0.004179023487694695, 0.0042646787044849305, -4.1103824524036384e-05, 0, 0, 0, -0.002077696895412624, 0, 0, 0, 0, 0, 0, 0, -0.0032754603409491947, -0.0016513885144243724, 0, 0, -0.0016219226745542523, 0, 0, 0, 0.013414850190159894, 0, 0, 0, 0, 0, 0, 0, 0, 0, 0, 0, 0, 0, 0, 0, 0, 0, 0, 0, 0, 0, 0, 0, 0, 0, 0, 0, 0, 0, 0, 0, 0, 0, 0, 0, 0, 0, 0.0015026296018031513, 0, 0, 0, 0, 0, 0, 0, 0.0011921297155972233, 0, 0, 0, 0, 0, 0, -0.0004117409222254832, 0, 0, -0.0018035001261707895, -0.0038513203578750925, -0.0020768412606594375, 0, 0, 0, 0, -7.123564186104284e-05, 0, 0, 0, 0, 0, 0, -0.002249628334470924, 0, 0, 0, -0.0017280415029837753, 0.0015170005444680127, 0, 0, 0, 0, 0, 0, 0, 0, 0, 0, 0, 0, 0, 0, 0, 0, 0, 0, 0, 0, 0, 0, 0, 0, 0, 0, 0, 0, 0, 0, 0, 0, 0, 0, 0, 0, 0, 0, -0.002030226568036021, 0, 0, -0.002654243878614832, 0, 0, 0, 0, 0, 0.005956500086470563, -0.001724824699189068, 0, 0, 0, 0, -0.0022224649773421564, 0, -0.002089016256425881, 0, 0, 0, 0, 0, 0.002034491821380701, -0.002498325329509108, 0, 0, 0, 0, 0, -0.003769891704187217, 0, 0, 0, 0, 0.0025480912016132267, 0, 0, 0, 0, 0.0012113710380430962, 0.00010718411667429845, 0, 0, 0, 0, 0, 0, 0, 0, 0, 0, 0, 0, 0, 0, 0, 0, 0, 0, 0, 0, 0, 0, 0, 0, 0, 0, 0, 0, 0, 0, 0, 0, -0.0017864142068923924, 0, 0, 0, 0, 0, 0, 0, 0, 0, 0, 0, 0, -0.00628488647163758, 0, 0, 0, 0, -0.002579748498319831, 0, 0, 0, 0, 0, 0, -0.0019927847448891938, 0, 0, 0, 0, 0.003858994940912534, 0, -0.002197370706254577, 0, 0, 0, 0, 0, 0, 0, 0, 0, 0, 0, 0.00010669410229295971, 0, 0.0009068031189455368, 0, 0, 0, 0, 0, 0, 0, 0, 0, 0, 0, 0, 0, 0, 0, 0, 0, 0, 0, 0, 0, 0, 0, 0, 0, 0, 0, 0, -0.0017206036578054306, 0, 0, 0, 0, 0, 0.0013129780329410438, 0, 0, 0, 0, 0, 0, -0.0023927869390058584, 0, 0, 0, 0, 0, 0, 0, 0.007052536145440663, 0, 0, 0, 0, 0, 0, 0, 0, 0, 0, 0, 0, 0, -7.581213752336836e-06, 0, 0.004996057738961628, 0, 0, -0.0016746754373392272, 0, 0, 0, 0, 0, -0.00246522241784481, 0, 0, 0, 0, 0.03229942108741637, 0, 0, 0, 0, 0, 0, 0, 0, 0, 0, 0, 0, 0, 0, 0, 0, 0, 0, 0, 0, 0, 0, 0, 0, 0, 0, 0, 0, 0, 0, 0, 0, 0, 0.0010915128000513236, 0, 0.010217881292261467, 0, 0, 0, 0, 0, 0, 0, 0, 0, -0.0021816811266462273, 0, 0, 0, 0, 0, 0, 0, 0, 0, 0, 0, 0, 0, 0, -0.0010744422255951666, 0, 0, -0.0020091320876957043, 0, 0.0034938829695087743, 0, 0, 0, 0, 0, 0, 0, 0, -0.002416850353350791, 0, 0, 0, 0, 0, 0, 0, 0, 0, 0, 0, 0, 0, 0, 0, 0, 0, 0, 0, 0, 0, 0, 0, 0, 0, 0, 0, 0, 0, 0.00032242022831724127, -0.00044432304470543325, 0, 0, -0.002331911110463359, 0, -0.002063452063999884, 0, 0, 0, 0, 0, -0.001729403137005944, 0, 0, 0, 0, -0.004112257675051731, -0.0020991981209974872, 0, 0, 0.0013895020774818238, 0, 0, 0, 0, 0, 0.0030558320646445624, 0, 0, 0, 0, 0, 0, 0, 0, 0.009734587818214476, 0.002783806911039379, 0, 0, 0, 0, 0, 0, 0, 0, 0, 0, 0.010815908307792705, 0, 0, 0, 0, 0, 0, 0, 0, 0, 0, 0, 0, 0, 0, 0, 0, 0, 0, 0, 0, 0, 0, 0, 0, 0, 0, 0, 0, 0, 0, 0, 0, 0, 0, -0.002147570572003719, -0.002315809535453643, 0, 0, 0, 0, 0, 0, 0, 0, 0, 0, -0.0017245769368985436, 0.001835742924792634, 0, 0, -0.0043843757349569515, 0, 0, 0, 0, 0, 0, 0, 0, 0.007608003728737959, 0, 0, 0, 0.009168664549990279, -0.0020364433247009777, 0, 0, 0, 0, 0, 0, 0, -0.002509443855875524, 0, 0.0016145903178221884, -0.0020743406560057706, -0.0008264521945704564, -0.0024814073482599722, 0, 0, 0, 0, 0, 0, 0, 0, 0, 0, 0, 0, 0, 0, 0, 0, 0, 0, 0, 0, 0, 0, 0, 0, 0, 0, 0, 0, 0, 0, 0, 0, 0, 0, 0.00036413078573323753, 0.001556406279417937, 0, 0, 0, 0, 0, 0, 0, 0, 0, 0, 0, 0, -0.002212821114180496, 0, 0, 0, -0.0006028776642796964, -0.0024003978520299256, 0.0005815122189357366, 0, 0, 0, 0, 0, -0.0019886476116432175, 0, 0, 0, -0.0019547416008323885, -0.001994706078975184, 0, 0, 0, 0, 0, 0, 0, 0, -0.0017090272484842346, 0, 0, 0, -0.0026767401077587385, 0, 0, 0, 0, 0, 0, 0, 0, 0, 0, 0, 0, 0, 0, 0, 0, 0, 0, 0, 0, 0, 0, 0, 0, 0, 0, 0, 0, 0, 0, 0, 0, 0, 0, 0, 0, 0, 0, -0.002078404774330338, 0, 0, 0, 0, 0, 0, -0.0018892478500250269, 0, 0, -0.001810765025429123, 0, 0, 0, 0, 0, 0, 0, 0, 0, 0.0025484386018114857, -0.0021501888704037447, 0, 0.0011424968749886057, 0, 0, 0, -0.0022004751565441777, 0, 0.0005783266593949053, 0, 0, 0, 0, 0, 0, 0.0008340649692712911, 0, 0, 0, 0, 0]
Start Date: 2021-12-17
End Date: 2024-11-18
Sharpe Ratio: 0.05
Annualized Sharpe: 0.8
Sharpe 95% CI: (np.float64(-0.263), np.float64(1.517))
Sortino Ratio: 0.107
CAGR: 0.025
Calmar Ratio: 0.89
Daily Win Rate (%): 0.397
Max Drawdown: 0.028
Profit Factor: 1.536
Expectancy: 0.00063
Average Win: 0.004548
Average Loss: 0.001952
Total Trades: 146
Total Days: 915

Rolling 8 - Variant 0 - atr_0.25_15 - Test Metrics
Contracts: [3, 4, 4, 3, 3, 3, 3, 3, 3, 3, 2, 1, 2, 1, 1, 2, 2, 2, 2, 2, 2, 2, 1, 2, 1, 2, 2, 1, 1, 1, 2, 2, 2, 2, 2, 2, 2, 2, 2, 2, 2, 2, 3, 2, 2, 3, 2, 3, 4, 3, 3, 2, 2, 3, 3, 5, 3, 3, 3, 3, 3, 4, 4, 4, 4, 3, 3, 5, 3, 3, 4, 5, 5, 5, 5, 4, 3, 3, 4, 4, 4, 5, 3, 5, 4, 4, 3, 5, 4, 5, 4, 3, 4, 3, 4, 4, 5, 3, 4, 5, 5, 5, 3, 4, 4, 4, 4, 4, 4, 4, 6, 7, 8, 5, 5, 5, 5, 6, 5, 5, 6, 7, 7, 7, 7, 6, 6, 7, 7, 6, 6, 7, 5, 4, 4, 4, 6, 3, 3, 3, 3, 5, 5, 5, 4, 4, 6, 6, 6, 5, 5, 3, 7, 7, 7, 5, 8, 5, 2, 4, 4, 5, 3, 5, 5, 6, 6, 6, 7, 5, 6, 7, 7, 7, 6, 4, 7, 8, 7, 6, 7, 5, 7, 7]
Trade Returns: [-0.002039563138734156, 0.0005933413910559032, -0.001932706667838005, 0.004678756057564358, -0.002530587096206321, -0.0018993838896381116, -0.002451164624029481, -0.0027206448499316623, -0.002264214747536381, -0.0027554075799632997, -0.002283948668717889, -0.0025489048020997077, 0.001392117414309397, -0.0022376728202669234, -0.0018328971509998053, -0.0015206465647041665, -0.0022953285398911315, -0.002725597008774363, 0.03088999629958696, 0.009828394841277078, -0.0021760625897670935, 0.007475506594865112, 0.009661844419714901, 0.0005688656286054338, 0.0008421531403961284, 0.0020379289103648226, -0.00044644043474801806, 0.0037716252550012773, -0.0021294591067925524, -0.0004317552443221836, 0.008723806893719368, -0.0027517509946140815, -0.0019832785160078924, 0.0004126081774003647, -0.0022948473450625545, -0.002614582302811031, 0.00035956186589581235, 0.0035819320477567447]
Daily Returns: [0, 0, 0, 0, 0, 0, 0, 0, 0, 0, 0, 0, 0, 0, 0, 0, 0, 0, 0, 0, 0, 0, 0, 0, 0, 0, -0.002039563138734156, 0.0005933413910559032, 0, 0, 0, 0, 0, 0, 0, 0, 0, 0, 0, 0, 0, 0, 0, 0, -0.001932706667838005, 0, 0, 0, 0, 0, 0, 0, 0, 0.004678756057564358, 0, 0, 0, 0, 0, -0.002530587096206321, 0, 0, 0, 0, 0, 0, -0.0018993838896381116, 0, 0, 0, 0, 0, 0, -0.002451164624029481, 0, 0, 0, 0, -0.0027206448499316623, -0.002264214747536381, 0, 0, 0, 0, 0, 0, 0, 0, 0, 0, 0, 0, 0, 0, 0, 0, 0, 0, 0, 0, 0, 0, 0, 0, 0, 0, 0, 0, 0, 0, 0, 0, 0, -0.0027554075799632997, 0, -0.002283948668717889, -0.0025489048020997077, 0, 0, 0, 0, 0, 0, 0, 0, 0.001392117414309397, 0, 0, 0, 0, 0, 0, 0, 0, -0.0022376728202669234, 0, 0, -0.0018328971509998053, 0, 0, 0, 0, 0, 0, 0, -0.0015206465647041665, 0, 0, 0, -0.0022953285398911315, 0, 0, 0, 0, -0.002725597008774363, 0.03088999629958696, 0, 0, 0, 0, 0, 0, 0, 0, 0, 0, 0, 0, 0, 0, 0, 0, 0, 0, 0, 0, 0, 0, 0, 0, 0, 0, 0, 0, 0, 0, 0, 0, 0, 0, 0, 0, 0, 0.009828394841277078, 0, 0, 0, 0.005299444005098018, 0, 0, 0.009661844419714901, 0, 0, 0.0005688656286054338, 0.0008421531403961284, 0, 0, 0, 0, 0.0020379289103648226, 0, 0, 0.003325184820253259, 0, 0, -0.0021294591067925524, 0, 0, 0, 0, 0, 0, -0.0004317552443221836, 0, 0, 0, 0, 0, 0, 0, 0, 0.008723806893719368, 0, -0.0027517509946140815, 0, 0, 0, 0, 0, 0, 0, 0, 0, 0, 0, 0, 0, 0, 0, 0, 0, 0, 0, 0, 0, 0, 0, 0, 0, 0, 0, 0, 0, 0, 0, -0.0019832785160078924, 0, 0, 0, 0, 0.0004126081774003647, 0, 0, 0, 0, 0, -0.0022948473450625545, 0, 0, 0, 0, 0, 0, 0, 0, 0, 0, 0, 0, 0, -0.002614582302811031, 0, 0, 0, 0, 0, 0, 0, 0, 0, 0.003941493913652557, 0, 0]
Start Date: 2024-11-19
End Date: 2025-11-06
Sharpe Ratio: 0.055
Annualized Sharpe: 0.872
Sharpe 95% CI: (np.float64(-1.5), np.float64(1.96))
Sortino Ratio: 0.224
CAGR: 0.03
Calmar Ratio: 1.051
Daily Win Rate (%): 0.395
Max Drawdown: 0.028
Profit Factor: 1.736
Expectancy: 0.000946
Average Win: 0.005655
Average Loss: 0.002125
Total Trades: 38
Total Days: 303



Rolling 8 - Variant 1 - atr_0.25_13 - Fit Metrics
Contracts: [3, 4, 4, 3, 3, 3, 3, 3, 3, 3, 2, 1, 2, 1, 1, 2, 2, 2, 2, 2, 2, 2, 1, 2, 1, 2, 2, 1, 1, 1, 2, 2, 2, 2, 2, 2, 2, 2, 2, 2, 2, 2, 3, 2, 2, 3, 2, 3, 3, 3, 3, 2, 2, 3, 3, 5, 3, 3, 3, 3, 3, 4, 4, 4, 4, 3, 3, 5, 3, 3, 3, 5, 5, 5, 5, 4, 3, 3, 4, 4, 4, 5, 3, 5, 4, 4, 3, 5, 4, 5, 4, 3, 4, 3, 4, 4, 5, 3, 4, 5, 5, 5, 3, 4, 4, 4, 4, 4, 3, 4, 6, 7, 8, 5, 5, 5, 5, 6, 5, 5, 6, 6, 6, 7, 7, 6, 6, 7, 7, 6, 6, 7, 5, 4, 4, 4, 6, 3, 3, 3, 3, 5, 5, 5, 4, 4, 6, 6, 6, 5, 5, 3, 7, 7, 6, 5, 8, 5, 1, 4, 4, 5, 3, 5, 5, 6, 6, 6, 7, 5, 6, 7, 7, 7, 6, 4, 7, 8, 7, 6, 6, 5, 7, 7]
Trade Returns: [0.004673999999999995, -0.001879216541883238, 0.004738797709581083, 0.004400826569320462, -0.002021795069428799, -0.0018476601255933607, -0.0017915600261889178, 0.004227560834540777, 0.0009143915733473045, -0.002260161829959899, 0.022371391255576505, -0.001265498010120126, 0.0016942548477206036, -0.0011318925204310466, 0.004540435595622755, -0.002416249758279294, 0.005424665867147642, -0.0027867609661539057, -0.001972474142639603, 0.003169903335365317, -0.0017636513771757724, -0.0027945487054041418, -0.00126114642278045, -0.0027970346002102625, 0.0014666293201375609, 0.006327958388526548, 0.02003026349311737, -0.0011371936105234873, -0.001233204456206087, 0.00031105260961760296, 0.004205488750602019, 0.006359228433756778, -0.002067573246878001, -4.1361935738592554e-05, -0.002090744320019252, -0.0019084185395695109, -0.0021576888922478117, 0.0007699943760214816, -0.0016617805545297642, -0.0016321800775569548, 0.013499827411591076, 0.0015120213180035288, 0.0011995695002914913, -0.00041430741610275326, -0.0018147464955975581, -0.0022781684872063427, -0.0015972344597710618, -0.0020898661208855157, -0.0020660185113753307, 0.002681202732488783, -0.002262209443361081, -0.0017377275348770575, 0.001525518449710751, -0.0020416088556433594, -0.002669155107569027, -0.0018304156925357802, 0.007820667355997473, -0.0017345168860320363, -0.0022349839384205087, 0.0005996057023261002, -0.00270040145715483, 0.0020459969005809106, -0.0025124245466155316, -0.002504088307440718, -0.0012870452629900637, 0.00256250749062602, 0.0012182070724320955, 0.003102272338451826, -0.0029944318728844705, -0.0017964820787647474, -0.0020061725460516428, -0.0020102053648665638, -0.0023006413156995377, -0.00259299375002392, -0.0020030429368753677, 0.0008567567826578839, 0.003022129601682529, -0.0016573327005220688, 0.00010724230249222359, 0.0009114618239193819, -0.0017294352169637697, 0.0013197452718733003, -0.0024050899752783577, 0.007088837814297389, -7.619962014504524e-06, 0.005021593231898125, -0.0016831921511688518, -0.002477780667994479, 0.02812461932025825, 0.001101541788237343, 0.010311661460905017, -0.002201479233139211, -0.0021495287712501904, 0.0010653038587062871, -0.0020274439514588786, 0.0035257920150748006, -0.0024388454908864203, 0.00032536166614584457, -0.0004483752827612359, -0.002353187742097978, -0.002082323652063989, -0.0017452039108767814, -0.0019252934504983825, -0.0022246406669487514, -0.0021184910565974157, 0.0034071739941320825, -0.0020048122892773993, 0.003083837919388098, 0.009830754208953489, 0.0021070578097347227, 0.010921716709274259, -0.002168352559271928, -0.0023382682654515437, -0.0017413756320464185, 0.0016348166630743126, 0.0002188355396211201, -0.0031833604690807474, -0.0012437560701697918, 0.0076824325932925855, 0.009257677475165652, -0.002056239047797551, -0.0021716425973277646, 0.001396774065478754, -0.002094040813972768, -0.0008343175390883154, -0.0025050426182575327, 0.00036760578173269823, 0.0015712540163822896, -0.002233897772066519, -0.000608632804221322, -0.0024233262826682334, 0.0005870650011414908, -0.0020076891770109606, -0.001973496164972629, -0.002013881921579001, -0.0017254899093569452, -0.002702569088542097, -0.002098514516102382, -0.0019075447253080473, -0.001828335331061264, 0.002573212032671486, -0.002171037259047063, 0.0011535744248686304, -0.0022218575466636196, 0.0005839588715549455, 0.0008421830270569772]
Daily Returns: [0.004673999999999995, 0, 0, 0, 0, 0, 0, 0, 0, 0, 0, 0, 0, 0, -0.001879216541883238, 0.004738797709581083, 0, 0, 0, 0, 0, 0, 0, 0, 0, 0, 0, 0, 0, 0, 0, 0.004400826569320462, -0.002021795069428799, 0, -0.0018476601255933607, 0, 0, 0, 0, 0, 0, -0.0017915600261889178, 0, 0, 0, 0, 0, 0.005141952407888081, -0.002260161829959899, 0, 0, 0, 0, 0, 0.022371391255576505, 0, 0, 0, 0, 0, 0, 0, 0, 0, 0, 0, 0, 0, 0, 0, 0, 0, 0, 0, 0, 0, 0, 0, 0, 0, 0, 0, 0, 0, 0, 0, 0, 0, 0, 0, 0, 0, 0, -0.001265498010120126, 0, 0, 0, 0, 0.0016942548477206036, -0.0011318925204310466, 0, 0, 0, 0, 0, 0, 0, 0, 0, 0, 0.004540435595622755, 0, 0, -0.002416249758279294, 0.005424665867147642, 0, -0.0027867609661539057, 0, -0.001972474142639603, 0.003169903335365317, 0, 0, -0.0017636513771757724, -0.0027945487054041418, 0, 0, -0.00126114642278045, 0, 0, 0, 0, -0.0027970346002102625, 0, 0, 0, 0, 0, 0, 0, 0, 0, 0, 0, 0, 0, 0, 0, 0, 0, 0, 0, 0, 0, 0, 0.0014666293201375609, 0, 0, 0, 0, 0, 0, 0, 0, 0, 0, 0, 0, 0, 0.006327958388526548, 0, 0, 0.018893069882593882, 0, 0, 0, 0, 0, -0.001233204456206087, 0, 0, 0, 0, 0.00031105260961760296, 0, 0, 0, 0, 0, 0.004205488750602019, 0.0042916551868787765, -4.1361935738592554e-05, 0, 0, 0, -0.002090744320019252, 0, 0, 0, 0, 0, 0, 0, -0.003296113055795841, -0.0016617805545297642, 0, 0, -0.0016321800775569548, 0, 0, 0, 0.013499827411591076, 0, 0, 0, 0, 0, 0, 0, 0, 0, 0, 0, 0, 0, 0, 0, 0, 0, 0, 0, 0, 0, 0, 0, 0, 0, 0, 0, 0, 0, 0, 0, 0, 0, 0, 0, 0, 0, 0.0015120213180035288, 0, 0, 0, 0, 0, 0, 0, 0.0011995695002914913, 0, 0, 0, 0, 0, 0, -0.00041430741610275326, 0, 0, -0.0018147464955975581, -0.0038754029469774045, -0.0020898661208855157, 0, 0, 0, 0, 0.0006151842211134522, 0, 0, 0, 0, 0, 0, -0.002262209443361081, 0, 0, 0, -0.0017377275348770575, 0.001525518449710751, 0, 0, 0, 0, 0, 0, 0, 0, 0, 0, 0, 0, 0, 0, 0, 0, 0, 0, 0, 0, 0, 0, 0, 0, 0, 0, 0, 0, 0, 0, 0, 0, 0, 0, 0, 0, 0, 0, -0.0020416088556433594, 0, 0, -0.002669155107569027, 0, 0, 0, 0, 0, 0.005990251663461692, -0.0017345168860320363, 0, 0, 0, 0, -0.0022349839384205087, 0, -0.00210079575482873, 0, 0, 0, 0, 0, 0.0020459969005809106, -0.0025124245466155316, 0, 0, 0, 0, 0, -0.003791133570430782, 0, 0, 0, 0, 0.00256250749062602, 0, 0, 0, 0, 0.0012182070724320955, 0.00010784046556735561, 0, 0, 0, 0, 0, 0, 0, 0, 0, 0, 0, 0, 0, 0, 0, 0, 0, 0, 0, 0, 0, 0, 0, 0, 0, 0, 0, 0, 0, 0, 0, 0, -0.0017964820787647474, 0, 0, 0, 0, 0, 0, 0, 0, 0, 0, 0, 0, -0.006317019226617745, 0, 0, 0, 0, -0.00259299375002392, 0, 0, 0, 0, 0, 0, -0.0020030429368753677, 0, 0, 0, 0, 0.003878886384340413, 0, -0.0016573327005220688, 0, 0, 0, 0, 0, 0, 0, 0, 0, 0, 0, 0.00010724230249222359, 0, 0.0009114618239193819, 0, 0, 0, 0, 0, 0, 0, 0, 0, 0, 0, 0, 0, 0, 0, 0, 0, 0, 0, 0, 0, 0, 0, 0, 0, 0, 0, 0, -0.0017294352169637697, 0, 0, 0, 0, 0, 0.0013197452718733003, 0, 0, 0, 0, 0, 0, -0.0024050899752783577, 0, 0, 0, 0, 0, 0, 0, 0.007088837814297389, 0, 0, 0, 0, 0, 0, 0, 0, 0, 0, 0, 0, 0, -7.619962014504524e-06, 0, 0.005021593231898125, 0, 0, -0.0016831921511688518, 0, 0, 0, 0, 0, -0.002477780667994479, 0, 0, 0, 0, 0.02812461932025825, 0, 0, 0, 0, 0, 0, 0, 0, 0, 0, 0, 0, 0, 0, 0, 0, 0, 0, 0, 0, 0, 0, 0, 0, 0, 0, 0, 0, 0, 0, 0, 0, 0, 0.001101541788237343, 0, 0.010311661460905017, 0, 0, 0, 0, 0, 0, 0, 0, 0, -0.002201479233139211, 0, 0, 0, 0, 0, 0, 0, 0, 0, 0, 0, 0, 0, 0, -0.0010842249125439032, 0, 0, -0.0020274439514588786, 0, 0.0035257920150748006, 0, 0, 0, 0, 0, 0, 0, 0, -0.0024388454908864203, 0, 0, 0, 0, 0, 0, 0, 0, 0, 0, 0, 0, 0, 0, 0, 0, 0, 0, 0, 0, 0, 0, 0, 0, 0, 0, 0, 0, 0, 0.00032536166614584457, -0.0004483752827612359, 0, 0, -0.002353187742097978, 0, -0.002082323652063989, 0, 0, 0, 0, 0, -0.0017452039108767814, 0, 0, 0, 0, -0.004149934117447134, -0.0021184910565974157, 0, 0, 0.0014023617048546833, 0, 0, 0, 0, 0, 0.003083837919388098, 0, 0, 0, 0, 0, 0, 0, 0, 0.009830754208953489, 0.0021070578097347227, 0, 0, 0, 0, 0, 0, 0, 0, 0, 0, 0.010921716709274259, 0, 0, 0, 0, 0, 0, 0, 0, 0, 0, 0, 0, 0, 0, 0, 0, 0, 0, 0, 0, 0, 0, 0, 0, 0, 0, 0, 0, 0, 0, 0, 0, 0, 0, -0.002168352559271928, -0.0023382682654515437, 0, 0, 0, 0, 0, 0, 0, 0, 0, 0, -0.0017413756320464185, 0.0018536522026954326, 0, 0, -0.004427116539250539, 0, 0, 0, 0, 0, 0, 0, 0, 0.0076824325932925855, 0, 0, 0, 0.009257677475165652, -0.002056239047797551, 0, 0, 0, 0, 0, 0, 0, -0.0021716425973277646, 0, 0.001396774065478754, -0.002094040813972768, -0.0008343175390883154, -0.0025050426182575327, 0, 0, 0, 0, 0, 0, 0, 0, 0, 0, 0, 0, 0, 0, 0, 0, 0, 0, 0, 0, 0, 0, 0, 0, 0, 0, 0, 0, 0, 0, 0, 0, 0, 0, 0.00036760578173269823, 0.0015712540163822896, 0, 0, 0, 0, 0, 0, 0, 0, 0, 0, 0, 0, -0.002233897772066519, 0, 0, 0, -0.000608632804221322, -0.0024233262826682334, 0.0005870650011414908, 0, 0, 0, 0, 0, -0.0020076891770109606, 0, 0, 0, -0.001973496164972629, -0.002013881921579001, 0, 0, 0, 0, 0, 0, 0, 0, -0.0017254899093569452, 0, 0, 0, -0.002702569088542097, 0, 0, 0, 0, 0, 0, 0, 0, 0, 0, 0, 0, 0, 0, 0, 0, 0, 0, 0, 0, 0, 0, 0, 0, 0, 0, 0, 0, 0, 0, 0, 0, 0, 0, 0, 0, 0, 0, -0.002098514516102382, 0, 0, 0, 0, 0, 0, -0.0019075447253080473, 0, 0, -0.001828335331061264, 0, 0, 0, 0, 0, 0, 0, 0, 0, 0.002573212032671486, -0.002171037259047063, 0, 0.0011535744248686304, 0, 0, 0, -0.0022218575466636196, 0, 0.0005839588715549455, 0, 0, 0, 0, 0, 0, 0.0008421830270569772, 0, 0, 0, 0, 0]
Start Date: 2021-12-17
End Date: 2024-11-18
Sharpe Ratio: 0.049
Annualized Sharpe: 0.772
Sharpe 95% CI: (np.float64(-0.306), np.float64(1.521))
Sortino Ratio: 0.097
CAGR: 0.022
Calmar Ratio: 0.812
Daily Win Rate (%): 0.397
Max Drawdown: 0.028
Profit Factor: 1.479
Expectancy: 0.000562
Average Win: 0.004369
Average Loss: 0.001947
Total Trades: 146
Total Days: 915

Rolling 8 - Variant 1 - atr_0.25_13 - Test Metrics
Contracts: [3, 4, 4, 3, 3, 3, 3, 3, 3, 3, 2, 1, 2, 1, 1, 2, 2, 2, 2, 2, 2, 2, 1, 2, 1, 2, 2, 1, 1, 1, 2, 2, 2, 2, 2, 2, 2, 2, 2, 2, 2, 2, 3, 2, 2, 3, 2, 3, 3, 3, 3, 2, 2, 3, 3, 5, 3, 3, 3, 3, 3, 4, 4, 4, 4, 3, 3, 5, 3, 3, 3, 5, 5, 5, 5, 4, 3, 3, 4, 4, 4, 5, 3, 5, 4, 4, 3, 5, 4, 5, 4, 3, 4, 3, 4, 4, 5, 3, 4, 5, 5, 5, 3, 4, 4, 4, 4, 4, 3, 4, 6, 7, 8, 5, 5, 5, 5, 6, 5, 5, 6, 6, 6, 7, 7, 6, 6, 7, 7, 6, 6, 7, 5, 4, 4, 4, 6, 3, 3, 3, 3, 5, 5, 5, 4, 4, 6, 6, 6, 5, 5, 3, 7, 7, 6, 5, 8, 5, 1, 4, 4, 5, 3, 5, 5, 6, 6, 6, 7, 5, 6, 7, 7, 7, 6, 4, 7, 8, 7, 6, 6, 5, 7, 7]
Trade Returns: [-0.0020593977553302616, 0.0005991235045026471, -0.001951529622223784, 0.004724529310645724, -0.0025552810994374695, -0.0019178785823957974, -0.002475077982543019, -0.002354840629743164, -0.002286359047449375, -0.002781464381180255, -0.0023056073119617922, -0.0025729467698331326, 0.0007026746728993, -0.002260497985453209, -0.0018516357997975256, -0.0015362579552841236, -0.0023188383939310546, -0.0027536218170118964, 0.027033438342126258, 0.009967016824191367, -0.002206451400437998, 0.00758013322991783, 0.009796053553457848, 0.0005766908756690775, 0.0008537310206948329, 0.002065922358750623, -0.0004525601976898599, 0.003823349743073837, -0.002158551515281688, -0.00043766659133064506, 0.008843300589673057, -0.0027891125001334107, -0.0020102815107613404, 0.00041823729068028704, -0.001993836258877129, -0.0026494381579960247, 0.0003643680368460342, 0.0036297933727114304]
Daily Returns: [0, 0, 0, 0, 0, 0, 0, 0, 0, 0, 0, 0, 0, 0, 0, 0, 0, 0, 0, 0, 0, 0, 0, 0, 0, 0, -0.0020593977553302616, 0.0005991235045026471, 0, 0, 0, 0, 0, 0, 0, 0, 0, 0, 0, 0, 0, 0, 0, 0, -0.001951529622223784, 0, 0, 0, 0, 0, 0, 0, 0, 0.004724529310645724, 0, 0, 0, 0, 0, -0.0025552810994374695, 0, 0, 0, 0, 0, 0, -0.0019178785823957974, 0, 0, 0, 0, 0, 0, -0.002475077982543019, 0, 0, 0, 0, -0.002354840629743164, -0.002286359047449375, 0, 0, 0, 0, 0, 0, 0, 0, 0, 0, 0, 0, 0, 0, 0, 0, 0, 0, 0, 0, 0, 0, 0, 0, 0, 0, 0, 0, 0, 0, 0, 0, 0, -0.002781464381180255, 0, -0.0023056073119617922, -0.0025729467698331326, 0, 0, 0, 0, 0, 0, 0, 0, 0.0007026746728993, 0, 0, 0, 0, 0, 0, 0, 0, -0.002260497985453209, 0, 0, -0.0018516357997975256, 0, 0, 0, 0, 0, 0, 0, -0.0015362579552841236, 0, 0, 0, -0.0023188383939310546, 0, 0, 0, 0, -0.0027536218170118964, 0.027033438342126258, 0, 0, 0, 0, 0, 0, 0, 0, 0, 0, 0, 0, 0, 0, 0, 0, 0, 0, 0, 0, 0, 0, 0, 0, 0, 0, 0, 0, 0, 0, 0, 0, 0, 0, 0, 0, 0, 0.009967016824191367, 0, 0, 0, 0.005373681829479832, 0, 0, 0.009796053553457848, 0, 0, 0.0005766908756690775, 0.0008537310206948329, 0, 0, 0, 0, 0.002065922358750623, 0, 0, 0.003370789545383977, 0, 0, -0.002158551515281688, 0, 0, 0, 0, 0, 0, -0.00043766659133064506, 0, 0, 0, 0, 0, 0, 0, 0, 0.008843300589673057, 0, -0.0027891125001334107, 0, 0, 0, 0, 0, 0, 0, 0, 0, 0, 0, 0, 0, 0, 0, 0, 0, 0, 0, 0, 0, 0, 0, 0, 0, 0, 0, 0, 0, 0, 0, -0.0020102815107613404, 0, 0, 0, 0, 0.00041823729068028704, 0, 0, 0, 0, 0, -0.001993836258877129, 0, 0, 0, 0, 0, 0, 0, 0, 0, 0, 0, 0, 0, -0.0026494381579960247, 0, 0, 0, 0, 0, 0, 0, 0, 0, 0.003994161409557465, 0, 0]
Start Date: 2024-11-19
End Date: 2025-11-06
Sharpe Ratio: 0.054
Annualized Sharpe: 0.852
Sharpe 95% CI: (np.float64(-1.49), np.float64(1.975))
Sortino Ratio: 0.203
CAGR: 0.027
Calmar Ratio: 0.925
Daily Win Rate (%): 0.395
Max Drawdown: 0.029
Profit Factor: 1.664
Expectancy: 0.00085
Average Win: 0.005399
Average Loss: 0.002116
Total Trades: 38
Total Days: 303



Rolling 8 - Variant 2 - atr_0.25_14 - Fit Metrics
Contracts: [3, 4, 4, 3, 3, 3, 3, 3, 3, 3, 2, 1, 2, 1, 1, 2, 2, 2, 2, 2, 2, 2, 1, 2, 1, 2, 2, 1, 1, 1, 2, 2, 2, 2, 2, 2, 2, 2, 2, 2, 2, 2, 3, 2, 2, 3, 2, 3, 4, 3, 3, 2, 2, 3, 3, 5, 3, 3, 3, 3, 3, 4, 4, 4, 4, 3, 3, 5, 3, 3, 4, 5, 5, 5, 5, 4, 3, 3, 4, 4, 4, 5, 3, 5, 4, 4, 3, 5, 4, 5, 4, 3, 4, 3, 4, 4, 5, 3, 4, 5, 5, 5, 3, 4, 4, 4, 4, 4, 4, 4, 6, 7, 8, 5, 5, 5, 5, 6, 5, 5, 6, 6, 6, 7, 7, 6, 6, 7, 7, 6, 6, 7, 5, 4, 4, 4, 6, 3, 3, 3, 3, 5, 5, 5, 4, 4, 6, 6, 6, 5, 5, 3, 7, 7, 7, 5, 8, 5, 1, 4, 4, 5, 3, 5, 5, 6, 6, 6, 7, 5, 6, 7, 7, 7, 6, 4, 7, 8, 7, 6, 6, 5, 7, 7]
Trade Returns: [0.004673999999999995, -0.001879216541883238, 0.004738797709581083, 0.004400826569320462, -0.002021795069428799, -0.0018476601255933607, -0.0017915600261889178, 0.004227560834540777, 0.0009143915733473045, -0.002260161829959899, 0.02409562144625258, -0.001263377647845036, 0.0016914022963592243, -0.0011299936172715478, 0.00453280978222048, -0.002412231658342366, 0.005415596071098417, -0.0027821155191078842, -0.0019691676894649534, 0.0031645753035615906, -0.0017606891399071902, -0.0027898772799849368, -0.0012590244591126488, -0.0027923224687073987, 0.0014641515882355238, 0.00631728352930227, 0.021538153244981557, -0.0011336114862570826, -0.0012293154922077257, 0.0003100704843149791, 0.004192214351057331, 0.006339239667679288, -0.002061115246641803, -4.1232476197616e-05, -0.002084200188177786, -0.0019024272866724806, -0.002150902173503596, 0.00076757521484582, -0.0016565682367127067, -0.0016270352096459395, 0.01345720465235866, 0.0015073108306252684, 0.0011958380365904159, -0.0004130201821753934, -0.0018091058326912112, -0.002271074565083625, -0.0015922495570855095, -0.0020833333333333316, -0.0027460623828843766, 0.0026746265961709176, -0.0022566757646529144, -0.001733467197611499, 0.001521771884887746, -0.0020366024281265496, -0.0026625964555244616, -0.0018258900977220916, 0.007801295847096891, -0.001730253808254704, -0.002229477470941216, 0.0005981257464741529, -0.0026937402697145263, 0.0020409363269595243, -0.0025062229667698293, -0.0024979231175893046, -0.0012838672049567304, 0.0025561663956156183, 0.0012152002241117, 0.003094601513169119, -0.0029870498156725576, -0.001792053716243038, -0.002002315473818064, -0.002006332784999096, -0.002296200312511909, -0.0025879768896528666, -0.0019991574432231623, 0.0008550965283463754, 0.003016255545151713, -0.0022043200127259705, 0.00010703466202848708, 0.0009096972581036829, -0.00172609011947064, 0.0013171820357077233, -0.0024004299734326907, 0.007075087840231304, -7.605285673558249e-06, 0.005011921375958708, -0.0016799664006719864, -0.0024730241389896417, 0.030236194145394375, 0.0010971685675034847, 0.010270768097255488, -0.0021928466573658888, -0.0021410813829962, 0.0010611220910304096, -0.0020194592458856265, 0.003511878249999557, -0.002429254803257759, 0.00032407907529437345, -0.0004466083391294591, -0.0023439102282382593, -0.002074094740242578, -0.0017383140554060104, -0.0019176793875181858, -0.002215825855227804, -0.0021100782056957365, 0.0033936149762668687, -0.001996861022893902, 0.003071625901715319, 0.009784937528070064, 0.002798245743565517, 0.010871308786000684, -0.0021584524058539697, -0.002327569226209732, -0.0017333727804206933, 0.0016272904795324845, 0.0002178297261336105, -0.003168732271160727, -0.001238022586629721, 0.007646974113306481, 0.009215272677277314, -0.0020468085183461076, -0.002161786216192963, 0.0013904208268512967, -0.002084529276693457, -0.0008305199918026567, -0.0024936309857938608, 0.0003659279608619209, 0.00156408514533556, -0.0022237214950748896, -0.0006058540649021354, -0.002412255774889807, 0.0005843839619067988, -0.0019984952506348166, -0.001964440723363616, -0.002004622980169849, -0.001717540932602894, -0.002690097488695577, -0.0020888043376955175, -0.001898709865059898, -0.0018198512230389874, 0.0025612496695161654, -0.002160970312296838, 0.0011482254697285955, -0.0022115326380005556, 0.0005812392167249999, 0.0008382630307620478]
Daily Returns: [0.004673999999999995, 0, 0, 0, 0, 0, 0, 0, 0, 0, 0, 0, 0, 0, -0.001879216541883238, 0.004738797709581083, 0, 0, 0, 0, 0, 0, 0, 0, 0, 0, 0, 0, 0, 0, 0, 0.004400826569320462, -0.002021795069428799, 0, -0.0018476601255933607, 0, 0, 0, 0, 0, 0, -0.0017915600261889178, 0, 0, 0, 0, 0, 0.005141952407888081, -0.002260161829959899, 0, 0, 0, 0, 0, 0.02409562144625258, 0, 0, 0, 0, 0, 0, 0, 0, 0, 0, 0, 0, 0, 0, 0, 0, 0, 0, 0, 0, 0, 0, 0, 0, 0, 0, 0, 0, 0, 0, 0, 0, 0, 0, 0, 0, 0, 0, -0.001263377647845036, 0, 0, 0, 0, 0.0016914022963592243, -0.0011299936172715478, 0, 0, 0, 0, 0, 0, 0, 0, 0, 0, 0.00453280978222048, 0, 0, -0.002412231658342366, 0.005415596071098417, 0, -0.0027821155191078842, 0, -0.0019691676894649534, 0.0031645753035615906, 0, 0, -0.0017606891399071902, -0.0027898772799849368, 0, 0, -0.0012590244591126488, 0, 0, 0, 0, -0.0027923224687073987, 0, 0, 0, 0, 0, 0, 0, 0, 0, 0, 0, 0, 0, 0, 0, 0, 0, 0, 0, 0, 0, 0, 0.0014641515882355238, 0, 0, 0, 0, 0, 0, 0, 0, 0, 0, 0, 0, 0, 0.00631728352930227, 0, 0, 0.020404541758724474, 0, 0, 0, 0, 0, -0.0012293154922077257, 0, 0, 0, 0, 0.0003100704843149791, 0, 0, 0, 0, 0, 0.004192214351057331, 0.004278124421037485, -4.1232476197616e-05, 0, 0, 0, -0.002084200188177786, 0, 0, 0, 0, 0, 0, 0, -0.0032857542453302566, -0.0016565682367127067, 0, 0, -0.0016270352096459395, 0, 0, 0, 0.01345720465235866, 0, 0, 0, 0, 0, 0, 0, 0, 0, 0, 0, 0, 0, 0, 0, 0, 0, 0, 0, 0, 0, 0, 0, 0, 0, 0, 0, 0, 0, 0, 0, 0, 0, 0, 0, 0, 0, 0.0015073108306252684, 0, 0, 0, 0, 0, 0, 0, 0.0011958380365904159, 0, 0, 0, 0, 0, 0, -0.0004130201821753934, 0, 0, -0.0018091058326912112, -0.0038633241221691346, -0.0020833333333333316, 0, 0, 0, 0, -7.143578671345904e-05, 0, 0, 0, 0, 0, 0, -0.0022566757646529144, 0, 0, 0, -0.001733467197611499, 0.001521771884887746, 0, 0, 0, 0, 0, 0, 0, 0, 0, 0, 0, 0, 0, 0, 0, 0, 0, 0, 0, 0, 0, 0, 0, 0, 0, 0, 0, 0, 0, 0, 0, 0, 0, 0, 0, 0, 0, 0, -0.0020366024281265496, 0, 0, -0.0026625964555244616, 0, 0, 0, 0, 0, 0.005975405749374799, -0.001730253808254704, 0, 0, 0, 0, -0.002229477470941216, 0, -0.0020956145232403733, 0, 0, 0, 0, 0, 0.0020409363269595243, -0.0025062229667698293, 0, 0, 0, 0, 0, -0.003781790322546035, 0, 0, 0, 0, 0.0025561663956156183, 0, 0, 0, 0, 0.0012152002241117, 0.00010755169749656138, 0, 0, 0, 0, 0, 0, 0, 0, 0, 0, 0, 0, 0, 0, 0, 0, 0, 0, 0, 0, 0, 0, 0, 0, 0, 0, 0, 0, 0, 0, 0, 0, -0.001792053716243038, 0, 0, 0, 0, 0, 0, 0, 0, 0, 0, 0, 0, -0.006304848571329069, 0, 0, 0, 0, -0.0025879768896528666, 0, 0, 0, 0, 0, 0, -0.0019991574432231623, 0, 0, 0, 0, 0.0038713520734980885, 0, -0.0022043200127259705, 0, 0, 0, 0, 0, 0, 0, 0, 0, 0, 0, 0.00010703466202848708, 0, 0.0009096972581036829, 0, 0, 0, 0, 0, 0, 0, 0, 0, 0, 0, 0, 0, 0, 0, 0, 0, 0, 0, 0, 0, 0, 0, 0, 0, 0, 0, 0, -0.00172609011947064, 0, 0, 0, 0, 0, 0.0013171820357077233, 0, 0, 0, 0, 0, 0, -0.0024004299734326907, 0, 0, 0, 0, 0, 0, 0, 0.007075087840231304, 0, 0, 0, 0, 0, 0, 0, 0, 0, 0, 0, 0, 0, -7.605285673558249e-06, 0, 0.005011921375958708, 0, 0, -0.0016799664006719864, 0, 0, 0, 0, 0, -0.0024730241389896417, 0, 0, 0, 0, 0.030236194145394375, 0, 0, 0, 0, 0, 0, 0, 0, 0, 0, 0, 0, 0, 0, 0, 0, 0, 0, 0, 0, 0, 0, 0, 0, 0, 0, 0, 0, 0, 0, 0, 0, 0, 0.0010971685675034847, 0, 0.010270768097255488, 0, 0, 0, 0, 0, 0, 0, 0, 0, -0.0021928466573658888, 0, 0, 0, 0, 0, 0, 0, 0, 0, 0, 0, 0, 0, 0, -0.0010799592919657902, 0, 0, -0.0020194592458856265, 0, 0.003511878249999557, 0, 0, 0, 0, 0, 0, 0, 0, -0.002429254803257759, 0, 0, 0, 0, 0, 0, 0, 0, 0, 0, 0, 0, 0, 0, 0, 0, 0, 0, 0, 0, 0, 0, 0, 0, 0, 0, 0, 0, 0, 0.00032407907529437345, -0.0004466083391294591, 0, 0, -0.0023439102282382593, 0, -0.002074094740242578, 0, 0, 0, 0, 0, -0.0017383140554060104, 0, 0, 0, 0, -0.00413350524274599, -0.0021100782056957365, 0, 0, 0.0013967539533729667, 0, 0, 0, 0, 0, 0.003071625901715319, 0, 0, 0, 0, 0, 0, 0, 0, 0.009784937528070064, 0.002798245743565517, 0, 0, 0, 0, 0, 0, 0, 0, 0, 0, 0.010871308786000684, 0, 0, 0, 0, 0, 0, 0, 0, 0, 0, 0, 0, 0, 0, 0, 0, 0, 0, 0, 0, 0, 0, 0, 0, 0, 0, 0, 0, 0, 0, 0, 0, 0, 0, -0.0021584524058539697, -0.002327569226209732, 0, 0, 0, 0, 0, 0, 0, 0, 0, 0, -0.0017333727804206933, 0.0018451202056660948, 0, 0, -0.004406754857790449, 0, 0, 0, 0, 0, 0, 0, 0, 0.007646974113306481, 0, 0, 0, 0.009215272677277314, -0.0020468085183461076, 0, 0, 0, 0, 0, 0, 0, -0.002161786216192963, 0, 0.0013904208268512967, -0.002084529276693457, -0.0008305199918026567, -0.0024936309857938608, 0, 0, 0, 0, 0, 0, 0, 0, 0, 0, 0, 0, 0, 0, 0, 0, 0, 0, 0, 0, 0, 0, 0, 0, 0, 0, 0, 0, 0, 0, 0, 0, 0, 0, 0.0003659279608619209, 0.00156408514533556, 0, 0, 0, 0, 0, 0, 0, 0, 0, 0, 0, 0, -0.0022237214950748896, 0, 0, 0, -0.0006058540649021354, -0.002412255774889807, 0.0005843839619067988, 0, 0, 0, 0, 0, -0.0019984952506348166, 0, 0, 0, -0.001964440723363616, -0.002004622980169849, 0, 0, 0, 0, 0, 0, 0, 0, -0.001717540932602894, 0, 0, 0, -0.002690097488695577, 0, 0, 0, 0, 0, 0, 0, 0, 0, 0, 0, 0, 0, 0, 0, 0, 0, 0, 0, 0, 0, 0, 0, 0, 0, 0, 0, 0, 0, 0, 0, 0, 0, 0, 0, 0, 0, 0, -0.0020888043376955175, 0, 0, 0, 0, 0, 0, -0.001898709865059898, 0, 0, -0.0018198512230389874, 0, 0, 0, 0, 0, 0, 0, 0, 0, 0.0025612496695161654, -0.002160970312296838, 0, 0.0011482254697285955, 0, 0, 0, -0.0022115326380005556, 0, 0.0005812392167249999, 0, 0, 0, 0, 0, 0, 0.0008382630307620478, 0, 0, 0, 0, 0]
Start Date: 2021-12-17
End Date: 2024-11-18
Sharpe Ratio: 0.049
Annualized Sharpe: 0.785
Sharpe 95% CI: (np.float64(-0.287), np.float64(1.521))
Sortino Ratio: 0.101
CAGR: 0.024
Calmar Ratio: 0.837
Daily Win Rate (%): 0.397
Max Drawdown: 0.028
Profit Factor: 1.505
Expectancy: 0.000595
Average Win: 0.004464
Average Loss: 0.001955
Total Trades: 146
Total Days: 915

Rolling 8 - Variant 2 - atr_0.25_14 - Test Metrics
Contracts: [3, 4, 4, 3, 3, 3, 3, 3, 3, 3, 2, 1, 2, 1, 1, 2, 2, 2, 2, 2, 2, 2, 1, 2, 1, 2, 2, 1, 1, 1, 2, 2, 2, 2, 2, 2, 2, 2, 2, 2, 2, 2, 3, 2, 2, 3, 2, 3, 4, 3, 3, 2, 2, 3, 3, 5, 3, 3, 3, 3, 3, 4, 4, 4, 4, 3, 3, 5, 3, 3, 4, 5, 5, 5, 5, 4, 3, 3, 4, 4, 4, 5, 3, 5, 4, 4, 3, 5, 4, 5, 4, 3, 4, 3, 4, 4, 5, 3, 4, 5, 5, 5, 3, 4, 4, 4, 4, 4, 4, 4, 6, 7, 8, 5, 5, 5, 5, 6, 5, 5, 6, 6, 6, 7, 7, 6, 6, 7, 7, 6, 6, 7, 5, 4, 4, 4, 6, 3, 3, 3, 3, 5, 5, 5, 4, 4, 6, 6, 6, 5, 5, 3, 7, 7, 7, 5, 8, 5, 1, 4, 4, 5, 3, 5, 5, 6, 6, 6, 7, 5, 6, 7, 7, 7, 6, 4, 7, 8, 7, 6, 6, 5, 7, 7]
Trade Returns: [-0.0020498201815450073, 0.0005963314572205553, -0.0019424404851686584, 0.004702426045342874, -0.0025433568624559995, -0.0019089479636968864, -0.002463530716745561, -0.0027344357472396464, -0.0022756658908714778, -0.002769448957827324, -0.0022956198453536105, -0.0025618605790918773, 0.0006996238119022064, -0.00225069025529632, -0.0018435838971190264, -0.0015295496576856586, -0.0023087362203172554, -0.002741579300416797, 0.028993256635195128, 0.009904407957312266, -0.0021927272727272737, 0.00753288119039198, 0.009735444759534624, 0.0005731572546484208, 0.0008485028578793124, 0.002053281583960045, -0.0004497967882368145, 0.0037999932142978956, -0.002145415020395676, -0.00043499731692231777, 0.00878934292170748, -0.0027722429177856733, -0.00199808878464078, 0.0004156955261213199, -0.001981724099966973, -0.0026333113890717598, 0.00036214432254035175, 0.003607649000540357]
Daily Returns: [0, 0, 0, 0, 0, 0, 0, 0, 0, 0, 0, 0, 0, 0, 0, 0, 0, 0, 0, 0, 0, 0, 0, 0, 0, 0, -0.0020498201815450073, 0.0005963314572205553, 0, 0, 0, 0, 0, 0, 0, 0, 0, 0, 0, 0, 0, 0, 0, 0, -0.0019424404851686584, 0, 0, 0, 0, 0, 0, 0, 0, 0.004702426045342874, 0, 0, 0, 0, 0, -0.0025433568624559995, 0, 0, 0, 0, 0, 0, -0.0019089479636968864, 0, 0, 0, 0, 0, 0, -0.002463530716745561, 0, 0, 0, 0, -0.0027344357472396464, -0.0022756658908714778, 0, 0, 0, 0, 0, 0, 0, 0, 0, 0, 0, 0, 0, 0, 0, 0, 0, 0, 0, 0, 0, 0, 0, 0, 0, 0, 0, 0, 0, 0, 0, 0, 0, -0.002769448957827324, 0, -0.0022956198453536105, -0.0025618605790918773, 0, 0, 0, 0, 0, 0, 0, 0, 0.0006996238119022064, 0, 0, 0, 0, 0, 0, 0, 0, -0.00225069025529632, 0, 0, -0.0018435838971190264, 0, 0, 0, 0, 0, 0, 0, -0.0015295496576856586, 0, 0, 0, -0.0023087362203172554, 0, 0, 0, 0, -0.002741579300416797, 0.028993256635195128, 0, 0, 0, 0, 0, 0, 0, 0, 0, 0, 0, 0, 0, 0, 0, 0, 0, 0, 0, 0, 0, 0, 0, 0, 0, 0, 0, 0, 0, 0, 0, 0, 0, 0, 0, 0, 0, 0.009904407957312266, 0, 0, 0, 0.005340153917664707, 0, 0, 0.009735444759534624, 0, 0, 0.0005731572546484208, 0.0008485028578793124, 0, 0, 0, 0, 0.002053281583960045, 0, 0, 0.003350196426061081, 0, 0, -0.002145415020395676, 0, 0, 0, 0, 0, 0, -0.00043499731692231777, 0, 0, 0, 0, 0, 0, 0, 0, 0.00878934292170748, 0, -0.0027722429177856733, 0, 0, 0, 0, 0, 0, 0, 0, 0, 0, 0, 0, 0, 0, 0, 0, 0, 0, 0, 0, 0, 0, 0, 0, 0, 0, 0, 0, 0, 0, 0, -0.00199808878464078, 0, 0, 0, 0, 0.0004156955261213199, 0, 0, 0, 0, 0, -0.001981724099966973, 0, 0, 0, 0, 0, 0, 0, 0, 0, 0, 0, 0, 0, -0.0026333113890717598, 0, 0, 0, 0, 0, 0, 0, 0, 0, 0.003969793323080709, 0, 0]
Start Date: 2024-11-19
End Date: 2025-11-06
Sharpe Ratio: 0.054
Annualized Sharpe: 0.854
Sharpe 95% CI: (np.float64(-1.505), np.float64(1.955))
Sortino Ratio: 0.208
CAGR: 0.028
Calmar Ratio: 0.959
Daily Win Rate (%): 0.395
Max Drawdown: 0.029
Profit Factor: 1.692
Expectancy: 0.000889
Average Win: 0.005508
Average Loss: 0.002123
Total Trades: 38
Total Days: 303



Rolling 8 - Variant 3 - atr_0.25_20 - Fit Metrics
Contracts: [3, 4, 4, 3, 3, 3, 3, 3, 3, 3, 2, 1, 2, 1, 1, 2, 2, 2, 2, 2, 2, 2, 1, 2, 1, 2, 2, 1, 1, 1, 2, 2, 2, 2, 2, 2, 2, 2, 2, 2, 2, 2, 3, 2, 2, 3, 2, 3, 4, 3, 3, 2, 2, 3, 3, 5, 3, 3, 3, 3, 3, 4, 4, 4, 4, 3, 3, 5, 3, 3, 4, 5, 5, 5, 5, 4, 3, 3, 4, 4, 4, 5, 3, 5, 4, 4, 3, 5, 4, 5, 4, 3, 4, 3, 4, 4, 5, 3, 4, 5, 5, 5, 3, 4, 4, 4, 4, 4, 4, 4, 6, 7, 8, 5, 5, 5, 5, 6, 5, 5, 6, 6, 6, 7, 7, 6, 6, 7, 7, 6, 6, 7, 5, 4, 4, 4, 6, 3, 3, 3, 3, 5, 5, 5, 4, 4, 6, 6, 6, 5, 5, 3, 7, 7, 7, 5, 8, 5, 1, 4, 4, 5, 3, 5, 5, 6, 6, 6, 7, 6, 6, 7, 7, 7, 6, 4, 7, 8, 7, 6, 7, 5, 7, 7]
Trade Returns: [0.004673999999999995, -0.001879216541883238, 0.004738797709581083, 0.004400826569320462, -0.002021795069428799, -0.0018476601255933607, -0.0017915600261889178, 0.004227560834540777, 0.0009143915733473045, -0.002260161829959899, 0.024531633678377577, -0.0012628425893663265, 0.0016906824824789938, -0.0011295144437141367, 0.004530885471642389, -0.002411217703152735, 0.005413307361752218, -0.0027809432607134314, -0.001968333330123397, 0.003163230821223381, -0.0017599416440401978, -0.00278869847293791, -0.001258489001270088, -0.0027911334092088043, 0.0014635263609436458, 0.00631458984238722, 0.020045993305162095, -0.0011347887329262443, -0.0012305935770954585, 0.00031039325311056474, 0.004196576894987207, 0.006345808902220279, -0.0020632376729974233, -4.127502298268324e-05, -0.0020863509122156587, -0.0019043962950835702, -0.0021531326005392246, 0.0007683702640707928, -0.001658281253525257, -0.0016287260414777182, 0.013471212333407737, 0.0015088589440975188, 0.0011970643953519663, -0.0004134432372233053, -0.0018109596595693928, -0.002273406002687769, -0.001593887851656183, -0.0020854803350259495, -0.0027488982813752734, 0.0026773963356197614, -0.0022590064502802615, -0.001735261569037813, 0.0015233498614279474, -0.0020387110376530898, -0.002665358823695849, -0.0018277961675119182, 0.007809454631194855, -0.0017320493275573186, -0.0022317966719750627, 0.0005987490691914899, -0.0026965458081400066, 0.002043067715542702, -0.002508834926620367, -0.0025005197603432294, -0.0012852057276956331, 0.0025588371063674613, 0.001216466638118236, 0.0030978322766789385, -0.0029901589704769103, -0.0017939188422032646, -0.0020044077972413265, -0.0020084335170431284, -0.0022986093890086405, -0.0025906983413794744, -0.002001265167634711, 0.000855997150506151, 0.003019441979463164, -0.002206618338439139, 0.00010714729883571889, 0.0009106544659375248, -0.0017279047052909434, 0.001318572486939042, -0.002402957840056828, 0.007082546649926681, -7.613247049881921e-06, 0.005017168002801655, -0.0016817162596206288, -0.002475604388933574, 0.031180646547707563, 0.0010973102068291005, 0.01027209255199603, -0.0021931262614119074, -0.0021413549866370687, 0.0010612575354755325, -0.0020197178615139473, 0.0035123288977043526, -0.0024295654366002163, 0.00032412061681801616, -0.0004466655683086911, -0.002344210715240667, -0.0020743612619459353, -0.0017385372079972716, -0.0019179259945107643, -0.002216111350392238, -0.0021103506797764218, 0.0033940541200045775, -0.0019971185485148746, 0.0030720214268895596, 0.009786198441130045, 0.0027986073420983703, 0.010872696115071146, -0.002158724891522723, -0.0023278636970740867, -0.0017335930394878016, 0.0016274976178526292, 0.00021785740869508595, -0.003169134877000904, -0.0012381803846735126, 0.00764795000300815, 0.009216439783755618, -0.002047068073165475, -0.0021620575042757117, 0.001390595692387304, -0.002084791072357681, -0.0008306245145700857, -0.0024939450756280754, 0.000365974140231184, 0.0015642824575093422, -0.002224001583431549, -0.0006059305452112739, -0.0024125604719018815, 0.0005844577530846137, -0.0019987482951852784, -0.0019646899541632765, -0.002004877809598353, -0.001717759706525122, -0.0026904407328352258, -0.002089071578574132, -0.0018989530146336475, -0.0018200847173369952, 0.002561578887448441, -0.002161247369413955, 0.0011483726808183242, -0.0022118167918193997, 0.0005813140641211743, 0.0008383709129417999]
Daily Returns: [0.004673999999999995, 0, 0, 0, 0, 0, 0, 0, 0, 0, 0, 0, 0, 0, -0.001879216541883238, 0.004738797709581083, 0, 0, 0, 0, 0, 0, 0, 0, 0, 0, 0, 0, 0, 0, 0, 0.004400826569320462, -0.002021795069428799, 0, -0.0018476601255933607, 0, 0, 0, 0, 0, 0, -0.0017915600261889178, 0, 0, 0, 0, 0, 0.005141952407888081, -0.002260161829959899, 0, 0, 0, 0, 0, 0.024531633678377577, 0, 0, 0, 0, 0, 0, 0, 0, 0, 0, 0, 0, 0, 0, 0, 0, 0, 0, 0, 0, 0, 0, 0, 0, 0, 0, 0, 0, 0, 0, 0, 0, 0, 0, 0, 0, 0, 0, -0.0012628425893663265, 0, 0, 0, 0, 0.0016906824824789938, -0.0011295144437141367, 0, 0, 0, 0, 0, 0, 0, 0, 0, 0, 0.004530885471642389, 0, 0, -0.002411217703152735, 0.005413307361752218, 0, -0.0027809432607134314, 0, -0.001968333330123397, 0.003163230821223381, 0, 0, -0.0017599416440401978, -0.00278869847293791, 0, 0, -0.001258489001270088, 0, 0, 0, 0, -0.0027911334092088043, 0, 0, 0, 0, 0, 0, 0, 0, 0, 0, 0, 0, 0, 0, 0, 0, 0, 0, 0, 0, 0, 0, 0.0014635263609436458, 0, 0, 0, 0, 0, 0, 0, 0, 0, 0, 0, 0, 0, 0.00631458984238722, 0, 0, 0.01891120457223585, 0, 0, 0, 0, 0, -0.0012305935770954585, 0, 0, 0, 0, 0.00031039325311056474, 0, 0, 0, 0, 0, 0.004196576894987207, 0.004282571229222856, -4.127502298268324e-05, 0, 0, 0, -0.0020863509122156587, 0, 0, 0, 0, 0, 0, 0, -0.003289158631552002, -0.001658281253525257, 0, 0, -0.0016287260414777182, 0, 0, 0, 0.013471212333407737, 0, 0, 0, 0, 0, 0, 0, 0, 0, 0, 0, 0, 0, 0, 0, 0, 0, 0, 0, 0, 0, 0, 0, 0, 0, 0, 0, 0, 0, 0, 0, 0, 0, 0, 0, 0, 0, 0.0015088589440975188, 0, 0, 0, 0, 0, 0, 0, 0.0011970643953519663, 0, 0, 0, 0, 0, 0, -0.0004134432372233053, 0, 0, -0.0018109596595693928, -0.003867293854343952, -0.0020854803350259495, 0, 0, 0, 0, -7.150194575551196e-05, 0, 0, 0, 0, 0, 0, -0.0022590064502802615, 0, 0, 0, -0.001735261569037813, 0.0015233498614279474, 0, 0, 0, 0, 0, 0, 0, 0, 0, 0, 0, 0, 0, 0, 0, 0, 0, 0, 0, 0, 0, 0, 0, 0, 0, 0, 0, 0, 0, 0, 0, 0, 0, 0, 0, 0, 0, 0, -0.0020387110376530898, 0, 0, -0.002665358823695849, 0, 0, 0, 0, 0, 0.005981658463682937, -0.0017320493275573186, 0, 0, 0, 0, -0.0022317966719750627, 0, -0.002097796738948517, 0, 0, 0, 0, 0, 0.002043067715542702, -0.002508834926620367, 0, 0, 0, 0, 0, -0.0037857254880388626, 0, 0, 0, 0, 0.0025588371063674613, 0, 0, 0, 0, 0.001216466638118236, 0.00010767330620202811, 0, 0, 0, 0, 0, 0, 0, 0, 0, 0, 0, 0, 0, 0, 0, 0, 0, 0, 0, 0, 0, 0, 0, 0, 0, 0, 0, 0, 0, 0, 0, 0, -0.0017939188422032646, 0, 0, 0, 0, 0, 0, 0, 0, 0, 0, 0, 0, -0.006311450703293095, 0, 0, 0, 0, -0.0025906983413794744, 0, 0, 0, 0, 0, 0, -0.002001265167634711, 0, 0, 0, 0, 0.0038754391299693153, 0, -0.002206618338439139, 0, 0, 0, 0, 0, 0, 0, 0, 0, 0, 0, 0.00010714729883571889, 0, 0.0009106544659375248, 0, 0, 0, 0, 0, 0, 0, 0, 0, 0, 0, 0, 0, 0, 0, 0, 0, 0, 0, 0, 0, 0, 0, 0, 0, 0, 0, 0, -0.0017279047052909434, 0, 0, 0, 0, 0, 0.001318572486939042, 0, 0, 0, 0, 0, 0, -0.002402957840056828, 0, 0, 0, 0, 0, 0, 0, 0.007082546649926681, 0, 0, 0, 0, 0, 0, 0, 0, 0, 0, 0, 0, 0, -7.613247049881921e-06, 0, 0.005017168002801655, 0, 0, -0.0016817162596206288, 0, 0, 0, 0, 0, -0.002475604388933574, 0, 0, 0, 0, 0.031180646547707563, 0, 0, 0, 0, 0, 0, 0, 0, 0, 0, 0, 0, 0, 0, 0, 0, 0, 0, 0, 0, 0, 0, 0, 0, 0, 0, 0, 0, 0, 0, 0, 0, 0, 0.0010973102068291005, 0, 0.01027209255199603, 0, 0, 0, 0, 0, 0, 0, 0, 0, -0.0021931262614119074, 0, 0, 0, 0, 0, 0, 0, 0, 0, 0, 0, 0, 0, 0, -0.0010800974511615362, 0, 0, -0.0020197178615139473, 0, 0.0035123288977043526, 0, 0, 0, 0, 0, 0, 0, 0, -0.0024295654366002163, 0, 0, 0, 0, 0, 0, 0, 0, 0, 0, 0, 0, 0, 0, 0, 0, 0, 0, 0, 0, 0, 0, 0, 0, 0, 0, 0, 0, 0, 0.00032412061681801616, -0.0004466655683086911, 0, 0, -0.002344210715240667, 0, -0.0020743612619459353, 0, 0, 0, 0, 0, -0.0017385372079972716, 0, 0, 0, 0, -0.004134037344903002, -0.0021103506797764218, 0, 0, 0.001396935571489703, 0, 0, 0, 0, 0, 0.0030720214268895596, 0, 0, 0, 0, 0, 0, 0, 0, 0.009786198441130045, 0.0027986073420983703, 0, 0, 0, 0, 0, 0, 0, 0, 0, 0, 0.010872696115071146, 0, 0, 0, 0, 0, 0, 0, 0, 0, 0, 0, 0, 0, 0, 0, 0, 0, 0, 0, 0, 0, 0, 0, 0, 0, 0, 0, 0, 0, 0, 0, 0, 0, 0, -0.002158724891522723, -0.0023278636970740867, 0, 0, 0, 0, 0, 0, 0, 0, 0, 0, -0.0017335930394878016, 0.0018453550265477151, 0, 0, -0.004407315261674417, 0, 0, 0, 0, 0, 0, 0, 0, 0.00764795000300815, 0, 0, 0, 0.009216439783755618, -0.002047068073165475, 0, 0, 0, 0, 0, 0, 0, -0.0021620575042757117, 0, 0.001390595692387304, -0.002084791072357681, -0.0008306245145700857, -0.0024939450756280754, 0, 0, 0, 0, 0, 0, 0, 0, 0, 0, 0, 0, 0, 0, 0, 0, 0, 0, 0, 0, 0, 0, 0, 0, 0, 0, 0, 0, 0, 0, 0, 0, 0, 0, 0.000365974140231184, 0.0015642824575093422, 0, 0, 0, 0, 0, 0, 0, 0, 0, 0, 0, 0, -0.002224001583431549, 0, 0, 0, -0.0006059305452112739, -0.0024125604719018815, 0.0005844577530846137, 0, 0, 0, 0, 0, -0.0019987482951852784, 0, 0, 0, -0.0019646899541632765, -0.002004877809598353, 0, 0, 0, 0, 0, 0, 0, 0, -0.001717759706525122, 0, 0, 0, -0.0026904407328352258, 0, 0, 0, 0, 0, 0, 0, 0, 0, 0, 0, 0, 0, 0, 0, 0, 0, 0, 0, 0, 0, 0, 0, 0, 0, 0, 0, 0, 0, 0, 0, 0, 0, 0, 0, 0, 0, 0, -0.002089071578574132, 0, 0, 0, 0, 0, 0, -0.0018989530146336475, 0, 0, -0.0018200847173369952, 0, 0, 0, 0, 0, 0, 0, 0, 0, 0.002561578887448441, -0.002161247369413955, 0, 0.0011483726808183242, 0, 0, 0, -0.0022118167918193997, 0, 0.0005813140641211743, 0, 0, 0, 0, 0, 0, 0.0008383709129417999, 0, 0, 0, 0, 0]
Start Date: 2021-12-17
End Date: 2024-11-18
Sharpe Ratio: 0.049
Annualized Sharpe: 0.782
Sharpe 95% CI: (np.float64(-0.29), np.float64(1.514))
Sortino Ratio: 0.101
CAGR: 0.024
Calmar Ratio: 0.835
Daily Win Rate (%): 0.397
Max Drawdown: 0.028
Profit Factor: 1.504
Expectancy: 0.000594
Average Win: 0.004463
Average Loss: 0.001956
Total Trades: 146
Total Days: 915

Rolling 8 - Variant 3 - atr_0.25_20 - Test Metrics
Contracts: [3, 4, 4, 3, 3, 3, 3, 3, 3, 3, 2, 1, 2, 1, 1, 2, 2, 2, 2, 2, 2, 2, 1, 2, 1, 2, 2, 1, 1, 1, 2, 2, 2, 2, 2, 2, 2, 2, 2, 2, 2, 2, 3, 2, 2, 3, 2, 3, 4, 3, 3, 2, 2, 3, 3, 5, 3, 3, 3, 3, 3, 4, 4, 4, 4, 3, 3, 5, 3, 3, 4, 5, 5, 5, 5, 4, 3, 3, 4, 4, 4, 5, 3, 5, 4, 4, 3, 5, 4, 5, 4, 3, 4, 3, 4, 4, 5, 3, 4, 5, 5, 5, 3, 4, 4, 4, 4, 4, 4, 4, 6, 7, 8, 5, 5, 5, 5, 6, 5, 5, 6, 6, 6, 7, 7, 6, 6, 7, 7, 6, 6, 7, 5, 4, 4, 4, 6, 3, 3, 3, 3, 5, 5, 5, 4, 4, 6, 6, 6, 5, 5, 3, 7, 7, 7, 5, 8, 5, 1, 4, 4, 5, 3, 5, 5, 6, 6, 6, 7, 6, 6, 7, 7, 7, 6, 4, 7, 8, 7, 6, 7, 5, 7, 7]
Trade Returns: [-0.0020500837668635933, 0.0005964082967020582, -0.001942690626517728, 0.004703034334922603, -0.002543685025436852, -0.0019091937427002778, -0.002463848505566235, -0.0027347901599398617, -0.002275960170697014, -0.0027698098175611167, -0.0022959197958684653, -0.0025621935347316487, 0.0006997154365831401, -0.0022509848058525615, -0.0018438257134987166, -0.0015297511190891498, -0.0023090396084769925, -0.002741940954986942, 0.04146895922266254, 0.009787058003832092, -0.002166999083607354, 0.007444302785400913, 0.009621812539993996, 0.0006798373347544129, 0.0008386040957140574, 0.0020293477626794126, -0.0004445644062684287, 0.0037557691119759896, -0.0021205402278437853, -0.000429943067784784, 0.008687175310652944, -0.002740295805145397, -0.001974999693323031, 0.0004108824138815121, -0.002285252922385651, -0.0026036260770743707, 0.0003580512136701381, 0.0035668884144008607]
Daily Returns: [0, 0, 0, 0, 0, 0, 0, 0, 0, 0, 0, 0, 0, 0, 0, 0, 0, 0, 0, 0, 0, 0, 0, 0, 0, 0, -0.0020500837668635933, 0.0005964082967020582, 0, 0, 0, 0, 0, 0, 0, 0, 0, 0, 0, 0, 0, 0, 0, 0, -0.001942690626517728, 0, 0, 0, 0, 0, 0, 0, 0, 0.004703034334922603, 0, 0, 0, 0, 0, -0.002543685025436852, 0, 0, 0, 0, 0, 0, -0.0019091937427002778, 0, 0, 0, 0, 0, 0, -0.002463848505566235, 0, 0, 0, 0, -0.0027347901599398617, -0.002275960170697014, 0, 0, 0, 0, 0, 0, 0, 0, 0, 0, 0, 0, 0, 0, 0, 0, 0, 0, 0, 0, 0, 0, 0, 0, 0, 0, 0, 0, 0, 0, 0, 0, 0, -0.0027698098175611167, 0, -0.0022959197958684653, -0.0025621935347316487, 0, 0, 0, 0, 0, 0, 0, 0, 0.0006997154365831401, 0, 0, 0, 0, 0, 0, 0, 0, -0.0022509848058525615, 0, 0, -0.0018438257134987166, 0, 0, 0, 0, 0, 0, 0, -0.0015297511190891498, 0, 0, 0, -0.0023090396084769925, 0, 0, 0, 0, -0.002741940954986942, 0.04146895922266254, 0, 0, 0, 0, 0, 0, 0, 0, 0, 0, 0, 0, 0, 0, 0, 0, 0, 0, 0, 0, 0, 0, 0, 0, 0, 0, 0, 0, 0, 0, 0, 0, 0, 0, 0, 0, 0, 0.009787058003832092, 0, 0, 0, 0.005277303701793559, 0, 0, 0.009621812539993996, 0, 0, 0.0006798373347544129, 0.0008386040957140574, 0, 0, 0, 0, 0.0020293477626794126, 0, 0, 0.003311204705707561, 0, 0, -0.0021205402278437853, 0, 0, 0, 0, 0, 0, -0.000429943067784784, 0, 0, 0, 0, 0, 0, 0, 0, 0.008687175310652944, 0, -0.002740295805145397, 0, 0, 0, 0, 0, 0, 0, 0, 0, 0, 0, 0, 0, 0, 0, 0, 0, 0, 0, 0, 0, 0, 0, 0, 0, 0, 0, 0, 0, 0, 0, -0.001974999693323031, 0, 0, 0, 0, 0.0004108824138815121, 0, 0, 0, 0, 0, -0.002285252922385651, 0, 0, 0, 0, 0, 0, 0, 0, 0, 0, 0, 0, 0, -0.0026036260770743707, 0, 0, 0, 0, 0, 0, 0, 0, 0, 0.0039249396280709985, 0, 0]
Start Date: 2024-11-19
End Date: 2025-11-06
Sharpe Ratio: 0.056
Annualized Sharpe: 0.893
Sharpe 95% CI: (np.float64(-1.533), np.float64(1.897))
Sortino Ratio: 0.283
CAGR: 0.038
Calmar Ratio: 1.297
Daily Win Rate (%): 0.395
Max Drawdown: 0.029
Profit Factor: 1.932
Expectancy: 0.001202
Average Win: 0.00631
Average Loss: 0.00213
Total Trades: 38
Total Days: 303



Rolling 8 - Variant 4 - atr_0.25_12 - Fit Metrics
Contracts: [3, 4, 4, 3, 3, 3, 3, 3, 3, 3, 2, 1, 2, 1, 1, 2, 2, 2, 2, 2, 2, 2, 1, 2, 1, 2, 2, 1, 1, 1, 2, 2, 2, 2, 2, 2, 2, 2, 2, 2, 2, 2, 3, 2, 2, 3, 2, 3, 3, 3, 3, 2, 2, 3, 3, 5, 3, 3, 3, 3, 3, 4, 4, 4, 4, 3, 3, 5, 3, 3, 3, 5, 5, 5, 5, 4, 3, 3, 4, 4, 4, 5, 3, 5, 4, 4, 3, 5, 4, 5, 4, 3, 4, 3, 4, 4, 5, 3, 4, 5, 5, 5, 3, 4, 4, 4, 4, 4, 3, 4, 6, 7, 8, 5, 5, 5, 5, 6, 5, 5, 6, 6, 6, 7, 7, 6, 6, 7, 7, 6, 6, 6, 5, 4, 4, 4, 6, 3, 3, 3, 3, 4, 5, 5, 4, 4, 6, 6, 6, 5, 5, 3, 7, 7, 6, 5, 8, 5, 1, 4, 4, 5, 3, 5, 5, 6, 6, 6, 7, 5, 5, 7, 7, 6, 6, 4, 7, 8, 7, 6, 6, 5, 7, 7]
Trade Returns: [0.004673999999999995, -0.001879216541883238, 0.004738797709581083, 0.004400826569320462, -0.002021795069428799, -0.0018476601255933607, -0.0017915600261889178, 0.004227560834540777, 0.0009143915733473045, -0.002260161829959899, 0.020647161064900426, -0.001267625501687913, 0.0016971170369967598, -0.001133797816375059, 0.004548087110976795, -0.0024202812666010783, 0.005433766093530946, -0.0027914219526496407, -0.0019757917183008196, 0.0031752493384897156, -0.0017666235987594632, -0.0027992358009149574, -0.0012632755512519236, -0.0028017626623351387, 0.0014691154522108835, 0.006338669385277479, 0.018517301245442205, -0.001140798445021487, -0.001237118103921721, 0.0003120409763077261, 0.004218847482386614, 0.006379343654939635, -0.0020740718434395706, -4.149221078043075e-05, -0.002097329676837709, -0.0019144476478021675, -0.002164518574677785, 0.0007724288343140275, -0.0016670257765278227, -0.001637357585980267, 0.013542721025274127, 0.0015167613391050313, 0.001203324324020385, -0.0004156026987966293, -0.0018204224428870538, -0.002285306865301985, -0.0016022506732461738, -0.002096440007534374, -0.0020725310360578857, 0.0026896719999849033, -0.0022693360447151615, -0.0017432143208270614, 0.0015303436075956515, -0.002048056521064912, -0.002677601945003987, -0.0018362443749523288, 0.007845616903894546, -0.0017400072784618172, -0.0022420757821614355, 0.0006015117742122481, -0.002708980536811886, 0.0020525146165364843, -0.002520411718010853, -0.0025120284962386013, -0.0012911383727086288, 0.002570674463297757, 0.0012220796674115972, 0.0031121518852165126, -0.0030039393432399948, -0.001802185434995855, -0.002012563739133586, -0.002016622320090528, -0.0023080002375037586, -0.0026013069887807832, -0.0020094815191218332, 0.0008595079461221406, 0.003031863496710639, -0.001662603793707625, 0.00010758637649082884, 0.000914385824714562, -0.0017349782360031013, 0.0013239927922372122, -0.002412811935248202, 0.007111622643252523, -7.6442810267186e-06, 0.0050376197055782244, -0.001688537152571121, -0.002485662205172844, 0.026037509595078154, 0.0011073022395419998, 0.010365526074614695, -0.002212848859114677, -0.0021606547170610678, 0.0010708115537254766, -0.0020379607101850047, 0.003544118354315664, -0.002451477337658748, 0.0003270509977827067, -0.00045070256032300727, -0.002365407395224465, -0.002093162397912025, -0.00175427883040676, -0.0019353224147040022, -0.002236251418552344, -0.0021295725776577317, 0.003425034464875668, -0.0020152856816183277, 0.0030999233372252435, 0.00988210624937264, 0.002118087573699951, 0.010978209248644247, -0.0021794465625921775, -0.0023502577437160732, -0.0017503441121539875, 0.0016432511034568666, 0.00021996271631961786, -0.003199753695935435, -0.001250181552100398, 0.007722171191055185, 0.009305197319869354, -0.0020668072583344475, -0.0021826869129278064, 0.0014038931735241055, -0.0021046988034732978, -0.000838572901389632, -0.0025178300882512175, 0.0003694859231323562, 0.0015792873193053072, -0.0022453009448066526, -0.0006117466276557002, -0.0020877701485304545, 0.0005900693513607773, -0.002017288435734303, -0.0019829510115977034, -0.0020235494229951475, -0.0017337898000264486, -0.002715591469068752, -0.0021086537822939504, -0.0019167700762276203, -0.0018371945872140147, 0.0020685628492785003, -0.002182675108810055, 0.0011591598586823235, -0.0022337938718043323, 0.0005871030551654179, 0.0008467148947548247]
Daily Returns: [0.004673999999999995, 0, 0, 0, 0, 0, 0, 0, 0, 0, 0, 0, 0, 0, -0.001879216541883238, 0.004738797709581083, 0, 0, 0, 0, 0, 0, 0, 0, 0, 0, 0, 0, 0, 0, 0, 0.004400826569320462, -0.002021795069428799, 0, -0.0018476601255933607, 0, 0, 0, 0, 0, 0, -0.0017915600261889178, 0, 0, 0, 0, 0, 0.005141952407888081, -0.002260161829959899, 0, 0, 0, 0, 0, 0.020647161064900426, 0, 0, 0, 0, 0, 0, 0, 0, 0, 0, 0, 0, 0, 0, 0, 0, 0, 0, 0, 0, 0, 0, 0, 0, 0, 0, 0, 0, 0, 0, 0, 0, 0, 0, 0, 0, 0, 0, -0.001267625501687913, 0, 0, 0, 0, 0.0016971170369967598, -0.001133797816375059, 0, 0, 0, 0, 0, 0, 0, 0, 0, 0, 0.004548087110976795, 0, 0, -0.0024202812666010783, 0.005433766093530946, 0, -0.0027914219526496407, 0, -0.0019757917183008196, 0.0031752493384897156, 0, 0, -0.0017666235987594632, -0.0027992358009149574, 0, 0, -0.0012632755512519236, 0, 0, 0, 0, -0.0028017626623351387, 0, 0, 0, 0, 0, 0, 0, 0, 0, 0, 0, 0, 0, 0, 0, 0, 0, 0, 0, 0, 0, 0, 0.0014691154522108835, 0, 0, 0, 0, 0, 0, 0, 0, 0, 0, 0, 0, 0, 0.006338669385277479, 0, 0, 0.017376502800420718, 0, 0, 0, 0, 0, -0.001237118103921721, 0, 0, 0, 0, 0.0003120409763077261, 0, 0, 0, 0, 0, 0.004218847482386614, 0.0043052718115000645, -4.149221078043075e-05, 0, 0, 0, -0.002097329676837709, 0, 0, 0, 0, 0, 0, 0, -0.003306537388165925, -0.0016670257765278227, 0, 0, -0.001637357585980267, 0, 0, 0, 0.013542721025274127, 0, 0, 0, 0, 0, 0, 0, 0, 0, 0, 0, 0, 0, 0, 0, 0, 0, 0, 0, 0, 0, 0, 0, 0, 0, 0, 0, 0, 0, 0, 0, 0, 0, 0, 0, 0, 0, 0.0015167613391050313, 0, 0, 0, 0, 0, 0, 0, 0.001203324324020385, 0, 0, 0, 0, 0, 0, -0.0004156026987966293, 0, 0, -0.0018204224428870538, -0.003887557538548159, -0.002096440007534374, 0, 0, 0, 0, 0.0006171409639270176, 0, 0, 0, 0, 0, 0, -0.0022693360447151615, 0, 0, 0, -0.0017432143208270614, 0.0015303436075956515, 0, 0, 0, 0, 0, 0, 0, 0, 0, 0, 0, 0, 0, 0, 0, 0, 0, 0, 0, 0, 0, 0, 0, 0, 0, 0, 0, 0, 0, 0, 0, 0, 0, 0, 0, 0, 0, 0, -0.002048056521064912, 0, 0, -0.002677601945003987, 0, 0, 0, 0, 0, 0.006009372528942217, -0.0017400072784618172, 0, 0, 0, 0, -0.0022420757821614355, 0, -0.002107468762599638, 0, 0, 0, 0, 0, 0.0020525146165364843, -0.002520411718010853, 0, 0, 0, 0, 0, -0.0038031668689472303, 0, 0, 0, 0, 0.002570674463297757, 0, 0, 0, 0, 0.0012220796674115972, 0.00010821254197651781, 0, 0, 0, 0, 0, 0, 0, 0, 0, 0, 0, 0, 0, 0, 0, 0, 0, 0, 0, 0, 0, 0, 0, 0, 0, 0, 0, 0, 0, 0, 0, 0, -0.001802185434995855, 0, 0, 0, 0, 0, 0, 0, 0, 0, 0, 0, 0, -0.006337186296727873, 0, 0, 0, 0, -0.0026013069887807832, 0, 0, 0, 0, 0, 0, -0.0020094815191218332, 0, 0, 0, 0, 0.0038913714428327794, 0, -0.001662603793707625, 0, 0, 0, 0, 0, 0, 0, 0, 0, 0, 0, 0.00010758637649082884, 0, 0.000914385824714562, 0, 0, 0, 0, 0, 0, 0, 0, 0, 0, 0, 0, 0, 0, 0, 0, 0, 0, 0, 0, 0, 0, 0, 0, 0, 0, 0, 0, -0.0017349782360031013, 0, 0, 0, 0, 0, 0.0013239927922372122, 0, 0, 0, 0, 0, 0, -0.002412811935248202, 0, 0, 0, 0, 0, 0, 0, 0.007111622643252523, 0, 0, 0, 0, 0, 0, 0, 0, 0, 0, 0, 0, 0, -7.6442810267186e-06, 0, 0.0050376197055782244, 0, 0, -0.001688537152571121, 0, 0, 0, 0, 0, -0.002485662205172844, 0, 0, 0, 0, 0.026037509595078154, 0, 0, 0, 0, 0, 0, 0, 0, 0, 0, 0, 0, 0, 0, 0, 0, 0, 0, 0, 0, 0, 0, 0, 0, 0, 0, 0, 0, 0, 0, 0, 0, 0, 0.0011073022395419998, 0, 0.010365526074614695, 0, 0, 0, 0, 0, 0, 0, 0, 0, -0.002212848859114677, 0, 0, 0, 0, 0, 0, 0, 0, 0, 0, 0, 0, 0, 0, -0.0010898431633355912, 0, 0, -0.0020379607101850047, 0, 0.003544118354315664, 0, 0, 0, 0, 0, 0, 0, 0, -0.002451477337658748, 0, 0, 0, 0, 0, 0, 0, 0, 0, 0, 0, 0, 0, 0, 0, 0, 0, 0, 0, 0, 0, 0, 0, 0, 0, 0, 0, 0, 0, 0.0003270509977827067, -0.00045070256032300727, 0, 0, -0.002365407395224465, 0, -0.002093162397912025, 0, 0, 0, 0, 0, -0.00175427883040676, 0, 0, 0, 0, -0.004171573833256346, -0.0021295725776577317, 0, 0, 0.0014097487832573402, 0, 0, 0, 0, 0, 0.0030999233372252435, 0, 0, 0, 0, 0, 0, 0, 0, 0.00988210624937264, 0.002118087573699951, 0, 0, 0, 0, 0, 0, 0, 0, 0, 0, 0.010978209248644247, 0, 0, 0, 0, 0, 0, 0, 0, 0, 0, 0, 0, 0, 0, 0, 0, 0, 0, 0, 0, 0, 0, 0, 0, 0, 0, 0, 0, 0, 0, 0, 0, 0, 0, -0.0021794465625921775, -0.0023502577437160732, 0, 0, 0, 0, 0, 0, 0, 0, 0, 0, -0.0017503441121539875, 0.0018632138197764844, 0, 0, -0.0044499352480358335, 0, 0, 0, 0, 0, 0, 0, 0, 0.007722171191055185, 0, 0, 0, 0.009305197319869354, -0.0020668072583344475, 0, 0, 0, 0, 0, 0, 0, -0.0021826869129278064, 0, 0.0014038931735241055, -0.0021046988034732978, -0.000838572901389632, -0.0025178300882512175, 0, 0, 0, 0, 0, 0, 0, 0, 0, 0, 0, 0, 0, 0, 0, 0, 0, 0, 0, 0, 0, 0, 0, 0, 0, 0, 0, 0, 0, 0, 0, 0, 0, 0, 0.0003694859231323562, 0.0015792873193053072, 0, 0, 0, 0, 0, 0, 0, 0, 0, 0, 0, 0, -0.0022453009448066526, 0, 0, 0, -0.0006117466276557002, -0.0020877701485304545, 0.0005900693513607773, 0, 0, 0, 0, 0, -0.002017288435734303, 0, 0, 0, -0.0019829510115977034, -0.0020235494229951475, 0, 0, 0, 0, 0, 0, 0, 0, -0.0017337898000264486, 0, 0, 0, -0.002715591469068752, 0, 0, 0, 0, 0, 0, 0, 0, 0, 0, 0, 0, 0, 0, 0, 0, 0, 0, 0, 0, 0, 0, 0, 0, 0, 0, 0, 0, 0, 0, 0, 0, 0, 0, 0, 0, 0, 0, -0.0021086537822939504, 0, 0, 0, 0, 0, 0, -0.0019167700762276203, 0, 0, -0.0018371945872140147, 0, 0, 0, 0, 0, 0, 0, 0, 0, 0.0020685628492785003, -0.002182675108810055, 0, 0.0011591598586823235, 0, 0, 0, -0.0022337938718043323, 0, 0.0005871030551654179, 0, 0, 0, 0, 0, 0, 0.0008467148947548247, 0, 0, 0, 0, 0]
Start Date: 2021-12-17
End Date: 2024-11-18
Sharpe Ratio: 0.047
Annualized Sharpe: 0.749
Sharpe 95% CI: (np.float64(-0.333), np.float64(1.519))
Sortino Ratio: 0.091
CAGR: 0.021
Calmar Ratio: 0.75
Daily Win Rate (%): 0.397
Max Drawdown: 0.028
Profit Factor: 1.446
Expectancy: 0.000525
Average Win: 0.004279
Average Loss: 0.00195
Total Trades: 146
Total Days: 915

Rolling 8 - Variant 4 - atr_0.25_12 - Test Metrics
Contracts: [3, 4, 4, 3, 3, 3, 3, 3, 3, 3, 2, 1, 2, 1, 1, 2, 2, 2, 2, 2, 2, 2, 1, 2, 1, 2, 2, 1, 1, 1, 2, 2, 2, 2, 2, 2, 2, 2, 2, 2, 2, 2, 3, 2, 2, 3, 2, 3, 3, 3, 3, 2, 2, 3, 3, 5, 3, 3, 3, 3, 3, 4, 4, 4, 4, 3, 3, 5, 3, 3, 3, 5, 5, 5, 5, 4, 3, 3, 4, 4, 4, 5, 3, 5, 4, 4, 3, 5, 4, 5, 4, 3, 4, 3, 4, 4, 5, 3, 4, 5, 5, 5, 3, 4, 4, 4, 4, 4, 3, 4, 6, 7, 8, 5, 5, 5, 5, 6, 5, 5, 6, 6, 6, 7, 7, 6, 6, 7, 7, 6, 6, 6, 5, 4, 4, 4, 6, 3, 3, 3, 3, 4, 5, 5, 4, 4, 6, 6, 6, 5, 5, 3, 7, 7, 6, 5, 8, 5, 1, 4, 4, 5, 3, 5, 5, 6, 6, 6, 7, 5, 5, 7, 7, 6, 6, 4, 7, 8, 7, 6, 6, 5, 7, 7]
Trade Returns: [-0.0020704701971028276, 0.000602351401396538, -0.001962037546263955, 0.004750083989697297, -0.0025690669446719805, -0.001928203222960109, -0.0024884279723871986, -0.0023676031104245617, -0.002298721895699227, -0.002796613992091298, -0.002318200322663331, -0.002586924409318928, 0.0007065215337940173, -0.002272864564455722, -0.0018617886794166409, -0.0015447169918869118, -0.0023315767524737475, -0.0027688074337246476, 0.025083867323611484, 0.01004119608255599, -0.0022227096046488924, 0.007636111752482063, 0.009867848193155313, 0.0005808761063874852, 0.0007166026864436584, 0.002081191863047389, -0.0004558981827392607, 0.0033013395402378466, -0.0021756111464893485, -0.00044113313361817264, 0.008913374945964525, -0.0028110181873593847, -0.002026114767626032, 0.0004215380735349831, -0.0020095652424443246, -0.0026703811427787865, 0.00036725596474341686, 0.00365855202359704]
Daily Returns: [0, 0, 0, 0, 0, 0, 0, 0, 0, 0, 0, 0, 0, 0, 0, 0, 0, 0, 0, 0, 0, 0, 0, 0, 0, 0, -0.0020704701971028276, 0.000602351401396538, 0, 0, 0, 0, 0, 0, 0, 0, 0, 0, 0, 0, 0, 0, 0, 0, -0.001962037546263955, 0, 0, 0, 0, 0, 0, 0, 0, 0.004750083989697297, 0, 0, 0, 0, 0, -0.0025690669446719805, 0, 0, 0, 0, 0, 0, -0.001928203222960109, 0, 0, 0, 0, 0, 0, -0.0024884279723871986, 0, 0, 0, 0, -0.0023676031104245617, -0.002298721895699227, 0, 0, 0, 0, 0, 0, 0, 0, 0, 0, 0, 0, 0, 0, 0, 0, 0, 0, 0, 0, 0, 0, 0, 0, 0, 0, 0, 0, 0, 0, 0, 0, 0, -0.002796613992091298, 0, -0.002318200322663331, -0.002586924409318928, 0, 0, 0, 0, 0, 0, 0, 0, 0.0007065215337940173, 0, 0, 0, 0, 0, 0, 0, 0, -0.002272864564455722, 0, 0, -0.0018617886794166409, 0, 0, 0, 0, 0, 0, 0, -0.0015447169918869118, 0, 0, 0, -0.0023315767524737475, 0, 0, 0, 0, -0.0027688074337246476, 0.025083867323611484, 0, 0, 0, 0, 0, 0, 0, 0, 0, 0, 0, 0, 0, 0, 0, 0, 0, 0, 0, 0, 0, 0, 0, 0, 0, 0, 0, 0, 0, 0, 0, 0, 0, 0, 0, 0, 0, 0.01004119608255599, 0, 0, 0, 0.0054134021478331705, 0, 0, 0.009867848193155313, 0, 0, 0.0005808761063874852, 0.0007166026864436584, 0, 0, 0, 0, 0.002081191863047389, 0, 0, 0.002845441357498586, 0, 0, -0.0021756111464893485, 0, 0, 0, 0, 0, 0, -0.00044113313361817264, 0, 0, 0, 0, 0, 0, 0, 0, 0.008913374945964525, 0, -0.0028110181873593847, 0, 0, 0, 0, 0, 0, 0, 0, 0, 0, 0, 0, 0, 0, 0, 0, 0, 0, 0, 0, 0, 0, 0, 0, 0, 0, 0, 0, 0, 0, 0, -0.002026114767626032, 0, 0, 0, 0, 0.0004215380735349831, 0, 0, 0, 0, 0, -0.0020095652424443246, 0, 0, 0, 0, 0, 0, 0, 0, 0, 0, 0, 0, 0, -0.0026703811427787865, 0, 0, 0, 0, 0, 0, 0, 0, 0, 0.0040258079883404565, 0, 0]
Start Date: 2024-11-19
End Date: 2025-11-06
Sharpe Ratio: 0.052
Annualized Sharpe: 0.819
Sharpe 95% CI: (np.float64(-1.527), np.float64(1.976))
Sortino Ratio: 0.186
CAGR: 0.025
Calmar Ratio: 0.847
Daily Win Rate (%): 0.395
Max Drawdown: 0.029
Profit Factor: 1.607
Expectancy: 0.000783
Average Win: 0.005249
Average Loss: 0.002129
Total Trades: 38
Total Days: 303



Rolling 9 - Variant 0 - atr_0.5_9 - Fit Metrics
Contracts: [3, 4, 4, 3, 3, 3, 3, 3, 3, 3, 2, 1, 2, 1, 1, 2, 2, 2, 2, 2, 2, 2, 1, 2, 1, 2, 2, 1, 1, 1, 2, 2, 2, 2, 2, 2, 2, 2, 2, 2, 2, 2, 3, 2, 2, 2, 2, 2, 3, 3, 3, 2, 2, 3, 3, 4, 3, 3, 3, 3, 3, 4, 4, 4, 4, 3, 3, 4, 3, 3, 3, 5, 5, 5, 5, 4, 3, 3, 4, 4, 4, 4, 3, 5, 4, 4, 3, 4, 4, 5, 4, 3, 4, 3, 4, 3, 5, 3, 4, 4, 5, 4, 3, 4, 4, 4, 4, 4, 3, 4, 6, 7, 8, 5, 5, 5, 5, 6, 5, 5, 6, 6, 6, 7, 7, 6, 6, 7, 7, 6, 6, 6, 5, 3, 4, 4, 6, 3, 3, 3, 3, 4, 5, 5, 4, 4, 6, 6, 6, 5, 5, 3, 7, 7, 7, 5, 8, 5, 2, 4, 4, 5, 3, 5, 6, 6, 7, 7, 7, 6, 6, 7, 7, 7, 7, 4, 7, 8, 8, 7, 7, 5, 7, 7]
Trade Returns: [0.004673999999999995, -0.0008838687972417036, 0.004734076785290864, 0.0043964629989152616, -0.003974443518675739, -0.003633494755913598, -0.003527375457583958, 0.004246636332599267, 0.0009185000218690859, -0.004415480200851715, 0.02469510187876698, -0.0025207169608794807, 0.0017016769500653186, -0.002235724192050845, 0.0045710191932189885, -0.00478377602214183, 0.005461039225299824, -0.005562064858479148, -0.003920792932388844, 0.0031837662905624016, -0.001793125957267737, -0.00559317445757698, -0.002533006891905999, -0.005631789198891809, 0.0014973419202119326, 0.006460273679242854, 0.02050550563369458, -0.0022993210149446206, -0.001714436093717346, 0.0003178898317897667, 0.004297899881022986, 0.0064983676903010695, -0.0011923657917538783, -4.222405619638023e-05, -0.004188035500414578, 0.004697929673649957, -0.004319223613801566, 0.000786818476349175, -0.000543534826704889, -0.0032399862849569836, 0.013755758943755567, 0.0015402974604154947, 0.0012219680156533793, -0.0004220339756360977, -0.00019398937242535823, -0.0030473654175385174, 1.526432079496798e-05, -0.00277043193552449, -0.0016703210919652438, 0.002725281296176017, -0.0045068548918870835, -0.0027877775537827783, 0.0015556620901706366, -0.004071503130520698, -0.002119351532476436, 0.0008397105331190057, 0.007976383534507043, -0.0034161718066597012, -0.003566834627697125, 0.0006132814243654865, 0.0019318161981624299, 0.0020829582653371422, -0.004991799462570192, -0.0038048910637261397, -0.0013161445118909376, 0.0026152039063030903, 0.0012431934192079267, 0.0031714568880079246, -0.004765459700534177, -0.003550797912526004, -0.003959615819738, -0.003975356705036364, -0.004581059188071155, -0.0007011847058777276, -0.004000545528935762, 0.000884309733935556, 0.0031196232638165153, -0.003330164525291169, 0.0001106881243501901, 0.0009407449276851944, -0.0034435234511055197, 0.0013664299779223216, -0.0038516863015489945, 0.0073392563813791415, -7.887181752231994e-06, 0.005197693769865952, -0.0022127018501953877, -0.0009122078575697276, 0.03226339651155467, 0.0011342234286715997, 0.010617251510425897, -0.00441147963360629, -0.0011115374945415697, 0.0010965428753916464, 0.006729635566388904, 0.002701305537018424, -0.004836877252053799, 0.00033344510966011365, -0.00045951122318495637, -0.003738071238141893, -0.004122767700951831, 0.0010740121266766213, 0.006236589251722827, -0.0044077549408601145, -0.0012541411210964001, 0.0034721302918783083, 0.0035731920138404615, 0.0025370733643377795, 0.009961566641868966, 0.002135155132071649, 0.011065612551417758, 0.004547364712229558, -0.004398904658125828, -0.00337143236132912, 0.0016544477841490763, 0.00022145900886024006, 0.004029661556401426, -0.0012496209789310234, 0.0077187042880668445, 0.009301051709027168, -0.00404586413602911, -0.004135505649686854, 0.0014060251994593958, -0.004012611063341933, -0.0008414534195428435, -0.004877977644425327, 0.00037163423868070587, 0.0015884664161964761, -0.0043412563698253465, -0.0006165918253870864, -0.001828882013239209, 0.0005935022494467725, -0.00391832950391741, -0.001667685500000919, -0.0016353229762877711, -0.0034168269462387115, 0.0004350752457060037, -0.001092790555910746, -0.003768739163481142, -0.003615111839024929, 0.002089320315644623, 0.012414504325927014, 0.0011665463530077115, -0.004253505220462591, 0.0005856178917385509, 0.00084457425863605, -0.004008342385722456, 0.0006019988591749764, -0.0036878099867974187, 0.004742250752331561, 0.00022365318845573624, -0.0003393853971551211, -0.004753008661903766, -0.0036579912833138643, 0.03802298379204609]
Daily Returns: [0.004673999999999995, 0, 0, 0, 0, 0, 0, 0, 0, 0, 0, 0, 0, 0, -0.0008838687972417036, 0.004734076785290864, 0, 0, 0, 0, 0, 0, 0, 0, 0, 0, 0, 0, 0, 0, 0, 0.0043964629989152616, -0.003974443518675739, 0, -0.003633494755913598, 0, 0, 0, 0, 0, 0, -0.003527375457583958, 0, 0, 0, 0, 0, 0.005165136354468353, -0.004415480200851715, 0, 0, 0, 0, 0, 0.02469510187876698, 0, 0, 0, 0, 0, 0, 0, 0, 0, 0, 0, 0, 0, 0, 0, 0, 0, 0, 0, 0, 0, 0, 0, 0, 0, 0, 0, 0, 0, 0, 0, 0, 0, 0, 0, 0, 0, 0, -0.0025207169608794807, 0, 0, 0, 0, 0.0017016769500653186, -0.002235724192050845, 0, 0, 0, 0, 0, 0, 0, 0, 0, 0, 0.0045710191932189885, 0, 0, -0.00478377602214183, 0.005461039225299824, 0, -0.005562064858479148, 0, -0.003920792932388844, 0.0031837662905624016, 0, 0, -0.001793125957267737, -0.00559317445757698, 0, 0, -0.002533006891905999, 0, 0, 0, 0, -0.005631789198891809, 0, 0, 0, 0, 0, 0, 0, 0, 0, 0, 0, 0, 0, 0, 0, 0, 0, 0, 0, 0, 0, 0, 0.0014973419202119326, 0, 0, 0, 0, 0, 0, 0, 0, 0, 0, 0, 0, 0, 0.006460273679242854, 0, 0, 0.018206184618749958, 0, 0, 0, 0, 0, -0.001714436093717346, 0, 0, 0, 0, 0.0003178898317897667, 0, 0, 0, 0, 0, 0.004297899881022986, 0.005306001898547191, -4.222405619638023e-05, 0, 0, 0, -0.004188035500414578, 0, 0, 0, 0, 0, 0, 0, 0.0011655245361975662, -0.000543534826704889, 0, 0, -0.0032399862849569836, 0, 0, 0, 0.013755758943755567, 0, 0, 0, 0, 0, 0, 0, 0, 0, 0, 0, 0, 0, 0, 0, 0, 0, 0, 0, 0, 0, 0, 0, 0, 0, 0, 0, 0, 0, 0, 0, 0, 0, 0, 0, 0, 0, 0.0015402974604154947, 0, 0, 0, 0, 0, 0, 0, 0.0012219680156533793, 0, 0, 0, 0, 0, 0, -0.0004220339756360977, 0, 0, -0.00019398937242535823, -0.0030321010967435495, -0.00277043193552449, 0, 0, 0, 0, 0.001054960204210773, 0, 0, 0, 0, 0, 0, -0.0045068548918870835, 0, 0, 0, -0.0027877775537827783, 0.0015556620901706366, 0, 0, 0, 0, 0, 0, 0, 0, 0, 0, 0, 0, 0, 0, 0, 0, 0, 0, 0, 0, 0, 0, 0, 0, 0, 0, 0, 0, 0, 0, 0, 0, 0, 0, 0, 0, 0, 0, -0.004071503130520698, 0, 0, -0.002119351532476436, 0, 0, 0, 0, 0, 0.008816094067626049, -0.0034161718066597012, 0, 0, 0, 0, -0.003566834627697125, 0, 0.0025450976225279164, 0, 0, 0, 0, 0, 0.0020829582653371422, -0.004991799462570192, 0, 0, 0, 0, 0, -0.005121035575617078, 0, 0, 0, 0, 0.0026152039063030903, 0, 0, 0, 0, 0.0012431934192079267, -0.0015940028125262526, 0, 0, 0, 0, 0, 0, 0, 0, 0, 0, 0, 0, 0, 0, 0, 0, 0, 0, 0, 0, 0, 0, 0, 0, 0, 0, 0, 0, 0, 0, 0, 0, -0.003550797912526004, 0, 0, 0, 0, 0, 0, 0, 0, 0, 0, 0, 0, -0.012516031712845519, 0, 0, 0, 0, -0.0007011847058777276, 0, 0, 0, 0, 0, 0, -0.004000545528935762, 0, 0, 0, 0, 0.004003932997752071, 0, -0.003330164525291169, 0, 0, 0, 0, 0, 0, 0, 0, 0, 0, 0, 0.0001106881243501901, 0, 0.0009407449276851944, 0, 0, 0, 0, 0, 0, 0, 0, 0, 0, 0, 0, 0, 0, 0, 0, 0, 0, 0, 0, 0, 0, 0, 0, 0, 0, 0, 0, -0.0034435234511055197, 0, 0, 0, 0, 0, 0.0013664299779223216, 0, 0, 0, 0, 0, 0, -0.0038516863015489945, 0, 0, 0, 0, 0, 0, 0, 0.0073392563813791415, 0, 0, 0, 0, 0, 0, 0, 0, 0, 0, 0, 0, 0, -7.887181752231994e-06, 0, 0.005197693769865952, 0, 0, -0.0022127018501953877, 0, 0, 0, 0, 0, -0.0009122078575697276, 0, 0, 0, 0, 0.03226339651155467, 0, 0, 0, 0, 0, 0, 0, 0, 0, 0, 0, 0, 0, 0, 0, 0, 0, 0, 0, 0, 0, 0, 0, 0, 0, 0, 0, 0, 0, 0, 0, 0, 0, 0.0011342234286715997, 0, 0.010617251510425897, 0, 0, 0, 0, 0, 0, 0, 0, 0, -0.00441147963360629, 0, 0, 0, 0, 0, 0, 0, 0, 0, 0, 0, 0, 0, 0, -1.4994619149923333e-05, 0, 0, 0.006729635566388904, 0, 0.002701305537018424, 0, 0, 0, 0, 0, 0, 0, 0, -0.004836877252053799, 0, 0, 0, 0, 0, 0, 0, 0, 0, 0, 0, 0, 0, 0, 0, 0, 0, 0, 0, 0, 0, 0, 0, 0, 0, 0, 0, 0, 0, 0.00033344510966011365, -0.00045951122318495637, 0, 0, -0.003738071238141893, 0, -0.004122767700951831, 0, 0, 0, 0, 0, 0.0010740121266766213, 0, 0, 0, 0, 0.0018288343108627128, -0.0012541411210964001, 0, 0, 0.0070453223057187694, 0, 0, 0, 0, 0, 0.0025370733643377795, 0, 0, 0, 0, 0, 0, 0, 0, 0.009961566641868966, 0.002135155132071649, 0, 0, 0, 0, 0, 0, 0, 0, 0, 0, 0.011065612551417758, 0, 0, 0, 0, 0, 0, 0, 0, 0, 0, 0, 0, 0, 0, 0, 0, 0, 0, 0, 0, 0, 0, 0, 0, 0, 0, 0, 0, 0, 0, 0, 0, 0, 0, 0.004547364712229558, -0.004398904658125828, 0, 0, 0, 0, 0, 0, 0, 0, 0, 0, -0.00337143236132912, 0.0018759067930093163, 0, 0, 0.0027800405774704028, 0, 0, 0, 0, 0, 0, 0, 0, 0.0077187042880668445, 0, 0, 0, 0.009301051709027168, -0.00404586413602911, 0, 0, 0, 0, 0, 0, 0, -0.004135505649686854, 0, 0.0014060251994593958, -0.004012611063341933, -0.0008414534195428435, -0.004877977644425327, 0, 0, 0, 0, 0, 0, 0, 0, 0, 0, 0, 0, 0, 0, 0, 0, 0, 0, 0, 0, 0, 0, 0, 0, 0, 0, 0, 0, 0, 0, 0, 0, 0, 0, 0.00037163423868070587, 0.0015884664161964761, 0, 0, 0, 0, 0, 0, 0, 0, 0, 0, 0, 0, -0.0043412563698253465, 0, 0, 0, -0.0006165918253870864, -0.001828882013239209, 0.0005935022494467725, 0, 0, 0, 0, 0, -0.00391832950391741, 0, 0, 0, -0.001667685500000919, -0.0016353229762877711, 0, 0, 0, 0, 0, 0, 0, 0, -0.0034168269462387115, 0, 0, 0, 0.0004350752457060037, 0, 0, 0, 0, 0, 0, 0, 0, 0, 0, 0, 0, 0, 0, 0, 0, 0, 0, 0, 0, 0, 0, 0, 0, 0, 0, 0, 0, 0, 0, 0, 0, 0, 0, 0, 0, 0, 0, -0.001092790555910746, 0, 0, 0, 0, 0, 0, -0.003768739163481142, 0, 0, -0.003615111839024929, 0, 0, 0, 0, 0, 0, 0, 0, 0, 0.002089320315644623, 0.012414504325927014, 0, 0.0011665463530077115, 0, 0, 0, -0.004253505220462591, 0, 0.0005856178917385509, 0, 0, 0, 0, 0, 0, 0.00084457425863605, 0, 0, 0, 0, 0, 0, 0, 0, 0, 0, 0, 0, 0, 0, 0, 0, 0, 0, 0, 0, 0, 0, 0, 0, 0, 0, 0, 0, 0, 0, 0, -0.004008342385722456, 0.0006019988591749764, 0, 0, 0, 0, 0, 0, 0, 0, 0, 0, 0, 0, 0, 0, 0, 0, -0.0036878099867974187, 0, 0, 0, 0, 0, 0, 0, 0, 0.004742250752331561, 0, 0, 0, 0, 0, 0.00022365318845573624, 0, 0, 0, 0, 0, 0, -0.0003393853971551211, 0, 0, 0, 0, 0, 0, -0.004753008661903766, 0, 0, 0, 0, -0.0036579912833138643, 0.03802298379204609, 0, 0, 0, 0, 0, 0, 0, 0, 0, 0, 0, 0, 0, 0, 0, 0, 0, 0, 0, 0, 0]
Start Date: 2021-12-17
End Date: 2025-03-16
Sharpe Ratio: 0.044
Annualized Sharpe: 0.697
Sharpe 95% CI: (np.float64(-0.348), np.float64(1.437))
Sortino Ratio: 0.055
CAGR: 0.026
Calmar Ratio: 0.609
Daily Win Rate (%): 0.477
Max Drawdown: 0.043
Profit Factor: 1.438
Expectancy: 0.00069
Average Win: 0.004748
Average Loss: 0.003017
Total Trades: 155
Total Days: 1016

Rolling 9 - Variant 0 - atr_0.5_9 - Test Metrics
Contracts: [3, 4, 4, 3, 3, 3, 3, 3, 3, 3, 2, 1, 2, 1, 1, 2, 2, 2, 2, 2, 2, 2, 1, 2, 1, 2, 2, 1, 1, 1, 2, 2, 2, 2, 2, 2, 2, 2, 2, 2, 2, 2, 3, 2, 2, 2, 2, 2, 3, 3, 3, 2, 2, 3, 3, 4, 3, 3, 3, 3, 3, 4, 4, 4, 4, 3, 3, 4, 3, 3, 3, 5, 5, 5, 5, 4, 3, 3, 4, 4, 4, 4, 3, 5, 4, 4, 3, 4, 4, 5, 4, 3, 4, 3, 4, 3, 5, 3, 4, 4, 5, 4, 3, 4, 4, 4, 4, 4, 3, 4, 6, 7, 8, 5, 5, 5, 5, 6, 5, 5, 6, 6, 6, 7, 7, 6, 6, 7, 7, 6, 6, 6, 5, 3, 4, 4, 6, 3, 3, 3, 3, 4, 5, 5, 4, 4, 6, 6, 6, 5, 5, 3, 7, 7, 7, 5, 8, 5, 2, 4, 4, 5, 3, 5, 6, 6, 7, 7, 7, 6, 6, 7, 7, 7, 7, 4, 7, 8, 8, 7, 7, 5, 7, 7]
Trade Returns: [-0.005158056021414628, -0.004287290323285359, -0.004830343206699039, 0.0013676013771087598, -0.0018696673854417993, -0.0034463393619881956, -0.0014029242201714259, 0.004855144158316241, -0.005176892401126846, 0.04406524097604033, 0.009499924268308584, -0.004713985638219923, 0.008454195194974062, 0.009356710915351507, 0.0006612799900808299, 0.0008157280631104676, 0.001974034906714781, -0.0004324710227253912, 0.003653557583020633, -0.004562296646788947, -0.00041931098955678005, 0.008472259710519712, -0.0018547846796149287, -0.00411270309460413, 0.0004681912895840389, -0.004331742570727228, -0.0015150445646915358, 0.000350023536065346, 0.003486945070704157]
Daily Returns: [0, 0, 0, 0, 0, 0, 0, 0, 0, 0, 0, 0, -0.005158056021414628, 0, -0.004287290323285359, -0.004830343206699039, 0, 0, 0, 0, 0, 0, 0, 0, 0.0013676013771087598, 0, 0, 0, 0, 0, 0, 0, 0, -0.0018696673854417993, 0, 0, -0.0034463393619881956, 0, 0, 0, 0, 0, 0, 0, -0.0014029242201714259, 0, 0, 0, 0.004855144158316241, 0, 0, 0, 0, -0.005176892401126846, 0.04406524097604033, 0, 0, 0, 0, 0, 0, 0, 0, 0, 0, 0, 0, 0, 0, 0, 0, 0, 0, 0, 0, 0, 0, 0, 0, 0, 0, 0, 0, 0, 0, 0, 0, 0, 0, 0, 0, 0, 0.009499924268308584, 0, 0, 0, 0.0037402095567541397, 0, 0, 0.009356710915351507, 0, 0, 0.0006612799900808299, 0.0008157280631104676, 0, 0, 0, 0, 0.001974034906714781, 0, 0, 0.003221086560295242, 0, 0, -0.004562296646788947, 0, 0, 0, 0, 0, 0, -0.00041931098955678005, 0, 0, 0, 0, 0, 0, 0, 0, 0.008472259710519712, 0, -0.0018547846796149287, 0, 0, 0, 0, 0, 0, 0, 0, 0, 0, 0, 0, 0, 0, 0, 0, 0, 0, 0, 0, 0, 0, 0, 0, 0, 0, 0, 0, 0, 0, 0, -0.00411270309460413, 0, 0, 0, 0, 0.0004681912895840389, 0, 0, 0, 0, 0, -0.004331742570727228, 0, 0, 0, 0, 0, 0, 0, 0, 0, 0, 0, 0, 0, -0.0015150445646915358, 0, 0, 0, 0, 0, 0, 0, 0, 0, 0.0038369686067695028, 0, 0]
Start Date: 2025-03-17
End Date: 2025-11-06
Sharpe Ratio: 0.07
Annualized Sharpe: 1.117
Sharpe 95% CI: (np.float64(-1.577), np.float64(2.368))
Sortino Ratio: 0.148
CAGR: 0.062
Calmar Ratio: 3.126
Daily Win Rate (%): 0.483
Max Drawdown: 0.02
Profit Factor: 2.026
Expectancy: 0.001702
Average Win: 0.006963
Average Loss: 0.003208
Total Trades: 29
Total Days: 202



Rolling 9 - Variant 1 - atr_0.5_10 - Fit Metrics
Contracts: [3, 4, 4, 3, 3, 3, 3, 3, 3, 3, 2, 1, 2, 1, 1, 2, 2, 2, 2, 2, 2, 2, 1, 2, 1, 2, 2, 1, 1, 1, 2, 2, 2, 2, 2, 2, 2, 2, 2, 2, 2, 2, 3, 2, 2, 2, 2, 2, 3, 3, 3, 2, 2, 3, 3, 4, 3, 3, 3, 3, 3, 4, 4, 4, 4, 3, 3, 4, 3, 3, 3, 5, 5, 5, 5, 4, 3, 3, 4, 4, 4, 4, 3, 5, 4, 4, 3, 4, 4, 5, 4, 3, 4, 3, 4, 3, 5, 3, 4, 4, 5, 4, 3, 4, 4, 4, 4, 4, 3, 4, 6, 7, 8, 5, 5, 5, 5, 6, 5, 5, 6, 6, 6, 7, 7, 6, 6, 7, 7, 6, 6, 6, 5, 3, 4, 4, 6, 3, 3, 3, 3, 4, 5, 5, 4, 4, 6, 6, 6, 5, 5, 3, 7, 7, 7, 5, 8, 5, 2, 4, 4, 5, 3, 5, 6, 6, 7, 7, 7, 6, 6, 8, 7, 7, 7, 4, 7, 8, 8, 7, 7, 5, 7, 7]
Trade Returns: [0.004673999999999995, -0.0008838687972417036, 0.004734076785290864, 0.0043964629989152616, -0.003974443518675739, -0.003633494755913598, -0.003527375457583958, 0.004246636332599267, 0.0009185000218690859, -0.004415480200851715, 0.02469510187876698, -0.0025207169608794807, 0.0017016769500653186, -0.002235724192050845, 0.0045710191932189885, -0.00478377602214183, 0.005461039225299824, -0.005562064858479148, -0.003920792932388844, 0.0031837662905624016, -0.001793125957267737, -0.00559317445757698, -0.002533006891905999, -0.005631789198891809, 0.0014973419202119326, 0.006460273679242854, 0.02050550563369458, -0.0022993210149446206, -0.001714436093717346, 0.0003178898317897667, 0.004297899881022986, 0.0064983676903010695, -0.0011923657917538783, -4.222405619638023e-05, -0.004188035500414578, 0.004697929673649957, -0.004319223613801566, 0.000786818476349175, -0.000543534826704889, -0.0032399862849569836, 0.013755758943755567, 0.0015402974604154947, 0.0012219680156533793, -0.0004220339756360977, -0.00019398937242535823, -0.0030473654175385174, 1.526432079496798e-05, -0.00277043193552449, -0.0016703210919652438, 0.002725281296176017, -0.0045068548918870835, -0.0027877775537827783, 0.0015556620901706366, -0.004071503130520698, -0.002119351532476436, 0.0008397105331190057, 0.007976383534507043, -0.0034161718066597012, -0.003566834627697125, 0.0006132814243654865, 0.0019318161981624299, 0.0020829582653371422, -0.004991799462570192, -0.0038048910637261397, -0.0013161445118909376, 0.0026152039063030903, 0.0012431934192079267, 0.0031714568880079246, -0.004765459700534177, -0.003550797912526004, -0.003959615819738, -0.003975356705036364, -0.004581059188071155, -0.0007011847058777276, -0.004000545528935762, 0.000884309733935556, 0.0031196232638165153, -0.003330164525291169, 0.0001106881243501901, 0.0009407449276851944, -0.0034435234511055197, 0.0013664299779223216, -0.0038516863015489945, 0.0073392563813791415, -7.887181752231994e-06, 0.005197693769865952, -0.0022127018501953877, -0.0009122078575697276, 0.03226339651155467, 0.0011342234286715997, 0.010617251510425897, -0.00441147963360629, -0.0011115374945415697, 0.0010965428753916464, 0.006729635566388904, 0.002701305537018424, -0.004836877252053799, 0.00033344510966011365, -0.00045951122318495637, -0.003738071238141893, -0.004122767700951831, 0.0010740121266766213, 0.006236589251722827, -0.0044077549408601145, -0.0012541411210964001, 0.0034721302918783083, 0.0035731920138404615, 0.0025370733643377795, 0.009961566641868966, 0.002135155132071649, 0.011065612551417758, 0.004547364712229558, -0.004398904658125828, -0.00337143236132912, 0.0016544477841490763, 0.00022145900886024006, 0.004029661556401426, -0.0012496209789310234, 0.0077187042880668445, 0.009301051709027168, -0.00404586413602911, -0.004135505649686854, 0.0014060251994593958, -0.004012611063341933, -0.0008414534195428435, -0.004877977644425327, 0.00037163423868070587, 0.0015884664161964761, -0.0043412563698253465, -0.0006165918253870864, -0.001828882013239209, 0.0005935022494467725, -0.00391832950391741, -0.001667685500000919, -0.0016353229762877711, -0.0034168269462387115, 0.0004350752457060037, -0.001092790555910746, -0.003768739163481142, -0.003615111839024929, 0.002089320315644623, 0.012414504325927014, 0.0011665463530077115, -0.004253505220462591, 0.0005856178917385509, 0.00084457425863605, -0.004008342385722456, 0.0006019988591749764, -0.0036878099867974187, 0.004742250752331561, 0.00022365318845573624, -0.0003393853971551211, -0.004753008661903766, -0.003666979899117564, 0.03547854939278431]
Daily Returns: [0.004673999999999995, 0, 0, 0, 0, 0, 0, 0, 0, 0, 0, 0, 0, 0, -0.0008838687972417036, 0.004734076785290864, 0, 0, 0, 0, 0, 0, 0, 0, 0, 0, 0, 0, 0, 0, 0, 0.0043964629989152616, -0.003974443518675739, 0, -0.003633494755913598, 0, 0, 0, 0, 0, 0, -0.003527375457583958, 0, 0, 0, 0, 0, 0.005165136354468353, -0.004415480200851715, 0, 0, 0, 0, 0, 0.02469510187876698, 0, 0, 0, 0, 0, 0, 0, 0, 0, 0, 0, 0, 0, 0, 0, 0, 0, 0, 0, 0, 0, 0, 0, 0, 0, 0, 0, 0, 0, 0, 0, 0, 0, 0, 0, 0, 0, 0, -0.0025207169608794807, 0, 0, 0, 0, 0.0017016769500653186, -0.002235724192050845, 0, 0, 0, 0, 0, 0, 0, 0, 0, 0, 0.0045710191932189885, 0, 0, -0.00478377602214183, 0.005461039225299824, 0, -0.005562064858479148, 0, -0.003920792932388844, 0.0031837662905624016, 0, 0, -0.001793125957267737, -0.00559317445757698, 0, 0, -0.002533006891905999, 0, 0, 0, 0, -0.005631789198891809, 0, 0, 0, 0, 0, 0, 0, 0, 0, 0, 0, 0, 0, 0, 0, 0, 0, 0, 0, 0, 0, 0, 0.0014973419202119326, 0, 0, 0, 0, 0, 0, 0, 0, 0, 0, 0, 0, 0, 0.006460273679242854, 0, 0, 0.018206184618749958, 0, 0, 0, 0, 0, -0.001714436093717346, 0, 0, 0, 0, 0.0003178898317897667, 0, 0, 0, 0, 0, 0.004297899881022986, 0.005306001898547191, -4.222405619638023e-05, 0, 0, 0, -0.004188035500414578, 0, 0, 0, 0, 0, 0, 0, 0.0011655245361975662, -0.000543534826704889, 0, 0, -0.0032399862849569836, 0, 0, 0, 0.013755758943755567, 0, 0, 0, 0, 0, 0, 0, 0, 0, 0, 0, 0, 0, 0, 0, 0, 0, 0, 0, 0, 0, 0, 0, 0, 0, 0, 0, 0, 0, 0, 0, 0, 0, 0, 0, 0, 0, 0.0015402974604154947, 0, 0, 0, 0, 0, 0, 0, 0.0012219680156533793, 0, 0, 0, 0, 0, 0, -0.0004220339756360977, 0, 0, -0.00019398937242535823, -0.0030321010967435495, -0.00277043193552449, 0, 0, 0, 0, 0.001054960204210773, 0, 0, 0, 0, 0, 0, -0.0045068548918870835, 0, 0, 0, -0.0027877775537827783, 0.0015556620901706366, 0, 0, 0, 0, 0, 0, 0, 0, 0, 0, 0, 0, 0, 0, 0, 0, 0, 0, 0, 0, 0, 0, 0, 0, 0, 0, 0, 0, 0, 0, 0, 0, 0, 0, 0, 0, 0, 0, -0.004071503130520698, 0, 0, -0.002119351532476436, 0, 0, 0, 0, 0, 0.008816094067626049, -0.0034161718066597012, 0, 0, 0, 0, -0.003566834627697125, 0, 0.0025450976225279164, 0, 0, 0, 0, 0, 0.0020829582653371422, -0.004991799462570192, 0, 0, 0, 0, 0, -0.005121035575617078, 0, 0, 0, 0, 0.0026152039063030903, 0, 0, 0, 0, 0.0012431934192079267, -0.0015940028125262526, 0, 0, 0, 0, 0, 0, 0, 0, 0, 0, 0, 0, 0, 0, 0, 0, 0, 0, 0, 0, 0, 0, 0, 0, 0, 0, 0, 0, 0, 0, 0, 0, -0.003550797912526004, 0, 0, 0, 0, 0, 0, 0, 0, 0, 0, 0, 0, -0.012516031712845519, 0, 0, 0, 0, -0.0007011847058777276, 0, 0, 0, 0, 0, 0, -0.004000545528935762, 0, 0, 0, 0, 0.004003932997752071, 0, -0.003330164525291169, 0, 0, 0, 0, 0, 0, 0, 0, 0, 0, 0, 0.0001106881243501901, 0, 0.0009407449276851944, 0, 0, 0, 0, 0, 0, 0, 0, 0, 0, 0, 0, 0, 0, 0, 0, 0, 0, 0, 0, 0, 0, 0, 0, 0, 0, 0, 0, -0.0034435234511055197, 0, 0, 0, 0, 0, 0.0013664299779223216, 0, 0, 0, 0, 0, 0, -0.0038516863015489945, 0, 0, 0, 0, 0, 0, 0, 0.0073392563813791415, 0, 0, 0, 0, 0, 0, 0, 0, 0, 0, 0, 0, 0, -7.887181752231994e-06, 0, 0.005197693769865952, 0, 0, -0.0022127018501953877, 0, 0, 0, 0, 0, -0.0009122078575697276, 0, 0, 0, 0, 0.03226339651155467, 0, 0, 0, 0, 0, 0, 0, 0, 0, 0, 0, 0, 0, 0, 0, 0, 0, 0, 0, 0, 0, 0, 0, 0, 0, 0, 0, 0, 0, 0, 0, 0, 0, 0.0011342234286715997, 0, 0.010617251510425897, 0, 0, 0, 0, 0, 0, 0, 0, 0, -0.00441147963360629, 0, 0, 0, 0, 0, 0, 0, 0, 0, 0, 0, 0, 0, 0, -1.4994619149923333e-05, 0, 0, 0.006729635566388904, 0, 0.002701305537018424, 0, 0, 0, 0, 0, 0, 0, 0, -0.004836877252053799, 0, 0, 0, 0, 0, 0, 0, 0, 0, 0, 0, 0, 0, 0, 0, 0, 0, 0, 0, 0, 0, 0, 0, 0, 0, 0, 0, 0, 0, 0.00033344510966011365, -0.00045951122318495637, 0, 0, -0.003738071238141893, 0, -0.004122767700951831, 0, 0, 0, 0, 0, 0.0010740121266766213, 0, 0, 0, 0, 0.0018288343108627128, -0.0012541411210964001, 0, 0, 0.0070453223057187694, 0, 0, 0, 0, 0, 0.0025370733643377795, 0, 0, 0, 0, 0, 0, 0, 0, 0.009961566641868966, 0.002135155132071649, 0, 0, 0, 0, 0, 0, 0, 0, 0, 0, 0.011065612551417758, 0, 0, 0, 0, 0, 0, 0, 0, 0, 0, 0, 0, 0, 0, 0, 0, 0, 0, 0, 0, 0, 0, 0, 0, 0, 0, 0, 0, 0, 0, 0, 0, 0, 0, 0.004547364712229558, -0.004398904658125828, 0, 0, 0, 0, 0, 0, 0, 0, 0, 0, -0.00337143236132912, 0.0018759067930093163, 0, 0, 0.0027800405774704028, 0, 0, 0, 0, 0, 0, 0, 0, 0.0077187042880668445, 0, 0, 0, 0.009301051709027168, -0.00404586413602911, 0, 0, 0, 0, 0, 0, 0, -0.004135505649686854, 0, 0.0014060251994593958, -0.004012611063341933, -0.0008414534195428435, -0.004877977644425327, 0, 0, 0, 0, 0, 0, 0, 0, 0, 0, 0, 0, 0, 0, 0, 0, 0, 0, 0, 0, 0, 0, 0, 0, 0, 0, 0, 0, 0, 0, 0, 0, 0, 0, 0.00037163423868070587, 0.0015884664161964761, 0, 0, 0, 0, 0, 0, 0, 0, 0, 0, 0, 0, -0.0043412563698253465, 0, 0, 0, -0.0006165918253870864, -0.001828882013239209, 0.0005935022494467725, 0, 0, 0, 0, 0, -0.00391832950391741, 0, 0, 0, -0.001667685500000919, -0.0016353229762877711, 0, 0, 0, 0, 0, 0, 0, 0, -0.0034168269462387115, 0, 0, 0, 0.0004350752457060037, 0, 0, 0, 0, 0, 0, 0, 0, 0, 0, 0, 0, 0, 0, 0, 0, 0, 0, 0, 0, 0, 0, 0, 0, 0, 0, 0, 0, 0, 0, 0, 0, 0, 0, 0, 0, 0, 0, -0.001092790555910746, 0, 0, 0, 0, 0, 0, -0.003768739163481142, 0, 0, -0.003615111839024929, 0, 0, 0, 0, 0, 0, 0, 0, 0, 0.002089320315644623, 0.012414504325927014, 0, 0.0011665463530077115, 0, 0, 0, -0.004253505220462591, 0, 0.0005856178917385509, 0, 0, 0, 0, 0, 0, 0.00084457425863605, 0, 0, 0, 0, 0, 0, 0, 0, 0, 0, 0, 0, 0, 0, 0, 0, 0, 0, 0, 0, 0, 0, 0, 0, 0, 0, 0, 0, 0, 0, 0, -0.004008342385722456, 0.0006019988591749764, 0, 0, 0, 0, 0, 0, 0, 0, 0, 0, 0, 0, 0, 0, 0, 0, -0.0036878099867974187, 0, 0, 0, 0, 0, 0, 0, 0, 0.004742250752331561, 0, 0, 0, 0, 0, 0.00022365318845573624, 0, 0, 0, 0, 0, 0, -0.0003393853971551211, 0, 0, 0, 0, 0, 0, -0.004753008661903766, 0, 0, 0, 0, -0.003666979899117564, 0.03547854939278431, 0, 0, 0, 0, 0, 0, 0, 0, 0, 0, 0, 0, 0, 0, 0, 0, 0, 0, 0, 0, 0]
Start Date: 2021-12-17
End Date: 2025-03-16
Sharpe Ratio: 0.044
Annualized Sharpe: 0.691
Sharpe 95% CI: (np.float64(-0.35), np.float64(1.437))
Sortino Ratio: 0.053
CAGR: 0.026
Calmar Ratio: 0.594
Daily Win Rate (%): 0.477
Max Drawdown: 0.043
Profit Factor: 1.427
Expectancy: 0.000674
Average Win: 0.004714
Average Loss: 0.003017
Total Trades: 155
Total Days: 1016

Rolling 9 - Variant 1 - atr_0.5_10 - Test Metrics
Contracts: [3, 4, 4, 3, 3, 3, 3, 3, 3, 3, 2, 1, 2, 1, 1, 2, 2, 2, 2, 2, 2, 2, 1, 2, 1, 2, 2, 1, 1, 1, 2, 2, 2, 2, 2, 2, 2, 2, 2, 2, 2, 2, 3, 2, 2, 2, 2, 2, 3, 3, 3, 2, 2, 3, 3, 4, 3, 3, 3, 3, 3, 4, 4, 4, 4, 3, 3, 4, 3, 3, 3, 5, 5, 5, 5, 4, 3, 3, 4, 4, 4, 4, 3, 5, 4, 4, 3, 4, 4, 5, 4, 3, 4, 3, 4, 3, 5, 3, 4, 4, 5, 4, 3, 4, 4, 4, 4, 4, 3, 4, 6, 7, 8, 5, 5, 5, 5, 6, 5, 5, 6, 6, 6, 7, 7, 6, 6, 7, 7, 6, 6, 6, 5, 3, 4, 4, 6, 3, 3, 3, 3, 4, 5, 5, 4, 4, 6, 6, 6, 5, 5, 3, 7, 7, 7, 5, 8, 5, 2, 4, 4, 5, 3, 5, 6, 6, 7, 7, 7, 6, 6, 8, 7, 7, 7, 4, 7, 8, 8, 7, 7, 5, 7, 7]
Trade Returns: [-0.005170839226480218, -0.0042979707372981756, -0.004842256274606524, 0.001371023025121974, -0.0018743387647668325, -0.0034549662388914785, -0.001406431126078865, 0.004867339690624891, -0.005189851364857557, 0.0490980984948338, 0.009478140007274663, -0.0047032774985944145, 0.008434900164570573, 0.009335534690451428, 0.0006597972154495938, 0.0008139001787489256, 0.0022509886678504566, -0.0004313834913646953, 0.003644366046428051, -0.004550860602379009, -0.0004182551219111126, 0.00845091677356075, -0.001850151345100841, -0.004102410336438538, 0.0004670147323475362, -0.004320862052161545, -0.001511222544692683, 0.0003491391913041882, 0.0034781382761982322]
Daily Returns: [0, 0, 0, 0, 0, 0, 0, 0, 0, 0, 0, 0, -0.005170839226480218, 0, -0.0042979707372981756, -0.004842256274606524, 0, 0, 0, 0, 0, 0, 0, 0, 0.001371023025121974, 0, 0, 0, 0, 0, 0, 0, 0, -0.0018743387647668325, 0, 0, -0.0034549662388914785, 0, 0, 0, 0, 0, 0, 0, -0.001406431126078865, 0, 0, 0, 0.004867339690624891, 0, 0, 0, 0, -0.005189851364857557, 0.0490980984948338, 0, 0, 0, 0, 0, 0, 0, 0, 0, 0, 0, 0, 0, 0, 0, 0, 0, 0, 0, 0, 0, 0, 0, 0, 0, 0, 0, 0, 0, 0, 0, 0, 0, 0, 0, 0, 0, 0.009478140007274663, 0, 0, 0, 0.0037316226659761583, 0, 0, 0.009335534690451428, 0, 0, 0.0006597972154495938, 0.0008139001787489256, 0, 0, 0, 0, 0.0022509886678504566, 0, 0, 0.0032129825550633556, 0, 0, -0.004550860602379009, 0, 0, 0, 0, 0, 0, -0.0004182551219111126, 0, 0, 0, 0, 0, 0, 0, 0, 0.00845091677356075, 0, -0.001850151345100841, 0, 0, 0, 0, 0, 0, 0, 0, 0, 0, 0, 0, 0, 0, 0, 0, 0, 0, 0, 0, 0, 0, 0, 0, 0, 0, 0, 0, 0, 0, 0, -0.004102410336438538, 0, 0, 0, 0, 0.0004670147323475362, 0, 0, 0, 0, 0, -0.004320862052161545, 0, 0, 0, 0, 0, 0, 0, 0, 0, 0, 0, 0, 0, -0.001511222544692683, 0, 0, 0, 0, 0, 0, 0, 0, 0, 0.0038272774675024205, 0, 0]
Start Date: 2025-03-17
End Date: 2025-11-06
Sharpe Ratio: 0.071
Annualized Sharpe: 1.131
Sharpe 95% CI: (np.float64(-1.575), np.float64(2.348))
Sortino Ratio: 0.163
CAGR: 0.069
Calmar Ratio: 3.451
Daily Win Rate (%): 0.483
Max Drawdown: 0.02
Profit Factor: 2.134
Expectancy: 0.001882
Average Win: 0.007336
Average Loss: 0.003208
Total Trades: 29
Total Days: 202



Rolling 9 - Variant 2 - atr_0.5_11 - Fit Metrics
Contracts: [3, 4, 4, 3, 3, 3, 3, 3, 3, 3, 2, 1, 2, 1, 1, 2, 2, 2, 2, 2, 2, 2, 1, 2, 1, 2, 2, 1, 1, 1, 2, 2, 2, 2, 2, 2, 2, 2, 2, 2, 2, 2, 3, 2, 2, 2, 2, 2, 3, 3, 3, 2, 2, 3, 3, 4, 3, 3, 3, 3, 3, 4, 4, 4, 4, 3, 3, 4, 3, 3, 3, 5, 5, 5, 5, 4, 3, 3, 4, 4, 4, 4, 3, 5, 4, 4, 3, 4, 4, 5, 4, 3, 4, 3, 4, 3, 5, 3, 4, 4, 5, 4, 3, 4, 4, 4, 4, 4, 3, 4, 6, 7, 8, 5, 5, 5, 5, 6, 5, 5, 6, 6, 6, 7, 7, 6, 6, 7, 7, 6, 6, 6, 5, 3, 4, 4, 6, 3, 3, 3, 3, 4, 5, 5, 4, 4, 6, 6, 6, 5, 5, 3, 7, 7, 7, 5, 8, 5, 2, 4, 4, 5, 3, 5, 6, 6, 7, 7, 7, 6, 6, 8, 7, 7, 7, 4, 7, 8, 8, 7, 7, 5, 7, 7]
Trade Returns: [0.004673999999999995, -0.0008838687972417036, 0.004734076785290864, 0.0043964629989152616, -0.003974443518675739, -0.003633494755913598, -0.003527375457583958, 0.004246636332599267, 0.0009185000218690859, -0.004415480200851715, 0.02469510187876698, -0.0025207169608794807, 0.0017016769500653186, -0.002235724192050845, 0.0045710191932189885, -0.00478377602214183, 0.005461039225299824, -0.005562064858479148, -0.003920792932388844, 0.0031837662905624016, -0.001793125957267737, -0.00559317445757698, -0.002533006891905999, -0.005631789198891809, 0.0014973419202119326, 0.006460273679242854, 0.02050550563369458, -0.0022993210149446206, -0.001714436093717346, 0.0003178898317897667, 0.004297899881022986, 0.0064983676903010695, -0.0011923657917538783, -4.222405619638023e-05, -0.004188035500414578, 0.004697929673649957, -0.004319223613801566, 0.000786818476349175, -0.000543534826704889, -0.0032399862849569836, 0.013755758943755567, 0.0015402974604154947, 0.0012219680156533793, -0.0004220339756360977, -0.00019398937242535823, -0.0030473654175385174, 1.526432079496798e-05, -0.00277043193552449, -0.0016703210919652438, 0.002725281296176017, -0.0045068548918870835, -0.0027877775537827783, 0.0015556620901706366, -0.004071503130520698, -0.002119351532476436, 0.0008397105331190057, 0.007976383534507043, -0.0034161718066597012, -0.003566834627697125, 0.0006132814243654865, 0.0019318161981624299, 0.0020829582653371422, -0.004991799462570192, -0.0038048910637261397, -0.0013161445118909376, 0.0026152039063030903, 0.0012431934192079267, 0.0031714568880079246, -0.004765459700534177, -0.003550797912526004, -0.003959615819738, -0.003975356705036364, -0.004581059188071155, -0.0007011847058777276, -0.004000545528935762, 0.000884309733935556, 0.0031196232638165153, -0.003330164525291169, 0.0001106881243501901, 0.0009407449276851944, -0.0034435234511055197, 0.0013664299779223216, -0.0038516863015489945, 0.0073392563813791415, -7.887181752231994e-06, 0.005197693769865952, -0.0022127018501953877, -0.0009122078575697276, 0.03226339651155467, 0.0011342234286715997, 0.010617251510425897, -0.00441147963360629, -0.0011115374945415697, 0.0010965428753916464, 0.006729635566388904, 0.002701305537018424, -0.004836877252053799, 0.00033344510966011365, -0.00045951122318495637, -0.003738071238141893, -0.004122767700951831, 0.0010740121266766213, 0.006236589251722827, -0.0044077549408601145, -0.0012541411210964001, 0.0034721302918783083, 0.0035731920138404615, 0.0025370733643377795, 0.009961566641868966, 0.002135155132071649, 0.011065612551417758, 0.004547364712229558, -0.004398904658125828, -0.00337143236132912, 0.0016544477841490763, 0.00022145900886024006, 0.004029661556401426, -0.0012496209789310234, 0.0077187042880668445, 0.009301051709027168, -0.00404586413602911, -0.004135505649686854, 0.0014060251994593958, -0.004012611063341933, -0.0008414534195428435, -0.004877977644425327, 0.00037163423868070587, 0.0015884664161964761, -0.0043412563698253465, -0.0006165918253870864, -0.001828882013239209, 0.0005935022494467725, -0.00391832950391741, -0.001667685500000919, -0.0016353229762877711, -0.0034168269462387115, 0.0004350752457060037, -0.001092790555910746, -0.003768739163481142, -0.003615111839024929, 0.002089320315644623, 0.012414504325927014, 0.0011665463530077115, -0.004253505220462591, 0.0005856178917385509, 0.00084457425863605, -0.004008342385722456, 0.0006019988591749764, -0.0036878099867974187, 0.004742250752331561, 0.00022365318845573624, -0.0003393853971551211, -0.004753008661903766, -0.003666979899117564, 0.03547854939278431]
Daily Returns: [0.004673999999999995, 0, 0, 0, 0, 0, 0, 0, 0, 0, 0, 0, 0, 0, -0.0008838687972417036, 0.004734076785290864, 0, 0, 0, 0, 0, 0, 0, 0, 0, 0, 0, 0, 0, 0, 0, 0.0043964629989152616, -0.003974443518675739, 0, -0.003633494755913598, 0, 0, 0, 0, 0, 0, -0.003527375457583958, 0, 0, 0, 0, 0, 0.005165136354468353, -0.004415480200851715, 0, 0, 0, 0, 0, 0.02469510187876698, 0, 0, 0, 0, 0, 0, 0, 0, 0, 0, 0, 0, 0, 0, 0, 0, 0, 0, 0, 0, 0, 0, 0, 0, 0, 0, 0, 0, 0, 0, 0, 0, 0, 0, 0, 0, 0, 0, -0.0025207169608794807, 0, 0, 0, 0, 0.0017016769500653186, -0.002235724192050845, 0, 0, 0, 0, 0, 0, 0, 0, 0, 0, 0.0045710191932189885, 0, 0, -0.00478377602214183, 0.005461039225299824, 0, -0.005562064858479148, 0, -0.003920792932388844, 0.0031837662905624016, 0, 0, -0.001793125957267737, -0.00559317445757698, 0, 0, -0.002533006891905999, 0, 0, 0, 0, -0.005631789198891809, 0, 0, 0, 0, 0, 0, 0, 0, 0, 0, 0, 0, 0, 0, 0, 0, 0, 0, 0, 0, 0, 0, 0.0014973419202119326, 0, 0, 0, 0, 0, 0, 0, 0, 0, 0, 0, 0, 0, 0.006460273679242854, 0, 0, 0.018206184618749958, 0, 0, 0, 0, 0, -0.001714436093717346, 0, 0, 0, 0, 0.0003178898317897667, 0, 0, 0, 0, 0, 0.004297899881022986, 0.005306001898547191, -4.222405619638023e-05, 0, 0, 0, -0.004188035500414578, 0, 0, 0, 0, 0, 0, 0, 0.0011655245361975662, -0.000543534826704889, 0, 0, -0.0032399862849569836, 0, 0, 0, 0.013755758943755567, 0, 0, 0, 0, 0, 0, 0, 0, 0, 0, 0, 0, 0, 0, 0, 0, 0, 0, 0, 0, 0, 0, 0, 0, 0, 0, 0, 0, 0, 0, 0, 0, 0, 0, 0, 0, 0, 0.0015402974604154947, 0, 0, 0, 0, 0, 0, 0, 0.0012219680156533793, 0, 0, 0, 0, 0, 0, -0.0004220339756360977, 0, 0, -0.00019398937242535823, -0.0030321010967435495, -0.00277043193552449, 0, 0, 0, 0, 0.001054960204210773, 0, 0, 0, 0, 0, 0, -0.0045068548918870835, 0, 0, 0, -0.0027877775537827783, 0.0015556620901706366, 0, 0, 0, 0, 0, 0, 0, 0, 0, 0, 0, 0, 0, 0, 0, 0, 0, 0, 0, 0, 0, 0, 0, 0, 0, 0, 0, 0, 0, 0, 0, 0, 0, 0, 0, 0, 0, 0, -0.004071503130520698, 0, 0, -0.002119351532476436, 0, 0, 0, 0, 0, 0.008816094067626049, -0.0034161718066597012, 0, 0, 0, 0, -0.003566834627697125, 0, 0.0025450976225279164, 0, 0, 0, 0, 0, 0.0020829582653371422, -0.004991799462570192, 0, 0, 0, 0, 0, -0.005121035575617078, 0, 0, 0, 0, 0.0026152039063030903, 0, 0, 0, 0, 0.0012431934192079267, -0.0015940028125262526, 0, 0, 0, 0, 0, 0, 0, 0, 0, 0, 0, 0, 0, 0, 0, 0, 0, 0, 0, 0, 0, 0, 0, 0, 0, 0, 0, 0, 0, 0, 0, 0, -0.003550797912526004, 0, 0, 0, 0, 0, 0, 0, 0, 0, 0, 0, 0, -0.012516031712845519, 0, 0, 0, 0, -0.0007011847058777276, 0, 0, 0, 0, 0, 0, -0.004000545528935762, 0, 0, 0, 0, 0.004003932997752071, 0, -0.003330164525291169, 0, 0, 0, 0, 0, 0, 0, 0, 0, 0, 0, 0.0001106881243501901, 0, 0.0009407449276851944, 0, 0, 0, 0, 0, 0, 0, 0, 0, 0, 0, 0, 0, 0, 0, 0, 0, 0, 0, 0, 0, 0, 0, 0, 0, 0, 0, 0, -0.0034435234511055197, 0, 0, 0, 0, 0, 0.0013664299779223216, 0, 0, 0, 0, 0, 0, -0.0038516863015489945, 0, 0, 0, 0, 0, 0, 0, 0.0073392563813791415, 0, 0, 0, 0, 0, 0, 0, 0, 0, 0, 0, 0, 0, -7.887181752231994e-06, 0, 0.005197693769865952, 0, 0, -0.0022127018501953877, 0, 0, 0, 0, 0, -0.0009122078575697276, 0, 0, 0, 0, 0.03226339651155467, 0, 0, 0, 0, 0, 0, 0, 0, 0, 0, 0, 0, 0, 0, 0, 0, 0, 0, 0, 0, 0, 0, 0, 0, 0, 0, 0, 0, 0, 0, 0, 0, 0, 0.0011342234286715997, 0, 0.010617251510425897, 0, 0, 0, 0, 0, 0, 0, 0, 0, -0.00441147963360629, 0, 0, 0, 0, 0, 0, 0, 0, 0, 0, 0, 0, 0, 0, -1.4994619149923333e-05, 0, 0, 0.006729635566388904, 0, 0.002701305537018424, 0, 0, 0, 0, 0, 0, 0, 0, -0.004836877252053799, 0, 0, 0, 0, 0, 0, 0, 0, 0, 0, 0, 0, 0, 0, 0, 0, 0, 0, 0, 0, 0, 0, 0, 0, 0, 0, 0, 0, 0, 0.00033344510966011365, -0.00045951122318495637, 0, 0, -0.003738071238141893, 0, -0.004122767700951831, 0, 0, 0, 0, 0, 0.0010740121266766213, 0, 0, 0, 0, 0.0018288343108627128, -0.0012541411210964001, 0, 0, 0.0070453223057187694, 0, 0, 0, 0, 0, 0.0025370733643377795, 0, 0, 0, 0, 0, 0, 0, 0, 0.009961566641868966, 0.002135155132071649, 0, 0, 0, 0, 0, 0, 0, 0, 0, 0, 0.011065612551417758, 0, 0, 0, 0, 0, 0, 0, 0, 0, 0, 0, 0, 0, 0, 0, 0, 0, 0, 0, 0, 0, 0, 0, 0, 0, 0, 0, 0, 0, 0, 0, 0, 0, 0, 0.004547364712229558, -0.004398904658125828, 0, 0, 0, 0, 0, 0, 0, 0, 0, 0, -0.00337143236132912, 0.0018759067930093163, 0, 0, 0.0027800405774704028, 0, 0, 0, 0, 0, 0, 0, 0, 0.0077187042880668445, 0, 0, 0, 0.009301051709027168, -0.00404586413602911, 0, 0, 0, 0, 0, 0, 0, -0.004135505649686854, 0, 0.0014060251994593958, -0.004012611063341933, -0.0008414534195428435, -0.004877977644425327, 0, 0, 0, 0, 0, 0, 0, 0, 0, 0, 0, 0, 0, 0, 0, 0, 0, 0, 0, 0, 0, 0, 0, 0, 0, 0, 0, 0, 0, 0, 0, 0, 0, 0, 0.00037163423868070587, 0.0015884664161964761, 0, 0, 0, 0, 0, 0, 0, 0, 0, 0, 0, 0, -0.0043412563698253465, 0, 0, 0, -0.0006165918253870864, -0.001828882013239209, 0.0005935022494467725, 0, 0, 0, 0, 0, -0.00391832950391741, 0, 0, 0, -0.001667685500000919, -0.0016353229762877711, 0, 0, 0, 0, 0, 0, 0, 0, -0.0034168269462387115, 0, 0, 0, 0.0004350752457060037, 0, 0, 0, 0, 0, 0, 0, 0, 0, 0, 0, 0, 0, 0, 0, 0, 0, 0, 0, 0, 0, 0, 0, 0, 0, 0, 0, 0, 0, 0, 0, 0, 0, 0, 0, 0, 0, 0, -0.001092790555910746, 0, 0, 0, 0, 0, 0, -0.003768739163481142, 0, 0, -0.003615111839024929, 0, 0, 0, 0, 0, 0, 0, 0, 0, 0.002089320315644623, 0.012414504325927014, 0, 0.0011665463530077115, 0, 0, 0, -0.004253505220462591, 0, 0.0005856178917385509, 0, 0, 0, 0, 0, 0, 0.00084457425863605, 0, 0, 0, 0, 0, 0, 0, 0, 0, 0, 0, 0, 0, 0, 0, 0, 0, 0, 0, 0, 0, 0, 0, 0, 0, 0, 0, 0, 0, 0, 0, -0.004008342385722456, 0.0006019988591749764, 0, 0, 0, 0, 0, 0, 0, 0, 0, 0, 0, 0, 0, 0, 0, 0, -0.0036878099867974187, 0, 0, 0, 0, 0, 0, 0, 0, 0.004742250752331561, 0, 0, 0, 0, 0, 0.00022365318845573624, 0, 0, 0, 0, 0, 0, -0.0003393853971551211, 0, 0, 0, 0, 0, 0, -0.004753008661903766, 0, 0, 0, 0, -0.003666979899117564, 0.03547854939278431, 0, 0, 0, 0, 0, 0, 0, 0, 0, 0, 0, 0, 0, 0, 0, 0, 0, 0, 0, 0, 0]
Start Date: 2021-12-17
End Date: 2025-03-16
Sharpe Ratio: 0.044
Annualized Sharpe: 0.691
Sharpe 95% CI: (np.float64(-0.35), np.float64(1.437))
Sortino Ratio: 0.053
CAGR: 0.026
Calmar Ratio: 0.594
Daily Win Rate (%): 0.477
Max Drawdown: 0.043
Profit Factor: 1.427
Expectancy: 0.000674
Average Win: 0.004714
Average Loss: 0.003017
Total Trades: 155
Total Days: 1016

Rolling 9 - Variant 2 - atr_0.5_11 - Test Metrics
Contracts: [3, 4, 4, 3, 3, 3, 3, 3, 3, 3, 2, 1, 2, 1, 1, 2, 2, 2, 2, 2, 2, 2, 1, 2, 1, 2, 2, 1, 1, 1, 2, 2, 2, 2, 2, 2, 2, 2, 2, 2, 2, 2, 3, 2, 2, 2, 2, 2, 3, 3, 3, 2, 2, 3, 3, 4, 3, 3, 3, 3, 3, 4, 4, 4, 4, 3, 3, 4, 3, 3, 3, 5, 5, 5, 5, 4, 3, 3, 4, 4, 4, 4, 3, 5, 4, 4, 3, 4, 4, 5, 4, 3, 4, 3, 4, 3, 5, 3, 4, 4, 5, 4, 3, 4, 4, 4, 4, 4, 3, 4, 6, 7, 8, 5, 5, 5, 5, 6, 5, 5, 6, 6, 6, 7, 7, 6, 6, 7, 7, 6, 6, 6, 5, 3, 4, 4, 6, 3, 3, 3, 3, 4, 5, 5, 4, 4, 6, 6, 6, 5, 5, 3, 7, 7, 7, 5, 8, 5, 2, 4, 4, 5, 3, 5, 6, 6, 7, 7, 7, 6, 6, 8, 7, 7, 7, 4, 7, 8, 8, 7, 7, 5, 7, 7]
Trade Returns: [-0.005170839226480218, -0.0042979707372981756, -0.004842256274606524, 0.001371023025121974, -0.0018743387647668325, -0.0034549662388914785, -0.001406431126078865, 0.004867339690624891, -0.005189851364857557, 0.05402007502788202, 0.009433879766129335, -0.004681519778641391, 0.0083956961395116, 0.009292505921102534, 0.0006567841181390727, 0.0008101857786756677, 0.002240724136458696, -0.0004294207761269995, 0.0036277777304227613, -0.0045302210075197965, -0.00041634956982901887, 0.008412398728580694, -0.0018417889729656538, -0.004083833919564756, 0.00046489133803561295, -0.00430122534710225, -0.0015043249341857778, 0.00034754322889915106, 0.0034622447599961088]
Daily Returns: [0, 0, 0, 0, 0, 0, 0, 0, 0, 0, 0, 0, -0.005170839226480218, 0, -0.0042979707372981756, -0.004842256274606524, 0, 0, 0, 0, 0, 0, 0, 0, 0.001371023025121974, 0, 0, 0, 0, 0, 0, 0, 0, -0.0018743387647668325, 0, 0, -0.0034549662388914785, 0, 0, 0, 0, 0, 0, 0, -0.001406431126078865, 0, 0, 0, 0.004867339690624891, 0, 0, 0, 0, -0.005189851364857557, 0.05402007502788202, 0, 0, 0, 0, 0, 0, 0, 0, 0, 0, 0, 0, 0, 0, 0, 0, 0, 0, 0, 0, 0, 0, 0, 0, 0, 0, 0, 0, 0, 0, 0, 0, 0, 0, 0, 0, 0, 0.009433879766129335, 0, 0, 0, 0.0037141763608702083, 0, 0, 0.009292505921102534, 0, 0, 0.0006567841181390727, 0.0008101857786756677, 0, 0, 0, 0, 0.002240724136458696, 0, 0, 0.0031983569542957616, 0, 0, -0.0045302210075197965, 0, 0, 0, 0, 0, 0, -0.00041634956982901887, 0, 0, 0, 0, 0, 0, 0, 0, 0.008412398728580694, 0, -0.0018417889729656538, 0, 0, 0, 0, 0, 0, 0, 0, 0, 0, 0, 0, 0, 0, 0, 0, 0, 0, 0, 0, 0, 0, 0, 0, 0, 0, 0, 0, 0, 0, 0, -0.004083833919564756, 0, 0, 0, 0, 0.00046489133803561295, 0, 0, 0, 0, 0, -0.00430122534710225, 0, 0, 0, 0, 0, 0, 0, 0, 0, 0, 0, 0, 0, -0.0015043249341857778, 0, 0, 0, 0, 0, 0, 0, 0, 0, 0.0038097879888952598, 0, 0]
Start Date: 2025-03-17
End Date: 2025-11-06
Sharpe Ratio: 0.072
Annualized Sharpe: 1.136
Sharpe 95% CI: (np.float64(-1.577), np.float64(2.319))
Sortino Ratio: 0.178
CAGR: 0.075
Calmar Ratio: 3.758
Daily Win Rate (%): 0.483
Max Drawdown: 0.02
Profit Factor: 2.236
Expectancy: 0.002048
Average Win: 0.007672
Average Loss: 0.003202
Total Trades: 29
Total Days: 202



Rolling 9 - Variant 3 - atr_0.5_12 - Fit Metrics
Contracts: [3, 4, 4, 3, 3, 3, 3, 3, 3, 3, 2, 1, 2, 1, 1, 2, 2, 2, 2, 2, 2, 2, 1, 2, 1, 2, 2, 1, 1, 1, 2, 2, 2, 2, 2, 2, 2, 2, 2, 2, 2, 2, 3, 2, 2, 2, 2, 2, 3, 3, 3, 2, 2, 3, 3, 4, 3, 3, 3, 3, 3, 4, 4, 4, 4, 3, 3, 4, 3, 3, 3, 5, 5, 5, 5, 4, 3, 3, 4, 4, 4, 4, 3, 5, 4, 4, 3, 4, 4, 5, 4, 3, 4, 3, 4, 3, 5, 3, 4, 4, 5, 4, 3, 4, 4, 4, 4, 4, 3, 4, 6, 7, 8, 5, 5, 5, 5, 6, 5, 5, 6, 6, 6, 7, 7, 6, 6, 7, 7, 6, 6, 6, 5, 3, 4, 4, 6, 3, 3, 3, 3, 4, 5, 5, 4, 4, 6, 6, 6, 5, 5, 3, 7, 7, 7, 5, 8, 5, 2, 4, 4, 5, 3, 5, 6, 6, 7, 7, 7, 6, 6, 8, 7, 7, 7, 4, 7, 8, 8, 7, 7, 5, 7, 7]
Trade Returns: [0.004673999999999995, -0.0008838687972417036, 0.004734076785290864, 0.0043964629989152616, -0.003974443518675739, -0.003633494755913598, -0.003527375457583958, 0.004246636332599267, 0.0009185000218690859, -0.004415480200851715, 0.02469510187876698, -0.0025207169608794807, 0.0017016769500653186, -0.002235724192050845, 0.0045710191932189885, -0.00478377602214183, 0.005461039225299824, -0.005562064858479148, -0.003920792932388844, 0.0031837662905624016, -0.001793125957267737, -0.00559317445757698, -0.002533006891905999, -0.005631789198891809, 0.0014973419202119326, 0.006460273679242854, 0.02050550563369458, -0.0022993210149446206, -0.001714436093717346, 0.0003178898317897667, 0.004297899881022986, 0.0064983676903010695, -0.0011923657917538783, -4.222405619638023e-05, -0.004188035500414578, 0.004697929673649957, -0.004319223613801566, 0.000786818476349175, -0.000543534826704889, -0.0032399862849569836, 0.013755758943755567, 0.0015402974604154947, 0.0012219680156533793, -0.0004220339756360977, -0.00019398937242535823, -0.0030473654175385174, 1.526432079496798e-05, -0.00277043193552449, -0.0016703210919652438, 0.002725281296176017, -0.0045068548918870835, -0.0027877775537827783, 0.0015556620901706366, -0.004071503130520698, -0.002119351532476436, 0.0008397105331190057, 0.007976383534507043, -0.0034161718066597012, -0.003566834627697125, 0.0006132814243654865, 0.0019318161981624299, 0.0020829582653371422, -0.004991799462570192, -0.0038048910637261397, -0.0013161445118909376, 0.0026152039063030903, 0.0012431934192079267, 0.0031714568880079246, -0.004765459700534177, -0.003550797912526004, -0.003959615819738, -0.003975356705036364, -0.004581059188071155, -0.0007011847058777276, -0.004000545528935762, 0.000884309733935556, 0.0031196232638165153, -0.003330164525291169, 0.0001106881243501901, 0.0009407449276851944, -0.0034435234511055197, 0.0013664299779223216, -0.0038516863015489945, 0.0073392563813791415, -7.887181752231994e-06, 0.005197693769865952, -0.0022127018501953877, -0.0009122078575697276, 0.03226339651155467, 0.0011342234286715997, 0.010617251510425897, -0.00441147963360629, -0.0011115374945415697, 0.0010965428753916464, 0.006729635566388904, 0.002701305537018424, -0.004836877252053799, 0.00033344510966011365, -0.00045951122318495637, -0.003738071238141893, -0.004122767700951831, 0.0010740121266766213, 0.006236589251722827, -0.0044077549408601145, -0.0012541411210964001, 0.0034721302918783083, 0.0035731920138404615, 0.0025370733643377795, 0.009961566641868966, 0.002135155132071649, 0.011065612551417758, 0.004547364712229558, -0.004398904658125828, -0.00337143236132912, 0.0016544477841490763, 0.00022145900886024006, 0.004029661556401426, -0.0012496209789310234, 0.0077187042880668445, 0.009301051709027168, -0.00404586413602911, -0.004135505649686854, 0.0014060251994593958, -0.004012611063341933, -0.0008414534195428435, -0.004877977644425327, 0.00037163423868070587, 0.0015884664161964761, -0.0043412563698253465, -0.0006165918253870864, -0.001828882013239209, 0.0005935022494467725, -0.00391832950391741, -0.001667685500000919, -0.0016353229762877711, -0.0034168269462387115, 0.0004350752457060037, -0.001092790555910746, -0.003768739163481142, -0.003615111839024929, 0.002089320315644623, 0.012414504325927014, 0.0011665463530077115, -0.004253505220462591, 0.0005856178917385509, 0.00084457425863605, -0.004008342385722456, 0.0006019988591749764, -0.0036878099867974187, 0.004742250752331561, 0.00022365318845573624, -0.0003393853971551211, -0.004753008661903766, -0.003666979899117564, 0.03547854939278431]
Daily Returns: [0.004673999999999995, 0, 0, 0, 0, 0, 0, 0, 0, 0, 0, 0, 0, 0, -0.0008838687972417036, 0.004734076785290864, 0, 0, 0, 0, 0, 0, 0, 0, 0, 0, 0, 0, 0, 0, 0, 0.0043964629989152616, -0.003974443518675739, 0, -0.003633494755913598, 0, 0, 0, 0, 0, 0, -0.003527375457583958, 0, 0, 0, 0, 0, 0.005165136354468353, -0.004415480200851715, 0, 0, 0, 0, 0, 0.02469510187876698, 0, 0, 0, 0, 0, 0, 0, 0, 0, 0, 0, 0, 0, 0, 0, 0, 0, 0, 0, 0, 0, 0, 0, 0, 0, 0, 0, 0, 0, 0, 0, 0, 0, 0, 0, 0, 0, 0, -0.0025207169608794807, 0, 0, 0, 0, 0.0017016769500653186, -0.002235724192050845, 0, 0, 0, 0, 0, 0, 0, 0, 0, 0, 0.0045710191932189885, 0, 0, -0.00478377602214183, 0.005461039225299824, 0, -0.005562064858479148, 0, -0.003920792932388844, 0.0031837662905624016, 0, 0, -0.001793125957267737, -0.00559317445757698, 0, 0, -0.002533006891905999, 0, 0, 0, 0, -0.005631789198891809, 0, 0, 0, 0, 0, 0, 0, 0, 0, 0, 0, 0, 0, 0, 0, 0, 0, 0, 0, 0, 0, 0, 0.0014973419202119326, 0, 0, 0, 0, 0, 0, 0, 0, 0, 0, 0, 0, 0, 0.006460273679242854, 0, 0, 0.018206184618749958, 0, 0, 0, 0, 0, -0.001714436093717346, 0, 0, 0, 0, 0.0003178898317897667, 0, 0, 0, 0, 0, 0.004297899881022986, 0.005306001898547191, -4.222405619638023e-05, 0, 0, 0, -0.004188035500414578, 0, 0, 0, 0, 0, 0, 0, 0.0011655245361975662, -0.000543534826704889, 0, 0, -0.0032399862849569836, 0, 0, 0, 0.013755758943755567, 0, 0, 0, 0, 0, 0, 0, 0, 0, 0, 0, 0, 0, 0, 0, 0, 0, 0, 0, 0, 0, 0, 0, 0, 0, 0, 0, 0, 0, 0, 0, 0, 0, 0, 0, 0, 0, 0.0015402974604154947, 0, 0, 0, 0, 0, 0, 0, 0.0012219680156533793, 0, 0, 0, 0, 0, 0, -0.0004220339756360977, 0, 0, -0.00019398937242535823, -0.0030321010967435495, -0.00277043193552449, 0, 0, 0, 0, 0.001054960204210773, 0, 0, 0, 0, 0, 0, -0.0045068548918870835, 0, 0, 0, -0.0027877775537827783, 0.0015556620901706366, 0, 0, 0, 0, 0, 0, 0, 0, 0, 0, 0, 0, 0, 0, 0, 0, 0, 0, 0, 0, 0, 0, 0, 0, 0, 0, 0, 0, 0, 0, 0, 0, 0, 0, 0, 0, 0, 0, -0.004071503130520698, 0, 0, -0.002119351532476436, 0, 0, 0, 0, 0, 0.008816094067626049, -0.0034161718066597012, 0, 0, 0, 0, -0.003566834627697125, 0, 0.0025450976225279164, 0, 0, 0, 0, 0, 0.0020829582653371422, -0.004991799462570192, 0, 0, 0, 0, 0, -0.005121035575617078, 0, 0, 0, 0, 0.0026152039063030903, 0, 0, 0, 0, 0.0012431934192079267, -0.0015940028125262526, 0, 0, 0, 0, 0, 0, 0, 0, 0, 0, 0, 0, 0, 0, 0, 0, 0, 0, 0, 0, 0, 0, 0, 0, 0, 0, 0, 0, 0, 0, 0, 0, -0.003550797912526004, 0, 0, 0, 0, 0, 0, 0, 0, 0, 0, 0, 0, -0.012516031712845519, 0, 0, 0, 0, -0.0007011847058777276, 0, 0, 0, 0, 0, 0, -0.004000545528935762, 0, 0, 0, 0, 0.004003932997752071, 0, -0.003330164525291169, 0, 0, 0, 0, 0, 0, 0, 0, 0, 0, 0, 0.0001106881243501901, 0, 0.0009407449276851944, 0, 0, 0, 0, 0, 0, 0, 0, 0, 0, 0, 0, 0, 0, 0, 0, 0, 0, 0, 0, 0, 0, 0, 0, 0, 0, 0, 0, -0.0034435234511055197, 0, 0, 0, 0, 0, 0.0013664299779223216, 0, 0, 0, 0, 0, 0, -0.0038516863015489945, 0, 0, 0, 0, 0, 0, 0, 0.0073392563813791415, 0, 0, 0, 0, 0, 0, 0, 0, 0, 0, 0, 0, 0, -7.887181752231994e-06, 0, 0.005197693769865952, 0, 0, -0.0022127018501953877, 0, 0, 0, 0, 0, -0.0009122078575697276, 0, 0, 0, 0, 0.03226339651155467, 0, 0, 0, 0, 0, 0, 0, 0, 0, 0, 0, 0, 0, 0, 0, 0, 0, 0, 0, 0, 0, 0, 0, 0, 0, 0, 0, 0, 0, 0, 0, 0, 0, 0.0011342234286715997, 0, 0.010617251510425897, 0, 0, 0, 0, 0, 0, 0, 0, 0, -0.00441147963360629, 0, 0, 0, 0, 0, 0, 0, 0, 0, 0, 0, 0, 0, 0, -1.4994619149923333e-05, 0, 0, 0.006729635566388904, 0, 0.002701305537018424, 0, 0, 0, 0, 0, 0, 0, 0, -0.004836877252053799, 0, 0, 0, 0, 0, 0, 0, 0, 0, 0, 0, 0, 0, 0, 0, 0, 0, 0, 0, 0, 0, 0, 0, 0, 0, 0, 0, 0, 0, 0.00033344510966011365, -0.00045951122318495637, 0, 0, -0.003738071238141893, 0, -0.004122767700951831, 0, 0, 0, 0, 0, 0.0010740121266766213, 0, 0, 0, 0, 0.0018288343108627128, -0.0012541411210964001, 0, 0, 0.0070453223057187694, 0, 0, 0, 0, 0, 0.0025370733643377795, 0, 0, 0, 0, 0, 0, 0, 0, 0.009961566641868966, 0.002135155132071649, 0, 0, 0, 0, 0, 0, 0, 0, 0, 0, 0.011065612551417758, 0, 0, 0, 0, 0, 0, 0, 0, 0, 0, 0, 0, 0, 0, 0, 0, 0, 0, 0, 0, 0, 0, 0, 0, 0, 0, 0, 0, 0, 0, 0, 0, 0, 0, 0.004547364712229558, -0.004398904658125828, 0, 0, 0, 0, 0, 0, 0, 0, 0, 0, -0.00337143236132912, 0.0018759067930093163, 0, 0, 0.0027800405774704028, 0, 0, 0, 0, 0, 0, 0, 0, 0.0077187042880668445, 0, 0, 0, 0.009301051709027168, -0.00404586413602911, 0, 0, 0, 0, 0, 0, 0, -0.004135505649686854, 0, 0.0014060251994593958, -0.004012611063341933, -0.0008414534195428435, -0.004877977644425327, 0, 0, 0, 0, 0, 0, 0, 0, 0, 0, 0, 0, 0, 0, 0, 0, 0, 0, 0, 0, 0, 0, 0, 0, 0, 0, 0, 0, 0, 0, 0, 0, 0, 0, 0.00037163423868070587, 0.0015884664161964761, 0, 0, 0, 0, 0, 0, 0, 0, 0, 0, 0, 0, -0.0043412563698253465, 0, 0, 0, -0.0006165918253870864, -0.001828882013239209, 0.0005935022494467725, 0, 0, 0, 0, 0, -0.00391832950391741, 0, 0, 0, -0.001667685500000919, -0.0016353229762877711, 0, 0, 0, 0, 0, 0, 0, 0, -0.0034168269462387115, 0, 0, 0, 0.0004350752457060037, 0, 0, 0, 0, 0, 0, 0, 0, 0, 0, 0, 0, 0, 0, 0, 0, 0, 0, 0, 0, 0, 0, 0, 0, 0, 0, 0, 0, 0, 0, 0, 0, 0, 0, 0, 0, 0, 0, -0.001092790555910746, 0, 0, 0, 0, 0, 0, -0.003768739163481142, 0, 0, -0.003615111839024929, 0, 0, 0, 0, 0, 0, 0, 0, 0, 0.002089320315644623, 0.012414504325927014, 0, 0.0011665463530077115, 0, 0, 0, -0.004253505220462591, 0, 0.0005856178917385509, 0, 0, 0, 0, 0, 0, 0.00084457425863605, 0, 0, 0, 0, 0, 0, 0, 0, 0, 0, 0, 0, 0, 0, 0, 0, 0, 0, 0, 0, 0, 0, 0, 0, 0, 0, 0, 0, 0, 0, 0, -0.004008342385722456, 0.0006019988591749764, 0, 0, 0, 0, 0, 0, 0, 0, 0, 0, 0, 0, 0, 0, 0, 0, -0.0036878099867974187, 0, 0, 0, 0, 0, 0, 0, 0, 0.004742250752331561, 0, 0, 0, 0, 0, 0.00022365318845573624, 0, 0, 0, 0, 0, 0, -0.0003393853971551211, 0, 0, 0, 0, 0, 0, -0.004753008661903766, 0, 0, 0, 0, -0.003666979899117564, 0.03547854939278431, 0, 0, 0, 0, 0, 0, 0, 0, 0, 0, 0, 0, 0, 0, 0, 0, 0, 0, 0, 0, 0]
Start Date: 2021-12-17
End Date: 2025-03-16
Sharpe Ratio: 0.044
Annualized Sharpe: 0.691
Sharpe 95% CI: (np.float64(-0.35), np.float64(1.437))
Sortino Ratio: 0.053
CAGR: 0.026
Calmar Ratio: 0.594
Daily Win Rate (%): 0.477
Max Drawdown: 0.043
Profit Factor: 1.427
Expectancy: 0.000674
Average Win: 0.004714
Average Loss: 0.003017
Total Trades: 155
Total Days: 1016

Rolling 9 - Variant 3 - atr_0.5_12 - Test Metrics
Contracts: [3, 4, 4, 3, 3, 3, 3, 3, 3, 3, 2, 1, 2, 1, 1, 2, 2, 2, 2, 2, 2, 2, 1, 2, 1, 2, 2, 1, 1, 1, 2, 2, 2, 2, 2, 2, 2, 2, 2, 2, 2, 2, 3, 2, 2, 2, 2, 2, 3, 3, 3, 2, 2, 3, 3, 4, 3, 3, 3, 3, 3, 4, 4, 4, 4, 3, 3, 4, 3, 3, 3, 5, 5, 5, 5, 4, 3, 3, 4, 4, 4, 4, 3, 5, 4, 4, 3, 4, 4, 5, 4, 3, 4, 3, 4, 3, 5, 3, 4, 4, 5, 4, 3, 4, 4, 4, 4, 4, 3, 4, 6, 7, 8, 5, 5, 5, 5, 6, 5, 5, 6, 6, 6, 7, 7, 6, 6, 7, 7, 6, 6, 6, 5, 3, 4, 4, 6, 3, 3, 3, 3, 4, 5, 5, 4, 4, 6, 6, 6, 5, 5, 3, 7, 7, 7, 5, 8, 5, 2, 4, 4, 5, 3, 5, 6, 6, 7, 7, 7, 6, 6, 8, 7, 7, 7, 4, 7, 8, 8, 7, 7, 5, 7, 7]
Trade Returns: [-0.005170839226480218, -0.0042979707372981756, -0.004842256274606524, 0.001371023025121974, -0.0018743387647668325, -0.0034549662388914785, -0.001406431126078865, 0.004867339690624891, -0.005189851364857557, 0.05894205156093023, 0.00939003096934575, -0.004659962437460443, 0.008356854856176453, 0.009249871983008898, 0.0006537984155604317, 0.0008065051274328773, 0.0022305527928662737, -0.00042747583998161174, 0.0036113397425563388, -0.004509767781623756, -0.0004144613022238519, 0.008374230209763637, -0.0018335018537243017, -0.0040654249787274305, 0.00046278716536928916, -0.004281766317562361, -0.0014974900025525335, 0.00034596179082092496, 0.003446495835413224]
Daily Returns: [0, 0, 0, 0, 0, 0, 0, 0, 0, 0, 0, 0, -0.005170839226480218, 0, -0.0042979707372981756, -0.004842256274606524, 0, 0, 0, 0, 0, 0, 0, 0, 0.001371023025121974, 0, 0, 0, 0, 0, 0, 0, 0, -0.0018743387647668325, 0, 0, -0.0034549662388914785, 0, 0, 0, 0, 0, 0, 0, -0.001406431126078865, 0, 0, 0, 0.004867339690624891, 0, 0, 0, 0, -0.005189851364857557, 0.05894205156093023, 0, 0, 0, 0, 0, 0, 0, 0, 0, 0, 0, 0, 0, 0, 0, 0, 0, 0, 0, 0, 0, 0, 0, 0, 0, 0, 0, 0, 0, 0, 0, 0, 0, 0, 0, 0, 0, 0.00939003096934575, 0, 0, 0, 0.00369689241871601, 0, 0, 0.009249871983008898, 0, 0, 0.0006537984155604317, 0.0008065051274328773, 0, 0, 0, 0, 0.0022305527928662737, 0, 0, 0.003183863902574727, 0, 0, -0.004509767781623756, 0, 0, 0, 0, 0, 0, -0.0004144613022238519, 0, 0, 0, 0, 0, 0, 0, 0, 0.008374230209763637, 0, -0.0018335018537243017, 0, 0, 0, 0, 0, 0, 0, 0, 0, 0, 0, 0, 0, 0, 0, 0, 0, 0, 0, 0, 0, 0, 0, 0, 0, 0, 0, 0, 0, 0, 0, -0.0040654249787274305, 0, 0, 0, 0, 0.00046278716536928916, 0, 0, 0, 0, 0, -0.004281766317562361, 0, 0, 0, 0, 0, 0, 0, 0, 0, 0, 0, 0, 0, -0.0014974900025525335, 0, 0, 0, 0, 0, 0, 0, 0, 0, 0.003792457626234149, 0, 0]
Start Date: 2025-03-17
End Date: 2025-11-06
Sharpe Ratio: 0.072
Annualized Sharpe: 1.139
Sharpe 95% CI: (np.float64(-1.579), np.float64(2.311))
Sortino Ratio: 0.192
CAGR: 0.081
Calmar Ratio: 4.066
Daily Win Rate (%): 0.483
Max Drawdown: 0.02
Profit Factor: 2.339
Expectancy: 0.002213
Average Win: 0.008008
Average Loss: 0.003195
Total Trades: 29
Total Days: 202



Rolling 9 - Variant 4 - atr_0.5_13 - Fit Metrics
Contracts: [3, 4, 4, 3, 3, 3, 3, 3, 3, 3, 2, 1, 2, 1, 1, 2, 2, 2, 2, 2, 2, 2, 1, 2, 1, 2, 2, 1, 1, 1, 2, 2, 2, 2, 2, 2, 2, 2, 2, 2, 2, 2, 3, 2, 2, 2, 2, 2, 3, 3, 3, 2, 2, 3, 3, 4, 3, 3, 3, 3, 3, 4, 4, 4, 4, 3, 3, 4, 3, 3, 3, 5, 5, 5, 5, 4, 3, 3, 4, 4, 4, 4, 3, 5, 4, 4, 3, 4, 4, 5, 4, 3, 4, 3, 4, 3, 5, 3, 4, 4, 5, 4, 3, 4, 4, 4, 4, 4, 3, 4, 6, 7, 8, 5, 5, 5, 5, 6, 5, 5, 6, 6, 6, 7, 7, 6, 6, 7, 7, 6, 6, 6, 5, 3, 4, 4, 6, 3, 3, 3, 3, 4, 5, 5, 4, 4, 6, 6, 6, 5, 5, 3, 7, 7, 7, 5, 8, 5, 2, 4, 4, 5, 3, 5, 6, 6, 7, 7, 7, 6, 6, 8, 8, 7, 7, 4, 7, 8, 8, 7, 7, 5, 7, 7]
Trade Returns: [0.004673999999999995, -0.0008838687972417036, 0.004734076785290864, 0.0043964629989152616, -0.003974443518675739, -0.003633494755913598, -0.003527375457583958, 0.004246636332599267, 0.0009185000218690859, -0.004415480200851715, 0.02469510187876698, -0.0025207169608794807, 0.0017016769500653186, -0.002235724192050845, 0.0045710191932189885, -0.00478377602214183, 0.005461039225299824, -0.005562064858479148, -0.003920792932388844, 0.0031837662905624016, -0.001793125957267737, -0.00559317445757698, -0.002533006891905999, -0.005631789198891809, 0.0014973419202119326, 0.006460273679242854, 0.02050550563369458, -0.0022993210149446206, -0.001714436093717346, 0.0003178898317897667, 0.004297899881022986, 0.0064983676903010695, -0.0011923657917538783, -4.222405619638023e-05, -0.004188035500414578, 0.004697929673649957, -0.004319223613801566, 0.000786818476349175, -0.000543534826704889, -0.0032399862849569836, 0.013755758943755567, 0.0015402974604154947, 0.0012219680156533793, -0.0004220339756360977, -0.00019398937242535823, -0.0030473654175385174, 1.526432079496798e-05, -0.00277043193552449, -0.0016703210919652438, 0.002725281296176017, -0.0045068548918870835, -0.0027877775537827783, 0.0015556620901706366, -0.004071503130520698, -0.002119351532476436, 0.0008397105331190057, 0.007976383534507043, -0.0034161718066597012, -0.003566834627697125, 0.0006132814243654865, 0.0019318161981624299, 0.0020829582653371422, -0.004991799462570192, -0.0038048910637261397, -0.0013161445118909376, 0.0026152039063030903, 0.0012431934192079267, 0.0031714568880079246, -0.004765459700534177, -0.003550797912526004, -0.003959615819738, -0.003975356705036364, -0.004581059188071155, -0.0007011847058777276, -0.004000545528935762, 0.000884309733935556, 0.0031196232638165153, -0.003330164525291169, 0.0001106881243501901, 0.0009407449276851944, -0.0034435234511055197, 0.0013664299779223216, -0.0038516863015489945, 0.0073392563813791415, -7.887181752231994e-06, 0.005197693769865952, -0.0022127018501953877, -0.0009122078575697276, 0.03226339651155467, 0.0011342234286715997, 0.010617251510425897, -0.00441147963360629, -0.0011115374945415697, 0.0010965428753916464, 0.006729635566388904, 0.002701305537018424, -0.004836877252053799, 0.00033344510966011365, -0.00045951122318495637, -0.003738071238141893, -0.004122767700951831, 0.0010740121266766213, 0.006236589251722827, -0.0044077549408601145, -0.0012541411210964001, 0.0034721302918783083, 0.0035731920138404615, 0.0025370733643377795, 0.009961566641868966, 0.002135155132071649, 0.011065612551417758, 0.004547364712229558, -0.004398904658125828, -0.00337143236132912, 0.0016544477841490763, 0.00022145900886024006, 0.004029661556401426, -0.0012496209789310234, 0.0077187042880668445, 0.009301051709027168, -0.00404586413602911, -0.004135505649686854, 0.0014060251994593958, -0.004012611063341933, -0.0008414534195428435, -0.004877977644425327, 0.00037163423868070587, 0.0015884664161964761, -0.0043412563698253465, -0.0006165918253870864, -0.001828882013239209, 0.0005935022494467725, -0.00391832950391741, -0.001667685500000919, -0.0016353229762877711, -0.0034168269462387115, 0.0004350752457060037, -0.001092790555910746, -0.003768739163481142, -0.003615111839024929, 0.002089320315644623, 0.012414504325927014, 0.0011665463530077115, -0.004253505220462591, 0.0005856178917385509, 0.00084457425863605, -0.004008342385722456, 0.0006019988591749764, -0.0036878099867974187, 0.004742250752331561, 0.00022365318845573624, -0.0003393853971551211, -0.004753008661903766, -0.003666979899117564, 0.03547854939278431]
Daily Returns: [0.004673999999999995, 0, 0, 0, 0, 0, 0, 0, 0, 0, 0, 0, 0, 0, -0.0008838687972417036, 0.004734076785290864, 0, 0, 0, 0, 0, 0, 0, 0, 0, 0, 0, 0, 0, 0, 0, 0.0043964629989152616, -0.003974443518675739, 0, -0.003633494755913598, 0, 0, 0, 0, 0, 0, -0.003527375457583958, 0, 0, 0, 0, 0, 0.005165136354468353, -0.004415480200851715, 0, 0, 0, 0, 0, 0.02469510187876698, 0, 0, 0, 0, 0, 0, 0, 0, 0, 0, 0, 0, 0, 0, 0, 0, 0, 0, 0, 0, 0, 0, 0, 0, 0, 0, 0, 0, 0, 0, 0, 0, 0, 0, 0, 0, 0, 0, -0.0025207169608794807, 0, 0, 0, 0, 0.0017016769500653186, -0.002235724192050845, 0, 0, 0, 0, 0, 0, 0, 0, 0, 0, 0.0045710191932189885, 0, 0, -0.00478377602214183, 0.005461039225299824, 0, -0.005562064858479148, 0, -0.003920792932388844, 0.0031837662905624016, 0, 0, -0.001793125957267737, -0.00559317445757698, 0, 0, -0.002533006891905999, 0, 0, 0, 0, -0.005631789198891809, 0, 0, 0, 0, 0, 0, 0, 0, 0, 0, 0, 0, 0, 0, 0, 0, 0, 0, 0, 0, 0, 0, 0.0014973419202119326, 0, 0, 0, 0, 0, 0, 0, 0, 0, 0, 0, 0, 0, 0.006460273679242854, 0, 0, 0.018206184618749958, 0, 0, 0, 0, 0, -0.001714436093717346, 0, 0, 0, 0, 0.0003178898317897667, 0, 0, 0, 0, 0, 0.004297899881022986, 0.005306001898547191, -4.222405619638023e-05, 0, 0, 0, -0.004188035500414578, 0, 0, 0, 0, 0, 0, 0, 0.0011655245361975662, -0.000543534826704889, 0, 0, -0.0032399862849569836, 0, 0, 0, 0.013755758943755567, 0, 0, 0, 0, 0, 0, 0, 0, 0, 0, 0, 0, 0, 0, 0, 0, 0, 0, 0, 0, 0, 0, 0, 0, 0, 0, 0, 0, 0, 0, 0, 0, 0, 0, 0, 0, 0, 0.0015402974604154947, 0, 0, 0, 0, 0, 0, 0, 0.0012219680156533793, 0, 0, 0, 0, 0, 0, -0.0004220339756360977, 0, 0, -0.00019398937242535823, -0.0030321010967435495, -0.00277043193552449, 0, 0, 0, 0, 0.001054960204210773, 0, 0, 0, 0, 0, 0, -0.0045068548918870835, 0, 0, 0, -0.0027877775537827783, 0.0015556620901706366, 0, 0, 0, 0, 0, 0, 0, 0, 0, 0, 0, 0, 0, 0, 0, 0, 0, 0, 0, 0, 0, 0, 0, 0, 0, 0, 0, 0, 0, 0, 0, 0, 0, 0, 0, 0, 0, 0, -0.004071503130520698, 0, 0, -0.002119351532476436, 0, 0, 0, 0, 0, 0.008816094067626049, -0.0034161718066597012, 0, 0, 0, 0, -0.003566834627697125, 0, 0.0025450976225279164, 0, 0, 0, 0, 0, 0.0020829582653371422, -0.004991799462570192, 0, 0, 0, 0, 0, -0.005121035575617078, 0, 0, 0, 0, 0.0026152039063030903, 0, 0, 0, 0, 0.0012431934192079267, -0.0015940028125262526, 0, 0, 0, 0, 0, 0, 0, 0, 0, 0, 0, 0, 0, 0, 0, 0, 0, 0, 0, 0, 0, 0, 0, 0, 0, 0, 0, 0, 0, 0, 0, 0, -0.003550797912526004, 0, 0, 0, 0, 0, 0, 0, 0, 0, 0, 0, 0, -0.012516031712845519, 0, 0, 0, 0, -0.0007011847058777276, 0, 0, 0, 0, 0, 0, -0.004000545528935762, 0, 0, 0, 0, 0.004003932997752071, 0, -0.003330164525291169, 0, 0, 0, 0, 0, 0, 0, 0, 0, 0, 0, 0.0001106881243501901, 0, 0.0009407449276851944, 0, 0, 0, 0, 0, 0, 0, 0, 0, 0, 0, 0, 0, 0, 0, 0, 0, 0, 0, 0, 0, 0, 0, 0, 0, 0, 0, 0, -0.0034435234511055197, 0, 0, 0, 0, 0, 0.0013664299779223216, 0, 0, 0, 0, 0, 0, -0.0038516863015489945, 0, 0, 0, 0, 0, 0, 0, 0.0073392563813791415, 0, 0, 0, 0, 0, 0, 0, 0, 0, 0, 0, 0, 0, -7.887181752231994e-06, 0, 0.005197693769865952, 0, 0, -0.0022127018501953877, 0, 0, 0, 0, 0, -0.0009122078575697276, 0, 0, 0, 0, 0.03226339651155467, 0, 0, 0, 0, 0, 0, 0, 0, 0, 0, 0, 0, 0, 0, 0, 0, 0, 0, 0, 0, 0, 0, 0, 0, 0, 0, 0, 0, 0, 0, 0, 0, 0, 0.0011342234286715997, 0, 0.010617251510425897, 0, 0, 0, 0, 0, 0, 0, 0, 0, -0.00441147963360629, 0, 0, 0, 0, 0, 0, 0, 0, 0, 0, 0, 0, 0, 0, -1.4994619149923333e-05, 0, 0, 0.006729635566388904, 0, 0.002701305537018424, 0, 0, 0, 0, 0, 0, 0, 0, -0.004836877252053799, 0, 0, 0, 0, 0, 0, 0, 0, 0, 0, 0, 0, 0, 0, 0, 0, 0, 0, 0, 0, 0, 0, 0, 0, 0, 0, 0, 0, 0, 0.00033344510966011365, -0.00045951122318495637, 0, 0, -0.003738071238141893, 0, -0.004122767700951831, 0, 0, 0, 0, 0, 0.0010740121266766213, 0, 0, 0, 0, 0.0018288343108627128, -0.0012541411210964001, 0, 0, 0.0070453223057187694, 0, 0, 0, 0, 0, 0.0025370733643377795, 0, 0, 0, 0, 0, 0, 0, 0, 0.009961566641868966, 0.002135155132071649, 0, 0, 0, 0, 0, 0, 0, 0, 0, 0, 0.011065612551417758, 0, 0, 0, 0, 0, 0, 0, 0, 0, 0, 0, 0, 0, 0, 0, 0, 0, 0, 0, 0, 0, 0, 0, 0, 0, 0, 0, 0, 0, 0, 0, 0, 0, 0, 0.004547364712229558, -0.004398904658125828, 0, 0, 0, 0, 0, 0, 0, 0, 0, 0, -0.00337143236132912, 0.0018759067930093163, 0, 0, 0.0027800405774704028, 0, 0, 0, 0, 0, 0, 0, 0, 0.0077187042880668445, 0, 0, 0, 0.009301051709027168, -0.00404586413602911, 0, 0, 0, 0, 0, 0, 0, -0.004135505649686854, 0, 0.0014060251994593958, -0.004012611063341933, -0.0008414534195428435, -0.004877977644425327, 0, 0, 0, 0, 0, 0, 0, 0, 0, 0, 0, 0, 0, 0, 0, 0, 0, 0, 0, 0, 0, 0, 0, 0, 0, 0, 0, 0, 0, 0, 0, 0, 0, 0, 0.00037163423868070587, 0.0015884664161964761, 0, 0, 0, 0, 0, 0, 0, 0, 0, 0, 0, 0, -0.0043412563698253465, 0, 0, 0, -0.0006165918253870864, -0.001828882013239209, 0.0005935022494467725, 0, 0, 0, 0, 0, -0.00391832950391741, 0, 0, 0, -0.001667685500000919, -0.0016353229762877711, 0, 0, 0, 0, 0, 0, 0, 0, -0.0034168269462387115, 0, 0, 0, 0.0004350752457060037, 0, 0, 0, 0, 0, 0, 0, 0, 0, 0, 0, 0, 0, 0, 0, 0, 0, 0, 0, 0, 0, 0, 0, 0, 0, 0, 0, 0, 0, 0, 0, 0, 0, 0, 0, 0, 0, 0, -0.001092790555910746, 0, 0, 0, 0, 0, 0, -0.003768739163481142, 0, 0, -0.003615111839024929, 0, 0, 0, 0, 0, 0, 0, 0, 0, 0.002089320315644623, 0.012414504325927014, 0, 0.0011665463530077115, 0, 0, 0, -0.004253505220462591, 0, 0.0005856178917385509, 0, 0, 0, 0, 0, 0, 0.00084457425863605, 0, 0, 0, 0, 0, 0, 0, 0, 0, 0, 0, 0, 0, 0, 0, 0, 0, 0, 0, 0, 0, 0, 0, 0, 0, 0, 0, 0, 0, 0, 0, -0.004008342385722456, 0.0006019988591749764, 0, 0, 0, 0, 0, 0, 0, 0, 0, 0, 0, 0, 0, 0, 0, 0, -0.0036878099867974187, 0, 0, 0, 0, 0, 0, 0, 0, 0.004742250752331561, 0, 0, 0, 0, 0, 0.00022365318845573624, 0, 0, 0, 0, 0, 0, -0.0003393853971551211, 0, 0, 0, 0, 0, 0, -0.004753008661903766, 0, 0, 0, 0, -0.003666979899117564, 0.03547854939278431, 0, 0, 0, 0, 0, 0, 0, 0, 0, 0, 0, 0, 0, 0, 0, 0, 0, 0, 0, 0, 0]
Start Date: 2021-12-17
End Date: 2025-03-16
Sharpe Ratio: 0.044
Annualized Sharpe: 0.691
Sharpe 95% CI: (np.float64(-0.35), np.float64(1.437))
Sortino Ratio: 0.053
CAGR: 0.026
Calmar Ratio: 0.594
Daily Win Rate (%): 0.477
Max Drawdown: 0.043
Profit Factor: 1.427
Expectancy: 0.000674
Average Win: 0.004714
Average Loss: 0.003017
Total Trades: 155
Total Days: 1016

Rolling 9 - Variant 4 - atr_0.5_13 - Test Metrics
Contracts: [3, 4, 4, 3, 3, 3, 3, 3, 3, 3, 2, 1, 2, 1, 1, 2, 2, 2, 2, 2, 2, 2, 1, 2, 1, 2, 2, 1, 1, 1, 2, 2, 2, 2, 2, 2, 2, 2, 2, 2, 2, 2, 3, 2, 2, 2, 2, 2, 3, 3, 3, 2, 2, 3, 3, 4, 3, 3, 3, 3, 3, 4, 4, 4, 4, 3, 3, 4, 3, 3, 3, 5, 5, 5, 5, 4, 3, 3, 4, 4, 4, 4, 3, 5, 4, 4, 3, 4, 4, 5, 4, 3, 4, 3, 4, 3, 5, 3, 4, 4, 5, 4, 3, 4, 4, 4, 4, 4, 3, 4, 6, 7, 8, 5, 5, 5, 5, 6, 5, 5, 6, 6, 6, 7, 7, 6, 6, 7, 7, 6, 6, 6, 5, 3, 4, 4, 6, 3, 3, 3, 3, 4, 5, 5, 4, 4, 6, 6, 6, 5, 5, 3, 7, 7, 7, 5, 8, 5, 2, 4, 4, 5, 3, 5, 6, 6, 7, 7, 7, 6, 6, 8, 8, 7, 7, 4, 7, 8, 8, 7, 7, 5, 7, 7]
Trade Returns: [-0.005170839226480218, -0.0042979707372981756, -0.004842256274606524, 0.001371023025121974, -0.0018743387647668325, -0.0034549662388914785, -0.001406431126078865, 0.004867339690624891, -0.005189851364857557, 0.06386402809397845, 0.009346587906270746, -0.004638602719642648, 0.00831837130325745, 0.00920762746654253, 0.0006508397357997739, 0.0008028577671407221, 0.002220473373782468, -0.0004863410770766944, 0.0035952687074773063, -0.004489770494783822, -0.000412615202502777, 0.008336914191363355, -0.0018253992221920236, -0.0040474261529617845, 0.0004607299447461684, -0.004262741413367838, -0.0014908078145435015, 0.0003444157148577107, 0.0034310990201948184]
Daily Returns: [0, 0, 0, 0, 0, 0, 0, 0, 0, 0, 0, 0, -0.005170839226480218, 0, -0.0042979707372981756, -0.004842256274606524, 0, 0, 0, 0, 0, 0, 0, 0, 0.001371023025121974, 0, 0, 0, 0, 0, 0, 0, 0, -0.0018743387647668325, 0, 0, -0.0034549662388914785, 0, 0, 0, 0, 0, 0, 0, -0.001406431126078865, 0, 0, 0, 0.004867339690624891, 0, 0, 0, 0, -0.005189851364857557, 0.06386402809397845, 0, 0, 0, 0, 0, 0, 0, 0, 0, 0, 0, 0, 0, 0, 0, 0, 0, 0, 0, 0, 0, 0, 0, 0, 0, 0, 0, 0, 0, 0, 0, 0, 0, 0, 0, 0, 0, 0.009346587906270746, 0, 0, 0, 0.0036797685836148022, 0, 0, 0.00920762746654253, 0, 0, 0.0006508397357997739, 0.0008028577671407221, 0, 0, 0, 0, 0.002220473373782468, 0, 0, 0.003108927630400612, 0, 0, -0.004489770494783822, 0, 0, 0, 0, 0, 0, -0.000412615202502777, 0, 0, 0, 0, 0, 0, 0, 0, 0.008336914191363355, 0, -0.0018253992221920236, 0, 0, 0, 0, 0, 0, 0, 0, 0, 0, 0, 0, 0, 0, 0, 0, 0, 0, 0, 0, 0, 0, 0, 0, 0, 0, 0, 0, 0, 0, 0, -0.0040474261529617845, 0, 0, 0, 0, 0.0004607299447461684, 0, 0, 0, 0, 0, -0.004262741413367838, 0, 0, 0, 0, 0, 0, 0, 0, 0, 0, 0, 0, 0, -0.0014908078145435015, 0, 0, 0, 0, 0, 0, 0, 0, 0, 0.003775514735052529, 0, 0]
Start Date: 2025-03-17
End Date: 2025-11-06
Sharpe Ratio: 0.072
Annualized Sharpe: 1.14
Sharpe 95% CI: (np.float64(-1.589), np.float64(2.295))
Sortino Ratio: 0.206
CAGR: 0.087
Calmar Ratio: 4.369
Daily Win Rate (%): 0.483
Max Drawdown: 0.02
Profit Factor: 2.439
Expectancy: 0.002377
Average Win: 0.008344
Average Loss: 0.003193
Total Trades: 29
Total Days: 202



Rolling 10 - Variant 0 - atr_0.25_15 - Fit Metrics
Contracts: [3, 4, 4, 3, 3, 3, 3, 3, 3, 3, 2, 1, 2, 1, 1, 2, 2, 2, 2, 2, 2, 2, 1, 2, 1, 2, 2, 1, 1, 1, 2, 2, 2, 2, 2, 2, 2, 2, 2, 2, 2, 2, 3, 2, 2, 3, 2, 3, 4, 3, 3, 2, 2, 3, 3, 5, 3, 3, 3, 3, 3, 4, 4, 4, 4, 3, 3, 5, 3, 3, 4, 5, 5, 5, 5, 4, 3, 3, 4, 4, 4, 5, 3, 5, 4, 4, 3, 5, 4, 5, 4, 3, 4, 3, 4, 4, 5, 3, 4, 5, 5, 5, 3, 4, 4, 4, 4, 4, 4, 4, 6, 7, 8, 5, 5, 5, 5, 6, 5, 5, 6, 7, 7, 7, 7, 6, 6, 7, 7, 6, 6, 7, 5, 4, 4, 4, 6, 3, 3, 3, 3, 5, 5, 5, 4, 4, 6, 6, 6, 5, 5, 3, 7, 7, 7, 5, 8, 5, 2, 4, 4, 5, 3, 5, 5, 6, 6, 6, 7, 5, 6, 7, 7, 7, 6, 4, 7, 8, 7, 6, 7, 5, 7, 7]
Trade Returns: [0.004673999999999995, -0.001879216541883238, 0.004738797709581083, 0.004400826569320462, -0.002021795069428799, -0.0018476601255933607, -0.0017915600261889178, 0.004227560834540777, 0.0009143915733473045, -0.002260161829959899, 0.02581985163692866, -0.0012612643790868524, 0.0016885593343134932, -0.0011281010747761608, 0.004525209541485245, -0.0024082269000089696, 0.005406556553003612, -0.0027774855339295114, -0.0019658723029366905, 0.003159265152611017, -0.0017577368367289645, -0.0027852214462051363, -0.0012569096241434768, -0.0027876261874475628, 0.0014616822140026842, 0.006306644625027586, 0.023040995968114243, -0.001130051858286608, -0.0012254509791372143, 0.00030909454146579456, 0.004179023487694695, 0.006319376167996337, -0.0020546974635114066, -4.1103824524036384e-05, -0.002077696895412624, -0.0018964735336998838, -0.002144158014306902, 0.0007651712070575915, -0.0016513885144243724, -0.0016219226745542523, 0.013414850190159894, 0.0015026296018031513, 0.0011921297155972233, -0.0004117409222254832, -0.0018035001261707895, -0.0022640246849325234, -0.0015872956729425694, -0.0020768412606594375, -0.002737487308268369, 0.002666251666407326, -0.002249628334470924, -0.0017280415029837753, 0.0015170005444680127, -0.002030226568036021, -0.002654243878614832, -0.0018201268607631288, 0.0077766269472336925, -0.001724824699189068, -0.0022224649773421564, 0.0005962410398745347, -0.0026852572963004155, 0.002034491821380701, -0.002498325329509108, -0.0024900717095480964, -0.0012798199946391204, 0.0025480912016132267, 0.0012113710380430962, 0.0030848329048843155, -0.002977648788210017, -0.0017864142068923924, -0.0019959891024670796, -0.0019999810428337167, -0.0022889163263367833, -0.002579748498319831, -0.0019927847448891938, 0.0008523734883242204, 0.0030066214525883133, -0.002197370706254577, 0.00010669410229295971, 0.0009068031189455368, -0.0017206036578054306, 0.0013129780329410438, -0.0023927869390058584, 0.007052536145440663, -7.581213752336836e-06, 0.004996057738961628, -0.0016746754373392272, -0.00246522241784481, 0.03229942108741637, 0.0010915128000513236, 0.010217881292261467, -0.0021816811266462273, -0.002130155593973821, 0.0010557133683786544, -0.0020091320876957043, 0.0034938829695087743, -0.002416850353350791, 0.00032242022831724127, -0.00044432304470543325, -0.002331911110463359, -0.002063452063999884, -0.001729403137005944, -0.0019078319792112108, -0.0022044256958405205, -0.0020991981209974872, 0.0033760798490693644, -0.0019865777715875406, 0.0030558320646445624, 0.009734587818214476, 0.002783806911039379, 0.010815908307792705, -0.002147570572003719, -0.002315809535453643, -0.0017245769368985436, 0.0016190186756969726, 0.00021672424909566126, -0.003152654567647555, -0.0012317211673093964, 0.007608003728737959, 0.009168664549990279, -0.0020364433247009777, -0.002509443855875524, 0.0016145903178221884, -0.0020743406560057706, -0.0008264521945704564, -0.0024814073482599722, 0.00036413078573323753, 0.001556406279417937, -0.002212821114180496, -0.0006028776642796964, -0.0024003978520299256, 0.0005815122189357366, -0.0019886476116432175, -0.0019547416008323885, -0.001994706078975184, -0.0017090272484842346, -0.0026767401077587385, -0.002078404774330338, -0.0018892478500250269, -0.001810765025429123, 0.0025484386018114857, -0.0021501888704037447, 0.0011424968749886057, -0.0022004751565441777, 0.0005783266593949053, 0.0008340649692712911, -0.002039563138734156, 0.0005933413910559032, -0.001932706667838005, 0.004678756057564358, -0.002530587096206321, -0.0018993838896381116, -0.002451164624029481, -0.0027206448499316623, -0.002264214747536381, -0.0027554075799632997, -0.002283948668717889, -0.0025489048020997077, 0.001392117414309397, -0.0022376728202669234, -0.0018328971509998053, -0.0015206465647041665, -0.0022953285398911315, -0.002725597008774363, 0.03088999629958696, 0.009828394841277078, -0.0021760625897670935, 0.007475506594865112, 0.009661844419714901]
Daily Returns: [0.004673999999999995, 0, 0, 0, 0, 0, 0, 0, 0, 0, 0, 0, 0, 0, -0.001879216541883238, 0.004738797709581083, 0, 0, 0, 0, 0, 0, 0, 0, 0, 0, 0, 0, 0, 0, 0, 0.004400826569320462, -0.002021795069428799, 0, -0.0018476601255933607, 0, 0, 0, 0, 0, 0, -0.0017915600261889178, 0, 0, 0, 0, 0, 0.005141952407888081, -0.002260161829959899, 0, 0, 0, 0, 0, 0.02581985163692866, 0, 0, 0, 0, 0, 0, 0, 0, 0, 0, 0, 0, 0, 0, 0, 0, 0, 0, 0, 0, 0, 0, 0, 0, 0, 0, 0, 0, 0, 0, 0, 0, 0, 0, 0, 0, 0, 0, -0.0012612643790868524, 0, 0, 0, 0, 0.0016885593343134932, -0.0011281010747761608, 0, 0, 0, 0, 0, 0, 0, 0, 0, 0, 0.004525209541485245, 0, 0, -0.0024082269000089696, 0.005406556553003612, 0, -0.0027774855339295114, 0, -0.0019658723029366905, 0.003159265152611017, 0, 0, -0.0017577368367289645, -0.0027852214462051363, 0, 0, -0.0012569096241434768, 0, 0, 0, 0, -0.0027876261874475628, 0, 0, 0, 0, 0, 0, 0, 0, 0, 0, 0, 0, 0, 0, 0, 0, 0, 0, 0, 0, 0, 0, 0.0014616822140026842, 0, 0, 0, 0, 0, 0, 0, 0, 0, 0, 0, 0, 0, 0.006306644625027586, 0, 0, 0.021910944109827635, 0, 0, 0, 0, 0, -0.0012254509791372143, 0, 0, 0, 0, 0.00030909454146579456, 0, 0, 0, 0, 0, 0.004179023487694695, 0.0042646787044849305, -4.1103824524036384e-05, 0, 0, 0, -0.002077696895412624, 0, 0, 0, 0, 0, 0, 0, -0.0032754603409491947, -0.0016513885144243724, 0, 0, -0.0016219226745542523, 0, 0, 0, 0.013414850190159894, 0, 0, 0, 0, 0, 0, 0, 0, 0, 0, 0, 0, 0, 0, 0, 0, 0, 0, 0, 0, 0, 0, 0, 0, 0, 0, 0, 0, 0, 0, 0, 0, 0, 0, 0, 0, 0, 0.0015026296018031513, 0, 0, 0, 0, 0, 0, 0, 0.0011921297155972233, 0, 0, 0, 0, 0, 0, -0.0004117409222254832, 0, 0, -0.0018035001261707895, -0.0038513203578750925, -0.0020768412606594375, 0, 0, 0, 0, -7.123564186104284e-05, 0, 0, 0, 0, 0, 0, -0.002249628334470924, 0, 0, 0, -0.0017280415029837753, 0.0015170005444680127, 0, 0, 0, 0, 0, 0, 0, 0, 0, 0, 0, 0, 0, 0, 0, 0, 0, 0, 0, 0, 0, 0, 0, 0, 0, 0, 0, 0, 0, 0, 0, 0, 0, 0, 0, 0, 0, 0, -0.002030226568036021, 0, 0, -0.002654243878614832, 0, 0, 0, 0, 0, 0.005956500086470563, -0.001724824699189068, 0, 0, 0, 0, -0.0022224649773421564, 0, -0.002089016256425881, 0, 0, 0, 0, 0, 0.002034491821380701, -0.002498325329509108, 0, 0, 0, 0, 0, -0.003769891704187217, 0, 0, 0, 0, 0.0025480912016132267, 0, 0, 0, 0, 0.0012113710380430962, 0.00010718411667429845, 0, 0, 0, 0, 0, 0, 0, 0, 0, 0, 0, 0, 0, 0, 0, 0, 0, 0, 0, 0, 0, 0, 0, 0, 0, 0, 0, 0, 0, 0, 0, 0, -0.0017864142068923924, 0, 0, 0, 0, 0, 0, 0, 0, 0, 0, 0, 0, -0.00628488647163758, 0, 0, 0, 0, -0.002579748498319831, 0, 0, 0, 0, 0, 0, -0.0019927847448891938, 0, 0, 0, 0, 0.003858994940912534, 0, -0.002197370706254577, 0, 0, 0, 0, 0, 0, 0, 0, 0, 0, 0, 0.00010669410229295971, 0, 0.0009068031189455368, 0, 0, 0, 0, 0, 0, 0, 0, 0, 0, 0, 0, 0, 0, 0, 0, 0, 0, 0, 0, 0, 0, 0, 0, 0, 0, 0, 0, -0.0017206036578054306, 0, 0, 0, 0, 0, 0.0013129780329410438, 0, 0, 0, 0, 0, 0, -0.0023927869390058584, 0, 0, 0, 0, 0, 0, 0, 0.007052536145440663, 0, 0, 0, 0, 0, 0, 0, 0, 0, 0, 0, 0, 0, -7.581213752336836e-06, 0, 0.004996057738961628, 0, 0, -0.0016746754373392272, 0, 0, 0, 0, 0, -0.00246522241784481, 0, 0, 0, 0, 0.03229942108741637, 0, 0, 0, 0, 0, 0, 0, 0, 0, 0, 0, 0, 0, 0, 0, 0, 0, 0, 0, 0, 0, 0, 0, 0, 0, 0, 0, 0, 0, 0, 0, 0, 0, 0.0010915128000513236, 0, 0.010217881292261467, 0, 0, 0, 0, 0, 0, 0, 0, 0, -0.0021816811266462273, 0, 0, 0, 0, 0, 0, 0, 0, 0, 0, 0, 0, 0, 0, -0.0010744422255951666, 0, 0, -0.0020091320876957043, 0, 0.0034938829695087743, 0, 0, 0, 0, 0, 0, 0, 0, -0.002416850353350791, 0, 0, 0, 0, 0, 0, 0, 0, 0, 0, 0, 0, 0, 0, 0, 0, 0, 0, 0, 0, 0, 0, 0, 0, 0, 0, 0, 0, 0, 0.00032242022831724127, -0.00044432304470543325, 0, 0, -0.002331911110463359, 0, -0.002063452063999884, 0, 0, 0, 0, 0, -0.001729403137005944, 0, 0, 0, 0, -0.004112257675051731, -0.0020991981209974872, 0, 0, 0.0013895020774818238, 0, 0, 0, 0, 0, 0.0030558320646445624, 0, 0, 0, 0, 0, 0, 0, 0, 0.009734587818214476, 0.002783806911039379, 0, 0, 0, 0, 0, 0, 0, 0, 0, 0, 0.010815908307792705, 0, 0, 0, 0, 0, 0, 0, 0, 0, 0, 0, 0, 0, 0, 0, 0, 0, 0, 0, 0, 0, 0, 0, 0, 0, 0, 0, 0, 0, 0, 0, 0, 0, 0, -0.002147570572003719, -0.002315809535453643, 0, 0, 0, 0, 0, 0, 0, 0, 0, 0, -0.0017245769368985436, 0.001835742924792634, 0, 0, -0.0043843757349569515, 0, 0, 0, 0, 0, 0, 0, 0, 0.007608003728737959, 0, 0, 0, 0.009168664549990279, -0.0020364433247009777, 0, 0, 0, 0, 0, 0, 0, -0.002509443855875524, 0, 0.0016145903178221884, -0.0020743406560057706, -0.0008264521945704564, -0.0024814073482599722, 0, 0, 0, 0, 0, 0, 0, 0, 0, 0, 0, 0, 0, 0, 0, 0, 0, 0, 0, 0, 0, 0, 0, 0, 0, 0, 0, 0, 0, 0, 0, 0, 0, 0, 0.00036413078573323753, 0.001556406279417937, 0, 0, 0, 0, 0, 0, 0, 0, 0, 0, 0, 0, -0.002212821114180496, 0, 0, 0, -0.0006028776642796964, -0.0024003978520299256, 0.0005815122189357366, 0, 0, 0, 0, 0, -0.0019886476116432175, 0, 0, 0, -0.0019547416008323885, -0.001994706078975184, 0, 0, 0, 0, 0, 0, 0, 0, -0.0017090272484842346, 0, 0, 0, -0.0026767401077587385, 0, 0, 0, 0, 0, 0, 0, 0, 0, 0, 0, 0, 0, 0, 0, 0, 0, 0, 0, 0, 0, 0, 0, 0, 0, 0, 0, 0, 0, 0, 0, 0, 0, 0, 0, 0, 0, 0, -0.002078404774330338, 0, 0, 0, 0, 0, 0, -0.0018892478500250269, 0, 0, -0.001810765025429123, 0, 0, 0, 0, 0, 0, 0, 0, 0, 0.0025484386018114857, -0.0021501888704037447, 0, 0.0011424968749886057, 0, 0, 0, -0.0022004751565441777, 0, 0.0005783266593949053, 0, 0, 0, 0, 0, 0, 0.0008340649692712911, 0, 0, 0, 0, 0, 0, 0, 0, 0, 0, 0, 0, 0, 0, 0, 0, 0, 0, 0, 0, 0, 0, 0, 0, 0, 0, 0, 0, 0, 0, 0, -0.002039563138734156, 0.0005933413910559032, 0, 0, 0, 0, 0, 0, 0, 0, 0, 0, 0, 0, 0, 0, 0, 0, -0.001932706667838005, 0, 0, 0, 0, 0, 0, 0, 0, 0.004678756057564358, 0, 0, 0, 0, 0, -0.002530587096206321, 0, 0, 0, 0, 0, 0, -0.0018993838896381116, 0, 0, 0, 0, 0, 0, -0.002451164624029481, 0, 0, 0, 0, -0.0027206448499316623, -0.002264214747536381, 0, 0, 0, 0, 0, 0, 0, 0, 0, 0, 0, 0, 0, 0, 0, 0, 0, 0, 0, 0, 0, 0, 0, 0, 0, 0, 0, 0, 0, 0, 0, 0, 0, -0.0027554075799632997, 0, -0.002283948668717889, -0.0025489048020997077, 0, 0, 0, 0, 0, 0, 0, 0, 0.001392117414309397, 0, 0, 0, 0, 0, 0, 0, 0, -0.0022376728202669234, 0, 0, -0.0018328971509998053, 0, 0, 0, 0, 0, 0, 0, -0.0015206465647041665, 0, 0, 0, -0.0022953285398911315, 0, 0, 0, 0, -0.002725597008774363, 0.03088999629958696, 0, 0, 0, 0, 0, 0, 0, 0, 0, 0, 0, 0, 0, 0, 0, 0, 0, 0, 0, 0, 0, 0, 0, 0, 0, 0, 0, 0, 0, 0, 0, 0, 0, 0, 0, 0, 0, 0.009828394841277078, 0, 0, 0, 0.005299444005098018, 0, 0, 0.009661844419714901, 0]
Start Date: 2021-12-17
End Date: 2025-07-11
Sharpe Ratio: 0.051
Annualized Sharpe: 0.815
Sharpe 95% CI: (np.float64(-0.081), np.float64(1.463))
Sortino Ratio: 0.124
CAGR: 0.027
Calmar Ratio: 0.514
Daily Win Rate (%): 0.385
Max Drawdown: 0.052
Profit Factor: 1.578
Expectancy: 0.000712
Average Win: 0.005051
Average Loss: 0.002
Total Trades: 169
Total Days: 1117

Rolling 10 - Variant 0 - atr_0.25_15 - Test Metrics
Contracts: [3, 4, 4, 3, 3, 3, 3, 3, 3, 3, 2, 1, 2, 1, 1, 2, 2, 2, 2, 2, 2, 2, 1, 2, 1, 2, 2, 1, 1, 1, 2, 2, 2, 2, 2, 2, 2, 2, 2, 2, 2, 2, 3, 2, 2, 3, 2, 3, 4, 3, 3, 2, 2, 3, 3, 5, 3, 3, 3, 3, 3, 4, 4, 4, 4, 3, 3, 5, 3, 3, 4, 5, 5, 5, 5, 4, 3, 3, 4, 4, 4, 5, 3, 5, 4, 4, 3, 5, 4, 5, 4, 3, 4, 3, 4, 4, 5, 3, 4, 5, 5, 5, 3, 4, 4, 4, 4, 4, 4, 4, 6, 7, 8, 5, 5, 5, 5, 6, 5, 5, 6, 7, 7, 7, 7, 6, 6, 7, 7, 6, 6, 7, 5, 4, 4, 4, 6, 3, 3, 3, 3, 5, 5, 5, 4, 4, 6, 6, 6, 5, 5, 3, 7, 7, 7, 5, 8, 5, 2, 4, 4, 5, 3, 5, 5, 6, 6, 6, 7, 5, 6, 7, 7, 7, 6, 4, 7, 8, 7, 6, 7, 5, 7, 7]
Trade Returns: [0.0005688656286054338, 0.0008421531403961284, 0.0020379289103648226, -0.00044644043474801806, 0.0037716252550012773, -0.0021294591067925524, -0.0004317552443221836, 0.008723806893719368, -0.0027517509946140815, -0.0019832785160078924, 0.0004126081774003647, -0.0022948473450625545, -0.002614582302811031, 0.00035956186589581235, 0.0035819320477567447]
Daily Returns: [0, 0.0005688656286054338, 0.0008421531403961284, 0, 0, 0, 0, 0.0020379289103648226, 0, 0, 0.003325184820253259, 0, 0, -0.0021294591067925524, 0, 0, 0, 0, 0, 0, -0.0004317552443221836, 0, 0, 0, 0, 0, 0, 0, 0, 0.008723806893719368, 0, -0.0027517509946140815, 0, 0, 0, 0, 0, 0, 0, 0, 0, 0, 0, 0, 0, 0, 0, 0, 0, 0, 0, 0, 0, 0, 0, 0, 0, 0, 0, 0, 0, 0, 0, -0.0019832785160078924, 0, 0, 0, 0, 0.0004126081774003647, 0, 0, 0, 0, 0, -0.0022948473450625545, 0, 0, 0, 0, 0, 0, 0, 0, 0, 0, 0, 0, 0, -0.002614582302811031, 0, 0, 0, 0, 0, 0, 0, 0, 0, 0.003941493913652557, 0, 0]
Start Date: 2025-07-13
End Date: 2025-11-06
Sharpe Ratio: 0.065
Annualized Sharpe: 1.031
Sharpe 95% CI: (np.float64(-2.744), np.float64(3.355))
Sortino Ratio: 0.09
CAGR: 0.019
Calmar Ratio: 2.075
Daily Win Rate (%): 0.533
Max Drawdown: 0.009
Profit Factor: 1.604
Expectancy: 0.00051
Average Win: 0.002537
Average Loss: 0.001807
Total Trades: 15
Total Days: 101



Rolling 10 - Variant 1 - atr_0.25_20 - Fit Metrics
Contracts: [3, 4, 4, 3, 3, 3, 3, 3, 3, 3, 2, 1, 2, 1, 1, 2, 2, 2, 2, 2, 2, 2, 1, 2, 1, 2, 2, 1, 1, 1, 2, 2, 2, 2, 2, 2, 2, 2, 2, 2, 2, 2, 3, 2, 2, 3, 2, 3, 4, 3, 3, 2, 2, 3, 3, 5, 3, 3, 3, 3, 3, 4, 4, 4, 4, 3, 3, 5, 3, 3, 4, 5, 5, 5, 5, 4, 3, 3, 4, 4, 4, 5, 3, 5, 4, 4, 3, 5, 4, 5, 4, 3, 4, 3, 4, 4, 5, 3, 4, 5, 5, 5, 3, 4, 4, 4, 4, 4, 4, 4, 6, 7, 8, 5, 5, 5, 5, 6, 5, 5, 6, 6, 6, 7, 7, 6, 6, 7, 7, 6, 6, 7, 5, 4, 4, 4, 6, 3, 3, 3, 3, 5, 5, 5, 4, 4, 6, 6, 6, 5, 5, 3, 7, 7, 7, 5, 8, 5, 1, 4, 4, 5, 3, 5, 5, 6, 6, 6, 7, 6, 6, 7, 7, 7, 6, 4, 7, 8, 7, 6, 7, 5, 7, 7]
Trade Returns: [0.004673999999999995, -0.001879216541883238, 0.004738797709581083, 0.004400826569320462, -0.002021795069428799, -0.0018476601255933607, -0.0017915600261889178, 0.004227560834540777, 0.0009143915733473045, -0.002260161829959899, 0.024531633678377577, -0.0012628425893663265, 0.0016906824824789938, -0.0011295144437141367, 0.004530885471642389, -0.002411217703152735, 0.005413307361752218, -0.0027809432607134314, -0.001968333330123397, 0.003163230821223381, -0.0017599416440401978, -0.00278869847293791, -0.001258489001270088, -0.0027911334092088043, 0.0014635263609436458, 0.00631458984238722, 0.020045993305162095, -0.0011347887329262443, -0.0012305935770954585, 0.00031039325311056474, 0.004196576894987207, 0.006345808902220279, -0.0020632376729974233, -4.127502298268324e-05, -0.0020863509122156587, -0.0019043962950835702, -0.0021531326005392246, 0.0007683702640707928, -0.001658281253525257, -0.0016287260414777182, 0.013471212333407737, 0.0015088589440975188, 0.0011970643953519663, -0.0004134432372233053, -0.0018109596595693928, -0.002273406002687769, -0.001593887851656183, -0.0020854803350259495, -0.0027488982813752734, 0.0026773963356197614, -0.0022590064502802615, -0.001735261569037813, 0.0015233498614279474, -0.0020387110376530898, -0.002665358823695849, -0.0018277961675119182, 0.007809454631194855, -0.0017320493275573186, -0.0022317966719750627, 0.0005987490691914899, -0.0026965458081400066, 0.002043067715542702, -0.002508834926620367, -0.0025005197603432294, -0.0012852057276956331, 0.0025588371063674613, 0.001216466638118236, 0.0030978322766789385, -0.0029901589704769103, -0.0017939188422032646, -0.0020044077972413265, -0.0020084335170431284, -0.0022986093890086405, -0.0025906983413794744, -0.002001265167634711, 0.000855997150506151, 0.003019441979463164, -0.002206618338439139, 0.00010714729883571889, 0.0009106544659375248, -0.0017279047052909434, 0.001318572486939042, -0.002402957840056828, 0.007082546649926681, -7.613247049881921e-06, 0.005017168002801655, -0.0016817162596206288, -0.002475604388933574, 0.031180646547707563, 0.0010973102068291005, 0.01027209255199603, -0.0021931262614119074, -0.0021413549866370687, 0.0010612575354755325, -0.0020197178615139473, 0.0035123288977043526, -0.0024295654366002163, 0.00032412061681801616, -0.0004466655683086911, -0.002344210715240667, -0.0020743612619459353, -0.0017385372079972716, -0.0019179259945107643, -0.002216111350392238, -0.0021103506797764218, 0.0033940541200045775, -0.0019971185485148746, 0.0030720214268895596, 0.009786198441130045, 0.0027986073420983703, 0.010872696115071146, -0.002158724891522723, -0.0023278636970740867, -0.0017335930394878016, 0.0016274976178526292, 0.00021785740869508595, -0.003169134877000904, -0.0012381803846735126, 0.00764795000300815, 0.009216439783755618, -0.002047068073165475, -0.0021620575042757117, 0.001390595692387304, -0.002084791072357681, -0.0008306245145700857, -0.0024939450756280754, 0.000365974140231184, 0.0015642824575093422, -0.002224001583431549, -0.0006059305452112739, -0.0024125604719018815, 0.0005844577530846137, -0.0019987482951852784, -0.0019646899541632765, -0.002004877809598353, -0.001717759706525122, -0.0026904407328352258, -0.002089071578574132, -0.0018989530146336475, -0.0018200847173369952, 0.002561578887448441, -0.002161247369413955, 0.0011483726808183242, -0.0022118167918193997, 0.0005813140641211743, 0.0008383709129417999, -0.0020500837668635933, 0.0005964082967020582, -0.001942690626517728, 0.004703034334922603, -0.002543685025436852, -0.0019091937427002778, -0.002463848505566235, -0.0027347901599398617, -0.002275960170697014, -0.0027698098175611167, -0.0022959197958684653, -0.0025621935347316487, 0.0006997154365831401, -0.0022509848058525615, -0.0018438257134987166, -0.0015297511190891498, -0.0023090396084769925, -0.002741940954986942, 0.04146895922266254, 0.009787058003832092, -0.002166999083607354, 0.007444302785400913, 0.009621812539993996]
Daily Returns: [0.004673999999999995, 0, 0, 0, 0, 0, 0, 0, 0, 0, 0, 0, 0, 0, -0.001879216541883238, 0.004738797709581083, 0, 0, 0, 0, 0, 0, 0, 0, 0, 0, 0, 0, 0, 0, 0, 0.004400826569320462, -0.002021795069428799, 0, -0.0018476601255933607, 0, 0, 0, 0, 0, 0, -0.0017915600261889178, 0, 0, 0, 0, 0, 0.005141952407888081, -0.002260161829959899, 0, 0, 0, 0, 0, 0.024531633678377577, 0, 0, 0, 0, 0, 0, 0, 0, 0, 0, 0, 0, 0, 0, 0, 0, 0, 0, 0, 0, 0, 0, 0, 0, 0, 0, 0, 0, 0, 0, 0, 0, 0, 0, 0, 0, 0, 0, -0.0012628425893663265, 0, 0, 0, 0, 0.0016906824824789938, -0.0011295144437141367, 0, 0, 0, 0, 0, 0, 0, 0, 0, 0, 0.004530885471642389, 0, 0, -0.002411217703152735, 0.005413307361752218, 0, -0.0027809432607134314, 0, -0.001968333330123397, 0.003163230821223381, 0, 0, -0.0017599416440401978, -0.00278869847293791, 0, 0, -0.001258489001270088, 0, 0, 0, 0, -0.0027911334092088043, 0, 0, 0, 0, 0, 0, 0, 0, 0, 0, 0, 0, 0, 0, 0, 0, 0, 0, 0, 0, 0, 0, 0.0014635263609436458, 0, 0, 0, 0, 0, 0, 0, 0, 0, 0, 0, 0, 0, 0.00631458984238722, 0, 0, 0.01891120457223585, 0, 0, 0, 0, 0, -0.0012305935770954585, 0, 0, 0, 0, 0.00031039325311056474, 0, 0, 0, 0, 0, 0.004196576894987207, 0.004282571229222856, -4.127502298268324e-05, 0, 0, 0, -0.0020863509122156587, 0, 0, 0, 0, 0, 0, 0, -0.003289158631552002, -0.001658281253525257, 0, 0, -0.0016287260414777182, 0, 0, 0, 0.013471212333407737, 0, 0, 0, 0, 0, 0, 0, 0, 0, 0, 0, 0, 0, 0, 0, 0, 0, 0, 0, 0, 0, 0, 0, 0, 0, 0, 0, 0, 0, 0, 0, 0, 0, 0, 0, 0, 0, 0.0015088589440975188, 0, 0, 0, 0, 0, 0, 0, 0.0011970643953519663, 0, 0, 0, 0, 0, 0, -0.0004134432372233053, 0, 0, -0.0018109596595693928, -0.003867293854343952, -0.0020854803350259495, 0, 0, 0, 0, -7.150194575551196e-05, 0, 0, 0, 0, 0, 0, -0.0022590064502802615, 0, 0, 0, -0.001735261569037813, 0.0015233498614279474, 0, 0, 0, 0, 0, 0, 0, 0, 0, 0, 0, 0, 0, 0, 0, 0, 0, 0, 0, 0, 0, 0, 0, 0, 0, 0, 0, 0, 0, 0, 0, 0, 0, 0, 0, 0, 0, 0, -0.0020387110376530898, 0, 0, -0.002665358823695849, 0, 0, 0, 0, 0, 0.005981658463682937, -0.0017320493275573186, 0, 0, 0, 0, -0.0022317966719750627, 0, -0.002097796738948517, 0, 0, 0, 0, 0, 0.002043067715542702, -0.002508834926620367, 0, 0, 0, 0, 0, -0.0037857254880388626, 0, 0, 0, 0, 0.0025588371063674613, 0, 0, 0, 0, 0.001216466638118236, 0.00010767330620202811, 0, 0, 0, 0, 0, 0, 0, 0, 0, 0, 0, 0, 0, 0, 0, 0, 0, 0, 0, 0, 0, 0, 0, 0, 0, 0, 0, 0, 0, 0, 0, 0, -0.0017939188422032646, 0, 0, 0, 0, 0, 0, 0, 0, 0, 0, 0, 0, -0.006311450703293095, 0, 0, 0, 0, -0.0025906983413794744, 0, 0, 0, 0, 0, 0, -0.002001265167634711, 0, 0, 0, 0, 0.0038754391299693153, 0, -0.002206618338439139, 0, 0, 0, 0, 0, 0, 0, 0, 0, 0, 0, 0.00010714729883571889, 0, 0.0009106544659375248, 0, 0, 0, 0, 0, 0, 0, 0, 0, 0, 0, 0, 0, 0, 0, 0, 0, 0, 0, 0, 0, 0, 0, 0, 0, 0, 0, 0, -0.0017279047052909434, 0, 0, 0, 0, 0, 0.001318572486939042, 0, 0, 0, 0, 0, 0, -0.002402957840056828, 0, 0, 0, 0, 0, 0, 0, 0.007082546649926681, 0, 0, 0, 0, 0, 0, 0, 0, 0, 0, 0, 0, 0, -7.613247049881921e-06, 0, 0.005017168002801655, 0, 0, -0.0016817162596206288, 0, 0, 0, 0, 0, -0.002475604388933574, 0, 0, 0, 0, 0.031180646547707563, 0, 0, 0, 0, 0, 0, 0, 0, 0, 0, 0, 0, 0, 0, 0, 0, 0, 0, 0, 0, 0, 0, 0, 0, 0, 0, 0, 0, 0, 0, 0, 0, 0, 0.0010973102068291005, 0, 0.01027209255199603, 0, 0, 0, 0, 0, 0, 0, 0, 0, -0.0021931262614119074, 0, 0, 0, 0, 0, 0, 0, 0, 0, 0, 0, 0, 0, 0, -0.0010800974511615362, 0, 0, -0.0020197178615139473, 0, 0.0035123288977043526, 0, 0, 0, 0, 0, 0, 0, 0, -0.0024295654366002163, 0, 0, 0, 0, 0, 0, 0, 0, 0, 0, 0, 0, 0, 0, 0, 0, 0, 0, 0, 0, 0, 0, 0, 0, 0, 0, 0, 0, 0, 0.00032412061681801616, -0.0004466655683086911, 0, 0, -0.002344210715240667, 0, -0.0020743612619459353, 0, 0, 0, 0, 0, -0.0017385372079972716, 0, 0, 0, 0, -0.004134037344903002, -0.0021103506797764218, 0, 0, 0.001396935571489703, 0, 0, 0, 0, 0, 0.0030720214268895596, 0, 0, 0, 0, 0, 0, 0, 0, 0.009786198441130045, 0.0027986073420983703, 0, 0, 0, 0, 0, 0, 0, 0, 0, 0, 0.010872696115071146, 0, 0, 0, 0, 0, 0, 0, 0, 0, 0, 0, 0, 0, 0, 0, 0, 0, 0, 0, 0, 0, 0, 0, 0, 0, 0, 0, 0, 0, 0, 0, 0, 0, 0, -0.002158724891522723, -0.0023278636970740867, 0, 0, 0, 0, 0, 0, 0, 0, 0, 0, -0.0017335930394878016, 0.0018453550265477151, 0, 0, -0.004407315261674417, 0, 0, 0, 0, 0, 0, 0, 0, 0.00764795000300815, 0, 0, 0, 0.009216439783755618, -0.002047068073165475, 0, 0, 0, 0, 0, 0, 0, -0.0021620575042757117, 0, 0.001390595692387304, -0.002084791072357681, -0.0008306245145700857, -0.0024939450756280754, 0, 0, 0, 0, 0, 0, 0, 0, 0, 0, 0, 0, 0, 0, 0, 0, 0, 0, 0, 0, 0, 0, 0, 0, 0, 0, 0, 0, 0, 0, 0, 0, 0, 0, 0.000365974140231184, 0.0015642824575093422, 0, 0, 0, 0, 0, 0, 0, 0, 0, 0, 0, 0, -0.002224001583431549, 0, 0, 0, -0.0006059305452112739, -0.0024125604719018815, 0.0005844577530846137, 0, 0, 0, 0, 0, -0.0019987482951852784, 0, 0, 0, -0.0019646899541632765, -0.002004877809598353, 0, 0, 0, 0, 0, 0, 0, 0, -0.001717759706525122, 0, 0, 0, -0.0026904407328352258, 0, 0, 0, 0, 0, 0, 0, 0, 0, 0, 0, 0, 0, 0, 0, 0, 0, 0, 0, 0, 0, 0, 0, 0, 0, 0, 0, 0, 0, 0, 0, 0, 0, 0, 0, 0, 0, 0, -0.002089071578574132, 0, 0, 0, 0, 0, 0, -0.0018989530146336475, 0, 0, -0.0018200847173369952, 0, 0, 0, 0, 0, 0, 0, 0, 0, 0.002561578887448441, -0.002161247369413955, 0, 0.0011483726808183242, 0, 0, 0, -0.0022118167918193997, 0, 0.0005813140641211743, 0, 0, 0, 0, 0, 0, 0.0008383709129417999, 0, 0, 0, 0, 0, 0, 0, 0, 0, 0, 0, 0, 0, 0, 0, 0, 0, 0, 0, 0, 0, 0, 0, 0, 0, 0, 0, 0, 0, 0, 0, -0.0020500837668635933, 0.0005964082967020582, 0, 0, 0, 0, 0, 0, 0, 0, 0, 0, 0, 0, 0, 0, 0, 0, -0.001942690626517728, 0, 0, 0, 0, 0, 0, 0, 0, 0.004703034334922603, 0, 0, 0, 0, 0, -0.002543685025436852, 0, 0, 0, 0, 0, 0, -0.0019091937427002778, 0, 0, 0, 0, 0, 0, -0.002463848505566235, 0, 0, 0, 0, -0.0027347901599398617, -0.002275960170697014, 0, 0, 0, 0, 0, 0, 0, 0, 0, 0, 0, 0, 0, 0, 0, 0, 0, 0, 0, 0, 0, 0, 0, 0, 0, 0, 0, 0, 0, 0, 0, 0, 0, -0.0027698098175611167, 0, -0.0022959197958684653, -0.0025621935347316487, 0, 0, 0, 0, 0, 0, 0, 0, 0.0006997154365831401, 0, 0, 0, 0, 0, 0, 0, 0, -0.0022509848058525615, 0, 0, -0.0018438257134987166, 0, 0, 0, 0, 0, 0, 0, -0.0015297511190891498, 0, 0, 0, -0.0023090396084769925, 0, 0, 0, 0, -0.002741940954986942, 0.04146895922266254, 0, 0, 0, 0, 0, 0, 0, 0, 0, 0, 0, 0, 0, 0, 0, 0, 0, 0, 0, 0, 0, 0, 0, 0, 0, 0, 0, 0, 0, 0, 0, 0, 0, 0, 0, 0, 0, 0.009787058003832092, 0, 0, 0, 0.005277303701793559, 0, 0, 0.009621812539993996, 0]
Start Date: 2021-12-17
End Date: 2025-07-11
Sharpe Ratio: 0.051
Annualized Sharpe: 0.804
Sharpe 95% CI: (np.float64(-0.09), np.float64(1.429))
Sortino Ratio: 0.128
CAGR: 0.028
Calmar Ratio: 0.524
Daily Win Rate (%): 0.385
Max Drawdown: 0.053
Profit Factor: 1.598
Expectancy: 0.000738
Average Win: 0.005126
Average Loss: 0.002005
Total Trades: 169
Total Days: 1117

Rolling 10 - Variant 1 - atr_0.25_20 - Test Metrics
Contracts: [3, 4, 4, 3, 3, 3, 3, 3, 3, 3, 2, 1, 2, 1, 1, 2, 2, 2, 2, 2, 2, 2, 1, 2, 1, 2, 2, 1, 1, 1, 2, 2, 2, 2, 2, 2, 2, 2, 2, 2, 2, 2, 3, 2, 2, 3, 2, 3, 4, 3, 3, 2, 2, 3, 3, 5, 3, 3, 3, 3, 3, 4, 4, 4, 4, 3, 3, 5, 3, 3, 4, 5, 5, 5, 5, 4, 3, 3, 4, 4, 4, 5, 3, 5, 4, 4, 3, 5, 4, 5, 4, 3, 4, 3, 4, 4, 5, 3, 4, 5, 5, 5, 3, 4, 4, 4, 4, 4, 4, 4, 6, 7, 8, 5, 5, 5, 5, 6, 5, 5, 6, 6, 6, 7, 7, 6, 6, 7, 7, 6, 6, 7, 5, 4, 4, 4, 6, 3, 3, 3, 3, 5, 5, 5, 4, 4, 6, 6, 6, 5, 5, 3, 7, 7, 7, 5, 8, 5, 1, 4, 4, 5, 3, 5, 5, 6, 6, 6, 7, 6, 6, 7, 7, 7, 6, 4, 7, 8, 7, 6, 7, 5, 7, 7]
Trade Returns: [0.0006798373347544129, 0.0008386040957140574, 0.0020293477626794126, -0.0004445644062684287, 0.0037557691119759896, -0.0021205402278437853, -0.000429943067784784, 0.008687175310652944, -0.002740295805145397, -0.001974999693323031, 0.0004108824138815121, -0.002285252922385651, -0.0026036260770743707, 0.0003580512136701381, 0.0035668884144008607]
Daily Returns: [0, 0.0006798373347544129, 0.0008386040957140574, 0, 0, 0, 0, 0.0020293477626794126, 0, 0, 0.003311204705707561, 0, 0, -0.0021205402278437853, 0, 0, 0, 0, 0, 0, -0.000429943067784784, 0, 0, 0, 0, 0, 0, 0, 0, 0.008687175310652944, 0, -0.002740295805145397, 0, 0, 0, 0, 0, 0, 0, 0, 0, 0, 0, 0, 0, 0, 0, 0, 0, 0, 0, 0, 0, 0, 0, 0, 0, 0, 0, 0, 0, 0, 0, -0.001974999693323031, 0, 0, 0, 0, 0.0004108824138815121, 0, 0, 0, 0, 0, -0.002285252922385651, 0, 0, 0, 0, 0, 0, 0, 0, 0, 0, 0, 0, 0, -0.0026036260770743707, 0, 0, 0, 0, 0, 0, 0, 0, 0, 0.0039249396280709985, 0, 0]
Start Date: 2025-07-13
End Date: 2025-11-06
Sharpe Ratio: 0.066
Annualized Sharpe: 1.046
Sharpe 95% CI: (np.float64(-2.709), np.float64(3.373))
Sortino Ratio: 0.092
CAGR: 0.019
Calmar Ratio: 2.106
Daily Win Rate (%): 0.533
Max Drawdown: 0.009
Profit Factor: 1.613
Expectancy: 0.000515
Average Win: 0.002541
Average Loss: 0.0018
Total Trades: 15
Total Days: 101



Rolling 10 - Variant 2 - atr_0.5_9 - Fit Metrics
Contracts: [3, 4, 4, 3, 3, 3, 3, 3, 3, 3, 2, 1, 2, 1, 1, 2, 2, 2, 2, 2, 2, 2, 1, 2, 1, 2, 2, 1, 1, 1, 2, 2, 2, 2, 2, 2, 2, 2, 2, 2, 2, 2, 3, 2, 2, 2, 2, 2, 3, 3, 3, 2, 2, 3, 3, 4, 3, 3, 3, 3, 3, 4, 4, 4, 4, 3, 3, 4, 3, 3, 3, 5, 5, 5, 5, 4, 3, 3, 4, 4, 4, 4, 3, 5, 4, 4, 3, 4, 4, 5, 4, 3, 4, 3, 4, 3, 5, 3, 4, 4, 5, 4, 3, 4, 4, 4, 4, 4, 3, 4, 6, 7, 8, 5, 5, 5, 5, 6, 5, 5, 6, 6, 6, 7, 7, 6, 6, 7, 7, 6, 6, 6, 5, 3, 4, 4, 6, 3, 3, 3, 3, 4, 5, 5, 4, 4, 6, 6, 6, 5, 5, 3, 7, 7, 7, 5, 8, 5, 2, 4, 4, 5, 3, 5, 6, 6, 7, 7, 7, 6, 6, 7, 7, 7, 7, 4, 7, 8, 8, 7, 7, 5, 7, 7]
Trade Returns: [0.004673999999999995, -0.0008838687972417036, 0.004734076785290864, 0.0043964629989152616, -0.003974443518675739, -0.003633494755913598, -0.003527375457583958, 0.004246636332599267, 0.0009185000218690859, -0.004415480200851715, 0.02469510187876698, -0.0025207169608794807, 0.0017016769500653186, -0.002235724192050845, 0.0045710191932189885, -0.00478377602214183, 0.005461039225299824, -0.005562064858479148, -0.003920792932388844, 0.0031837662905624016, -0.001793125957267737, -0.00559317445757698, -0.002533006891905999, -0.005631789198891809, 0.0014973419202119326, 0.006460273679242854, 0.02050550563369458, -0.0022993210149446206, -0.001714436093717346, 0.0003178898317897667, 0.004297899881022986, 0.0064983676903010695, -0.0011923657917538783, -4.222405619638023e-05, -0.004188035500414578, 0.004697929673649957, -0.004319223613801566, 0.000786818476349175, -0.000543534826704889, -0.0032399862849569836, 0.013755758943755567, 0.0015402974604154947, 0.0012219680156533793, -0.0004220339756360977, -0.00019398937242535823, -0.0030473654175385174, 1.526432079496798e-05, -0.00277043193552449, -0.0016703210919652438, 0.002725281296176017, -0.0045068548918870835, -0.0027877775537827783, 0.0015556620901706366, -0.004071503130520698, -0.002119351532476436, 0.0008397105331190057, 0.007976383534507043, -0.0034161718066597012, -0.003566834627697125, 0.0006132814243654865, 0.0019318161981624299, 0.0020829582653371422, -0.004991799462570192, -0.0038048910637261397, -0.0013161445118909376, 0.0026152039063030903, 0.0012431934192079267, 0.0031714568880079246, -0.004765459700534177, -0.003550797912526004, -0.003959615819738, -0.003975356705036364, -0.004581059188071155, -0.0007011847058777276, -0.004000545528935762, 0.000884309733935556, 0.0031196232638165153, -0.003330164525291169, 0.0001106881243501901, 0.0009407449276851944, -0.0034435234511055197, 0.0013664299779223216, -0.0038516863015489945, 0.0073392563813791415, -7.887181752231994e-06, 0.005197693769865952, -0.0022127018501953877, -0.0009122078575697276, 0.03226339651155467, 0.0011342234286715997, 0.010617251510425897, -0.00441147963360629, -0.0011115374945415697, 0.0010965428753916464, 0.006729635566388904, 0.002701305537018424, -0.004836877252053799, 0.00033344510966011365, -0.00045951122318495637, -0.003738071238141893, -0.004122767700951831, 0.0010740121266766213, 0.006236589251722827, -0.0044077549408601145, -0.0012541411210964001, 0.0034721302918783083, 0.0035731920138404615, 0.0025370733643377795, 0.009961566641868966, 0.002135155132071649, 0.011065612551417758, 0.004547364712229558, -0.004398904658125828, -0.00337143236132912, 0.0016544477841490763, 0.00022145900886024006, 0.004029661556401426, -0.0012496209789310234, 0.0077187042880668445, 0.009301051709027168, -0.00404586413602911, -0.004135505649686854, 0.0014060251994593958, -0.004012611063341933, -0.0008414534195428435, -0.004877977644425327, 0.00037163423868070587, 0.0015884664161964761, -0.0043412563698253465, -0.0006165918253870864, -0.001828882013239209, 0.0005935022494467725, -0.00391832950391741, -0.001667685500000919, -0.0016353229762877711, -0.0034168269462387115, 0.0004350752457060037, -0.001092790555910746, -0.003768739163481142, -0.003615111839024929, 0.002089320315644623, 0.012414504325927014, 0.0011665463530077115, -0.004253505220462591, 0.0005856178917385509, 0.00084457425863605, -0.004008342385722456, 0.0006019988591749764, -0.0036878099867974187, 0.004742250752331561, 0.00022365318845573624, -0.0003393853971551211, -0.004753008661903766, -0.0036579912833138643, 0.03802298379204609, -0.005158056021414628, -0.004287290323285359, -0.004830343206699039, 0.0013676013771087598, -0.0018696673854417993, -0.0034463393619881956, -0.0014029242201714259, 0.004855144158316241, -0.005176892401126846, 0.04406524097604033, 0.009499924268308584, -0.004713985638219923, 0.008454195194974062, 0.009356710915351507]
Daily Returns: [0.004673999999999995, 0, 0, 0, 0, 0, 0, 0, 0, 0, 0, 0, 0, 0, -0.0008838687972417036, 0.004734076785290864, 0, 0, 0, 0, 0, 0, 0, 0, 0, 0, 0, 0, 0, 0, 0, 0.0043964629989152616, -0.003974443518675739, 0, -0.003633494755913598, 0, 0, 0, 0, 0, 0, -0.003527375457583958, 0, 0, 0, 0, 0, 0.005165136354468353, -0.004415480200851715, 0, 0, 0, 0, 0, 0.02469510187876698, 0, 0, 0, 0, 0, 0, 0, 0, 0, 0, 0, 0, 0, 0, 0, 0, 0, 0, 0, 0, 0, 0, 0, 0, 0, 0, 0, 0, 0, 0, 0, 0, 0, 0, 0, 0, 0, 0, -0.0025207169608794807, 0, 0, 0, 0, 0.0017016769500653186, -0.002235724192050845, 0, 0, 0, 0, 0, 0, 0, 0, 0, 0, 0.0045710191932189885, 0, 0, -0.00478377602214183, 0.005461039225299824, 0, -0.005562064858479148, 0, -0.003920792932388844, 0.0031837662905624016, 0, 0, -0.001793125957267737, -0.00559317445757698, 0, 0, -0.002533006891905999, 0, 0, 0, 0, -0.005631789198891809, 0, 0, 0, 0, 0, 0, 0, 0, 0, 0, 0, 0, 0, 0, 0, 0, 0, 0, 0, 0, 0, 0, 0.0014973419202119326, 0, 0, 0, 0, 0, 0, 0, 0, 0, 0, 0, 0, 0, 0.006460273679242854, 0, 0, 0.018206184618749958, 0, 0, 0, 0, 0, -0.001714436093717346, 0, 0, 0, 0, 0.0003178898317897667, 0, 0, 0, 0, 0, 0.004297899881022986, 0.005306001898547191, -4.222405619638023e-05, 0, 0, 0, -0.004188035500414578, 0, 0, 0, 0, 0, 0, 0, 0.0011655245361975662, -0.000543534826704889, 0, 0, -0.0032399862849569836, 0, 0, 0, 0.013755758943755567, 0, 0, 0, 0, 0, 0, 0, 0, 0, 0, 0, 0, 0, 0, 0, 0, 0, 0, 0, 0, 0, 0, 0, 0, 0, 0, 0, 0, 0, 0, 0, 0, 0, 0, 0, 0, 0, 0.0015402974604154947, 0, 0, 0, 0, 0, 0, 0, 0.0012219680156533793, 0, 0, 0, 0, 0, 0, -0.0004220339756360977, 0, 0, -0.00019398937242535823, -0.0030321010967435495, -0.00277043193552449, 0, 0, 0, 0, 0.001054960204210773, 0, 0, 0, 0, 0, 0, -0.0045068548918870835, 0, 0, 0, -0.0027877775537827783, 0.0015556620901706366, 0, 0, 0, 0, 0, 0, 0, 0, 0, 0, 0, 0, 0, 0, 0, 0, 0, 0, 0, 0, 0, 0, 0, 0, 0, 0, 0, 0, 0, 0, 0, 0, 0, 0, 0, 0, 0, 0, -0.004071503130520698, 0, 0, -0.002119351532476436, 0, 0, 0, 0, 0, 0.008816094067626049, -0.0034161718066597012, 0, 0, 0, 0, -0.003566834627697125, 0, 0.0025450976225279164, 0, 0, 0, 0, 0, 0.0020829582653371422, -0.004991799462570192, 0, 0, 0, 0, 0, -0.005121035575617078, 0, 0, 0, 0, 0.0026152039063030903, 0, 0, 0, 0, 0.0012431934192079267, -0.0015940028125262526, 0, 0, 0, 0, 0, 0, 0, 0, 0, 0, 0, 0, 0, 0, 0, 0, 0, 0, 0, 0, 0, 0, 0, 0, 0, 0, 0, 0, 0, 0, 0, 0, -0.003550797912526004, 0, 0, 0, 0, 0, 0, 0, 0, 0, 0, 0, 0, -0.012516031712845519, 0, 0, 0, 0, -0.0007011847058777276, 0, 0, 0, 0, 0, 0, -0.004000545528935762, 0, 0, 0, 0, 0.004003932997752071, 0, -0.003330164525291169, 0, 0, 0, 0, 0, 0, 0, 0, 0, 0, 0, 0.0001106881243501901, 0, 0.0009407449276851944, 0, 0, 0, 0, 0, 0, 0, 0, 0, 0, 0, 0, 0, 0, 0, 0, 0, 0, 0, 0, 0, 0, 0, 0, 0, 0, 0, 0, -0.0034435234511055197, 0, 0, 0, 0, 0, 0.0013664299779223216, 0, 0, 0, 0, 0, 0, -0.0038516863015489945, 0, 0, 0, 0, 0, 0, 0, 0.0073392563813791415, 0, 0, 0, 0, 0, 0, 0, 0, 0, 0, 0, 0, 0, -7.887181752231994e-06, 0, 0.005197693769865952, 0, 0, -0.0022127018501953877, 0, 0, 0, 0, 0, -0.0009122078575697276, 0, 0, 0, 0, 0.03226339651155467, 0, 0, 0, 0, 0, 0, 0, 0, 0, 0, 0, 0, 0, 0, 0, 0, 0, 0, 0, 0, 0, 0, 0, 0, 0, 0, 0, 0, 0, 0, 0, 0, 0, 0.0011342234286715997, 0, 0.010617251510425897, 0, 0, 0, 0, 0, 0, 0, 0, 0, -0.00441147963360629, 0, 0, 0, 0, 0, 0, 0, 0, 0, 0, 0, 0, 0, 0, -1.4994619149923333e-05, 0, 0, 0.006729635566388904, 0, 0.002701305537018424, 0, 0, 0, 0, 0, 0, 0, 0, -0.004836877252053799, 0, 0, 0, 0, 0, 0, 0, 0, 0, 0, 0, 0, 0, 0, 0, 0, 0, 0, 0, 0, 0, 0, 0, 0, 0, 0, 0, 0, 0, 0.00033344510966011365, -0.00045951122318495637, 0, 0, -0.003738071238141893, 0, -0.004122767700951831, 0, 0, 0, 0, 0, 0.0010740121266766213, 0, 0, 0, 0, 0.0018288343108627128, -0.0012541411210964001, 0, 0, 0.0070453223057187694, 0, 0, 0, 0, 0, 0.0025370733643377795, 0, 0, 0, 0, 0, 0, 0, 0, 0.009961566641868966, 0.002135155132071649, 0, 0, 0, 0, 0, 0, 0, 0, 0, 0, 0.011065612551417758, 0, 0, 0, 0, 0, 0, 0, 0, 0, 0, 0, 0, 0, 0, 0, 0, 0, 0, 0, 0, 0, 0, 0, 0, 0, 0, 0, 0, 0, 0, 0, 0, 0, 0, 0.004547364712229558, -0.004398904658125828, 0, 0, 0, 0, 0, 0, 0, 0, 0, 0, -0.00337143236132912, 0.0018759067930093163, 0, 0, 0.0027800405774704028, 0, 0, 0, 0, 0, 0, 0, 0, 0.0077187042880668445, 0, 0, 0, 0.009301051709027168, -0.00404586413602911, 0, 0, 0, 0, 0, 0, 0, -0.004135505649686854, 0, 0.0014060251994593958, -0.004012611063341933, -0.0008414534195428435, -0.004877977644425327, 0, 0, 0, 0, 0, 0, 0, 0, 0, 0, 0, 0, 0, 0, 0, 0, 0, 0, 0, 0, 0, 0, 0, 0, 0, 0, 0, 0, 0, 0, 0, 0, 0, 0, 0.00037163423868070587, 0.0015884664161964761, 0, 0, 0, 0, 0, 0, 0, 0, 0, 0, 0, 0, -0.0043412563698253465, 0, 0, 0, -0.0006165918253870864, -0.001828882013239209, 0.0005935022494467725, 0, 0, 0, 0, 0, -0.00391832950391741, 0, 0, 0, -0.001667685500000919, -0.0016353229762877711, 0, 0, 0, 0, 0, 0, 0, 0, -0.0034168269462387115, 0, 0, 0, 0.0004350752457060037, 0, 0, 0, 0, 0, 0, 0, 0, 0, 0, 0, 0, 0, 0, 0, 0, 0, 0, 0, 0, 0, 0, 0, 0, 0, 0, 0, 0, 0, 0, 0, 0, 0, 0, 0, 0, 0, 0, -0.001092790555910746, 0, 0, 0, 0, 0, 0, -0.003768739163481142, 0, 0, -0.003615111839024929, 0, 0, 0, 0, 0, 0, 0, 0, 0, 0.002089320315644623, 0.012414504325927014, 0, 0.0011665463530077115, 0, 0, 0, -0.004253505220462591, 0, 0.0005856178917385509, 0, 0, 0, 0, 0, 0, 0.00084457425863605, 0, 0, 0, 0, 0, 0, 0, 0, 0, 0, 0, 0, 0, 0, 0, 0, 0, 0, 0, 0, 0, 0, 0, 0, 0, 0, 0, 0, 0, 0, 0, -0.004008342385722456, 0.0006019988591749764, 0, 0, 0, 0, 0, 0, 0, 0, 0, 0, 0, 0, 0, 0, 0, 0, -0.0036878099867974187, 0, 0, 0, 0, 0, 0, 0, 0, 0.004742250752331561, 0, 0, 0, 0, 0, 0.00022365318845573624, 0, 0, 0, 0, 0, 0, -0.0003393853971551211, 0, 0, 0, 0, 0, 0, -0.004753008661903766, 0, 0, 0, 0, -0.0036579912833138643, 0.03802298379204609, 0, 0, 0, 0, 0, 0, 0, 0, 0, 0, 0, 0, 0, 0, 0, 0, 0, 0, 0, 0, 0, 0, 0, 0, 0, 0, 0, 0, 0, 0, 0, 0, 0, -0.005158056021414628, 0, -0.004287290323285359, -0.004830343206699039, 0, 0, 0, 0, 0, 0, 0, 0, 0.0013676013771087598, 0, 0, 0, 0, 0, 0, 0, 0, -0.0018696673854417993, 0, 0, -0.0034463393619881956, 0, 0, 0, 0, 0, 0, 0, -0.0014029242201714259, 0, 0, 0, 0.004855144158316241, 0, 0, 0, 0, -0.005176892401126846, 0.04406524097604033, 0, 0, 0, 0, 0, 0, 0, 0, 0, 0, 0, 0, 0, 0, 0, 0, 0, 0, 0, 0, 0, 0, 0, 0, 0, 0, 0, 0, 0, 0, 0, 0, 0, 0, 0, 0, 0, 0.009499924268308584, 0, 0, 0, 0.0037402095567541397, 0, 0, 0.009356710915351507, 0]
Start Date: 2021-12-17
End Date: 2025-07-11
Sharpe Ratio: 0.051
Annualized Sharpe: 0.81
Sharpe 95% CI: (np.float64(-0.104), np.float64(1.478))
Sortino Ratio: 0.072
CAGR: 0.034
Calmar Ratio: 0.8
Daily Win Rate (%): 0.473
Max Drawdown: 0.043
Profit Factor: 1.558
Expectancy: 0.000909
Average Win: 0.005362
Average Loss: 0.003093
Total Trades: 169
Total Days: 1117

Rolling 10 - Variant 2 - atr_0.5_9 - Test Metrics
Contracts: [3, 4, 4, 3, 3, 3, 3, 3, 3, 3, 2, 1, 2, 1, 1, 2, 2, 2, 2, 2, 2, 2, 1, 2, 1, 2, 2, 1, 1, 1, 2, 2, 2, 2, 2, 2, 2, 2, 2, 2, 2, 2, 3, 2, 2, 2, 2, 2, 3, 3, 3, 2, 2, 3, 3, 4, 3, 3, 3, 3, 3, 4, 4, 4, 4, 3, 3, 4, 3, 3, 3, 5, 5, 5, 5, 4, 3, 3, 4, 4, 4, 4, 3, 5, 4, 4, 3, 4, 4, 5, 4, 3, 4, 3, 4, 3, 5, 3, 4, 4, 5, 4, 3, 4, 4, 4, 4, 4, 3, 4, 6, 7, 8, 5, 5, 5, 5, 6, 5, 5, 6, 6, 6, 7, 7, 6, 6, 7, 7, 6, 6, 6, 5, 3, 4, 4, 6, 3, 3, 3, 3, 4, 5, 5, 4, 4, 6, 6, 6, 5, 5, 3, 7, 7, 7, 5, 8, 5, 2, 4, 4, 5, 3, 5, 6, 6, 7, 7, 7, 6, 6, 7, 7, 7, 7, 4, 7, 8, 8, 7, 7, 5, 7, 7]
Trade Returns: [0.0006612799900808299, 0.0008157280631104676, 0.001974034906714781, -0.0004324710227253912, 0.003653557583020633, -0.004562296646788947, -0.00041931098955678005, 0.008472259710519712, -0.0018547846796149287, -0.00411270309460413, 0.0004681912895840389, -0.004331742570727228, -0.0015150445646915358, 0.000350023536065346, 0.003486945070704157]
Daily Returns: [0, 0.0006612799900808299, 0.0008157280631104676, 0, 0, 0, 0, 0.001974034906714781, 0, 0, 0.003221086560295242, 0, 0, -0.004562296646788947, 0, 0, 0, 0, 0, 0, -0.00041931098955678005, 0, 0, 0, 0, 0, 0, 0, 0, 0.008472259710519712, 0, -0.0018547846796149287, 0, 0, 0, 0, 0, 0, 0, 0, 0, 0, 0, 0, 0, 0, 0, 0, 0, 0, 0, 0, 0, 0, 0, 0, 0, 0, 0, 0, 0, 0, 0, -0.00411270309460413, 0, 0, 0, 0, 0.0004681912895840389, 0, 0, 0, 0, 0, -0.004331742570727228, 0, 0, 0, 0, 0, 0, 0, 0, 0, 0, 0, 0, 0, -0.0015150445646915358, 0, 0, 0, 0, 0, 0, 0, 0, 0, 0.0038369686067695028, 0, 0]
Start Date: 2025-07-13
End Date: 2025-11-06
Sharpe Ratio: 0.02
Annualized Sharpe: 0.325
Sharpe 95% CI: (np.float64(-3.051), np.float64(3.09))
Sortino Ratio: 0.015
CAGR: 0.006
Calmar Ratio: 0.569
Daily Win Rate (%): 0.533
Max Drawdown: 0.011
Profit Factor: 1.154
Expectancy: 0.000177
Average Win: 0.002485
Average Loss: 0.002461
Total Trades: 15
Total Days: 101



Rolling 10 - Variant 3 - atr_0.5_10 - Fit Metrics
Contracts: [3, 4, 4, 3, 3, 3, 3, 3, 3, 3, 2, 1, 2, 1, 1, 2, 2, 2, 2, 2, 2, 2, 1, 2, 1, 2, 2, 1, 1, 1, 2, 2, 2, 2, 2, 2, 2, 2, 2, 2, 2, 2, 3, 2, 2, 2, 2, 2, 3, 3, 3, 2, 2, 3, 3, 4, 3, 3, 3, 3, 3, 4, 4, 4, 4, 3, 3, 4, 3, 3, 3, 5, 5, 5, 5, 4, 3, 3, 4, 4, 4, 4, 3, 5, 4, 4, 3, 4, 4, 5, 4, 3, 4, 3, 4, 3, 5, 3, 4, 4, 5, 4, 3, 4, 4, 4, 4, 4, 3, 4, 6, 7, 8, 5, 5, 5, 5, 6, 5, 5, 6, 6, 6, 7, 7, 6, 6, 7, 7, 6, 6, 6, 5, 3, 4, 4, 6, 3, 3, 3, 3, 4, 5, 5, 4, 4, 6, 6, 6, 5, 5, 3, 7, 7, 7, 5, 8, 5, 2, 4, 4, 5, 3, 5, 6, 6, 7, 7, 7, 6, 6, 8, 7, 7, 7, 4, 7, 8, 8, 7, 7, 5, 7, 7]
Trade Returns: [0.004673999999999995, -0.0008838687972417036, 0.004734076785290864, 0.0043964629989152616, -0.003974443518675739, -0.003633494755913598, -0.003527375457583958, 0.004246636332599267, 0.0009185000218690859, -0.004415480200851715, 0.02469510187876698, -0.0025207169608794807, 0.0017016769500653186, -0.002235724192050845, 0.0045710191932189885, -0.00478377602214183, 0.005461039225299824, -0.005562064858479148, -0.003920792932388844, 0.0031837662905624016, -0.001793125957267737, -0.00559317445757698, -0.002533006891905999, -0.005631789198891809, 0.0014973419202119326, 0.006460273679242854, 0.02050550563369458, -0.0022993210149446206, -0.001714436093717346, 0.0003178898317897667, 0.004297899881022986, 0.0064983676903010695, -0.0011923657917538783, -4.222405619638023e-05, -0.004188035500414578, 0.004697929673649957, -0.004319223613801566, 0.000786818476349175, -0.000543534826704889, -0.0032399862849569836, 0.013755758943755567, 0.0015402974604154947, 0.0012219680156533793, -0.0004220339756360977, -0.00019398937242535823, -0.0030473654175385174, 1.526432079496798e-05, -0.00277043193552449, -0.0016703210919652438, 0.002725281296176017, -0.0045068548918870835, -0.0027877775537827783, 0.0015556620901706366, -0.004071503130520698, -0.002119351532476436, 0.0008397105331190057, 0.007976383534507043, -0.0034161718066597012, -0.003566834627697125, 0.0006132814243654865, 0.0019318161981624299, 0.0020829582653371422, -0.004991799462570192, -0.0038048910637261397, -0.0013161445118909376, 0.0026152039063030903, 0.0012431934192079267, 0.0031714568880079246, -0.004765459700534177, -0.003550797912526004, -0.003959615819738, -0.003975356705036364, -0.004581059188071155, -0.0007011847058777276, -0.004000545528935762, 0.000884309733935556, 0.0031196232638165153, -0.003330164525291169, 0.0001106881243501901, 0.0009407449276851944, -0.0034435234511055197, 0.0013664299779223216, -0.0038516863015489945, 0.0073392563813791415, -7.887181752231994e-06, 0.005197693769865952, -0.0022127018501953877, -0.0009122078575697276, 0.03226339651155467, 0.0011342234286715997, 0.010617251510425897, -0.00441147963360629, -0.0011115374945415697, 0.0010965428753916464, 0.006729635566388904, 0.002701305537018424, -0.004836877252053799, 0.00033344510966011365, -0.00045951122318495637, -0.003738071238141893, -0.004122767700951831, 0.0010740121266766213, 0.006236589251722827, -0.0044077549408601145, -0.0012541411210964001, 0.0034721302918783083, 0.0035731920138404615, 0.0025370733643377795, 0.009961566641868966, 0.002135155132071649, 0.011065612551417758, 0.004547364712229558, -0.004398904658125828, -0.00337143236132912, 0.0016544477841490763, 0.00022145900886024006, 0.004029661556401426, -0.0012496209789310234, 0.0077187042880668445, 0.009301051709027168, -0.00404586413602911, -0.004135505649686854, 0.0014060251994593958, -0.004012611063341933, -0.0008414534195428435, -0.004877977644425327, 0.00037163423868070587, 0.0015884664161964761, -0.0043412563698253465, -0.0006165918253870864, -0.001828882013239209, 0.0005935022494467725, -0.00391832950391741, -0.001667685500000919, -0.0016353229762877711, -0.0034168269462387115, 0.0004350752457060037, -0.001092790555910746, -0.003768739163481142, -0.003615111839024929, 0.002089320315644623, 0.012414504325927014, 0.0011665463530077115, -0.004253505220462591, 0.0005856178917385509, 0.00084457425863605, -0.004008342385722456, 0.0006019988591749764, -0.0036878099867974187, 0.004742250752331561, 0.00022365318845573624, -0.0003393853971551211, -0.004753008661903766, -0.003666979899117564, 0.03547854939278431, -0.005170839226480218, -0.0042979707372981756, -0.004842256274606524, 0.001371023025121974, -0.0018743387647668325, -0.0034549662388914785, -0.001406431126078865, 0.004867339690624891, -0.005189851364857557, 0.0490980984948338, 0.009478140007274663, -0.0047032774985944145, 0.008434900164570573, 0.009335534690451428]
Daily Returns: [0.004673999999999995, 0, 0, 0, 0, 0, 0, 0, 0, 0, 0, 0, 0, 0, -0.0008838687972417036, 0.004734076785290864, 0, 0, 0, 0, 0, 0, 0, 0, 0, 0, 0, 0, 0, 0, 0, 0.0043964629989152616, -0.003974443518675739, 0, -0.003633494755913598, 0, 0, 0, 0, 0, 0, -0.003527375457583958, 0, 0, 0, 0, 0, 0.005165136354468353, -0.004415480200851715, 0, 0, 0, 0, 0, 0.02469510187876698, 0, 0, 0, 0, 0, 0, 0, 0, 0, 0, 0, 0, 0, 0, 0, 0, 0, 0, 0, 0, 0, 0, 0, 0, 0, 0, 0, 0, 0, 0, 0, 0, 0, 0, 0, 0, 0, 0, -0.0025207169608794807, 0, 0, 0, 0, 0.0017016769500653186, -0.002235724192050845, 0, 0, 0, 0, 0, 0, 0, 0, 0, 0, 0.0045710191932189885, 0, 0, -0.00478377602214183, 0.005461039225299824, 0, -0.005562064858479148, 0, -0.003920792932388844, 0.0031837662905624016, 0, 0, -0.001793125957267737, -0.00559317445757698, 0, 0, -0.002533006891905999, 0, 0, 0, 0, -0.005631789198891809, 0, 0, 0, 0, 0, 0, 0, 0, 0, 0, 0, 0, 0, 0, 0, 0, 0, 0, 0, 0, 0, 0, 0.0014973419202119326, 0, 0, 0, 0, 0, 0, 0, 0, 0, 0, 0, 0, 0, 0.006460273679242854, 0, 0, 0.018206184618749958, 0, 0, 0, 0, 0, -0.001714436093717346, 0, 0, 0, 0, 0.0003178898317897667, 0, 0, 0, 0, 0, 0.004297899881022986, 0.005306001898547191, -4.222405619638023e-05, 0, 0, 0, -0.004188035500414578, 0, 0, 0, 0, 0, 0, 0, 0.0011655245361975662, -0.000543534826704889, 0, 0, -0.0032399862849569836, 0, 0, 0, 0.013755758943755567, 0, 0, 0, 0, 0, 0, 0, 0, 0, 0, 0, 0, 0, 0, 0, 0, 0, 0, 0, 0, 0, 0, 0, 0, 0, 0, 0, 0, 0, 0, 0, 0, 0, 0, 0, 0, 0, 0.0015402974604154947, 0, 0, 0, 0, 0, 0, 0, 0.0012219680156533793, 0, 0, 0, 0, 0, 0, -0.0004220339756360977, 0, 0, -0.00019398937242535823, -0.0030321010967435495, -0.00277043193552449, 0, 0, 0, 0, 0.001054960204210773, 0, 0, 0, 0, 0, 0, -0.0045068548918870835, 0, 0, 0, -0.0027877775537827783, 0.0015556620901706366, 0, 0, 0, 0, 0, 0, 0, 0, 0, 0, 0, 0, 0, 0, 0, 0, 0, 0, 0, 0, 0, 0, 0, 0, 0, 0, 0, 0, 0, 0, 0, 0, 0, 0, 0, 0, 0, 0, -0.004071503130520698, 0, 0, -0.002119351532476436, 0, 0, 0, 0, 0, 0.008816094067626049, -0.0034161718066597012, 0, 0, 0, 0, -0.003566834627697125, 0, 0.0025450976225279164, 0, 0, 0, 0, 0, 0.0020829582653371422, -0.004991799462570192, 0, 0, 0, 0, 0, -0.005121035575617078, 0, 0, 0, 0, 0.0026152039063030903, 0, 0, 0, 0, 0.0012431934192079267, -0.0015940028125262526, 0, 0, 0, 0, 0, 0, 0, 0, 0, 0, 0, 0, 0, 0, 0, 0, 0, 0, 0, 0, 0, 0, 0, 0, 0, 0, 0, 0, 0, 0, 0, 0, -0.003550797912526004, 0, 0, 0, 0, 0, 0, 0, 0, 0, 0, 0, 0, -0.012516031712845519, 0, 0, 0, 0, -0.0007011847058777276, 0, 0, 0, 0, 0, 0, -0.004000545528935762, 0, 0, 0, 0, 0.004003932997752071, 0, -0.003330164525291169, 0, 0, 0, 0, 0, 0, 0, 0, 0, 0, 0, 0.0001106881243501901, 0, 0.0009407449276851944, 0, 0, 0, 0, 0, 0, 0, 0, 0, 0, 0, 0, 0, 0, 0, 0, 0, 0, 0, 0, 0, 0, 0, 0, 0, 0, 0, 0, -0.0034435234511055197, 0, 0, 0, 0, 0, 0.0013664299779223216, 0, 0, 0, 0, 0, 0, -0.0038516863015489945, 0, 0, 0, 0, 0, 0, 0, 0.0073392563813791415, 0, 0, 0, 0, 0, 0, 0, 0, 0, 0, 0, 0, 0, -7.887181752231994e-06, 0, 0.005197693769865952, 0, 0, -0.0022127018501953877, 0, 0, 0, 0, 0, -0.0009122078575697276, 0, 0, 0, 0, 0.03226339651155467, 0, 0, 0, 0, 0, 0, 0, 0, 0, 0, 0, 0, 0, 0, 0, 0, 0, 0, 0, 0, 0, 0, 0, 0, 0, 0, 0, 0, 0, 0, 0, 0, 0, 0.0011342234286715997, 0, 0.010617251510425897, 0, 0, 0, 0, 0, 0, 0, 0, 0, -0.00441147963360629, 0, 0, 0, 0, 0, 0, 0, 0, 0, 0, 0, 0, 0, 0, -1.4994619149923333e-05, 0, 0, 0.006729635566388904, 0, 0.002701305537018424, 0, 0, 0, 0, 0, 0, 0, 0, -0.004836877252053799, 0, 0, 0, 0, 0, 0, 0, 0, 0, 0, 0, 0, 0, 0, 0, 0, 0, 0, 0, 0, 0, 0, 0, 0, 0, 0, 0, 0, 0, 0.00033344510966011365, -0.00045951122318495637, 0, 0, -0.003738071238141893, 0, -0.004122767700951831, 0, 0, 0, 0, 0, 0.0010740121266766213, 0, 0, 0, 0, 0.0018288343108627128, -0.0012541411210964001, 0, 0, 0.0070453223057187694, 0, 0, 0, 0, 0, 0.0025370733643377795, 0, 0, 0, 0, 0, 0, 0, 0, 0.009961566641868966, 0.002135155132071649, 0, 0, 0, 0, 0, 0, 0, 0, 0, 0, 0.011065612551417758, 0, 0, 0, 0, 0, 0, 0, 0, 0, 0, 0, 0, 0, 0, 0, 0, 0, 0, 0, 0, 0, 0, 0, 0, 0, 0, 0, 0, 0, 0, 0, 0, 0, 0, 0.004547364712229558, -0.004398904658125828, 0, 0, 0, 0, 0, 0, 0, 0, 0, 0, -0.00337143236132912, 0.0018759067930093163, 0, 0, 0.0027800405774704028, 0, 0, 0, 0, 0, 0, 0, 0, 0.0077187042880668445, 0, 0, 0, 0.009301051709027168, -0.00404586413602911, 0, 0, 0, 0, 0, 0, 0, -0.004135505649686854, 0, 0.0014060251994593958, -0.004012611063341933, -0.0008414534195428435, -0.004877977644425327, 0, 0, 0, 0, 0, 0, 0, 0, 0, 0, 0, 0, 0, 0, 0, 0, 0, 0, 0, 0, 0, 0, 0, 0, 0, 0, 0, 0, 0, 0, 0, 0, 0, 0, 0.00037163423868070587, 0.0015884664161964761, 0, 0, 0, 0, 0, 0, 0, 0, 0, 0, 0, 0, -0.0043412563698253465, 0, 0, 0, -0.0006165918253870864, -0.001828882013239209, 0.0005935022494467725, 0, 0, 0, 0, 0, -0.00391832950391741, 0, 0, 0, -0.001667685500000919, -0.0016353229762877711, 0, 0, 0, 0, 0, 0, 0, 0, -0.0034168269462387115, 0, 0, 0, 0.0004350752457060037, 0, 0, 0, 0, 0, 0, 0, 0, 0, 0, 0, 0, 0, 0, 0, 0, 0, 0, 0, 0, 0, 0, 0, 0, 0, 0, 0, 0, 0, 0, 0, 0, 0, 0, 0, 0, 0, 0, -0.001092790555910746, 0, 0, 0, 0, 0, 0, -0.003768739163481142, 0, 0, -0.003615111839024929, 0, 0, 0, 0, 0, 0, 0, 0, 0, 0.002089320315644623, 0.012414504325927014, 0, 0.0011665463530077115, 0, 0, 0, -0.004253505220462591, 0, 0.0005856178917385509, 0, 0, 0, 0, 0, 0, 0.00084457425863605, 0, 0, 0, 0, 0, 0, 0, 0, 0, 0, 0, 0, 0, 0, 0, 0, 0, 0, 0, 0, 0, 0, 0, 0, 0, 0, 0, 0, 0, 0, 0, -0.004008342385722456, 0.0006019988591749764, 0, 0, 0, 0, 0, 0, 0, 0, 0, 0, 0, 0, 0, 0, 0, 0, -0.0036878099867974187, 0, 0, 0, 0, 0, 0, 0, 0, 0.004742250752331561, 0, 0, 0, 0, 0, 0.00022365318845573624, 0, 0, 0, 0, 0, 0, -0.0003393853971551211, 0, 0, 0, 0, 0, 0, -0.004753008661903766, 0, 0, 0, 0, -0.003666979899117564, 0.03547854939278431, 0, 0, 0, 0, 0, 0, 0, 0, 0, 0, 0, 0, 0, 0, 0, 0, 0, 0, 0, 0, 0, 0, 0, 0, 0, 0, 0, 0, 0, 0, 0, 0, 0, -0.005170839226480218, 0, -0.0042979707372981756, -0.004842256274606524, 0, 0, 0, 0, 0, 0, 0, 0, 0.001371023025121974, 0, 0, 0, 0, 0, 0, 0, 0, -0.0018743387647668325, 0, 0, -0.0034549662388914785, 0, 0, 0, 0, 0, 0, 0, -0.001406431126078865, 0, 0, 0, 0.004867339690624891, 0, 0, 0, 0, -0.005189851364857557, 0.0490980984948338, 0, 0, 0, 0, 0, 0, 0, 0, 0, 0, 0, 0, 0, 0, 0, 0, 0, 0, 0, 0, 0, 0, 0, 0, 0, 0, 0, 0, 0, 0, 0, 0, 0, 0, 0, 0, 0, 0.009478140007274663, 0, 0, 0, 0.0037316226659761583, 0, 0, 0.009335534690451428, 0]
Start Date: 2021-12-17
End Date: 2025-07-11
Sharpe Ratio: 0.051
Annualized Sharpe: 0.809
Sharpe 95% CI: (np.float64(-0.108), np.float64(1.47))
Sortino Ratio: 0.074
CAGR: 0.035
Calmar Ratio: 0.812
Daily Win Rate (%): 0.473
Max Drawdown: 0.043
Profit Factor: 1.567
Expectancy: 0.000923
Average Win: 0.005393
Average Loss: 0.003094
Total Trades: 169
Total Days: 1117

Rolling 10 - Variant 3 - atr_0.5_10 - Test Metrics
Contracts: [3, 4, 4, 3, 3, 3, 3, 3, 3, 3, 2, 1, 2, 1, 1, 2, 2, 2, 2, 2, 2, 2, 1, 2, 1, 2, 2, 1, 1, 1, 2, 2, 2, 2, 2, 2, 2, 2, 2, 2, 2, 2, 3, 2, 2, 2, 2, 2, 3, 3, 3, 2, 2, 3, 3, 4, 3, 3, 3, 3, 3, 4, 4, 4, 4, 3, 3, 4, 3, 3, 3, 5, 5, 5, 5, 4, 3, 3, 4, 4, 4, 4, 3, 5, 4, 4, 3, 4, 4, 5, 4, 3, 4, 3, 4, 3, 5, 3, 4, 4, 5, 4, 3, 4, 4, 4, 4, 4, 3, 4, 6, 7, 8, 5, 5, 5, 5, 6, 5, 5, 6, 6, 6, 7, 7, 6, 6, 7, 7, 6, 6, 6, 5, 3, 4, 4, 6, 3, 3, 3, 3, 4, 5, 5, 4, 4, 6, 6, 6, 5, 5, 3, 7, 7, 7, 5, 8, 5, 2, 4, 4, 5, 3, 5, 6, 6, 7, 7, 7, 6, 6, 8, 7, 7, 7, 4, 7, 8, 8, 7, 7, 5, 7, 7]
Trade Returns: [0.0006597972154495938, 0.0008139001787489256, 0.0022509886678504566, -0.0004313834913646953, 0.003644366046428051, -0.004550860602379009, -0.0004182551219111126, 0.00845091677356075, -0.001850151345100841, -0.004102410336438538, 0.0004670147323475362, -0.004320862052161545, -0.001511222544692683, 0.0003491391913041882, 0.0034781382761982322]
Daily Returns: [0, 0.0006597972154495938, 0.0008139001787489256, 0, 0, 0, 0, 0.0022509886678504566, 0, 0, 0.0032129825550633556, 0, 0, -0.004550860602379009, 0, 0, 0, 0, 0, 0, -0.0004182551219111126, 0, 0, 0, 0, 0, 0, 0, 0, 0.00845091677356075, 0, -0.001850151345100841, 0, 0, 0, 0, 0, 0, 0, 0, 0, 0, 0, 0, 0, 0, 0, 0, 0, 0, 0, 0, 0, 0, 0, 0, 0, 0, 0, 0, 0, 0, 0, -0.004102410336438538, 0, 0, 0, 0, 0.0004670147323475362, 0, 0, 0, 0, 0, -0.004320862052161545, 0, 0, 0, 0, 0, 0, 0, 0, 0, 0, 0, 0, 0, -0.001511222544692683, 0, 0, 0, 0, 0, 0, 0, 0, 0, 0.0038272774675024205, 0, 0]
Start Date: 2025-07-13
End Date: 2025-11-06
Sharpe Ratio: 0.023
Annualized Sharpe: 0.359
Sharpe 95% CI: (np.float64(-3.022), np.float64(3.122))
Sortino Ratio: 0.017
CAGR: 0.007
Calmar Ratio: 0.632
Daily Win Rate (%): 0.533
Max Drawdown: 0.011
Profit Factor: 1.17
Expectancy: 0.000195
Average Win: 0.002514
Average Loss: 0.002455
Total Trades: 15
Total Days: 101



Rolling 10 - Variant 4 - atr_0.5_11 - Fit Metrics
Contracts: [3, 4, 4, 3, 3, 3, 3, 3, 3, 3, 2, 1, 2, 1, 1, 2, 2, 2, 2, 2, 2, 2, 1, 2, 1, 2, 2, 1, 1, 1, 2, 2, 2, 2, 2, 2, 2, 2, 2, 2, 2, 2, 3, 2, 2, 2, 2, 2, 3, 3, 3, 2, 2, 3, 3, 4, 3, 3, 3, 3, 3, 4, 4, 4, 4, 3, 3, 4, 3, 3, 3, 5, 5, 5, 5, 4, 3, 3, 4, 4, 4, 4, 3, 5, 4, 4, 3, 4, 4, 5, 4, 3, 4, 3, 4, 3, 5, 3, 4, 4, 5, 4, 3, 4, 4, 4, 4, 4, 3, 4, 6, 7, 8, 5, 5, 5, 5, 6, 5, 5, 6, 6, 6, 7, 7, 6, 6, 7, 7, 6, 6, 6, 5, 3, 4, 4, 6, 3, 3, 3, 3, 4, 5, 5, 4, 4, 6, 6, 6, 5, 5, 3, 7, 7, 7, 5, 8, 5, 2, 4, 4, 5, 3, 5, 6, 6, 7, 7, 7, 6, 6, 8, 7, 7, 7, 4, 7, 8, 8, 7, 7, 5, 7, 7]
Trade Returns: [0.004673999999999995, -0.0008838687972417036, 0.004734076785290864, 0.0043964629989152616, -0.003974443518675739, -0.003633494755913598, -0.003527375457583958, 0.004246636332599267, 0.0009185000218690859, -0.004415480200851715, 0.02469510187876698, -0.0025207169608794807, 0.0017016769500653186, -0.002235724192050845, 0.0045710191932189885, -0.00478377602214183, 0.005461039225299824, -0.005562064858479148, -0.003920792932388844, 0.0031837662905624016, -0.001793125957267737, -0.00559317445757698, -0.002533006891905999, -0.005631789198891809, 0.0014973419202119326, 0.006460273679242854, 0.02050550563369458, -0.0022993210149446206, -0.001714436093717346, 0.0003178898317897667, 0.004297899881022986, 0.0064983676903010695, -0.0011923657917538783, -4.222405619638023e-05, -0.004188035500414578, 0.004697929673649957, -0.004319223613801566, 0.000786818476349175, -0.000543534826704889, -0.0032399862849569836, 0.013755758943755567, 0.0015402974604154947, 0.0012219680156533793, -0.0004220339756360977, -0.00019398937242535823, -0.0030473654175385174, 1.526432079496798e-05, -0.00277043193552449, -0.0016703210919652438, 0.002725281296176017, -0.0045068548918870835, -0.0027877775537827783, 0.0015556620901706366, -0.004071503130520698, -0.002119351532476436, 0.0008397105331190057, 0.007976383534507043, -0.0034161718066597012, -0.003566834627697125, 0.0006132814243654865, 0.0019318161981624299, 0.0020829582653371422, -0.004991799462570192, -0.0038048910637261397, -0.0013161445118909376, 0.0026152039063030903, 0.0012431934192079267, 0.0031714568880079246, -0.004765459700534177, -0.003550797912526004, -0.003959615819738, -0.003975356705036364, -0.004581059188071155, -0.0007011847058777276, -0.004000545528935762, 0.000884309733935556, 0.0031196232638165153, -0.003330164525291169, 0.0001106881243501901, 0.0009407449276851944, -0.0034435234511055197, 0.0013664299779223216, -0.0038516863015489945, 0.0073392563813791415, -7.887181752231994e-06, 0.005197693769865952, -0.0022127018501953877, -0.0009122078575697276, 0.03226339651155467, 0.0011342234286715997, 0.010617251510425897, -0.00441147963360629, -0.0011115374945415697, 0.0010965428753916464, 0.006729635566388904, 0.002701305537018424, -0.004836877252053799, 0.00033344510966011365, -0.00045951122318495637, -0.003738071238141893, -0.004122767700951831, 0.0010740121266766213, 0.006236589251722827, -0.0044077549408601145, -0.0012541411210964001, 0.0034721302918783083, 0.0035731920138404615, 0.0025370733643377795, 0.009961566641868966, 0.002135155132071649, 0.011065612551417758, 0.004547364712229558, -0.004398904658125828, -0.00337143236132912, 0.0016544477841490763, 0.00022145900886024006, 0.004029661556401426, -0.0012496209789310234, 0.0077187042880668445, 0.009301051709027168, -0.00404586413602911, -0.004135505649686854, 0.0014060251994593958, -0.004012611063341933, -0.0008414534195428435, -0.004877977644425327, 0.00037163423868070587, 0.0015884664161964761, -0.0043412563698253465, -0.0006165918253870864, -0.001828882013239209, 0.0005935022494467725, -0.00391832950391741, -0.001667685500000919, -0.0016353229762877711, -0.0034168269462387115, 0.0004350752457060037, -0.001092790555910746, -0.003768739163481142, -0.003615111839024929, 0.002089320315644623, 0.012414504325927014, 0.0011665463530077115, -0.004253505220462591, 0.0005856178917385509, 0.00084457425863605, -0.004008342385722456, 0.0006019988591749764, -0.0036878099867974187, 0.004742250752331561, 0.00022365318845573624, -0.0003393853971551211, -0.004753008661903766, -0.003666979899117564, 0.03547854939278431, -0.005170839226480218, -0.0042979707372981756, -0.004842256274606524, 0.001371023025121974, -0.0018743387647668325, -0.0034549662388914785, -0.001406431126078865, 0.004867339690624891, -0.005189851364857557, 0.05402007502788202, 0.009433879766129335, -0.004681519778641391, 0.0083956961395116, 0.009292505921102534]
Daily Returns: [0.004673999999999995, 0, 0, 0, 0, 0, 0, 0, 0, 0, 0, 0, 0, 0, -0.0008838687972417036, 0.004734076785290864, 0, 0, 0, 0, 0, 0, 0, 0, 0, 0, 0, 0, 0, 0, 0, 0.0043964629989152616, -0.003974443518675739, 0, -0.003633494755913598, 0, 0, 0, 0, 0, 0, -0.003527375457583958, 0, 0, 0, 0, 0, 0.005165136354468353, -0.004415480200851715, 0, 0, 0, 0, 0, 0.02469510187876698, 0, 0, 0, 0, 0, 0, 0, 0, 0, 0, 0, 0, 0, 0, 0, 0, 0, 0, 0, 0, 0, 0, 0, 0, 0, 0, 0, 0, 0, 0, 0, 0, 0, 0, 0, 0, 0, 0, -0.0025207169608794807, 0, 0, 0, 0, 0.0017016769500653186, -0.002235724192050845, 0, 0, 0, 0, 0, 0, 0, 0, 0, 0, 0.0045710191932189885, 0, 0, -0.00478377602214183, 0.005461039225299824, 0, -0.005562064858479148, 0, -0.003920792932388844, 0.0031837662905624016, 0, 0, -0.001793125957267737, -0.00559317445757698, 0, 0, -0.002533006891905999, 0, 0, 0, 0, -0.005631789198891809, 0, 0, 0, 0, 0, 0, 0, 0, 0, 0, 0, 0, 0, 0, 0, 0, 0, 0, 0, 0, 0, 0, 0.0014973419202119326, 0, 0, 0, 0, 0, 0, 0, 0, 0, 0, 0, 0, 0, 0.006460273679242854, 0, 0, 0.018206184618749958, 0, 0, 0, 0, 0, -0.001714436093717346, 0, 0, 0, 0, 0.0003178898317897667, 0, 0, 0, 0, 0, 0.004297899881022986, 0.005306001898547191, -4.222405619638023e-05, 0, 0, 0, -0.004188035500414578, 0, 0, 0, 0, 0, 0, 0, 0.0011655245361975662, -0.000543534826704889, 0, 0, -0.0032399862849569836, 0, 0, 0, 0.013755758943755567, 0, 0, 0, 0, 0, 0, 0, 0, 0, 0, 0, 0, 0, 0, 0, 0, 0, 0, 0, 0, 0, 0, 0, 0, 0, 0, 0, 0, 0, 0, 0, 0, 0, 0, 0, 0, 0, 0.0015402974604154947, 0, 0, 0, 0, 0, 0, 0, 0.0012219680156533793, 0, 0, 0, 0, 0, 0, -0.0004220339756360977, 0, 0, -0.00019398937242535823, -0.0030321010967435495, -0.00277043193552449, 0, 0, 0, 0, 0.001054960204210773, 0, 0, 0, 0, 0, 0, -0.0045068548918870835, 0, 0, 0, -0.0027877775537827783, 0.0015556620901706366, 0, 0, 0, 0, 0, 0, 0, 0, 0, 0, 0, 0, 0, 0, 0, 0, 0, 0, 0, 0, 0, 0, 0, 0, 0, 0, 0, 0, 0, 0, 0, 0, 0, 0, 0, 0, 0, 0, -0.004071503130520698, 0, 0, -0.002119351532476436, 0, 0, 0, 0, 0, 0.008816094067626049, -0.0034161718066597012, 0, 0, 0, 0, -0.003566834627697125, 0, 0.0025450976225279164, 0, 0, 0, 0, 0, 0.0020829582653371422, -0.004991799462570192, 0, 0, 0, 0, 0, -0.005121035575617078, 0, 0, 0, 0, 0.0026152039063030903, 0, 0, 0, 0, 0.0012431934192079267, -0.0015940028125262526, 0, 0, 0, 0, 0, 0, 0, 0, 0, 0, 0, 0, 0, 0, 0, 0, 0, 0, 0, 0, 0, 0, 0, 0, 0, 0, 0, 0, 0, 0, 0, 0, -0.003550797912526004, 0, 0, 0, 0, 0, 0, 0, 0, 0, 0, 0, 0, -0.012516031712845519, 0, 0, 0, 0, -0.0007011847058777276, 0, 0, 0, 0, 0, 0, -0.004000545528935762, 0, 0, 0, 0, 0.004003932997752071, 0, -0.003330164525291169, 0, 0, 0, 0, 0, 0, 0, 0, 0, 0, 0, 0.0001106881243501901, 0, 0.0009407449276851944, 0, 0, 0, 0, 0, 0, 0, 0, 0, 0, 0, 0, 0, 0, 0, 0, 0, 0, 0, 0, 0, 0, 0, 0, 0, 0, 0, 0, -0.0034435234511055197, 0, 0, 0, 0, 0, 0.0013664299779223216, 0, 0, 0, 0, 0, 0, -0.0038516863015489945, 0, 0, 0, 0, 0, 0, 0, 0.0073392563813791415, 0, 0, 0, 0, 0, 0, 0, 0, 0, 0, 0, 0, 0, -7.887181752231994e-06, 0, 0.005197693769865952, 0, 0, -0.0022127018501953877, 0, 0, 0, 0, 0, -0.0009122078575697276, 0, 0, 0, 0, 0.03226339651155467, 0, 0, 0, 0, 0, 0, 0, 0, 0, 0, 0, 0, 0, 0, 0, 0, 0, 0, 0, 0, 0, 0, 0, 0, 0, 0, 0, 0, 0, 0, 0, 0, 0, 0.0011342234286715997, 0, 0.010617251510425897, 0, 0, 0, 0, 0, 0, 0, 0, 0, -0.00441147963360629, 0, 0, 0, 0, 0, 0, 0, 0, 0, 0, 0, 0, 0, 0, -1.4994619149923333e-05, 0, 0, 0.006729635566388904, 0, 0.002701305537018424, 0, 0, 0, 0, 0, 0, 0, 0, -0.004836877252053799, 0, 0, 0, 0, 0, 0, 0, 0, 0, 0, 0, 0, 0, 0, 0, 0, 0, 0, 0, 0, 0, 0, 0, 0, 0, 0, 0, 0, 0, 0.00033344510966011365, -0.00045951122318495637, 0, 0, -0.003738071238141893, 0, -0.004122767700951831, 0, 0, 0, 0, 0, 0.0010740121266766213, 0, 0, 0, 0, 0.0018288343108627128, -0.0012541411210964001, 0, 0, 0.0070453223057187694, 0, 0, 0, 0, 0, 0.0025370733643377795, 0, 0, 0, 0, 0, 0, 0, 0, 0.009961566641868966, 0.002135155132071649, 0, 0, 0, 0, 0, 0, 0, 0, 0, 0, 0.011065612551417758, 0, 0, 0, 0, 0, 0, 0, 0, 0, 0, 0, 0, 0, 0, 0, 0, 0, 0, 0, 0, 0, 0, 0, 0, 0, 0, 0, 0, 0, 0, 0, 0, 0, 0, 0.004547364712229558, -0.004398904658125828, 0, 0, 0, 0, 0, 0, 0, 0, 0, 0, -0.00337143236132912, 0.0018759067930093163, 0, 0, 0.0027800405774704028, 0, 0, 0, 0, 0, 0, 0, 0, 0.0077187042880668445, 0, 0, 0, 0.009301051709027168, -0.00404586413602911, 0, 0, 0, 0, 0, 0, 0, -0.004135505649686854, 0, 0.0014060251994593958, -0.004012611063341933, -0.0008414534195428435, -0.004877977644425327, 0, 0, 0, 0, 0, 0, 0, 0, 0, 0, 0, 0, 0, 0, 0, 0, 0, 0, 0, 0, 0, 0, 0, 0, 0, 0, 0, 0, 0, 0, 0, 0, 0, 0, 0.00037163423868070587, 0.0015884664161964761, 0, 0, 0, 0, 0, 0, 0, 0, 0, 0, 0, 0, -0.0043412563698253465, 0, 0, 0, -0.0006165918253870864, -0.001828882013239209, 0.0005935022494467725, 0, 0, 0, 0, 0, -0.00391832950391741, 0, 0, 0, -0.001667685500000919, -0.0016353229762877711, 0, 0, 0, 0, 0, 0, 0, 0, -0.0034168269462387115, 0, 0, 0, 0.0004350752457060037, 0, 0, 0, 0, 0, 0, 0, 0, 0, 0, 0, 0, 0, 0, 0, 0, 0, 0, 0, 0, 0, 0, 0, 0, 0, 0, 0, 0, 0, 0, 0, 0, 0, 0, 0, 0, 0, 0, -0.001092790555910746, 0, 0, 0, 0, 0, 0, -0.003768739163481142, 0, 0, -0.003615111839024929, 0, 0, 0, 0, 0, 0, 0, 0, 0, 0.002089320315644623, 0.012414504325927014, 0, 0.0011665463530077115, 0, 0, 0, -0.004253505220462591, 0, 0.0005856178917385509, 0, 0, 0, 0, 0, 0, 0.00084457425863605, 0, 0, 0, 0, 0, 0, 0, 0, 0, 0, 0, 0, 0, 0, 0, 0, 0, 0, 0, 0, 0, 0, 0, 0, 0, 0, 0, 0, 0, 0, 0, -0.004008342385722456, 0.0006019988591749764, 0, 0, 0, 0, 0, 0, 0, 0, 0, 0, 0, 0, 0, 0, 0, 0, -0.0036878099867974187, 0, 0, 0, 0, 0, 0, 0, 0, 0.004742250752331561, 0, 0, 0, 0, 0, 0.00022365318845573624, 0, 0, 0, 0, 0, 0, -0.0003393853971551211, 0, 0, 0, 0, 0, 0, -0.004753008661903766, 0, 0, 0, 0, -0.003666979899117564, 0.03547854939278431, 0, 0, 0, 0, 0, 0, 0, 0, 0, 0, 0, 0, 0, 0, 0, 0, 0, 0, 0, 0, 0, 0, 0, 0, 0, 0, 0, 0, 0, 0, 0, 0, 0, -0.005170839226480218, 0, -0.0042979707372981756, -0.004842256274606524, 0, 0, 0, 0, 0, 0, 0, 0, 0.001371023025121974, 0, 0, 0, 0, 0, 0, 0, 0, -0.0018743387647668325, 0, 0, -0.0034549662388914785, 0, 0, 0, 0, 0, 0, 0, -0.001406431126078865, 0, 0, 0, 0.004867339690624891, 0, 0, 0, 0, -0.005189851364857557, 0.05402007502788202, 0, 0, 0, 0, 0, 0, 0, 0, 0, 0, 0, 0, 0, 0, 0, 0, 0, 0, 0, 0, 0, 0, 0, 0, 0, 0, 0, 0, 0, 0, 0, 0, 0, 0, 0, 0, 0, 0.009433879766129335, 0, 0, 0, 0.0037141763608702083, 0, 0, 0.009292505921102534, 0]
Start Date: 2021-12-17
End Date: 2025-07-11
Sharpe Ratio: 0.051
Annualized Sharpe: 0.81
Sharpe 95% CI: (np.float64(-0.105), np.float64(1.46))
Sortino Ratio: 0.076
CAGR: 0.036
Calmar Ratio: 0.837
Daily Win Rate (%): 0.473
Max Drawdown: 0.043
Profit Factor: 1.584
Expectancy: 0.000952
Average Win: 0.005453
Average Loss: 0.003094
Total Trades: 169
Total Days: 1117

Rolling 10 - Variant 4 - atr_0.5_11 - Test Metrics
Contracts: [3, 4, 4, 3, 3, 3, 3, 3, 3, 3, 2, 1, 2, 1, 1, 2, 2, 2, 2, 2, 2, 2, 1, 2, 1, 2, 2, 1, 1, 1, 2, 2, 2, 2, 2, 2, 2, 2, 2, 2, 2, 2, 3, 2, 2, 2, 2, 2, 3, 3, 3, 2, 2, 3, 3, 4, 3, 3, 3, 3, 3, 4, 4, 4, 4, 3, 3, 4, 3, 3, 3, 5, 5, 5, 5, 4, 3, 3, 4, 4, 4, 4, 3, 5, 4, 4, 3, 4, 4, 5, 4, 3, 4, 3, 4, 3, 5, 3, 4, 4, 5, 4, 3, 4, 4, 4, 4, 4, 3, 4, 6, 7, 8, 5, 5, 5, 5, 6, 5, 5, 6, 6, 6, 7, 7, 6, 6, 7, 7, 6, 6, 6, 5, 3, 4, 4, 6, 3, 3, 3, 3, 4, 5, 5, 4, 4, 6, 6, 6, 5, 5, 3, 7, 7, 7, 5, 8, 5, 2, 4, 4, 5, 3, 5, 6, 6, 7, 7, 7, 6, 6, 8, 7, 7, 7, 4, 7, 8, 8, 7, 7, 5, 7, 7]
Trade Returns: [0.0006567841181390727, 0.0008101857786756677, 0.002240724136458696, -0.0004294207761269995, 0.0036277777304227613, -0.0045302210075197965, -0.00041634956982901887, 0.008412398728580694, -0.0018417889729656538, -0.004083833919564756, 0.00046489133803561295, -0.00430122534710225, -0.0015043249341857778, 0.00034754322889915106, 0.0034622447599961088]
Daily Returns: [0, 0.0006567841181390727, 0.0008101857786756677, 0, 0, 0, 0, 0.002240724136458696, 0, 0, 0.0031983569542957616, 0, 0, -0.0045302210075197965, 0, 0, 0, 0, 0, 0, -0.00041634956982901887, 0, 0, 0, 0, 0, 0, 0, 0, 0.008412398728580694, 0, -0.0018417889729656538, 0, 0, 0, 0, 0, 0, 0, 0, 0, 0, 0, 0, 0, 0, 0, 0, 0, 0, 0, 0, 0, 0, 0, 0, 0, 0, 0, 0, 0, 0, 0, -0.004083833919564756, 0, 0, 0, 0, 0.00046489133803561295, 0, 0, 0, 0, 0, -0.00430122534710225, 0, 0, 0, 0, 0, 0, 0, 0, 0, 0, 0, 0, 0, -0.0015043249341857778, 0, 0, 0, 0, 0, 0, 0, 0, 0, 0.0038097879888952598, 0, 0]
Start Date: 2025-07-13
End Date: 2025-11-06
Sharpe Ratio: 0.023
Annualized Sharpe: 0.359
Sharpe 95% CI: (np.float64(-3.022), np.float64(3.122))
Sortino Ratio: 0.017
CAGR: 0.007
Calmar Ratio: 0.632
Daily Win Rate (%): 0.533
Max Drawdown: 0.011
Profit Factor: 1.17
Expectancy: 0.000194
Average Win: 0.002503
Average Loss: 0.002444
Total Trades: 15
Total Days: 101

========== Variant Appearance Count (FIT Rankings) ==========
atr_0.25_13: 8 times
atr_0.25_15: 8 times
atr_0.25_12: 7 times
atr_0.25_14: 7 times
atr_0.25_20: 7 times
atr_0.25_4: 2 times
atr_0.25_9: 2 times
atr_0.25_10: 2 times
atr_0.25_3: 2 times
atr_0.5_9: 2 times
atr_0.5_10: 2 times
atr_0.5_11: 2 times
atr_0.25_7: 1 times
atr_0.25_8: 1 times
atr_0.5_12: 1 times
atr_0.5_13: 1 times

============================================
BEST VARIANT:atr_0.25_13
Total Fit (top 5) Appearances: 8
============================================

========== Best Variant Detailed Metrics ==========

Variant Name: atr_0.25_13
---------------------------------------------------

================ Rolling 1 ================

--- TEST Metrics ---
Start Date: 2022-04-15
End Date:   2025-11-06
Sharpe Ratio:        0.041
Annualized Sharpe:   0.653
Sortino Ratio:       0.086
Calmar Ratio:        0.351
CAGR:                0.019
Sharpe 95% CI:       (np.float64(-0.301), np.float64(1.346))
Daily Win Rate (%):  0.388
Max Drawdown:        0.053
Profit Factor:       1.402
Expectancy:          0.000491
Average Win:         0.00
Average Loss:        0.00

================ Rolling 2 ================

--- TEST Metrics ---
Start Date: 2022-08-12
End Date:   2025-11-06
Sharpe Ratio:        0.033
Annualized Sharpe:   0.525
Sortino Ratio:       0.067
Calmar Ratio:        0.271
CAGR:                0.014
Sharpe 95% CI:       (np.float64(-0.536), np.float64(1.254))
Daily Win Rate (%):  0.386
Max Drawdown:        0.053
Profit Factor:       1.328
Expectancy:          0.000407
Average Win:         0.00
Average Loss:        0.00

================ Rolling 3 ================

--- TEST Metrics ---
Start Date: 2022-12-09
End Date:   2025-11-06
Sharpe Ratio:        0.033
Annualized Sharpe:   0.53
Sortino Ratio:       0.07
Calmar Ratio:        0.278
CAGR:                0.015
Sharpe 95% CI:       (np.float64(-0.614), np.float64(1.278))
Daily Win Rate (%):  0.389
Max Drawdown:        0.053
Profit Factor:       1.333
Expectancy:          0.000416
Average Win:         0.00
Average Loss:        0.00

================ Rolling 4 ================

--- TEST Metrics ---
Start Date: 2023-04-07
End Date:   2025-11-06
Sharpe Ratio:        0.041
Annualized Sharpe:   0.645
Sortino Ratio:       0.086
Calmar Ratio:        0.355
CAGR:                0.019
Sharpe 95% CI:       (np.float64(-0.524), np.float64(1.446))
Daily Win Rate (%):  0.395
Max Drawdown:        0.053
Profit Factor:       1.44
Expectancy:          0.000539
Average Win:         0.00
Average Loss:        0.00

================ Rolling 5 ================

--- TEST Metrics ---
Start Date: 2023-08-04
End Date:   2025-11-06
Sharpe Ratio:        0.047
Annualized Sharpe:   0.746
Sortino Ratio:       0.136
Calmar Ratio:        0.431
CAGR:                0.023
Sharpe 95% CI:       (np.float64(-0.441), np.float64(1.545))
Daily Win Rate (%):  0.394
Max Drawdown:        0.053
Profit Factor:       1.528
Expectancy:          0.000655
Average Win:         0.00
Average Loss:        0.00

================ Rolling 6 ================

--- TEST Metrics ---
Start Date: 2023-12-01
End Date:   2025-11-06
Sharpe Ratio:        0.028
Annualized Sharpe:   0.444
Sortino Ratio:       0.068
Calmar Ratio:        0.219
CAGR:                0.012
Sharpe 95% CI:       (np.float64(-1.05), np.float64(1.392))
Daily Win Rate (%):  0.379
Max Drawdown:        0.053
Profit Factor:       1.261
Expectancy:          0.00033
Average Win:         0.00
Average Loss:        0.00

================ Rolling 7 ================

--- TEST Metrics ---
Start Date: 2024-03-28
End Date:   2025-11-06
Sharpe Ratio:        0.019
Annualized Sharpe:   0.297
Sortino Ratio:       0.051
Calmar Ratio:        0.145
CAGR:                0.008
Sharpe 95% CI:       (np.float64(-1.575), np.float64(1.329))
Daily Win Rate (%):  0.375
Max Drawdown:        0.053
Profit Factor:       1.173
Expectancy:          0.000223
Average Win:         0.00
Average Loss:        0.00

================ Rolling 8 ================

--- TEST Metrics ---
Start Date: 2024-07-24
End Date:   2025-11-06
Sharpe Ratio:        0.024
Annualized Sharpe:   0.375
Sortino Ratio:       0.091
Calmar Ratio:        0.238
CAGR:                0.01
Sharpe 95% CI:       (np.float64(-1.863), np.float64(1.46))
Daily Win Rate (%):  0.365
Max Drawdown:        0.043
Profit Factor:       1.242
Expectancy:          0.000323
Average Win:         0.00
Average Loss:        0.00

================ Rolling 9 ================

--- TEST Metrics ---
Start Date: 2024-11-19
End Date:   2025-11-06
Sharpe Ratio:        0.054
Annualized Sharpe:   0.852
Sortino Ratio:       0.203
Calmar Ratio:        0.925
CAGR:                0.027
Sharpe 95% CI:       (np.float64(-1.49), np.float64(1.975))
Daily Win Rate (%):  0.395
Max Drawdown:        0.029
Profit Factor:       1.664
Expectancy:          0.00085
Average Win:         0.01
Average Loss:        0.00

================ Rolling 10 ================

--- TEST Metrics ---
Start Date: 2025-03-17
End Date:   2025-11-06
Sharpe Ratio:        0.089
Annualized Sharpe:   1.412
Sortino Ratio:       0.337
Calmar Ratio:        3.067
CAGR:                0.054
Sharpe 95% CI:       (np.float64(-1.057), np.float64(2.693))
Daily Win Rate (%):  0.448
Max Drawdown:        0.018
Profit Factor:       2.287
Expectancy:          0.001468
Average Win:         0.01
Average Loss:        0.00

================ Rolling 11 ================

--- TEST Metrics ---
Start Date: 2025-07-13
End Date:   2025-11-06
Sharpe Ratio:        0.068
Annualized Sharpe:   1.081
Sortino Ratio:       0.096
Calmar Ratio:        2.245
CAGR:                0.02
Sharpe 95% CI:       (np.float64(-2.686), np.float64(3.38))
Daily Win Rate (%):  0.533
Max Drawdown:        0.009
Profit Factor:       1.647
Expectancy:          0.000539
Average Win:         0.00
Average Loss:        0.00
