Rolling 0 - Variant 0 - 10_8 - Fit Metrics
Trade Returns: [-151.5, 986, 986, -151.5, -151.5, -151.5, 986, -151.5, -151.5, -151.5, -151.5, 986, -151.5, -151.5, -151.5, -151.5, -151.5, -151.5, -151.5, -151.5, -151.5, -151.5, 986, -151.5, -151.5, -151.5, -151.5, -151.5, -151.5, -151.5, 173.5000000000071, -151.5, -151.5, -151.5, -151.5, 986, -151.5, -151.5, 411.0000000000087, -151.5, -151.5, -151.5, 986, -151.5, -151.5, -151.5, -151.5, -151.5, -151.5, -151.5, -151.5, -151.5, -151.5, -151.5, -14.0, 986, -151.5, -151.5, -151.5, -14.0, -151.5, -151.5, 248.49999999999886, -151.5, -151.5, -151.5, -151.5, -151.5, -151.5, -151.5, -151.5, -151.5, -151.5, 585.9999999999894, -151.5, 711.0000000000312, -151.5, -151.5, -151.5, -151.5, -151.5, -151.5, -151.5, 986, -151.5, -26.50000000002638, -151.5, -151.5, -151.5, 986, -151.5, 410.9999999999532, -151.5, 360.9999999999587, -151.5, -151.5, -151.5, -151.5, 535.9999999999949, -151.5, -151.5, -151.5, -151.5, -151.5, 785.9999999999674, 60.99999999999174, 585.9999999999894, -151.5, -151.5, -151.5, -151.5, -151.5, -151.5, -151.5, 361.0000000000142, -14.0, 510.9999999999977, 211.00000000003072, 60.99999999999174, -151.5, -151.5, 986, -151.5, -151.5, -151.5, -151.5, 986, -151.5, -151.5, -151.5, -151.5, -151.5, 986, -151.5, 485.9999999999449, -151.5, -151.5, -151.5, -151.5, 261.00000000002524, 986, -151.5, -151.5, -151.5, -151.5, -151.5, 236.00000000002797, -151.5, -151.5, 261.00000000002524, -151.5, -151.5, -151.5, -151.5, -151.5, -151.5, 986, -151.5, -151.5, -151.5, -151.5, -151.5, -151.5, -151.5, -151.5, -151.5, -151.5, -151.5, -151.5, 986, -151.5, -151.5, -151.5, -151.5, 986, -151.5, -151.5, -151.5, -151.5, 161.00000000003624, -151.5, -151.5, 986, -151.5, 986, 986, -151.5, -151.5, 986, -151.5, 986, -151.5, -151.5, -151.5, -151.5, 986, -151.5, -151.5, -151.5, -151.5, 986, -151.5, 986, -151.5, -151.5, -151.5, -151.5, -151.5, -151.5, -151.5, -151.5, -151.5, -151.5, 573.5000000000185, -151.5, -151.5, -151.5, -151.5, 986, -151.5, -151.5, 285.999999999967, -151.5, 798.4999999999937, 986, -151.5, 986]
Daily Returns: [-151.5, 0, 0, 0, 0, 0, 986, 0, 0, 0, 0, 0, 0, 834.5, 0, 0, 0, 0, 0, -151.5, 0, 0, 0, 0, -151.5, 0, 0, 0, 0, 0, 0, 0, 0, 0, 0, 0, 0, 0, 0, 0, 0, 986, 0, 0, 0, 0, 0, -151.5, 0, 0, 0, 0, 0, -151.5, -151.5, 0, 0, 0, 0, 0, 0, 0, 0, 0, 0, 0, 0, -151.5, 0, 0, 986, 0, -151.5, 0, 0, 0, -151.5, 0, 0, 0, 0, -151.5, 0, 0, 0, 0, 0]
Sharpe Ratio: 0.125
Annualized Sharpe: 1.981
Sharpe 95% CI: (np.float64(-1.911), np.float64(4.082))
Daily Win Rate (%): 28.57
Max Drawdown: -606.0
Profit Factor: 2.503
Expectancy: 26.178
Trades Per Month (Global): 18.916666666666668
Total Days: 87

Rolling 0 - Variant 0 - 10_8 - Test Metrics
Trade Returns: [-151.5, 986, 986, -151.5, -151.5, -151.5, 986, -151.5, -151.5, -151.5, -151.5, 986, -151.5, -151.5, -151.5, -151.5, -151.5, -151.5, -151.5, -151.5, -151.5, -151.5, 986, -151.5, -151.5, -151.5, -151.5, -151.5, -151.5, -151.5, 173.5000000000071, -151.5, -151.5, -151.5, -151.5, 986, -151.5, -151.5, 411.0000000000087, -151.5, -151.5, -151.5, 986, -151.5, -151.5, -151.5, -151.5, -151.5, -151.5, -151.5, -151.5, -151.5, -151.5, -151.5, -14.0, 986, -151.5, -151.5, -151.5, -14.0, -151.5, -151.5, 248.49999999999886, -151.5, -151.5, -151.5, -151.5, -151.5, -151.5, -151.5, -151.5, -151.5, -151.5, 585.9999999999894, -151.5, 711.0000000000312, -151.5, -151.5, -151.5, -151.5, -151.5, -151.5, -151.5, 986, -151.5, -26.50000000002638, -151.5, -151.5, -151.5, 986, -151.5, 410.9999999999532, -151.5, 360.9999999999587, -151.5, -151.5, -151.5, -151.5, 535.9999999999949, -151.5, -151.5, -151.5, -151.5, -151.5, 785.9999999999674, 60.99999999999174, 585.9999999999894, -151.5, -151.5, -151.5, -151.5, -151.5, -151.5, -151.5, 361.0000000000142, -14.0, 510.9999999999977, 211.00000000003072, 60.99999999999174, -151.5, -151.5, 986, -151.5, -151.5, -151.5, -151.5, 986, -151.5, -151.5, -151.5, -151.5, -151.5, 986, -151.5, 485.9999999999449, -151.5, -151.5, -151.5, -151.5, 261.00000000002524, 986, -151.5, -151.5, -151.5, -151.5, -151.5, 236.00000000002797, -151.5, -151.5, 261.00000000002524, -151.5, -151.5, -151.5, -151.5, -151.5, -151.5, 986, -151.5, -151.5, -151.5, -151.5, -151.5, -151.5, -151.5, -151.5, -151.5, -151.5, -151.5, -151.5, 986, -151.5, -151.5, -151.5, -151.5, 986, -151.5, -151.5, -151.5, -151.5, 161.00000000003624, -151.5, -151.5, 986, -151.5, 986, 986, -151.5, -151.5, 986, -151.5, 986, -151.5, -151.5, -151.5, -151.5, 986, -151.5, -151.5, -151.5, -151.5, 986, -151.5, 986, -151.5, -151.5, -151.5, -151.5, -151.5, -151.5, -151.5, -151.5, -151.5, -151.5, 573.5000000000185, -151.5, -151.5, -151.5, -151.5, 986, -151.5, -151.5, 285.999999999967, -151.5, 798.4999999999937, 986, -151.5, 986]
Daily Returns: [0, 0, -151.5, 0, -151.5, 0, -151.5, 0, 0, 0, -151.5, 0, 0, 0, 0, 0, -151.5, 0, -151.5, 0, 0, 0, 0, 0, 0, -151.5, 0, 986, -151.5, 0, 0, 0, 0, 0, 0, 0, 0, 0, -151.5, -151.5, 0, 0, -151.5, -151.5, 0, 0, -151.5, 0, -151.5, 0, 0, 0, 0, 0, 173.5000000000071, 0, 0, 0, 0, -151.5, 0, 0, 0, 0, 0, 0, -303.0, 0, 0, 0, -151.5, 0, 986, 0, -151.5, 0, 0, 0, -151.5, 0, 0, 0, 411.0000000000087, 0, -151.5, 0, 0, 0, -151.5, 0, 0, 0, -151.5, 986, 0, 0, -303.0, 0, 0, 0, 0, 0, 0, 0, 0, -151.5, 0, 0, 0, 0, 0, 0, 0, 0, 0, 0, -151.5, 0, -151.5, 0, 0, 0, 0, -151.5, 0, 0, 0, 0, 0, 0, 0, 0, 0, 0, 0, 0, -151.5, 0, 0, 0, -151.5, 0, 0, 0, 0, -151.5, 0, 0, -303.0, 0, -14.0, 0, 0, 0, 0, 0, 0, 0, 0, 986, 0, 0, 0, 0, 0, -151.5, 0, 0, 0, 0, 0, 0, 0, 0, -151.5, 0, 0, -165.5, 0, 0, -151.5, 0, 0, 0, 0, 0, 0, -151.5, 0, 0, 0, 0, 0, 248.49999999999886, 0, 0, -303.0, 0, 0, 0, 0, 0, 0, 0, 0, -151.5, 0, 0, 0, 0, -454.5, 0, -151.5, 0, 0, 0, 0, 0, 0, 0, 0, 0, 0, 0, 0, 0, -151.5, 0, 0, 0, 0, 0, 0, 0, 0, 0, -151.5, 434.4999999999894, 0, 0, -151.5, 0, 711.0000000000312, -151.5, 0, 0, 0, -151.5, 0, -151.5, -151.5, 0, 0, 0, 0, -151.5, 0, 0, 0, -303.0, 0, 0, 0, 0, 0, 0, 0, 0, 0, 0, 0, 0, 0, 986, -151.5, 0, 0, 0, 0, 0, 0, 0, 0, -26.50000000002638, 0, -151.5, 0, 0, 0, 0, 0, 0, 0, 0, 0, 0, 0, 0, 0, 0, 0, -151.5, 0, 0, 0, 0, 0, 834.5, 0, -151.5, 0, 0, 620.4999999999119, 0, 0, 0, 0, 0, -151.5, -303.0, 384.4999999999949, -303.0, 0, 0, 0, 0, 0, 0, -303.0, -151.5, 0, 0, 0, 846.9999999999591, 585.9999999999894, 0, 0, -151.5, 0, 0, 0, 0, 0, 0, 0, 0, 0, 0, 0, 0, -151.5, 0, 0, 0, 0, 0, 0, 0, 0, 0, 0, 0, -151.5, -151.5, 0, 0, -151.5, 0, -151.5, -151.5, 0, 0, 0, 0, 0, 0, 0, 0, 0, 0, 361.0000000000142, 0, 0, 0, 0, 0, 0, 0, 0, 0, 0, 0, 0, -14.0, 722.0000000000284, 0, 60.99999999999174, -303.0, 0, 0, 0, 0, 0, 0, 834.5, -151.5, 0, 0, 0, 0, 0, -151.5, 0, 0, 0, 0, -151.5, 0, 0, 0, 0, 0, 986, 0, 0, 0, 0, 0, -151.5, 0, -151.5, 0, 0, 0, 0, 0, -151.5, 0, -151.5, 0, 0, -151.5, 0, 0, 0, 986, 0, 0, 0, 0, -151.5, 485.9999999999449, 0, 0, 0, -151.5, 0, 0, 0, 0, 0, 0, 0, 0, 0, 0, 0, 0, 0, 0, 0, 0, 0, 0, 0, 0, -151.5, 0, 0, 0, -151.5, 0, 0, 0, -151.5, 0, 0, 0, 0, 0, 261.00000000002524, 0, 0, 986, 0, 0, 0, 0, 0, 0, 0, 0, 0, 0, 0, 0, 0, 0, 0, 0, 0, 0, 0, -151.5, 0, 0, 0, 0, 0, 0, -151.5, 0, 0, 0, 0, -303.0, 0, 0, 0, -151.5, 236.00000000002797, 0, -303.0, 0, 0, 0, 0, 0, 0, 0, 0, 0, 0, 0, 0, 0, 0, 0, 0, 0, 0, 0, 0, 0, 0, 0, 0, 0, 109.50000000002524, -151.5, 0, 0, 0, 0, 0, 0, -151.5, 0, 0, 0, 0, 0, 0, 0, 0, 0, 0, -151.5, 0, 0, 0, 0, 0, -151.5, -151.5, 0, 986, 0, -151.5, 0, 0, -151.5, 0, 0, 0, -151.5, 0, 0, 0, 0, -151.5, -151.5, 0, 0, 0, 0, 0, 0, 0, 0, 0, 0, -151.5, 0, 0, 0, 0, 0, -151.5, -151.5, 0, 0, 0, 0, 0, -151.5, 0, 0, 0, 0, -151.5, 0, 0, 0, 0, 0, 0, -151.5, 0, 0, 0, 0, 0, 0, -151.5, 0, 0, 0, 0, 0, 834.5, 0, 0, 0, 0, 0, 0, 0, 0, 0, 0, 0, 0, -454.5, 0, 0, 0, 986, 0, 0, 0, 0, 0, 0, 0, 0, -151.5, 0, -303.0, 0, 9.500000000036238, 0, 0, 0, 0, 0, 0, 0, 0, 0, -151.5, 0, -151.5, 0, 0, 0, 0, 986, -151.5, 0, 0, 0, 0, 0, 0, 0, 0, 0, 0, 0, 986, 0, 0, 0, 0, 0, 834.5, 0, 0, 0, 0, -151.5, 0, 0, 0, 0, 0, 0, 986, 0, 0, 0, -151.5, 0, 0, 0, 986, 0, 0, 0, -151.5, 0, -151.5, 0, 0, 0, 0, 0, 0, 0, -303.0, 683.0, 0, 0, 0, 0, 0, -151.5, 0, 0, -151.5, 0, 834.5, 0, 0, 0, 0, 0, 0, 0, 0, 0, 0, 0, 834.5, 0, 0, 0, 0, 0, 0, 0, 0, 0, 0, 0, -151.5, 0, 0, 0, 0, 0, 0, -151.5, 0, 0, 0, 0, -151.5, 0, 0, 0, 0, 0, 0, -151.5, 0, -151.5, -151.5, 0, 0, -151.5, 0, 0, -151.5, 0, -151.5, 0, 0, 0, 573.5000000000185, 0, 0, -151.5, 0, 0, -151.5, 0, 0, 0, 0, -151.5, -151.5, 0, 986, 0, 0, 0, 0, 0, 0, 0, -151.5, 0, 0, 0, 0, -151.5, 0, 0, 134.49999999996697, 0, 0, 0, 0, 0, 0, 0, 0, 0, 798.4999999999937, 0, 0, 0, 0, 0, 0, 0, 0, 0, 0, 986, -151.5, 986, 0, 0, 0, 0, 0, 0]
Sharpe Ratio: 0.051
Annualized Sharpe: 0.81
Sharpe 95% CI: (np.float64(-0.24), np.float64(1.68))
Daily Win Rate (%): 24.86
Max Drawdown: -2647.5
Profit Factor: 1.371
Expectancy: 9.411
Trades Per Month (Global): 18.916666666666668
Total Days: 880



Rolling 0 - Variant 1 - 10_5 - Fit Metrics
Trade Returns: [-151.5, 611, 611, -151.5, -151.5, -151.5, 611, -151.5, -151.5, -151.5, -151.5, 611, 611, -151.5, -151.5, -151.5, -151.5, -151.5, -151.5, -151.5, -151.5, -151.5, 611, -151.5, -151.5, 611, -151.5, -151.5, -151.5, -151.5, 173.5000000000071, 611, -151.5, -151.5, -151.5, 611, -151.5, -151.5, 411.0000000000087, -151.5, -151.5, -151.5, 611, -151.5, -151.5, -151.5, -151.5, -151.5, -151.5, -151.5, -151.5, -151.5, -151.5, -151.5, -14.0, 611, -151.5, -151.5, -151.5, -14.0, -151.5, -151.5, 248.49999999999886, -151.5, -151.5, -151.5, -151.5, -151.5, -151.5, -151.5, -151.5, -151.5, -151.5, 611, -151.5, 611, -151.5, -151.5, -151.5, -151.5, -151.5, -151.5, -151.5, 611, -151.5, -26.50000000002638, -151.5, -151.5, -151.5, 611, -151.5, 611, -151.5, 611, 611, -151.5, -151.5, -151.5, 611, -151.5, -151.5, -151.5, -151.5, -151.5, 611, 60.99999999999174, 611, -151.5, -151.5, -151.5, -151.5, -151.5, -151.5, -151.5, 361.0000000000142, -14.0, 611, 211.00000000003072, 60.99999999999174, -151.5, -151.5, 611, -151.5, -151.5, -151.5, -151.5, 611, -151.5, -151.5, -151.5, -151.5, -151.5, 611, -151.5, 611, -151.5, -151.5, -151.5, -151.5, 261.00000000002524, 611, -151.5, -151.5, -151.5, -151.5, -151.5, 236.00000000002797, -151.5, -151.5, 261.00000000002524, -151.5, 611, -151.5, -151.5, -151.5, -151.5, 611, -151.5, -151.5, -151.5, -151.5, -151.5, -151.5, 611, -151.5, -151.5, -151.5, -151.5, -151.5, 611, -151.5, -151.5, -151.5, -151.5, 611, -151.5, -151.5, -151.5, 611, 161.00000000003624, 611, -151.5, 611, -151.5, 611, 611, -151.5, -151.5, 611, -151.5, 611, 611, 611, -151.5, -151.5, 611, -151.5, -151.5, -151.5, 611, 611, -151.5, 611, -151.5, -151.5, -151.5, -151.5, -151.5, -151.5, -151.5, -151.5, -151.5, -151.5, 611, -151.5, -151.5, -151.5, -151.5, 611, -151.5, -151.5, 611, -151.5, 611, 611, -151.5, 611]
Daily Returns: [-151.5, 0, 0, 0, 0, 0, 611, 0, 0, 0, 0, 0, 0, 459.5, 0, 0, 0, 0, 0, -151.5, 0, 0, 0, 0, -151.5, 0, 0, 0, 0, 0, 0, 0, 0, 0, 0, 0, 0, 0, 0, 0, 0, 611, 0, 0, 0, 0, 0, -151.5, 0, 0, 0, 0, 0, -151.5, -151.5, 0, 0, 0, 0, 0, 0, 0, 0, 0, 0, 0, 0, -151.5, 0, 0, 611, 0, 611, 0, 0, 0, -151.5, 0, 0, 0, 0, -151.5, 0, 0, 0, 0, 0]
Sharpe Ratio: 0.12
Annualized Sharpe: 1.899
Sharpe 95% CI: (np.float64(-2.044), np.float64(4.215))
Daily Win Rate (%): 35.71
Max Drawdown: -606.0
Profit Factor: 2.129
Expectancy: 17.701
Trades Per Month (Global): 18.916666666666668
Total Days: 87

Rolling 0 - Variant 1 - 10_5 - Test Metrics
Trade Returns: [-151.5, 611, 611, -151.5, -151.5, -151.5, 611, -151.5, -151.5, -151.5, -151.5, 611, 611, -151.5, -151.5, -151.5, -151.5, -151.5, -151.5, -151.5, -151.5, -151.5, 611, -151.5, -151.5, 611, -151.5, -151.5, -151.5, -151.5, 173.5000000000071, 611, -151.5, -151.5, -151.5, 611, -151.5, -151.5, 411.0000000000087, -151.5, -151.5, -151.5, 611, -151.5, -151.5, -151.5, -151.5, -151.5, -151.5, -151.5, -151.5, -151.5, -151.5, -151.5, -14.0, 611, -151.5, -151.5, -151.5, -14.0, -151.5, -151.5, 248.49999999999886, -151.5, -151.5, -151.5, -151.5, -151.5, -151.5, -151.5, -151.5, -151.5, -151.5, 611, -151.5, 611, -151.5, -151.5, -151.5, -151.5, -151.5, -151.5, -151.5, 611, -151.5, -26.50000000002638, -151.5, -151.5, -151.5, 611, -151.5, 611, -151.5, 611, 611, -151.5, -151.5, -151.5, 611, -151.5, -151.5, -151.5, -151.5, -151.5, 611, 60.99999999999174, 611, -151.5, -151.5, -151.5, -151.5, -151.5, -151.5, -151.5, 361.0000000000142, -14.0, 611, 211.00000000003072, 60.99999999999174, -151.5, -151.5, 611, -151.5, -151.5, -151.5, -151.5, 611, -151.5, -151.5, -151.5, -151.5, -151.5, 611, -151.5, 611, -151.5, -151.5, -151.5, -151.5, 261.00000000002524, 611, -151.5, -151.5, -151.5, -151.5, -151.5, 236.00000000002797, -151.5, -151.5, 261.00000000002524, -151.5, 611, -151.5, -151.5, -151.5, -151.5, 611, -151.5, -151.5, -151.5, -151.5, -151.5, -151.5, 611, -151.5, -151.5, -151.5, -151.5, -151.5, 611, -151.5, -151.5, -151.5, -151.5, 611, -151.5, -151.5, -151.5, 611, 161.00000000003624, 611, -151.5, 611, -151.5, 611, 611, -151.5, -151.5, 611, -151.5, 611, 611, 611, -151.5, -151.5, 611, -151.5, -151.5, -151.5, 611, 611, -151.5, 611, -151.5, -151.5, -151.5, -151.5, -151.5, -151.5, -151.5, -151.5, -151.5, -151.5, 611, -151.5, -151.5, -151.5, -151.5, 611, -151.5, -151.5, 611, -151.5, 611, 611, -151.5, 611]
Daily Returns: [0, 0, -151.5, 0, -151.5, 0, -151.5, 0, 0, 0, -151.5, 0, 0, 0, 0, 0, -151.5, 0, -151.5, 0, 0, 0, 0, 0, 0, -151.5, 0, 611, -151.5, 0, 0, 0, 0, 0, 0, 0, 0, 0, -151.5, 611, 0, 0, -151.5, -151.5, 0, 0, -151.5, 0, -151.5, 0, 0, 0, 0, 0, 173.5000000000071, 0, 0, 0, 0, 611, 0, 0, 0, 0, 0, 0, -303.0, 0, 0, 0, -151.5, 0, 611, 0, -151.5, 0, 0, 0, -151.5, 0, 0, 0, 411.0000000000087, 0, -151.5, 0, 0, 0, -151.5, 0, 0, 0, -151.5, 611, 0, 0, -303.0, 0, 0, 0, 0, 0, 0, 0, 0, -151.5, 0, 0, 0, 0, 0, 0, 0, 0, 0, 0, -151.5, 0, -151.5, 0, 0, 0, 0, -151.5, 0, 0, 0, 0, 0, 0, 0, 0, 0, 0, 0, 0, -151.5, 0, 0, 0, -151.5, 0, 0, 0, 0, -151.5, 0, 0, -303.0, 0, -14.0, 0, 0, 0, 0, 0, 0, 0, 0, 611, 0, 0, 0, 0, 0, -151.5, 0, 0, 0, 0, 0, 0, 0, 0, -151.5, 0, 0, -165.5, 0, 0, -151.5, 0, 0, 0, 0, 0, 0, -151.5, 0, 0, 0, 0, 0, 248.49999999999886, 0, 0, -303.0, 0, 0, 0, 0, 0, 0, 0, 0, -151.5, 0, 0, 0, 0, -454.5, 0, -151.5, 0, 0, 0, 0, 0, 0, 0, 0, 0, 0, 0, 0, 0, -151.5, 0, 0, 0, 0, 0, 0, 0, 0, 0, -151.5, 459.5, 0, 0, -151.5, 0, 611, -151.5, 0, 0, 0, -151.5, 0, -151.5, -151.5, 0, 0, 0, 0, -151.5, 0, 0, 0, -303.0, 0, 0, 0, 0, 0, 0, 0, 0, 0, 0, 0, 0, 0, 611, -151.5, 0, 0, 0, 0, 0, 0, 0, 0, -26.50000000002638, 0, -151.5, 0, 0, 0, 0, 0, 0, 0, 0, 0, 0, 0, 0, 0, 0, 0, -151.5, 0, 0, 0, 0, 0, 459.5, 0, -151.5, 0, 0, 1070.5, 0, 0, 0, 0, 0, 611, -303.0, 459.5, -303.0, 0, 0, 0, 0, 0, 0, -303.0, -151.5, 0, 0, 0, 671.9999999999917, 611, 0, 0, -151.5, 0, 0, 0, 0, 0, 0, 0, 0, 0, 0, 0, 0, -151.5, 0, 0, 0, 0, 0, 0, 0, 0, 0, 0, 0, -151.5, -151.5, 0, 0, -151.5, 0, -151.5, -151.5, 0, 0, 0, 0, 0, 0, 0, 0, 0, 0, 361.0000000000142, 0, 0, 0, 0, 0, 0, 0, 0, 0, 0, 0, 0, -14.0, 822.0000000000307, 0, 60.99999999999174, -303.0, 0, 0, 0, 0, 0, 0, 459.5, -151.5, 0, 0, 0, 0, 0, -151.5, 0, 0, 0, 0, -151.5, 0, 0, 0, 0, 0, 611, 0, 0, 0, 0, 0, -151.5, 0, -151.5, 0, 0, 0, 0, 0, -151.5, 0, -151.5, 0, 0, -151.5, 0, 0, 0, 611, 0, 0, 0, 0, -151.5, 611, 0, 0, 0, -151.5, 0, 0, 0, 0, 0, 0, 0, 0, 0, 0, 0, 0, 0, 0, 0, 0, 0, 0, 0, 0, -151.5, 0, 0, 0, -151.5, 0, 0, 0, -151.5, 0, 0, 0, 0, 0, 261.00000000002524, 0, 0, 611, 0, 0, 0, 0, 0, 0, 0, 0, 0, 0, 0, 0, 0, 0, 0, 0, 0, 0, 0, -151.5, 0, 0, 0, 0, 0, 0, -151.5, 0, 0, 0, 0, -303.0, 0, 0, 0, -151.5, 236.00000000002797, 0, -303.0, 0, 0, 0, 0, 0, 0, 0, 0, 0, 0, 0, 0, 0, 0, 0, 0, 0, 0, 0, 0, 0, 0, 0, 0, 0, 109.50000000002524, 611, 0, 0, 0, 0, 0, 0, -151.5, 0, 0, 0, 0, 0, 0, 0, 0, 0, 0, -151.5, 0, 0, 0, 0, 0, -151.5, -151.5, 0, 611, 0, -151.5, 0, 0, -151.5, 0, 0, 0, -151.5, 0, 0, 0, 0, -151.5, -151.5, 0, 0, 0, 0, 0, 0, 0, 0, 0, 0, -151.5, 0, 0, 0, 0, 0, 611, -151.5, 0, 0, 0, 0, 0, -151.5, 0, 0, 0, 0, -151.5, 0, 0, 0, 0, 0, 0, -151.5, 0, 0, 0, 0, 0, 0, -151.5, 0, 0, 0, 0, 0, 459.5, 0, 0, 0, 0, 0, 0, 0, 0, 0, 0, 0, 0, -454.5, 0, 0, 0, 611, 0, 0, 0, 0, 0, 0, 0, 0, -151.5, 0, -303.0, 0, 772.0000000000363, 0, 0, 0, 0, 0, 0, 0, 0, 0, 611, 0, -151.5, 0, 0, 0, 0, 611, -151.5, 0, 0, 0, 0, 0, 0, 0, 0, 0, 0, 0, 611, 0, 0, 0, 0, 0, 459.5, 0, 0, 0, 0, -151.5, 0, 0, 0, 0, 0, 0, 611, 0, 0, 0, -151.5, 0, 0, 0, 611, 0, 0, 0, 611, 0, 611, 0, 0, 0, 0, 0, 0, 0, -303.0, 308.0, 0, 0, 0, 0, 0, -151.5, 0, 0, 611, 0, 459.5, 0, 0, 0, 0, 0, 0, 0, 0, 0, 0, 0, 459.5, 0, 0, 0, 0, 0, 0, 0, 0, 0, 0, 0, -151.5, 0, 0, 0, 0, 0, 0, -151.5, 0, 0, 0, 0, -151.5, 0, 0, 0, 0, 0, 0, -151.5, 0, -151.5, -151.5, 0, 0, -151.5, 0, 0, -151.5, 0, -151.5, 0, 0, 0, 611, 0, 0, -151.5, 0, 0, -151.5, 0, 0, 0, 0, -151.5, -151.5, 0, 611, 0, 0, 0, 0, 0, 0, 0, -151.5, 0, 0, 0, 0, -151.5, 0, 0, 459.5, 0, 0, 0, 0, 0, 0, 0, 0, 0, 611, 0, 0, 0, 0, 0, 0, 0, 0, 0, 0, 611, -151.5, 611, 0, 0, 0, 0, 0, 0]
Sharpe Ratio: 0.056
Annualized Sharpe: 0.889
Sharpe 95% CI: (np.float64(-0.129), np.float64(1.811))
Daily Win Rate (%): 29.94
Max Drawdown: -3097.5
Profit Factor: 1.363
Expectancy: 8.644
Trades Per Month (Global): 18.916666666666668
Total Days: 880



Rolling 0 - Variant 2 - 10_7 - Fit Metrics
Trade Returns: [-151.5, 861, 861, -151.5, -151.5, -151.5, 861, -151.5, -151.5, -151.5, -151.5, 861, -151.5, -151.5, -151.5, -151.5, -151.5, -151.5, -151.5, -151.5, -151.5, -151.5, 861, -151.5, -151.5, -151.5, -151.5, -151.5, -151.5, -151.5, 173.5000000000071, 861, -151.5, -151.5, -151.5, 861, -151.5, -151.5, 411.0000000000087, -151.5, -151.5, -151.5, 861, -151.5, -151.5, -151.5, -151.5, -151.5, -151.5, -151.5, -151.5, -151.5, -151.5, -151.5, -14.0, 861, -151.5, -151.5, -151.5, -14.0, -151.5, -151.5, 248.49999999999886, -151.5, -151.5, -151.5, -151.5, -151.5, -151.5, -151.5, -151.5, -151.5, -151.5, 585.9999999999894, -151.5, 711.0000000000312, -151.5, -151.5, -151.5, -151.5, -151.5, -151.5, -151.5, 861, -151.5, -26.50000000002638, -151.5, -151.5, -151.5, 861, -151.5, 410.9999999999532, -151.5, 360.9999999999587, 861, -151.5, -151.5, -151.5, 535.9999999999949, -151.5, -151.5, -151.5, -151.5, -151.5, 861, 60.99999999999174, 861, -151.5, -151.5, -151.5, -151.5, -151.5, -151.5, -151.5, 361.0000000000142, -14.0, 861, 211.00000000003072, 60.99999999999174, -151.5, -151.5, 861, -151.5, -151.5, -151.5, -151.5, 861, -151.5, -151.5, -151.5, -151.5, -151.5, 861, -151.5, 485.9999999999449, -151.5, -151.5, -151.5, -151.5, 261.00000000002524, 861, -151.5, -151.5, -151.5, -151.5, -151.5, 236.00000000002797, -151.5, -151.5, 261.00000000002524, -151.5, -151.5, -151.5, -151.5, -151.5, -151.5, 861, -151.5, -151.5, -151.5, -151.5, -151.5, -151.5, 861, -151.5, -151.5, -151.5, -151.5, -151.5, 861, -151.5, -151.5, -151.5, -151.5, 861, -151.5, -151.5, -151.5, 861, 161.00000000003624, -151.5, -151.5, 861, -151.5, 861, 861, -151.5, -151.5, 861, -151.5, 861, 861, -151.5, -151.5, -151.5, 861, -151.5, -151.5, -151.5, -151.5, 861, -151.5, 861, -151.5, -151.5, -151.5, -151.5, -151.5, -151.5, -151.5, -151.5, -151.5, -151.5, 573.5000000000185, -151.5, -151.5, -151.5, -151.5, 861, -151.5, -151.5, 861, -151.5, 861, 861, -151.5, 861]
Daily Returns: [-151.5, 0, 0, 0, 0, 0, 861, 0, 0, 0, 0, 0, 0, 709.5, 0, 0, 0, 0, 0, -151.5, 0, 0, 0, 0, -151.5, 0, 0, 0, 0, 0, 0, 0, 0, 0, 0, 0, 0, 0, 0, 0, 0, 861, 0, 0, 0, 0, 0, -151.5, 0, 0, 0, 0, 0, -151.5, -151.5, 0, 0, 0, 0, 0, 0, 0, 0, 0, 0, 0, 0, -151.5, 0, 0, 861, 0, -151.5, 0, 0, 0, -151.5, 0, 0, 0, 0, -151.5, 0, 0, 0, 0, 0]
Sharpe Ratio: 0.111
Annualized Sharpe: 1.76
Sharpe 95% CI: (np.float64(-2.317), np.float64(3.947))
Daily Win Rate (%): 28.57
Max Drawdown: -606.0
Profit Factor: 2.173
Expectancy: 20.431
Trades Per Month (Global): 18.916666666666668
Total Days: 87

Rolling 0 - Variant 2 - 10_7 - Test Metrics
Trade Returns: [-151.5, 861, 861, -151.5, -151.5, -151.5, 861, -151.5, -151.5, -151.5, -151.5, 861, -151.5, -151.5, -151.5, -151.5, -151.5, -151.5, -151.5, -151.5, -151.5, -151.5, 861, -151.5, -151.5, -151.5, -151.5, -151.5, -151.5, -151.5, 173.5000000000071, 861, -151.5, -151.5, -151.5, 861, -151.5, -151.5, 411.0000000000087, -151.5, -151.5, -151.5, 861, -151.5, -151.5, -151.5, -151.5, -151.5, -151.5, -151.5, -151.5, -151.5, -151.5, -151.5, -14.0, 861, -151.5, -151.5, -151.5, -14.0, -151.5, -151.5, 248.49999999999886, -151.5, -151.5, -151.5, -151.5, -151.5, -151.5, -151.5, -151.5, -151.5, -151.5, 585.9999999999894, -151.5, 711.0000000000312, -151.5, -151.5, -151.5, -151.5, -151.5, -151.5, -151.5, 861, -151.5, -26.50000000002638, -151.5, -151.5, -151.5, 861, -151.5, 410.9999999999532, -151.5, 360.9999999999587, 861, -151.5, -151.5, -151.5, 535.9999999999949, -151.5, -151.5, -151.5, -151.5, -151.5, 861, 60.99999999999174, 861, -151.5, -151.5, -151.5, -151.5, -151.5, -151.5, -151.5, 361.0000000000142, -14.0, 861, 211.00000000003072, 60.99999999999174, -151.5, -151.5, 861, -151.5, -151.5, -151.5, -151.5, 861, -151.5, -151.5, -151.5, -151.5, -151.5, 861, -151.5, 485.9999999999449, -151.5, -151.5, -151.5, -151.5, 261.00000000002524, 861, -151.5, -151.5, -151.5, -151.5, -151.5, 236.00000000002797, -151.5, -151.5, 261.00000000002524, -151.5, -151.5, -151.5, -151.5, -151.5, -151.5, 861, -151.5, -151.5, -151.5, -151.5, -151.5, -151.5, 861, -151.5, -151.5, -151.5, -151.5, -151.5, 861, -151.5, -151.5, -151.5, -151.5, 861, -151.5, -151.5, -151.5, 861, 161.00000000003624, -151.5, -151.5, 861, -151.5, 861, 861, -151.5, -151.5, 861, -151.5, 861, 861, -151.5, -151.5, -151.5, 861, -151.5, -151.5, -151.5, -151.5, 861, -151.5, 861, -151.5, -151.5, -151.5, -151.5, -151.5, -151.5, -151.5, -151.5, -151.5, -151.5, 573.5000000000185, -151.5, -151.5, -151.5, -151.5, 861, -151.5, -151.5, 861, -151.5, 861, 861, -151.5, 861]
Daily Returns: [0, 0, -151.5, 0, -151.5, 0, -151.5, 0, 0, 0, -151.5, 0, 0, 0, 0, 0, -151.5, 0, -151.5, 0, 0, 0, 0, 0, 0, -151.5, 0, 861, -151.5, 0, 0, 0, 0, 0, 0, 0, 0, 0, -151.5, -151.5, 0, 0, -151.5, -151.5, 0, 0, -151.5, 0, -151.5, 0, 0, 0, 0, 0, 173.5000000000071, 0, 0, 0, 0, 861, 0, 0, 0, 0, 0, 0, -303.0, 0, 0, 0, -151.5, 0, 861, 0, -151.5, 0, 0, 0, -151.5, 0, 0, 0, 411.0000000000087, 0, -151.5, 0, 0, 0, -151.5, 0, 0, 0, -151.5, 861, 0, 0, -303.0, 0, 0, 0, 0, 0, 0, 0, 0, -151.5, 0, 0, 0, 0, 0, 0, 0, 0, 0, 0, -151.5, 0, -151.5, 0, 0, 0, 0, -151.5, 0, 0, 0, 0, 0, 0, 0, 0, 0, 0, 0, 0, -151.5, 0, 0, 0, -151.5, 0, 0, 0, 0, -151.5, 0, 0, -303.0, 0, -14.0, 0, 0, 0, 0, 0, 0, 0, 0, 861, 0, 0, 0, 0, 0, -151.5, 0, 0, 0, 0, 0, 0, 0, 0, -151.5, 0, 0, -165.5, 0, 0, -151.5, 0, 0, 0, 0, 0, 0, -151.5, 0, 0, 0, 0, 0, 248.49999999999886, 0, 0, -303.0, 0, 0, 0, 0, 0, 0, 0, 0, -151.5, 0, 0, 0, 0, -454.5, 0, -151.5, 0, 0, 0, 0, 0, 0, 0, 0, 0, 0, 0, 0, 0, -151.5, 0, 0, 0, 0, 0, 0, 0, 0, 0, -151.5, 434.4999999999894, 0, 0, -151.5, 0, 711.0000000000312, -151.5, 0, 0, 0, -151.5, 0, -151.5, -151.5, 0, 0, 0, 0, -151.5, 0, 0, 0, -303.0, 0, 0, 0, 0, 0, 0, 0, 0, 0, 0, 0, 0, 0, 861, -151.5, 0, 0, 0, 0, 0, 0, 0, 0, -26.50000000002638, 0, -151.5, 0, 0, 0, 0, 0, 0, 0, 0, 0, 0, 0, 0, 0, 0, 0, -151.5, 0, 0, 0, 0, 0, 709.5, 0, -151.5, 0, 0, 620.4999999999119, 0, 0, 0, 0, 0, 861, -303.0, 384.4999999999949, -303.0, 0, 0, 0, 0, 0, 0, -303.0, -151.5, 0, 0, 0, 921.9999999999917, 861, 0, 0, -151.5, 0, 0, 0, 0, 0, 0, 0, 0, 0, 0, 0, 0, -151.5, 0, 0, 0, 0, 0, 0, 0, 0, 0, 0, 0, -151.5, -151.5, 0, 0, -151.5, 0, -151.5, -151.5, 0, 0, 0, 0, 0, 0, 0, 0, 0, 0, 361.0000000000142, 0, 0, 0, 0, 0, 0, 0, 0, 0, 0, 0, 0, -14.0, 1072.0000000000307, 0, 60.99999999999174, -303.0, 0, 0, 0, 0, 0, 0, 709.5, -151.5, 0, 0, 0, 0, 0, -151.5, 0, 0, 0, 0, -151.5, 0, 0, 0, 0, 0, 861, 0, 0, 0, 0, 0, -151.5, 0, -151.5, 0, 0, 0, 0, 0, -151.5, 0, -151.5, 0, 0, -151.5, 0, 0, 0, 861, 0, 0, 0, 0, -151.5, 485.9999999999449, 0, 0, 0, -151.5, 0, 0, 0, 0, 0, 0, 0, 0, 0, 0, 0, 0, 0, 0, 0, 0, 0, 0, 0, 0, -151.5, 0, 0, 0, -151.5, 0, 0, 0, -151.5, 0, 0, 0, 0, 0, 261.00000000002524, 0, 0, 861, 0, 0, 0, 0, 0, 0, 0, 0, 0, 0, 0, 0, 0, 0, 0, 0, 0, 0, 0, -151.5, 0, 0, 0, 0, 0, 0, -151.5, 0, 0, 0, 0, -303.0, 0, 0, 0, -151.5, 236.00000000002797, 0, -303.0, 0, 0, 0, 0, 0, 0, 0, 0, 0, 0, 0, 0, 0, 0, 0, 0, 0, 0, 0, 0, 0, 0, 0, 0, 0, 109.50000000002524, -151.5, 0, 0, 0, 0, 0, 0, -151.5, 0, 0, 0, 0, 0, 0, 0, 0, 0, 0, -151.5, 0, 0, 0, 0, 0, -151.5, -151.5, 0, 861, 0, -151.5, 0, 0, -151.5, 0, 0, 0, -151.5, 0, 0, 0, 0, -151.5, -151.5, 0, 0, 0, 0, 0, 0, 0, 0, 0, 0, -151.5, 0, 0, 0, 0, 0, 861, -151.5, 0, 0, 0, 0, 0, -151.5, 0, 0, 0, 0, -151.5, 0, 0, 0, 0, 0, 0, -151.5, 0, 0, 0, 0, 0, 0, -151.5, 0, 0, 0, 0, 0, 709.5, 0, 0, 0, 0, 0, 0, 0, 0, 0, 0, 0, 0, -454.5, 0, 0, 0, 861, 0, 0, 0, 0, 0, 0, 0, 0, -151.5, 0, -303.0, 0, 1022.0000000000363, 0, 0, 0, 0, 0, 0, 0, 0, 0, -151.5, 0, -151.5, 0, 0, 0, 0, 861, -151.5, 0, 0, 0, 0, 0, 0, 0, 0, 0, 0, 0, 861, 0, 0, 0, 0, 0, 709.5, 0, 0, 0, 0, -151.5, 0, 0, 0, 0, 0, 0, 861, 0, 0, 0, -151.5, 0, 0, 0, 861, 0, 0, 0, 861, 0, -151.5, 0, 0, 0, 0, 0, 0, 0, -303.0, 558.0, 0, 0, 0, 0, 0, -151.5, 0, 0, -151.5, 0, 709.5, 0, 0, 0, 0, 0, 0, 0, 0, 0, 0, 0, 709.5, 0, 0, 0, 0, 0, 0, 0, 0, 0, 0, 0, -151.5, 0, 0, 0, 0, 0, 0, -151.5, 0, 0, 0, 0, -151.5, 0, 0, 0, 0, 0, 0, -151.5, 0, -151.5, -151.5, 0, 0, -151.5, 0, 0, -151.5, 0, -151.5, 0, 0, 0, 573.5000000000185, 0, 0, -151.5, 0, 0, -151.5, 0, 0, 0, 0, -151.5, -151.5, 0, 861, 0, 0, 0, 0, 0, 0, 0, -151.5, 0, 0, 0, 0, -151.5, 0, 0, 709.5, 0, 0, 0, 0, 0, 0, 0, 0, 0, 861, 0, 0, 0, 0, 0, 0, 0, 0, 0, 0, 861, -151.5, 861, 0, 0, 0, 0, 0, 0]
Sharpe Ratio: 0.072
Annualized Sharpe: 1.136
Sharpe 95% CI: (np.float64(0.116), np.float64(2.009))
Daily Win Rate (%): 27.12
Max Drawdown: -2772.5
Profit Factor: 1.538
Expectancy: 13.275
Trades Per Month (Global): 18.916666666666668
Total Days: 880



Rolling 0 - Variant 3 - 10_20 - Fit Metrics
Trade Returns: [-151.5, 2486, 2486, -151.5, -151.5, -151.5, -151.5, -151.5, -151.5, -151.5, -151.5, 461.0000000000032, -151.5, -151.5, -151.5, -151.5, -151.5, -151.5, -151.5, -151.5, -151.5, -151.5, 1185.9999999999789, -151.5, -151.5, -151.5, -151.5, -151.5, -151.5, -151.5, 173.5000000000071, -151.5, -151.5, -151.5, -151.5, 1386.0000000000123, -151.5, -151.5, 411.0000000000087, -151.5, -151.5, -151.5, 586.0000000000449, -151.5, -151.5, -151.5, -151.5, -151.5, -151.5, -151.5, -151.5, -151.5, -151.5, -151.5, -14.0, 2486, -151.5, -151.5, -151.5, -14.0, -151.5, -151.5, 248.49999999999886, -151.5, -151.5, -151.5, -151.5, -151.5, -151.5, -151.5, -151.5, -151.5, -151.5, 585.9999999999894, -151.5, 711.0000000000312, -151.5, -151.5, -151.5, -151.5, -151.5, -151.5, -151.5, -151.5, -151.5, -26.50000000002638, -151.5, -151.5, -151.5, 486.00000000000045, -151.5, 410.9999999999532, -151.5, 360.9999999999587, -151.5, -151.5, -151.5, -151.5, 535.9999999999949, -151.5, -151.5, -151.5, -151.5, -151.5, 785.9999999999674, 60.99999999999174, 585.9999999999894, -151.5, -151.5, -151.5, -151.5, -151.5, -151.5, -151.5, 361.0000000000142, -14.0, 510.9999999999977, 211.00000000003072, 60.99999999999174, -151.5, -151.5, 1486.0000000000014, -151.5, -151.5, -151.5, -151.5, 973.50000000003, -151.5, -151.5, -151.5, -151.5, -151.5, 710.9999999999757, -151.5, 485.9999999999449, -151.5, -151.5, -151.5, -151.5, 261.00000000002524, 1836.0000000000182, -151.5, -151.5, -151.5, -151.5, -151.5, 236.00000000002797, -151.5, -151.5, 261.00000000002524, -151.5, -151.5, -151.5, -151.5, -151.5, -151.5, 361.0000000000142, -151.5, -151.5, -151.5, -151.5, -151.5, -151.5, -151.5, -151.5, -151.5, -151.5, -151.5, -151.5, 2486, -151.5, -151.5, -151.5, -151.5, -151.5, -151.5, -151.5, -151.5, -151.5, 161.00000000003624, -151.5, -151.5, 735.9999999999729, -151.5, -151.5, 1461.000000000004, -151.5, -151.5, 1323.500000000047, -151.5, 260.9999999999697, -151.5, -151.5, -151.5, -151.5, -151.5, -151.5, -151.5, -151.5, -151.5, -151.5, -151.5, 1811.0000000000211, -151.5, -151.5, -151.5, -151.5, -151.5, -151.5, -151.5, -151.5, -151.5, -151.5, 573.5000000000185, -151.5, -151.5, -151.5, -151.5, 860.9999999999592, -151.5, -151.5, 285.999999999967, -151.5, 798.4999999999937, 411.0000000000087, -151.5, 1660.999999999982]
Daily Returns: [-151.5, 0, 0, 0, 0, 0, 2486, 0, 0, 0, 0, 0, 0, 2334.5, 0, 0, 0, 0, 0, -151.5, 0, 0, 0, 0, -151.5, 0, 0, 0, 0, 0, 0, 0, 0, 0, 0, 0, 0, 0, 0, 0, 0, -151.5, 0, 0, 0, 0, 0, -151.5, 0, 0, 0, 0, 0, -151.5, -151.5, 0, 0, 0, 0, 0, 0, 0, 0, 0, 0, 0, 0, -151.5, 0, 0, 461.0000000000032, 0, -151.5, 0, 0, 0, -151.5, 0, 0, 0, 0, -151.5, 0, 0, 0, 0, 0]
Sharpe Ratio: 0.111
Annualized Sharpe: 1.77
Sharpe 95% CI: (np.float64(-6.005), np.float64(3.579))
Daily Win Rate (%): 21.43
Max Drawdown: -1060.5
Profit Factor: 3.169
Expectancy: 41.552
Trades Per Month (Global): 18.916666666666668
Total Days: 87

Rolling 0 - Variant 3 - 10_20 - Test Metrics
Trade Returns: [-151.5, 2486, 2486, -151.5, -151.5, -151.5, -151.5, -151.5, -151.5, -151.5, -151.5, 461.0000000000032, -151.5, -151.5, -151.5, -151.5, -151.5, -151.5, -151.5, -151.5, -151.5, -151.5, 1185.9999999999789, -151.5, -151.5, -151.5, -151.5, -151.5, -151.5, -151.5, 173.5000000000071, -151.5, -151.5, -151.5, -151.5, 1386.0000000000123, -151.5, -151.5, 411.0000000000087, -151.5, -151.5, -151.5, 586.0000000000449, -151.5, -151.5, -151.5, -151.5, -151.5, -151.5, -151.5, -151.5, -151.5, -151.5, -151.5, -14.0, 2486, -151.5, -151.5, -151.5, -14.0, -151.5, -151.5, 248.49999999999886, -151.5, -151.5, -151.5, -151.5, -151.5, -151.5, -151.5, -151.5, -151.5, -151.5, 585.9999999999894, -151.5, 711.0000000000312, -151.5, -151.5, -151.5, -151.5, -151.5, -151.5, -151.5, -151.5, -151.5, -26.50000000002638, -151.5, -151.5, -151.5, 486.00000000000045, -151.5, 410.9999999999532, -151.5, 360.9999999999587, -151.5, -151.5, -151.5, -151.5, 535.9999999999949, -151.5, -151.5, -151.5, -151.5, -151.5, 785.9999999999674, 60.99999999999174, 585.9999999999894, -151.5, -151.5, -151.5, -151.5, -151.5, -151.5, -151.5, 361.0000000000142, -14.0, 510.9999999999977, 211.00000000003072, 60.99999999999174, -151.5, -151.5, 1486.0000000000014, -151.5, -151.5, -151.5, -151.5, 973.50000000003, -151.5, -151.5, -151.5, -151.5, -151.5, 710.9999999999757, -151.5, 485.9999999999449, -151.5, -151.5, -151.5, -151.5, 261.00000000002524, 1836.0000000000182, -151.5, -151.5, -151.5, -151.5, -151.5, 236.00000000002797, -151.5, -151.5, 261.00000000002524, -151.5, -151.5, -151.5, -151.5, -151.5, -151.5, 361.0000000000142, -151.5, -151.5, -151.5, -151.5, -151.5, -151.5, -151.5, -151.5, -151.5, -151.5, -151.5, -151.5, 2486, -151.5, -151.5, -151.5, -151.5, -151.5, -151.5, -151.5, -151.5, -151.5, 161.00000000003624, -151.5, -151.5, 735.9999999999729, -151.5, -151.5, 1461.000000000004, -151.5, -151.5, 1323.500000000047, -151.5, 260.9999999999697, -151.5, -151.5, -151.5, -151.5, -151.5, -151.5, -151.5, -151.5, -151.5, -151.5, -151.5, 1811.0000000000211, -151.5, -151.5, -151.5, -151.5, -151.5, -151.5, -151.5, -151.5, -151.5, -151.5, 573.5000000000185, -151.5, -151.5, -151.5, -151.5, 860.9999999999592, -151.5, -151.5, 285.999999999967, -151.5, 798.4999999999937, 411.0000000000087, -151.5, 1660.999999999982]
Daily Returns: [0, 0, -151.5, 0, -151.5, 0, -151.5, 0, 0, 0, -151.5, 0, 0, 0, 0, 0, -151.5, 0, -151.5, 0, 0, 0, 0, 0, 0, -151.5, 0, 1185.9999999999789, -151.5, 0, 0, 0, 0, 0, 0, 0, 0, 0, -151.5, -151.5, 0, 0, -151.5, -151.5, 0, 0, -151.5, 0, -151.5, 0, 0, 0, 0, 0, 173.5000000000071, 0, 0, 0, 0, -151.5, 0, 0, 0, 0, 0, 0, -303.0, 0, 0, 0, -151.5, 0, 1386.0000000000123, 0, -151.5, 0, 0, 0, -151.5, 0, 0, 0, 411.0000000000087, 0, -151.5, 0, 0, 0, -151.5, 0, 0, 0, -151.5, 586.0000000000449, 0, 0, -303.0, 0, 0, 0, 0, 0, 0, 0, 0, -151.5, 0, 0, 0, 0, 0, 0, 0, 0, 0, 0, -151.5, 0, -151.5, 0, 0, 0, 0, -151.5, 0, 0, 0, 0, 0, 0, 0, 0, 0, 0, 0, 0, -151.5, 0, 0, 0, -151.5, 0, 0, 0, 0, -151.5, 0, 0, -303.0, 0, -14.0, 0, 0, 0, 0, 0, 0, 0, 0, 2486, 0, 0, 0, 0, 0, -151.5, 0, 0, 0, 0, 0, 0, 0, 0, -151.5, 0, 0, -165.5, 0, 0, -151.5, 0, 0, 0, 0, 0, 0, -151.5, 0, 0, 0, 0, 0, 248.49999999999886, 0, 0, -303.0, 0, 0, 0, 0, 0, 0, 0, 0, -151.5, 0, 0, 0, 0, -454.5, 0, -151.5, 0, 0, 0, 0, 0, 0, 0, 0, 0, 0, 0, 0, 0, -151.5, 0, 0, 0, 0, 0, 0, 0, 0, 0, -151.5, 434.4999999999894, 0, 0, -151.5, 0, 711.0000000000312, -151.5, 0, 0, 0, -151.5, 0, -151.5, -151.5, 0, 0, 0, 0, -151.5, 0, 0, 0, -303.0, 0, 0, 0, 0, 0, 0, 0, 0, 0, 0, 0, 0, 0, -151.5, -151.5, 0, 0, 0, 0, 0, 0, 0, 0, -26.50000000002638, 0, -151.5, 0, 0, 0, 0, 0, 0, 0, 0, 0, 0, 0, 0, 0, 0, 0, -151.5, 0, 0, 0, 0, 0, 334.50000000000045, 0, -151.5, 0, 0, 620.4999999999119, 0, 0, 0, 0, 0, -151.5, -303.0, 384.4999999999949, -303.0, 0, 0, 0, 0, 0, 0, -303.0, -151.5, 0, 0, 0, 846.9999999999591, 585.9999999999894, 0, 0, -151.5, 0, 0, 0, 0, 0, 0, 0, 0, 0, 0, 0, 0, -151.5, 0, 0, 0, 0, 0, 0, 0, 0, 0, 0, 0, -151.5, -151.5, 0, 0, -151.5, 0, -151.5, -151.5, 0, 0, 0, 0, 0, 0, 0, 0, 0, 0, 361.0000000000142, 0, 0, 0, 0, 0, 0, 0, 0, 0, 0, 0, 0, -14.0, 722.0000000000284, 0, 60.99999999999174, -303.0, 0, 0, 0, 0, 0, 0, 1334.5000000000014, -151.5, 0, 0, 0, 0, 0, -151.5, 0, 0, 0, 0, -151.5, 0, 0, 0, 0, 0, 973.50000000003, 0, 0, 0, 0, 0, -151.5, 0, -151.5, 0, 0, 0, 0, 0, -151.5, 0, -151.5, 0, 0, -151.5, 0, 0, 0, 710.9999999999757, 0, 0, 0, 0, -151.5, 485.9999999999449, 0, 0, 0, -151.5, 0, 0, 0, 0, 0, 0, 0, 0, 0, 0, 0, 0, 0, 0, 0, 0, 0, 0, 0, 0, -151.5, 0, 0, 0, -151.5, 0, 0, 0, -151.5, 0, 0, 0, 0, 0, 261.00000000002524, 0, 0, 1836.0000000000182, 0, 0, 0, 0, 0, 0, 0, 0, 0, 0, 0, 0, 0, 0, 0, 0, 0, 0, 0, -151.5, 0, 0, 0, 0, 0, 0, -151.5, 0, 0, 0, 0, -303.0, 0, 0, 0, -151.5, 236.00000000002797, 0, -303.0, 0, 0, 0, 0, 0, 0, 0, 0, 0, 0, 0, 0, 0, 0, 0, 0, 0, 0, 0, 0, 0, 0, 0, 0, 0, 109.50000000002524, -151.5, 0, 0, 0, 0, 0, 0, -151.5, 0, 0, 0, 0, 0, 0, 0, 0, 0, 0, -151.5, 0, 0, 0, 0, 0, -151.5, -151.5, 0, 361.0000000000142, 0, -151.5, 0, 0, -151.5, 0, 0, 0, -151.5, 0, 0, 0, 0, -151.5, -151.5, 0, 0, 0, 0, 0, 0, 0, 0, 0, 0, -151.5, 0, 0, 0, 0, 0, -151.5, -151.5, 0, 0, 0, 0, 0, -151.5, 0, 0, 0, 0, -151.5, 0, 0, 0, 0, 0, 0, -151.5, 0, 0, 0, 0, 0, 0, -151.5, 0, 0, 0, 0, 0, 2334.5, 0, 0, 0, 0, 0, 0, 0, 0, 0, 0, 0, 0, -454.5, 0, 0, 0, -151.5, 0, 0, 0, 0, 0, 0, 0, 0, -151.5, 0, -303.0, 0, 9.500000000036238, 0, 0, 0, 0, 0, 0, 0, 0, 0, -151.5, 0, -151.5, 0, 0, 0, 0, 735.9999999999729, -151.5, 0, 0, 0, 0, 0, 0, 0, 0, 0, 0, 0, -151.5, 0, 0, 0, 0, 0, 1309.500000000004, 0, 0, 0, 0, -151.5, 0, 0, 0, 0, 0, 0, 1323.500000000047, 0, 0, 0, -151.5, 0, 0, 0, 260.9999999999697, 0, 0, 0, -151.5, 0, -151.5, 0, 0, 0, 0, 0, 0, 0, -303.0, -454.5, 0, 0, 0, 0, 0, -151.5, 0, 0, -151.5, 0, -303.0, 0, 0, 0, 0, 0, 0, 0, 0, 0, 0, 0, 1659.5000000000211, 0, 0, 0, 0, 0, 0, 0, 0, 0, 0, 0, -151.5, 0, 0, 0, 0, 0, 0, -151.5, 0, 0, 0, 0, -151.5, 0, 0, 0, 0, 0, 0, -151.5, 0, -151.5, -151.5, 0, 0, -151.5, 0, 0, -151.5, 0, -151.5, 0, 0, 0, 573.5000000000185, 0, 0, -151.5, 0, 0, -151.5, 0, 0, 0, 0, -151.5, -151.5, 0, 860.9999999999592, 0, 0, 0, 0, 0, 0, 0, -151.5, 0, 0, 0, 0, -151.5, 0, 0, 134.49999999996697, 0, 0, 0, 0, 0, 0, 0, 0, 0, 798.4999999999937, 0, 0, 0, 0, 0, 0, 0, 0, 0, 0, 411.0000000000087, -151.5, 1660.999999999982, 0, 0, 0, 0, 0, 0]
Sharpe Ratio: 0.033
Annualized Sharpe: 0.527
Sharpe 95% CI: (np.float64(-0.584), np.float64(1.359))
Daily Win Rate (%): 22.03
Max Drawdown: -2929.5
Profit Factor: 1.27
Expectancy: 7.238
Trades Per Month (Global): 18.916666666666668
Total Days: 880



Rolling 0 - Variant 4 - 20_15 - Fit Metrics
Trade Returns: [-144.5, 1868, 1868, -144.5, 24.249999999996557, -144.5, -144.5, -144.5, -144.5, -144.5, -144.5, 230.5000000000016, -144.5, -144.5, -144.5, -144.5, -144.5, -144.5, 205.4999999999766, -144.5, -144.5, -144.5, 592.9999999999894, -144.5, -144.5, -144.5, -144.5, -144.5, -144.5, -144.5, 86.75000000000355, -144.5, -144.5, -144.5, -144.5, 693.0000000000061, -144.5, 143.00000000001123, 205.50000000000435, -144.5, -144.5, -144.5, 293.00000000002245, -144.5, -144.5, -144.5, -144.5, -144.5, -144.5, -144.5, 80.50000000001812, -144.5, -144.5, -144.5, -7.0, 1217.9999999999761, -144.5, -144.5, -144.5, -7.0, -144.5, -144.5, 124.24999999999943, 1243.0000000000011, -144.5, 511.7500000000123, -144.5, 392.9999999999837, -144.5, -144.5, -144.5, -144.5, -144.5, 292.9999999999947, -144.5, 355.5000000000156, -144.5, -144.5, -144.5, -144.5, -144.5, -144.5, -144.5, -144.5, -144.5, -13.25000000001319, -144.5, -144.5, -144.5, 243.00000000000023, 430.50000000000733, 205.4999999999766, -144.5, 180.49999999997934, -144.5, -144.5, -144.5, -144.5, 267.99999999999744, -144.5, -144.5, 1280.499999999997, -144.5, -144.5, 392.9999999999837, 30.49999999999587, 292.9999999999947, -144.5, -144.5, -144.5, -144.5, -144.5, -144.5, -144.5, 180.5000000000071, -7.0, 255.49999999999886, 105.50000000001536, 30.49999999999587, -144.5, -144.5, 743.0000000000007, -144.5, 505.4999999999991, -144.5, -144.5, 486.750000000015, -144.5, -144.5, -144.5, -144.5, -144.5, 355.49999999998784, 80.49999999999037, 242.99999999997246, -144.5, 86.75000000000355, -144.5, -144.5, 130.50000000001262, 918.0000000000091, -144.5, -144.5, -144.5, -144.5, -144.5, 118.00000000001398, -144.5, 386.7499999999983, 130.50000000001262, -82.0000000000195, -69.50000000002088, -144.5, -144.5, -144.5, -144.5, 180.5000000000071, -144.5, -144.5, -144.5, -144.5, -144.5, -144.5, 480.5000000000018, -144.5, -144.5, -144.5, -144.5, -144.5, 874.2500000000001, -144.5, -144.5, -144.5, -144.5, -144.5, -144.5, -144.5, -144.5, -144.5, 80.50000000001812, 261.75000000001205, -144.5, 367.99999999998647, -144.5, -144.5, 730.500000000002, -144.5, -144.5, 661.7500000000235, -144.5, 130.49999999998485, 536.7499999999817, -144.5, -144.5, -144.5, -144.5, -144.5, -144.5, -144.5, -144.5, -144.5, -144.5, 905.5000000000106, -144.5, -144.5, -144.5, -144.5, -144.5, -144.5, -144.5, -144.5, -144.5, -144.5, 286.75000000000927, -144.5, -144.5, -7.0, -144.5, 430.4999999999796, -144.5, -144.5, 142.9999999999835, -144.5, 399.2499999999969, 205.50000000000435, -144.5, 830.499999999991]
Daily Returns: [-144.5, 0, 0, 0, 0, 0, 1868, 0, 0, 0, 0, 0, 0, 1723.5, 0, 0, 0, 0, 0, 24.249999999996557, 0, 0, 0, 0, -144.5, 0, 0, 0, 0, 0, 0, 0, 0, 0, 0, 0, 0, 0, 0, 0, 0, -144.5, 0, 0, 0, 0, 0, -144.5, 0, 0, 0, 0, 0, -144.5, -144.5, 0, 0, 0, 0, 0, 0, 0, 0, 0, 0, 0, 0, -144.5, 0, 0, 230.5000000000016, 0, -144.5, 0, 0, 0, -144.5, 0, 0, 0, 0, -144.5, 0, 0, 0, 0, 0]
Sharpe Ratio: 0.099
Annualized Sharpe: 1.575
Sharpe 95% CI: (np.float64(-5.668), np.float64(3.444))
Daily Win Rate (%): 28.57
Max Drawdown: -1070.0
Profit Factor: 2.662
Expectancy: 27.601
Trades Per Month (Global): 18.916666666666668
Total Days: 87

Rolling 0 - Variant 4 - 20_15 - Test Metrics
Trade Returns: [-144.5, 1868, 1868, -144.5, 24.249999999996557, -144.5, -144.5, -144.5, -144.5, -144.5, -144.5, 230.5000000000016, -144.5, -144.5, -144.5, -144.5, -144.5, -144.5, 205.4999999999766, -144.5, -144.5, -144.5, 592.9999999999894, -144.5, -144.5, -144.5, -144.5, -144.5, -144.5, -144.5, 86.75000000000355, -144.5, -144.5, -144.5, -144.5, 693.0000000000061, -144.5, 143.00000000001123, 205.50000000000435, -144.5, -144.5, -144.5, 293.00000000002245, -144.5, -144.5, -144.5, -144.5, -144.5, -144.5, -144.5, 80.50000000001812, -144.5, -144.5, -144.5, -7.0, 1217.9999999999761, -144.5, -144.5, -144.5, -7.0, -144.5, -144.5, 124.24999999999943, 1243.0000000000011, -144.5, 511.7500000000123, -144.5, 392.9999999999837, -144.5, -144.5, -144.5, -144.5, -144.5, 292.9999999999947, -144.5, 355.5000000000156, -144.5, -144.5, -144.5, -144.5, -144.5, -144.5, -144.5, -144.5, -144.5, -13.25000000001319, -144.5, -144.5, -144.5, 243.00000000000023, 430.50000000000733, 205.4999999999766, -144.5, 180.49999999997934, -144.5, -144.5, -144.5, -144.5, 267.99999999999744, -144.5, -144.5, 1280.499999999997, -144.5, -144.5, 392.9999999999837, 30.49999999999587, 292.9999999999947, -144.5, -144.5, -144.5, -144.5, -144.5, -144.5, -144.5, 180.5000000000071, -7.0, 255.49999999999886, 105.50000000001536, 30.49999999999587, -144.5, -144.5, 743.0000000000007, -144.5, 505.4999999999991, -144.5, -144.5, 486.750000000015, -144.5, -144.5, -144.5, -144.5, -144.5, 355.49999999998784, 80.49999999999037, 242.99999999997246, -144.5, 86.75000000000355, -144.5, -144.5, 130.50000000001262, 918.0000000000091, -144.5, -144.5, -144.5, -144.5, -144.5, 118.00000000001398, -144.5, 386.7499999999983, 130.50000000001262, -82.0000000000195, -69.50000000002088, -144.5, -144.5, -144.5, -144.5, 180.5000000000071, -144.5, -144.5, -144.5, -144.5, -144.5, -144.5, 480.5000000000018, -144.5, -144.5, -144.5, -144.5, -144.5, 874.2500000000001, -144.5, -144.5, -144.5, -144.5, -144.5, -144.5, -144.5, -144.5, -144.5, 80.50000000001812, 261.75000000001205, -144.5, 367.99999999998647, -144.5, -144.5, 730.500000000002, -144.5, -144.5, 661.7500000000235, -144.5, 130.49999999998485, 536.7499999999817, -144.5, -144.5, -144.5, -144.5, -144.5, -144.5, -144.5, -144.5, -144.5, -144.5, 905.5000000000106, -144.5, -144.5, -144.5, -144.5, -144.5, -144.5, -144.5, -144.5, -144.5, -144.5, 286.75000000000927, -144.5, -144.5, -7.0, -144.5, 430.4999999999796, -144.5, -144.5, 142.9999999999835, -144.5, 399.2499999999969, 205.50000000000435, -144.5, 830.499999999991]
Daily Returns: [0, 0, -144.5, 0, -144.5, 0, -144.5, 0, 0, 0, 205.4999999999766, 0, 0, 0, 0, 0, -144.5, 0, -144.5, 0, 0, 0, 0, 0, 0, -144.5, 0, 592.9999999999894, -144.5, 0, 0, 0, 0, 0, 0, 0, 0, 0, -144.5, -144.5, 0, 0, -144.5, -144.5, 0, 0, -144.5, 0, -144.5, 0, 0, 0, 0, 0, 86.75000000000355, 0, 0, 0, 0, -144.5, 0, 0, 0, 0, 0, 0, -289.0, 0, 0, 0, -144.5, 0, 693.0000000000061, 0, -144.5, 0, 0, 0, 143.00000000001123, 0, 0, 0, 205.50000000000435, 0, -144.5, 0, 0, 0, -144.5, 0, 0, 0, -144.5, 293.00000000002245, 0, 0, -289.0, 0, 0, 0, 0, 0, 0, 0, 0, -144.5, 0, 0, 0, 0, 0, 0, 0, 0, 0, 0, -144.5, 0, -144.5, 0, 0, 0, 0, -144.5, 0, 0, 0, 0, 0, 0, 0, 0, 0, 0, 0, 0, -144.5, 0, 0, 0, 80.50000000001812, 0, 0, 0, 0, -144.5, 0, 0, -289.0, 0, -7.0, 0, 0, 0, 0, 0, 0, 0, 0, 1217.9999999999761, 0, 0, 0, 0, 0, -144.5, 0, 0, 0, 0, 0, 0, 0, 0, -144.5, 0, 0, -151.5, 0, 0, -144.5, 0, 0, 0, 0, 0, 0, -144.5, 0, 0, 0, 0, 0, 124.24999999999943, 0, 0, 1098.5000000000011, 0, 0, 0, 0, 0, 0, 0, 0, 511.7500000000123, 0, 0, 0, 0, 103.99999999998369, 0, -144.5, 0, 0, 0, 0, 0, 0, 0, 0, 0, 0, 0, 0, 0, -144.5, 0, 0, 0, 0, 0, 0, 0, 0, 0, -144.5, 148.4999999999947, 0, 0, -144.5, 0, 355.5000000000156, -144.5, 0, 0, 0, -144.5, 0, -144.5, -144.5, 0, 0, 0, 0, -144.5, 0, 0, 0, -289.0, 0, 0, 0, 0, 0, 0, 0, 0, 0, 0, 0, 0, 0, -144.5, -144.5, 0, 0, 0, 0, 0, 0, 0, 0, -13.25000000001319, 0, -144.5, 0, 0, 0, 0, 0, 0, 0, 0, 0, 0, 0, 0, 0, 0, 0, -144.5, 0, 0, 0, 0, 0, 98.50000000000023, 0, 430.50000000000733, 0, 0, 241.49999999995595, 0, 0, 0, 0, 0, -144.5, -289.0, 123.49999999999744, -289.0, 0, 0, 0, 0, 0, 0, 1135.999999999997, -144.5, 0, 0, 0, 423.49999999997954, 292.9999999999947, 0, 0, -144.5, 0, 0, 0, 0, 0, 0, 0, 0, 0, 0, 0, 0, -144.5, 0, 0, 0, 0, 0, 0, 0, 0, 0, 0, 0, -144.5, -144.5, 0, 0, -144.5, 0, -144.5, -144.5, 0, 0, 0, 0, 0, 0, 0, 0, 0, 0, 180.5000000000071, 0, 0, 0, 0, 0, 0, 0, 0, 0, 0, 0, 0, -7.0, 361.0000000000142, 0, 30.49999999999587, -289.0, 0, 0, 0, 0, 0, 0, 598.5000000000007, 505.4999999999991, 0, 0, 0, 0, 0, -144.5, 0, 0, 0, 0, -144.5, 0, 0, 0, 0, 0, 486.750000000015, 0, 0, 0, 0, 0, -144.5, 0, -144.5, 0, 0, 0, 0, 0, -144.5, 0, -144.5, 0, 0, -144.5, 0, 0, 0, 355.49999999998784, 0, 0, 0, 0, 80.49999999999037, 242.99999999997246, 0, 0, 0, -144.5, 0, 0, 0, 0, 0, 0, 0, 0, 0, 0, 0, 0, 0, 0, 0, 0, 0, 0, 0, 0, 86.75000000000355, 0, 0, 0, -144.5, 0, 0, 0, -144.5, 0, 0, 0, 0, 0, 130.50000000001262, 0, 0, 918.0000000000091, 0, 0, 0, 0, 0, 0, 0, 0, 0, 0, 0, 0, 0, 0, 0, 0, 0, 0, 0, -144.5, 0, 0, 0, 0, 0, 0, -144.5, 0, 0, 0, 0, -289.0, 0, 0, 0, -144.5, 118.00000000001398, 0, 242.2499999999983, 0, 0, 0, 0, 0, 0, 0, 0, 0, 0, 0, 0, 0, 0, 0, 0, 0, 0, 0, 0, 0, 0, 0, 0, 0, 48.49999999999312, -69.50000000002088, 0, 0, 0, 0, 0, 0, -144.5, 0, 0, 0, 0, 0, 0, 0, 0, 0, 0, -144.5, 0, 0, 0, 0, 0, -144.5, -144.5, 0, 180.5000000000071, 0, -144.5, 0, 0, -144.5, 0, 0, 0, -144.5, 0, 0, 0, 0, -144.5, -144.5, 0, 0, 0, 0, 0, 0, 0, 0, 0, 0, -144.5, 0, 0, 0, 0, 0, 480.5000000000018, -144.5, 0, 0, 0, 0, 0, -144.5, 0, 0, 0, 0, -144.5, 0, 0, 0, 0, 0, 0, -144.5, 0, 0, 0, 0, 0, 0, -144.5, 0, 0, 0, 0, 0, 729.7500000000001, 0, 0, 0, 0, 0, 0, 0, 0, 0, 0, 0, 0, -433.5, 0, 0, 0, -144.5, 0, 0, 0, 0, 0, 0, 0, 0, -144.5, 0, -289.0, 0, -63.99999999998188, 0, 0, 0, 0, 0, 0, 0, 0, 0, 261.75000000001205, 0, -144.5, 0, 0, 0, 0, 367.99999999998647, -144.5, 0, 0, 0, 0, 0, 0, 0, 0, 0, 0, 0, -144.5, 0, 0, 0, 0, 0, 586.000000000002, 0, 0, 0, 0, -144.5, 0, 0, 0, 0, 0, 0, 661.7500000000235, 0, 0, 0, -144.5, 0, 0, 0, 130.49999999998485, 0, 0, 0, 536.7499999999817, 0, -144.5, 0, 0, 0, 0, 0, 0, 0, -289.0, -433.5, 0, 0, 0, 0, 0, -144.5, 0, 0, -144.5, 0, -289.0, 0, 0, 0, 0, 0, 0, 0, 0, 0, 0, 0, 761.0000000000106, 0, 0, 0, 0, 0, 0, 0, 0, 0, 0, 0, -144.5, 0, 0, 0, 0, 0, 0, -144.5, 0, 0, 0, 0, -144.5, 0, 0, 0, 0, 0, 0, -144.5, 0, -144.5, -144.5, 0, 0, -144.5, 0, 0, -144.5, 0, -144.5, 0, 0, 0, 286.75000000000927, 0, 0, -144.5, 0, 0, -144.5, 0, 0, 0, 0, -7.0, -144.5, 0, 430.4999999999796, 0, 0, 0, 0, 0, 0, 0, -144.5, 0, 0, 0, 0, -144.5, 0, 0, -1.500000000016513, 0, 0, 0, 0, 0, 0, 0, 0, 0, 399.2499999999969, 0, 0, 0, 0, 0, 0, 0, 0, 0, 0, 205.50000000000435, -144.5, 830.499999999991, 0, 0, 0, 0, 0, 0]
Sharpe Ratio: 0.004
Annualized Sharpe: 0.061
Sharpe 95% CI: (np.float64(-1.067), np.float64(1.047))
Daily Win Rate (%): 29.38
Max Drawdown: -2551.5
Profit Factor: 1.023
Expectancy: 0.508
Trades Per Month (Global): 18.916666666666668
Total Days: 880



Rolling 1 - Variant 0 - 10_20 - Fit Metrics
Trade Returns: [-151.5, 2486, 2486, -151.5, -151.5, -151.5, -151.5, -151.5, -151.5, -151.5, -151.5, 461.0000000000032, -151.5, -151.5, -151.5, -151.5, -151.5, -151.5, -151.5, -151.5, -151.5, -151.5, 1185.9999999999789, -151.5, -151.5, -151.5, -151.5, -151.5, -151.5, -151.5, 173.5000000000071, -151.5, -151.5, -151.5, -151.5, 1386.0000000000123, -151.5, -151.5, 411.0000000000087, -151.5, -151.5, -151.5, 586.0000000000449, -151.5, -151.5, -151.5, -151.5, -151.5, -151.5, -151.5, -151.5, -151.5, -151.5, -151.5, -14.0, 2486, -151.5, -151.5, -151.5, -14.0, -151.5, -151.5, 248.49999999999886, -151.5, -151.5, -151.5, -151.5, -151.5, -151.5, -151.5, -151.5, -151.5, -151.5, 585.9999999999894, -151.5, 711.0000000000312, -151.5, -151.5, -151.5, -151.5, -151.5, -151.5, -151.5, -151.5, -151.5, -26.50000000002638, -151.5, -151.5, -151.5, 486.00000000000045, -151.5, 410.9999999999532, -151.5, 360.9999999999587, -151.5, -151.5, -151.5, -151.5, 535.9999999999949, -151.5, -151.5, -151.5, -151.5, -151.5, 785.9999999999674, 60.99999999999174, 585.9999999999894, -151.5, -151.5, -151.5, -151.5, -151.5, -151.5, -151.5, 361.0000000000142, -14.0, 510.9999999999977, 211.00000000003072, 60.99999999999174, -151.5, -151.5, 1486.0000000000014, -151.5, -151.5, -151.5, -151.5, 973.50000000003, -151.5, -151.5, -151.5, -151.5, -151.5, 710.9999999999757, -151.5, 485.9999999999449, -151.5, -151.5, -151.5, -151.5, 261.00000000002524, 1836.0000000000182, -151.5, -151.5, -151.5, -151.5, -151.5, 236.00000000002797, -151.5, -151.5, 261.00000000002524, -151.5, -151.5, -151.5, -151.5, -151.5, -151.5, 361.0000000000142, -151.5, -151.5, -151.5, -151.5, -151.5, -151.5, -151.5, -151.5, -151.5, -151.5, -151.5, -151.5, 2486, -151.5, -151.5, -151.5, -151.5, -151.5, -151.5, -151.5, -151.5, -151.5, 161.00000000003624, -151.5, -151.5, 735.9999999999729, -151.5, -151.5, 1461.000000000004, -151.5, -151.5, 1323.500000000047, -151.5, 260.9999999999697, -151.5, -151.5, -151.5, -151.5, -151.5, -151.5, -151.5, -151.5, -151.5, -151.5, -151.5, 1811.0000000000211, -151.5, -151.5, -151.5, -151.5, -151.5, -151.5, -151.5, -151.5, -151.5, -151.5, 573.5000000000185, -151.5, -151.5, -151.5, -151.5, 860.9999999999592, -151.5, -151.5, 285.999999999967, -151.5, 798.4999999999937, 411.0000000000087, -151.5, 1660.999999999982]
Daily Returns: [-151.5, 0, 0, 0, 0, 0, 2486, 0, 0, 0, 0, 0, 0, 2334.5, 0, 0, 0, 0, 0, -151.5, 0, 0, 0, 0, -151.5, 0, 0, 0, 0, 0, 0, 0, 0, 0, 0, 0, 0, 0, 0, 0, 0, -151.5, 0, 0, 0, 0, 0, -151.5, 0, 0, 0, 0, 0, -151.5, -151.5, 0, 0, 0, 0, 0, 0, 0, 0, 0, 0, 0, 0, -151.5, 0, 0, 461.0000000000032, 0, -151.5, 0, 0, 0, -151.5, 0, 0, 0, 0, -151.5, 0, 0, 0, 0, 0, 0, 0, -151.5, 0, -151.5, 0, -151.5, 0, 0, 0, -151.5, 0, 0, 0, 0, 0, -151.5, 0, -151.5, 0, 0, 0, 0, 0, 0, -151.5, 0, 1185.9999999999789, -151.5, 0, 0, 0, 0, 0, 0, 0, 0, 0, -151.5, -151.5, 0, 0, -151.5, -151.5, 0, 0, -151.5, 0, -151.5, 0, 0, 0, 0, 0, 173.5000000000071, 0, 0, 0, 0, -151.5, 0, 0, 0, 0, 0, 0, -303.0, 0, 0, 0, -151.5, 0, 1386.0000000000123, 0, -151.5, 0, 0, 0, -151.5, 0]
Sharpe Ratio: 0.064
Annualized Sharpe: 1.023
Sharpe 95% CI: (np.float64(-2.715), np.float64(2.6))
Daily Win Rate (%): 16.67
Max Drawdown: -2421.5
Profit Factor: 1.709
Expectancy: 19.943
Trades Per Month (Global): 18.916666666666668
Total Days: 167

Rolling 1 - Variant 0 - 10_20 - Test Metrics
Trade Returns: [-151.5, 2486, 2486, -151.5, -151.5, -151.5, -151.5, -151.5, -151.5, -151.5, -151.5, 461.0000000000032, -151.5, -151.5, -151.5, -151.5, -151.5, -151.5, -151.5, -151.5, -151.5, -151.5, 1185.9999999999789, -151.5, -151.5, -151.5, -151.5, -151.5, -151.5, -151.5, 173.5000000000071, -151.5, -151.5, -151.5, -151.5, 1386.0000000000123, -151.5, -151.5, 411.0000000000087, -151.5, -151.5, -151.5, 586.0000000000449, -151.5, -151.5, -151.5, -151.5, -151.5, -151.5, -151.5, -151.5, -151.5, -151.5, -151.5, -14.0, 2486, -151.5, -151.5, -151.5, -14.0, -151.5, -151.5, 248.49999999999886, -151.5, -151.5, -151.5, -151.5, -151.5, -151.5, -151.5, -151.5, -151.5, -151.5, 585.9999999999894, -151.5, 711.0000000000312, -151.5, -151.5, -151.5, -151.5, -151.5, -151.5, -151.5, -151.5, -151.5, -26.50000000002638, -151.5, -151.5, -151.5, 486.00000000000045, -151.5, 410.9999999999532, -151.5, 360.9999999999587, -151.5, -151.5, -151.5, -151.5, 535.9999999999949, -151.5, -151.5, -151.5, -151.5, -151.5, 785.9999999999674, 60.99999999999174, 585.9999999999894, -151.5, -151.5, -151.5, -151.5, -151.5, -151.5, -151.5, 361.0000000000142, -14.0, 510.9999999999977, 211.00000000003072, 60.99999999999174, -151.5, -151.5, 1486.0000000000014, -151.5, -151.5, -151.5, -151.5, 973.50000000003, -151.5, -151.5, -151.5, -151.5, -151.5, 710.9999999999757, -151.5, 485.9999999999449, -151.5, -151.5, -151.5, -151.5, 261.00000000002524, 1836.0000000000182, -151.5, -151.5, -151.5, -151.5, -151.5, 236.00000000002797, -151.5, -151.5, 261.00000000002524, -151.5, -151.5, -151.5, -151.5, -151.5, -151.5, 361.0000000000142, -151.5, -151.5, -151.5, -151.5, -151.5, -151.5, -151.5, -151.5, -151.5, -151.5, -151.5, -151.5, 2486, -151.5, -151.5, -151.5, -151.5, -151.5, -151.5, -151.5, -151.5, -151.5, 161.00000000003624, -151.5, -151.5, 735.9999999999729, -151.5, -151.5, 1461.000000000004, -151.5, -151.5, 1323.500000000047, -151.5, 260.9999999999697, -151.5, -151.5, -151.5, -151.5, -151.5, -151.5, -151.5, -151.5, -151.5, -151.5, -151.5, 1811.0000000000211, -151.5, -151.5, -151.5, -151.5, -151.5, -151.5, -151.5, -151.5, -151.5, -151.5, 573.5000000000185, -151.5, -151.5, -151.5, -151.5, 860.9999999999592, -151.5, -151.5, 285.999999999967, -151.5, 798.4999999999937, 411.0000000000087, -151.5, 1660.999999999982]
Daily Returns: [0, 0, 411.0000000000087, 0, -151.5, 0, 0, 0, -151.5, 0, 0, 0, -151.5, 586.0000000000449, 0, 0, -303.0, 0, 0, 0, 0, 0, 0, 0, 0, -151.5, 0, 0, 0, 0, 0, 0, 0, 0, 0, 0, -151.5, 0, -151.5, 0, 0, 0, 0, -151.5, 0, 0, 0, 0, 0, 0, 0, 0, 0, 0, 0, 0, -151.5, 0, 0, 0, -151.5, 0, 0, 0, 0, -151.5, 0, 0, -303.0, 0, -14.0, 0, 0, 0, 0, 0, 0, 0, 0, 2486, 0, 0, 0, 0, 0, -151.5, 0, 0, 0, 0, 0, 0, 0, 0, -151.5, 0, 0, -165.5, 0, 0, -151.5, 0, 0, 0, 0, 0, 0, -151.5, 0, 0, 0, 0, 0, 248.49999999999886, 0, 0, -303.0, 0, 0, 0, 0, 0, 0, 0, 0, -151.5, 0, 0, 0, 0, -454.5, 0, -151.5, 0, 0, 0, 0, 0, 0, 0, 0, 0, 0, 0, 0, 0, -151.5, 0, 0, 0, 0, 0, 0, 0, 0, 0, -151.5, 434.4999999999894, 0, 0, -151.5, 0, 711.0000000000312, -151.5, 0, 0, 0, -151.5, 0, -151.5, -151.5, 0, 0, 0, 0, -151.5, 0, 0, 0, -303.0, 0, 0, 0, 0, 0, 0, 0, 0, 0, 0, 0, 0, 0, -151.5, -151.5, 0, 0, 0, 0, 0, 0, 0, 0, -26.50000000002638, 0, -151.5, 0, 0, 0, 0, 0, 0, 0, 0, 0, 0, 0, 0, 0, 0, 0, -151.5, 0, 0, 0, 0, 0, 334.50000000000045, 0, -151.5, 0, 0, 620.4999999999119, 0, 0, 0, 0, 0, -151.5, -303.0, 384.4999999999949, -303.0, 0, 0, 0, 0, 0, 0, -303.0, -151.5, 0, 0, 0, 846.9999999999591, 585.9999999999894, 0, 0, -151.5, 0, 0, 0, 0, 0, 0, 0, 0, 0, 0, 0, 0, -151.5, 0, 0, 0, 0, 0, 0, 0, 0, 0, 0, 0, -151.5, -151.5, 0, 0, -151.5, 0, -151.5, -151.5, 0, 0, 0, 0, 0, 0, 0, 0, 0, 0, 361.0000000000142, 0, 0, 0, 0, 0, 0, 0, 0, 0, 0, 0, 0, -14.0, 722.0000000000284, 0, 60.99999999999174, -303.0, 0, 0, 0, 0, 0, 0, 1334.5000000000014, -151.5, 0, 0, 0, 0, 0, -151.5, 0, 0, 0, 0, -151.5, 0, 0, 0, 0, 0, 973.50000000003, 0, 0, 0, 0, 0, -151.5, 0, -151.5, 0, 0, 0, 0, 0, -151.5, 0, -151.5, 0, 0, -151.5, 0, 0, 0, 710.9999999999757, 0, 0, 0, 0, -151.5, 485.9999999999449, 0, 0, 0, -151.5, 0, 0, 0, 0, 0, 0, 0, 0, 0, 0, 0, 0, 0, 0, 0, 0, 0, 0, 0, 0, -151.5, 0, 0, 0, -151.5, 0, 0, 0, -151.5, 0, 0, 0, 0, 0, 261.00000000002524, 0, 0, 1836.0000000000182, 0, 0, 0, 0, 0, 0, 0, 0, 0, 0, 0, 0, 0, 0, 0, 0, 0, 0, 0, -151.5, 0, 0, 0, 0, 0, 0, -151.5, 0, 0, 0, 0, -303.0, 0, 0, 0, -151.5, 236.00000000002797, 0, -303.0, 0, 0, 0, 0, 0, 0, 0, 0, 0, 0, 0, 0, 0, 0, 0, 0, 0, 0, 0, 0, 0, 0, 0, 0, 0, 109.50000000002524, -151.5, 0, 0, 0, 0, 0, 0, -151.5, 0, 0, 0, 0, 0, 0, 0, 0, 0, 0, -151.5, 0, 0, 0, 0, 0, -151.5, -151.5, 0, 361.0000000000142, 0, -151.5, 0, 0, -151.5, 0, 0, 0, -151.5, 0, 0, 0, 0, -151.5, -151.5, 0, 0, 0, 0, 0, 0, 0, 0, 0, 0, -151.5, 0, 0, 0, 0, 0, -151.5, -151.5, 0, 0, 0, 0, 0, -151.5, 0, 0, 0, 0, -151.5, 0, 0, 0, 0, 0, 0, -151.5, 0, 0, 0, 0, 0, 0, -151.5, 0, 0, 0, 0, 0, 2334.5, 0, 0, 0, 0, 0, 0, 0, 0, 0, 0, 0, 0, -454.5, 0, 0, 0, -151.5, 0, 0, 0, 0, 0, 0, 0, 0, -151.5, 0, -303.0, 0, 9.500000000036238, 0, 0, 0, 0, 0, 0, 0, 0, 0, -151.5, 0, -151.5, 0, 0, 0, 0, 735.9999999999729, -151.5, 0, 0, 0, 0, 0, 0, 0, 0, 0, 0, 0, -151.5, 0, 0, 0, 0, 0, 1309.500000000004, 0, 0, 0, 0, -151.5, 0, 0, 0, 0, 0, 0, 1323.500000000047, 0, 0, 0, -151.5, 0, 0, 0, 260.9999999999697, 0, 0, 0, -151.5, 0, -151.5, 0, 0, 0, 0, 0, 0, 0, -303.0, -454.5, 0, 0, 0, 0, 0, -151.5, 0, 0, -151.5, 0, -303.0, 0, 0, 0, 0, 0, 0, 0, 0, 0, 0, 0, 1659.5000000000211, 0, 0, 0, 0, 0, 0, 0, 0, 0, 0, 0, -151.5, 0, 0, 0, 0, 0, 0, -151.5, 0, 0, 0, 0, -151.5, 0, 0, 0, 0, 0, 0, -151.5, 0, -151.5, -151.5, 0, 0, -151.5, 0, 0, -151.5, 0, -151.5, 0, 0, 0, 573.5000000000185, 0, 0, -151.5, 0, 0, -151.5, 0, 0, 0, 0, -151.5, -151.5, 0, 860.9999999999592, 0, 0, 0, 0, 0, 0, 0, -151.5, 0, 0, 0, 0, -151.5, 0, 0, 134.49999999996697, 0, 0, 0, 0, 0, 0, 0, 0, 0, 798.4999999999937, 0, 0, 0, 0, 0, 0, 0, 0, 0, 0, 411.0000000000087, -151.5, 1660.999999999982, 0, 0, 0, 0, 0, 0]
Sharpe Ratio: 0.038
Annualized Sharpe: 0.606
Sharpe 95% CI: (np.float64(-0.506), np.float64(1.448))
Daily Win Rate (%): 23.23
Max Drawdown: -2929.5
Profit Factor: 1.324
Expectancy: 8.317
Trades Per Month (Global): 18.916666666666668
Total Days: 800



Rolling 1 - Variant 1 - 10_5 - Fit Metrics
Trade Returns: [-151.5, 611, 611, -151.5, -151.5, -151.5, 611, -151.5, -151.5, -151.5, -151.5, 611, 611, -151.5, -151.5, -151.5, -151.5, -151.5, -151.5, -151.5, -151.5, -151.5, 611, -151.5, -151.5, 611, -151.5, -151.5, -151.5, -151.5, 173.5000000000071, 611, -151.5, -151.5, -151.5, 611, -151.5, -151.5, 411.0000000000087, -151.5, -151.5, -151.5, 611, -151.5, -151.5, -151.5, -151.5, -151.5, -151.5, -151.5, -151.5, -151.5, -151.5, -151.5, -14.0, 611, -151.5, -151.5, -151.5, -14.0, -151.5, -151.5, 248.49999999999886, -151.5, -151.5, -151.5, -151.5, -151.5, -151.5, -151.5, -151.5, -151.5, -151.5, 611, -151.5, 611, -151.5, -151.5, -151.5, -151.5, -151.5, -151.5, -151.5, 611, -151.5, -26.50000000002638, -151.5, -151.5, -151.5, 611, -151.5, 611, -151.5, 611, 611, -151.5, -151.5, -151.5, 611, -151.5, -151.5, -151.5, -151.5, -151.5, 611, 60.99999999999174, 611, -151.5, -151.5, -151.5, -151.5, -151.5, -151.5, -151.5, 361.0000000000142, -14.0, 611, 211.00000000003072, 60.99999999999174, -151.5, -151.5, 611, -151.5, -151.5, -151.5, -151.5, 611, -151.5, -151.5, -151.5, -151.5, -151.5, 611, -151.5, 611, -151.5, -151.5, -151.5, -151.5, 261.00000000002524, 611, -151.5, -151.5, -151.5, -151.5, -151.5, 236.00000000002797, -151.5, -151.5, 261.00000000002524, -151.5, 611, -151.5, -151.5, -151.5, -151.5, 611, -151.5, -151.5, -151.5, -151.5, -151.5, -151.5, 611, -151.5, -151.5, -151.5, -151.5, -151.5, 611, -151.5, -151.5, -151.5, -151.5, 611, -151.5, -151.5, -151.5, 611, 161.00000000003624, 611, -151.5, 611, -151.5, 611, 611, -151.5, -151.5, 611, -151.5, 611, 611, 611, -151.5, -151.5, 611, -151.5, -151.5, -151.5, 611, 611, -151.5, 611, -151.5, -151.5, -151.5, -151.5, -151.5, -151.5, -151.5, -151.5, -151.5, -151.5, 611, -151.5, -151.5, -151.5, -151.5, 611, -151.5, -151.5, 611, -151.5, 611, 611, -151.5, 611]
Daily Returns: [-151.5, 0, 0, 0, 0, 0, 611, 0, 0, 0, 0, 0, 0, 459.5, 0, 0, 0, 0, 0, -151.5, 0, 0, 0, 0, -151.5, 0, 0, 0, 0, 0, 0, 0, 0, 0, 0, 0, 0, 0, 0, 0, 0, 611, 0, 0, 0, 0, 0, -151.5, 0, 0, 0, 0, 0, -151.5, -151.5, 0, 0, 0, 0, 0, 0, 0, 0, 0, 0, 0, 0, -151.5, 0, 0, 611, 0, 611, 0, 0, 0, -151.5, 0, 0, 0, 0, -151.5, 0, 0, 0, 0, 0, 0, 0, -151.5, 0, -151.5, 0, -151.5, 0, 0, 0, -151.5, 0, 0, 0, 0, 0, -151.5, 0, -151.5, 0, 0, 0, 0, 0, 0, -151.5, 0, 611, -151.5, 0, 0, 0, 0, 0, 0, 0, 0, 0, -151.5, 611, 0, 0, -151.5, -151.5, 0, 0, -151.5, 0, -151.5, 0, 0, 0, 0, 0, 173.5000000000071, 0, 0, 0, 0, 611, 0, 0, 0, 0, 0, 0, -303.0, 0, 0, 0, -151.5, 0, 611, 0, -151.5, 0, 0, 0, -151.5, 0]
Sharpe Ratio: 0.056
Annualized Sharpe: 0.889
Sharpe 95% CI: (np.float64(-1.779), np.float64(2.843))
Daily Win Rate (%): 27.78
Max Drawdown: -1363.5
Profit Factor: 1.35
Expectancy: 8.566
Trades Per Month (Global): 18.916666666666668
Total Days: 167

Rolling 1 - Variant 1 - 10_5 - Test Metrics
Trade Returns: [-151.5, 611, 611, -151.5, -151.5, -151.5, 611, -151.5, -151.5, -151.5, -151.5, 611, 611, -151.5, -151.5, -151.5, -151.5, -151.5, -151.5, -151.5, -151.5, -151.5, 611, -151.5, -151.5, 611, -151.5, -151.5, -151.5, -151.5, 173.5000000000071, 611, -151.5, -151.5, -151.5, 611, -151.5, -151.5, 411.0000000000087, -151.5, -151.5, -151.5, 611, -151.5, -151.5, -151.5, -151.5, -151.5, -151.5, -151.5, -151.5, -151.5, -151.5, -151.5, -14.0, 611, -151.5, -151.5, -151.5, -14.0, -151.5, -151.5, 248.49999999999886, -151.5, -151.5, -151.5, -151.5, -151.5, -151.5, -151.5, -151.5, -151.5, -151.5, 611, -151.5, 611, -151.5, -151.5, -151.5, -151.5, -151.5, -151.5, -151.5, 611, -151.5, -26.50000000002638, -151.5, -151.5, -151.5, 611, -151.5, 611, -151.5, 611, 611, -151.5, -151.5, -151.5, 611, -151.5, -151.5, -151.5, -151.5, -151.5, 611, 60.99999999999174, 611, -151.5, -151.5, -151.5, -151.5, -151.5, -151.5, -151.5, 361.0000000000142, -14.0, 611, 211.00000000003072, 60.99999999999174, -151.5, -151.5, 611, -151.5, -151.5, -151.5, -151.5, 611, -151.5, -151.5, -151.5, -151.5, -151.5, 611, -151.5, 611, -151.5, -151.5, -151.5, -151.5, 261.00000000002524, 611, -151.5, -151.5, -151.5, -151.5, -151.5, 236.00000000002797, -151.5, -151.5, 261.00000000002524, -151.5, 611, -151.5, -151.5, -151.5, -151.5, 611, -151.5, -151.5, -151.5, -151.5, -151.5, -151.5, 611, -151.5, -151.5, -151.5, -151.5, -151.5, 611, -151.5, -151.5, -151.5, -151.5, 611, -151.5, -151.5, -151.5, 611, 161.00000000003624, 611, -151.5, 611, -151.5, 611, 611, -151.5, -151.5, 611, -151.5, 611, 611, 611, -151.5, -151.5, 611, -151.5, -151.5, -151.5, 611, 611, -151.5, 611, -151.5, -151.5, -151.5, -151.5, -151.5, -151.5, -151.5, -151.5, -151.5, -151.5, 611, -151.5, -151.5, -151.5, -151.5, 611, -151.5, -151.5, 611, -151.5, 611, 611, -151.5, 611]
Daily Returns: [0, 0, 411.0000000000087, 0, -151.5, 0, 0, 0, -151.5, 0, 0, 0, -151.5, 611, 0, 0, -303.0, 0, 0, 0, 0, 0, 0, 0, 0, -151.5, 0, 0, 0, 0, 0, 0, 0, 0, 0, 0, -151.5, 0, -151.5, 0, 0, 0, 0, -151.5, 0, 0, 0, 0, 0, 0, 0, 0, 0, 0, 0, 0, -151.5, 0, 0, 0, -151.5, 0, 0, 0, 0, -151.5, 0, 0, -303.0, 0, -14.0, 0, 0, 0, 0, 0, 0, 0, 0, 611, 0, 0, 0, 0, 0, -151.5, 0, 0, 0, 0, 0, 0, 0, 0, -151.5, 0, 0, -165.5, 0, 0, -151.5, 0, 0, 0, 0, 0, 0, -151.5, 0, 0, 0, 0, 0, 248.49999999999886, 0, 0, -303.0, 0, 0, 0, 0, 0, 0, 0, 0, -151.5, 0, 0, 0, 0, -454.5, 0, -151.5, 0, 0, 0, 0, 0, 0, 0, 0, 0, 0, 0, 0, 0, -151.5, 0, 0, 0, 0, 0, 0, 0, 0, 0, -151.5, 459.5, 0, 0, -151.5, 0, 611, -151.5, 0, 0, 0, -151.5, 0, -151.5, -151.5, 0, 0, 0, 0, -151.5, 0, 0, 0, -303.0, 0, 0, 0, 0, 0, 0, 0, 0, 0, 0, 0, 0, 0, 611, -151.5, 0, 0, 0, 0, 0, 0, 0, 0, -26.50000000002638, 0, -151.5, 0, 0, 0, 0, 0, 0, 0, 0, 0, 0, 0, 0, 0, 0, 0, -151.5, 0, 0, 0, 0, 0, 459.5, 0, -151.5, 0, 0, 1070.5, 0, 0, 0, 0, 0, 611, -303.0, 459.5, -303.0, 0, 0, 0, 0, 0, 0, -303.0, -151.5, 0, 0, 0, 671.9999999999917, 611, 0, 0, -151.5, 0, 0, 0, 0, 0, 0, 0, 0, 0, 0, 0, 0, -151.5, 0, 0, 0, 0, 0, 0, 0, 0, 0, 0, 0, -151.5, -151.5, 0, 0, -151.5, 0, -151.5, -151.5, 0, 0, 0, 0, 0, 0, 0, 0, 0, 0, 361.0000000000142, 0, 0, 0, 0, 0, 0, 0, 0, 0, 0, 0, 0, -14.0, 822.0000000000307, 0, 60.99999999999174, -303.0, 0, 0, 0, 0, 0, 0, 459.5, -151.5, 0, 0, 0, 0, 0, -151.5, 0, 0, 0, 0, -151.5, 0, 0, 0, 0, 0, 611, 0, 0, 0, 0, 0, -151.5, 0, -151.5, 0, 0, 0, 0, 0, -151.5, 0, -151.5, 0, 0, -151.5, 0, 0, 0, 611, 0, 0, 0, 0, -151.5, 611, 0, 0, 0, -151.5, 0, 0, 0, 0, 0, 0, 0, 0, 0, 0, 0, 0, 0, 0, 0, 0, 0, 0, 0, 0, -151.5, 0, 0, 0, -151.5, 0, 0, 0, -151.5, 0, 0, 0, 0, 0, 261.00000000002524, 0, 0, 611, 0, 0, 0, 0, 0, 0, 0, 0, 0, 0, 0, 0, 0, 0, 0, 0, 0, 0, 0, -151.5, 0, 0, 0, 0, 0, 0, -151.5, 0, 0, 0, 0, -303.0, 0, 0, 0, -151.5, 236.00000000002797, 0, -303.0, 0, 0, 0, 0, 0, 0, 0, 0, 0, 0, 0, 0, 0, 0, 0, 0, 0, 0, 0, 0, 0, 0, 0, 0, 0, 109.50000000002524, 611, 0, 0, 0, 0, 0, 0, -151.5, 0, 0, 0, 0, 0, 0, 0, 0, 0, 0, -151.5, 0, 0, 0, 0, 0, -151.5, -151.5, 0, 611, 0, -151.5, 0, 0, -151.5, 0, 0, 0, -151.5, 0, 0, 0, 0, -151.5, -151.5, 0, 0, 0, 0, 0, 0, 0, 0, 0, 0, -151.5, 0, 0, 0, 0, 0, 611, -151.5, 0, 0, 0, 0, 0, -151.5, 0, 0, 0, 0, -151.5, 0, 0, 0, 0, 0, 0, -151.5, 0, 0, 0, 0, 0, 0, -151.5, 0, 0, 0, 0, 0, 459.5, 0, 0, 0, 0, 0, 0, 0, 0, 0, 0, 0, 0, -454.5, 0, 0, 0, 611, 0, 0, 0, 0, 0, 0, 0, 0, -151.5, 0, -303.0, 0, 772.0000000000363, 0, 0, 0, 0, 0, 0, 0, 0, 0, 611, 0, -151.5, 0, 0, 0, 0, 611, -151.5, 0, 0, 0, 0, 0, 0, 0, 0, 0, 0, 0, 611, 0, 0, 0, 0, 0, 459.5, 0, 0, 0, 0, -151.5, 0, 0, 0, 0, 0, 0, 611, 0, 0, 0, -151.5, 0, 0, 0, 611, 0, 0, 0, 611, 0, 611, 0, 0, 0, 0, 0, 0, 0, -303.0, 308.0, 0, 0, 0, 0, 0, -151.5, 0, 0, 611, 0, 459.5, 0, 0, 0, 0, 0, 0, 0, 0, 0, 0, 0, 459.5, 0, 0, 0, 0, 0, 0, 0, 0, 0, 0, 0, -151.5, 0, 0, 0, 0, 0, 0, -151.5, 0, 0, 0, 0, -151.5, 0, 0, 0, 0, 0, 0, -151.5, 0, -151.5, -151.5, 0, 0, -151.5, 0, 0, -151.5, 0, -151.5, 0, 0, 0, 611, 0, 0, -151.5, 0, 0, -151.5, 0, 0, 0, 0, -151.5, -151.5, 0, 611, 0, 0, 0, 0, 0, 0, 0, -151.5, 0, 0, 0, 0, -151.5, 0, 0, 459.5, 0, 0, 0, 0, 0, 0, 0, 0, 0, 611, 0, 0, 0, 0, 0, 0, 0, 0, 0, 0, 611, -151.5, 611, 0, 0, 0, 0, 0, 0]
Sharpe Ratio: 0.063
Annualized Sharpe: 0.994
Sharpe 95% CI: (np.float64(-0.067), np.float64(1.938))
Daily Win Rate (%): 30.97
Max Drawdown: -3097.5
Profit Factor: 1.423
Expectancy: 9.646
Trades Per Month (Global): 18.916666666666668
Total Days: 800



Rolling 1 - Variant 2 - 10_15 - Fit Metrics
Trade Returns: [-151.5, 1861, 1861, -151.5, -151.5, -151.5, -151.5, -151.5, -151.5, -151.5, -151.5, 461.0000000000032, -151.5, -151.5, -151.5, -151.5, -151.5, -151.5, -151.5, -151.5, -151.5, -151.5, 1185.9999999999789, -151.5, -151.5, -151.5, -151.5, -151.5, -151.5, -151.5, 173.5000000000071, -151.5, -151.5, -151.5, -151.5, 1861, -151.5, -151.5, 411.0000000000087, -151.5, -151.5, -151.5, 586.0000000000449, -151.5, -151.5, -151.5, -151.5, -151.5, -151.5, -151.5, -151.5, -151.5, -151.5, -151.5, -14.0, 1861, -151.5, -151.5, -151.5, -14.0, -151.5, -151.5, 248.49999999999886, -151.5, -151.5, -151.5, -151.5, -151.5, -151.5, -151.5, -151.5, -151.5, -151.5, 585.9999999999894, -151.5, 711.0000000000312, -151.5, -151.5, -151.5, -151.5, -151.5, -151.5, -151.5, -151.5, -151.5, -26.50000000002638, -151.5, -151.5, -151.5, 486.00000000000045, -151.5, 410.9999999999532, -151.5, 360.9999999999587, -151.5, -151.5, -151.5, -151.5, 535.9999999999949, -151.5, -151.5, -151.5, -151.5, -151.5, 785.9999999999674, 60.99999999999174, 585.9999999999894, -151.5, -151.5, -151.5, -151.5, -151.5, -151.5, -151.5, 361.0000000000142, -14.0, 510.9999999999977, 211.00000000003072, 60.99999999999174, -151.5, -151.5, 1861, -151.5, -151.5, -151.5, -151.5, 973.50000000003, -151.5, -151.5, -151.5, -151.5, -151.5, 710.9999999999757, -151.5, 485.9999999999449, -151.5, -151.5, -151.5, -151.5, 261.00000000002524, 1861, -151.5, -151.5, -151.5, -151.5, -151.5, 236.00000000002797, -151.5, -151.5, 261.00000000002524, -151.5, -151.5, -151.5, -151.5, -151.5, -151.5, 361.0000000000142, -151.5, -151.5, -151.5, -151.5, -151.5, -151.5, -151.5, -151.5, -151.5, -151.5, -151.5, -151.5, 1861, -151.5, -151.5, -151.5, -151.5, -151.5, -151.5, -151.5, -151.5, -151.5, 161.00000000003624, -151.5, -151.5, 1861, -151.5, -151.5, 1461.000000000004, -151.5, -151.5, 1323.500000000047, -151.5, 1861, -151.5, -151.5, -151.5, -151.5, -151.5, -151.5, -151.5, -151.5, -151.5, -151.5, -151.5, 1861, -151.5, -151.5, -151.5, -151.5, -151.5, -151.5, -151.5, -151.5, -151.5, -151.5, 573.5000000000185, -151.5, -151.5, -151.5, -151.5, 860.9999999999592, -151.5, -151.5, 285.999999999967, -151.5, 798.4999999999937, 411.0000000000087, -151.5, 1861]
Daily Returns: [-151.5, 0, 0, 0, 0, 0, 1861, 0, 0, 0, 0, 0, 0, 1709.5, 0, 0, 0, 0, 0, -151.5, 0, 0, 0, 0, -151.5, 0, 0, 0, 0, 0, 0, 0, 0, 0, 0, 0, 0, 0, 0, 0, 0, -151.5, 0, 0, 0, 0, 0, -151.5, 0, 0, 0, 0, 0, -151.5, -151.5, 0, 0, 0, 0, 0, 0, 0, 0, 0, 0, 0, 0, -151.5, 0, 0, 461.0000000000032, 0, -151.5, 0, 0, 0, -151.5, 0, 0, 0, 0, -151.5, 0, 0, 0, 0, 0, 0, 0, -151.5, 0, -151.5, 0, -151.5, 0, 0, 0, -151.5, 0, 0, 0, 0, 0, -151.5, 0, -151.5, 0, 0, 0, 0, 0, 0, -151.5, 0, 1185.9999999999789, -151.5, 0, 0, 0, 0, 0, 0, 0, 0, 0, -151.5, -151.5, 0, 0, -151.5, -151.5, 0, 0, -151.5, 0, -151.5, 0, 0, 0, 0, 0, 173.5000000000071, 0, 0, 0, 0, -151.5, 0, 0, 0, 0, 0, 0, -303.0, 0, 0, 0, -151.5, 0, 1861, 0, -151.5, 0, 0, 0, -151.5, 0]
Sharpe Ratio: 0.056
Annualized Sharpe: 0.895
Sharpe 95% CI: (np.float64(-2.598), np.float64(2.564))
Daily Win Rate (%): 16.67
Max Drawdown: -2421.5
Profit Factor: 1.544
Expectancy: 15.302
Trades Per Month (Global): 18.916666666666668
Total Days: 167

Rolling 1 - Variant 2 - 10_15 - Test Metrics
Trade Returns: [-151.5, 1861, 1861, -151.5, -151.5, -151.5, -151.5, -151.5, -151.5, -151.5, -151.5, 461.0000000000032, -151.5, -151.5, -151.5, -151.5, -151.5, -151.5, -151.5, -151.5, -151.5, -151.5, 1185.9999999999789, -151.5, -151.5, -151.5, -151.5, -151.5, -151.5, -151.5, 173.5000000000071, -151.5, -151.5, -151.5, -151.5, 1861, -151.5, -151.5, 411.0000000000087, -151.5, -151.5, -151.5, 586.0000000000449, -151.5, -151.5, -151.5, -151.5, -151.5, -151.5, -151.5, -151.5, -151.5, -151.5, -151.5, -14.0, 1861, -151.5, -151.5, -151.5, -14.0, -151.5, -151.5, 248.49999999999886, -151.5, -151.5, -151.5, -151.5, -151.5, -151.5, -151.5, -151.5, -151.5, -151.5, 585.9999999999894, -151.5, 711.0000000000312, -151.5, -151.5, -151.5, -151.5, -151.5, -151.5, -151.5, -151.5, -151.5, -26.50000000002638, -151.5, -151.5, -151.5, 486.00000000000045, -151.5, 410.9999999999532, -151.5, 360.9999999999587, -151.5, -151.5, -151.5, -151.5, 535.9999999999949, -151.5, -151.5, -151.5, -151.5, -151.5, 785.9999999999674, 60.99999999999174, 585.9999999999894, -151.5, -151.5, -151.5, -151.5, -151.5, -151.5, -151.5, 361.0000000000142, -14.0, 510.9999999999977, 211.00000000003072, 60.99999999999174, -151.5, -151.5, 1861, -151.5, -151.5, -151.5, -151.5, 973.50000000003, -151.5, -151.5, -151.5, -151.5, -151.5, 710.9999999999757, -151.5, 485.9999999999449, -151.5, -151.5, -151.5, -151.5, 261.00000000002524, 1861, -151.5, -151.5, -151.5, -151.5, -151.5, 236.00000000002797, -151.5, -151.5, 261.00000000002524, -151.5, -151.5, -151.5, -151.5, -151.5, -151.5, 361.0000000000142, -151.5, -151.5, -151.5, -151.5, -151.5, -151.5, -151.5, -151.5, -151.5, -151.5, -151.5, -151.5, 1861, -151.5, -151.5, -151.5, -151.5, -151.5, -151.5, -151.5, -151.5, -151.5, 161.00000000003624, -151.5, -151.5, 1861, -151.5, -151.5, 1461.000000000004, -151.5, -151.5, 1323.500000000047, -151.5, 1861, -151.5, -151.5, -151.5, -151.5, -151.5, -151.5, -151.5, -151.5, -151.5, -151.5, -151.5, 1861, -151.5, -151.5, -151.5, -151.5, -151.5, -151.5, -151.5, -151.5, -151.5, -151.5, 573.5000000000185, -151.5, -151.5, -151.5, -151.5, 860.9999999999592, -151.5, -151.5, 285.999999999967, -151.5, 798.4999999999937, 411.0000000000087, -151.5, 1861]
Daily Returns: [0, 0, 411.0000000000087, 0, -151.5, 0, 0, 0, -151.5, 0, 0, 0, -151.5, 586.0000000000449, 0, 0, -303.0, 0, 0, 0, 0, 0, 0, 0, 0, -151.5, 0, 0, 0, 0, 0, 0, 0, 0, 0, 0, -151.5, 0, -151.5, 0, 0, 0, 0, -151.5, 0, 0, 0, 0, 0, 0, 0, 0, 0, 0, 0, 0, -151.5, 0, 0, 0, -151.5, 0, 0, 0, 0, -151.5, 0, 0, -303.0, 0, -14.0, 0, 0, 0, 0, 0, 0, 0, 0, 1861, 0, 0, 0, 0, 0, -151.5, 0, 0, 0, 0, 0, 0, 0, 0, -151.5, 0, 0, -165.5, 0, 0, -151.5, 0, 0, 0, 0, 0, 0, -151.5, 0, 0, 0, 0, 0, 248.49999999999886, 0, 0, -303.0, 0, 0, 0, 0, 0, 0, 0, 0, -151.5, 0, 0, 0, 0, -454.5, 0, -151.5, 0, 0, 0, 0, 0, 0, 0, 0, 0, 0, 0, 0, 0, -151.5, 0, 0, 0, 0, 0, 0, 0, 0, 0, -151.5, 434.4999999999894, 0, 0, -151.5, 0, 711.0000000000312, -151.5, 0, 0, 0, -151.5, 0, -151.5, -151.5, 0, 0, 0, 0, -151.5, 0, 0, 0, -303.0, 0, 0, 0, 0, 0, 0, 0, 0, 0, 0, 0, 0, 0, -151.5, -151.5, 0, 0, 0, 0, 0, 0, 0, 0, -26.50000000002638, 0, -151.5, 0, 0, 0, 0, 0, 0, 0, 0, 0, 0, 0, 0, 0, 0, 0, -151.5, 0, 0, 0, 0, 0, 334.50000000000045, 0, -151.5, 0, 0, 620.4999999999119, 0, 0, 0, 0, 0, -151.5, -303.0, 384.4999999999949, -303.0, 0, 0, 0, 0, 0, 0, -303.0, -151.5, 0, 0, 0, 846.9999999999591, 585.9999999999894, 0, 0, -151.5, 0, 0, 0, 0, 0, 0, 0, 0, 0, 0, 0, 0, -151.5, 0, 0, 0, 0, 0, 0, 0, 0, 0, 0, 0, -151.5, -151.5, 0, 0, -151.5, 0, -151.5, -151.5, 0, 0, 0, 0, 0, 0, 0, 0, 0, 0, 361.0000000000142, 0, 0, 0, 0, 0, 0, 0, 0, 0, 0, 0, 0, -14.0, 722.0000000000284, 0, 60.99999999999174, -303.0, 0, 0, 0, 0, 0, 0, 1709.5, -151.5, 0, 0, 0, 0, 0, -151.5, 0, 0, 0, 0, -151.5, 0, 0, 0, 0, 0, 973.50000000003, 0, 0, 0, 0, 0, -151.5, 0, -151.5, 0, 0, 0, 0, 0, -151.5, 0, -151.5, 0, 0, -151.5, 0, 0, 0, 710.9999999999757, 0, 0, 0, 0, -151.5, 485.9999999999449, 0, 0, 0, -151.5, 0, 0, 0, 0, 0, 0, 0, 0, 0, 0, 0, 0, 0, 0, 0, 0, 0, 0, 0, 0, -151.5, 0, 0, 0, -151.5, 0, 0, 0, -151.5, 0, 0, 0, 0, 0, 261.00000000002524, 0, 0, 1861, 0, 0, 0, 0, 0, 0, 0, 0, 0, 0, 0, 0, 0, 0, 0, 0, 0, 0, 0, -151.5, 0, 0, 0, 0, 0, 0, -151.5, 0, 0, 0, 0, -303.0, 0, 0, 0, -151.5, 236.00000000002797, 0, -303.0, 0, 0, 0, 0, 0, 0, 0, 0, 0, 0, 0, 0, 0, 0, 0, 0, 0, 0, 0, 0, 0, 0, 0, 0, 0, 109.50000000002524, -151.5, 0, 0, 0, 0, 0, 0, -151.5, 0, 0, 0, 0, 0, 0, 0, 0, 0, 0, -151.5, 0, 0, 0, 0, 0, -151.5, -151.5, 0, 361.0000000000142, 0, -151.5, 0, 0, -151.5, 0, 0, 0, -151.5, 0, 0, 0, 0, -151.5, -151.5, 0, 0, 0, 0, 0, 0, 0, 0, 0, 0, -151.5, 0, 0, 0, 0, 0, -151.5, -151.5, 0, 0, 0, 0, 0, -151.5, 0, 0, 0, 0, -151.5, 0, 0, 0, 0, 0, 0, -151.5, 0, 0, 0, 0, 0, 0, -151.5, 0, 0, 0, 0, 0, 1709.5, 0, 0, 0, 0, 0, 0, 0, 0, 0, 0, 0, 0, -454.5, 0, 0, 0, -151.5, 0, 0, 0, 0, 0, 0, 0, 0, -151.5, 0, -303.0, 0, 9.500000000036238, 0, 0, 0, 0, 0, 0, 0, 0, 0, -151.5, 0, -151.5, 0, 0, 0, 0, 1861, -151.5, 0, 0, 0, 0, 0, 0, 0, 0, 0, 0, 0, -151.5, 0, 0, 0, 0, 0, 1309.500000000004, 0, 0, 0, 0, -151.5, 0, 0, 0, 0, 0, 0, 1323.500000000047, 0, 0, 0, -151.5, 0, 0, 0, 1861, 0, 0, 0, -151.5, 0, -151.5, 0, 0, 0, 0, 0, 0, 0, -303.0, -454.5, 0, 0, 0, 0, 0, -151.5, 0, 0, -151.5, 0, -303.0, 0, 0, 0, 0, 0, 0, 0, 0, 0, 0, 0, 1709.5, 0, 0, 0, 0, 0, 0, 0, 0, 0, 0, 0, -151.5, 0, 0, 0, 0, 0, 0, -151.5, 0, 0, 0, 0, -151.5, 0, 0, 0, 0, 0, 0, -151.5, 0, -151.5, -151.5, 0, 0, -151.5, 0, 0, -151.5, 0, -151.5, 0, 0, 0, 573.5000000000185, 0, 0, -151.5, 0, 0, -151.5, 0, 0, 0, 0, -151.5, -151.5, 0, 860.9999999999592, 0, 0, 0, 0, 0, 0, 0, -151.5, 0, 0, 0, 0, -151.5, 0, 0, 134.49999999996697, 0, 0, 0, 0, 0, 0, 0, 0, 0, 798.4999999999937, 0, 0, 0, 0, 0, 0, 0, 0, 0, 0, 411.0000000000087, -151.5, 1861, 0, 0, 0, 0, 0, 0]
Sharpe Ratio: 0.048
Annualized Sharpe: 0.769
Sharpe 95% CI: (np.float64(-0.308), np.float64(1.61))
Daily Win Rate (%): 23.23
Max Drawdown: -2929.5
Profit Factor: 1.428
Expectancy: 10.974
Trades Per Month (Global): 18.916666666666668
Total Days: 800



Rolling 1 - Variant 3 - 10_7 - Fit Metrics
Trade Returns: [-151.5, 861, 861, -151.5, -151.5, -151.5, 861, -151.5, -151.5, -151.5, -151.5, 861, -151.5, -151.5, -151.5, -151.5, -151.5, -151.5, -151.5, -151.5, -151.5, -151.5, 861, -151.5, -151.5, -151.5, -151.5, -151.5, -151.5, -151.5, 173.5000000000071, 861, -151.5, -151.5, -151.5, 861, -151.5, -151.5, 411.0000000000087, -151.5, -151.5, -151.5, 861, -151.5, -151.5, -151.5, -151.5, -151.5, -151.5, -151.5, -151.5, -151.5, -151.5, -151.5, -14.0, 861, -151.5, -151.5, -151.5, -14.0, -151.5, -151.5, 248.49999999999886, -151.5, -151.5, -151.5, -151.5, -151.5, -151.5, -151.5, -151.5, -151.5, -151.5, 585.9999999999894, -151.5, 711.0000000000312, -151.5, -151.5, -151.5, -151.5, -151.5, -151.5, -151.5, 861, -151.5, -26.50000000002638, -151.5, -151.5, -151.5, 861, -151.5, 410.9999999999532, -151.5, 360.9999999999587, 861, -151.5, -151.5, -151.5, 535.9999999999949, -151.5, -151.5, -151.5, -151.5, -151.5, 861, 60.99999999999174, 861, -151.5, -151.5, -151.5, -151.5, -151.5, -151.5, -151.5, 361.0000000000142, -14.0, 861, 211.00000000003072, 60.99999999999174, -151.5, -151.5, 861, -151.5, -151.5, -151.5, -151.5, 861, -151.5, -151.5, -151.5, -151.5, -151.5, 861, -151.5, 485.9999999999449, -151.5, -151.5, -151.5, -151.5, 261.00000000002524, 861, -151.5, -151.5, -151.5, -151.5, -151.5, 236.00000000002797, -151.5, -151.5, 261.00000000002524, -151.5, -151.5, -151.5, -151.5, -151.5, -151.5, 861, -151.5, -151.5, -151.5, -151.5, -151.5, -151.5, 861, -151.5, -151.5, -151.5, -151.5, -151.5, 861, -151.5, -151.5, -151.5, -151.5, 861, -151.5, -151.5, -151.5, 861, 161.00000000003624, -151.5, -151.5, 861, -151.5, 861, 861, -151.5, -151.5, 861, -151.5, 861, 861, -151.5, -151.5, -151.5, 861, -151.5, -151.5, -151.5, -151.5, 861, -151.5, 861, -151.5, -151.5, -151.5, -151.5, -151.5, -151.5, -151.5, -151.5, -151.5, -151.5, 573.5000000000185, -151.5, -151.5, -151.5, -151.5, 861, -151.5, -151.5, 861, -151.5, 861, 861, -151.5, 861]
Daily Returns: [-151.5, 0, 0, 0, 0, 0, 861, 0, 0, 0, 0, 0, 0, 709.5, 0, 0, 0, 0, 0, -151.5, 0, 0, 0, 0, -151.5, 0, 0, 0, 0, 0, 0, 0, 0, 0, 0, 0, 0, 0, 0, 0, 0, 861, 0, 0, 0, 0, 0, -151.5, 0, 0, 0, 0, 0, -151.5, -151.5, 0, 0, 0, 0, 0, 0, 0, 0, 0, 0, 0, 0, -151.5, 0, 0, 861, 0, -151.5, 0, 0, 0, -151.5, 0, 0, 0, 0, -151.5, 0, 0, 0, 0, 0, 0, 0, -151.5, 0, -151.5, 0, -151.5, 0, 0, 0, -151.5, 0, 0, 0, 0, 0, -151.5, 0, -151.5, 0, 0, 0, 0, 0, 0, -151.5, 0, 861, -151.5, 0, 0, 0, 0, 0, 0, 0, 0, 0, -151.5, -151.5, 0, 0, -151.5, -151.5, 0, 0, -151.5, 0, -151.5, 0, 0, 0, 0, 0, 173.5000000000071, 0, 0, 0, 0, 861, 0, 0, 0, 0, 0, 0, -303.0, 0, 0, 0, -151.5, 0, 861, 0, -151.5, 0, 0, 0, -151.5, 0]
Sharpe Ratio: 0.054
Annualized Sharpe: 0.851
Sharpe 95% CI: (np.float64(-1.952), np.float64(2.757))
Daily Win Rate (%): 22.22
Max Drawdown: -1714.5
Profit Factor: 1.377
Expectancy: 9.913
Trades Per Month (Global): 18.916666666666668
Total Days: 167

Rolling 1 - Variant 3 - 10_7 - Test Metrics
Trade Returns: [-151.5, 861, 861, -151.5, -151.5, -151.5, 861, -151.5, -151.5, -151.5, -151.5, 861, -151.5, -151.5, -151.5, -151.5, -151.5, -151.5, -151.5, -151.5, -151.5, -151.5, 861, -151.5, -151.5, -151.5, -151.5, -151.5, -151.5, -151.5, 173.5000000000071, 861, -151.5, -151.5, -151.5, 861, -151.5, -151.5, 411.0000000000087, -151.5, -151.5, -151.5, 861, -151.5, -151.5, -151.5, -151.5, -151.5, -151.5, -151.5, -151.5, -151.5, -151.5, -151.5, -14.0, 861, -151.5, -151.5, -151.5, -14.0, -151.5, -151.5, 248.49999999999886, -151.5, -151.5, -151.5, -151.5, -151.5, -151.5, -151.5, -151.5, -151.5, -151.5, 585.9999999999894, -151.5, 711.0000000000312, -151.5, -151.5, -151.5, -151.5, -151.5, -151.5, -151.5, 861, -151.5, -26.50000000002638, -151.5, -151.5, -151.5, 861, -151.5, 410.9999999999532, -151.5, 360.9999999999587, 861, -151.5, -151.5, -151.5, 535.9999999999949, -151.5, -151.5, -151.5, -151.5, -151.5, 861, 60.99999999999174, 861, -151.5, -151.5, -151.5, -151.5, -151.5, -151.5, -151.5, 361.0000000000142, -14.0, 861, 211.00000000003072, 60.99999999999174, -151.5, -151.5, 861, -151.5, -151.5, -151.5, -151.5, 861, -151.5, -151.5, -151.5, -151.5, -151.5, 861, -151.5, 485.9999999999449, -151.5, -151.5, -151.5, -151.5, 261.00000000002524, 861, -151.5, -151.5, -151.5, -151.5, -151.5, 236.00000000002797, -151.5, -151.5, 261.00000000002524, -151.5, -151.5, -151.5, -151.5, -151.5, -151.5, 861, -151.5, -151.5, -151.5, -151.5, -151.5, -151.5, 861, -151.5, -151.5, -151.5, -151.5, -151.5, 861, -151.5, -151.5, -151.5, -151.5, 861, -151.5, -151.5, -151.5, 861, 161.00000000003624, -151.5, -151.5, 861, -151.5, 861, 861, -151.5, -151.5, 861, -151.5, 861, 861, -151.5, -151.5, -151.5, 861, -151.5, -151.5, -151.5, -151.5, 861, -151.5, 861, -151.5, -151.5, -151.5, -151.5, -151.5, -151.5, -151.5, -151.5, -151.5, -151.5, 573.5000000000185, -151.5, -151.5, -151.5, -151.5, 861, -151.5, -151.5, 861, -151.5, 861, 861, -151.5, 861]
Daily Returns: [0, 0, 411.0000000000087, 0, -151.5, 0, 0, 0, -151.5, 0, 0, 0, -151.5, 861, 0, 0, -303.0, 0, 0, 0, 0, 0, 0, 0, 0, -151.5, 0, 0, 0, 0, 0, 0, 0, 0, 0, 0, -151.5, 0, -151.5, 0, 0, 0, 0, -151.5, 0, 0, 0, 0, 0, 0, 0, 0, 0, 0, 0, 0, -151.5, 0, 0, 0, -151.5, 0, 0, 0, 0, -151.5, 0, 0, -303.0, 0, -14.0, 0, 0, 0, 0, 0, 0, 0, 0, 861, 0, 0, 0, 0, 0, -151.5, 0, 0, 0, 0, 0, 0, 0, 0, -151.5, 0, 0, -165.5, 0, 0, -151.5, 0, 0, 0, 0, 0, 0, -151.5, 0, 0, 0, 0, 0, 248.49999999999886, 0, 0, -303.0, 0, 0, 0, 0, 0, 0, 0, 0, -151.5, 0, 0, 0, 0, -454.5, 0, -151.5, 0, 0, 0, 0, 0, 0, 0, 0, 0, 0, 0, 0, 0, -151.5, 0, 0, 0, 0, 0, 0, 0, 0, 0, -151.5, 434.4999999999894, 0, 0, -151.5, 0, 711.0000000000312, -151.5, 0, 0, 0, -151.5, 0, -151.5, -151.5, 0, 0, 0, 0, -151.5, 0, 0, 0, -303.0, 0, 0, 0, 0, 0, 0, 0, 0, 0, 0, 0, 0, 0, 861, -151.5, 0, 0, 0, 0, 0, 0, 0, 0, -26.50000000002638, 0, -151.5, 0, 0, 0, 0, 0, 0, 0, 0, 0, 0, 0, 0, 0, 0, 0, -151.5, 0, 0, 0, 0, 0, 709.5, 0, -151.5, 0, 0, 620.4999999999119, 0, 0, 0, 0, 0, 861, -303.0, 384.4999999999949, -303.0, 0, 0, 0, 0, 0, 0, -303.0, -151.5, 0, 0, 0, 921.9999999999917, 861, 0, 0, -151.5, 0, 0, 0, 0, 0, 0, 0, 0, 0, 0, 0, 0, -151.5, 0, 0, 0, 0, 0, 0, 0, 0, 0, 0, 0, -151.5, -151.5, 0, 0, -151.5, 0, -151.5, -151.5, 0, 0, 0, 0, 0, 0, 0, 0, 0, 0, 361.0000000000142, 0, 0, 0, 0, 0, 0, 0, 0, 0, 0, 0, 0, -14.0, 1072.0000000000307, 0, 60.99999999999174, -303.0, 0, 0, 0, 0, 0, 0, 709.5, -151.5, 0, 0, 0, 0, 0, -151.5, 0, 0, 0, 0, -151.5, 0, 0, 0, 0, 0, 861, 0, 0, 0, 0, 0, -151.5, 0, -151.5, 0, 0, 0, 0, 0, -151.5, 0, -151.5, 0, 0, -151.5, 0, 0, 0, 861, 0, 0, 0, 0, -151.5, 485.9999999999449, 0, 0, 0, -151.5, 0, 0, 0, 0, 0, 0, 0, 0, 0, 0, 0, 0, 0, 0, 0, 0, 0, 0, 0, 0, -151.5, 0, 0, 0, -151.5, 0, 0, 0, -151.5, 0, 0, 0, 0, 0, 261.00000000002524, 0, 0, 861, 0, 0, 0, 0, 0, 0, 0, 0, 0, 0, 0, 0, 0, 0, 0, 0, 0, 0, 0, -151.5, 0, 0, 0, 0, 0, 0, -151.5, 0, 0, 0, 0, -303.0, 0, 0, 0, -151.5, 236.00000000002797, 0, -303.0, 0, 0, 0, 0, 0, 0, 0, 0, 0, 0, 0, 0, 0, 0, 0, 0, 0, 0, 0, 0, 0, 0, 0, 0, 0, 109.50000000002524, -151.5, 0, 0, 0, 0, 0, 0, -151.5, 0, 0, 0, 0, 0, 0, 0, 0, 0, 0, -151.5, 0, 0, 0, 0, 0, -151.5, -151.5, 0, 861, 0, -151.5, 0, 0, -151.5, 0, 0, 0, -151.5, 0, 0, 0, 0, -151.5, -151.5, 0, 0, 0, 0, 0, 0, 0, 0, 0, 0, -151.5, 0, 0, 0, 0, 0, 861, -151.5, 0, 0, 0, 0, 0, -151.5, 0, 0, 0, 0, -151.5, 0, 0, 0, 0, 0, 0, -151.5, 0, 0, 0, 0, 0, 0, -151.5, 0, 0, 0, 0, 0, 709.5, 0, 0, 0, 0, 0, 0, 0, 0, 0, 0, 0, 0, -454.5, 0, 0, 0, 861, 0, 0, 0, 0, 0, 0, 0, 0, -151.5, 0, -303.0, 0, 1022.0000000000363, 0, 0, 0, 0, 0, 0, 0, 0, 0, -151.5, 0, -151.5, 0, 0, 0, 0, 861, -151.5, 0, 0, 0, 0, 0, 0, 0, 0, 0, 0, 0, 861, 0, 0, 0, 0, 0, 709.5, 0, 0, 0, 0, -151.5, 0, 0, 0, 0, 0, 0, 861, 0, 0, 0, -151.5, 0, 0, 0, 861, 0, 0, 0, 861, 0, -151.5, 0, 0, 0, 0, 0, 0, 0, -303.0, 558.0, 0, 0, 0, 0, 0, -151.5, 0, 0, -151.5, 0, 709.5, 0, 0, 0, 0, 0, 0, 0, 0, 0, 0, 0, 709.5, 0, 0, 0, 0, 0, 0, 0, 0, 0, 0, 0, -151.5, 0, 0, 0, 0, 0, 0, -151.5, 0, 0, 0, 0, -151.5, 0, 0, 0, 0, 0, 0, -151.5, 0, -151.5, -151.5, 0, 0, -151.5, 0, 0, -151.5, 0, -151.5, 0, 0, 0, 573.5000000000185, 0, 0, -151.5, 0, 0, -151.5, 0, 0, 0, 0, -151.5, -151.5, 0, 861, 0, 0, 0, 0, 0, 0, 0, -151.5, 0, 0, 0, 0, -151.5, 0, 0, 709.5, 0, 0, 0, 0, 0, 0, 0, 0, 0, 861, 0, 0, 0, 0, 0, 0, 0, 0, 0, 0, 861, -151.5, 861, 0, 0, 0, 0, 0, 0]
Sharpe Ratio: 0.08
Annualized Sharpe: 1.263
Sharpe 95% CI: (np.float64(0.24), np.float64(2.149))
Daily Win Rate (%): 28.39
Max Drawdown: -2772.5
Profit Factor: 1.626
Expectancy: 14.755
Trades Per Month (Global): 18.916666666666668
Total Days: 800



Rolling 1 - Variant 4 - 10_13 - Fit Metrics
Trade Returns: [-151.5, 1611, 1611, -151.5, -151.5, -151.5, -151.5, -151.5, -151.5, -151.5, -151.5, 461.0000000000032, -151.5, -151.5, -151.5, -151.5, -151.5, -151.5, -151.5, -151.5, -151.5, -151.5, 1611, -151.5, -151.5, -151.5, -151.5, -151.5, -151.5, -151.5, 173.5000000000071, -151.5, -151.5, -151.5, -151.5, 1611, -151.5, -151.5, 411.0000000000087, -151.5, -151.5, -151.5, 586.0000000000449, -151.5, -151.5, -151.5, -151.5, -151.5, -151.5, -151.5, -151.5, -151.5, -151.5, -151.5, -14.0, 1611, -151.5, -151.5, -151.5, -14.0, -151.5, -151.5, 248.49999999999886, -151.5, -151.5, -151.5, -151.5, -151.5, -151.5, -151.5, -151.5, -151.5, -151.5, 585.9999999999894, -151.5, 711.0000000000312, -151.5, -151.5, -151.5, -151.5, -151.5, -151.5, -151.5, -151.5, -151.5, -26.50000000002638, -151.5, -151.5, -151.5, 486.00000000000045, -151.5, 410.9999999999532, -151.5, 360.9999999999587, -151.5, -151.5, -151.5, -151.5, 535.9999999999949, -151.5, -151.5, -151.5, -151.5, -151.5, 785.9999999999674, 60.99999999999174, 585.9999999999894, -151.5, -151.5, -151.5, -151.5, -151.5, -151.5, -151.5, 361.0000000000142, -14.0, 510.9999999999977, 211.00000000003072, 60.99999999999174, -151.5, -151.5, 1611, -151.5, -151.5, -151.5, -151.5, 973.50000000003, -151.5, -151.5, -151.5, -151.5, -151.5, 710.9999999999757, -151.5, 485.9999999999449, -151.5, -151.5, -151.5, -151.5, 261.00000000002524, 1611, -151.5, -151.5, -151.5, -151.5, -151.5, 236.00000000002797, -151.5, -151.5, 261.00000000002524, -151.5, -151.5, -151.5, -151.5, -151.5, -151.5, 361.0000000000142, -151.5, -151.5, -151.5, -151.5, -151.5, -151.5, -151.5, -151.5, -151.5, -151.5, -151.5, -151.5, 1611, -151.5, -151.5, -151.5, -151.5, -151.5, -151.5, -151.5, -151.5, -151.5, 161.00000000003624, -151.5, -151.5, 1611, -151.5, 1611, 1611, -151.5, -151.5, 1611, -151.5, 1611, -151.5, -151.5, -151.5, -151.5, -151.5, -151.5, -151.5, -151.5, -151.5, 1611, -151.5, 1611, -151.5, -151.5, -151.5, -151.5, -151.5, -151.5, -151.5, -151.5, -151.5, -151.5, 573.5000000000185, -151.5, -151.5, -151.5, -151.5, 860.9999999999592, -151.5, -151.5, 285.999999999967, -151.5, 798.4999999999937, 411.0000000000087, -151.5, 1611]
Daily Returns: [-151.5, 0, 0, 0, 0, 0, 1611, 0, 0, 0, 0, 0, 0, 1459.5, 0, 0, 0, 0, 0, -151.5, 0, 0, 0, 0, -151.5, 0, 0, 0, 0, 0, 0, 0, 0, 0, 0, 0, 0, 0, 0, 0, 0, -151.5, 0, 0, 0, 0, 0, -151.5, 0, 0, 0, 0, 0, -151.5, -151.5, 0, 0, 0, 0, 0, 0, 0, 0, 0, 0, 0, 0, -151.5, 0, 0, 461.0000000000032, 0, -151.5, 0, 0, 0, -151.5, 0, 0, 0, 0, -151.5, 0, 0, 0, 0, 0, 0, 0, -151.5, 0, -151.5, 0, -151.5, 0, 0, 0, -151.5, 0, 0, 0, 0, 0, -151.5, 0, -151.5, 0, 0, 0, 0, 0, 0, -151.5, 0, 1611, -151.5, 0, 0, 0, 0, 0, 0, 0, 0, 0, -151.5, -151.5, 0, 0, -151.5, -151.5, 0, 0, -151.5, 0, -151.5, 0, 0, 0, 0, 0, 173.5000000000071, 0, 0, 0, 0, -151.5, 0, 0, 0, 0, 0, 0, -303.0, 0, 0, 0, -151.5, 0, 1611, 0, -151.5, 0, 0, 0, -151.5, 0]
Sharpe Ratio: 0.052
Annualized Sharpe: 0.828
Sharpe 95% CI: (np.float64(-2.415), np.float64(2.563))
Daily Win Rate (%): 16.67
Max Drawdown: -2114.5
Profit Factor: 1.475
Expectancy: 13.356
Trades Per Month (Global): 18.916666666666668
Total Days: 167

Rolling 1 - Variant 4 - 10_13 - Test Metrics
Trade Returns: [-151.5, 1611, 1611, -151.5, -151.5, -151.5, -151.5, -151.5, -151.5, -151.5, -151.5, 461.0000000000032, -151.5, -151.5, -151.5, -151.5, -151.5, -151.5, -151.5, -151.5, -151.5, -151.5, 1611, -151.5, -151.5, -151.5, -151.5, -151.5, -151.5, -151.5, 173.5000000000071, -151.5, -151.5, -151.5, -151.5, 1611, -151.5, -151.5, 411.0000000000087, -151.5, -151.5, -151.5, 586.0000000000449, -151.5, -151.5, -151.5, -151.5, -151.5, -151.5, -151.5, -151.5, -151.5, -151.5, -151.5, -14.0, 1611, -151.5, -151.5, -151.5, -14.0, -151.5, -151.5, 248.49999999999886, -151.5, -151.5, -151.5, -151.5, -151.5, -151.5, -151.5, -151.5, -151.5, -151.5, 585.9999999999894, -151.5, 711.0000000000312, -151.5, -151.5, -151.5, -151.5, -151.5, -151.5, -151.5, -151.5, -151.5, -26.50000000002638, -151.5, -151.5, -151.5, 486.00000000000045, -151.5, 410.9999999999532, -151.5, 360.9999999999587, -151.5, -151.5, -151.5, -151.5, 535.9999999999949, -151.5, -151.5, -151.5, -151.5, -151.5, 785.9999999999674, 60.99999999999174, 585.9999999999894, -151.5, -151.5, -151.5, -151.5, -151.5, -151.5, -151.5, 361.0000000000142, -14.0, 510.9999999999977, 211.00000000003072, 60.99999999999174, -151.5, -151.5, 1611, -151.5, -151.5, -151.5, -151.5, 973.50000000003, -151.5, -151.5, -151.5, -151.5, -151.5, 710.9999999999757, -151.5, 485.9999999999449, -151.5, -151.5, -151.5, -151.5, 261.00000000002524, 1611, -151.5, -151.5, -151.5, -151.5, -151.5, 236.00000000002797, -151.5, -151.5, 261.00000000002524, -151.5, -151.5, -151.5, -151.5, -151.5, -151.5, 361.0000000000142, -151.5, -151.5, -151.5, -151.5, -151.5, -151.5, -151.5, -151.5, -151.5, -151.5, -151.5, -151.5, 1611, -151.5, -151.5, -151.5, -151.5, -151.5, -151.5, -151.5, -151.5, -151.5, 161.00000000003624, -151.5, -151.5, 1611, -151.5, 1611, 1611, -151.5, -151.5, 1611, -151.5, 1611, -151.5, -151.5, -151.5, -151.5, -151.5, -151.5, -151.5, -151.5, -151.5, 1611, -151.5, 1611, -151.5, -151.5, -151.5, -151.5, -151.5, -151.5, -151.5, -151.5, -151.5, -151.5, 573.5000000000185, -151.5, -151.5, -151.5, -151.5, 860.9999999999592, -151.5, -151.5, 285.999999999967, -151.5, 798.4999999999937, 411.0000000000087, -151.5, 1611]
Daily Returns: [0, 0, 411.0000000000087, 0, -151.5, 0, 0, 0, -151.5, 0, 0, 0, -151.5, 586.0000000000449, 0, 0, -303.0, 0, 0, 0, 0, 0, 0, 0, 0, -151.5, 0, 0, 0, 0, 0, 0, 0, 0, 0, 0, -151.5, 0, -151.5, 0, 0, 0, 0, -151.5, 0, 0, 0, 0, 0, 0, 0, 0, 0, 0, 0, 0, -151.5, 0, 0, 0, -151.5, 0, 0, 0, 0, -151.5, 0, 0, -303.0, 0, -14.0, 0, 0, 0, 0, 0, 0, 0, 0, 1611, 0, 0, 0, 0, 0, -151.5, 0, 0, 0, 0, 0, 0, 0, 0, -151.5, 0, 0, -165.5, 0, 0, -151.5, 0, 0, 0, 0, 0, 0, -151.5, 0, 0, 0, 0, 0, 248.49999999999886, 0, 0, -303.0, 0, 0, 0, 0, 0, 0, 0, 0, -151.5, 0, 0, 0, 0, -454.5, 0, -151.5, 0, 0, 0, 0, 0, 0, 0, 0, 0, 0, 0, 0, 0, -151.5, 0, 0, 0, 0, 0, 0, 0, 0, 0, -151.5, 434.4999999999894, 0, 0, -151.5, 0, 711.0000000000312, -151.5, 0, 0, 0, -151.5, 0, -151.5, -151.5, 0, 0, 0, 0, -151.5, 0, 0, 0, -303.0, 0, 0, 0, 0, 0, 0, 0, 0, 0, 0, 0, 0, 0, -151.5, -151.5, 0, 0, 0, 0, 0, 0, 0, 0, -26.50000000002638, 0, -151.5, 0, 0, 0, 0, 0, 0, 0, 0, 0, 0, 0, 0, 0, 0, 0, -151.5, 0, 0, 0, 0, 0, 334.50000000000045, 0, -151.5, 0, 0, 620.4999999999119, 0, 0, 0, 0, 0, -151.5, -303.0, 384.4999999999949, -303.0, 0, 0, 0, 0, 0, 0, -303.0, -151.5, 0, 0, 0, 846.9999999999591, 585.9999999999894, 0, 0, -151.5, 0, 0, 0, 0, 0, 0, 0, 0, 0, 0, 0, 0, -151.5, 0, 0, 0, 0, 0, 0, 0, 0, 0, 0, 0, -151.5, -151.5, 0, 0, -151.5, 0, -151.5, -151.5, 0, 0, 0, 0, 0, 0, 0, 0, 0, 0, 361.0000000000142, 0, 0, 0, 0, 0, 0, 0, 0, 0, 0, 0, 0, -14.0, 722.0000000000284, 0, 60.99999999999174, -303.0, 0, 0, 0, 0, 0, 0, 1459.5, -151.5, 0, 0, 0, 0, 0, -151.5, 0, 0, 0, 0, -151.5, 0, 0, 0, 0, 0, 973.50000000003, 0, 0, 0, 0, 0, -151.5, 0, -151.5, 0, 0, 0, 0, 0, -151.5, 0, -151.5, 0, 0, -151.5, 0, 0, 0, 710.9999999999757, 0, 0, 0, 0, -151.5, 485.9999999999449, 0, 0, 0, -151.5, 0, 0, 0, 0, 0, 0, 0, 0, 0, 0, 0, 0, 0, 0, 0, 0, 0, 0, 0, 0, -151.5, 0, 0, 0, -151.5, 0, 0, 0, -151.5, 0, 0, 0, 0, 0, 261.00000000002524, 0, 0, 1611, 0, 0, 0, 0, 0, 0, 0, 0, 0, 0, 0, 0, 0, 0, 0, 0, 0, 0, 0, -151.5, 0, 0, 0, 0, 0, 0, -151.5, 0, 0, 0, 0, -303.0, 0, 0, 0, -151.5, 236.00000000002797, 0, -303.0, 0, 0, 0, 0, 0, 0, 0, 0, 0, 0, 0, 0, 0, 0, 0, 0, 0, 0, 0, 0, 0, 0, 0, 0, 0, 109.50000000002524, -151.5, 0, 0, 0, 0, 0, 0, -151.5, 0, 0, 0, 0, 0, 0, 0, 0, 0, 0, -151.5, 0, 0, 0, 0, 0, -151.5, -151.5, 0, 361.0000000000142, 0, -151.5, 0, 0, -151.5, 0, 0, 0, -151.5, 0, 0, 0, 0, -151.5, -151.5, 0, 0, 0, 0, 0, 0, 0, 0, 0, 0, -151.5, 0, 0, 0, 0, 0, -151.5, -151.5, 0, 0, 0, 0, 0, -151.5, 0, 0, 0, 0, -151.5, 0, 0, 0, 0, 0, 0, -151.5, 0, 0, 0, 0, 0, 0, -151.5, 0, 0, 0, 0, 0, 1459.5, 0, 0, 0, 0, 0, 0, 0, 0, 0, 0, 0, 0, -454.5, 0, 0, 0, -151.5, 0, 0, 0, 0, 0, 0, 0, 0, -151.5, 0, -303.0, 0, 9.500000000036238, 0, 0, 0, 0, 0, 0, 0, 0, 0, -151.5, 0, -151.5, 0, 0, 0, 0, 1611, -151.5, 0, 0, 0, 0, 0, 0, 0, 0, 0, 0, 0, 1611, 0, 0, 0, 0, 0, 1459.5, 0, 0, 0, 0, -151.5, 0, 0, 0, 0, 0, 0, 1611, 0, 0, 0, -151.5, 0, 0, 0, 1611, 0, 0, 0, -151.5, 0, -151.5, 0, 0, 0, 0, 0, 0, 0, -303.0, -454.5, 0, 0, 0, 0, 0, -151.5, 0, 0, -151.5, 0, 1459.5, 0, 0, 0, 0, 0, 0, 0, 0, 0, 0, 0, 1459.5, 0, 0, 0, 0, 0, 0, 0, 0, 0, 0, 0, -151.5, 0, 0, 0, 0, 0, 0, -151.5, 0, 0, 0, 0, -151.5, 0, 0, 0, 0, 0, 0, -151.5, 0, -151.5, -151.5, 0, 0, -151.5, 0, 0, -151.5, 0, -151.5, 0, 0, 0, 573.5000000000185, 0, 0, -151.5, 0, 0, -151.5, 0, 0, 0, 0, -151.5, -151.5, 0, 860.9999999999592, 0, 0, 0, 0, 0, 0, 0, -151.5, 0, 0, 0, 0, -151.5, 0, 0, 134.49999999996697, 0, 0, 0, 0, 0, 0, 0, 0, 0, 798.4999999999937, 0, 0, 0, 0, 0, 0, 0, 0, 0, 0, 411.0000000000087, -151.5, 1611, 0, 0, 0, 0, 0, 0]
Sharpe Ratio: 0.06
Annualized Sharpe: 0.951
Sharpe 95% CI: (np.float64(-0.087), np.float64(1.79))
Daily Win Rate (%): 24.52
Max Drawdown: -2929.5
Profit Factor: 1.535
Expectancy: 13.427
Trades Per Month (Global): 18.916666666666668
Total Days: 800



Rolling 2 - Variant 0 - 10_20 - Fit Metrics
Trade Returns: [-151.5, 2486, 2486, -151.5, -151.5, -151.5, -151.5, -151.5, -151.5, -151.5, -151.5, 461.0000000000032, -151.5, -151.5, -151.5, -151.5, -151.5, -151.5, -151.5, -151.5, -151.5, -151.5, 1185.9999999999789, -151.5, -151.5, -151.5, -151.5, -151.5, -151.5, -151.5, 173.5000000000071, -151.5, -151.5, -151.5, -151.5, 1386.0000000000123, -151.5, -151.5, 411.0000000000087, -151.5, -151.5, -151.5, 586.0000000000449, -151.5, -151.5, -151.5, -151.5, -151.5, -151.5, -151.5, -151.5, -151.5, -151.5, -151.5, -14.0, 2486, -151.5, -151.5, -151.5, -14.0, -151.5, -151.5, 248.49999999999886, -151.5, -151.5, -151.5, -151.5, -151.5, -151.5, -151.5, -151.5, -151.5, -151.5, 585.9999999999894, -151.5, 711.0000000000312, -151.5, -151.5, -151.5, -151.5, -151.5, -151.5, -151.5, -151.5, -151.5, -26.50000000002638, -151.5, -151.5, -151.5, 486.00000000000045, -151.5, 410.9999999999532, -151.5, 360.9999999999587, -151.5, -151.5, -151.5, -151.5, 535.9999999999949, -151.5, -151.5, -151.5, -151.5, -151.5, 785.9999999999674, 60.99999999999174, 585.9999999999894, -151.5, -151.5, -151.5, -151.5, -151.5, -151.5, -151.5, 361.0000000000142, -14.0, 510.9999999999977, 211.00000000003072, 60.99999999999174, -151.5, -151.5, 1486.0000000000014, -151.5, -151.5, -151.5, -151.5, 973.50000000003, -151.5, -151.5, -151.5, -151.5, -151.5, 710.9999999999757, -151.5, 485.9999999999449, -151.5, -151.5, -151.5, -151.5, 261.00000000002524, 1836.0000000000182, -151.5, -151.5, -151.5, -151.5, -151.5, 236.00000000002797, -151.5, -151.5, 261.00000000002524, -151.5, -151.5, -151.5, -151.5, -151.5, -151.5, 361.0000000000142, -151.5, -151.5, -151.5, -151.5, -151.5, -151.5, -151.5, -151.5, -151.5, -151.5, -151.5, -151.5, 2486, -151.5, -151.5, -151.5, -151.5, -151.5, -151.5, -151.5, -151.5, -151.5, 161.00000000003624, -151.5, -151.5, 735.9999999999729, -151.5, -151.5, 1461.000000000004, -151.5, -151.5, 1323.500000000047, -151.5, 260.9999999999697, -151.5, -151.5, -151.5, -151.5, -151.5, -151.5, -151.5, -151.5, -151.5, -151.5, -151.5, 1811.0000000000211, -151.5, -151.5, -151.5, -151.5, -151.5, -151.5, -151.5, -151.5, -151.5, -151.5, 573.5000000000185, -151.5, -151.5, -151.5, -151.5, 860.9999999999592, -151.5, -151.5, 285.999999999967, -151.5, 798.4999999999937, 411.0000000000087, -151.5, 1660.999999999982]
Daily Returns: [-151.5, 0, 0, 0, 0, 0, 2486, 0, 0, 0, 0, 0, 0, 2334.5, 0, 0, 0, 0, 0, -151.5, 0, 0, 0, 0, -151.5, 0, 0, 0, 0, 0, 0, 0, 0, 0, 0, 0, 0, 0, 0, 0, 0, -151.5, 0, 0, 0, 0, 0, -151.5, 0, 0, 0, 0, 0, -151.5, -151.5, 0, 0, 0, 0, 0, 0, 0, 0, 0, 0, 0, 0, -151.5, 0, 0, 461.0000000000032, 0, -151.5, 0, 0, 0, -151.5, 0, 0, 0, 0, -151.5, 0, 0, 0, 0, 0, 0, 0, -151.5, 0, -151.5, 0, -151.5, 0, 0, 0, -151.5, 0, 0, 0, 0, 0, -151.5, 0, -151.5, 0, 0, 0, 0, 0, 0, -151.5, 0, 1185.9999999999789, -151.5, 0, 0, 0, 0, 0, 0, 0, 0, 0, -151.5, -151.5, 0, 0, -151.5, -151.5, 0, 0, -151.5, 0, -151.5, 0, 0, 0, 0, 0, 173.5000000000071, 0, 0, 0, 0, -151.5, 0, 0, 0, 0, 0, 0, -303.0, 0, 0, 0, -151.5, 0, 1386.0000000000123, 0, -151.5, 0, 0, 0, -151.5, 0, 0, 0, 411.0000000000087, 0, -151.5, 0, 0, 0, -151.5, 0, 0, 0, -151.5, 586.0000000000449, 0, 0, -303.0, 0, 0, 0, 0, 0, 0, 0, 0, -151.5, 0, 0, 0, 0, 0, 0, 0, 0, 0, 0, -151.5, 0, -151.5, 0, 0, 0, 0, -151.5, 0, 0, 0, 0, 0, 0, 0, 0, 0, 0, 0, 0, -151.5, 0, 0, 0, -151.5, 0, 0, 0, 0, -151.5, 0, 0, -303.0, 0, -14.0, 0, 0, 0, 0, 0, 0, 0, 0, 2486]
Sharpe Ratio: 0.062
Annualized Sharpe: 0.984
Sharpe 95% CI: (np.float64(-1.461), np.float64(2.29))
Daily Win Rate (%): 17.31
Max Drawdown: -2476.5
Profit Factor: 1.685
Expectancy: 18.941
Trades Per Month (Global): 18.916666666666668
Total Days: 247

Rolling 2 - Variant 0 - 10_20 - Test Metrics
Trade Returns: [-151.5, 2486, 2486, -151.5, -151.5, -151.5, -151.5, -151.5, -151.5, -151.5, -151.5, 461.0000000000032, -151.5, -151.5, -151.5, -151.5, -151.5, -151.5, -151.5, -151.5, -151.5, -151.5, 1185.9999999999789, -151.5, -151.5, -151.5, -151.5, -151.5, -151.5, -151.5, 173.5000000000071, -151.5, -151.5, -151.5, -151.5, 1386.0000000000123, -151.5, -151.5, 411.0000000000087, -151.5, -151.5, -151.5, 586.0000000000449, -151.5, -151.5, -151.5, -151.5, -151.5, -151.5, -151.5, -151.5, -151.5, -151.5, -151.5, -14.0, 2486, -151.5, -151.5, -151.5, -14.0, -151.5, -151.5, 248.49999999999886, -151.5, -151.5, -151.5, -151.5, -151.5, -151.5, -151.5, -151.5, -151.5, -151.5, 585.9999999999894, -151.5, 711.0000000000312, -151.5, -151.5, -151.5, -151.5, -151.5, -151.5, -151.5, -151.5, -151.5, -26.50000000002638, -151.5, -151.5, -151.5, 486.00000000000045, -151.5, 410.9999999999532, -151.5, 360.9999999999587, -151.5, -151.5, -151.5, -151.5, 535.9999999999949, -151.5, -151.5, -151.5, -151.5, -151.5, 785.9999999999674, 60.99999999999174, 585.9999999999894, -151.5, -151.5, -151.5, -151.5, -151.5, -151.5, -151.5, 361.0000000000142, -14.0, 510.9999999999977, 211.00000000003072, 60.99999999999174, -151.5, -151.5, 1486.0000000000014, -151.5, -151.5, -151.5, -151.5, 973.50000000003, -151.5, -151.5, -151.5, -151.5, -151.5, 710.9999999999757, -151.5, 485.9999999999449, -151.5, -151.5, -151.5, -151.5, 261.00000000002524, 1836.0000000000182, -151.5, -151.5, -151.5, -151.5, -151.5, 236.00000000002797, -151.5, -151.5, 261.00000000002524, -151.5, -151.5, -151.5, -151.5, -151.5, -151.5, 361.0000000000142, -151.5, -151.5, -151.5, -151.5, -151.5, -151.5, -151.5, -151.5, -151.5, -151.5, -151.5, -151.5, 2486, -151.5, -151.5, -151.5, -151.5, -151.5, -151.5, -151.5, -151.5, -151.5, 161.00000000003624, -151.5, -151.5, 735.9999999999729, -151.5, -151.5, 1461.000000000004, -151.5, -151.5, 1323.500000000047, -151.5, 260.9999999999697, -151.5, -151.5, -151.5, -151.5, -151.5, -151.5, -151.5, -151.5, -151.5, -151.5, -151.5, 1811.0000000000211, -151.5, -151.5, -151.5, -151.5, -151.5, -151.5, -151.5, -151.5, -151.5, -151.5, 573.5000000000185, -151.5, -151.5, -151.5, -151.5, 860.9999999999592, -151.5, -151.5, 285.999999999967, -151.5, 798.4999999999937, 411.0000000000087, -151.5, 1660.999999999982]
Daily Returns: [0, 0, 0, 0, 0, -151.5, 0, 0, 0, 0, 0, 0, 0, 0, -151.5, 0, 0, -165.5, 0, 0, -151.5, 0, 0, 0, 0, 0, 0, -151.5, 0, 0, 0, 0, 0, 248.49999999999886, 0, 0, -303.0, 0, 0, 0, 0, 0, 0, 0, 0, -151.5, 0, 0, 0, 0, -454.5, 0, -151.5, 0, 0, 0, 0, 0, 0, 0, 0, 0, 0, 0, 0, 0, -151.5, 0, 0, 0, 0, 0, 0, 0, 0, 0, -151.5, 434.4999999999894, 0, 0, -151.5, 0, 711.0000000000312, -151.5, 0, 0, 0, -151.5, 0, -151.5, -151.5, 0, 0, 0, 0, -151.5, 0, 0, 0, -303.0, 0, 0, 0, 0, 0, 0, 0, 0, 0, 0, 0, 0, 0, -151.5, -151.5, 0, 0, 0, 0, 0, 0, 0, 0, -26.50000000002638, 0, -151.5, 0, 0, 0, 0, 0, 0, 0, 0, 0, 0, 0, 0, 0, 0, 0, -151.5, 0, 0, 0, 0, 0, 334.50000000000045, 0, -151.5, 0, 0, 620.4999999999119, 0, 0, 0, 0, 0, -151.5, -303.0, 384.4999999999949, -303.0, 0, 0, 0, 0, 0, 0, -303.0, -151.5, 0, 0, 0, 846.9999999999591, 585.9999999999894, 0, 0, -151.5, 0, 0, 0, 0, 0, 0, 0, 0, 0, 0, 0, 0, -151.5, 0, 0, 0, 0, 0, 0, 0, 0, 0, 0, 0, -151.5, -151.5, 0, 0, -151.5, 0, -151.5, -151.5, 0, 0, 0, 0, 0, 0, 0, 0, 0, 0, 361.0000000000142, 0, 0, 0, 0, 0, 0, 0, 0, 0, 0, 0, 0, -14.0, 722.0000000000284, 0, 60.99999999999174, -303.0, 0, 0, 0, 0, 0, 0, 1334.5000000000014, -151.5, 0, 0, 0, 0, 0, -151.5, 0, 0, 0, 0, -151.5, 0, 0, 0, 0, 0, 973.50000000003, 0, 0, 0, 0, 0, -151.5, 0, -151.5, 0, 0, 0, 0, 0, -151.5, 0, -151.5, 0, 0, -151.5, 0, 0, 0, 710.9999999999757, 0, 0, 0, 0, -151.5, 485.9999999999449, 0, 0, 0, -151.5, 0, 0, 0, 0, 0, 0, 0, 0, 0, 0, 0, 0, 0, 0, 0, 0, 0, 0, 0, 0, -151.5, 0, 0, 0, -151.5, 0, 0, 0, -151.5, 0, 0, 0, 0, 0, 261.00000000002524, 0, 0, 1836.0000000000182, 0, 0, 0, 0, 0, 0, 0, 0, 0, 0, 0, 0, 0, 0, 0, 0, 0, 0, 0, -151.5, 0, 0, 0, 0, 0, 0, -151.5, 0, 0, 0, 0, -303.0, 0, 0, 0, -151.5, 236.00000000002797, 0, -303.0, 0, 0, 0, 0, 0, 0, 0, 0, 0, 0, 0, 0, 0, 0, 0, 0, 0, 0, 0, 0, 0, 0, 0, 0, 0, 109.50000000002524, -151.5, 0, 0, 0, 0, 0, 0, -151.5, 0, 0, 0, 0, 0, 0, 0, 0, 0, 0, -151.5, 0, 0, 0, 0, 0, -151.5, -151.5, 0, 361.0000000000142, 0, -151.5, 0, 0, -151.5, 0, 0, 0, -151.5, 0, 0, 0, 0, -151.5, -151.5, 0, 0, 0, 0, 0, 0, 0, 0, 0, 0, -151.5, 0, 0, 0, 0, 0, -151.5, -151.5, 0, 0, 0, 0, 0, -151.5, 0, 0, 0, 0, -151.5, 0, 0, 0, 0, 0, 0, -151.5, 0, 0, 0, 0, 0, 0, -151.5, 0, 0, 0, 0, 0, 2334.5, 0, 0, 0, 0, 0, 0, 0, 0, 0, 0, 0, 0, -454.5, 0, 0, 0, -151.5, 0, 0, 0, 0, 0, 0, 0, 0, -151.5, 0, -303.0, 0, 9.500000000036238, 0, 0, 0, 0, 0, 0, 0, 0, 0, -151.5, 0, -151.5, 0, 0, 0, 0, 735.9999999999729, -151.5, 0, 0, 0, 0, 0, 0, 0, 0, 0, 0, 0, -151.5, 0, 0, 0, 0, 0, 1309.500000000004, 0, 0, 0, 0, -151.5, 0, 0, 0, 0, 0, 0, 1323.500000000047, 0, 0, 0, -151.5, 0, 0, 0, 260.9999999999697, 0, 0, 0, -151.5, 0, -151.5, 0, 0, 0, 0, 0, 0, 0, -303.0, -454.5, 0, 0, 0, 0, 0, -151.5, 0, 0, -151.5, 0, -303.0, 0, 0, 0, 0, 0, 0, 0, 0, 0, 0, 0, 1659.5000000000211, 0, 0, 0, 0, 0, 0, 0, 0, 0, 0, 0, -151.5, 0, 0, 0, 0, 0, 0, -151.5, 0, 0, 0, 0, -151.5, 0, 0, 0, 0, 0, 0, -151.5, 0, -151.5, -151.5, 0, 0, -151.5, 0, 0, -151.5, 0, -151.5, 0, 0, 0, 573.5000000000185, 0, 0, -151.5, 0, 0, -151.5, 0, 0, 0, 0, -151.5, -151.5, 0, 860.9999999999592, 0, 0, 0, 0, 0, 0, 0, -151.5, 0, 0, 0, 0, -151.5, 0, 0, 134.49999999996697, 0, 0, 0, 0, 0, 0, 0, 0, 0, 798.4999999999937, 0, 0, 0, 0, 0, 0, 0, 0, 0, 0, 411.0000000000087, -151.5, 1660.999999999982, 0, 0, 0, 0, 0, 0]
Sharpe Ratio: 0.036
Annualized Sharpe: 0.565
Sharpe 95% CI: (np.float64(-0.7), np.float64(1.458))
Daily Win Rate (%): 23.74
Max Drawdown: -2929.5
Profit Factor: 1.289
Expectancy: 7.369
Trades Per Month (Global): 18.916666666666668
Total Days: 720



Rolling 2 - Variant 1 - 10_15 - Fit Metrics
Trade Returns: [-151.5, 1861, 1861, -151.5, -151.5, -151.5, -151.5, -151.5, -151.5, -151.5, -151.5, 461.0000000000032, -151.5, -151.5, -151.5, -151.5, -151.5, -151.5, -151.5, -151.5, -151.5, -151.5, 1185.9999999999789, -151.5, -151.5, -151.5, -151.5, -151.5, -151.5, -151.5, 173.5000000000071, -151.5, -151.5, -151.5, -151.5, 1861, -151.5, -151.5, 411.0000000000087, -151.5, -151.5, -151.5, 586.0000000000449, -151.5, -151.5, -151.5, -151.5, -151.5, -151.5, -151.5, -151.5, -151.5, -151.5, -151.5, -14.0, 1861, -151.5, -151.5, -151.5, -14.0, -151.5, -151.5, 248.49999999999886, -151.5, -151.5, -151.5, -151.5, -151.5, -151.5, -151.5, -151.5, -151.5, -151.5, 585.9999999999894, -151.5, 711.0000000000312, -151.5, -151.5, -151.5, -151.5, -151.5, -151.5, -151.5, -151.5, -151.5, -26.50000000002638, -151.5, -151.5, -151.5, 486.00000000000045, -151.5, 410.9999999999532, -151.5, 360.9999999999587, -151.5, -151.5, -151.5, -151.5, 535.9999999999949, -151.5, -151.5, -151.5, -151.5, -151.5, 785.9999999999674, 60.99999999999174, 585.9999999999894, -151.5, -151.5, -151.5, -151.5, -151.5, -151.5, -151.5, 361.0000000000142, -14.0, 510.9999999999977, 211.00000000003072, 60.99999999999174, -151.5, -151.5, 1861, -151.5, -151.5, -151.5, -151.5, 973.50000000003, -151.5, -151.5, -151.5, -151.5, -151.5, 710.9999999999757, -151.5, 485.9999999999449, -151.5, -151.5, -151.5, -151.5, 261.00000000002524, 1861, -151.5, -151.5, -151.5, -151.5, -151.5, 236.00000000002797, -151.5, -151.5, 261.00000000002524, -151.5, -151.5, -151.5, -151.5, -151.5, -151.5, 361.0000000000142, -151.5, -151.5, -151.5, -151.5, -151.5, -151.5, -151.5, -151.5, -151.5, -151.5, -151.5, -151.5, 1861, -151.5, -151.5, -151.5, -151.5, -151.5, -151.5, -151.5, -151.5, -151.5, 161.00000000003624, -151.5, -151.5, 1861, -151.5, -151.5, 1461.000000000004, -151.5, -151.5, 1323.500000000047, -151.5, 1861, -151.5, -151.5, -151.5, -151.5, -151.5, -151.5, -151.5, -151.5, -151.5, -151.5, -151.5, 1861, -151.5, -151.5, -151.5, -151.5, -151.5, -151.5, -151.5, -151.5, -151.5, -151.5, 573.5000000000185, -151.5, -151.5, -151.5, -151.5, 860.9999999999592, -151.5, -151.5, 285.999999999967, -151.5, 798.4999999999937, 411.0000000000087, -151.5, 1861]
Daily Returns: [-151.5, 0, 0, 0, 0, 0, 1861, 0, 0, 0, 0, 0, 0, 1709.5, 0, 0, 0, 0, 0, -151.5, 0, 0, 0, 0, -151.5, 0, 0, 0, 0, 0, 0, 0, 0, 0, 0, 0, 0, 0, 0, 0, 0, -151.5, 0, 0, 0, 0, 0, -151.5, 0, 0, 0, 0, 0, -151.5, -151.5, 0, 0, 0, 0, 0, 0, 0, 0, 0, 0, 0, 0, -151.5, 0, 0, 461.0000000000032, 0, -151.5, 0, 0, 0, -151.5, 0, 0, 0, 0, -151.5, 0, 0, 0, 0, 0, 0, 0, -151.5, 0, -151.5, 0, -151.5, 0, 0, 0, -151.5, 0, 0, 0, 0, 0, -151.5, 0, -151.5, 0, 0, 0, 0, 0, 0, -151.5, 0, 1185.9999999999789, -151.5, 0, 0, 0, 0, 0, 0, 0, 0, 0, -151.5, -151.5, 0, 0, -151.5, -151.5, 0, 0, -151.5, 0, -151.5, 0, 0, 0, 0, 0, 173.5000000000071, 0, 0, 0, 0, -151.5, 0, 0, 0, 0, 0, 0, -303.0, 0, 0, 0, -151.5, 0, 1861, 0, -151.5, 0, 0, 0, -151.5, 0, 0, 0, 411.0000000000087, 0, -151.5, 0, 0, 0, -151.5, 0, 0, 0, -151.5, 586.0000000000449, 0, 0, -303.0, 0, 0, 0, 0, 0, 0, 0, 0, -151.5, 0, 0, 0, 0, 0, 0, 0, 0, 0, 0, -151.5, 0, -151.5, 0, 0, 0, 0, -151.5, 0, 0, 0, 0, 0, 0, 0, 0, 0, 0, 0, 0, -151.5, 0, 0, 0, -151.5, 0, 0, 0, 0, -151.5, 0, 0, -303.0, 0, -14.0, 0, 0, 0, 0, 0, 0, 0, 0, 1861]
Sharpe Ratio: 0.051
Annualized Sharpe: 0.811
Sharpe 95% CI: (np.float64(-1.634), np.float64(2.217))
Daily Win Rate (%): 17.31
Max Drawdown: -2421.5
Profit Factor: 1.48
Expectancy: 13.273
Trades Per Month (Global): 18.916666666666668
Total Days: 247

Rolling 2 - Variant 1 - 10_15 - Test Metrics
Trade Returns: [-151.5, 1861, 1861, -151.5, -151.5, -151.5, -151.5, -151.5, -151.5, -151.5, -151.5, 461.0000000000032, -151.5, -151.5, -151.5, -151.5, -151.5, -151.5, -151.5, -151.5, -151.5, -151.5, 1185.9999999999789, -151.5, -151.5, -151.5, -151.5, -151.5, -151.5, -151.5, 173.5000000000071, -151.5, -151.5, -151.5, -151.5, 1861, -151.5, -151.5, 411.0000000000087, -151.5, -151.5, -151.5, 586.0000000000449, -151.5, -151.5, -151.5, -151.5, -151.5, -151.5, -151.5, -151.5, -151.5, -151.5, -151.5, -14.0, 1861, -151.5, -151.5, -151.5, -14.0, -151.5, -151.5, 248.49999999999886, -151.5, -151.5, -151.5, -151.5, -151.5, -151.5, -151.5, -151.5, -151.5, -151.5, 585.9999999999894, -151.5, 711.0000000000312, -151.5, -151.5, -151.5, -151.5, -151.5, -151.5, -151.5, -151.5, -151.5, -26.50000000002638, -151.5, -151.5, -151.5, 486.00000000000045, -151.5, 410.9999999999532, -151.5, 360.9999999999587, -151.5, -151.5, -151.5, -151.5, 535.9999999999949, -151.5, -151.5, -151.5, -151.5, -151.5, 785.9999999999674, 60.99999999999174, 585.9999999999894, -151.5, -151.5, -151.5, -151.5, -151.5, -151.5, -151.5, 361.0000000000142, -14.0, 510.9999999999977, 211.00000000003072, 60.99999999999174, -151.5, -151.5, 1861, -151.5, -151.5, -151.5, -151.5, 973.50000000003, -151.5, -151.5, -151.5, -151.5, -151.5, 710.9999999999757, -151.5, 485.9999999999449, -151.5, -151.5, -151.5, -151.5, 261.00000000002524, 1861, -151.5, -151.5, -151.5, -151.5, -151.5, 236.00000000002797, -151.5, -151.5, 261.00000000002524, -151.5, -151.5, -151.5, -151.5, -151.5, -151.5, 361.0000000000142, -151.5, -151.5, -151.5, -151.5, -151.5, -151.5, -151.5, -151.5, -151.5, -151.5, -151.5, -151.5, 1861, -151.5, -151.5, -151.5, -151.5, -151.5, -151.5, -151.5, -151.5, -151.5, 161.00000000003624, -151.5, -151.5, 1861, -151.5, -151.5, 1461.000000000004, -151.5, -151.5, 1323.500000000047, -151.5, 1861, -151.5, -151.5, -151.5, -151.5, -151.5, -151.5, -151.5, -151.5, -151.5, -151.5, -151.5, 1861, -151.5, -151.5, -151.5, -151.5, -151.5, -151.5, -151.5, -151.5, -151.5, -151.5, 573.5000000000185, -151.5, -151.5, -151.5, -151.5, 860.9999999999592, -151.5, -151.5, 285.999999999967, -151.5, 798.4999999999937, 411.0000000000087, -151.5, 1861]
Daily Returns: [0, 0, 0, 0, 0, -151.5, 0, 0, 0, 0, 0, 0, 0, 0, -151.5, 0, 0, -165.5, 0, 0, -151.5, 0, 0, 0, 0, 0, 0, -151.5, 0, 0, 0, 0, 0, 248.49999999999886, 0, 0, -303.0, 0, 0, 0, 0, 0, 0, 0, 0, -151.5, 0, 0, 0, 0, -454.5, 0, -151.5, 0, 0, 0, 0, 0, 0, 0, 0, 0, 0, 0, 0, 0, -151.5, 0, 0, 0, 0, 0, 0, 0, 0, 0, -151.5, 434.4999999999894, 0, 0, -151.5, 0, 711.0000000000312, -151.5, 0, 0, 0, -151.5, 0, -151.5, -151.5, 0, 0, 0, 0, -151.5, 0, 0, 0, -303.0, 0, 0, 0, 0, 0, 0, 0, 0, 0, 0, 0, 0, 0, -151.5, -151.5, 0, 0, 0, 0, 0, 0, 0, 0, -26.50000000002638, 0, -151.5, 0, 0, 0, 0, 0, 0, 0, 0, 0, 0, 0, 0, 0, 0, 0, -151.5, 0, 0, 0, 0, 0, 334.50000000000045, 0, -151.5, 0, 0, 620.4999999999119, 0, 0, 0, 0, 0, -151.5, -303.0, 384.4999999999949, -303.0, 0, 0, 0, 0, 0, 0, -303.0, -151.5, 0, 0, 0, 846.9999999999591, 585.9999999999894, 0, 0, -151.5, 0, 0, 0, 0, 0, 0, 0, 0, 0, 0, 0, 0, -151.5, 0, 0, 0, 0, 0, 0, 0, 0, 0, 0, 0, -151.5, -151.5, 0, 0, -151.5, 0, -151.5, -151.5, 0, 0, 0, 0, 0, 0, 0, 0, 0, 0, 361.0000000000142, 0, 0, 0, 0, 0, 0, 0, 0, 0, 0, 0, 0, -14.0, 722.0000000000284, 0, 60.99999999999174, -303.0, 0, 0, 0, 0, 0, 0, 1709.5, -151.5, 0, 0, 0, 0, 0, -151.5, 0, 0, 0, 0, -151.5, 0, 0, 0, 0, 0, 973.50000000003, 0, 0, 0, 0, 0, -151.5, 0, -151.5, 0, 0, 0, 0, 0, -151.5, 0, -151.5, 0, 0, -151.5, 0, 0, 0, 710.9999999999757, 0, 0, 0, 0, -151.5, 485.9999999999449, 0, 0, 0, -151.5, 0, 0, 0, 0, 0, 0, 0, 0, 0, 0, 0, 0, 0, 0, 0, 0, 0, 0, 0, 0, -151.5, 0, 0, 0, -151.5, 0, 0, 0, -151.5, 0, 0, 0, 0, 0, 261.00000000002524, 0, 0, 1861, 0, 0, 0, 0, 0, 0, 0, 0, 0, 0, 0, 0, 0, 0, 0, 0, 0, 0, 0, -151.5, 0, 0, 0, 0, 0, 0, -151.5, 0, 0, 0, 0, -303.0, 0, 0, 0, -151.5, 236.00000000002797, 0, -303.0, 0, 0, 0, 0, 0, 0, 0, 0, 0, 0, 0, 0, 0, 0, 0, 0, 0, 0, 0, 0, 0, 0, 0, 0, 0, 109.50000000002524, -151.5, 0, 0, 0, 0, 0, 0, -151.5, 0, 0, 0, 0, 0, 0, 0, 0, 0, 0, -151.5, 0, 0, 0, 0, 0, -151.5, -151.5, 0, 361.0000000000142, 0, -151.5, 0, 0, -151.5, 0, 0, 0, -151.5, 0, 0, 0, 0, -151.5, -151.5, 0, 0, 0, 0, 0, 0, 0, 0, 0, 0, -151.5, 0, 0, 0, 0, 0, -151.5, -151.5, 0, 0, 0, 0, 0, -151.5, 0, 0, 0, 0, -151.5, 0, 0, 0, 0, 0, 0, -151.5, 0, 0, 0, 0, 0, 0, -151.5, 0, 0, 0, 0, 0, 1709.5, 0, 0, 0, 0, 0, 0, 0, 0, 0, 0, 0, 0, -454.5, 0, 0, 0, -151.5, 0, 0, 0, 0, 0, 0, 0, 0, -151.5, 0, -303.0, 0, 9.500000000036238, 0, 0, 0, 0, 0, 0, 0, 0, 0, -151.5, 0, -151.5, 0, 0, 0, 0, 1861, -151.5, 0, 0, 0, 0, 0, 0, 0, 0, 0, 0, 0, -151.5, 0, 0, 0, 0, 0, 1309.500000000004, 0, 0, 0, 0, -151.5, 0, 0, 0, 0, 0, 0, 1323.500000000047, 0, 0, 0, -151.5, 0, 0, 0, 1861, 0, 0, 0, -151.5, 0, -151.5, 0, 0, 0, 0, 0, 0, 0, -303.0, -454.5, 0, 0, 0, 0, 0, -151.5, 0, 0, -151.5, 0, -303.0, 0, 0, 0, 0, 0, 0, 0, 0, 0, 0, 0, 1709.5, 0, 0, 0, 0, 0, 0, 0, 0, 0, 0, 0, -151.5, 0, 0, 0, 0, 0, 0, -151.5, 0, 0, 0, 0, -151.5, 0, 0, 0, 0, 0, 0, -151.5, 0, -151.5, -151.5, 0, 0, -151.5, 0, 0, -151.5, 0, -151.5, 0, 0, 0, 573.5000000000185, 0, 0, -151.5, 0, 0, -151.5, 0, 0, 0, 0, -151.5, -151.5, 0, 860.9999999999592, 0, 0, 0, 0, 0, 0, 0, -151.5, 0, 0, 0, 0, -151.5, 0, 0, 134.49999999996697, 0, 0, 0, 0, 0, 0, 0, 0, 0, 798.4999999999937, 0, 0, 0, 0, 0, 0, 0, 0, 0, 0, 411.0000000000087, -151.5, 1861, 0, 0, 0, 0, 0, 0]
Sharpe Ratio: 0.05
Annualized Sharpe: 0.787
Sharpe 95% CI: (np.float64(-0.38), np.float64(1.665))
Daily Win Rate (%): 23.74
Max Drawdown: -2929.5
Profit Factor: 1.438
Expectancy: 11.189
Trades Per Month (Global): 18.916666666666668
Total Days: 720



Rolling 2 - Variant 2 - 10_14 - Fit Metrics
Trade Returns: [-151.5, 1736, 1736, -151.5, -151.5, -151.5, -151.5, -151.5, -151.5, -151.5, -151.5, 461.0000000000032, -151.5, -151.5, -151.5, -151.5, -151.5, -151.5, -151.5, -151.5, -151.5, -151.5, 1185.9999999999789, -151.5, -151.5, -151.5, -151.5, -151.5, -151.5, -151.5, 173.5000000000071, -151.5, -151.5, -151.5, -151.5, 1736, -151.5, -151.5, 411.0000000000087, -151.5, -151.5, -151.5, 586.0000000000449, -151.5, -151.5, -151.5, -151.5, -151.5, -151.5, -151.5, -151.5, -151.5, -151.5, -151.5, -14.0, 1736, -151.5, -151.5, -151.5, -14.0, -151.5, -151.5, 248.49999999999886, -151.5, -151.5, -151.5, -151.5, -151.5, -151.5, -151.5, -151.5, -151.5, -151.5, 585.9999999999894, -151.5, 711.0000000000312, -151.5, -151.5, -151.5, -151.5, -151.5, -151.5, -151.5, -151.5, -151.5, -26.50000000002638, -151.5, -151.5, -151.5, 486.00000000000045, -151.5, 410.9999999999532, -151.5, 360.9999999999587, -151.5, -151.5, -151.5, -151.5, 535.9999999999949, -151.5, -151.5, -151.5, -151.5, -151.5, 785.9999999999674, 60.99999999999174, 585.9999999999894, -151.5, -151.5, -151.5, -151.5, -151.5, -151.5, -151.5, 361.0000000000142, -14.0, 510.9999999999977, 211.00000000003072, 60.99999999999174, -151.5, -151.5, 1736, -151.5, -151.5, -151.5, -151.5, 973.50000000003, -151.5, -151.5, -151.5, -151.5, -151.5, 710.9999999999757, -151.5, 485.9999999999449, -151.5, -151.5, -151.5, -151.5, 261.00000000002524, 1736, -151.5, -151.5, -151.5, -151.5, -151.5, 236.00000000002797, -151.5, -151.5, 261.00000000002524, -151.5, -151.5, -151.5, -151.5, -151.5, -151.5, 361.0000000000142, -151.5, -151.5, -151.5, -151.5, -151.5, -151.5, -151.5, -151.5, -151.5, -151.5, -151.5, -151.5, 1736, -151.5, -151.5, -151.5, -151.5, -151.5, -151.5, -151.5, -151.5, -151.5, 161.00000000003624, -151.5, -151.5, 1736, -151.5, -151.5, 1736, -151.5, -151.5, 1323.500000000047, -151.5, 1736, -151.5, -151.5, -151.5, -151.5, -151.5, -151.5, -151.5, -151.5, -151.5, -151.5, -151.5, 1736, -151.5, -151.5, -151.5, -151.5, -151.5, -151.5, -151.5, -151.5, -151.5, -151.5, 573.5000000000185, -151.5, -151.5, -151.5, -151.5, 860.9999999999592, -151.5, -151.5, 285.999999999967, -151.5, 798.4999999999937, 411.0000000000087, -151.5, 1736]
Daily Returns: [-151.5, 0, 0, 0, 0, 0, 1736, 0, 0, 0, 0, 0, 0, 1584.5, 0, 0, 0, 0, 0, -151.5, 0, 0, 0, 0, -151.5, 0, 0, 0, 0, 0, 0, 0, 0, 0, 0, 0, 0, 0, 0, 0, 0, -151.5, 0, 0, 0, 0, 0, -151.5, 0, 0, 0, 0, 0, -151.5, -151.5, 0, 0, 0, 0, 0, 0, 0, 0, 0, 0, 0, 0, -151.5, 0, 0, 461.0000000000032, 0, -151.5, 0, 0, 0, -151.5, 0, 0, 0, 0, -151.5, 0, 0, 0, 0, 0, 0, 0, -151.5, 0, -151.5, 0, -151.5, 0, 0, 0, -151.5, 0, 0, 0, 0, 0, -151.5, 0, -151.5, 0, 0, 0, 0, 0, 0, -151.5, 0, 1185.9999999999789, -151.5, 0, 0, 0, 0, 0, 0, 0, 0, 0, -151.5, -151.5, 0, 0, -151.5, -151.5, 0, 0, -151.5, 0, -151.5, 0, 0, 0, 0, 0, 173.5000000000071, 0, 0, 0, 0, -151.5, 0, 0, 0, 0, 0, 0, -303.0, 0, 0, 0, -151.5, 0, 1736, 0, -151.5, 0, 0, 0, -151.5, 0, 0, 0, 411.0000000000087, 0, -151.5, 0, 0, 0, -151.5, 0, 0, 0, -151.5, 586.0000000000449, 0, 0, -303.0, 0, 0, 0, 0, 0, 0, 0, 0, -151.5, 0, 0, 0, 0, 0, 0, 0, 0, 0, 0, -151.5, 0, -151.5, 0, 0, 0, 0, -151.5, 0, 0, 0, 0, 0, 0, 0, 0, 0, 0, 0, 0, -151.5, 0, 0, 0, -151.5, 0, 0, 0, 0, -151.5, 0, 0, -303.0, 0, -14.0, 0, 0, 0, 0, 0, 0, 0, 0, 1736]
Sharpe Ratio: 0.046
Annualized Sharpe: 0.727
Sharpe 95% CI: (np.float64(-1.757), np.float64(2.166))
Daily Win Rate (%): 17.31
Max Drawdown: -2421.5
Profit Factor: 1.407
Expectancy: 11.249
Trades Per Month (Global): 18.916666666666668
Total Days: 247

Rolling 2 - Variant 2 - 10_14 - Test Metrics
Trade Returns: [-151.5, 1736, 1736, -151.5, -151.5, -151.5, -151.5, -151.5, -151.5, -151.5, -151.5, 461.0000000000032, -151.5, -151.5, -151.5, -151.5, -151.5, -151.5, -151.5, -151.5, -151.5, -151.5, 1185.9999999999789, -151.5, -151.5, -151.5, -151.5, -151.5, -151.5, -151.5, 173.5000000000071, -151.5, -151.5, -151.5, -151.5, 1736, -151.5, -151.5, 411.0000000000087, -151.5, -151.5, -151.5, 586.0000000000449, -151.5, -151.5, -151.5, -151.5, -151.5, -151.5, -151.5, -151.5, -151.5, -151.5, -151.5, -14.0, 1736, -151.5, -151.5, -151.5, -14.0, -151.5, -151.5, 248.49999999999886, -151.5, -151.5, -151.5, -151.5, -151.5, -151.5, -151.5, -151.5, -151.5, -151.5, 585.9999999999894, -151.5, 711.0000000000312, -151.5, -151.5, -151.5, -151.5, -151.5, -151.5, -151.5, -151.5, -151.5, -26.50000000002638, -151.5, -151.5, -151.5, 486.00000000000045, -151.5, 410.9999999999532, -151.5, 360.9999999999587, -151.5, -151.5, -151.5, -151.5, 535.9999999999949, -151.5, -151.5, -151.5, -151.5, -151.5, 785.9999999999674, 60.99999999999174, 585.9999999999894, -151.5, -151.5, -151.5, -151.5, -151.5, -151.5, -151.5, 361.0000000000142, -14.0, 510.9999999999977, 211.00000000003072, 60.99999999999174, -151.5, -151.5, 1736, -151.5, -151.5, -151.5, -151.5, 973.50000000003, -151.5, -151.5, -151.5, -151.5, -151.5, 710.9999999999757, -151.5, 485.9999999999449, -151.5, -151.5, -151.5, -151.5, 261.00000000002524, 1736, -151.5, -151.5, -151.5, -151.5, -151.5, 236.00000000002797, -151.5, -151.5, 261.00000000002524, -151.5, -151.5, -151.5, -151.5, -151.5, -151.5, 361.0000000000142, -151.5, -151.5, -151.5, -151.5, -151.5, -151.5, -151.5, -151.5, -151.5, -151.5, -151.5, -151.5, 1736, -151.5, -151.5, -151.5, -151.5, -151.5, -151.5, -151.5, -151.5, -151.5, 161.00000000003624, -151.5, -151.5, 1736, -151.5, -151.5, 1736, -151.5, -151.5, 1323.500000000047, -151.5, 1736, -151.5, -151.5, -151.5, -151.5, -151.5, -151.5, -151.5, -151.5, -151.5, -151.5, -151.5, 1736, -151.5, -151.5, -151.5, -151.5, -151.5, -151.5, -151.5, -151.5, -151.5, -151.5, 573.5000000000185, -151.5, -151.5, -151.5, -151.5, 860.9999999999592, -151.5, -151.5, 285.999999999967, -151.5, 798.4999999999937, 411.0000000000087, -151.5, 1736]
Daily Returns: [0, 0, 0, 0, 0, -151.5, 0, 0, 0, 0, 0, 0, 0, 0, -151.5, 0, 0, -165.5, 0, 0, -151.5, 0, 0, 0, 0, 0, 0, -151.5, 0, 0, 0, 0, 0, 248.49999999999886, 0, 0, -303.0, 0, 0, 0, 0, 0, 0, 0, 0, -151.5, 0, 0, 0, 0, -454.5, 0, -151.5, 0, 0, 0, 0, 0, 0, 0, 0, 0, 0, 0, 0, 0, -151.5, 0, 0, 0, 0, 0, 0, 0, 0, 0, -151.5, 434.4999999999894, 0, 0, -151.5, 0, 711.0000000000312, -151.5, 0, 0, 0, -151.5, 0, -151.5, -151.5, 0, 0, 0, 0, -151.5, 0, 0, 0, -303.0, 0, 0, 0, 0, 0, 0, 0, 0, 0, 0, 0, 0, 0, -151.5, -151.5, 0, 0, 0, 0, 0, 0, 0, 0, -26.50000000002638, 0, -151.5, 0, 0, 0, 0, 0, 0, 0, 0, 0, 0, 0, 0, 0, 0, 0, -151.5, 0, 0, 0, 0, 0, 334.50000000000045, 0, -151.5, 0, 0, 620.4999999999119, 0, 0, 0, 0, 0, -151.5, -303.0, 384.4999999999949, -303.0, 0, 0, 0, 0, 0, 0, -303.0, -151.5, 0, 0, 0, 846.9999999999591, 585.9999999999894, 0, 0, -151.5, 0, 0, 0, 0, 0, 0, 0, 0, 0, 0, 0, 0, -151.5, 0, 0, 0, 0, 0, 0, 0, 0, 0, 0, 0, -151.5, -151.5, 0, 0, -151.5, 0, -151.5, -151.5, 0, 0, 0, 0, 0, 0, 0, 0, 0, 0, 361.0000000000142, 0, 0, 0, 0, 0, 0, 0, 0, 0, 0, 0, 0, -14.0, 722.0000000000284, 0, 60.99999999999174, -303.0, 0, 0, 0, 0, 0, 0, 1584.5, -151.5, 0, 0, 0, 0, 0, -151.5, 0, 0, 0, 0, -151.5, 0, 0, 0, 0, 0, 973.50000000003, 0, 0, 0, 0, 0, -151.5, 0, -151.5, 0, 0, 0, 0, 0, -151.5, 0, -151.5, 0, 0, -151.5, 0, 0, 0, 710.9999999999757, 0, 0, 0, 0, -151.5, 485.9999999999449, 0, 0, 0, -151.5, 0, 0, 0, 0, 0, 0, 0, 0, 0, 0, 0, 0, 0, 0, 0, 0, 0, 0, 0, 0, -151.5, 0, 0, 0, -151.5, 0, 0, 0, -151.5, 0, 0, 0, 0, 0, 261.00000000002524, 0, 0, 1736, 0, 0, 0, 0, 0, 0, 0, 0, 0, 0, 0, 0, 0, 0, 0, 0, 0, 0, 0, -151.5, 0, 0, 0, 0, 0, 0, -151.5, 0, 0, 0, 0, -303.0, 0, 0, 0, -151.5, 236.00000000002797, 0, -303.0, 0, 0, 0, 0, 0, 0, 0, 0, 0, 0, 0, 0, 0, 0, 0, 0, 0, 0, 0, 0, 0, 0, 0, 0, 0, 109.50000000002524, -151.5, 0, 0, 0, 0, 0, 0, -151.5, 0, 0, 0, 0, 0, 0, 0, 0, 0, 0, -151.5, 0, 0, 0, 0, 0, -151.5, -151.5, 0, 361.0000000000142, 0, -151.5, 0, 0, -151.5, 0, 0, 0, -151.5, 0, 0, 0, 0, -151.5, -151.5, 0, 0, 0, 0, 0, 0, 0, 0, 0, 0, -151.5, 0, 0, 0, 0, 0, -151.5, -151.5, 0, 0, 0, 0, 0, -151.5, 0, 0, 0, 0, -151.5, 0, 0, 0, 0, 0, 0, -151.5, 0, 0, 0, 0, 0, 0, -151.5, 0, 0, 0, 0, 0, 1584.5, 0, 0, 0, 0, 0, 0, 0, 0, 0, 0, 0, 0, -454.5, 0, 0, 0, -151.5, 0, 0, 0, 0, 0, 0, 0, 0, -151.5, 0, -303.0, 0, 9.500000000036238, 0, 0, 0, 0, 0, 0, 0, 0, 0, -151.5, 0, -151.5, 0, 0, 0, 0, 1736, -151.5, 0, 0, 0, 0, 0, 0, 0, 0, 0, 0, 0, -151.5, 0, 0, 0, 0, 0, 1584.5, 0, 0, 0, 0, -151.5, 0, 0, 0, 0, 0, 0, 1323.500000000047, 0, 0, 0, -151.5, 0, 0, 0, 1736, 0, 0, 0, -151.5, 0, -151.5, 0, 0, 0, 0, 0, 0, 0, -303.0, -454.5, 0, 0, 0, 0, 0, -151.5, 0, 0, -151.5, 0, -303.0, 0, 0, 0, 0, 0, 0, 0, 0, 0, 0, 0, 1584.5, 0, 0, 0, 0, 0, 0, 0, 0, 0, 0, 0, -151.5, 0, 0, 0, 0, 0, 0, -151.5, 0, 0, 0, 0, -151.5, 0, 0, 0, 0, 0, 0, -151.5, 0, -151.5, -151.5, 0, 0, -151.5, 0, 0, -151.5, 0, -151.5, 0, 0, 0, 573.5000000000185, 0, 0, -151.5, 0, 0, -151.5, 0, 0, 0, 0, -151.5, -151.5, 0, 860.9999999999592, 0, 0, 0, 0, 0, 0, 0, -151.5, 0, 0, 0, 0, -151.5, 0, 0, 134.49999999996697, 0, 0, 0, 0, 0, 0, 0, 0, 0, 798.4999999999937, 0, 0, 0, 0, 0, 0, 0, 0, 0, 0, 411.0000000000087, -151.5, 1736, 0, 0, 0, 0, 0, 0]
Sharpe Ratio: 0.047
Annualized Sharpe: 0.751
Sharpe 95% CI: (np.float64(-0.427), np.float64(1.641))
Daily Win Rate (%): 23.74
Max Drawdown: -2929.5
Profit Factor: 1.406
Expectancy: 10.356
Trades Per Month (Global): 18.916666666666668
Total Days: 720



Rolling 2 - Variant 3 - 10_13 - Fit Metrics
Trade Returns: [-151.5, 1611, 1611, -151.5, -151.5, -151.5, -151.5, -151.5, -151.5, -151.5, -151.5, 461.0000000000032, -151.5, -151.5, -151.5, -151.5, -151.5, -151.5, -151.5, -151.5, -151.5, -151.5, 1611, -151.5, -151.5, -151.5, -151.5, -151.5, -151.5, -151.5, 173.5000000000071, -151.5, -151.5, -151.5, -151.5, 1611, -151.5, -151.5, 411.0000000000087, -151.5, -151.5, -151.5, 586.0000000000449, -151.5, -151.5, -151.5, -151.5, -151.5, -151.5, -151.5, -151.5, -151.5, -151.5, -151.5, -14.0, 1611, -151.5, -151.5, -151.5, -14.0, -151.5, -151.5, 248.49999999999886, -151.5, -151.5, -151.5, -151.5, -151.5, -151.5, -151.5, -151.5, -151.5, -151.5, 585.9999999999894, -151.5, 711.0000000000312, -151.5, -151.5, -151.5, -151.5, -151.5, -151.5, -151.5, -151.5, -151.5, -26.50000000002638, -151.5, -151.5, -151.5, 486.00000000000045, -151.5, 410.9999999999532, -151.5, 360.9999999999587, -151.5, -151.5, -151.5, -151.5, 535.9999999999949, -151.5, -151.5, -151.5, -151.5, -151.5, 785.9999999999674, 60.99999999999174, 585.9999999999894, -151.5, -151.5, -151.5, -151.5, -151.5, -151.5, -151.5, 361.0000000000142, -14.0, 510.9999999999977, 211.00000000003072, 60.99999999999174, -151.5, -151.5, 1611, -151.5, -151.5, -151.5, -151.5, 973.50000000003, -151.5, -151.5, -151.5, -151.5, -151.5, 710.9999999999757, -151.5, 485.9999999999449, -151.5, -151.5, -151.5, -151.5, 261.00000000002524, 1611, -151.5, -151.5, -151.5, -151.5, -151.5, 236.00000000002797, -151.5, -151.5, 261.00000000002524, -151.5, -151.5, -151.5, -151.5, -151.5, -151.5, 361.0000000000142, -151.5, -151.5, -151.5, -151.5, -151.5, -151.5, -151.5, -151.5, -151.5, -151.5, -151.5, -151.5, 1611, -151.5, -151.5, -151.5, -151.5, -151.5, -151.5, -151.5, -151.5, -151.5, 161.00000000003624, -151.5, -151.5, 1611, -151.5, 1611, 1611, -151.5, -151.5, 1611, -151.5, 1611, -151.5, -151.5, -151.5, -151.5, -151.5, -151.5, -151.5, -151.5, -151.5, 1611, -151.5, 1611, -151.5, -151.5, -151.5, -151.5, -151.5, -151.5, -151.5, -151.5, -151.5, -151.5, 573.5000000000185, -151.5, -151.5, -151.5, -151.5, 860.9999999999592, -151.5, -151.5, 285.999999999967, -151.5, 798.4999999999937, 411.0000000000087, -151.5, 1611]
Daily Returns: [-151.5, 0, 0, 0, 0, 0, 1611, 0, 0, 0, 0, 0, 0, 1459.5, 0, 0, 0, 0, 0, -151.5, 0, 0, 0, 0, -151.5, 0, 0, 0, 0, 0, 0, 0, 0, 0, 0, 0, 0, 0, 0, 0, 0, -151.5, 0, 0, 0, 0, 0, -151.5, 0, 0, 0, 0, 0, -151.5, -151.5, 0, 0, 0, 0, 0, 0, 0, 0, 0, 0, 0, 0, -151.5, 0, 0, 461.0000000000032, 0, -151.5, 0, 0, 0, -151.5, 0, 0, 0, 0, -151.5, 0, 0, 0, 0, 0, 0, 0, -151.5, 0, -151.5, 0, -151.5, 0, 0, 0, -151.5, 0, 0, 0, 0, 0, -151.5, 0, -151.5, 0, 0, 0, 0, 0, 0, -151.5, 0, 1611, -151.5, 0, 0, 0, 0, 0, 0, 0, 0, 0, -151.5, -151.5, 0, 0, -151.5, -151.5, 0, 0, -151.5, 0, -151.5, 0, 0, 0, 0, 0, 173.5000000000071, 0, 0, 0, 0, -151.5, 0, 0, 0, 0, 0, 0, -303.0, 0, 0, 0, -151.5, 0, 1611, 0, -151.5, 0, 0, 0, -151.5, 0, 0, 0, 411.0000000000087, 0, -151.5, 0, 0, 0, -151.5, 0, 0, 0, -151.5, 586.0000000000449, 0, 0, -303.0, 0, 0, 0, 0, 0, 0, 0, 0, -151.5, 0, 0, 0, 0, 0, 0, 0, 0, 0, 0, -151.5, 0, -151.5, 0, 0, 0, 0, -151.5, 0, 0, 0, 0, 0, 0, 0, 0, 0, 0, 0, 0, -151.5, 0, 0, 0, -151.5, 0, 0, 0, 0, -151.5, 0, 0, -303.0, 0, -14.0, 0, 0, 0, 0, 0, 0, 0, 0, 1611]
Sharpe Ratio: 0.045
Annualized Sharpe: 0.718
Sharpe 95% CI: (np.float64(-1.838), np.float64(2.167))
Daily Win Rate (%): 17.31
Max Drawdown: -2114.5
Profit Factor: 1.396
Expectancy: 10.945
Trades Per Month (Global): 18.916666666666668
Total Days: 247

Rolling 2 - Variant 3 - 10_13 - Test Metrics
Trade Returns: [-151.5, 1611, 1611, -151.5, -151.5, -151.5, -151.5, -151.5, -151.5, -151.5, -151.5, 461.0000000000032, -151.5, -151.5, -151.5, -151.5, -151.5, -151.5, -151.5, -151.5, -151.5, -151.5, 1611, -151.5, -151.5, -151.5, -151.5, -151.5, -151.5, -151.5, 173.5000000000071, -151.5, -151.5, -151.5, -151.5, 1611, -151.5, -151.5, 411.0000000000087, -151.5, -151.5, -151.5, 586.0000000000449, -151.5, -151.5, -151.5, -151.5, -151.5, -151.5, -151.5, -151.5, -151.5, -151.5, -151.5, -14.0, 1611, -151.5, -151.5, -151.5, -14.0, -151.5, -151.5, 248.49999999999886, -151.5, -151.5, -151.5, -151.5, -151.5, -151.5, -151.5, -151.5, -151.5, -151.5, 585.9999999999894, -151.5, 711.0000000000312, -151.5, -151.5, -151.5, -151.5, -151.5, -151.5, -151.5, -151.5, -151.5, -26.50000000002638, -151.5, -151.5, -151.5, 486.00000000000045, -151.5, 410.9999999999532, -151.5, 360.9999999999587, -151.5, -151.5, -151.5, -151.5, 535.9999999999949, -151.5, -151.5, -151.5, -151.5, -151.5, 785.9999999999674, 60.99999999999174, 585.9999999999894, -151.5, -151.5, -151.5, -151.5, -151.5, -151.5, -151.5, 361.0000000000142, -14.0, 510.9999999999977, 211.00000000003072, 60.99999999999174, -151.5, -151.5, 1611, -151.5, -151.5, -151.5, -151.5, 973.50000000003, -151.5, -151.5, -151.5, -151.5, -151.5, 710.9999999999757, -151.5, 485.9999999999449, -151.5, -151.5, -151.5, -151.5, 261.00000000002524, 1611, -151.5, -151.5, -151.5, -151.5, -151.5, 236.00000000002797, -151.5, -151.5, 261.00000000002524, -151.5, -151.5, -151.5, -151.5, -151.5, -151.5, 361.0000000000142, -151.5, -151.5, -151.5, -151.5, -151.5, -151.5, -151.5, -151.5, -151.5, -151.5, -151.5, -151.5, 1611, -151.5, -151.5, -151.5, -151.5, -151.5, -151.5, -151.5, -151.5, -151.5, 161.00000000003624, -151.5, -151.5, 1611, -151.5, 1611, 1611, -151.5, -151.5, 1611, -151.5, 1611, -151.5, -151.5, -151.5, -151.5, -151.5, -151.5, -151.5, -151.5, -151.5, 1611, -151.5, 1611, -151.5, -151.5, -151.5, -151.5, -151.5, -151.5, -151.5, -151.5, -151.5, -151.5, 573.5000000000185, -151.5, -151.5, -151.5, -151.5, 860.9999999999592, -151.5, -151.5, 285.999999999967, -151.5, 798.4999999999937, 411.0000000000087, -151.5, 1611]
Daily Returns: [0, 0, 0, 0, 0, -151.5, 0, 0, 0, 0, 0, 0, 0, 0, -151.5, 0, 0, -165.5, 0, 0, -151.5, 0, 0, 0, 0, 0, 0, -151.5, 0, 0, 0, 0, 0, 248.49999999999886, 0, 0, -303.0, 0, 0, 0, 0, 0, 0, 0, 0, -151.5, 0, 0, 0, 0, -454.5, 0, -151.5, 0, 0, 0, 0, 0, 0, 0, 0, 0, 0, 0, 0, 0, -151.5, 0, 0, 0, 0, 0, 0, 0, 0, 0, -151.5, 434.4999999999894, 0, 0, -151.5, 0, 711.0000000000312, -151.5, 0, 0, 0, -151.5, 0, -151.5, -151.5, 0, 0, 0, 0, -151.5, 0, 0, 0, -303.0, 0, 0, 0, 0, 0, 0, 0, 0, 0, 0, 0, 0, 0, -151.5, -151.5, 0, 0, 0, 0, 0, 0, 0, 0, -26.50000000002638, 0, -151.5, 0, 0, 0, 0, 0, 0, 0, 0, 0, 0, 0, 0, 0, 0, 0, -151.5, 0, 0, 0, 0, 0, 334.50000000000045, 0, -151.5, 0, 0, 620.4999999999119, 0, 0, 0, 0, 0, -151.5, -303.0, 384.4999999999949, -303.0, 0, 0, 0, 0, 0, 0, -303.0, -151.5, 0, 0, 0, 846.9999999999591, 585.9999999999894, 0, 0, -151.5, 0, 0, 0, 0, 0, 0, 0, 0, 0, 0, 0, 0, -151.5, 0, 0, 0, 0, 0, 0, 0, 0, 0, 0, 0, -151.5, -151.5, 0, 0, -151.5, 0, -151.5, -151.5, 0, 0, 0, 0, 0, 0, 0, 0, 0, 0, 361.0000000000142, 0, 0, 0, 0, 0, 0, 0, 0, 0, 0, 0, 0, -14.0, 722.0000000000284, 0, 60.99999999999174, -303.0, 0, 0, 0, 0, 0, 0, 1459.5, -151.5, 0, 0, 0, 0, 0, -151.5, 0, 0, 0, 0, -151.5, 0, 0, 0, 0, 0, 973.50000000003, 0, 0, 0, 0, 0, -151.5, 0, -151.5, 0, 0, 0, 0, 0, -151.5, 0, -151.5, 0, 0, -151.5, 0, 0, 0, 710.9999999999757, 0, 0, 0, 0, -151.5, 485.9999999999449, 0, 0, 0, -151.5, 0, 0, 0, 0, 0, 0, 0, 0, 0, 0, 0, 0, 0, 0, 0, 0, 0, 0, 0, 0, -151.5, 0, 0, 0, -151.5, 0, 0, 0, -151.5, 0, 0, 0, 0, 0, 261.00000000002524, 0, 0, 1611, 0, 0, 0, 0, 0, 0, 0, 0, 0, 0, 0, 0, 0, 0, 0, 0, 0, 0, 0, -151.5, 0, 0, 0, 0, 0, 0, -151.5, 0, 0, 0, 0, -303.0, 0, 0, 0, -151.5, 236.00000000002797, 0, -303.0, 0, 0, 0, 0, 0, 0, 0, 0, 0, 0, 0, 0, 0, 0, 0, 0, 0, 0, 0, 0, 0, 0, 0, 0, 0, 109.50000000002524, -151.5, 0, 0, 0, 0, 0, 0, -151.5, 0, 0, 0, 0, 0, 0, 0, 0, 0, 0, -151.5, 0, 0, 0, 0, 0, -151.5, -151.5, 0, 361.0000000000142, 0, -151.5, 0, 0, -151.5, 0, 0, 0, -151.5, 0, 0, 0, 0, -151.5, -151.5, 0, 0, 0, 0, 0, 0, 0, 0, 0, 0, -151.5, 0, 0, 0, 0, 0, -151.5, -151.5, 0, 0, 0, 0, 0, -151.5, 0, 0, 0, 0, -151.5, 0, 0, 0, 0, 0, 0, -151.5, 0, 0, 0, 0, 0, 0, -151.5, 0, 0, 0, 0, 0, 1459.5, 0, 0, 0, 0, 0, 0, 0, 0, 0, 0, 0, 0, -454.5, 0, 0, 0, -151.5, 0, 0, 0, 0, 0, 0, 0, 0, -151.5, 0, -303.0, 0, 9.500000000036238, 0, 0, 0, 0, 0, 0, 0, 0, 0, -151.5, 0, -151.5, 0, 0, 0, 0, 1611, -151.5, 0, 0, 0, 0, 0, 0, 0, 0, 0, 0, 0, 1611, 0, 0, 0, 0, 0, 1459.5, 0, 0, 0, 0, -151.5, 0, 0, 0, 0, 0, 0, 1611, 0, 0, 0, -151.5, 0, 0, 0, 1611, 0, 0, 0, -151.5, 0, -151.5, 0, 0, 0, 0, 0, 0, 0, -303.0, -454.5, 0, 0, 0, 0, 0, -151.5, 0, 0, -151.5, 0, 1459.5, 0, 0, 0, 0, 0, 0, 0, 0, 0, 0, 0, 1459.5, 0, 0, 0, 0, 0, 0, 0, 0, 0, 0, 0, -151.5, 0, 0, 0, 0, 0, 0, -151.5, 0, 0, 0, 0, -151.5, 0, 0, 0, 0, 0, 0, -151.5, 0, -151.5, -151.5, 0, 0, -151.5, 0, 0, -151.5, 0, -151.5, 0, 0, 0, 573.5000000000185, 0, 0, -151.5, 0, 0, -151.5, 0, 0, 0, 0, -151.5, -151.5, 0, 860.9999999999592, 0, 0, 0, 0, 0, 0, 0, -151.5, 0, 0, 0, 0, -151.5, 0, 0, 134.49999999996697, 0, 0, 0, 0, 0, 0, 0, 0, 0, 798.4999999999937, 0, 0, 0, 0, 0, 0, 0, 0, 0, 0, 411.0000000000087, -151.5, 1611, 0, 0, 0, 0, 0, 0]
Sharpe Ratio: 0.063
Annualized Sharpe: 1.003
Sharpe 95% CI: (np.float64(-0.121), np.float64(1.864))
Daily Win Rate (%): 25.18
Max Drawdown: -2929.5
Profit Factor: 1.573
Expectancy: 14.262
Trades Per Month (Global): 18.916666666666668
Total Days: 720



Rolling 2 - Variant 4 - 10_7 - Fit Metrics
Trade Returns: [-151.5, 861, 861, -151.5, -151.5, -151.5, 861, -151.5, -151.5, -151.5, -151.5, 861, -151.5, -151.5, -151.5, -151.5, -151.5, -151.5, -151.5, -151.5, -151.5, -151.5, 861, -151.5, -151.5, -151.5, -151.5, -151.5, -151.5, -151.5, 173.5000000000071, 861, -151.5, -151.5, -151.5, 861, -151.5, -151.5, 411.0000000000087, -151.5, -151.5, -151.5, 861, -151.5, -151.5, -151.5, -151.5, -151.5, -151.5, -151.5, -151.5, -151.5, -151.5, -151.5, -14.0, 861, -151.5, -151.5, -151.5, -14.0, -151.5, -151.5, 248.49999999999886, -151.5, -151.5, -151.5, -151.5, -151.5, -151.5, -151.5, -151.5, -151.5, -151.5, 585.9999999999894, -151.5, 711.0000000000312, -151.5, -151.5, -151.5, -151.5, -151.5, -151.5, -151.5, 861, -151.5, -26.50000000002638, -151.5, -151.5, -151.5, 861, -151.5, 410.9999999999532, -151.5, 360.9999999999587, 861, -151.5, -151.5, -151.5, 535.9999999999949, -151.5, -151.5, -151.5, -151.5, -151.5, 861, 60.99999999999174, 861, -151.5, -151.5, -151.5, -151.5, -151.5, -151.5, -151.5, 361.0000000000142, -14.0, 861, 211.00000000003072, 60.99999999999174, -151.5, -151.5, 861, -151.5, -151.5, -151.5, -151.5, 861, -151.5, -151.5, -151.5, -151.5, -151.5, 861, -151.5, 485.9999999999449, -151.5, -151.5, -151.5, -151.5, 261.00000000002524, 861, -151.5, -151.5, -151.5, -151.5, -151.5, 236.00000000002797, -151.5, -151.5, 261.00000000002524, -151.5, -151.5, -151.5, -151.5, -151.5, -151.5, 861, -151.5, -151.5, -151.5, -151.5, -151.5, -151.5, 861, -151.5, -151.5, -151.5, -151.5, -151.5, 861, -151.5, -151.5, -151.5, -151.5, 861, -151.5, -151.5, -151.5, 861, 161.00000000003624, -151.5, -151.5, 861, -151.5, 861, 861, -151.5, -151.5, 861, -151.5, 861, 861, -151.5, -151.5, -151.5, 861, -151.5, -151.5, -151.5, -151.5, 861, -151.5, 861, -151.5, -151.5, -151.5, -151.5, -151.5, -151.5, -151.5, -151.5, -151.5, -151.5, 573.5000000000185, -151.5, -151.5, -151.5, -151.5, 861, -151.5, -151.5, 861, -151.5, 861, 861, -151.5, 861]
Daily Returns: [-151.5, 0, 0, 0, 0, 0, 861, 0, 0, 0, 0, 0, 0, 709.5, 0, 0, 0, 0, 0, -151.5, 0, 0, 0, 0, -151.5, 0, 0, 0, 0, 0, 0, 0, 0, 0, 0, 0, 0, 0, 0, 0, 0, 861, 0, 0, 0, 0, 0, -151.5, 0, 0, 0, 0, 0, -151.5, -151.5, 0, 0, 0, 0, 0, 0, 0, 0, 0, 0, 0, 0, -151.5, 0, 0, 861, 0, -151.5, 0, 0, 0, -151.5, 0, 0, 0, 0, -151.5, 0, 0, 0, 0, 0, 0, 0, -151.5, 0, -151.5, 0, -151.5, 0, 0, 0, -151.5, 0, 0, 0, 0, 0, -151.5, 0, -151.5, 0, 0, 0, 0, 0, 0, -151.5, 0, 861, -151.5, 0, 0, 0, 0, 0, 0, 0, 0, 0, -151.5, -151.5, 0, 0, -151.5, -151.5, 0, 0, -151.5, 0, -151.5, 0, 0, 0, 0, 0, 173.5000000000071, 0, 0, 0, 0, 861, 0, 0, 0, 0, 0, 0, -303.0, 0, 0, 0, -151.5, 0, 861, 0, -151.5, 0, 0, 0, -151.5, 0, 0, 0, 411.0000000000087, 0, -151.5, 0, 0, 0, -151.5, 0, 0, 0, -151.5, 861, 0, 0, -303.0, 0, 0, 0, 0, 0, 0, 0, 0, -151.5, 0, 0, 0, 0, 0, 0, 0, 0, 0, 0, -151.5, 0, -151.5, 0, 0, 0, 0, -151.5, 0, 0, 0, 0, 0, 0, 0, 0, 0, 0, 0, 0, -151.5, 0, 0, 0, -151.5, 0, 0, 0, 0, -151.5, 0, 0, -303.0, 0, -14.0, 0, 0, 0, 0, 0, 0, 0, 0, 861]
Sharpe Ratio: 0.038
Annualized Sharpe: 0.599
Sharpe 95% CI: (np.float64(-1.651), np.float64(2.203))
Daily Win Rate (%): 21.15
Max Drawdown: -1714.5
Profit Factor: 1.253
Expectancy: 6.694
Trades Per Month (Global): 18.916666666666668
Total Days: 247

Rolling 2 - Variant 4 - 10_7 - Test Metrics
Trade Returns: [-151.5, 861, 861, -151.5, -151.5, -151.5, 861, -151.5, -151.5, -151.5, -151.5, 861, -151.5, -151.5, -151.5, -151.5, -151.5, -151.5, -151.5, -151.5, -151.5, -151.5, 861, -151.5, -151.5, -151.5, -151.5, -151.5, -151.5, -151.5, 173.5000000000071, 861, -151.5, -151.5, -151.5, 861, -151.5, -151.5, 411.0000000000087, -151.5, -151.5, -151.5, 861, -151.5, -151.5, -151.5, -151.5, -151.5, -151.5, -151.5, -151.5, -151.5, -151.5, -151.5, -14.0, 861, -151.5, -151.5, -151.5, -14.0, -151.5, -151.5, 248.49999999999886, -151.5, -151.5, -151.5, -151.5, -151.5, -151.5, -151.5, -151.5, -151.5, -151.5, 585.9999999999894, -151.5, 711.0000000000312, -151.5, -151.5, -151.5, -151.5, -151.5, -151.5, -151.5, 861, -151.5, -26.50000000002638, -151.5, -151.5, -151.5, 861, -151.5, 410.9999999999532, -151.5, 360.9999999999587, 861, -151.5, -151.5, -151.5, 535.9999999999949, -151.5, -151.5, -151.5, -151.5, -151.5, 861, 60.99999999999174, 861, -151.5, -151.5, -151.5, -151.5, -151.5, -151.5, -151.5, 361.0000000000142, -14.0, 861, 211.00000000003072, 60.99999999999174, -151.5, -151.5, 861, -151.5, -151.5, -151.5, -151.5, 861, -151.5, -151.5, -151.5, -151.5, -151.5, 861, -151.5, 485.9999999999449, -151.5, -151.5, -151.5, -151.5, 261.00000000002524, 861, -151.5, -151.5, -151.5, -151.5, -151.5, 236.00000000002797, -151.5, -151.5, 261.00000000002524, -151.5, -151.5, -151.5, -151.5, -151.5, -151.5, 861, -151.5, -151.5, -151.5, -151.5, -151.5, -151.5, 861, -151.5, -151.5, -151.5, -151.5, -151.5, 861, -151.5, -151.5, -151.5, -151.5, 861, -151.5, -151.5, -151.5, 861, 161.00000000003624, -151.5, -151.5, 861, -151.5, 861, 861, -151.5, -151.5, 861, -151.5, 861, 861, -151.5, -151.5, -151.5, 861, -151.5, -151.5, -151.5, -151.5, 861, -151.5, 861, -151.5, -151.5, -151.5, -151.5, -151.5, -151.5, -151.5, -151.5, -151.5, -151.5, 573.5000000000185, -151.5, -151.5, -151.5, -151.5, 861, -151.5, -151.5, 861, -151.5, 861, 861, -151.5, 861]
Daily Returns: [0, 0, 0, 0, 0, -151.5, 0, 0, 0, 0, 0, 0, 0, 0, -151.5, 0, 0, -165.5, 0, 0, -151.5, 0, 0, 0, 0, 0, 0, -151.5, 0, 0, 0, 0, 0, 248.49999999999886, 0, 0, -303.0, 0, 0, 0, 0, 0, 0, 0, 0, -151.5, 0, 0, 0, 0, -454.5, 0, -151.5, 0, 0, 0, 0, 0, 0, 0, 0, 0, 0, 0, 0, 0, -151.5, 0, 0, 0, 0, 0, 0, 0, 0, 0, -151.5, 434.4999999999894, 0, 0, -151.5, 0, 711.0000000000312, -151.5, 0, 0, 0, -151.5, 0, -151.5, -151.5, 0, 0, 0, 0, -151.5, 0, 0, 0, -303.0, 0, 0, 0, 0, 0, 0, 0, 0, 0, 0, 0, 0, 0, 861, -151.5, 0, 0, 0, 0, 0, 0, 0, 0, -26.50000000002638, 0, -151.5, 0, 0, 0, 0, 0, 0, 0, 0, 0, 0, 0, 0, 0, 0, 0, -151.5, 0, 0, 0, 0, 0, 709.5, 0, -151.5, 0, 0, 620.4999999999119, 0, 0, 0, 0, 0, 861, -303.0, 384.4999999999949, -303.0, 0, 0, 0, 0, 0, 0, -303.0, -151.5, 0, 0, 0, 921.9999999999917, 861, 0, 0, -151.5, 0, 0, 0, 0, 0, 0, 0, 0, 0, 0, 0, 0, -151.5, 0, 0, 0, 0, 0, 0, 0, 0, 0, 0, 0, -151.5, -151.5, 0, 0, -151.5, 0, -151.5, -151.5, 0, 0, 0, 0, 0, 0, 0, 0, 0, 0, 361.0000000000142, 0, 0, 0, 0, 0, 0, 0, 0, 0, 0, 0, 0, -14.0, 1072.0000000000307, 0, 60.99999999999174, -303.0, 0, 0, 0, 0, 0, 0, 709.5, -151.5, 0, 0, 0, 0, 0, -151.5, 0, 0, 0, 0, -151.5, 0, 0, 0, 0, 0, 861, 0, 0, 0, 0, 0, -151.5, 0, -151.5, 0, 0, 0, 0, 0, -151.5, 0, -151.5, 0, 0, -151.5, 0, 0, 0, 861, 0, 0, 0, 0, -151.5, 485.9999999999449, 0, 0, 0, -151.5, 0, 0, 0, 0, 0, 0, 0, 0, 0, 0, 0, 0, 0, 0, 0, 0, 0, 0, 0, 0, -151.5, 0, 0, 0, -151.5, 0, 0, 0, -151.5, 0, 0, 0, 0, 0, 261.00000000002524, 0, 0, 861, 0, 0, 0, 0, 0, 0, 0, 0, 0, 0, 0, 0, 0, 0, 0, 0, 0, 0, 0, -151.5, 0, 0, 0, 0, 0, 0, -151.5, 0, 0, 0, 0, -303.0, 0, 0, 0, -151.5, 236.00000000002797, 0, -303.0, 0, 0, 0, 0, 0, 0, 0, 0, 0, 0, 0, 0, 0, 0, 0, 0, 0, 0, 0, 0, 0, 0, 0, 0, 0, 109.50000000002524, -151.5, 0, 0, 0, 0, 0, 0, -151.5, 0, 0, 0, 0, 0, 0, 0, 0, 0, 0, -151.5, 0, 0, 0, 0, 0, -151.5, -151.5, 0, 861, 0, -151.5, 0, 0, -151.5, 0, 0, 0, -151.5, 0, 0, 0, 0, -151.5, -151.5, 0, 0, 0, 0, 0, 0, 0, 0, 0, 0, -151.5, 0, 0, 0, 0, 0, 861, -151.5, 0, 0, 0, 0, 0, -151.5, 0, 0, 0, 0, -151.5, 0, 0, 0, 0, 0, 0, -151.5, 0, 0, 0, 0, 0, 0, -151.5, 0, 0, 0, 0, 0, 709.5, 0, 0, 0, 0, 0, 0, 0, 0, 0, 0, 0, 0, -454.5, 0, 0, 0, 861, 0, 0, 0, 0, 0, 0, 0, 0, -151.5, 0, -303.0, 0, 1022.0000000000363, 0, 0, 0, 0, 0, 0, 0, 0, 0, -151.5, 0, -151.5, 0, 0, 0, 0, 861, -151.5, 0, 0, 0, 0, 0, 0, 0, 0, 0, 0, 0, 861, 0, 0, 0, 0, 0, 709.5, 0, 0, 0, 0, -151.5, 0, 0, 0, 0, 0, 0, 861, 0, 0, 0, -151.5, 0, 0, 0, 861, 0, 0, 0, 861, 0, -151.5, 0, 0, 0, 0, 0, 0, 0, -303.0, 558.0, 0, 0, 0, 0, 0, -151.5, 0, 0, -151.5, 0, 709.5, 0, 0, 0, 0, 0, 0, 0, 0, 0, 0, 0, 709.5, 0, 0, 0, 0, 0, 0, 0, 0, 0, 0, 0, -151.5, 0, 0, 0, 0, 0, 0, -151.5, 0, 0, 0, 0, -151.5, 0, 0, 0, 0, 0, 0, -151.5, 0, -151.5, -151.5, 0, 0, -151.5, 0, 0, -151.5, 0, -151.5, 0, 0, 0, 573.5000000000185, 0, 0, -151.5, 0, 0, -151.5, 0, 0, 0, 0, -151.5, -151.5, 0, 861, 0, 0, 0, 0, 0, 0, 0, -151.5, 0, 0, 0, 0, -151.5, 0, 0, 709.5, 0, 0, 0, 0, 0, 0, 0, 0, 0, 861, 0, 0, 0, 0, 0, 0, 0, 0, 0, 0, 861, -151.5, 861, 0, 0, 0, 0, 0, 0]
Sharpe Ratio: 0.087
Annualized Sharpe: 1.384
Sharpe 95% CI: (np.float64(0.294), np.float64(2.289))
Daily Win Rate (%): 29.5
Max Drawdown: -1953.0
Profit Factor: 1.706
Expectancy: 16.397
Trades Per Month (Global): 18.916666666666668
Total Days: 720



Rolling 3 - Variant 0 - 10_20 - Fit Metrics
Trade Returns: [-151.5, 2486, 2486, -151.5, -151.5, -151.5, -151.5, -151.5, -151.5, -151.5, -151.5, 461.0000000000032, -151.5, -151.5, -151.5, -151.5, -151.5, -151.5, -151.5, -151.5, -151.5, -151.5, 1185.9999999999789, -151.5, -151.5, -151.5, -151.5, -151.5, -151.5, -151.5, 173.5000000000071, -151.5, -151.5, -151.5, -151.5, 1386.0000000000123, -151.5, -151.5, 411.0000000000087, -151.5, -151.5, -151.5, 586.0000000000449, -151.5, -151.5, -151.5, -151.5, -151.5, -151.5, -151.5, -151.5, -151.5, -151.5, -151.5, -14.0, 2486, -151.5, -151.5, -151.5, -14.0, -151.5, -151.5, 248.49999999999886, -151.5, -151.5, -151.5, -151.5, -151.5, -151.5, -151.5, -151.5, -151.5, -151.5, 585.9999999999894, -151.5, 711.0000000000312, -151.5, -151.5, -151.5, -151.5, -151.5, -151.5, -151.5, -151.5, -151.5, -26.50000000002638, -151.5, -151.5, -151.5, 486.00000000000045, -151.5, 410.9999999999532, -151.5, 360.9999999999587, -151.5, -151.5, -151.5, -151.5, 535.9999999999949, -151.5, -151.5, -151.5, -151.5, -151.5, 785.9999999999674, 60.99999999999174, 585.9999999999894, -151.5, -151.5, -151.5, -151.5, -151.5, -151.5, -151.5, 361.0000000000142, -14.0, 510.9999999999977, 211.00000000003072, 60.99999999999174, -151.5, -151.5, 1486.0000000000014, -151.5, -151.5, -151.5, -151.5, 973.50000000003, -151.5, -151.5, -151.5, -151.5, -151.5, 710.9999999999757, -151.5, 485.9999999999449, -151.5, -151.5, -151.5, -151.5, 261.00000000002524, 1836.0000000000182, -151.5, -151.5, -151.5, -151.5, -151.5, 236.00000000002797, -151.5, -151.5, 261.00000000002524, -151.5, -151.5, -151.5, -151.5, -151.5, -151.5, 361.0000000000142, -151.5, -151.5, -151.5, -151.5, -151.5, -151.5, -151.5, -151.5, -151.5, -151.5, -151.5, -151.5, 2486, -151.5, -151.5, -151.5, -151.5, -151.5, -151.5, -151.5, -151.5, -151.5, 161.00000000003624, -151.5, -151.5, 735.9999999999729, -151.5, -151.5, 1461.000000000004, -151.5, -151.5, 1323.500000000047, -151.5, 260.9999999999697, -151.5, -151.5, -151.5, -151.5, -151.5, -151.5, -151.5, -151.5, -151.5, -151.5, -151.5, 1811.0000000000211, -151.5, -151.5, -151.5, -151.5, -151.5, -151.5, -151.5, -151.5, -151.5, -151.5, 573.5000000000185, -151.5, -151.5, -151.5, -151.5, 860.9999999999592, -151.5, -151.5, 285.999999999967, -151.5, 798.4999999999937, 411.0000000000087, -151.5, 1660.999999999982]
Daily Returns: [-151.5, 0, 0, 0, 0, 0, 2486, 0, 0, 0, 0, 0, 0, 2334.5, 0, 0, 0, 0, 0, -151.5, 0, 0, 0, 0, -151.5, 0, 0, 0, 0, 0, 0, 0, 0, 0, 0, 0, 0, 0, 0, 0, 0, -151.5, 0, 0, 0, 0, 0, -151.5, 0, 0, 0, 0, 0, -151.5, -151.5, 0, 0, 0, 0, 0, 0, 0, 0, 0, 0, 0, 0, -151.5, 0, 0, 461.0000000000032, 0, -151.5, 0, 0, 0, -151.5, 0, 0, 0, 0, -151.5, 0, 0, 0, 0, 0, 0, 0, -151.5, 0, -151.5, 0, -151.5, 0, 0, 0, -151.5, 0, 0, 0, 0, 0, -151.5, 0, -151.5, 0, 0, 0, 0, 0, 0, -151.5, 0, 1185.9999999999789, -151.5, 0, 0, 0, 0, 0, 0, 0, 0, 0, -151.5, -151.5, 0, 0, -151.5, -151.5, 0, 0, -151.5, 0, -151.5, 0, 0, 0, 0, 0, 173.5000000000071, 0, 0, 0, 0, -151.5, 0, 0, 0, 0, 0, 0, -303.0, 0, 0, 0, -151.5, 0, 1386.0000000000123, 0, -151.5, 0, 0, 0, -151.5, 0, 0, 0, 411.0000000000087, 0, -151.5, 0, 0, 0, -151.5, 0, 0, 0, -151.5, 586.0000000000449, 0, 0, -303.0, 0, 0, 0, 0, 0, 0, 0, 0, -151.5, 0, 0, 0, 0, 0, 0, 0, 0, 0, 0, -151.5, 0, -151.5, 0, 0, 0, 0, -151.5, 0, 0, 0, 0, 0, 0, 0, 0, 0, 0, 0, 0, -151.5, 0, 0, 0, -151.5, 0, 0, 0, 0, -151.5, 0, 0, -303.0, 0, -14.0, 0, 0, 0, 0, 0, 0, 0, 0, 2486, 0, 0, 0, 0, 0, -151.5, 0, 0, 0, 0, 0, 0, 0, 0, -151.5, 0, 0, -165.5, 0, 0, -151.5, 0, 0, 0, 0, 0, 0, -151.5, 0, 0, 0, 0, 0, 248.49999999999886, 0, 0, -303.0, 0, 0, 0, 0, 0, 0, 0, 0, -151.5, 0, 0, 0, 0, -454.5, 0, -151.5, 0, 0, 0, 0, 0, 0, 0, 0, 0, 0, 0, 0, 0, -151.5, 0, 0, 0, 0, 0, 0, 0, 0, 0, -151.5, 434.4999999999894, 0, 0]
Sharpe Ratio: 0.037
Annualized Sharpe: 0.58
Sharpe 95% CI: (np.float64(-1.763), np.float64(1.801))
Daily Win Rate (%): 16.92
Max Drawdown: -2476.5
Profit Factor: 1.36
Expectancy: 9.867
Trades Per Month (Global): 18.916666666666668
Total Days: 327

Rolling 3 - Variant 0 - 10_20 - Test Metrics
Trade Returns: [-151.5, 2486, 2486, -151.5, -151.5, -151.5, -151.5, -151.5, -151.5, -151.5, -151.5, 461.0000000000032, -151.5, -151.5, -151.5, -151.5, -151.5, -151.5, -151.5, -151.5, -151.5, -151.5, 1185.9999999999789, -151.5, -151.5, -151.5, -151.5, -151.5, -151.5, -151.5, 173.5000000000071, -151.5, -151.5, -151.5, -151.5, 1386.0000000000123, -151.5, -151.5, 411.0000000000087, -151.5, -151.5, -151.5, 586.0000000000449, -151.5, -151.5, -151.5, -151.5, -151.5, -151.5, -151.5, -151.5, -151.5, -151.5, -151.5, -14.0, 2486, -151.5, -151.5, -151.5, -14.0, -151.5, -151.5, 248.49999999999886, -151.5, -151.5, -151.5, -151.5, -151.5, -151.5, -151.5, -151.5, -151.5, -151.5, 585.9999999999894, -151.5, 711.0000000000312, -151.5, -151.5, -151.5, -151.5, -151.5, -151.5, -151.5, -151.5, -151.5, -26.50000000002638, -151.5, -151.5, -151.5, 486.00000000000045, -151.5, 410.9999999999532, -151.5, 360.9999999999587, -151.5, -151.5, -151.5, -151.5, 535.9999999999949, -151.5, -151.5, -151.5, -151.5, -151.5, 785.9999999999674, 60.99999999999174, 585.9999999999894, -151.5, -151.5, -151.5, -151.5, -151.5, -151.5, -151.5, 361.0000000000142, -14.0, 510.9999999999977, 211.00000000003072, 60.99999999999174, -151.5, -151.5, 1486.0000000000014, -151.5, -151.5, -151.5, -151.5, 973.50000000003, -151.5, -151.5, -151.5, -151.5, -151.5, 710.9999999999757, -151.5, 485.9999999999449, -151.5, -151.5, -151.5, -151.5, 261.00000000002524, 1836.0000000000182, -151.5, -151.5, -151.5, -151.5, -151.5, 236.00000000002797, -151.5, -151.5, 261.00000000002524, -151.5, -151.5, -151.5, -151.5, -151.5, -151.5, 361.0000000000142, -151.5, -151.5, -151.5, -151.5, -151.5, -151.5, -151.5, -151.5, -151.5, -151.5, -151.5, -151.5, 2486, -151.5, -151.5, -151.5, -151.5, -151.5, -151.5, -151.5, -151.5, -151.5, 161.00000000003624, -151.5, -151.5, 735.9999999999729, -151.5, -151.5, 1461.000000000004, -151.5, -151.5, 1323.500000000047, -151.5, 260.9999999999697, -151.5, -151.5, -151.5, -151.5, -151.5, -151.5, -151.5, -151.5, -151.5, -151.5, -151.5, 1811.0000000000211, -151.5, -151.5, -151.5, -151.5, -151.5, -151.5, -151.5, -151.5, -151.5, -151.5, 573.5000000000185, -151.5, -151.5, -151.5, -151.5, 860.9999999999592, -151.5, -151.5, 285.999999999967, -151.5, 798.4999999999937, 411.0000000000087, -151.5, 1660.999999999982]
Daily Returns: [-151.5, 0, 711.0000000000312, -151.5, 0, 0, 0, -151.5, 0, -151.5, -151.5, 0, 0, 0, 0, -151.5, 0, 0, 0, -303.0, 0, 0, 0, 0, 0, 0, 0, 0, 0, 0, 0, 0, 0, -151.5, -151.5, 0, 0, 0, 0, 0, 0, 0, 0, -26.50000000002638, 0, -151.5, 0, 0, 0, 0, 0, 0, 0, 0, 0, 0, 0, 0, 0, 0, 0, -151.5, 0, 0, 0, 0, 0, 334.50000000000045, 0, -151.5, 0, 0, 620.4999999999119, 0, 0, 0, 0, 0, -151.5, -303.0, 384.4999999999949, -303.0, 0, 0, 0, 0, 0, 0, -303.0, -151.5, 0, 0, 0, 846.9999999999591, 585.9999999999894, 0, 0, -151.5, 0, 0, 0, 0, 0, 0, 0, 0, 0, 0, 0, 0, -151.5, 0, 0, 0, 0, 0, 0, 0, 0, 0, 0, 0, -151.5, -151.5, 0, 0, -151.5, 0, -151.5, -151.5, 0, 0, 0, 0, 0, 0, 0, 0, 0, 0, 361.0000000000142, 0, 0, 0, 0, 0, 0, 0, 0, 0, 0, 0, 0, -14.0, 722.0000000000284, 0, 60.99999999999174, -303.0, 0, 0, 0, 0, 0, 0, 1334.5000000000014, -151.5, 0, 0, 0, 0, 0, -151.5, 0, 0, 0, 0, -151.5, 0, 0, 0, 0, 0, 973.50000000003, 0, 0, 0, 0, 0, -151.5, 0, -151.5, 0, 0, 0, 0, 0, -151.5, 0, -151.5, 0, 0, -151.5, 0, 0, 0, 710.9999999999757, 0, 0, 0, 0, -151.5, 485.9999999999449, 0, 0, 0, -151.5, 0, 0, 0, 0, 0, 0, 0, 0, 0, 0, 0, 0, 0, 0, 0, 0, 0, 0, 0, 0, -151.5, 0, 0, 0, -151.5, 0, 0, 0, -151.5, 0, 0, 0, 0, 0, 261.00000000002524, 0, 0, 1836.0000000000182, 0, 0, 0, 0, 0, 0, 0, 0, 0, 0, 0, 0, 0, 0, 0, 0, 0, 0, 0, -151.5, 0, 0, 0, 0, 0, 0, -151.5, 0, 0, 0, 0, -303.0, 0, 0, 0, -151.5, 236.00000000002797, 0, -303.0, 0, 0, 0, 0, 0, 0, 0, 0, 0, 0, 0, 0, 0, 0, 0, 0, 0, 0, 0, 0, 0, 0, 0, 0, 0, 109.50000000002524, -151.5, 0, 0, 0, 0, 0, 0, -151.5, 0, 0, 0, 0, 0, 0, 0, 0, 0, 0, -151.5, 0, 0, 0, 0, 0, -151.5, -151.5, 0, 361.0000000000142, 0, -151.5, 0, 0, -151.5, 0, 0, 0, -151.5, 0, 0, 0, 0, -151.5, -151.5, 0, 0, 0, 0, 0, 0, 0, 0, 0, 0, -151.5, 0, 0, 0, 0, 0, -151.5, -151.5, 0, 0, 0, 0, 0, -151.5, 0, 0, 0, 0, -151.5, 0, 0, 0, 0, 0, 0, -151.5, 0, 0, 0, 0, 0, 0, -151.5, 0, 0, 0, 0, 0, 2334.5, 0, 0, 0, 0, 0, 0, 0, 0, 0, 0, 0, 0, -454.5, 0, 0, 0, -151.5, 0, 0, 0, 0, 0, 0, 0, 0, -151.5, 0, -303.0, 0, 9.500000000036238, 0, 0, 0, 0, 0, 0, 0, 0, 0, -151.5, 0, -151.5, 0, 0, 0, 0, 735.9999999999729, -151.5, 0, 0, 0, 0, 0, 0, 0, 0, 0, 0, 0, -151.5, 0, 0, 0, 0, 0, 1309.500000000004, 0, 0, 0, 0, -151.5, 0, 0, 0, 0, 0, 0, 1323.500000000047, 0, 0, 0, -151.5, 0, 0, 0, 260.9999999999697, 0, 0, 0, -151.5, 0, -151.5, 0, 0, 0, 0, 0, 0, 0, -303.0, -454.5, 0, 0, 0, 0, 0, -151.5, 0, 0, -151.5, 0, -303.0, 0, 0, 0, 0, 0, 0, 0, 0, 0, 0, 0, 1659.5000000000211, 0, 0, 0, 0, 0, 0, 0, 0, 0, 0, 0, -151.5, 0, 0, 0, 0, 0, 0, -151.5, 0, 0, 0, 0, -151.5, 0, 0, 0, 0, 0, 0, -151.5, 0, -151.5, -151.5, 0, 0, -151.5, 0, 0, -151.5, 0, -151.5, 0, 0, 0, 573.5000000000185, 0, 0, -151.5, 0, 0, -151.5, 0, 0, 0, 0, -151.5, -151.5, 0, 860.9999999999592, 0, 0, 0, 0, 0, 0, 0, -151.5, 0, 0, 0, 0, -151.5, 0, 0, 134.49999999996697, 0, 0, 0, 0, 0, 0, 0, 0, 0, 798.4999999999937, 0, 0, 0, 0, 0, 0, 0, 0, 0, 0, 411.0000000000087, -151.5, 1660.999999999982, 0, 0, 0, 0, 0, 0]
Sharpe Ratio: 0.049
Annualized Sharpe: 0.773
Sharpe 95% CI: (np.float64(-0.504), np.float64(1.712))
Daily Win Rate (%): 24.6
Max Drawdown: -2929.5
Profit Factor: 1.416
Expectancy: 10.559
Trades Per Month (Global): 18.916666666666668
Total Days: 640



Rolling 3 - Variant 1 - 20_15 - Fit Metrics
Trade Returns: [-144.5, 1868, 1868, -144.5, 24.249999999996557, -144.5, -144.5, -144.5, -144.5, -144.5, -144.5, 230.5000000000016, -144.5, -144.5, -144.5, -144.5, -144.5, -144.5, 205.4999999999766, -144.5, -144.5, -144.5, 592.9999999999894, -144.5, -144.5, -144.5, -144.5, -144.5, -144.5, -144.5, 86.75000000000355, -144.5, -144.5, -144.5, -144.5, 693.0000000000061, -144.5, 143.00000000001123, 205.50000000000435, -144.5, -144.5, -144.5, 293.00000000002245, -144.5, -144.5, -144.5, -144.5, -144.5, -144.5, -144.5, 80.50000000001812, -144.5, -144.5, -144.5, -7.0, 1217.9999999999761, -144.5, -144.5, -144.5, -7.0, -144.5, -144.5, 124.24999999999943, 1243.0000000000011, -144.5, 511.7500000000123, -144.5, 392.9999999999837, -144.5, -144.5, -144.5, -144.5, -144.5, 292.9999999999947, -144.5, 355.5000000000156, -144.5, -144.5, -144.5, -144.5, -144.5, -144.5, -144.5, -144.5, -144.5, -13.25000000001319, -144.5, -144.5, -144.5, 243.00000000000023, 430.50000000000733, 205.4999999999766, -144.5, 180.49999999997934, -144.5, -144.5, -144.5, -144.5, 267.99999999999744, -144.5, -144.5, 1280.499999999997, -144.5, -144.5, 392.9999999999837, 30.49999999999587, 292.9999999999947, -144.5, -144.5, -144.5, -144.5, -144.5, -144.5, -144.5, 180.5000000000071, -7.0, 255.49999999999886, 105.50000000001536, 30.49999999999587, -144.5, -144.5, 743.0000000000007, -144.5, 505.4999999999991, -144.5, -144.5, 486.750000000015, -144.5, -144.5, -144.5, -144.5, -144.5, 355.49999999998784, 80.49999999999037, 242.99999999997246, -144.5, 86.75000000000355, -144.5, -144.5, 130.50000000001262, 918.0000000000091, -144.5, -144.5, -144.5, -144.5, -144.5, 118.00000000001398, -144.5, 386.7499999999983, 130.50000000001262, -82.0000000000195, -69.50000000002088, -144.5, -144.5, -144.5, -144.5, 180.5000000000071, -144.5, -144.5, -144.5, -144.5, -144.5, -144.5, 480.5000000000018, -144.5, -144.5, -144.5, -144.5, -144.5, 874.2500000000001, -144.5, -144.5, -144.5, -144.5, -144.5, -144.5, -144.5, -144.5, -144.5, 80.50000000001812, 261.75000000001205, -144.5, 367.99999999998647, -144.5, -144.5, 730.500000000002, -144.5, -144.5, 661.7500000000235, -144.5, 130.49999999998485, 536.7499999999817, -144.5, -144.5, -144.5, -144.5, -144.5, -144.5, -144.5, -144.5, -144.5, -144.5, 905.5000000000106, -144.5, -144.5, -144.5, -144.5, -144.5, -144.5, -144.5, -144.5, -144.5, -144.5, 286.75000000000927, -144.5, -144.5, -7.0, -144.5, 430.4999999999796, -144.5, -144.5, 142.9999999999835, -144.5, 399.2499999999969, 205.50000000000435, -144.5, 830.499999999991]
Daily Returns: [-144.5, 0, 0, 0, 0, 0, 1868, 0, 0, 0, 0, 0, 0, 1723.5, 0, 0, 0, 0, 0, 24.249999999996557, 0, 0, 0, 0, -144.5, 0, 0, 0, 0, 0, 0, 0, 0, 0, 0, 0, 0, 0, 0, 0, 0, -144.5, 0, 0, 0, 0, 0, -144.5, 0, 0, 0, 0, 0, -144.5, -144.5, 0, 0, 0, 0, 0, 0, 0, 0, 0, 0, 0, 0, -144.5, 0, 0, 230.5000000000016, 0, -144.5, 0, 0, 0, -144.5, 0, 0, 0, 0, -144.5, 0, 0, 0, 0, 0, 0, 0, -144.5, 0, -144.5, 0, -144.5, 0, 0, 0, 205.4999999999766, 0, 0, 0, 0, 0, -144.5, 0, -144.5, 0, 0, 0, 0, 0, 0, -144.5, 0, 592.9999999999894, -144.5, 0, 0, 0, 0, 0, 0, 0, 0, 0, -144.5, -144.5, 0, 0, -144.5, -144.5, 0, 0, -144.5, 0, -144.5, 0, 0, 0, 0, 0, 86.75000000000355, 0, 0, 0, 0, -144.5, 0, 0, 0, 0, 0, 0, -289.0, 0, 0, 0, -144.5, 0, 693.0000000000061, 0, -144.5, 0, 0, 0, 143.00000000001123, 0, 0, 0, 205.50000000000435, 0, -144.5, 0, 0, 0, -144.5, 0, 0, 0, -144.5, 293.00000000002245, 0, 0, -289.0, 0, 0, 0, 0, 0, 0, 0, 0, -144.5, 0, 0, 0, 0, 0, 0, 0, 0, 0, 0, -144.5, 0, -144.5, 0, 0, 0, 0, -144.5, 0, 0, 0, 0, 0, 0, 0, 0, 0, 0, 0, 0, -144.5, 0, 0, 0, 80.50000000001812, 0, 0, 0, 0, -144.5, 0, 0, -289.0, 0, -7.0, 0, 0, 0, 0, 0, 0, 0, 0, 1217.9999999999761, 0, 0, 0, 0, 0, -144.5, 0, 0, 0, 0, 0, 0, 0, 0, -144.5, 0, 0, -151.5, 0, 0, -144.5, 0, 0, 0, 0, 0, 0, -144.5, 0, 0, 0, 0, 0, 124.24999999999943, 0, 0, 1098.5000000000011, 0, 0, 0, 0, 0, 0, 0, 0, 511.7500000000123, 0, 0, 0, 0, 103.99999999998369, 0, -144.5, 0, 0, 0, 0, 0, 0, 0, 0, 0, 0, 0, 0, 0, -144.5, 0, 0, 0, 0, 0, 0, 0, 0, 0, -144.5, 148.4999999999947, 0, 0]
Sharpe Ratio: 0.036
Annualized Sharpe: 0.579
Sharpe 95% CI: (np.float64(-1.644), np.float64(1.802))
Daily Win Rate (%): 27.69
Max Drawdown: -3256.25
Profit Factor: 1.318
Expectancy: 6.902
Trades Per Month (Global): 18.916666666666668
Total Days: 327

Rolling 3 - Variant 1 - 20_15 - Test Metrics
Trade Returns: [-144.5, 1868, 1868, -144.5, 24.249999999996557, -144.5, -144.5, -144.5, -144.5, -144.5, -144.5, 230.5000000000016, -144.5, -144.5, -144.5, -144.5, -144.5, -144.5, 205.4999999999766, -144.5, -144.5, -144.5, 592.9999999999894, -144.5, -144.5, -144.5, -144.5, -144.5, -144.5, -144.5, 86.75000000000355, -144.5, -144.5, -144.5, -144.5, 693.0000000000061, -144.5, 143.00000000001123, 205.50000000000435, -144.5, -144.5, -144.5, 293.00000000002245, -144.5, -144.5, -144.5, -144.5, -144.5, -144.5, -144.5, 80.50000000001812, -144.5, -144.5, -144.5, -7.0, 1217.9999999999761, -144.5, -144.5, -144.5, -7.0, -144.5, -144.5, 124.24999999999943, 1243.0000000000011, -144.5, 511.7500000000123, -144.5, 392.9999999999837, -144.5, -144.5, -144.5, -144.5, -144.5, 292.9999999999947, -144.5, 355.5000000000156, -144.5, -144.5, -144.5, -144.5, -144.5, -144.5, -144.5, -144.5, -144.5, -13.25000000001319, -144.5, -144.5, -144.5, 243.00000000000023, 430.50000000000733, 205.4999999999766, -144.5, 180.49999999997934, -144.5, -144.5, -144.5, -144.5, 267.99999999999744, -144.5, -144.5, 1280.499999999997, -144.5, -144.5, 392.9999999999837, 30.49999999999587, 292.9999999999947, -144.5, -144.5, -144.5, -144.5, -144.5, -144.5, -144.5, 180.5000000000071, -7.0, 255.49999999999886, 105.50000000001536, 30.49999999999587, -144.5, -144.5, 743.0000000000007, -144.5, 505.4999999999991, -144.5, -144.5, 486.750000000015, -144.5, -144.5, -144.5, -144.5, -144.5, 355.49999999998784, 80.49999999999037, 242.99999999997246, -144.5, 86.75000000000355, -144.5, -144.5, 130.50000000001262, 918.0000000000091, -144.5, -144.5, -144.5, -144.5, -144.5, 118.00000000001398, -144.5, 386.7499999999983, 130.50000000001262, -82.0000000000195, -69.50000000002088, -144.5, -144.5, -144.5, -144.5, 180.5000000000071, -144.5, -144.5, -144.5, -144.5, -144.5, -144.5, 480.5000000000018, -144.5, -144.5, -144.5, -144.5, -144.5, 874.2500000000001, -144.5, -144.5, -144.5, -144.5, -144.5, -144.5, -144.5, -144.5, -144.5, 80.50000000001812, 261.75000000001205, -144.5, 367.99999999998647, -144.5, -144.5, 730.500000000002, -144.5, -144.5, 661.7500000000235, -144.5, 130.49999999998485, 536.7499999999817, -144.5, -144.5, -144.5, -144.5, -144.5, -144.5, -144.5, -144.5, -144.5, -144.5, 905.5000000000106, -144.5, -144.5, -144.5, -144.5, -144.5, -144.5, -144.5, -144.5, -144.5, -144.5, 286.75000000000927, -144.5, -144.5, -7.0, -144.5, 430.4999999999796, -144.5, -144.5, 142.9999999999835, -144.5, 399.2499999999969, 205.50000000000435, -144.5, 830.499999999991]
Daily Returns: [-144.5, 0, 355.5000000000156, -144.5, 0, 0, 0, -144.5, 0, -144.5, -144.5, 0, 0, 0, 0, -144.5, 0, 0, 0, -289.0, 0, 0, 0, 0, 0, 0, 0, 0, 0, 0, 0, 0, 0, -144.5, -144.5, 0, 0, 0, 0, 0, 0, 0, 0, -13.25000000001319, 0, -144.5, 0, 0, 0, 0, 0, 0, 0, 0, 0, 0, 0, 0, 0, 0, 0, -144.5, 0, 0, 0, 0, 0, 98.50000000000023, 0, 430.50000000000733, 0, 0, 241.49999999995595, 0, 0, 0, 0, 0, -144.5, -289.0, 123.49999999999744, -289.0, 0, 0, 0, 0, 0, 0, 1135.999999999997, -144.5, 0, 0, 0, 423.49999999997954, 292.9999999999947, 0, 0, -144.5, 0, 0, 0, 0, 0, 0, 0, 0, 0, 0, 0, 0, -144.5, 0, 0, 0, 0, 0, 0, 0, 0, 0, 0, 0, -144.5, -144.5, 0, 0, -144.5, 0, -144.5, -144.5, 0, 0, 0, 0, 0, 0, 0, 0, 0, 0, 180.5000000000071, 0, 0, 0, 0, 0, 0, 0, 0, 0, 0, 0, 0, -7.0, 361.0000000000142, 0, 30.49999999999587, -289.0, 0, 0, 0, 0, 0, 0, 598.5000000000007, 505.4999999999991, 0, 0, 0, 0, 0, -144.5, 0, 0, 0, 0, -144.5, 0, 0, 0, 0, 0, 486.750000000015, 0, 0, 0, 0, 0, -144.5, 0, -144.5, 0, 0, 0, 0, 0, -144.5, 0, -144.5, 0, 0, -144.5, 0, 0, 0, 355.49999999998784, 0, 0, 0, 0, 80.49999999999037, 242.99999999997246, 0, 0, 0, -144.5, 0, 0, 0, 0, 0, 0, 0, 0, 0, 0, 0, 0, 0, 0, 0, 0, 0, 0, 0, 0, 86.75000000000355, 0, 0, 0, -144.5, 0, 0, 0, -144.5, 0, 0, 0, 0, 0, 130.50000000001262, 0, 0, 918.0000000000091, 0, 0, 0, 0, 0, 0, 0, 0, 0, 0, 0, 0, 0, 0, 0, 0, 0, 0, 0, -144.5, 0, 0, 0, 0, 0, 0, -144.5, 0, 0, 0, 0, -289.0, 0, 0, 0, -144.5, 118.00000000001398, 0, 242.2499999999983, 0, 0, 0, 0, 0, 0, 0, 0, 0, 0, 0, 0, 0, 0, 0, 0, 0, 0, 0, 0, 0, 0, 0, 0, 0, 48.49999999999312, -69.50000000002088, 0, 0, 0, 0, 0, 0, -144.5, 0, 0, 0, 0, 0, 0, 0, 0, 0, 0, -144.5, 0, 0, 0, 0, 0, -144.5, -144.5, 0, 180.5000000000071, 0, -144.5, 0, 0, -144.5, 0, 0, 0, -144.5, 0, 0, 0, 0, -144.5, -144.5, 0, 0, 0, 0, 0, 0, 0, 0, 0, 0, -144.5, 0, 0, 0, 0, 0, 480.5000000000018, -144.5, 0, 0, 0, 0, 0, -144.5, 0, 0, 0, 0, -144.5, 0, 0, 0, 0, 0, 0, -144.5, 0, 0, 0, 0, 0, 0, -144.5, 0, 0, 0, 0, 0, 729.7500000000001, 0, 0, 0, 0, 0, 0, 0, 0, 0, 0, 0, 0, -433.5, 0, 0, 0, -144.5, 0, 0, 0, 0, 0, 0, 0, 0, -144.5, 0, -289.0, 0, -63.99999999998188, 0, 0, 0, 0, 0, 0, 0, 0, 0, 261.75000000001205, 0, -144.5, 0, 0, 0, 0, 367.99999999998647, -144.5, 0, 0, 0, 0, 0, 0, 0, 0, 0, 0, 0, -144.5, 0, 0, 0, 0, 0, 586.000000000002, 0, 0, 0, 0, -144.5, 0, 0, 0, 0, 0, 0, 661.7500000000235, 0, 0, 0, -144.5, 0, 0, 0, 130.49999999998485, 0, 0, 0, 536.7499999999817, 0, -144.5, 0, 0, 0, 0, 0, 0, 0, -289.0, -433.5, 0, 0, 0, 0, 0, -144.5, 0, 0, -144.5, 0, -289.0, 0, 0, 0, 0, 0, 0, 0, 0, 0, 0, 0, 761.0000000000106, 0, 0, 0, 0, 0, 0, 0, 0, 0, 0, 0, -144.5, 0, 0, 0, 0, 0, 0, -144.5, 0, 0, 0, 0, -144.5, 0, 0, 0, 0, 0, 0, -144.5, 0, -144.5, -144.5, 0, 0, -144.5, 0, 0, -144.5, 0, -144.5, 0, 0, 0, 286.75000000000927, 0, 0, -144.5, 0, 0, -144.5, 0, 0, 0, 0, -7.0, -144.5, 0, 430.4999999999796, 0, 0, 0, 0, 0, 0, 0, -144.5, 0, 0, 0, 0, -144.5, 0, 0, -1.500000000016513, 0, 0, 0, 0, 0, 0, 0, 0, 0, 399.2499999999969, 0, 0, 0, 0, 0, 0, 0, 0, 0, 0, 205.50000000000435, -144.5, 830.499999999991, 0, 0, 0, 0, 0, 0]
Sharpe Ratio: 0.007
Annualized Sharpe: 0.115
Sharpe 95% CI: (np.float64(-1.26), np.float64(1.231))
Daily Win Rate (%): 30.16
Max Drawdown: -2551.5
Profit Factor: 1.043
Expectancy: 0.924
Trades Per Month (Global): 18.916666666666668
Total Days: 640



Rolling 3 - Variant 2 - 20_20 - Fit Metrics
Trade Returns: [-144.5, 1774.249999999998, 1886.7499999999995, -144.5, 24.249999999996557, -144.5, -144.5, -144.5, -144.5, -144.5, -144.5, 230.5000000000016, -144.5, -144.5, -144.5, -144.5, -144.5, -144.5, 205.4999999999766, -144.5, -144.5, -144.5, 592.9999999999894, -144.5, -144.5, -144.5, -144.5, -144.5, -144.5, -144.5, 86.75000000000355, -144.5, -144.5, -144.5, -144.5, 693.0000000000061, -144.5, 143.00000000001123, 205.50000000000435, -144.5, -144.5, -144.5, 293.00000000002245, -144.5, -144.5, -144.5, -144.5, -144.5, -144.5, -144.5, 80.50000000001812, -144.5, -144.5, -144.5, -7.0, 1217.9999999999761, -144.5, -144.5, -144.5, -7.0, -144.5, -144.5, 124.24999999999943, 1243.0000000000011, -144.5, 511.7500000000123, -144.5, 392.9999999999837, -144.5, -144.5, -144.5, -144.5, -144.5, 292.9999999999947, -144.5, 355.5000000000156, -144.5, -144.5, -144.5, -144.5, -144.5, -144.5, -144.5, -144.5, -144.5, -13.25000000001319, -144.5, -144.5, -144.5, 243.00000000000023, 430.50000000000733, 205.4999999999766, -144.5, 180.49999999997934, -144.5, -144.5, -144.5, -144.5, 267.99999999999744, -144.5, -144.5, 1280.499999999997, -144.5, -144.5, 392.9999999999837, 30.49999999999587, 292.9999999999947, -144.5, -144.5, -144.5, -144.5, -144.5, -144.5, -144.5, 180.5000000000071, -7.0, 255.49999999999886, 105.50000000001536, 30.49999999999587, -144.5, -144.5, 743.0000000000007, -144.5, 505.4999999999991, -144.5, -144.5, 486.750000000015, -144.5, -144.5, -144.5, -144.5, -144.5, 355.49999999998784, 80.49999999999037, 242.99999999997246, -144.5, 86.75000000000355, -144.5, -144.5, 130.50000000001262, 918.0000000000091, -144.5, -144.5, -144.5, -144.5, -144.5, 118.00000000001398, -144.5, 386.7499999999983, 130.50000000001262, -82.0000000000195, -69.50000000002088, -144.5, -144.5, -144.5, -144.5, 180.5000000000071, -144.5, -144.5, -144.5, -144.5, -144.5, -144.5, 480.5000000000018, -144.5, -144.5, -144.5, -144.5, -144.5, 874.2500000000001, -144.5, -144.5, -144.5, -144.5, -144.5, -144.5, -144.5, -144.5, -144.5, 80.50000000001812, 261.75000000001205, -144.5, 367.99999999998647, -144.5, -144.5, 730.500000000002, -144.5, -144.5, 661.7500000000235, -144.5, 130.49999999998485, 536.7499999999817, -144.5, -144.5, -144.5, -144.5, -144.5, -144.5, -144.5, -144.5, -144.5, -144.5, 905.5000000000106, -144.5, -144.5, -144.5, -144.5, -144.5, -144.5, -144.5, -144.5, -144.5, -144.5, 286.75000000000927, -144.5, -144.5, -7.0, -144.5, 430.4999999999796, -144.5, -144.5, 142.9999999999835, -144.5, 399.2499999999969, 205.50000000000435, -144.5, 830.499999999991]
Daily Returns: [-144.5, 0, 0, 0, 0, 0, 1774.249999999998, 0, 0, 0, 0, 0, 0, 1742.2499999999995, 0, 0, 0, 0, 0, 24.249999999996557, 0, 0, 0, 0, -144.5, 0, 0, 0, 0, 0, 0, 0, 0, 0, 0, 0, 0, 0, 0, 0, 0, -144.5, 0, 0, 0, 0, 0, -144.5, 0, 0, 0, 0, 0, -144.5, -144.5, 0, 0, 0, 0, 0, 0, 0, 0, 0, 0, 0, 0, -144.5, 0, 0, 230.5000000000016, 0, -144.5, 0, 0, 0, -144.5, 0, 0, 0, 0, -144.5, 0, 0, 0, 0, 0, 0, 0, -144.5, 0, -144.5, 0, -144.5, 0, 0, 0, 205.4999999999766, 0, 0, 0, 0, 0, -144.5, 0, -144.5, 0, 0, 0, 0, 0, 0, -144.5, 0, 592.9999999999894, -144.5, 0, 0, 0, 0, 0, 0, 0, 0, 0, -144.5, -144.5, 0, 0, -144.5, -144.5, 0, 0, -144.5, 0, -144.5, 0, 0, 0, 0, 0, 86.75000000000355, 0, 0, 0, 0, -144.5, 0, 0, 0, 0, 0, 0, -289.0, 0, 0, 0, -144.5, 0, 693.0000000000061, 0, -144.5, 0, 0, 0, 143.00000000001123, 0, 0, 0, 205.50000000000435, 0, -144.5, 0, 0, 0, -144.5, 0, 0, 0, -144.5, 293.00000000002245, 0, 0, -289.0, 0, 0, 0, 0, 0, 0, 0, 0, -144.5, 0, 0, 0, 0, 0, 0, 0, 0, 0, 0, -144.5, 0, -144.5, 0, 0, 0, 0, -144.5, 0, 0, 0, 0, 0, 0, 0, 0, 0, 0, 0, 0, -144.5, 0, 0, 0, 80.50000000001812, 0, 0, 0, 0, -144.5, 0, 0, -289.0, 0, -7.0, 0, 0, 0, 0, 0, 0, 0, 0, 1217.9999999999761, 0, 0, 0, 0, 0, -144.5, 0, 0, 0, 0, 0, 0, 0, 0, -144.5, 0, 0, -151.5, 0, 0, -144.5, 0, 0, 0, 0, 0, 0, -144.5, 0, 0, 0, 0, 0, 124.24999999999943, 0, 0, 1098.5000000000011, 0, 0, 0, 0, 0, 0, 0, 0, 511.7500000000123, 0, 0, 0, 0, 103.99999999998369, 0, -144.5, 0, 0, 0, 0, 0, 0, 0, 0, 0, 0, 0, 0, 0, -144.5, 0, 0, 0, 0, 0, 0, 0, 0, 0, -144.5, 148.4999999999947, 0, 0]
Sharpe Ratio: 0.036
Annualized Sharpe: 0.566
Sharpe 95% CI: (np.float64(-1.66), np.float64(1.799))
Daily Win Rate (%): 27.69
Max Drawdown: -3256.25
Profit Factor: 1.308
Expectancy: 6.673
Trades Per Month (Global): 18.916666666666668
Total Days: 327

Rolling 3 - Variant 2 - 20_20 - Test Metrics
Trade Returns: [-144.5, 1774.249999999998, 1886.7499999999995, -144.5, 24.249999999996557, -144.5, -144.5, -144.5, -144.5, -144.5, -144.5, 230.5000000000016, -144.5, -144.5, -144.5, -144.5, -144.5, -144.5, 205.4999999999766, -144.5, -144.5, -144.5, 592.9999999999894, -144.5, -144.5, -144.5, -144.5, -144.5, -144.5, -144.5, 86.75000000000355, -144.5, -144.5, -144.5, -144.5, 693.0000000000061, -144.5, 143.00000000001123, 205.50000000000435, -144.5, -144.5, -144.5, 293.00000000002245, -144.5, -144.5, -144.5, -144.5, -144.5, -144.5, -144.5, 80.50000000001812, -144.5, -144.5, -144.5, -7.0, 1217.9999999999761, -144.5, -144.5, -144.5, -7.0, -144.5, -144.5, 124.24999999999943, 1243.0000000000011, -144.5, 511.7500000000123, -144.5, 392.9999999999837, -144.5, -144.5, -144.5, -144.5, -144.5, 292.9999999999947, -144.5, 355.5000000000156, -144.5, -144.5, -144.5, -144.5, -144.5, -144.5, -144.5, -144.5, -144.5, -13.25000000001319, -144.5, -144.5, -144.5, 243.00000000000023, 430.50000000000733, 205.4999999999766, -144.5, 180.49999999997934, -144.5, -144.5, -144.5, -144.5, 267.99999999999744, -144.5, -144.5, 1280.499999999997, -144.5, -144.5, 392.9999999999837, 30.49999999999587, 292.9999999999947, -144.5, -144.5, -144.5, -144.5, -144.5, -144.5, -144.5, 180.5000000000071, -7.0, 255.49999999999886, 105.50000000001536, 30.49999999999587, -144.5, -144.5, 743.0000000000007, -144.5, 505.4999999999991, -144.5, -144.5, 486.750000000015, -144.5, -144.5, -144.5, -144.5, -144.5, 355.49999999998784, 80.49999999999037, 242.99999999997246, -144.5, 86.75000000000355, -144.5, -144.5, 130.50000000001262, 918.0000000000091, -144.5, -144.5, -144.5, -144.5, -144.5, 118.00000000001398, -144.5, 386.7499999999983, 130.50000000001262, -82.0000000000195, -69.50000000002088, -144.5, -144.5, -144.5, -144.5, 180.5000000000071, -144.5, -144.5, -144.5, -144.5, -144.5, -144.5, 480.5000000000018, -144.5, -144.5, -144.5, -144.5, -144.5, 874.2500000000001, -144.5, -144.5, -144.5, -144.5, -144.5, -144.5, -144.5, -144.5, -144.5, 80.50000000001812, 261.75000000001205, -144.5, 367.99999999998647, -144.5, -144.5, 730.500000000002, -144.5, -144.5, 661.7500000000235, -144.5, 130.49999999998485, 536.7499999999817, -144.5, -144.5, -144.5, -144.5, -144.5, -144.5, -144.5, -144.5, -144.5, -144.5, 905.5000000000106, -144.5, -144.5, -144.5, -144.5, -144.5, -144.5, -144.5, -144.5, -144.5, -144.5, 286.75000000000927, -144.5, -144.5, -7.0, -144.5, 430.4999999999796, -144.5, -144.5, 142.9999999999835, -144.5, 399.2499999999969, 205.50000000000435, -144.5, 830.499999999991]
Daily Returns: [-144.5, 0, 355.5000000000156, -144.5, 0, 0, 0, -144.5, 0, -144.5, -144.5, 0, 0, 0, 0, -144.5, 0, 0, 0, -289.0, 0, 0, 0, 0, 0, 0, 0, 0, 0, 0, 0, 0, 0, -144.5, -144.5, 0, 0, 0, 0, 0, 0, 0, 0, -13.25000000001319, 0, -144.5, 0, 0, 0, 0, 0, 0, 0, 0, 0, 0, 0, 0, 0, 0, 0, -144.5, 0, 0, 0, 0, 0, 98.50000000000023, 0, 430.50000000000733, 0, 0, 241.49999999995595, 0, 0, 0, 0, 0, -144.5, -289.0, 123.49999999999744, -289.0, 0, 0, 0, 0, 0, 0, 1135.999999999997, -144.5, 0, 0, 0, 423.49999999997954, 292.9999999999947, 0, 0, -144.5, 0, 0, 0, 0, 0, 0, 0, 0, 0, 0, 0, 0, -144.5, 0, 0, 0, 0, 0, 0, 0, 0, 0, 0, 0, -144.5, -144.5, 0, 0, -144.5, 0, -144.5, -144.5, 0, 0, 0, 0, 0, 0, 0, 0, 0, 0, 180.5000000000071, 0, 0, 0, 0, 0, 0, 0, 0, 0, 0, 0, 0, -7.0, 361.0000000000142, 0, 30.49999999999587, -289.0, 0, 0, 0, 0, 0, 0, 598.5000000000007, 505.4999999999991, 0, 0, 0, 0, 0, -144.5, 0, 0, 0, 0, -144.5, 0, 0, 0, 0, 0, 486.750000000015, 0, 0, 0, 0, 0, -144.5, 0, -144.5, 0, 0, 0, 0, 0, -144.5, 0, -144.5, 0, 0, -144.5, 0, 0, 0, 355.49999999998784, 0, 0, 0, 0, 80.49999999999037, 242.99999999997246, 0, 0, 0, -144.5, 0, 0, 0, 0, 0, 0, 0, 0, 0, 0, 0, 0, 0, 0, 0, 0, 0, 0, 0, 0, 86.75000000000355, 0, 0, 0, -144.5, 0, 0, 0, -144.5, 0, 0, 0, 0, 0, 130.50000000001262, 0, 0, 918.0000000000091, 0, 0, 0, 0, 0, 0, 0, 0, 0, 0, 0, 0, 0, 0, 0, 0, 0, 0, 0, -144.5, 0, 0, 0, 0, 0, 0, -144.5, 0, 0, 0, 0, -289.0, 0, 0, 0, -144.5, 118.00000000001398, 0, 242.2499999999983, 0, 0, 0, 0, 0, 0, 0, 0, 0, 0, 0, 0, 0, 0, 0, 0, 0, 0, 0, 0, 0, 0, 0, 0, 0, 48.49999999999312, -69.50000000002088, 0, 0, 0, 0, 0, 0, -144.5, 0, 0, 0, 0, 0, 0, 0, 0, 0, 0, -144.5, 0, 0, 0, 0, 0, -144.5, -144.5, 0, 180.5000000000071, 0, -144.5, 0, 0, -144.5, 0, 0, 0, -144.5, 0, 0, 0, 0, -144.5, -144.5, 0, 0, 0, 0, 0, 0, 0, 0, 0, 0, -144.5, 0, 0, 0, 0, 0, 480.5000000000018, -144.5, 0, 0, 0, 0, 0, -144.5, 0, 0, 0, 0, -144.5, 0, 0, 0, 0, 0, 0, -144.5, 0, 0, 0, 0, 0, 0, -144.5, 0, 0, 0, 0, 0, 729.7500000000001, 0, 0, 0, 0, 0, 0, 0, 0, 0, 0, 0, 0, -433.5, 0, 0, 0, -144.5, 0, 0, 0, 0, 0, 0, 0, 0, -144.5, 0, -289.0, 0, -63.99999999998188, 0, 0, 0, 0, 0, 0, 0, 0, 0, 261.75000000001205, 0, -144.5, 0, 0, 0, 0, 367.99999999998647, -144.5, 0, 0, 0, 0, 0, 0, 0, 0, 0, 0, 0, -144.5, 0, 0, 0, 0, 0, 586.000000000002, 0, 0, 0, 0, -144.5, 0, 0, 0, 0, 0, 0, 661.7500000000235, 0, 0, 0, -144.5, 0, 0, 0, 130.49999999998485, 0, 0, 0, 536.7499999999817, 0, -144.5, 0, 0, 0, 0, 0, 0, 0, -289.0, -433.5, 0, 0, 0, 0, 0, -144.5, 0, 0, -144.5, 0, -289.0, 0, 0, 0, 0, 0, 0, 0, 0, 0, 0, 0, 761.0000000000106, 0, 0, 0, 0, 0, 0, 0, 0, 0, 0, 0, -144.5, 0, 0, 0, 0, 0, 0, -144.5, 0, 0, 0, 0, -144.5, 0, 0, 0, 0, 0, 0, -144.5, 0, -144.5, -144.5, 0, 0, -144.5, 0, 0, -144.5, 0, -144.5, 0, 0, 0, 286.75000000000927, 0, 0, -144.5, 0, 0, -144.5, 0, 0, 0, 0, -7.0, -144.5, 0, 430.4999999999796, 0, 0, 0, 0, 0, 0, 0, -144.5, 0, 0, 0, 0, -144.5, 0, 0, -1.500000000016513, 0, 0, 0, 0, 0, 0, 0, 0, 0, 399.2499999999969, 0, 0, 0, 0, 0, 0, 0, 0, 0, 0, 205.50000000000435, -144.5, 830.499999999991, 0, 0, 0, 0, 0, 0]
Sharpe Ratio: 0.007
Annualized Sharpe: 0.115
Sharpe 95% CI: (np.float64(-1.26), np.float64(1.231))
Daily Win Rate (%): 30.16
Max Drawdown: -2551.5
Profit Factor: 1.043
Expectancy: 0.924
Trades Per Month (Global): 18.916666666666668
Total Days: 640



Rolling 3 - Variant 3 - 20_14 - Fit Metrics
Trade Returns: [-144.5, 1743, 1743, -144.5, 24.249999999996557, -144.5, -144.5, -144.5, -144.5, -144.5, -144.5, 230.5000000000016, -144.5, -144.5, -144.5, -144.5, -144.5, -144.5, 205.4999999999766, -144.5, -144.5, -144.5, 592.9999999999894, -144.5, -144.5, -144.5, -144.5, -144.5, -144.5, -144.5, 86.75000000000355, -144.5, -144.5, -144.5, -144.5, 693.0000000000061, -144.5, 143.00000000001123, 205.50000000000435, -144.5, -144.5, -144.5, 293.00000000002245, -144.5, -144.5, -144.5, -144.5, -144.5, -144.5, -144.5, 80.50000000001812, -144.5, -144.5, -144.5, -7.0, 1217.9999999999761, -144.5, -144.5, -144.5, -7.0, -144.5, -144.5, 124.24999999999943, 1243.0000000000011, -144.5, 511.7500000000123, -144.5, 392.9999999999837, -144.5, -144.5, -144.5, -144.5, -144.5, 292.9999999999947, -144.5, 355.5000000000156, -144.5, -144.5, -144.5, -144.5, -144.5, -144.5, -144.5, -144.5, -144.5, -13.25000000001319, -144.5, -144.5, -144.5, 243.00000000000023, 430.50000000000733, 205.4999999999766, -144.5, 180.49999999997934, -144.5, -144.5, -144.5, -144.5, 267.99999999999744, -144.5, -144.5, 1280.499999999997, -144.5, -144.5, 392.9999999999837, 30.49999999999587, 292.9999999999947, -144.5, -144.5, -144.5, -144.5, -144.5, -144.5, -144.5, 180.5000000000071, -7.0, 255.49999999999886, 105.50000000001536, 30.49999999999587, -144.5, -144.5, 743.0000000000007, -144.5, 505.4999999999991, -144.5, -144.5, 486.750000000015, -144.5, -144.5, -144.5, -144.5, -144.5, 355.49999999998784, 80.49999999999037, 242.99999999997246, -144.5, 86.75000000000355, -144.5, -144.5, 130.50000000001262, 918.0000000000091, -144.5, -144.5, -144.5, -144.5, -144.5, 118.00000000001398, -144.5, 386.7499999999983, 130.50000000001262, -82.0000000000195, -69.50000000002088, -144.5, -144.5, -144.5, -144.5, 180.5000000000071, -144.5, -144.5, -144.5, -144.5, -144.5, -144.5, 480.5000000000018, -144.5, -144.5, -144.5, -144.5, -144.5, 874.2500000000001, -144.5, -144.5, -144.5, -144.5, -144.5, -144.5, -144.5, -144.5, -144.5, 80.50000000001812, 261.75000000001205, -144.5, 367.99999999998647, -144.5, -144.5, 730.500000000002, -144.5, -144.5, 661.7500000000235, -144.5, 130.49999999998485, 536.7499999999817, -144.5, -144.5, -144.5, -144.5, -144.5, -144.5, -144.5, -144.5, -144.5, -144.5, 905.5000000000106, -144.5, -144.5, -144.5, -144.5, -144.5, -144.5, -144.5, -144.5, -144.5, -144.5, 286.75000000000927, -144.5, -144.5, -7.0, -144.5, 430.4999999999796, -144.5, -144.5, 142.9999999999835, -144.5, 399.2499999999969, 205.50000000000435, -144.5, 830.499999999991]
Daily Returns: [-144.5, 0, 0, 0, 0, 0, 1743, 0, 0, 0, 0, 0, 0, 1598.5, 0, 0, 0, 0, 0, 24.249999999996557, 0, 0, 0, 0, -144.5, 0, 0, 0, 0, 0, 0, 0, 0, 0, 0, 0, 0, 0, 0, 0, 0, -144.5, 0, 0, 0, 0, 0, -144.5, 0, 0, 0, 0, 0, -144.5, -144.5, 0, 0, 0, 0, 0, 0, 0, 0, 0, 0, 0, 0, -144.5, 0, 0, 230.5000000000016, 0, -144.5, 0, 0, 0, -144.5, 0, 0, 0, 0, -144.5, 0, 0, 0, 0, 0, 0, 0, -144.5, 0, -144.5, 0, -144.5, 0, 0, 0, 205.4999999999766, 0, 0, 0, 0, 0, -144.5, 0, -144.5, 0, 0, 0, 0, 0, 0, -144.5, 0, 592.9999999999894, -144.5, 0, 0, 0, 0, 0, 0, 0, 0, 0, -144.5, -144.5, 0, 0, -144.5, -144.5, 0, 0, -144.5, 0, -144.5, 0, 0, 0, 0, 0, 86.75000000000355, 0, 0, 0, 0, -144.5, 0, 0, 0, 0, 0, 0, -289.0, 0, 0, 0, -144.5, 0, 693.0000000000061, 0, -144.5, 0, 0, 0, 143.00000000001123, 0, 0, 0, 205.50000000000435, 0, -144.5, 0, 0, 0, -144.5, 0, 0, 0, -144.5, 293.00000000002245, 0, 0, -289.0, 0, 0, 0, 0, 0, 0, 0, 0, -144.5, 0, 0, 0, 0, 0, 0, 0, 0, 0, 0, -144.5, 0, -144.5, 0, 0, 0, 0, -144.5, 0, 0, 0, 0, 0, 0, 0, 0, 0, 0, 0, 0, -144.5, 0, 0, 0, 80.50000000001812, 0, 0, 0, 0, -144.5, 0, 0, -289.0, 0, -7.0, 0, 0, 0, 0, 0, 0, 0, 0, 1217.9999999999761, 0, 0, 0, 0, 0, -144.5, 0, 0, 0, 0, 0, 0, 0, 0, -144.5, 0, 0, -151.5, 0, 0, -144.5, 0, 0, 0, 0, 0, 0, -144.5, 0, 0, 0, 0, 0, 124.24999999999943, 0, 0, 1098.5000000000011, 0, 0, 0, 0, 0, 0, 0, 0, 511.7500000000123, 0, 0, 0, 0, 103.99999999998369, 0, -144.5, 0, 0, 0, 0, 0, 0, 0, 0, 0, 0, 0, 0, 0, -144.5, 0, 0, 0, 0, 0, 0, 0, 0, 0, -144.5, 148.4999999999947, 0, 0]
Sharpe Ratio: 0.034
Annualized Sharpe: 0.535
Sharpe 95% CI: (np.float64(-1.74), np.float64(1.789))
Daily Win Rate (%): 27.69
Max Drawdown: -3256.25
Profit Factor: 1.283
Expectancy: 6.138
Trades Per Month (Global): 18.916666666666668
Total Days: 327

Rolling 3 - Variant 3 - 20_14 - Test Metrics
Trade Returns: [-144.5, 1743, 1743, -144.5, 24.249999999996557, -144.5, -144.5, -144.5, -144.5, -144.5, -144.5, 230.5000000000016, -144.5, -144.5, -144.5, -144.5, -144.5, -144.5, 205.4999999999766, -144.5, -144.5, -144.5, 592.9999999999894, -144.5, -144.5, -144.5, -144.5, -144.5, -144.5, -144.5, 86.75000000000355, -144.5, -144.5, -144.5, -144.5, 693.0000000000061, -144.5, 143.00000000001123, 205.50000000000435, -144.5, -144.5, -144.5, 293.00000000002245, -144.5, -144.5, -144.5, -144.5, -144.5, -144.5, -144.5, 80.50000000001812, -144.5, -144.5, -144.5, -7.0, 1217.9999999999761, -144.5, -144.5, -144.5, -7.0, -144.5, -144.5, 124.24999999999943, 1243.0000000000011, -144.5, 511.7500000000123, -144.5, 392.9999999999837, -144.5, -144.5, -144.5, -144.5, -144.5, 292.9999999999947, -144.5, 355.5000000000156, -144.5, -144.5, -144.5, -144.5, -144.5, -144.5, -144.5, -144.5, -144.5, -13.25000000001319, -144.5, -144.5, -144.5, 243.00000000000023, 430.50000000000733, 205.4999999999766, -144.5, 180.49999999997934, -144.5, -144.5, -144.5, -144.5, 267.99999999999744, -144.5, -144.5, 1280.499999999997, -144.5, -144.5, 392.9999999999837, 30.49999999999587, 292.9999999999947, -144.5, -144.5, -144.5, -144.5, -144.5, -144.5, -144.5, 180.5000000000071, -7.0, 255.49999999999886, 105.50000000001536, 30.49999999999587, -144.5, -144.5, 743.0000000000007, -144.5, 505.4999999999991, -144.5, -144.5, 486.750000000015, -144.5, -144.5, -144.5, -144.5, -144.5, 355.49999999998784, 80.49999999999037, 242.99999999997246, -144.5, 86.75000000000355, -144.5, -144.5, 130.50000000001262, 918.0000000000091, -144.5, -144.5, -144.5, -144.5, -144.5, 118.00000000001398, -144.5, 386.7499999999983, 130.50000000001262, -82.0000000000195, -69.50000000002088, -144.5, -144.5, -144.5, -144.5, 180.5000000000071, -144.5, -144.5, -144.5, -144.5, -144.5, -144.5, 480.5000000000018, -144.5, -144.5, -144.5, -144.5, -144.5, 874.2500000000001, -144.5, -144.5, -144.5, -144.5, -144.5, -144.5, -144.5, -144.5, -144.5, 80.50000000001812, 261.75000000001205, -144.5, 367.99999999998647, -144.5, -144.5, 730.500000000002, -144.5, -144.5, 661.7500000000235, -144.5, 130.49999999998485, 536.7499999999817, -144.5, -144.5, -144.5, -144.5, -144.5, -144.5, -144.5, -144.5, -144.5, -144.5, 905.5000000000106, -144.5, -144.5, -144.5, -144.5, -144.5, -144.5, -144.5, -144.5, -144.5, -144.5, 286.75000000000927, -144.5, -144.5, -7.0, -144.5, 430.4999999999796, -144.5, -144.5, 142.9999999999835, -144.5, 399.2499999999969, 205.50000000000435, -144.5, 830.499999999991]
Daily Returns: [-144.5, 0, 355.5000000000156, -144.5, 0, 0, 0, -144.5, 0, -144.5, -144.5, 0, 0, 0, 0, -144.5, 0, 0, 0, -289.0, 0, 0, 0, 0, 0, 0, 0, 0, 0, 0, 0, 0, 0, -144.5, -144.5, 0, 0, 0, 0, 0, 0, 0, 0, -13.25000000001319, 0, -144.5, 0, 0, 0, 0, 0, 0, 0, 0, 0, 0, 0, 0, 0, 0, 0, -144.5, 0, 0, 0, 0, 0, 98.50000000000023, 0, 430.50000000000733, 0, 0, 241.49999999995595, 0, 0, 0, 0, 0, -144.5, -289.0, 123.49999999999744, -289.0, 0, 0, 0, 0, 0, 0, 1135.999999999997, -144.5, 0, 0, 0, 423.49999999997954, 292.9999999999947, 0, 0, -144.5, 0, 0, 0, 0, 0, 0, 0, 0, 0, 0, 0, 0, -144.5, 0, 0, 0, 0, 0, 0, 0, 0, 0, 0, 0, -144.5, -144.5, 0, 0, -144.5, 0, -144.5, -144.5, 0, 0, 0, 0, 0, 0, 0, 0, 0, 0, 180.5000000000071, 0, 0, 0, 0, 0, 0, 0, 0, 0, 0, 0, 0, -7.0, 361.0000000000142, 0, 30.49999999999587, -289.0, 0, 0, 0, 0, 0, 0, 598.5000000000007, 505.4999999999991, 0, 0, 0, 0, 0, -144.5, 0, 0, 0, 0, -144.5, 0, 0, 0, 0, 0, 486.750000000015, 0, 0, 0, 0, 0, -144.5, 0, -144.5, 0, 0, 0, 0, 0, -144.5, 0, -144.5, 0, 0, -144.5, 0, 0, 0, 355.49999999998784, 0, 0, 0, 0, 80.49999999999037, 242.99999999997246, 0, 0, 0, -144.5, 0, 0, 0, 0, 0, 0, 0, 0, 0, 0, 0, 0, 0, 0, 0, 0, 0, 0, 0, 0, 86.75000000000355, 0, 0, 0, -144.5, 0, 0, 0, -144.5, 0, 0, 0, 0, 0, 130.50000000001262, 0, 0, 918.0000000000091, 0, 0, 0, 0, 0, 0, 0, 0, 0, 0, 0, 0, 0, 0, 0, 0, 0, 0, 0, -144.5, 0, 0, 0, 0, 0, 0, -144.5, 0, 0, 0, 0, -289.0, 0, 0, 0, -144.5, 118.00000000001398, 0, 242.2499999999983, 0, 0, 0, 0, 0, 0, 0, 0, 0, 0, 0, 0, 0, 0, 0, 0, 0, 0, 0, 0, 0, 0, 0, 0, 0, 48.49999999999312, -69.50000000002088, 0, 0, 0, 0, 0, 0, -144.5, 0, 0, 0, 0, 0, 0, 0, 0, 0, 0, -144.5, 0, 0, 0, 0, 0, -144.5, -144.5, 0, 180.5000000000071, 0, -144.5, 0, 0, -144.5, 0, 0, 0, -144.5, 0, 0, 0, 0, -144.5, -144.5, 0, 0, 0, 0, 0, 0, 0, 0, 0, 0, -144.5, 0, 0, 0, 0, 0, 480.5000000000018, -144.5, 0, 0, 0, 0, 0, -144.5, 0, 0, 0, 0, -144.5, 0, 0, 0, 0, 0, 0, -144.5, 0, 0, 0, 0, 0, 0, -144.5, 0, 0, 0, 0, 0, 729.7500000000001, 0, 0, 0, 0, 0, 0, 0, 0, 0, 0, 0, 0, -433.5, 0, 0, 0, -144.5, 0, 0, 0, 0, 0, 0, 0, 0, -144.5, 0, -289.0, 0, -63.99999999998188, 0, 0, 0, 0, 0, 0, 0, 0, 0, 261.75000000001205, 0, -144.5, 0, 0, 0, 0, 367.99999999998647, -144.5, 0, 0, 0, 0, 0, 0, 0, 0, 0, 0, 0, -144.5, 0, 0, 0, 0, 0, 586.000000000002, 0, 0, 0, 0, -144.5, 0, 0, 0, 0, 0, 0, 661.7500000000235, 0, 0, 0, -144.5, 0, 0, 0, 130.49999999998485, 0, 0, 0, 536.7499999999817, 0, -144.5, 0, 0, 0, 0, 0, 0, 0, -289.0, -433.5, 0, 0, 0, 0, 0, -144.5, 0, 0, -144.5, 0, -289.0, 0, 0, 0, 0, 0, 0, 0, 0, 0, 0, 0, 761.0000000000106, 0, 0, 0, 0, 0, 0, 0, 0, 0, 0, 0, -144.5, 0, 0, 0, 0, 0, 0, -144.5, 0, 0, 0, 0, -144.5, 0, 0, 0, 0, 0, 0, -144.5, 0, -144.5, -144.5, 0, 0, -144.5, 0, 0, -144.5, 0, -144.5, 0, 0, 0, 286.75000000000927, 0, 0, -144.5, 0, 0, -144.5, 0, 0, 0, 0, -7.0, -144.5, 0, 430.4999999999796, 0, 0, 0, 0, 0, 0, 0, -144.5, 0, 0, 0, 0, -144.5, 0, 0, -1.500000000016513, 0, 0, 0, 0, 0, 0, 0, 0, 0, 399.2499999999969, 0, 0, 0, 0, 0, 0, 0, 0, 0, 0, 205.50000000000435, -144.5, 830.499999999991, 0, 0, 0, 0, 0, 0]
Sharpe Ratio: 0.007
Annualized Sharpe: 0.115
Sharpe 95% CI: (np.float64(-1.26), np.float64(1.231))
Daily Win Rate (%): 30.16
Max Drawdown: -2551.5
Profit Factor: 1.043
Expectancy: 0.924
Trades Per Month (Global): 18.916666666666668
Total Days: 640



Rolling 3 - Variant 4 - 20_13 - Fit Metrics
Trade Returns: [-144.5, 1618, 1618, -144.5, 24.249999999996557, -144.5, -144.5, -144.5, -144.5, -144.5, -144.5, 230.5000000000016, -144.5, -144.5, -144.5, -144.5, -144.5, -144.5, 205.4999999999766, -144.5, -144.5, -144.5, 592.9999999999894, -144.5, -144.5, -144.5, -144.5, -144.5, -144.5, -144.5, 86.75000000000355, -144.5, -144.5, -144.5, -144.5, 693.0000000000061, -144.5, 143.00000000001123, 205.50000000000435, -144.5, -144.5, -144.5, 293.00000000002245, -144.5, -144.5, -144.5, -144.5, -144.5, -144.5, -144.5, 80.50000000001812, -144.5, -144.5, -144.5, -7.0, 1217.9999999999761, -144.5, -144.5, -144.5, -7.0, -144.5, -144.5, 124.24999999999943, 1243.0000000000011, -144.5, 511.7500000000123, -144.5, 392.9999999999837, -144.5, -144.5, -144.5, -144.5, -144.5, 292.9999999999947, -144.5, 355.5000000000156, -144.5, -144.5, -144.5, -144.5, -144.5, -144.5, -144.5, -144.5, -144.5, -13.25000000001319, -144.5, -144.5, -144.5, 243.00000000000023, 430.50000000000733, 205.4999999999766, -144.5, 180.49999999997934, -144.5, -144.5, -144.5, -144.5, 267.99999999999744, -144.5, -144.5, 1280.499999999997, -144.5, -144.5, 392.9999999999837, 30.49999999999587, 292.9999999999947, -144.5, -144.5, -144.5, -144.5, -144.5, -144.5, -144.5, 180.5000000000071, -7.0, 255.49999999999886, 105.50000000001536, 30.49999999999587, -144.5, -144.5, 743.0000000000007, -144.5, 505.4999999999991, -144.5, -144.5, 486.750000000015, -144.5, -144.5, -144.5, -144.5, -144.5, 355.49999999998784, 80.49999999999037, 242.99999999997246, -144.5, 86.75000000000355, -144.5, -144.5, 130.50000000001262, 918.0000000000091, -144.5, -144.5, -144.5, -144.5, -144.5, 118.00000000001398, -144.5, 386.7499999999983, 130.50000000001262, -82.0000000000195, -69.50000000002088, -144.5, -144.5, -144.5, -144.5, 180.5000000000071, -144.5, -144.5, -144.5, -144.5, -144.5, -144.5, 480.5000000000018, -144.5, -144.5, -144.5, -144.5, -144.5, 874.2500000000001, -144.5, -144.5, -144.5, -144.5, -144.5, -144.5, -144.5, -144.5, -144.5, 80.50000000001812, 261.75000000001205, -144.5, 367.99999999998647, -144.5, -144.5, 730.500000000002, -144.5, -144.5, 661.7500000000235, -144.5, 130.49999999998485, 536.7499999999817, -144.5, -144.5, -144.5, -144.5, -144.5, -144.5, -144.5, -144.5, -144.5, -144.5, 905.5000000000106, -144.5, -144.5, -144.5, -144.5, -144.5, -144.5, -144.5, -144.5, -144.5, -144.5, 286.75000000000927, -144.5, -144.5, -7.0, -144.5, 430.4999999999796, -144.5, -144.5, 142.9999999999835, -144.5, 399.2499999999969, 205.50000000000435, -144.5, 830.499999999991]
Daily Returns: [-144.5, 0, 0, 0, 0, 0, 1618, 0, 0, 0, 0, 0, 0, 1473.5, 0, 0, 0, 0, 0, 24.249999999996557, 0, 0, 0, 0, -144.5, 0, 0, 0, 0, 0, 0, 0, 0, 0, 0, 0, 0, 0, 0, 0, 0, -144.5, 0, 0, 0, 0, 0, -144.5, 0, 0, 0, 0, 0, -144.5, -144.5, 0, 0, 0, 0, 0, 0, 0, 0, 0, 0, 0, 0, -144.5, 0, 0, 230.5000000000016, 0, -144.5, 0, 0, 0, -144.5, 0, 0, 0, 0, -144.5, 0, 0, 0, 0, 0, 0, 0, -144.5, 0, -144.5, 0, -144.5, 0, 0, 0, 205.4999999999766, 0, 0, 0, 0, 0, -144.5, 0, -144.5, 0, 0, 0, 0, 0, 0, -144.5, 0, 592.9999999999894, -144.5, 0, 0, 0, 0, 0, 0, 0, 0, 0, -144.5, -144.5, 0, 0, -144.5, -144.5, 0, 0, -144.5, 0, -144.5, 0, 0, 0, 0, 0, 86.75000000000355, 0, 0, 0, 0, -144.5, 0, 0, 0, 0, 0, 0, -289.0, 0, 0, 0, -144.5, 0, 693.0000000000061, 0, -144.5, 0, 0, 0, 143.00000000001123, 0, 0, 0, 205.50000000000435, 0, -144.5, 0, 0, 0, -144.5, 0, 0, 0, -144.5, 293.00000000002245, 0, 0, -289.0, 0, 0, 0, 0, 0, 0, 0, 0, -144.5, 0, 0, 0, 0, 0, 0, 0, 0, 0, 0, -144.5, 0, -144.5, 0, 0, 0, 0, -144.5, 0, 0, 0, 0, 0, 0, 0, 0, 0, 0, 0, 0, -144.5, 0, 0, 0, 80.50000000001812, 0, 0, 0, 0, -144.5, 0, 0, -289.0, 0, -7.0, 0, 0, 0, 0, 0, 0, 0, 0, 1217.9999999999761, 0, 0, 0, 0, 0, -144.5, 0, 0, 0, 0, 0, 0, 0, 0, -144.5, 0, 0, -151.5, 0, 0, -144.5, 0, 0, 0, 0, 0, 0, -144.5, 0, 0, 0, 0, 0, 124.24999999999943, 0, 0, 1098.5000000000011, 0, 0, 0, 0, 0, 0, 0, 0, 511.7500000000123, 0, 0, 0, 0, 103.99999999998369, 0, -144.5, 0, 0, 0, 0, 0, 0, 0, 0, 0, 0, 0, 0, 0, -144.5, 0, 0, 0, 0, 0, 0, 0, 0, 0, -144.5, 148.4999999999947, 0, 0]
Sharpe Ratio: 0.031
Annualized Sharpe: 0.486
Sharpe 95% CI: (np.float64(-1.759), np.float64(1.754))
Daily Win Rate (%): 27.69
Max Drawdown: -3256.25
Profit Factor: 1.248
Expectancy: 5.373
Trades Per Month (Global): 18.916666666666668
Total Days: 327

Rolling 3 - Variant 4 - 20_13 - Test Metrics
Trade Returns: [-144.5, 1618, 1618, -144.5, 24.249999999996557, -144.5, -144.5, -144.5, -144.5, -144.5, -144.5, 230.5000000000016, -144.5, -144.5, -144.5, -144.5, -144.5, -144.5, 205.4999999999766, -144.5, -144.5, -144.5, 592.9999999999894, -144.5, -144.5, -144.5, -144.5, -144.5, -144.5, -144.5, 86.75000000000355, -144.5, -144.5, -144.5, -144.5, 693.0000000000061, -144.5, 143.00000000001123, 205.50000000000435, -144.5, -144.5, -144.5, 293.00000000002245, -144.5, -144.5, -144.5, -144.5, -144.5, -144.5, -144.5, 80.50000000001812, -144.5, -144.5, -144.5, -7.0, 1217.9999999999761, -144.5, -144.5, -144.5, -7.0, -144.5, -144.5, 124.24999999999943, 1243.0000000000011, -144.5, 511.7500000000123, -144.5, 392.9999999999837, -144.5, -144.5, -144.5, -144.5, -144.5, 292.9999999999947, -144.5, 355.5000000000156, -144.5, -144.5, -144.5, -144.5, -144.5, -144.5, -144.5, -144.5, -144.5, -13.25000000001319, -144.5, -144.5, -144.5, 243.00000000000023, 430.50000000000733, 205.4999999999766, -144.5, 180.49999999997934, -144.5, -144.5, -144.5, -144.5, 267.99999999999744, -144.5, -144.5, 1280.499999999997, -144.5, -144.5, 392.9999999999837, 30.49999999999587, 292.9999999999947, -144.5, -144.5, -144.5, -144.5, -144.5, -144.5, -144.5, 180.5000000000071, -7.0, 255.49999999999886, 105.50000000001536, 30.49999999999587, -144.5, -144.5, 743.0000000000007, -144.5, 505.4999999999991, -144.5, -144.5, 486.750000000015, -144.5, -144.5, -144.5, -144.5, -144.5, 355.49999999998784, 80.49999999999037, 242.99999999997246, -144.5, 86.75000000000355, -144.5, -144.5, 130.50000000001262, 918.0000000000091, -144.5, -144.5, -144.5, -144.5, -144.5, 118.00000000001398, -144.5, 386.7499999999983, 130.50000000001262, -82.0000000000195, -69.50000000002088, -144.5, -144.5, -144.5, -144.5, 180.5000000000071, -144.5, -144.5, -144.5, -144.5, -144.5, -144.5, 480.5000000000018, -144.5, -144.5, -144.5, -144.5, -144.5, 874.2500000000001, -144.5, -144.5, -144.5, -144.5, -144.5, -144.5, -144.5, -144.5, -144.5, 80.50000000001812, 261.75000000001205, -144.5, 367.99999999998647, -144.5, -144.5, 730.500000000002, -144.5, -144.5, 661.7500000000235, -144.5, 130.49999999998485, 536.7499999999817, -144.5, -144.5, -144.5, -144.5, -144.5, -144.5, -144.5, -144.5, -144.5, -144.5, 905.5000000000106, -144.5, -144.5, -144.5, -144.5, -144.5, -144.5, -144.5, -144.5, -144.5, -144.5, 286.75000000000927, -144.5, -144.5, -7.0, -144.5, 430.4999999999796, -144.5, -144.5, 142.9999999999835, -144.5, 399.2499999999969, 205.50000000000435, -144.5, 830.499999999991]
Daily Returns: [-144.5, 0, 355.5000000000156, -144.5, 0, 0, 0, -144.5, 0, -144.5, -144.5, 0, 0, 0, 0, -144.5, 0, 0, 0, -289.0, 0, 0, 0, 0, 0, 0, 0, 0, 0, 0, 0, 0, 0, -144.5, -144.5, 0, 0, 0, 0, 0, 0, 0, 0, -13.25000000001319, 0, -144.5, 0, 0, 0, 0, 0, 0, 0, 0, 0, 0, 0, 0, 0, 0, 0, -144.5, 0, 0, 0, 0, 0, 98.50000000000023, 0, 430.50000000000733, 0, 0, 241.49999999995595, 0, 0, 0, 0, 0, -144.5, -289.0, 123.49999999999744, -289.0, 0, 0, 0, 0, 0, 0, 1135.999999999997, -144.5, 0, 0, 0, 423.49999999997954, 292.9999999999947, 0, 0, -144.5, 0, 0, 0, 0, 0, 0, 0, 0, 0, 0, 0, 0, -144.5, 0, 0, 0, 0, 0, 0, 0, 0, 0, 0, 0, -144.5, -144.5, 0, 0, -144.5, 0, -144.5, -144.5, 0, 0, 0, 0, 0, 0, 0, 0, 0, 0, 180.5000000000071, 0, 0, 0, 0, 0, 0, 0, 0, 0, 0, 0, 0, -7.0, 361.0000000000142, 0, 30.49999999999587, -289.0, 0, 0, 0, 0, 0, 0, 598.5000000000007, 505.4999999999991, 0, 0, 0, 0, 0, -144.5, 0, 0, 0, 0, -144.5, 0, 0, 0, 0, 0, 486.750000000015, 0, 0, 0, 0, 0, -144.5, 0, -144.5, 0, 0, 0, 0, 0, -144.5, 0, -144.5, 0, 0, -144.5, 0, 0, 0, 355.49999999998784, 0, 0, 0, 0, 80.49999999999037, 242.99999999997246, 0, 0, 0, -144.5, 0, 0, 0, 0, 0, 0, 0, 0, 0, 0, 0, 0, 0, 0, 0, 0, 0, 0, 0, 0, 86.75000000000355, 0, 0, 0, -144.5, 0, 0, 0, -144.5, 0, 0, 0, 0, 0, 130.50000000001262, 0, 0, 918.0000000000091, 0, 0, 0, 0, 0, 0, 0, 0, 0, 0, 0, 0, 0, 0, 0, 0, 0, 0, 0, -144.5, 0, 0, 0, 0, 0, 0, -144.5, 0, 0, 0, 0, -289.0, 0, 0, 0, -144.5, 118.00000000001398, 0, 242.2499999999983, 0, 0, 0, 0, 0, 0, 0, 0, 0, 0, 0, 0, 0, 0, 0, 0, 0, 0, 0, 0, 0, 0, 0, 0, 0, 48.49999999999312, -69.50000000002088, 0, 0, 0, 0, 0, 0, -144.5, 0, 0, 0, 0, 0, 0, 0, 0, 0, 0, -144.5, 0, 0, 0, 0, 0, -144.5, -144.5, 0, 180.5000000000071, 0, -144.5, 0, 0, -144.5, 0, 0, 0, -144.5, 0, 0, 0, 0, -144.5, -144.5, 0, 0, 0, 0, 0, 0, 0, 0, 0, 0, -144.5, 0, 0, 0, 0, 0, 480.5000000000018, -144.5, 0, 0, 0, 0, 0, -144.5, 0, 0, 0, 0, -144.5, 0, 0, 0, 0, 0, 0, -144.5, 0, 0, 0, 0, 0, 0, -144.5, 0, 0, 0, 0, 0, 729.7500000000001, 0, 0, 0, 0, 0, 0, 0, 0, 0, 0, 0, 0, -433.5, 0, 0, 0, -144.5, 0, 0, 0, 0, 0, 0, 0, 0, -144.5, 0, -289.0, 0, -63.99999999998188, 0, 0, 0, 0, 0, 0, 0, 0, 0, 261.75000000001205, 0, -144.5, 0, 0, 0, 0, 367.99999999998647, -144.5, 0, 0, 0, 0, 0, 0, 0, 0, 0, 0, 0, -144.5, 0, 0, 0, 0, 0, 586.000000000002, 0, 0, 0, 0, -144.5, 0, 0, 0, 0, 0, 0, 661.7500000000235, 0, 0, 0, -144.5, 0, 0, 0, 130.49999999998485, 0, 0, 0, 536.7499999999817, 0, -144.5, 0, 0, 0, 0, 0, 0, 0, -289.0, -433.5, 0, 0, 0, 0, 0, -144.5, 0, 0, -144.5, 0, -289.0, 0, 0, 0, 0, 0, 0, 0, 0, 0, 0, 0, 761.0000000000106, 0, 0, 0, 0, 0, 0, 0, 0, 0, 0, 0, -144.5, 0, 0, 0, 0, 0, 0, -144.5, 0, 0, 0, 0, -144.5, 0, 0, 0, 0, 0, 0, -144.5, 0, -144.5, -144.5, 0, 0, -144.5, 0, 0, -144.5, 0, -144.5, 0, 0, 0, 286.75000000000927, 0, 0, -144.5, 0, 0, -144.5, 0, 0, 0, 0, -7.0, -144.5, 0, 430.4999999999796, 0, 0, 0, 0, 0, 0, 0, -144.5, 0, 0, 0, 0, -144.5, 0, 0, -1.500000000016513, 0, 0, 0, 0, 0, 0, 0, 0, 0, 399.2499999999969, 0, 0, 0, 0, 0, 0, 0, 0, 0, 0, 205.50000000000435, -144.5, 830.499999999991, 0, 0, 0, 0, 0, 0]
Sharpe Ratio: 0.007
Annualized Sharpe: 0.115
Sharpe 95% CI: (np.float64(-1.26), np.float64(1.231))
Daily Win Rate (%): 30.16
Max Drawdown: -2551.5
Profit Factor: 1.043
Expectancy: 0.924
Trades Per Month (Global): 18.916666666666668
Total Days: 640



Rolling 4 - Variant 0 - 10_7 - Fit Metrics
Trade Returns: [-151.5, 861, 861, -151.5, -151.5, -151.5, 861, -151.5, -151.5, -151.5, -151.5, 861, -151.5, -151.5, -151.5, -151.5, -151.5, -151.5, -151.5, -151.5, -151.5, -151.5, 861, -151.5, -151.5, -151.5, -151.5, -151.5, -151.5, -151.5, 173.5000000000071, 861, -151.5, -151.5, -151.5, 861, -151.5, -151.5, 411.0000000000087, -151.5, -151.5, -151.5, 861, -151.5, -151.5, -151.5, -151.5, -151.5, -151.5, -151.5, -151.5, -151.5, -151.5, -151.5, -14.0, 861, -151.5, -151.5, -151.5, -14.0, -151.5, -151.5, 248.49999999999886, -151.5, -151.5, -151.5, -151.5, -151.5, -151.5, -151.5, -151.5, -151.5, -151.5, 585.9999999999894, -151.5, 711.0000000000312, -151.5, -151.5, -151.5, -151.5, -151.5, -151.5, -151.5, 861, -151.5, -26.50000000002638, -151.5, -151.5, -151.5, 861, -151.5, 410.9999999999532, -151.5, 360.9999999999587, 861, -151.5, -151.5, -151.5, 535.9999999999949, -151.5, -151.5, -151.5, -151.5, -151.5, 861, 60.99999999999174, 861, -151.5, -151.5, -151.5, -151.5, -151.5, -151.5, -151.5, 361.0000000000142, -14.0, 861, 211.00000000003072, 60.99999999999174, -151.5, -151.5, 861, -151.5, -151.5, -151.5, -151.5, 861, -151.5, -151.5, -151.5, -151.5, -151.5, 861, -151.5, 485.9999999999449, -151.5, -151.5, -151.5, -151.5, 261.00000000002524, 861, -151.5, -151.5, -151.5, -151.5, -151.5, 236.00000000002797, -151.5, -151.5, 261.00000000002524, -151.5, -151.5, -151.5, -151.5, -151.5, -151.5, 861, -151.5, -151.5, -151.5, -151.5, -151.5, -151.5, 861, -151.5, -151.5, -151.5, -151.5, -151.5, 861, -151.5, -151.5, -151.5, -151.5, 861, -151.5, -151.5, -151.5, 861, 161.00000000003624, -151.5, -151.5, 861, -151.5, 861, 861, -151.5, -151.5, 861, -151.5, 861, 861, -151.5, -151.5, -151.5, 861, -151.5, -151.5, -151.5, -151.5, 861, -151.5, 861, -151.5, -151.5, -151.5, -151.5, -151.5, -151.5, -151.5, -151.5, -151.5, -151.5, 573.5000000000185, -151.5, -151.5, -151.5, -151.5, 861, -151.5, -151.5, 861, -151.5, 861, 861, -151.5, 861]
Daily Returns: [-151.5, 0, 0, 0, 0, 0, 861, 0, 0, 0, 0, 0, 0, 709.5, 0, 0, 0, 0, 0, -151.5, 0, 0, 0, 0, -151.5, 0, 0, 0, 0, 0, 0, 0, 0, 0, 0, 0, 0, 0, 0, 0, 0, 861, 0, 0, 0, 0, 0, -151.5, 0, 0, 0, 0, 0, -151.5, -151.5, 0, 0, 0, 0, 0, 0, 0, 0, 0, 0, 0, 0, -151.5, 0, 0, 861, 0, -151.5, 0, 0, 0, -151.5, 0, 0, 0, 0, -151.5, 0, 0, 0, 0, 0, 0, 0, -151.5, 0, -151.5, 0, -151.5, 0, 0, 0, -151.5, 0, 0, 0, 0, 0, -151.5, 0, -151.5, 0, 0, 0, 0, 0, 0, -151.5, 0, 861, -151.5, 0, 0, 0, 0, 0, 0, 0, 0, 0, -151.5, -151.5, 0, 0, -151.5, -151.5, 0, 0, -151.5, 0, -151.5, 0, 0, 0, 0, 0, 173.5000000000071, 0, 0, 0, 0, 861, 0, 0, 0, 0, 0, 0, -303.0, 0, 0, 0, -151.5, 0, 861, 0, -151.5, 0, 0, 0, -151.5, 0, 0, 0, 411.0000000000087, 0, -151.5, 0, 0, 0, -151.5, 0, 0, 0, -151.5, 861, 0, 0, -303.0, 0, 0, 0, 0, 0, 0, 0, 0, -151.5, 0, 0, 0, 0, 0, 0, 0, 0, 0, 0, -151.5, 0, -151.5, 0, 0, 0, 0, -151.5, 0, 0, 0, 0, 0, 0, 0, 0, 0, 0, 0, 0, -151.5, 0, 0, 0, -151.5, 0, 0, 0, 0, -151.5, 0, 0, -303.0, 0, -14.0, 0, 0, 0, 0, 0, 0, 0, 0, 861, 0, 0, 0, 0, 0, -151.5, 0, 0, 0, 0, 0, 0, 0, 0, -151.5, 0, 0, -165.5, 0, 0, -151.5, 0, 0, 0, 0, 0, 0, -151.5, 0, 0, 0, 0, 0, 248.49999999999886, 0, 0, -303.0, 0, 0, 0, 0, 0, 0, 0, 0, -151.5, 0, 0, 0, 0, -454.5, 0, -151.5, 0, 0, 0, 0, 0, 0, 0, 0, 0, 0, 0, 0, 0, -151.5, 0, 0, 0, 0, 0, 0, 0, 0, 0, -151.5, 434.4999999999894, 0, 0, -151.5, 0, 711.0000000000312, -151.5, 0, 0, 0, -151.5, 0, -151.5, -151.5, 0, 0, 0, 0, -151.5, 0, 0, 0, -303.0, 0, 0, 0, 0, 0, 0, 0, 0, 0, 0, 0, 0, 0, 861, -151.5, 0, 0, 0, 0, 0, 0, 0, 0, -26.50000000002638, 0, -151.5, 0, 0, 0, 0, 0, 0, 0, 0, 0, 0, 0, 0, 0, 0, 0, -151.5, 0, 0, 0, 0, 0, 709.5, 0, -151.5, 0, 0, 620.4999999999119, 0, 0, 0, 0, 0, 861, -303.0]
Sharpe Ratio: 0.026
Annualized Sharpe: 0.416
Sharpe 95% CI: (np.float64(-1.335), np.float64(1.762))
Daily Win Rate (%): 21.69
Max Drawdown: -2772.5
Profit Factor: 1.168
Expectancy: 4.464
Trades Per Month (Global): 18.916666666666668
Total Days: 407

Rolling 4 - Variant 0 - 10_7 - Test Metrics
Trade Returns: [-151.5, 861, 861, -151.5, -151.5, -151.5, 861, -151.5, -151.5, -151.5, -151.5, 861, -151.5, -151.5, -151.5, -151.5, -151.5, -151.5, -151.5, -151.5, -151.5, -151.5, 861, -151.5, -151.5, -151.5, -151.5, -151.5, -151.5, -151.5, 173.5000000000071, 861, -151.5, -151.5, -151.5, 861, -151.5, -151.5, 411.0000000000087, -151.5, -151.5, -151.5, 861, -151.5, -151.5, -151.5, -151.5, -151.5, -151.5, -151.5, -151.5, -151.5, -151.5, -151.5, -14.0, 861, -151.5, -151.5, -151.5, -14.0, -151.5, -151.5, 248.49999999999886, -151.5, -151.5, -151.5, -151.5, -151.5, -151.5, -151.5, -151.5, -151.5, -151.5, 585.9999999999894, -151.5, 711.0000000000312, -151.5, -151.5, -151.5, -151.5, -151.5, -151.5, -151.5, 861, -151.5, -26.50000000002638, -151.5, -151.5, -151.5, 861, -151.5, 410.9999999999532, -151.5, 360.9999999999587, 861, -151.5, -151.5, -151.5, 535.9999999999949, -151.5, -151.5, -151.5, -151.5, -151.5, 861, 60.99999999999174, 861, -151.5, -151.5, -151.5, -151.5, -151.5, -151.5, -151.5, 361.0000000000142, -14.0, 861, 211.00000000003072, 60.99999999999174, -151.5, -151.5, 861, -151.5, -151.5, -151.5, -151.5, 861, -151.5, -151.5, -151.5, -151.5, -151.5, 861, -151.5, 485.9999999999449, -151.5, -151.5, -151.5, -151.5, 261.00000000002524, 861, -151.5, -151.5, -151.5, -151.5, -151.5, 236.00000000002797, -151.5, -151.5, 261.00000000002524, -151.5, -151.5, -151.5, -151.5, -151.5, -151.5, 861, -151.5, -151.5, -151.5, -151.5, -151.5, -151.5, 861, -151.5, -151.5, -151.5, -151.5, -151.5, 861, -151.5, -151.5, -151.5, -151.5, 861, -151.5, -151.5, -151.5, 861, 161.00000000003624, -151.5, -151.5, 861, -151.5, 861, 861, -151.5, -151.5, 861, -151.5, 861, 861, -151.5, -151.5, -151.5, 861, -151.5, -151.5, -151.5, -151.5, 861, -151.5, 861, -151.5, -151.5, -151.5, -151.5, -151.5, -151.5, -151.5, -151.5, -151.5, -151.5, 573.5000000000185, -151.5, -151.5, -151.5, -151.5, 861, -151.5, -151.5, 861, -151.5, 861, 861, -151.5, 861]
Daily Returns: [384.4999999999949, -303.0, 0, 0, 0, 0, 0, 0, -303.0, -151.5, 0, 0, 0, 921.9999999999917, 861, 0, 0, -151.5, 0, 0, 0, 0, 0, 0, 0, 0, 0, 0, 0, 0, -151.5, 0, 0, 0, 0, 0, 0, 0, 0, 0, 0, 0, -151.5, -151.5, 0, 0, -151.5, 0, -151.5, -151.5, 0, 0, 0, 0, 0, 0, 0, 0, 0, 0, 361.0000000000142, 0, 0, 0, 0, 0, 0, 0, 0, 0, 0, 0, 0, -14.0, 1072.0000000000307, 0, 60.99999999999174, -303.0, 0, 0, 0, 0, 0, 0, 709.5, -151.5, 0, 0, 0, 0, 0, -151.5, 0, 0, 0, 0, -151.5, 0, 0, 0, 0, 0, 861, 0, 0, 0, 0, 0, -151.5, 0, -151.5, 0, 0, 0, 0, 0, -151.5, 0, -151.5, 0, 0, -151.5, 0, 0, 0, 861, 0, 0, 0, 0, -151.5, 485.9999999999449, 0, 0, 0, -151.5, 0, 0, 0, 0, 0, 0, 0, 0, 0, 0, 0, 0, 0, 0, 0, 0, 0, 0, 0, 0, -151.5, 0, 0, 0, -151.5, 0, 0, 0, -151.5, 0, 0, 0, 0, 0, 261.00000000002524, 0, 0, 861, 0, 0, 0, 0, 0, 0, 0, 0, 0, 0, 0, 0, 0, 0, 0, 0, 0, 0, 0, -151.5, 0, 0, 0, 0, 0, 0, -151.5, 0, 0, 0, 0, -303.0, 0, 0, 0, -151.5, 236.00000000002797, 0, -303.0, 0, 0, 0, 0, 0, 0, 0, 0, 0, 0, 0, 0, 0, 0, 0, 0, 0, 0, 0, 0, 0, 0, 0, 0, 0, 109.50000000002524, -151.5, 0, 0, 0, 0, 0, 0, -151.5, 0, 0, 0, 0, 0, 0, 0, 0, 0, 0, -151.5, 0, 0, 0, 0, 0, -151.5, -151.5, 0, 861, 0, -151.5, 0, 0, -151.5, 0, 0, 0, -151.5, 0, 0, 0, 0, -151.5, -151.5, 0, 0, 0, 0, 0, 0, 0, 0, 0, 0, -151.5, 0, 0, 0, 0, 0, 861, -151.5, 0, 0, 0, 0, 0, -151.5, 0, 0, 0, 0, -151.5, 0, 0, 0, 0, 0, 0, -151.5, 0, 0, 0, 0, 0, 0, -151.5, 0, 0, 0, 0, 0, 709.5, 0, 0, 0, 0, 0, 0, 0, 0, 0, 0, 0, 0, -454.5, 0, 0, 0, 861, 0, 0, 0, 0, 0, 0, 0, 0, -151.5, 0, -303.0, 0, 1022.0000000000363, 0, 0, 0, 0, 0, 0, 0, 0, 0, -151.5, 0, -151.5, 0, 0, 0, 0, 861, -151.5, 0, 0, 0, 0, 0, 0, 0, 0, 0, 0, 0, 861, 0, 0, 0, 0, 0, 709.5, 0, 0, 0, 0, -151.5, 0, 0, 0, 0, 0, 0, 861, 0, 0, 0, -151.5, 0, 0, 0, 861, 0, 0, 0, 861, 0, -151.5, 0, 0, 0, 0, 0, 0, 0, -303.0, 558.0, 0, 0, 0, 0, 0, -151.5, 0, 0, -151.5, 0, 709.5, 0, 0, 0, 0, 0, 0, 0, 0, 0, 0, 0, 709.5, 0, 0, 0, 0, 0, 0, 0, 0, 0, 0, 0, -151.5, 0, 0, 0, 0, 0, 0, -151.5, 0, 0, 0, 0, -151.5, 0, 0, 0, 0, 0, 0, -151.5, 0, -151.5, -151.5, 0, 0, -151.5, 0, 0, -151.5, 0, -151.5, 0, 0, 0, 573.5000000000185, 0, 0, -151.5, 0, 0, -151.5, 0, 0, 0, 0, -151.5, -151.5, 0, 861, 0, 0, 0, 0, 0, 0, 0, -151.5, 0, 0, 0, 0, -151.5, 0, 0, 709.5, 0, 0, 0, 0, 0, 0, 0, 0, 0, 861, 0, 0, 0, 0, 0, 0, 0, 0, 0, 0, 861, -151.5, 861, 0, 0, 0, 0, 0, 0]
Sharpe Ratio: 0.106
Annualized Sharpe: 1.69
Sharpe 95% CI: (np.float64(0.47), np.float64(2.678))
Daily Win Rate (%): 31.48
Max Drawdown: -1520.5
Profit Factor: 1.936
Expectancy: 20.79
Trades Per Month (Global): 18.916666666666668
Total Days: 560



Rolling 4 - Variant 1 - 10_20 - Fit Metrics
Trade Returns: [-151.5, 2486, 2486, -151.5, -151.5, -151.5, -151.5, -151.5, -151.5, -151.5, -151.5, 461.0000000000032, -151.5, -151.5, -151.5, -151.5, -151.5, -151.5, -151.5, -151.5, -151.5, -151.5, 1185.9999999999789, -151.5, -151.5, -151.5, -151.5, -151.5, -151.5, -151.5, 173.5000000000071, -151.5, -151.5, -151.5, -151.5, 1386.0000000000123, -151.5, -151.5, 411.0000000000087, -151.5, -151.5, -151.5, 586.0000000000449, -151.5, -151.5, -151.5, -151.5, -151.5, -151.5, -151.5, -151.5, -151.5, -151.5, -151.5, -14.0, 2486, -151.5, -151.5, -151.5, -14.0, -151.5, -151.5, 248.49999999999886, -151.5, -151.5, -151.5, -151.5, -151.5, -151.5, -151.5, -151.5, -151.5, -151.5, 585.9999999999894, -151.5, 711.0000000000312, -151.5, -151.5, -151.5, -151.5, -151.5, -151.5, -151.5, -151.5, -151.5, -26.50000000002638, -151.5, -151.5, -151.5, 486.00000000000045, -151.5, 410.9999999999532, -151.5, 360.9999999999587, -151.5, -151.5, -151.5, -151.5, 535.9999999999949, -151.5, -151.5, -151.5, -151.5, -151.5, 785.9999999999674, 60.99999999999174, 585.9999999999894, -151.5, -151.5, -151.5, -151.5, -151.5, -151.5, -151.5, 361.0000000000142, -14.0, 510.9999999999977, 211.00000000003072, 60.99999999999174, -151.5, -151.5, 1486.0000000000014, -151.5, -151.5, -151.5, -151.5, 973.50000000003, -151.5, -151.5, -151.5, -151.5, -151.5, 710.9999999999757, -151.5, 485.9999999999449, -151.5, -151.5, -151.5, -151.5, 261.00000000002524, 1836.0000000000182, -151.5, -151.5, -151.5, -151.5, -151.5, 236.00000000002797, -151.5, -151.5, 261.00000000002524, -151.5, -151.5, -151.5, -151.5, -151.5, -151.5, 361.0000000000142, -151.5, -151.5, -151.5, -151.5, -151.5, -151.5, -151.5, -151.5, -151.5, -151.5, -151.5, -151.5, 2486, -151.5, -151.5, -151.5, -151.5, -151.5, -151.5, -151.5, -151.5, -151.5, 161.00000000003624, -151.5, -151.5, 735.9999999999729, -151.5, -151.5, 1461.000000000004, -151.5, -151.5, 1323.500000000047, -151.5, 260.9999999999697, -151.5, -151.5, -151.5, -151.5, -151.5, -151.5, -151.5, -151.5, -151.5, -151.5, -151.5, 1811.0000000000211, -151.5, -151.5, -151.5, -151.5, -151.5, -151.5, -151.5, -151.5, -151.5, -151.5, 573.5000000000185, -151.5, -151.5, -151.5, -151.5, 860.9999999999592, -151.5, -151.5, 285.999999999967, -151.5, 798.4999999999937, 411.0000000000087, -151.5, 1660.999999999982]
Daily Returns: [-151.5, 0, 0, 0, 0, 0, 2486, 0, 0, 0, 0, 0, 0, 2334.5, 0, 0, 0, 0, 0, -151.5, 0, 0, 0, 0, -151.5, 0, 0, 0, 0, 0, 0, 0, 0, 0, 0, 0, 0, 0, 0, 0, 0, -151.5, 0, 0, 0, 0, 0, -151.5, 0, 0, 0, 0, 0, -151.5, -151.5, 0, 0, 0, 0, 0, 0, 0, 0, 0, 0, 0, 0, -151.5, 0, 0, 461.0000000000032, 0, -151.5, 0, 0, 0, -151.5, 0, 0, 0, 0, -151.5, 0, 0, 0, 0, 0, 0, 0, -151.5, 0, -151.5, 0, -151.5, 0, 0, 0, -151.5, 0, 0, 0, 0, 0, -151.5, 0, -151.5, 0, 0, 0, 0, 0, 0, -151.5, 0, 1185.9999999999789, -151.5, 0, 0, 0, 0, 0, 0, 0, 0, 0, -151.5, -151.5, 0, 0, -151.5, -151.5, 0, 0, -151.5, 0, -151.5, 0, 0, 0, 0, 0, 173.5000000000071, 0, 0, 0, 0, -151.5, 0, 0, 0, 0, 0, 0, -303.0, 0, 0, 0, -151.5, 0, 1386.0000000000123, 0, -151.5, 0, 0, 0, -151.5, 0, 0, 0, 411.0000000000087, 0, -151.5, 0, 0, 0, -151.5, 0, 0, 0, -151.5, 586.0000000000449, 0, 0, -303.0, 0, 0, 0, 0, 0, 0, 0, 0, -151.5, 0, 0, 0, 0, 0, 0, 0, 0, 0, 0, -151.5, 0, -151.5, 0, 0, 0, 0, -151.5, 0, 0, 0, 0, 0, 0, 0, 0, 0, 0, 0, 0, -151.5, 0, 0, 0, -151.5, 0, 0, 0, 0, -151.5, 0, 0, -303.0, 0, -14.0, 0, 0, 0, 0, 0, 0, 0, 0, 2486, 0, 0, 0, 0, 0, -151.5, 0, 0, 0, 0, 0, 0, 0, 0, -151.5, 0, 0, -165.5, 0, 0, -151.5, 0, 0, 0, 0, 0, 0, -151.5, 0, 0, 0, 0, 0, 248.49999999999886, 0, 0, -303.0, 0, 0, 0, 0, 0, 0, 0, 0, -151.5, 0, 0, 0, 0, -454.5, 0, -151.5, 0, 0, 0, 0, 0, 0, 0, 0, 0, 0, 0, 0, 0, -151.5, 0, 0, 0, 0, 0, 0, 0, 0, 0, -151.5, 434.4999999999894, 0, 0, -151.5, 0, 711.0000000000312, -151.5, 0, 0, 0, -151.5, 0, -151.5, -151.5, 0, 0, 0, 0, -151.5, 0, 0, 0, -303.0, 0, 0, 0, 0, 0, 0, 0, 0, 0, 0, 0, 0, 0, -151.5, -151.5, 0, 0, 0, 0, 0, 0, 0, 0, -26.50000000002638, 0, -151.5, 0, 0, 0, 0, 0, 0, 0, 0, 0, 0, 0, 0, 0, 0, 0, -151.5, 0, 0, 0, 0, 0, 334.50000000000045, 0, -151.5, 0, 0, 620.4999999999119, 0, 0, 0, 0, 0, -151.5, -303.0]
Sharpe Ratio: 0.024
Annualized Sharpe: 0.382
Sharpe 95% CI: (np.float64(-1.768), np.float64(1.541))
Daily Win Rate (%): 16.87
Max Drawdown: -2585.5
Profit Factor: 1.214
Expectancy: 6.0
Trades Per Month (Global): 18.916666666666668
Total Days: 407

Rolling 4 - Variant 1 - 10_20 - Test Metrics
Trade Returns: [-151.5, 2486, 2486, -151.5, -151.5, -151.5, -151.5, -151.5, -151.5, -151.5, -151.5, 461.0000000000032, -151.5, -151.5, -151.5, -151.5, -151.5, -151.5, -151.5, -151.5, -151.5, -151.5, 1185.9999999999789, -151.5, -151.5, -151.5, -151.5, -151.5, -151.5, -151.5, 173.5000000000071, -151.5, -151.5, -151.5, -151.5, 1386.0000000000123, -151.5, -151.5, 411.0000000000087, -151.5, -151.5, -151.5, 586.0000000000449, -151.5, -151.5, -151.5, -151.5, -151.5, -151.5, -151.5, -151.5, -151.5, -151.5, -151.5, -14.0, 2486, -151.5, -151.5, -151.5, -14.0, -151.5, -151.5, 248.49999999999886, -151.5, -151.5, -151.5, -151.5, -151.5, -151.5, -151.5, -151.5, -151.5, -151.5, 585.9999999999894, -151.5, 711.0000000000312, -151.5, -151.5, -151.5, -151.5, -151.5, -151.5, -151.5, -151.5, -151.5, -26.50000000002638, -151.5, -151.5, -151.5, 486.00000000000045, -151.5, 410.9999999999532, -151.5, 360.9999999999587, -151.5, -151.5, -151.5, -151.5, 535.9999999999949, -151.5, -151.5, -151.5, -151.5, -151.5, 785.9999999999674, 60.99999999999174, 585.9999999999894, -151.5, -151.5, -151.5, -151.5, -151.5, -151.5, -151.5, 361.0000000000142, -14.0, 510.9999999999977, 211.00000000003072, 60.99999999999174, -151.5, -151.5, 1486.0000000000014, -151.5, -151.5, -151.5, -151.5, 973.50000000003, -151.5, -151.5, -151.5, -151.5, -151.5, 710.9999999999757, -151.5, 485.9999999999449, -151.5, -151.5, -151.5, -151.5, 261.00000000002524, 1836.0000000000182, -151.5, -151.5, -151.5, -151.5, -151.5, 236.00000000002797, -151.5, -151.5, 261.00000000002524, -151.5, -151.5, -151.5, -151.5, -151.5, -151.5, 361.0000000000142, -151.5, -151.5, -151.5, -151.5, -151.5, -151.5, -151.5, -151.5, -151.5, -151.5, -151.5, -151.5, 2486, -151.5, -151.5, -151.5, -151.5, -151.5, -151.5, -151.5, -151.5, -151.5, 161.00000000003624, -151.5, -151.5, 735.9999999999729, -151.5, -151.5, 1461.000000000004, -151.5, -151.5, 1323.500000000047, -151.5, 260.9999999999697, -151.5, -151.5, -151.5, -151.5, -151.5, -151.5, -151.5, -151.5, -151.5, -151.5, -151.5, 1811.0000000000211, -151.5, -151.5, -151.5, -151.5, -151.5, -151.5, -151.5, -151.5, -151.5, -151.5, 573.5000000000185, -151.5, -151.5, -151.5, -151.5, 860.9999999999592, -151.5, -151.5, 285.999999999967, -151.5, 798.4999999999937, 411.0000000000087, -151.5, 1660.999999999982]
Daily Returns: [384.4999999999949, -303.0, 0, 0, 0, 0, 0, 0, -303.0, -151.5, 0, 0, 0, 846.9999999999591, 585.9999999999894, 0, 0, -151.5, 0, 0, 0, 0, 0, 0, 0, 0, 0, 0, 0, 0, -151.5, 0, 0, 0, 0, 0, 0, 0, 0, 0, 0, 0, -151.5, -151.5, 0, 0, -151.5, 0, -151.5, -151.5, 0, 0, 0, 0, 0, 0, 0, 0, 0, 0, 361.0000000000142, 0, 0, 0, 0, 0, 0, 0, 0, 0, 0, 0, 0, -14.0, 722.0000000000284, 0, 60.99999999999174, -303.0, 0, 0, 0, 0, 0, 0, 1334.5000000000014, -151.5, 0, 0, 0, 0, 0, -151.5, 0, 0, 0, 0, -151.5, 0, 0, 0, 0, 0, 973.50000000003, 0, 0, 0, 0, 0, -151.5, 0, -151.5, 0, 0, 0, 0, 0, -151.5, 0, -151.5, 0, 0, -151.5, 0, 0, 0, 710.9999999999757, 0, 0, 0, 0, -151.5, 485.9999999999449, 0, 0, 0, -151.5, 0, 0, 0, 0, 0, 0, 0, 0, 0, 0, 0, 0, 0, 0, 0, 0, 0, 0, 0, 0, -151.5, 0, 0, 0, -151.5, 0, 0, 0, -151.5, 0, 0, 0, 0, 0, 261.00000000002524, 0, 0, 1836.0000000000182, 0, 0, 0, 0, 0, 0, 0, 0, 0, 0, 0, 0, 0, 0, 0, 0, 0, 0, 0, -151.5, 0, 0, 0, 0, 0, 0, -151.5, 0, 0, 0, 0, -303.0, 0, 0, 0, -151.5, 236.00000000002797, 0, -303.0, 0, 0, 0, 0, 0, 0, 0, 0, 0, 0, 0, 0, 0, 0, 0, 0, 0, 0, 0, 0, 0, 0, 0, 0, 0, 109.50000000002524, -151.5, 0, 0, 0, 0, 0, 0, -151.5, 0, 0, 0, 0, 0, 0, 0, 0, 0, 0, -151.5, 0, 0, 0, 0, 0, -151.5, -151.5, 0, 361.0000000000142, 0, -151.5, 0, 0, -151.5, 0, 0, 0, -151.5, 0, 0, 0, 0, -151.5, -151.5, 0, 0, 0, 0, 0, 0, 0, 0, 0, 0, -151.5, 0, 0, 0, 0, 0, -151.5, -151.5, 0, 0, 0, 0, 0, -151.5, 0, 0, 0, 0, -151.5, 0, 0, 0, 0, 0, 0, -151.5, 0, 0, 0, 0, 0, 0, -151.5, 0, 0, 0, 0, 0, 2334.5, 0, 0, 0, 0, 0, 0, 0, 0, 0, 0, 0, 0, -454.5, 0, 0, 0, -151.5, 0, 0, 0, 0, 0, 0, 0, 0, -151.5, 0, -303.0, 0, 9.500000000036238, 0, 0, 0, 0, 0, 0, 0, 0, 0, -151.5, 0, -151.5, 0, 0, 0, 0, 735.9999999999729, -151.5, 0, 0, 0, 0, 0, 0, 0, 0, 0, 0, 0, -151.5, 0, 0, 0, 0, 0, 1309.500000000004, 0, 0, 0, 0, -151.5, 0, 0, 0, 0, 0, 0, 1323.500000000047, 0, 0, 0, -151.5, 0, 0, 0, 260.9999999999697, 0, 0, 0, -151.5, 0, -151.5, 0, 0, 0, 0, 0, 0, 0, -303.0, -454.5, 0, 0, 0, 0, 0, -151.5, 0, 0, -151.5, 0, -303.0, 0, 0, 0, 0, 0, 0, 0, 0, 0, 0, 0, 1659.5000000000211, 0, 0, 0, 0, 0, 0, 0, 0, 0, 0, 0, -151.5, 0, 0, 0, 0, 0, 0, -151.5, 0, 0, 0, 0, -151.5, 0, 0, 0, 0, 0, 0, -151.5, 0, -151.5, -151.5, 0, 0, -151.5, 0, 0, -151.5, 0, -151.5, 0, 0, 0, 573.5000000000185, 0, 0, -151.5, 0, 0, -151.5, 0, 0, 0, 0, -151.5, -151.5, 0, 860.9999999999592, 0, 0, 0, 0, 0, 0, 0, -151.5, 0, 0, 0, 0, -151.5, 0, 0, 134.49999999996697, 0, 0, 0, 0, 0, 0, 0, 0, 0, 798.4999999999937, 0, 0, 0, 0, 0, 0, 0, 0, 0, 0, 411.0000000000087, -151.5, 1660.999999999982, 0, 0, 0, 0, 0, 0]
Sharpe Ratio: 0.06
Annualized Sharpe: 0.946
Sharpe 95% CI: (np.float64(-0.4), np.float64(1.896))
Daily Win Rate (%): 25.93
Max Drawdown: -2929.5
Profit Factor: 1.547
Expectancy: 13.469
Trades Per Month (Global): 18.916666666666668
Total Days: 560



Rolling 4 - Variant 2 - 20_15 - Fit Metrics
Trade Returns: [-144.5, 1868, 1868, -144.5, 24.249999999996557, -144.5, -144.5, -144.5, -144.5, -144.5, -144.5, 230.5000000000016, -144.5, -144.5, -144.5, -144.5, -144.5, -144.5, 205.4999999999766, -144.5, -144.5, -144.5, 592.9999999999894, -144.5, -144.5, -144.5, -144.5, -144.5, -144.5, -144.5, 86.75000000000355, -144.5, -144.5, -144.5, -144.5, 693.0000000000061, -144.5, 143.00000000001123, 205.50000000000435, -144.5, -144.5, -144.5, 293.00000000002245, -144.5, -144.5, -144.5, -144.5, -144.5, -144.5, -144.5, 80.50000000001812, -144.5, -144.5, -144.5, -7.0, 1217.9999999999761, -144.5, -144.5, -144.5, -7.0, -144.5, -144.5, 124.24999999999943, 1243.0000000000011, -144.5, 511.7500000000123, -144.5, 392.9999999999837, -144.5, -144.5, -144.5, -144.5, -144.5, 292.9999999999947, -144.5, 355.5000000000156, -144.5, -144.5, -144.5, -144.5, -144.5, -144.5, -144.5, -144.5, -144.5, -13.25000000001319, -144.5, -144.5, -144.5, 243.00000000000023, 430.50000000000733, 205.4999999999766, -144.5, 180.49999999997934, -144.5, -144.5, -144.5, -144.5, 267.99999999999744, -144.5, -144.5, 1280.499999999997, -144.5, -144.5, 392.9999999999837, 30.49999999999587, 292.9999999999947, -144.5, -144.5, -144.5, -144.5, -144.5, -144.5, -144.5, 180.5000000000071, -7.0, 255.49999999999886, 105.50000000001536, 30.49999999999587, -144.5, -144.5, 743.0000000000007, -144.5, 505.4999999999991, -144.5, -144.5, 486.750000000015, -144.5, -144.5, -144.5, -144.5, -144.5, 355.49999999998784, 80.49999999999037, 242.99999999997246, -144.5, 86.75000000000355, -144.5, -144.5, 130.50000000001262, 918.0000000000091, -144.5, -144.5, -144.5, -144.5, -144.5, 118.00000000001398, -144.5, 386.7499999999983, 130.50000000001262, -82.0000000000195, -69.50000000002088, -144.5, -144.5, -144.5, -144.5, 180.5000000000071, -144.5, -144.5, -144.5, -144.5, -144.5, -144.5, 480.5000000000018, -144.5, -144.5, -144.5, -144.5, -144.5, 874.2500000000001, -144.5, -144.5, -144.5, -144.5, -144.5, -144.5, -144.5, -144.5, -144.5, 80.50000000001812, 261.75000000001205, -144.5, 367.99999999998647, -144.5, -144.5, 730.500000000002, -144.5, -144.5, 661.7500000000235, -144.5, 130.49999999998485, 536.7499999999817, -144.5, -144.5, -144.5, -144.5, -144.5, -144.5, -144.5, -144.5, -144.5, -144.5, 905.5000000000106, -144.5, -144.5, -144.5, -144.5, -144.5, -144.5, -144.5, -144.5, -144.5, -144.5, 286.75000000000927, -144.5, -144.5, -7.0, -144.5, 430.4999999999796, -144.5, -144.5, 142.9999999999835, -144.5, 399.2499999999969, 205.50000000000435, -144.5, 830.499999999991]
Daily Returns: [-144.5, 0, 0, 0, 0, 0, 1868, 0, 0, 0, 0, 0, 0, 1723.5, 0, 0, 0, 0, 0, 24.249999999996557, 0, 0, 0, 0, -144.5, 0, 0, 0, 0, 0, 0, 0, 0, 0, 0, 0, 0, 0, 0, 0, 0, -144.5, 0, 0, 0, 0, 0, -144.5, 0, 0, 0, 0, 0, -144.5, -144.5, 0, 0, 0, 0, 0, 0, 0, 0, 0, 0, 0, 0, -144.5, 0, 0, 230.5000000000016, 0, -144.5, 0, 0, 0, -144.5, 0, 0, 0, 0, -144.5, 0, 0, 0, 0, 0, 0, 0, -144.5, 0, -144.5, 0, -144.5, 0, 0, 0, 205.4999999999766, 0, 0, 0, 0, 0, -144.5, 0, -144.5, 0, 0, 0, 0, 0, 0, -144.5, 0, 592.9999999999894, -144.5, 0, 0, 0, 0, 0, 0, 0, 0, 0, -144.5, -144.5, 0, 0, -144.5, -144.5, 0, 0, -144.5, 0, -144.5, 0, 0, 0, 0, 0, 86.75000000000355, 0, 0, 0, 0, -144.5, 0, 0, 0, 0, 0, 0, -289.0, 0, 0, 0, -144.5, 0, 693.0000000000061, 0, -144.5, 0, 0, 0, 143.00000000001123, 0, 0, 0, 205.50000000000435, 0, -144.5, 0, 0, 0, -144.5, 0, 0, 0, -144.5, 293.00000000002245, 0, 0, -289.0, 0, 0, 0, 0, 0, 0, 0, 0, -144.5, 0, 0, 0, 0, 0, 0, 0, 0, 0, 0, -144.5, 0, -144.5, 0, 0, 0, 0, -144.5, 0, 0, 0, 0, 0, 0, 0, 0, 0, 0, 0, 0, -144.5, 0, 0, 0, 80.50000000001812, 0, 0, 0, 0, -144.5, 0, 0, -289.0, 0, -7.0, 0, 0, 0, 0, 0, 0, 0, 0, 1217.9999999999761, 0, 0, 0, 0, 0, -144.5, 0, 0, 0, 0, 0, 0, 0, 0, -144.5, 0, 0, -151.5, 0, 0, -144.5, 0, 0, 0, 0, 0, 0, -144.5, 0, 0, 0, 0, 0, 124.24999999999943, 0, 0, 1098.5000000000011, 0, 0, 0, 0, 0, 0, 0, 0, 511.7500000000123, 0, 0, 0, 0, 103.99999999998369, 0, -144.5, 0, 0, 0, 0, 0, 0, 0, 0, 0, 0, 0, 0, 0, -144.5, 0, 0, 0, 0, 0, 0, 0, 0, 0, -144.5, 148.4999999999947, 0, 0, -144.5, 0, 355.5000000000156, -144.5, 0, 0, 0, -144.5, 0, -144.5, -144.5, 0, 0, 0, 0, -144.5, 0, 0, 0, -289.0, 0, 0, 0, 0, 0, 0, 0, 0, 0, 0, 0, 0, 0, -144.5, -144.5, 0, 0, 0, 0, 0, 0, 0, 0, -13.25000000001319, 0, -144.5, 0, 0, 0, 0, 0, 0, 0, 0, 0, 0, 0, 0, 0, 0, 0, -144.5, 0, 0, 0, 0, 0, 98.50000000000023, 0, 430.50000000000733, 0, 0, 241.49999999995595, 0, 0, 0, 0, 0, -144.5, -289.0]
Sharpe Ratio: 0.017
Annualized Sharpe: 0.268
Sharpe 95% CI: (np.float64(-1.866), np.float64(1.469))
Daily Win Rate (%): 26.51
Max Drawdown: -3256.25
Profit Factor: 1.13
Expectancy: 2.954
Trades Per Month (Global): 18.916666666666668
Total Days: 407

Rolling 4 - Variant 2 - 20_15 - Test Metrics
Trade Returns: [-144.5, 1868, 1868, -144.5, 24.249999999996557, -144.5, -144.5, -144.5, -144.5, -144.5, -144.5, 230.5000000000016, -144.5, -144.5, -144.5, -144.5, -144.5, -144.5, 205.4999999999766, -144.5, -144.5, -144.5, 592.9999999999894, -144.5, -144.5, -144.5, -144.5, -144.5, -144.5, -144.5, 86.75000000000355, -144.5, -144.5, -144.5, -144.5, 693.0000000000061, -144.5, 143.00000000001123, 205.50000000000435, -144.5, -144.5, -144.5, 293.00000000002245, -144.5, -144.5, -144.5, -144.5, -144.5, -144.5, -144.5, 80.50000000001812, -144.5, -144.5, -144.5, -7.0, 1217.9999999999761, -144.5, -144.5, -144.5, -7.0, -144.5, -144.5, 124.24999999999943, 1243.0000000000011, -144.5, 511.7500000000123, -144.5, 392.9999999999837, -144.5, -144.5, -144.5, -144.5, -144.5, 292.9999999999947, -144.5, 355.5000000000156, -144.5, -144.5, -144.5, -144.5, -144.5, -144.5, -144.5, -144.5, -144.5, -13.25000000001319, -144.5, -144.5, -144.5, 243.00000000000023, 430.50000000000733, 205.4999999999766, -144.5, 180.49999999997934, -144.5, -144.5, -144.5, -144.5, 267.99999999999744, -144.5, -144.5, 1280.499999999997, -144.5, -144.5, 392.9999999999837, 30.49999999999587, 292.9999999999947, -144.5, -144.5, -144.5, -144.5, -144.5, -144.5, -144.5, 180.5000000000071, -7.0, 255.49999999999886, 105.50000000001536, 30.49999999999587, -144.5, -144.5, 743.0000000000007, -144.5, 505.4999999999991, -144.5, -144.5, 486.750000000015, -144.5, -144.5, -144.5, -144.5, -144.5, 355.49999999998784, 80.49999999999037, 242.99999999997246, -144.5, 86.75000000000355, -144.5, -144.5, 130.50000000001262, 918.0000000000091, -144.5, -144.5, -144.5, -144.5, -144.5, 118.00000000001398, -144.5, 386.7499999999983, 130.50000000001262, -82.0000000000195, -69.50000000002088, -144.5, -144.5, -144.5, -144.5, 180.5000000000071, -144.5, -144.5, -144.5, -144.5, -144.5, -144.5, 480.5000000000018, -144.5, -144.5, -144.5, -144.5, -144.5, 874.2500000000001, -144.5, -144.5, -144.5, -144.5, -144.5, -144.5, -144.5, -144.5, -144.5, 80.50000000001812, 261.75000000001205, -144.5, 367.99999999998647, -144.5, -144.5, 730.500000000002, -144.5, -144.5, 661.7500000000235, -144.5, 130.49999999998485, 536.7499999999817, -144.5, -144.5, -144.5, -144.5, -144.5, -144.5, -144.5, -144.5, -144.5, -144.5, 905.5000000000106, -144.5, -144.5, -144.5, -144.5, -144.5, -144.5, -144.5, -144.5, -144.5, -144.5, 286.75000000000927, -144.5, -144.5, -7.0, -144.5, 430.4999999999796, -144.5, -144.5, 142.9999999999835, -144.5, 399.2499999999969, 205.50000000000435, -144.5, 830.499999999991]
Daily Returns: [123.49999999999744, -289.0, 0, 0, 0, 0, 0, 0, 1135.999999999997, -144.5, 0, 0, 0, 423.49999999997954, 292.9999999999947, 0, 0, -144.5, 0, 0, 0, 0, 0, 0, 0, 0, 0, 0, 0, 0, -144.5, 0, 0, 0, 0, 0, 0, 0, 0, 0, 0, 0, -144.5, -144.5, 0, 0, -144.5, 0, -144.5, -144.5, 0, 0, 0, 0, 0, 0, 0, 0, 0, 0, 180.5000000000071, 0, 0, 0, 0, 0, 0, 0, 0, 0, 0, 0, 0, -7.0, 361.0000000000142, 0, 30.49999999999587, -289.0, 0, 0, 0, 0, 0, 0, 598.5000000000007, 505.4999999999991, 0, 0, 0, 0, 0, -144.5, 0, 0, 0, 0, -144.5, 0, 0, 0, 0, 0, 486.750000000015, 0, 0, 0, 0, 0, -144.5, 0, -144.5, 0, 0, 0, 0, 0, -144.5, 0, -144.5, 0, 0, -144.5, 0, 0, 0, 355.49999999998784, 0, 0, 0, 0, 80.49999999999037, 242.99999999997246, 0, 0, 0, -144.5, 0, 0, 0, 0, 0, 0, 0, 0, 0, 0, 0, 0, 0, 0, 0, 0, 0, 0, 0, 0, 86.75000000000355, 0, 0, 0, -144.5, 0, 0, 0, -144.5, 0, 0, 0, 0, 0, 130.50000000001262, 0, 0, 918.0000000000091, 0, 0, 0, 0, 0, 0, 0, 0, 0, 0, 0, 0, 0, 0, 0, 0, 0, 0, 0, -144.5, 0, 0, 0, 0, 0, 0, -144.5, 0, 0, 0, 0, -289.0, 0, 0, 0, -144.5, 118.00000000001398, 0, 242.2499999999983, 0, 0, 0, 0, 0, 0, 0, 0, 0, 0, 0, 0, 0, 0, 0, 0, 0, 0, 0, 0, 0, 0, 0, 0, 0, 48.49999999999312, -69.50000000002088, 0, 0, 0, 0, 0, 0, -144.5, 0, 0, 0, 0, 0, 0, 0, 0, 0, 0, -144.5, 0, 0, 0, 0, 0, -144.5, -144.5, 0, 180.5000000000071, 0, -144.5, 0, 0, -144.5, 0, 0, 0, -144.5, 0, 0, 0, 0, -144.5, -144.5, 0, 0, 0, 0, 0, 0, 0, 0, 0, 0, -144.5, 0, 0, 0, 0, 0, 480.5000000000018, -144.5, 0, 0, 0, 0, 0, -144.5, 0, 0, 0, 0, -144.5, 0, 0, 0, 0, 0, 0, -144.5, 0, 0, 0, 0, 0, 0, -144.5, 0, 0, 0, 0, 0, 729.7500000000001, 0, 0, 0, 0, 0, 0, 0, 0, 0, 0, 0, 0, -433.5, 0, 0, 0, -144.5, 0, 0, 0, 0, 0, 0, 0, 0, -144.5, 0, -289.0, 0, -63.99999999998188, 0, 0, 0, 0, 0, 0, 0, 0, 0, 261.75000000001205, 0, -144.5, 0, 0, 0, 0, 367.99999999998647, -144.5, 0, 0, 0, 0, 0, 0, 0, 0, 0, 0, 0, -144.5, 0, 0, 0, 0, 0, 586.000000000002, 0, 0, 0, 0, -144.5, 0, 0, 0, 0, 0, 0, 661.7500000000235, 0, 0, 0, -144.5, 0, 0, 0, 130.49999999998485, 0, 0, 0, 536.7499999999817, 0, -144.5, 0, 0, 0, 0, 0, 0, 0, -289.0, -433.5, 0, 0, 0, 0, 0, -144.5, 0, 0, -144.5, 0, -289.0, 0, 0, 0, 0, 0, 0, 0, 0, 0, 0, 0, 761.0000000000106, 0, 0, 0, 0, 0, 0, 0, 0, 0, 0, 0, -144.5, 0, 0, 0, 0, 0, 0, -144.5, 0, 0, 0, 0, -144.5, 0, 0, 0, 0, 0, 0, -144.5, 0, -144.5, -144.5, 0, 0, -144.5, 0, 0, -144.5, 0, -144.5, 0, 0, 0, 286.75000000000927, 0, 0, -144.5, 0, 0, -144.5, 0, 0, 0, 0, -7.0, -144.5, 0, 430.4999999999796, 0, 0, 0, 0, 0, 0, 0, -144.5, 0, 0, 0, 0, -144.5, 0, 0, -1.500000000016513, 0, 0, 0, 0, 0, 0, 0, 0, 0, 399.2499999999969, 0, 0, 0, 0, 0, 0, 0, 0, 0, 0, 205.50000000000435, -144.5, 830.499999999991, 0, 0, 0, 0, 0, 0]
Sharpe Ratio: 0.022
Annualized Sharpe: 0.354
Sharpe 95% CI: (np.float64(-1.082), np.float64(1.509))
Daily Win Rate (%): 31.48
Max Drawdown: -2551.5
Profit Factor: 1.142
Expectancy: 2.94
Trades Per Month (Global): 18.916666666666668
Total Days: 560



Rolling 4 - Variant 3 - 10_6 - Fit Metrics
Trade Returns: [-151.5, 736, 736, -151.5, -151.5, -151.5, 736, -151.5, -151.5, -151.5, -151.5, 736, -151.5, -151.5, -151.5, -151.5, -151.5, -151.5, -151.5, -151.5, -151.5, -151.5, 736, -151.5, -151.5, -151.5, -151.5, -151.5, -151.5, -151.5, 173.5000000000071, 736, -151.5, -151.5, -151.5, 736, -151.5, -151.5, 411.0000000000087, -151.5, -151.5, -151.5, 736, -151.5, -151.5, -151.5, -151.5, -151.5, -151.5, -151.5, -151.5, -151.5, -151.5, -151.5, -14.0, 736, -151.5, -151.5, -151.5, -14.0, -151.5, -151.5, 248.49999999999886, -151.5, -151.5, -151.5, -151.5, -151.5, -151.5, -151.5, -151.5, -151.5, -151.5, 585.9999999999894, -151.5, 736, -151.5, -151.5, -151.5, -151.5, -151.5, -151.5, -151.5, 736, -151.5, -26.50000000002638, -151.5, -151.5, -151.5, 736, -151.5, 736, -151.5, 736, 736, -151.5, -151.5, -151.5, 535.9999999999949, -151.5, -151.5, -151.5, -151.5, -151.5, 736, 60.99999999999174, 736, -151.5, -151.5, -151.5, -151.5, -151.5, -151.5, -151.5, 361.0000000000142, -14.0, 736, 211.00000000003072, 60.99999999999174, -151.5, -151.5, 736, -151.5, -151.5, -151.5, -151.5, 736, -151.5, -151.5, -151.5, -151.5, -151.5, 736, -151.5, 485.9999999999449, -151.5, -151.5, -151.5, -151.5, 261.00000000002524, 736, -151.5, -151.5, -151.5, -151.5, -151.5, 236.00000000002797, -151.5, -151.5, 261.00000000002524, -151.5, -151.5, -151.5, -151.5, -151.5, -151.5, 736, -151.5, -151.5, -151.5, -151.5, -151.5, -151.5, 736, -151.5, -151.5, -151.5, -151.5, -151.5, 736, -151.5, -151.5, -151.5, -151.5, 736, -151.5, -151.5, -151.5, 736, 161.00000000003624, -151.5, -151.5, 736, -151.5, 736, 736, -151.5, -151.5, 736, -151.5, 736, 736, 736, -151.5, -151.5, 736, -151.5, -151.5, -151.5, 736, 736, -151.5, 736, -151.5, -151.5, -151.5, -151.5, -151.5, -151.5, -151.5, -151.5, -151.5, -151.5, 573.5000000000185, -151.5, -151.5, -151.5, -151.5, 736, -151.5, -151.5, 736, -151.5, 736, 736, -151.5, 736]
Daily Returns: [-151.5, 0, 0, 0, 0, 0, 736, 0, 0, 0, 0, 0, 0, 584.5, 0, 0, 0, 0, 0, -151.5, 0, 0, 0, 0, -151.5, 0, 0, 0, 0, 0, 0, 0, 0, 0, 0, 0, 0, 0, 0, 0, 0, 736, 0, 0, 0, 0, 0, -151.5, 0, 0, 0, 0, 0, -151.5, -151.5, 0, 0, 0, 0, 0, 0, 0, 0, 0, 0, 0, 0, -151.5, 0, 0, 736, 0, -151.5, 0, 0, 0, -151.5, 0, 0, 0, 0, -151.5, 0, 0, 0, 0, 0, 0, 0, -151.5, 0, -151.5, 0, -151.5, 0, 0, 0, -151.5, 0, 0, 0, 0, 0, -151.5, 0, -151.5, 0, 0, 0, 0, 0, 0, -151.5, 0, 736, -151.5, 0, 0, 0, 0, 0, 0, 0, 0, 0, -151.5, -151.5, 0, 0, -151.5, -151.5, 0, 0, -151.5, 0, -151.5, 0, 0, 0, 0, 0, 173.5000000000071, 0, 0, 0, 0, 736, 0, 0, 0, 0, 0, 0, -303.0, 0, 0, 0, -151.5, 0, 736, 0, -151.5, 0, 0, 0, -151.5, 0, 0, 0, 411.0000000000087, 0, -151.5, 0, 0, 0, -151.5, 0, 0, 0, -151.5, 736, 0, 0, -303.0, 0, 0, 0, 0, 0, 0, 0, 0, -151.5, 0, 0, 0, 0, 0, 0, 0, 0, 0, 0, -151.5, 0, -151.5, 0, 0, 0, 0, -151.5, 0, 0, 0, 0, 0, 0, 0, 0, 0, 0, 0, 0, -151.5, 0, 0, 0, -151.5, 0, 0, 0, 0, -151.5, 0, 0, -303.0, 0, -14.0, 0, 0, 0, 0, 0, 0, 0, 0, 736, 0, 0, 0, 0, 0, -151.5, 0, 0, 0, 0, 0, 0, 0, 0, -151.5, 0, 0, -165.5, 0, 0, -151.5, 0, 0, 0, 0, 0, 0, -151.5, 0, 0, 0, 0, 0, 248.49999999999886, 0, 0, -303.0, 0, 0, 0, 0, 0, 0, 0, 0, -151.5, 0, 0, 0, 0, -454.5, 0, -151.5, 0, 0, 0, 0, 0, 0, 0, 0, 0, 0, 0, 0, 0, -151.5, 0, 0, 0, 0, 0, 0, 0, 0, 0, -151.5, 434.4999999999894, 0, 0, -151.5, 0, 736, -151.5, 0, 0, 0, -151.5, 0, -151.5, -151.5, 0, 0, 0, 0, -151.5, 0, 0, 0, -303.0, 0, 0, 0, 0, 0, 0, 0, 0, 0, 0, 0, 0, 0, 736, -151.5, 0, 0, 0, 0, 0, 0, 0, 0, -26.50000000002638, 0, -151.5, 0, 0, 0, 0, 0, 0, 0, 0, 0, 0, 0, 0, 0, 0, 0, -151.5, 0, 0, 0, 0, 0, 584.5, 0, -151.5, 0, 0, 1320.5, 0, 0, 0, 0, 0, 736, -303.0]
Sharpe Ratio: 0.016
Annualized Sharpe: 0.248
Sharpe 95% CI: (np.float64(-1.548), np.float64(1.61))
Daily Win Rate (%): 21.69
Max Drawdown: -3131.5
Profit Factor: 1.096
Expectancy: 2.56
Trades Per Month (Global): 18.916666666666668
Total Days: 407

Rolling 4 - Variant 3 - 10_6 - Test Metrics
Trade Returns: [-151.5, 736, 736, -151.5, -151.5, -151.5, 736, -151.5, -151.5, -151.5, -151.5, 736, -151.5, -151.5, -151.5, -151.5, -151.5, -151.5, -151.5, -151.5, -151.5, -151.5, 736, -151.5, -151.5, -151.5, -151.5, -151.5, -151.5, -151.5, 173.5000000000071, 736, -151.5, -151.5, -151.5, 736, -151.5, -151.5, 411.0000000000087, -151.5, -151.5, -151.5, 736, -151.5, -151.5, -151.5, -151.5, -151.5, -151.5, -151.5, -151.5, -151.5, -151.5, -151.5, -14.0, 736, -151.5, -151.5, -151.5, -14.0, -151.5, -151.5, 248.49999999999886, -151.5, -151.5, -151.5, -151.5, -151.5, -151.5, -151.5, -151.5, -151.5, -151.5, 585.9999999999894, -151.5, 736, -151.5, -151.5, -151.5, -151.5, -151.5, -151.5, -151.5, 736, -151.5, -26.50000000002638, -151.5, -151.5, -151.5, 736, -151.5, 736, -151.5, 736, 736, -151.5, -151.5, -151.5, 535.9999999999949, -151.5, -151.5, -151.5, -151.5, -151.5, 736, 60.99999999999174, 736, -151.5, -151.5, -151.5, -151.5, -151.5, -151.5, -151.5, 361.0000000000142, -14.0, 736, 211.00000000003072, 60.99999999999174, -151.5, -151.5, 736, -151.5, -151.5, -151.5, -151.5, 736, -151.5, -151.5, -151.5, -151.5, -151.5, 736, -151.5, 485.9999999999449, -151.5, -151.5, -151.5, -151.5, 261.00000000002524, 736, -151.5, -151.5, -151.5, -151.5, -151.5, 236.00000000002797, -151.5, -151.5, 261.00000000002524, -151.5, -151.5, -151.5, -151.5, -151.5, -151.5, 736, -151.5, -151.5, -151.5, -151.5, -151.5, -151.5, 736, -151.5, -151.5, -151.5, -151.5, -151.5, 736, -151.5, -151.5, -151.5, -151.5, 736, -151.5, -151.5, -151.5, 736, 161.00000000003624, -151.5, -151.5, 736, -151.5, 736, 736, -151.5, -151.5, 736, -151.5, 736, 736, 736, -151.5, -151.5, 736, -151.5, -151.5, -151.5, 736, 736, -151.5, 736, -151.5, -151.5, -151.5, -151.5, -151.5, -151.5, -151.5, -151.5, -151.5, -151.5, 573.5000000000185, -151.5, -151.5, -151.5, -151.5, 736, -151.5, -151.5, 736, -151.5, 736, 736, -151.5, 736]
Daily Returns: [384.4999999999949, -303.0, 0, 0, 0, 0, 0, 0, -303.0, -151.5, 0, 0, 0, 796.9999999999917, 736, 0, 0, -151.5, 0, 0, 0, 0, 0, 0, 0, 0, 0, 0, 0, 0, -151.5, 0, 0, 0, 0, 0, 0, 0, 0, 0, 0, 0, -151.5, -151.5, 0, 0, -151.5, 0, -151.5, -151.5, 0, 0, 0, 0, 0, 0, 0, 0, 0, 0, 361.0000000000142, 0, 0, 0, 0, 0, 0, 0, 0, 0, 0, 0, 0, -14.0, 947.0000000000307, 0, 60.99999999999174, -303.0, 0, 0, 0, 0, 0, 0, 584.5, -151.5, 0, 0, 0, 0, 0, -151.5, 0, 0, 0, 0, -151.5, 0, 0, 0, 0, 0, 736, 0, 0, 0, 0, 0, -151.5, 0, -151.5, 0, 0, 0, 0, 0, -151.5, 0, -151.5, 0, 0, -151.5, 0, 0, 0, 736, 0, 0, 0, 0, -151.5, 485.9999999999449, 0, 0, 0, -151.5, 0, 0, 0, 0, 0, 0, 0, 0, 0, 0, 0, 0, 0, 0, 0, 0, 0, 0, 0, 0, -151.5, 0, 0, 0, -151.5, 0, 0, 0, -151.5, 0, 0, 0, 0, 0, 261.00000000002524, 0, 0, 736, 0, 0, 0, 0, 0, 0, 0, 0, 0, 0, 0, 0, 0, 0, 0, 0, 0, 0, 0, -151.5, 0, 0, 0, 0, 0, 0, -151.5, 0, 0, 0, 0, -303.0, 0, 0, 0, -151.5, 236.00000000002797, 0, -303.0, 0, 0, 0, 0, 0, 0, 0, 0, 0, 0, 0, 0, 0, 0, 0, 0, 0, 0, 0, 0, 0, 0, 0, 0, 0, 109.50000000002524, -151.5, 0, 0, 0, 0, 0, 0, -151.5, 0, 0, 0, 0, 0, 0, 0, 0, 0, 0, -151.5, 0, 0, 0, 0, 0, -151.5, -151.5, 0, 736, 0, -151.5, 0, 0, -151.5, 0, 0, 0, -151.5, 0, 0, 0, 0, -151.5, -151.5, 0, 0, 0, 0, 0, 0, 0, 0, 0, 0, -151.5, 0, 0, 0, 0, 0, 736, -151.5, 0, 0, 0, 0, 0, -151.5, 0, 0, 0, 0, -151.5, 0, 0, 0, 0, 0, 0, -151.5, 0, 0, 0, 0, 0, 0, -151.5, 0, 0, 0, 0, 0, 584.5, 0, 0, 0, 0, 0, 0, 0, 0, 0, 0, 0, 0, -454.5, 0, 0, 0, 736, 0, 0, 0, 0, 0, 0, 0, 0, -151.5, 0, -303.0, 0, 897.0000000000363, 0, 0, 0, 0, 0, 0, 0, 0, 0, -151.5, 0, -151.5, 0, 0, 0, 0, 736, -151.5, 0, 0, 0, 0, 0, 0, 0, 0, 0, 0, 0, 736, 0, 0, 0, 0, 0, 584.5, 0, 0, 0, 0, -151.5, 0, 0, 0, 0, 0, 0, 736, 0, 0, 0, -151.5, 0, 0, 0, 736, 0, 0, 0, 736, 0, 736, 0, 0, 0, 0, 0, 0, 0, -303.0, 433.0, 0, 0, 0, 0, 0, -151.5, 0, 0, 736, 0, 584.5, 0, 0, 0, 0, 0, 0, 0, 0, 0, 0, 0, 584.5, 0, 0, 0, 0, 0, 0, 0, 0, 0, 0, 0, -151.5, 0, 0, 0, 0, 0, 0, -151.5, 0, 0, 0, 0, -151.5, 0, 0, 0, 0, 0, 0, -151.5, 0, -151.5, -151.5, 0, 0, -151.5, 0, 0, -151.5, 0, -151.5, 0, 0, 0, 573.5000000000185, 0, 0, -151.5, 0, 0, -151.5, 0, 0, 0, 0, -151.5, -151.5, 0, 736, 0, 0, 0, 0, 0, 0, 0, -151.5, 0, 0, 0, 0, -151.5, 0, 0, 584.5, 0, 0, 0, 0, 0, 0, 0, 0, 0, 736, 0, 0, 0, 0, 0, 0, 0, 0, 0, 0, 736, -151.5, 736, 0, 0, 0, 0, 0, 0]
Sharpe Ratio: 0.103
Annualized Sharpe: 1.633
Sharpe 95% CI: (np.float64(0.4), np.float64(2.66))
Daily Win Rate (%): 33.33
Max Drawdown: -1667.0
Profit Factor: 1.838
Expectancy: 18.156
Trades Per Month (Global): 18.916666666666668
Total Days: 560



Rolling 4 - Variant 4 - 20_20 - Fit Metrics
Trade Returns: [-144.5, 1774.249999999998, 1886.7499999999995, -144.5, 24.249999999996557, -144.5, -144.5, -144.5, -144.5, -144.5, -144.5, 230.5000000000016, -144.5, -144.5, -144.5, -144.5, -144.5, -144.5, 205.4999999999766, -144.5, -144.5, -144.5, 592.9999999999894, -144.5, -144.5, -144.5, -144.5, -144.5, -144.5, -144.5, 86.75000000000355, -144.5, -144.5, -144.5, -144.5, 693.0000000000061, -144.5, 143.00000000001123, 205.50000000000435, -144.5, -144.5, -144.5, 293.00000000002245, -144.5, -144.5, -144.5, -144.5, -144.5, -144.5, -144.5, 80.50000000001812, -144.5, -144.5, -144.5, -7.0, 1217.9999999999761, -144.5, -144.5, -144.5, -7.0, -144.5, -144.5, 124.24999999999943, 1243.0000000000011, -144.5, 511.7500000000123, -144.5, 392.9999999999837, -144.5, -144.5, -144.5, -144.5, -144.5, 292.9999999999947, -144.5, 355.5000000000156, -144.5, -144.5, -144.5, -144.5, -144.5, -144.5, -144.5, -144.5, -144.5, -13.25000000001319, -144.5, -144.5, -144.5, 243.00000000000023, 430.50000000000733, 205.4999999999766, -144.5, 180.49999999997934, -144.5, -144.5, -144.5, -144.5, 267.99999999999744, -144.5, -144.5, 1280.499999999997, -144.5, -144.5, 392.9999999999837, 30.49999999999587, 292.9999999999947, -144.5, -144.5, -144.5, -144.5, -144.5, -144.5, -144.5, 180.5000000000071, -7.0, 255.49999999999886, 105.50000000001536, 30.49999999999587, -144.5, -144.5, 743.0000000000007, -144.5, 505.4999999999991, -144.5, -144.5, 486.750000000015, -144.5, -144.5, -144.5, -144.5, -144.5, 355.49999999998784, 80.49999999999037, 242.99999999997246, -144.5, 86.75000000000355, -144.5, -144.5, 130.50000000001262, 918.0000000000091, -144.5, -144.5, -144.5, -144.5, -144.5, 118.00000000001398, -144.5, 386.7499999999983, 130.50000000001262, -82.0000000000195, -69.50000000002088, -144.5, -144.5, -144.5, -144.5, 180.5000000000071, -144.5, -144.5, -144.5, -144.5, -144.5, -144.5, 480.5000000000018, -144.5, -144.5, -144.5, -144.5, -144.5, 874.2500000000001, -144.5, -144.5, -144.5, -144.5, -144.5, -144.5, -144.5, -144.5, -144.5, 80.50000000001812, 261.75000000001205, -144.5, 367.99999999998647, -144.5, -144.5, 730.500000000002, -144.5, -144.5, 661.7500000000235, -144.5, 130.49999999998485, 536.7499999999817, -144.5, -144.5, -144.5, -144.5, -144.5, -144.5, -144.5, -144.5, -144.5, -144.5, 905.5000000000106, -144.5, -144.5, -144.5, -144.5, -144.5, -144.5, -144.5, -144.5, -144.5, -144.5, 286.75000000000927, -144.5, -144.5, -7.0, -144.5, 430.4999999999796, -144.5, -144.5, 142.9999999999835, -144.5, 399.2499999999969, 205.50000000000435, -144.5, 830.499999999991]
Daily Returns: [-144.5, 0, 0, 0, 0, 0, 1774.249999999998, 0, 0, 0, 0, 0, 0, 1742.2499999999995, 0, 0, 0, 0, 0, 24.249999999996557, 0, 0, 0, 0, -144.5, 0, 0, 0, 0, 0, 0, 0, 0, 0, 0, 0, 0, 0, 0, 0, 0, -144.5, 0, 0, 0, 0, 0, -144.5, 0, 0, 0, 0, 0, -144.5, -144.5, 0, 0, 0, 0, 0, 0, 0, 0, 0, 0, 0, 0, -144.5, 0, 0, 230.5000000000016, 0, -144.5, 0, 0, 0, -144.5, 0, 0, 0, 0, -144.5, 0, 0, 0, 0, 0, 0, 0, -144.5, 0, -144.5, 0, -144.5, 0, 0, 0, 205.4999999999766, 0, 0, 0, 0, 0, -144.5, 0, -144.5, 0, 0, 0, 0, 0, 0, -144.5, 0, 592.9999999999894, -144.5, 0, 0, 0, 0, 0, 0, 0, 0, 0, -144.5, -144.5, 0, 0, -144.5, -144.5, 0, 0, -144.5, 0, -144.5, 0, 0, 0, 0, 0, 86.75000000000355, 0, 0, 0, 0, -144.5, 0, 0, 0, 0, 0, 0, -289.0, 0, 0, 0, -144.5, 0, 693.0000000000061, 0, -144.5, 0, 0, 0, 143.00000000001123, 0, 0, 0, 205.50000000000435, 0, -144.5, 0, 0, 0, -144.5, 0, 0, 0, -144.5, 293.00000000002245, 0, 0, -289.0, 0, 0, 0, 0, 0, 0, 0, 0, -144.5, 0, 0, 0, 0, 0, 0, 0, 0, 0, 0, -144.5, 0, -144.5, 0, 0, 0, 0, -144.5, 0, 0, 0, 0, 0, 0, 0, 0, 0, 0, 0, 0, -144.5, 0, 0, 0, 80.50000000001812, 0, 0, 0, 0, -144.5, 0, 0, -289.0, 0, -7.0, 0, 0, 0, 0, 0, 0, 0, 0, 1217.9999999999761, 0, 0, 0, 0, 0, -144.5, 0, 0, 0, 0, 0, 0, 0, 0, -144.5, 0, 0, -151.5, 0, 0, -144.5, 0, 0, 0, 0, 0, 0, -144.5, 0, 0, 0, 0, 0, 124.24999999999943, 0, 0, 1098.5000000000011, 0, 0, 0, 0, 0, 0, 0, 0, 511.7500000000123, 0, 0, 0, 0, 103.99999999998369, 0, -144.5, 0, 0, 0, 0, 0, 0, 0, 0, 0, 0, 0, 0, 0, -144.5, 0, 0, 0, 0, 0, 0, 0, 0, 0, -144.5, 148.4999999999947, 0, 0, -144.5, 0, 355.5000000000156, -144.5, 0, 0, 0, -144.5, 0, -144.5, -144.5, 0, 0, 0, 0, -144.5, 0, 0, 0, -289.0, 0, 0, 0, 0, 0, 0, 0, 0, 0, 0, 0, 0, 0, -144.5, -144.5, 0, 0, 0, 0, 0, 0, 0, 0, -13.25000000001319, 0, -144.5, 0, 0, 0, 0, 0, 0, 0, 0, 0, 0, 0, 0, 0, 0, 0, -144.5, 0, 0, 0, 0, 0, 98.50000000000023, 0, 430.50000000000733, 0, 0, 241.49999999995595, 0, 0, 0, 0, 0, -144.5, -289.0]
Sharpe Ratio: 0.016
Annualized Sharpe: 0.254
Sharpe 95% CI: (np.float64(-1.88), np.float64(1.462))
Daily Win Rate (%): 26.51
Max Drawdown: -3256.25
Profit Factor: 1.122
Expectancy: 2.77
Trades Per Month (Global): 18.916666666666668
Total Days: 407

Rolling 4 - Variant 4 - 20_20 - Test Metrics
Trade Returns: [-144.5, 1774.249999999998, 1886.7499999999995, -144.5, 24.249999999996557, -144.5, -144.5, -144.5, -144.5, -144.5, -144.5, 230.5000000000016, -144.5, -144.5, -144.5, -144.5, -144.5, -144.5, 205.4999999999766, -144.5, -144.5, -144.5, 592.9999999999894, -144.5, -144.5, -144.5, -144.5, -144.5, -144.5, -144.5, 86.75000000000355, -144.5, -144.5, -144.5, -144.5, 693.0000000000061, -144.5, 143.00000000001123, 205.50000000000435, -144.5, -144.5, -144.5, 293.00000000002245, -144.5, -144.5, -144.5, -144.5, -144.5, -144.5, -144.5, 80.50000000001812, -144.5, -144.5, -144.5, -7.0, 1217.9999999999761, -144.5, -144.5, -144.5, -7.0, -144.5, -144.5, 124.24999999999943, 1243.0000000000011, -144.5, 511.7500000000123, -144.5, 392.9999999999837, -144.5, -144.5, -144.5, -144.5, -144.5, 292.9999999999947, -144.5, 355.5000000000156, -144.5, -144.5, -144.5, -144.5, -144.5, -144.5, -144.5, -144.5, -144.5, -13.25000000001319, -144.5, -144.5, -144.5, 243.00000000000023, 430.50000000000733, 205.4999999999766, -144.5, 180.49999999997934, -144.5, -144.5, -144.5, -144.5, 267.99999999999744, -144.5, -144.5, 1280.499999999997, -144.5, -144.5, 392.9999999999837, 30.49999999999587, 292.9999999999947, -144.5, -144.5, -144.5, -144.5, -144.5, -144.5, -144.5, 180.5000000000071, -7.0, 255.49999999999886, 105.50000000001536, 30.49999999999587, -144.5, -144.5, 743.0000000000007, -144.5, 505.4999999999991, -144.5, -144.5, 486.750000000015, -144.5, -144.5, -144.5, -144.5, -144.5, 355.49999999998784, 80.49999999999037, 242.99999999997246, -144.5, 86.75000000000355, -144.5, -144.5, 130.50000000001262, 918.0000000000091, -144.5, -144.5, -144.5, -144.5, -144.5, 118.00000000001398, -144.5, 386.7499999999983, 130.50000000001262, -82.0000000000195, -69.50000000002088, -144.5, -144.5, -144.5, -144.5, 180.5000000000071, -144.5, -144.5, -144.5, -144.5, -144.5, -144.5, 480.5000000000018, -144.5, -144.5, -144.5, -144.5, -144.5, 874.2500000000001, -144.5, -144.5, -144.5, -144.5, -144.5, -144.5, -144.5, -144.5, -144.5, 80.50000000001812, 261.75000000001205, -144.5, 367.99999999998647, -144.5, -144.5, 730.500000000002, -144.5, -144.5, 661.7500000000235, -144.5, 130.49999999998485, 536.7499999999817, -144.5, -144.5, -144.5, -144.5, -144.5, -144.5, -144.5, -144.5, -144.5, -144.5, 905.5000000000106, -144.5, -144.5, -144.5, -144.5, -144.5, -144.5, -144.5, -144.5, -144.5, -144.5, 286.75000000000927, -144.5, -144.5, -7.0, -144.5, 430.4999999999796, -144.5, -144.5, 142.9999999999835, -144.5, 399.2499999999969, 205.50000000000435, -144.5, 830.499999999991]
Daily Returns: [123.49999999999744, -289.0, 0, 0, 0, 0, 0, 0, 1135.999999999997, -144.5, 0, 0, 0, 423.49999999997954, 292.9999999999947, 0, 0, -144.5, 0, 0, 0, 0, 0, 0, 0, 0, 0, 0, 0, 0, -144.5, 0, 0, 0, 0, 0, 0, 0, 0, 0, 0, 0, -144.5, -144.5, 0, 0, -144.5, 0, -144.5, -144.5, 0, 0, 0, 0, 0, 0, 0, 0, 0, 0, 180.5000000000071, 0, 0, 0, 0, 0, 0, 0, 0, 0, 0, 0, 0, -7.0, 361.0000000000142, 0, 30.49999999999587, -289.0, 0, 0, 0, 0, 0, 0, 598.5000000000007, 505.4999999999991, 0, 0, 0, 0, 0, -144.5, 0, 0, 0, 0, -144.5, 0, 0, 0, 0, 0, 486.750000000015, 0, 0, 0, 0, 0, -144.5, 0, -144.5, 0, 0, 0, 0, 0, -144.5, 0, -144.5, 0, 0, -144.5, 0, 0, 0, 355.49999999998784, 0, 0, 0, 0, 80.49999999999037, 242.99999999997246, 0, 0, 0, -144.5, 0, 0, 0, 0, 0, 0, 0, 0, 0, 0, 0, 0, 0, 0, 0, 0, 0, 0, 0, 0, 86.75000000000355, 0, 0, 0, -144.5, 0, 0, 0, -144.5, 0, 0, 0, 0, 0, 130.50000000001262, 0, 0, 918.0000000000091, 0, 0, 0, 0, 0, 0, 0, 0, 0, 0, 0, 0, 0, 0, 0, 0, 0, 0, 0, -144.5, 0, 0, 0, 0, 0, 0, -144.5, 0, 0, 0, 0, -289.0, 0, 0, 0, -144.5, 118.00000000001398, 0, 242.2499999999983, 0, 0, 0, 0, 0, 0, 0, 0, 0, 0, 0, 0, 0, 0, 0, 0, 0, 0, 0, 0, 0, 0, 0, 0, 0, 48.49999999999312, -69.50000000002088, 0, 0, 0, 0, 0, 0, -144.5, 0, 0, 0, 0, 0, 0, 0, 0, 0, 0, -144.5, 0, 0, 0, 0, 0, -144.5, -144.5, 0, 180.5000000000071, 0, -144.5, 0, 0, -144.5, 0, 0, 0, -144.5, 0, 0, 0, 0, -144.5, -144.5, 0, 0, 0, 0, 0, 0, 0, 0, 0, 0, -144.5, 0, 0, 0, 0, 0, 480.5000000000018, -144.5, 0, 0, 0, 0, 0, -144.5, 0, 0, 0, 0, -144.5, 0, 0, 0, 0, 0, 0, -144.5, 0, 0, 0, 0, 0, 0, -144.5, 0, 0, 0, 0, 0, 729.7500000000001, 0, 0, 0, 0, 0, 0, 0, 0, 0, 0, 0, 0, -433.5, 0, 0, 0, -144.5, 0, 0, 0, 0, 0, 0, 0, 0, -144.5, 0, -289.0, 0, -63.99999999998188, 0, 0, 0, 0, 0, 0, 0, 0, 0, 261.75000000001205, 0, -144.5, 0, 0, 0, 0, 367.99999999998647, -144.5, 0, 0, 0, 0, 0, 0, 0, 0, 0, 0, 0, -144.5, 0, 0, 0, 0, 0, 586.000000000002, 0, 0, 0, 0, -144.5, 0, 0, 0, 0, 0, 0, 661.7500000000235, 0, 0, 0, -144.5, 0, 0, 0, 130.49999999998485, 0, 0, 0, 536.7499999999817, 0, -144.5, 0, 0, 0, 0, 0, 0, 0, -289.0, -433.5, 0, 0, 0, 0, 0, -144.5, 0, 0, -144.5, 0, -289.0, 0, 0, 0, 0, 0, 0, 0, 0, 0, 0, 0, 761.0000000000106, 0, 0, 0, 0, 0, 0, 0, 0, 0, 0, 0, -144.5, 0, 0, 0, 0, 0, 0, -144.5, 0, 0, 0, 0, -144.5, 0, 0, 0, 0, 0, 0, -144.5, 0, -144.5, -144.5, 0, 0, -144.5, 0, 0, -144.5, 0, -144.5, 0, 0, 0, 286.75000000000927, 0, 0, -144.5, 0, 0, -144.5, 0, 0, 0, 0, -7.0, -144.5, 0, 430.4999999999796, 0, 0, 0, 0, 0, 0, 0, -144.5, 0, 0, 0, 0, -144.5, 0, 0, -1.500000000016513, 0, 0, 0, 0, 0, 0, 0, 0, 0, 399.2499999999969, 0, 0, 0, 0, 0, 0, 0, 0, 0, 0, 205.50000000000435, -144.5, 830.499999999991, 0, 0, 0, 0, 0, 0]
Sharpe Ratio: 0.022
Annualized Sharpe: 0.354
Sharpe 95% CI: (np.float64(-1.082), np.float64(1.509))
Daily Win Rate (%): 31.48
Max Drawdown: -2551.5
Profit Factor: 1.142
Expectancy: 2.94
Trades Per Month (Global): 18.916666666666668
Total Days: 560



Rolling 5 - Variant 0 - 10_7 - Fit Metrics
Trade Returns: [-151.5, 861, 861, -151.5, -151.5, -151.5, 861, -151.5, -151.5, -151.5, -151.5, 861, -151.5, -151.5, -151.5, -151.5, -151.5, -151.5, -151.5, -151.5, -151.5, -151.5, 861, -151.5, -151.5, -151.5, -151.5, -151.5, -151.5, -151.5, 173.5000000000071, 861, -151.5, -151.5, -151.5, 861, -151.5, -151.5, 411.0000000000087, -151.5, -151.5, -151.5, 861, -151.5, -151.5, -151.5, -151.5, -151.5, -151.5, -151.5, -151.5, -151.5, -151.5, -151.5, -14.0, 861, -151.5, -151.5, -151.5, -14.0, -151.5, -151.5, 248.49999999999886, -151.5, -151.5, -151.5, -151.5, -151.5, -151.5, -151.5, -151.5, -151.5, -151.5, 585.9999999999894, -151.5, 711.0000000000312, -151.5, -151.5, -151.5, -151.5, -151.5, -151.5, -151.5, 861, -151.5, -26.50000000002638, -151.5, -151.5, -151.5, 861, -151.5, 410.9999999999532, -151.5, 360.9999999999587, 861, -151.5, -151.5, -151.5, 535.9999999999949, -151.5, -151.5, -151.5, -151.5, -151.5, 861, 60.99999999999174, 861, -151.5, -151.5, -151.5, -151.5, -151.5, -151.5, -151.5, 361.0000000000142, -14.0, 861, 211.00000000003072, 60.99999999999174, -151.5, -151.5, 861, -151.5, -151.5, -151.5, -151.5, 861, -151.5, -151.5, -151.5, -151.5, -151.5, 861, -151.5, 485.9999999999449, -151.5, -151.5, -151.5, -151.5, 261.00000000002524, 861, -151.5, -151.5, -151.5, -151.5, -151.5, 236.00000000002797, -151.5, -151.5, 261.00000000002524, -151.5, -151.5, -151.5, -151.5, -151.5, -151.5, 861, -151.5, -151.5, -151.5, -151.5, -151.5, -151.5, 861, -151.5, -151.5, -151.5, -151.5, -151.5, 861, -151.5, -151.5, -151.5, -151.5, 861, -151.5, -151.5, -151.5, 861, 161.00000000003624, -151.5, -151.5, 861, -151.5, 861, 861, -151.5, -151.5, 861, -151.5, 861, 861, -151.5, -151.5, -151.5, 861, -151.5, -151.5, -151.5, -151.5, 861, -151.5, 861, -151.5, -151.5, -151.5, -151.5, -151.5, -151.5, -151.5, -151.5, -151.5, -151.5, 573.5000000000185, -151.5, -151.5, -151.5, -151.5, 861, -151.5, -151.5, 861, -151.5, 861, 861, -151.5, 861]
Daily Returns: [-151.5, 0, 0, 0, 0, 0, 861, 0, 0, 0, 0, 0, 0, 709.5, 0, 0, 0, 0, 0, -151.5, 0, 0, 0, 0, -151.5, 0, 0, 0, 0, 0, 0, 0, 0, 0, 0, 0, 0, 0, 0, 0, 0, 861, 0, 0, 0, 0, 0, -151.5, 0, 0, 0, 0, 0, -151.5, -151.5, 0, 0, 0, 0, 0, 0, 0, 0, 0, 0, 0, 0, -151.5, 0, 0, 861, 0, -151.5, 0, 0, 0, -151.5, 0, 0, 0, 0, -151.5, 0, 0, 0, 0, 0, 0, 0, -151.5, 0, -151.5, 0, -151.5, 0, 0, 0, -151.5, 0, 0, 0, 0, 0, -151.5, 0, -151.5, 0, 0, 0, 0, 0, 0, -151.5, 0, 861, -151.5, 0, 0, 0, 0, 0, 0, 0, 0, 0, -151.5, -151.5, 0, 0, -151.5, -151.5, 0, 0, -151.5, 0, -151.5, 0, 0, 0, 0, 0, 173.5000000000071, 0, 0, 0, 0, 861, 0, 0, 0, 0, 0, 0, -303.0, 0, 0, 0, -151.5, 0, 861, 0, -151.5, 0, 0, 0, -151.5, 0, 0, 0, 411.0000000000087, 0, -151.5, 0, 0, 0, -151.5, 0, 0, 0, -151.5, 861, 0, 0, -303.0, 0, 0, 0, 0, 0, 0, 0, 0, -151.5, 0, 0, 0, 0, 0, 0, 0, 0, 0, 0, -151.5, 0, -151.5, 0, 0, 0, 0, -151.5, 0, 0, 0, 0, 0, 0, 0, 0, 0, 0, 0, 0, -151.5, 0, 0, 0, -151.5, 0, 0, 0, 0, -151.5, 0, 0, -303.0, 0, -14.0, 0, 0, 0, 0, 0, 0, 0, 0, 861, 0, 0, 0, 0, 0, -151.5, 0, 0, 0, 0, 0, 0, 0, 0, -151.5, 0, 0, -165.5, 0, 0, -151.5, 0, 0, 0, 0, 0, 0, -151.5, 0, 0, 0, 0, 0, 248.49999999999886, 0, 0, -303.0, 0, 0, 0, 0, 0, 0, 0, 0, -151.5, 0, 0, 0, 0, -454.5, 0, -151.5, 0, 0, 0, 0, 0, 0, 0, 0, 0, 0, 0, 0, 0, -151.5, 0, 0, 0, 0, 0, 0, 0, 0, 0, -151.5, 434.4999999999894, 0, 0, -151.5, 0, 711.0000000000312, -151.5, 0, 0, 0, -151.5, 0, -151.5, -151.5, 0, 0, 0, 0, -151.5, 0, 0, 0, -303.0, 0, 0, 0, 0, 0, 0, 0, 0, 0, 0, 0, 0, 0, 861, -151.5, 0, 0, 0, 0, 0, 0, 0, 0, -26.50000000002638, 0, -151.5, 0, 0, 0, 0, 0, 0, 0, 0, 0, 0, 0, 0, 0, 0, 0, -151.5, 0, 0, 0, 0, 0, 709.5, 0, -151.5, 0, 0, 620.4999999999119, 0, 0, 0, 0, 0, 861, -303.0, 384.4999999999949, -303.0, 0, 0, 0, 0, 0, 0, -303.0, -151.5, 0, 0, 0, 921.9999999999917, 861, 0, 0, -151.5, 0, 0, 0, 0, 0, 0, 0, 0, 0, 0, 0, 0, -151.5, 0, 0, 0, 0, 0, 0, 0, 0, 0, 0, 0, -151.5, -151.5, 0, 0, -151.5, 0, -151.5, -151.5, 0, 0, 0, 0, 0, 0, 0, 0, 0, 0, 361.0000000000142, 0, 0, 0, 0, 0, 0, 0, 0, 0, 0, 0, 0, -14.0, 1072.0000000000307, 0, 60.99999999999174, -303.0, 0, 0]
Sharpe Ratio: 0.039
Annualized Sharpe: 0.615
Sharpe 95% CI: (np.float64(-0.895), np.float64(1.803))
Daily Win Rate (%): 23.76
Max Drawdown: -2772.5
Profit Factor: 1.258
Expectancy: 6.866
Trades Per Month (Global): 18.916666666666668
Total Days: 487

Rolling 5 - Variant 0 - 10_7 - Test Metrics
Trade Returns: [-151.5, 861, 861, -151.5, -151.5, -151.5, 861, -151.5, -151.5, -151.5, -151.5, 861, -151.5, -151.5, -151.5, -151.5, -151.5, -151.5, -151.5, -151.5, -151.5, -151.5, 861, -151.5, -151.5, -151.5, -151.5, -151.5, -151.5, -151.5, 173.5000000000071, 861, -151.5, -151.5, -151.5, 861, -151.5, -151.5, 411.0000000000087, -151.5, -151.5, -151.5, 861, -151.5, -151.5, -151.5, -151.5, -151.5, -151.5, -151.5, -151.5, -151.5, -151.5, -151.5, -14.0, 861, -151.5, -151.5, -151.5, -14.0, -151.5, -151.5, 248.49999999999886, -151.5, -151.5, -151.5, -151.5, -151.5, -151.5, -151.5, -151.5, -151.5, -151.5, 585.9999999999894, -151.5, 711.0000000000312, -151.5, -151.5, -151.5, -151.5, -151.5, -151.5, -151.5, 861, -151.5, -26.50000000002638, -151.5, -151.5, -151.5, 861, -151.5, 410.9999999999532, -151.5, 360.9999999999587, 861, -151.5, -151.5, -151.5, 535.9999999999949, -151.5, -151.5, -151.5, -151.5, -151.5, 861, 60.99999999999174, 861, -151.5, -151.5, -151.5, -151.5, -151.5, -151.5, -151.5, 361.0000000000142, -14.0, 861, 211.00000000003072, 60.99999999999174, -151.5, -151.5, 861, -151.5, -151.5, -151.5, -151.5, 861, -151.5, -151.5, -151.5, -151.5, -151.5, 861, -151.5, 485.9999999999449, -151.5, -151.5, -151.5, -151.5, 261.00000000002524, 861, -151.5, -151.5, -151.5, -151.5, -151.5, 236.00000000002797, -151.5, -151.5, 261.00000000002524, -151.5, -151.5, -151.5, -151.5, -151.5, -151.5, 861, -151.5, -151.5, -151.5, -151.5, -151.5, -151.5, 861, -151.5, -151.5, -151.5, -151.5, -151.5, 861, -151.5, -151.5, -151.5, -151.5, 861, -151.5, -151.5, -151.5, 861, 161.00000000003624, -151.5, -151.5, 861, -151.5, 861, 861, -151.5, -151.5, 861, -151.5, 861, 861, -151.5, -151.5, -151.5, 861, -151.5, -151.5, -151.5, -151.5, 861, -151.5, 861, -151.5, -151.5, -151.5, -151.5, -151.5, -151.5, -151.5, -151.5, -151.5, -151.5, 573.5000000000185, -151.5, -151.5, -151.5, -151.5, 861, -151.5, -151.5, 861, -151.5, 861, 861, -151.5, 861]
Daily Returns: [0, 0, 0, 0, 709.5, -151.5, 0, 0, 0, 0, 0, -151.5, 0, 0, 0, 0, -151.5, 0, 0, 0, 0, 0, 861, 0, 0, 0, 0, 0, -151.5, 0, -151.5, 0, 0, 0, 0, 0, -151.5, 0, -151.5, 0, 0, -151.5, 0, 0, 0, 861, 0, 0, 0, 0, -151.5, 485.9999999999449, 0, 0, 0, -151.5, 0, 0, 0, 0, 0, 0, 0, 0, 0, 0, 0, 0, 0, 0, 0, 0, 0, 0, 0, 0, -151.5, 0, 0, 0, -151.5, 0, 0, 0, -151.5, 0, 0, 0, 0, 0, 261.00000000002524, 0, 0, 861, 0, 0, 0, 0, 0, 0, 0, 0, 0, 0, 0, 0, 0, 0, 0, 0, 0, 0, 0, -151.5, 0, 0, 0, 0, 0, 0, -151.5, 0, 0, 0, 0, -303.0, 0, 0, 0, -151.5, 236.00000000002797, 0, -303.0, 0, 0, 0, 0, 0, 0, 0, 0, 0, 0, 0, 0, 0, 0, 0, 0, 0, 0, 0, 0, 0, 0, 0, 0, 0, 109.50000000002524, -151.5, 0, 0, 0, 0, 0, 0, -151.5, 0, 0, 0, 0, 0, 0, 0, 0, 0, 0, -151.5, 0, 0, 0, 0, 0, -151.5, -151.5, 0, 861, 0, -151.5, 0, 0, -151.5, 0, 0, 0, -151.5, 0, 0, 0, 0, -151.5, -151.5, 0, 0, 0, 0, 0, 0, 0, 0, 0, 0, -151.5, 0, 0, 0, 0, 0, 861, -151.5, 0, 0, 0, 0, 0, -151.5, 0, 0, 0, 0, -151.5, 0, 0, 0, 0, 0, 0, -151.5, 0, 0, 0, 0, 0, 0, -151.5, 0, 0, 0, 0, 0, 709.5, 0, 0, 0, 0, 0, 0, 0, 0, 0, 0, 0, 0, -454.5, 0, 0, 0, 861, 0, 0, 0, 0, 0, 0, 0, 0, -151.5, 0, -303.0, 0, 1022.0000000000363, 0, 0, 0, 0, 0, 0, 0, 0, 0, -151.5, 0, -151.5, 0, 0, 0, 0, 861, -151.5, 0, 0, 0, 0, 0, 0, 0, 0, 0, 0, 0, 861, 0, 0, 0, 0, 0, 709.5, 0, 0, 0, 0, -151.5, 0, 0, 0, 0, 0, 0, 861, 0, 0, 0, -151.5, 0, 0, 0, 861, 0, 0, 0, 861, 0, -151.5, 0, 0, 0, 0, 0, 0, 0, -303.0, 558.0, 0, 0, 0, 0, 0, -151.5, 0, 0, -151.5, 0, 709.5, 0, 0, 0, 0, 0, 0, 0, 0, 0, 0, 0, 709.5, 0, 0, 0, 0, 0, 0, 0, 0, 0, 0, 0, -151.5, 0, 0, 0, 0, 0, 0, -151.5, 0, 0, 0, 0, -151.5, 0, 0, 0, 0, 0, 0, -151.5, 0, -151.5, -151.5, 0, 0, -151.5, 0, 0, -151.5, 0, -151.5, 0, 0, 0, 573.5000000000185, 0, 0, -151.5, 0, 0, -151.5, 0, 0, 0, 0, -151.5, -151.5, 0, 861, 0, 0, 0, 0, 0, 0, 0, -151.5, 0, 0, 0, 0, -151.5, 0, 0, 709.5, 0, 0, 0, 0, 0, 0, 0, 0, 0, 861, 0, 0, 0, 0, 0, 0, 0, 0, 0, 0, 861, -151.5, 861, 0, 0, 0, 0, 0, 0]
Sharpe Ratio: 0.109
Annualized Sharpe: 1.732
Sharpe 95% CI: (np.float64(0.429), np.float64(2.838))
Daily Win Rate (%): 31.11
Max Drawdown: -1520.5
Profit Factor: 1.982
Expectancy: 21.075
Trades Per Month (Global): 18.916666666666668
Total Days: 480



Rolling 5 - Variant 1 - 10_20 - Fit Metrics
Trade Returns: [-151.5, 2486, 2486, -151.5, -151.5, -151.5, -151.5, -151.5, -151.5, -151.5, -151.5, 461.0000000000032, -151.5, -151.5, -151.5, -151.5, -151.5, -151.5, -151.5, -151.5, -151.5, -151.5, 1185.9999999999789, -151.5, -151.5, -151.5, -151.5, -151.5, -151.5, -151.5, 173.5000000000071, -151.5, -151.5, -151.5, -151.5, 1386.0000000000123, -151.5, -151.5, 411.0000000000087, -151.5, -151.5, -151.5, 586.0000000000449, -151.5, -151.5, -151.5, -151.5, -151.5, -151.5, -151.5, -151.5, -151.5, -151.5, -151.5, -14.0, 2486, -151.5, -151.5, -151.5, -14.0, -151.5, -151.5, 248.49999999999886, -151.5, -151.5, -151.5, -151.5, -151.5, -151.5, -151.5, -151.5, -151.5, -151.5, 585.9999999999894, -151.5, 711.0000000000312, -151.5, -151.5, -151.5, -151.5, -151.5, -151.5, -151.5, -151.5, -151.5, -26.50000000002638, -151.5, -151.5, -151.5, 486.00000000000045, -151.5, 410.9999999999532, -151.5, 360.9999999999587, -151.5, -151.5, -151.5, -151.5, 535.9999999999949, -151.5, -151.5, -151.5, -151.5, -151.5, 785.9999999999674, 60.99999999999174, 585.9999999999894, -151.5, -151.5, -151.5, -151.5, -151.5, -151.5, -151.5, 361.0000000000142, -14.0, 510.9999999999977, 211.00000000003072, 60.99999999999174, -151.5, -151.5, 1486.0000000000014, -151.5, -151.5, -151.5, -151.5, 973.50000000003, -151.5, -151.5, -151.5, -151.5, -151.5, 710.9999999999757, -151.5, 485.9999999999449, -151.5, -151.5, -151.5, -151.5, 261.00000000002524, 1836.0000000000182, -151.5, -151.5, -151.5, -151.5, -151.5, 236.00000000002797, -151.5, -151.5, 261.00000000002524, -151.5, -151.5, -151.5, -151.5, -151.5, -151.5, 361.0000000000142, -151.5, -151.5, -151.5, -151.5, -151.5, -151.5, -151.5, -151.5, -151.5, -151.5, -151.5, -151.5, 2486, -151.5, -151.5, -151.5, -151.5, -151.5, -151.5, -151.5, -151.5, -151.5, 161.00000000003624, -151.5, -151.5, 735.9999999999729, -151.5, -151.5, 1461.000000000004, -151.5, -151.5, 1323.500000000047, -151.5, 260.9999999999697, -151.5, -151.5, -151.5, -151.5, -151.5, -151.5, -151.5, -151.5, -151.5, -151.5, -151.5, 1811.0000000000211, -151.5, -151.5, -151.5, -151.5, -151.5, -151.5, -151.5, -151.5, -151.5, -151.5, 573.5000000000185, -151.5, -151.5, -151.5, -151.5, 860.9999999999592, -151.5, -151.5, 285.999999999967, -151.5, 798.4999999999937, 411.0000000000087, -151.5, 1660.999999999982]
Daily Returns: [-151.5, 0, 0, 0, 0, 0, 2486, 0, 0, 0, 0, 0, 0, 2334.5, 0, 0, 0, 0, 0, -151.5, 0, 0, 0, 0, -151.5, 0, 0, 0, 0, 0, 0, 0, 0, 0, 0, 0, 0, 0, 0, 0, 0, -151.5, 0, 0, 0, 0, 0, -151.5, 0, 0, 0, 0, 0, -151.5, -151.5, 0, 0, 0, 0, 0, 0, 0, 0, 0, 0, 0, 0, -151.5, 0, 0, 461.0000000000032, 0, -151.5, 0, 0, 0, -151.5, 0, 0, 0, 0, -151.5, 0, 0, 0, 0, 0, 0, 0, -151.5, 0, -151.5, 0, -151.5, 0, 0, 0, -151.5, 0, 0, 0, 0, 0, -151.5, 0, -151.5, 0, 0, 0, 0, 0, 0, -151.5, 0, 1185.9999999999789, -151.5, 0, 0, 0, 0, 0, 0, 0, 0, 0, -151.5, -151.5, 0, 0, -151.5, -151.5, 0, 0, -151.5, 0, -151.5, 0, 0, 0, 0, 0, 173.5000000000071, 0, 0, 0, 0, -151.5, 0, 0, 0, 0, 0, 0, -303.0, 0, 0, 0, -151.5, 0, 1386.0000000000123, 0, -151.5, 0, 0, 0, -151.5, 0, 0, 0, 411.0000000000087, 0, -151.5, 0, 0, 0, -151.5, 0, 0, 0, -151.5, 586.0000000000449, 0, 0, -303.0, 0, 0, 0, 0, 0, 0, 0, 0, -151.5, 0, 0, 0, 0, 0, 0, 0, 0, 0, 0, -151.5, 0, -151.5, 0, 0, 0, 0, -151.5, 0, 0, 0, 0, 0, 0, 0, 0, 0, 0, 0, 0, -151.5, 0, 0, 0, -151.5, 0, 0, 0, 0, -151.5, 0, 0, -303.0, 0, -14.0, 0, 0, 0, 0, 0, 0, 0, 0, 2486, 0, 0, 0, 0, 0, -151.5, 0, 0, 0, 0, 0, 0, 0, 0, -151.5, 0, 0, -165.5, 0, 0, -151.5, 0, 0, 0, 0, 0, 0, -151.5, 0, 0, 0, 0, 0, 248.49999999999886, 0, 0, -303.0, 0, 0, 0, 0, 0, 0, 0, 0, -151.5, 0, 0, 0, 0, -454.5, 0, -151.5, 0, 0, 0, 0, 0, 0, 0, 0, 0, 0, 0, 0, 0, -151.5, 0, 0, 0, 0, 0, 0, 0, 0, 0, -151.5, 434.4999999999894, 0, 0, -151.5, 0, 711.0000000000312, -151.5, 0, 0, 0, -151.5, 0, -151.5, -151.5, 0, 0, 0, 0, -151.5, 0, 0, 0, -303.0, 0, 0, 0, 0, 0, 0, 0, 0, 0, 0, 0, 0, 0, -151.5, -151.5, 0, 0, 0, 0, 0, 0, 0, 0, -26.50000000002638, 0, -151.5, 0, 0, 0, 0, 0, 0, 0, 0, 0, 0, 0, 0, 0, 0, 0, -151.5, 0, 0, 0, 0, 0, 334.50000000000045, 0, -151.5, 0, 0, 620.4999999999119, 0, 0, 0, 0, 0, -151.5, -303.0, 384.4999999999949, -303.0, 0, 0, 0, 0, 0, 0, -303.0, -151.5, 0, 0, 0, 846.9999999999591, 585.9999999999894, 0, 0, -151.5, 0, 0, 0, 0, 0, 0, 0, 0, 0, 0, 0, 0, -151.5, 0, 0, 0, 0, 0, 0, 0, 0, 0, 0, 0, -151.5, -151.5, 0, 0, -151.5, 0, -151.5, -151.5, 0, 0, 0, 0, 0, 0, 0, 0, 0, 0, 361.0000000000142, 0, 0, 0, 0, 0, 0, 0, 0, 0, 0, 0, 0, -14.0, 722.0000000000284, 0, 60.99999999999174, -303.0, 0, 0]
Sharpe Ratio: 0.028
Annualized Sharpe: 0.447
Sharpe 95% CI: (np.float64(-1.383), np.float64(1.481))
Daily Win Rate (%): 19.8
Max Drawdown: -2609.5
Profit Factor: 1.241
Expectancy: 6.711
Trades Per Month (Global): 18.916666666666668
Total Days: 487

Rolling 5 - Variant 1 - 10_20 - Test Metrics
Trade Returns: [-151.5, 2486, 2486, -151.5, -151.5, -151.5, -151.5, -151.5, -151.5, -151.5, -151.5, 461.0000000000032, -151.5, -151.5, -151.5, -151.5, -151.5, -151.5, -151.5, -151.5, -151.5, -151.5, 1185.9999999999789, -151.5, -151.5, -151.5, -151.5, -151.5, -151.5, -151.5, 173.5000000000071, -151.5, -151.5, -151.5, -151.5, 1386.0000000000123, -151.5, -151.5, 411.0000000000087, -151.5, -151.5, -151.5, 586.0000000000449, -151.5, -151.5, -151.5, -151.5, -151.5, -151.5, -151.5, -151.5, -151.5, -151.5, -151.5, -14.0, 2486, -151.5, -151.5, -151.5, -14.0, -151.5, -151.5, 248.49999999999886, -151.5, -151.5, -151.5, -151.5, -151.5, -151.5, -151.5, -151.5, -151.5, -151.5, 585.9999999999894, -151.5, 711.0000000000312, -151.5, -151.5, -151.5, -151.5, -151.5, -151.5, -151.5, -151.5, -151.5, -26.50000000002638, -151.5, -151.5, -151.5, 486.00000000000045, -151.5, 410.9999999999532, -151.5, 360.9999999999587, -151.5, -151.5, -151.5, -151.5, 535.9999999999949, -151.5, -151.5, -151.5, -151.5, -151.5, 785.9999999999674, 60.99999999999174, 585.9999999999894, -151.5, -151.5, -151.5, -151.5, -151.5, -151.5, -151.5, 361.0000000000142, -14.0, 510.9999999999977, 211.00000000003072, 60.99999999999174, -151.5, -151.5, 1486.0000000000014, -151.5, -151.5, -151.5, -151.5, 973.50000000003, -151.5, -151.5, -151.5, -151.5, -151.5, 710.9999999999757, -151.5, 485.9999999999449, -151.5, -151.5, -151.5, -151.5, 261.00000000002524, 1836.0000000000182, -151.5, -151.5, -151.5, -151.5, -151.5, 236.00000000002797, -151.5, -151.5, 261.00000000002524, -151.5, -151.5, -151.5, -151.5, -151.5, -151.5, 361.0000000000142, -151.5, -151.5, -151.5, -151.5, -151.5, -151.5, -151.5, -151.5, -151.5, -151.5, -151.5, -151.5, 2486, -151.5, -151.5, -151.5, -151.5, -151.5, -151.5, -151.5, -151.5, -151.5, 161.00000000003624, -151.5, -151.5, 735.9999999999729, -151.5, -151.5, 1461.000000000004, -151.5, -151.5, 1323.500000000047, -151.5, 260.9999999999697, -151.5, -151.5, -151.5, -151.5, -151.5, -151.5, -151.5, -151.5, -151.5, -151.5, -151.5, 1811.0000000000211, -151.5, -151.5, -151.5, -151.5, -151.5, -151.5, -151.5, -151.5, -151.5, -151.5, 573.5000000000185, -151.5, -151.5, -151.5, -151.5, 860.9999999999592, -151.5, -151.5, 285.999999999967, -151.5, 798.4999999999937, 411.0000000000087, -151.5, 1660.999999999982]
Daily Returns: [0, 0, 0, 0, 1334.5000000000014, -151.5, 0, 0, 0, 0, 0, -151.5, 0, 0, 0, 0, -151.5, 0, 0, 0, 0, 0, 973.50000000003, 0, 0, 0, 0, 0, -151.5, 0, -151.5, 0, 0, 0, 0, 0, -151.5, 0, -151.5, 0, 0, -151.5, 0, 0, 0, 710.9999999999757, 0, 0, 0, 0, -151.5, 485.9999999999449, 0, 0, 0, -151.5, 0, 0, 0, 0, 0, 0, 0, 0, 0, 0, 0, 0, 0, 0, 0, 0, 0, 0, 0, 0, -151.5, 0, 0, 0, -151.5, 0, 0, 0, -151.5, 0, 0, 0, 0, 0, 261.00000000002524, 0, 0, 1836.0000000000182, 0, 0, 0, 0, 0, 0, 0, 0, 0, 0, 0, 0, 0, 0, 0, 0, 0, 0, 0, -151.5, 0, 0, 0, 0, 0, 0, -151.5, 0, 0, 0, 0, -303.0, 0, 0, 0, -151.5, 236.00000000002797, 0, -303.0, 0, 0, 0, 0, 0, 0, 0, 0, 0, 0, 0, 0, 0, 0, 0, 0, 0, 0, 0, 0, 0, 0, 0, 0, 0, 109.50000000002524, -151.5, 0, 0, 0, 0, 0, 0, -151.5, 0, 0, 0, 0, 0, 0, 0, 0, 0, 0, -151.5, 0, 0, 0, 0, 0, -151.5, -151.5, 0, 361.0000000000142, 0, -151.5, 0, 0, -151.5, 0, 0, 0, -151.5, 0, 0, 0, 0, -151.5, -151.5, 0, 0, 0, 0, 0, 0, 0, 0, 0, 0, -151.5, 0, 0, 0, 0, 0, -151.5, -151.5, 0, 0, 0, 0, 0, -151.5, 0, 0, 0, 0, -151.5, 0, 0, 0, 0, 0, 0, -151.5, 0, 0, 0, 0, 0, 0, -151.5, 0, 0, 0, 0, 0, 2334.5, 0, 0, 0, 0, 0, 0, 0, 0, 0, 0, 0, 0, -454.5, 0, 0, 0, -151.5, 0, 0, 0, 0, 0, 0, 0, 0, -151.5, 0, -303.0, 0, 9.500000000036238, 0, 0, 0, 0, 0, 0, 0, 0, 0, -151.5, 0, -151.5, 0, 0, 0, 0, 735.9999999999729, -151.5, 0, 0, 0, 0, 0, 0, 0, 0, 0, 0, 0, -151.5, 0, 0, 0, 0, 0, 1309.500000000004, 0, 0, 0, 0, -151.5, 0, 0, 0, 0, 0, 0, 1323.500000000047, 0, 0, 0, -151.5, 0, 0, 0, 260.9999999999697, 0, 0, 0, -151.5, 0, -151.5, 0, 0, 0, 0, 0, 0, 0, -303.0, -454.5, 0, 0, 0, 0, 0, -151.5, 0, 0, -151.5, 0, -303.0, 0, 0, 0, 0, 0, 0, 0, 0, 0, 0, 0, 1659.5000000000211, 0, 0, 0, 0, 0, 0, 0, 0, 0, 0, 0, -151.5, 0, 0, 0, 0, 0, 0, -151.5, 0, 0, 0, 0, -151.5, 0, 0, 0, 0, 0, 0, -151.5, 0, -151.5, -151.5, 0, 0, -151.5, 0, 0, -151.5, 0, -151.5, 0, 0, 0, 573.5000000000185, 0, 0, -151.5, 0, 0, -151.5, 0, 0, 0, 0, -151.5, -151.5, 0, 860.9999999999592, 0, 0, 0, 0, 0, 0, 0, -151.5, 0, 0, 0, 0, -151.5, 0, 0, 134.49999999996697, 0, 0, 0, 0, 0, 0, 0, 0, 0, 798.4999999999937, 0, 0, 0, 0, 0, 0, 0, 0, 0, 0, 411.0000000000087, -151.5, 1660.999999999982, 0, 0, 0, 0, 0, 0]
Sharpe Ratio: 0.06
Annualized Sharpe: 0.949
Sharpe 95% CI: (np.float64(-0.601), np.float64(1.964))
Daily Win Rate (%): 24.44
Max Drawdown: -2929.5
Profit Factor: 1.576
Expectancy: 13.992
Trades Per Month (Global): 18.916666666666668
Total Days: 480



Rolling 5 - Variant 2 - 10_6 - Fit Metrics
Trade Returns: [-151.5, 736, 736, -151.5, -151.5, -151.5, 736, -151.5, -151.5, -151.5, -151.5, 736, -151.5, -151.5, -151.5, -151.5, -151.5, -151.5, -151.5, -151.5, -151.5, -151.5, 736, -151.5, -151.5, -151.5, -151.5, -151.5, -151.5, -151.5, 173.5000000000071, 736, -151.5, -151.5, -151.5, 736, -151.5, -151.5, 411.0000000000087, -151.5, -151.5, -151.5, 736, -151.5, -151.5, -151.5, -151.5, -151.5, -151.5, -151.5, -151.5, -151.5, -151.5, -151.5, -14.0, 736, -151.5, -151.5, -151.5, -14.0, -151.5, -151.5, 248.49999999999886, -151.5, -151.5, -151.5, -151.5, -151.5, -151.5, -151.5, -151.5, -151.5, -151.5, 585.9999999999894, -151.5, 736, -151.5, -151.5, -151.5, -151.5, -151.5, -151.5, -151.5, 736, -151.5, -26.50000000002638, -151.5, -151.5, -151.5, 736, -151.5, 736, -151.5, 736, 736, -151.5, -151.5, -151.5, 535.9999999999949, -151.5, -151.5, -151.5, -151.5, -151.5, 736, 60.99999999999174, 736, -151.5, -151.5, -151.5, -151.5, -151.5, -151.5, -151.5, 361.0000000000142, -14.0, 736, 211.00000000003072, 60.99999999999174, -151.5, -151.5, 736, -151.5, -151.5, -151.5, -151.5, 736, -151.5, -151.5, -151.5, -151.5, -151.5, 736, -151.5, 485.9999999999449, -151.5, -151.5, -151.5, -151.5, 261.00000000002524, 736, -151.5, -151.5, -151.5, -151.5, -151.5, 236.00000000002797, -151.5, -151.5, 261.00000000002524, -151.5, -151.5, -151.5, -151.5, -151.5, -151.5, 736, -151.5, -151.5, -151.5, -151.5, -151.5, -151.5, 736, -151.5, -151.5, -151.5, -151.5, -151.5, 736, -151.5, -151.5, -151.5, -151.5, 736, -151.5, -151.5, -151.5, 736, 161.00000000003624, -151.5, -151.5, 736, -151.5, 736, 736, -151.5, -151.5, 736, -151.5, 736, 736, 736, -151.5, -151.5, 736, -151.5, -151.5, -151.5, 736, 736, -151.5, 736, -151.5, -151.5, -151.5, -151.5, -151.5, -151.5, -151.5, -151.5, -151.5, -151.5, 573.5000000000185, -151.5, -151.5, -151.5, -151.5, 736, -151.5, -151.5, 736, -151.5, 736, 736, -151.5, 736]
Daily Returns: [-151.5, 0, 0, 0, 0, 0, 736, 0, 0, 0, 0, 0, 0, 584.5, 0, 0, 0, 0, 0, -151.5, 0, 0, 0, 0, -151.5, 0, 0, 0, 0, 0, 0, 0, 0, 0, 0, 0, 0, 0, 0, 0, 0, 736, 0, 0, 0, 0, 0, -151.5, 0, 0, 0, 0, 0, -151.5, -151.5, 0, 0, 0, 0, 0, 0, 0, 0, 0, 0, 0, 0, -151.5, 0, 0, 736, 0, -151.5, 0, 0, 0, -151.5, 0, 0, 0, 0, -151.5, 0, 0, 0, 0, 0, 0, 0, -151.5, 0, -151.5, 0, -151.5, 0, 0, 0, -151.5, 0, 0, 0, 0, 0, -151.5, 0, -151.5, 0, 0, 0, 0, 0, 0, -151.5, 0, 736, -151.5, 0, 0, 0, 0, 0, 0, 0, 0, 0, -151.5, -151.5, 0, 0, -151.5, -151.5, 0, 0, -151.5, 0, -151.5, 0, 0, 0, 0, 0, 173.5000000000071, 0, 0, 0, 0, 736, 0, 0, 0, 0, 0, 0, -303.0, 0, 0, 0, -151.5, 0, 736, 0, -151.5, 0, 0, 0, -151.5, 0, 0, 0, 411.0000000000087, 0, -151.5, 0, 0, 0, -151.5, 0, 0, 0, -151.5, 736, 0, 0, -303.0, 0, 0, 0, 0, 0, 0, 0, 0, -151.5, 0, 0, 0, 0, 0, 0, 0, 0, 0, 0, -151.5, 0, -151.5, 0, 0, 0, 0, -151.5, 0, 0, 0, 0, 0, 0, 0, 0, 0, 0, 0, 0, -151.5, 0, 0, 0, -151.5, 0, 0, 0, 0, -151.5, 0, 0, -303.0, 0, -14.0, 0, 0, 0, 0, 0, 0, 0, 0, 736, 0, 0, 0, 0, 0, -151.5, 0, 0, 0, 0, 0, 0, 0, 0, -151.5, 0, 0, -165.5, 0, 0, -151.5, 0, 0, 0, 0, 0, 0, -151.5, 0, 0, 0, 0, 0, 248.49999999999886, 0, 0, -303.0, 0, 0, 0, 0, 0, 0, 0, 0, -151.5, 0, 0, 0, 0, -454.5, 0, -151.5, 0, 0, 0, 0, 0, 0, 0, 0, 0, 0, 0, 0, 0, -151.5, 0, 0, 0, 0, 0, 0, 0, 0, 0, -151.5, 434.4999999999894, 0, 0, -151.5, 0, 736, -151.5, 0, 0, 0, -151.5, 0, -151.5, -151.5, 0, 0, 0, 0, -151.5, 0, 0, 0, -303.0, 0, 0, 0, 0, 0, 0, 0, 0, 0, 0, 0, 0, 0, 736, -151.5, 0, 0, 0, 0, 0, 0, 0, 0, -26.50000000002638, 0, -151.5, 0, 0, 0, 0, 0, 0, 0, 0, 0, 0, 0, 0, 0, 0, 0, -151.5, 0, 0, 0, 0, 0, 584.5, 0, -151.5, 0, 0, 1320.5, 0, 0, 0, 0, 0, 736, -303.0, 384.4999999999949, -303.0, 0, 0, 0, 0, 0, 0, -303.0, -151.5, 0, 0, 0, 796.9999999999917, 736, 0, 0, -151.5, 0, 0, 0, 0, 0, 0, 0, 0, 0, 0, 0, 0, -151.5, 0, 0, 0, 0, 0, 0, 0, 0, 0, 0, 0, -151.5, -151.5, 0, 0, -151.5, 0, -151.5, -151.5, 0, 0, 0, 0, 0, 0, 0, 0, 0, 0, 361.0000000000142, 0, 0, 0, 0, 0, 0, 0, 0, 0, 0, 0, 0, -14.0, 947.0000000000307, 0, 60.99999999999174, -303.0, 0, 0]
Sharpe Ratio: 0.027
Annualized Sharpe: 0.426
Sharpe 95% CI: (np.float64(-1.128), np.float64(1.636))
Daily Win Rate (%): 23.76
Max Drawdown: -3131.5
Profit Factor: 1.169
Expectancy: 4.504
Trades Per Month (Global): 18.916666666666668
Total Days: 487

Rolling 5 - Variant 2 - 10_6 - Test Metrics
Trade Returns: [-151.5, 736, 736, -151.5, -151.5, -151.5, 736, -151.5, -151.5, -151.5, -151.5, 736, -151.5, -151.5, -151.5, -151.5, -151.5, -151.5, -151.5, -151.5, -151.5, -151.5, 736, -151.5, -151.5, -151.5, -151.5, -151.5, -151.5, -151.5, 173.5000000000071, 736, -151.5, -151.5, -151.5, 736, -151.5, -151.5, 411.0000000000087, -151.5, -151.5, -151.5, 736, -151.5, -151.5, -151.5, -151.5, -151.5, -151.5, -151.5, -151.5, -151.5, -151.5, -151.5, -14.0, 736, -151.5, -151.5, -151.5, -14.0, -151.5, -151.5, 248.49999999999886, -151.5, -151.5, -151.5, -151.5, -151.5, -151.5, -151.5, -151.5, -151.5, -151.5, 585.9999999999894, -151.5, 736, -151.5, -151.5, -151.5, -151.5, -151.5, -151.5, -151.5, 736, -151.5, -26.50000000002638, -151.5, -151.5, -151.5, 736, -151.5, 736, -151.5, 736, 736, -151.5, -151.5, -151.5, 535.9999999999949, -151.5, -151.5, -151.5, -151.5, -151.5, 736, 60.99999999999174, 736, -151.5, -151.5, -151.5, -151.5, -151.5, -151.5, -151.5, 361.0000000000142, -14.0, 736, 211.00000000003072, 60.99999999999174, -151.5, -151.5, 736, -151.5, -151.5, -151.5, -151.5, 736, -151.5, -151.5, -151.5, -151.5, -151.5, 736, -151.5, 485.9999999999449, -151.5, -151.5, -151.5, -151.5, 261.00000000002524, 736, -151.5, -151.5, -151.5, -151.5, -151.5, 236.00000000002797, -151.5, -151.5, 261.00000000002524, -151.5, -151.5, -151.5, -151.5, -151.5, -151.5, 736, -151.5, -151.5, -151.5, -151.5, -151.5, -151.5, 736, -151.5, -151.5, -151.5, -151.5, -151.5, 736, -151.5, -151.5, -151.5, -151.5, 736, -151.5, -151.5, -151.5, 736, 161.00000000003624, -151.5, -151.5, 736, -151.5, 736, 736, -151.5, -151.5, 736, -151.5, 736, 736, 736, -151.5, -151.5, 736, -151.5, -151.5, -151.5, 736, 736, -151.5, 736, -151.5, -151.5, -151.5, -151.5, -151.5, -151.5, -151.5, -151.5, -151.5, -151.5, 573.5000000000185, -151.5, -151.5, -151.5, -151.5, 736, -151.5, -151.5, 736, -151.5, 736, 736, -151.5, 736]
Daily Returns: [0, 0, 0, 0, 584.5, -151.5, 0, 0, 0, 0, 0, -151.5, 0, 0, 0, 0, -151.5, 0, 0, 0, 0, 0, 736, 0, 0, 0, 0, 0, -151.5, 0, -151.5, 0, 0, 0, 0, 0, -151.5, 0, -151.5, 0, 0, -151.5, 0, 0, 0, 736, 0, 0, 0, 0, -151.5, 485.9999999999449, 0, 0, 0, -151.5, 0, 0, 0, 0, 0, 0, 0, 0, 0, 0, 0, 0, 0, 0, 0, 0, 0, 0, 0, 0, -151.5, 0, 0, 0, -151.5, 0, 0, 0, -151.5, 0, 0, 0, 0, 0, 261.00000000002524, 0, 0, 736, 0, 0, 0, 0, 0, 0, 0, 0, 0, 0, 0, 0, 0, 0, 0, 0, 0, 0, 0, -151.5, 0, 0, 0, 0, 0, 0, -151.5, 0, 0, 0, 0, -303.0, 0, 0, 0, -151.5, 236.00000000002797, 0, -303.0, 0, 0, 0, 0, 0, 0, 0, 0, 0, 0, 0, 0, 0, 0, 0, 0, 0, 0, 0, 0, 0, 0, 0, 0, 0, 109.50000000002524, -151.5, 0, 0, 0, 0, 0, 0, -151.5, 0, 0, 0, 0, 0, 0, 0, 0, 0, 0, -151.5, 0, 0, 0, 0, 0, -151.5, -151.5, 0, 736, 0, -151.5, 0, 0, -151.5, 0, 0, 0, -151.5, 0, 0, 0, 0, -151.5, -151.5, 0, 0, 0, 0, 0, 0, 0, 0, 0, 0, -151.5, 0, 0, 0, 0, 0, 736, -151.5, 0, 0, 0, 0, 0, -151.5, 0, 0, 0, 0, -151.5, 0, 0, 0, 0, 0, 0, -151.5, 0, 0, 0, 0, 0, 0, -151.5, 0, 0, 0, 0, 0, 584.5, 0, 0, 0, 0, 0, 0, 0, 0, 0, 0, 0, 0, -454.5, 0, 0, 0, 736, 0, 0, 0, 0, 0, 0, 0, 0, -151.5, 0, -303.0, 0, 897.0000000000363, 0, 0, 0, 0, 0, 0, 0, 0, 0, -151.5, 0, -151.5, 0, 0, 0, 0, 736, -151.5, 0, 0, 0, 0, 0, 0, 0, 0, 0, 0, 0, 736, 0, 0, 0, 0, 0, 584.5, 0, 0, 0, 0, -151.5, 0, 0, 0, 0, 0, 0, 736, 0, 0, 0, -151.5, 0, 0, 0, 736, 0, 0, 0, 736, 0, 736, 0, 0, 0, 0, 0, 0, 0, -303.0, 433.0, 0, 0, 0, 0, 0, -151.5, 0, 0, 736, 0, 584.5, 0, 0, 0, 0, 0, 0, 0, 0, 0, 0, 0, 584.5, 0, 0, 0, 0, 0, 0, 0, 0, 0, 0, 0, -151.5, 0, 0, 0, 0, 0, 0, -151.5, 0, 0, 0, 0, -151.5, 0, 0, 0, 0, 0, 0, -151.5, 0, -151.5, -151.5, 0, 0, -151.5, 0, 0, -151.5, 0, -151.5, 0, 0, 0, 573.5000000000185, 0, 0, -151.5, 0, 0, -151.5, 0, 0, 0, 0, -151.5, -151.5, 0, 736, 0, 0, 0, 0, 0, 0, 0, -151.5, 0, 0, 0, 0, -151.5, 0, 0, 584.5, 0, 0, 0, 0, 0, 0, 0, 0, 0, 736, 0, 0, 0, 0, 0, 0, 0, 0, 0, 0, 736, -151.5, 736, 0, 0, 0, 0, 0, 0]
Sharpe Ratio: 0.108
Annualized Sharpe: 1.707
Sharpe 95% CI: (np.float64(0.37), np.float64(2.826))
Daily Win Rate (%): 33.33
Max Drawdown: -1667.0
Profit Factor: 1.902
Expectancy: 18.783
Trades Per Month (Global): 18.916666666666668
Total Days: 480



Rolling 5 - Variant 3 - 20_15 - Fit Metrics
Trade Returns: [-144.5, 1868, 1868, -144.5, 24.249999999996557, -144.5, -144.5, -144.5, -144.5, -144.5, -144.5, 230.5000000000016, -144.5, -144.5, -144.5, -144.5, -144.5, -144.5, 205.4999999999766, -144.5, -144.5, -144.5, 592.9999999999894, -144.5, -144.5, -144.5, -144.5, -144.5, -144.5, -144.5, 86.75000000000355, -144.5, -144.5, -144.5, -144.5, 693.0000000000061, -144.5, 143.00000000001123, 205.50000000000435, -144.5, -144.5, -144.5, 293.00000000002245, -144.5, -144.5, -144.5, -144.5, -144.5, -144.5, -144.5, 80.50000000001812, -144.5, -144.5, -144.5, -7.0, 1217.9999999999761, -144.5, -144.5, -144.5, -7.0, -144.5, -144.5, 124.24999999999943, 1243.0000000000011, -144.5, 511.7500000000123, -144.5, 392.9999999999837, -144.5, -144.5, -144.5, -144.5, -144.5, 292.9999999999947, -144.5, 355.5000000000156, -144.5, -144.5, -144.5, -144.5, -144.5, -144.5, -144.5, -144.5, -144.5, -13.25000000001319, -144.5, -144.5, -144.5, 243.00000000000023, 430.50000000000733, 205.4999999999766, -144.5, 180.49999999997934, -144.5, -144.5, -144.5, -144.5, 267.99999999999744, -144.5, -144.5, 1280.499999999997, -144.5, -144.5, 392.9999999999837, 30.49999999999587, 292.9999999999947, -144.5, -144.5, -144.5, -144.5, -144.5, -144.5, -144.5, 180.5000000000071, -7.0, 255.49999999999886, 105.50000000001536, 30.49999999999587, -144.5, -144.5, 743.0000000000007, -144.5, 505.4999999999991, -144.5, -144.5, 486.750000000015, -144.5, -144.5, -144.5, -144.5, -144.5, 355.49999999998784, 80.49999999999037, 242.99999999997246, -144.5, 86.75000000000355, -144.5, -144.5, 130.50000000001262, 918.0000000000091, -144.5, -144.5, -144.5, -144.5, -144.5, 118.00000000001398, -144.5, 386.7499999999983, 130.50000000001262, -82.0000000000195, -69.50000000002088, -144.5, -144.5, -144.5, -144.5, 180.5000000000071, -144.5, -144.5, -144.5, -144.5, -144.5, -144.5, 480.5000000000018, -144.5, -144.5, -144.5, -144.5, -144.5, 874.2500000000001, -144.5, -144.5, -144.5, -144.5, -144.5, -144.5, -144.5, -144.5, -144.5, 80.50000000001812, 261.75000000001205, -144.5, 367.99999999998647, -144.5, -144.5, 730.500000000002, -144.5, -144.5, 661.7500000000235, -144.5, 130.49999999998485, 536.7499999999817, -144.5, -144.5, -144.5, -144.5, -144.5, -144.5, -144.5, -144.5, -144.5, -144.5, 905.5000000000106, -144.5, -144.5, -144.5, -144.5, -144.5, -144.5, -144.5, -144.5, -144.5, -144.5, 286.75000000000927, -144.5, -144.5, -7.0, -144.5, 430.4999999999796, -144.5, -144.5, 142.9999999999835, -144.5, 399.2499999999969, 205.50000000000435, -144.5, 830.499999999991]
Daily Returns: [-144.5, 0, 0, 0, 0, 0, 1868, 0, 0, 0, 0, 0, 0, 1723.5, 0, 0, 0, 0, 0, 24.249999999996557, 0, 0, 0, 0, -144.5, 0, 0, 0, 0, 0, 0, 0, 0, 0, 0, 0, 0, 0, 0, 0, 0, -144.5, 0, 0, 0, 0, 0, -144.5, 0, 0, 0, 0, 0, -144.5, -144.5, 0, 0, 0, 0, 0, 0, 0, 0, 0, 0, 0, 0, -144.5, 0, 0, 230.5000000000016, 0, -144.5, 0, 0, 0, -144.5, 0, 0, 0, 0, -144.5, 0, 0, 0, 0, 0, 0, 0, -144.5, 0, -144.5, 0, -144.5, 0, 0, 0, 205.4999999999766, 0, 0, 0, 0, 0, -144.5, 0, -144.5, 0, 0, 0, 0, 0, 0, -144.5, 0, 592.9999999999894, -144.5, 0, 0, 0, 0, 0, 0, 0, 0, 0, -144.5, -144.5, 0, 0, -144.5, -144.5, 0, 0, -144.5, 0, -144.5, 0, 0, 0, 0, 0, 86.75000000000355, 0, 0, 0, 0, -144.5, 0, 0, 0, 0, 0, 0, -289.0, 0, 0, 0, -144.5, 0, 693.0000000000061, 0, -144.5, 0, 0, 0, 143.00000000001123, 0, 0, 0, 205.50000000000435, 0, -144.5, 0, 0, 0, -144.5, 0, 0, 0, -144.5, 293.00000000002245, 0, 0, -289.0, 0, 0, 0, 0, 0, 0, 0, 0, -144.5, 0, 0, 0, 0, 0, 0, 0, 0, 0, 0, -144.5, 0, -144.5, 0, 0, 0, 0, -144.5, 0, 0, 0, 0, 0, 0, 0, 0, 0, 0, 0, 0, -144.5, 0, 0, 0, 80.50000000001812, 0, 0, 0, 0, -144.5, 0, 0, -289.0, 0, -7.0, 0, 0, 0, 0, 0, 0, 0, 0, 1217.9999999999761, 0, 0, 0, 0, 0, -144.5, 0, 0, 0, 0, 0, 0, 0, 0, -144.5, 0, 0, -151.5, 0, 0, -144.5, 0, 0, 0, 0, 0, 0, -144.5, 0, 0, 0, 0, 0, 124.24999999999943, 0, 0, 1098.5000000000011, 0, 0, 0, 0, 0, 0, 0, 0, 511.7500000000123, 0, 0, 0, 0, 103.99999999998369, 0, -144.5, 0, 0, 0, 0, 0, 0, 0, 0, 0, 0, 0, 0, 0, -144.5, 0, 0, 0, 0, 0, 0, 0, 0, 0, -144.5, 148.4999999999947, 0, 0, -144.5, 0, 355.5000000000156, -144.5, 0, 0, 0, -144.5, 0, -144.5, -144.5, 0, 0, 0, 0, -144.5, 0, 0, 0, -289.0, 0, 0, 0, 0, 0, 0, 0, 0, 0, 0, 0, 0, 0, -144.5, -144.5, 0, 0, 0, 0, 0, 0, 0, 0, -13.25000000001319, 0, -144.5, 0, 0, 0, 0, 0, 0, 0, 0, 0, 0, 0, 0, 0, 0, 0, -144.5, 0, 0, 0, 0, 0, 98.50000000000023, 0, 430.50000000000733, 0, 0, 241.49999999995595, 0, 0, 0, 0, 0, -144.5, -289.0, 123.49999999999744, -289.0, 0, 0, 0, 0, 0, 0, 1135.999999999997, -144.5, 0, 0, 0, 423.49999999997954, 292.9999999999947, 0, 0, -144.5, 0, 0, 0, 0, 0, 0, 0, 0, 0, 0, 0, 0, -144.5, 0, 0, 0, 0, 0, 0, 0, 0, 0, 0, 0, -144.5, -144.5, 0, 0, -144.5, 0, -144.5, -144.5, 0, 0, 0, 0, 0, 0, 0, 0, 0, 0, 180.5000000000071, 0, 0, 0, 0, 0, 0, 0, 0, 0, 0, 0, 0, -7.0, 361.0000000000142, 0, 30.49999999999587, -289.0, 0, 0]
Sharpe Ratio: 0.024
Annualized Sharpe: 0.379
Sharpe 95% CI: (np.float64(-1.399), np.float64(1.463))
Daily Win Rate (%): 28.71
Max Drawdown: -3256.25
Profit Factor: 1.182
Expectancy: 4.126
Trades Per Month (Global): 18.916666666666668
Total Days: 487

Rolling 5 - Variant 3 - 20_15 - Test Metrics
Trade Returns: [-144.5, 1868, 1868, -144.5, 24.249999999996557, -144.5, -144.5, -144.5, -144.5, -144.5, -144.5, 230.5000000000016, -144.5, -144.5, -144.5, -144.5, -144.5, -144.5, 205.4999999999766, -144.5, -144.5, -144.5, 592.9999999999894, -144.5, -144.5, -144.5, -144.5, -144.5, -144.5, -144.5, 86.75000000000355, -144.5, -144.5, -144.5, -144.5, 693.0000000000061, -144.5, 143.00000000001123, 205.50000000000435, -144.5, -144.5, -144.5, 293.00000000002245, -144.5, -144.5, -144.5, -144.5, -144.5, -144.5, -144.5, 80.50000000001812, -144.5, -144.5, -144.5, -7.0, 1217.9999999999761, -144.5, -144.5, -144.5, -7.0, -144.5, -144.5, 124.24999999999943, 1243.0000000000011, -144.5, 511.7500000000123, -144.5, 392.9999999999837, -144.5, -144.5, -144.5, -144.5, -144.5, 292.9999999999947, -144.5, 355.5000000000156, -144.5, -144.5, -144.5, -144.5, -144.5, -144.5, -144.5, -144.5, -144.5, -13.25000000001319, -144.5, -144.5, -144.5, 243.00000000000023, 430.50000000000733, 205.4999999999766, -144.5, 180.49999999997934, -144.5, -144.5, -144.5, -144.5, 267.99999999999744, -144.5, -144.5, 1280.499999999997, -144.5, -144.5, 392.9999999999837, 30.49999999999587, 292.9999999999947, -144.5, -144.5, -144.5, -144.5, -144.5, -144.5, -144.5, 180.5000000000071, -7.0, 255.49999999999886, 105.50000000001536, 30.49999999999587, -144.5, -144.5, 743.0000000000007, -144.5, 505.4999999999991, -144.5, -144.5, 486.750000000015, -144.5, -144.5, -144.5, -144.5, -144.5, 355.49999999998784, 80.49999999999037, 242.99999999997246, -144.5, 86.75000000000355, -144.5, -144.5, 130.50000000001262, 918.0000000000091, -144.5, -144.5, -144.5, -144.5, -144.5, 118.00000000001398, -144.5, 386.7499999999983, 130.50000000001262, -82.0000000000195, -69.50000000002088, -144.5, -144.5, -144.5, -144.5, 180.5000000000071, -144.5, -144.5, -144.5, -144.5, -144.5, -144.5, 480.5000000000018, -144.5, -144.5, -144.5, -144.5, -144.5, 874.2500000000001, -144.5, -144.5, -144.5, -144.5, -144.5, -144.5, -144.5, -144.5, -144.5, 80.50000000001812, 261.75000000001205, -144.5, 367.99999999998647, -144.5, -144.5, 730.500000000002, -144.5, -144.5, 661.7500000000235, -144.5, 130.49999999998485, 536.7499999999817, -144.5, -144.5, -144.5, -144.5, -144.5, -144.5, -144.5, -144.5, -144.5, -144.5, 905.5000000000106, -144.5, -144.5, -144.5, -144.5, -144.5, -144.5, -144.5, -144.5, -144.5, -144.5, 286.75000000000927, -144.5, -144.5, -7.0, -144.5, 430.4999999999796, -144.5, -144.5, 142.9999999999835, -144.5, 399.2499999999969, 205.50000000000435, -144.5, 830.499999999991]
Daily Returns: [0, 0, 0, 0, 598.5000000000007, 505.4999999999991, 0, 0, 0, 0, 0, -144.5, 0, 0, 0, 0, -144.5, 0, 0, 0, 0, 0, 486.750000000015, 0, 0, 0, 0, 0, -144.5, 0, -144.5, 0, 0, 0, 0, 0, -144.5, 0, -144.5, 0, 0, -144.5, 0, 0, 0, 355.49999999998784, 0, 0, 0, 0, 80.49999999999037, 242.99999999997246, 0, 0, 0, -144.5, 0, 0, 0, 0, 0, 0, 0, 0, 0, 0, 0, 0, 0, 0, 0, 0, 0, 0, 0, 0, 86.75000000000355, 0, 0, 0, -144.5, 0, 0, 0, -144.5, 0, 0, 0, 0, 0, 130.50000000001262, 0, 0, 918.0000000000091, 0, 0, 0, 0, 0, 0, 0, 0, 0, 0, 0, 0, 0, 0, 0, 0, 0, 0, 0, -144.5, 0, 0, 0, 0, 0, 0, -144.5, 0, 0, 0, 0, -289.0, 0, 0, 0, -144.5, 118.00000000001398, 0, 242.2499999999983, 0, 0, 0, 0, 0, 0, 0, 0, 0, 0, 0, 0, 0, 0, 0, 0, 0, 0, 0, 0, 0, 0, 0, 0, 0, 48.49999999999312, -69.50000000002088, 0, 0, 0, 0, 0, 0, -144.5, 0, 0, 0, 0, 0, 0, 0, 0, 0, 0, -144.5, 0, 0, 0, 0, 0, -144.5, -144.5, 0, 180.5000000000071, 0, -144.5, 0, 0, -144.5, 0, 0, 0, -144.5, 0, 0, 0, 0, -144.5, -144.5, 0, 0, 0, 0, 0, 0, 0, 0, 0, 0, -144.5, 0, 0, 0, 0, 0, 480.5000000000018, -144.5, 0, 0, 0, 0, 0, -144.5, 0, 0, 0, 0, -144.5, 0, 0, 0, 0, 0, 0, -144.5, 0, 0, 0, 0, 0, 0, -144.5, 0, 0, 0, 0, 0, 729.7500000000001, 0, 0, 0, 0, 0, 0, 0, 0, 0, 0, 0, 0, -433.5, 0, 0, 0, -144.5, 0, 0, 0, 0, 0, 0, 0, 0, -144.5, 0, -289.0, 0, -63.99999999998188, 0, 0, 0, 0, 0, 0, 0, 0, 0, 261.75000000001205, 0, -144.5, 0, 0, 0, 0, 367.99999999998647, -144.5, 0, 0, 0, 0, 0, 0, 0, 0, 0, 0, 0, -144.5, 0, 0, 0, 0, 0, 586.000000000002, 0, 0, 0, 0, -144.5, 0, 0, 0, 0, 0, 0, 661.7500000000235, 0, 0, 0, -144.5, 0, 0, 0, 130.49999999998485, 0, 0, 0, 536.7499999999817, 0, -144.5, 0, 0, 0, 0, 0, 0, 0, -289.0, -433.5, 0, 0, 0, 0, 0, -144.5, 0, 0, -144.5, 0, -289.0, 0, 0, 0, 0, 0, 0, 0, 0, 0, 0, 0, 761.0000000000106, 0, 0, 0, 0, 0, 0, 0, 0, 0, 0, 0, -144.5, 0, 0, 0, 0, 0, 0, -144.5, 0, 0, 0, 0, -144.5, 0, 0, 0, 0, 0, 0, -144.5, 0, -144.5, -144.5, 0, 0, -144.5, 0, 0, -144.5, 0, -144.5, 0, 0, 0, 286.75000000000927, 0, 0, -144.5, 0, 0, -144.5, 0, 0, 0, 0, -7.0, -144.5, 0, 430.4999999999796, 0, 0, 0, 0, 0, 0, 0, -144.5, 0, 0, 0, 0, -144.5, 0, 0, -1.500000000016513, 0, 0, 0, 0, 0, 0, 0, 0, 0, 399.2499999999969, 0, 0, 0, 0, 0, 0, 0, 0, 0, 0, 205.50000000000435, -144.5, 830.499999999991, 0, 0, 0, 0, 0, 0]
Sharpe Ratio: 0.014
Annualized Sharpe: 0.22
Sharpe 95% CI: (np.float64(-1.386), np.float64(1.496))
Daily Win Rate (%): 30.0
Max Drawdown: -2551.5
Profit Factor: 1.085
Expectancy: 1.748
Trades Per Month (Global): 18.916666666666668
Total Days: 480



Rolling 5 - Variant 4 - 20_20 - Fit Metrics
Trade Returns: [-144.5, 1774.249999999998, 1886.7499999999995, -144.5, 24.249999999996557, -144.5, -144.5, -144.5, -144.5, -144.5, -144.5, 230.5000000000016, -144.5, -144.5, -144.5, -144.5, -144.5, -144.5, 205.4999999999766, -144.5, -144.5, -144.5, 592.9999999999894, -144.5, -144.5, -144.5, -144.5, -144.5, -144.5, -144.5, 86.75000000000355, -144.5, -144.5, -144.5, -144.5, 693.0000000000061, -144.5, 143.00000000001123, 205.50000000000435, -144.5, -144.5, -144.5, 293.00000000002245, -144.5, -144.5, -144.5, -144.5, -144.5, -144.5, -144.5, 80.50000000001812, -144.5, -144.5, -144.5, -7.0, 1217.9999999999761, -144.5, -144.5, -144.5, -7.0, -144.5, -144.5, 124.24999999999943, 1243.0000000000011, -144.5, 511.7500000000123, -144.5, 392.9999999999837, -144.5, -144.5, -144.5, -144.5, -144.5, 292.9999999999947, -144.5, 355.5000000000156, -144.5, -144.5, -144.5, -144.5, -144.5, -144.5, -144.5, -144.5, -144.5, -13.25000000001319, -144.5, -144.5, -144.5, 243.00000000000023, 430.50000000000733, 205.4999999999766, -144.5, 180.49999999997934, -144.5, -144.5, -144.5, -144.5, 267.99999999999744, -144.5, -144.5, 1280.499999999997, -144.5, -144.5, 392.9999999999837, 30.49999999999587, 292.9999999999947, -144.5, -144.5, -144.5, -144.5, -144.5, -144.5, -144.5, 180.5000000000071, -7.0, 255.49999999999886, 105.50000000001536, 30.49999999999587, -144.5, -144.5, 743.0000000000007, -144.5, 505.4999999999991, -144.5, -144.5, 486.750000000015, -144.5, -144.5, -144.5, -144.5, -144.5, 355.49999999998784, 80.49999999999037, 242.99999999997246, -144.5, 86.75000000000355, -144.5, -144.5, 130.50000000001262, 918.0000000000091, -144.5, -144.5, -144.5, -144.5, -144.5, 118.00000000001398, -144.5, 386.7499999999983, 130.50000000001262, -82.0000000000195, -69.50000000002088, -144.5, -144.5, -144.5, -144.5, 180.5000000000071, -144.5, -144.5, -144.5, -144.5, -144.5, -144.5, 480.5000000000018, -144.5, -144.5, -144.5, -144.5, -144.5, 874.2500000000001, -144.5, -144.5, -144.5, -144.5, -144.5, -144.5, -144.5, -144.5, -144.5, 80.50000000001812, 261.75000000001205, -144.5, 367.99999999998647, -144.5, -144.5, 730.500000000002, -144.5, -144.5, 661.7500000000235, -144.5, 130.49999999998485, 536.7499999999817, -144.5, -144.5, -144.5, -144.5, -144.5, -144.5, -144.5, -144.5, -144.5, -144.5, 905.5000000000106, -144.5, -144.5, -144.5, -144.5, -144.5, -144.5, -144.5, -144.5, -144.5, -144.5, 286.75000000000927, -144.5, -144.5, -7.0, -144.5, 430.4999999999796, -144.5, -144.5, 142.9999999999835, -144.5, 399.2499999999969, 205.50000000000435, -144.5, 830.499999999991]
Daily Returns: [-144.5, 0, 0, 0, 0, 0, 1774.249999999998, 0, 0, 0, 0, 0, 0, 1742.2499999999995, 0, 0, 0, 0, 0, 24.249999999996557, 0, 0, 0, 0, -144.5, 0, 0, 0, 0, 0, 0, 0, 0, 0, 0, 0, 0, 0, 0, 0, 0, -144.5, 0, 0, 0, 0, 0, -144.5, 0, 0, 0, 0, 0, -144.5, -144.5, 0, 0, 0, 0, 0, 0, 0, 0, 0, 0, 0, 0, -144.5, 0, 0, 230.5000000000016, 0, -144.5, 0, 0, 0, -144.5, 0, 0, 0, 0, -144.5, 0, 0, 0, 0, 0, 0, 0, -144.5, 0, -144.5, 0, -144.5, 0, 0, 0, 205.4999999999766, 0, 0, 0, 0, 0, -144.5, 0, -144.5, 0, 0, 0, 0, 0, 0, -144.5, 0, 592.9999999999894, -144.5, 0, 0, 0, 0, 0, 0, 0, 0, 0, -144.5, -144.5, 0, 0, -144.5, -144.5, 0, 0, -144.5, 0, -144.5, 0, 0, 0, 0, 0, 86.75000000000355, 0, 0, 0, 0, -144.5, 0, 0, 0, 0, 0, 0, -289.0, 0, 0, 0, -144.5, 0, 693.0000000000061, 0, -144.5, 0, 0, 0, 143.00000000001123, 0, 0, 0, 205.50000000000435, 0, -144.5, 0, 0, 0, -144.5, 0, 0, 0, -144.5, 293.00000000002245, 0, 0, -289.0, 0, 0, 0, 0, 0, 0, 0, 0, -144.5, 0, 0, 0, 0, 0, 0, 0, 0, 0, 0, -144.5, 0, -144.5, 0, 0, 0, 0, -144.5, 0, 0, 0, 0, 0, 0, 0, 0, 0, 0, 0, 0, -144.5, 0, 0, 0, 80.50000000001812, 0, 0, 0, 0, -144.5, 0, 0, -289.0, 0, -7.0, 0, 0, 0, 0, 0, 0, 0, 0, 1217.9999999999761, 0, 0, 0, 0, 0, -144.5, 0, 0, 0, 0, 0, 0, 0, 0, -144.5, 0, 0, -151.5, 0, 0, -144.5, 0, 0, 0, 0, 0, 0, -144.5, 0, 0, 0, 0, 0, 124.24999999999943, 0, 0, 1098.5000000000011, 0, 0, 0, 0, 0, 0, 0, 0, 511.7500000000123, 0, 0, 0, 0, 103.99999999998369, 0, -144.5, 0, 0, 0, 0, 0, 0, 0, 0, 0, 0, 0, 0, 0, -144.5, 0, 0, 0, 0, 0, 0, 0, 0, 0, -144.5, 148.4999999999947, 0, 0, -144.5, 0, 355.5000000000156, -144.5, 0, 0, 0, -144.5, 0, -144.5, -144.5, 0, 0, 0, 0, -144.5, 0, 0, 0, -289.0, 0, 0, 0, 0, 0, 0, 0, 0, 0, 0, 0, 0, 0, -144.5, -144.5, 0, 0, 0, 0, 0, 0, 0, 0, -13.25000000001319, 0, -144.5, 0, 0, 0, 0, 0, 0, 0, 0, 0, 0, 0, 0, 0, 0, 0, -144.5, 0, 0, 0, 0, 0, 98.50000000000023, 0, 430.50000000000733, 0, 0, 241.49999999995595, 0, 0, 0, 0, 0, -144.5, -289.0, 123.49999999999744, -289.0, 0, 0, 0, 0, 0, 0, 1135.999999999997, -144.5, 0, 0, 0, 423.49999999997954, 292.9999999999947, 0, 0, -144.5, 0, 0, 0, 0, 0, 0, 0, 0, 0, 0, 0, 0, -144.5, 0, 0, 0, 0, 0, 0, 0, 0, 0, 0, 0, -144.5, -144.5, 0, 0, -144.5, 0, -144.5, -144.5, 0, 0, 0, 0, 0, 0, 0, 0, 0, 0, 180.5000000000071, 0, 0, 0, 0, 0, 0, 0, 0, 0, 0, 0, 0, -7.0, 361.0000000000142, 0, 30.49999999999587, -289.0, 0, 0]
Sharpe Ratio: 0.023
Annualized Sharpe: 0.368
Sharpe 95% CI: (np.float64(-1.419), np.float64(1.455))
Daily Win Rate (%): 28.71
Max Drawdown: -3256.25
Profit Factor: 1.176
Expectancy: 3.972
Trades Per Month (Global): 18.916666666666668
Total Days: 487

Rolling 5 - Variant 4 - 20_20 - Test Metrics
Trade Returns: [-144.5, 1774.249999999998, 1886.7499999999995, -144.5, 24.249999999996557, -144.5, -144.5, -144.5, -144.5, -144.5, -144.5, 230.5000000000016, -144.5, -144.5, -144.5, -144.5, -144.5, -144.5, 205.4999999999766, -144.5, -144.5, -144.5, 592.9999999999894, -144.5, -144.5, -144.5, -144.5, -144.5, -144.5, -144.5, 86.75000000000355, -144.5, -144.5, -144.5, -144.5, 693.0000000000061, -144.5, 143.00000000001123, 205.50000000000435, -144.5, -144.5, -144.5, 293.00000000002245, -144.5, -144.5, -144.5, -144.5, -144.5, -144.5, -144.5, 80.50000000001812, -144.5, -144.5, -144.5, -7.0, 1217.9999999999761, -144.5, -144.5, -144.5, -7.0, -144.5, -144.5, 124.24999999999943, 1243.0000000000011, -144.5, 511.7500000000123, -144.5, 392.9999999999837, -144.5, -144.5, -144.5, -144.5, -144.5, 292.9999999999947, -144.5, 355.5000000000156, -144.5, -144.5, -144.5, -144.5, -144.5, -144.5, -144.5, -144.5, -144.5, -13.25000000001319, -144.5, -144.5, -144.5, 243.00000000000023, 430.50000000000733, 205.4999999999766, -144.5, 180.49999999997934, -144.5, -144.5, -144.5, -144.5, 267.99999999999744, -144.5, -144.5, 1280.499999999997, -144.5, -144.5, 392.9999999999837, 30.49999999999587, 292.9999999999947, -144.5, -144.5, -144.5, -144.5, -144.5, -144.5, -144.5, 180.5000000000071, -7.0, 255.49999999999886, 105.50000000001536, 30.49999999999587, -144.5, -144.5, 743.0000000000007, -144.5, 505.4999999999991, -144.5, -144.5, 486.750000000015, -144.5, -144.5, -144.5, -144.5, -144.5, 355.49999999998784, 80.49999999999037, 242.99999999997246, -144.5, 86.75000000000355, -144.5, -144.5, 130.50000000001262, 918.0000000000091, -144.5, -144.5, -144.5, -144.5, -144.5, 118.00000000001398, -144.5, 386.7499999999983, 130.50000000001262, -82.0000000000195, -69.50000000002088, -144.5, -144.5, -144.5, -144.5, 180.5000000000071, -144.5, -144.5, -144.5, -144.5, -144.5, -144.5, 480.5000000000018, -144.5, -144.5, -144.5, -144.5, -144.5, 874.2500000000001, -144.5, -144.5, -144.5, -144.5, -144.5, -144.5, -144.5, -144.5, -144.5, 80.50000000001812, 261.75000000001205, -144.5, 367.99999999998647, -144.5, -144.5, 730.500000000002, -144.5, -144.5, 661.7500000000235, -144.5, 130.49999999998485, 536.7499999999817, -144.5, -144.5, -144.5, -144.5, -144.5, -144.5, -144.5, -144.5, -144.5, -144.5, 905.5000000000106, -144.5, -144.5, -144.5, -144.5, -144.5, -144.5, -144.5, -144.5, -144.5, -144.5, 286.75000000000927, -144.5, -144.5, -7.0, -144.5, 430.4999999999796, -144.5, -144.5, 142.9999999999835, -144.5, 399.2499999999969, 205.50000000000435, -144.5, 830.499999999991]
Daily Returns: [0, 0, 0, 0, 598.5000000000007, 505.4999999999991, 0, 0, 0, 0, 0, -144.5, 0, 0, 0, 0, -144.5, 0, 0, 0, 0, 0, 486.750000000015, 0, 0, 0, 0, 0, -144.5, 0, -144.5, 0, 0, 0, 0, 0, -144.5, 0, -144.5, 0, 0, -144.5, 0, 0, 0, 355.49999999998784, 0, 0, 0, 0, 80.49999999999037, 242.99999999997246, 0, 0, 0, -144.5, 0, 0, 0, 0, 0, 0, 0, 0, 0, 0, 0, 0, 0, 0, 0, 0, 0, 0, 0, 0, 86.75000000000355, 0, 0, 0, -144.5, 0, 0, 0, -144.5, 0, 0, 0, 0, 0, 130.50000000001262, 0, 0, 918.0000000000091, 0, 0, 0, 0, 0, 0, 0, 0, 0, 0, 0, 0, 0, 0, 0, 0, 0, 0, 0, -144.5, 0, 0, 0, 0, 0, 0, -144.5, 0, 0, 0, 0, -289.0, 0, 0, 0, -144.5, 118.00000000001398, 0, 242.2499999999983, 0, 0, 0, 0, 0, 0, 0, 0, 0, 0, 0, 0, 0, 0, 0, 0, 0, 0, 0, 0, 0, 0, 0, 0, 0, 48.49999999999312, -69.50000000002088, 0, 0, 0, 0, 0, 0, -144.5, 0, 0, 0, 0, 0, 0, 0, 0, 0, 0, -144.5, 0, 0, 0, 0, 0, -144.5, -144.5, 0, 180.5000000000071, 0, -144.5, 0, 0, -144.5, 0, 0, 0, -144.5, 0, 0, 0, 0, -144.5, -144.5, 0, 0, 0, 0, 0, 0, 0, 0, 0, 0, -144.5, 0, 0, 0, 0, 0, 480.5000000000018, -144.5, 0, 0, 0, 0, 0, -144.5, 0, 0, 0, 0, -144.5, 0, 0, 0, 0, 0, 0, -144.5, 0, 0, 0, 0, 0, 0, -144.5, 0, 0, 0, 0, 0, 729.7500000000001, 0, 0, 0, 0, 0, 0, 0, 0, 0, 0, 0, 0, -433.5, 0, 0, 0, -144.5, 0, 0, 0, 0, 0, 0, 0, 0, -144.5, 0, -289.0, 0, -63.99999999998188, 0, 0, 0, 0, 0, 0, 0, 0, 0, 261.75000000001205, 0, -144.5, 0, 0, 0, 0, 367.99999999998647, -144.5, 0, 0, 0, 0, 0, 0, 0, 0, 0, 0, 0, -144.5, 0, 0, 0, 0, 0, 586.000000000002, 0, 0, 0, 0, -144.5, 0, 0, 0, 0, 0, 0, 661.7500000000235, 0, 0, 0, -144.5, 0, 0, 0, 130.49999999998485, 0, 0, 0, 536.7499999999817, 0, -144.5, 0, 0, 0, 0, 0, 0, 0, -289.0, -433.5, 0, 0, 0, 0, 0, -144.5, 0, 0, -144.5, 0, -289.0, 0, 0, 0, 0, 0, 0, 0, 0, 0, 0, 0, 761.0000000000106, 0, 0, 0, 0, 0, 0, 0, 0, 0, 0, 0, -144.5, 0, 0, 0, 0, 0, 0, -144.5, 0, 0, 0, 0, -144.5, 0, 0, 0, 0, 0, 0, -144.5, 0, -144.5, -144.5, 0, 0, -144.5, 0, 0, -144.5, 0, -144.5, 0, 0, 0, 286.75000000000927, 0, 0, -144.5, 0, 0, -144.5, 0, 0, 0, 0, -7.0, -144.5, 0, 430.4999999999796, 0, 0, 0, 0, 0, 0, 0, -144.5, 0, 0, 0, 0, -144.5, 0, 0, -1.500000000016513, 0, 0, 0, 0, 0, 0, 0, 0, 0, 399.2499999999969, 0, 0, 0, 0, 0, 0, 0, 0, 0, 0, 205.50000000000435, -144.5, 830.499999999991, 0, 0, 0, 0, 0, 0]
Sharpe Ratio: 0.014
Annualized Sharpe: 0.22
Sharpe 95% CI: (np.float64(-1.386), np.float64(1.496))
Daily Win Rate (%): 30.0
Max Drawdown: -2551.5
Profit Factor: 1.085
Expectancy: 1.748
Trades Per Month (Global): 18.916666666666668
Total Days: 480



Rolling 6 - Variant 0 - 10_7 - Fit Metrics
Trade Returns: [-151.5, 861, 861, -151.5, -151.5, -151.5, 861, -151.5, -151.5, -151.5, -151.5, 861, -151.5, -151.5, -151.5, -151.5, -151.5, -151.5, -151.5, -151.5, -151.5, -151.5, 861, -151.5, -151.5, -151.5, -151.5, -151.5, -151.5, -151.5, 173.5000000000071, 861, -151.5, -151.5, -151.5, 861, -151.5, -151.5, 411.0000000000087, -151.5, -151.5, -151.5, 861, -151.5, -151.5, -151.5, -151.5, -151.5, -151.5, -151.5, -151.5, -151.5, -151.5, -151.5, -14.0, 861, -151.5, -151.5, -151.5, -14.0, -151.5, -151.5, 248.49999999999886, -151.5, -151.5, -151.5, -151.5, -151.5, -151.5, -151.5, -151.5, -151.5, -151.5, 585.9999999999894, -151.5, 711.0000000000312, -151.5, -151.5, -151.5, -151.5, -151.5, -151.5, -151.5, 861, -151.5, -26.50000000002638, -151.5, -151.5, -151.5, 861, -151.5, 410.9999999999532, -151.5, 360.9999999999587, 861, -151.5, -151.5, -151.5, 535.9999999999949, -151.5, -151.5, -151.5, -151.5, -151.5, 861, 60.99999999999174, 861, -151.5, -151.5, -151.5, -151.5, -151.5, -151.5, -151.5, 361.0000000000142, -14.0, 861, 211.00000000003072, 60.99999999999174, -151.5, -151.5, 861, -151.5, -151.5, -151.5, -151.5, 861, -151.5, -151.5, -151.5, -151.5, -151.5, 861, -151.5, 485.9999999999449, -151.5, -151.5, -151.5, -151.5, 261.00000000002524, 861, -151.5, -151.5, -151.5, -151.5, -151.5, 236.00000000002797, -151.5, -151.5, 261.00000000002524, -151.5, -151.5, -151.5, -151.5, -151.5, -151.5, 861, -151.5, -151.5, -151.5, -151.5, -151.5, -151.5, 861, -151.5, -151.5, -151.5, -151.5, -151.5, 861, -151.5, -151.5, -151.5, -151.5, 861, -151.5, -151.5, -151.5, 861, 161.00000000003624, -151.5, -151.5, 861, -151.5, 861, 861, -151.5, -151.5, 861, -151.5, 861, 861, -151.5, -151.5, -151.5, 861, -151.5, -151.5, -151.5, -151.5, 861, -151.5, 861, -151.5, -151.5, -151.5, -151.5, -151.5, -151.5, -151.5, -151.5, -151.5, -151.5, 573.5000000000185, -151.5, -151.5, -151.5, -151.5, 861, -151.5, -151.5, 861, -151.5, 861, 861, -151.5, 861]
Daily Returns: [-151.5, 0, 0, 0, 0, 0, 861, 0, 0, 0, 0, 0, 0, 709.5, 0, 0, 0, 0, 0, -151.5, 0, 0, 0, 0, -151.5, 0, 0, 0, 0, 0, 0, 0, 0, 0, 0, 0, 0, 0, 0, 0, 0, 861, 0, 0, 0, 0, 0, -151.5, 0, 0, 0, 0, 0, -151.5, -151.5, 0, 0, 0, 0, 0, 0, 0, 0, 0, 0, 0, 0, -151.5, 0, 0, 861, 0, -151.5, 0, 0, 0, -151.5, 0, 0, 0, 0, -151.5, 0, 0, 0, 0, 0, 0, 0, -151.5, 0, -151.5, 0, -151.5, 0, 0, 0, -151.5, 0, 0, 0, 0, 0, -151.5, 0, -151.5, 0, 0, 0, 0, 0, 0, -151.5, 0, 861, -151.5, 0, 0, 0, 0, 0, 0, 0, 0, 0, -151.5, -151.5, 0, 0, -151.5, -151.5, 0, 0, -151.5, 0, -151.5, 0, 0, 0, 0, 0, 173.5000000000071, 0, 0, 0, 0, 861, 0, 0, 0, 0, 0, 0, -303.0, 0, 0, 0, -151.5, 0, 861, 0, -151.5, 0, 0, 0, -151.5, 0, 0, 0, 411.0000000000087, 0, -151.5, 0, 0, 0, -151.5, 0, 0, 0, -151.5, 861, 0, 0, -303.0, 0, 0, 0, 0, 0, 0, 0, 0, -151.5, 0, 0, 0, 0, 0, 0, 0, 0, 0, 0, -151.5, 0, -151.5, 0, 0, 0, 0, -151.5, 0, 0, 0, 0, 0, 0, 0, 0, 0, 0, 0, 0, -151.5, 0, 0, 0, -151.5, 0, 0, 0, 0, -151.5, 0, 0, -303.0, 0, -14.0, 0, 0, 0, 0, 0, 0, 0, 0, 861, 0, 0, 0, 0, 0, -151.5, 0, 0, 0, 0, 0, 0, 0, 0, -151.5, 0, 0, -165.5, 0, 0, -151.5, 0, 0, 0, 0, 0, 0, -151.5, 0, 0, 0, 0, 0, 248.49999999999886, 0, 0, -303.0, 0, 0, 0, 0, 0, 0, 0, 0, -151.5, 0, 0, 0, 0, -454.5, 0, -151.5, 0, 0, 0, 0, 0, 0, 0, 0, 0, 0, 0, 0, 0, -151.5, 0, 0, 0, 0, 0, 0, 0, 0, 0, -151.5, 434.4999999999894, 0, 0, -151.5, 0, 711.0000000000312, -151.5, 0, 0, 0, -151.5, 0, -151.5, -151.5, 0, 0, 0, 0, -151.5, 0, 0, 0, -303.0, 0, 0, 0, 0, 0, 0, 0, 0, 0, 0, 0, 0, 0, 861, -151.5, 0, 0, 0, 0, 0, 0, 0, 0, -26.50000000002638, 0, -151.5, 0, 0, 0, 0, 0, 0, 0, 0, 0, 0, 0, 0, 0, 0, 0, -151.5, 0, 0, 0, 0, 0, 709.5, 0, -151.5, 0, 0, 620.4999999999119, 0, 0, 0, 0, 0, 861, -303.0, 384.4999999999949, -303.0, 0, 0, 0, 0, 0, 0, -303.0, -151.5, 0, 0, 0, 921.9999999999917, 861, 0, 0, -151.5, 0, 0, 0, 0, 0, 0, 0, 0, 0, 0, 0, 0, -151.5, 0, 0, 0, 0, 0, 0, 0, 0, 0, 0, 0, -151.5, -151.5, 0, 0, -151.5, 0, -151.5, -151.5, 0, 0, 0, 0, 0, 0, 0, 0, 0, 0, 361.0000000000142, 0, 0, 0, 0, 0, 0, 0, 0, 0, 0, 0, 0, -14.0, 1072.0000000000307, 0, 60.99999999999174, -303.0, 0, 0, 0, 0, 0, 0, 709.5, -151.5, 0, 0, 0, 0, 0, -151.5, 0, 0, 0, 0, -151.5, 0, 0, 0, 0, 0, 861, 0, 0, 0, 0, 0, -151.5, 0, -151.5, 0, 0, 0, 0, 0, -151.5, 0, -151.5, 0, 0, -151.5, 0, 0, 0, 861, 0, 0, 0, 0, -151.5, 485.9999999999449, 0, 0, 0, -151.5, 0, 0, 0, 0, 0, 0, 0, 0, 0, 0, 0, 0, 0, 0, 0, 0, 0, 0, 0, 0, -151.5, 0, 0, 0]
Sharpe Ratio: 0.046
Annualized Sharpe: 0.727
Sharpe 95% CI: (np.float64(-0.583), np.float64(1.822))
Daily Win Rate (%): 24.14
Max Drawdown: -2772.5
Profit Factor: 1.314
Expectancy: 8.103
Trades Per Month (Global): 18.916666666666668
Total Days: 567

Rolling 6 - Variant 0 - 10_7 - Test Metrics
Trade Returns: [-151.5, 861, 861, -151.5, -151.5, -151.5, 861, -151.5, -151.5, -151.5, -151.5, 861, -151.5, -151.5, -151.5, -151.5, -151.5, -151.5, -151.5, -151.5, -151.5, -151.5, 861, -151.5, -151.5, -151.5, -151.5, -151.5, -151.5, -151.5, 173.5000000000071, 861, -151.5, -151.5, -151.5, 861, -151.5, -151.5, 411.0000000000087, -151.5, -151.5, -151.5, 861, -151.5, -151.5, -151.5, -151.5, -151.5, -151.5, -151.5, -151.5, -151.5, -151.5, -151.5, -14.0, 861, -151.5, -151.5, -151.5, -14.0, -151.5, -151.5, 248.49999999999886, -151.5, -151.5, -151.5, -151.5, -151.5, -151.5, -151.5, -151.5, -151.5, -151.5, 585.9999999999894, -151.5, 711.0000000000312, -151.5, -151.5, -151.5, -151.5, -151.5, -151.5, -151.5, 861, -151.5, -26.50000000002638, -151.5, -151.5, -151.5, 861, -151.5, 410.9999999999532, -151.5, 360.9999999999587, 861, -151.5, -151.5, -151.5, 535.9999999999949, -151.5, -151.5, -151.5, -151.5, -151.5, 861, 60.99999999999174, 861, -151.5, -151.5, -151.5, -151.5, -151.5, -151.5, -151.5, 361.0000000000142, -14.0, 861, 211.00000000003072, 60.99999999999174, -151.5, -151.5, 861, -151.5, -151.5, -151.5, -151.5, 861, -151.5, -151.5, -151.5, -151.5, -151.5, 861, -151.5, 485.9999999999449, -151.5, -151.5, -151.5, -151.5, 261.00000000002524, 861, -151.5, -151.5, -151.5, -151.5, -151.5, 236.00000000002797, -151.5, -151.5, 261.00000000002524, -151.5, -151.5, -151.5, -151.5, -151.5, -151.5, 861, -151.5, -151.5, -151.5, -151.5, -151.5, -151.5, 861, -151.5, -151.5, -151.5, -151.5, -151.5, 861, -151.5, -151.5, -151.5, -151.5, 861, -151.5, -151.5, -151.5, 861, 161.00000000003624, -151.5, -151.5, 861, -151.5, 861, 861, -151.5, -151.5, 861, -151.5, 861, 861, -151.5, -151.5, -151.5, 861, -151.5, -151.5, -151.5, -151.5, 861, -151.5, 861, -151.5, -151.5, -151.5, -151.5, -151.5, -151.5, -151.5, -151.5, -151.5, -151.5, 573.5000000000185, -151.5, -151.5, -151.5, -151.5, 861, -151.5, -151.5, 861, -151.5, 861, 861, -151.5, 861]
Daily Returns: [-151.5, 0, 0, 0, -151.5, 0, 0, 0, 0, 0, 261.00000000002524, 0, 0, 861, 0, 0, 0, 0, 0, 0, 0, 0, 0, 0, 0, 0, 0, 0, 0, 0, 0, 0, 0, -151.5, 0, 0, 0, 0, 0, 0, -151.5, 0, 0, 0, 0, -303.0, 0, 0, 0, -151.5, 236.00000000002797, 0, -303.0, 0, 0, 0, 0, 0, 0, 0, 0, 0, 0, 0, 0, 0, 0, 0, 0, 0, 0, 0, 0, 0, 0, 0, 0, 0, 109.50000000002524, -151.5, 0, 0, 0, 0, 0, 0, -151.5, 0, 0, 0, 0, 0, 0, 0, 0, 0, 0, -151.5, 0, 0, 0, 0, 0, -151.5, -151.5, 0, 861, 0, -151.5, 0, 0, -151.5, 0, 0, 0, -151.5, 0, 0, 0, 0, -151.5, -151.5, 0, 0, 0, 0, 0, 0, 0, 0, 0, 0, -151.5, 0, 0, 0, 0, 0, 861, -151.5, 0, 0, 0, 0, 0, -151.5, 0, 0, 0, 0, -151.5, 0, 0, 0, 0, 0, 0, -151.5, 0, 0, 0, 0, 0, 0, -151.5, 0, 0, 0, 0, 0, 709.5, 0, 0, 0, 0, 0, 0, 0, 0, 0, 0, 0, 0, -454.5, 0, 0, 0, 861, 0, 0, 0, 0, 0, 0, 0, 0, -151.5, 0, -303.0, 0, 1022.0000000000363, 0, 0, 0, 0, 0, 0, 0, 0, 0, -151.5, 0, -151.5, 0, 0, 0, 0, 861, -151.5, 0, 0, 0, 0, 0, 0, 0, 0, 0, 0, 0, 861, 0, 0, 0, 0, 0, 709.5, 0, 0, 0, 0, -151.5, 0, 0, 0, 0, 0, 0, 861, 0, 0, 0, -151.5, 0, 0, 0, 861, 0, 0, 0, 861, 0, -151.5, 0, 0, 0, 0, 0, 0, 0, -303.0, 558.0, 0, 0, 0, 0, 0, -151.5, 0, 0, -151.5, 0, 709.5, 0, 0, 0, 0, 0, 0, 0, 0, 0, 0, 0, 709.5, 0, 0, 0, 0, 0, 0, 0, 0, 0, 0, 0, -151.5, 0, 0, 0, 0, 0, 0, -151.5, 0, 0, 0, 0, -151.5, 0, 0, 0, 0, 0, 0, -151.5, 0, -151.5, -151.5, 0, 0, -151.5, 0, 0, -151.5, 0, -151.5, 0, 0, 0, 573.5000000000185, 0, 0, -151.5, 0, 0, -151.5, 0, 0, 0, 0, -151.5, -151.5, 0, 861, 0, 0, 0, 0, 0, 0, 0, -151.5, 0, 0, 0, 0, -151.5, 0, 0, 709.5, 0, 0, 0, 0, 0, 0, 0, 0, 0, 861, 0, 0, 0, 0, 0, 0, 0, 0, 0, 0, 861, -151.5, 861, 0, 0, 0, 0, 0, 0]
Sharpe Ratio: 0.113
Annualized Sharpe: 1.79
Sharpe 95% CI: (np.float64(0.399), np.float64(2.957))
Daily Win Rate (%): 32.0
Max Drawdown: -1520.5
Profit Factor: 2.027
Expectancy: 22.163
Trades Per Month (Global): 18.916666666666668
Total Days: 400



Rolling 6 - Variant 1 - 10_20 - Fit Metrics
Trade Returns: [-151.5, 2486, 2486, -151.5, -151.5, -151.5, -151.5, -151.5, -151.5, -151.5, -151.5, 461.0000000000032, -151.5, -151.5, -151.5, -151.5, -151.5, -151.5, -151.5, -151.5, -151.5, -151.5, 1185.9999999999789, -151.5, -151.5, -151.5, -151.5, -151.5, -151.5, -151.5, 173.5000000000071, -151.5, -151.5, -151.5, -151.5, 1386.0000000000123, -151.5, -151.5, 411.0000000000087, -151.5, -151.5, -151.5, 586.0000000000449, -151.5, -151.5, -151.5, -151.5, -151.5, -151.5, -151.5, -151.5, -151.5, -151.5, -151.5, -14.0, 2486, -151.5, -151.5, -151.5, -14.0, -151.5, -151.5, 248.49999999999886, -151.5, -151.5, -151.5, -151.5, -151.5, -151.5, -151.5, -151.5, -151.5, -151.5, 585.9999999999894, -151.5, 711.0000000000312, -151.5, -151.5, -151.5, -151.5, -151.5, -151.5, -151.5, -151.5, -151.5, -26.50000000002638, -151.5, -151.5, -151.5, 486.00000000000045, -151.5, 410.9999999999532, -151.5, 360.9999999999587, -151.5, -151.5, -151.5, -151.5, 535.9999999999949, -151.5, -151.5, -151.5, -151.5, -151.5, 785.9999999999674, 60.99999999999174, 585.9999999999894, -151.5, -151.5, -151.5, -151.5, -151.5, -151.5, -151.5, 361.0000000000142, -14.0, 510.9999999999977, 211.00000000003072, 60.99999999999174, -151.5, -151.5, 1486.0000000000014, -151.5, -151.5, -151.5, -151.5, 973.50000000003, -151.5, -151.5, -151.5, -151.5, -151.5, 710.9999999999757, -151.5, 485.9999999999449, -151.5, -151.5, -151.5, -151.5, 261.00000000002524, 1836.0000000000182, -151.5, -151.5, -151.5, -151.5, -151.5, 236.00000000002797, -151.5, -151.5, 261.00000000002524, -151.5, -151.5, -151.5, -151.5, -151.5, -151.5, 361.0000000000142, -151.5, -151.5, -151.5, -151.5, -151.5, -151.5, -151.5, -151.5, -151.5, -151.5, -151.5, -151.5, 2486, -151.5, -151.5, -151.5, -151.5, -151.5, -151.5, -151.5, -151.5, -151.5, 161.00000000003624, -151.5, -151.5, 735.9999999999729, -151.5, -151.5, 1461.000000000004, -151.5, -151.5, 1323.500000000047, -151.5, 260.9999999999697, -151.5, -151.5, -151.5, -151.5, -151.5, -151.5, -151.5, -151.5, -151.5, -151.5, -151.5, 1811.0000000000211, -151.5, -151.5, -151.5, -151.5, -151.5, -151.5, -151.5, -151.5, -151.5, -151.5, 573.5000000000185, -151.5, -151.5, -151.5, -151.5, 860.9999999999592, -151.5, -151.5, 285.999999999967, -151.5, 798.4999999999937, 411.0000000000087, -151.5, 1660.999999999982]
Daily Returns: [-151.5, 0, 0, 0, 0, 0, 2486, 0, 0, 0, 0, 0, 0, 2334.5, 0, 0, 0, 0, 0, -151.5, 0, 0, 0, 0, -151.5, 0, 0, 0, 0, 0, 0, 0, 0, 0, 0, 0, 0, 0, 0, 0, 0, -151.5, 0, 0, 0, 0, 0, -151.5, 0, 0, 0, 0, 0, -151.5, -151.5, 0, 0, 0, 0, 0, 0, 0, 0, 0, 0, 0, 0, -151.5, 0, 0, 461.0000000000032, 0, -151.5, 0, 0, 0, -151.5, 0, 0, 0, 0, -151.5, 0, 0, 0, 0, 0, 0, 0, -151.5, 0, -151.5, 0, -151.5, 0, 0, 0, -151.5, 0, 0, 0, 0, 0, -151.5, 0, -151.5, 0, 0, 0, 0, 0, 0, -151.5, 0, 1185.9999999999789, -151.5, 0, 0, 0, 0, 0, 0, 0, 0, 0, -151.5, -151.5, 0, 0, -151.5, -151.5, 0, 0, -151.5, 0, -151.5, 0, 0, 0, 0, 0, 173.5000000000071, 0, 0, 0, 0, -151.5, 0, 0, 0, 0, 0, 0, -303.0, 0, 0, 0, -151.5, 0, 1386.0000000000123, 0, -151.5, 0, 0, 0, -151.5, 0, 0, 0, 411.0000000000087, 0, -151.5, 0, 0, 0, -151.5, 0, 0, 0, -151.5, 586.0000000000449, 0, 0, -303.0, 0, 0, 0, 0, 0, 0, 0, 0, -151.5, 0, 0, 0, 0, 0, 0, 0, 0, 0, 0, -151.5, 0, -151.5, 0, 0, 0, 0, -151.5, 0, 0, 0, 0, 0, 0, 0, 0, 0, 0, 0, 0, -151.5, 0, 0, 0, -151.5, 0, 0, 0, 0, -151.5, 0, 0, -303.0, 0, -14.0, 0, 0, 0, 0, 0, 0, 0, 0, 2486, 0, 0, 0, 0, 0, -151.5, 0, 0, 0, 0, 0, 0, 0, 0, -151.5, 0, 0, -165.5, 0, 0, -151.5, 0, 0, 0, 0, 0, 0, -151.5, 0, 0, 0, 0, 0, 248.49999999999886, 0, 0, -303.0, 0, 0, 0, 0, 0, 0, 0, 0, -151.5, 0, 0, 0, 0, -454.5, 0, -151.5, 0, 0, 0, 0, 0, 0, 0, 0, 0, 0, 0, 0, 0, -151.5, 0, 0, 0, 0, 0, 0, 0, 0, 0, -151.5, 434.4999999999894, 0, 0, -151.5, 0, 711.0000000000312, -151.5, 0, 0, 0, -151.5, 0, -151.5, -151.5, 0, 0, 0, 0, -151.5, 0, 0, 0, -303.0, 0, 0, 0, 0, 0, 0, 0, 0, 0, 0, 0, 0, 0, -151.5, -151.5, 0, 0, 0, 0, 0, 0, 0, 0, -26.50000000002638, 0, -151.5, 0, 0, 0, 0, 0, 0, 0, 0, 0, 0, 0, 0, 0, 0, 0, -151.5, 0, 0, 0, 0, 0, 334.50000000000045, 0, -151.5, 0, 0, 620.4999999999119, 0, 0, 0, 0, 0, -151.5, -303.0, 384.4999999999949, -303.0, 0, 0, 0, 0, 0, 0, -303.0, -151.5, 0, 0, 0, 846.9999999999591, 585.9999999999894, 0, 0, -151.5, 0, 0, 0, 0, 0, 0, 0, 0, 0, 0, 0, 0, -151.5, 0, 0, 0, 0, 0, 0, 0, 0, 0, 0, 0, -151.5, -151.5, 0, 0, -151.5, 0, -151.5, -151.5, 0, 0, 0, 0, 0, 0, 0, 0, 0, 0, 361.0000000000142, 0, 0, 0, 0, 0, 0, 0, 0, 0, 0, 0, 0, -14.0, 722.0000000000284, 0, 60.99999999999174, -303.0, 0, 0, 0, 0, 0, 0, 1334.5000000000014, -151.5, 0, 0, 0, 0, 0, -151.5, 0, 0, 0, 0, -151.5, 0, 0, 0, 0, 0, 973.50000000003, 0, 0, 0, 0, 0, -151.5, 0, -151.5, 0, 0, 0, 0, 0, -151.5, 0, -151.5, 0, 0, -151.5, 0, 0, 0, 710.9999999999757, 0, 0, 0, 0, -151.5, 485.9999999999449, 0, 0, 0, -151.5, 0, 0, 0, 0, 0, 0, 0, 0, 0, 0, 0, 0, 0, 0, 0, 0, 0, 0, 0, 0, -151.5, 0, 0, 0]
Sharpe Ratio: 0.038
Annualized Sharpe: 0.608
Sharpe 95% CI: (np.float64(-0.812), np.float64(1.576))
Daily Win Rate (%): 20.69
Max Drawdown: -2609.5
Profit Factor: 1.336
Expectancy: 9.007
Trades Per Month (Global): 18.916666666666668
Total Days: 567

Rolling 6 - Variant 1 - 10_20 - Test Metrics
Trade Returns: [-151.5, 2486, 2486, -151.5, -151.5, -151.5, -151.5, -151.5, -151.5, -151.5, -151.5, 461.0000000000032, -151.5, -151.5, -151.5, -151.5, -151.5, -151.5, -151.5, -151.5, -151.5, -151.5, 1185.9999999999789, -151.5, -151.5, -151.5, -151.5, -151.5, -151.5, -151.5, 173.5000000000071, -151.5, -151.5, -151.5, -151.5, 1386.0000000000123, -151.5, -151.5, 411.0000000000087, -151.5, -151.5, -151.5, 586.0000000000449, -151.5, -151.5, -151.5, -151.5, -151.5, -151.5, -151.5, -151.5, -151.5, -151.5, -151.5, -14.0, 2486, -151.5, -151.5, -151.5, -14.0, -151.5, -151.5, 248.49999999999886, -151.5, -151.5, -151.5, -151.5, -151.5, -151.5, -151.5, -151.5, -151.5, -151.5, 585.9999999999894, -151.5, 711.0000000000312, -151.5, -151.5, -151.5, -151.5, -151.5, -151.5, -151.5, -151.5, -151.5, -26.50000000002638, -151.5, -151.5, -151.5, 486.00000000000045, -151.5, 410.9999999999532, -151.5, 360.9999999999587, -151.5, -151.5, -151.5, -151.5, 535.9999999999949, -151.5, -151.5, -151.5, -151.5, -151.5, 785.9999999999674, 60.99999999999174, 585.9999999999894, -151.5, -151.5, -151.5, -151.5, -151.5, -151.5, -151.5, 361.0000000000142, -14.0, 510.9999999999977, 211.00000000003072, 60.99999999999174, -151.5, -151.5, 1486.0000000000014, -151.5, -151.5, -151.5, -151.5, 973.50000000003, -151.5, -151.5, -151.5, -151.5, -151.5, 710.9999999999757, -151.5, 485.9999999999449, -151.5, -151.5, -151.5, -151.5, 261.00000000002524, 1836.0000000000182, -151.5, -151.5, -151.5, -151.5, -151.5, 236.00000000002797, -151.5, -151.5, 261.00000000002524, -151.5, -151.5, -151.5, -151.5, -151.5, -151.5, 361.0000000000142, -151.5, -151.5, -151.5, -151.5, -151.5, -151.5, -151.5, -151.5, -151.5, -151.5, -151.5, -151.5, 2486, -151.5, -151.5, -151.5, -151.5, -151.5, -151.5, -151.5, -151.5, -151.5, 161.00000000003624, -151.5, -151.5, 735.9999999999729, -151.5, -151.5, 1461.000000000004, -151.5, -151.5, 1323.500000000047, -151.5, 260.9999999999697, -151.5, -151.5, -151.5, -151.5, -151.5, -151.5, -151.5, -151.5, -151.5, -151.5, -151.5, 1811.0000000000211, -151.5, -151.5, -151.5, -151.5, -151.5, -151.5, -151.5, -151.5, -151.5, -151.5, 573.5000000000185, -151.5, -151.5, -151.5, -151.5, 860.9999999999592, -151.5, -151.5, 285.999999999967, -151.5, 798.4999999999937, 411.0000000000087, -151.5, 1660.999999999982]
Daily Returns: [-151.5, 0, 0, 0, -151.5, 0, 0, 0, 0, 0, 261.00000000002524, 0, 0, 1836.0000000000182, 0, 0, 0, 0, 0, 0, 0, 0, 0, 0, 0, 0, 0, 0, 0, 0, 0, 0, 0, -151.5, 0, 0, 0, 0, 0, 0, -151.5, 0, 0, 0, 0, -303.0, 0, 0, 0, -151.5, 236.00000000002797, 0, -303.0, 0, 0, 0, 0, 0, 0, 0, 0, 0, 0, 0, 0, 0, 0, 0, 0, 0, 0, 0, 0, 0, 0, 0, 0, 0, 109.50000000002524, -151.5, 0, 0, 0, 0, 0, 0, -151.5, 0, 0, 0, 0, 0, 0, 0, 0, 0, 0, -151.5, 0, 0, 0, 0, 0, -151.5, -151.5, 0, 361.0000000000142, 0, -151.5, 0, 0, -151.5, 0, 0, 0, -151.5, 0, 0, 0, 0, -151.5, -151.5, 0, 0, 0, 0, 0, 0, 0, 0, 0, 0, -151.5, 0, 0, 0, 0, 0, -151.5, -151.5, 0, 0, 0, 0, 0, -151.5, 0, 0, 0, 0, -151.5, 0, 0, 0, 0, 0, 0, -151.5, 0, 0, 0, 0, 0, 0, -151.5, 0, 0, 0, 0, 0, 2334.5, 0, 0, 0, 0, 0, 0, 0, 0, 0, 0, 0, 0, -454.5, 0, 0, 0, -151.5, 0, 0, 0, 0, 0, 0, 0, 0, -151.5, 0, -303.0, 0, 9.500000000036238, 0, 0, 0, 0, 0, 0, 0, 0, 0, -151.5, 0, -151.5, 0, 0, 0, 0, 735.9999999999729, -151.5, 0, 0, 0, 0, 0, 0, 0, 0, 0, 0, 0, -151.5, 0, 0, 0, 0, 0, 1309.500000000004, 0, 0, 0, 0, -151.5, 0, 0, 0, 0, 0, 0, 1323.500000000047, 0, 0, 0, -151.5, 0, 0, 0, 260.9999999999697, 0, 0, 0, -151.5, 0, -151.5, 0, 0, 0, 0, 0, 0, 0, -303.0, -454.5, 0, 0, 0, 0, 0, -151.5, 0, 0, -151.5, 0, -303.0, 0, 0, 0, 0, 0, 0, 0, 0, 0, 0, 0, 1659.5000000000211, 0, 0, 0, 0, 0, 0, 0, 0, 0, 0, 0, -151.5, 0, 0, 0, 0, 0, 0, -151.5, 0, 0, 0, 0, -151.5, 0, 0, 0, 0, 0, 0, -151.5, 0, -151.5, -151.5, 0, 0, -151.5, 0, 0, -151.5, 0, -151.5, 0, 0, 0, 573.5000000000185, 0, 0, -151.5, 0, 0, -151.5, 0, 0, 0, 0, -151.5, -151.5, 0, 860.9999999999592, 0, 0, 0, 0, 0, 0, 0, -151.5, 0, 0, 0, 0, -151.5, 0, 0, 134.49999999996697, 0, 0, 0, 0, 0, 0, 0, 0, 0, 798.4999999999937, 0, 0, 0, 0, 0, 0, 0, 0, 0, 0, 411.0000000000087, -151.5, 1660.999999999982, 0, 0, 0, 0, 0, 0]
Sharpe Ratio: 0.051
Annualized Sharpe: 0.815
Sharpe 95% CI: (np.float64(-0.939), np.float64(1.925))
Daily Win Rate (%): 24.0
Max Drawdown: -2929.5
Profit Factor: 1.488
Expectancy: 12.194
Trades Per Month (Global): 18.916666666666668
Total Days: 400



Rolling 6 - Variant 2 - 10_8 - Fit Metrics
Trade Returns: [-151.5, 986, 986, -151.5, -151.5, -151.5, 986, -151.5, -151.5, -151.5, -151.5, 986, -151.5, -151.5, -151.5, -151.5, -151.5, -151.5, -151.5, -151.5, -151.5, -151.5, 986, -151.5, -151.5, -151.5, -151.5, -151.5, -151.5, -151.5, 173.5000000000071, -151.5, -151.5, -151.5, -151.5, 986, -151.5, -151.5, 411.0000000000087, -151.5, -151.5, -151.5, 986, -151.5, -151.5, -151.5, -151.5, -151.5, -151.5, -151.5, -151.5, -151.5, -151.5, -151.5, -14.0, 986, -151.5, -151.5, -151.5, -14.0, -151.5, -151.5, 248.49999999999886, -151.5, -151.5, -151.5, -151.5, -151.5, -151.5, -151.5, -151.5, -151.5, -151.5, 585.9999999999894, -151.5, 711.0000000000312, -151.5, -151.5, -151.5, -151.5, -151.5, -151.5, -151.5, 986, -151.5, -26.50000000002638, -151.5, -151.5, -151.5, 986, -151.5, 410.9999999999532, -151.5, 360.9999999999587, -151.5, -151.5, -151.5, -151.5, 535.9999999999949, -151.5, -151.5, -151.5, -151.5, -151.5, 785.9999999999674, 60.99999999999174, 585.9999999999894, -151.5, -151.5, -151.5, -151.5, -151.5, -151.5, -151.5, 361.0000000000142, -14.0, 510.9999999999977, 211.00000000003072, 60.99999999999174, -151.5, -151.5, 986, -151.5, -151.5, -151.5, -151.5, 986, -151.5, -151.5, -151.5, -151.5, -151.5, 986, -151.5, 485.9999999999449, -151.5, -151.5, -151.5, -151.5, 261.00000000002524, 986, -151.5, -151.5, -151.5, -151.5, -151.5, 236.00000000002797, -151.5, -151.5, 261.00000000002524, -151.5, -151.5, -151.5, -151.5, -151.5, -151.5, 986, -151.5, -151.5, -151.5, -151.5, -151.5, -151.5, -151.5, -151.5, -151.5, -151.5, -151.5, -151.5, 986, -151.5, -151.5, -151.5, -151.5, 986, -151.5, -151.5, -151.5, -151.5, 161.00000000003624, -151.5, -151.5, 986, -151.5, 986, 986, -151.5, -151.5, 986, -151.5, 986, -151.5, -151.5, -151.5, -151.5, 986, -151.5, -151.5, -151.5, -151.5, 986, -151.5, 986, -151.5, -151.5, -151.5, -151.5, -151.5, -151.5, -151.5, -151.5, -151.5, -151.5, 573.5000000000185, -151.5, -151.5, -151.5, -151.5, 986, -151.5, -151.5, 285.999999999967, -151.5, 798.4999999999937, 986, -151.5, 986]
Daily Returns: [-151.5, 0, 0, 0, 0, 0, 986, 0, 0, 0, 0, 0, 0, 834.5, 0, 0, 0, 0, 0, -151.5, 0, 0, 0, 0, -151.5, 0, 0, 0, 0, 0, 0, 0, 0, 0, 0, 0, 0, 0, 0, 0, 0, 986, 0, 0, 0, 0, 0, -151.5, 0, 0, 0, 0, 0, -151.5, -151.5, 0, 0, 0, 0, 0, 0, 0, 0, 0, 0, 0, 0, -151.5, 0, 0, 986, 0, -151.5, 0, 0, 0, -151.5, 0, 0, 0, 0, -151.5, 0, 0, 0, 0, 0, 0, 0, -151.5, 0, -151.5, 0, -151.5, 0, 0, 0, -151.5, 0, 0, 0, 0, 0, -151.5, 0, -151.5, 0, 0, 0, 0, 0, 0, -151.5, 0, 986, -151.5, 0, 0, 0, 0, 0, 0, 0, 0, 0, -151.5, -151.5, 0, 0, -151.5, -151.5, 0, 0, -151.5, 0, -151.5, 0, 0, 0, 0, 0, 173.5000000000071, 0, 0, 0, 0, -151.5, 0, 0, 0, 0, 0, 0, -303.0, 0, 0, 0, -151.5, 0, 986, 0, -151.5, 0, 0, 0, -151.5, 0, 0, 0, 411.0000000000087, 0, -151.5, 0, 0, 0, -151.5, 0, 0, 0, -151.5, 986, 0, 0, -303.0, 0, 0, 0, 0, 0, 0, 0, 0, -151.5, 0, 0, 0, 0, 0, 0, 0, 0, 0, 0, -151.5, 0, -151.5, 0, 0, 0, 0, -151.5, 0, 0, 0, 0, 0, 0, 0, 0, 0, 0, 0, 0, -151.5, 0, 0, 0, -151.5, 0, 0, 0, 0, -151.5, 0, 0, -303.0, 0, -14.0, 0, 0, 0, 0, 0, 0, 0, 0, 986, 0, 0, 0, 0, 0, -151.5, 0, 0, 0, 0, 0, 0, 0, 0, -151.5, 0, 0, -165.5, 0, 0, -151.5, 0, 0, 0, 0, 0, 0, -151.5, 0, 0, 0, 0, 0, 248.49999999999886, 0, 0, -303.0, 0, 0, 0, 0, 0, 0, 0, 0, -151.5, 0, 0, 0, 0, -454.5, 0, -151.5, 0, 0, 0, 0, 0, 0, 0, 0, 0, 0, 0, 0, 0, -151.5, 0, 0, 0, 0, 0, 0, 0, 0, 0, -151.5, 434.4999999999894, 0, 0, -151.5, 0, 711.0000000000312, -151.5, 0, 0, 0, -151.5, 0, -151.5, -151.5, 0, 0, 0, 0, -151.5, 0, 0, 0, -303.0, 0, 0, 0, 0, 0, 0, 0, 0, 0, 0, 0, 0, 0, 986, -151.5, 0, 0, 0, 0, 0, 0, 0, 0, -26.50000000002638, 0, -151.5, 0, 0, 0, 0, 0, 0, 0, 0, 0, 0, 0, 0, 0, 0, 0, -151.5, 0, 0, 0, 0, 0, 834.5, 0, -151.5, 0, 0, 620.4999999999119, 0, 0, 0, 0, 0, -151.5, -303.0, 384.4999999999949, -303.0, 0, 0, 0, 0, 0, 0, -303.0, -151.5, 0, 0, 0, 846.9999999999591, 585.9999999999894, 0, 0, -151.5, 0, 0, 0, 0, 0, 0, 0, 0, 0, 0, 0, 0, -151.5, 0, 0, 0, 0, 0, 0, 0, 0, 0, 0, 0, -151.5, -151.5, 0, 0, -151.5, 0, -151.5, -151.5, 0, 0, 0, 0, 0, 0, 0, 0, 0, 0, 361.0000000000142, 0, 0, 0, 0, 0, 0, 0, 0, 0, 0, 0, 0, -14.0, 722.0000000000284, 0, 60.99999999999174, -303.0, 0, 0, 0, 0, 0, 0, 834.5, -151.5, 0, 0, 0, 0, 0, -151.5, 0, 0, 0, 0, -151.5, 0, 0, 0, 0, 0, 986, 0, 0, 0, 0, 0, -151.5, 0, -151.5, 0, 0, 0, 0, 0, -151.5, 0, -151.5, 0, 0, -151.5, 0, 0, 0, 986, 0, 0, 0, 0, -151.5, 485.9999999999449, 0, 0, 0, -151.5, 0, 0, 0, 0, 0, 0, 0, 0, 0, 0, 0, 0, 0, 0, 0, 0, 0, 0, 0, 0, -151.5, 0, 0, 0]
Sharpe Ratio: 0.035
Annualized Sharpe: 0.548
Sharpe 95% CI: (np.float64(-0.788), np.float64(1.66))
Daily Win Rate (%): 22.41
Max Drawdown: -3044.0
Profit Factor: 1.234
Expectancy: 6.163
Trades Per Month (Global): 18.916666666666668
Total Days: 567

Rolling 6 - Variant 2 - 10_8 - Test Metrics
Trade Returns: [-151.5, 986, 986, -151.5, -151.5, -151.5, 986, -151.5, -151.5, -151.5, -151.5, 986, -151.5, -151.5, -151.5, -151.5, -151.5, -151.5, -151.5, -151.5, -151.5, -151.5, 986, -151.5, -151.5, -151.5, -151.5, -151.5, -151.5, -151.5, 173.5000000000071, -151.5, -151.5, -151.5, -151.5, 986, -151.5, -151.5, 411.0000000000087, -151.5, -151.5, -151.5, 986, -151.5, -151.5, -151.5, -151.5, -151.5, -151.5, -151.5, -151.5, -151.5, -151.5, -151.5, -14.0, 986, -151.5, -151.5, -151.5, -14.0, -151.5, -151.5, 248.49999999999886, -151.5, -151.5, -151.5, -151.5, -151.5, -151.5, -151.5, -151.5, -151.5, -151.5, 585.9999999999894, -151.5, 711.0000000000312, -151.5, -151.5, -151.5, -151.5, -151.5, -151.5, -151.5, 986, -151.5, -26.50000000002638, -151.5, -151.5, -151.5, 986, -151.5, 410.9999999999532, -151.5, 360.9999999999587, -151.5, -151.5, -151.5, -151.5, 535.9999999999949, -151.5, -151.5, -151.5, -151.5, -151.5, 785.9999999999674, 60.99999999999174, 585.9999999999894, -151.5, -151.5, -151.5, -151.5, -151.5, -151.5, -151.5, 361.0000000000142, -14.0, 510.9999999999977, 211.00000000003072, 60.99999999999174, -151.5, -151.5, 986, -151.5, -151.5, -151.5, -151.5, 986, -151.5, -151.5, -151.5, -151.5, -151.5, 986, -151.5, 485.9999999999449, -151.5, -151.5, -151.5, -151.5, 261.00000000002524, 986, -151.5, -151.5, -151.5, -151.5, -151.5, 236.00000000002797, -151.5, -151.5, 261.00000000002524, -151.5, -151.5, -151.5, -151.5, -151.5, -151.5, 986, -151.5, -151.5, -151.5, -151.5, -151.5, -151.5, -151.5, -151.5, -151.5, -151.5, -151.5, -151.5, 986, -151.5, -151.5, -151.5, -151.5, 986, -151.5, -151.5, -151.5, -151.5, 161.00000000003624, -151.5, -151.5, 986, -151.5, 986, 986, -151.5, -151.5, 986, -151.5, 986, -151.5, -151.5, -151.5, -151.5, 986, -151.5, -151.5, -151.5, -151.5, 986, -151.5, 986, -151.5, -151.5, -151.5, -151.5, -151.5, -151.5, -151.5, -151.5, -151.5, -151.5, 573.5000000000185, -151.5, -151.5, -151.5, -151.5, 986, -151.5, -151.5, 285.999999999967, -151.5, 798.4999999999937, 986, -151.5, 986]
Daily Returns: [-151.5, 0, 0, 0, -151.5, 0, 0, 0, 0, 0, 261.00000000002524, 0, 0, 986, 0, 0, 0, 0, 0, 0, 0, 0, 0, 0, 0, 0, 0, 0, 0, 0, 0, 0, 0, -151.5, 0, 0, 0, 0, 0, 0, -151.5, 0, 0, 0, 0, -303.0, 0, 0, 0, -151.5, 236.00000000002797, 0, -303.0, 0, 0, 0, 0, 0, 0, 0, 0, 0, 0, 0, 0, 0, 0, 0, 0, 0, 0, 0, 0, 0, 0, 0, 0, 0, 109.50000000002524, -151.5, 0, 0, 0, 0, 0, 0, -151.5, 0, 0, 0, 0, 0, 0, 0, 0, 0, 0, -151.5, 0, 0, 0, 0, 0, -151.5, -151.5, 0, 986, 0, -151.5, 0, 0, -151.5, 0, 0, 0, -151.5, 0, 0, 0, 0, -151.5, -151.5, 0, 0, 0, 0, 0, 0, 0, 0, 0, 0, -151.5, 0, 0, 0, 0, 0, -151.5, -151.5, 0, 0, 0, 0, 0, -151.5, 0, 0, 0, 0, -151.5, 0, 0, 0, 0, 0, 0, -151.5, 0, 0, 0, 0, 0, 0, -151.5, 0, 0, 0, 0, 0, 834.5, 0, 0, 0, 0, 0, 0, 0, 0, 0, 0, 0, 0, -454.5, 0, 0, 0, 986, 0, 0, 0, 0, 0, 0, 0, 0, -151.5, 0, -303.0, 0, 9.500000000036238, 0, 0, 0, 0, 0, 0, 0, 0, 0, -151.5, 0, -151.5, 0, 0, 0, 0, 986, -151.5, 0, 0, 0, 0, 0, 0, 0, 0, 0, 0, 0, 986, 0, 0, 0, 0, 0, 834.5, 0, 0, 0, 0, -151.5, 0, 0, 0, 0, 0, 0, 986, 0, 0, 0, -151.5, 0, 0, 0, 986, 0, 0, 0, -151.5, 0, -151.5, 0, 0, 0, 0, 0, 0, 0, -303.0, 683.0, 0, 0, 0, 0, 0, -151.5, 0, 0, -151.5, 0, 834.5, 0, 0, 0, 0, 0, 0, 0, 0, 0, 0, 0, 834.5, 0, 0, 0, 0, 0, 0, 0, 0, 0, 0, 0, -151.5, 0, 0, 0, 0, 0, 0, -151.5, 0, 0, 0, 0, -151.5, 0, 0, 0, 0, 0, 0, -151.5, 0, -151.5, -151.5, 0, 0, -151.5, 0, 0, -151.5, 0, -151.5, 0, 0, 0, 573.5000000000185, 0, 0, -151.5, 0, 0, -151.5, 0, 0, 0, 0, -151.5, -151.5, 0, 986, 0, 0, 0, 0, 0, 0, 0, -151.5, 0, 0, 0, 0, -151.5, 0, 0, 134.49999999996697, 0, 0, 0, 0, 0, 0, 0, 0, 0, 798.4999999999937, 0, 0, 0, 0, 0, 0, 0, 0, 0, 0, 986, -151.5, 986, 0, 0, 0, 0, 0, 0]
Sharpe Ratio: 0.089
Annualized Sharpe: 1.416
Sharpe 95% CI: (np.float64(-0.08), np.float64(2.611))
Daily Win Rate (%): 29.33
Max Drawdown: -2304.5
Profit Factor: 1.79
Expectancy: 17.663
Trades Per Month (Global): 18.916666666666668
Total Days: 400



Rolling 6 - Variant 3 - 10_15 - Fit Metrics
Trade Returns: [-151.5, 1861, 1861, -151.5, -151.5, -151.5, -151.5, -151.5, -151.5, -151.5, -151.5, 461.0000000000032, -151.5, -151.5, -151.5, -151.5, -151.5, -151.5, -151.5, -151.5, -151.5, -151.5, 1185.9999999999789, -151.5, -151.5, -151.5, -151.5, -151.5, -151.5, -151.5, 173.5000000000071, -151.5, -151.5, -151.5, -151.5, 1861, -151.5, -151.5, 411.0000000000087, -151.5, -151.5, -151.5, 586.0000000000449, -151.5, -151.5, -151.5, -151.5, -151.5, -151.5, -151.5, -151.5, -151.5, -151.5, -151.5, -14.0, 1861, -151.5, -151.5, -151.5, -14.0, -151.5, -151.5, 248.49999999999886, -151.5, -151.5, -151.5, -151.5, -151.5, -151.5, -151.5, -151.5, -151.5, -151.5, 585.9999999999894, -151.5, 711.0000000000312, -151.5, -151.5, -151.5, -151.5, -151.5, -151.5, -151.5, -151.5, -151.5, -26.50000000002638, -151.5, -151.5, -151.5, 486.00000000000045, -151.5, 410.9999999999532, -151.5, 360.9999999999587, -151.5, -151.5, -151.5, -151.5, 535.9999999999949, -151.5, -151.5, -151.5, -151.5, -151.5, 785.9999999999674, 60.99999999999174, 585.9999999999894, -151.5, -151.5, -151.5, -151.5, -151.5, -151.5, -151.5, 361.0000000000142, -14.0, 510.9999999999977, 211.00000000003072, 60.99999999999174, -151.5, -151.5, 1861, -151.5, -151.5, -151.5, -151.5, 973.50000000003, -151.5, -151.5, -151.5, -151.5, -151.5, 710.9999999999757, -151.5, 485.9999999999449, -151.5, -151.5, -151.5, -151.5, 261.00000000002524, 1861, -151.5, -151.5, -151.5, -151.5, -151.5, 236.00000000002797, -151.5, -151.5, 261.00000000002524, -151.5, -151.5, -151.5, -151.5, -151.5, -151.5, 361.0000000000142, -151.5, -151.5, -151.5, -151.5, -151.5, -151.5, -151.5, -151.5, -151.5, -151.5, -151.5, -151.5, 1861, -151.5, -151.5, -151.5, -151.5, -151.5, -151.5, -151.5, -151.5, -151.5, 161.00000000003624, -151.5, -151.5, 1861, -151.5, -151.5, 1461.000000000004, -151.5, -151.5, 1323.500000000047, -151.5, 1861, -151.5, -151.5, -151.5, -151.5, -151.5, -151.5, -151.5, -151.5, -151.5, -151.5, -151.5, 1861, -151.5, -151.5, -151.5, -151.5, -151.5, -151.5, -151.5, -151.5, -151.5, -151.5, 573.5000000000185, -151.5, -151.5, -151.5, -151.5, 860.9999999999592, -151.5, -151.5, 285.999999999967, -151.5, 798.4999999999937, 411.0000000000087, -151.5, 1861]
Daily Returns: [-151.5, 0, 0, 0, 0, 0, 1861, 0, 0, 0, 0, 0, 0, 1709.5, 0, 0, 0, 0, 0, -151.5, 0, 0, 0, 0, -151.5, 0, 0, 0, 0, 0, 0, 0, 0, 0, 0, 0, 0, 0, 0, 0, 0, -151.5, 0, 0, 0, 0, 0, -151.5, 0, 0, 0, 0, 0, -151.5, -151.5, 0, 0, 0, 0, 0, 0, 0, 0, 0, 0, 0, 0, -151.5, 0, 0, 461.0000000000032, 0, -151.5, 0, 0, 0, -151.5, 0, 0, 0, 0, -151.5, 0, 0, 0, 0, 0, 0, 0, -151.5, 0, -151.5, 0, -151.5, 0, 0, 0, -151.5, 0, 0, 0, 0, 0, -151.5, 0, -151.5, 0, 0, 0, 0, 0, 0, -151.5, 0, 1185.9999999999789, -151.5, 0, 0, 0, 0, 0, 0, 0, 0, 0, -151.5, -151.5, 0, 0, -151.5, -151.5, 0, 0, -151.5, 0, -151.5, 0, 0, 0, 0, 0, 173.5000000000071, 0, 0, 0, 0, -151.5, 0, 0, 0, 0, 0, 0, -303.0, 0, 0, 0, -151.5, 0, 1861, 0, -151.5, 0, 0, 0, -151.5, 0, 0, 0, 411.0000000000087, 0, -151.5, 0, 0, 0, -151.5, 0, 0, 0, -151.5, 586.0000000000449, 0, 0, -303.0, 0, 0, 0, 0, 0, 0, 0, 0, -151.5, 0, 0, 0, 0, 0, 0, 0, 0, 0, 0, -151.5, 0, -151.5, 0, 0, 0, 0, -151.5, 0, 0, 0, 0, 0, 0, 0, 0, 0, 0, 0, 0, -151.5, 0, 0, 0, -151.5, 0, 0, 0, 0, -151.5, 0, 0, -303.0, 0, -14.0, 0, 0, 0, 0, 0, 0, 0, 0, 1861, 0, 0, 0, 0, 0, -151.5, 0, 0, 0, 0, 0, 0, 0, 0, -151.5, 0, 0, -165.5, 0, 0, -151.5, 0, 0, 0, 0, 0, 0, -151.5, 0, 0, 0, 0, 0, 248.49999999999886, 0, 0, -303.0, 0, 0, 0, 0, 0, 0, 0, 0, -151.5, 0, 0, 0, 0, -454.5, 0, -151.5, 0, 0, 0, 0, 0, 0, 0, 0, 0, 0, 0, 0, 0, -151.5, 0, 0, 0, 0, 0, 0, 0, 0, 0, -151.5, 434.4999999999894, 0, 0, -151.5, 0, 711.0000000000312, -151.5, 0, 0, 0, -151.5, 0, -151.5, -151.5, 0, 0, 0, 0, -151.5, 0, 0, 0, -303.0, 0, 0, 0, 0, 0, 0, 0, 0, 0, 0, 0, 0, 0, -151.5, -151.5, 0, 0, 0, 0, 0, 0, 0, 0, -26.50000000002638, 0, -151.5, 0, 0, 0, 0, 0, 0, 0, 0, 0, 0, 0, 0, 0, 0, 0, -151.5, 0, 0, 0, 0, 0, 334.50000000000045, 0, -151.5, 0, 0, 620.4999999999119, 0, 0, 0, 0, 0, -151.5, -303.0, 384.4999999999949, -303.0, 0, 0, 0, 0, 0, 0, -303.0, -151.5, 0, 0, 0, 846.9999999999591, 585.9999999999894, 0, 0, -151.5, 0, 0, 0, 0, 0, 0, 0, 0, 0, 0, 0, 0, -151.5, 0, 0, 0, 0, 0, 0, 0, 0, 0, 0, 0, -151.5, -151.5, 0, 0, -151.5, 0, -151.5, -151.5, 0, 0, 0, 0, 0, 0, 0, 0, 0, 0, 361.0000000000142, 0, 0, 0, 0, 0, 0, 0, 0, 0, 0, 0, 0, -14.0, 722.0000000000284, 0, 60.99999999999174, -303.0, 0, 0, 0, 0, 0, 0, 1709.5, -151.5, 0, 0, 0, 0, 0, -151.5, 0, 0, 0, 0, -151.5, 0, 0, 0, 0, 0, 973.50000000003, 0, 0, 0, 0, 0, -151.5, 0, -151.5, 0, 0, 0, 0, 0, -151.5, 0, -151.5, 0, 0, -151.5, 0, 0, 0, 710.9999999999757, 0, 0, 0, 0, -151.5, 485.9999999999449, 0, 0, 0, -151.5, 0, 0, 0, 0, 0, 0, 0, 0, 0, 0, 0, 0, 0, 0, 0, 0, 0, 0, 0, 0, -151.5, 0, 0, 0]
Sharpe Ratio: 0.034
Annualized Sharpe: 0.533
Sharpe 95% CI: (np.float64(-0.886), np.float64(1.549))
Daily Win Rate (%): 20.69
Max Drawdown: -2750.0
Profit Factor: 1.268
Expectancy: 7.199
Trades Per Month (Global): 18.916666666666668
Total Days: 567

Rolling 6 - Variant 3 - 10_15 - Test Metrics
Trade Returns: [-151.5, 1861, 1861, -151.5, -151.5, -151.5, -151.5, -151.5, -151.5, -151.5, -151.5, 461.0000000000032, -151.5, -151.5, -151.5, -151.5, -151.5, -151.5, -151.5, -151.5, -151.5, -151.5, 1185.9999999999789, -151.5, -151.5, -151.5, -151.5, -151.5, -151.5, -151.5, 173.5000000000071, -151.5, -151.5, -151.5, -151.5, 1861, -151.5, -151.5, 411.0000000000087, -151.5, -151.5, -151.5, 586.0000000000449, -151.5, -151.5, -151.5, -151.5, -151.5, -151.5, -151.5, -151.5, -151.5, -151.5, -151.5, -14.0, 1861, -151.5, -151.5, -151.5, -14.0, -151.5, -151.5, 248.49999999999886, -151.5, -151.5, -151.5, -151.5, -151.5, -151.5, -151.5, -151.5, -151.5, -151.5, 585.9999999999894, -151.5, 711.0000000000312, -151.5, -151.5, -151.5, -151.5, -151.5, -151.5, -151.5, -151.5, -151.5, -26.50000000002638, -151.5, -151.5, -151.5, 486.00000000000045, -151.5, 410.9999999999532, -151.5, 360.9999999999587, -151.5, -151.5, -151.5, -151.5, 535.9999999999949, -151.5, -151.5, -151.5, -151.5, -151.5, 785.9999999999674, 60.99999999999174, 585.9999999999894, -151.5, -151.5, -151.5, -151.5, -151.5, -151.5, -151.5, 361.0000000000142, -14.0, 510.9999999999977, 211.00000000003072, 60.99999999999174, -151.5, -151.5, 1861, -151.5, -151.5, -151.5, -151.5, 973.50000000003, -151.5, -151.5, -151.5, -151.5, -151.5, 710.9999999999757, -151.5, 485.9999999999449, -151.5, -151.5, -151.5, -151.5, 261.00000000002524, 1861, -151.5, -151.5, -151.5, -151.5, -151.5, 236.00000000002797, -151.5, -151.5, 261.00000000002524, -151.5, -151.5, -151.5, -151.5, -151.5, -151.5, 361.0000000000142, -151.5, -151.5, -151.5, -151.5, -151.5, -151.5, -151.5, -151.5, -151.5, -151.5, -151.5, -151.5, 1861, -151.5, -151.5, -151.5, -151.5, -151.5, -151.5, -151.5, -151.5, -151.5, 161.00000000003624, -151.5, -151.5, 1861, -151.5, -151.5, 1461.000000000004, -151.5, -151.5, 1323.500000000047, -151.5, 1861, -151.5, -151.5, -151.5, -151.5, -151.5, -151.5, -151.5, -151.5, -151.5, -151.5, -151.5, 1861, -151.5, -151.5, -151.5, -151.5, -151.5, -151.5, -151.5, -151.5, -151.5, -151.5, 573.5000000000185, -151.5, -151.5, -151.5, -151.5, 860.9999999999592, -151.5, -151.5, 285.999999999967, -151.5, 798.4999999999937, 411.0000000000087, -151.5, 1861]
Daily Returns: [-151.5, 0, 0, 0, -151.5, 0, 0, 0, 0, 0, 261.00000000002524, 0, 0, 1861, 0, 0, 0, 0, 0, 0, 0, 0, 0, 0, 0, 0, 0, 0, 0, 0, 0, 0, 0, -151.5, 0, 0, 0, 0, 0, 0, -151.5, 0, 0, 0, 0, -303.0, 0, 0, 0, -151.5, 236.00000000002797, 0, -303.0, 0, 0, 0, 0, 0, 0, 0, 0, 0, 0, 0, 0, 0, 0, 0, 0, 0, 0, 0, 0, 0, 0, 0, 0, 0, 109.50000000002524, -151.5, 0, 0, 0, 0, 0, 0, -151.5, 0, 0, 0, 0, 0, 0, 0, 0, 0, 0, -151.5, 0, 0, 0, 0, 0, -151.5, -151.5, 0, 361.0000000000142, 0, -151.5, 0, 0, -151.5, 0, 0, 0, -151.5, 0, 0, 0, 0, -151.5, -151.5, 0, 0, 0, 0, 0, 0, 0, 0, 0, 0, -151.5, 0, 0, 0, 0, 0, -151.5, -151.5, 0, 0, 0, 0, 0, -151.5, 0, 0, 0, 0, -151.5, 0, 0, 0, 0, 0, 0, -151.5, 0, 0, 0, 0, 0, 0, -151.5, 0, 0, 0, 0, 0, 1709.5, 0, 0, 0, 0, 0, 0, 0, 0, 0, 0, 0, 0, -454.5, 0, 0, 0, -151.5, 0, 0, 0, 0, 0, 0, 0, 0, -151.5, 0, -303.0, 0, 9.500000000036238, 0, 0, 0, 0, 0, 0, 0, 0, 0, -151.5, 0, -151.5, 0, 0, 0, 0, 1861, -151.5, 0, 0, 0, 0, 0, 0, 0, 0, 0, 0, 0, -151.5, 0, 0, 0, 0, 0, 1309.500000000004, 0, 0, 0, 0, -151.5, 0, 0, 0, 0, 0, 0, 1323.500000000047, 0, 0, 0, -151.5, 0, 0, 0, 1861, 0, 0, 0, -151.5, 0, -151.5, 0, 0, 0, 0, 0, 0, 0, -303.0, -454.5, 0, 0, 0, 0, 0, -151.5, 0, 0, -151.5, 0, -303.0, 0, 0, 0, 0, 0, 0, 0, 0, 0, 0, 0, 1709.5, 0, 0, 0, 0, 0, 0, 0, 0, 0, 0, 0, -151.5, 0, 0, 0, 0, 0, 0, -151.5, 0, 0, 0, 0, -151.5, 0, 0, 0, 0, 0, 0, -151.5, 0, -151.5, -151.5, 0, 0, -151.5, 0, 0, -151.5, 0, -151.5, 0, 0, 0, 573.5000000000185, 0, 0, -151.5, 0, 0, -151.5, 0, 0, 0, 0, -151.5, -151.5, 0, 860.9999999999592, 0, 0, 0, 0, 0, 0, 0, -151.5, 0, 0, 0, 0, -151.5, 0, 0, 134.49999999996697, 0, 0, 0, 0, 0, 0, 0, 0, 0, 798.4999999999937, 0, 0, 0, 0, 0, 0, 0, 0, 0, 0, 411.0000000000087, -151.5, 1861, 0, 0, 0, 0, 0, 0]
Sharpe Ratio: 0.069
Annualized Sharpe: 1.102
Sharpe 95% CI: (np.float64(-0.527), np.float64(2.185))
Daily Win Rate (%): 24.0
Max Drawdown: -2929.5
Profit Factor: 1.725
Expectancy: 18.131
Trades Per Month (Global): 18.916666666666668
Total Days: 400



Rolling 6 - Variant 4 - 20_15 - Fit Metrics
Trade Returns: [-144.5, 1868, 1868, -144.5, 24.249999999996557, -144.5, -144.5, -144.5, -144.5, -144.5, -144.5, 230.5000000000016, -144.5, -144.5, -144.5, -144.5, -144.5, -144.5, 205.4999999999766, -144.5, -144.5, -144.5, 592.9999999999894, -144.5, -144.5, -144.5, -144.5, -144.5, -144.5, -144.5, 86.75000000000355, -144.5, -144.5, -144.5, -144.5, 693.0000000000061, -144.5, 143.00000000001123, 205.50000000000435, -144.5, -144.5, -144.5, 293.00000000002245, -144.5, -144.5, -144.5, -144.5, -144.5, -144.5, -144.5, 80.50000000001812, -144.5, -144.5, -144.5, -7.0, 1217.9999999999761, -144.5, -144.5, -144.5, -7.0, -144.5, -144.5, 124.24999999999943, 1243.0000000000011, -144.5, 511.7500000000123, -144.5, 392.9999999999837, -144.5, -144.5, -144.5, -144.5, -144.5, 292.9999999999947, -144.5, 355.5000000000156, -144.5, -144.5, -144.5, -144.5, -144.5, -144.5, -144.5, -144.5, -144.5, -13.25000000001319, -144.5, -144.5, -144.5, 243.00000000000023, 430.50000000000733, 205.4999999999766, -144.5, 180.49999999997934, -144.5, -144.5, -144.5, -144.5, 267.99999999999744, -144.5, -144.5, 1280.499999999997, -144.5, -144.5, 392.9999999999837, 30.49999999999587, 292.9999999999947, -144.5, -144.5, -144.5, -144.5, -144.5, -144.5, -144.5, 180.5000000000071, -7.0, 255.49999999999886, 105.50000000001536, 30.49999999999587, -144.5, -144.5, 743.0000000000007, -144.5, 505.4999999999991, -144.5, -144.5, 486.750000000015, -144.5, -144.5, -144.5, -144.5, -144.5, 355.49999999998784, 80.49999999999037, 242.99999999997246, -144.5, 86.75000000000355, -144.5, -144.5, 130.50000000001262, 918.0000000000091, -144.5, -144.5, -144.5, -144.5, -144.5, 118.00000000001398, -144.5, 386.7499999999983, 130.50000000001262, -82.0000000000195, -69.50000000002088, -144.5, -144.5, -144.5, -144.5, 180.5000000000071, -144.5, -144.5, -144.5, -144.5, -144.5, -144.5, 480.5000000000018, -144.5, -144.5, -144.5, -144.5, -144.5, 874.2500000000001, -144.5, -144.5, -144.5, -144.5, -144.5, -144.5, -144.5, -144.5, -144.5, 80.50000000001812, 261.75000000001205, -144.5, 367.99999999998647, -144.5, -144.5, 730.500000000002, -144.5, -144.5, 661.7500000000235, -144.5, 130.49999999998485, 536.7499999999817, -144.5, -144.5, -144.5, -144.5, -144.5, -144.5, -144.5, -144.5, -144.5, -144.5, 905.5000000000106, -144.5, -144.5, -144.5, -144.5, -144.5, -144.5, -144.5, -144.5, -144.5, -144.5, 286.75000000000927, -144.5, -144.5, -7.0, -144.5, 430.4999999999796, -144.5, -144.5, 142.9999999999835, -144.5, 399.2499999999969, 205.50000000000435, -144.5, 830.499999999991]
Daily Returns: [-144.5, 0, 0, 0, 0, 0, 1868, 0, 0, 0, 0, 0, 0, 1723.5, 0, 0, 0, 0, 0, 24.249999999996557, 0, 0, 0, 0, -144.5, 0, 0, 0, 0, 0, 0, 0, 0, 0, 0, 0, 0, 0, 0, 0, 0, -144.5, 0, 0, 0, 0, 0, -144.5, 0, 0, 0, 0, 0, -144.5, -144.5, 0, 0, 0, 0, 0, 0, 0, 0, 0, 0, 0, 0, -144.5, 0, 0, 230.5000000000016, 0, -144.5, 0, 0, 0, -144.5, 0, 0, 0, 0, -144.5, 0, 0, 0, 0, 0, 0, 0, -144.5, 0, -144.5, 0, -144.5, 0, 0, 0, 205.4999999999766, 0, 0, 0, 0, 0, -144.5, 0, -144.5, 0, 0, 0, 0, 0, 0, -144.5, 0, 592.9999999999894, -144.5, 0, 0, 0, 0, 0, 0, 0, 0, 0, -144.5, -144.5, 0, 0, -144.5, -144.5, 0, 0, -144.5, 0, -144.5, 0, 0, 0, 0, 0, 86.75000000000355, 0, 0, 0, 0, -144.5, 0, 0, 0, 0, 0, 0, -289.0, 0, 0, 0, -144.5, 0, 693.0000000000061, 0, -144.5, 0, 0, 0, 143.00000000001123, 0, 0, 0, 205.50000000000435, 0, -144.5, 0, 0, 0, -144.5, 0, 0, 0, -144.5, 293.00000000002245, 0, 0, -289.0, 0, 0, 0, 0, 0, 0, 0, 0, -144.5, 0, 0, 0, 0, 0, 0, 0, 0, 0, 0, -144.5, 0, -144.5, 0, 0, 0, 0, -144.5, 0, 0, 0, 0, 0, 0, 0, 0, 0, 0, 0, 0, -144.5, 0, 0, 0, 80.50000000001812, 0, 0, 0, 0, -144.5, 0, 0, -289.0, 0, -7.0, 0, 0, 0, 0, 0, 0, 0, 0, 1217.9999999999761, 0, 0, 0, 0, 0, -144.5, 0, 0, 0, 0, 0, 0, 0, 0, -144.5, 0, 0, -151.5, 0, 0, -144.5, 0, 0, 0, 0, 0, 0, -144.5, 0, 0, 0, 0, 0, 124.24999999999943, 0, 0, 1098.5000000000011, 0, 0, 0, 0, 0, 0, 0, 0, 511.7500000000123, 0, 0, 0, 0, 103.99999999998369, 0, -144.5, 0, 0, 0, 0, 0, 0, 0, 0, 0, 0, 0, 0, 0, -144.5, 0, 0, 0, 0, 0, 0, 0, 0, 0, -144.5, 148.4999999999947, 0, 0, -144.5, 0, 355.5000000000156, -144.5, 0, 0, 0, -144.5, 0, -144.5, -144.5, 0, 0, 0, 0, -144.5, 0, 0, 0, -289.0, 0, 0, 0, 0, 0, 0, 0, 0, 0, 0, 0, 0, 0, -144.5, -144.5, 0, 0, 0, 0, 0, 0, 0, 0, -13.25000000001319, 0, -144.5, 0, 0, 0, 0, 0, 0, 0, 0, 0, 0, 0, 0, 0, 0, 0, -144.5, 0, 0, 0, 0, 0, 98.50000000000023, 0, 430.50000000000733, 0, 0, 241.49999999995595, 0, 0, 0, 0, 0, -144.5, -289.0, 123.49999999999744, -289.0, 0, 0, 0, 0, 0, 0, 1135.999999999997, -144.5, 0, 0, 0, 423.49999999997954, 292.9999999999947, 0, 0, -144.5, 0, 0, 0, 0, 0, 0, 0, 0, 0, 0, 0, 0, -144.5, 0, 0, 0, 0, 0, 0, 0, 0, 0, 0, 0, -144.5, -144.5, 0, 0, -144.5, 0, -144.5, -144.5, 0, 0, 0, 0, 0, 0, 0, 0, 0, 0, 180.5000000000071, 0, 0, 0, 0, 0, 0, 0, 0, 0, 0, 0, 0, -7.0, 361.0000000000142, 0, 30.49999999999587, -289.0, 0, 0, 0, 0, 0, 0, 598.5000000000007, 505.4999999999991, 0, 0, 0, 0, 0, -144.5, 0, 0, 0, 0, -144.5, 0, 0, 0, 0, 0, 486.750000000015, 0, 0, 0, 0, 0, -144.5, 0, -144.5, 0, 0, 0, 0, 0, -144.5, 0, -144.5, 0, 0, -144.5, 0, 0, 0, 355.49999999998784, 0, 0, 0, 0, 80.49999999999037, 242.99999999997246, 0, 0, 0, -144.5, 0, 0, 0, 0, 0, 0, 0, 0, 0, 0, 0, 0, 0, 0, 0, 0, 0, 0, 0, 0, 86.75000000000355, 0, 0, 0]
Sharpe Ratio: 0.034
Annualized Sharpe: 0.539
Sharpe 95% CI: (np.float64(-0.915), np.float64(1.535))
Daily Win Rate (%): 31.03
Max Drawdown: -3256.25
Profit Factor: 1.264
Expectancy: 5.661
Trades Per Month (Global): 18.916666666666668
Total Days: 567

Rolling 6 - Variant 4 - 20_15 - Test Metrics
Trade Returns: [-144.5, 1868, 1868, -144.5, 24.249999999996557, -144.5, -144.5, -144.5, -144.5, -144.5, -144.5, 230.5000000000016, -144.5, -144.5, -144.5, -144.5, -144.5, -144.5, 205.4999999999766, -144.5, -144.5, -144.5, 592.9999999999894, -144.5, -144.5, -144.5, -144.5, -144.5, -144.5, -144.5, 86.75000000000355, -144.5, -144.5, -144.5, -144.5, 693.0000000000061, -144.5, 143.00000000001123, 205.50000000000435, -144.5, -144.5, -144.5, 293.00000000002245, -144.5, -144.5, -144.5, -144.5, -144.5, -144.5, -144.5, 80.50000000001812, -144.5, -144.5, -144.5, -7.0, 1217.9999999999761, -144.5, -144.5, -144.5, -7.0, -144.5, -144.5, 124.24999999999943, 1243.0000000000011, -144.5, 511.7500000000123, -144.5, 392.9999999999837, -144.5, -144.5, -144.5, -144.5, -144.5, 292.9999999999947, -144.5, 355.5000000000156, -144.5, -144.5, -144.5, -144.5, -144.5, -144.5, -144.5, -144.5, -144.5, -13.25000000001319, -144.5, -144.5, -144.5, 243.00000000000023, 430.50000000000733, 205.4999999999766, -144.5, 180.49999999997934, -144.5, -144.5, -144.5, -144.5, 267.99999999999744, -144.5, -144.5, 1280.499999999997, -144.5, -144.5, 392.9999999999837, 30.49999999999587, 292.9999999999947, -144.5, -144.5, -144.5, -144.5, -144.5, -144.5, -144.5, 180.5000000000071, -7.0, 255.49999999999886, 105.50000000001536, 30.49999999999587, -144.5, -144.5, 743.0000000000007, -144.5, 505.4999999999991, -144.5, -144.5, 486.750000000015, -144.5, -144.5, -144.5, -144.5, -144.5, 355.49999999998784, 80.49999999999037, 242.99999999997246, -144.5, 86.75000000000355, -144.5, -144.5, 130.50000000001262, 918.0000000000091, -144.5, -144.5, -144.5, -144.5, -144.5, 118.00000000001398, -144.5, 386.7499999999983, 130.50000000001262, -82.0000000000195, -69.50000000002088, -144.5, -144.5, -144.5, -144.5, 180.5000000000071, -144.5, -144.5, -144.5, -144.5, -144.5, -144.5, 480.5000000000018, -144.5, -144.5, -144.5, -144.5, -144.5, 874.2500000000001, -144.5, -144.5, -144.5, -144.5, -144.5, -144.5, -144.5, -144.5, -144.5, 80.50000000001812, 261.75000000001205, -144.5, 367.99999999998647, -144.5, -144.5, 730.500000000002, -144.5, -144.5, 661.7500000000235, -144.5, 130.49999999998485, 536.7499999999817, -144.5, -144.5, -144.5, -144.5, -144.5, -144.5, -144.5, -144.5, -144.5, -144.5, 905.5000000000106, -144.5, -144.5, -144.5, -144.5, -144.5, -144.5, -144.5, -144.5, -144.5, -144.5, 286.75000000000927, -144.5, -144.5, -7.0, -144.5, 430.4999999999796, -144.5, -144.5, 142.9999999999835, -144.5, 399.2499999999969, 205.50000000000435, -144.5, 830.499999999991]
Daily Returns: [-144.5, 0, 0, 0, -144.5, 0, 0, 0, 0, 0, 130.50000000001262, 0, 0, 918.0000000000091, 0, 0, 0, 0, 0, 0, 0, 0, 0, 0, 0, 0, 0, 0, 0, 0, 0, 0, 0, -144.5, 0, 0, 0, 0, 0, 0, -144.5, 0, 0, 0, 0, -289.0, 0, 0, 0, -144.5, 118.00000000001398, 0, 242.2499999999983, 0, 0, 0, 0, 0, 0, 0, 0, 0, 0, 0, 0, 0, 0, 0, 0, 0, 0, 0, 0, 0, 0, 0, 0, 0, 48.49999999999312, -69.50000000002088, 0, 0, 0, 0, 0, 0, -144.5, 0, 0, 0, 0, 0, 0, 0, 0, 0, 0, -144.5, 0, 0, 0, 0, 0, -144.5, -144.5, 0, 180.5000000000071, 0, -144.5, 0, 0, -144.5, 0, 0, 0, -144.5, 0, 0, 0, 0, -144.5, -144.5, 0, 0, 0, 0, 0, 0, 0, 0, 0, 0, -144.5, 0, 0, 0, 0, 0, 480.5000000000018, -144.5, 0, 0, 0, 0, 0, -144.5, 0, 0, 0, 0, -144.5, 0, 0, 0, 0, 0, 0, -144.5, 0, 0, 0, 0, 0, 0, -144.5, 0, 0, 0, 0, 0, 729.7500000000001, 0, 0, 0, 0, 0, 0, 0, 0, 0, 0, 0, 0, -433.5, 0, 0, 0, -144.5, 0, 0, 0, 0, 0, 0, 0, 0, -144.5, 0, -289.0, 0, -63.99999999998188, 0, 0, 0, 0, 0, 0, 0, 0, 0, 261.75000000001205, 0, -144.5, 0, 0, 0, 0, 367.99999999998647, -144.5, 0, 0, 0, 0, 0, 0, 0, 0, 0, 0, 0, -144.5, 0, 0, 0, 0, 0, 586.000000000002, 0, 0, 0, 0, -144.5, 0, 0, 0, 0, 0, 0, 661.7500000000235, 0, 0, 0, -144.5, 0, 0, 0, 130.49999999998485, 0, 0, 0, 536.7499999999817, 0, -144.5, 0, 0, 0, 0, 0, 0, 0, -289.0, -433.5, 0, 0, 0, 0, 0, -144.5, 0, 0, -144.5, 0, -289.0, 0, 0, 0, 0, 0, 0, 0, 0, 0, 0, 0, 761.0000000000106, 0, 0, 0, 0, 0, 0, 0, 0, 0, 0, 0, -144.5, 0, 0, 0, 0, 0, 0, -144.5, 0, 0, 0, 0, -144.5, 0, 0, 0, 0, 0, 0, -144.5, 0, -144.5, -144.5, 0, 0, -144.5, 0, 0, -144.5, 0, -144.5, 0, 0, 0, 286.75000000000927, 0, 0, -144.5, 0, 0, -144.5, 0, 0, 0, 0, -7.0, -144.5, 0, 430.4999999999796, 0, 0, 0, 0, 0, 0, 0, -144.5, 0, 0, 0, 0, -144.5, 0, 0, -1.500000000016513, 0, 0, 0, 0, 0, 0, 0, 0, 0, 399.2499999999969, 0, 0, 0, 0, 0, 0, 0, 0, 0, 0, 205.50000000000435, -144.5, 830.499999999991, 0, 0, 0, 0, 0, 0]
Sharpe Ratio: -0.007
Annualized Sharpe: -0.113
Sharpe 95% CI: (np.float64(-1.901), np.float64(1.26))
Daily Win Rate (%): 26.67
Max Drawdown: -2551.5
Profit Factor: 0.958
Expectancy: -0.903
Trades Per Month (Global): 18.916666666666668
Total Days: 400



Rolling 7 - Variant 0 - 10_7 - Fit Metrics
Trade Returns: [-151.5, 861, 861, -151.5, -151.5, -151.5, 861, -151.5, -151.5, -151.5, -151.5, 861, -151.5, -151.5, -151.5, -151.5, -151.5, -151.5, -151.5, -151.5, -151.5, -151.5, 861, -151.5, -151.5, -151.5, -151.5, -151.5, -151.5, -151.5, 173.5000000000071, 861, -151.5, -151.5, -151.5, 861, -151.5, -151.5, 411.0000000000087, -151.5, -151.5, -151.5, 861, -151.5, -151.5, -151.5, -151.5, -151.5, -151.5, -151.5, -151.5, -151.5, -151.5, -151.5, -14.0, 861, -151.5, -151.5, -151.5, -14.0, -151.5, -151.5, 248.49999999999886, -151.5, -151.5, -151.5, -151.5, -151.5, -151.5, -151.5, -151.5, -151.5, -151.5, 585.9999999999894, -151.5, 711.0000000000312, -151.5, -151.5, -151.5, -151.5, -151.5, -151.5, -151.5, 861, -151.5, -26.50000000002638, -151.5, -151.5, -151.5, 861, -151.5, 410.9999999999532, -151.5, 360.9999999999587, 861, -151.5, -151.5, -151.5, 535.9999999999949, -151.5, -151.5, -151.5, -151.5, -151.5, 861, 60.99999999999174, 861, -151.5, -151.5, -151.5, -151.5, -151.5, -151.5, -151.5, 361.0000000000142, -14.0, 861, 211.00000000003072, 60.99999999999174, -151.5, -151.5, 861, -151.5, -151.5, -151.5, -151.5, 861, -151.5, -151.5, -151.5, -151.5, -151.5, 861, -151.5, 485.9999999999449, -151.5, -151.5, -151.5, -151.5, 261.00000000002524, 861, -151.5, -151.5, -151.5, -151.5, -151.5, 236.00000000002797, -151.5, -151.5, 261.00000000002524, -151.5, -151.5, -151.5, -151.5, -151.5, -151.5, 861, -151.5, -151.5, -151.5, -151.5, -151.5, -151.5, 861, -151.5, -151.5, -151.5, -151.5, -151.5, 861, -151.5, -151.5, -151.5, -151.5, 861, -151.5, -151.5, -151.5, 861, 161.00000000003624, -151.5, -151.5, 861, -151.5, 861, 861, -151.5, -151.5, 861, -151.5, 861, 861, -151.5, -151.5, -151.5, 861, -151.5, -151.5, -151.5, -151.5, 861, -151.5, 861, -151.5, -151.5, -151.5, -151.5, -151.5, -151.5, -151.5, -151.5, -151.5, -151.5, 573.5000000000185, -151.5, -151.5, -151.5, -151.5, 861, -151.5, -151.5, 861, -151.5, 861, 861, -151.5, 861]
Daily Returns: [-151.5, 0, 0, 0, 0, 0, 861, 0, 0, 0, 0, 0, 0, 709.5, 0, 0, 0, 0, 0, -151.5, 0, 0, 0, 0, -151.5, 0, 0, 0, 0, 0, 0, 0, 0, 0, 0, 0, 0, 0, 0, 0, 0, 861, 0, 0, 0, 0, 0, -151.5, 0, 0, 0, 0, 0, -151.5, -151.5, 0, 0, 0, 0, 0, 0, 0, 0, 0, 0, 0, 0, -151.5, 0, 0, 861, 0, -151.5, 0, 0, 0, -151.5, 0, 0, 0, 0, -151.5, 0, 0, 0, 0, 0, 0, 0, -151.5, 0, -151.5, 0, -151.5, 0, 0, 0, -151.5, 0, 0, 0, 0, 0, -151.5, 0, -151.5, 0, 0, 0, 0, 0, 0, -151.5, 0, 861, -151.5, 0, 0, 0, 0, 0, 0, 0, 0, 0, -151.5, -151.5, 0, 0, -151.5, -151.5, 0, 0, -151.5, 0, -151.5, 0, 0, 0, 0, 0, 173.5000000000071, 0, 0, 0, 0, 861, 0, 0, 0, 0, 0, 0, -303.0, 0, 0, 0, -151.5, 0, 861, 0, -151.5, 0, 0, 0, -151.5, 0, 0, 0, 411.0000000000087, 0, -151.5, 0, 0, 0, -151.5, 0, 0, 0, -151.5, 861, 0, 0, -303.0, 0, 0, 0, 0, 0, 0, 0, 0, -151.5, 0, 0, 0, 0, 0, 0, 0, 0, 0, 0, -151.5, 0, -151.5, 0, 0, 0, 0, -151.5, 0, 0, 0, 0, 0, 0, 0, 0, 0, 0, 0, 0, -151.5, 0, 0, 0, -151.5, 0, 0, 0, 0, -151.5, 0, 0, -303.0, 0, -14.0, 0, 0, 0, 0, 0, 0, 0, 0, 861, 0, 0, 0, 0, 0, -151.5, 0, 0, 0, 0, 0, 0, 0, 0, -151.5, 0, 0, -165.5, 0, 0, -151.5, 0, 0, 0, 0, 0, 0, -151.5, 0, 0, 0, 0, 0, 248.49999999999886, 0, 0, -303.0, 0, 0, 0, 0, 0, 0, 0, 0, -151.5, 0, 0, 0, 0, -454.5, 0, -151.5, 0, 0, 0, 0, 0, 0, 0, 0, 0, 0, 0, 0, 0, -151.5, 0, 0, 0, 0, 0, 0, 0, 0, 0, -151.5, 434.4999999999894, 0, 0, -151.5, 0, 711.0000000000312, -151.5, 0, 0, 0, -151.5, 0, -151.5, -151.5, 0, 0, 0, 0, -151.5, 0, 0, 0, -303.0, 0, 0, 0, 0, 0, 0, 0, 0, 0, 0, 0, 0, 0, 861, -151.5, 0, 0, 0, 0, 0, 0, 0, 0, -26.50000000002638, 0, -151.5, 0, 0, 0, 0, 0, 0, 0, 0, 0, 0, 0, 0, 0, 0, 0, -151.5, 0, 0, 0, 0, 0, 709.5, 0, -151.5, 0, 0, 620.4999999999119, 0, 0, 0, 0, 0, 861, -303.0, 384.4999999999949, -303.0, 0, 0, 0, 0, 0, 0, -303.0, -151.5, 0, 0, 0, 921.9999999999917, 861, 0, 0, -151.5, 0, 0, 0, 0, 0, 0, 0, 0, 0, 0, 0, 0, -151.5, 0, 0, 0, 0, 0, 0, 0, 0, 0, 0, 0, -151.5, -151.5, 0, 0, -151.5, 0, -151.5, -151.5, 0, 0, 0, 0, 0, 0, 0, 0, 0, 0, 361.0000000000142, 0, 0, 0, 0, 0, 0, 0, 0, 0, 0, 0, 0, -14.0, 1072.0000000000307, 0, 60.99999999999174, -303.0, 0, 0, 0, 0, 0, 0, 709.5, -151.5, 0, 0, 0, 0, 0, -151.5, 0, 0, 0, 0, -151.5, 0, 0, 0, 0, 0, 861, 0, 0, 0, 0, 0, -151.5, 0, -151.5, 0, 0, 0, 0, 0, -151.5, 0, -151.5, 0, 0, -151.5, 0, 0, 0, 861, 0, 0, 0, 0, -151.5, 485.9999999999449, 0, 0, 0, -151.5, 0, 0, 0, 0, 0, 0, 0, 0, 0, 0, 0, 0, 0, 0, 0, 0, 0, 0, 0, 0, -151.5, 0, 0, 0, -151.5, 0, 0, 0, -151.5, 0, 0, 0, 0, 0, 261.00000000002524, 0, 0, 861, 0, 0, 0, 0, 0, 0, 0, 0, 0, 0, 0, 0, 0, 0, 0, 0, 0, 0, 0, -151.5, 0, 0, 0, 0, 0, 0, -151.5, 0, 0, 0, 0, -303.0, 0, 0, 0, -151.5, 236.00000000002797, 0, -303.0, 0, 0, 0, 0, 0, 0, 0, 0, 0, 0, 0, 0, 0, 0, 0, 0, 0, 0, 0, 0, 0, 0, 0, 0, 0, 109.50000000002524, -151.5]
Sharpe Ratio: 0.041
Annualized Sharpe: 0.652
Sharpe 95% CI: (np.float64(-0.571), np.float64(1.673))
Daily Win Rate (%): 25.0
Max Drawdown: -2772.5
Profit Factor: 1.282
Expectancy: 7.028
Trades Per Month (Global): 18.916666666666668
Total Days: 647

Rolling 7 - Variant 0 - 10_7 - Test Metrics
Trade Returns: [-151.5, 861, 861, -151.5, -151.5, -151.5, 861, -151.5, -151.5, -151.5, -151.5, 861, -151.5, -151.5, -151.5, -151.5, -151.5, -151.5, -151.5, -151.5, -151.5, -151.5, 861, -151.5, -151.5, -151.5, -151.5, -151.5, -151.5, -151.5, 173.5000000000071, 861, -151.5, -151.5, -151.5, 861, -151.5, -151.5, 411.0000000000087, -151.5, -151.5, -151.5, 861, -151.5, -151.5, -151.5, -151.5, -151.5, -151.5, -151.5, -151.5, -151.5, -151.5, -151.5, -14.0, 861, -151.5, -151.5, -151.5, -14.0, -151.5, -151.5, 248.49999999999886, -151.5, -151.5, -151.5, -151.5, -151.5, -151.5, -151.5, -151.5, -151.5, -151.5, 585.9999999999894, -151.5, 711.0000000000312, -151.5, -151.5, -151.5, -151.5, -151.5, -151.5, -151.5, 861, -151.5, -26.50000000002638, -151.5, -151.5, -151.5, 861, -151.5, 410.9999999999532, -151.5, 360.9999999999587, 861, -151.5, -151.5, -151.5, 535.9999999999949, -151.5, -151.5, -151.5, -151.5, -151.5, 861, 60.99999999999174, 861, -151.5, -151.5, -151.5, -151.5, -151.5, -151.5, -151.5, 361.0000000000142, -14.0, 861, 211.00000000003072, 60.99999999999174, -151.5, -151.5, 861, -151.5, -151.5, -151.5, -151.5, 861, -151.5, -151.5, -151.5, -151.5, -151.5, 861, -151.5, 485.9999999999449, -151.5, -151.5, -151.5, -151.5, 261.00000000002524, 861, -151.5, -151.5, -151.5, -151.5, -151.5, 236.00000000002797, -151.5, -151.5, 261.00000000002524, -151.5, -151.5, -151.5, -151.5, -151.5, -151.5, 861, -151.5, -151.5, -151.5, -151.5, -151.5, -151.5, 861, -151.5, -151.5, -151.5, -151.5, -151.5, 861, -151.5, -151.5, -151.5, -151.5, 861, -151.5, -151.5, -151.5, 861, 161.00000000003624, -151.5, -151.5, 861, -151.5, 861, 861, -151.5, -151.5, 861, -151.5, 861, 861, -151.5, -151.5, -151.5, 861, -151.5, -151.5, -151.5, -151.5, 861, -151.5, 861, -151.5, -151.5, -151.5, -151.5, -151.5, -151.5, -151.5, -151.5, -151.5, -151.5, 573.5000000000185, -151.5, -151.5, -151.5, -151.5, 861, -151.5, -151.5, 861, -151.5, 861, 861, -151.5, 861]
Daily Returns: [0, 0, 0, 0, 0, 0, -151.5, 0, 0, 0, 0, 0, 0, 0, 0, 0, 0, -151.5, 0, 0, 0, 0, 0, -151.5, -151.5, 0, 861, 0, -151.5, 0, 0, -151.5, 0, 0, 0, -151.5, 0, 0, 0, 0, -151.5, -151.5, 0, 0, 0, 0, 0, 0, 0, 0, 0, 0, -151.5, 0, 0, 0, 0, 0, 861, -151.5, 0, 0, 0, 0, 0, -151.5, 0, 0, 0, 0, -151.5, 0, 0, 0, 0, 0, 0, -151.5, 0, 0, 0, 0, 0, 0, -151.5, 0, 0, 0, 0, 0, 709.5, 0, 0, 0, 0, 0, 0, 0, 0, 0, 0, 0, 0, -454.5, 0, 0, 0, 861, 0, 0, 0, 0, 0, 0, 0, 0, -151.5, 0, -303.0, 0, 1022.0000000000363, 0, 0, 0, 0, 0, 0, 0, 0, 0, -151.5, 0, -151.5, 0, 0, 0, 0, 861, -151.5, 0, 0, 0, 0, 0, 0, 0, 0, 0, 0, 0, 861, 0, 0, 0, 0, 0, 709.5, 0, 0, 0, 0, -151.5, 0, 0, 0, 0, 0, 0, 861, 0, 0, 0, -151.5, 0, 0, 0, 861, 0, 0, 0, 861, 0, -151.5, 0, 0, 0, 0, 0, 0, 0, -303.0, 558.0, 0, 0, 0, 0, 0, -151.5, 0, 0, -151.5, 0, 709.5, 0, 0, 0, 0, 0, 0, 0, 0, 0, 0, 0, 709.5, 0, 0, 0, 0, 0, 0, 0, 0, 0, 0, 0, -151.5, 0, 0, 0, 0, 0, 0, -151.5, 0, 0, 0, 0, -151.5, 0, 0, 0, 0, 0, 0, -151.5, 0, -151.5, -151.5, 0, 0, -151.5, 0, 0, -151.5, 0, -151.5, 0, 0, 0, 573.5000000000185, 0, 0, -151.5, 0, 0, -151.5, 0, 0, 0, 0, -151.5, -151.5, 0, 861, 0, 0, 0, 0, 0, 0, 0, -151.5, 0, 0, 0, 0, -151.5, 0, 0, 709.5, 0, 0, 0, 0, 0, 0, 0, 0, 0, 861, 0, 0, 0, 0, 0, 0, 0, 0, 0, 0, 861, -151.5, 861, 0, 0, 0, 0, 0, 0]
Sharpe Ratio: 0.132
Annualized Sharpe: 2.099
Sharpe 95% CI: (np.float64(0.547), np.float64(3.365))
Daily Win Rate (%): 31.75
Max Drawdown: -1396.0
Profit Factor: 2.252
Expectancy: 27.852
Trades Per Month (Global): 18.916666666666668
Total Days: 320



Rolling 7 - Variant 1 - 10_20 - Fit Metrics
Trade Returns: [-151.5, 2486, 2486, -151.5, -151.5, -151.5, -151.5, -151.5, -151.5, -151.5, -151.5, 461.0000000000032, -151.5, -151.5, -151.5, -151.5, -151.5, -151.5, -151.5, -151.5, -151.5, -151.5, 1185.9999999999789, -151.5, -151.5, -151.5, -151.5, -151.5, -151.5, -151.5, 173.5000000000071, -151.5, -151.5, -151.5, -151.5, 1386.0000000000123, -151.5, -151.5, 411.0000000000087, -151.5, -151.5, -151.5, 586.0000000000449, -151.5, -151.5, -151.5, -151.5, -151.5, -151.5, -151.5, -151.5, -151.5, -151.5, -151.5, -14.0, 2486, -151.5, -151.5, -151.5, -14.0, -151.5, -151.5, 248.49999999999886, -151.5, -151.5, -151.5, -151.5, -151.5, -151.5, -151.5, -151.5, -151.5, -151.5, 585.9999999999894, -151.5, 711.0000000000312, -151.5, -151.5, -151.5, -151.5, -151.5, -151.5, -151.5, -151.5, -151.5, -26.50000000002638, -151.5, -151.5, -151.5, 486.00000000000045, -151.5, 410.9999999999532, -151.5, 360.9999999999587, -151.5, -151.5, -151.5, -151.5, 535.9999999999949, -151.5, -151.5, -151.5, -151.5, -151.5, 785.9999999999674, 60.99999999999174, 585.9999999999894, -151.5, -151.5, -151.5, -151.5, -151.5, -151.5, -151.5, 361.0000000000142, -14.0, 510.9999999999977, 211.00000000003072, 60.99999999999174, -151.5, -151.5, 1486.0000000000014, -151.5, -151.5, -151.5, -151.5, 973.50000000003, -151.5, -151.5, -151.5, -151.5, -151.5, 710.9999999999757, -151.5, 485.9999999999449, -151.5, -151.5, -151.5, -151.5, 261.00000000002524, 1836.0000000000182, -151.5, -151.5, -151.5, -151.5, -151.5, 236.00000000002797, -151.5, -151.5, 261.00000000002524, -151.5, -151.5, -151.5, -151.5, -151.5, -151.5, 361.0000000000142, -151.5, -151.5, -151.5, -151.5, -151.5, -151.5, -151.5, -151.5, -151.5, -151.5, -151.5, -151.5, 2486, -151.5, -151.5, -151.5, -151.5, -151.5, -151.5, -151.5, -151.5, -151.5, 161.00000000003624, -151.5, -151.5, 735.9999999999729, -151.5, -151.5, 1461.000000000004, -151.5, -151.5, 1323.500000000047, -151.5, 260.9999999999697, -151.5, -151.5, -151.5, -151.5, -151.5, -151.5, -151.5, -151.5, -151.5, -151.5, -151.5, 1811.0000000000211, -151.5, -151.5, -151.5, -151.5, -151.5, -151.5, -151.5, -151.5, -151.5, -151.5, 573.5000000000185, -151.5, -151.5, -151.5, -151.5, 860.9999999999592, -151.5, -151.5, 285.999999999967, -151.5, 798.4999999999937, 411.0000000000087, -151.5, 1660.999999999982]
Daily Returns: [-151.5, 0, 0, 0, 0, 0, 2486, 0, 0, 0, 0, 0, 0, 2334.5, 0, 0, 0, 0, 0, -151.5, 0, 0, 0, 0, -151.5, 0, 0, 0, 0, 0, 0, 0, 0, 0, 0, 0, 0, 0, 0, 0, 0, -151.5, 0, 0, 0, 0, 0, -151.5, 0, 0, 0, 0, 0, -151.5, -151.5, 0, 0, 0, 0, 0, 0, 0, 0, 0, 0, 0, 0, -151.5, 0, 0, 461.0000000000032, 0, -151.5, 0, 0, 0, -151.5, 0, 0, 0, 0, -151.5, 0, 0, 0, 0, 0, 0, 0, -151.5, 0, -151.5, 0, -151.5, 0, 0, 0, -151.5, 0, 0, 0, 0, 0, -151.5, 0, -151.5, 0, 0, 0, 0, 0, 0, -151.5, 0, 1185.9999999999789, -151.5, 0, 0, 0, 0, 0, 0, 0, 0, 0, -151.5, -151.5, 0, 0, -151.5, -151.5, 0, 0, -151.5, 0, -151.5, 0, 0, 0, 0, 0, 173.5000000000071, 0, 0, 0, 0, -151.5, 0, 0, 0, 0, 0, 0, -303.0, 0, 0, 0, -151.5, 0, 1386.0000000000123, 0, -151.5, 0, 0, 0, -151.5, 0, 0, 0, 411.0000000000087, 0, -151.5, 0, 0, 0, -151.5, 0, 0, 0, -151.5, 586.0000000000449, 0, 0, -303.0, 0, 0, 0, 0, 0, 0, 0, 0, -151.5, 0, 0, 0, 0, 0, 0, 0, 0, 0, 0, -151.5, 0, -151.5, 0, 0, 0, 0, -151.5, 0, 0, 0, 0, 0, 0, 0, 0, 0, 0, 0, 0, -151.5, 0, 0, 0, -151.5, 0, 0, 0, 0, -151.5, 0, 0, -303.0, 0, -14.0, 0, 0, 0, 0, 0, 0, 0, 0, 2486, 0, 0, 0, 0, 0, -151.5, 0, 0, 0, 0, 0, 0, 0, 0, -151.5, 0, 0, -165.5, 0, 0, -151.5, 0, 0, 0, 0, 0, 0, -151.5, 0, 0, 0, 0, 0, 248.49999999999886, 0, 0, -303.0, 0, 0, 0, 0, 0, 0, 0, 0, -151.5, 0, 0, 0, 0, -454.5, 0, -151.5, 0, 0, 0, 0, 0, 0, 0, 0, 0, 0, 0, 0, 0, -151.5, 0, 0, 0, 0, 0, 0, 0, 0, 0, -151.5, 434.4999999999894, 0, 0, -151.5, 0, 711.0000000000312, -151.5, 0, 0, 0, -151.5, 0, -151.5, -151.5, 0, 0, 0, 0, -151.5, 0, 0, 0, -303.0, 0, 0, 0, 0, 0, 0, 0, 0, 0, 0, 0, 0, 0, -151.5, -151.5, 0, 0, 0, 0, 0, 0, 0, 0, -26.50000000002638, 0, -151.5, 0, 0, 0, 0, 0, 0, 0, 0, 0, 0, 0, 0, 0, 0, 0, -151.5, 0, 0, 0, 0, 0, 334.50000000000045, 0, -151.5, 0, 0, 620.4999999999119, 0, 0, 0, 0, 0, -151.5, -303.0, 384.4999999999949, -303.0, 0, 0, 0, 0, 0, 0, -303.0, -151.5, 0, 0, 0, 846.9999999999591, 585.9999999999894, 0, 0, -151.5, 0, 0, 0, 0, 0, 0, 0, 0, 0, 0, 0, 0, -151.5, 0, 0, 0, 0, 0, 0, 0, 0, 0, 0, 0, -151.5, -151.5, 0, 0, -151.5, 0, -151.5, -151.5, 0, 0, 0, 0, 0, 0, 0, 0, 0, 0, 361.0000000000142, 0, 0, 0, 0, 0, 0, 0, 0, 0, 0, 0, 0, -14.0, 722.0000000000284, 0, 60.99999999999174, -303.0, 0, 0, 0, 0, 0, 0, 1334.5000000000014, -151.5, 0, 0, 0, 0, 0, -151.5, 0, 0, 0, 0, -151.5, 0, 0, 0, 0, 0, 973.50000000003, 0, 0, 0, 0, 0, -151.5, 0, -151.5, 0, 0, 0, 0, 0, -151.5, 0, -151.5, 0, 0, -151.5, 0, 0, 0, 710.9999999999757, 0, 0, 0, 0, -151.5, 485.9999999999449, 0, 0, 0, -151.5, 0, 0, 0, 0, 0, 0, 0, 0, 0, 0, 0, 0, 0, 0, 0, 0, 0, 0, 0, 0, -151.5, 0, 0, 0, -151.5, 0, 0, 0, -151.5, 0, 0, 0, 0, 0, 261.00000000002524, 0, 0, 1836.0000000000182, 0, 0, 0, 0, 0, 0, 0, 0, 0, 0, 0, 0, 0, 0, 0, 0, 0, 0, 0, -151.5, 0, 0, 0, 0, 0, 0, -151.5, 0, 0, 0, 0, -303.0, 0, 0, 0, -151.5, 236.00000000002797, 0, -303.0, 0, 0, 0, 0, 0, 0, 0, 0, 0, 0, 0, 0, 0, 0, 0, 0, 0, 0, 0, 0, 0, 0, 0, 0, 0, 109.50000000002524, -151.5]
Sharpe Ratio: 0.04
Annualized Sharpe: 0.635
Sharpe 95% CI: (np.float64(-0.726), np.float64(1.541))
Daily Win Rate (%): 21.88
Max Drawdown: -2609.5
Profit Factor: 1.361
Expectancy: 9.327
Trades Per Month (Global): 18.916666666666668
Total Days: 647

Rolling 7 - Variant 1 - 10_20 - Test Metrics
Trade Returns: [-151.5, 2486, 2486, -151.5, -151.5, -151.5, -151.5, -151.5, -151.5, -151.5, -151.5, 461.0000000000032, -151.5, -151.5, -151.5, -151.5, -151.5, -151.5, -151.5, -151.5, -151.5, -151.5, 1185.9999999999789, -151.5, -151.5, -151.5, -151.5, -151.5, -151.5, -151.5, 173.5000000000071, -151.5, -151.5, -151.5, -151.5, 1386.0000000000123, -151.5, -151.5, 411.0000000000087, -151.5, -151.5, -151.5, 586.0000000000449, -151.5, -151.5, -151.5, -151.5, -151.5, -151.5, -151.5, -151.5, -151.5, -151.5, -151.5, -14.0, 2486, -151.5, -151.5, -151.5, -14.0, -151.5, -151.5, 248.49999999999886, -151.5, -151.5, -151.5, -151.5, -151.5, -151.5, -151.5, -151.5, -151.5, -151.5, 585.9999999999894, -151.5, 711.0000000000312, -151.5, -151.5, -151.5, -151.5, -151.5, -151.5, -151.5, -151.5, -151.5, -26.50000000002638, -151.5, -151.5, -151.5, 486.00000000000045, -151.5, 410.9999999999532, -151.5, 360.9999999999587, -151.5, -151.5, -151.5, -151.5, 535.9999999999949, -151.5, -151.5, -151.5, -151.5, -151.5, 785.9999999999674, 60.99999999999174, 585.9999999999894, -151.5, -151.5, -151.5, -151.5, -151.5, -151.5, -151.5, 361.0000000000142, -14.0, 510.9999999999977, 211.00000000003072, 60.99999999999174, -151.5, -151.5, 1486.0000000000014, -151.5, -151.5, -151.5, -151.5, 973.50000000003, -151.5, -151.5, -151.5, -151.5, -151.5, 710.9999999999757, -151.5, 485.9999999999449, -151.5, -151.5, -151.5, -151.5, 261.00000000002524, 1836.0000000000182, -151.5, -151.5, -151.5, -151.5, -151.5, 236.00000000002797, -151.5, -151.5, 261.00000000002524, -151.5, -151.5, -151.5, -151.5, -151.5, -151.5, 361.0000000000142, -151.5, -151.5, -151.5, -151.5, -151.5, -151.5, -151.5, -151.5, -151.5, -151.5, -151.5, -151.5, 2486, -151.5, -151.5, -151.5, -151.5, -151.5, -151.5, -151.5, -151.5, -151.5, 161.00000000003624, -151.5, -151.5, 735.9999999999729, -151.5, -151.5, 1461.000000000004, -151.5, -151.5, 1323.500000000047, -151.5, 260.9999999999697, -151.5, -151.5, -151.5, -151.5, -151.5, -151.5, -151.5, -151.5, -151.5, -151.5, -151.5, 1811.0000000000211, -151.5, -151.5, -151.5, -151.5, -151.5, -151.5, -151.5, -151.5, -151.5, -151.5, 573.5000000000185, -151.5, -151.5, -151.5, -151.5, 860.9999999999592, -151.5, -151.5, 285.999999999967, -151.5, 798.4999999999937, 411.0000000000087, -151.5, 1660.999999999982]
Daily Returns: [0, 0, 0, 0, 0, 0, -151.5, 0, 0, 0, 0, 0, 0, 0, 0, 0, 0, -151.5, 0, 0, 0, 0, 0, -151.5, -151.5, 0, 361.0000000000142, 0, -151.5, 0, 0, -151.5, 0, 0, 0, -151.5, 0, 0, 0, 0, -151.5, -151.5, 0, 0, 0, 0, 0, 0, 0, 0, 0, 0, -151.5, 0, 0, 0, 0, 0, -151.5, -151.5, 0, 0, 0, 0, 0, -151.5, 0, 0, 0, 0, -151.5, 0, 0, 0, 0, 0, 0, -151.5, 0, 0, 0, 0, 0, 0, -151.5, 0, 0, 0, 0, 0, 2334.5, 0, 0, 0, 0, 0, 0, 0, 0, 0, 0, 0, 0, -454.5, 0, 0, 0, -151.5, 0, 0, 0, 0, 0, 0, 0, 0, -151.5, 0, -303.0, 0, 9.500000000036238, 0, 0, 0, 0, 0, 0, 0, 0, 0, -151.5, 0, -151.5, 0, 0, 0, 0, 735.9999999999729, -151.5, 0, 0, 0, 0, 0, 0, 0, 0, 0, 0, 0, -151.5, 0, 0, 0, 0, 0, 1309.500000000004, 0, 0, 0, 0, -151.5, 0, 0, 0, 0, 0, 0, 1323.500000000047, 0, 0, 0, -151.5, 0, 0, 0, 260.9999999999697, 0, 0, 0, -151.5, 0, -151.5, 0, 0, 0, 0, 0, 0, 0, -303.0, -454.5, 0, 0, 0, 0, 0, -151.5, 0, 0, -151.5, 0, -303.0, 0, 0, 0, 0, 0, 0, 0, 0, 0, 0, 0, 1659.5000000000211, 0, 0, 0, 0, 0, 0, 0, 0, 0, 0, 0, -151.5, 0, 0, 0, 0, 0, 0, -151.5, 0, 0, 0, 0, -151.5, 0, 0, 0, 0, 0, 0, -151.5, 0, -151.5, -151.5, 0, 0, -151.5, 0, 0, -151.5, 0, -151.5, 0, 0, 0, 573.5000000000185, 0, 0, -151.5, 0, 0, -151.5, 0, 0, 0, 0, -151.5, -151.5, 0, 860.9999999999592, 0, 0, 0, 0, 0, 0, 0, -151.5, 0, 0, 0, 0, -151.5, 0, 0, 134.49999999996697, 0, 0, 0, 0, 0, 0, 0, 0, 0, 798.4999999999937, 0, 0, 0, 0, 0, 0, 0, 0, 0, 0, 411.0000000000087, -151.5, 1660.999999999982, 0, 0, 0, 0, 0, 0]
Sharpe Ratio: 0.051
Annualized Sharpe: 0.809
Sharpe 95% CI: (np.float64(-1.131), np.float64(2.097))
Daily Win Rate (%): 22.22
Max Drawdown: -2063.0
Profit Factor: 1.466
Expectancy: 12.344
Trades Per Month (Global): 18.916666666666668
Total Days: 320



Rolling 7 - Variant 2 - 10_15 - Fit Metrics
Trade Returns: [-151.5, 1861, 1861, -151.5, -151.5, -151.5, -151.5, -151.5, -151.5, -151.5, -151.5, 461.0000000000032, -151.5, -151.5, -151.5, -151.5, -151.5, -151.5, -151.5, -151.5, -151.5, -151.5, 1185.9999999999789, -151.5, -151.5, -151.5, -151.5, -151.5, -151.5, -151.5, 173.5000000000071, -151.5, -151.5, -151.5, -151.5, 1861, -151.5, -151.5, 411.0000000000087, -151.5, -151.5, -151.5, 586.0000000000449, -151.5, -151.5, -151.5, -151.5, -151.5, -151.5, -151.5, -151.5, -151.5, -151.5, -151.5, -14.0, 1861, -151.5, -151.5, -151.5, -14.0, -151.5, -151.5, 248.49999999999886, -151.5, -151.5, -151.5, -151.5, -151.5, -151.5, -151.5, -151.5, -151.5, -151.5, 585.9999999999894, -151.5, 711.0000000000312, -151.5, -151.5, -151.5, -151.5, -151.5, -151.5, -151.5, -151.5, -151.5, -26.50000000002638, -151.5, -151.5, -151.5, 486.00000000000045, -151.5, 410.9999999999532, -151.5, 360.9999999999587, -151.5, -151.5, -151.5, -151.5, 535.9999999999949, -151.5, -151.5, -151.5, -151.5, -151.5, 785.9999999999674, 60.99999999999174, 585.9999999999894, -151.5, -151.5, -151.5, -151.5, -151.5, -151.5, -151.5, 361.0000000000142, -14.0, 510.9999999999977, 211.00000000003072, 60.99999999999174, -151.5, -151.5, 1861, -151.5, -151.5, -151.5, -151.5, 973.50000000003, -151.5, -151.5, -151.5, -151.5, -151.5, 710.9999999999757, -151.5, 485.9999999999449, -151.5, -151.5, -151.5, -151.5, 261.00000000002524, 1861, -151.5, -151.5, -151.5, -151.5, -151.5, 236.00000000002797, -151.5, -151.5, 261.00000000002524, -151.5, -151.5, -151.5, -151.5, -151.5, -151.5, 361.0000000000142, -151.5, -151.5, -151.5, -151.5, -151.5, -151.5, -151.5, -151.5, -151.5, -151.5, -151.5, -151.5, 1861, -151.5, -151.5, -151.5, -151.5, -151.5, -151.5, -151.5, -151.5, -151.5, 161.00000000003624, -151.5, -151.5, 1861, -151.5, -151.5, 1461.000000000004, -151.5, -151.5, 1323.500000000047, -151.5, 1861, -151.5, -151.5, -151.5, -151.5, -151.5, -151.5, -151.5, -151.5, -151.5, -151.5, -151.5, 1861, -151.5, -151.5, -151.5, -151.5, -151.5, -151.5, -151.5, -151.5, -151.5, -151.5, 573.5000000000185, -151.5, -151.5, -151.5, -151.5, 860.9999999999592, -151.5, -151.5, 285.999999999967, -151.5, 798.4999999999937, 411.0000000000087, -151.5, 1861]
Daily Returns: [-151.5, 0, 0, 0, 0, 0, 1861, 0, 0, 0, 0, 0, 0, 1709.5, 0, 0, 0, 0, 0, -151.5, 0, 0, 0, 0, -151.5, 0, 0, 0, 0, 0, 0, 0, 0, 0, 0, 0, 0, 0, 0, 0, 0, -151.5, 0, 0, 0, 0, 0, -151.5, 0, 0, 0, 0, 0, -151.5, -151.5, 0, 0, 0, 0, 0, 0, 0, 0, 0, 0, 0, 0, -151.5, 0, 0, 461.0000000000032, 0, -151.5, 0, 0, 0, -151.5, 0, 0, 0, 0, -151.5, 0, 0, 0, 0, 0, 0, 0, -151.5, 0, -151.5, 0, -151.5, 0, 0, 0, -151.5, 0, 0, 0, 0, 0, -151.5, 0, -151.5, 0, 0, 0, 0, 0, 0, -151.5, 0, 1185.9999999999789, -151.5, 0, 0, 0, 0, 0, 0, 0, 0, 0, -151.5, -151.5, 0, 0, -151.5, -151.5, 0, 0, -151.5, 0, -151.5, 0, 0, 0, 0, 0, 173.5000000000071, 0, 0, 0, 0, -151.5, 0, 0, 0, 0, 0, 0, -303.0, 0, 0, 0, -151.5, 0, 1861, 0, -151.5, 0, 0, 0, -151.5, 0, 0, 0, 411.0000000000087, 0, -151.5, 0, 0, 0, -151.5, 0, 0, 0, -151.5, 586.0000000000449, 0, 0, -303.0, 0, 0, 0, 0, 0, 0, 0, 0, -151.5, 0, 0, 0, 0, 0, 0, 0, 0, 0, 0, -151.5, 0, -151.5, 0, 0, 0, 0, -151.5, 0, 0, 0, 0, 0, 0, 0, 0, 0, 0, 0, 0, -151.5, 0, 0, 0, -151.5, 0, 0, 0, 0, -151.5, 0, 0, -303.0, 0, -14.0, 0, 0, 0, 0, 0, 0, 0, 0, 1861, 0, 0, 0, 0, 0, -151.5, 0, 0, 0, 0, 0, 0, 0, 0, -151.5, 0, 0, -165.5, 0, 0, -151.5, 0, 0, 0, 0, 0, 0, -151.5, 0, 0, 0, 0, 0, 248.49999999999886, 0, 0, -303.0, 0, 0, 0, 0, 0, 0, 0, 0, -151.5, 0, 0, 0, 0, -454.5, 0, -151.5, 0, 0, 0, 0, 0, 0, 0, 0, 0, 0, 0, 0, 0, -151.5, 0, 0, 0, 0, 0, 0, 0, 0, 0, -151.5, 434.4999999999894, 0, 0, -151.5, 0, 711.0000000000312, -151.5, 0, 0, 0, -151.5, 0, -151.5, -151.5, 0, 0, 0, 0, -151.5, 0, 0, 0, -303.0, 0, 0, 0, 0, 0, 0, 0, 0, 0, 0, 0, 0, 0, -151.5, -151.5, 0, 0, 0, 0, 0, 0, 0, 0, -26.50000000002638, 0, -151.5, 0, 0, 0, 0, 0, 0, 0, 0, 0, 0, 0, 0, 0, 0, 0, -151.5, 0, 0, 0, 0, 0, 334.50000000000045, 0, -151.5, 0, 0, 620.4999999999119, 0, 0, 0, 0, 0, -151.5, -303.0, 384.4999999999949, -303.0, 0, 0, 0, 0, 0, 0, -303.0, -151.5, 0, 0, 0, 846.9999999999591, 585.9999999999894, 0, 0, -151.5, 0, 0, 0, 0, 0, 0, 0, 0, 0, 0, 0, 0, -151.5, 0, 0, 0, 0, 0, 0, 0, 0, 0, 0, 0, -151.5, -151.5, 0, 0, -151.5, 0, -151.5, -151.5, 0, 0, 0, 0, 0, 0, 0, 0, 0, 0, 361.0000000000142, 0, 0, 0, 0, 0, 0, 0, 0, 0, 0, 0, 0, -14.0, 722.0000000000284, 0, 60.99999999999174, -303.0, 0, 0, 0, 0, 0, 0, 1709.5, -151.5, 0, 0, 0, 0, 0, -151.5, 0, 0, 0, 0, -151.5, 0, 0, 0, 0, 0, 973.50000000003, 0, 0, 0, 0, 0, -151.5, 0, -151.5, 0, 0, 0, 0, 0, -151.5, 0, -151.5, 0, 0, -151.5, 0, 0, 0, 710.9999999999757, 0, 0, 0, 0, -151.5, 485.9999999999449, 0, 0, 0, -151.5, 0, 0, 0, 0, 0, 0, 0, 0, 0, 0, 0, 0, 0, 0, 0, 0, 0, 0, 0, 0, -151.5, 0, 0, 0, -151.5, 0, 0, 0, -151.5, 0, 0, 0, 0, 0, 261.00000000002524, 0, 0, 1861, 0, 0, 0, 0, 0, 0, 0, 0, 0, 0, 0, 0, 0, 0, 0, 0, 0, 0, 0, -151.5, 0, 0, 0, 0, 0, 0, -151.5, 0, 0, 0, 0, -303.0, 0, 0, 0, -151.5, 236.00000000002797, 0, -303.0, 0, 0, 0, 0, 0, 0, 0, 0, 0, 0, 0, 0, 0, 0, 0, 0, 0, 0, 0, 0, 0, 0, 0, 0, 0, 109.50000000002524, -151.5]
Sharpe Ratio: 0.036
Annualized Sharpe: 0.574
Sharpe 95% CI: (np.float64(-0.776), np.float64(1.516))
Daily Win Rate (%): 21.88
Max Drawdown: -2750.0
Profit Factor: 1.301
Expectancy: 7.781
Trades Per Month (Global): 18.916666666666668
Total Days: 647

Rolling 7 - Variant 2 - 10_15 - Test Metrics
Trade Returns: [-151.5, 1861, 1861, -151.5, -151.5, -151.5, -151.5, -151.5, -151.5, -151.5, -151.5, 461.0000000000032, -151.5, -151.5, -151.5, -151.5, -151.5, -151.5, -151.5, -151.5, -151.5, -151.5, 1185.9999999999789, -151.5, -151.5, -151.5, -151.5, -151.5, -151.5, -151.5, 173.5000000000071, -151.5, -151.5, -151.5, -151.5, 1861, -151.5, -151.5, 411.0000000000087, -151.5, -151.5, -151.5, 586.0000000000449, -151.5, -151.5, -151.5, -151.5, -151.5, -151.5, -151.5, -151.5, -151.5, -151.5, -151.5, -14.0, 1861, -151.5, -151.5, -151.5, -14.0, -151.5, -151.5, 248.49999999999886, -151.5, -151.5, -151.5, -151.5, -151.5, -151.5, -151.5, -151.5, -151.5, -151.5, 585.9999999999894, -151.5, 711.0000000000312, -151.5, -151.5, -151.5, -151.5, -151.5, -151.5, -151.5, -151.5, -151.5, -26.50000000002638, -151.5, -151.5, -151.5, 486.00000000000045, -151.5, 410.9999999999532, -151.5, 360.9999999999587, -151.5, -151.5, -151.5, -151.5, 535.9999999999949, -151.5, -151.5, -151.5, -151.5, -151.5, 785.9999999999674, 60.99999999999174, 585.9999999999894, -151.5, -151.5, -151.5, -151.5, -151.5, -151.5, -151.5, 361.0000000000142, -14.0, 510.9999999999977, 211.00000000003072, 60.99999999999174, -151.5, -151.5, 1861, -151.5, -151.5, -151.5, -151.5, 973.50000000003, -151.5, -151.5, -151.5, -151.5, -151.5, 710.9999999999757, -151.5, 485.9999999999449, -151.5, -151.5, -151.5, -151.5, 261.00000000002524, 1861, -151.5, -151.5, -151.5, -151.5, -151.5, 236.00000000002797, -151.5, -151.5, 261.00000000002524, -151.5, -151.5, -151.5, -151.5, -151.5, -151.5, 361.0000000000142, -151.5, -151.5, -151.5, -151.5, -151.5, -151.5, -151.5, -151.5, -151.5, -151.5, -151.5, -151.5, 1861, -151.5, -151.5, -151.5, -151.5, -151.5, -151.5, -151.5, -151.5, -151.5, 161.00000000003624, -151.5, -151.5, 1861, -151.5, -151.5, 1461.000000000004, -151.5, -151.5, 1323.500000000047, -151.5, 1861, -151.5, -151.5, -151.5, -151.5, -151.5, -151.5, -151.5, -151.5, -151.5, -151.5, -151.5, 1861, -151.5, -151.5, -151.5, -151.5, -151.5, -151.5, -151.5, -151.5, -151.5, -151.5, 573.5000000000185, -151.5, -151.5, -151.5, -151.5, 860.9999999999592, -151.5, -151.5, 285.999999999967, -151.5, 798.4999999999937, 411.0000000000087, -151.5, 1861]
Daily Returns: [0, 0, 0, 0, 0, 0, -151.5, 0, 0, 0, 0, 0, 0, 0, 0, 0, 0, -151.5, 0, 0, 0, 0, 0, -151.5, -151.5, 0, 361.0000000000142, 0, -151.5, 0, 0, -151.5, 0, 0, 0, -151.5, 0, 0, 0, 0, -151.5, -151.5, 0, 0, 0, 0, 0, 0, 0, 0, 0, 0, -151.5, 0, 0, 0, 0, 0, -151.5, -151.5, 0, 0, 0, 0, 0, -151.5, 0, 0, 0, 0, -151.5, 0, 0, 0, 0, 0, 0, -151.5, 0, 0, 0, 0, 0, 0, -151.5, 0, 0, 0, 0, 0, 1709.5, 0, 0, 0, 0, 0, 0, 0, 0, 0, 0, 0, 0, -454.5, 0, 0, 0, -151.5, 0, 0, 0, 0, 0, 0, 0, 0, -151.5, 0, -303.0, 0, 9.500000000036238, 0, 0, 0, 0, 0, 0, 0, 0, 0, -151.5, 0, -151.5, 0, 0, 0, 0, 1861, -151.5, 0, 0, 0, 0, 0, 0, 0, 0, 0, 0, 0, -151.5, 0, 0, 0, 0, 0, 1309.500000000004, 0, 0, 0, 0, -151.5, 0, 0, 0, 0, 0, 0, 1323.500000000047, 0, 0, 0, -151.5, 0, 0, 0, 1861, 0, 0, 0, -151.5, 0, -151.5, 0, 0, 0, 0, 0, 0, 0, -303.0, -454.5, 0, 0, 0, 0, 0, -151.5, 0, 0, -151.5, 0, -303.0, 0, 0, 0, 0, 0, 0, 0, 0, 0, 0, 0, 1709.5, 0, 0, 0, 0, 0, 0, 0, 0, 0, 0, 0, -151.5, 0, 0, 0, 0, 0, 0, -151.5, 0, 0, 0, 0, -151.5, 0, 0, 0, 0, 0, 0, -151.5, 0, -151.5, -151.5, 0, 0, -151.5, 0, 0, -151.5, 0, -151.5, 0, 0, 0, 573.5000000000185, 0, 0, -151.5, 0, 0, -151.5, 0, 0, 0, 0, -151.5, -151.5, 0, 860.9999999999592, 0, 0, 0, 0, 0, 0, 0, -151.5, 0, 0, 0, 0, -151.5, 0, 0, 134.49999999996697, 0, 0, 0, 0, 0, 0, 0, 0, 0, 798.4999999999937, 0, 0, 0, 0, 0, 0, 0, 0, 0, 0, 411.0000000000087, -151.5, 1861, 0, 0, 0, 0, 0, 0]
Sharpe Ratio: 0.073
Annualized Sharpe: 1.156
Sharpe 95% CI: (np.float64(-0.592), np.float64(2.413))
Daily Win Rate (%): 22.22
Max Drawdown: -2063.0
Profit Factor: 1.743
Expectancy: 19.688
Trades Per Month (Global): 18.916666666666668
Total Days: 320



Rolling 7 - Variant 3 - 20_15 - Fit Metrics
Trade Returns: [-144.5, 1868, 1868, -144.5, 24.249999999996557, -144.5, -144.5, -144.5, -144.5, -144.5, -144.5, 230.5000000000016, -144.5, -144.5, -144.5, -144.5, -144.5, -144.5, 205.4999999999766, -144.5, -144.5, -144.5, 592.9999999999894, -144.5, -144.5, -144.5, -144.5, -144.5, -144.5, -144.5, 86.75000000000355, -144.5, -144.5, -144.5, -144.5, 693.0000000000061, -144.5, 143.00000000001123, 205.50000000000435, -144.5, -144.5, -144.5, 293.00000000002245, -144.5, -144.5, -144.5, -144.5, -144.5, -144.5, -144.5, 80.50000000001812, -144.5, -144.5, -144.5, -7.0, 1217.9999999999761, -144.5, -144.5, -144.5, -7.0, -144.5, -144.5, 124.24999999999943, 1243.0000000000011, -144.5, 511.7500000000123, -144.5, 392.9999999999837, -144.5, -144.5, -144.5, -144.5, -144.5, 292.9999999999947, -144.5, 355.5000000000156, -144.5, -144.5, -144.5, -144.5, -144.5, -144.5, -144.5, -144.5, -144.5, -13.25000000001319, -144.5, -144.5, -144.5, 243.00000000000023, 430.50000000000733, 205.4999999999766, -144.5, 180.49999999997934, -144.5, -144.5, -144.5, -144.5, 267.99999999999744, -144.5, -144.5, 1280.499999999997, -144.5, -144.5, 392.9999999999837, 30.49999999999587, 292.9999999999947, -144.5, -144.5, -144.5, -144.5, -144.5, -144.5, -144.5, 180.5000000000071, -7.0, 255.49999999999886, 105.50000000001536, 30.49999999999587, -144.5, -144.5, 743.0000000000007, -144.5, 505.4999999999991, -144.5, -144.5, 486.750000000015, -144.5, -144.5, -144.5, -144.5, -144.5, 355.49999999998784, 80.49999999999037, 242.99999999997246, -144.5, 86.75000000000355, -144.5, -144.5, 130.50000000001262, 918.0000000000091, -144.5, -144.5, -144.5, -144.5, -144.5, 118.00000000001398, -144.5, 386.7499999999983, 130.50000000001262, -82.0000000000195, -69.50000000002088, -144.5, -144.5, -144.5, -144.5, 180.5000000000071, -144.5, -144.5, -144.5, -144.5, -144.5, -144.5, 480.5000000000018, -144.5, -144.5, -144.5, -144.5, -144.5, 874.2500000000001, -144.5, -144.5, -144.5, -144.5, -144.5, -144.5, -144.5, -144.5, -144.5, 80.50000000001812, 261.75000000001205, -144.5, 367.99999999998647, -144.5, -144.5, 730.500000000002, -144.5, -144.5, 661.7500000000235, -144.5, 130.49999999998485, 536.7499999999817, -144.5, -144.5, -144.5, -144.5, -144.5, -144.5, -144.5, -144.5, -144.5, -144.5, 905.5000000000106, -144.5, -144.5, -144.5, -144.5, -144.5, -144.5, -144.5, -144.5, -144.5, -144.5, 286.75000000000927, -144.5, -144.5, -7.0, -144.5, 430.4999999999796, -144.5, -144.5, 142.9999999999835, -144.5, 399.2499999999969, 205.50000000000435, -144.5, 830.499999999991]
Daily Returns: [-144.5, 0, 0, 0, 0, 0, 1868, 0, 0, 0, 0, 0, 0, 1723.5, 0, 0, 0, 0, 0, 24.249999999996557, 0, 0, 0, 0, -144.5, 0, 0, 0, 0, 0, 0, 0, 0, 0, 0, 0, 0, 0, 0, 0, 0, -144.5, 0, 0, 0, 0, 0, -144.5, 0, 0, 0, 0, 0, -144.5, -144.5, 0, 0, 0, 0, 0, 0, 0, 0, 0, 0, 0, 0, -144.5, 0, 0, 230.5000000000016, 0, -144.5, 0, 0, 0, -144.5, 0, 0, 0, 0, -144.5, 0, 0, 0, 0, 0, 0, 0, -144.5, 0, -144.5, 0, -144.5, 0, 0, 0, 205.4999999999766, 0, 0, 0, 0, 0, -144.5, 0, -144.5, 0, 0, 0, 0, 0, 0, -144.5, 0, 592.9999999999894, -144.5, 0, 0, 0, 0, 0, 0, 0, 0, 0, -144.5, -144.5, 0, 0, -144.5, -144.5, 0, 0, -144.5, 0, -144.5, 0, 0, 0, 0, 0, 86.75000000000355, 0, 0, 0, 0, -144.5, 0, 0, 0, 0, 0, 0, -289.0, 0, 0, 0, -144.5, 0, 693.0000000000061, 0, -144.5, 0, 0, 0, 143.00000000001123, 0, 0, 0, 205.50000000000435, 0, -144.5, 0, 0, 0, -144.5, 0, 0, 0, -144.5, 293.00000000002245, 0, 0, -289.0, 0, 0, 0, 0, 0, 0, 0, 0, -144.5, 0, 0, 0, 0, 0, 0, 0, 0, 0, 0, -144.5, 0, -144.5, 0, 0, 0, 0, -144.5, 0, 0, 0, 0, 0, 0, 0, 0, 0, 0, 0, 0, -144.5, 0, 0, 0, 80.50000000001812, 0, 0, 0, 0, -144.5, 0, 0, -289.0, 0, -7.0, 0, 0, 0, 0, 0, 0, 0, 0, 1217.9999999999761, 0, 0, 0, 0, 0, -144.5, 0, 0, 0, 0, 0, 0, 0, 0, -144.5, 0, 0, -151.5, 0, 0, -144.5, 0, 0, 0, 0, 0, 0, -144.5, 0, 0, 0, 0, 0, 124.24999999999943, 0, 0, 1098.5000000000011, 0, 0, 0, 0, 0, 0, 0, 0, 511.7500000000123, 0, 0, 0, 0, 103.99999999998369, 0, -144.5, 0, 0, 0, 0, 0, 0, 0, 0, 0, 0, 0, 0, 0, -144.5, 0, 0, 0, 0, 0, 0, 0, 0, 0, -144.5, 148.4999999999947, 0, 0, -144.5, 0, 355.5000000000156, -144.5, 0, 0, 0, -144.5, 0, -144.5, -144.5, 0, 0, 0, 0, -144.5, 0, 0, 0, -289.0, 0, 0, 0, 0, 0, 0, 0, 0, 0, 0, 0, 0, 0, -144.5, -144.5, 0, 0, 0, 0, 0, 0, 0, 0, -13.25000000001319, 0, -144.5, 0, 0, 0, 0, 0, 0, 0, 0, 0, 0, 0, 0, 0, 0, 0, -144.5, 0, 0, 0, 0, 0, 98.50000000000023, 0, 430.50000000000733, 0, 0, 241.49999999995595, 0, 0, 0, 0, 0, -144.5, -289.0, 123.49999999999744, -289.0, 0, 0, 0, 0, 0, 0, 1135.999999999997, -144.5, 0, 0, 0, 423.49999999997954, 292.9999999999947, 0, 0, -144.5, 0, 0, 0, 0, 0, 0, 0, 0, 0, 0, 0, 0, -144.5, 0, 0, 0, 0, 0, 0, 0, 0, 0, 0, 0, -144.5, -144.5, 0, 0, -144.5, 0, -144.5, -144.5, 0, 0, 0, 0, 0, 0, 0, 0, 0, 0, 180.5000000000071, 0, 0, 0, 0, 0, 0, 0, 0, 0, 0, 0, 0, -7.0, 361.0000000000142, 0, 30.49999999999587, -289.0, 0, 0, 0, 0, 0, 0, 598.5000000000007, 505.4999999999991, 0, 0, 0, 0, 0, -144.5, 0, 0, 0, 0, -144.5, 0, 0, 0, 0, 0, 486.750000000015, 0, 0, 0, 0, 0, -144.5, 0, -144.5, 0, 0, 0, 0, 0, -144.5, 0, -144.5, 0, 0, -144.5, 0, 0, 0, 355.49999999998784, 0, 0, 0, 0, 80.49999999999037, 242.99999999997246, 0, 0, 0, -144.5, 0, 0, 0, 0, 0, 0, 0, 0, 0, 0, 0, 0, 0, 0, 0, 0, 0, 0, 0, 0, 86.75000000000355, 0, 0, 0, -144.5, 0, 0, 0, -144.5, 0, 0, 0, 0, 0, 130.50000000001262, 0, 0, 918.0000000000091, 0, 0, 0, 0, 0, 0, 0, 0, 0, 0, 0, 0, 0, 0, 0, 0, 0, 0, 0, -144.5, 0, 0, 0, 0, 0, 0, -144.5, 0, 0, 0, 0, -289.0, 0, 0, 0, -144.5, 118.00000000001398, 0, 242.2499999999983, 0, 0, 0, 0, 0, 0, 0, 0, 0, 0, 0, 0, 0, 0, 0, 0, 0, 0, 0, 0, 0, 0, 0, 0, 0, 48.49999999999312, -69.50000000002088]
Sharpe Ratio: 0.034
Annualized Sharpe: 0.544
Sharpe 95% CI: (np.float64(-0.832), np.float64(1.491))
Daily Win Rate (%): 32.03
Max Drawdown: -3256.25
Profit Factor: 1.271
Expectancy: 5.543
Trades Per Month (Global): 18.916666666666668
Total Days: 647

Rolling 7 - Variant 3 - 20_15 - Test Metrics
Trade Returns: [-144.5, 1868, 1868, -144.5, 24.249999999996557, -144.5, -144.5, -144.5, -144.5, -144.5, -144.5, 230.5000000000016, -144.5, -144.5, -144.5, -144.5, -144.5, -144.5, 205.4999999999766, -144.5, -144.5, -144.5, 592.9999999999894, -144.5, -144.5, -144.5, -144.5, -144.5, -144.5, -144.5, 86.75000000000355, -144.5, -144.5, -144.5, -144.5, 693.0000000000061, -144.5, 143.00000000001123, 205.50000000000435, -144.5, -144.5, -144.5, 293.00000000002245, -144.5, -144.5, -144.5, -144.5, -144.5, -144.5, -144.5, 80.50000000001812, -144.5, -144.5, -144.5, -7.0, 1217.9999999999761, -144.5, -144.5, -144.5, -7.0, -144.5, -144.5, 124.24999999999943, 1243.0000000000011, -144.5, 511.7500000000123, -144.5, 392.9999999999837, -144.5, -144.5, -144.5, -144.5, -144.5, 292.9999999999947, -144.5, 355.5000000000156, -144.5, -144.5, -144.5, -144.5, -144.5, -144.5, -144.5, -144.5, -144.5, -13.25000000001319, -144.5, -144.5, -144.5, 243.00000000000023, 430.50000000000733, 205.4999999999766, -144.5, 180.49999999997934, -144.5, -144.5, -144.5, -144.5, 267.99999999999744, -144.5, -144.5, 1280.499999999997, -144.5, -144.5, 392.9999999999837, 30.49999999999587, 292.9999999999947, -144.5, -144.5, -144.5, -144.5, -144.5, -144.5, -144.5, 180.5000000000071, -7.0, 255.49999999999886, 105.50000000001536, 30.49999999999587, -144.5, -144.5, 743.0000000000007, -144.5, 505.4999999999991, -144.5, -144.5, 486.750000000015, -144.5, -144.5, -144.5, -144.5, -144.5, 355.49999999998784, 80.49999999999037, 242.99999999997246, -144.5, 86.75000000000355, -144.5, -144.5, 130.50000000001262, 918.0000000000091, -144.5, -144.5, -144.5, -144.5, -144.5, 118.00000000001398, -144.5, 386.7499999999983, 130.50000000001262, -82.0000000000195, -69.50000000002088, -144.5, -144.5, -144.5, -144.5, 180.5000000000071, -144.5, -144.5, -144.5, -144.5, -144.5, -144.5, 480.5000000000018, -144.5, -144.5, -144.5, -144.5, -144.5, 874.2500000000001, -144.5, -144.5, -144.5, -144.5, -144.5, -144.5, -144.5, -144.5, -144.5, 80.50000000001812, 261.75000000001205, -144.5, 367.99999999998647, -144.5, -144.5, 730.500000000002, -144.5, -144.5, 661.7500000000235, -144.5, 130.49999999998485, 536.7499999999817, -144.5, -144.5, -144.5, -144.5, -144.5, -144.5, -144.5, -144.5, -144.5, -144.5, 905.5000000000106, -144.5, -144.5, -144.5, -144.5, -144.5, -144.5, -144.5, -144.5, -144.5, -144.5, 286.75000000000927, -144.5, -144.5, -7.0, -144.5, 430.4999999999796, -144.5, -144.5, 142.9999999999835, -144.5, 399.2499999999969, 205.50000000000435, -144.5, 830.499999999991]
Daily Returns: [0, 0, 0, 0, 0, 0, -144.5, 0, 0, 0, 0, 0, 0, 0, 0, 0, 0, -144.5, 0, 0, 0, 0, 0, -144.5, -144.5, 0, 180.5000000000071, 0, -144.5, 0, 0, -144.5, 0, 0, 0, -144.5, 0, 0, 0, 0, -144.5, -144.5, 0, 0, 0, 0, 0, 0, 0, 0, 0, 0, -144.5, 0, 0, 0, 0, 0, 480.5000000000018, -144.5, 0, 0, 0, 0, 0, -144.5, 0, 0, 0, 0, -144.5, 0, 0, 0, 0, 0, 0, -144.5, 0, 0, 0, 0, 0, 0, -144.5, 0, 0, 0, 0, 0, 729.7500000000001, 0, 0, 0, 0, 0, 0, 0, 0, 0, 0, 0, 0, -433.5, 0, 0, 0, -144.5, 0, 0, 0, 0, 0, 0, 0, 0, -144.5, 0, -289.0, 0, -63.99999999998188, 0, 0, 0, 0, 0, 0, 0, 0, 0, 261.75000000001205, 0, -144.5, 0, 0, 0, 0, 367.99999999998647, -144.5, 0, 0, 0, 0, 0, 0, 0, 0, 0, 0, 0, -144.5, 0, 0, 0, 0, 0, 586.000000000002, 0, 0, 0, 0, -144.5, 0, 0, 0, 0, 0, 0, 661.7500000000235, 0, 0, 0, -144.5, 0, 0, 0, 130.49999999998485, 0, 0, 0, 536.7499999999817, 0, -144.5, 0, 0, 0, 0, 0, 0, 0, -289.0, -433.5, 0, 0, 0, 0, 0, -144.5, 0, 0, -144.5, 0, -289.0, 0, 0, 0, 0, 0, 0, 0, 0, 0, 0, 0, 761.0000000000106, 0, 0, 0, 0, 0, 0, 0, 0, 0, 0, 0, -144.5, 0, 0, 0, 0, 0, 0, -144.5, 0, 0, 0, 0, -144.5, 0, 0, 0, 0, 0, 0, -144.5, 0, -144.5, -144.5, 0, 0, -144.5, 0, 0, -144.5, 0, -144.5, 0, 0, 0, 286.75000000000927, 0, 0, -144.5, 0, 0, -144.5, 0, 0, 0, 0, -7.0, -144.5, 0, 430.4999999999796, 0, 0, 0, 0, 0, 0, 0, -144.5, 0, 0, 0, 0, -144.5, 0, 0, -1.500000000016513, 0, 0, 0, 0, 0, 0, 0, 0, 0, 399.2499999999969, 0, 0, 0, 0, 0, 0, 0, 0, 0, 0, 205.50000000000435, -144.5, 830.499999999991, 0, 0, 0, 0, 0, 0]
Sharpe Ratio: -0.018
Annualized Sharpe: -0.284
Sharpe 95% CI: (np.float64(-2.369), np.float64(1.324))
Daily Win Rate (%): 23.81
Max Drawdown: -2168.25
Profit Factor: 0.903
Expectancy: -2.305
Trades Per Month (Global): 18.916666666666668
Total Days: 320



Rolling 7 - Variant 4 - 20_20 - Fit Metrics
Trade Returns: [-144.5, 1774.249999999998, 1886.7499999999995, -144.5, 24.249999999996557, -144.5, -144.5, -144.5, -144.5, -144.5, -144.5, 230.5000000000016, -144.5, -144.5, -144.5, -144.5, -144.5, -144.5, 205.4999999999766, -144.5, -144.5, -144.5, 592.9999999999894, -144.5, -144.5, -144.5, -144.5, -144.5, -144.5, -144.5, 86.75000000000355, -144.5, -144.5, -144.5, -144.5, 693.0000000000061, -144.5, 143.00000000001123, 205.50000000000435, -144.5, -144.5, -144.5, 293.00000000002245, -144.5, -144.5, -144.5, -144.5, -144.5, -144.5, -144.5, 80.50000000001812, -144.5, -144.5, -144.5, -7.0, 1217.9999999999761, -144.5, -144.5, -144.5, -7.0, -144.5, -144.5, 124.24999999999943, 1243.0000000000011, -144.5, 511.7500000000123, -144.5, 392.9999999999837, -144.5, -144.5, -144.5, -144.5, -144.5, 292.9999999999947, -144.5, 355.5000000000156, -144.5, -144.5, -144.5, -144.5, -144.5, -144.5, -144.5, -144.5, -144.5, -13.25000000001319, -144.5, -144.5, -144.5, 243.00000000000023, 430.50000000000733, 205.4999999999766, -144.5, 180.49999999997934, -144.5, -144.5, -144.5, -144.5, 267.99999999999744, -144.5, -144.5, 1280.499999999997, -144.5, -144.5, 392.9999999999837, 30.49999999999587, 292.9999999999947, -144.5, -144.5, -144.5, -144.5, -144.5, -144.5, -144.5, 180.5000000000071, -7.0, 255.49999999999886, 105.50000000001536, 30.49999999999587, -144.5, -144.5, 743.0000000000007, -144.5, 505.4999999999991, -144.5, -144.5, 486.750000000015, -144.5, -144.5, -144.5, -144.5, -144.5, 355.49999999998784, 80.49999999999037, 242.99999999997246, -144.5, 86.75000000000355, -144.5, -144.5, 130.50000000001262, 918.0000000000091, -144.5, -144.5, -144.5, -144.5, -144.5, 118.00000000001398, -144.5, 386.7499999999983, 130.50000000001262, -82.0000000000195, -69.50000000002088, -144.5, -144.5, -144.5, -144.5, 180.5000000000071, -144.5, -144.5, -144.5, -144.5, -144.5, -144.5, 480.5000000000018, -144.5, -144.5, -144.5, -144.5, -144.5, 874.2500000000001, -144.5, -144.5, -144.5, -144.5, -144.5, -144.5, -144.5, -144.5, -144.5, 80.50000000001812, 261.75000000001205, -144.5, 367.99999999998647, -144.5, -144.5, 730.500000000002, -144.5, -144.5, 661.7500000000235, -144.5, 130.49999999998485, 536.7499999999817, -144.5, -144.5, -144.5, -144.5, -144.5, -144.5, -144.5, -144.5, -144.5, -144.5, 905.5000000000106, -144.5, -144.5, -144.5, -144.5, -144.5, -144.5, -144.5, -144.5, -144.5, -144.5, 286.75000000000927, -144.5, -144.5, -7.0, -144.5, 430.4999999999796, -144.5, -144.5, 142.9999999999835, -144.5, 399.2499999999969, 205.50000000000435, -144.5, 830.499999999991]
Daily Returns: [-144.5, 0, 0, 0, 0, 0, 1774.249999999998, 0, 0, 0, 0, 0, 0, 1742.2499999999995, 0, 0, 0, 0, 0, 24.249999999996557, 0, 0, 0, 0, -144.5, 0, 0, 0, 0, 0, 0, 0, 0, 0, 0, 0, 0, 0, 0, 0, 0, -144.5, 0, 0, 0, 0, 0, -144.5, 0, 0, 0, 0, 0, -144.5, -144.5, 0, 0, 0, 0, 0, 0, 0, 0, 0, 0, 0, 0, -144.5, 0, 0, 230.5000000000016, 0, -144.5, 0, 0, 0, -144.5, 0, 0, 0, 0, -144.5, 0, 0, 0, 0, 0, 0, 0, -144.5, 0, -144.5, 0, -144.5, 0, 0, 0, 205.4999999999766, 0, 0, 0, 0, 0, -144.5, 0, -144.5, 0, 0, 0, 0, 0, 0, -144.5, 0, 592.9999999999894, -144.5, 0, 0, 0, 0, 0, 0, 0, 0, 0, -144.5, -144.5, 0, 0, -144.5, -144.5, 0, 0, -144.5, 0, -144.5, 0, 0, 0, 0, 0, 86.75000000000355, 0, 0, 0, 0, -144.5, 0, 0, 0, 0, 0, 0, -289.0, 0, 0, 0, -144.5, 0, 693.0000000000061, 0, -144.5, 0, 0, 0, 143.00000000001123, 0, 0, 0, 205.50000000000435, 0, -144.5, 0, 0, 0, -144.5, 0, 0, 0, -144.5, 293.00000000002245, 0, 0, -289.0, 0, 0, 0, 0, 0, 0, 0, 0, -144.5, 0, 0, 0, 0, 0, 0, 0, 0, 0, 0, -144.5, 0, -144.5, 0, 0, 0, 0, -144.5, 0, 0, 0, 0, 0, 0, 0, 0, 0, 0, 0, 0, -144.5, 0, 0, 0, 80.50000000001812, 0, 0, 0, 0, -144.5, 0, 0, -289.0, 0, -7.0, 0, 0, 0, 0, 0, 0, 0, 0, 1217.9999999999761, 0, 0, 0, 0, 0, -144.5, 0, 0, 0, 0, 0, 0, 0, 0, -144.5, 0, 0, -151.5, 0, 0, -144.5, 0, 0, 0, 0, 0, 0, -144.5, 0, 0, 0, 0, 0, 124.24999999999943, 0, 0, 1098.5000000000011, 0, 0, 0, 0, 0, 0, 0, 0, 511.7500000000123, 0, 0, 0, 0, 103.99999999998369, 0, -144.5, 0, 0, 0, 0, 0, 0, 0, 0, 0, 0, 0, 0, 0, -144.5, 0, 0, 0, 0, 0, 0, 0, 0, 0, -144.5, 148.4999999999947, 0, 0, -144.5, 0, 355.5000000000156, -144.5, 0, 0, 0, -144.5, 0, -144.5, -144.5, 0, 0, 0, 0, -144.5, 0, 0, 0, -289.0, 0, 0, 0, 0, 0, 0, 0, 0, 0, 0, 0, 0, 0, -144.5, -144.5, 0, 0, 0, 0, 0, 0, 0, 0, -13.25000000001319, 0, -144.5, 0, 0, 0, 0, 0, 0, 0, 0, 0, 0, 0, 0, 0, 0, 0, -144.5, 0, 0, 0, 0, 0, 98.50000000000023, 0, 430.50000000000733, 0, 0, 241.49999999995595, 0, 0, 0, 0, 0, -144.5, -289.0, 123.49999999999744, -289.0, 0, 0, 0, 0, 0, 0, 1135.999999999997, -144.5, 0, 0, 0, 423.49999999997954, 292.9999999999947, 0, 0, -144.5, 0, 0, 0, 0, 0, 0, 0, 0, 0, 0, 0, 0, -144.5, 0, 0, 0, 0, 0, 0, 0, 0, 0, 0, 0, -144.5, -144.5, 0, 0, -144.5, 0, -144.5, -144.5, 0, 0, 0, 0, 0, 0, 0, 0, 0, 0, 180.5000000000071, 0, 0, 0, 0, 0, 0, 0, 0, 0, 0, 0, 0, -7.0, 361.0000000000142, 0, 30.49999999999587, -289.0, 0, 0, 0, 0, 0, 0, 598.5000000000007, 505.4999999999991, 0, 0, 0, 0, 0, -144.5, 0, 0, 0, 0, -144.5, 0, 0, 0, 0, 0, 486.750000000015, 0, 0, 0, 0, 0, -144.5, 0, -144.5, 0, 0, 0, 0, 0, -144.5, 0, -144.5, 0, 0, -144.5, 0, 0, 0, 355.49999999998784, 0, 0, 0, 0, 80.49999999999037, 242.99999999997246, 0, 0, 0, -144.5, 0, 0, 0, 0, 0, 0, 0, 0, 0, 0, 0, 0, 0, 0, 0, 0, 0, 0, 0, 0, 86.75000000000355, 0, 0, 0, -144.5, 0, 0, 0, -144.5, 0, 0, 0, 0, 0, 130.50000000001262, 0, 0, 918.0000000000091, 0, 0, 0, 0, 0, 0, 0, 0, 0, 0, 0, 0, 0, 0, 0, 0, 0, 0, 0, -144.5, 0, 0, 0, 0, 0, 0, -144.5, 0, 0, 0, 0, -289.0, 0, 0, 0, -144.5, 118.00000000001398, 0, 242.2499999999983, 0, 0, 0, 0, 0, 0, 0, 0, 0, 0, 0, 0, 0, 0, 0, 0, 0, 0, 0, 0, 0, 0, 0, 0, 0, 48.49999999999312, -69.50000000002088]
Sharpe Ratio: 0.034
Annualized Sharpe: 0.537
Sharpe 95% CI: (np.float64(-0.832), np.float64(1.484))
Daily Win Rate (%): 32.03
Max Drawdown: -3256.25
Profit Factor: 1.265
Expectancy: 5.427
Trades Per Month (Global): 18.916666666666668
Total Days: 647

Rolling 7 - Variant 4 - 20_20 - Test Metrics
Trade Returns: [-144.5, 1774.249999999998, 1886.7499999999995, -144.5, 24.249999999996557, -144.5, -144.5, -144.5, -144.5, -144.5, -144.5, 230.5000000000016, -144.5, -144.5, -144.5, -144.5, -144.5, -144.5, 205.4999999999766, -144.5, -144.5, -144.5, 592.9999999999894, -144.5, -144.5, -144.5, -144.5, -144.5, -144.5, -144.5, 86.75000000000355, -144.5, -144.5, -144.5, -144.5, 693.0000000000061, -144.5, 143.00000000001123, 205.50000000000435, -144.5, -144.5, -144.5, 293.00000000002245, -144.5, -144.5, -144.5, -144.5, -144.5, -144.5, -144.5, 80.50000000001812, -144.5, -144.5, -144.5, -7.0, 1217.9999999999761, -144.5, -144.5, -144.5, -7.0, -144.5, -144.5, 124.24999999999943, 1243.0000000000011, -144.5, 511.7500000000123, -144.5, 392.9999999999837, -144.5, -144.5, -144.5, -144.5, -144.5, 292.9999999999947, -144.5, 355.5000000000156, -144.5, -144.5, -144.5, -144.5, -144.5, -144.5, -144.5, -144.5, -144.5, -13.25000000001319, -144.5, -144.5, -144.5, 243.00000000000023, 430.50000000000733, 205.4999999999766, -144.5, 180.49999999997934, -144.5, -144.5, -144.5, -144.5, 267.99999999999744, -144.5, -144.5, 1280.499999999997, -144.5, -144.5, 392.9999999999837, 30.49999999999587, 292.9999999999947, -144.5, -144.5, -144.5, -144.5, -144.5, -144.5, -144.5, 180.5000000000071, -7.0, 255.49999999999886, 105.50000000001536, 30.49999999999587, -144.5, -144.5, 743.0000000000007, -144.5, 505.4999999999991, -144.5, -144.5, 486.750000000015, -144.5, -144.5, -144.5, -144.5, -144.5, 355.49999999998784, 80.49999999999037, 242.99999999997246, -144.5, 86.75000000000355, -144.5, -144.5, 130.50000000001262, 918.0000000000091, -144.5, -144.5, -144.5, -144.5, -144.5, 118.00000000001398, -144.5, 386.7499999999983, 130.50000000001262, -82.0000000000195, -69.50000000002088, -144.5, -144.5, -144.5, -144.5, 180.5000000000071, -144.5, -144.5, -144.5, -144.5, -144.5, -144.5, 480.5000000000018, -144.5, -144.5, -144.5, -144.5, -144.5, 874.2500000000001, -144.5, -144.5, -144.5, -144.5, -144.5, -144.5, -144.5, -144.5, -144.5, 80.50000000001812, 261.75000000001205, -144.5, 367.99999999998647, -144.5, -144.5, 730.500000000002, -144.5, -144.5, 661.7500000000235, -144.5, 130.49999999998485, 536.7499999999817, -144.5, -144.5, -144.5, -144.5, -144.5, -144.5, -144.5, -144.5, -144.5, -144.5, 905.5000000000106, -144.5, -144.5, -144.5, -144.5, -144.5, -144.5, -144.5, -144.5, -144.5, -144.5, 286.75000000000927, -144.5, -144.5, -7.0, -144.5, 430.4999999999796, -144.5, -144.5, 142.9999999999835, -144.5, 399.2499999999969, 205.50000000000435, -144.5, 830.499999999991]
Daily Returns: [0, 0, 0, 0, 0, 0, -144.5, 0, 0, 0, 0, 0, 0, 0, 0, 0, 0, -144.5, 0, 0, 0, 0, 0, -144.5, -144.5, 0, 180.5000000000071, 0, -144.5, 0, 0, -144.5, 0, 0, 0, -144.5, 0, 0, 0, 0, -144.5, -144.5, 0, 0, 0, 0, 0, 0, 0, 0, 0, 0, -144.5, 0, 0, 0, 0, 0, 480.5000000000018, -144.5, 0, 0, 0, 0, 0, -144.5, 0, 0, 0, 0, -144.5, 0, 0, 0, 0, 0, 0, -144.5, 0, 0, 0, 0, 0, 0, -144.5, 0, 0, 0, 0, 0, 729.7500000000001, 0, 0, 0, 0, 0, 0, 0, 0, 0, 0, 0, 0, -433.5, 0, 0, 0, -144.5, 0, 0, 0, 0, 0, 0, 0, 0, -144.5, 0, -289.0, 0, -63.99999999998188, 0, 0, 0, 0, 0, 0, 0, 0, 0, 261.75000000001205, 0, -144.5, 0, 0, 0, 0, 367.99999999998647, -144.5, 0, 0, 0, 0, 0, 0, 0, 0, 0, 0, 0, -144.5, 0, 0, 0, 0, 0, 586.000000000002, 0, 0, 0, 0, -144.5, 0, 0, 0, 0, 0, 0, 661.7500000000235, 0, 0, 0, -144.5, 0, 0, 0, 130.49999999998485, 0, 0, 0, 536.7499999999817, 0, -144.5, 0, 0, 0, 0, 0, 0, 0, -289.0, -433.5, 0, 0, 0, 0, 0, -144.5, 0, 0, -144.5, 0, -289.0, 0, 0, 0, 0, 0, 0, 0, 0, 0, 0, 0, 761.0000000000106, 0, 0, 0, 0, 0, 0, 0, 0, 0, 0, 0, -144.5, 0, 0, 0, 0, 0, 0, -144.5, 0, 0, 0, 0, -144.5, 0, 0, 0, 0, 0, 0, -144.5, 0, -144.5, -144.5, 0, 0, -144.5, 0, 0, -144.5, 0, -144.5, 0, 0, 0, 286.75000000000927, 0, 0, -144.5, 0, 0, -144.5, 0, 0, 0, 0, -7.0, -144.5, 0, 430.4999999999796, 0, 0, 0, 0, 0, 0, 0, -144.5, 0, 0, 0, 0, -144.5, 0, 0, -1.500000000016513, 0, 0, 0, 0, 0, 0, 0, 0, 0, 399.2499999999969, 0, 0, 0, 0, 0, 0, 0, 0, 0, 0, 205.50000000000435, -144.5, 830.499999999991, 0, 0, 0, 0, 0, 0]
Sharpe Ratio: -0.018
Annualized Sharpe: -0.284
Sharpe 95% CI: (np.float64(-2.369), np.float64(1.324))
Daily Win Rate (%): 23.81
Max Drawdown: -2168.25
Profit Factor: 0.903
Expectancy: -2.305
Trades Per Month (Global): 18.916666666666668
Total Days: 320



Rolling 8 - Variant 0 - 10_7 - Fit Metrics
Trade Returns: [-151.5, 861, 861, -151.5, -151.5, -151.5, 861, -151.5, -151.5, -151.5, -151.5, 861, -151.5, -151.5, -151.5, -151.5, -151.5, -151.5, -151.5, -151.5, -151.5, -151.5, 861, -151.5, -151.5, -151.5, -151.5, -151.5, -151.5, -151.5, 173.5000000000071, 861, -151.5, -151.5, -151.5, 861, -151.5, -151.5, 411.0000000000087, -151.5, -151.5, -151.5, 861, -151.5, -151.5, -151.5, -151.5, -151.5, -151.5, -151.5, -151.5, -151.5, -151.5, -151.5, -14.0, 861, -151.5, -151.5, -151.5, -14.0, -151.5, -151.5, 248.49999999999886, -151.5, -151.5, -151.5, -151.5, -151.5, -151.5, -151.5, -151.5, -151.5, -151.5, 585.9999999999894, -151.5, 711.0000000000312, -151.5, -151.5, -151.5, -151.5, -151.5, -151.5, -151.5, 861, -151.5, -26.50000000002638, -151.5, -151.5, -151.5, 861, -151.5, 410.9999999999532, -151.5, 360.9999999999587, 861, -151.5, -151.5, -151.5, 535.9999999999949, -151.5, -151.5, -151.5, -151.5, -151.5, 861, 60.99999999999174, 861, -151.5, -151.5, -151.5, -151.5, -151.5, -151.5, -151.5, 361.0000000000142, -14.0, 861, 211.00000000003072, 60.99999999999174, -151.5, -151.5, 861, -151.5, -151.5, -151.5, -151.5, 861, -151.5, -151.5, -151.5, -151.5, -151.5, 861, -151.5, 485.9999999999449, -151.5, -151.5, -151.5, -151.5, 261.00000000002524, 861, -151.5, -151.5, -151.5, -151.5, -151.5, 236.00000000002797, -151.5, -151.5, 261.00000000002524, -151.5, -151.5, -151.5, -151.5, -151.5, -151.5, 861, -151.5, -151.5, -151.5, -151.5, -151.5, -151.5, 861, -151.5, -151.5, -151.5, -151.5, -151.5, 861, -151.5, -151.5, -151.5, -151.5, 861, -151.5, -151.5, -151.5, 861, 161.00000000003624, -151.5, -151.5, 861, -151.5, 861, 861, -151.5, -151.5, 861, -151.5, 861, 861, -151.5, -151.5, -151.5, 861, -151.5, -151.5, -151.5, -151.5, 861, -151.5, 861, -151.5, -151.5, -151.5, -151.5, -151.5, -151.5, -151.5, -151.5, -151.5, -151.5, 573.5000000000185, -151.5, -151.5, -151.5, -151.5, 861, -151.5, -151.5, 861, -151.5, 861, 861, -151.5, 861]
Daily Returns: [-151.5, 0, 0, 0, 0, 0, 861, 0, 0, 0, 0, 0, 0, 709.5, 0, 0, 0, 0, 0, -151.5, 0, 0, 0, 0, -151.5, 0, 0, 0, 0, 0, 0, 0, 0, 0, 0, 0, 0, 0, 0, 0, 0, 861, 0, 0, 0, 0, 0, -151.5, 0, 0, 0, 0, 0, -151.5, -151.5, 0, 0, 0, 0, 0, 0, 0, 0, 0, 0, 0, 0, -151.5, 0, 0, 861, 0, -151.5, 0, 0, 0, -151.5, 0, 0, 0, 0, -151.5, 0, 0, 0, 0, 0, 0, 0, -151.5, 0, -151.5, 0, -151.5, 0, 0, 0, -151.5, 0, 0, 0, 0, 0, -151.5, 0, -151.5, 0, 0, 0, 0, 0, 0, -151.5, 0, 861, -151.5, 0, 0, 0, 0, 0, 0, 0, 0, 0, -151.5, -151.5, 0, 0, -151.5, -151.5, 0, 0, -151.5, 0, -151.5, 0, 0, 0, 0, 0, 173.5000000000071, 0, 0, 0, 0, 861, 0, 0, 0, 0, 0, 0, -303.0, 0, 0, 0, -151.5, 0, 861, 0, -151.5, 0, 0, 0, -151.5, 0, 0, 0, 411.0000000000087, 0, -151.5, 0, 0, 0, -151.5, 0, 0, 0, -151.5, 861, 0, 0, -303.0, 0, 0, 0, 0, 0, 0, 0, 0, -151.5, 0, 0, 0, 0, 0, 0, 0, 0, 0, 0, -151.5, 0, -151.5, 0, 0, 0, 0, -151.5, 0, 0, 0, 0, 0, 0, 0, 0, 0, 0, 0, 0, -151.5, 0, 0, 0, -151.5, 0, 0, 0, 0, -151.5, 0, 0, -303.0, 0, -14.0, 0, 0, 0, 0, 0, 0, 0, 0, 861, 0, 0, 0, 0, 0, -151.5, 0, 0, 0, 0, 0, 0, 0, 0, -151.5, 0, 0, -165.5, 0, 0, -151.5, 0, 0, 0, 0, 0, 0, -151.5, 0, 0, 0, 0, 0, 248.49999999999886, 0, 0, -303.0, 0, 0, 0, 0, 0, 0, 0, 0, -151.5, 0, 0, 0, 0, -454.5, 0, -151.5, 0, 0, 0, 0, 0, 0, 0, 0, 0, 0, 0, 0, 0, -151.5, 0, 0, 0, 0, 0, 0, 0, 0, 0, -151.5, 434.4999999999894, 0, 0, -151.5, 0, 711.0000000000312, -151.5, 0, 0, 0, -151.5, 0, -151.5, -151.5, 0, 0, 0, 0, -151.5, 0, 0, 0, -303.0, 0, 0, 0, 0, 0, 0, 0, 0, 0, 0, 0, 0, 0, 861, -151.5, 0, 0, 0, 0, 0, 0, 0, 0, -26.50000000002638, 0, -151.5, 0, 0, 0, 0, 0, 0, 0, 0, 0, 0, 0, 0, 0, 0, 0, -151.5, 0, 0, 0, 0, 0, 709.5, 0, -151.5, 0, 0, 620.4999999999119, 0, 0, 0, 0, 0, 861, -303.0, 384.4999999999949, -303.0, 0, 0, 0, 0, 0, 0, -303.0, -151.5, 0, 0, 0, 921.9999999999917, 861, 0, 0, -151.5, 0, 0, 0, 0, 0, 0, 0, 0, 0, 0, 0, 0, -151.5, 0, 0, 0, 0, 0, 0, 0, 0, 0, 0, 0, -151.5, -151.5, 0, 0, -151.5, 0, -151.5, -151.5, 0, 0, 0, 0, 0, 0, 0, 0, 0, 0, 361.0000000000142, 0, 0, 0, 0, 0, 0, 0, 0, 0, 0, 0, 0, -14.0, 1072.0000000000307, 0, 60.99999999999174, -303.0, 0, 0, 0, 0, 0, 0, 709.5, -151.5, 0, 0, 0, 0, 0, -151.5, 0, 0, 0, 0, -151.5, 0, 0, 0, 0, 0, 861, 0, 0, 0, 0, 0, -151.5, 0, -151.5, 0, 0, 0, 0, 0, -151.5, 0, -151.5, 0, 0, -151.5, 0, 0, 0, 861, 0, 0, 0, 0, -151.5, 485.9999999999449, 0, 0, 0, -151.5, 0, 0, 0, 0, 0, 0, 0, 0, 0, 0, 0, 0, 0, 0, 0, 0, 0, 0, 0, 0, -151.5, 0, 0, 0, -151.5, 0, 0, 0, -151.5, 0, 0, 0, 0, 0, 261.00000000002524, 0, 0, 861, 0, 0, 0, 0, 0, 0, 0, 0, 0, 0, 0, 0, 0, 0, 0, 0, 0, 0, 0, -151.5, 0, 0, 0, 0, 0, 0, -151.5, 0, 0, 0, 0, -303.0, 0, 0, 0, -151.5, 236.00000000002797, 0, -303.0, 0, 0, 0, 0, 0, 0, 0, 0, 0, 0, 0, 0, 0, 0, 0, 0, 0, 0, 0, 0, 0, 0, 0, 0, 0, 109.50000000002524, -151.5, 0, 0, 0, 0, 0, 0, -151.5, 0, 0, 0, 0, 0, 0, 0, 0, 0, 0, -151.5, 0, 0, 0, 0, 0, -151.5, -151.5, 0, 861, 0, -151.5, 0, 0, -151.5, 0, 0, 0, -151.5, 0, 0, 0, 0, -151.5, -151.5, 0, 0, 0, 0, 0, 0, 0, 0, 0, 0, -151.5, 0, 0, 0, 0, 0, 861, -151.5, 0, 0, 0, 0, 0, -151.5, 0, 0, 0, 0, -151.5, 0, 0, 0, 0, 0, 0, -151.5, 0, 0]
Sharpe Ratio: 0.034
Annualized Sharpe: 0.536
Sharpe 95% CI: (np.float64(-0.648), np.float64(1.54))
Daily Win Rate (%): 23.61
Max Drawdown: -2772.5
Profit Factor: 1.227
Expectancy: 5.706
Trades Per Month (Global): 18.916666666666668
Total Days: 727

Rolling 8 - Variant 0 - 10_7 - Test Metrics
Trade Returns: [-151.5, 861, 861, -151.5, -151.5, -151.5, 861, -151.5, -151.5, -151.5, -151.5, 861, -151.5, -151.5, -151.5, -151.5, -151.5, -151.5, -151.5, -151.5, -151.5, -151.5, 861, -151.5, -151.5, -151.5, -151.5, -151.5, -151.5, -151.5, 173.5000000000071, 861, -151.5, -151.5, -151.5, 861, -151.5, -151.5, 411.0000000000087, -151.5, -151.5, -151.5, 861, -151.5, -151.5, -151.5, -151.5, -151.5, -151.5, -151.5, -151.5, -151.5, -151.5, -151.5, -14.0, 861, -151.5, -151.5, -151.5, -14.0, -151.5, -151.5, 248.49999999999886, -151.5, -151.5, -151.5, -151.5, -151.5, -151.5, -151.5, -151.5, -151.5, -151.5, 585.9999999999894, -151.5, 711.0000000000312, -151.5, -151.5, -151.5, -151.5, -151.5, -151.5, -151.5, 861, -151.5, -26.50000000002638, -151.5, -151.5, -151.5, 861, -151.5, 410.9999999999532, -151.5, 360.9999999999587, 861, -151.5, -151.5, -151.5, 535.9999999999949, -151.5, -151.5, -151.5, -151.5, -151.5, 861, 60.99999999999174, 861, -151.5, -151.5, -151.5, -151.5, -151.5, -151.5, -151.5, 361.0000000000142, -14.0, 861, 211.00000000003072, 60.99999999999174, -151.5, -151.5, 861, -151.5, -151.5, -151.5, -151.5, 861, -151.5, -151.5, -151.5, -151.5, -151.5, 861, -151.5, 485.9999999999449, -151.5, -151.5, -151.5, -151.5, 261.00000000002524, 861, -151.5, -151.5, -151.5, -151.5, -151.5, 236.00000000002797, -151.5, -151.5, 261.00000000002524, -151.5, -151.5, -151.5, -151.5, -151.5, -151.5, 861, -151.5, -151.5, -151.5, -151.5, -151.5, -151.5, 861, -151.5, -151.5, -151.5, -151.5, -151.5, 861, -151.5, -151.5, -151.5, -151.5, 861, -151.5, -151.5, -151.5, 861, 161.00000000003624, -151.5, -151.5, 861, -151.5, 861, 861, -151.5, -151.5, 861, -151.5, 861, 861, -151.5, -151.5, -151.5, 861, -151.5, -151.5, -151.5, -151.5, 861, -151.5, 861, -151.5, -151.5, -151.5, -151.5, -151.5, -151.5, -151.5, -151.5, -151.5, -151.5, 573.5000000000185, -151.5, -151.5, -151.5, -151.5, 861, -151.5, -151.5, 861, -151.5, 861, 861, -151.5, 861]
Daily Returns: [0, 0, 0, 0, -151.5, 0, 0, 0, 0, 0, 709.5, 0, 0, 0, 0, 0, 0, 0, 0, 0, 0, 0, 0, -454.5, 0, 0, 0, 861, 0, 0, 0, 0, 0, 0, 0, 0, -151.5, 0, -303.0, 0, 1022.0000000000363, 0, 0, 0, 0, 0, 0, 0, 0, 0, -151.5, 0, -151.5, 0, 0, 0, 0, 861, -151.5, 0, 0, 0, 0, 0, 0, 0, 0, 0, 0, 0, 861, 0, 0, 0, 0, 0, 709.5, 0, 0, 0, 0, -151.5, 0, 0, 0, 0, 0, 0, 861, 0, 0, 0, -151.5, 0, 0, 0, 861, 0, 0, 0, 861, 0, -151.5, 0, 0, 0, 0, 0, 0, 0, -303.0, 558.0, 0, 0, 0, 0, 0, -151.5, 0, 0, -151.5, 0, 709.5, 0, 0, 0, 0, 0, 0, 0, 0, 0, 0, 0, 709.5, 0, 0, 0, 0, 0, 0, 0, 0, 0, 0, 0, -151.5, 0, 0, 0, 0, 0, 0, -151.5, 0, 0, 0, 0, -151.5, 0, 0, 0, 0, 0, 0, -151.5, 0, -151.5, -151.5, 0, 0, -151.5, 0, 0, -151.5, 0, -151.5, 0, 0, 0, 573.5000000000185, 0, 0, -151.5, 0, 0, -151.5, 0, 0, 0, 0, -151.5, -151.5, 0, 861, 0, 0, 0, 0, 0, 0, 0, -151.5, 0, 0, 0, 0, -151.5, 0, 0, 709.5, 0, 0, 0, 0, 0, 0, 0, 0, 0, 861, 0, 0, 0, 0, 0, 0, 0, 0, 0, 0, 861, -151.5, 861, 0, 0, 0, 0, 0, 0]
Sharpe Ratio: 0.171
Annualized Sharpe: 2.721
Sharpe 95% CI: (np.float64(1.004), np.float64(4.113))
Daily Win Rate (%): 38.3
Max Drawdown: -1396.0
Profit Factor: 2.862
Expectancy: 38.798
Trades Per Month (Global): 18.916666666666668
Total Days: 240



Rolling 8 - Variant 1 - 10_20 - Fit Metrics
Trade Returns: [-151.5, 2486, 2486, -151.5, -151.5, -151.5, -151.5, -151.5, -151.5, -151.5, -151.5, 461.0000000000032, -151.5, -151.5, -151.5, -151.5, -151.5, -151.5, -151.5, -151.5, -151.5, -151.5, 1185.9999999999789, -151.5, -151.5, -151.5, -151.5, -151.5, -151.5, -151.5, 173.5000000000071, -151.5, -151.5, -151.5, -151.5, 1386.0000000000123, -151.5, -151.5, 411.0000000000087, -151.5, -151.5, -151.5, 586.0000000000449, -151.5, -151.5, -151.5, -151.5, -151.5, -151.5, -151.5, -151.5, -151.5, -151.5, -151.5, -14.0, 2486, -151.5, -151.5, -151.5, -14.0, -151.5, -151.5, 248.49999999999886, -151.5, -151.5, -151.5, -151.5, -151.5, -151.5, -151.5, -151.5, -151.5, -151.5, 585.9999999999894, -151.5, 711.0000000000312, -151.5, -151.5, -151.5, -151.5, -151.5, -151.5, -151.5, -151.5, -151.5, -26.50000000002638, -151.5, -151.5, -151.5, 486.00000000000045, -151.5, 410.9999999999532, -151.5, 360.9999999999587, -151.5, -151.5, -151.5, -151.5, 535.9999999999949, -151.5, -151.5, -151.5, -151.5, -151.5, 785.9999999999674, 60.99999999999174, 585.9999999999894, -151.5, -151.5, -151.5, -151.5, -151.5, -151.5, -151.5, 361.0000000000142, -14.0, 510.9999999999977, 211.00000000003072, 60.99999999999174, -151.5, -151.5, 1486.0000000000014, -151.5, -151.5, -151.5, -151.5, 973.50000000003, -151.5, -151.5, -151.5, -151.5, -151.5, 710.9999999999757, -151.5, 485.9999999999449, -151.5, -151.5, -151.5, -151.5, 261.00000000002524, 1836.0000000000182, -151.5, -151.5, -151.5, -151.5, -151.5, 236.00000000002797, -151.5, -151.5, 261.00000000002524, -151.5, -151.5, -151.5, -151.5, -151.5, -151.5, 361.0000000000142, -151.5, -151.5, -151.5, -151.5, -151.5, -151.5, -151.5, -151.5, -151.5, -151.5, -151.5, -151.5, 2486, -151.5, -151.5, -151.5, -151.5, -151.5, -151.5, -151.5, -151.5, -151.5, 161.00000000003624, -151.5, -151.5, 735.9999999999729, -151.5, -151.5, 1461.000000000004, -151.5, -151.5, 1323.500000000047, -151.5, 260.9999999999697, -151.5, -151.5, -151.5, -151.5, -151.5, -151.5, -151.5, -151.5, -151.5, -151.5, -151.5, 1811.0000000000211, -151.5, -151.5, -151.5, -151.5, -151.5, -151.5, -151.5, -151.5, -151.5, -151.5, 573.5000000000185, -151.5, -151.5, -151.5, -151.5, 860.9999999999592, -151.5, -151.5, 285.999999999967, -151.5, 798.4999999999937, 411.0000000000087, -151.5, 1660.999999999982]
Daily Returns: [-151.5, 0, 0, 0, 0, 0, 2486, 0, 0, 0, 0, 0, 0, 2334.5, 0, 0, 0, 0, 0, -151.5, 0, 0, 0, 0, -151.5, 0, 0, 0, 0, 0, 0, 0, 0, 0, 0, 0, 0, 0, 0, 0, 0, -151.5, 0, 0, 0, 0, 0, -151.5, 0, 0, 0, 0, 0, -151.5, -151.5, 0, 0, 0, 0, 0, 0, 0, 0, 0, 0, 0, 0, -151.5, 0, 0, 461.0000000000032, 0, -151.5, 0, 0, 0, -151.5, 0, 0, 0, 0, -151.5, 0, 0, 0, 0, 0, 0, 0, -151.5, 0, -151.5, 0, -151.5, 0, 0, 0, -151.5, 0, 0, 0, 0, 0, -151.5, 0, -151.5, 0, 0, 0, 0, 0, 0, -151.5, 0, 1185.9999999999789, -151.5, 0, 0, 0, 0, 0, 0, 0, 0, 0, -151.5, -151.5, 0, 0, -151.5, -151.5, 0, 0, -151.5, 0, -151.5, 0, 0, 0, 0, 0, 173.5000000000071, 0, 0, 0, 0, -151.5, 0, 0, 0, 0, 0, 0, -303.0, 0, 0, 0, -151.5, 0, 1386.0000000000123, 0, -151.5, 0, 0, 0, -151.5, 0, 0, 0, 411.0000000000087, 0, -151.5, 0, 0, 0, -151.5, 0, 0, 0, -151.5, 586.0000000000449, 0, 0, -303.0, 0, 0, 0, 0, 0, 0, 0, 0, -151.5, 0, 0, 0, 0, 0, 0, 0, 0, 0, 0, -151.5, 0, -151.5, 0, 0, 0, 0, -151.5, 0, 0, 0, 0, 0, 0, 0, 0, 0, 0, 0, 0, -151.5, 0, 0, 0, -151.5, 0, 0, 0, 0, -151.5, 0, 0, -303.0, 0, -14.0, 0, 0, 0, 0, 0, 0, 0, 0, 2486, 0, 0, 0, 0, 0, -151.5, 0, 0, 0, 0, 0, 0, 0, 0, -151.5, 0, 0, -165.5, 0, 0, -151.5, 0, 0, 0, 0, 0, 0, -151.5, 0, 0, 0, 0, 0, 248.49999999999886, 0, 0, -303.0, 0, 0, 0, 0, 0, 0, 0, 0, -151.5, 0, 0, 0, 0, -454.5, 0, -151.5, 0, 0, 0, 0, 0, 0, 0, 0, 0, 0, 0, 0, 0, -151.5, 0, 0, 0, 0, 0, 0, 0, 0, 0, -151.5, 434.4999999999894, 0, 0, -151.5, 0, 711.0000000000312, -151.5, 0, 0, 0, -151.5, 0, -151.5, -151.5, 0, 0, 0, 0, -151.5, 0, 0, 0, -303.0, 0, 0, 0, 0, 0, 0, 0, 0, 0, 0, 0, 0, 0, -151.5, -151.5, 0, 0, 0, 0, 0, 0, 0, 0, -26.50000000002638, 0, -151.5, 0, 0, 0, 0, 0, 0, 0, 0, 0, 0, 0, 0, 0, 0, 0, -151.5, 0, 0, 0, 0, 0, 334.50000000000045, 0, -151.5, 0, 0, 620.4999999999119, 0, 0, 0, 0, 0, -151.5, -303.0, 384.4999999999949, -303.0, 0, 0, 0, 0, 0, 0, -303.0, -151.5, 0, 0, 0, 846.9999999999591, 585.9999999999894, 0, 0, -151.5, 0, 0, 0, 0, 0, 0, 0, 0, 0, 0, 0, 0, -151.5, 0, 0, 0, 0, 0, 0, 0, 0, 0, 0, 0, -151.5, -151.5, 0, 0, -151.5, 0, -151.5, -151.5, 0, 0, 0, 0, 0, 0, 0, 0, 0, 0, 361.0000000000142, 0, 0, 0, 0, 0, 0, 0, 0, 0, 0, 0, 0, -14.0, 722.0000000000284, 0, 60.99999999999174, -303.0, 0, 0, 0, 0, 0, 0, 1334.5000000000014, -151.5, 0, 0, 0, 0, 0, -151.5, 0, 0, 0, 0, -151.5, 0, 0, 0, 0, 0, 973.50000000003, 0, 0, 0, 0, 0, -151.5, 0, -151.5, 0, 0, 0, 0, 0, -151.5, 0, -151.5, 0, 0, -151.5, 0, 0, 0, 710.9999999999757, 0, 0, 0, 0, -151.5, 485.9999999999449, 0, 0, 0, -151.5, 0, 0, 0, 0, 0, 0, 0, 0, 0, 0, 0, 0, 0, 0, 0, 0, 0, 0, 0, 0, -151.5, 0, 0, 0, -151.5, 0, 0, 0, -151.5, 0, 0, 0, 0, 0, 261.00000000002524, 0, 0, 1836.0000000000182, 0, 0, 0, 0, 0, 0, 0, 0, 0, 0, 0, 0, 0, 0, 0, 0, 0, 0, 0, -151.5, 0, 0, 0, 0, 0, 0, -151.5, 0, 0, 0, 0, -303.0, 0, 0, 0, -151.5, 236.00000000002797, 0, -303.0, 0, 0, 0, 0, 0, 0, 0, 0, 0, 0, 0, 0, 0, 0, 0, 0, 0, 0, 0, 0, 0, 0, 0, 0, 0, 109.50000000002524, -151.5, 0, 0, 0, 0, 0, 0, -151.5, 0, 0, 0, 0, 0, 0, 0, 0, 0, 0, -151.5, 0, 0, 0, 0, 0, -151.5, -151.5, 0, 361.0000000000142, 0, -151.5, 0, 0, -151.5, 0, 0, 0, -151.5, 0, 0, 0, 0, -151.5, -151.5, 0, 0, 0, 0, 0, 0, 0, 0, 0, 0, -151.5, 0, 0, 0, 0, 0, -151.5, -151.5, 0, 0, 0, 0, 0, -151.5, 0, 0, 0, 0, -151.5, 0, 0, 0, 0, 0, 0, -151.5, 0, 0]
Sharpe Ratio: 0.026
Annualized Sharpe: 0.406
Sharpe 95% CI: (np.float64(-0.914), np.float64(1.316))
Daily Win Rate (%): 20.14
Max Drawdown: -2778.0
Profit Factor: 1.217
Expectancy: 5.671
Trades Per Month (Global): 18.916666666666668
Total Days: 727

Rolling 8 - Variant 1 - 10_20 - Test Metrics
Trade Returns: [-151.5, 2486, 2486, -151.5, -151.5, -151.5, -151.5, -151.5, -151.5, -151.5, -151.5, 461.0000000000032, -151.5, -151.5, -151.5, -151.5, -151.5, -151.5, -151.5, -151.5, -151.5, -151.5, 1185.9999999999789, -151.5, -151.5, -151.5, -151.5, -151.5, -151.5, -151.5, 173.5000000000071, -151.5, -151.5, -151.5, -151.5, 1386.0000000000123, -151.5, -151.5, 411.0000000000087, -151.5, -151.5, -151.5, 586.0000000000449, -151.5, -151.5, -151.5, -151.5, -151.5, -151.5, -151.5, -151.5, -151.5, -151.5, -151.5, -14.0, 2486, -151.5, -151.5, -151.5, -14.0, -151.5, -151.5, 248.49999999999886, -151.5, -151.5, -151.5, -151.5, -151.5, -151.5, -151.5, -151.5, -151.5, -151.5, 585.9999999999894, -151.5, 711.0000000000312, -151.5, -151.5, -151.5, -151.5, -151.5, -151.5, -151.5, -151.5, -151.5, -26.50000000002638, -151.5, -151.5, -151.5, 486.00000000000045, -151.5, 410.9999999999532, -151.5, 360.9999999999587, -151.5, -151.5, -151.5, -151.5, 535.9999999999949, -151.5, -151.5, -151.5, -151.5, -151.5, 785.9999999999674, 60.99999999999174, 585.9999999999894, -151.5, -151.5, -151.5, -151.5, -151.5, -151.5, -151.5, 361.0000000000142, -14.0, 510.9999999999977, 211.00000000003072, 60.99999999999174, -151.5, -151.5, 1486.0000000000014, -151.5, -151.5, -151.5, -151.5, 973.50000000003, -151.5, -151.5, -151.5, -151.5, -151.5, 710.9999999999757, -151.5, 485.9999999999449, -151.5, -151.5, -151.5, -151.5, 261.00000000002524, 1836.0000000000182, -151.5, -151.5, -151.5, -151.5, -151.5, 236.00000000002797, -151.5, -151.5, 261.00000000002524, -151.5, -151.5, -151.5, -151.5, -151.5, -151.5, 361.0000000000142, -151.5, -151.5, -151.5, -151.5, -151.5, -151.5, -151.5, -151.5, -151.5, -151.5, -151.5, -151.5, 2486, -151.5, -151.5, -151.5, -151.5, -151.5, -151.5, -151.5, -151.5, -151.5, 161.00000000003624, -151.5, -151.5, 735.9999999999729, -151.5, -151.5, 1461.000000000004, -151.5, -151.5, 1323.500000000047, -151.5, 260.9999999999697, -151.5, -151.5, -151.5, -151.5, -151.5, -151.5, -151.5, -151.5, -151.5, -151.5, -151.5, 1811.0000000000211, -151.5, -151.5, -151.5, -151.5, -151.5, -151.5, -151.5, -151.5, -151.5, -151.5, 573.5000000000185, -151.5, -151.5, -151.5, -151.5, 860.9999999999592, -151.5, -151.5, 285.999999999967, -151.5, 798.4999999999937, 411.0000000000087, -151.5, 1660.999999999982]
Daily Returns: [0, 0, 0, 0, -151.5, 0, 0, 0, 0, 0, 2334.5, 0, 0, 0, 0, 0, 0, 0, 0, 0, 0, 0, 0, -454.5, 0, 0, 0, -151.5, 0, 0, 0, 0, 0, 0, 0, 0, -151.5, 0, -303.0, 0, 9.500000000036238, 0, 0, 0, 0, 0, 0, 0, 0, 0, -151.5, 0, -151.5, 0, 0, 0, 0, 735.9999999999729, -151.5, 0, 0, 0, 0, 0, 0, 0, 0, 0, 0, 0, -151.5, 0, 0, 0, 0, 0, 1309.500000000004, 0, 0, 0, 0, -151.5, 0, 0, 0, 0, 0, 0, 1323.500000000047, 0, 0, 0, -151.5, 0, 0, 0, 260.9999999999697, 0, 0, 0, -151.5, 0, -151.5, 0, 0, 0, 0, 0, 0, 0, -303.0, -454.5, 0, 0, 0, 0, 0, -151.5, 0, 0, -151.5, 0, -303.0, 0, 0, 0, 0, 0, 0, 0, 0, 0, 0, 0, 1659.5000000000211, 0, 0, 0, 0, 0, 0, 0, 0, 0, 0, 0, -151.5, 0, 0, 0, 0, 0, 0, -151.5, 0, 0, 0, 0, -151.5, 0, 0, 0, 0, 0, 0, -151.5, 0, -151.5, -151.5, 0, 0, -151.5, 0, 0, -151.5, 0, -151.5, 0, 0, 0, 573.5000000000185, 0, 0, -151.5, 0, 0, -151.5, 0, 0, 0, 0, -151.5, -151.5, 0, 860.9999999999592, 0, 0, 0, 0, 0, 0, 0, -151.5, 0, 0, 0, 0, -151.5, 0, 0, 134.49999999996697, 0, 0, 0, 0, 0, 0, 0, 0, 0, 798.4999999999937, 0, 0, 0, 0, 0, 0, 0, 0, 0, 0, 411.0000000000087, -151.5, 1660.999999999982, 0, 0, 0, 0, 0, 0]
Sharpe Ratio: 0.089
Annualized Sharpe: 1.407
Sharpe 95% CI: (np.float64(-0.658), np.float64(2.715))
Daily Win Rate (%): 27.66
Max Drawdown: -1666.5
Profit Factor: 1.944
Expectancy: 24.423
Trades Per Month (Global): 18.916666666666668
Total Days: 240



Rolling 8 - Variant 2 - 10_15 - Fit Metrics
Trade Returns: [-151.5, 1861, 1861, -151.5, -151.5, -151.5, -151.5, -151.5, -151.5, -151.5, -151.5, 461.0000000000032, -151.5, -151.5, -151.5, -151.5, -151.5, -151.5, -151.5, -151.5, -151.5, -151.5, 1185.9999999999789, -151.5, -151.5, -151.5, -151.5, -151.5, -151.5, -151.5, 173.5000000000071, -151.5, -151.5, -151.5, -151.5, 1861, -151.5, -151.5, 411.0000000000087, -151.5, -151.5, -151.5, 586.0000000000449, -151.5, -151.5, -151.5, -151.5, -151.5, -151.5, -151.5, -151.5, -151.5, -151.5, -151.5, -14.0, 1861, -151.5, -151.5, -151.5, -14.0, -151.5, -151.5, 248.49999999999886, -151.5, -151.5, -151.5, -151.5, -151.5, -151.5, -151.5, -151.5, -151.5, -151.5, 585.9999999999894, -151.5, 711.0000000000312, -151.5, -151.5, -151.5, -151.5, -151.5, -151.5, -151.5, -151.5, -151.5, -26.50000000002638, -151.5, -151.5, -151.5, 486.00000000000045, -151.5, 410.9999999999532, -151.5, 360.9999999999587, -151.5, -151.5, -151.5, -151.5, 535.9999999999949, -151.5, -151.5, -151.5, -151.5, -151.5, 785.9999999999674, 60.99999999999174, 585.9999999999894, -151.5, -151.5, -151.5, -151.5, -151.5, -151.5, -151.5, 361.0000000000142, -14.0, 510.9999999999977, 211.00000000003072, 60.99999999999174, -151.5, -151.5, 1861, -151.5, -151.5, -151.5, -151.5, 973.50000000003, -151.5, -151.5, -151.5, -151.5, -151.5, 710.9999999999757, -151.5, 485.9999999999449, -151.5, -151.5, -151.5, -151.5, 261.00000000002524, 1861, -151.5, -151.5, -151.5, -151.5, -151.5, 236.00000000002797, -151.5, -151.5, 261.00000000002524, -151.5, -151.5, -151.5, -151.5, -151.5, -151.5, 361.0000000000142, -151.5, -151.5, -151.5, -151.5, -151.5, -151.5, -151.5, -151.5, -151.5, -151.5, -151.5, -151.5, 1861, -151.5, -151.5, -151.5, -151.5, -151.5, -151.5, -151.5, -151.5, -151.5, 161.00000000003624, -151.5, -151.5, 1861, -151.5, -151.5, 1461.000000000004, -151.5, -151.5, 1323.500000000047, -151.5, 1861, -151.5, -151.5, -151.5, -151.5, -151.5, -151.5, -151.5, -151.5, -151.5, -151.5, -151.5, 1861, -151.5, -151.5, -151.5, -151.5, -151.5, -151.5, -151.5, -151.5, -151.5, -151.5, 573.5000000000185, -151.5, -151.5, -151.5, -151.5, 860.9999999999592, -151.5, -151.5, 285.999999999967, -151.5, 798.4999999999937, 411.0000000000087, -151.5, 1861]
Daily Returns: [-151.5, 0, 0, 0, 0, 0, 1861, 0, 0, 0, 0, 0, 0, 1709.5, 0, 0, 0, 0, 0, -151.5, 0, 0, 0, 0, -151.5, 0, 0, 0, 0, 0, 0, 0, 0, 0, 0, 0, 0, 0, 0, 0, 0, -151.5, 0, 0, 0, 0, 0, -151.5, 0, 0, 0, 0, 0, -151.5, -151.5, 0, 0, 0, 0, 0, 0, 0, 0, 0, 0, 0, 0, -151.5, 0, 0, 461.0000000000032, 0, -151.5, 0, 0, 0, -151.5, 0, 0, 0, 0, -151.5, 0, 0, 0, 0, 0, 0, 0, -151.5, 0, -151.5, 0, -151.5, 0, 0, 0, -151.5, 0, 0, 0, 0, 0, -151.5, 0, -151.5, 0, 0, 0, 0, 0, 0, -151.5, 0, 1185.9999999999789, -151.5, 0, 0, 0, 0, 0, 0, 0, 0, 0, -151.5, -151.5, 0, 0, -151.5, -151.5, 0, 0, -151.5, 0, -151.5, 0, 0, 0, 0, 0, 173.5000000000071, 0, 0, 0, 0, -151.5, 0, 0, 0, 0, 0, 0, -303.0, 0, 0, 0, -151.5, 0, 1861, 0, -151.5, 0, 0, 0, -151.5, 0, 0, 0, 411.0000000000087, 0, -151.5, 0, 0, 0, -151.5, 0, 0, 0, -151.5, 586.0000000000449, 0, 0, -303.0, 0, 0, 0, 0, 0, 0, 0, 0, -151.5, 0, 0, 0, 0, 0, 0, 0, 0, 0, 0, -151.5, 0, -151.5, 0, 0, 0, 0, -151.5, 0, 0, 0, 0, 0, 0, 0, 0, 0, 0, 0, 0, -151.5, 0, 0, 0, -151.5, 0, 0, 0, 0, -151.5, 0, 0, -303.0, 0, -14.0, 0, 0, 0, 0, 0, 0, 0, 0, 1861, 0, 0, 0, 0, 0, -151.5, 0, 0, 0, 0, 0, 0, 0, 0, -151.5, 0, 0, -165.5, 0, 0, -151.5, 0, 0, 0, 0, 0, 0, -151.5, 0, 0, 0, 0, 0, 248.49999999999886, 0, 0, -303.0, 0, 0, 0, 0, 0, 0, 0, 0, -151.5, 0, 0, 0, 0, -454.5, 0, -151.5, 0, 0, 0, 0, 0, 0, 0, 0, 0, 0, 0, 0, 0, -151.5, 0, 0, 0, 0, 0, 0, 0, 0, 0, -151.5, 434.4999999999894, 0, 0, -151.5, 0, 711.0000000000312, -151.5, 0, 0, 0, -151.5, 0, -151.5, -151.5, 0, 0, 0, 0, -151.5, 0, 0, 0, -303.0, 0, 0, 0, 0, 0, 0, 0, 0, 0, 0, 0, 0, 0, -151.5, -151.5, 0, 0, 0, 0, 0, 0, 0, 0, -26.50000000002638, 0, -151.5, 0, 0, 0, 0, 0, 0, 0, 0, 0, 0, 0, 0, 0, 0, 0, -151.5, 0, 0, 0, 0, 0, 334.50000000000045, 0, -151.5, 0, 0, 620.4999999999119, 0, 0, 0, 0, 0, -151.5, -303.0, 384.4999999999949, -303.0, 0, 0, 0, 0, 0, 0, -303.0, -151.5, 0, 0, 0, 846.9999999999591, 585.9999999999894, 0, 0, -151.5, 0, 0, 0, 0, 0, 0, 0, 0, 0, 0, 0, 0, -151.5, 0, 0, 0, 0, 0, 0, 0, 0, 0, 0, 0, -151.5, -151.5, 0, 0, -151.5, 0, -151.5, -151.5, 0, 0, 0, 0, 0, 0, 0, 0, 0, 0, 361.0000000000142, 0, 0, 0, 0, 0, 0, 0, 0, 0, 0, 0, 0, -14.0, 722.0000000000284, 0, 60.99999999999174, -303.0, 0, 0, 0, 0, 0, 0, 1709.5, -151.5, 0, 0, 0, 0, 0, -151.5, 0, 0, 0, 0, -151.5, 0, 0, 0, 0, 0, 973.50000000003, 0, 0, 0, 0, 0, -151.5, 0, -151.5, 0, 0, 0, 0, 0, -151.5, 0, -151.5, 0, 0, -151.5, 0, 0, 0, 710.9999999999757, 0, 0, 0, 0, -151.5, 485.9999999999449, 0, 0, 0, -151.5, 0, 0, 0, 0, 0, 0, 0, 0, 0, 0, 0, 0, 0, 0, 0, 0, 0, 0, 0, 0, -151.5, 0, 0, 0, -151.5, 0, 0, 0, -151.5, 0, 0, 0, 0, 0, 261.00000000002524, 0, 0, 1861, 0, 0, 0, 0, 0, 0, 0, 0, 0, 0, 0, 0, 0, 0, 0, 0, 0, 0, 0, -151.5, 0, 0, 0, 0, 0, 0, -151.5, 0, 0, 0, 0, -303.0, 0, 0, 0, -151.5, 236.00000000002797, 0, -303.0, 0, 0, 0, 0, 0, 0, 0, 0, 0, 0, 0, 0, 0, 0, 0, 0, 0, 0, 0, 0, 0, 0, 0, 0, 0, 109.50000000002524, -151.5, 0, 0, 0, 0, 0, 0, -151.5, 0, 0, 0, 0, 0, 0, 0, 0, 0, 0, -151.5, 0, 0, 0, 0, 0, -151.5, -151.5, 0, 361.0000000000142, 0, -151.5, 0, 0, -151.5, 0, 0, 0, -151.5, 0, 0, 0, 0, -151.5, -151.5, 0, 0, 0, 0, 0, 0, 0, 0, 0, 0, -151.5, 0, 0, 0, 0, 0, -151.5, -151.5, 0, 0, 0, 0, 0, -151.5, 0, 0, 0, 0, -151.5, 0, 0, 0, 0, 0, 0, -151.5, 0, 0]
Sharpe Ratio: 0.021
Annualized Sharpe: 0.333
Sharpe 95% CI: (np.float64(-0.979), np.float64(1.27))
Daily Win Rate (%): 20.14
Max Drawdown: -2778.0
Profit Factor: 1.164
Expectancy: 4.296
Trades Per Month (Global): 18.916666666666668
Total Days: 727

Rolling 8 - Variant 2 - 10_15 - Test Metrics
Trade Returns: [-151.5, 1861, 1861, -151.5, -151.5, -151.5, -151.5, -151.5, -151.5, -151.5, -151.5, 461.0000000000032, -151.5, -151.5, -151.5, -151.5, -151.5, -151.5, -151.5, -151.5, -151.5, -151.5, 1185.9999999999789, -151.5, -151.5, -151.5, -151.5, -151.5, -151.5, -151.5, 173.5000000000071, -151.5, -151.5, -151.5, -151.5, 1861, -151.5, -151.5, 411.0000000000087, -151.5, -151.5, -151.5, 586.0000000000449, -151.5, -151.5, -151.5, -151.5, -151.5, -151.5, -151.5, -151.5, -151.5, -151.5, -151.5, -14.0, 1861, -151.5, -151.5, -151.5, -14.0, -151.5, -151.5, 248.49999999999886, -151.5, -151.5, -151.5, -151.5, -151.5, -151.5, -151.5, -151.5, -151.5, -151.5, 585.9999999999894, -151.5, 711.0000000000312, -151.5, -151.5, -151.5, -151.5, -151.5, -151.5, -151.5, -151.5, -151.5, -26.50000000002638, -151.5, -151.5, -151.5, 486.00000000000045, -151.5, 410.9999999999532, -151.5, 360.9999999999587, -151.5, -151.5, -151.5, -151.5, 535.9999999999949, -151.5, -151.5, -151.5, -151.5, -151.5, 785.9999999999674, 60.99999999999174, 585.9999999999894, -151.5, -151.5, -151.5, -151.5, -151.5, -151.5, -151.5, 361.0000000000142, -14.0, 510.9999999999977, 211.00000000003072, 60.99999999999174, -151.5, -151.5, 1861, -151.5, -151.5, -151.5, -151.5, 973.50000000003, -151.5, -151.5, -151.5, -151.5, -151.5, 710.9999999999757, -151.5, 485.9999999999449, -151.5, -151.5, -151.5, -151.5, 261.00000000002524, 1861, -151.5, -151.5, -151.5, -151.5, -151.5, 236.00000000002797, -151.5, -151.5, 261.00000000002524, -151.5, -151.5, -151.5, -151.5, -151.5, -151.5, 361.0000000000142, -151.5, -151.5, -151.5, -151.5, -151.5, -151.5, -151.5, -151.5, -151.5, -151.5, -151.5, -151.5, 1861, -151.5, -151.5, -151.5, -151.5, -151.5, -151.5, -151.5, -151.5, -151.5, 161.00000000003624, -151.5, -151.5, 1861, -151.5, -151.5, 1461.000000000004, -151.5, -151.5, 1323.500000000047, -151.5, 1861, -151.5, -151.5, -151.5, -151.5, -151.5, -151.5, -151.5, -151.5, -151.5, -151.5, -151.5, 1861, -151.5, -151.5, -151.5, -151.5, -151.5, -151.5, -151.5, -151.5, -151.5, -151.5, 573.5000000000185, -151.5, -151.5, -151.5, -151.5, 860.9999999999592, -151.5, -151.5, 285.999999999967, -151.5, 798.4999999999937, 411.0000000000087, -151.5, 1861]
Daily Returns: [0, 0, 0, 0, -151.5, 0, 0, 0, 0, 0, 1709.5, 0, 0, 0, 0, 0, 0, 0, 0, 0, 0, 0, 0, -454.5, 0, 0, 0, -151.5, 0, 0, 0, 0, 0, 0, 0, 0, -151.5, 0, -303.0, 0, 9.500000000036238, 0, 0, 0, 0, 0, 0, 0, 0, 0, -151.5, 0, -151.5, 0, 0, 0, 0, 1861, -151.5, 0, 0, 0, 0, 0, 0, 0, 0, 0, 0, 0, -151.5, 0, 0, 0, 0, 0, 1309.500000000004, 0, 0, 0, 0, -151.5, 0, 0, 0, 0, 0, 0, 1323.500000000047, 0, 0, 0, -151.5, 0, 0, 0, 1861, 0, 0, 0, -151.5, 0, -151.5, 0, 0, 0, 0, 0, 0, 0, -303.0, -454.5, 0, 0, 0, 0, 0, -151.5, 0, 0, -151.5, 0, -303.0, 0, 0, 0, 0, 0, 0, 0, 0, 0, 0, 0, 1709.5, 0, 0, 0, 0, 0, 0, 0, 0, 0, 0, 0, -151.5, 0, 0, 0, 0, 0, 0, -151.5, 0, 0, 0, 0, -151.5, 0, 0, 0, 0, 0, 0, -151.5, 0, -151.5, -151.5, 0, 0, -151.5, 0, 0, -151.5, 0, -151.5, 0, 0, 0, 573.5000000000185, 0, 0, -151.5, 0, 0, -151.5, 0, 0, 0, 0, -151.5, -151.5, 0, 860.9999999999592, 0, 0, 0, 0, 0, 0, 0, -151.5, 0, 0, 0, 0, -151.5, 0, 0, 134.49999999996697, 0, 0, 0, 0, 0, 0, 0, 0, 0, 798.4999999999937, 0, 0, 0, 0, 0, 0, 0, 0, 0, 0, 411.0000000000087, -151.5, 1861, 0, 0, 0, 0, 0, 0]
Sharpe Ratio: 0.111
Annualized Sharpe: 1.764
Sharpe 95% CI: (np.float64(-0.108), np.float64(3.079))
Daily Win Rate (%): 27.66
Max Drawdown: -1666.5
Profit Factor: 2.322
Expectancy: 34.215
Trades Per Month (Global): 18.916666666666668
Total Days: 240



Rolling 8 - Variant 3 - 10_6 - Fit Metrics
Trade Returns: [-151.5, 736, 736, -151.5, -151.5, -151.5, 736, -151.5, -151.5, -151.5, -151.5, 736, -151.5, -151.5, -151.5, -151.5, -151.5, -151.5, -151.5, -151.5, -151.5, -151.5, 736, -151.5, -151.5, -151.5, -151.5, -151.5, -151.5, -151.5, 173.5000000000071, 736, -151.5, -151.5, -151.5, 736, -151.5, -151.5, 411.0000000000087, -151.5, -151.5, -151.5, 736, -151.5, -151.5, -151.5, -151.5, -151.5, -151.5, -151.5, -151.5, -151.5, -151.5, -151.5, -14.0, 736, -151.5, -151.5, -151.5, -14.0, -151.5, -151.5, 248.49999999999886, -151.5, -151.5, -151.5, -151.5, -151.5, -151.5, -151.5, -151.5, -151.5, -151.5, 585.9999999999894, -151.5, 736, -151.5, -151.5, -151.5, -151.5, -151.5, -151.5, -151.5, 736, -151.5, -26.50000000002638, -151.5, -151.5, -151.5, 736, -151.5, 736, -151.5, 736, 736, -151.5, -151.5, -151.5, 535.9999999999949, -151.5, -151.5, -151.5, -151.5, -151.5, 736, 60.99999999999174, 736, -151.5, -151.5, -151.5, -151.5, -151.5, -151.5, -151.5, 361.0000000000142, -14.0, 736, 211.00000000003072, 60.99999999999174, -151.5, -151.5, 736, -151.5, -151.5, -151.5, -151.5, 736, -151.5, -151.5, -151.5, -151.5, -151.5, 736, -151.5, 485.9999999999449, -151.5, -151.5, -151.5, -151.5, 261.00000000002524, 736, -151.5, -151.5, -151.5, -151.5, -151.5, 236.00000000002797, -151.5, -151.5, 261.00000000002524, -151.5, -151.5, -151.5, -151.5, -151.5, -151.5, 736, -151.5, -151.5, -151.5, -151.5, -151.5, -151.5, 736, -151.5, -151.5, -151.5, -151.5, -151.5, 736, -151.5, -151.5, -151.5, -151.5, 736, -151.5, -151.5, -151.5, 736, 161.00000000003624, -151.5, -151.5, 736, -151.5, 736, 736, -151.5, -151.5, 736, -151.5, 736, 736, 736, -151.5, -151.5, 736, -151.5, -151.5, -151.5, 736, 736, -151.5, 736, -151.5, -151.5, -151.5, -151.5, -151.5, -151.5, -151.5, -151.5, -151.5, -151.5, 573.5000000000185, -151.5, -151.5, -151.5, -151.5, 736, -151.5, -151.5, 736, -151.5, 736, 736, -151.5, 736]
Daily Returns: [-151.5, 0, 0, 0, 0, 0, 736, 0, 0, 0, 0, 0, 0, 584.5, 0, 0, 0, 0, 0, -151.5, 0, 0, 0, 0, -151.5, 0, 0, 0, 0, 0, 0, 0, 0, 0, 0, 0, 0, 0, 0, 0, 0, 736, 0, 0, 0, 0, 0, -151.5, 0, 0, 0, 0, 0, -151.5, -151.5, 0, 0, 0, 0, 0, 0, 0, 0, 0, 0, 0, 0, -151.5, 0, 0, 736, 0, -151.5, 0, 0, 0, -151.5, 0, 0, 0, 0, -151.5, 0, 0, 0, 0, 0, 0, 0, -151.5, 0, -151.5, 0, -151.5, 0, 0, 0, -151.5, 0, 0, 0, 0, 0, -151.5, 0, -151.5, 0, 0, 0, 0, 0, 0, -151.5, 0, 736, -151.5, 0, 0, 0, 0, 0, 0, 0, 0, 0, -151.5, -151.5, 0, 0, -151.5, -151.5, 0, 0, -151.5, 0, -151.5, 0, 0, 0, 0, 0, 173.5000000000071, 0, 0, 0, 0, 736, 0, 0, 0, 0, 0, 0, -303.0, 0, 0, 0, -151.5, 0, 736, 0, -151.5, 0, 0, 0, -151.5, 0, 0, 0, 411.0000000000087, 0, -151.5, 0, 0, 0, -151.5, 0, 0, 0, -151.5, 736, 0, 0, -303.0, 0, 0, 0, 0, 0, 0, 0, 0, -151.5, 0, 0, 0, 0, 0, 0, 0, 0, 0, 0, -151.5, 0, -151.5, 0, 0, 0, 0, -151.5, 0, 0, 0, 0, 0, 0, 0, 0, 0, 0, 0, 0, -151.5, 0, 0, 0, -151.5, 0, 0, 0, 0, -151.5, 0, 0, -303.0, 0, -14.0, 0, 0, 0, 0, 0, 0, 0, 0, 736, 0, 0, 0, 0, 0, -151.5, 0, 0, 0, 0, 0, 0, 0, 0, -151.5, 0, 0, -165.5, 0, 0, -151.5, 0, 0, 0, 0, 0, 0, -151.5, 0, 0, 0, 0, 0, 248.49999999999886, 0, 0, -303.0, 0, 0, 0, 0, 0, 0, 0, 0, -151.5, 0, 0, 0, 0, -454.5, 0, -151.5, 0, 0, 0, 0, 0, 0, 0, 0, 0, 0, 0, 0, 0, -151.5, 0, 0, 0, 0, 0, 0, 0, 0, 0, -151.5, 434.4999999999894, 0, 0, -151.5, 0, 736, -151.5, 0, 0, 0, -151.5, 0, -151.5, -151.5, 0, 0, 0, 0, -151.5, 0, 0, 0, -303.0, 0, 0, 0, 0, 0, 0, 0, 0, 0, 0, 0, 0, 0, 736, -151.5, 0, 0, 0, 0, 0, 0, 0, 0, -26.50000000002638, 0, -151.5, 0, 0, 0, 0, 0, 0, 0, 0, 0, 0, 0, 0, 0, 0, 0, -151.5, 0, 0, 0, 0, 0, 584.5, 0, -151.5, 0, 0, 1320.5, 0, 0, 0, 0, 0, 736, -303.0, 384.4999999999949, -303.0, 0, 0, 0, 0, 0, 0, -303.0, -151.5, 0, 0, 0, 796.9999999999917, 736, 0, 0, -151.5, 0, 0, 0, 0, 0, 0, 0, 0, 0, 0, 0, 0, -151.5, 0, 0, 0, 0, 0, 0, 0, 0, 0, 0, 0, -151.5, -151.5, 0, 0, -151.5, 0, -151.5, -151.5, 0, 0, 0, 0, 0, 0, 0, 0, 0, 0, 361.0000000000142, 0, 0, 0, 0, 0, 0, 0, 0, 0, 0, 0, 0, -14.0, 947.0000000000307, 0, 60.99999999999174, -303.0, 0, 0, 0, 0, 0, 0, 584.5, -151.5, 0, 0, 0, 0, 0, -151.5, 0, 0, 0, 0, -151.5, 0, 0, 0, 0, 0, 736, 0, 0, 0, 0, 0, -151.5, 0, -151.5, 0, 0, 0, 0, 0, -151.5, 0, -151.5, 0, 0, -151.5, 0, 0, 0, 736, 0, 0, 0, 0, -151.5, 485.9999999999449, 0, 0, 0, -151.5, 0, 0, 0, 0, 0, 0, 0, 0, 0, 0, 0, 0, 0, 0, 0, 0, 0, 0, 0, 0, -151.5, 0, 0, 0, -151.5, 0, 0, 0, -151.5, 0, 0, 0, 0, 0, 261.00000000002524, 0, 0, 736, 0, 0, 0, 0, 0, 0, 0, 0, 0, 0, 0, 0, 0, 0, 0, 0, 0, 0, 0, -151.5, 0, 0, 0, 0, 0, 0, -151.5, 0, 0, 0, 0, -303.0, 0, 0, 0, -151.5, 236.00000000002797, 0, -303.0, 0, 0, 0, 0, 0, 0, 0, 0, 0, 0, 0, 0, 0, 0, 0, 0, 0, 0, 0, 0, 0, 0, 0, 0, 0, 109.50000000002524, -151.5, 0, 0, 0, 0, 0, 0, -151.5, 0, 0, 0, 0, 0, 0, 0, 0, 0, 0, -151.5, 0, 0, 0, 0, 0, -151.5, -151.5, 0, 736, 0, -151.5, 0, 0, -151.5, 0, 0, 0, -151.5, 0, 0, 0, 0, -151.5, -151.5, 0, 0, 0, 0, 0, 0, 0, 0, 0, 0, -151.5, 0, 0, 0, 0, 0, 736, -151.5, 0, 0, 0, 0, 0, -151.5, 0, 0, 0, 0, -151.5, 0, 0, 0, 0, 0, 0, -151.5, 0, 0]
Sharpe Ratio: 0.02
Annualized Sharpe: 0.312
Sharpe 95% CI: (np.float64(-0.877), np.float64(1.351))
Daily Win Rate (%): 23.61
Max Drawdown: -3131.5
Profit Factor: 1.123
Expectancy: 3.092
Trades Per Month (Global): 18.916666666666668
Total Days: 727

Rolling 8 - Variant 3 - 10_6 - Test Metrics
Trade Returns: [-151.5, 736, 736, -151.5, -151.5, -151.5, 736, -151.5, -151.5, -151.5, -151.5, 736, -151.5, -151.5, -151.5, -151.5, -151.5, -151.5, -151.5, -151.5, -151.5, -151.5, 736, -151.5, -151.5, -151.5, -151.5, -151.5, -151.5, -151.5, 173.5000000000071, 736, -151.5, -151.5, -151.5, 736, -151.5, -151.5, 411.0000000000087, -151.5, -151.5, -151.5, 736, -151.5, -151.5, -151.5, -151.5, -151.5, -151.5, -151.5, -151.5, -151.5, -151.5, -151.5, -14.0, 736, -151.5, -151.5, -151.5, -14.0, -151.5, -151.5, 248.49999999999886, -151.5, -151.5, -151.5, -151.5, -151.5, -151.5, -151.5, -151.5, -151.5, -151.5, 585.9999999999894, -151.5, 736, -151.5, -151.5, -151.5, -151.5, -151.5, -151.5, -151.5, 736, -151.5, -26.50000000002638, -151.5, -151.5, -151.5, 736, -151.5, 736, -151.5, 736, 736, -151.5, -151.5, -151.5, 535.9999999999949, -151.5, -151.5, -151.5, -151.5, -151.5, 736, 60.99999999999174, 736, -151.5, -151.5, -151.5, -151.5, -151.5, -151.5, -151.5, 361.0000000000142, -14.0, 736, 211.00000000003072, 60.99999999999174, -151.5, -151.5, 736, -151.5, -151.5, -151.5, -151.5, 736, -151.5, -151.5, -151.5, -151.5, -151.5, 736, -151.5, 485.9999999999449, -151.5, -151.5, -151.5, -151.5, 261.00000000002524, 736, -151.5, -151.5, -151.5, -151.5, -151.5, 236.00000000002797, -151.5, -151.5, 261.00000000002524, -151.5, -151.5, -151.5, -151.5, -151.5, -151.5, 736, -151.5, -151.5, -151.5, -151.5, -151.5, -151.5, 736, -151.5, -151.5, -151.5, -151.5, -151.5, 736, -151.5, -151.5, -151.5, -151.5, 736, -151.5, -151.5, -151.5, 736, 161.00000000003624, -151.5, -151.5, 736, -151.5, 736, 736, -151.5, -151.5, 736, -151.5, 736, 736, 736, -151.5, -151.5, 736, -151.5, -151.5, -151.5, 736, 736, -151.5, 736, -151.5, -151.5, -151.5, -151.5, -151.5, -151.5, -151.5, -151.5, -151.5, -151.5, 573.5000000000185, -151.5, -151.5, -151.5, -151.5, 736, -151.5, -151.5, 736, -151.5, 736, 736, -151.5, 736]
Daily Returns: [0, 0, 0, 0, -151.5, 0, 0, 0, 0, 0, 584.5, 0, 0, 0, 0, 0, 0, 0, 0, 0, 0, 0, 0, -454.5, 0, 0, 0, 736, 0, 0, 0, 0, 0, 0, 0, 0, -151.5, 0, -303.0, 0, 897.0000000000363, 0, 0, 0, 0, 0, 0, 0, 0, 0, -151.5, 0, -151.5, 0, 0, 0, 0, 736, -151.5, 0, 0, 0, 0, 0, 0, 0, 0, 0, 0, 0, 736, 0, 0, 0, 0, 0, 584.5, 0, 0, 0, 0, -151.5, 0, 0, 0, 0, 0, 0, 736, 0, 0, 0, -151.5, 0, 0, 0, 736, 0, 0, 0, 736, 0, 736, 0, 0, 0, 0, 0, 0, 0, -303.0, 433.0, 0, 0, 0, 0, 0, -151.5, 0, 0, 736, 0, 584.5, 0, 0, 0, 0, 0, 0, 0, 0, 0, 0, 0, 584.5, 0, 0, 0, 0, 0, 0, 0, 0, 0, 0, 0, -151.5, 0, 0, 0, 0, 0, 0, -151.5, 0, 0, 0, 0, -151.5, 0, 0, 0, 0, 0, 0, -151.5, 0, -151.5, -151.5, 0, 0, -151.5, 0, 0, -151.5, 0, -151.5, 0, 0, 0, 573.5000000000185, 0, 0, -151.5, 0, 0, -151.5, 0, 0, 0, 0, -151.5, -151.5, 0, 736, 0, 0, 0, 0, 0, 0, 0, -151.5, 0, 0, 0, 0, -151.5, 0, 0, 584.5, 0, 0, 0, 0, 0, 0, 0, 0, 0, 736, 0, 0, 0, 0, 0, 0, 0, 0, 0, 0, 736, -151.5, 736, 0, 0, 0, 0, 0, 0]
Sharpe Ratio: 0.181
Annualized Sharpe: 2.878
Sharpe 95% CI: (np.float64(1.126), np.float64(4.345))
Daily Win Rate (%): 42.55
Max Drawdown: -1396.0
Profit Factor: 2.908
Expectancy: 37.34
Trades Per Month (Global): 18.916666666666668
Total Days: 240



Rolling 8 - Variant 4 - 20_15 - Fit Metrics
Trade Returns: [-144.5, 1868, 1868, -144.5, 24.249999999996557, -144.5, -144.5, -144.5, -144.5, -144.5, -144.5, 230.5000000000016, -144.5, -144.5, -144.5, -144.5, -144.5, -144.5, 205.4999999999766, -144.5, -144.5, -144.5, 592.9999999999894, -144.5, -144.5, -144.5, -144.5, -144.5, -144.5, -144.5, 86.75000000000355, -144.5, -144.5, -144.5, -144.5, 693.0000000000061, -144.5, 143.00000000001123, 205.50000000000435, -144.5, -144.5, -144.5, 293.00000000002245, -144.5, -144.5, -144.5, -144.5, -144.5, -144.5, -144.5, 80.50000000001812, -144.5, -144.5, -144.5, -7.0, 1217.9999999999761, -144.5, -144.5, -144.5, -7.0, -144.5, -144.5, 124.24999999999943, 1243.0000000000011, -144.5, 511.7500000000123, -144.5, 392.9999999999837, -144.5, -144.5, -144.5, -144.5, -144.5, 292.9999999999947, -144.5, 355.5000000000156, -144.5, -144.5, -144.5, -144.5, -144.5, -144.5, -144.5, -144.5, -144.5, -13.25000000001319, -144.5, -144.5, -144.5, 243.00000000000023, 430.50000000000733, 205.4999999999766, -144.5, 180.49999999997934, -144.5, -144.5, -144.5, -144.5, 267.99999999999744, -144.5, -144.5, 1280.499999999997, -144.5, -144.5, 392.9999999999837, 30.49999999999587, 292.9999999999947, -144.5, -144.5, -144.5, -144.5, -144.5, -144.5, -144.5, 180.5000000000071, -7.0, 255.49999999999886, 105.50000000001536, 30.49999999999587, -144.5, -144.5, 743.0000000000007, -144.5, 505.4999999999991, -144.5, -144.5, 486.750000000015, -144.5, -144.5, -144.5, -144.5, -144.5, 355.49999999998784, 80.49999999999037, 242.99999999997246, -144.5, 86.75000000000355, -144.5, -144.5, 130.50000000001262, 918.0000000000091, -144.5, -144.5, -144.5, -144.5, -144.5, 118.00000000001398, -144.5, 386.7499999999983, 130.50000000001262, -82.0000000000195, -69.50000000002088, -144.5, -144.5, -144.5, -144.5, 180.5000000000071, -144.5, -144.5, -144.5, -144.5, -144.5, -144.5, 480.5000000000018, -144.5, -144.5, -144.5, -144.5, -144.5, 874.2500000000001, -144.5, -144.5, -144.5, -144.5, -144.5, -144.5, -144.5, -144.5, -144.5, 80.50000000001812, 261.75000000001205, -144.5, 367.99999999998647, -144.5, -144.5, 730.500000000002, -144.5, -144.5, 661.7500000000235, -144.5, 130.49999999998485, 536.7499999999817, -144.5, -144.5, -144.5, -144.5, -144.5, -144.5, -144.5, -144.5, -144.5, -144.5, 905.5000000000106, -144.5, -144.5, -144.5, -144.5, -144.5, -144.5, -144.5, -144.5, -144.5, -144.5, 286.75000000000927, -144.5, -144.5, -7.0, -144.5, 430.4999999999796, -144.5, -144.5, 142.9999999999835, -144.5, 399.2499999999969, 205.50000000000435, -144.5, 830.499999999991]
Daily Returns: [-144.5, 0, 0, 0, 0, 0, 1868, 0, 0, 0, 0, 0, 0, 1723.5, 0, 0, 0, 0, 0, 24.249999999996557, 0, 0, 0, 0, -144.5, 0, 0, 0, 0, 0, 0, 0, 0, 0, 0, 0, 0, 0, 0, 0, 0, -144.5, 0, 0, 0, 0, 0, -144.5, 0, 0, 0, 0, 0, -144.5, -144.5, 0, 0, 0, 0, 0, 0, 0, 0, 0, 0, 0, 0, -144.5, 0, 0, 230.5000000000016, 0, -144.5, 0, 0, 0, -144.5, 0, 0, 0, 0, -144.5, 0, 0, 0, 0, 0, 0, 0, -144.5, 0, -144.5, 0, -144.5, 0, 0, 0, 205.4999999999766, 0, 0, 0, 0, 0, -144.5, 0, -144.5, 0, 0, 0, 0, 0, 0, -144.5, 0, 592.9999999999894, -144.5, 0, 0, 0, 0, 0, 0, 0, 0, 0, -144.5, -144.5, 0, 0, -144.5, -144.5, 0, 0, -144.5, 0, -144.5, 0, 0, 0, 0, 0, 86.75000000000355, 0, 0, 0, 0, -144.5, 0, 0, 0, 0, 0, 0, -289.0, 0, 0, 0, -144.5, 0, 693.0000000000061, 0, -144.5, 0, 0, 0, 143.00000000001123, 0, 0, 0, 205.50000000000435, 0, -144.5, 0, 0, 0, -144.5, 0, 0, 0, -144.5, 293.00000000002245, 0, 0, -289.0, 0, 0, 0, 0, 0, 0, 0, 0, -144.5, 0, 0, 0, 0, 0, 0, 0, 0, 0, 0, -144.5, 0, -144.5, 0, 0, 0, 0, -144.5, 0, 0, 0, 0, 0, 0, 0, 0, 0, 0, 0, 0, -144.5, 0, 0, 0, 80.50000000001812, 0, 0, 0, 0, -144.5, 0, 0, -289.0, 0, -7.0, 0, 0, 0, 0, 0, 0, 0, 0, 1217.9999999999761, 0, 0, 0, 0, 0, -144.5, 0, 0, 0, 0, 0, 0, 0, 0, -144.5, 0, 0, -151.5, 0, 0, -144.5, 0, 0, 0, 0, 0, 0, -144.5, 0, 0, 0, 0, 0, 124.24999999999943, 0, 0, 1098.5000000000011, 0, 0, 0, 0, 0, 0, 0, 0, 511.7500000000123, 0, 0, 0, 0, 103.99999999998369, 0, -144.5, 0, 0, 0, 0, 0, 0, 0, 0, 0, 0, 0, 0, 0, -144.5, 0, 0, 0, 0, 0, 0, 0, 0, 0, -144.5, 148.4999999999947, 0, 0, -144.5, 0, 355.5000000000156, -144.5, 0, 0, 0, -144.5, 0, -144.5, -144.5, 0, 0, 0, 0, -144.5, 0, 0, 0, -289.0, 0, 0, 0, 0, 0, 0, 0, 0, 0, 0, 0, 0, 0, -144.5, -144.5, 0, 0, 0, 0, 0, 0, 0, 0, -13.25000000001319, 0, -144.5, 0, 0, 0, 0, 0, 0, 0, 0, 0, 0, 0, 0, 0, 0, 0, -144.5, 0, 0, 0, 0, 0, 98.50000000000023, 0, 430.50000000000733, 0, 0, 241.49999999995595, 0, 0, 0, 0, 0, -144.5, -289.0, 123.49999999999744, -289.0, 0, 0, 0, 0, 0, 0, 1135.999999999997, -144.5, 0, 0, 0, 423.49999999997954, 292.9999999999947, 0, 0, -144.5, 0, 0, 0, 0, 0, 0, 0, 0, 0, 0, 0, 0, -144.5, 0, 0, 0, 0, 0, 0, 0, 0, 0, 0, 0, -144.5, -144.5, 0, 0, -144.5, 0, -144.5, -144.5, 0, 0, 0, 0, 0, 0, 0, 0, 0, 0, 180.5000000000071, 0, 0, 0, 0, 0, 0, 0, 0, 0, 0, 0, 0, -7.0, 361.0000000000142, 0, 30.49999999999587, -289.0, 0, 0, 0, 0, 0, 0, 598.5000000000007, 505.4999999999991, 0, 0, 0, 0, 0, -144.5, 0, 0, 0, 0, -144.5, 0, 0, 0, 0, 0, 486.750000000015, 0, 0, 0, 0, 0, -144.5, 0, -144.5, 0, 0, 0, 0, 0, -144.5, 0, -144.5, 0, 0, -144.5, 0, 0, 0, 355.49999999998784, 0, 0, 0, 0, 80.49999999999037, 242.99999999997246, 0, 0, 0, -144.5, 0, 0, 0, 0, 0, 0, 0, 0, 0, 0, 0, 0, 0, 0, 0, 0, 0, 0, 0, 0, 86.75000000000355, 0, 0, 0, -144.5, 0, 0, 0, -144.5, 0, 0, 0, 0, 0, 130.50000000001262, 0, 0, 918.0000000000091, 0, 0, 0, 0, 0, 0, 0, 0, 0, 0, 0, 0, 0, 0, 0, 0, 0, 0, 0, -144.5, 0, 0, 0, 0, 0, 0, -144.5, 0, 0, 0, 0, -289.0, 0, 0, 0, -144.5, 118.00000000001398, 0, 242.2499999999983, 0, 0, 0, 0, 0, 0, 0, 0, 0, 0, 0, 0, 0, 0, 0, 0, 0, 0, 0, 0, 0, 0, 0, 0, 0, 48.49999999999312, -69.50000000002088, 0, 0, 0, 0, 0, 0, -144.5, 0, 0, 0, 0, 0, 0, 0, 0, 0, 0, -144.5, 0, 0, 0, 0, 0, -144.5, -144.5, 0, 180.5000000000071, 0, -144.5, 0, 0, -144.5, 0, 0, 0, -144.5, 0, 0, 0, 0, -144.5, -144.5, 0, 0, 0, 0, 0, 0, 0, 0, 0, 0, -144.5, 0, 0, 0, 0, 0, 480.5000000000018, -144.5, 0, 0, 0, 0, 0, -144.5, 0, 0, 0, 0, -144.5, 0, 0, 0, 0, 0, 0, -144.5, 0, 0]
Sharpe Ratio: 0.02
Annualized Sharpe: 0.313
Sharpe 95% CI: (np.float64(-1.043), np.float64(1.24))
Daily Win Rate (%): 29.86
Max Drawdown: -3256.25
Profit Factor: 1.146
Expectancy: 3.059
Trades Per Month (Global): 18.916666666666668
Total Days: 727

Rolling 8 - Variant 4 - 20_15 - Test Metrics
Trade Returns: [-144.5, 1868, 1868, -144.5, 24.249999999996557, -144.5, -144.5, -144.5, -144.5, -144.5, -144.5, 230.5000000000016, -144.5, -144.5, -144.5, -144.5, -144.5, -144.5, 205.4999999999766, -144.5, -144.5, -144.5, 592.9999999999894, -144.5, -144.5, -144.5, -144.5, -144.5, -144.5, -144.5, 86.75000000000355, -144.5, -144.5, -144.5, -144.5, 693.0000000000061, -144.5, 143.00000000001123, 205.50000000000435, -144.5, -144.5, -144.5, 293.00000000002245, -144.5, -144.5, -144.5, -144.5, -144.5, -144.5, -144.5, 80.50000000001812, -144.5, -144.5, -144.5, -7.0, 1217.9999999999761, -144.5, -144.5, -144.5, -7.0, -144.5, -144.5, 124.24999999999943, 1243.0000000000011, -144.5, 511.7500000000123, -144.5, 392.9999999999837, -144.5, -144.5, -144.5, -144.5, -144.5, 292.9999999999947, -144.5, 355.5000000000156, -144.5, -144.5, -144.5, -144.5, -144.5, -144.5, -144.5, -144.5, -144.5, -13.25000000001319, -144.5, -144.5, -144.5, 243.00000000000023, 430.50000000000733, 205.4999999999766, -144.5, 180.49999999997934, -144.5, -144.5, -144.5, -144.5, 267.99999999999744, -144.5, -144.5, 1280.499999999997, -144.5, -144.5, 392.9999999999837, 30.49999999999587, 292.9999999999947, -144.5, -144.5, -144.5, -144.5, -144.5, -144.5, -144.5, 180.5000000000071, -7.0, 255.49999999999886, 105.50000000001536, 30.49999999999587, -144.5, -144.5, 743.0000000000007, -144.5, 505.4999999999991, -144.5, -144.5, 486.750000000015, -144.5, -144.5, -144.5, -144.5, -144.5, 355.49999999998784, 80.49999999999037, 242.99999999997246, -144.5, 86.75000000000355, -144.5, -144.5, 130.50000000001262, 918.0000000000091, -144.5, -144.5, -144.5, -144.5, -144.5, 118.00000000001398, -144.5, 386.7499999999983, 130.50000000001262, -82.0000000000195, -69.50000000002088, -144.5, -144.5, -144.5, -144.5, 180.5000000000071, -144.5, -144.5, -144.5, -144.5, -144.5, -144.5, 480.5000000000018, -144.5, -144.5, -144.5, -144.5, -144.5, 874.2500000000001, -144.5, -144.5, -144.5, -144.5, -144.5, -144.5, -144.5, -144.5, -144.5, 80.50000000001812, 261.75000000001205, -144.5, 367.99999999998647, -144.5, -144.5, 730.500000000002, -144.5, -144.5, 661.7500000000235, -144.5, 130.49999999998485, 536.7499999999817, -144.5, -144.5, -144.5, -144.5, -144.5, -144.5, -144.5, -144.5, -144.5, -144.5, 905.5000000000106, -144.5, -144.5, -144.5, -144.5, -144.5, -144.5, -144.5, -144.5, -144.5, -144.5, 286.75000000000927, -144.5, -144.5, -7.0, -144.5, 430.4999999999796, -144.5, -144.5, 142.9999999999835, -144.5, 399.2499999999969, 205.50000000000435, -144.5, 830.499999999991]
Daily Returns: [0, 0, 0, 0, -144.5, 0, 0, 0, 0, 0, 729.7500000000001, 0, 0, 0, 0, 0, 0, 0, 0, 0, 0, 0, 0, -433.5, 0, 0, 0, -144.5, 0, 0, 0, 0, 0, 0, 0, 0, -144.5, 0, -289.0, 0, -63.99999999998188, 0, 0, 0, 0, 0, 0, 0, 0, 0, 261.75000000001205, 0, -144.5, 0, 0, 0, 0, 367.99999999998647, -144.5, 0, 0, 0, 0, 0, 0, 0, 0, 0, 0, 0, -144.5, 0, 0, 0, 0, 0, 586.000000000002, 0, 0, 0, 0, -144.5, 0, 0, 0, 0, 0, 0, 661.7500000000235, 0, 0, 0, -144.5, 0, 0, 0, 130.49999999998485, 0, 0, 0, 536.7499999999817, 0, -144.5, 0, 0, 0, 0, 0, 0, 0, -289.0, -433.5, 0, 0, 0, 0, 0, -144.5, 0, 0, -144.5, 0, -289.0, 0, 0, 0, 0, 0, 0, 0, 0, 0, 0, 0, 761.0000000000106, 0, 0, 0, 0, 0, 0, 0, 0, 0, 0, 0, -144.5, 0, 0, 0, 0, 0, 0, -144.5, 0, 0, 0, 0, -144.5, 0, 0, 0, 0, 0, 0, -144.5, 0, -144.5, -144.5, 0, 0, -144.5, 0, 0, -144.5, 0, -144.5, 0, 0, 0, 286.75000000000927, 0, 0, -144.5, 0, 0, -144.5, 0, 0, 0, 0, -7.0, -144.5, 0, 430.4999999999796, 0, 0, 0, 0, 0, 0, 0, -144.5, 0, 0, 0, 0, -144.5, 0, 0, -1.500000000016513, 0, 0, 0, 0, 0, 0, 0, 0, 0, 399.2499999999969, 0, 0, 0, 0, 0, 0, 0, 0, 0, 0, 205.50000000000435, -144.5, 830.499999999991, 0, 0, 0, 0, 0, 0]
Sharpe Ratio: 0.018
Annualized Sharpe: 0.294
Sharpe 95% CI: (np.float64(-2.058), np.float64(1.971))
Daily Win Rate (%): 27.66
Max Drawdown: -2138.25
Profit Factor: 1.112
Expectancy: 2.602
Trades Per Month (Global): 18.916666666666668
Total Days: 240



Rolling 9 - Variant 0 - 10_7 - Fit Metrics
Trade Returns: [-151.5, 861, 861, -151.5, -151.5, -151.5, 861, -151.5, -151.5, -151.5, -151.5, 861, -151.5, -151.5, -151.5, -151.5, -151.5, -151.5, -151.5, -151.5, -151.5, -151.5, 861, -151.5, -151.5, -151.5, -151.5, -151.5, -151.5, -151.5, 173.5000000000071, 861, -151.5, -151.5, -151.5, 861, -151.5, -151.5, 411.0000000000087, -151.5, -151.5, -151.5, 861, -151.5, -151.5, -151.5, -151.5, -151.5, -151.5, -151.5, -151.5, -151.5, -151.5, -151.5, -14.0, 861, -151.5, -151.5, -151.5, -14.0, -151.5, -151.5, 248.49999999999886, -151.5, -151.5, -151.5, -151.5, -151.5, -151.5, -151.5, -151.5, -151.5, -151.5, 585.9999999999894, -151.5, 711.0000000000312, -151.5, -151.5, -151.5, -151.5, -151.5, -151.5, -151.5, 861, -151.5, -26.50000000002638, -151.5, -151.5, -151.5, 861, -151.5, 410.9999999999532, -151.5, 360.9999999999587, 861, -151.5, -151.5, -151.5, 535.9999999999949, -151.5, -151.5, -151.5, -151.5, -151.5, 861, 60.99999999999174, 861, -151.5, -151.5, -151.5, -151.5, -151.5, -151.5, -151.5, 361.0000000000142, -14.0, 861, 211.00000000003072, 60.99999999999174, -151.5, -151.5, 861, -151.5, -151.5, -151.5, -151.5, 861, -151.5, -151.5, -151.5, -151.5, -151.5, 861, -151.5, 485.9999999999449, -151.5, -151.5, -151.5, -151.5, 261.00000000002524, 861, -151.5, -151.5, -151.5, -151.5, -151.5, 236.00000000002797, -151.5, -151.5, 261.00000000002524, -151.5, -151.5, -151.5, -151.5, -151.5, -151.5, 861, -151.5, -151.5, -151.5, -151.5, -151.5, -151.5, 861, -151.5, -151.5, -151.5, -151.5, -151.5, 861, -151.5, -151.5, -151.5, -151.5, 861, -151.5, -151.5, -151.5, 861, 161.00000000003624, -151.5, -151.5, 861, -151.5, 861, 861, -151.5, -151.5, 861, -151.5, 861, 861, -151.5, -151.5, -151.5, 861, -151.5, -151.5, -151.5, -151.5, 861, -151.5, 861, -151.5, -151.5, -151.5, -151.5, -151.5, -151.5, -151.5, -151.5, -151.5, -151.5, 573.5000000000185, -151.5, -151.5, -151.5, -151.5, 861, -151.5, -151.5, 861, -151.5, 861, 861, -151.5, 861]
Daily Returns: [-151.5, 0, 0, 0, 0, 0, 861, 0, 0, 0, 0, 0, 0, 709.5, 0, 0, 0, 0, 0, -151.5, 0, 0, 0, 0, -151.5, 0, 0, 0, 0, 0, 0, 0, 0, 0, 0, 0, 0, 0, 0, 0, 0, 861, 0, 0, 0, 0, 0, -151.5, 0, 0, 0, 0, 0, -151.5, -151.5, 0, 0, 0, 0, 0, 0, 0, 0, 0, 0, 0, 0, -151.5, 0, 0, 861, 0, -151.5, 0, 0, 0, -151.5, 0, 0, 0, 0, -151.5, 0, 0, 0, 0, 0, 0, 0, -151.5, 0, -151.5, 0, -151.5, 0, 0, 0, -151.5, 0, 0, 0, 0, 0, -151.5, 0, -151.5, 0, 0, 0, 0, 0, 0, -151.5, 0, 861, -151.5, 0, 0, 0, 0, 0, 0, 0, 0, 0, -151.5, -151.5, 0, 0, -151.5, -151.5, 0, 0, -151.5, 0, -151.5, 0, 0, 0, 0, 0, 173.5000000000071, 0, 0, 0, 0, 861, 0, 0, 0, 0, 0, 0, -303.0, 0, 0, 0, -151.5, 0, 861, 0, -151.5, 0, 0, 0, -151.5, 0, 0, 0, 411.0000000000087, 0, -151.5, 0, 0, 0, -151.5, 0, 0, 0, -151.5, 861, 0, 0, -303.0, 0, 0, 0, 0, 0, 0, 0, 0, -151.5, 0, 0, 0, 0, 0, 0, 0, 0, 0, 0, -151.5, 0, -151.5, 0, 0, 0, 0, -151.5, 0, 0, 0, 0, 0, 0, 0, 0, 0, 0, 0, 0, -151.5, 0, 0, 0, -151.5, 0, 0, 0, 0, -151.5, 0, 0, -303.0, 0, -14.0, 0, 0, 0, 0, 0, 0, 0, 0, 861, 0, 0, 0, 0, 0, -151.5, 0, 0, 0, 0, 0, 0, 0, 0, -151.5, 0, 0, -165.5, 0, 0, -151.5, 0, 0, 0, 0, 0, 0, -151.5, 0, 0, 0, 0, 0, 248.49999999999886, 0, 0, -303.0, 0, 0, 0, 0, 0, 0, 0, 0, -151.5, 0, 0, 0, 0, -454.5, 0, -151.5, 0, 0, 0, 0, 0, 0, 0, 0, 0, 0, 0, 0, 0, -151.5, 0, 0, 0, 0, 0, 0, 0, 0, 0, -151.5, 434.4999999999894, 0, 0, -151.5, 0, 711.0000000000312, -151.5, 0, 0, 0, -151.5, 0, -151.5, -151.5, 0, 0, 0, 0, -151.5, 0, 0, 0, -303.0, 0, 0, 0, 0, 0, 0, 0, 0, 0, 0, 0, 0, 0, 861, -151.5, 0, 0, 0, 0, 0, 0, 0, 0, -26.50000000002638, 0, -151.5, 0, 0, 0, 0, 0, 0, 0, 0, 0, 0, 0, 0, 0, 0, 0, -151.5, 0, 0, 0, 0, 0, 709.5, 0, -151.5, 0, 0, 620.4999999999119, 0, 0, 0, 0, 0, 861, -303.0, 384.4999999999949, -303.0, 0, 0, 0, 0, 0, 0, -303.0, -151.5, 0, 0, 0, 921.9999999999917, 861, 0, 0, -151.5, 0, 0, 0, 0, 0, 0, 0, 0, 0, 0, 0, 0, -151.5, 0, 0, 0, 0, 0, 0, 0, 0, 0, 0, 0, -151.5, -151.5, 0, 0, -151.5, 0, -151.5, -151.5, 0, 0, 0, 0, 0, 0, 0, 0, 0, 0, 361.0000000000142, 0, 0, 0, 0, 0, 0, 0, 0, 0, 0, 0, 0, -14.0, 1072.0000000000307, 0, 60.99999999999174, -303.0, 0, 0, 0, 0, 0, 0, 709.5, -151.5, 0, 0, 0, 0, 0, -151.5, 0, 0, 0, 0, -151.5, 0, 0, 0, 0, 0, 861, 0, 0, 0, 0, 0, -151.5, 0, -151.5, 0, 0, 0, 0, 0, -151.5, 0, -151.5, 0, 0, -151.5, 0, 0, 0, 861, 0, 0, 0, 0, -151.5, 485.9999999999449, 0, 0, 0, -151.5, 0, 0, 0, 0, 0, 0, 0, 0, 0, 0, 0, 0, 0, 0, 0, 0, 0, 0, 0, 0, -151.5, 0, 0, 0, -151.5, 0, 0, 0, -151.5, 0, 0, 0, 0, 0, 261.00000000002524, 0, 0, 861, 0, 0, 0, 0, 0, 0, 0, 0, 0, 0, 0, 0, 0, 0, 0, 0, 0, 0, 0, -151.5, 0, 0, 0, 0, 0, 0, -151.5, 0, 0, 0, 0, -303.0, 0, 0, 0, -151.5, 236.00000000002797, 0, -303.0, 0, 0, 0, 0, 0, 0, 0, 0, 0, 0, 0, 0, 0, 0, 0, 0, 0, 0, 0, 0, 0, 0, 0, 0, 0, 109.50000000002524, -151.5, 0, 0, 0, 0, 0, 0, -151.5, 0, 0, 0, 0, 0, 0, 0, 0, 0, 0, -151.5, 0, 0, 0, 0, 0, -151.5, -151.5, 0, 861, 0, -151.5, 0, 0, -151.5, 0, 0, 0, -151.5, 0, 0, 0, 0, -151.5, -151.5, 0, 0, 0, 0, 0, 0, 0, 0, 0, 0, -151.5, 0, 0, 0, 0, 0, 861, -151.5, 0, 0, 0, 0, 0, -151.5, 0, 0, 0, 0, -151.5, 0, 0, 0, 0, 0, 0, -151.5, 0, 0, 0, 0, 0, 0, -151.5, 0, 0, 0, 0, 0, 709.5, 0, 0, 0, 0, 0, 0, 0, 0, 0, 0, 0, 0, -454.5, 0, 0, 0, 861, 0, 0, 0, 0, 0, 0, 0, 0, -151.5, 0, -303.0, 0, 1022.0000000000363, 0, 0, 0, 0, 0, 0, 0, 0, 0, -151.5, 0, -151.5, 0, 0, 0, 0, 861, -151.5, 0, 0, 0, 0, 0, 0, 0, 0, 0, 0, 0, 861, 0, 0, 0, 0, 0, 709.5, 0, 0, 0]
Sharpe Ratio: 0.053
Annualized Sharpe: 0.849
Sharpe 95% CI: (np.float64(-0.21), np.float64(1.731))
Daily Win Rate (%): 25.48
Max Drawdown: -2772.5
Profit Factor: 1.387
Expectancy: 9.488
Trades Per Month (Global): 18.916666666666668
Total Days: 807

Rolling 9 - Variant 0 - 10_7 - Test Metrics
Trade Returns: [-151.5, 861, 861, -151.5, -151.5, -151.5, 861, -151.5, -151.5, -151.5, -151.5, 861, -151.5, -151.5, -151.5, -151.5, -151.5, -151.5, -151.5, -151.5, -151.5, -151.5, 861, -151.5, -151.5, -151.5, -151.5, -151.5, -151.5, -151.5, 173.5000000000071, 861, -151.5, -151.5, -151.5, 861, -151.5, -151.5, 411.0000000000087, -151.5, -151.5, -151.5, 861, -151.5, -151.5, -151.5, -151.5, -151.5, -151.5, -151.5, -151.5, -151.5, -151.5, -151.5, -14.0, 861, -151.5, -151.5, -151.5, -14.0, -151.5, -151.5, 248.49999999999886, -151.5, -151.5, -151.5, -151.5, -151.5, -151.5, -151.5, -151.5, -151.5, -151.5, 585.9999999999894, -151.5, 711.0000000000312, -151.5, -151.5, -151.5, -151.5, -151.5, -151.5, -151.5, 861, -151.5, -26.50000000002638, -151.5, -151.5, -151.5, 861, -151.5, 410.9999999999532, -151.5, 360.9999999999587, 861, -151.5, -151.5, -151.5, 535.9999999999949, -151.5, -151.5, -151.5, -151.5, -151.5, 861, 60.99999999999174, 861, -151.5, -151.5, -151.5, -151.5, -151.5, -151.5, -151.5, 361.0000000000142, -14.0, 861, 211.00000000003072, 60.99999999999174, -151.5, -151.5, 861, -151.5, -151.5, -151.5, -151.5, 861, -151.5, -151.5, -151.5, -151.5, -151.5, 861, -151.5, 485.9999999999449, -151.5, -151.5, -151.5, -151.5, 261.00000000002524, 861, -151.5, -151.5, -151.5, -151.5, -151.5, 236.00000000002797, -151.5, -151.5, 261.00000000002524, -151.5, -151.5, -151.5, -151.5, -151.5, -151.5, 861, -151.5, -151.5, -151.5, -151.5, -151.5, -151.5, 861, -151.5, -151.5, -151.5, -151.5, -151.5, 861, -151.5, -151.5, -151.5, -151.5, 861, -151.5, -151.5, -151.5, 861, 161.00000000003624, -151.5, -151.5, 861, -151.5, 861, 861, -151.5, -151.5, 861, -151.5, 861, 861, -151.5, -151.5, -151.5, 861, -151.5, -151.5, -151.5, -151.5, 861, -151.5, 861, -151.5, -151.5, -151.5, -151.5, -151.5, -151.5, -151.5, -151.5, -151.5, -151.5, 573.5000000000185, -151.5, -151.5, -151.5, -151.5, 861, -151.5, -151.5, 861, -151.5, 861, 861, -151.5, 861]
Daily Returns: [0, -151.5, 0, 0, 0, 0, 0, 0, 861, 0, 0, 0, -151.5, 0, 0, 0, 861, 0, 0, 0, 861, 0, -151.5, 0, 0, 0, 0, 0, 0, 0, -303.0, 558.0, 0, 0, 0, 0, 0, -151.5, 0, 0, -151.5, 0, 709.5, 0, 0, 0, 0, 0, 0, 0, 0, 0, 0, 0, 709.5, 0, 0, 0, 0, 0, 0, 0, 0, 0, 0, 0, -151.5, 0, 0, 0, 0, 0, 0, -151.5, 0, 0, 0, 0, -151.5, 0, 0, 0, 0, 0, 0, -151.5, 0, -151.5, -151.5, 0, 0, -151.5, 0, 0, -151.5, 0, -151.5, 0, 0, 0, 573.5000000000185, 0, 0, -151.5, 0, 0, -151.5, 0, 0, 0, 0, -151.5, -151.5, 0, 861, 0, 0, 0, 0, 0, 0, 0, -151.5, 0, 0, 0, 0, -151.5, 0, 0, 709.5, 0, 0, 0, 0, 0, 0, 0, 0, 0, 861, 0, 0, 0, 0, 0, 0, 0, 0, 0, 0, 861, -151.5, 861, 0, 0, 0, 0, 0, 0]
Sharpe Ratio: 0.165
Annualized Sharpe: 2.616
Sharpe 95% CI: (np.float64(0.406), np.float64(4.293))
Daily Win Rate (%): 35.29
Max Drawdown: -1396.0
Profit Factor: 2.665
Expectancy: 36.266
Trades Per Month (Global): 18.916666666666668
Total Days: 160



Rolling 9 - Variant 1 - 10_12 - Fit Metrics
Trade Returns: [-151.5, 1486, 1486, -151.5, -151.5, -151.5, -151.5, -151.5, -151.5, -151.5, -151.5, 461.0000000000032, -151.5, -151.5, -151.5, -151.5, -151.5, -151.5, -151.5, -151.5, -151.5, -151.5, 1486, -151.5, -151.5, -151.5, -151.5, -151.5, -151.5, -151.5, 173.5000000000071, -151.5, -151.5, -151.5, -151.5, 1486, -151.5, -151.5, 411.0000000000087, -151.5, -151.5, -151.5, 586.0000000000449, -151.5, -151.5, -151.5, -151.5, -151.5, -151.5, -151.5, -151.5, -151.5, -151.5, -151.5, -14.0, 1486, -151.5, -151.5, -151.5, -14.0, -151.5, -151.5, 248.49999999999886, -151.5, -151.5, -151.5, -151.5, -151.5, -151.5, -151.5, -151.5, -151.5, -151.5, 585.9999999999894, -151.5, 711.0000000000312, -151.5, -151.5, -151.5, -151.5, -151.5, -151.5, -151.5, -151.5, -151.5, -26.50000000002638, -151.5, -151.5, -151.5, 486.00000000000045, -151.5, 410.9999999999532, -151.5, 360.9999999999587, -151.5, -151.5, -151.5, -151.5, 535.9999999999949, -151.5, -151.5, -151.5, -151.5, -151.5, 785.9999999999674, 60.99999999999174, 585.9999999999894, -151.5, -151.5, -151.5, -151.5, -151.5, -151.5, -151.5, 361.0000000000142, -14.0, 510.9999999999977, 211.00000000003072, 60.99999999999174, -151.5, -151.5, 1486, -151.5, -151.5, -151.5, -151.5, 973.50000000003, -151.5, -151.5, -151.5, -151.5, -151.5, 710.9999999999757, -151.5, 485.9999999999449, -151.5, -151.5, -151.5, -151.5, 261.00000000002524, 1486, -151.5, -151.5, -151.5, -151.5, -151.5, 236.00000000002797, -151.5, -151.5, 261.00000000002524, -151.5, -151.5, -151.5, -151.5, -151.5, -151.5, 361.0000000000142, -151.5, -151.5, -151.5, -151.5, -151.5, -151.5, -151.5, -151.5, -151.5, -151.5, -151.5, -151.5, 1486, -151.5, -151.5, -151.5, -151.5, 1486, -151.5, -151.5, -151.5, -151.5, 161.00000000003624, -151.5, -151.5, 1486, -151.5, 1486, 1486, -151.5, -151.5, 1486, -151.5, 1486, -151.5, -151.5, -151.5, -151.5, 1486, -151.5, -151.5, -151.5, -151.5, 1486, -151.5, 1486, -151.5, -151.5, -151.5, -151.5, -151.5, -151.5, -151.5, -151.5, -151.5, -151.5, 573.5000000000185, -151.5, -151.5, -151.5, -151.5, 860.9999999999592, -151.5, -151.5, 285.999999999967, -151.5, 798.4999999999937, 411.0000000000087, -151.5, 1486]
Daily Returns: [-151.5, 0, 0, 0, 0, 0, 1486, 0, 0, 0, 0, 0, 0, 1334.5, 0, 0, 0, 0, 0, -151.5, 0, 0, 0, 0, -151.5, 0, 0, 0, 0, 0, 0, 0, 0, 0, 0, 0, 0, 0, 0, 0, 0, -151.5, 0, 0, 0, 0, 0, -151.5, 0, 0, 0, 0, 0, -151.5, -151.5, 0, 0, 0, 0, 0, 0, 0, 0, 0, 0, 0, 0, -151.5, 0, 0, 461.0000000000032, 0, -151.5, 0, 0, 0, -151.5, 0, 0, 0, 0, -151.5, 0, 0, 0, 0, 0, 0, 0, -151.5, 0, -151.5, 0, -151.5, 0, 0, 0, -151.5, 0, 0, 0, 0, 0, -151.5, 0, -151.5, 0, 0, 0, 0, 0, 0, -151.5, 0, 1486, -151.5, 0, 0, 0, 0, 0, 0, 0, 0, 0, -151.5, -151.5, 0, 0, -151.5, -151.5, 0, 0, -151.5, 0, -151.5, 0, 0, 0, 0, 0, 173.5000000000071, 0, 0, 0, 0, -151.5, 0, 0, 0, 0, 0, 0, -303.0, 0, 0, 0, -151.5, 0, 1486, 0, -151.5, 0, 0, 0, -151.5, 0, 0, 0, 411.0000000000087, 0, -151.5, 0, 0, 0, -151.5, 0, 0, 0, -151.5, 586.0000000000449, 0, 0, -303.0, 0, 0, 0, 0, 0, 0, 0, 0, -151.5, 0, 0, 0, 0, 0, 0, 0, 0, 0, 0, -151.5, 0, -151.5, 0, 0, 0, 0, -151.5, 0, 0, 0, 0, 0, 0, 0, 0, 0, 0, 0, 0, -151.5, 0, 0, 0, -151.5, 0, 0, 0, 0, -151.5, 0, 0, -303.0, 0, -14.0, 0, 0, 0, 0, 0, 0, 0, 0, 1486, 0, 0, 0, 0, 0, -151.5, 0, 0, 0, 0, 0, 0, 0, 0, -151.5, 0, 0, -165.5, 0, 0, -151.5, 0, 0, 0, 0, 0, 0, -151.5, 0, 0, 0, 0, 0, 248.49999999999886, 0, 0, -303.0, 0, 0, 0, 0, 0, 0, 0, 0, -151.5, 0, 0, 0, 0, -454.5, 0, -151.5, 0, 0, 0, 0, 0, 0, 0, 0, 0, 0, 0, 0, 0, -151.5, 0, 0, 0, 0, 0, 0, 0, 0, 0, -151.5, 434.4999999999894, 0, 0, -151.5, 0, 711.0000000000312, -151.5, 0, 0, 0, -151.5, 0, -151.5, -151.5, 0, 0, 0, 0, -151.5, 0, 0, 0, -303.0, 0, 0, 0, 0, 0, 0, 0, 0, 0, 0, 0, 0, 0, -151.5, -151.5, 0, 0, 0, 0, 0, 0, 0, 0, -26.50000000002638, 0, -151.5, 0, 0, 0, 0, 0, 0, 0, 0, 0, 0, 0, 0, 0, 0, 0, -151.5, 0, 0, 0, 0, 0, 334.50000000000045, 0, -151.5, 0, 0, 620.4999999999119, 0, 0, 0, 0, 0, -151.5, -303.0, 384.4999999999949, -303.0, 0, 0, 0, 0, 0, 0, -303.0, -151.5, 0, 0, 0, 846.9999999999591, 585.9999999999894, 0, 0, -151.5, 0, 0, 0, 0, 0, 0, 0, 0, 0, 0, 0, 0, -151.5, 0, 0, 0, 0, 0, 0, 0, 0, 0, 0, 0, -151.5, -151.5, 0, 0, -151.5, 0, -151.5, -151.5, 0, 0, 0, 0, 0, 0, 0, 0, 0, 0, 361.0000000000142, 0, 0, 0, 0, 0, 0, 0, 0, 0, 0, 0, 0, -14.0, 722.0000000000284, 0, 60.99999999999174, -303.0, 0, 0, 0, 0, 0, 0, 1334.5, -151.5, 0, 0, 0, 0, 0, -151.5, 0, 0, 0, 0, -151.5, 0, 0, 0, 0, 0, 973.50000000003, 0, 0, 0, 0, 0, -151.5, 0, -151.5, 0, 0, 0, 0, 0, -151.5, 0, -151.5, 0, 0, -151.5, 0, 0, 0, 710.9999999999757, 0, 0, 0, 0, -151.5, 485.9999999999449, 0, 0, 0, -151.5, 0, 0, 0, 0, 0, 0, 0, 0, 0, 0, 0, 0, 0, 0, 0, 0, 0, 0, 0, 0, -151.5, 0, 0, 0, -151.5, 0, 0, 0, -151.5, 0, 0, 0, 0, 0, 261.00000000002524, 0, 0, 1486, 0, 0, 0, 0, 0, 0, 0, 0, 0, 0, 0, 0, 0, 0, 0, 0, 0, 0, 0, -151.5, 0, 0, 0, 0, 0, 0, -151.5, 0, 0, 0, 0, -303.0, 0, 0, 0, -151.5, 236.00000000002797, 0, -303.0, 0, 0, 0, 0, 0, 0, 0, 0, 0, 0, 0, 0, 0, 0, 0, 0, 0, 0, 0, 0, 0, 0, 0, 0, 0, 109.50000000002524, -151.5, 0, 0, 0, 0, 0, 0, -151.5, 0, 0, 0, 0, 0, 0, 0, 0, 0, 0, -151.5, 0, 0, 0, 0, 0, -151.5, -151.5, 0, 361.0000000000142, 0, -151.5, 0, 0, -151.5, 0, 0, 0, -151.5, 0, 0, 0, 0, -151.5, -151.5, 0, 0, 0, 0, 0, 0, 0, 0, 0, 0, -151.5, 0, 0, 0, 0, 0, -151.5, -151.5, 0, 0, 0, 0, 0, -151.5, 0, 0, 0, 0, -151.5, 0, 0, 0, 0, 0, 0, -151.5, 0, 0, 0, 0, 0, 0, -151.5, 0, 0, 0, 0, 0, 1334.5, 0, 0, 0, 0, 0, 0, 0, 0, 0, 0, 0, 0, -454.5, 0, 0, 0, 1486, 0, 0, 0, 0, 0, 0, 0, 0, -151.5, 0, -303.0, 0, 9.500000000036238, 0, 0, 0, 0, 0, 0, 0, 0, 0, -151.5, 0, -151.5, 0, 0, 0, 0, 1486, -151.5, 0, 0, 0, 0, 0, 0, 0, 0, 0, 0, 0, 1486, 0, 0, 0, 0, 0, 1334.5, 0, 0, 0]
Sharpe Ratio: 0.041
Annualized Sharpe: 0.646
Sharpe 95% CI: (np.float64(-0.449), np.float64(1.512))
Daily Win Rate (%): 22.29
Max Drawdown: -3200.0
Profit Factor: 1.331
Expectancy: 8.419
Trades Per Month (Global): 18.916666666666668
Total Days: 807

Rolling 9 - Variant 1 - 10_12 - Test Metrics
Trade Returns: [-151.5, 1486, 1486, -151.5, -151.5, -151.5, -151.5, -151.5, -151.5, -151.5, -151.5, 461.0000000000032, -151.5, -151.5, -151.5, -151.5, -151.5, -151.5, -151.5, -151.5, -151.5, -151.5, 1486, -151.5, -151.5, -151.5, -151.5, -151.5, -151.5, -151.5, 173.5000000000071, -151.5, -151.5, -151.5, -151.5, 1486, -151.5, -151.5, 411.0000000000087, -151.5, -151.5, -151.5, 586.0000000000449, -151.5, -151.5, -151.5, -151.5, -151.5, -151.5, -151.5, -151.5, -151.5, -151.5, -151.5, -14.0, 1486, -151.5, -151.5, -151.5, -14.0, -151.5, -151.5, 248.49999999999886, -151.5, -151.5, -151.5, -151.5, -151.5, -151.5, -151.5, -151.5, -151.5, -151.5, 585.9999999999894, -151.5, 711.0000000000312, -151.5, -151.5, -151.5, -151.5, -151.5, -151.5, -151.5, -151.5, -151.5, -26.50000000002638, -151.5, -151.5, -151.5, 486.00000000000045, -151.5, 410.9999999999532, -151.5, 360.9999999999587, -151.5, -151.5, -151.5, -151.5, 535.9999999999949, -151.5, -151.5, -151.5, -151.5, -151.5, 785.9999999999674, 60.99999999999174, 585.9999999999894, -151.5, -151.5, -151.5, -151.5, -151.5, -151.5, -151.5, 361.0000000000142, -14.0, 510.9999999999977, 211.00000000003072, 60.99999999999174, -151.5, -151.5, 1486, -151.5, -151.5, -151.5, -151.5, 973.50000000003, -151.5, -151.5, -151.5, -151.5, -151.5, 710.9999999999757, -151.5, 485.9999999999449, -151.5, -151.5, -151.5, -151.5, 261.00000000002524, 1486, -151.5, -151.5, -151.5, -151.5, -151.5, 236.00000000002797, -151.5, -151.5, 261.00000000002524, -151.5, -151.5, -151.5, -151.5, -151.5, -151.5, 361.0000000000142, -151.5, -151.5, -151.5, -151.5, -151.5, -151.5, -151.5, -151.5, -151.5, -151.5, -151.5, -151.5, 1486, -151.5, -151.5, -151.5, -151.5, 1486, -151.5, -151.5, -151.5, -151.5, 161.00000000003624, -151.5, -151.5, 1486, -151.5, 1486, 1486, -151.5, -151.5, 1486, -151.5, 1486, -151.5, -151.5, -151.5, -151.5, 1486, -151.5, -151.5, -151.5, -151.5, 1486, -151.5, 1486, -151.5, -151.5, -151.5, -151.5, -151.5, -151.5, -151.5, -151.5, -151.5, -151.5, 573.5000000000185, -151.5, -151.5, -151.5, -151.5, 860.9999999999592, -151.5, -151.5, 285.999999999967, -151.5, 798.4999999999937, 411.0000000000087, -151.5, 1486]
Daily Returns: [0, -151.5, 0, 0, 0, 0, 0, 0, 1486, 0, 0, 0, -151.5, 0, 0, 0, 1486, 0, 0, 0, -151.5, 0, -151.5, 0, 0, 0, 0, 0, 0, 0, -303.0, 1183.0, 0, 0, 0, 0, 0, -151.5, 0, 0, -151.5, 0, 1334.5, 0, 0, 0, 0, 0, 0, 0, 0, 0, 0, 0, 1334.5, 0, 0, 0, 0, 0, 0, 0, 0, 0, 0, 0, -151.5, 0, 0, 0, 0, 0, 0, -151.5, 0, 0, 0, 0, -151.5, 0, 0, 0, 0, 0, 0, -151.5, 0, -151.5, -151.5, 0, 0, -151.5, 0, 0, -151.5, 0, -151.5, 0, 0, 0, 573.5000000000185, 0, 0, -151.5, 0, 0, -151.5, 0, 0, 0, 0, -151.5, -151.5, 0, 860.9999999999592, 0, 0, 0, 0, 0, 0, 0, -151.5, 0, 0, 0, 0, -151.5, 0, 0, 134.49999999996697, 0, 0, 0, 0, 0, 0, 0, 0, 0, 798.4999999999937, 0, 0, 0, 0, 0, 0, 0, 0, 0, 0, 411.0000000000087, -151.5, 1486, 0, 0, 0, 0, 0, 0]
Sharpe Ratio: 0.159
Annualized Sharpe: 2.516
Sharpe 95% CI: (np.float64(0.356), np.float64(4.072))
Daily Win Rate (%): 32.35
Max Drawdown: -1396.0
Profit Factor: 3.05
Expectancy: 46.578
Trades Per Month (Global): 18.916666666666668
Total Days: 160



Rolling 9 - Variant 2 - 10_11 - Fit Metrics
Trade Returns: [-151.5, 1361, 1361, -151.5, -151.5, -151.5, -151.5, -151.5, -151.5, -151.5, -151.5, 461.0000000000032, -151.5, -151.5, -151.5, -151.5, -151.5, -151.5, -151.5, -151.5, -151.5, -151.5, 1361, -151.5, -151.5, -151.5, -151.5, -151.5, -151.5, -151.5, 173.5000000000071, -151.5, -151.5, -151.5, -151.5, 1361, -151.5, -151.5, 411.0000000000087, -151.5, -151.5, -151.5, 586.0000000000449, -151.5, -151.5, -151.5, -151.5, -151.5, -151.5, -151.5, -151.5, -151.5, -151.5, -151.5, -14.0, 1361, -151.5, -151.5, -151.5, -14.0, -151.5, -151.5, 248.49999999999886, -151.5, -151.5, -151.5, -151.5, -151.5, -151.5, -151.5, -151.5, -151.5, -151.5, 585.9999999999894, -151.5, 711.0000000000312, -151.5, -151.5, -151.5, -151.5, -151.5, -151.5, -151.5, -151.5, -151.5, -26.50000000002638, -151.5, -151.5, -151.5, 486.00000000000045, -151.5, 410.9999999999532, -151.5, 360.9999999999587, -151.5, -151.5, -151.5, -151.5, 535.9999999999949, -151.5, -151.5, -151.5, -151.5, -151.5, 785.9999999999674, 60.99999999999174, 585.9999999999894, -151.5, -151.5, -151.5, -151.5, -151.5, -151.5, -151.5, 361.0000000000142, -14.0, 510.9999999999977, 211.00000000003072, 60.99999999999174, -151.5, -151.5, 1361, -151.5, -151.5, -151.5, -151.5, 973.50000000003, -151.5, -151.5, -151.5, -151.5, -151.5, 710.9999999999757, -151.5, 485.9999999999449, -151.5, -151.5, -151.5, -151.5, 261.00000000002524, 1361, -151.5, -151.5, -151.5, -151.5, -151.5, 236.00000000002797, -151.5, -151.5, 261.00000000002524, -151.5, -151.5, -151.5, -151.5, -151.5, -151.5, 1361, -151.5, -151.5, -151.5, -151.5, -151.5, -151.5, -151.5, -151.5, -151.5, -151.5, -151.5, -151.5, 1361, -151.5, -151.5, -151.5, -151.5, 1361, -151.5, -151.5, -151.5, -151.5, 161.00000000003624, -151.5, -151.5, 1361, -151.5, 1361, 1361, -151.5, -151.5, 1361, -151.5, 1361, -151.5, -151.5, -151.5, -151.5, 1361, -151.5, -151.5, -151.5, -151.5, 1361, -151.5, 1361, -151.5, -151.5, -151.5, -151.5, -151.5, -151.5, -151.5, -151.5, -151.5, -151.5, 573.5000000000185, -151.5, -151.5, -151.5, -151.5, 860.9999999999592, -151.5, -151.5, 285.999999999967, -151.5, 798.4999999999937, 411.0000000000087, -151.5, 1361]
Daily Returns: [-151.5, 0, 0, 0, 0, 0, 1361, 0, 0, 0, 0, 0, 0, 1209.5, 0, 0, 0, 0, 0, -151.5, 0, 0, 0, 0, -151.5, 0, 0, 0, 0, 0, 0, 0, 0, 0, 0, 0, 0, 0, 0, 0, 0, -151.5, 0, 0, 0, 0, 0, -151.5, 0, 0, 0, 0, 0, -151.5, -151.5, 0, 0, 0, 0, 0, 0, 0, 0, 0, 0, 0, 0, -151.5, 0, 0, 461.0000000000032, 0, -151.5, 0, 0, 0, -151.5, 0, 0, 0, 0, -151.5, 0, 0, 0, 0, 0, 0, 0, -151.5, 0, -151.5, 0, -151.5, 0, 0, 0, -151.5, 0, 0, 0, 0, 0, -151.5, 0, -151.5, 0, 0, 0, 0, 0, 0, -151.5, 0, 1361, -151.5, 0, 0, 0, 0, 0, 0, 0, 0, 0, -151.5, -151.5, 0, 0, -151.5, -151.5, 0, 0, -151.5, 0, -151.5, 0, 0, 0, 0, 0, 173.5000000000071, 0, 0, 0, 0, -151.5, 0, 0, 0, 0, 0, 0, -303.0, 0, 0, 0, -151.5, 0, 1361, 0, -151.5, 0, 0, 0, -151.5, 0, 0, 0, 411.0000000000087, 0, -151.5, 0, 0, 0, -151.5, 0, 0, 0, -151.5, 586.0000000000449, 0, 0, -303.0, 0, 0, 0, 0, 0, 0, 0, 0, -151.5, 0, 0, 0, 0, 0, 0, 0, 0, 0, 0, -151.5, 0, -151.5, 0, 0, 0, 0, -151.5, 0, 0, 0, 0, 0, 0, 0, 0, 0, 0, 0, 0, -151.5, 0, 0, 0, -151.5, 0, 0, 0, 0, -151.5, 0, 0, -303.0, 0, -14.0, 0, 0, 0, 0, 0, 0, 0, 0, 1361, 0, 0, 0, 0, 0, -151.5, 0, 0, 0, 0, 0, 0, 0, 0, -151.5, 0, 0, -165.5, 0, 0, -151.5, 0, 0, 0, 0, 0, 0, -151.5, 0, 0, 0, 0, 0, 248.49999999999886, 0, 0, -303.0, 0, 0, 0, 0, 0, 0, 0, 0, -151.5, 0, 0, 0, 0, -454.5, 0, -151.5, 0, 0, 0, 0, 0, 0, 0, 0, 0, 0, 0, 0, 0, -151.5, 0, 0, 0, 0, 0, 0, 0, 0, 0, -151.5, 434.4999999999894, 0, 0, -151.5, 0, 711.0000000000312, -151.5, 0, 0, 0, -151.5, 0, -151.5, -151.5, 0, 0, 0, 0, -151.5, 0, 0, 0, -303.0, 0, 0, 0, 0, 0, 0, 0, 0, 0, 0, 0, 0, 0, -151.5, -151.5, 0, 0, 0, 0, 0, 0, 0, 0, -26.50000000002638, 0, -151.5, 0, 0, 0, 0, 0, 0, 0, 0, 0, 0, 0, 0, 0, 0, 0, -151.5, 0, 0, 0, 0, 0, 334.50000000000045, 0, -151.5, 0, 0, 620.4999999999119, 0, 0, 0, 0, 0, -151.5, -303.0, 384.4999999999949, -303.0, 0, 0, 0, 0, 0, 0, -303.0, -151.5, 0, 0, 0, 846.9999999999591, 585.9999999999894, 0, 0, -151.5, 0, 0, 0, 0, 0, 0, 0, 0, 0, 0, 0, 0, -151.5, 0, 0, 0, 0, 0, 0, 0, 0, 0, 0, 0, -151.5, -151.5, 0, 0, -151.5, 0, -151.5, -151.5, 0, 0, 0, 0, 0, 0, 0, 0, 0, 0, 361.0000000000142, 0, 0, 0, 0, 0, 0, 0, 0, 0, 0, 0, 0, -14.0, 722.0000000000284, 0, 60.99999999999174, -303.0, 0, 0, 0, 0, 0, 0, 1209.5, -151.5, 0, 0, 0, 0, 0, -151.5, 0, 0, 0, 0, -151.5, 0, 0, 0, 0, 0, 973.50000000003, 0, 0, 0, 0, 0, -151.5, 0, -151.5, 0, 0, 0, 0, 0, -151.5, 0, -151.5, 0, 0, -151.5, 0, 0, 0, 710.9999999999757, 0, 0, 0, 0, -151.5, 485.9999999999449, 0, 0, 0, -151.5, 0, 0, 0, 0, 0, 0, 0, 0, 0, 0, 0, 0, 0, 0, 0, 0, 0, 0, 0, 0, -151.5, 0, 0, 0, -151.5, 0, 0, 0, -151.5, 0, 0, 0, 0, 0, 261.00000000002524, 0, 0, 1361, 0, 0, 0, 0, 0, 0, 0, 0, 0, 0, 0, 0, 0, 0, 0, 0, 0, 0, 0, -151.5, 0, 0, 0, 0, 0, 0, -151.5, 0, 0, 0, 0, -303.0, 0, 0, 0, -151.5, 236.00000000002797, 0, -303.0, 0, 0, 0, 0, 0, 0, 0, 0, 0, 0, 0, 0, 0, 0, 0, 0, 0, 0, 0, 0, 0, 0, 0, 0, 0, 109.50000000002524, -151.5, 0, 0, 0, 0, 0, 0, -151.5, 0, 0, 0, 0, 0, 0, 0, 0, 0, 0, -151.5, 0, 0, 0, 0, 0, -151.5, -151.5, 0, 1361, 0, -151.5, 0, 0, -151.5, 0, 0, 0, -151.5, 0, 0, 0, 0, -151.5, -151.5, 0, 0, 0, 0, 0, 0, 0, 0, 0, 0, -151.5, 0, 0, 0, 0, 0, -151.5, -151.5, 0, 0, 0, 0, 0, -151.5, 0, 0, 0, 0, -151.5, 0, 0, 0, 0, 0, 0, -151.5, 0, 0, 0, 0, 0, 0, -151.5, 0, 0, 0, 0, 0, 1209.5, 0, 0, 0, 0, 0, 0, 0, 0, 0, 0, 0, 0, -454.5, 0, 0, 0, 1361, 0, 0, 0, 0, 0, 0, 0, 0, -151.5, 0, -303.0, 0, 9.500000000036238, 0, 0, 0, 0, 0, 0, 0, 0, 0, -151.5, 0, -151.5, 0, 0, 0, 0, 1361, -151.5, 0, 0, 0, 0, 0, 0, 0, 0, 0, 0, 0, 1361, 0, 0, 0, 0, 0, 1209.5, 0, 0, 0]
Sharpe Ratio: 0.039
Annualized Sharpe: 0.62
Sharpe 95% CI: (np.float64(-0.484), np.float64(1.489))
Daily Win Rate (%): 22.29
Max Drawdown: -3575.0
Profit Factor: 1.307
Expectancy: 7.8
Trades Per Month (Global): 18.916666666666668
Total Days: 807

Rolling 9 - Variant 2 - 10_11 - Test Metrics
Trade Returns: [-151.5, 1361, 1361, -151.5, -151.5, -151.5, -151.5, -151.5, -151.5, -151.5, -151.5, 461.0000000000032, -151.5, -151.5, -151.5, -151.5, -151.5, -151.5, -151.5, -151.5, -151.5, -151.5, 1361, -151.5, -151.5, -151.5, -151.5, -151.5, -151.5, -151.5, 173.5000000000071, -151.5, -151.5, -151.5, -151.5, 1361, -151.5, -151.5, 411.0000000000087, -151.5, -151.5, -151.5, 586.0000000000449, -151.5, -151.5, -151.5, -151.5, -151.5, -151.5, -151.5, -151.5, -151.5, -151.5, -151.5, -14.0, 1361, -151.5, -151.5, -151.5, -14.0, -151.5, -151.5, 248.49999999999886, -151.5, -151.5, -151.5, -151.5, -151.5, -151.5, -151.5, -151.5, -151.5, -151.5, 585.9999999999894, -151.5, 711.0000000000312, -151.5, -151.5, -151.5, -151.5, -151.5, -151.5, -151.5, -151.5, -151.5, -26.50000000002638, -151.5, -151.5, -151.5, 486.00000000000045, -151.5, 410.9999999999532, -151.5, 360.9999999999587, -151.5, -151.5, -151.5, -151.5, 535.9999999999949, -151.5, -151.5, -151.5, -151.5, -151.5, 785.9999999999674, 60.99999999999174, 585.9999999999894, -151.5, -151.5, -151.5, -151.5, -151.5, -151.5, -151.5, 361.0000000000142, -14.0, 510.9999999999977, 211.00000000003072, 60.99999999999174, -151.5, -151.5, 1361, -151.5, -151.5, -151.5, -151.5, 973.50000000003, -151.5, -151.5, -151.5, -151.5, -151.5, 710.9999999999757, -151.5, 485.9999999999449, -151.5, -151.5, -151.5, -151.5, 261.00000000002524, 1361, -151.5, -151.5, -151.5, -151.5, -151.5, 236.00000000002797, -151.5, -151.5, 261.00000000002524, -151.5, -151.5, -151.5, -151.5, -151.5, -151.5, 1361, -151.5, -151.5, -151.5, -151.5, -151.5, -151.5, -151.5, -151.5, -151.5, -151.5, -151.5, -151.5, 1361, -151.5, -151.5, -151.5, -151.5, 1361, -151.5, -151.5, -151.5, -151.5, 161.00000000003624, -151.5, -151.5, 1361, -151.5, 1361, 1361, -151.5, -151.5, 1361, -151.5, 1361, -151.5, -151.5, -151.5, -151.5, 1361, -151.5, -151.5, -151.5, -151.5, 1361, -151.5, 1361, -151.5, -151.5, -151.5, -151.5, -151.5, -151.5, -151.5, -151.5, -151.5, -151.5, 573.5000000000185, -151.5, -151.5, -151.5, -151.5, 860.9999999999592, -151.5, -151.5, 285.999999999967, -151.5, 798.4999999999937, 411.0000000000087, -151.5, 1361]
Daily Returns: [0, -151.5, 0, 0, 0, 0, 0, 0, 1361, 0, 0, 0, -151.5, 0, 0, 0, 1361, 0, 0, 0, -151.5, 0, -151.5, 0, 0, 0, 0, 0, 0, 0, -303.0, 1058.0, 0, 0, 0, 0, 0, -151.5, 0, 0, -151.5, 0, 1209.5, 0, 0, 0, 0, 0, 0, 0, 0, 0, 0, 0, 1209.5, 0, 0, 0, 0, 0, 0, 0, 0, 0, 0, 0, -151.5, 0, 0, 0, 0, 0, 0, -151.5, 0, 0, 0, 0, -151.5, 0, 0, 0, 0, 0, 0, -151.5, 0, -151.5, -151.5, 0, 0, -151.5, 0, 0, -151.5, 0, -151.5, 0, 0, 0, 573.5000000000185, 0, 0, -151.5, 0, 0, -151.5, 0, 0, 0, 0, -151.5, -151.5, 0, 860.9999999999592, 0, 0, 0, 0, 0, 0, 0, -151.5, 0, 0, 0, 0, -151.5, 0, 0, 134.49999999996697, 0, 0, 0, 0, 0, 0, 0, 0, 0, 798.4999999999937, 0, 0, 0, 0, 0, 0, 0, 0, 0, 0, 411.0000000000087, -151.5, 1361, 0, 0, 0, 0, 0, 0]
Sharpe Ratio: 0.154
Annualized Sharpe: 2.44
Sharpe 95% CI: (np.float64(0.236), np.float64(4.029))
Daily Win Rate (%): 32.35
Max Drawdown: -1396.0
Profit Factor: 2.843
Expectancy: 41.891
Trades Per Month (Global): 18.916666666666668
Total Days: 160



Rolling 9 - Variant 3 - 10_5 - Fit Metrics
Trade Returns: [-151.5, 611, 611, -151.5, -151.5, -151.5, 611, -151.5, -151.5, -151.5, -151.5, 611, 611, -151.5, -151.5, -151.5, -151.5, -151.5, -151.5, -151.5, -151.5, -151.5, 611, -151.5, -151.5, 611, -151.5, -151.5, -151.5, -151.5, 173.5000000000071, 611, -151.5, -151.5, -151.5, 611, -151.5, -151.5, 411.0000000000087, -151.5, -151.5, -151.5, 611, -151.5, -151.5, -151.5, -151.5, -151.5, -151.5, -151.5, -151.5, -151.5, -151.5, -151.5, -14.0, 611, -151.5, -151.5, -151.5, -14.0, -151.5, -151.5, 248.49999999999886, -151.5, -151.5, -151.5, -151.5, -151.5, -151.5, -151.5, -151.5, -151.5, -151.5, 611, -151.5, 611, -151.5, -151.5, -151.5, -151.5, -151.5, -151.5, -151.5, 611, -151.5, -26.50000000002638, -151.5, -151.5, -151.5, 611, -151.5, 611, -151.5, 611, 611, -151.5, -151.5, -151.5, 611, -151.5, -151.5, -151.5, -151.5, -151.5, 611, 60.99999999999174, 611, -151.5, -151.5, -151.5, -151.5, -151.5, -151.5, -151.5, 361.0000000000142, -14.0, 611, 211.00000000003072, 60.99999999999174, -151.5, -151.5, 611, -151.5, -151.5, -151.5, -151.5, 611, -151.5, -151.5, -151.5, -151.5, -151.5, 611, -151.5, 611, -151.5, -151.5, -151.5, -151.5, 261.00000000002524, 611, -151.5, -151.5, -151.5, -151.5, -151.5, 236.00000000002797, -151.5, -151.5, 261.00000000002524, -151.5, 611, -151.5, -151.5, -151.5, -151.5, 611, -151.5, -151.5, -151.5, -151.5, -151.5, -151.5, 611, -151.5, -151.5, -151.5, -151.5, -151.5, 611, -151.5, -151.5, -151.5, -151.5, 611, -151.5, -151.5, -151.5, 611, 161.00000000003624, 611, -151.5, 611, -151.5, 611, 611, -151.5, -151.5, 611, -151.5, 611, 611, 611, -151.5, -151.5, 611, -151.5, -151.5, -151.5, 611, 611, -151.5, 611, -151.5, -151.5, -151.5, -151.5, -151.5, -151.5, -151.5, -151.5, -151.5, -151.5, 611, -151.5, -151.5, -151.5, -151.5, 611, -151.5, -151.5, 611, -151.5, 611, 611, -151.5, 611]
Daily Returns: [-151.5, 0, 0, 0, 0, 0, 611, 0, 0, 0, 0, 0, 0, 459.5, 0, 0, 0, 0, 0, -151.5, 0, 0, 0, 0, -151.5, 0, 0, 0, 0, 0, 0, 0, 0, 0, 0, 0, 0, 0, 0, 0, 0, 611, 0, 0, 0, 0, 0, -151.5, 0, 0, 0, 0, 0, -151.5, -151.5, 0, 0, 0, 0, 0, 0, 0, 0, 0, 0, 0, 0, -151.5, 0, 0, 611, 0, 611, 0, 0, 0, -151.5, 0, 0, 0, 0, -151.5, 0, 0, 0, 0, 0, 0, 0, -151.5, 0, -151.5, 0, -151.5, 0, 0, 0, -151.5, 0, 0, 0, 0, 0, -151.5, 0, -151.5, 0, 0, 0, 0, 0, 0, -151.5, 0, 611, -151.5, 0, 0, 0, 0, 0, 0, 0, 0, 0, -151.5, 611, 0, 0, -151.5, -151.5, 0, 0, -151.5, 0, -151.5, 0, 0, 0, 0, 0, 173.5000000000071, 0, 0, 0, 0, 611, 0, 0, 0, 0, 0, 0, -303.0, 0, 0, 0, -151.5, 0, 611, 0, -151.5, 0, 0, 0, -151.5, 0, 0, 0, 411.0000000000087, 0, -151.5, 0, 0, 0, -151.5, 0, 0, 0, -151.5, 611, 0, 0, -303.0, 0, 0, 0, 0, 0, 0, 0, 0, -151.5, 0, 0, 0, 0, 0, 0, 0, 0, 0, 0, -151.5, 0, -151.5, 0, 0, 0, 0, -151.5, 0, 0, 0, 0, 0, 0, 0, 0, 0, 0, 0, 0, -151.5, 0, 0, 0, -151.5, 0, 0, 0, 0, -151.5, 0, 0, -303.0, 0, -14.0, 0, 0, 0, 0, 0, 0, 0, 0, 611, 0, 0, 0, 0, 0, -151.5, 0, 0, 0, 0, 0, 0, 0, 0, -151.5, 0, 0, -165.5, 0, 0, -151.5, 0, 0, 0, 0, 0, 0, -151.5, 0, 0, 0, 0, 0, 248.49999999999886, 0, 0, -303.0, 0, 0, 0, 0, 0, 0, 0, 0, -151.5, 0, 0, 0, 0, -454.5, 0, -151.5, 0, 0, 0, 0, 0, 0, 0, 0, 0, 0, 0, 0, 0, -151.5, 0, 0, 0, 0, 0, 0, 0, 0, 0, -151.5, 459.5, 0, 0, -151.5, 0, 611, -151.5, 0, 0, 0, -151.5, 0, -151.5, -151.5, 0, 0, 0, 0, -151.5, 0, 0, 0, -303.0, 0, 0, 0, 0, 0, 0, 0, 0, 0, 0, 0, 0, 0, 611, -151.5, 0, 0, 0, 0, 0, 0, 0, 0, -26.50000000002638, 0, -151.5, 0, 0, 0, 0, 0, 0, 0, 0, 0, 0, 0, 0, 0, 0, 0, -151.5, 0, 0, 0, 0, 0, 459.5, 0, -151.5, 0, 0, 1070.5, 0, 0, 0, 0, 0, 611, -303.0, 459.5, -303.0, 0, 0, 0, 0, 0, 0, -303.0, -151.5, 0, 0, 0, 671.9999999999917, 611, 0, 0, -151.5, 0, 0, 0, 0, 0, 0, 0, 0, 0, 0, 0, 0, -151.5, 0, 0, 0, 0, 0, 0, 0, 0, 0, 0, 0, -151.5, -151.5, 0, 0, -151.5, 0, -151.5, -151.5, 0, 0, 0, 0, 0, 0, 0, 0, 0, 0, 361.0000000000142, 0, 0, 0, 0, 0, 0, 0, 0, 0, 0, 0, 0, -14.0, 822.0000000000307, 0, 60.99999999999174, -303.0, 0, 0, 0, 0, 0, 0, 459.5, -151.5, 0, 0, 0, 0, 0, -151.5, 0, 0, 0, 0, -151.5, 0, 0, 0, 0, 0, 611, 0, 0, 0, 0, 0, -151.5, 0, -151.5, 0, 0, 0, 0, 0, -151.5, 0, -151.5, 0, 0, -151.5, 0, 0, 0, 611, 0, 0, 0, 0, -151.5, 611, 0, 0, 0, -151.5, 0, 0, 0, 0, 0, 0, 0, 0, 0, 0, 0, 0, 0, 0, 0, 0, 0, 0, 0, 0, -151.5, 0, 0, 0, -151.5, 0, 0, 0, -151.5, 0, 0, 0, 0, 0, 261.00000000002524, 0, 0, 611, 0, 0, 0, 0, 0, 0, 0, 0, 0, 0, 0, 0, 0, 0, 0, 0, 0, 0, 0, -151.5, 0, 0, 0, 0, 0, 0, -151.5, 0, 0, 0, 0, -303.0, 0, 0, 0, -151.5, 236.00000000002797, 0, -303.0, 0, 0, 0, 0, 0, 0, 0, 0, 0, 0, 0, 0, 0, 0, 0, 0, 0, 0, 0, 0, 0, 0, 0, 0, 0, 109.50000000002524, 611, 0, 0, 0, 0, 0, 0, -151.5, 0, 0, 0, 0, 0, 0, 0, 0, 0, 0, -151.5, 0, 0, 0, 0, 0, -151.5, -151.5, 0, 611, 0, -151.5, 0, 0, -151.5, 0, 0, 0, -151.5, 0, 0, 0, 0, -151.5, -151.5, 0, 0, 0, 0, 0, 0, 0, 0, 0, 0, -151.5, 0, 0, 0, 0, 0, 611, -151.5, 0, 0, 0, 0, 0, -151.5, 0, 0, 0, 0, -151.5, 0, 0, 0, 0, 0, 0, -151.5, 0, 0, 0, 0, 0, 0, -151.5, 0, 0, 0, 0, 0, 459.5, 0, 0, 0, 0, 0, 0, 0, 0, 0, 0, 0, 0, -454.5, 0, 0, 0, 611, 0, 0, 0, 0, 0, 0, 0, 0, -151.5, 0, -303.0, 0, 772.0000000000363, 0, 0, 0, 0, 0, 0, 0, 0, 0, 611, 0, -151.5, 0, 0, 0, 0, 611, -151.5, 0, 0, 0, 0, 0, 0, 0, 0, 0, 0, 0, 611, 0, 0, 0, 0, 0, 459.5, 0, 0, 0]
Sharpe Ratio: 0.038
Annualized Sharpe: 0.598
Sharpe 95% CI: (np.float64(-0.495), np.float64(1.552))
Daily Win Rate (%): 28.03
Max Drawdown: -3097.5
Profit Factor: 1.237
Expectancy: 5.616
Trades Per Month (Global): 18.916666666666668
Total Days: 807

Rolling 9 - Variant 3 - 10_5 - Test Metrics
Trade Returns: [-151.5, 611, 611, -151.5, -151.5, -151.5, 611, -151.5, -151.5, -151.5, -151.5, 611, 611, -151.5, -151.5, -151.5, -151.5, -151.5, -151.5, -151.5, -151.5, -151.5, 611, -151.5, -151.5, 611, -151.5, -151.5, -151.5, -151.5, 173.5000000000071, 611, -151.5, -151.5, -151.5, 611, -151.5, -151.5, 411.0000000000087, -151.5, -151.5, -151.5, 611, -151.5, -151.5, -151.5, -151.5, -151.5, -151.5, -151.5, -151.5, -151.5, -151.5, -151.5, -14.0, 611, -151.5, -151.5, -151.5, -14.0, -151.5, -151.5, 248.49999999999886, -151.5, -151.5, -151.5, -151.5, -151.5, -151.5, -151.5, -151.5, -151.5, -151.5, 611, -151.5, 611, -151.5, -151.5, -151.5, -151.5, -151.5, -151.5, -151.5, 611, -151.5, -26.50000000002638, -151.5, -151.5, -151.5, 611, -151.5, 611, -151.5, 611, 611, -151.5, -151.5, -151.5, 611, -151.5, -151.5, -151.5, -151.5, -151.5, 611, 60.99999999999174, 611, -151.5, -151.5, -151.5, -151.5, -151.5, -151.5, -151.5, 361.0000000000142, -14.0, 611, 211.00000000003072, 60.99999999999174, -151.5, -151.5, 611, -151.5, -151.5, -151.5, -151.5, 611, -151.5, -151.5, -151.5, -151.5, -151.5, 611, -151.5, 611, -151.5, -151.5, -151.5, -151.5, 261.00000000002524, 611, -151.5, -151.5, -151.5, -151.5, -151.5, 236.00000000002797, -151.5, -151.5, 261.00000000002524, -151.5, 611, -151.5, -151.5, -151.5, -151.5, 611, -151.5, -151.5, -151.5, -151.5, -151.5, -151.5, 611, -151.5, -151.5, -151.5, -151.5, -151.5, 611, -151.5, -151.5, -151.5, -151.5, 611, -151.5, -151.5, -151.5, 611, 161.00000000003624, 611, -151.5, 611, -151.5, 611, 611, -151.5, -151.5, 611, -151.5, 611, 611, 611, -151.5, -151.5, 611, -151.5, -151.5, -151.5, 611, 611, -151.5, 611, -151.5, -151.5, -151.5, -151.5, -151.5, -151.5, -151.5, -151.5, -151.5, -151.5, 611, -151.5, -151.5, -151.5, -151.5, 611, -151.5, -151.5, 611, -151.5, 611, 611, -151.5, 611]
Daily Returns: [0, -151.5, 0, 0, 0, 0, 0, 0, 611, 0, 0, 0, -151.5, 0, 0, 0, 611, 0, 0, 0, 611, 0, 611, 0, 0, 0, 0, 0, 0, 0, -303.0, 308.0, 0, 0, 0, 0, 0, -151.5, 0, 0, 611, 0, 459.5, 0, 0, 0, 0, 0, 0, 0, 0, 0, 0, 0, 459.5, 0, 0, 0, 0, 0, 0, 0, 0, 0, 0, 0, -151.5, 0, 0, 0, 0, 0, 0, -151.5, 0, 0, 0, 0, -151.5, 0, 0, 0, 0, 0, 0, -151.5, 0, -151.5, -151.5, 0, 0, -151.5, 0, 0, -151.5, 0, -151.5, 0, 0, 0, 611, 0, 0, -151.5, 0, 0, -151.5, 0, 0, 0, 0, -151.5, -151.5, 0, 611, 0, 0, 0, 0, 0, 0, 0, -151.5, 0, 0, 0, 0, -151.5, 0, 0, 459.5, 0, 0, 0, 0, 0, 0, 0, 0, 0, 611, 0, 0, 0, 0, 0, 0, 0, 0, 0, 0, 611, -151.5, 611, 0, 0, 0, 0, 0, 0]
Sharpe Ratio: 0.165
Annualized Sharpe: 2.62
Sharpe 95% CI: (np.float64(0.362), np.float64(4.414))
Daily Win Rate (%): 41.18
Max Drawdown: -1363.5
Profit Factor: 2.451
Expectancy: 28.844
Trades Per Month (Global): 18.916666666666668
Total Days: 160



Rolling 9 - Variant 4 - 10_6 - Fit Metrics
Trade Returns: [-151.5, 736, 736, -151.5, -151.5, -151.5, 736, -151.5, -151.5, -151.5, -151.5, 736, -151.5, -151.5, -151.5, -151.5, -151.5, -151.5, -151.5, -151.5, -151.5, -151.5, 736, -151.5, -151.5, -151.5, -151.5, -151.5, -151.5, -151.5, 173.5000000000071, 736, -151.5, -151.5, -151.5, 736, -151.5, -151.5, 411.0000000000087, -151.5, -151.5, -151.5, 736, -151.5, -151.5, -151.5, -151.5, -151.5, -151.5, -151.5, -151.5, -151.5, -151.5, -151.5, -14.0, 736, -151.5, -151.5, -151.5, -14.0, -151.5, -151.5, 248.49999999999886, -151.5, -151.5, -151.5, -151.5, -151.5, -151.5, -151.5, -151.5, -151.5, -151.5, 585.9999999999894, -151.5, 736, -151.5, -151.5, -151.5, -151.5, -151.5, -151.5, -151.5, 736, -151.5, -26.50000000002638, -151.5, -151.5, -151.5, 736, -151.5, 736, -151.5, 736, 736, -151.5, -151.5, -151.5, 535.9999999999949, -151.5, -151.5, -151.5, -151.5, -151.5, 736, 60.99999999999174, 736, -151.5, -151.5, -151.5, -151.5, -151.5, -151.5, -151.5, 361.0000000000142, -14.0, 736, 211.00000000003072, 60.99999999999174, -151.5, -151.5, 736, -151.5, -151.5, -151.5, -151.5, 736, -151.5, -151.5, -151.5, -151.5, -151.5, 736, -151.5, 485.9999999999449, -151.5, -151.5, -151.5, -151.5, 261.00000000002524, 736, -151.5, -151.5, -151.5, -151.5, -151.5, 236.00000000002797, -151.5, -151.5, 261.00000000002524, -151.5, -151.5, -151.5, -151.5, -151.5, -151.5, 736, -151.5, -151.5, -151.5, -151.5, -151.5, -151.5, 736, -151.5, -151.5, -151.5, -151.5, -151.5, 736, -151.5, -151.5, -151.5, -151.5, 736, -151.5, -151.5, -151.5, 736, 161.00000000003624, -151.5, -151.5, 736, -151.5, 736, 736, -151.5, -151.5, 736, -151.5, 736, 736, 736, -151.5, -151.5, 736, -151.5, -151.5, -151.5, 736, 736, -151.5, 736, -151.5, -151.5, -151.5, -151.5, -151.5, -151.5, -151.5, -151.5, -151.5, -151.5, 573.5000000000185, -151.5, -151.5, -151.5, -151.5, 736, -151.5, -151.5, 736, -151.5, 736, 736, -151.5, 736]
Daily Returns: [-151.5, 0, 0, 0, 0, 0, 736, 0, 0, 0, 0, 0, 0, 584.5, 0, 0, 0, 0, 0, -151.5, 0, 0, 0, 0, -151.5, 0, 0, 0, 0, 0, 0, 0, 0, 0, 0, 0, 0, 0, 0, 0, 0, 736, 0, 0, 0, 0, 0, -151.5, 0, 0, 0, 0, 0, -151.5, -151.5, 0, 0, 0, 0, 0, 0, 0, 0, 0, 0, 0, 0, -151.5, 0, 0, 736, 0, -151.5, 0, 0, 0, -151.5, 0, 0, 0, 0, -151.5, 0, 0, 0, 0, 0, 0, 0, -151.5, 0, -151.5, 0, -151.5, 0, 0, 0, -151.5, 0, 0, 0, 0, 0, -151.5, 0, -151.5, 0, 0, 0, 0, 0, 0, -151.5, 0, 736, -151.5, 0, 0, 0, 0, 0, 0, 0, 0, 0, -151.5, -151.5, 0, 0, -151.5, -151.5, 0, 0, -151.5, 0, -151.5, 0, 0, 0, 0, 0, 173.5000000000071, 0, 0, 0, 0, 736, 0, 0, 0, 0, 0, 0, -303.0, 0, 0, 0, -151.5, 0, 736, 0, -151.5, 0, 0, 0, -151.5, 0, 0, 0, 411.0000000000087, 0, -151.5, 0, 0, 0, -151.5, 0, 0, 0, -151.5, 736, 0, 0, -303.0, 0, 0, 0, 0, 0, 0, 0, 0, -151.5, 0, 0, 0, 0, 0, 0, 0, 0, 0, 0, -151.5, 0, -151.5, 0, 0, 0, 0, -151.5, 0, 0, 0, 0, 0, 0, 0, 0, 0, 0, 0, 0, -151.5, 0, 0, 0, -151.5, 0, 0, 0, 0, -151.5, 0, 0, -303.0, 0, -14.0, 0, 0, 0, 0, 0, 0, 0, 0, 736, 0, 0, 0, 0, 0, -151.5, 0, 0, 0, 0, 0, 0, 0, 0, -151.5, 0, 0, -165.5, 0, 0, -151.5, 0, 0, 0, 0, 0, 0, -151.5, 0, 0, 0, 0, 0, 248.49999999999886, 0, 0, -303.0, 0, 0, 0, 0, 0, 0, 0, 0, -151.5, 0, 0, 0, 0, -454.5, 0, -151.5, 0, 0, 0, 0, 0, 0, 0, 0, 0, 0, 0, 0, 0, -151.5, 0, 0, 0, 0, 0, 0, 0, 0, 0, -151.5, 434.4999999999894, 0, 0, -151.5, 0, 736, -151.5, 0, 0, 0, -151.5, 0, -151.5, -151.5, 0, 0, 0, 0, -151.5, 0, 0, 0, -303.0, 0, 0, 0, 0, 0, 0, 0, 0, 0, 0, 0, 0, 0, 736, -151.5, 0, 0, 0, 0, 0, 0, 0, 0, -26.50000000002638, 0, -151.5, 0, 0, 0, 0, 0, 0, 0, 0, 0, 0, 0, 0, 0, 0, 0, -151.5, 0, 0, 0, 0, 0, 584.5, 0, -151.5, 0, 0, 1320.5, 0, 0, 0, 0, 0, 736, -303.0, 384.4999999999949, -303.0, 0, 0, 0, 0, 0, 0, -303.0, -151.5, 0, 0, 0, 796.9999999999917, 736, 0, 0, -151.5, 0, 0, 0, 0, 0, 0, 0, 0, 0, 0, 0, 0, -151.5, 0, 0, 0, 0, 0, 0, 0, 0, 0, 0, 0, -151.5, -151.5, 0, 0, -151.5, 0, -151.5, -151.5, 0, 0, 0, 0, 0, 0, 0, 0, 0, 0, 361.0000000000142, 0, 0, 0, 0, 0, 0, 0, 0, 0, 0, 0, 0, -14.0, 947.0000000000307, 0, 60.99999999999174, -303.0, 0, 0, 0, 0, 0, 0, 584.5, -151.5, 0, 0, 0, 0, 0, -151.5, 0, 0, 0, 0, -151.5, 0, 0, 0, 0, 0, 736, 0, 0, 0, 0, 0, -151.5, 0, -151.5, 0, 0, 0, 0, 0, -151.5, 0, -151.5, 0, 0, -151.5, 0, 0, 0, 736, 0, 0, 0, 0, -151.5, 485.9999999999449, 0, 0, 0, -151.5, 0, 0, 0, 0, 0, 0, 0, 0, 0, 0, 0, 0, 0, 0, 0, 0, 0, 0, 0, 0, -151.5, 0, 0, 0, -151.5, 0, 0, 0, -151.5, 0, 0, 0, 0, 0, 261.00000000002524, 0, 0, 736, 0, 0, 0, 0, 0, 0, 0, 0, 0, 0, 0, 0, 0, 0, 0, 0, 0, 0, 0, -151.5, 0, 0, 0, 0, 0, 0, -151.5, 0, 0, 0, 0, -303.0, 0, 0, 0, -151.5, 236.00000000002797, 0, -303.0, 0, 0, 0, 0, 0, 0, 0, 0, 0, 0, 0, 0, 0, 0, 0, 0, 0, 0, 0, 0, 0, 0, 0, 0, 0, 109.50000000002524, -151.5, 0, 0, 0, 0, 0, 0, -151.5, 0, 0, 0, 0, 0, 0, 0, 0, 0, 0, -151.5, 0, 0, 0, 0, 0, -151.5, -151.5, 0, 736, 0, -151.5, 0, 0, -151.5, 0, 0, 0, -151.5, 0, 0, 0, 0, -151.5, -151.5, 0, 0, 0, 0, 0, 0, 0, 0, 0, 0, -151.5, 0, 0, 0, 0, 0, 736, -151.5, 0, 0, 0, 0, 0, -151.5, 0, 0, 0, 0, -151.5, 0, 0, 0, 0, 0, 0, -151.5, 0, 0, 0, 0, 0, 0, -151.5, 0, 0, 0, 0, 0, 584.5, 0, 0, 0, 0, 0, 0, 0, 0, 0, 0, 0, 0, -454.5, 0, 0, 0, 736, 0, 0, 0, 0, 0, 0, 0, 0, -151.5, 0, -303.0, 0, 897.0000000000363, 0, 0, 0, 0, 0, 0, 0, 0, 0, -151.5, 0, -151.5, 0, 0, 0, 0, 736, -151.5, 0, 0, 0, 0, 0, 0, 0, 0, 0, 0, 0, 736, 0, 0, 0, 0, 0, 584.5, 0, 0, 0]
Sharpe Ratio: 0.038
Annualized Sharpe: 0.603
Sharpe 95% CI: (np.float64(-0.488), np.float64(1.519))
Daily Win Rate (%): 25.48
Max Drawdown: -3131.5
Profit Factor: 1.253
Expectancy: 6.204
Trades Per Month (Global): 18.916666666666668
Total Days: 807

Rolling 9 - Variant 4 - 10_6 - Test Metrics
Trade Returns: [-151.5, 736, 736, -151.5, -151.5, -151.5, 736, -151.5, -151.5, -151.5, -151.5, 736, -151.5, -151.5, -151.5, -151.5, -151.5, -151.5, -151.5, -151.5, -151.5, -151.5, 736, -151.5, -151.5, -151.5, -151.5, -151.5, -151.5, -151.5, 173.5000000000071, 736, -151.5, -151.5, -151.5, 736, -151.5, -151.5, 411.0000000000087, -151.5, -151.5, -151.5, 736, -151.5, -151.5, -151.5, -151.5, -151.5, -151.5, -151.5, -151.5, -151.5, -151.5, -151.5, -14.0, 736, -151.5, -151.5, -151.5, -14.0, -151.5, -151.5, 248.49999999999886, -151.5, -151.5, -151.5, -151.5, -151.5, -151.5, -151.5, -151.5, -151.5, -151.5, 585.9999999999894, -151.5, 736, -151.5, -151.5, -151.5, -151.5, -151.5, -151.5, -151.5, 736, -151.5, -26.50000000002638, -151.5, -151.5, -151.5, 736, -151.5, 736, -151.5, 736, 736, -151.5, -151.5, -151.5, 535.9999999999949, -151.5, -151.5, -151.5, -151.5, -151.5, 736, 60.99999999999174, 736, -151.5, -151.5, -151.5, -151.5, -151.5, -151.5, -151.5, 361.0000000000142, -14.0, 736, 211.00000000003072, 60.99999999999174, -151.5, -151.5, 736, -151.5, -151.5, -151.5, -151.5, 736, -151.5, -151.5, -151.5, -151.5, -151.5, 736, -151.5, 485.9999999999449, -151.5, -151.5, -151.5, -151.5, 261.00000000002524, 736, -151.5, -151.5, -151.5, -151.5, -151.5, 236.00000000002797, -151.5, -151.5, 261.00000000002524, -151.5, -151.5, -151.5, -151.5, -151.5, -151.5, 736, -151.5, -151.5, -151.5, -151.5, -151.5, -151.5, 736, -151.5, -151.5, -151.5, -151.5, -151.5, 736, -151.5, -151.5, -151.5, -151.5, 736, -151.5, -151.5, -151.5, 736, 161.00000000003624, -151.5, -151.5, 736, -151.5, 736, 736, -151.5, -151.5, 736, -151.5, 736, 736, 736, -151.5, -151.5, 736, -151.5, -151.5, -151.5, 736, 736, -151.5, 736, -151.5, -151.5, -151.5, -151.5, -151.5, -151.5, -151.5, -151.5, -151.5, -151.5, 573.5000000000185, -151.5, -151.5, -151.5, -151.5, 736, -151.5, -151.5, 736, -151.5, 736, 736, -151.5, 736]
Daily Returns: [0, -151.5, 0, 0, 0, 0, 0, 0, 736, 0, 0, 0, -151.5, 0, 0, 0, 736, 0, 0, 0, 736, 0, 736, 0, 0, 0, 0, 0, 0, 0, -303.0, 433.0, 0, 0, 0, 0, 0, -151.5, 0, 0, 736, 0, 584.5, 0, 0, 0, 0, 0, 0, 0, 0, 0, 0, 0, 584.5, 0, 0, 0, 0, 0, 0, 0, 0, 0, 0, 0, -151.5, 0, 0, 0, 0, 0, 0, -151.5, 0, 0, 0, 0, -151.5, 0, 0, 0, 0, 0, 0, -151.5, 0, -151.5, -151.5, 0, 0, -151.5, 0, 0, -151.5, 0, -151.5, 0, 0, 0, 573.5000000000185, 0, 0, -151.5, 0, 0, -151.5, 0, 0, 0, 0, -151.5, -151.5, 0, 736, 0, 0, 0, 0, 0, 0, 0, -151.5, 0, 0, 0, 0, -151.5, 0, 0, 584.5, 0, 0, 0, 0, 0, 0, 0, 0, 0, 736, 0, 0, 0, 0, 0, 0, 0, 0, 0, 0, 736, -151.5, 736, 0, 0, 0, 0, 0, 0]
Sharpe Ratio: 0.189
Annualized Sharpe: 2.997
Sharpe 95% CI: (np.float64(0.884), np.float64(4.711))
Daily Win Rate (%): 41.18
Max Drawdown: -1396.0
Profit Factor: 2.95
Expectancy: 38.766
Trades Per Month (Global): 18.916666666666668
Total Days: 160



Rolling 10 - Variant 0 - 10_7 - Fit Metrics
Trade Returns: [-151.5, 861, 861, -151.5, -151.5, -151.5, 861, -151.5, -151.5, -151.5, -151.5, 861, -151.5, -151.5, -151.5, -151.5, -151.5, -151.5, -151.5, -151.5, -151.5, -151.5, 861, -151.5, -151.5, -151.5, -151.5, -151.5, -151.5, -151.5, 173.5000000000071, 861, -151.5, -151.5, -151.5, 861, -151.5, -151.5, 411.0000000000087, -151.5, -151.5, -151.5, 861, -151.5, -151.5, -151.5, -151.5, -151.5, -151.5, -151.5, -151.5, -151.5, -151.5, -151.5, -14.0, 861, -151.5, -151.5, -151.5, -14.0, -151.5, -151.5, 248.49999999999886, -151.5, -151.5, -151.5, -151.5, -151.5, -151.5, -151.5, -151.5, -151.5, -151.5, 585.9999999999894, -151.5, 711.0000000000312, -151.5, -151.5, -151.5, -151.5, -151.5, -151.5, -151.5, 861, -151.5, -26.50000000002638, -151.5, -151.5, -151.5, 861, -151.5, 410.9999999999532, -151.5, 360.9999999999587, 861, -151.5, -151.5, -151.5, 535.9999999999949, -151.5, -151.5, -151.5, -151.5, -151.5, 861, 60.99999999999174, 861, -151.5, -151.5, -151.5, -151.5, -151.5, -151.5, -151.5, 361.0000000000142, -14.0, 861, 211.00000000003072, 60.99999999999174, -151.5, -151.5, 861, -151.5, -151.5, -151.5, -151.5, 861, -151.5, -151.5, -151.5, -151.5, -151.5, 861, -151.5, 485.9999999999449, -151.5, -151.5, -151.5, -151.5, 261.00000000002524, 861, -151.5, -151.5, -151.5, -151.5, -151.5, 236.00000000002797, -151.5, -151.5, 261.00000000002524, -151.5, -151.5, -151.5, -151.5, -151.5, -151.5, 861, -151.5, -151.5, -151.5, -151.5, -151.5, -151.5, 861, -151.5, -151.5, -151.5, -151.5, -151.5, 861, -151.5, -151.5, -151.5, -151.5, 861, -151.5, -151.5, -151.5, 861, 161.00000000003624, -151.5, -151.5, 861, -151.5, 861, 861, -151.5, -151.5, 861, -151.5, 861, 861, -151.5, -151.5, -151.5, 861, -151.5, -151.5, -151.5, -151.5, 861, -151.5, 861, -151.5, -151.5, -151.5, -151.5, -151.5, -151.5, -151.5, -151.5, -151.5, -151.5, 573.5000000000185, -151.5, -151.5, -151.5, -151.5, 861, -151.5, -151.5, 861, -151.5, 861, 861, -151.5, 861]
Daily Returns: [-151.5, 0, 0, 0, 0, 0, 861, 0, 0, 0, 0, 0, 0, 709.5, 0, 0, 0, 0, 0, -151.5, 0, 0, 0, 0, -151.5, 0, 0, 0, 0, 0, 0, 0, 0, 0, 0, 0, 0, 0, 0, 0, 0, 861, 0, 0, 0, 0, 0, -151.5, 0, 0, 0, 0, 0, -151.5, -151.5, 0, 0, 0, 0, 0, 0, 0, 0, 0, 0, 0, 0, -151.5, 0, 0, 861, 0, -151.5, 0, 0, 0, -151.5, 0, 0, 0, 0, -151.5, 0, 0, 0, 0, 0, 0, 0, -151.5, 0, -151.5, 0, -151.5, 0, 0, 0, -151.5, 0, 0, 0, 0, 0, -151.5, 0, -151.5, 0, 0, 0, 0, 0, 0, -151.5, 0, 861, -151.5, 0, 0, 0, 0, 0, 0, 0, 0, 0, -151.5, -151.5, 0, 0, -151.5, -151.5, 0, 0, -151.5, 0, -151.5, 0, 0, 0, 0, 0, 173.5000000000071, 0, 0, 0, 0, 861, 0, 0, 0, 0, 0, 0, -303.0, 0, 0, 0, -151.5, 0, 861, 0, -151.5, 0, 0, 0, -151.5, 0, 0, 0, 411.0000000000087, 0, -151.5, 0, 0, 0, -151.5, 0, 0, 0, -151.5, 861, 0, 0, -303.0, 0, 0, 0, 0, 0, 0, 0, 0, -151.5, 0, 0, 0, 0, 0, 0, 0, 0, 0, 0, -151.5, 0, -151.5, 0, 0, 0, 0, -151.5, 0, 0, 0, 0, 0, 0, 0, 0, 0, 0, 0, 0, -151.5, 0, 0, 0, -151.5, 0, 0, 0, 0, -151.5, 0, 0, -303.0, 0, -14.0, 0, 0, 0, 0, 0, 0, 0, 0, 861, 0, 0, 0, 0, 0, -151.5, 0, 0, 0, 0, 0, 0, 0, 0, -151.5, 0, 0, -165.5, 0, 0, -151.5, 0, 0, 0, 0, 0, 0, -151.5, 0, 0, 0, 0, 0, 248.49999999999886, 0, 0, -303.0, 0, 0, 0, 0, 0, 0, 0, 0, -151.5, 0, 0, 0, 0, -454.5, 0, -151.5, 0, 0, 0, 0, 0, 0, 0, 0, 0, 0, 0, 0, 0, -151.5, 0, 0, 0, 0, 0, 0, 0, 0, 0, -151.5, 434.4999999999894, 0, 0, -151.5, 0, 711.0000000000312, -151.5, 0, 0, 0, -151.5, 0, -151.5, -151.5, 0, 0, 0, 0, -151.5, 0, 0, 0, -303.0, 0, 0, 0, 0, 0, 0, 0, 0, 0, 0, 0, 0, 0, 861, -151.5, 0, 0, 0, 0, 0, 0, 0, 0, -26.50000000002638, 0, -151.5, 0, 0, 0, 0, 0, 0, 0, 0, 0, 0, 0, 0, 0, 0, 0, -151.5, 0, 0, 0, 0, 0, 709.5, 0, -151.5, 0, 0, 620.4999999999119, 0, 0, 0, 0, 0, 861, -303.0, 384.4999999999949, -303.0, 0, 0, 0, 0, 0, 0, -303.0, -151.5, 0, 0, 0, 921.9999999999917, 861, 0, 0, -151.5, 0, 0, 0, 0, 0, 0, 0, 0, 0, 0, 0, 0, -151.5, 0, 0, 0, 0, 0, 0, 0, 0, 0, 0, 0, -151.5, -151.5, 0, 0, -151.5, 0, -151.5, -151.5, 0, 0, 0, 0, 0, 0, 0, 0, 0, 0, 361.0000000000142, 0, 0, 0, 0, 0, 0, 0, 0, 0, 0, 0, 0, -14.0, 1072.0000000000307, 0, 60.99999999999174, -303.0, 0, 0, 0, 0, 0, 0, 709.5, -151.5, 0, 0, 0, 0, 0, -151.5, 0, 0, 0, 0, -151.5, 0, 0, 0, 0, 0, 861, 0, 0, 0, 0, 0, -151.5, 0, -151.5, 0, 0, 0, 0, 0, -151.5, 0, -151.5, 0, 0, -151.5, 0, 0, 0, 861, 0, 0, 0, 0, -151.5, 485.9999999999449, 0, 0, 0, -151.5, 0, 0, 0, 0, 0, 0, 0, 0, 0, 0, 0, 0, 0, 0, 0, 0, 0, 0, 0, 0, -151.5, 0, 0, 0, -151.5, 0, 0, 0, -151.5, 0, 0, 0, 0, 0, 261.00000000002524, 0, 0, 861, 0, 0, 0, 0, 0, 0, 0, 0, 0, 0, 0, 0, 0, 0, 0, 0, 0, 0, 0, -151.5, 0, 0, 0, 0, 0, 0, -151.5, 0, 0, 0, 0, -303.0, 0, 0, 0, -151.5, 236.00000000002797, 0, -303.0, 0, 0, 0, 0, 0, 0, 0, 0, 0, 0, 0, 0, 0, 0, 0, 0, 0, 0, 0, 0, 0, 0, 0, 0, 0, 109.50000000002524, -151.5, 0, 0, 0, 0, 0, 0, -151.5, 0, 0, 0, 0, 0, 0, 0, 0, 0, 0, -151.5, 0, 0, 0, 0, 0, -151.5, -151.5, 0, 861, 0, -151.5, 0, 0, -151.5, 0, 0, 0, -151.5, 0, 0, 0, 0, -151.5, -151.5, 0, 0, 0, 0, 0, 0, 0, 0, 0, 0, -151.5, 0, 0, 0, 0, 0, 861, -151.5, 0, 0, 0, 0, 0, -151.5, 0, 0, 0, 0, -151.5, 0, 0, 0, 0, 0, 0, -151.5, 0, 0, 0, 0, 0, 0, -151.5, 0, 0, 0, 0, 0, 709.5, 0, 0, 0, 0, 0, 0, 0, 0, 0, 0, 0, 0, -454.5, 0, 0, 0, 861, 0, 0, 0, 0, 0, 0, 0, 0, -151.5, 0, -303.0, 0, 1022.0000000000363, 0, 0, 0, 0, 0, 0, 0, 0, 0, -151.5, 0, -151.5, 0, 0, 0, 0, 861, -151.5, 0, 0, 0, 0, 0, 0, 0, 0, 0, 0, 0, 861, 0, 0, 0, 0, 0, 709.5, 0, 0, 0, 0, -151.5, 0, 0, 0, 0, 0, 0, 861, 0, 0, 0, -151.5, 0, 0, 0, 861, 0, 0, 0, 861, 0, -151.5, 0, 0, 0, 0, 0, 0, 0, -303.0, 558.0, 0, 0, 0, 0, 0, -151.5, 0, 0, -151.5, 0, 709.5, 0, 0, 0, 0, 0, 0, 0, 0, 0, 0, 0, 709.5, 0, 0, 0, 0, 0, 0, 0, 0, 0, 0, 0, -151.5, 0, 0, 0, 0, 0, 0, -151.5, 0, 0, 0, 0, -151.5, 0]
Sharpe Ratio: 0.067
Annualized Sharpe: 1.056
Sharpe 95% CI: (np.float64(0.083), np.float64(1.909))
Daily Win Rate (%): 26.74
Max Drawdown: -2772.5
Profit Factor: 1.503
Expectancy: 12.065
Trades Per Month (Global): 18.916666666666668
Total Days: 887

Rolling 10 - Variant 0 - 10_7 - Test Metrics
Trade Returns: [-151.5, 861, 861, -151.5, -151.5, -151.5, 861, -151.5, -151.5, -151.5, -151.5, 861, -151.5, -151.5, -151.5, -151.5, -151.5, -151.5, -151.5, -151.5, -151.5, -151.5, 861, -151.5, -151.5, -151.5, -151.5, -151.5, -151.5, -151.5, 173.5000000000071, 861, -151.5, -151.5, -151.5, 861, -151.5, -151.5, 411.0000000000087, -151.5, -151.5, -151.5, 861, -151.5, -151.5, -151.5, -151.5, -151.5, -151.5, -151.5, -151.5, -151.5, -151.5, -151.5, -14.0, 861, -151.5, -151.5, -151.5, -14.0, -151.5, -151.5, 248.49999999999886, -151.5, -151.5, -151.5, -151.5, -151.5, -151.5, -151.5, -151.5, -151.5, -151.5, 585.9999999999894, -151.5, 711.0000000000312, -151.5, -151.5, -151.5, -151.5, -151.5, -151.5, -151.5, 861, -151.5, -26.50000000002638, -151.5, -151.5, -151.5, 861, -151.5, 410.9999999999532, -151.5, 360.9999999999587, 861, -151.5, -151.5, -151.5, 535.9999999999949, -151.5, -151.5, -151.5, -151.5, -151.5, 861, 60.99999999999174, 861, -151.5, -151.5, -151.5, -151.5, -151.5, -151.5, -151.5, 361.0000000000142, -14.0, 861, 211.00000000003072, 60.99999999999174, -151.5, -151.5, 861, -151.5, -151.5, -151.5, -151.5, 861, -151.5, -151.5, -151.5, -151.5, -151.5, 861, -151.5, 485.9999999999449, -151.5, -151.5, -151.5, -151.5, 261.00000000002524, 861, -151.5, -151.5, -151.5, -151.5, -151.5, 236.00000000002797, -151.5, -151.5, 261.00000000002524, -151.5, -151.5, -151.5, -151.5, -151.5, -151.5, 861, -151.5, -151.5, -151.5, -151.5, -151.5, -151.5, 861, -151.5, -151.5, -151.5, -151.5, -151.5, 861, -151.5, -151.5, -151.5, -151.5, 861, -151.5, -151.5, -151.5, 861, 161.00000000003624, -151.5, -151.5, 861, -151.5, 861, 861, -151.5, -151.5, 861, -151.5, 861, 861, -151.5, -151.5, -151.5, 861, -151.5, -151.5, -151.5, -151.5, 861, -151.5, 861, -151.5, -151.5, -151.5, -151.5, -151.5, -151.5, -151.5, -151.5, -151.5, -151.5, 573.5000000000185, -151.5, -151.5, -151.5, -151.5, 861, -151.5, -151.5, 861, -151.5, 861, 861, -151.5, 861]
Daily Returns: [0, 0, 0, 0, 0, -151.5, 0, -151.5, -151.5, 0, 0, -151.5, 0, 0, -151.5, 0, -151.5, 0, 0, 0, 573.5000000000185, 0, 0, -151.5, 0, 0, -151.5, 0, 0, 0, 0, -151.5, -151.5, 0, 861, 0, 0, 0, 0, 0, 0, 0, -151.5, 0, 0, 0, 0, -151.5, 0, 0, 709.5, 0, 0, 0, 0, 0, 0, 0, 0, 0, 861, 0, 0, 0, 0, 0, 0, 0, 0, 0, 0, 861, -151.5, 861, 0, 0, 0, 0, 0, 0]
Sharpe Ratio: 0.153
Annualized Sharpe: 2.431
Sharpe 95% CI: (np.float64(-1.229), np.float64(4.793))
Daily Win Rate (%): 31.58
Max Drawdown: -941.5
Profit Factor: 2.4
Expectancy: 34.469
Trades Per Month (Global): 18.916666666666668
Total Days: 80



Rolling 10 - Variant 1 - 10_6 - Fit Metrics
Trade Returns: [-151.5, 736, 736, -151.5, -151.5, -151.5, 736, -151.5, -151.5, -151.5, -151.5, 736, -151.5, -151.5, -151.5, -151.5, -151.5, -151.5, -151.5, -151.5, -151.5, -151.5, 736, -151.5, -151.5, -151.5, -151.5, -151.5, -151.5, -151.5, 173.5000000000071, 736, -151.5, -151.5, -151.5, 736, -151.5, -151.5, 411.0000000000087, -151.5, -151.5, -151.5, 736, -151.5, -151.5, -151.5, -151.5, -151.5, -151.5, -151.5, -151.5, -151.5, -151.5, -151.5, -14.0, 736, -151.5, -151.5, -151.5, -14.0, -151.5, -151.5, 248.49999999999886, -151.5, -151.5, -151.5, -151.5, -151.5, -151.5, -151.5, -151.5, -151.5, -151.5, 585.9999999999894, -151.5, 736, -151.5, -151.5, -151.5, -151.5, -151.5, -151.5, -151.5, 736, -151.5, -26.50000000002638, -151.5, -151.5, -151.5, 736, -151.5, 736, -151.5, 736, 736, -151.5, -151.5, -151.5, 535.9999999999949, -151.5, -151.5, -151.5, -151.5, -151.5, 736, 60.99999999999174, 736, -151.5, -151.5, -151.5, -151.5, -151.5, -151.5, -151.5, 361.0000000000142, -14.0, 736, 211.00000000003072, 60.99999999999174, -151.5, -151.5, 736, -151.5, -151.5, -151.5, -151.5, 736, -151.5, -151.5, -151.5, -151.5, -151.5, 736, -151.5, 485.9999999999449, -151.5, -151.5, -151.5, -151.5, 261.00000000002524, 736, -151.5, -151.5, -151.5, -151.5, -151.5, 236.00000000002797, -151.5, -151.5, 261.00000000002524, -151.5, -151.5, -151.5, -151.5, -151.5, -151.5, 736, -151.5, -151.5, -151.5, -151.5, -151.5, -151.5, 736, -151.5, -151.5, -151.5, -151.5, -151.5, 736, -151.5, -151.5, -151.5, -151.5, 736, -151.5, -151.5, -151.5, 736, 161.00000000003624, -151.5, -151.5, 736, -151.5, 736, 736, -151.5, -151.5, 736, -151.5, 736, 736, 736, -151.5, -151.5, 736, -151.5, -151.5, -151.5, 736, 736, -151.5, 736, -151.5, -151.5, -151.5, -151.5, -151.5, -151.5, -151.5, -151.5, -151.5, -151.5, 573.5000000000185, -151.5, -151.5, -151.5, -151.5, 736, -151.5, -151.5, 736, -151.5, 736, 736, -151.5, 736]
Daily Returns: [-151.5, 0, 0, 0, 0, 0, 736, 0, 0, 0, 0, 0, 0, 584.5, 0, 0, 0, 0, 0, -151.5, 0, 0, 0, 0, -151.5, 0, 0, 0, 0, 0, 0, 0, 0, 0, 0, 0, 0, 0, 0, 0, 0, 736, 0, 0, 0, 0, 0, -151.5, 0, 0, 0, 0, 0, -151.5, -151.5, 0, 0, 0, 0, 0, 0, 0, 0, 0, 0, 0, 0, -151.5, 0, 0, 736, 0, -151.5, 0, 0, 0, -151.5, 0, 0, 0, 0, -151.5, 0, 0, 0, 0, 0, 0, 0, -151.5, 0, -151.5, 0, -151.5, 0, 0, 0, -151.5, 0, 0, 0, 0, 0, -151.5, 0, -151.5, 0, 0, 0, 0, 0, 0, -151.5, 0, 736, -151.5, 0, 0, 0, 0, 0, 0, 0, 0, 0, -151.5, -151.5, 0, 0, -151.5, -151.5, 0, 0, -151.5, 0, -151.5, 0, 0, 0, 0, 0, 173.5000000000071, 0, 0, 0, 0, 736, 0, 0, 0, 0, 0, 0, -303.0, 0, 0, 0, -151.5, 0, 736, 0, -151.5, 0, 0, 0, -151.5, 0, 0, 0, 411.0000000000087, 0, -151.5, 0, 0, 0, -151.5, 0, 0, 0, -151.5, 736, 0, 0, -303.0, 0, 0, 0, 0, 0, 0, 0, 0, -151.5, 0, 0, 0, 0, 0, 0, 0, 0, 0, 0, -151.5, 0, -151.5, 0, 0, 0, 0, -151.5, 0, 0, 0, 0, 0, 0, 0, 0, 0, 0, 0, 0, -151.5, 0, 0, 0, -151.5, 0, 0, 0, 0, -151.5, 0, 0, -303.0, 0, -14.0, 0, 0, 0, 0, 0, 0, 0, 0, 736, 0, 0, 0, 0, 0, -151.5, 0, 0, 0, 0, 0, 0, 0, 0, -151.5, 0, 0, -165.5, 0, 0, -151.5, 0, 0, 0, 0, 0, 0, -151.5, 0, 0, 0, 0, 0, 248.49999999999886, 0, 0, -303.0, 0, 0, 0, 0, 0, 0, 0, 0, -151.5, 0, 0, 0, 0, -454.5, 0, -151.5, 0, 0, 0, 0, 0, 0, 0, 0, 0, 0, 0, 0, 0, -151.5, 0, 0, 0, 0, 0, 0, 0, 0, 0, -151.5, 434.4999999999894, 0, 0, -151.5, 0, 736, -151.5, 0, 0, 0, -151.5, 0, -151.5, -151.5, 0, 0, 0, 0, -151.5, 0, 0, 0, -303.0, 0, 0, 0, 0, 0, 0, 0, 0, 0, 0, 0, 0, 0, 736, -151.5, 0, 0, 0, 0, 0, 0, 0, 0, -26.50000000002638, 0, -151.5, 0, 0, 0, 0, 0, 0, 0, 0, 0, 0, 0, 0, 0, 0, 0, -151.5, 0, 0, 0, 0, 0, 584.5, 0, -151.5, 0, 0, 1320.5, 0, 0, 0, 0, 0, 736, -303.0, 384.4999999999949, -303.0, 0, 0, 0, 0, 0, 0, -303.0, -151.5, 0, 0, 0, 796.9999999999917, 736, 0, 0, -151.5, 0, 0, 0, 0, 0, 0, 0, 0, 0, 0, 0, 0, -151.5, 0, 0, 0, 0, 0, 0, 0, 0, 0, 0, 0, -151.5, -151.5, 0, 0, -151.5, 0, -151.5, -151.5, 0, 0, 0, 0, 0, 0, 0, 0, 0, 0, 361.0000000000142, 0, 0, 0, 0, 0, 0, 0, 0, 0, 0, 0, 0, -14.0, 947.0000000000307, 0, 60.99999999999174, -303.0, 0, 0, 0, 0, 0, 0, 584.5, -151.5, 0, 0, 0, 0, 0, -151.5, 0, 0, 0, 0, -151.5, 0, 0, 0, 0, 0, 736, 0, 0, 0, 0, 0, -151.5, 0, -151.5, 0, 0, 0, 0, 0, -151.5, 0, -151.5, 0, 0, -151.5, 0, 0, 0, 736, 0, 0, 0, 0, -151.5, 485.9999999999449, 0, 0, 0, -151.5, 0, 0, 0, 0, 0, 0, 0, 0, 0, 0, 0, 0, 0, 0, 0, 0, 0, 0, 0, 0, -151.5, 0, 0, 0, -151.5, 0, 0, 0, -151.5, 0, 0, 0, 0, 0, 261.00000000002524, 0, 0, 736, 0, 0, 0, 0, 0, 0, 0, 0, 0, 0, 0, 0, 0, 0, 0, 0, 0, 0, 0, -151.5, 0, 0, 0, 0, 0, 0, -151.5, 0, 0, 0, 0, -303.0, 0, 0, 0, -151.5, 236.00000000002797, 0, -303.0, 0, 0, 0, 0, 0, 0, 0, 0, 0, 0, 0, 0, 0, 0, 0, 0, 0, 0, 0, 0, 0, 0, 0, 0, 0, 109.50000000002524, -151.5, 0, 0, 0, 0, 0, 0, -151.5, 0, 0, 0, 0, 0, 0, 0, 0, 0, 0, -151.5, 0, 0, 0, 0, 0, -151.5, -151.5, 0, 736, 0, -151.5, 0, 0, -151.5, 0, 0, 0, -151.5, 0, 0, 0, 0, -151.5, -151.5, 0, 0, 0, 0, 0, 0, 0, 0, 0, 0, -151.5, 0, 0, 0, 0, 0, 736, -151.5, 0, 0, 0, 0, 0, -151.5, 0, 0, 0, 0, -151.5, 0, 0, 0, 0, 0, 0, -151.5, 0, 0, 0, 0, 0, 0, -151.5, 0, 0, 0, 0, 0, 584.5, 0, 0, 0, 0, 0, 0, 0, 0, 0, 0, 0, 0, -454.5, 0, 0, 0, 736, 0, 0, 0, 0, 0, 0, 0, 0, -151.5, 0, -303.0, 0, 897.0000000000363, 0, 0, 0, 0, 0, 0, 0, 0, 0, -151.5, 0, -151.5, 0, 0, 0, 0, 736, -151.5, 0, 0, 0, 0, 0, 0, 0, 0, 0, 0, 0, 736, 0, 0, 0, 0, 0, 584.5, 0, 0, 0, 0, -151.5, 0, 0, 0, 0, 0, 0, 736, 0, 0, 0, -151.5, 0, 0, 0, 736, 0, 0, 0, 736, 0, 736, 0, 0, 0, 0, 0, 0, 0, -303.0, 433.0, 0, 0, 0, 0, 0, -151.5, 0, 0, 736, 0, 584.5, 0, 0, 0, 0, 0, 0, 0, 0, 0, 0, 0, 584.5, 0, 0, 0, 0, 0, 0, 0, 0, 0, 0, 0, -151.5, 0, 0, 0, 0, 0, 0, -151.5, 0, 0, 0, 0, -151.5, 0]
Sharpe Ratio: 0.061
Annualized Sharpe: 0.962
Sharpe 95% CI: (np.float64(-0.003), np.float64(1.835))
Daily Win Rate (%): 27.91
Max Drawdown: -3131.5
Profit Factor: 1.433
Expectancy: 10.233
Trades Per Month (Global): 18.916666666666668
Total Days: 887

Rolling 10 - Variant 1 - 10_6 - Test Metrics
Trade Returns: [-151.5, 736, 736, -151.5, -151.5, -151.5, 736, -151.5, -151.5, -151.5, -151.5, 736, -151.5, -151.5, -151.5, -151.5, -151.5, -151.5, -151.5, -151.5, -151.5, -151.5, 736, -151.5, -151.5, -151.5, -151.5, -151.5, -151.5, -151.5, 173.5000000000071, 736, -151.5, -151.5, -151.5, 736, -151.5, -151.5, 411.0000000000087, -151.5, -151.5, -151.5, 736, -151.5, -151.5, -151.5, -151.5, -151.5, -151.5, -151.5, -151.5, -151.5, -151.5, -151.5, -14.0, 736, -151.5, -151.5, -151.5, -14.0, -151.5, -151.5, 248.49999999999886, -151.5, -151.5, -151.5, -151.5, -151.5, -151.5, -151.5, -151.5, -151.5, -151.5, 585.9999999999894, -151.5, 736, -151.5, -151.5, -151.5, -151.5, -151.5, -151.5, -151.5, 736, -151.5, -26.50000000002638, -151.5, -151.5, -151.5, 736, -151.5, 736, -151.5, 736, 736, -151.5, -151.5, -151.5, 535.9999999999949, -151.5, -151.5, -151.5, -151.5, -151.5, 736, 60.99999999999174, 736, -151.5, -151.5, -151.5, -151.5, -151.5, -151.5, -151.5, 361.0000000000142, -14.0, 736, 211.00000000003072, 60.99999999999174, -151.5, -151.5, 736, -151.5, -151.5, -151.5, -151.5, 736, -151.5, -151.5, -151.5, -151.5, -151.5, 736, -151.5, 485.9999999999449, -151.5, -151.5, -151.5, -151.5, 261.00000000002524, 736, -151.5, -151.5, -151.5, -151.5, -151.5, 236.00000000002797, -151.5, -151.5, 261.00000000002524, -151.5, -151.5, -151.5, -151.5, -151.5, -151.5, 736, -151.5, -151.5, -151.5, -151.5, -151.5, -151.5, 736, -151.5, -151.5, -151.5, -151.5, -151.5, 736, -151.5, -151.5, -151.5, -151.5, 736, -151.5, -151.5, -151.5, 736, 161.00000000003624, -151.5, -151.5, 736, -151.5, 736, 736, -151.5, -151.5, 736, -151.5, 736, 736, 736, -151.5, -151.5, 736, -151.5, -151.5, -151.5, 736, 736, -151.5, 736, -151.5, -151.5, -151.5, -151.5, -151.5, -151.5, -151.5, -151.5, -151.5, -151.5, 573.5000000000185, -151.5, -151.5, -151.5, -151.5, 736, -151.5, -151.5, 736, -151.5, 736, 736, -151.5, 736]
Daily Returns: [0, 0, 0, 0, 0, -151.5, 0, -151.5, -151.5, 0, 0, -151.5, 0, 0, -151.5, 0, -151.5, 0, 0, 0, 573.5000000000185, 0, 0, -151.5, 0, 0, -151.5, 0, 0, 0, 0, -151.5, -151.5, 0, 736, 0, 0, 0, 0, 0, 0, 0, -151.5, 0, 0, 0, 0, -151.5, 0, 0, 584.5, 0, 0, 0, 0, 0, 0, 0, 0, 0, 736, 0, 0, 0, 0, 0, 0, 0, 0, 0, 0, 736, -151.5, 736, 0, 0, 0, 0, 0, 0]
Sharpe Ratio: 0.135
Annualized Sharpe: 2.143
Sharpe 95% CI: (np.float64(-1.699), np.float64(4.618))
Daily Win Rate (%): 31.58
Max Drawdown: -941.5
Profit Factor: 2.083
Expectancy: 26.656
Trades Per Month (Global): 18.916666666666668
Total Days: 80



Rolling 10 - Variant 2 - 10_12 - Fit Metrics
Trade Returns: [-151.5, 1486, 1486, -151.5, -151.5, -151.5, -151.5, -151.5, -151.5, -151.5, -151.5, 461.0000000000032, -151.5, -151.5, -151.5, -151.5, -151.5, -151.5, -151.5, -151.5, -151.5, -151.5, 1486, -151.5, -151.5, -151.5, -151.5, -151.5, -151.5, -151.5, 173.5000000000071, -151.5, -151.5, -151.5, -151.5, 1486, -151.5, -151.5, 411.0000000000087, -151.5, -151.5, -151.5, 586.0000000000449, -151.5, -151.5, -151.5, -151.5, -151.5, -151.5, -151.5, -151.5, -151.5, -151.5, -151.5, -14.0, 1486, -151.5, -151.5, -151.5, -14.0, -151.5, -151.5, 248.49999999999886, -151.5, -151.5, -151.5, -151.5, -151.5, -151.5, -151.5, -151.5, -151.5, -151.5, 585.9999999999894, -151.5, 711.0000000000312, -151.5, -151.5, -151.5, -151.5, -151.5, -151.5, -151.5, -151.5, -151.5, -26.50000000002638, -151.5, -151.5, -151.5, 486.00000000000045, -151.5, 410.9999999999532, -151.5, 360.9999999999587, -151.5, -151.5, -151.5, -151.5, 535.9999999999949, -151.5, -151.5, -151.5, -151.5, -151.5, 785.9999999999674, 60.99999999999174, 585.9999999999894, -151.5, -151.5, -151.5, -151.5, -151.5, -151.5, -151.5, 361.0000000000142, -14.0, 510.9999999999977, 211.00000000003072, 60.99999999999174, -151.5, -151.5, 1486, -151.5, -151.5, -151.5, -151.5, 973.50000000003, -151.5, -151.5, -151.5, -151.5, -151.5, 710.9999999999757, -151.5, 485.9999999999449, -151.5, -151.5, -151.5, -151.5, 261.00000000002524, 1486, -151.5, -151.5, -151.5, -151.5, -151.5, 236.00000000002797, -151.5, -151.5, 261.00000000002524, -151.5, -151.5, -151.5, -151.5, -151.5, -151.5, 361.0000000000142, -151.5, -151.5, -151.5, -151.5, -151.5, -151.5, -151.5, -151.5, -151.5, -151.5, -151.5, -151.5, 1486, -151.5, -151.5, -151.5, -151.5, 1486, -151.5, -151.5, -151.5, -151.5, 161.00000000003624, -151.5, -151.5, 1486, -151.5, 1486, 1486, -151.5, -151.5, 1486, -151.5, 1486, -151.5, -151.5, -151.5, -151.5, 1486, -151.5, -151.5, -151.5, -151.5, 1486, -151.5, 1486, -151.5, -151.5, -151.5, -151.5, -151.5, -151.5, -151.5, -151.5, -151.5, -151.5, 573.5000000000185, -151.5, -151.5, -151.5, -151.5, 860.9999999999592, -151.5, -151.5, 285.999999999967, -151.5, 798.4999999999937, 411.0000000000087, -151.5, 1486]
Daily Returns: [-151.5, 0, 0, 0, 0, 0, 1486, 0, 0, 0, 0, 0, 0, 1334.5, 0, 0, 0, 0, 0, -151.5, 0, 0, 0, 0, -151.5, 0, 0, 0, 0, 0, 0, 0, 0, 0, 0, 0, 0, 0, 0, 0, 0, -151.5, 0, 0, 0, 0, 0, -151.5, 0, 0, 0, 0, 0, -151.5, -151.5, 0, 0, 0, 0, 0, 0, 0, 0, 0, 0, 0, 0, -151.5, 0, 0, 461.0000000000032, 0, -151.5, 0, 0, 0, -151.5, 0, 0, 0, 0, -151.5, 0, 0, 0, 0, 0, 0, 0, -151.5, 0, -151.5, 0, -151.5, 0, 0, 0, -151.5, 0, 0, 0, 0, 0, -151.5, 0, -151.5, 0, 0, 0, 0, 0, 0, -151.5, 0, 1486, -151.5, 0, 0, 0, 0, 0, 0, 0, 0, 0, -151.5, -151.5, 0, 0, -151.5, -151.5, 0, 0, -151.5, 0, -151.5, 0, 0, 0, 0, 0, 173.5000000000071, 0, 0, 0, 0, -151.5, 0, 0, 0, 0, 0, 0, -303.0, 0, 0, 0, -151.5, 0, 1486, 0, -151.5, 0, 0, 0, -151.5, 0, 0, 0, 411.0000000000087, 0, -151.5, 0, 0, 0, -151.5, 0, 0, 0, -151.5, 586.0000000000449, 0, 0, -303.0, 0, 0, 0, 0, 0, 0, 0, 0, -151.5, 0, 0, 0, 0, 0, 0, 0, 0, 0, 0, -151.5, 0, -151.5, 0, 0, 0, 0, -151.5, 0, 0, 0, 0, 0, 0, 0, 0, 0, 0, 0, 0, -151.5, 0, 0, 0, -151.5, 0, 0, 0, 0, -151.5, 0, 0, -303.0, 0, -14.0, 0, 0, 0, 0, 0, 0, 0, 0, 1486, 0, 0, 0, 0, 0, -151.5, 0, 0, 0, 0, 0, 0, 0, 0, -151.5, 0, 0, -165.5, 0, 0, -151.5, 0, 0, 0, 0, 0, 0, -151.5, 0, 0, 0, 0, 0, 248.49999999999886, 0, 0, -303.0, 0, 0, 0, 0, 0, 0, 0, 0, -151.5, 0, 0, 0, 0, -454.5, 0, -151.5, 0, 0, 0, 0, 0, 0, 0, 0, 0, 0, 0, 0, 0, -151.5, 0, 0, 0, 0, 0, 0, 0, 0, 0, -151.5, 434.4999999999894, 0, 0, -151.5, 0, 711.0000000000312, -151.5, 0, 0, 0, -151.5, 0, -151.5, -151.5, 0, 0, 0, 0, -151.5, 0, 0, 0, -303.0, 0, 0, 0, 0, 0, 0, 0, 0, 0, 0, 0, 0, 0, -151.5, -151.5, 0, 0, 0, 0, 0, 0, 0, 0, -26.50000000002638, 0, -151.5, 0, 0, 0, 0, 0, 0, 0, 0, 0, 0, 0, 0, 0, 0, 0, -151.5, 0, 0, 0, 0, 0, 334.50000000000045, 0, -151.5, 0, 0, 620.4999999999119, 0, 0, 0, 0, 0, -151.5, -303.0, 384.4999999999949, -303.0, 0, 0, 0, 0, 0, 0, -303.0, -151.5, 0, 0, 0, 846.9999999999591, 585.9999999999894, 0, 0, -151.5, 0, 0, 0, 0, 0, 0, 0, 0, 0, 0, 0, 0, -151.5, 0, 0, 0, 0, 0, 0, 0, 0, 0, 0, 0, -151.5, -151.5, 0, 0, -151.5, 0, -151.5, -151.5, 0, 0, 0, 0, 0, 0, 0, 0, 0, 0, 361.0000000000142, 0, 0, 0, 0, 0, 0, 0, 0, 0, 0, 0, 0, -14.0, 722.0000000000284, 0, 60.99999999999174, -303.0, 0, 0, 0, 0, 0, 0, 1334.5, -151.5, 0, 0, 0, 0, 0, -151.5, 0, 0, 0, 0, -151.5, 0, 0, 0, 0, 0, 973.50000000003, 0, 0, 0, 0, 0, -151.5, 0, -151.5, 0, 0, 0, 0, 0, -151.5, 0, -151.5, 0, 0, -151.5, 0, 0, 0, 710.9999999999757, 0, 0, 0, 0, -151.5, 485.9999999999449, 0, 0, 0, -151.5, 0, 0, 0, 0, 0, 0, 0, 0, 0, 0, 0, 0, 0, 0, 0, 0, 0, 0, 0, 0, -151.5, 0, 0, 0, -151.5, 0, 0, 0, -151.5, 0, 0, 0, 0, 0, 261.00000000002524, 0, 0, 1486, 0, 0, 0, 0, 0, 0, 0, 0, 0, 0, 0, 0, 0, 0, 0, 0, 0, 0, 0, -151.5, 0, 0, 0, 0, 0, 0, -151.5, 0, 0, 0, 0, -303.0, 0, 0, 0, -151.5, 236.00000000002797, 0, -303.0, 0, 0, 0, 0, 0, 0, 0, 0, 0, 0, 0, 0, 0, 0, 0, 0, 0, 0, 0, 0, 0, 0, 0, 0, 0, 109.50000000002524, -151.5, 0, 0, 0, 0, 0, 0, -151.5, 0, 0, 0, 0, 0, 0, 0, 0, 0, 0, -151.5, 0, 0, 0, 0, 0, -151.5, -151.5, 0, 361.0000000000142, 0, -151.5, 0, 0, -151.5, 0, 0, 0, -151.5, 0, 0, 0, 0, -151.5, -151.5, 0, 0, 0, 0, 0, 0, 0, 0, 0, 0, -151.5, 0, 0, 0, 0, 0, -151.5, -151.5, 0, 0, 0, 0, 0, -151.5, 0, 0, 0, 0, -151.5, 0, 0, 0, 0, 0, 0, -151.5, 0, 0, 0, 0, 0, 0, -151.5, 0, 0, 0, 0, 0, 1334.5, 0, 0, 0, 0, 0, 0, 0, 0, 0, 0, 0, 0, -454.5, 0, 0, 0, 1486, 0, 0, 0, 0, 0, 0, 0, 0, -151.5, 0, -303.0, 0, 9.500000000036238, 0, 0, 0, 0, 0, 0, 0, 0, 0, -151.5, 0, -151.5, 0, 0, 0, 0, 1486, -151.5, 0, 0, 0, 0, 0, 0, 0, 0, 0, 0, 0, 1486, 0, 0, 0, 0, 0, 1334.5, 0, 0, 0, 0, -151.5, 0, 0, 0, 0, 0, 0, 1486, 0, 0, 0, -151.5, 0, 0, 0, 1486, 0, 0, 0, -151.5, 0, -151.5, 0, 0, 0, 0, 0, 0, 0, -303.0, 1183.0, 0, 0, 0, 0, 0, -151.5, 0, 0, -151.5, 0, 1334.5, 0, 0, 0, 0, 0, 0, 0, 0, 0, 0, 0, 1334.5, 0, 0, 0, 0, 0, 0, 0, 0, 0, 0, 0, -151.5, 0, 0, 0, 0, 0, 0, -151.5, 0, 0, 0, 0, -151.5, 0]
Sharpe Ratio: 0.06
Annualized Sharpe: 0.959
Sharpe 95% CI: (np.float64(-0.04), np.float64(1.758))
Daily Win Rate (%): 23.26
Max Drawdown: -3200.0
Profit Factor: 1.539
Expectancy: 13.475
Trades Per Month (Global): 18.916666666666668
Total Days: 887

Rolling 10 - Variant 2 - 10_12 - Test Metrics
Trade Returns: [-151.5, 1486, 1486, -151.5, -151.5, -151.5, -151.5, -151.5, -151.5, -151.5, -151.5, 461.0000000000032, -151.5, -151.5, -151.5, -151.5, -151.5, -151.5, -151.5, -151.5, -151.5, -151.5, 1486, -151.5, -151.5, -151.5, -151.5, -151.5, -151.5, -151.5, 173.5000000000071, -151.5, -151.5, -151.5, -151.5, 1486, -151.5, -151.5, 411.0000000000087, -151.5, -151.5, -151.5, 586.0000000000449, -151.5, -151.5, -151.5, -151.5, -151.5, -151.5, -151.5, -151.5, -151.5, -151.5, -151.5, -14.0, 1486, -151.5, -151.5, -151.5, -14.0, -151.5, -151.5, 248.49999999999886, -151.5, -151.5, -151.5, -151.5, -151.5, -151.5, -151.5, -151.5, -151.5, -151.5, 585.9999999999894, -151.5, 711.0000000000312, -151.5, -151.5, -151.5, -151.5, -151.5, -151.5, -151.5, -151.5, -151.5, -26.50000000002638, -151.5, -151.5, -151.5, 486.00000000000045, -151.5, 410.9999999999532, -151.5, 360.9999999999587, -151.5, -151.5, -151.5, -151.5, 535.9999999999949, -151.5, -151.5, -151.5, -151.5, -151.5, 785.9999999999674, 60.99999999999174, 585.9999999999894, -151.5, -151.5, -151.5, -151.5, -151.5, -151.5, -151.5, 361.0000000000142, -14.0, 510.9999999999977, 211.00000000003072, 60.99999999999174, -151.5, -151.5, 1486, -151.5, -151.5, -151.5, -151.5, 973.50000000003, -151.5, -151.5, -151.5, -151.5, -151.5, 710.9999999999757, -151.5, 485.9999999999449, -151.5, -151.5, -151.5, -151.5, 261.00000000002524, 1486, -151.5, -151.5, -151.5, -151.5, -151.5, 236.00000000002797, -151.5, -151.5, 261.00000000002524, -151.5, -151.5, -151.5, -151.5, -151.5, -151.5, 361.0000000000142, -151.5, -151.5, -151.5, -151.5, -151.5, -151.5, -151.5, -151.5, -151.5, -151.5, -151.5, -151.5, 1486, -151.5, -151.5, -151.5, -151.5, 1486, -151.5, -151.5, -151.5, -151.5, 161.00000000003624, -151.5, -151.5, 1486, -151.5, 1486, 1486, -151.5, -151.5, 1486, -151.5, 1486, -151.5, -151.5, -151.5, -151.5, 1486, -151.5, -151.5, -151.5, -151.5, 1486, -151.5, 1486, -151.5, -151.5, -151.5, -151.5, -151.5, -151.5, -151.5, -151.5, -151.5, -151.5, 573.5000000000185, -151.5, -151.5, -151.5, -151.5, 860.9999999999592, -151.5, -151.5, 285.999999999967, -151.5, 798.4999999999937, 411.0000000000087, -151.5, 1486]
Daily Returns: [0, 0, 0, 0, 0, -151.5, 0, -151.5, -151.5, 0, 0, -151.5, 0, 0, -151.5, 0, -151.5, 0, 0, 0, 573.5000000000185, 0, 0, -151.5, 0, 0, -151.5, 0, 0, 0, 0, -151.5, -151.5, 0, 860.9999999999592, 0, 0, 0, 0, 0, 0, 0, -151.5, 0, 0, 0, 0, -151.5, 0, 0, 134.49999999996697, 0, 0, 0, 0, 0, 0, 0, 0, 0, 798.4999999999937, 0, 0, 0, 0, 0, 0, 0, 0, 0, 0, 411.0000000000087, -151.5, 1486, 0, 0, 0, 0, 0, 0]
Sharpe Ratio: 0.122
Annualized Sharpe: 1.944
Sharpe 95% CI: (np.float64(-2.254), np.float64(4.157))
Daily Win Rate (%): 31.58
Max Drawdown: -941.5
Profit Factor: 2.165
Expectancy: 28.687
Trades Per Month (Global): 18.916666666666668
Total Days: 80



Rolling 10 - Variant 3 - 10_11 - Fit Metrics
Trade Returns: [-151.5, 1361, 1361, -151.5, -151.5, -151.5, -151.5, -151.5, -151.5, -151.5, -151.5, 461.0000000000032, -151.5, -151.5, -151.5, -151.5, -151.5, -151.5, -151.5, -151.5, -151.5, -151.5, 1361, -151.5, -151.5, -151.5, -151.5, -151.5, -151.5, -151.5, 173.5000000000071, -151.5, -151.5, -151.5, -151.5, 1361, -151.5, -151.5, 411.0000000000087, -151.5, -151.5, -151.5, 586.0000000000449, -151.5, -151.5, -151.5, -151.5, -151.5, -151.5, -151.5, -151.5, -151.5, -151.5, -151.5, -14.0, 1361, -151.5, -151.5, -151.5, -14.0, -151.5, -151.5, 248.49999999999886, -151.5, -151.5, -151.5, -151.5, -151.5, -151.5, -151.5, -151.5, -151.5, -151.5, 585.9999999999894, -151.5, 711.0000000000312, -151.5, -151.5, -151.5, -151.5, -151.5, -151.5, -151.5, -151.5, -151.5, -26.50000000002638, -151.5, -151.5, -151.5, 486.00000000000045, -151.5, 410.9999999999532, -151.5, 360.9999999999587, -151.5, -151.5, -151.5, -151.5, 535.9999999999949, -151.5, -151.5, -151.5, -151.5, -151.5, 785.9999999999674, 60.99999999999174, 585.9999999999894, -151.5, -151.5, -151.5, -151.5, -151.5, -151.5, -151.5, 361.0000000000142, -14.0, 510.9999999999977, 211.00000000003072, 60.99999999999174, -151.5, -151.5, 1361, -151.5, -151.5, -151.5, -151.5, 973.50000000003, -151.5, -151.5, -151.5, -151.5, -151.5, 710.9999999999757, -151.5, 485.9999999999449, -151.5, -151.5, -151.5, -151.5, 261.00000000002524, 1361, -151.5, -151.5, -151.5, -151.5, -151.5, 236.00000000002797, -151.5, -151.5, 261.00000000002524, -151.5, -151.5, -151.5, -151.5, -151.5, -151.5, 1361, -151.5, -151.5, -151.5, -151.5, -151.5, -151.5, -151.5, -151.5, -151.5, -151.5, -151.5, -151.5, 1361, -151.5, -151.5, -151.5, -151.5, 1361, -151.5, -151.5, -151.5, -151.5, 161.00000000003624, -151.5, -151.5, 1361, -151.5, 1361, 1361, -151.5, -151.5, 1361, -151.5, 1361, -151.5, -151.5, -151.5, -151.5, 1361, -151.5, -151.5, -151.5, -151.5, 1361, -151.5, 1361, -151.5, -151.5, -151.5, -151.5, -151.5, -151.5, -151.5, -151.5, -151.5, -151.5, 573.5000000000185, -151.5, -151.5, -151.5, -151.5, 860.9999999999592, -151.5, -151.5, 285.999999999967, -151.5, 798.4999999999937, 411.0000000000087, -151.5, 1361]
Daily Returns: [-151.5, 0, 0, 0, 0, 0, 1361, 0, 0, 0, 0, 0, 0, 1209.5, 0, 0, 0, 0, 0, -151.5, 0, 0, 0, 0, -151.5, 0, 0, 0, 0, 0, 0, 0, 0, 0, 0, 0, 0, 0, 0, 0, 0, -151.5, 0, 0, 0, 0, 0, -151.5, 0, 0, 0, 0, 0, -151.5, -151.5, 0, 0, 0, 0, 0, 0, 0, 0, 0, 0, 0, 0, -151.5, 0, 0, 461.0000000000032, 0, -151.5, 0, 0, 0, -151.5, 0, 0, 0, 0, -151.5, 0, 0, 0, 0, 0, 0, 0, -151.5, 0, -151.5, 0, -151.5, 0, 0, 0, -151.5, 0, 0, 0, 0, 0, -151.5, 0, -151.5, 0, 0, 0, 0, 0, 0, -151.5, 0, 1361, -151.5, 0, 0, 0, 0, 0, 0, 0, 0, 0, -151.5, -151.5, 0, 0, -151.5, -151.5, 0, 0, -151.5, 0, -151.5, 0, 0, 0, 0, 0, 173.5000000000071, 0, 0, 0, 0, -151.5, 0, 0, 0, 0, 0, 0, -303.0, 0, 0, 0, -151.5, 0, 1361, 0, -151.5, 0, 0, 0, -151.5, 0, 0, 0, 411.0000000000087, 0, -151.5, 0, 0, 0, -151.5, 0, 0, 0, -151.5, 586.0000000000449, 0, 0, -303.0, 0, 0, 0, 0, 0, 0, 0, 0, -151.5, 0, 0, 0, 0, 0, 0, 0, 0, 0, 0, -151.5, 0, -151.5, 0, 0, 0, 0, -151.5, 0, 0, 0, 0, 0, 0, 0, 0, 0, 0, 0, 0, -151.5, 0, 0, 0, -151.5, 0, 0, 0, 0, -151.5, 0, 0, -303.0, 0, -14.0, 0, 0, 0, 0, 0, 0, 0, 0, 1361, 0, 0, 0, 0, 0, -151.5, 0, 0, 0, 0, 0, 0, 0, 0, -151.5, 0, 0, -165.5, 0, 0, -151.5, 0, 0, 0, 0, 0, 0, -151.5, 0, 0, 0, 0, 0, 248.49999999999886, 0, 0, -303.0, 0, 0, 0, 0, 0, 0, 0, 0, -151.5, 0, 0, 0, 0, -454.5, 0, -151.5, 0, 0, 0, 0, 0, 0, 0, 0, 0, 0, 0, 0, 0, -151.5, 0, 0, 0, 0, 0, 0, 0, 0, 0, -151.5, 434.4999999999894, 0, 0, -151.5, 0, 711.0000000000312, -151.5, 0, 0, 0, -151.5, 0, -151.5, -151.5, 0, 0, 0, 0, -151.5, 0, 0, 0, -303.0, 0, 0, 0, 0, 0, 0, 0, 0, 0, 0, 0, 0, 0, -151.5, -151.5, 0, 0, 0, 0, 0, 0, 0, 0, -26.50000000002638, 0, -151.5, 0, 0, 0, 0, 0, 0, 0, 0, 0, 0, 0, 0, 0, 0, 0, -151.5, 0, 0, 0, 0, 0, 334.50000000000045, 0, -151.5, 0, 0, 620.4999999999119, 0, 0, 0, 0, 0, -151.5, -303.0, 384.4999999999949, -303.0, 0, 0, 0, 0, 0, 0, -303.0, -151.5, 0, 0, 0, 846.9999999999591, 585.9999999999894, 0, 0, -151.5, 0, 0, 0, 0, 0, 0, 0, 0, 0, 0, 0, 0, -151.5, 0, 0, 0, 0, 0, 0, 0, 0, 0, 0, 0, -151.5, -151.5, 0, 0, -151.5, 0, -151.5, -151.5, 0, 0, 0, 0, 0, 0, 0, 0, 0, 0, 361.0000000000142, 0, 0, 0, 0, 0, 0, 0, 0, 0, 0, 0, 0, -14.0, 722.0000000000284, 0, 60.99999999999174, -303.0, 0, 0, 0, 0, 0, 0, 1209.5, -151.5, 0, 0, 0, 0, 0, -151.5, 0, 0, 0, 0, -151.5, 0, 0, 0, 0, 0, 973.50000000003, 0, 0, 0, 0, 0, -151.5, 0, -151.5, 0, 0, 0, 0, 0, -151.5, 0, -151.5, 0, 0, -151.5, 0, 0, 0, 710.9999999999757, 0, 0, 0, 0, -151.5, 485.9999999999449, 0, 0, 0, -151.5, 0, 0, 0, 0, 0, 0, 0, 0, 0, 0, 0, 0, 0, 0, 0, 0, 0, 0, 0, 0, -151.5, 0, 0, 0, -151.5, 0, 0, 0, -151.5, 0, 0, 0, 0, 0, 261.00000000002524, 0, 0, 1361, 0, 0, 0, 0, 0, 0, 0, 0, 0, 0, 0, 0, 0, 0, 0, 0, 0, 0, 0, -151.5, 0, 0, 0, 0, 0, 0, -151.5, 0, 0, 0, 0, -303.0, 0, 0, 0, -151.5, 236.00000000002797, 0, -303.0, 0, 0, 0, 0, 0, 0, 0, 0, 0, 0, 0, 0, 0, 0, 0, 0, 0, 0, 0, 0, 0, 0, 0, 0, 0, 109.50000000002524, -151.5, 0, 0, 0, 0, 0, 0, -151.5, 0, 0, 0, 0, 0, 0, 0, 0, 0, 0, -151.5, 0, 0, 0, 0, 0, -151.5, -151.5, 0, 1361, 0, -151.5, 0, 0, -151.5, 0, 0, 0, -151.5, 0, 0, 0, 0, -151.5, -151.5, 0, 0, 0, 0, 0, 0, 0, 0, 0, 0, -151.5, 0, 0, 0, 0, 0, -151.5, -151.5, 0, 0, 0, 0, 0, -151.5, 0, 0, 0, 0, -151.5, 0, 0, 0, 0, 0, 0, -151.5, 0, 0, 0, 0, 0, 0, -151.5, 0, 0, 0, 0, 0, 1209.5, 0, 0, 0, 0, 0, 0, 0, 0, 0, 0, 0, 0, -454.5, 0, 0, 0, 1361, 0, 0, 0, 0, 0, 0, 0, 0, -151.5, 0, -303.0, 0, 9.500000000036238, 0, 0, 0, 0, 0, 0, 0, 0, 0, -151.5, 0, -151.5, 0, 0, 0, 0, 1361, -151.5, 0, 0, 0, 0, 0, 0, 0, 0, 0, 0, 0, 1361, 0, 0, 0, 0, 0, 1209.5, 0, 0, 0, 0, -151.5, 0, 0, 0, 0, 0, 0, 1361, 0, 0, 0, -151.5, 0, 0, 0, 1361, 0, 0, 0, -151.5, 0, -151.5, 0, 0, 0, 0, 0, 0, 0, -303.0, 1058.0, 0, 0, 0, 0, 0, -151.5, 0, 0, -151.5, 0, 1209.5, 0, 0, 0, 0, 0, 0, 0, 0, 0, 0, 0, 1209.5, 0, 0, 0, 0, 0, 0, 0, 0, 0, 0, 0, -151.5, 0, 0, 0, 0, 0, 0, -151.5, 0, 0, 0, 0, -151.5, 0]
Sharpe Ratio: 0.057
Annualized Sharpe: 0.911
Sharpe 95% CI: (np.float64(-0.103), np.float64(1.705))
Daily Win Rate (%): 23.26
Max Drawdown: -3575.0
Profit Factor: 1.488
Expectancy: 12.206
Trades Per Month (Global): 18.916666666666668
Total Days: 887

Rolling 10 - Variant 3 - 10_11 - Test Metrics
Trade Returns: [-151.5, 1361, 1361, -151.5, -151.5, -151.5, -151.5, -151.5, -151.5, -151.5, -151.5, 461.0000000000032, -151.5, -151.5, -151.5, -151.5, -151.5, -151.5, -151.5, -151.5, -151.5, -151.5, 1361, -151.5, -151.5, -151.5, -151.5, -151.5, -151.5, -151.5, 173.5000000000071, -151.5, -151.5, -151.5, -151.5, 1361, -151.5, -151.5, 411.0000000000087, -151.5, -151.5, -151.5, 586.0000000000449, -151.5, -151.5, -151.5, -151.5, -151.5, -151.5, -151.5, -151.5, -151.5, -151.5, -151.5, -14.0, 1361, -151.5, -151.5, -151.5, -14.0, -151.5, -151.5, 248.49999999999886, -151.5, -151.5, -151.5, -151.5, -151.5, -151.5, -151.5, -151.5, -151.5, -151.5, 585.9999999999894, -151.5, 711.0000000000312, -151.5, -151.5, -151.5, -151.5, -151.5, -151.5, -151.5, -151.5, -151.5, -26.50000000002638, -151.5, -151.5, -151.5, 486.00000000000045, -151.5, 410.9999999999532, -151.5, 360.9999999999587, -151.5, -151.5, -151.5, -151.5, 535.9999999999949, -151.5, -151.5, -151.5, -151.5, -151.5, 785.9999999999674, 60.99999999999174, 585.9999999999894, -151.5, -151.5, -151.5, -151.5, -151.5, -151.5, -151.5, 361.0000000000142, -14.0, 510.9999999999977, 211.00000000003072, 60.99999999999174, -151.5, -151.5, 1361, -151.5, -151.5, -151.5, -151.5, 973.50000000003, -151.5, -151.5, -151.5, -151.5, -151.5, 710.9999999999757, -151.5, 485.9999999999449, -151.5, -151.5, -151.5, -151.5, 261.00000000002524, 1361, -151.5, -151.5, -151.5, -151.5, -151.5, 236.00000000002797, -151.5, -151.5, 261.00000000002524, -151.5, -151.5, -151.5, -151.5, -151.5, -151.5, 1361, -151.5, -151.5, -151.5, -151.5, -151.5, -151.5, -151.5, -151.5, -151.5, -151.5, -151.5, -151.5, 1361, -151.5, -151.5, -151.5, -151.5, 1361, -151.5, -151.5, -151.5, -151.5, 161.00000000003624, -151.5, -151.5, 1361, -151.5, 1361, 1361, -151.5, -151.5, 1361, -151.5, 1361, -151.5, -151.5, -151.5, -151.5, 1361, -151.5, -151.5, -151.5, -151.5, 1361, -151.5, 1361, -151.5, -151.5, -151.5, -151.5, -151.5, -151.5, -151.5, -151.5, -151.5, -151.5, 573.5000000000185, -151.5, -151.5, -151.5, -151.5, 860.9999999999592, -151.5, -151.5, 285.999999999967, -151.5, 798.4999999999937, 411.0000000000087, -151.5, 1361]
Daily Returns: [0, 0, 0, 0, 0, -151.5, 0, -151.5, -151.5, 0, 0, -151.5, 0, 0, -151.5, 0, -151.5, 0, 0, 0, 573.5000000000185, 0, 0, -151.5, 0, 0, -151.5, 0, 0, 0, 0, -151.5, -151.5, 0, 860.9999999999592, 0, 0, 0, 0, 0, 0, 0, -151.5, 0, 0, 0, 0, -151.5, 0, 0, 134.49999999996697, 0, 0, 0, 0, 0, 0, 0, 0, 0, 798.4999999999937, 0, 0, 0, 0, 0, 0, 0, 0, 0, 0, 411.0000000000087, -151.5, 1361, 0, 0, 0, 0, 0, 0]
Sharpe Ratio: 0.121
Annualized Sharpe: 1.917
Sharpe 95% CI: (np.float64(-2.254), np.float64(4.178))
Daily Win Rate (%): 31.58
Max Drawdown: -941.5
Profit Factor: 2.102
Expectancy: 27.125
Trades Per Month (Global): 18.916666666666668
Total Days: 80



Rolling 10 - Variant 4 - 10_5 - Fit Metrics
Trade Returns: [-151.5, 611, 611, -151.5, -151.5, -151.5, 611, -151.5, -151.5, -151.5, -151.5, 611, 611, -151.5, -151.5, -151.5, -151.5, -151.5, -151.5, -151.5, -151.5, -151.5, 611, -151.5, -151.5, 611, -151.5, -151.5, -151.5, -151.5, 173.5000000000071, 611, -151.5, -151.5, -151.5, 611, -151.5, -151.5, 411.0000000000087, -151.5, -151.5, -151.5, 611, -151.5, -151.5, -151.5, -151.5, -151.5, -151.5, -151.5, -151.5, -151.5, -151.5, -151.5, -14.0, 611, -151.5, -151.5, -151.5, -14.0, -151.5, -151.5, 248.49999999999886, -151.5, -151.5, -151.5, -151.5, -151.5, -151.5, -151.5, -151.5, -151.5, -151.5, 611, -151.5, 611, -151.5, -151.5, -151.5, -151.5, -151.5, -151.5, -151.5, 611, -151.5, -26.50000000002638, -151.5, -151.5, -151.5, 611, -151.5, 611, -151.5, 611, 611, -151.5, -151.5, -151.5, 611, -151.5, -151.5, -151.5, -151.5, -151.5, 611, 60.99999999999174, 611, -151.5, -151.5, -151.5, -151.5, -151.5, -151.5, -151.5, 361.0000000000142, -14.0, 611, 211.00000000003072, 60.99999999999174, -151.5, -151.5, 611, -151.5, -151.5, -151.5, -151.5, 611, -151.5, -151.5, -151.5, -151.5, -151.5, 611, -151.5, 611, -151.5, -151.5, -151.5, -151.5, 261.00000000002524, 611, -151.5, -151.5, -151.5, -151.5, -151.5, 236.00000000002797, -151.5, -151.5, 261.00000000002524, -151.5, 611, -151.5, -151.5, -151.5, -151.5, 611, -151.5, -151.5, -151.5, -151.5, -151.5, -151.5, 611, -151.5, -151.5, -151.5, -151.5, -151.5, 611, -151.5, -151.5, -151.5, -151.5, 611, -151.5, -151.5, -151.5, 611, 161.00000000003624, 611, -151.5, 611, -151.5, 611, 611, -151.5, -151.5, 611, -151.5, 611, 611, 611, -151.5, -151.5, 611, -151.5, -151.5, -151.5, 611, 611, -151.5, 611, -151.5, -151.5, -151.5, -151.5, -151.5, -151.5, -151.5, -151.5, -151.5, -151.5, 611, -151.5, -151.5, -151.5, -151.5, 611, -151.5, -151.5, 611, -151.5, 611, 611, -151.5, 611]
Daily Returns: [-151.5, 0, 0, 0, 0, 0, 611, 0, 0, 0, 0, 0, 0, 459.5, 0, 0, 0, 0, 0, -151.5, 0, 0, 0, 0, -151.5, 0, 0, 0, 0, 0, 0, 0, 0, 0, 0, 0, 0, 0, 0, 0, 0, 611, 0, 0, 0, 0, 0, -151.5, 0, 0, 0, 0, 0, -151.5, -151.5, 0, 0, 0, 0, 0, 0, 0, 0, 0, 0, 0, 0, -151.5, 0, 0, 611, 0, 611, 0, 0, 0, -151.5, 0, 0, 0, 0, -151.5, 0, 0, 0, 0, 0, 0, 0, -151.5, 0, -151.5, 0, -151.5, 0, 0, 0, -151.5, 0, 0, 0, 0, 0, -151.5, 0, -151.5, 0, 0, 0, 0, 0, 0, -151.5, 0, 611, -151.5, 0, 0, 0, 0, 0, 0, 0, 0, 0, -151.5, 611, 0, 0, -151.5, -151.5, 0, 0, -151.5, 0, -151.5, 0, 0, 0, 0, 0, 173.5000000000071, 0, 0, 0, 0, 611, 0, 0, 0, 0, 0, 0, -303.0, 0, 0, 0, -151.5, 0, 611, 0, -151.5, 0, 0, 0, -151.5, 0, 0, 0, 411.0000000000087, 0, -151.5, 0, 0, 0, -151.5, 0, 0, 0, -151.5, 611, 0, 0, -303.0, 0, 0, 0, 0, 0, 0, 0, 0, -151.5, 0, 0, 0, 0, 0, 0, 0, 0, 0, 0, -151.5, 0, -151.5, 0, 0, 0, 0, -151.5, 0, 0, 0, 0, 0, 0, 0, 0, 0, 0, 0, 0, -151.5, 0, 0, 0, -151.5, 0, 0, 0, 0, -151.5, 0, 0, -303.0, 0, -14.0, 0, 0, 0, 0, 0, 0, 0, 0, 611, 0, 0, 0, 0, 0, -151.5, 0, 0, 0, 0, 0, 0, 0, 0, -151.5, 0, 0, -165.5, 0, 0, -151.5, 0, 0, 0, 0, 0, 0, -151.5, 0, 0, 0, 0, 0, 248.49999999999886, 0, 0, -303.0, 0, 0, 0, 0, 0, 0, 0, 0, -151.5, 0, 0, 0, 0, -454.5, 0, -151.5, 0, 0, 0, 0, 0, 0, 0, 0, 0, 0, 0, 0, 0, -151.5, 0, 0, 0, 0, 0, 0, 0, 0, 0, -151.5, 459.5, 0, 0, -151.5, 0, 611, -151.5, 0, 0, 0, -151.5, 0, -151.5, -151.5, 0, 0, 0, 0, -151.5, 0, 0, 0, -303.0, 0, 0, 0, 0, 0, 0, 0, 0, 0, 0, 0, 0, 0, 611, -151.5, 0, 0, 0, 0, 0, 0, 0, 0, -26.50000000002638, 0, -151.5, 0, 0, 0, 0, 0, 0, 0, 0, 0, 0, 0, 0, 0, 0, 0, -151.5, 0, 0, 0, 0, 0, 459.5, 0, -151.5, 0, 0, 1070.5, 0, 0, 0, 0, 0, 611, -303.0, 459.5, -303.0, 0, 0, 0, 0, 0, 0, -303.0, -151.5, 0, 0, 0, 671.9999999999917, 611, 0, 0, -151.5, 0, 0, 0, 0, 0, 0, 0, 0, 0, 0, 0, 0, -151.5, 0, 0, 0, 0, 0, 0, 0, 0, 0, 0, 0, -151.5, -151.5, 0, 0, -151.5, 0, -151.5, -151.5, 0, 0, 0, 0, 0, 0, 0, 0, 0, 0, 361.0000000000142, 0, 0, 0, 0, 0, 0, 0, 0, 0, 0, 0, 0, -14.0, 822.0000000000307, 0, 60.99999999999174, -303.0, 0, 0, 0, 0, 0, 0, 459.5, -151.5, 0, 0, 0, 0, 0, -151.5, 0, 0, 0, 0, -151.5, 0, 0, 0, 0, 0, 611, 0, 0, 0, 0, 0, -151.5, 0, -151.5, 0, 0, 0, 0, 0, -151.5, 0, -151.5, 0, 0, -151.5, 0, 0, 0, 611, 0, 0, 0, 0, -151.5, 611, 0, 0, 0, -151.5, 0, 0, 0, 0, 0, 0, 0, 0, 0, 0, 0, 0, 0, 0, 0, 0, 0, 0, 0, 0, -151.5, 0, 0, 0, -151.5, 0, 0, 0, -151.5, 0, 0, 0, 0, 0, 261.00000000002524, 0, 0, 611, 0, 0, 0, 0, 0, 0, 0, 0, 0, 0, 0, 0, 0, 0, 0, 0, 0, 0, 0, -151.5, 0, 0, 0, 0, 0, 0, -151.5, 0, 0, 0, 0, -303.0, 0, 0, 0, -151.5, 236.00000000002797, 0, -303.0, 0, 0, 0, 0, 0, 0, 0, 0, 0, 0, 0, 0, 0, 0, 0, 0, 0, 0, 0, 0, 0, 0, 0, 0, 0, 109.50000000002524, 611, 0, 0, 0, 0, 0, 0, -151.5, 0, 0, 0, 0, 0, 0, 0, 0, 0, 0, -151.5, 0, 0, 0, 0, 0, -151.5, -151.5, 0, 611, 0, -151.5, 0, 0, -151.5, 0, 0, 0, -151.5, 0, 0, 0, 0, -151.5, -151.5, 0, 0, 0, 0, 0, 0, 0, 0, 0, 0, -151.5, 0, 0, 0, 0, 0, 611, -151.5, 0, 0, 0, 0, 0, -151.5, 0, 0, 0, 0, -151.5, 0, 0, 0, 0, 0, 0, -151.5, 0, 0, 0, 0, 0, 0, -151.5, 0, 0, 0, 0, 0, 459.5, 0, 0, 0, 0, 0, 0, 0, 0, 0, 0, 0, 0, -454.5, 0, 0, 0, 611, 0, 0, 0, 0, 0, 0, 0, 0, -151.5, 0, -303.0, 0, 772.0000000000363, 0, 0, 0, 0, 0, 0, 0, 0, 0, 611, 0, -151.5, 0, 0, 0, 0, 611, -151.5, 0, 0, 0, 0, 0, 0, 0, 0, 0, 0, 0, 611, 0, 0, 0, 0, 0, 459.5, 0, 0, 0, 0, -151.5, 0, 0, 0, 0, 0, 0, 611, 0, 0, 0, -151.5, 0, 0, 0, 611, 0, 0, 0, 611, 0, 611, 0, 0, 0, 0, 0, 0, 0, -303.0, 308.0, 0, 0, 0, 0, 0, -151.5, 0, 0, 611, 0, 459.5, 0, 0, 0, 0, 0, 0, 0, 0, 0, 0, 0, 459.5, 0, 0, 0, 0, 0, 0, 0, 0, 0, 0, 0, -151.5, 0, 0, 0, 0, 0, 0, -151.5, 0, 0, 0, 0, -151.5, 0]
Sharpe Ratio: 0.056
Annualized Sharpe: 0.895
Sharpe 95% CI: (np.float64(-0.089), np.float64(1.782))
Daily Win Rate (%): 30.23
Max Drawdown: -3097.5
Profit Factor: 1.373
Expectancy: 8.57
Trades Per Month (Global): 18.916666666666668
Total Days: 887

Rolling 10 - Variant 4 - 10_5 - Test Metrics
Trade Returns: [-151.5, 611, 611, -151.5, -151.5, -151.5, 611, -151.5, -151.5, -151.5, -151.5, 611, 611, -151.5, -151.5, -151.5, -151.5, -151.5, -151.5, -151.5, -151.5, -151.5, 611, -151.5, -151.5, 611, -151.5, -151.5, -151.5, -151.5, 173.5000000000071, 611, -151.5, -151.5, -151.5, 611, -151.5, -151.5, 411.0000000000087, -151.5, -151.5, -151.5, 611, -151.5, -151.5, -151.5, -151.5, -151.5, -151.5, -151.5, -151.5, -151.5, -151.5, -151.5, -14.0, 611, -151.5, -151.5, -151.5, -14.0, -151.5, -151.5, 248.49999999999886, -151.5, -151.5, -151.5, -151.5, -151.5, -151.5, -151.5, -151.5, -151.5, -151.5, 611, -151.5, 611, -151.5, -151.5, -151.5, -151.5, -151.5, -151.5, -151.5, 611, -151.5, -26.50000000002638, -151.5, -151.5, -151.5, 611, -151.5, 611, -151.5, 611, 611, -151.5, -151.5, -151.5, 611, -151.5, -151.5, -151.5, -151.5, -151.5, 611, 60.99999999999174, 611, -151.5, -151.5, -151.5, -151.5, -151.5, -151.5, -151.5, 361.0000000000142, -14.0, 611, 211.00000000003072, 60.99999999999174, -151.5, -151.5, 611, -151.5, -151.5, -151.5, -151.5, 611, -151.5, -151.5, -151.5, -151.5, -151.5, 611, -151.5, 611, -151.5, -151.5, -151.5, -151.5, 261.00000000002524, 611, -151.5, -151.5, -151.5, -151.5, -151.5, 236.00000000002797, -151.5, -151.5, 261.00000000002524, -151.5, 611, -151.5, -151.5, -151.5, -151.5, 611, -151.5, -151.5, -151.5, -151.5, -151.5, -151.5, 611, -151.5, -151.5, -151.5, -151.5, -151.5, 611, -151.5, -151.5, -151.5, -151.5, 611, -151.5, -151.5, -151.5, 611, 161.00000000003624, 611, -151.5, 611, -151.5, 611, 611, -151.5, -151.5, 611, -151.5, 611, 611, 611, -151.5, -151.5, 611, -151.5, -151.5, -151.5, 611, 611, -151.5, 611, -151.5, -151.5, -151.5, -151.5, -151.5, -151.5, -151.5, -151.5, -151.5, -151.5, 611, -151.5, -151.5, -151.5, -151.5, 611, -151.5, -151.5, 611, -151.5, 611, 611, -151.5, 611]
Daily Returns: [0, 0, 0, 0, 0, -151.5, 0, -151.5, -151.5, 0, 0, -151.5, 0, 0, -151.5, 0, -151.5, 0, 0, 0, 611, 0, 0, -151.5, 0, 0, -151.5, 0, 0, 0, 0, -151.5, -151.5, 0, 611, 0, 0, 0, 0, 0, 0, 0, -151.5, 0, 0, 0, 0, -151.5, 0, 0, 459.5, 0, 0, 0, 0, 0, 0, 0, 0, 0, 611, 0, 0, 0, 0, 0, 0, 0, 0, 0, 0, 611, -151.5, 611, 0, 0, 0, 0, 0, 0]
Sharpe Ratio: 0.112
Annualized Sharpe: 1.779
Sharpe 95% CI: (np.float64(-2.262), np.float64(4.377))
Daily Win Rate (%): 31.58
Max Drawdown: -909.0
Profit Factor: 1.784
Expectancy: 19.312
Trades Per Month (Global): 18.916666666666668
Total Days: 80


