Rolling 0 - Variant 0 - 10_10 - Fit Metrics
Returns: [-151.5, -151.5, 0, 273.4999999999961, -215.4999999999945, 0, 0, 0, 0, 0, 0, -151.5, 0, 0, 0, 0, 0, 0, 0, 0, 0, 0, -151.5, 0, 0, 0, 0, 0, 0, 0, 0, 1236, 0, -151.5, 0, 0, -151.5, 0, 0, 0, -151.5, 0, 0, 0, 0, -151.5, 1084.5, 0]
Sharpe Ratio: 0.097
Annualized Sharpe: 1.532
Sharpe 95% CI: (np.float64(-7.912), np.float64(4.387))
Daily Win Rate (%): 25.0
Max Drawdown: -606.0
Profit Factor: 1.817
Expectancy: 24.302
Total Trades: 48

Rolling 0 - Variant 0 - 10_10 - Test Metrics
Returns: [0, 0, 0, 0, 0, 0, 0, 0, 0, -151.5, 0, 0, 0, 0, 0, -151.5, 0, -151.5, 0, 0, 0, 0, -151.5, 0, 0, 0, 0, -303.0, 0, 0, 0, 0, 0, 0, -151.5, 0, 0, 0, 0, -151.5, 0, -151.5, 0, 0, 0, 0, 0, 1084.5, 0, 0, 0, 0, 0, 1236, 0, 0, 0, 0, 0, 0, -303.0, 0, 0, 0, 1236, 0, 0, -151.5, 0, 0, 0, 0, 0, -151.5, 0, -303.0, 0, -15.499999999961005, 0, 0, 0, 0, 0, 0, 0, 0, 0, -151.5, -151.5, 0, 0, 0, 0, 0, 1236, -151.5, 0, 0, 0, 0, 0, 0, 0, 0, 0, 0, 0, -151.5, 0, 0, 0, 0, 0, -151.5, 0, 0, 0, 0, -151.5, 0, 0, 0, 0, 0, 0, 0, 0, 0, 0, -151.5, 0, 0, 0, 1236, 0, -151.5, 0, -151.5, 0, 0, 0, 0, 0, 0, 0, 0, 0, -454.5, -454.5, 0, 0, 0, 0, 0, -151.5, 0, 0, -151.5, 0, -303.0, 0, 0, 0, 0, 0, 0, 0, 0, 0, 0, 0, -303.0, 0, 0, 0, 0, 0, 0, 0, 0, 0, 0, 0, -151.5, 0, 0, 0, 0, 0, 0, -151.5, 0, 0, 0, 0, 0, -151.5, 0, 0, 0, 0, 0, 0, 0, 0, 672.0000000000339, 0, 0, 0, 0, -151.5, -303.0, 0, -151.5, 0, 0, 0, 461.0000000000032, 0, 0, 434.4999999999894, 0, 0, 0, 0, -26.50000000002638, 0, 0, 1084.5, -151.5, 0, 1008.000000000008, 0, 0, 0, 0, 0, 0, 0, -151.5, -151.5, 0, 0, 0, -151.5, 0, 0, 109.4999999999697, 0, 0, 0, 0, 0, 0, 0, 0, 0, 835.9999999999619, 0, 0, 0, 0, 0, 0]
Sharpe Ratio: 0.06
Annualized Sharpe: 0.953
Sharpe 95% CI: (np.float64(-1.1), np.float64(2.419))
Daily Win Rate (%): 23.53
Max Drawdown: -2575.5
Profit Factor: 1.485
Expectancy: 13.15
Total Trades: 264



Rolling 0 - Variant 1 - 10_12 - Fit Metrics
Returns: [-151.5, -151.5, 0, 273.4999999999961, -215.4999999999945, 0, 0, 0, 0, 0, 0, -151.5, 0, 0, 0, 0, 0, 0, 0, 0, 0, 0, -151.5, 0, 0, 0, 0, 0, 0, 0, 0, 1486, 0, -151.5, 0, 0, -151.5, 0, 0, 0, -151.5, 0, 0, 0, 0, -151.5, 909.5000000000482, 0]
Sharpe Ratio: 0.097
Annualized Sharpe: 1.548
Sharpe 95% CI: (np.float64(-7.912), np.float64(4.342))
Daily Win Rate (%): 25.0
Max Drawdown: -606.0
Profit Factor: 1.87
Expectancy: 25.865
Total Trades: 48

Rolling 0 - Variant 1 - 10_12 - Test Metrics
Returns: [0, 0, 0, 0, 0, 0, 0, 0, 0, -151.5, 0, 0, 0, 0, 0, -151.5, 0, -151.5, 0, 0, 0, 0, -151.5, 0, 0, 0, 0, -303.0, 0, 0, 0, 0, 0, 0, -151.5, 0, 0, 0, 0, -151.5, 0, -151.5, 0, 0, 0, 0, 0, 1334.5, 0, 0, 0, 0, 0, 860.9999999999592, 0, 0, 0, 0, 0, 0, -303.0, 0, 0, 0, 1486, 0, 0, -151.5, 0, 0, 0, 0, 0, -151.5, 0, -303.0, 0, -15.499999999961005, 0, 0, 0, 0, 0, 0, 0, 0, 0, -151.5, -151.5, 0, 0, 0, 0, 0, 1486, -151.5, 0, 0, 0, 0, 0, 0, 0, 0, 0, 0, 0, -151.5, 0, 0, 0, 0, 0, -151.5, 0, 0, 0, 0, -151.5, 0, 0, 0, 0, 0, 0, 0, 0, 0, 0, -151.5, 0, 0, 0, 1486, 0, -151.5, 0, -151.5, 0, 0, 0, 0, 0, 0, 0, 0, 0, -454.5, -454.5, 0, 0, 0, 0, 0, -151.5, 0, 0, -151.5, 0, -303.0, 0, 0, 0, 0, 0, 0, 0, 0, 0, 0, 0, -303.0, 0, 0, 0, 0, 0, 0, 0, 0, 0, 0, 0, -151.5, 0, 0, 0, 0, 0, 0, -151.5, 0, 0, 0, 0, 0, -151.5, 0, 0, 0, 0, 0, 0, 0, 0, 672.0000000000339, 0, 0, 0, 0, -151.5, -303.0, 0, -151.5, 0, 0, 0, 461.0000000000032, 0, 0, 434.4999999999894, 0, 0, 0, 0, -26.50000000002638, 0, 0, 1334.5, -151.5, 0, 1008.000000000008, 0, 0, 0, 0, 0, 0, 0, -151.5, -151.5, 0, 0, 0, -151.5, 0, 0, 109.4999999999697, 0, 0, 0, 0, 0, 0, 0, 0, 0, 835.9999999999619, 0, 0, 0, 0, 0, 0]
Sharpe Ratio: 0.069
Annualized Sharpe: 1.092
Sharpe 95% CI: (np.float64(-0.947), np.float64(2.491))
Daily Win Rate (%): 23.53
Max Drawdown: -2575.5
Profit Factor: 1.607
Expectancy: 16.464
Total Trades: 264



Rolling 0 - Variant 2 - 10_11 - Fit Metrics
Returns: [-151.5, -151.5, 0, 273.4999999999961, -215.4999999999945, 0, 0, 0, 0, 0, 0, -151.5, 0, 0, 0, 0, 0, 0, 0, 0, 0, 0, -151.5, 0, 0, 0, 0, 0, 0, 0, 0, 1361, 0, -151.5, 0, 0, -151.5, 0, 0, 0, -151.5, 0, 0, 0, 0, -151.5, 909.5000000000482, 0]
Sharpe Ratio: 0.093
Annualized Sharpe: 1.472
Sharpe 95% CI: (np.float64(-7.912), np.float64(4.311))
Daily Win Rate (%): 25.0
Max Drawdown: -606.0
Profit Factor: 1.782
Expectancy: 23.26
Total Trades: 48

Rolling 0 - Variant 2 - 10_11 - Test Metrics
Returns: [0, 0, 0, 0, 0, 0, 0, 0, 0, -151.5, 0, 0, 0, 0, 0, -151.5, 0, -151.5, 0, 0, 0, 0, -151.5, 0, 0, 0, 0, -303.0, 0, 0, 0, 0, 0, 0, -151.5, 0, 0, 0, 0, -151.5, 0, -151.5, 0, 0, 0, 0, 0, 1209.5, 0, 0, 0, 0, 0, 1361, 0, 0, 0, 0, 0, 0, -303.0, 0, 0, 0, 1361, 0, 0, -151.5, 0, 0, 0, 0, 0, -151.5, 0, -303.0, 0, -15.499999999961005, 0, 0, 0, 0, 0, 0, 0, 0, 0, -151.5, -151.5, 0, 0, 0, 0, 0, 1361, -151.5, 0, 0, 0, 0, 0, 0, 0, 0, 0, 0, 0, -151.5, 0, 0, 0, 0, 0, -151.5, 0, 0, 0, 0, -151.5, 0, 0, 0, 0, 0, 0, 0, 0, 0, 0, -151.5, 0, 0, 0, 1361, 0, -151.5, 0, -151.5, 0, 0, 0, 0, 0, 0, 0, 0, 0, -454.5, -454.5, 0, 0, 0, 0, 0, -151.5, 0, 0, -151.5, 0, -303.0, 0, 0, 0, 0, 0, 0, 0, 0, 0, 0, 0, -303.0, 0, 0, 0, 0, 0, 0, 0, 0, 0, 0, 0, -151.5, 0, 0, 0, 0, 0, 0, -151.5, 0, 0, 0, 0, 0, -151.5, 0, 0, 0, 0, 0, 0, 0, 0, 672.0000000000339, 0, 0, 0, 0, -151.5, -303.0, 0, -151.5, 0, 0, 0, 461.0000000000032, 0, 0, 434.4999999999894, 0, 0, 0, 0, -26.50000000002638, 0, 0, 1209.5, -151.5, 0, 1008.000000000008, 0, 0, 0, 0, 0, 0, 0, -151.5, -151.5, 0, 0, 0, -151.5, 0, 0, 109.4999999999697, 0, 0, 0, 0, 0, 0, 0, 0, 0, 835.9999999999619, 0, 0, 0, 0, 0, 0]
Sharpe Ratio: 0.068
Annualized Sharpe: 1.082
Sharpe 95% CI: (np.float64(-0.969), np.float64(2.501))
Daily Win Rate (%): 23.53
Max Drawdown: -2575.5
Profit Factor: 1.589
Expectancy: 15.991
Total Trades: 264



Rolling 0 - Variant 3 - 10_9 - Fit Metrics
Returns: [-151.5, -151.5, 0, 273.4999999999961, -215.4999999999945, 0, 0, 0, 0, 0, 0, -151.5, 0, 0, 0, 0, 0, 0, 0, 0, 0, 0, -151.5, 0, 0, 0, 0, 0, 0, 0, 0, 1111, 0, -151.5, 0, 0, -151.5, 0, 0, 0, -151.5, 0, 0, 0, 0, -151.5, 959.5, 0]
Sharpe Ratio: 0.084
Annualized Sharpe: 1.33
Sharpe 95% CI: (np.float64(-7.912), np.float64(4.261))
Daily Win Rate (%): 25.0
Max Drawdown: -606.0
Profit Factor: 1.642
Expectancy: 19.094
Total Trades: 48

Rolling 0 - Variant 3 - 10_9 - Test Metrics
Returns: [0, 0, 0, 0, 0, 0, 0, 0, 0, -151.5, 0, 0, 0, 0, 0, -151.5, 0, -151.5, 0, 0, 0, 0, -151.5, 0, 0, 0, 0, -303.0, 0, 0, 0, 0, 0, 0, -151.5, 0, 0, 0, 0, -151.5, 0, -151.5, 0, 0, 0, 0, 0, 959.5, 0, 0, 0, 0, 0, 1111, 0, 0, 0, 0, 0, 0, -303.0, 0, 0, 0, 1111, 0, 0, -151.5, 0, 0, 0, 0, 0, -151.5, 0, -303.0, 0, -15.499999999961005, 0, 0, 0, 0, 0, 0, 0, 0, 0, -151.5, -151.5, 0, 0, 0, 0, 0, 1111, -151.5, 0, 0, 0, 0, 0, 0, 0, 0, 0, 0, 0, -151.5, 0, 0, 0, 0, 0, -151.5, 0, 0, 0, 0, 1111, 0, 0, 0, 0, 0, 0, 0, 0, 0, 0, -151.5, 0, 0, 0, 1111, 0, -151.5, 0, -151.5, 0, 0, 0, 0, 0, 0, 0, 0, 0, -454.5, -454.5, 0, 0, 0, 0, 0, -151.5, 0, 0, -151.5, 0, -303.0, 0, 0, 0, 0, 0, 0, 0, 0, 0, 0, 0, -303.0, 0, 0, 0, 0, 0, 0, 0, 0, 0, 0, 0, -151.5, 0, 0, 0, 0, 0, 0, -151.5, 0, 0, 0, 0, 0, -151.5, 0, 0, 0, 0, 0, 0, 0, 0, 672.0000000000339, 0, 0, 0, 0, -151.5, -303.0, 0, -151.5, 0, 0, 0, 461.0000000000032, 0, 0, 434.4999999999894, 0, 0, 0, 0, -26.50000000002638, 0, 0, 959.5, -151.5, 0, 1258.0000000000489, 0, 0, 0, 0, 0, 0, 0, -151.5, -151.5, 0, 0, 0, -151.5, 0, 0, 109.4999999999697, 0, 0, 0, 0, 0, 0, 0, 0, 0, 835.9999999999619, 0, 0, 0, 0, 0, 0]
Sharpe Ratio: 0.073
Annualized Sharpe: 1.159
Sharpe 95% CI: (np.float64(-0.832), np.float64(2.616))
Daily Win Rate (%): 25.49
Max Drawdown: -2575.5
Profit Factor: 1.604
Expectancy: 16.038
Total Trades: 264



Rolling 0 - Variant 4 - 10_3 - Fit Metrics
Returns: [361, -151.5, 0, 273.4999999999961, -215.4999999999945, 0, 0, 0, 0, 0, 0, -151.5, 0, 0, 0, 0, 0, 0, 0, 0, 0, 0, -151.5, 0, 0, 0, 0, 0, 0, 0, 0, 361, 0, -151.5, 0, 0, -151.5, 0, 0, 0, -151.5, 0, 0, 0, 0, 361, 209.5, 0]
Sharpe Ratio: 0.076
Annualized Sharpe: 1.205
Sharpe 95% CI: (np.float64(-4.167), np.float64(5.062))
Daily Win Rate (%): 41.67
Max Drawdown: -612.0
Profit Factor: 1.393
Expectancy: 9.198
Total Trades: 48

Rolling 0 - Variant 4 - 10_3 - Test Metrics
Returns: [0, 0, 0, 0, 0, 0, 0, 0, 0, -151.5, 0, 0, 0, 0, 0, 361, 0, -151.5, 0, 0, 0, 0, -151.5, 0, 0, 0, 0, -303.0, 0, 0, 0, 0, 0, 0, -151.5, 0, 0, 0, 0, -151.5, 0, 361, 0, 0, 0, 0, 0, 209.5, 0, 0, 0, 0, 0, 361, 0, 0, 0, 0, 0, 0, -303.0, 0, 0, 0, 361, 0, 0, -151.5, 0, 0, 0, 0, 0, -151.5, 0, -303.0, 0, 497.000000000039, 0, 0, 0, 0, 0, 0, 0, 0, 0, 361, -151.5, 0, 0, 0, 0, 0, 361, -151.5, 0, 0, 0, 0, 0, 0, 0, 0, 0, 0, 0, -151.5, 0, 0, 0, 0, 0, 361, 0, 0, 0, 0, 361, 0, 0, 0, 0, 0, 0, 0, 0, 0, 0, 361, 0, 0, 0, 361, 0, -151.5, 0, -151.5, 0, 0, 0, 0, 0, 0, 0, 0, 0, -454.5, -454.5, 0, 0, 0, 0, 0, -151.5, 0, 0, -151.5, 0, -303.0, 0, 0, 0, 0, 0, 0, 0, 0, 0, 0, 0, 209.5, 0, 0, 0, 0, 0, 0, 0, 0, 0, 0, 0, -151.5, 0, 0, 0, 0, 0, 0, -151.5, 0, 0, 0, 0, 0, -151.5, 0, 0, 0, 0, 0, 0, 0, 0, 722, 0, 0, 0, 0, -151.5, -303.0, 0, -151.5, 0, 0, 0, 361, 0, 0, 209.5, 0, 0, 0, 0, -26.50000000002638, 0, 0, 209.5, -151.5, 0, 570.5, 0, 0, 0, 0, 0, 0, 0, -151.5, -151.5, 0, 0, 0, -151.5, 0, 0, 209.5, 0, 0, 0, 0, 0, 0, 0, 0, 0, 361, 0, 0, 0, 0, 0, 0]
Sharpe Ratio: 0.037
Annualized Sharpe: 0.582
Sharpe 95% CI: (np.float64(-1.402), np.float64(2.333))
Daily Win Rate (%): 39.22
Max Drawdown: -2063.0
Profit Factor: 1.208
Expectancy: 4.674
Total Trades: 264



Rolling 0 - Variant 5 - 10_8 - Fit Metrics
Returns: [-151.5, -151.5, 0, 273.4999999999961, -215.4999999999945, 0, 0, 0, 0, 0, 0, -151.5, 0, 0, 0, 0, 0, 0, 0, 0, 0, 0, -151.5, 0, 0, 0, 0, 0, 0, 0, 0, 986, 0, -151.5, 0, 0, -151.5, 0, 0, 0, -151.5, 0, 0, 0, 0, -151.5, 834.5, 0]
Sharpe Ratio: 0.068
Annualized Sharpe: 1.078
Sharpe 95% CI: (np.float64(-7.912), np.float64(4.136))
Daily Win Rate (%): 25.0
Max Drawdown: -606.0
Profit Factor: 1.467
Expectancy: 13.885
Total Trades: 48

Rolling 0 - Variant 5 - 10_8 - Test Metrics
Returns: [0, 0, 0, 0, 0, 0, 0, 0, 0, -151.5, 0, 0, 0, 0, 0, -151.5, 0, -151.5, 0, 0, 0, 0, -151.5, 0, 0, 0, 0, -303.0, 0, 0, 0, 0, 0, 0, -151.5, 0, 0, 0, 0, -151.5, 0, -151.5, 0, 0, 0, 0, 0, 834.5, 0, 0, 0, 0, 0, 986, 0, 0, 0, 0, 0, 0, -303.0, 0, 0, 0, 986, 0, 0, -151.5, 0, 0, 0, 0, 0, -151.5, 0, -303.0, 0, 1122.000000000039, 0, 0, 0, 0, 0, 0, 0, 0, 0, -151.5, -151.5, 0, 0, 0, 0, 0, 986, -151.5, 0, 0, 0, 0, 0, 0, 0, 0, 0, 0, 0, -151.5, 0, 0, 0, 0, 0, 986, 0, 0, 0, 0, 986, 0, 0, 0, 0, 0, 0, 0, 0, 0, 0, -151.5, 0, 0, 0, 986, 0, -151.5, 0, -151.5, 0, 0, 0, 0, 0, 0, 0, 0, 0, -454.5, -454.5, 0, 0, 0, 0, 0, -151.5, 0, 0, -151.5, 0, -303.0, 0, 0, 0, 0, 0, 0, 0, 0, 0, 0, 0, -303.0, 0, 0, 0, 0, 0, 0, 0, 0, 0, 0, 0, -151.5, 0, 0, 0, 0, 0, 0, -151.5, 0, 0, 0, 0, 0, -151.5, 0, 0, 0, 0, 0, 0, 0, 0, 672.0000000000339, 0, 0, 0, 0, -151.5, -303.0, 0, -151.5, 0, 0, 0, 461.0000000000032, 0, 0, 434.4999999999894, 0, 0, 0, 0, -26.50000000002638, 0, 0, 834.5, -151.5, 0, 1133.0000000000489, 0, 0, 0, 0, 0, 0, 0, -151.5, -151.5, 0, 0, 0, -151.5, 0, 0, 109.4999999999697, 0, 0, 0, 0, 0, 0, 0, 0, 0, 835.9999999999619, 0, 0, 0, 0, 0, 0]
Sharpe Ratio: 0.095
Annualized Sharpe: 1.501
Sharpe 95% CI: (np.float64(-0.392), np.float64(2.968))
Daily Win Rate (%): 29.41
Max Drawdown: -2575.5
Profit Factor: 1.805
Expectancy: 20.867
Total Trades: 264



Rolling 0 - Variant 6 - 10_7 - Fit Metrics
Returns: [-151.5, -151.5, 0, 273.4999999999961, -215.4999999999945, 0, 0, 0, 0, 0, 0, -151.5, 0, 0, 0, 0, 0, 0, 0, 0, 0, 0, -151.5, 0, 0, 0, 0, 0, 0, 0, 0, 861, 0, -151.5, 0, 0, -151.5, 0, 0, 0, -151.5, 0, 0, 0, 0, -151.5, 709.5, 0]
Sharpe Ratio: 0.048
Annualized Sharpe: 0.759
Sharpe 95% CI: (np.float64(-7.912), np.float64(3.943))
Daily Win Rate (%): 25.0
Max Drawdown: -606.0
Profit Factor: 1.292
Expectancy: 8.677
Total Trades: 48

Rolling 0 - Variant 6 - 10_7 - Test Metrics
Returns: [0, 0, 0, 0, 0, 0, 0, 0, 0, -151.5, 0, 0, 0, 0, 0, 861, 0, -151.5, 0, 0, 0, 0, -151.5, 0, 0, 0, 0, -303.0, 0, 0, 0, 0, 0, 0, -151.5, 0, 0, 0, 0, -151.5, 0, -151.5, 0, 0, 0, 0, 0, 709.5, 0, 0, 0, 0, 0, 861, 0, 0, 0, 0, 0, 0, -303.0, 0, 0, 0, 861, 0, 0, -151.5, 0, 0, 0, 0, 0, -151.5, 0, -303.0, 0, 997.000000000039, 0, 0, 0, 0, 0, 0, 0, 0, 0, -151.5, -151.5, 0, 0, 0, 0, 0, 861, -151.5, 0, 0, 0, 0, 0, 0, 0, 0, 0, 0, 0, -151.5, 0, 0, 0, 0, 0, 861, 0, 0, 0, 0, 861, 0, 0, 0, 0, 0, 0, 0, 0, 0, 0, -151.5, 0, 0, 0, 861, 0, -151.5, 0, -151.5, 0, 0, 0, 0, 0, 0, 0, 0, 0, -454.5, -454.5, 0, 0, 0, 0, 0, -151.5, 0, 0, -151.5, 0, -303.0, 0, 0, 0, 0, 0, 0, 0, 0, 0, 0, 0, -303.0, 0, 0, 0, 0, 0, 0, 0, 0, 0, 0, 0, -151.5, 0, 0, 0, 0, 0, 0, -151.5, 0, 0, 0, 0, 0, -151.5, 0, 0, 0, 0, 0, 0, 0, 0, 672.0000000000339, 0, 0, 0, 0, -151.5, -303.0, 0, -151.5, 0, 0, 0, 461.0000000000032, 0, 0, 709.5, 0, 0, 0, 0, -26.50000000002638, 0, 0, 709.5, -151.5, 0, 1008.0000000000489, 0, 0, 0, 0, 0, 0, 0, -151.5, -151.5, 0, 0, 0, -151.5, 0, 0, 709.5, 0, 0, 0, 0, 0, 0, 0, 0, 0, 861, 0, 0, 0, 0, 0, 0]
Sharpe Ratio: 0.109
Annualized Sharpe: 1.735
Sharpe 95% CI: (np.float64(-0.01), np.float64(3.196))
Daily Win Rate (%): 31.37
Max Drawdown: -2575.5
Profit Factor: 1.922
Expectancy: 23.377
Total Trades: 264



Rolling 0 - Variant 7 - 10_6 - Fit Metrics
Returns: [-151.5, -151.5, 0, 273.4999999999961, -215.4999999999945, 0, 0, 0, 0, 0, 0, -151.5, 0, 0, 0, 0, 0, 0, 0, 0, 0, 0, -151.5, 0, 0, 0, 0, 0, 0, 0, 0, 736, 0, -151.5, 0, 0, -151.5, 0, 0, 0, -151.5, 0, 0, 0, 0, -151.5, 584.5, 0]
Sharpe Ratio: 0.022
Annualized Sharpe: 0.346
Sharpe 95% CI: (np.float64(-7.912), np.float64(3.704))
Daily Win Rate (%): 25.0
Max Drawdown: -606.0
Profit Factor: 1.117
Expectancy: 3.469
Total Trades: 48

Rolling 0 - Variant 7 - 10_6 - Test Metrics
Returns: [0, 0, 0, 0, 0, 0, 0, 0, 0, -151.5, 0, 0, 0, 0, 0, 736, 0, -151.5, 0, 0, 0, 0, -151.5, 0, 0, 0, 0, -303.0, 0, 0, 0, 0, 0, 0, -151.5, 0, 0, 0, 0, -151.5, 0, -151.5, 0, 0, 0, 0, 0, 584.5, 0, 0, 0, 0, 0, 736, 0, 0, 0, 0, 0, 0, -303.0, 0, 0, 0, 736, 0, 0, -151.5, 0, 0, 0, 0, 0, -151.5, 0, -303.0, 0, 872.000000000039, 0, 0, 0, 0, 0, 0, 0, 0, 0, -151.5, -151.5, 0, 0, 0, 0, 0, 736, -151.5, 0, 0, 0, 0, 0, 0, 0, 0, 0, 0, 0, -151.5, 0, 0, 0, 0, 0, 736, 0, 0, 0, 0, 736, 0, 0, 0, 0, 0, 0, 0, 0, 0, 0, -151.5, 0, 0, 0, 736, 0, -151.5, 0, -151.5, 0, 0, 0, 0, 0, 0, 0, 0, 0, -454.5, -454.5, 0, 0, 0, 0, 0, -151.5, 0, 0, -151.5, 0, -303.0, 0, 0, 0, 0, 0, 0, 0, 0, 0, 0, 0, -303.0, 0, 0, 0, 0, 0, 0, 0, 0, 0, 0, 0, -151.5, 0, 0, 0, 0, 0, 0, -151.5, 0, 0, 0, 0, 0, -151.5, 0, 0, 0, 0, 0, 0, 0, 0, 934.5000000000043, 0, 0, 0, 0, -151.5, -303.0, 0, -151.5, 0, 0, 0, 461.0000000000032, 0, 0, 584.5, 0, 0, 0, 0, -26.50000000002638, 0, 0, 584.5, -151.5, 0, 883.0000000000489, 0, 0, 0, 0, 0, 0, 0, -151.5, -151.5, 0, 0, 0, -151.5, 0, 0, 584.5, 0, 0, 0, 0, 0, 0, 0, 0, 0, 736, 0, 0, 0, 0, 0, 0]
Sharpe Ratio: 0.092
Annualized Sharpe: 1.459
Sharpe 95% CI: (np.float64(-0.34), np.float64(2.986))
Daily Win Rate (%): 31.37
Max Drawdown: -2575.5
Profit Factor: 1.7
Expectancy: 17.742
Total Trades: 264



Rolling 0 - Variant 8 - 10_13 - Fit Metrics
Returns: [-151.5, -151.5, 0, 273.4999999999961, -215.4999999999945, 0, 0, 0, 0, 0, 0, -151.5, 0, 0, 0, 0, 0, 0, 0, 0, 0, 0, -151.5, 0, 0, 0, 0, 0, 0, 0, 0, 386.0000000000115, 0, -151.5, 0, 0, -151.5, 0, 0, 0, -151.5, 0, 0, 0, 0, -151.5, 909.5000000000482, 0]
Sharpe Ratio: 0.018
Annualized Sharpe: 0.283
Sharpe 95% CI: (np.float64(-7.912), np.float64(3.461))
Daily Win Rate (%): 25.0
Max Drawdown: -738.5
Profit Factor: 1.099
Expectancy: 2.948
Total Trades: 48

Rolling 0 - Variant 8 - 10_13 - Test Metrics
Returns: [0, 0, 0, 0, 0, 0, 0, 0, 0, -151.5, 0, 0, 0, 0, 0, -151.5, 0, -151.5, 0, 0, 0, 0, -151.5, 0, 0, 0, 0, -303.0, 0, 0, 0, 0, 0, 0, -151.5, 0, 0, 0, 0, -151.5, 0, -151.5, 0, 0, 0, 0, 0, 1459.5, 0, 0, 0, 0, 0, 860.9999999999592, 0, 0, 0, 0, 0, 0, -303.0, 0, 0, 0, -151.5, 0, 0, -151.5, 0, 0, 0, 0, 0, -151.5, 0, -303.0, 0, -15.499999999961005, 0, 0, 0, 0, 0, 0, 0, 0, 0, -151.5, -151.5, 0, 0, 0, 0, 0, 1611, -151.5, 0, 0, 0, 0, 0, 0, 0, 0, 0, 0, 0, -151.5, 0, 0, 0, 0, 0, -151.5, 0, 0, 0, 0, -151.5, 0, 0, 0, 0, 0, 0, 0, 0, 0, 0, -151.5, 0, 0, 0, 1611, 0, -151.5, 0, -151.5, 0, 0, 0, 0, 0, 0, 0, 0, 0, -454.5, -454.5, 0, 0, 0, 0, 0, -151.5, 0, 0, -151.5, 0, -303.0, 0, 0, 0, 0, 0, 0, 0, 0, 0, 0, 0, -303.0, 0, 0, 0, 0, 0, 0, 0, 0, 0, 0, 0, -151.5, 0, 0, 0, 0, 0, 0, -151.5, 0, 0, 0, 0, 0, -151.5, 0, 0, 0, 0, 0, 0, 0, 0, 672.0000000000339, 0, 0, 0, 0, -151.5, -303.0, 0, -151.5, 0, 0, 0, 461.0000000000032, 0, 0, 434.4999999999894, 0, 0, 0, 0, -26.50000000002638, 0, 0, 1459.5, -151.5, 0, 1008.000000000008, 0, 0, 0, 0, 0, 0, 0, -151.5, -151.5, 0, 0, 0, -151.5, 0, 0, 109.4999999999697, 0, 0, 0, 0, 0, 0, 0, 0, 0, 835.9999999999619, 0, 0, 0, 0, 0, 0]
Sharpe Ratio: 0.052
Annualized Sharpe: 0.825
Sharpe 95% CI: (np.float64(-1.374), np.float64(2.279))
Daily Win Rate (%): 21.57
Max Drawdown: -2575.5
Profit Factor: 1.439
Expectancy: 12.155
Total Trades: 264



Rolling 0 - Variant 9 - 10_14 - Fit Metrics
Returns: [-151.5, -151.5, 0, 273.4999999999961, -215.4999999999945, 0, 0, 0, 0, 0, 0, -151.5, 0, 0, 0, 0, 0, 0, 0, 0, 0, 0, -151.5, 0, 0, 0, 0, 0, 0, 0, 0, 386.0000000000115, 0, -151.5, 0, 0, -151.5, 0, 0, 0, -151.5, 0, 0, 0, 0, -151.5, 909.5000000000482, 0]
Sharpe Ratio: 0.018
Annualized Sharpe: 0.283
Sharpe 95% CI: (np.float64(-7.912), np.float64(3.461))
Daily Win Rate (%): 25.0
Max Drawdown: -738.5
Profit Factor: 1.099
Expectancy: 2.948
Total Trades: 48

Rolling 0 - Variant 9 - 10_14 - Test Metrics
Returns: [0, 0, 0, 0, 0, 0, 0, 0, 0, -151.5, 0, 0, 0, 0, 0, -151.5, 0, -151.5, 0, 0, 0, 0, -151.5, 0, 0, 0, 0, -303.0, 0, 0, 0, 0, 0, 0, -151.5, 0, 0, 0, 0, -151.5, 0, -151.5, 0, 0, 0, 0, 0, 1584.5, 0, 0, 0, 0, 0, 860.9999999999592, 0, 0, 0, 0, 0, 0, -303.0, 0, 0, 0, -151.5, 0, 0, -151.5, 0, 0, 0, 0, 0, -151.5, 0, -303.0, 0, -15.499999999961005, 0, 0, 0, 0, 0, 0, 0, 0, 0, -151.5, -151.5, 0, 0, 0, 0, 0, 1736, -151.5, 0, 0, 0, 0, 0, 0, 0, 0, 0, 0, 0, -151.5, 0, 0, 0, 0, 0, -151.5, 0, 0, 0, 0, -151.5, 0, 0, 0, 0, 0, 0, 0, 0, 0, 0, -151.5, 0, 0, 0, 1736, 0, -151.5, 0, -151.5, 0, 0, 0, 0, 0, 0, 0, 0, 0, -454.5, -454.5, 0, 0, 0, 0, 0, -151.5, 0, 0, -151.5, 0, -303.0, 0, 0, 0, 0, 0, 0, 0, 0, 0, 0, 0, -303.0, 0, 0, 0, 0, 0, 0, 0, 0, 0, 0, 0, -151.5, 0, 0, 0, 0, 0, 0, -151.5, 0, 0, 0, 0, 0, -151.5, 0, 0, 0, 0, 0, 0, 0, 0, 672.0000000000339, 0, 0, 0, 0, -151.5, -303.0, 0, -151.5, 0, 0, 0, 461.0000000000032, 0, 0, 434.4999999999894, 0, 0, 0, 0, -26.50000000002638, 0, 0, 1584.5, -151.5, 0, 1008.000000000008, 0, 0, 0, 0, 0, 0, 0, -151.5, -151.5, 0, 0, 0, -151.5, 0, 0, 109.4999999999697, 0, 0, 0, 0, 0, 0, 0, 0, 0, 835.9999999999619, 0, 0, 0, 0, 0, 0]
Sharpe Ratio: 0.057
Annualized Sharpe: 0.905
Sharpe 95% CI: (np.float64(-1.262), np.float64(2.319))
Daily Win Rate (%): 21.57
Max Drawdown: -2575.5
Profit Factor: 1.507
Expectancy: 14.049
Total Trades: 264



Rolling 1 - Variant 0 - 10_3 - Fit Metrics
Returns: [361, -151.5, 0, 273.4999999999961, -215.4999999999945, 0, 0, 0, 0, 0, 0, -151.5, 0, 0, 0, 0, 0, 0, 0, 0, 0, 0, -151.5, 0, 0, 0, 0, 0, 0, 0, 0, 361, 0, -151.5, 0, 0, -151.5, 0, 0, 0, -151.5, 0, 0, 0, 0, 361, 209.5, 0, 0, 0, 0, 0, 0, 0, 0, 0, 0, -151.5, 0, 0, 0, 0, 0, 361, 0, -151.5, 0, 0, 0, 0, -151.5, 0, 0, 0, 0, -303.0, 0, 0, 0, 0, 0, 0, -151.5, 0, 0, 0, 0, -151.5, 0, 361, 0, 0]
Sharpe Ratio: 0.01
Annualized Sharpe: 0.157
Sharpe 95% CI: (np.float64(-3.555), np.float64(3.113))
Daily Win Rate (%): 35.0
Max Drawdown: -909.0
Profit Factor: 1.047
Expectancy: 1.12
Total Trades: 92

Rolling 1 - Variant 0 - 10_3 - Test Metrics
Returns: [0, 0, 0, 209.5, 0, 0, 0, 0, 0, 361, 0, 0, 0, 0, 0, 0, -303.0, 0, 0, 0, 361, 0, 0, -151.5, 0, 0, 0, 0, 0, -151.5, 0, -303.0, 0, 497.000000000039, 0, 0, 0, 0, 0, 0, 0, 0, 0, 361, -151.5, 0, 0, 0, 0, 0, 361, -151.5, 0, 0, 0, 0, 0, 0, 0, 0, 0, 0, 0, -151.5, 0, 0, 0, 0, 0, 361, 0, 0, 0, 0, 361, 0, 0, 0, 0, 0, 0, 0, 0, 0, 0, 361, 0, 0, 0, 361, 0, -151.5, 0, -151.5, 0, 0, 0, 0, 0, 0, 0, 0, 0, -454.5, -454.5, 0, 0, 0, 0, 0, -151.5, 0, 0, -151.5, 0, -303.0, 0, 0, 0, 0, 0, 0, 0, 0, 0, 0, 0, 209.5, 0, 0, 0, 0, 0, 0, 0, 0, 0, 0, 0, -151.5, 0, 0, 0, 0, 0, 0, -151.5, 0, 0, 0, 0, 0, -151.5, 0, 0, 0, 0, 0, 0, 0, 0, 722, 0, 0, 0, 0, -151.5, -303.0, 0, -151.5, 0, 0, 0, 361, 0, 0, 209.5, 0, 0, 0, 0, -26.50000000002638, 0, 0, 209.5, -151.5, 0, 570.5, 0, 0, 0, 0, 0, 0, 0, -151.5, -151.5, 0, 0, 0, -151.5, 0, 0, 209.5, 0, 0, 0, 0, 0, 0, 0, 0, 0, 361, 0, 0, 0, 0, 0, 0]
Sharpe Ratio: 0.054
Annualized Sharpe: 0.861
Sharpe 95% CI: (np.float64(-1.268), np.float64(2.75))
Daily Win Rate (%): 41.86
Max Drawdown: -2063.0
Profit Factor: 1.323
Expectancy: 7.148
Total Trades: 220



Rolling 1 - Variant 1 - 10_5 - Fit Metrics
Returns: [-151.5, -151.5, 0, 273.4999999999961, -215.4999999999945, 0, 0, 0, 0, 0, 0, -151.5, 0, 0, 0, 0, 0, 0, 0, 0, 0, 0, -151.5, 0, 0, 0, 0, 0, 0, 0, 0, 611, 0, -151.5, 0, 0, -151.5, 0, 0, 0, -151.5, 0, 0, 0, 0, -151.5, 459.5, 0, 0, 0, 0, 0, 0, 0, 0, 0, 0, -151.5, 0, 0, 0, 0, 0, 611, 0, -151.5, 0, 0, 0, 0, -151.5, 0, 0, 0, 0, -303.0, 0, 0, 0, 0, 0, 0, -151.5, 0, 0, 0, 0, -151.5, 0, 611, 0, 0]
Sharpe Ratio: 0.006
Annualized Sharpe: 0.095
Sharpe 95% CI: (np.float64(-4.275), np.float64(2.86))
Daily Win Rate (%): 25.0
Max Drawdown: -909.0
Profit Factor: 1.031
Expectancy: 0.848
Total Trades: 92

Rolling 1 - Variant 1 - 10_5 - Test Metrics
Returns: [0, 0, 0, 459.5, 0, 0, 0, 0, 0, 611, 0, 0, 0, 0, 0, 0, -303.0, 0, 0, 0, 611, 0, 0, -151.5, 0, 0, 0, 0, 0, -151.5, 0, -303.0, 0, 747.000000000039, 0, 0, 0, 0, 0, 0, 0, 0, 0, -151.5, -151.5, 0, 0, 0, 0, 0, 611, -151.5, 0, 0, 0, 0, 0, 0, 0, 0, 0, 0, 0, -151.5, 0, 0, 0, 0, 0, 611, 0, 0, 0, 0, 611, 0, 0, 0, 0, 0, 0, 0, 0, 0, 0, -151.5, 0, 0, 0, 611, 0, -151.5, 0, -151.5, 0, 0, 0, 0, 0, 0, 0, 0, 0, -454.5, -454.5, 0, 0, 0, 0, 0, -151.5, 0, 0, -151.5, 0, -303.0, 0, 0, 0, 0, 0, 0, 0, 0, 0, 0, 0, -303.0, 0, 0, 0, 0, 0, 0, 0, 0, 0, 0, 0, -151.5, 0, 0, 0, 0, 0, 0, -151.5, 0, 0, 0, 0, 0, -151.5, 0, 0, 0, 0, 0, 0, 0, 0, 809.5000000000043, 0, 0, 0, 0, -151.5, -303.0, 0, -151.5, 0, 0, 0, 461.0000000000032, 0, 0, 459.5, 0, 0, 0, 0, -26.50000000002638, 0, 0, 459.5, -151.5, 0, 758.0000000000489, 0, 0, 0, 0, 0, 0, 0, -151.5, -151.5, 0, 0, 0, -151.5, 0, 0, 459.5, 0, 0, 0, 0, 0, 0, 0, 0, 0, 611, 0, 0, 0, 0, 0, 0]
Sharpe Ratio: 0.088
Annualized Sharpe: 1.403
Sharpe 95% CI: (np.float64(-0.765), np.float64(3.168))
Daily Win Rate (%): 34.88
Max Drawdown: -2575.5
Profit Factor: 1.622
Expectancy: 15.5
Total Trades: 220



Rolling 1 - Variant 2 - 10_7 - Fit Metrics
Returns: [-151.5, -151.5, 0, 273.4999999999961, -215.4999999999945, 0, 0, 0, 0, 0, 0, -151.5, 0, 0, 0, 0, 0, 0, 0, 0, 0, 0, -151.5, 0, 0, 0, 0, 0, 0, 0, 0, 861, 0, -151.5, 0, 0, -151.5, 0, 0, 0, -151.5, 0, 0, 0, 0, -151.5, 709.5, 0, 0, 0, 0, 0, 0, 0, 0, 0, 0, -151.5, 0, 0, 0, 0, 0, 861, 0, -151.5, 0, 0, 0, 0, -151.5, 0, 0, 0, 0, -303.0, 0, 0, 0, 0, 0, 0, -151.5, 0, 0, 0, 0, -151.5, 0, -151.5, 0, 0]
Sharpe Ratio: 0.004
Annualized Sharpe: 0.068
Sharpe 95% CI: (np.float64(-6.07), np.float64(2.727))
Daily Win Rate (%): 20.0
Max Drawdown: -1060.5
Profit Factor: 1.025
Expectancy: 0.712
Total Trades: 92

Rolling 1 - Variant 2 - 10_7 - Test Metrics
Returns: [0, 0, 0, 709.5, 0, 0, 0, 0, 0, 861, 0, 0, 0, 0, 0, 0, -303.0, 0, 0, 0, 861, 0, 0, -151.5, 0, 0, 0, 0, 0, -151.5, 0, -303.0, 0, 997.000000000039, 0, 0, 0, 0, 0, 0, 0, 0, 0, -151.5, -151.5, 0, 0, 0, 0, 0, 861, -151.5, 0, 0, 0, 0, 0, 0, 0, 0, 0, 0, 0, -151.5, 0, 0, 0, 0, 0, 861, 0, 0, 0, 0, 861, 0, 0, 0, 0, 0, 0, 0, 0, 0, 0, -151.5, 0, 0, 0, 861, 0, -151.5, 0, -151.5, 0, 0, 0, 0, 0, 0, 0, 0, 0, -454.5, -454.5, 0, 0, 0, 0, 0, -151.5, 0, 0, -151.5, 0, -303.0, 0, 0, 0, 0, 0, 0, 0, 0, 0, 0, 0, -303.0, 0, 0, 0, 0, 0, 0, 0, 0, 0, 0, 0, -151.5, 0, 0, 0, 0, 0, 0, -151.5, 0, 0, 0, 0, 0, -151.5, 0, 0, 0, 0, 0, 0, 0, 0, 672.0000000000339, 0, 0, 0, 0, -151.5, -303.0, 0, -151.5, 0, 0, 0, 461.0000000000032, 0, 0, 709.5, 0, 0, 0, 0, -26.50000000002638, 0, 0, 709.5, -151.5, 0, 1008.0000000000489, 0, 0, 0, 0, 0, 0, 0, -151.5, -151.5, 0, 0, 0, -151.5, 0, 0, 709.5, 0, 0, 0, 0, 0, 0, 0, 0, 0, 861, 0, 0, 0, 0, 0, 0]
Sharpe Ratio: 0.132
Annualized Sharpe: 2.099
Sharpe 95% CI: (np.float64(0.053), np.float64(3.711))
Daily Win Rate (%): 34.88
Max Drawdown: -2575.5
Profit Factor: 2.19
Expectancy: 29.648
Total Trades: 220



Rolling 1 - Variant 3 - 10_12 - Fit Metrics
Returns: [-151.5, -151.5, 0, 273.4999999999961, -215.4999999999945, 0, 0, 0, 0, 0, 0, -151.5, 0, 0, 0, 0, 0, 0, 0, 0, 0, 0, -151.5, 0, 0, 0, 0, 0, 0, 0, 0, 1486, 0, -151.5, 0, 0, -151.5, 0, 0, 0, -151.5, 0, 0, 0, 0, -151.5, 909.5000000000482, 0, 0, 0, 0, 0, 0, 0, 0, 0, 0, -151.5, 0, 0, 0, 0, 0, -151.5, 0, -151.5, 0, 0, 0, 0, -151.5, 0, 0, 0, 0, -303.0, 0, 0, 0, 0, 0, 0, -151.5, 0, 0, 0, 0, -151.5, 0, -151.5, 0, 0]
Sharpe Ratio: -0.007
Annualized Sharpe: -0.106
Sharpe 95% CI: (np.float64(-7.475), np.float64(2.412))
Daily Win Rate (%): 15.0
Max Drawdown: -1363.5
Profit Factor: 0.956
Expectancy: -1.326
Total Trades: 92

Rolling 1 - Variant 3 - 10_12 - Test Metrics
Returns: [0, 0, 0, 1334.5, 0, 0, 0, 0, 0, 860.9999999999592, 0, 0, 0, 0, 0, 0, -303.0, 0, 0, 0, 1486, 0, 0, -151.5, 0, 0, 0, 0, 0, -151.5, 0, -303.0, 0, -15.499999999961005, 0, 0, 0, 0, 0, 0, 0, 0, 0, -151.5, -151.5, 0, 0, 0, 0, 0, 1486, -151.5, 0, 0, 0, 0, 0, 0, 0, 0, 0, 0, 0, -151.5, 0, 0, 0, 0, 0, -151.5, 0, 0, 0, 0, -151.5, 0, 0, 0, 0, 0, 0, 0, 0, 0, 0, -151.5, 0, 0, 0, 1486, 0, -151.5, 0, -151.5, 0, 0, 0, 0, 0, 0, 0, 0, 0, -454.5, -454.5, 0, 0, 0, 0, 0, -151.5, 0, 0, -151.5, 0, -303.0, 0, 0, 0, 0, 0, 0, 0, 0, 0, 0, 0, -303.0, 0, 0, 0, 0, 0, 0, 0, 0, 0, 0, 0, -151.5, 0, 0, 0, 0, 0, 0, -151.5, 0, 0, 0, 0, 0, -151.5, 0, 0, 0, 0, 0, 0, 0, 0, 672.0000000000339, 0, 0, 0, 0, -151.5, -303.0, 0, -151.5, 0, 0, 0, 461.0000000000032, 0, 0, 434.4999999999894, 0, 0, 0, 0, -26.50000000002638, 0, 0, 1334.5, -151.5, 0, 1008.000000000008, 0, 0, 0, 0, 0, 0, 0, -151.5, -151.5, 0, 0, 0, -151.5, 0, 0, 109.4999999999697, 0, 0, 0, 0, 0, 0, 0, 0, 0, 835.9999999999619, 0, 0, 0, 0, 0, 0]
Sharpe Ratio: 0.1
Annualized Sharpe: 1.588
Sharpe 95% CI: (np.float64(-0.504), np.float64(3.083))
Daily Win Rate (%): 27.91
Max Drawdown: -2575.5
Profit Factor: 1.985
Expectancy: 25.955
Total Trades: 220



Rolling 1 - Variant 4 - 10_10 - Fit Metrics
Returns: [-151.5, -151.5, 0, 273.4999999999961, -215.4999999999945, 0, 0, 0, 0, 0, 0, -151.5, 0, 0, 0, 0, 0, 0, 0, 0, 0, 0, -151.5, 0, 0, 0, 0, 0, 0, 0, 0, 1236, 0, -151.5, 0, 0, -151.5, 0, 0, 0, -151.5, 0, 0, 0, 0, -151.5, 1084.5, 0, 0, 0, 0, 0, 0, 0, 0, 0, 0, -151.5, 0, 0, 0, 0, 0, -151.5, 0, -151.5, 0, 0, 0, 0, -151.5, 0, 0, 0, 0, -303.0, 0, 0, 0, 0, 0, 0, -151.5, 0, 0, 0, 0, -151.5, 0, -151.5, 0, 0]
Sharpe Ratio: -0.011
Annualized Sharpe: -0.18
Sharpe 95% CI: (np.float64(-7.475), np.float64(2.398))
Daily Win Rate (%): 15.0
Max Drawdown: -1363.5
Profit Factor: 0.929
Expectancy: -2.141
Total Trades: 92

Rolling 1 - Variant 4 - 10_10 - Test Metrics
Returns: [0, 0, 0, 1084.5, 0, 0, 0, 0, 0, 1236, 0, 0, 0, 0, 0, 0, -303.0, 0, 0, 0, 1236, 0, 0, -151.5, 0, 0, 0, 0, 0, -151.5, 0, -303.0, 0, -15.499999999961005, 0, 0, 0, 0, 0, 0, 0, 0, 0, -151.5, -151.5, 0, 0, 0, 0, 0, 1236, -151.5, 0, 0, 0, 0, 0, 0, 0, 0, 0, 0, 0, -151.5, 0, 0, 0, 0, 0, -151.5, 0, 0, 0, 0, -151.5, 0, 0, 0, 0, 0, 0, 0, 0, 0, 0, -151.5, 0, 0, 0, 1236, 0, -151.5, 0, -151.5, 0, 0, 0, 0, 0, 0, 0, 0, 0, -454.5, -454.5, 0, 0, 0, 0, 0, -151.5, 0, 0, -151.5, 0, -303.0, 0, 0, 0, 0, 0, 0, 0, 0, 0, 0, 0, -303.0, 0, 0, 0, 0, 0, 0, 0, 0, 0, 0, 0, -151.5, 0, 0, 0, 0, 0, 0, -151.5, 0, 0, 0, 0, 0, -151.5, 0, 0, 0, 0, 0, 0, 0, 0, 672.0000000000339, 0, 0, 0, 0, -151.5, -303.0, 0, -151.5, 0, 0, 0, 461.0000000000032, 0, 0, 434.4999999999894, 0, 0, 0, 0, -26.50000000002638, 0, 0, 1084.5, -151.5, 0, 1008.000000000008, 0, 0, 0, 0, 0, 0, 0, -151.5, -151.5, 0, 0, 0, -151.5, 0, 0, 109.4999999999697, 0, 0, 0, 0, 0, 0, 0, 0, 0, 835.9999999999619, 0, 0, 0, 0, 0, 0]
Sharpe Ratio: 0.093
Annualized Sharpe: 1.471
Sharpe 95% CI: (np.float64(-0.671), np.float64(3.03))
Daily Win Rate (%): 27.91
Max Drawdown: -2575.5
Profit Factor: 1.834
Expectancy: 21.977
Total Trades: 220



Rolling 1 - Variant 5 - 10_11 - Fit Metrics
Returns: [-151.5, -151.5, 0, 273.4999999999961, -215.4999999999945, 0, 0, 0, 0, 0, 0, -151.5, 0, 0, 0, 0, 0, 0, 0, 0, 0, 0, -151.5, 0, 0, 0, 0, 0, 0, 0, 0, 1361, 0, -151.5, 0, 0, -151.5, 0, 0, 0, -151.5, 0, 0, 0, 0, -151.5, 909.5000000000482, 0, 0, 0, 0, 0, 0, 0, 0, 0, 0, -151.5, 0, 0, 0, 0, 0, -151.5, 0, -151.5, 0, 0, 0, 0, -151.5, 0, 0, 0, 0, -303.0, 0, 0, 0, 0, 0, 0, -151.5, 0, 0, 0, 0, -151.5, 0, -151.5, 0, 0]
Sharpe Ratio: -0.014
Annualized Sharpe: -0.226
Sharpe 95% CI: (np.float64(-7.475), np.float64(2.346))
Daily Win Rate (%): 15.0
Max Drawdown: -1363.5
Profit Factor: 0.912
Expectancy: -2.685
Total Trades: 92

Rolling 1 - Variant 5 - 10_11 - Test Metrics
Returns: [0, 0, 0, 1209.5, 0, 0, 0, 0, 0, 1361, 0, 0, 0, 0, 0, 0, -303.0, 0, 0, 0, 1361, 0, 0, -151.5, 0, 0, 0, 0, 0, -151.5, 0, -303.0, 0, -15.499999999961005, 0, 0, 0, 0, 0, 0, 0, 0, 0, -151.5, -151.5, 0, 0, 0, 0, 0, 1361, -151.5, 0, 0, 0, 0, 0, 0, 0, 0, 0, 0, 0, -151.5, 0, 0, 0, 0, 0, -151.5, 0, 0, 0, 0, -151.5, 0, 0, 0, 0, 0, 0, 0, 0, 0, 0, -151.5, 0, 0, 0, 1361, 0, -151.5, 0, -151.5, 0, 0, 0, 0, 0, 0, 0, 0, 0, -454.5, -454.5, 0, 0, 0, 0, 0, -151.5, 0, 0, -151.5, 0, -303.0, 0, 0, 0, 0, 0, 0, 0, 0, 0, 0, 0, -303.0, 0, 0, 0, 0, 0, 0, 0, 0, 0, 0, 0, -151.5, 0, 0, 0, 0, 0, 0, -151.5, 0, 0, 0, 0, 0, -151.5, 0, 0, 0, 0, 0, 0, 0, 0, 672.0000000000339, 0, 0, 0, 0, -151.5, -303.0, 0, -151.5, 0, 0, 0, 461.0000000000032, 0, 0, 434.4999999999894, 0, 0, 0, 0, -26.50000000002638, 0, 0, 1209.5, -151.5, 0, 1008.000000000008, 0, 0, 0, 0, 0, 0, 0, -151.5, -151.5, 0, 0, 0, -151.5, 0, 0, 109.4999999999697, 0, 0, 0, 0, 0, 0, 0, 0, 0, 835.9999999999619, 0, 0, 0, 0, 0, 0]
Sharpe Ratio: 0.1
Annualized Sharpe: 1.585
Sharpe 95% CI: (np.float64(-0.52), np.float64(3.096))
Daily Win Rate (%): 27.91
Max Drawdown: -2575.5
Profit Factor: 1.963
Expectancy: 25.386
Total Trades: 220



Rolling 1 - Variant 6 - 10_6 - Fit Metrics
Returns: [-151.5, -151.5, 0, 273.4999999999961, -215.4999999999945, 0, 0, 0, 0, 0, 0, -151.5, 0, 0, 0, 0, 0, 0, 0, 0, 0, 0, -151.5, 0, 0, 0, 0, 0, 0, 0, 0, 736, 0, -151.5, 0, 0, -151.5, 0, 0, 0, -151.5, 0, 0, 0, 0, -151.5, 584.5, 0, 0, 0, 0, 0, 0, 0, 0, 0, 0, -151.5, 0, 0, 0, 0, 0, 736, 0, -151.5, 0, 0, 0, 0, -151.5, 0, 0, 0, 0, -303.0, 0, 0, 0, 0, 0, 0, -151.5, 0, 0, 0, 0, -151.5, 0, -151.5, 0, 0]
Sharpe Ratio: -0.023
Annualized Sharpe: -0.364
Sharpe 95% CI: (np.float64(-6.096), np.float64(2.448))
Daily Win Rate (%): 20.0
Max Drawdown: -1060.5
Profit Factor: 0.883
Expectancy: -3.364
Total Trades: 92

Rolling 1 - Variant 6 - 10_6 - Test Metrics
Returns: [0, 0, 0, 584.5, 0, 0, 0, 0, 0, 736, 0, 0, 0, 0, 0, 0, -303.0, 0, 0, 0, 736, 0, 0, -151.5, 0, 0, 0, 0, 0, -151.5, 0, -303.0, 0, 872.000000000039, 0, 0, 0, 0, 0, 0, 0, 0, 0, -151.5, -151.5, 0, 0, 0, 0, 0, 736, -151.5, 0, 0, 0, 0, 0, 0, 0, 0, 0, 0, 0, -151.5, 0, 0, 0, 0, 0, 736, 0, 0, 0, 0, 736, 0, 0, 0, 0, 0, 0, 0, 0, 0, 0, -151.5, 0, 0, 0, 736, 0, -151.5, 0, -151.5, 0, 0, 0, 0, 0, 0, 0, 0, 0, -454.5, -454.5, 0, 0, 0, 0, 0, -151.5, 0, 0, -151.5, 0, -303.0, 0, 0, 0, 0, 0, 0, 0, 0, 0, 0, 0, -303.0, 0, 0, 0, 0, 0, 0, 0, 0, 0, 0, 0, -151.5, 0, 0, 0, 0, 0, 0, -151.5, 0, 0, 0, 0, 0, -151.5, 0, 0, 0, 0, 0, 0, 0, 0, 934.5000000000043, 0, 0, 0, 0, -151.5, -303.0, 0, -151.5, 0, 0, 0, 461.0000000000032, 0, 0, 584.5, 0, 0, 0, 0, -26.50000000002638, 0, 0, 584.5, -151.5, 0, 883.0000000000489, 0, 0, 0, 0, 0, 0, 0, -151.5, -151.5, 0, 0, 0, -151.5, 0, 0, 584.5, 0, 0, 0, 0, 0, 0, 0, 0, 0, 736, 0, 0, 0, 0, 0, 0]
Sharpe Ratio: 0.116
Annualized Sharpe: 1.837
Sharpe 95% CI: (np.float64(-0.262), np.float64(3.5))
Daily Win Rate (%): 34.88
Max Drawdown: -2575.5
Profit Factor: 1.942
Expectancy: 23.455
Total Trades: 220



Rolling 1 - Variant 7 - 10_9 - Fit Metrics
Returns: [-151.5, -151.5, 0, 273.4999999999961, -215.4999999999945, 0, 0, 0, 0, 0, 0, -151.5, 0, 0, 0, 0, 0, 0, 0, 0, 0, 0, -151.5, 0, 0, 0, 0, 0, 0, 0, 0, 1111, 0, -151.5, 0, 0, -151.5, 0, 0, 0, -151.5, 0, 0, 0, 0, -151.5, 959.5, 0, 0, 0, 0, 0, 0, 0, 0, 0, 0, -151.5, 0, 0, 0, 0, 0, -151.5, 0, -151.5, 0, 0, 0, 0, -151.5, 0, 0, 0, 0, -303.0, 0, 0, 0, 0, 0, 0, -151.5, 0, 0, 0, 0, -151.5, 0, -151.5, 0, 0]
Sharpe Ratio: -0.028
Annualized Sharpe: -0.447
Sharpe 95% CI: (np.float64(-7.475), np.float64(2.254))
Daily Win Rate (%): 15.0
Max Drawdown: -1363.5
Profit Factor: 0.84
Expectancy: -4.859
Total Trades: 92

Rolling 1 - Variant 7 - 10_9 - Test Metrics
Returns: [0, 0, 0, 959.5, 0, 0, 0, 0, 0, 1111, 0, 0, 0, 0, 0, 0, -303.0, 0, 0, 0, 1111, 0, 0, -151.5, 0, 0, 0, 0, 0, -151.5, 0, -303.0, 0, -15.499999999961005, 0, 0, 0, 0, 0, 0, 0, 0, 0, -151.5, -151.5, 0, 0, 0, 0, 0, 1111, -151.5, 0, 0, 0, 0, 0, 0, 0, 0, 0, 0, 0, -151.5, 0, 0, 0, 0, 0, -151.5, 0, 0, 0, 0, 1111, 0, 0, 0, 0, 0, 0, 0, 0, 0, 0, -151.5, 0, 0, 0, 1111, 0, -151.5, 0, -151.5, 0, 0, 0, 0, 0, 0, 0, 0, 0, -454.5, -454.5, 0, 0, 0, 0, 0, -151.5, 0, 0, -151.5, 0, -303.0, 0, 0, 0, 0, 0, 0, 0, 0, 0, 0, 0, -303.0, 0, 0, 0, 0, 0, 0, 0, 0, 0, 0, 0, -151.5, 0, 0, 0, 0, 0, 0, -151.5, 0, 0, 0, 0, 0, -151.5, 0, 0, 0, 0, 0, 0, 0, 0, 672.0000000000339, 0, 0, 0, 0, -151.5, -303.0, 0, -151.5, 0, 0, 0, 461.0000000000032, 0, 0, 434.4999999999894, 0, 0, 0, 0, -26.50000000002638, 0, 0, 959.5, -151.5, 0, 1258.0000000000489, 0, 0, 0, 0, 0, 0, 0, -151.5, -151.5, 0, 0, 0, -151.5, 0, 0, 109.4999999999697, 0, 0, 0, 0, 0, 0, 0, 0, 0, 835.9999999999619, 0, 0, 0, 0, 0, 0]
Sharpe Ratio: 0.107
Annualized Sharpe: 1.699
Sharpe 95% CI: (np.float64(-0.378), np.float64(3.23))
Daily Win Rate (%): 30.23
Max Drawdown: -2575.5
Profit Factor: 1.991
Expectancy: 25.443
Total Trades: 220



Rolling 1 - Variant 8 - 10_4 - Fit Metrics
Returns: [-151.5, -151.5, 0, 273.4999999999961, -215.4999999999945, 0, 0, 0, 0, 0, 0, -151.5, 0, 0, 0, 0, 0, 0, 0, 0, 0, 0, -151.5, 0, 0, 0, 0, 0, 0, 0, 0, 486, 0, -151.5, 0, 0, -151.5, 0, 0, 0, -151.5, 0, 0, 0, 0, -151.5, 334.5, 0, 0, 0, 0, 0, 0, 0, 0, 0, 0, -151.5, 0, 0, 0, 0, 0, 486, 0, -151.5, 0, 0, 0, 0, -151.5, 0, 0, 0, 0, -303.0, 0, 0, 0, 0, 0, 0, -151.5, 0, 0, 0, 0, -151.5, 0, 486, 0, 0]
Sharpe Ratio: -0.038
Annualized Sharpe: -0.602
Sharpe 95% CI: (np.float64(-4.843), np.float64(2.384))
Daily Win Rate (%): 25.0
Max Drawdown: -909.0
Profit Factor: 0.83
Expectancy: -4.587
Total Trades: 92

Rolling 1 - Variant 8 - 10_4 - Test Metrics
Returns: [0, 0, 0, 334.5, 0, 0, 0, 0, 0, 486, 0, 0, 0, 0, 0, 0, -303.0, 0, 0, 0, 486, 0, 0, -151.5, 0, 0, 0, 0, 0, -151.5, 0, -303.0, 0, 622.000000000039, 0, 0, 0, 0, 0, 0, 0, 0, 0, 486, -151.5, 0, 0, 0, 0, 0, 486, -151.5, 0, 0, 0, 0, 0, 0, 0, 0, 0, 0, 0, -151.5, 0, 0, 0, 0, 0, 486, 0, 0, 0, 0, 486, 0, 0, 0, 0, 0, 0, 0, 0, 0, 0, 486, 0, 0, 0, 486, 0, -151.5, 0, -151.5, 0, 0, 0, 0, 0, 0, 0, 0, 0, -454.5, -454.5, 0, 0, 0, 0, 0, -151.5, 0, 0, -151.5, 0, -303.0, 0, 0, 0, 0, 0, 0, 0, 0, 0, 0, 0, 334.5, 0, 0, 0, 0, 0, 0, 0, 0, 0, 0, 0, -151.5, 0, 0, 0, 0, 0, 0, -151.5, 0, 0, 0, 0, 0, -151.5, 0, 0, 0, 0, 0, 0, 0, 0, 684.5000000000043, 0, 0, 0, 0, -151.5, -303.0, 0, -151.5, 0, 0, 0, 486, 0, 0, 334.5, 0, 0, 0, 0, -26.50000000002638, 0, 0, 334.5, -151.5, 0, 820.5, 0, 0, 0, 0, 0, 0, 0, -151.5, -151.5, 0, 0, 0, -151.5, 0, 0, 334.5, 0, 0, 0, 0, 0, 0, 0, 0, 0, 486, 0, 0, 0, 0, 0, 0]
Sharpe Ratio: 0.108
Annualized Sharpe: 1.711
Sharpe 95% CI: (np.float64(-0.337), np.float64(3.47))
Daily Win Rate (%): 41.86
Max Drawdown: -1938.0
Profit Factor: 1.776
Expectancy: 17.205
Total Trades: 220



Rolling 1 - Variant 9 - 20_6 - Fit Metrics
Returns: [-144.5, -144.5, 0, 136.74999999999804, -176.49999999999724, 0, 0, 0, 0, 0, 0, -144.5, 0, 0, 0, 0, 0, 0, 0, 0, 0, 0, -144.5, 0, 0, 0, 0, 0, 0, 0, 0, 743, 0, -144.5, 0, 0, -144.5, 0, 0, 0, -144.5, 0, 0, 0, 0, -144.5, 386.0000000000241, 0, 0, 0, 0, 0, 0, 0, 0, 0, 0, -144.5, 0, 0, 0, 0, 0, 743, 0, -144.5, 0, 0, 0, 0, -144.5, 0, 0, 0, 0, -289.0, 0, 0, 0, 0, 0, 0, -144.5, 0, 0, 0, 0, -144.5, 0, -144.5, 0, 0]
Sharpe Ratio: -0.038
Annualized Sharpe: -0.61
Sharpe 95% CI: (np.float64(-6.633), np.float64(2.208))
Daily Win Rate (%): 20.0
Max Drawdown: -1011.5
Profit Factor: 0.807
Expectancy: -5.215
Total Trades: 92

Rolling 1 - Variant 9 - 20_6 - Test Metrics
Returns: [0, 0, 0, 598.5, 0, 0, 0, 0, 0, 430.4999999999796, 0, 0, 0, 0, 0, 0, -289.0, 0, 0, 0, 743, 0, 0, -144.5, 0, 0, 0, 0, 0, -144.5, 0, -289.0, 0, -76.4999999999805, 0, 0, 0, 0, 0, 0, 0, 0, 0, 255.49999999999886, -7.0, 0, 0, 0, 0, 0, 743, -144.5, 0, 0, 0, 0, 0, 0, 0, 0, 0, 0, 0, -144.5, 0, 0, 0, 0, 0, -144.5, 0, 0, 0, 0, -144.5, 0, 0, 0, 0, 0, 0, 0, 0, 0, 0, -144.5, 0, 0, 0, 743, 0, -144.5, 0, -144.5, 0, 0, 0, 0, 0, 0, 0, 0, 0, -433.5, -433.5, 0, 0, 0, 0, 0, -144.5, 0, 0, -144.5, 0, -289.0, 0, 0, 0, 0, 0, 0, 0, 0, 0, 0, 0, -289.0, 0, 0, 0, 0, 0, 0, 0, 0, 0, 0, 0, -144.5, 0, 0, 0, 0, 0, 0, -144.5, 0, 0, 0, 0, 0, -144.5, 0, 0, 0, 0, 0, 0, 0, 0, 336.00000000001694, 0, 0, 0, 0, -144.5, -289.0, 0, -144.5, 0, 0, 0, 230.5000000000016, 0, 0, 148.4999999999947, 0, 0, 0, 0, -13.25000000001319, 0, 0, 754.7499999999841, -144.5, 0, 435.250000000004, 0, 0, 0, 0, 0, 0, 0, -144.5, -144.5, 0, 0, 0, -144.5, 0, 0, -14.000000000015149, 0, 0, 0, 0, 0, 0, 0, 0, 0, 417.99999999998096, 0, 0, 0, 0, 0, 0]
Sharpe Ratio: 0.016
Annualized Sharpe: 0.261
Sharpe 95% CI: (np.float64(-2.078), np.float64(2.095))
Daily Win Rate (%): 27.91
Max Drawdown: -2698.5
Profit Factor: 1.099
Expectancy: 2.381
Total Trades: 220



Rolling 2 - Variant 0 - 10_7 - Fit Metrics
Returns: [-151.5, -151.5, 0, 273.4999999999961, -215.4999999999945, 0, 0, 0, 0, 0, 0, -151.5, 0, 0, 0, 0, 0, 0, 0, 0, 0, 0, -151.5, 0, 0, 0, 0, 0, 0, 0, 0, 861, 0, -151.5, 0, 0, -151.5, 0, 0, 0, -151.5, 0, 0, 0, 0, -151.5, 709.5, 0, 0, 0, 0, 0, 0, 0, 0, 0, 0, -151.5, 0, 0, 0, 0, 0, 861, 0, -151.5, 0, 0, 0, 0, -151.5, 0, 0, 0, 0, -303.0, 0, 0, 0, 0, 0, 0, -151.5, 0, 0, 0, 0, -151.5, 0, -151.5, 0, 0, 0, 0, 0, 709.5, 0, 0, 0, 0, 0, 861, 0, 0, 0, 0, 0, 0, -303.0, 0, 0, 0, 861, 0, 0, -151.5, 0, 0, 0, 0, 0, -151.5, 0, -303.0, 0, 997.000000000039, 0, 0, 0, 0, 0, 0, 0, 0, 0, -151.5]
Sharpe Ratio: 0.087
Annualized Sharpe: 1.381
Sharpe 95% CI: (np.float64(-1.643), np.float64(3.363))
Daily Win Rate (%): 27.59
Max Drawdown: -1060.5
Profit Factor: 1.658
Expectancy: 17.893
Total Trades: 136

Rolling 2 - Variant 0 - 10_7 - Test Metrics
Returns: [-151.5, 0, 0, 0, 0, 0, 861, -151.5, 0, 0, 0, 0, 0, 0, 0, 0, 0, 0, 0, -151.5, 0, 0, 0, 0, 0, 861, 0, 0, 0, 0, 861, 0, 0, 0, 0, 0, 0, 0, 0, 0, 0, -151.5, 0, 0, 0, 861, 0, -151.5, 0, -151.5, 0, 0, 0, 0, 0, 0, 0, 0, 0, -454.5, -454.5, 0, 0, 0, 0, 0, -151.5, 0, 0, -151.5, 0, -303.0, 0, 0, 0, 0, 0, 0, 0, 0, 0, 0, 0, -303.0, 0, 0, 0, 0, 0, 0, 0, 0, 0, 0, 0, -151.5, 0, 0, 0, 0, 0, 0, -151.5, 0, 0, 0, 0, 0, -151.5, 0, 0, 0, 0, 0, 0, 0, 0, 672.0000000000339, 0, 0, 0, 0, -151.5, -303.0, 0, -151.5, 0, 0, 0, 461.0000000000032, 0, 0, 709.5, 0, 0, 0, 0, -26.50000000002638, 0, 0, 709.5, -151.5, 0, 1008.0000000000489, 0, 0, 0, 0, 0, 0, 0, -151.5, -151.5, 0, 0, 0, -151.5, 0, 0, 709.5, 0, 0, 0, 0, 0, 0, 0, 0, 0, 861, 0, 0, 0, 0, 0, 0]
Sharpe Ratio: 0.111
Annualized Sharpe: 1.766
Sharpe 95% CI: (np.float64(-0.612), np.float64(3.544))
Daily Win Rate (%): 32.35
Max Drawdown: -2575.5
Profit Factor: 1.94
Expectancy: 23.605
Total Trades: 176



Rolling 2 - Variant 1 - 10_11 - Fit Metrics
Returns: [-151.5, -151.5, 0, 273.4999999999961, -215.4999999999945, 0, 0, 0, 0, 0, 0, -151.5, 0, 0, 0, 0, 0, 0, 0, 0, 0, 0, -151.5, 0, 0, 0, 0, 0, 0, 0, 0, 1361, 0, -151.5, 0, 0, -151.5, 0, 0, 0, -151.5, 0, 0, 0, 0, -151.5, 909.5000000000482, 0, 0, 0, 0, 0, 0, 0, 0, 0, 0, -151.5, 0, 0, 0, 0, 0, -151.5, 0, -151.5, 0, 0, 0, 0, -151.5, 0, 0, 0, 0, -303.0, 0, 0, 0, 0, 0, 0, -151.5, 0, 0, 0, 0, -151.5, 0, -151.5, 0, 0, 0, 0, 0, 1209.5, 0, 0, 0, 0, 0, 1361, 0, 0, 0, 0, 0, 0, -303.0, 0, 0, 0, 1361, 0, 0, -151.5, 0, 0, 0, 0, 0, -151.5, 0, -303.0, 0, -15.499999999961005, 0, 0, 0, 0, 0, 0, 0, 0, 0, -151.5]
Sharpe Ratio: 0.076
Annualized Sharpe: 1.206
Sharpe 95% CI: (np.float64(-2.208), np.float64(3.057))
Daily Win Rate (%): 20.69
Max Drawdown: -1363.5
Profit Factor: 1.675
Expectancy: 19.18
Total Trades: 136

Rolling 2 - Variant 1 - 10_11 - Test Metrics
Returns: [-151.5, 0, 0, 0, 0, 0, 1361, -151.5, 0, 0, 0, 0, 0, 0, 0, 0, 0, 0, 0, -151.5, 0, 0, 0, 0, 0, -151.5, 0, 0, 0, 0, -151.5, 0, 0, 0, 0, 0, 0, 0, 0, 0, 0, -151.5, 0, 0, 0, 1361, 0, -151.5, 0, -151.5, 0, 0, 0, 0, 0, 0, 0, 0, 0, -454.5, -454.5, 0, 0, 0, 0, 0, -151.5, 0, 0, -151.5, 0, -303.0, 0, 0, 0, 0, 0, 0, 0, 0, 0, 0, 0, -303.0, 0, 0, 0, 0, 0, 0, 0, 0, 0, 0, 0, -151.5, 0, 0, 0, 0, 0, 0, -151.5, 0, 0, 0, 0, 0, -151.5, 0, 0, 0, 0, 0, 0, 0, 0, 672.0000000000339, 0, 0, 0, 0, -151.5, -303.0, 0, -151.5, 0, 0, 0, 461.0000000000032, 0, 0, 434.4999999999894, 0, 0, 0, 0, -26.50000000002638, 0, 0, 1209.5, -151.5, 0, 1008.000000000008, 0, 0, 0, 0, 0, 0, 0, -151.5, -151.5, 0, 0, 0, -151.5, 0, 0, 109.4999999999697, 0, 0, 0, 0, 0, 0, 0, 0, 0, 835.9999999999619, 0, 0, 0, 0, 0, 0]
Sharpe Ratio: 0.069
Annualized Sharpe: 1.096
Sharpe 95% CI: (np.float64(-1.704), np.float64(2.829))
Daily Win Rate (%): 26.47
Max Drawdown: -2575.5
Profit Factor: 1.578
Expectancy: 15.509
Total Trades: 176



Rolling 2 - Variant 2 - 10_8 - Fit Metrics
Returns: [-151.5, -151.5, 0, 273.4999999999961, -215.4999999999945, 0, 0, 0, 0, 0, 0, -151.5, 0, 0, 0, 0, 0, 0, 0, 0, 0, 0, -151.5, 0, 0, 0, 0, 0, 0, 0, 0, 986, 0, -151.5, 0, 0, -151.5, 0, 0, 0, -151.5, 0, 0, 0, 0, -151.5, 834.5, 0, 0, 0, 0, 0, 0, 0, 0, 0, 0, -151.5, 0, 0, 0, 0, 0, -151.5, 0, -151.5, 0, 0, 0, 0, -151.5, 0, 0, 0, 0, -303.0, 0, 0, 0, 0, 0, 0, -151.5, 0, 0, 0, 0, -151.5, 0, -151.5, 0, 0, 0, 0, 0, 834.5, 0, 0, 0, 0, 0, 986, 0, 0, 0, 0, 0, 0, -303.0, 0, 0, 0, 986, 0, 0, -151.5, 0, 0, 0, 0, 0, -151.5, 0, -303.0, 0, 1122.000000000039, 0, 0, 0, 0, 0, 0, 0, 0, 0, -151.5]
Sharpe Ratio: 0.074
Annualized Sharpe: 1.169
Sharpe 95% CI: (np.float64(-2.08), np.float64(3.154))
Daily Win Rate (%): 24.14
Max Drawdown: -1363.5
Profit Factor: 1.564
Expectancy: 15.963
Total Trades: 136

Rolling 2 - Variant 2 - 10_8 - Test Metrics
Returns: [-151.5, 0, 0, 0, 0, 0, 986, -151.5, 0, 0, 0, 0, 0, 0, 0, 0, 0, 0, 0, -151.5, 0, 0, 0, 0, 0, 986, 0, 0, 0, 0, 986, 0, 0, 0, 0, 0, 0, 0, 0, 0, 0, -151.5, 0, 0, 0, 986, 0, -151.5, 0, -151.5, 0, 0, 0, 0, 0, 0, 0, 0, 0, -454.5, -454.5, 0, 0, 0, 0, 0, -151.5, 0, 0, -151.5, 0, -303.0, 0, 0, 0, 0, 0, 0, 0, 0, 0, 0, 0, -303.0, 0, 0, 0, 0, 0, 0, 0, 0, 0, 0, 0, -151.5, 0, 0, 0, 0, 0, 0, -151.5, 0, 0, 0, 0, 0, -151.5, 0, 0, 0, 0, 0, 0, 0, 0, 672.0000000000339, 0, 0, 0, 0, -151.5, -303.0, 0, -151.5, 0, 0, 0, 461.0000000000032, 0, 0, 434.4999999999894, 0, 0, 0, 0, -26.50000000002638, 0, 0, 834.5, -151.5, 0, 1133.0000000000489, 0, 0, 0, 0, 0, 0, 0, -151.5, -151.5, 0, 0, 0, -151.5, 0, 0, 109.4999999999697, 0, 0, 0, 0, 0, 0, 0, 0, 0, 835.9999999999619, 0, 0, 0, 0, 0, 0]
Sharpe Ratio: 0.104
Annualized Sharpe: 1.647
Sharpe 95% CI: (np.float64(-0.761), np.float64(3.414))
Daily Win Rate (%): 32.35
Max Drawdown: -2575.5
Profit Factor: 1.906
Expectancy: 22.753
Total Trades: 176



Rolling 2 - Variant 3 - 10_12 - Fit Metrics
Returns: [-151.5, -151.5, 0, 273.4999999999961, -215.4999999999945, 0, 0, 0, 0, 0, 0, -151.5, 0, 0, 0, 0, 0, 0, 0, 0, 0, 0, -151.5, 0, 0, 0, 0, 0, 0, 0, 0, 1486, 0, -151.5, 0, 0, -151.5, 0, 0, 0, -151.5, 0, 0, 0, 0, -151.5, 909.5000000000482, 0, 0, 0, 0, 0, 0, 0, 0, 0, 0, -151.5, 0, 0, 0, 0, 0, -151.5, 0, -151.5, 0, 0, 0, 0, -151.5, 0, 0, 0, 0, -303.0, 0, 0, 0, 0, 0, 0, -151.5, 0, 0, 0, 0, -151.5, 0, -151.5, 0, 0, 0, 0, 0, 1334.5, 0, 0, 0, 0, 0, 860.9999999999592, 0, 0, 0, 0, 0, 0, -303.0, 0, 0, 0, 1486, 0, 0, -151.5, 0, 0, 0, 0, 0, -151.5, 0, -303.0, 0, -15.499999999961005, 0, 0, 0, 0, 0, 0, 0, 0, 0, -151.5]
Sharpe Ratio: 0.073
Annualized Sharpe: 1.153
Sharpe 95% CI: (np.float64(-2.369), np.float64(3.005))
Daily Win Rate (%): 20.69
Max Drawdown: -1363.5
Profit Factor: 1.642
Expectancy: 18.261
Total Trades: 136

Rolling 2 - Variant 3 - 10_12 - Test Metrics
Returns: [-151.5, 0, 0, 0, 0, 0, 1486, -151.5, 0, 0, 0, 0, 0, 0, 0, 0, 0, 0, 0, -151.5, 0, 0, 0, 0, 0, -151.5, 0, 0, 0, 0, -151.5, 0, 0, 0, 0, 0, 0, 0, 0, 0, 0, -151.5, 0, 0, 0, 1486, 0, -151.5, 0, -151.5, 0, 0, 0, 0, 0, 0, 0, 0, 0, -454.5, -454.5, 0, 0, 0, 0, 0, -151.5, 0, 0, -151.5, 0, -303.0, 0, 0, 0, 0, 0, 0, 0, 0, 0, 0, 0, -303.0, 0, 0, 0, 0, 0, 0, 0, 0, 0, 0, 0, -151.5, 0, 0, 0, 0, 0, 0, -151.5, 0, 0, 0, 0, 0, -151.5, 0, 0, 0, 0, 0, 0, 0, 0, 672.0000000000339, 0, 0, 0, 0, -151.5, -303.0, 0, -151.5, 0, 0, 0, 461.0000000000032, 0, 0, 434.4999999999894, 0, 0, 0, 0, -26.50000000002638, 0, 0, 1334.5, -151.5, 0, 1008.000000000008, 0, 0, 0, 0, 0, 0, 0, -151.5, -151.5, 0, 0, 0, -151.5, 0, 0, 109.4999999999697, 0, 0, 0, 0, 0, 0, 0, 0, 0, 835.9999999999619, 0, 0, 0, 0, 0, 0]
Sharpe Ratio: 0.074
Annualized Sharpe: 1.18
Sharpe 95% CI: (np.float64(-1.616), np.float64(2.865))
Daily Win Rate (%): 26.47
Max Drawdown: -2575.5
Profit Factor: 1.657
Expectancy: 17.639
Total Trades: 176



Rolling 2 - Variant 4 - 10_10 - Fit Metrics
Returns: [-151.5, -151.5, 0, 273.4999999999961, -215.4999999999945, 0, 0, 0, 0, 0, 0, -151.5, 0, 0, 0, 0, 0, 0, 0, 0, 0, 0, -151.5, 0, 0, 0, 0, 0, 0, 0, 0, 1236, 0, -151.5, 0, 0, -151.5, 0, 0, 0, -151.5, 0, 0, 0, 0, -151.5, 1084.5, 0, 0, 0, 0, 0, 0, 0, 0, 0, 0, -151.5, 0, 0, 0, 0, 0, -151.5, 0, -151.5, 0, 0, 0, 0, -151.5, 0, 0, 0, 0, -303.0, 0, 0, 0, 0, 0, 0, -151.5, 0, 0, 0, 0, -151.5, 0, -151.5, 0, 0, 0, 0, 0, 1084.5, 0, 0, 0, 0, 0, 1236, 0, 0, 0, 0, 0, 0, -303.0, 0, 0, 0, 1236, 0, 0, -151.5, 0, 0, 0, 0, 0, -151.5, 0, -303.0, 0, -15.499999999961005, 0, 0, 0, 0, 0, 0, 0, 0, 0, -151.5]
Sharpe Ratio: 0.07
Annualized Sharpe: 1.116
Sharpe 95% CI: (np.float64(-2.245), np.float64(3.016))
Daily Win Rate (%): 20.69
Max Drawdown: -1363.5
Profit Factor: 1.591
Expectancy: 16.79
Total Trades: 136

Rolling 2 - Variant 4 - 10_10 - Test Metrics
Returns: [-151.5, 0, 0, 0, 0, 0, 1236, -151.5, 0, 0, 0, 0, 0, 0, 0, 0, 0, 0, 0, -151.5, 0, 0, 0, 0, 0, -151.5, 0, 0, 0, 0, -151.5, 0, 0, 0, 0, 0, 0, 0, 0, 0, 0, -151.5, 0, 0, 0, 1236, 0, -151.5, 0, -151.5, 0, 0, 0, 0, 0, 0, 0, 0, 0, -454.5, -454.5, 0, 0, 0, 0, 0, -151.5, 0, 0, -151.5, 0, -303.0, 0, 0, 0, 0, 0, 0, 0, 0, 0, 0, 0, -303.0, 0, 0, 0, 0, 0, 0, 0, 0, 0, 0, 0, -151.5, 0, 0, 0, 0, 0, 0, -151.5, 0, 0, 0, 0, 0, -151.5, 0, 0, 0, 0, 0, 0, 0, 0, 672.0000000000339, 0, 0, 0, 0, -151.5, -303.0, 0, -151.5, 0, 0, 0, 461.0000000000032, 0, 0, 434.4999999999894, 0, 0, 0, 0, -26.50000000002638, 0, 0, 1084.5, -151.5, 0, 1008.000000000008, 0, 0, 0, 0, 0, 0, 0, -151.5, -151.5, 0, 0, 0, -151.5, 0, 0, 109.4999999999697, 0, 0, 0, 0, 0, 0, 0, 0, 0, 835.9999999999619, 0, 0, 0, 0, 0, 0]
Sharpe Ratio: 0.063
Annualized Sharpe: 0.999
Sharpe 95% CI: (np.float64(-1.827), np.float64(2.788))
Daily Win Rate (%): 26.47
Max Drawdown: -2575.5
Profit Factor: 1.499
Expectancy: 13.378
Total Trades: 176



Rolling 2 - Variant 5 - 10_5 - Fit Metrics
Returns: [-151.5, -151.5, 0, 273.4999999999961, -215.4999999999945, 0, 0, 0, 0, 0, 0, -151.5, 0, 0, 0, 0, 0, 0, 0, 0, 0, 0, -151.5, 0, 0, 0, 0, 0, 0, 0, 0, 611, 0, -151.5, 0, 0, -151.5, 0, 0, 0, -151.5, 0, 0, 0, 0, -151.5, 459.5, 0, 0, 0, 0, 0, 0, 0, 0, 0, 0, -151.5, 0, 0, 0, 0, 0, 611, 0, -151.5, 0, 0, 0, 0, -151.5, 0, 0, 0, 0, -303.0, 0, 0, 0, 0, 0, 0, -151.5, 0, 0, 0, 0, -151.5, 0, 611, 0, 0, 0, 0, 0, 459.5, 0, 0, 0, 0, 0, 611, 0, 0, 0, 0, 0, 0, -303.0, 0, 0, 0, 611, 0, 0, -151.5, 0, 0, 0, 0, 0, -151.5, 0, -303.0, 0, 747.000000000039, 0, 0, 0, 0, 0, 0, 0, 0, 0, -151.5]
Sharpe Ratio: 0.065
Annualized Sharpe: 1.034
Sharpe 95% CI: (np.float64(-1.985), np.float64(3.161))
Daily Win Rate (%): 31.03
Max Drawdown: -909.0
Profit Factor: 1.407
Expectancy: 10.632
Total Trades: 136

Rolling 2 - Variant 5 - 10_5 - Test Metrics
Returns: [-151.5, 0, 0, 0, 0, 0, 611, -151.5, 0, 0, 0, 0, 0, 0, 0, 0, 0, 0, 0, -151.5, 0, 0, 0, 0, 0, 611, 0, 0, 0, 0, 611, 0, 0, 0, 0, 0, 0, 0, 0, 0, 0, -151.5, 0, 0, 0, 611, 0, -151.5, 0, -151.5, 0, 0, 0, 0, 0, 0, 0, 0, 0, -454.5, -454.5, 0, 0, 0, 0, 0, -151.5, 0, 0, -151.5, 0, -303.0, 0, 0, 0, 0, 0, 0, 0, 0, 0, 0, 0, -303.0, 0, 0, 0, 0, 0, 0, 0, 0, 0, 0, 0, -151.5, 0, 0, 0, 0, 0, 0, -151.5, 0, 0, 0, 0, 0, -151.5, 0, 0, 0, 0, 0, 0, 0, 0, 809.5000000000043, 0, 0, 0, 0, -151.5, -303.0, 0, -151.5, 0, 0, 0, 461.0000000000032, 0, 0, 459.5, 0, 0, 0, 0, -26.50000000002638, 0, 0, 459.5, -151.5, 0, 758.0000000000489, 0, 0, 0, 0, 0, 0, 0, -151.5, -151.5, 0, 0, 0, -151.5, 0, 0, 459.5, 0, 0, 0, 0, 0, 0, 0, 0, 0, 611, 0, 0, 0, 0, 0, 0]
Sharpe Ratio: 0.069
Annualized Sharpe: 1.09
Sharpe 95% CI: (np.float64(-1.407), np.float64(3.036))
Daily Win Rate (%): 32.35
Max Drawdown: -2575.5
Profit Factor: 1.462
Expectancy: 11.602
Total Trades: 176



Rolling 2 - Variant 6 - 10_6 - Fit Metrics
Returns: [-151.5, -151.5, 0, 273.4999999999961, -215.4999999999945, 0, 0, 0, 0, 0, 0, -151.5, 0, 0, 0, 0, 0, 0, 0, 0, 0, 0, -151.5, 0, 0, 0, 0, 0, 0, 0, 0, 736, 0, -151.5, 0, 0, -151.5, 0, 0, 0, -151.5, 0, 0, 0, 0, -151.5, 584.5, 0, 0, 0, 0, 0, 0, 0, 0, 0, 0, -151.5, 0, 0, 0, 0, 0, 736, 0, -151.5, 0, 0, 0, 0, -151.5, 0, 0, 0, 0, -303.0, 0, 0, 0, 0, 0, 0, -151.5, 0, 0, 0, 0, -151.5, 0, -151.5, 0, 0, 0, 0, 0, 584.5, 0, 0, 0, 0, 0, 736, 0, 0, 0, 0, 0, 0, -303.0, 0, 0, 0, 736, 0, 0, -151.5, 0, 0, 0, 0, 0, -151.5, 0, -303.0, 0, 872.000000000039, 0, 0, 0, 0, 0, 0, 0, 0, 0, -151.5]
Sharpe Ratio: 0.064
Annualized Sharpe: 1.01
Sharpe 95% CI: (np.float64(-2.161), np.float64(3.126))
Daily Win Rate (%): 27.59
Max Drawdown: -1060.5
Profit Factor: 1.421
Expectancy: 11.46
Total Trades: 136

Rolling 2 - Variant 6 - 10_6 - Test Metrics
Returns: [-151.5, 0, 0, 0, 0, 0, 736, -151.5, 0, 0, 0, 0, 0, 0, 0, 0, 0, 0, 0, -151.5, 0, 0, 0, 0, 0, 736, 0, 0, 0, 0, 736, 0, 0, 0, 0, 0, 0, 0, 0, 0, 0, -151.5, 0, 0, 0, 736, 0, -151.5, 0, -151.5, 0, 0, 0, 0, 0, 0, 0, 0, 0, -454.5, -454.5, 0, 0, 0, 0, 0, -151.5, 0, 0, -151.5, 0, -303.0, 0, 0, 0, 0, 0, 0, 0, 0, 0, 0, 0, -303.0, 0, 0, 0, 0, 0, 0, 0, 0, 0, 0, 0, -151.5, 0, 0, 0, 0, 0, 0, -151.5, 0, 0, 0, 0, 0, -151.5, 0, 0, 0, 0, 0, 0, 0, 0, 934.5000000000043, 0, 0, 0, 0, -151.5, -303.0, 0, -151.5, 0, 0, 0, 461.0000000000032, 0, 0, 584.5, 0, 0, 0, 0, -26.50000000002638, 0, 0, 584.5, -151.5, 0, 883.0000000000489, 0, 0, 0, 0, 0, 0, 0, -151.5, -151.5, 0, 0, 0, -151.5, 0, 0, 584.5, 0, 0, 0, 0, 0, 0, 0, 0, 0, 736, 0, 0, 0, 0, 0, 0]
Sharpe Ratio: 0.096
Annualized Sharpe: 1.527
Sharpe 95% CI: (np.float64(-0.9), np.float64(3.37))
Daily Win Rate (%): 32.35
Max Drawdown: -2575.5
Profit Factor: 1.745
Expectancy: 18.705
Total Trades: 176



Rolling 2 - Variant 7 - 10_3 - Fit Metrics
Returns: [361, -151.5, 0, 273.4999999999961, -215.4999999999945, 0, 0, 0, 0, 0, 0, -151.5, 0, 0, 0, 0, 0, 0, 0, 0, 0, 0, -151.5, 0, 0, 0, 0, 0, 0, 0, 0, 361, 0, -151.5, 0, 0, -151.5, 0, 0, 0, -151.5, 0, 0, 0, 0, 361, 209.5, 0, 0, 0, 0, 0, 0, 0, 0, 0, 0, -151.5, 0, 0, 0, 0, 0, 361, 0, -151.5, 0, 0, 0, 0, -151.5, 0, 0, 0, 0, -303.0, 0, 0, 0, 0, 0, 0, -151.5, 0, 0, 0, 0, -151.5, 0, 361, 0, 0, 0, 0, 0, 209.5, 0, 0, 0, 0, 0, 361, 0, 0, 0, 0, 0, 0, -303.0, 0, 0, 0, 361, 0, 0, -151.5, 0, 0, 0, 0, 0, -151.5, 0, -303.0, 0, 497.000000000039, 0, 0, 0, 0, 0, 0, 0, 0, 0, 361]
Sharpe Ratio: 0.058
Annualized Sharpe: 0.928
Sharpe 95% CI: (np.float64(-1.996), np.float64(3.317))
Daily Win Rate (%): 41.38
Max Drawdown: -909.0
Profit Factor: 1.318
Expectancy: 7.232
Total Trades: 136

Rolling 2 - Variant 7 - 10_3 - Test Metrics
Returns: [-151.5, 0, 0, 0, 0, 0, 361, -151.5, 0, 0, 0, 0, 0, 0, 0, 0, 0, 0, 0, -151.5, 0, 0, 0, 0, 0, 361, 0, 0, 0, 0, 361, 0, 0, 0, 0, 0, 0, 0, 0, 0, 0, 361, 0, 0, 0, 361, 0, -151.5, 0, -151.5, 0, 0, 0, 0, 0, 0, 0, 0, 0, -454.5, -454.5, 0, 0, 0, 0, 0, -151.5, 0, 0, -151.5, 0, -303.0, 0, 0, 0, 0, 0, 0, 0, 0, 0, 0, 0, 209.5, 0, 0, 0, 0, 0, 0, 0, 0, 0, 0, 0, -151.5, 0, 0, 0, 0, 0, 0, -151.5, 0, 0, 0, 0, 0, -151.5, 0, 0, 0, 0, 0, 0, 0, 0, 722, 0, 0, 0, 0, -151.5, -303.0, 0, -151.5, 0, 0, 0, 361, 0, 0, 209.5, 0, 0, 0, 0, -26.50000000002638, 0, 0, 209.5, -151.5, 0, 570.5, 0, 0, 0, 0, 0, 0, 0, -151.5, -151.5, 0, 0, 0, -151.5, 0, 0, 209.5, 0, 0, 0, 0, 0, 0, 0, 0, 0, 361, 0, 0, 0, 0, 0, 0]
Sharpe Ratio: 0.031
Annualized Sharpe: 0.485
Sharpe 95% CI: (np.float64(-2.058), np.float64(2.627))
Daily Win Rate (%): 38.24
Max Drawdown: -2063.0
Profit Factor: 1.175
Expectancy: 3.932
Total Trades: 176



Rolling 2 - Variant 8 - 10_4 - Fit Metrics
Returns: [-151.5, -151.5, 0, 273.4999999999961, -215.4999999999945, 0, 0, 0, 0, 0, 0, -151.5, 0, 0, 0, 0, 0, 0, 0, 0, 0, 0, -151.5, 0, 0, 0, 0, 0, 0, 0, 0, 486, 0, -151.5, 0, 0, -151.5, 0, 0, 0, -151.5, 0, 0, 0, 0, -151.5, 334.5, 0, 0, 0, 0, 0, 0, 0, 0, 0, 0, -151.5, 0, 0, 0, 0, 0, 486, 0, -151.5, 0, 0, 0, 0, -151.5, 0, 0, 0, 0, -303.0, 0, 0, 0, 0, 0, 0, -151.5, 0, 0, 0, 0, -151.5, 0, 486, 0, 0, 0, 0, 0, 334.5, 0, 0, 0, 0, 0, 486, 0, 0, 0, 0, 0, 0, -303.0, 0, 0, 0, 486, 0, 0, -151.5, 0, 0, 0, 0, 0, -151.5, 0, -303.0, 0, 622.000000000039, 0, 0, 0, 0, 0, 0, 0, 0, 0, 486]
Sharpe Ratio: 0.056
Annualized Sharpe: 0.884
Sharpe 95% CI: (np.float64(-2.086), np.float64(3.128))
Daily Win Rate (%): 34.48
Max Drawdown: -909.0
Profit Factor: 1.319
Expectancy: 7.967
Total Trades: 136

Rolling 2 - Variant 8 - 10_4 - Test Metrics
Returns: [-151.5, 0, 0, 0, 0, 0, 486, -151.5, 0, 0, 0, 0, 0, 0, 0, 0, 0, 0, 0, -151.5, 0, 0, 0, 0, 0, 486, 0, 0, 0, 0, 486, 0, 0, 0, 0, 0, 0, 0, 0, 0, 0, 486, 0, 0, 0, 486, 0, -151.5, 0, -151.5, 0, 0, 0, 0, 0, 0, 0, 0, 0, -454.5, -454.5, 0, 0, 0, 0, 0, -151.5, 0, 0, -151.5, 0, -303.0, 0, 0, 0, 0, 0, 0, 0, 0, 0, 0, 0, 334.5, 0, 0, 0, 0, 0, 0, 0, 0, 0, 0, 0, -151.5, 0, 0, 0, 0, 0, 0, -151.5, 0, 0, 0, 0, 0, -151.5, 0, 0, 0, 0, 0, 0, 0, 0, 684.5000000000043, 0, 0, 0, 0, -151.5, -303.0, 0, -151.5, 0, 0, 0, 486, 0, 0, 334.5, 0, 0, 0, 0, -26.50000000002638, 0, 0, 334.5, -151.5, 0, 820.5, 0, 0, 0, 0, 0, 0, 0, -151.5, -151.5, 0, 0, 0, -151.5, 0, 0, 334.5, 0, 0, 0, 0, 0, 0, 0, 0, 0, 486, 0, 0, 0, 0, 0, 0]
Sharpe Ratio: 0.084
Annualized Sharpe: 1.331
Sharpe 95% CI: (np.float64(-1.091), np.float64(3.336))
Daily Win Rate (%): 38.24
Max Drawdown: -1938.0
Profit Factor: 1.575
Expectancy: 12.952
Total Trades: 176



Rolling 2 - Variant 9 - 10_9 - Fit Metrics
Returns: [-151.5, -151.5, 0, 273.4999999999961, -215.4999999999945, 0, 0, 0, 0, 0, 0, -151.5, 0, 0, 0, 0, 0, 0, 0, 0, 0, 0, -151.5, 0, 0, 0, 0, 0, 0, 0, 0, 1111, 0, -151.5, 0, 0, -151.5, 0, 0, 0, -151.5, 0, 0, 0, 0, -151.5, 959.5, 0, 0, 0, 0, 0, 0, 0, 0, 0, 0, -151.5, 0, 0, 0, 0, 0, -151.5, 0, -151.5, 0, 0, 0, 0, -151.5, 0, 0, 0, 0, -303.0, 0, 0, 0, 0, 0, 0, -151.5, 0, 0, 0, 0, -151.5, 0, -151.5, 0, 0, 0, 0, 0, 959.5, 0, 0, 0, 0, 0, 1111, 0, 0, 0, 0, 0, 0, -303.0, 0, 0, 0, 1111, 0, 0, -151.5, 0, 0, 0, 0, 0, -151.5, 0, -303.0, 0, -15.499999999961005, 0, 0, 0, 0, 0, 0, 0, 0, 0, -151.5]
Sharpe Ratio: 0.056
Annualized Sharpe: 0.894
Sharpe 95% CI: (np.float64(-2.577), np.float64(2.86))
Daily Win Rate (%): 20.69
Max Drawdown: -1363.5
Profit Factor: 1.429
Expectancy: 12.195
Total Trades: 136

Rolling 2 - Variant 9 - 10_9 - Test Metrics
Returns: [-151.5, 0, 0, 0, 0, 0, 1111, -151.5, 0, 0, 0, 0, 0, 0, 0, 0, 0, 0, 0, -151.5, 0, 0, 0, 0, 0, -151.5, 0, 0, 0, 0, 1111, 0, 0, 0, 0, 0, 0, 0, 0, 0, 0, -151.5, 0, 0, 0, 1111, 0, -151.5, 0, -151.5, 0, 0, 0, 0, 0, 0, 0, 0, 0, -454.5, -454.5, 0, 0, 0, 0, 0, -151.5, 0, 0, -151.5, 0, -303.0, 0, 0, 0, 0, 0, 0, 0, 0, 0, 0, 0, -303.0, 0, 0, 0, 0, 0, 0, 0, 0, 0, 0, 0, -151.5, 0, 0, 0, 0, 0, 0, -151.5, 0, 0, 0, 0, 0, -151.5, 0, 0, 0, 0, 0, 0, 0, 0, 672.0000000000339, 0, 0, 0, 0, -151.5, -303.0, 0, -151.5, 0, 0, 0, 461.0000000000032, 0, 0, 434.4999999999894, 0, 0, 0, 0, -26.50000000002638, 0, 0, 959.5, -151.5, 0, 1258.0000000000489, 0, 0, 0, 0, 0, 0, 0, -151.5, -151.5, 0, 0, 0, -151.5, 0, 0, 109.4999999999697, 0, 0, 0, 0, 0, 0, 0, 0, 0, 835.9999999999619, 0, 0, 0, 0, 0, 0]
Sharpe Ratio: 0.088
Annualized Sharpe: 1.404
Sharpe 95% CI: (np.float64(-1.15), np.float64(3.148))
Daily Win Rate (%): 29.41
Max Drawdown: -2575.5
Profit Factor: 1.764
Expectancy: 19.841
Total Trades: 176



Rolling 3 - Variant 0 - 10_7 - Fit Metrics
Returns: [-151.5, -151.5, 0, 273.4999999999961, -215.4999999999945, 0, 0, 0, 0, 0, 0, -151.5, 0, 0, 0, 0, 0, 0, 0, 0, 0, 0, -151.5, 0, 0, 0, 0, 0, 0, 0, 0, 861, 0, -151.5, 0, 0, -151.5, 0, 0, 0, -151.5, 0, 0, 0, 0, -151.5, 709.5, 0, 0, 0, 0, 0, 0, 0, 0, 0, 0, -151.5, 0, 0, 0, 0, 0, 861, 0, -151.5, 0, 0, 0, 0, -151.5, 0, 0, 0, 0, -303.0, 0, 0, 0, 0, 0, 0, -151.5, 0, 0, 0, 0, -151.5, 0, -151.5, 0, 0, 0, 0, 0, 709.5, 0, 0, 0, 0, 0, 861, 0, 0, 0, 0, 0, 0, -303.0, 0, 0, 0, 861, 0, 0, -151.5, 0, 0, 0, 0, 0, -151.5, 0, -303.0, 0, 997.000000000039, 0, 0, 0, 0, 0, 0, 0, 0, 0, -151.5, -151.5, 0, 0, 0, 0, 0, 861, -151.5, 0, 0, 0, 0, 0, 0, 0, 0, 0, 0, 0, -151.5, 0, 0, 0, 0, 0, 861, 0, 0, 0, 0, 861, 0, 0, 0, 0, 0, 0, 0, 0, 0, 0, -151.5, 0, 0]
Sharpe Ratio: 0.116
Annualized Sharpe: 1.844
Sharpe 95% CI: (np.float64(-0.46), np.float64(3.491))
Daily Win Rate (%): 30.56
Max Drawdown: -1060.5
Profit Factor: 2.024
Expectancy: 24.503
Total Trades: 180

Rolling 3 - Variant 0 - 10_7 - Test Metrics
Returns: [0, 861, 0, -151.5, 0, -151.5, 0, 0, 0, 0, 0, 0, 0, 0, 0, -454.5, -454.5, 0, 0, 0, 0, 0, -151.5, 0, 0, -151.5, 0, -303.0, 0, 0, 0, 0, 0, 0, 0, 0, 0, 0, 0, -303.0, 0, 0, 0, 0, 0, 0, 0, 0, 0, 0, 0, -151.5, 0, 0, 0, 0, 0, 0, -151.5, 0, 0, 0, 0, 0, -151.5, 0, 0, 0, 0, 0, 0, 0, 0, 672.0000000000339, 0, 0, 0, 0, -151.5, -303.0, 0, -151.5, 0, 0, 0, 461.0000000000032, 0, 0, 709.5, 0, 0, 0, 0, -26.50000000002638, 0, 0, 709.5, -151.5, 0, 1008.0000000000489, 0, 0, 0, 0, 0, 0, 0, -151.5, -151.5, 0, 0, 0, -151.5, 0, 0, 709.5, 0, 0, 0, 0, 0, 0, 0, 0, 0, 861, 0, 0, 0, 0, 0, 0]
Sharpe Ratio: 0.08
Annualized Sharpe: 1.264
Sharpe 95% CI: (np.float64(-1.751), np.float64(3.49))
Daily Win Rate (%): 29.63
Max Drawdown: -2575.5
Profit Factor: 1.571
Expectancy: 16.496
Total Trades: 132



Rolling 3 - Variant 1 - 10_8 - Fit Metrics
Returns: [-151.5, -151.5, 0, 273.4999999999961, -215.4999999999945, 0, 0, 0, 0, 0, 0, -151.5, 0, 0, 0, 0, 0, 0, 0, 0, 0, 0, -151.5, 0, 0, 0, 0, 0, 0, 0, 0, 986, 0, -151.5, 0, 0, -151.5, 0, 0, 0, -151.5, 0, 0, 0, 0, -151.5, 834.5, 0, 0, 0, 0, 0, 0, 0, 0, 0, 0, -151.5, 0, 0, 0, 0, 0, -151.5, 0, -151.5, 0, 0, 0, 0, -151.5, 0, 0, 0, 0, -303.0, 0, 0, 0, 0, 0, 0, -151.5, 0, 0, 0, 0, -151.5, 0, -151.5, 0, 0, 0, 0, 0, 834.5, 0, 0, 0, 0, 0, 986, 0, 0, 0, 0, 0, 0, -303.0, 0, 0, 0, 986, 0, 0, -151.5, 0, 0, 0, 0, 0, -151.5, 0, -303.0, 0, 1122.000000000039, 0, 0, 0, 0, 0, 0, 0, 0, 0, -151.5, -151.5, 0, 0, 0, 0, 0, 986, -151.5, 0, 0, 0, 0, 0, 0, 0, 0, 0, 0, 0, -151.5, 0, 0, 0, 0, 0, 986, 0, 0, 0, 0, 986, 0, 0, 0, 0, 0, 0, 0, 0, 0, 0, -151.5, 0, 0]
Sharpe Ratio: 0.11
Annualized Sharpe: 1.753
Sharpe 95% CI: (np.float64(-0.557), np.float64(3.409))
Daily Win Rate (%): 27.78
Max Drawdown: -1363.5
Profit Factor: 2.015
Expectancy: 25.128
Total Trades: 180

Rolling 3 - Variant 1 - 10_8 - Test Metrics
Returns: [0, 986, 0, -151.5, 0, -151.5, 0, 0, 0, 0, 0, 0, 0, 0, 0, -454.5, -454.5, 0, 0, 0, 0, 0, -151.5, 0, 0, -151.5, 0, -303.0, 0, 0, 0, 0, 0, 0, 0, 0, 0, 0, 0, -303.0, 0, 0, 0, 0, 0, 0, 0, 0, 0, 0, 0, -151.5, 0, 0, 0, 0, 0, 0, -151.5, 0, 0, 0, 0, 0, -151.5, 0, 0, 0, 0, 0, 0, 0, 0, 672.0000000000339, 0, 0, 0, 0, -151.5, -303.0, 0, -151.5, 0, 0, 0, 461.0000000000032, 0, 0, 434.4999999999894, 0, 0, 0, 0, -26.50000000002638, 0, 0, 834.5, -151.5, 0, 1133.0000000000489, 0, 0, 0, 0, 0, 0, 0, -151.5, -151.5, 0, 0, 0, -151.5, 0, 0, 109.4999999999697, 0, 0, 0, 0, 0, 0, 0, 0, 0, 835.9999999999619, 0, 0, 0, 0, 0, 0]
Sharpe Ratio: 0.061
Annualized Sharpe: 0.971
Sharpe 95% CI: (np.float64(-2.255), np.float64(3.132))
Daily Win Rate (%): 29.63
Max Drawdown: -2575.5
Profit Factor: 1.433
Expectancy: 12.519
Total Trades: 132



Rolling 3 - Variant 2 - 10_4 - Fit Metrics
Returns: [-151.5, -151.5, 0, 273.4999999999961, -215.4999999999945, 0, 0, 0, 0, 0, 0, -151.5, 0, 0, 0, 0, 0, 0, 0, 0, 0, 0, -151.5, 0, 0, 0, 0, 0, 0, 0, 0, 486, 0, -151.5, 0, 0, -151.5, 0, 0, 0, -151.5, 0, 0, 0, 0, -151.5, 334.5, 0, 0, 0, 0, 0, 0, 0, 0, 0, 0, -151.5, 0, 0, 0, 0, 0, 486, 0, -151.5, 0, 0, 0, 0, -151.5, 0, 0, 0, 0, -303.0, 0, 0, 0, 0, 0, 0, -151.5, 0, 0, 0, 0, -151.5, 0, 486, 0, 0, 0, 0, 0, 334.5, 0, 0, 0, 0, 0, 486, 0, 0, 0, 0, 0, 0, -303.0, 0, 0, 0, 486, 0, 0, -151.5, 0, 0, 0, 0, 0, -151.5, 0, -303.0, 0, 622.000000000039, 0, 0, 0, 0, 0, 0, 0, 0, 0, 486, -151.5, 0, 0, 0, 0, 0, 486, -151.5, 0, 0, 0, 0, 0, 0, 0, 0, 0, 0, 0, -151.5, 0, 0, 0, 0, 0, 486, 0, 0, 0, 0, 486, 0, 0, 0, 0, 0, 0, 0, 0, 0, 0, 486, 0, 0]
Sharpe Ratio: 0.099
Annualized Sharpe: 1.569
Sharpe 95% CI: (np.float64(-0.813), np.float64(3.44))
Daily Win Rate (%): 38.89
Max Drawdown: -909.0
Profit Factor: 1.668
Expectancy: 14.294
Total Trades: 180

Rolling 3 - Variant 2 - 10_4 - Test Metrics
Returns: [0, 486, 0, -151.5, 0, -151.5, 0, 0, 0, 0, 0, 0, 0, 0, 0, -454.5, -454.5, 0, 0, 0, 0, 0, -151.5, 0, 0, -151.5, 0, -303.0, 0, 0, 0, 0, 0, 0, 0, 0, 0, 0, 0, 334.5, 0, 0, 0, 0, 0, 0, 0, 0, 0, 0, 0, -151.5, 0, 0, 0, 0, 0, 0, -151.5, 0, 0, 0, 0, 0, -151.5, 0, 0, 0, 0, 0, 0, 0, 0, 684.5000000000043, 0, 0, 0, 0, -151.5, -303.0, 0, -151.5, 0, 0, 0, 486, 0, 0, 334.5, 0, 0, 0, 0, -26.50000000002638, 0, 0, 334.5, -151.5, 0, 820.5, 0, 0, 0, 0, 0, 0, 0, -151.5, -151.5, 0, 0, 0, -151.5, 0, 0, 334.5, 0, 0, 0, 0, 0, 0, 0, 0, 0, 486, 0, 0, 0, 0, 0, 0]
Sharpe Ratio: 0.038
Annualized Sharpe: 0.609
Sharpe 95% CI: (np.float64(-2.498), np.float64(2.943))
Daily Win Rate (%): 33.33
Max Drawdown: -1938.0
Profit Factor: 1.225
Expectancy: 5.985
Total Trades: 132



Rolling 3 - Variant 3 - 10_6 - Fit Metrics
Returns: [-151.5, -151.5, 0, 273.4999999999961, -215.4999999999945, 0, 0, 0, 0, 0, 0, -151.5, 0, 0, 0, 0, 0, 0, 0, 0, 0, 0, -151.5, 0, 0, 0, 0, 0, 0, 0, 0, 736, 0, -151.5, 0, 0, -151.5, 0, 0, 0, -151.5, 0, 0, 0, 0, -151.5, 584.5, 0, 0, 0, 0, 0, 0, 0, 0, 0, 0, -151.5, 0, 0, 0, 0, 0, 736, 0, -151.5, 0, 0, 0, 0, -151.5, 0, 0, 0, 0, -303.0, 0, 0, 0, 0, 0, 0, -151.5, 0, 0, 0, 0, -151.5, 0, -151.5, 0, 0, 0, 0, 0, 584.5, 0, 0, 0, 0, 0, 736, 0, 0, 0, 0, 0, 0, -303.0, 0, 0, 0, 736, 0, 0, -151.5, 0, 0, 0, 0, 0, -151.5, 0, -303.0, 0, 872.000000000039, 0, 0, 0, 0, 0, 0, 0, 0, 0, -151.5, -151.5, 0, 0, 0, 0, 0, 736, -151.5, 0, 0, 0, 0, 0, 0, 0, 0, 0, 0, 0, -151.5, 0, 0, 0, 0, 0, 736, 0, 0, 0, 0, 736, 0, 0, 0, 0, 0, 0, 0, 0, 0, 0, -151.5, 0, 0]
Sharpe Ratio: 0.095
Annualized Sharpe: 1.515
Sharpe 95% CI: (np.float64(-0.892), np.float64(3.236))
Daily Win Rate (%): 30.56
Max Drawdown: -1060.5
Profit Factor: 1.734
Expectancy: 17.558
Total Trades: 180

Rolling 3 - Variant 3 - 10_6 - Test Metrics
Returns: [0, 736, 0, -151.5, 0, -151.5, 0, 0, 0, 0, 0, 0, 0, 0, 0, -454.5, -454.5, 0, 0, 0, 0, 0, -151.5, 0, 0, -151.5, 0, -303.0, 0, 0, 0, 0, 0, 0, 0, 0, 0, 0, 0, -303.0, 0, 0, 0, 0, 0, 0, 0, 0, 0, 0, 0, -151.5, 0, 0, 0, 0, 0, 0, -151.5, 0, 0, 0, 0, 0, -151.5, 0, 0, 0, 0, 0, 0, 0, 0, 934.5000000000043, 0, 0, 0, 0, -151.5, -303.0, 0, -151.5, 0, 0, 0, 461.0000000000032, 0, 0, 584.5, 0, 0, 0, 0, -26.50000000002638, 0, 0, 584.5, -151.5, 0, 883.0000000000489, 0, 0, 0, 0, 0, 0, 0, -151.5, -151.5, 0, 0, 0, -151.5, 0, 0, 584.5, 0, 0, 0, 0, 0, 0, 0, 0, 0, 736, 0, 0, 0, 0, 0, 0]
Sharpe Ratio: 0.066
Annualized Sharpe: 1.047
Sharpe 95% CI: (np.float64(-2.031), np.float64(3.287))
Daily Win Rate (%): 29.63
Max Drawdown: -2575.5
Profit Factor: 1.443
Expectancy: 12.803
Total Trades: 132



Rolling 3 - Variant 4 - 10_5 - Fit Metrics
Returns: [-151.5, -151.5, 0, 273.4999999999961, -215.4999999999945, 0, 0, 0, 0, 0, 0, -151.5, 0, 0, 0, 0, 0, 0, 0, 0, 0, 0, -151.5, 0, 0, 0, 0, 0, 0, 0, 0, 611, 0, -151.5, 0, 0, -151.5, 0, 0, 0, -151.5, 0, 0, 0, 0, -151.5, 459.5, 0, 0, 0, 0, 0, 0, 0, 0, 0, 0, -151.5, 0, 0, 0, 0, 0, 611, 0, -151.5, 0, 0, 0, 0, -151.5, 0, 0, 0, 0, -303.0, 0, 0, 0, 0, 0, 0, -151.5, 0, 0, 0, 0, -151.5, 0, 611, 0, 0, 0, 0, 0, 459.5, 0, 0, 0, 0, 0, 611, 0, 0, 0, 0, 0, 0, -303.0, 0, 0, 0, 611, 0, 0, -151.5, 0, 0, 0, 0, 0, -151.5, 0, -303.0, 0, 747.000000000039, 0, 0, 0, 0, 0, 0, 0, 0, 0, -151.5, -151.5, 0, 0, 0, 0, 0, 611, -151.5, 0, 0, 0, 0, 0, 0, 0, 0, 0, 0, 0, -151.5, 0, 0, 0, 0, 0, 611, 0, 0, 0, 0, 611, 0, 0, 0, 0, 0, 0, 0, 0, 0, 0, -151.5, 0, 0]
Sharpe Ratio: 0.091
Annualized Sharpe: 1.442
Sharpe 95% CI: (np.float64(-0.977), np.float64(3.234))
Daily Win Rate (%): 33.33
Max Drawdown: -909.0
Profit Factor: 1.643
Expectancy: 14.85
Total Trades: 180

Rolling 3 - Variant 4 - 10_5 - Test Metrics
Returns: [0, 611, 0, -151.5, 0, -151.5, 0, 0, 0, 0, 0, 0, 0, 0, 0, -454.5, -454.5, 0, 0, 0, 0, 0, -151.5, 0, 0, -151.5, 0, -303.0, 0, 0, 0, 0, 0, 0, 0, 0, 0, 0, 0, -303.0, 0, 0, 0, 0, 0, 0, 0, 0, 0, 0, 0, -151.5, 0, 0, 0, 0, 0, 0, -151.5, 0, 0, 0, 0, 0, -151.5, 0, 0, 0, 0, 0, 0, 0, 0, 809.5000000000043, 0, 0, 0, 0, -151.5, -303.0, 0, -151.5, 0, 0, 0, 461.0000000000032, 0, 0, 459.5, 0, 0, 0, 0, -26.50000000002638, 0, 0, 459.5, -151.5, 0, 758.0000000000489, 0, 0, 0, 0, 0, 0, 0, -151.5, -151.5, 0, 0, 0, -151.5, 0, 0, 459.5, 0, 0, 0, 0, 0, 0, 0, 0, 0, 611, 0, 0, 0, 0, 0, 0]
Sharpe Ratio: 0.036
Annualized Sharpe: 0.575
Sharpe 95% CI: (np.float64(-2.577), np.float64(2.934))
Daily Win Rate (%): 29.63
Max Drawdown: -2575.5
Profit Factor: 1.214
Expectancy: 6.174
Total Trades: 132



Rolling 3 - Variant 5 - 10_3 - Fit Metrics
Returns: [361, -151.5, 0, 273.4999999999961, -215.4999999999945, 0, 0, 0, 0, 0, 0, -151.5, 0, 0, 0, 0, 0, 0, 0, 0, 0, 0, -151.5, 0, 0, 0, 0, 0, 0, 0, 0, 361, 0, -151.5, 0, 0, -151.5, 0, 0, 0, -151.5, 0, 0, 0, 0, 361, 209.5, 0, 0, 0, 0, 0, 0, 0, 0, 0, 0, -151.5, 0, 0, 0, 0, 0, 361, 0, -151.5, 0, 0, 0, 0, -151.5, 0, 0, 0, 0, -303.0, 0, 0, 0, 0, 0, 0, -151.5, 0, 0, 0, 0, -151.5, 0, 361, 0, 0, 0, 0, 0, 209.5, 0, 0, 0, 0, 0, 361, 0, 0, 0, 0, 0, 0, -303.0, 0, 0, 0, 361, 0, 0, -151.5, 0, 0, 0, 0, 0, -151.5, 0, -303.0, 0, 497.000000000039, 0, 0, 0, 0, 0, 0, 0, 0, 0, 361, -151.5, 0, 0, 0, 0, 0, 361, -151.5, 0, 0, 0, 0, 0, 0, 0, 0, 0, 0, 0, -151.5, 0, 0, 0, 0, 0, 361, 0, 0, 0, 0, 361, 0, 0, 0, 0, 0, 0, 0, 0, 0, 0, 361, 0, 0]
Sharpe Ratio: 0.09
Annualized Sharpe: 1.433
Sharpe 95% CI: (np.float64(-0.922), np.float64(3.462))
Daily Win Rate (%): 44.44
Max Drawdown: -909.0
Profit Factor: 1.556
Expectancy: 10.961
Total Trades: 180

Rolling 3 - Variant 5 - 10_3 - Test Metrics
Returns: [0, 361, 0, -151.5, 0, -151.5, 0, 0, 0, 0, 0, 0, 0, 0, 0, -454.5, -454.5, 0, 0, 0, 0, 0, -151.5, 0, 0, -151.5, 0, -303.0, 0, 0, 0, 0, 0, 0, 0, 0, 0, 0, 0, 209.5, 0, 0, 0, 0, 0, 0, 0, 0, 0, 0, 0, -151.5, 0, 0, 0, 0, 0, 0, -151.5, 0, 0, 0, 0, 0, -151.5, 0, 0, 0, 0, 0, 0, 0, 0, 722, 0, 0, 0, 0, -151.5, -303.0, 0, -151.5, 0, 0, 0, 361, 0, 0, 209.5, 0, 0, 0, 0, -26.50000000002638, 0, 0, 209.5, -151.5, 0, 570.5, 0, 0, 0, 0, 0, 0, 0, -151.5, -151.5, 0, 0, 0, -151.5, 0, 0, 209.5, 0, 0, 0, 0, 0, 0, 0, 0, 0, 361, 0, 0, 0, 0, 0, 0]
Sharpe Ratio: -0.017
Annualized Sharpe: -0.27
Sharpe 95% CI: (np.float64(-3.41), np.float64(2.211))
Daily Win Rate (%): 33.33
Max Drawdown: -2063.0
Profit Factor: 0.915
Expectancy: -2.254
Total Trades: 132



Rolling 3 - Variant 6 - 10_9 - Fit Metrics
Returns: [-151.5, -151.5, 0, 273.4999999999961, -215.4999999999945, 0, 0, 0, 0, 0, 0, -151.5, 0, 0, 0, 0, 0, 0, 0, 0, 0, 0, -151.5, 0, 0, 0, 0, 0, 0, 0, 0, 1111, 0, -151.5, 0, 0, -151.5, 0, 0, 0, -151.5, 0, 0, 0, 0, -151.5, 959.5, 0, 0, 0, 0, 0, 0, 0, 0, 0, 0, -151.5, 0, 0, 0, 0, 0, -151.5, 0, -151.5, 0, 0, 0, 0, -151.5, 0, 0, 0, 0, -303.0, 0, 0, 0, 0, 0, 0, -151.5, 0, 0, 0, 0, -151.5, 0, -151.5, 0, 0, 0, 0, 0, 959.5, 0, 0, 0, 0, 0, 1111, 0, 0, 0, 0, 0, 0, -303.0, 0, 0, 0, 1111, 0, 0, -151.5, 0, 0, 0, 0, 0, -151.5, 0, -303.0, 0, -15.499999999961005, 0, 0, 0, 0, 0, 0, 0, 0, 0, -151.5, -151.5, 0, 0, 0, 0, 0, 1111, -151.5, 0, 0, 0, 0, 0, 0, 0, 0, 0, 0, 0, -151.5, 0, 0, 0, 0, 0, -151.5, 0, 0, 0, 0, 1111, 0, 0, 0, 0, 0, 0, 0, 0, 0, 0, -151.5, 0, 0]
Sharpe Ratio: 0.078
Annualized Sharpe: 1.236
Sharpe 95% CI: (np.float64(-1.334), np.float64(2.905))
Daily Win Rate (%): 22.22
Max Drawdown: -1363.5
Profit Factor: 1.675
Expectancy: 17.35
Total Trades: 180

Rolling 3 - Variant 6 - 10_9 - Test Metrics
Returns: [0, 1111, 0, -151.5, 0, -151.5, 0, 0, 0, 0, 0, 0, 0, 0, 0, -454.5, -454.5, 0, 0, 0, 0, 0, -151.5, 0, 0, -151.5, 0, -303.0, 0, 0, 0, 0, 0, 0, 0, 0, 0, 0, 0, -303.0, 0, 0, 0, 0, 0, 0, 0, 0, 0, 0, 0, -151.5, 0, 0, 0, 0, 0, 0, -151.5, 0, 0, 0, 0, 0, -151.5, 0, 0, 0, 0, 0, 0, 0, 0, 672.0000000000339, 0, 0, 0, 0, -151.5, -303.0, 0, -151.5, 0, 0, 0, 461.0000000000032, 0, 0, 434.4999999999894, 0, 0, 0, 0, -26.50000000002638, 0, 0, 959.5, -151.5, 0, 1258.0000000000489, 0, 0, 0, 0, 0, 0, 0, -151.5, -151.5, 0, 0, 0, -151.5, 0, 0, 109.4999999999697, 0, 0, 0, 0, 0, 0, 0, 0, 0, 835.9999999999619, 0, 0, 0, 0, 0, 0]
Sharpe Ratio: 0.07
Annualized Sharpe: 1.116
Sharpe 95% CI: (np.float64(-2.11), np.float64(3.191))
Daily Win Rate (%): 29.63
Max Drawdown: -2575.5
Profit Factor: 1.532
Expectancy: 15.36
Total Trades: 132



Rolling 3 - Variant 7 - 10_11 - Fit Metrics
Returns: [-151.5, -151.5, 0, 273.4999999999961, -215.4999999999945, 0, 0, 0, 0, 0, 0, -151.5, 0, 0, 0, 0, 0, 0, 0, 0, 0, 0, -151.5, 0, 0, 0, 0, 0, 0, 0, 0, 1361, 0, -151.5, 0, 0, -151.5, 0, 0, 0, -151.5, 0, 0, 0, 0, -151.5, 909.5000000000482, 0, 0, 0, 0, 0, 0, 0, 0, 0, 0, -151.5, 0, 0, 0, 0, 0, -151.5, 0, -151.5, 0, 0, 0, 0, -151.5, 0, 0, 0, 0, -303.0, 0, 0, 0, 0, 0, 0, -151.5, 0, 0, 0, 0, -151.5, 0, -151.5, 0, 0, 0, 0, 0, 1209.5, 0, 0, 0, 0, 0, 1361, 0, 0, 0, 0, 0, 0, -303.0, 0, 0, 0, 1361, 0, 0, -151.5, 0, 0, 0, 0, 0, -151.5, 0, -303.0, 0, -15.499999999961005, 0, 0, 0, 0, 0, 0, 0, 0, 0, -151.5, -151.5, 0, 0, 0, 0, 0, 1361, -151.5, 0, 0, 0, 0, 0, 0, 0, 0, 0, 0, 0, -151.5, 0, 0, 0, 0, 0, -151.5, 0, 0, 0, 0, -151.5, 0, 0, 0, 0, 0, 0, 0, 0, 0, 0, -151.5, 0, 0]
Sharpe Ratio: 0.07
Annualized Sharpe: 1.109
Sharpe 95% CI: (np.float64(-1.642), np.float64(2.758))
Daily Win Rate (%): 19.44
Max Drawdown: -1363.5
Profit Factor: 1.641
Expectancy: 17.003
Total Trades: 180

Rolling 3 - Variant 7 - 10_11 - Test Metrics
Returns: [0, 1361, 0, -151.5, 0, -151.5, 0, 0, 0, 0, 0, 0, 0, 0, 0, -454.5, -454.5, 0, 0, 0, 0, 0, -151.5, 0, 0, -151.5, 0, -303.0, 0, 0, 0, 0, 0, 0, 0, 0, 0, 0, 0, -303.0, 0, 0, 0, 0, 0, 0, 0, 0, 0, 0, 0, -151.5, 0, 0, 0, 0, 0, 0, -151.5, 0, 0, 0, 0, 0, -151.5, 0, 0, 0, 0, 0, 0, 0, 0, 672.0000000000339, 0, 0, 0, 0, -151.5, -303.0, 0, -151.5, 0, 0, 0, 461.0000000000032, 0, 0, 434.4999999999894, 0, 0, 0, 0, -26.50000000002638, 0, 0, 1209.5, -151.5, 0, 1008.000000000008, 0, 0, 0, 0, 0, 0, 0, -151.5, -151.5, 0, 0, 0, -151.5, 0, 0, 109.4999999999697, 0, 0, 0, 0, 0, 0, 0, 0, 0, 835.9999999999619, 0, 0, 0, 0, 0, 0]
Sharpe Ratio: 0.075
Annualized Sharpe: 1.198
Sharpe 95% CI: (np.float64(-2.003), np.float64(3.212))
Daily Win Rate (%): 29.63
Max Drawdown: -2575.5
Profit Factor: 1.597
Expectancy: 17.254
Total Trades: 132



Rolling 3 - Variant 8 - 10_12 - Fit Metrics
Returns: [-151.5, -151.5, 0, 273.4999999999961, -215.4999999999945, 0, 0, 0, 0, 0, 0, -151.5, 0, 0, 0, 0, 0, 0, 0, 0, 0, 0, -151.5, 0, 0, 0, 0, 0, 0, 0, 0, 1486, 0, -151.5, 0, 0, -151.5, 0, 0, 0, -151.5, 0, 0, 0, 0, -151.5, 909.5000000000482, 0, 0, 0, 0, 0, 0, 0, 0, 0, 0, -151.5, 0, 0, 0, 0, 0, -151.5, 0, -151.5, 0, 0, 0, 0, -151.5, 0, 0, 0, 0, -303.0, 0, 0, 0, 0, 0, 0, -151.5, 0, 0, 0, 0, -151.5, 0, -151.5, 0, 0, 0, 0, 0, 1334.5, 0, 0, 0, 0, 0, 860.9999999999592, 0, 0, 0, 0, 0, 0, -303.0, 0, 0, 0, 1486, 0, 0, -151.5, 0, 0, 0, 0, 0, -151.5, 0, -303.0, 0, -15.499999999961005, 0, 0, 0, 0, 0, 0, 0, 0, 0, -151.5, -151.5, 0, 0, 0, 0, 0, 1486, -151.5, 0, 0, 0, 0, 0, 0, 0, 0, 0, 0, 0, -151.5, 0, 0, 0, 0, 0, -151.5, 0, 0, 0, 0, -151.5, 0, 0, 0, 0, 0, 0, 0, 0, 0, 0, -151.5, 0, 0]
Sharpe Ratio: 0.069
Annualized Sharpe: 1.095
Sharpe 95% CI: (np.float64(-1.637), np.float64(2.723))
Daily Win Rate (%): 19.44
Max Drawdown: -1363.5
Profit Factor: 1.641
Expectancy: 17.003
Total Trades: 180

Rolling 3 - Variant 8 - 10_12 - Test Metrics
Returns: [0, 1486, 0, -151.5, 0, -151.5, 0, 0, 0, 0, 0, 0, 0, 0, 0, -454.5, -454.5, 0, 0, 0, 0, 0, -151.5, 0, 0, -151.5, 0, -303.0, 0, 0, 0, 0, 0, 0, 0, 0, 0, 0, 0, -303.0, 0, 0, 0, 0, 0, 0, 0, 0, 0, 0, 0, -151.5, 0, 0, 0, 0, 0, 0, -151.5, 0, 0, 0, 0, 0, -151.5, 0, 0, 0, 0, 0, 0, 0, 0, 672.0000000000339, 0, 0, 0, 0, -151.5, -303.0, 0, -151.5, 0, 0, 0, 461.0000000000032, 0, 0, 434.4999999999894, 0, 0, 0, 0, -26.50000000002638, 0, 0, 1334.5, -151.5, 0, 1008.000000000008, 0, 0, 0, 0, 0, 0, 0, -151.5, -151.5, 0, 0, 0, -151.5, 0, 0, 109.4999999999697, 0, 0, 0, 0, 0, 0, 0, 0, 0, 835.9999999999619, 0, 0, 0, 0, 0, 0]
Sharpe Ratio: 0.08
Annualized Sharpe: 1.27
Sharpe 95% CI: (np.float64(-1.886), np.float64(3.236))
Daily Win Rate (%): 29.63
Max Drawdown: -2575.5
Profit Factor: 1.663
Expectancy: 19.148
Total Trades: 132



Rolling 3 - Variant 9 - 10_10 - Fit Metrics
Returns: [-151.5, -151.5, 0, 273.4999999999961, -215.4999999999945, 0, 0, 0, 0, 0, 0, -151.5, 0, 0, 0, 0, 0, 0, 0, 0, 0, 0, -151.5, 0, 0, 0, 0, 0, 0, 0, 0, 1236, 0, -151.5, 0, 0, -151.5, 0, 0, 0, -151.5, 0, 0, 0, 0, -151.5, 1084.5, 0, 0, 0, 0, 0, 0, 0, 0, 0, 0, -151.5, 0, 0, 0, 0, 0, -151.5, 0, -151.5, 0, 0, 0, 0, -151.5, 0, 0, 0, 0, -303.0, 0, 0, 0, 0, 0, 0, -151.5, 0, 0, 0, 0, -151.5, 0, -151.5, 0, 0, 0, 0, 0, 1084.5, 0, 0, 0, 0, 0, 1236, 0, 0, 0, 0, 0, 0, -303.0, 0, 0, 0, 1236, 0, 0, -151.5, 0, 0, 0, 0, 0, -151.5, 0, -303.0, 0, -15.499999999961005, 0, 0, 0, 0, 0, 0, 0, 0, 0, -151.5, -151.5, 0, 0, 0, 0, 0, 1236, -151.5, 0, 0, 0, 0, 0, 0, 0, 0, 0, 0, 0, -151.5, 0, 0, 0, 0, 0, -151.5, 0, 0, 0, 0, -151.5, 0, 0, 0, 0, 0, 0, 0, 0, 0, 0, -151.5, 0, 0]
Sharpe Ratio: 0.063
Annualized Sharpe: 1.006
Sharpe 95% CI: (np.float64(-1.754), np.float64(2.68))
Daily Win Rate (%): 19.44
Max Drawdown: -1363.5
Profit Factor: 1.547
Expectancy: 14.503
Total Trades: 180

Rolling 3 - Variant 9 - 10_10 - Test Metrics
Returns: [0, 1236, 0, -151.5, 0, -151.5, 0, 0, 0, 0, 0, 0, 0, 0, 0, -454.5, -454.5, 0, 0, 0, 0, 0, -151.5, 0, 0, -151.5, 0, -303.0, 0, 0, 0, 0, 0, 0, 0, 0, 0, 0, 0, -303.0, 0, 0, 0, 0, 0, 0, 0, 0, 0, 0, 0, -151.5, 0, 0, 0, 0, 0, 0, -151.5, 0, 0, 0, 0, 0, -151.5, 0, 0, 0, 0, 0, 0, 0, 0, 672.0000000000339, 0, 0, 0, 0, -151.5, -303.0, 0, -151.5, 0, 0, 0, 461.0000000000032, 0, 0, 434.4999999999894, 0, 0, 0, 0, -26.50000000002638, 0, 0, 1084.5, -151.5, 0, 1008.000000000008, 0, 0, 0, 0, 0, 0, 0, -151.5, -151.5, 0, 0, 0, -151.5, 0, 0, 109.4999999999697, 0, 0, 0, 0, 0, 0, 0, 0, 0, 835.9999999999619, 0, 0, 0, 0, 0, 0]
Sharpe Ratio: 0.07
Annualized Sharpe: 1.117
Sharpe 95% CI: (np.float64(-2.078), np.float64(3.192))
Daily Win Rate (%): 29.63
Max Drawdown: -2575.5
Profit Factor: 1.532
Expectancy: 15.36
Total Trades: 132



Rolling 4 - Variant 0 - 10_7 - Fit Metrics
Returns: [-151.5, -151.5, 0, 273.4999999999961, -215.4999999999945, 0, 0, 0, 0, 0, 0, -151.5, 0, 0, 0, 0, 0, 0, 0, 0, 0, 0, -151.5, 0, 0, 0, 0, 0, 0, 0, 0, 861, 0, -151.5, 0, 0, -151.5, 0, 0, 0, -151.5, 0, 0, 0, 0, -151.5, 709.5, 0, 0, 0, 0, 0, 0, 0, 0, 0, 0, -151.5, 0, 0, 0, 0, 0, 861, 0, -151.5, 0, 0, 0, 0, -151.5, 0, 0, 0, 0, -303.0, 0, 0, 0, 0, 0, 0, -151.5, 0, 0, 0, 0, -151.5, 0, -151.5, 0, 0, 0, 0, 0, 709.5, 0, 0, 0, 0, 0, 861, 0, 0, 0, 0, 0, 0, -303.0, 0, 0, 0, 861, 0, 0, -151.5, 0, 0, 0, 0, 0, -151.5, 0, -303.0, 0, 997.000000000039, 0, 0, 0, 0, 0, 0, 0, 0, 0, -151.5, -151.5, 0, 0, 0, 0, 0, 861, -151.5, 0, 0, 0, 0, 0, 0, 0, 0, 0, 0, 0, -151.5, 0, 0, 0, 0, 0, 861, 0, 0, 0, 0, 861, 0, 0, 0, 0, 0, 0, 0, 0, 0, 0, -151.5, 0, 0, 0, 861, 0, -151.5, 0, -151.5, 0, 0, 0, 0, 0, 0, 0, 0, 0, -454.5, -454.5, 0, 0, 0, 0, 0, -151.5, 0, 0, -151.5, 0, -303.0, 0, 0, 0, 0, 0, 0, 0, 0, 0, 0, 0, -303.0, 0, 0, 0, 0]
Sharpe Ratio: 0.068
Annualized Sharpe: 1.084
Sharpe 95% CI: (np.float64(-1.079), np.float64(2.739))
Daily Win Rate (%): 26.67
Max Drawdown: -2121.0
Profit Factor: 1.49
Expectancy: 14.065
Total Trades: 224

Rolling 4 - Variant 0 - 10_7 - Test Metrics
Returns: [0, 0, 0, 0, 0, 0, 0, -151.5, 0, 0, 0, 0, 0, 0, -151.5, 0, 0, 0, 0, 0, -151.5, 0, 0, 0, 0, 0, 0, 0, 0, 672.0000000000339, 0, 0, 0, 0, -151.5, -303.0, 0, -151.5, 0, 0, 0, 461.0000000000032, 0, 0, 709.5, 0, 0, 0, 0, -26.50000000002638, 0, 0, 709.5, -151.5, 0, 1008.0000000000489, 0, 0, 0, 0, 0, 0, 0, -151.5, -151.5, 0, 0, 0, -151.5, 0, 0, 709.5, 0, 0, 0, 0, 0, 0, 0, 0, 0, 861, 0, 0, 0, 0, 0, 0]
Sharpe Ratio: 0.18
Annualized Sharpe: 2.858
Sharpe 95% CI: (np.float64(-0.255), np.float64(5.064))
Daily Win Rate (%): 38.89
Max Drawdown: -606.0
Profit Factor: 3.03
Expectancy: 39.063
Total Trades: 88



Rolling 4 - Variant 1 - 10_8 - Fit Metrics
Returns: [-151.5, -151.5, 0, 273.4999999999961, -215.4999999999945, 0, 0, 0, 0, 0, 0, -151.5, 0, 0, 0, 0, 0, 0, 0, 0, 0, 0, -151.5, 0, 0, 0, 0, 0, 0, 0, 0, 986, 0, -151.5, 0, 0, -151.5, 0, 0, 0, -151.5, 0, 0, 0, 0, -151.5, 834.5, 0, 0, 0, 0, 0, 0, 0, 0, 0, 0, -151.5, 0, 0, 0, 0, 0, -151.5, 0, -151.5, 0, 0, 0, 0, -151.5, 0, 0, 0, 0, -303.0, 0, 0, 0, 0, 0, 0, -151.5, 0, 0, 0, 0, -151.5, 0, -151.5, 0, 0, 0, 0, 0, 834.5, 0, 0, 0, 0, 0, 986, 0, 0, 0, 0, 0, 0, -303.0, 0, 0, 0, 986, 0, 0, -151.5, 0, 0, 0, 0, 0, -151.5, 0, -303.0, 0, 1122.000000000039, 0, 0, 0, 0, 0, 0, 0, 0, 0, -151.5, -151.5, 0, 0, 0, 0, 0, 986, -151.5, 0, 0, 0, 0, 0, 0, 0, 0, 0, 0, 0, -151.5, 0, 0, 0, 0, 0, 986, 0, 0, 0, 0, 986, 0, 0, 0, 0, 0, 0, 0, 0, 0, 0, -151.5, 0, 0, 0, 986, 0, -151.5, 0, -151.5, 0, 0, 0, 0, 0, 0, 0, 0, 0, -454.5, -454.5, 0, 0, 0, 0, 0, -151.5, 0, 0, -151.5, 0, -303.0, 0, 0, 0, 0, 0, 0, 0, 0, 0, 0, 0, -303.0, 0, 0, 0, 0]
Sharpe Ratio: 0.068
Annualized Sharpe: 1.081
Sharpe 95% CI: (np.float64(-1.077), np.float64(2.711))
Daily Win Rate (%): 24.44
Max Drawdown: -2121.0
Profit Factor: 1.515
Expectancy: 15.125
Total Trades: 224

Rolling 4 - Variant 1 - 10_8 - Test Metrics
Returns: [0, 0, 0, 0, 0, 0, 0, -151.5, 0, 0, 0, 0, 0, 0, -151.5, 0, 0, 0, 0, 0, -151.5, 0, 0, 0, 0, 0, 0, 0, 0, 672.0000000000339, 0, 0, 0, 0, -151.5, -303.0, 0, -151.5, 0, 0, 0, 461.0000000000032, 0, 0, 434.4999999999894, 0, 0, 0, 0, -26.50000000002638, 0, 0, 834.5, -151.5, 0, 1133.0000000000489, 0, 0, 0, 0, 0, 0, 0, -151.5, -151.5, 0, 0, 0, -151.5, 0, 0, 109.4999999999697, 0, 0, 0, 0, 0, 0, 0, 0, 0, 835.9999999999619, 0, 0, 0, 0, 0, 0]
Sharpe Ratio: 0.152
Annualized Sharpe: 2.421
Sharpe 95% CI: (np.float64(-1.051), np.float64(4.588))
Daily Win Rate (%): 38.89
Max Drawdown: -606.0
Profit Factor: 2.646
Expectancy: 31.676
Total Trades: 88



Rolling 4 - Variant 2 - 10_4 - Fit Metrics
Returns: [-151.5, -151.5, 0, 273.4999999999961, -215.4999999999945, 0, 0, 0, 0, 0, 0, -151.5, 0, 0, 0, 0, 0, 0, 0, 0, 0, 0, -151.5, 0, 0, 0, 0, 0, 0, 0, 0, 486, 0, -151.5, 0, 0, -151.5, 0, 0, 0, -151.5, 0, 0, 0, 0, -151.5, 334.5, 0, 0, 0, 0, 0, 0, 0, 0, 0, 0, -151.5, 0, 0, 0, 0, 0, 486, 0, -151.5, 0, 0, 0, 0, -151.5, 0, 0, 0, 0, -303.0, 0, 0, 0, 0, 0, 0, -151.5, 0, 0, 0, 0, -151.5, 0, 486, 0, 0, 0, 0, 0, 334.5, 0, 0, 0, 0, 0, 486, 0, 0, 0, 0, 0, 0, -303.0, 0, 0, 0, 486, 0, 0, -151.5, 0, 0, 0, 0, 0, -151.5, 0, -303.0, 0, 622.000000000039, 0, 0, 0, 0, 0, 0, 0, 0, 0, 486, -151.5, 0, 0, 0, 0, 0, 486, -151.5, 0, 0, 0, 0, 0, 0, 0, 0, 0, 0, 0, -151.5, 0, 0, 0, 0, 0, 486, 0, 0, 0, 0, 486, 0, 0, 0, 0, 0, 0, 0, 0, 0, 0, 486, 0, 0, 0, 486, 0, -151.5, 0, -151.5, 0, 0, 0, 0, 0, 0, 0, 0, 0, -454.5, -454.5, 0, 0, 0, 0, 0, -151.5, 0, 0, -151.5, 0, -303.0, 0, 0, 0, 0, 0, 0, 0, 0, 0, 0, 0, 334.5, 0, 0, 0, 0]
Sharpe Ratio: 0.048
Annualized Sharpe: 0.768
Sharpe 95% CI: (np.float64(-1.317), np.float64(2.639))
Daily Win Rate (%): 35.56
Max Drawdown: -1818.0
Profit Factor: 1.278
Expectancy: 7.033
Total Trades: 224

Rolling 4 - Variant 2 - 10_4 - Test Metrics
Returns: [0, 0, 0, 0, 0, 0, 0, -151.5, 0, 0, 0, 0, 0, 0, -151.5, 0, 0, 0, 0, 0, -151.5, 0, 0, 0, 0, 0, 0, 0, 0, 684.5000000000043, 0, 0, 0, 0, -151.5, -303.0, 0, -151.5, 0, 0, 0, 486, 0, 0, 334.5, 0, 0, 0, 0, -26.50000000002638, 0, 0, 334.5, -151.5, 0, 820.5, 0, 0, 0, 0, 0, 0, 0, -151.5, -151.5, 0, 0, 0, -151.5, 0, 0, 334.5, 0, 0, 0, 0, 0, 0, 0, 0, 0, 486, 0, 0, 0, 0, 0, 0]
Sharpe Ratio: 0.127
Annualized Sharpe: 2.022
Sharpe 95% CI: (np.float64(-1.542), np.float64(4.44))
Daily Win Rate (%): 38.89
Max Drawdown: -606.0
Profit Factor: 2.056
Expectancy: 20.312
Total Trades: 88



Rolling 4 - Variant 3 - 10_6 - Fit Metrics
Returns: [-151.5, -151.5, 0, 273.4999999999961, -215.4999999999945, 0, 0, 0, 0, 0, 0, -151.5, 0, 0, 0, 0, 0, 0, 0, 0, 0, 0, -151.5, 0, 0, 0, 0, 0, 0, 0, 0, 736, 0, -151.5, 0, 0, -151.5, 0, 0, 0, -151.5, 0, 0, 0, 0, -151.5, 584.5, 0, 0, 0, 0, 0, 0, 0, 0, 0, 0, -151.5, 0, 0, 0, 0, 0, 736, 0, -151.5, 0, 0, 0, 0, -151.5, 0, 0, 0, 0, -303.0, 0, 0, 0, 0, 0, 0, -151.5, 0, 0, 0, 0, -151.5, 0, -151.5, 0, 0, 0, 0, 0, 584.5, 0, 0, 0, 0, 0, 736, 0, 0, 0, 0, 0, 0, -303.0, 0, 0, 0, 736, 0, 0, -151.5, 0, 0, 0, 0, 0, -151.5, 0, -303.0, 0, 872.000000000039, 0, 0, 0, 0, 0, 0, 0, 0, 0, -151.5, -151.5, 0, 0, 0, 0, 0, 736, -151.5, 0, 0, 0, 0, 0, 0, 0, 0, 0, 0, 0, -151.5, 0, 0, 0, 0, 0, 736, 0, 0, 0, 0, 736, 0, 0, 0, 0, 0, 0, 0, 0, 0, 0, -151.5, 0, 0, 0, 736, 0, -151.5, 0, -151.5, 0, 0, 0, 0, 0, 0, 0, 0, 0, -454.5, -454.5, 0, 0, 0, 0, 0, -151.5, 0, 0, -151.5, 0, -303.0, 0, 0, 0, 0, 0, 0, 0, 0, 0, 0, 0, -303.0, 0, 0, 0, 0]
Sharpe Ratio: 0.044
Annualized Sharpe: 0.694
Sharpe 95% CI: (np.float64(-1.549), np.float64(2.428))
Daily Win Rate (%): 26.67
Max Drawdown: -2121.0
Profit Factor: 1.276
Expectancy: 7.926
Total Trades: 224

Rolling 4 - Variant 3 - 10_6 - Test Metrics
Returns: [0, 0, 0, 0, 0, 0, 0, -151.5, 0, 0, 0, 0, 0, 0, -151.5, 0, 0, 0, 0, 0, -151.5, 0, 0, 0, 0, 0, 0, 0, 0, 934.5000000000043, 0, 0, 0, 0, -151.5, -303.0, 0, -151.5, 0, 0, 0, 461.0000000000032, 0, 0, 584.5, 0, 0, 0, 0, -26.50000000002638, 0, 0, 584.5, -151.5, 0, 883.0000000000489, 0, 0, 0, 0, 0, 0, 0, -151.5, -151.5, 0, 0, 0, -151.5, 0, 0, 584.5, 0, 0, 0, 0, 0, 0, 0, 0, 0, 736, 0, 0, 0, 0, 0, 0]
Sharpe Ratio: 0.171
Annualized Sharpe: 2.718
Sharpe 95% CI: (np.float64(-0.5), np.float64(4.989))
Daily Win Rate (%): 38.89
Max Drawdown: -606.0
Profit Factor: 2.816
Expectancy: 34.943
Total Trades: 88



Rolling 4 - Variant 4 - 10_12 - Fit Metrics
Returns: [-151.5, -151.5, 0, 273.4999999999961, -215.4999999999945, 0, 0, 0, 0, 0, 0, -151.5, 0, 0, 0, 0, 0, 0, 0, 0, 0, 0, -151.5, 0, 0, 0, 0, 0, 0, 0, 0, 1486, 0, -151.5, 0, 0, -151.5, 0, 0, 0, -151.5, 0, 0, 0, 0, -151.5, 909.5000000000482, 0, 0, 0, 0, 0, 0, 0, 0, 0, 0, -151.5, 0, 0, 0, 0, 0, -151.5, 0, -151.5, 0, 0, 0, 0, -151.5, 0, 0, 0, 0, -303.0, 0, 0, 0, 0, 0, 0, -151.5, 0, 0, 0, 0, -151.5, 0, -151.5, 0, 0, 0, 0, 0, 1334.5, 0, 0, 0, 0, 0, 860.9999999999592, 0, 0, 0, 0, 0, 0, -303.0, 0, 0, 0, 1486, 0, 0, -151.5, 0, 0, 0, 0, 0, -151.5, 0, -303.0, 0, -15.499999999961005, 0, 0, 0, 0, 0, 0, 0, 0, 0, -151.5, -151.5, 0, 0, 0, 0, 0, 1486, -151.5, 0, 0, 0, 0, 0, 0, 0, 0, 0, 0, 0, -151.5, 0, 0, 0, 0, 0, -151.5, 0, 0, 0, 0, -151.5, 0, 0, 0, 0, 0, 0, 0, 0, 0, 0, -151.5, 0, 0, 0, 1486, 0, -151.5, 0, -151.5, 0, 0, 0, 0, 0, 0, 0, 0, 0, -454.5, -454.5, 0, 0, 0, 0, 0, -151.5, 0, 0, -151.5, 0, -303.0, 0, 0, 0, 0, 0, 0, 0, 0, 0, 0, 0, -303.0, 0, 0, 0, 0]
Sharpe Ratio: 0.044
Annualized Sharpe: 0.691
Sharpe 95% CI: (np.float64(-1.811), np.float64(2.296))
Daily Win Rate (%): 17.78
Max Drawdown: -2121.0
Profit Factor: 1.352
Expectancy: 10.828
Total Trades: 224

Rolling 4 - Variant 4 - 10_12 - Test Metrics
Returns: [0, 0, 0, 0, 0, 0, 0, -151.5, 0, 0, 0, 0, 0, 0, -151.5, 0, 0, 0, 0, 0, -151.5, 0, 0, 0, 0, 0, 0, 0, 0, 672.0000000000339, 0, 0, 0, 0, -151.5, -303.0, 0, -151.5, 0, 0, 0, 461.0000000000032, 0, 0, 434.4999999999894, 0, 0, 0, 0, -26.50000000002638, 0, 0, 1334.5, -151.5, 0, 1008.000000000008, 0, 0, 0, 0, 0, 0, 0, -151.5, -151.5, 0, 0, 0, -151.5, 0, 0, 109.4999999999697, 0, 0, 0, 0, 0, 0, 0, 0, 0, 835.9999999999619, 0, 0, 0, 0, 0, 0]
Sharpe Ratio: 0.157
Annualized Sharpe: 2.496
Sharpe 95% CI: (np.float64(-0.911), np.float64(4.574))
Daily Win Rate (%): 38.89
Max Drawdown: -606.0
Profit Factor: 2.868
Expectancy: 35.937
Total Trades: 88



Rolling 4 - Variant 5 - 10_9 - Fit Metrics
Returns: [-151.5, -151.5, 0, 273.4999999999961, -215.4999999999945, 0, 0, 0, 0, 0, 0, -151.5, 0, 0, 0, 0, 0, 0, 0, 0, 0, 0, -151.5, 0, 0, 0, 0, 0, 0, 0, 0, 1111, 0, -151.5, 0, 0, -151.5, 0, 0, 0, -151.5, 0, 0, 0, 0, -151.5, 959.5, 0, 0, 0, 0, 0, 0, 0, 0, 0, 0, -151.5, 0, 0, 0, 0, 0, -151.5, 0, -151.5, 0, 0, 0, 0, -151.5, 0, 0, 0, 0, -303.0, 0, 0, 0, 0, 0, 0, -151.5, 0, 0, 0, 0, -151.5, 0, -151.5, 0, 0, 0, 0, 0, 959.5, 0, 0, 0, 0, 0, 1111, 0, 0, 0, 0, 0, 0, -303.0, 0, 0, 0, 1111, 0, 0, -151.5, 0, 0, 0, 0, 0, -151.5, 0, -303.0, 0, -15.499999999961005, 0, 0, 0, 0, 0, 0, 0, 0, 0, -151.5, -151.5, 0, 0, 0, 0, 0, 1111, -151.5, 0, 0, 0, 0, 0, 0, 0, 0, 0, 0, 0, -151.5, 0, 0, 0, 0, 0, -151.5, 0, 0, 0, 0, 1111, 0, 0, 0, 0, 0, 0, 0, 0, 0, 0, -151.5, 0, 0, 0, 1111, 0, -151.5, 0, -151.5, 0, 0, 0, 0, 0, 0, 0, 0, 0, -454.5, -454.5, 0, 0, 0, 0, 0, -151.5, 0, 0, -151.5, 0, -303.0, 0, 0, 0, 0, 0, 0, 0, 0, 0, 0, 0, -303.0, 0, 0, 0, 0]
Sharpe Ratio: 0.043
Annualized Sharpe: 0.679
Sharpe 95% CI: (np.float64(-1.668), np.float64(2.32))
Daily Win Rate (%): 20.0
Max Drawdown: -2121.0
Profit Factor: 1.313
Expectancy: 9.433
Total Trades: 224

Rolling 4 - Variant 5 - 10_9 - Test Metrics
Returns: [0, 0, 0, 0, 0, 0, 0, -151.5, 0, 0, 0, 0, 0, 0, -151.5, 0, 0, 0, 0, 0, -151.5, 0, 0, 0, 0, 0, 0, 0, 0, 672.0000000000339, 0, 0, 0, 0, -151.5, -303.0, 0, -151.5, 0, 0, 0, 461.0000000000032, 0, 0, 434.4999999999894, 0, 0, 0, 0, -26.50000000002638, 0, 0, 959.5, -151.5, 0, 1258.0000000000489, 0, 0, 0, 0, 0, 0, 0, -151.5, -151.5, 0, 0, 0, -151.5, 0, 0, 109.4999999999697, 0, 0, 0, 0, 0, 0, 0, 0, 0, 835.9999999999619, 0, 0, 0, 0, 0, 0]
Sharpe Ratio: 0.156
Annualized Sharpe: 2.476
Sharpe 95% CI: (np.float64(-1.002), np.float64(4.596))
Daily Win Rate (%): 38.89
Max Drawdown: -606.0
Profit Factor: 2.794
Expectancy: 34.517
Total Trades: 88



Rolling 4 - Variant 6 - 10_11 - Fit Metrics
Returns: [-151.5, -151.5, 0, 273.4999999999961, -215.4999999999945, 0, 0, 0, 0, 0, 0, -151.5, 0, 0, 0, 0, 0, 0, 0, 0, 0, 0, -151.5, 0, 0, 0, 0, 0, 0, 0, 0, 1361, 0, -151.5, 0, 0, -151.5, 0, 0, 0, -151.5, 0, 0, 0, 0, -151.5, 909.5000000000482, 0, 0, 0, 0, 0, 0, 0, 0, 0, 0, -151.5, 0, 0, 0, 0, 0, -151.5, 0, -151.5, 0, 0, 0, 0, -151.5, 0, 0, 0, 0, -303.0, 0, 0, 0, 0, 0, 0, -151.5, 0, 0, 0, 0, -151.5, 0, -151.5, 0, 0, 0, 0, 0, 1209.5, 0, 0, 0, 0, 0, 1361, 0, 0, 0, 0, 0, 0, -303.0, 0, 0, 0, 1361, 0, 0, -151.5, 0, 0, 0, 0, 0, -151.5, 0, -303.0, 0, -15.499999999961005, 0, 0, 0, 0, 0, 0, 0, 0, 0, -151.5, -151.5, 0, 0, 0, 0, 0, 1361, -151.5, 0, 0, 0, 0, 0, 0, 0, 0, 0, 0, 0, -151.5, 0, 0, 0, 0, 0, -151.5, 0, 0, 0, 0, -151.5, 0, 0, 0, 0, 0, 0, 0, 0, 0, 0, -151.5, 0, 0, 0, 1361, 0, -151.5, 0, -151.5, 0, 0, 0, 0, 0, 0, 0, 0, 0, -454.5, -454.5, 0, 0, 0, 0, 0, -151.5, 0, 0, -151.5, 0, -303.0, 0, 0, 0, 0, 0, 0, 0, 0, 0, 0, 0, -303.0, 0, 0, 0, 0]
Sharpe Ratio: 0.042
Annualized Sharpe: 0.671
Sharpe 95% CI: (np.float64(-1.825), np.float64(2.287))
Daily Win Rate (%): 17.78
Max Drawdown: -2121.0
Profit Factor: 1.334
Expectancy: 10.27
Total Trades: 224

Rolling 4 - Variant 6 - 10_11 - Test Metrics
Returns: [0, 0, 0, 0, 0, 0, 0, -151.5, 0, 0, 0, 0, 0, 0, -151.5, 0, 0, 0, 0, 0, -151.5, 0, 0, 0, 0, 0, 0, 0, 0, 672.0000000000339, 0, 0, 0, 0, -151.5, -303.0, 0, -151.5, 0, 0, 0, 461.0000000000032, 0, 0, 434.4999999999894, 0, 0, 0, 0, -26.50000000002638, 0, 0, 1209.5, -151.5, 0, 1008.000000000008, 0, 0, 0, 0, 0, 0, 0, -151.5, -151.5, 0, 0, 0, -151.5, 0, 0, 109.4999999999697, 0, 0, 0, 0, 0, 0, 0, 0, 0, 835.9999999999619, 0, 0, 0, 0, 0, 0]
Sharpe Ratio: 0.156
Annualized Sharpe: 2.483
Sharpe 95% CI: (np.float64(-0.972), np.float64(4.594))
Daily Win Rate (%): 38.89
Max Drawdown: -606.0
Profit Factor: 2.794
Expectancy: 34.517
Total Trades: 88



Rolling 4 - Variant 7 - 10_10 - Fit Metrics
Returns: [-151.5, -151.5, 0, 273.4999999999961, -215.4999999999945, 0, 0, 0, 0, 0, 0, -151.5, 0, 0, 0, 0, 0, 0, 0, 0, 0, 0, -151.5, 0, 0, 0, 0, 0, 0, 0, 0, 1236, 0, -151.5, 0, 0, -151.5, 0, 0, 0, -151.5, 0, 0, 0, 0, -151.5, 1084.5, 0, 0, 0, 0, 0, 0, 0, 0, 0, 0, -151.5, 0, 0, 0, 0, 0, -151.5, 0, -151.5, 0, 0, 0, 0, -151.5, 0, 0, 0, 0, -303.0, 0, 0, 0, 0, 0, 0, -151.5, 0, 0, 0, 0, -151.5, 0, -151.5, 0, 0, 0, 0, 0, 1084.5, 0, 0, 0, 0, 0, 1236, 0, 0, 0, 0, 0, 0, -303.0, 0, 0, 0, 1236, 0, 0, -151.5, 0, 0, 0, 0, 0, -151.5, 0, -303.0, 0, -15.499999999961005, 0, 0, 0, 0, 0, 0, 0, 0, 0, -151.5, -151.5, 0, 0, 0, 0, 0, 1236, -151.5, 0, 0, 0, 0, 0, 0, 0, 0, 0, 0, 0, -151.5, 0, 0, 0, 0, 0, -151.5, 0, 0, 0, 0, -151.5, 0, 0, 0, 0, 0, 0, 0, 0, 0, 0, -151.5, 0, 0, 0, 1236, 0, -151.5, 0, -151.5, 0, 0, 0, 0, 0, 0, 0, 0, 0, -454.5, -454.5, 0, 0, 0, 0, 0, -151.5, 0, 0, -151.5, 0, -303.0, 0, 0, 0, 0, 0, 0, 0, 0, 0, 0, 0, -303.0, 0, 0, 0, 0]
Sharpe Ratio: 0.034
Annualized Sharpe: 0.536
Sharpe 95% CI: (np.float64(-2.02), np.float64(2.204))
Daily Win Rate (%): 17.78
Max Drawdown: -2121.0
Profit Factor: 1.25
Expectancy: 7.703
Total Trades: 224

Rolling 4 - Variant 7 - 10_10 - Test Metrics
Returns: [0, 0, 0, 0, 0, 0, 0, -151.5, 0, 0, 0, 0, 0, 0, -151.5, 0, 0, 0, 0, 0, -151.5, 0, 0, 0, 0, 0, 0, 0, 0, 672.0000000000339, 0, 0, 0, 0, -151.5, -303.0, 0, -151.5, 0, 0, 0, 461.0000000000032, 0, 0, 434.4999999999894, 0, 0, 0, 0, -26.50000000002638, 0, 0, 1084.5, -151.5, 0, 1008.000000000008, 0, 0, 0, 0, 0, 0, 0, -151.5, -151.5, 0, 0, 0, -151.5, 0, 0, 109.4999999999697, 0, 0, 0, 0, 0, 0, 0, 0, 0, 835.9999999999619, 0, 0, 0, 0, 0, 0]
Sharpe Ratio: 0.155
Annualized Sharpe: 2.463
Sharpe 95% CI: (np.float64(-1.002), np.float64(4.607))
Daily Win Rate (%): 38.89
Max Drawdown: -606.0
Profit Factor: 2.72
Expectancy: 33.097
Total Trades: 88



Rolling 4 - Variant 8 - 10_5 - Fit Metrics
Returns: [-151.5, -151.5, 0, 273.4999999999961, -215.4999999999945, 0, 0, 0, 0, 0, 0, -151.5, 0, 0, 0, 0, 0, 0, 0, 0, 0, 0, -151.5, 0, 0, 0, 0, 0, 0, 0, 0, 611, 0, -151.5, 0, 0, -151.5, 0, 0, 0, -151.5, 0, 0, 0, 0, -151.5, 459.5, 0, 0, 0, 0, 0, 0, 0, 0, 0, 0, -151.5, 0, 0, 0, 0, 0, 611, 0, -151.5, 0, 0, 0, 0, -151.5, 0, 0, 0, 0, -303.0, 0, 0, 0, 0, 0, 0, -151.5, 0, 0, 0, 0, -151.5, 0, 611, 0, 0, 0, 0, 0, 459.5, 0, 0, 0, 0, 0, 611, 0, 0, 0, 0, 0, 0, -303.0, 0, 0, 0, 611, 0, 0, -151.5, 0, 0, 0, 0, 0, -151.5, 0, -303.0, 0, 747.000000000039, 0, 0, 0, 0, 0, 0, 0, 0, 0, -151.5, -151.5, 0, 0, 0, 0, 0, 611, -151.5, 0, 0, 0, 0, 0, 0, 0, 0, 0, 0, 0, -151.5, 0, 0, 0, 0, 0, 611, 0, 0, 0, 0, 611, 0, 0, 0, 0, 0, 0, 0, 0, 0, 0, -151.5, 0, 0, 0, 611, 0, -151.5, 0, -151.5, 0, 0, 0, 0, 0, 0, 0, 0, 0, -454.5, -454.5, 0, 0, 0, 0, 0, -151.5, 0, 0, -151.5, 0, -303.0, 0, 0, 0, 0, 0, 0, 0, 0, 0, 0, 0, -303.0, 0, 0, 0, 0]
Sharpe Ratio: 0.032
Annualized Sharpe: 0.508
Sharpe 95% CI: (np.float64(-1.764), np.float64(2.313))
Daily Win Rate (%): 28.89
Max Drawdown: -2121.0
Profit Factor: 1.185
Expectancy: 5.192
Total Trades: 224

Rolling 4 - Variant 8 - 10_5 - Test Metrics
Returns: [0, 0, 0, 0, 0, 0, 0, -151.5, 0, 0, 0, 0, 0, 0, -151.5, 0, 0, 0, 0, 0, -151.5, 0, 0, 0, 0, 0, 0, 0, 0, 809.5000000000043, 0, 0, 0, 0, -151.5, -303.0, 0, -151.5, 0, 0, 0, 461.0000000000032, 0, 0, 459.5, 0, 0, 0, 0, -26.50000000002638, 0, 0, 459.5, -151.5, 0, 758.0000000000489, 0, 0, 0, 0, 0, 0, 0, -151.5, -151.5, 0, 0, 0, -151.5, 0, 0, 459.5, 0, 0, 0, 0, 0, 0, 0, 0, 0, 611, 0, 0, 0, 0, 0, 0]
Sharpe Ratio: 0.15
Annualized Sharpe: 2.387
Sharpe 95% CI: (np.float64(-1.005), np.float64(4.758))
Daily Win Rate (%): 38.89
Max Drawdown: -606.0
Profit Factor: 2.373
Expectancy: 26.42
Total Trades: 88



Rolling 4 - Variant 9 - 10_3 - Fit Metrics
Returns: [361, -151.5, 0, 273.4999999999961, -215.4999999999945, 0, 0, 0, 0, 0, 0, -151.5, 0, 0, 0, 0, 0, 0, 0, 0, 0, 0, -151.5, 0, 0, 0, 0, 0, 0, 0, 0, 361, 0, -151.5, 0, 0, -151.5, 0, 0, 0, -151.5, 0, 0, 0, 0, 361, 209.5, 0, 0, 0, 0, 0, 0, 0, 0, 0, 0, -151.5, 0, 0, 0, 0, 0, 361, 0, -151.5, 0, 0, 0, 0, -151.5, 0, 0, 0, 0, -303.0, 0, 0, 0, 0, 0, 0, -151.5, 0, 0, 0, 0, -151.5, 0, 361, 0, 0, 0, 0, 0, 209.5, 0, 0, 0, 0, 0, 361, 0, 0, 0, 0, 0, 0, -303.0, 0, 0, 0, 361, 0, 0, -151.5, 0, 0, 0, 0, 0, -151.5, 0, -303.0, 0, 497.000000000039, 0, 0, 0, 0, 0, 0, 0, 0, 0, 361, -151.5, 0, 0, 0, 0, 0, 361, -151.5, 0, 0, 0, 0, 0, 0, 0, 0, 0, 0, 0, -151.5, 0, 0, 0, 0, 0, 361, 0, 0, 0, 0, 361, 0, 0, 0, 0, 0, 0, 0, 0, 0, 0, 361, 0, 0, 0, 361, 0, -151.5, 0, -151.5, 0, 0, 0, 0, 0, 0, 0, 0, 0, -454.5, -454.5, 0, 0, 0, 0, 0, -151.5, 0, 0, -151.5, 0, -303.0, 0, 0, 0, 0, 0, 0, 0, 0, 0, 0, 0, 209.5, 0, 0, 0, 0]
Sharpe Ratio: 0.026
Annualized Sharpe: 0.414
Sharpe 95% CI: (np.float64(-1.698), np.float64(2.392))
Daily Win Rate (%): 40.0
Max Drawdown: -1818.0
Profit Factor: 1.135
Expectancy: 3.239
Total Trades: 224

Rolling 4 - Variant 9 - 10_3 - Test Metrics
Returns: [0, 0, 0, 0, 0, 0, 0, -151.5, 0, 0, 0, 0, 0, 0, -151.5, 0, 0, 0, 0, 0, -151.5, 0, 0, 0, 0, 0, 0, 0, 0, 722, 0, 0, 0, 0, -151.5, -303.0, 0, -151.5, 0, 0, 0, 361, 0, 0, 209.5, 0, 0, 0, 0, -26.50000000002638, 0, 0, 209.5, -151.5, 0, 570.5, 0, 0, 0, 0, 0, 0, 0, -151.5, -151.5, 0, 0, 0, -151.5, 0, 0, 209.5, 0, 0, 0, 0, 0, 0, 0, 0, 0, 361, 0, 0, 0, 0, 0, 0]
Sharpe Ratio: 0.081
Annualized Sharpe: 1.293
Sharpe 95% CI: (np.float64(-2.662), np.float64(3.885))
Daily Win Rate (%): 38.89
Max Drawdown: -606.0
Profit Factor: 1.561
Expectancy: 10.795
Total Trades: 88



Rolling 5 - Variant 0 - 10_7 - Fit Metrics
Returns: [-151.5, -151.5, 0, 273.4999999999961, -215.4999999999945, 0, 0, 0, 0, 0, 0, -151.5, 0, 0, 0, 0, 0, 0, 0, 0, 0, 0, -151.5, 0, 0, 0, 0, 0, 0, 0, 0, 861, 0, -151.5, 0, 0, -151.5, 0, 0, 0, -151.5, 0, 0, 0, 0, -151.5, 709.5, 0, 0, 0, 0, 0, 0, 0, 0, 0, 0, -151.5, 0, 0, 0, 0, 0, 861, 0, -151.5, 0, 0, 0, 0, -151.5, 0, 0, 0, 0, -303.0, 0, 0, 0, 0, 0, 0, -151.5, 0, 0, 0, 0, -151.5, 0, -151.5, 0, 0, 0, 0, 0, 709.5, 0, 0, 0, 0, 0, 861, 0, 0, 0, 0, 0, 0, -303.0, 0, 0, 0, 861, 0, 0, -151.5, 0, 0, 0, 0, 0, -151.5, 0, -303.0, 0, 997.000000000039, 0, 0, 0, 0, 0, 0, 0, 0, 0, -151.5, -151.5, 0, 0, 0, 0, 0, 861, -151.5, 0, 0, 0, 0, 0, 0, 0, 0, 0, 0, 0, -151.5, 0, 0, 0, 0, 0, 861, 0, 0, 0, 0, 861, 0, 0, 0, 0, 0, 0, 0, 0, 0, 0, -151.5, 0, 0, 0, 861, 0, -151.5, 0, -151.5, 0, 0, 0, 0, 0, 0, 0, 0, 0, -454.5, -454.5, 0, 0, 0, 0, 0, -151.5, 0, 0, -151.5, 0, -303.0, 0, 0, 0, 0, 0, 0, 0, 0, 0, 0, 0, -303.0, 0, 0, 0, 0, 0, 0, 0, 0, 0, 0, 0, -151.5, 0, 0, 0, 0, 0, 0, -151.5, 0, 0, 0, 0, 0, -151.5, 0, 0, 0, 0, 0, 0, 0, 0, 672.0000000000339, 0, 0, 0, 0, -151.5, -303.0, 0, -151.5, 0, 0, 0, 461.0000000000032, 0, 0]
Sharpe Ratio: 0.061
Annualized Sharpe: 0.971
Sharpe 95% CI: (np.float64(-1.016), np.float64(2.494))
Daily Win Rate (%): 26.42
Max Drawdown: -2575.5
Profit Factor: 1.43
Expectancy: 12.026
Total Trades: 268

Rolling 5 - Variant 0 - 10_7 - Test Metrics
Returns: [709.5, 0, 0, 0, 0, -26.50000000002638, 0, 0, 709.5, -151.5, 0, 1008.0000000000489, 0, 0, 0, 0, 0, 0, 0, -151.5, -151.5, 0, 0, 0, -151.5, 0, 0, 709.5, 0, 0, 0, 0, 0, 0, 0, 0, 0, 861, 0, 0, 0, 0, 0, 0]
Sharpe Ratio: 0.285
Annualized Sharpe: 4.52
Sharpe 95% CI: (np.float64(0.669), np.float64(7.439))
Daily Win Rate (%): 50.0
Max Drawdown: -454.5
Profit Factor: 6.32
Expectancy: 76.477
Total Trades: 44



Rolling 5 - Variant 1 - 10_8 - Fit Metrics
Returns: [-151.5, -151.5, 0, 273.4999999999961, -215.4999999999945, 0, 0, 0, 0, 0, 0, -151.5, 0, 0, 0, 0, 0, 0, 0, 0, 0, 0, -151.5, 0, 0, 0, 0, 0, 0, 0, 0, 986, 0, -151.5, 0, 0, -151.5, 0, 0, 0, -151.5, 0, 0, 0, 0, -151.5, 834.5, 0, 0, 0, 0, 0, 0, 0, 0, 0, 0, -151.5, 0, 0, 0, 0, 0, -151.5, 0, -151.5, 0, 0, 0, 0, -151.5, 0, 0, 0, 0, -303.0, 0, 0, 0, 0, 0, 0, -151.5, 0, 0, 0, 0, -151.5, 0, -151.5, 0, 0, 0, 0, 0, 834.5, 0, 0, 0, 0, 0, 986, 0, 0, 0, 0, 0, 0, -303.0, 0, 0, 0, 986, 0, 0, -151.5, 0, 0, 0, 0, 0, -151.5, 0, -303.0, 0, 1122.000000000039, 0, 0, 0, 0, 0, 0, 0, 0, 0, -151.5, -151.5, 0, 0, 0, 0, 0, 986, -151.5, 0, 0, 0, 0, 0, 0, 0, 0, 0, 0, 0, -151.5, 0, 0, 0, 0, 0, 986, 0, 0, 0, 0, 986, 0, 0, 0, 0, 0, 0, 0, 0, 0, 0, -151.5, 0, 0, 0, 986, 0, -151.5, 0, -151.5, 0, 0, 0, 0, 0, 0, 0, 0, 0, -454.5, -454.5, 0, 0, 0, 0, 0, -151.5, 0, 0, -151.5, 0, -303.0, 0, 0, 0, 0, 0, 0, 0, 0, 0, 0, 0, -303.0, 0, 0, 0, 0, 0, 0, 0, 0, 0, 0, 0, -151.5, 0, 0, 0, 0, 0, 0, -151.5, 0, 0, 0, 0, 0, -151.5, 0, 0, 0, 0, 0, 0, 0, 0, 672.0000000000339, 0, 0, 0, 0, -151.5, -303.0, 0, -151.5, 0, 0, 0, 461.0000000000032, 0, 0]
Sharpe Ratio: 0.061
Annualized Sharpe: 0.972
Sharpe 95% CI: (np.float64(-1.044), np.float64(2.479))
Daily Win Rate (%): 24.53
Max Drawdown: -2575.5
Profit Factor: 1.453
Expectancy: 12.912
Total Trades: 268

Rolling 5 - Variant 1 - 10_8 - Test Metrics
Returns: [434.4999999999894, 0, 0, 0, 0, -26.50000000002638, 0, 0, 834.5, -151.5, 0, 1133.0000000000489, 0, 0, 0, 0, 0, 0, 0, -151.5, -151.5, 0, 0, 0, -151.5, 0, 0, 109.4999999999697, 0, 0, 0, 0, 0, 0, 0, 0, 0, 835.9999999999619, 0, 0, 0, 0, 0, 0]
Sharpe Ratio: 0.242
Annualized Sharpe: 3.835
Sharpe 95% CI: (np.float64(-0.432), np.float64(6.612))
Daily Win Rate (%): 50.0
Max Drawdown: -454.5
Profit Factor: 5.292
Expectancy: 61.705
Total Trades: 44



Rolling 5 - Variant 2 - 10_6 - Fit Metrics
Returns: [-151.5, -151.5, 0, 273.4999999999961, -215.4999999999945, 0, 0, 0, 0, 0, 0, -151.5, 0, 0, 0, 0, 0, 0, 0, 0, 0, 0, -151.5, 0, 0, 0, 0, 0, 0, 0, 0, 736, 0, -151.5, 0, 0, -151.5, 0, 0, 0, -151.5, 0, 0, 0, 0, -151.5, 584.5, 0, 0, 0, 0, 0, 0, 0, 0, 0, 0, -151.5, 0, 0, 0, 0, 0, 736, 0, -151.5, 0, 0, 0, 0, -151.5, 0, 0, 0, 0, -303.0, 0, 0, 0, 0, 0, 0, -151.5, 0, 0, 0, 0, -151.5, 0, -151.5, 0, 0, 0, 0, 0, 584.5, 0, 0, 0, 0, 0, 736, 0, 0, 0, 0, 0, 0, -303.0, 0, 0, 0, 736, 0, 0, -151.5, 0, 0, 0, 0, 0, -151.5, 0, -303.0, 0, 872.000000000039, 0, 0, 0, 0, 0, 0, 0, 0, 0, -151.5, -151.5, 0, 0, 0, 0, 0, 736, -151.5, 0, 0, 0, 0, 0, 0, 0, 0, 0, 0, 0, -151.5, 0, 0, 0, 0, 0, 736, 0, 0, 0, 0, 736, 0, 0, 0, 0, 0, 0, 0, 0, 0, 0, -151.5, 0, 0, 0, 736, 0, -151.5, 0, -151.5, 0, 0, 0, 0, 0, 0, 0, 0, 0, -454.5, -454.5, 0, 0, 0, 0, 0, -151.5, 0, 0, -151.5, 0, -303.0, 0, 0, 0, 0, 0, 0, 0, 0, 0, 0, 0, -303.0, 0, 0, 0, 0, 0, 0, 0, 0, 0, 0, 0, -151.5, 0, 0, 0, 0, 0, 0, -151.5, 0, 0, 0, 0, 0, -151.5, 0, 0, 0, 0, 0, 0, 0, 0, 934.5000000000043, 0, 0, 0, 0, -151.5, -303.0, 0, -151.5, 0, 0, 0, 461.0000000000032, 0, 0]
Sharpe Ratio: 0.044
Annualized Sharpe: 0.696
Sharpe 95% CI: (np.float64(-1.349), np.float64(2.304))
Daily Win Rate (%): 26.42
Max Drawdown: -2575.5
Profit Factor: 1.282
Expectancy: 7.875
Total Trades: 268

Rolling 5 - Variant 2 - 10_6 - Test Metrics
Returns: [584.5, 0, 0, 0, 0, -26.50000000002638, 0, 0, 584.5, -151.5, 0, 883.0000000000489, 0, 0, 0, 0, 0, 0, 0, -151.5, -151.5, 0, 0, 0, -151.5, 0, 0, 584.5, 0, 0, 0, 0, 0, 0, 0, 0, 0, 736, 0, 0, 0, 0, 0, 0]
Sharpe Ratio: 0.271
Annualized Sharpe: 4.304
Sharpe 95% CI: (np.float64(0.278), np.float64(7.291))
Daily Win Rate (%): 50.0
Max Drawdown: -454.5
Profit Factor: 5.332
Expectancy: 62.273
Total Trades: 44



Rolling 5 - Variant 3 - 10_4 - Fit Metrics
Returns: [-151.5, -151.5, 0, 273.4999999999961, -215.4999999999945, 0, 0, 0, 0, 0, 0, -151.5, 0, 0, 0, 0, 0, 0, 0, 0, 0, 0, -151.5, 0, 0, 0, 0, 0, 0, 0, 0, 486, 0, -151.5, 0, 0, -151.5, 0, 0, 0, -151.5, 0, 0, 0, 0, -151.5, 334.5, 0, 0, 0, 0, 0, 0, 0, 0, 0, 0, -151.5, 0, 0, 0, 0, 0, 486, 0, -151.5, 0, 0, 0, 0, -151.5, 0, 0, 0, 0, -303.0, 0, 0, 0, 0, 0, 0, -151.5, 0, 0, 0, 0, -151.5, 0, 486, 0, 0, 0, 0, 0, 334.5, 0, 0, 0, 0, 0, 486, 0, 0, 0, 0, 0, 0, -303.0, 0, 0, 0, 486, 0, 0, -151.5, 0, 0, 0, 0, 0, -151.5, 0, -303.0, 0, 622.000000000039, 0, 0, 0, 0, 0, 0, 0, 0, 0, 486, -151.5, 0, 0, 0, 0, 0, 486, -151.5, 0, 0, 0, 0, 0, 0, 0, 0, 0, 0, 0, -151.5, 0, 0, 0, 0, 0, 486, 0, 0, 0, 0, 486, 0, 0, 0, 0, 0, 0, 0, 0, 0, 0, 486, 0, 0, 0, 486, 0, -151.5, 0, -151.5, 0, 0, 0, 0, 0, 0, 0, 0, 0, -454.5, -454.5, 0, 0, 0, 0, 0, -151.5, 0, 0, -151.5, 0, -303.0, 0, 0, 0, 0, 0, 0, 0, 0, 0, 0, 0, 334.5, 0, 0, 0, 0, 0, 0, 0, 0, 0, 0, 0, -151.5, 0, 0, 0, 0, 0, 0, -151.5, 0, 0, 0, 0, 0, -151.5, 0, 0, 0, 0, 0, 0, 0, 0, 684.5000000000043, 0, 0, 0, 0, -151.5, -303.0, 0, -151.5, 0, 0, 0, 486, 0, 0]
Sharpe Ratio: 0.043
Annualized Sharpe: 0.688
Sharpe 95% CI: (np.float64(-1.215), np.float64(2.375))
Daily Win Rate (%): 33.96
Max Drawdown: -1938.0
Profit Factor: 1.25
Expectancy: 6.289
Total Trades: 268

Rolling 5 - Variant 3 - 10_4 - Test Metrics
Returns: [334.5, 0, 0, 0, 0, -26.50000000002638, 0, 0, 334.5, -151.5, 0, 820.5, 0, 0, 0, 0, 0, 0, 0, -151.5, -151.5, 0, 0, 0, -151.5, 0, 0, 334.5, 0, 0, 0, 0, 0, 0, 0, 0, 0, 486, 0, 0, 0, 0, 0, 0]
Sharpe Ratio: 0.222
Annualized Sharpe: 3.517
Sharpe 95% CI: (np.float64(-1.106), np.float64(6.561))
Daily Win Rate (%): 50.0
Max Drawdown: -454.5
Profit Factor: 3.652
Expectancy: 38.125
Total Trades: 44



Rolling 5 - Variant 4 - 10_12 - Fit Metrics
Returns: [-151.5, -151.5, 0, 273.4999999999961, -215.4999999999945, 0, 0, 0, 0, 0, 0, -151.5, 0, 0, 0, 0, 0, 0, 0, 0, 0, 0, -151.5, 0, 0, 0, 0, 0, 0, 0, 0, 1486, 0, -151.5, 0, 0, -151.5, 0, 0, 0, -151.5, 0, 0, 0, 0, -151.5, 909.5000000000482, 0, 0, 0, 0, 0, 0, 0, 0, 0, 0, -151.5, 0, 0, 0, 0, 0, -151.5, 0, -151.5, 0, 0, 0, 0, -151.5, 0, 0, 0, 0, -303.0, 0, 0, 0, 0, 0, 0, -151.5, 0, 0, 0, 0, -151.5, 0, -151.5, 0, 0, 0, 0, 0, 1334.5, 0, 0, 0, 0, 0, 860.9999999999592, 0, 0, 0, 0, 0, 0, -303.0, 0, 0, 0, 1486, 0, 0, -151.5, 0, 0, 0, 0, 0, -151.5, 0, -303.0, 0, -15.499999999961005, 0, 0, 0, 0, 0, 0, 0, 0, 0, -151.5, -151.5, 0, 0, 0, 0, 0, 1486, -151.5, 0, 0, 0, 0, 0, 0, 0, 0, 0, 0, 0, -151.5, 0, 0, 0, 0, 0, -151.5, 0, 0, 0, 0, -151.5, 0, 0, 0, 0, 0, 0, 0, 0, 0, 0, -151.5, 0, 0, 0, 1486, 0, -151.5, 0, -151.5, 0, 0, 0, 0, 0, 0, 0, 0, 0, -454.5, -454.5, 0, 0, 0, 0, 0, -151.5, 0, 0, -151.5, 0, -303.0, 0, 0, 0, 0, 0, 0, 0, 0, 0, 0, 0, -303.0, 0, 0, 0, 0, 0, 0, 0, 0, 0, 0, 0, -151.5, 0, 0, 0, 0, 0, 0, -151.5, 0, 0, 0, 0, 0, -151.5, 0, 0, 0, 0, 0, 0, 0, 0, 672.0000000000339, 0, 0, 0, 0, -151.5, -303.0, 0, -151.5, 0, 0, 0, 461.0000000000032, 0, 0]
Sharpe Ratio: 0.04
Annualized Sharpe: 0.631
Sharpe 95% CI: (np.float64(-1.612), np.float64(2.131))
Daily Win Rate (%): 18.87
Max Drawdown: -2575.5
Profit Factor: 1.314
Expectancy: 9.321
Total Trades: 268

Rolling 5 - Variant 4 - 10_12 - Test Metrics
Returns: [434.4999999999894, 0, 0, 0, 0, -26.50000000002638, 0, 0, 1334.5, -151.5, 0, 1008.000000000008, 0, 0, 0, 0, 0, 0, 0, -151.5, -151.5, 0, 0, 0, -151.5, 0, 0, 109.4999999999697, 0, 0, 0, 0, 0, 0, 0, 0, 0, 835.9999999999619, 0, 0, 0, 0, 0, 0]
Sharpe Ratio: 0.244
Annualized Sharpe: 3.868
Sharpe 95% CI: (np.float64(-0.22), np.float64(6.569))
Daily Win Rate (%): 50.0
Max Drawdown: -454.5
Profit Factor: 5.885
Expectancy: 70.227
Total Trades: 44



Rolling 5 - Variant 5 - 10_9 - Fit Metrics
Returns: [-151.5, -151.5, 0, 273.4999999999961, -215.4999999999945, 0, 0, 0, 0, 0, 0, -151.5, 0, 0, 0, 0, 0, 0, 0, 0, 0, 0, -151.5, 0, 0, 0, 0, 0, 0, 0, 0, 1111, 0, -151.5, 0, 0, -151.5, 0, 0, 0, -151.5, 0, 0, 0, 0, -151.5, 959.5, 0, 0, 0, 0, 0, 0, 0, 0, 0, 0, -151.5, 0, 0, 0, 0, 0, -151.5, 0, -151.5, 0, 0, 0, 0, -151.5, 0, 0, 0, 0, -303.0, 0, 0, 0, 0, 0, 0, -151.5, 0, 0, 0, 0, -151.5, 0, -151.5, 0, 0, 0, 0, 0, 959.5, 0, 0, 0, 0, 0, 1111, 0, 0, 0, 0, 0, 0, -303.0, 0, 0, 0, 1111, 0, 0, -151.5, 0, 0, 0, 0, 0, -151.5, 0, -303.0, 0, -15.499999999961005, 0, 0, 0, 0, 0, 0, 0, 0, 0, -151.5, -151.5, 0, 0, 0, 0, 0, 1111, -151.5, 0, 0, 0, 0, 0, 0, 0, 0, 0, 0, 0, -151.5, 0, 0, 0, 0, 0, -151.5, 0, 0, 0, 0, 1111, 0, 0, 0, 0, 0, 0, 0, 0, 0, 0, -151.5, 0, 0, 0, 1111, 0, -151.5, 0, -151.5, 0, 0, 0, 0, 0, 0, 0, 0, 0, -454.5, -454.5, 0, 0, 0, 0, 0, -151.5, 0, 0, -151.5, 0, -303.0, 0, 0, 0, 0, 0, 0, 0, 0, 0, 0, 0, -303.0, 0, 0, 0, 0, 0, 0, 0, 0, 0, 0, 0, -151.5, 0, 0, 0, 0, 0, 0, -151.5, 0, 0, 0, 0, 0, -151.5, 0, 0, 0, 0, 0, 0, 0, 0, 672.0000000000339, 0, 0, 0, 0, -151.5, -303.0, 0, -151.5, 0, 0, 0, 461.0000000000032, 0, 0]
Sharpe Ratio: 0.039
Annualized Sharpe: 0.618
Sharpe 95% CI: (np.float64(-1.528), np.float64(2.151))
Daily Win Rate (%): 20.75
Max Drawdown: -2575.5
Profit Factor: 1.28
Expectancy: 8.155
Total Trades: 268

Rolling 5 - Variant 5 - 10_9 - Test Metrics
Returns: [434.4999999999894, 0, 0, 0, 0, -26.50000000002638, 0, 0, 959.5, -151.5, 0, 1258.0000000000489, 0, 0, 0, 0, 0, 0, 0, -151.5, -151.5, 0, 0, 0, -151.5, 0, 0, 109.4999999999697, 0, 0, 0, 0, 0, 0, 0, 0, 0, 835.9999999999619, 0, 0, 0, 0, 0, 0]
Sharpe Ratio: 0.243
Annualized Sharpe: 3.864
Sharpe 95% CI: (np.float64(-0.359), np.float64(6.591))
Daily Win Rate (%): 50.0
Max Drawdown: -454.5
Profit Factor: 5.688
Expectancy: 67.386
Total Trades: 44



Rolling 5 - Variant 6 - 10_11 - Fit Metrics
Returns: [-151.5, -151.5, 0, 273.4999999999961, -215.4999999999945, 0, 0, 0, 0, 0, 0, -151.5, 0, 0, 0, 0, 0, 0, 0, 0, 0, 0, -151.5, 0, 0, 0, 0, 0, 0, 0, 0, 1361, 0, -151.5, 0, 0, -151.5, 0, 0, 0, -151.5, 0, 0, 0, 0, -151.5, 909.5000000000482, 0, 0, 0, 0, 0, 0, 0, 0, 0, 0, -151.5, 0, 0, 0, 0, 0, -151.5, 0, -151.5, 0, 0, 0, 0, -151.5, 0, 0, 0, 0, -303.0, 0, 0, 0, 0, 0, 0, -151.5, 0, 0, 0, 0, -151.5, 0, -151.5, 0, 0, 0, 0, 0, 1209.5, 0, 0, 0, 0, 0, 1361, 0, 0, 0, 0, 0, 0, -303.0, 0, 0, 0, 1361, 0, 0, -151.5, 0, 0, 0, 0, 0, -151.5, 0, -303.0, 0, -15.499999999961005, 0, 0, 0, 0, 0, 0, 0, 0, 0, -151.5, -151.5, 0, 0, 0, 0, 0, 1361, -151.5, 0, 0, 0, 0, 0, 0, 0, 0, 0, 0, 0, -151.5, 0, 0, 0, 0, 0, -151.5, 0, 0, 0, 0, -151.5, 0, 0, 0, 0, 0, 0, 0, 0, 0, 0, -151.5, 0, 0, 0, 1361, 0, -151.5, 0, -151.5, 0, 0, 0, 0, 0, 0, 0, 0, 0, -454.5, -454.5, 0, 0, 0, 0, 0, -151.5, 0, 0, -151.5, 0, -303.0, 0, 0, 0, 0, 0, 0, 0, 0, 0, 0, 0, -303.0, 0, 0, 0, 0, 0, 0, 0, 0, 0, 0, 0, -151.5, 0, 0, 0, 0, 0, 0, -151.5, 0, 0, 0, 0, 0, -151.5, 0, 0, 0, 0, 0, 0, 0, 0, 672.0000000000339, 0, 0, 0, 0, -151.5, -303.0, 0, -151.5, 0, 0, 0, 461.0000000000032, 0, 0]
Sharpe Ratio: 0.039
Annualized Sharpe: 0.613
Sharpe 95% CI: (np.float64(-1.611), np.float64(2.154))
Daily Win Rate (%): 18.87
Max Drawdown: -2575.5
Profit Factor: 1.298
Expectancy: 8.854
Total Trades: 268

Rolling 5 - Variant 6 - 10_11 - Test Metrics
Returns: [434.4999999999894, 0, 0, 0, 0, -26.50000000002638, 0, 0, 1209.5, -151.5, 0, 1008.000000000008, 0, 0, 0, 0, 0, 0, 0, -151.5, -151.5, 0, 0, 0, -151.5, 0, 0, 109.4999999999697, 0, 0, 0, 0, 0, 0, 0, 0, 0, 835.9999999999619, 0, 0, 0, 0, 0, 0]
Sharpe Ratio: 0.244
Annualized Sharpe: 3.878
Sharpe 95% CI: (np.float64(-0.257), np.float64(6.611))
Daily Win Rate (%): 50.0
Max Drawdown: -454.5
Profit Factor: 5.688
Expectancy: 67.386
Total Trades: 44



Rolling 5 - Variant 7 - 10_5 - Fit Metrics
Returns: [-151.5, -151.5, 0, 273.4999999999961, -215.4999999999945, 0, 0, 0, 0, 0, 0, -151.5, 0, 0, 0, 0, 0, 0, 0, 0, 0, 0, -151.5, 0, 0, 0, 0, 0, 0, 0, 0, 611, 0, -151.5, 0, 0, -151.5, 0, 0, 0, -151.5, 0, 0, 0, 0, -151.5, 459.5, 0, 0, 0, 0, 0, 0, 0, 0, 0, 0, -151.5, 0, 0, 0, 0, 0, 611, 0, -151.5, 0, 0, 0, 0, -151.5, 0, 0, 0, 0, -303.0, 0, 0, 0, 0, 0, 0, -151.5, 0, 0, 0, 0, -151.5, 0, 611, 0, 0, 0, 0, 0, 459.5, 0, 0, 0, 0, 0, 611, 0, 0, 0, 0, 0, 0, -303.0, 0, 0, 0, 611, 0, 0, -151.5, 0, 0, 0, 0, 0, -151.5, 0, -303.0, 0, 747.000000000039, 0, 0, 0, 0, 0, 0, 0, 0, 0, -151.5, -151.5, 0, 0, 0, 0, 0, 611, -151.5, 0, 0, 0, 0, 0, 0, 0, 0, 0, 0, 0, -151.5, 0, 0, 0, 0, 0, 611, 0, 0, 0, 0, 611, 0, 0, 0, 0, 0, 0, 0, 0, 0, 0, -151.5, 0, 0, 0, 611, 0, -151.5, 0, -151.5, 0, 0, 0, 0, 0, 0, 0, 0, 0, -454.5, -454.5, 0, 0, 0, 0, 0, -151.5, 0, 0, -151.5, 0, -303.0, 0, 0, 0, 0, 0, 0, 0, 0, 0, 0, 0, -303.0, 0, 0, 0, 0, 0, 0, 0, 0, 0, 0, 0, -151.5, 0, 0, 0, 0, 0, 0, -151.5, 0, 0, 0, 0, 0, -151.5, 0, 0, 0, 0, 0, 0, 0, 0, 809.5000000000043, 0, 0, 0, 0, -151.5, -303.0, 0, -151.5, 0, 0, 0, 461.0000000000032, 0, 0]
Sharpe Ratio: 0.032
Annualized Sharpe: 0.504
Sharpe 95% CI: (np.float64(-1.554), np.float64(2.174))
Daily Win Rate (%): 28.3
Max Drawdown: -2575.5
Profit Factor: 1.187
Expectancy: 5.123
Total Trades: 268

Rolling 5 - Variant 7 - 10_5 - Test Metrics
Returns: [459.5, 0, 0, 0, 0, -26.50000000002638, 0, 0, 459.5, -151.5, 0, 758.0000000000489, 0, 0, 0, 0, 0, 0, 0, -151.5, -151.5, 0, 0, 0, -151.5, 0, 0, 459.5, 0, 0, 0, 0, 0, 0, 0, 0, 0, 611, 0, 0, 0, 0, 0, 0]
Sharpe Ratio: 0.251
Annualized Sharpe: 3.991
Sharpe 95% CI: (np.float64(-0.332), np.float64(7.098))
Daily Win Rate (%): 50.0
Max Drawdown: -454.5
Profit Factor: 4.344
Expectancy: 48.068
Total Trades: 44



Rolling 5 - Variant 8 - 10_10 - Fit Metrics
Returns: [-151.5, -151.5, 0, 273.4999999999961, -215.4999999999945, 0, 0, 0, 0, 0, 0, -151.5, 0, 0, 0, 0, 0, 0, 0, 0, 0, 0, -151.5, 0, 0, 0, 0, 0, 0, 0, 0, 1236, 0, -151.5, 0, 0, -151.5, 0, 0, 0, -151.5, 0, 0, 0, 0, -151.5, 1084.5, 0, 0, 0, 0, 0, 0, 0, 0, 0, 0, -151.5, 0, 0, 0, 0, 0, -151.5, 0, -151.5, 0, 0, 0, 0, -151.5, 0, 0, 0, 0, -303.0, 0, 0, 0, 0, 0, 0, -151.5, 0, 0, 0, 0, -151.5, 0, -151.5, 0, 0, 0, 0, 0, 1084.5, 0, 0, 0, 0, 0, 1236, 0, 0, 0, 0, 0, 0, -303.0, 0, 0, 0, 1236, 0, 0, -151.5, 0, 0, 0, 0, 0, -151.5, 0, -303.0, 0, -15.499999999961005, 0, 0, 0, 0, 0, 0, 0, 0, 0, -151.5, -151.5, 0, 0, 0, 0, 0, 1236, -151.5, 0, 0, 0, 0, 0, 0, 0, 0, 0, 0, 0, -151.5, 0, 0, 0, 0, 0, -151.5, 0, 0, 0, 0, -151.5, 0, 0, 0, 0, 0, 0, 0, 0, 0, 0, -151.5, 0, 0, 0, 1236, 0, -151.5, 0, -151.5, 0, 0, 0, 0, 0, 0, 0, 0, 0, -454.5, -454.5, 0, 0, 0, 0, 0, -151.5, 0, 0, -151.5, 0, -303.0, 0, 0, 0, 0, 0, 0, 0, 0, 0, 0, 0, -303.0, 0, 0, 0, 0, 0, 0, 0, 0, 0, 0, 0, -151.5, 0, 0, 0, 0, 0, 0, -151.5, 0, 0, 0, 0, 0, -151.5, 0, 0, 0, 0, 0, 0, 0, 0, 672.0000000000339, 0, 0, 0, 0, -151.5, -303.0, 0, -151.5, 0, 0, 0, 461.0000000000032, 0, 0]
Sharpe Ratio: 0.031
Annualized Sharpe: 0.492
Sharpe 95% CI: (np.float64(-1.795), np.float64(2.064))
Daily Win Rate (%): 18.87
Max Drawdown: -2575.5
Profit Factor: 1.226
Expectancy: 6.709
Total Trades: 268

Rolling 5 - Variant 8 - 10_10 - Test Metrics
Returns: [434.4999999999894, 0, 0, 0, 0, -26.50000000002638, 0, 0, 1084.5, -151.5, 0, 1008.000000000008, 0, 0, 0, 0, 0, 0, 0, -151.5, -151.5, 0, 0, 0, -151.5, 0, 0, 109.4999999999697, 0, 0, 0, 0, 0, 0, 0, 0, 0, 835.9999999999619, 0, 0, 0, 0, 0, 0]
Sharpe Ratio: 0.244
Annualized Sharpe: 3.878
Sharpe 95% CI: (np.float64(-0.292), np.float64(6.651))
Daily Win Rate (%): 50.0
Max Drawdown: -454.5
Profit Factor: 5.49
Expectancy: 64.545
Total Trades: 44



Rolling 5 - Variant 9 - 10_3 - Fit Metrics
Returns: [361, -151.5, 0, 273.4999999999961, -215.4999999999945, 0, 0, 0, 0, 0, 0, -151.5, 0, 0, 0, 0, 0, 0, 0, 0, 0, 0, -151.5, 0, 0, 0, 0, 0, 0, 0, 0, 361, 0, -151.5, 0, 0, -151.5, 0, 0, 0, -151.5, 0, 0, 0, 0, 361, 209.5, 0, 0, 0, 0, 0, 0, 0, 0, 0, 0, -151.5, 0, 0, 0, 0, 0, 361, 0, -151.5, 0, 0, 0, 0, -151.5, 0, 0, 0, 0, -303.0, 0, 0, 0, 0, 0, 0, -151.5, 0, 0, 0, 0, -151.5, 0, 361, 0, 0, 0, 0, 0, 209.5, 0, 0, 0, 0, 0, 361, 0, 0, 0, 0, 0, 0, -303.0, 0, 0, 0, 361, 0, 0, -151.5, 0, 0, 0, 0, 0, -151.5, 0, -303.0, 0, 497.000000000039, 0, 0, 0, 0, 0, 0, 0, 0, 0, 361, -151.5, 0, 0, 0, 0, 0, 361, -151.5, 0, 0, 0, 0, 0, 0, 0, 0, 0, 0, 0, -151.5, 0, 0, 0, 0, 0, 361, 0, 0, 0, 0, 361, 0, 0, 0, 0, 0, 0, 0, 0, 0, 0, 361, 0, 0, 0, 361, 0, -151.5, 0, -151.5, 0, 0, 0, 0, 0, 0, 0, 0, 0, -454.5, -454.5, 0, 0, 0, 0, 0, -151.5, 0, 0, -151.5, 0, -303.0, 0, 0, 0, 0, 0, 0, 0, 0, 0, 0, 0, 209.5, 0, 0, 0, 0, 0, 0, 0, 0, 0, 0, 0, -151.5, 0, 0, 0, 0, 0, 0, -151.5, 0, 0, 0, 0, 0, -151.5, 0, 0, 0, 0, 0, 0, 0, 0, 722, 0, 0, 0, 0, -151.5, -303.0, 0, -151.5, 0, 0, 0, 361, 0, 0]
Sharpe Ratio: 0.022
Annualized Sharpe: 0.35
Sharpe 95% CI: (np.float64(-1.593), np.float64(2.103))
Daily Win Rate (%): 37.74
Max Drawdown: -2063.0
Profit Factor: 1.116
Expectancy: 2.791
Total Trades: 268

Rolling 5 - Variant 9 - 10_3 - Test Metrics
Returns: [209.5, 0, 0, 0, 0, -26.50000000002638, 0, 0, 209.5, -151.5, 0, 570.5, 0, 0, 0, 0, 0, 0, 0, -151.5, -151.5, 0, 0, 0, -151.5, 0, 0, 209.5, 0, 0, 0, 0, 0, 0, 0, 0, 0, 361, 0, 0, 0, 0, 0, 0]
Sharpe Ratio: 0.17
Annualized Sharpe: 2.7
Sharpe 95% CI: (np.float64(-2.581), np.float64(6.095))
Daily Win Rate (%): 50.0
Max Drawdown: -454.5
Profit Factor: 2.466
Expectancy: 21.08
Total Trades: 44

